{
  "cfg": {
    "lr": 0.05,
    "iters": 1500,
    "restarts": 6,
    "beta0": 12.0,
    "temp0": 0.1,
    "anneal": false,
    "wd": 0.0,
    "field_offset": 1,
    "max_turn": 1.0,
    "n_per_frame": 300,
    "sched": "cos",
    "max_frames": 40
  },
  "u_recovered": [
    0.8513159751892089,
    0.9846849867275783,
    0.4661574947990869,
    0.5965839156944452,
    0.25666517689824103,
    0.14433661699295045,
    0.9966726603370223,
    0.3275393545627594
  ],
  "u_true": [
    0.8514916839374,
    0.9912589397960874,
    0.4664336172856137,
    0.5965839156944452,
    0.25666517339604755,
    0.16744701509497184,
    0.876583319864831,
    0.1816219488779911
  ]
}