{
  "mixture": {
    "turn_speed": [
      0.1154592576364982,
      0.06369649467699762
    ],
    "sensor_angle": [
      0.17922421932155055,
      0.15544750698453846
    ],
    "sensor_dist": [
      0.21593267981106887,
      0.15595849895187805
    ]
  },
  "margin": {
    "turn_speed": [
      0.36912422964364106,
      0.28372393555382913
    ],
    "sensor_angle": [
      0.4984035395844016,
      0.3243075867204007
    ],
    "sensor_dist": [
      0.1373589719001292,
      0.07390042457872112
    ]
  }
}