{
  "target": 4,
  "u_true": [
    0.8514916839374,
    0.9912589397960874,
    0.4664336172856137,
    0.5965839156944452,
    0.25666517339604755,
    0.16744701509497184,
    0.876583319864831,
    0.1816219488779911
  ],
  "ucb_u": [
    0.75,
    0.25,
    0.75,
    0.25,
    0.25,
    0.25,
    0.75,
    0.25
  ],
  "u_gd_full": [
    0.8513659834861755,
    0.9865289926528931,
    0.46623292565345764,
    0.5965839156944452,
    0.25666517689824103,
    0.16744701509497184,
    0.876583319864831,
    0.1816219488779911
  ],
  "fit_idx": [
    0,
    1,
    2,
    4
  ]
}