{
  "target": 4,
  "u_true": [
    0.8514916839374,
    0.9912589397960874,
    0.4664336172856137,
    0.5965839156944452,
    0.25666517339604755,
    0.16744701509497184,
    0.876583319864831,
    0.1816219488779911
  ],
  "ucb_u": [
    0.75,
    0.25,
    0.75,
    0.25,
    0.25,
    0.25,
    0.75,
    0.25
  ],
  "u_gd_full": [
    0.8513660005160739,
    0.986529005425317,
    0.4662339000129386,
    0.5965839156944452,
    0.25666517689824103,
    0.25929806232452396,
    0.17147120778262226,
    0.14505994745663234
  ]
}