{"u_true": [0.8514916839374, 0.9912589397960874, 0.4664336172856137, 0.5965839156944452, 0.25666517339604755, 0.16744701509497184, 0.876583319864831, 0.1816219488779911], "u_rec": [0.7571196683815546, 0.2349773656044687, 0.737240987780847, 0.5965839156944452, 0.25666517339604755, 0.11282709836959838, 0.7344450129238317, 0.2936433638845171]}