{
  "one_step": {
    "sensor_angle": 0.35382669753094587,
    "turn_speed": 0.24145536404166798,
    "sensor_dist": 0.18991589237138887
  },
  "rec_final_K6": {
    "sensor_angle": 0.1590460925997689,
    "turn_speed": 0.31877421681611334,
    "sensor_dist": 0.09509872158680194
  },
  "curric_K10": {
    "sensor_angle": 0.16411843292124792,
    "turn_speed": 0.3699734288584608,
    "sensor_dist": 0.17864293331503414
  },
  "curric_10_30_60": {
    "sensor_angle": 0.07925957931972348,
    "turn_speed": 0.2846233127645073,
    "sensor_dist": 0.1430158711930071
  },
  "curric_10_30_60_100": {
    "sensor_angle": 0.11799985937196017,
    "turn_speed": 0.2036538412094032,
    "sensor_dist": 0.15004051368701066
  }
}