celltype_annotation,celltype_name,class,region,idx_in_type,x_nm,y_nm,z_nm
celltype1,PRC,Sensory neuron,visual system,0,105850.2,38561.0,33700.0
celltype1,PRC,Sensory neuron,visual system,1,105565.2,46097.6,31600.0
celltype1,PRC,Sensory neuron,visual system,2,103127.2,47550.0,34000.0
celltype1,PRC,Sensory neuron,visual system,3,100255.2,54818.3,36480.0
celltype1,PRC,Sensory neuron,visual system,4,104141.8,50577.0,35300.0
celltype1,PRC,Sensory neuron,visual system,5,101554.7,46414.4,30680.0
celltype1,PRC,Sensory neuron,visual system,6,102726.8,40967.9,35320.0
celltype1,PRC,Sensory neuron,visual system,7,102397.1,44338.9,37320.0
celltype1,PRC,Sensory neuron,visual system,8,31218.5,51715.4,46040.0
celltype1,PRC,Sensory neuron,visual system,9,30920.8,55818.3,45240.0
celltype1,PRC,Sensory neuron,visual system,10,32614.4,54592.4,41200.0
celltype1,PRC,Sensory neuron,visual system,11,37085.8,51614.2,38120.0
celltype1,PRC,Sensory neuron,visual system,12,37391.7,55406.4,32160.0
celltype1,PRC,Sensory neuron,visual system,13,39495.8,59616.9,33480.0
celltype1,PRC,Sensory neuron,visual system,14,35906.4,58210.7,33440.0
celltype1,PRC,Sensory neuron,visual system,15,34302.4,53532.3,28720.0
celltype1,PRC,Sensory neuron,visual system,16,35670.0,45799.3,31920.0
celltype1,PRC,Sensory neuron,visual system,17,38328.5,48933.4,30560.0
celltype1,PRC,Sensory neuron,visual system,18,40429.5,52467.4,30560.0
celltype1,PRC,Sensory neuron,visual system,19,103106.3,44010.2,40480.0
celltype1,PRC,Sensory neuron,visual system,20,102816.0,43140.7,45680.0
celltype1,PRC,Sensory neuron,visual system,21,102514.6,39453.5,45920.0
celltype1,PRC,Sensory neuron,visual system,22,38561.0,49482.9,32960.0
celltype1,PRC,Sensory neuron,visual system,23,103291.7,42373.1,31760.0
celltype10,cMNPDF-vcl1,Interneuron,ciliomotor,0,112177.1,110692.2,36560.0
celltype100,hCR,Sensory neuron,dorsal sensory organ  antenna         mechanosensory girdle   descending,0,73273.0,92289.6,6000.0
celltype100,hCR,Sensory neuron,dorsal sensory organ  antenna         mechanosensory girdle   descending,1,48812.8,82581.7,10200.0
celltype100,hCR,Sensory neuron,dorsal sensory organ  antenna         mechanosensory girdle   descending,2,46417.8,60305.9,12840.0
celltype100,hCR,Sensory neuron,dorsal sensory organ  antenna         mechanosensory girdle   descending,3,48804.1,69073.2,6440.0
celltype100,hCR,Sensory neuron,dorsal sensory organ  antenna         mechanosensory girdle   descending,4,39327.4,60988.1,11200.0
celltype100,hCR,Sensory neuron,dorsal sensory organ  antenna         mechanosensory girdle   descending,5,65053.0,28305.6,25580.0
celltype100,hCR,Sensory neuron,dorsal sensory organ  antenna         mechanosensory girdle   descending,6,66459.6,29146.1,30200.0
celltype100,hCR,Sensory neuron,dorsal sensory organ  antenna         mechanosensory girdle   descending,7,79587.2,27958.1,30320.0
celltype100,hCR,Sensory neuron,dorsal sensory organ  antenna         mechanosensory girdle   descending,8,97658.3,60835.8,18520.0
celltype100,hCR,Sensory neuron,dorsal sensory organ  antenna         mechanosensory girdle   descending,9,56693.2,47596.3,10720.0
celltype100,hCR,Sensory neuron,dorsal sensory organ  antenna         mechanosensory girdle   descending,10,88074.1,48391.1,12480.0
celltype100,hCR,Sensory neuron,dorsal sensory organ  antenna         mechanosensory girdle   descending,11,96961.9,59143.4,8760.0
celltype100,hCR,Sensory neuron,dorsal sensory organ  antenna         mechanosensory girdle   descending,12,66444.5,23091.1,33628.8
celltype100,hCR,Sensory neuron,dorsal sensory organ  antenna         mechanosensory girdle   descending,13,63999.5,31906.3,31840.0
celltype100,hCR,Sensory neuron,dorsal sensory organ  antenna         mechanosensory girdle   descending,14,50703.4,69543.3,9720.0
celltype100,hCR,Sensory neuron,dorsal sensory organ  antenna         mechanosensory girdle   descending,15,78125.1,31710.1,29240.0
celltype100,hCR,Sensory neuron,dorsal sensory organ  antenna         mechanosensory girdle   descending,16,69124.1,73406.4,7160.0
celltype100,hCR,Sensory neuron,dorsal sensory organ  antenna         mechanosensory girdle   descending,17,103350.7,55776.0,14960.0
celltype100,hCR,Sensory neuron,dorsal sensory organ  antenna         mechanosensory girdle   descending,18,98543.8,78408.9,9480.0
celltype100,hCR,Sensory neuron,dorsal sensory organ  antenna         mechanosensory girdle   descending,19,72933.8,27080.1,31280.0
celltype100,hCR,Sensory neuron,dorsal sensory organ  antenna         mechanosensory girdle   descending,20,84186.9,90675.3,5640.0
celltype100,hCR,Sensory neuron,dorsal sensory organ  antenna         mechanosensory girdle   descending,21,72048.4,26846.7,28000.0
celltype100,hCR,Sensory neuron,dorsal sensory organ  antenna         mechanosensory girdle   descending,22,78935.7,69948.1,6760.0
celltype100,hCR,Sensory neuron,dorsal sensory organ  antenna         mechanosensory girdle   descending,23,93537.2,69685.9,8480.0
celltype101,ventralpygCR,Sensory neuron,ventral nerve cord peripheral NS  mechanosensory girdle,0,50233.1,126480.9,171200.0
celltype101,ventralpygCR,Sensory neuron,ventral nerve cord peripheral NS  mechanosensory girdle,1,59817.2,131224.5,172920.0
celltype101,ventralpygCR,Sensory neuron,ventral nerve cord peripheral NS  mechanosensory girdle,2,56713.1,123492.7,176040.0
celltype101,ventralpygCR,Sensory neuron,ventral nerve cord peripheral NS  mechanosensory girdle,3,55111.1,126172.1,175600.0
celltype101,ventralpygCR,Sensory neuron,ventral nerve cord peripheral NS  mechanosensory girdle,4,60581.7,120757.8,178280.0
celltype101,ventralpygCR,Sensory neuron,ventral nerve cord peripheral NS  mechanosensory girdle,5,62853.3,121763.5,180520.0
celltype101,ventralpygCR,Sensory neuron,ventral nerve cord peripheral NS  mechanosensory girdle,6,52048.8,105725.9,183200.0
celltype101,ventralpygCR,Sensory neuron,ventral nerve cord peripheral NS  mechanosensory girdle,7,40183.1,118140.5,174160.0
celltype101,ventralpygCR,Sensory neuron,ventral nerve cord peripheral NS  mechanosensory girdle,8,44557.9,110448.2,179000.0
celltype101,ventralpygCR,Sensory neuron,ventral nerve cord peripheral NS  mechanosensory girdle,9,34745.8,107807.7,39880.0
celltype101,ventralpygCR,Sensory neuron,ventral nerve cord peripheral NS  mechanosensory girdle,10,36080.7,100525.4,160920.0
celltype101,ventralpygCR,Sensory neuron,ventral nerve cord peripheral NS  mechanosensory girdle,11,49538.0,129174.7,170960.0
celltype101,ventralpygCR,Sensory neuron,ventral nerve cord peripheral NS  mechanosensory girdle,12,73971.1,98499.6,166560.0
celltype101,ventralpygCR,Sensory neuron,ventral nerve cord peripheral NS  mechanosensory girdle,13,117336.7,96020.5,41560.0
celltype101,ventralpygCR,Sensory neuron,ventral nerve cord peripheral NS  mechanosensory girdle,14,115064.7,99436.2,42400.0
celltype101,ventralpygCR,Sensory neuron,ventral nerve cord peripheral NS  mechanosensory girdle,15,31280.1,103287.6,36280.0
celltype101,ventralpygCR,Sensory neuron,ventral nerve cord peripheral NS  mechanosensory girdle,16,21676.4,103708.2,124080.0
celltype101,ventralpygCR,Sensory neuron,ventral nerve cord peripheral NS  mechanosensory girdle,17,115923.9,93142.7,87200.0
celltype101,ventralpygCR,Sensory neuron,ventral nerve cord peripheral NS  mechanosensory girdle,18,109302.7,87213.3,122080.0
celltype101,ventralpygCR,Sensory neuron,ventral nerve cord peripheral NS  mechanosensory girdle,19,41183.7,109751.1,178360.0
celltype101,ventralpygCR,Sensory neuron,ventral nerve cord peripheral NS  mechanosensory girdle,20,34072.7,96982.7,75800.0
celltype102,doCRunp,Sensory neuron,peripheral NS  mechanosensory girdle,0,74430.9,11844.6,79680.0
celltype103,SN-DLSO1.0,Sensory neuron,,0,85414.0,22176.1,33160.0
celltype103,SN-DLSO1.0,Sensory neuron,,1,52449.7,26575.9,35160.0
celltype104,INdc,Interneuron,dorsolateral interneuron cluster,0,87935.1,42694.3,36240.0
celltype104,INdc,Interneuron,dorsolateral interneuron cluster,1,86471.5,34370.3,38040.0
celltype104,INdc,Interneuron,dorsolateral interneuron cluster,2,59321.8,44923.9,18720.0
celltype104,INdc,Interneuron,dorsolateral interneuron cluster,3,61717.2,40739.4,17640.0
celltype104,INdc,Interneuron,dorsolateral interneuron cluster,4,84043.2,41331.4,14880.0
celltype104,INdc,Interneuron,dorsolateral interneuron cluster,5,61079.9,41666.6,34440.0
celltype105,INbackcross,Interneuron,ciliomotor  peripheral NS,0,35522.5,66876.1,148360.0
celltype105,INbackcross,Interneuron,ciliomotor  peripheral NS,1,109832.1,46281.0,87360.0
celltype105,INbackcross,Interneuron,ciliomotor  peripheral NS,2,96825.7,52124.6,106840.0
celltype105,INbackcross,Interneuron,ciliomotor  peripheral NS,3,32165.6,56164.9,80520.0
celltype105,INbackcross,Interneuron,ciliomotor  peripheral NS,4,42271.6,58726.8,104680.0
celltype105,INbackcross,Interneuron,ciliomotor  peripheral NS,5,70900.0,62402.1,155520.0
celltype106,MNcommUpL,Motoneuron,ventral nerve cord,0,65813.1,119579.6,94800.0
celltype106,MNcommUpL,Motoneuron,ventral nerve cord,1,85891.5,128580.3,129880.0
celltype106,MNcommUpL,Motoneuron,ventral nerve cord,2,97359.0,122578.6,90960.0
celltype106,MNcommUpL,Motoneuron,ventral nerve cord,3,59468.8,126278.0,125280.0
celltype107,MNob-ipsi,Motoneuron,ventral nerve cord,0,63859.1,139284.1,139000.0
celltype107,MNob-ipsi,Motoneuron,ventral nerve cord,1,96738.0,123781.9,89080.0
celltype107,MNob-ipsi,Motoneuron,ventral nerve cord,2,64044.7,127287.6,94320.0
celltype107,MNob-ipsi,Motoneuron,ventral nerve cord,3,77979.0,134749.9,136120.0
celltype108,INbiaxLeg,Interneuron,ventral nerve cord,0,99081.7,142913.6,112520.0
celltype108,INbiaxLeg,Interneuron,ventral nerve cord,1,54342.7,146282.5,110480.0
celltype108,INbiaxLeg,Interneuron,ventral nerve cord,2,102021.7,141022.0,107640.0
celltype109,INbiaxH,Interneuron,ventral nerve cord,0,87071.3,134402.8,104440.0
celltype109,INbiaxH,Interneuron,ventral nerve cord,1,88674.5,125477.4,72360.0
celltype109,INbiaxH,Interneuron,ventral nerve cord,2,74862.7,125230.3,76880.0
celltype109,INbiaxH,Interneuron,ventral nerve cord,3,71244.0,134473.4,106480.0
celltype109,INbiaxH,Interneuron,ventral nerve cord,4,82275.6,130354.9,104520.0
celltype11,cMNATO,Interneuron,ciliomotor,0,43113.6,117244.6,34180.0
celltype110,SN-NS1,Sensory neuron,mushroom body,0,99078.6,76534.0,17280.0
celltype110,SN-NS1,Sensory neuron,mushroom body,1,51673.1,80076.3,15320.0
celltype111,SN-NS3,Sensory neuron,apical organ,0,74383.0,36967.4,21280.0
celltype111,SN-NS3,Sensory neuron,apical organ,1,67003.3,40657.5,19760.0
celltype112,SN-NS4,Sensory neuron,apical organ,0,66416.1,32153.0,21200.0
celltype113,SN-NS15,Sensory neuron,apical organ,0,89702.1,38175.9,17600.0
celltype113,SN-NS15,Sensory neuron,apical organ,1,53054.8,44482.1,17120.0
celltype114,SNaant,Sensory neuron,central brain,0,85095.5,88455.6,8880.0
celltype114,SNaant,Sensory neuron,central brain,1,89458.3,92160.9,7800.0
celltype114,SNaant,Sensory neuron,central brain,2,89044.5,89172.1,6720.0
celltype114,SNaant,Sensory neuron,central brain,3,92671.3,88207.8,4120.0
celltype114,SNaant,Sensory neuron,central brain,4,67235.3,87551.1,6520.0
celltype114,SNaant,Sensory neuron,central brain,5,65190.6,93056.8,6280.0
celltype114,SNaant,Sensory neuron,central brain,6,62251.9,88496.4,7240.0
celltype114,SNaant,Sensory neuron,central brain,7,61277.9,80082.0,3120.0
celltype114,SNaant,Sensory neuron,central brain,8,58061.6,88968.2,3960.0
celltype115,SNPDF-pyg,Sensory neuron,ventral nerve cord   mechanosensory girdle,0,44096.3,124790.8,170659.9
celltype115,SNPDF-pyg,Sensory neuron,ventral nerve cord   mechanosensory girdle,1,65705.3,118585.8,176040.0
celltype116,INfoot,Interneuron,dorsolateral interneuron cluster,0,57071.2,58925.7,14800.0
celltype116,INfoot,Interneuron,dorsolateral interneuron cluster,1,94433.8,60248.4,23200.0
celltype116,INfoot,Interneuron,dorsolateral interneuron cluster,2,90762.6,56072.7,15840.0
celltype116,INfoot,Interneuron,dorsolateral interneuron cluster,3,53251.5,62306.3,21680.0
celltype117,INW,Interneuron,central brain   decussating,0,68527.7,81280.7,10400.0
celltype117,INW,Interneuron,central brain   decussating,1,66197.9,74435.8,10480.0
celltype117,INW,Interneuron,central brain   decussating,2,84707.6,71499.6,13440.0
celltype117,INW,Interneuron,central brain   decussating,3,81328.0,80935.3,11040.0
celltype117,INW,Interneuron,central brain   decussating,4,81715.9,76266.7,10200.0
celltype118,INmidL,Interneuron,central brain,0,70797.4,75787.3,10000.0
celltype118,INmidL,Interneuron,central brain,1,71402.1,79783.8,10680.0
celltype118,INmidL,Interneuron,central brain,2,77877.6,78327.8,10560.0
celltype118,INmidL,Interneuron,central brain,3,78630.8,73709.1,10760.0
celltype119,INhook,Interneuron,dorsolateral interneuron cluster,0,56245.5,50395.6,21000.0
celltype119,INhook,Interneuron,dorsolateral interneuron cluster,1,85621.7,52412.9,22160.0
celltype12,cMNdc,Interneuron,ciliomotor,0,70478.2,11419.0,50960.0
celltype120,INMBtype6,Interneuron,mushroom body,0,39405.3,77246.6,29000.0
celltype120,INMBtype6,Interneuron,mushroom body,1,33061.9,76639.7,28940.0
celltype120,INMBtype6,Interneuron,mushroom body,2,36539.5,71244.1,20920.0
celltype120,INMBtype6,Interneuron,mushroom body,3,107154.2,56639.9,37640.0
celltype120,INMBtype6,Interneuron,mushroom body,4,109034.6,69647.0,29600.0
celltype120,INMBtype6,Interneuron,mushroom body,5,103787.7,51776.5,29720.0
celltype120,INMBtype6,Interneuron,mushroom body,6,104961.5,70663.4,21120.0
celltype120,INMBtype6,Interneuron,mushroom body,7,34186.4,65504.0,38300.0
celltype121,INMBtype5,Interneuron,mushroom body,0,111241.9,71836.5,31480.0
celltype121,INMBtype5,Interneuron,mushroom body,1,36598.6,79806.1,30280.0
celltype122,INMBtype7,Interneuron,mushroom body,0,100556.7,67320.5,27880.0
celltype122,INMBtype7,Interneuron,mushroom body,1,44851.8,73251.9,22960.0
celltype122,INMBtype7,Interneuron,mushroom body,2,101899.7,55471.8,30139.7
celltype122,INMBtype7,Interneuron,mushroom body,3,36721.6,60109.9,27920.0
celltype123,INcross,Interneuron,central brain   decussating,0,98171.8,75474.0,22600.0
celltype123,INcross,Interneuron,central brain   decussating,1,91304.6,75126.4,17000.0
celltype123,INcross,Interneuron,central brain   decussating,2,96934.3,71802.5,22360.0
celltype123,INcross,Interneuron,central brain   decussating,3,61994.2,72526.7,10320.0
celltype123,INcross,Interneuron,central brain   decussating,4,96181.9,77068.7,20440.0
celltype123,INcross,Interneuron,central brain   decussating,5,89021.2,78556.6,12920.0
celltype123,INcross,Interneuron,central brain   decussating,6,48339.2,78428.9,19680.0
celltype124,INpro,Interneuron,central brain   decussating,0,97621.7,83348.6,17120.0
celltype124,INpro,Interneuron,central brain   decussating,1,50344.9,87081.2,13960.0
celltype124,INpro,Interneuron,central brain   decussating,2,57292.7,82482.0,18000.0
celltype124,INpro,Interneuron,central brain   decussating,3,90425.5,80232.1,18720.0
celltype124,INpro,Interneuron,central brain   decussating,4,88030.9,74605.3,14400.0
celltype124,INpro,Interneuron,central brain   decussating,5,52164.8,80824.7,20000.0
celltype124,INpro,Interneuron,central brain   decussating,6,62861.5,76609.4,11880.0
celltype124,INpro,Interneuron,central brain   decussating,7,93683.5,75534.2,18880.0
celltype124,INpro,Interneuron,central brain   decussating,8,58399.3,71350.7,17000.0
celltype124,INpro,Interneuron,central brain   decussating,9,86196.8,69720.0,16040.0
celltype124,INpro,Interneuron,central brain   decussating,10,58535.4,76894.7,16200.0
celltype124,INpro,Interneuron,central brain   decussating,11,88043.1,74270.8,17760.0
celltype125,INproT2,Interneuron,central brain   decussating,0,66989.8,96314.8,13040.0
celltype125,INproT2,Interneuron,central brain   decussating,1,85272.0,89307.2,14600.0
celltype125,INproT2,Interneuron,central brain   decussating,2,65807.6,85126.0,15200.0
celltype125,INproT2,Interneuron,central brain   decussating,3,85133.0,95820.3,20440.0
celltype126,INpear,Interneuron,dorsolateral interneuron cluster,0,79913.5,42148.8,23280.0
celltype126,INpear,Interneuron,dorsolateral interneuron cluster,1,63765.7,45297.3,24920.0
celltype126,INpear,Interneuron,dorsolateral interneuron cluster,2,77523.3,35274.2,23680.0
celltype126,INpear,Interneuron,dorsolateral interneuron cluster,3,64723.3,40513.0,24800.0
celltype127,INZ,Interneuron,dorsolateral interneuron cluster,0,59509.5,46046.1,25440.0
celltype127,INZ,Interneuron,dorsolateral interneuron cluster,1,87673.0,50676.1,24800.0
celltype127,INZ,Interneuron,dorsolateral interneuron cluster,2,52646.4,50575.9,20920.0
celltype127,INZ,Interneuron,dorsolateral interneuron cluster,3,82259.5,41774.4,24400.0
celltype128,MNpostv,Motoneuron,ventral nerve cord,0,66451.5,138733.0,137300.0
celltype128,MNpostv,Motoneuron,ventral nerve cord,1,73955.4,133650.2,97600.0
celltype128,MNpostv,Motoneuron,ventral nerve cord,2,74392.6,135551.1,141160.0
celltype128,MNpostv,Motoneuron,ventral nerve cord,3,91278.0,135322.5,98600.0
celltype129,SN-NS22,Sensory neuron,apical organ,0,48821.1,46133.7,18880.0
celltype129,SN-NS22,Sensory neuron,apical organ,1,94119.5,44979.2,20720.0
celltype13,SNnuchPDF,Sensory neuron,nuchal organ,0,96877.5,46115.3,37280.0
celltype13,SNnuchPDF,Sensory neuron,nuchal organ,1,99495.2,50046.9,35120.0
celltype13,SNnuchPDF,Sensory neuron,nuchal organ,2,39512.1,47839.4,40760.0
celltype13,SNnuchPDF,Sensory neuron,nuchal organ,3,98329.5,41526.9,41320.0
celltype13,SNnuchPDF,Sensory neuron,nuchal organ,4,39133.6,58673.9,38160.0
celltype13,SNnuchPDF,Sensory neuron,nuchal organ,5,100832.4,49336.3,40640.0
celltype13,SNnuchPDF,Sensory neuron,nuchal organ,6,41819.0,55004.4,35160.0
celltype13,SNnuchPDF,Sensory neuron,nuchal organ,7,100449.5,47277.9,44680.0
celltype13,SNnuchPDF,Sensory neuron,nuchal organ,8,96004.4,40095.9,42880.0
celltype13,SNnuchPDF,Sensory neuron,nuchal organ,9,23063.5,65426.2,45240.0
celltype13,SNnuchPDF,Sensory neuron,nuchal organ,10,30300.0,63394.0,40960.0
celltype13,SNnuchPDF,Sensory neuron,nuchal organ,11,105356.4,53894.4,45020.0
celltype13,SNnuchPDF,Sensory neuron,nuchal organ,12,106624.2,52822.9,51160.0
celltype13,SNnuchPDF,Sensory neuron,nuchal organ,13,104797.2,55838.8,48320.0
celltype13,SNnuchPDF,Sensory neuron,nuchal organ,14,108839.0,52795.7,45920.0
celltype13,SNnuchPDF,Sensory neuron,nuchal organ,15,103252.8,43254.5,51640.0
celltype13,SNnuchPDF,Sensory neuron,nuchal organ,16,99131.8,40618.5,46320.0
celltype13,SNnuchPDF,Sensory neuron,nuchal organ,17,101663.0,35348.3,53440.0
celltype13,SNnuchPDF,Sensory neuron,nuchal organ,18,102068.8,32910.2,51680.0
celltype13,SNnuchPDF,Sensory neuron,nuchal organ,19,34152.0,45629.3,45240.0
celltype13,SNnuchPDF,Sensory neuron,nuchal organ,20,32843.1,46052.2,51880.0
celltype13,SNnuchPDF,Sensory neuron,nuchal organ,21,30528.6,65427.7,46240.0
celltype13,SNnuchPDF,Sensory neuron,nuchal organ,22,22251.3,67226.4,49280.0
celltype13,SNnuchPDF,Sensory neuron,nuchal organ,23,28945.9,60654.0,43800.0
celltype130,SN-NS5,Sensory neuron,apical organ,0,58369.5,41496.7,15460.6
celltype130,SN-NS5,Sensory neuron,apical organ,1,80114.9,39611.6,15320.0
celltype131,SN-NS17,Sensory neuron,mushroom body,0,101321.5,68608.4,21840.0
celltype131,SN-NS17,Sensory neuron,mushroom body,1,43010.4,74924.8,19760.0
celltype132,SN-YF5cil,Sensory neuron,apical organ,0,74784.1,40210.2,23520.0
celltype133,SN-NS19,Sensory neuron,mushroom body,0,114453.8,70209.1,28360.0
celltype133,SN-NS19,Sensory neuron,mushroom body,1,26702.3,78818.9,28280.0
celltype134,SN-NS20,Sensory neuron,apical organ,0,89175.0,52366.5,16080.0
celltype134,SN-NS20,Sensory neuron,apical organ,1,58969.2,56088.2,11480.0
celltype135,SN-NS6,Sensory neuron,apical organ,0,66424.0,48421.4,20800.0
celltype136,SN-NS29,Sensory neuron,apical organ,0,56075.2,64168.7,13520.0
celltype136,SN-NS29,Sensory neuron,apical organ,1,88538.1,66175.5,17360.0
celltype137,SN-NS27,Sensory neuron,mushroom body,0,49651.0,90944.9,18280.0
celltype137,SN-NS27,Sensory neuron,mushroom body,1,99503.6,87727.6,23120.0
celltype138,SN-NS18,Sensory neuron,mushroom body,0,31119.1,68503.3,32560.0
celltype138,SN-NS18,Sensory neuron,mushroom body,1,113064.2,57655.0,34320.0
celltype139,SN-NS16,Sensory neuron,apical organ,0,48305.9,45391.5,16660.0
celltype139,SN-NS16,Sensory neuron,apical organ,1,92614.0,40870.1,18280.0
celltype14,SNnuchNS,Sensory neuron,nuchal organ,0,24486.0,70080.6,48040.0
celltype14,SNnuchNS,Sensory neuron,nuchal organ,1,103953.8,48518.2,43520.0
celltype14,SNnuchNS,Sensory neuron,nuchal organ,2,32110.9,58923.0,42520.0
celltype140,INbigloop,Interneuron,mushroom body         descending,0,29235.9,71720.3,44600.0
celltype140,INbigloop,Interneuron,mushroom body         descending,1,30723.8,75423.2,42920.0
celltype140,INbigloop,Interneuron,mushroom body         descending,2,106689.4,66735.5,36020.0
celltype140,INbigloop,Interneuron,mushroom body         descending,3,105456.5,67775.2,38360.0
celltype141,SNadNS22,Sensory neuron,apical organ,0,44405.1,51706.6,20680.0
celltype141,SNadNS22,Sensory neuron,apical organ,1,96113.6,49901.0,22280.0
celltype142,Ser-tr1,Motoneuron,ciliomotor ventral nerve cord,0,71526.9,128723.7,66560.0
celltype142,Ser-tr1,Motoneuron,ciliomotor ventral nerve cord,1,89427.0,123955.5,64120.0
celltype143,SNFVa,Sensory neuron,ventral nerve cord   mechanosensory girdle,0,45890.0,116212.2,157760.0
celltype143,SNFVa,Sensory neuron,ventral nerve cord   mechanosensory girdle,1,69649.9,116427.6,165160.0
celltype143,SNFVa,Sensory neuron,ventral nerve cord   mechanosensory girdle,2,104163.3,115756.5,125440.0
celltype143,SNFVa,Sensory neuron,ventral nerve cord   mechanosensory girdle,3,36401.1,127056.1,121920.0
celltype144,INUturn,Interneuron,central brain  descending,0,48996.8,83364.8,21560.0
celltype144,INUturn,Interneuron,central brain  descending,1,97827.5,82058.9,24360.0
celltype145,INATOpyg,Interneuron,ventral nerve cord,0,57657.2,124011.2,162320.0
celltype145,INATOpyg,Interneuron,ventral nerve cord,1,53851.0,125756.5,164720.0
celltype146,INcomm-Upstairs,Interneuron,ventral nerve cord,0,51074.0,130012.8,158960.0
celltype146,INcomm-Upstairs,Interneuron,ventral nerve cord,1,49564.6,126341.2,153280.0
celltype146,INcomm-Upstairs,Interneuron,ventral nerve cord,2,66470.5,132038.2,167040.0
celltype146,INcomm-Upstairs,Interneuron,ventral nerve cord,3,66391.8,128564.9,167520.0
celltype146,INcomm-Upstairs,Interneuron,ventral nerve cord,4,68086.5,125172.9,163040.0
celltype146,INcomm-Upstairs,Interneuron,ventral nerve cord,5,68602.0,125821.2,165800.0
celltype146,INcomm-Upstairs,Interneuron,ventral nerve cord,6,47844.4,125213.6,157520.0
celltype146,INcomm-Upstairs,Interneuron,ventral nerve cord,7,48940.5,127766.0,158360.0
celltype146,INcomm-Upstairs,Interneuron,ventral nerve cord,8,81452.6,135533.1,140800.0
celltype146,INcomm-Upstairs,Interneuron,ventral nerve cord,9,57261.0,133546.6,160120.0
celltype146,INcomm-Upstairs,Interneuron,ventral nerve cord,10,59951.7,137028.6,136320.0
celltype146,INcomm-Upstairs,Interneuron,ventral nerve cord,11,49659.4,129704.4,155960.0
celltype146,INcomm-Upstairs,Interneuron,ventral nerve cord,12,58344.1,128846.4,156520.0
celltype147,INasc-pyg,Interneuron,ventral nerve cord   mechanosensory girdle,0,49001.1,128548.6,166080.0
celltype147,INasc-pyg,Interneuron,ventral nerve cord   mechanosensory girdle,1,47809.6,124483.6,168160.0
celltype147,INasc-pyg,Interneuron,ventral nerve cord   mechanosensory girdle,2,63149.7,124555.8,169560.0
celltype147,INasc-pyg,Interneuron,ventral nerve cord   mechanosensory girdle,3,63595.2,120185.4,173080.0
celltype148,SNblunt,Sensory neuron,mechanosensory girdle   descending,0,81875.8,70041.6,7760.0
celltype148,SNblunt,Sensory neuron,mechanosensory girdle   descending,1,65976.4,70844.0,8160.0
celltype149,INsplitBronto,Interneuron,ventral nerve cord   mechanosensory girdle,0,102563.0,126018.2,61160.0
celltype149,INsplitBronto,Interneuron,ventral nerve cord   mechanosensory girdle,1,61092.2,131601.7,62520.0
celltype15,SNnuchBx,Sensory neuron,nuchal organ,0,100728.7,34607.2,41240.0
celltype15,SNnuchBx,Sensory neuron,nuchal organ,1,33679.7,47393.8,42960.0
celltype150,INleucoPU,Interneuron,ventral nerve cord,0,106350.4,120467.4,62800.0
celltype150,INleucoPU,Interneuron,ventral nerve cord,1,57839.6,125555.9,61280.0
celltype151,MNladder,Motoneuron,ventral nerve cord,0,84823.4,122795.6,56640.0
celltype151,MNladder,Motoneuron,ventral nerve cord,1,72836.6,128534.6,61720.0
celltype152,INdecussfoot,Interneuron,central brain   decussating,0,92862.1,71035.0,19760.0
celltype152,INdecussfoot,Interneuron,central brain   decussating,1,52199.0,75944.6,18400.0
celltype153,INdecusshook,Interneuron,central brain   decussating,0,86187.7,57917.5,19200.0
celltype153,INdecusshook,Interneuron,central brain   decussating,1,58357.8,61468.3,19480.0
celltype154,INpreLadder,Interneuron,ventral nerve cord,0,71782.1,138654.1,150821.5
celltype154,INpreLadder,Interneuron,ventral nerve cord,1,55263.9,137315.1,145000.0
celltype154,INpreLadder,Interneuron,ventral nerve cord,2,58543.6,142158.4,114188.9
celltype154,INpreLadder,Interneuron,ventral nerve cord,3,89699.6,135763.3,112520.0
celltype155,INcomm-Upcross,Interneuron,ventral nerve cord,0,109863.4,124886.3,81720.0
celltype155,INcomm-Upcross,Interneuron,ventral nerve cord,1,59918.3,126214.7,85880.0
celltype155,INcomm-Upcross,Interneuron,ventral nerve cord,2,48782.0,136868.4,113960.0
celltype155,INcomm-Upcross,Interneuron,ventral nerve cord,3,46254.0,134026.8,114160.0
celltype155,INcomm-Upcross,Interneuron,ventral nerve cord,4,49785.0,138196.4,112240.0
celltype155,INcomm-Upcross,Interneuron,ventral nerve cord,5,49220.9,135548.0,117120.0
celltype155,INcomm-Upcross,Interneuron,ventral nerve cord,6,102337.6,133426.0,122480.0
celltype155,INcomm-Upcross,Interneuron,ventral nerve cord,7,103252.9,131539.2,119880.0
celltype155,INcomm-Upcross,Interneuron,ventral nerve cord,8,100329.1,133949.7,119840.0
celltype156,MNacic,Motoneuron,ventral nerve cord,0,43561.6,135466.6,143740.0
celltype156,MNacic,Motoneuron,ventral nerve cord,1,80861.1,129677.6,142760.0
celltype156,MNacic,Motoneuron,ventral nerve cord,2,75607.8,138615.2,71680.0
celltype157,INsplitVent,Interneuron,ventral nerve cord   mechanosensory girdle,0,89334.4,140678.3,121720.0
celltype157,INsplitVent,Interneuron,ventral nerve cord   mechanosensory girdle,1,62487.8,137432.2,117640.0
celltype158,INcomm-DownL,Interneuron,ventral nerve cord,0,61427.8,124767.1,61120.0
celltype158,INcomm-DownL,Interneuron,ventral nerve cord,1,101768.6,118787.4,65400.0
celltype159,MNarm,Motoneuron,ventral nerve cord peripheral NS,0,76419.1,135654.7,148720.0
celltype159,MNarm,Motoneuron,ventral nerve cord peripheral NS,1,78303.4,138809.0,149920.0
celltype159,MNarm,Motoneuron,ventral nerve cord peripheral NS,2,91453.0,129459.5,111960.0
celltype159,MNarm,Motoneuron,ventral nerve cord peripheral NS,3,61059.9,130199.8,113300.0
celltype159,MNarm,Motoneuron,ventral nerve cord peripheral NS,4,91869.9,132826.3,116680.0
celltype159,MNarm,Motoneuron,ventral nerve cord peripheral NS,5,63981.2,132079.1,112920.0
celltype159,MNarm,Motoneuron,ventral nerve cord peripheral NS,6,57409.8,140486.6,142800.0
celltype16,SNgolden,Sensory neuron,mushroom body,0,106110.8,66035.2,23120.0
celltype16,SNgolden,Sensory neuron,mushroom body,1,36032.9,64019.4,18480.0
celltype160,INlasso-postSN,Interneuron,dorsolateral interneuron cluster,0,56071.8,43628.9,33880.0
celltype160,INlasso-postSN,Interneuron,dorsolateral interneuron cluster,1,82401.7,44456.6,34400.0
celltype161,MNantacic,Motoneuron,ventral nerve cord,0,67991.5,132677.8,77120.0
celltype161,MNantacic,Motoneuron,ventral nerve cord,1,66825.3,134620.2,94440.0
celltype161,MNantacic,Motoneuron,ventral nerve cord,2,74809.8,133023.8,105120.0
celltype161,MNantacic,Motoneuron,ventral nerve cord,3,71745.1,139909.9,74040.0
celltype161,MNantacic,Motoneuron,ventral nerve cord,4,87820.7,132441.2,78880.0
celltype161,MNantacic,Motoneuron,ventral nerve cord,5,86496.4,135970.9,107340.0
celltype162,MNpostacic,Motoneuron,ventral nerve cord,0,64453.3,129109.1,68280.0
celltype162,MNpostacic,Motoneuron,ventral nerve cord,1,69054.2,130084.4,144680.0
celltype162,MNpostacic,Motoneuron,ventral nerve cord,2,65160.9,135482.4,79120.0
celltype162,MNpostacic,Motoneuron,ventral nerve cord,3,89957.7,128872.2,81840.0
celltype162,MNpostacic,Motoneuron,ventral nerve cord,4,90642.4,132539.6,86440.0
celltype162,MNpostacic,Motoneuron,ventral nerve cord,5,62342.8,147928.6,112600.0
celltype162,MNpostacic,Motoneuron,ventral nerve cord,6,72242.3,138176.8,113240.0
celltype162,MNpostacic,Motoneuron,ventral nerve cord,7,70300.6,132690.3,116640.0
celltype163,SN-DLSO1.3,Sensory neuron,,0,41033.0,45834.7,32040.0
celltype163,SN-DLSO1.3,Sensory neuron,,1,95667.6,44217.1,32420.0
celltype163,SN-DLSO1.3,Sensory neuron,,2,99897.3,39600.9,31480.0
celltype163,SN-DLSO1.3,Sensory neuron,,3,42379.8,41849.1,30000.0
celltype163,SN-DLSO1.3,Sensory neuron,,4,45623.7,49012.2,29520.0
celltype163,SN-DLSO1.3,Sensory neuron,,5,40807.1,45874.8,29440.0
celltype163,SN-DLSO1.3,Sensory neuron,,6,45969.3,44798.0,30760.0
celltype163,SN-DLSO1.3,Sensory neuron,,7,95586.3,41432.5,30140.0
celltype163,SN-DLSO1.3,Sensory neuron,,8,98468.4,34618.9,31080.0
celltype164,MNakro,Motoneuron,ciliomotor,0,68844.3,100176.1,21200.0
celltype164,MNakro,Motoneuron,ciliomotor,1,89530.9,97283.1,19000.0
celltype165,MNchae,Motoneuron,ventral nerve cord peripheral NS,0,99808.5,128772.2,100880.0
celltype165,MNchae,Motoneuron,ventral nerve cord peripheral NS,1,53505.2,134300.8,128840.0
celltype165,MNchae,Motoneuron,ventral nerve cord peripheral NS,2,91623.1,133318.8,137840.0
celltype165,MNchae,Motoneuron,ventral nerve cord peripheral NS,3,87502.1,134566.3,138800.0
celltype165,MNchae,Motoneuron,ventral nerve cord peripheral NS,4,100405.4,131260.9,98040.0
celltype165,MNchae,Motoneuron,ventral nerve cord peripheral NS,5,99094.5,111907.3,70840.0
celltype165,MNchae,Motoneuron,ventral nerve cord peripheral NS,6,61647.0,112387.0,69720.0
celltype165,MNchae,Motoneuron,ventral nerve cord peripheral NS,7,61193.1,124650.9,102920.0
celltype165,MNchae,Motoneuron,ventral nerve cord peripheral NS,8,98714.4,106398.1,72440.0
celltype166,MNgland-head,Motoneuron,central brain   decussating,0,58797.2,44800.3,21960.0
celltype166,MNgland-head,Motoneuron,central brain   decussating,1,86500.3,42573.3,22160.0
celltype167,SNstiff,Sensory neuron,ventral nerve cord,0,65091.1,124455.6,54160.0
celltype167,SNstiff,Sensory neuron,ventral nerve cord,1,69621.9,139188.2,44840.0
celltype167,SNstiff,Sensory neuron,ventral nerve cord,2,90629.2,131711.2,47320.0
celltype167,SNstiff,Sensory neuron,ventral nerve cord,3,97829.8,117845.5,53480.0
celltype168,SNbronto,Sensory neuron,mechanosensory girdle   descending,0,58208.8,85749.3,14800.0
celltype168,SNbronto,Sensory neuron,mechanosensory girdle   descending,1,92490.9,82392.7,17000.0
celltype169,INcommascFV,Interneuron,ventral nerve cord,0,74875.0,131788.5,111520.0
celltype169,INcommascFV,Interneuron,ventral nerve cord,1,81409.3,134486.8,111640.0
celltype169,INcommascFV,Interneuron,ventral nerve cord,2,80208.6,136604.5,109760.0
celltype17,SNhorn,Sensory neuron,mushroom body,0,119943.5,56941.7,30120.0
celltype17,SNhorn,Sensory neuron,mushroom body,1,22236.6,66085.9,28080.0
celltype170,SNpygM,Sensory neuron,ventral nerve cord   mechanosensory girdle,0,55418.8,114029.0,179480.0
celltype170,SNpygM,Sensory neuron,ventral nerve cord   mechanosensory girdle,1,47150.5,114632.0,175520.0
celltype171,INR1,Interneuron,visual system,0,96589.2,42411.0,45600.0
celltype171,INR1,Interneuron,visual system,1,97164.3,37955.2,47560.0
celltype171,INR1,Interneuron,visual system,2,39657.6,42099.0,46640.0
celltype171,INR1,Interneuron,visual system,3,40322.9,45937.1,46600.0
celltype172,SN-DLSO1.1NP,Sensory neuron,,0,83684.5,28631.1,26560.0
celltype172,SN-DLSO1.1NP,Sensory neuron,,1,59489.9,38951.8,26960.0
celltype173,SN-DLSO1.1,Sensory neuron,,0,52326.1,27969.4,27480.0
celltype173,SN-DLSO1.1,Sensory neuron,,1,87970.7,23162.0,28480.0
celltype173,SN-DLSO1.1,Sensory neuron,,2,90994.6,24100.4,29480.0
celltype173,SN-DLSO1.1,Sensory neuron,,3,47866.1,30060.3,31280.0
celltype174,INmus,Interneuron,central brain,0,51736.0,71614.9,20320.0
celltype174,INmus,Interneuron,central brain,1,94830.7,68923.4,22720.0
celltype175,INdescLuqinPDF,Interneuron,central brain  descending,0,58402.6,51993.6,23000.0
celltype175,INdescLuqinPDF,Interneuron,central brain  descending,1,80163.8,51420.7,29160.0
celltype176,INcosplit,Interneuron,ventral nerve cord,0,102110.7,140555.4,99040.0
celltype176,INcosplit,Interneuron,ventral nerve cord,1,64842.5,137339.0,100000.0
celltype177,INcommdescFVa,Interneuron,ventral nerve cord,0,93258.0,132401.0,95240.0
celltype177,INcommdescFVa,Interneuron,ventral nerve cord,1,70158.5,129469.9,94000.0
celltype178,MNheadV,Motoneuron,central brain,0,82101.3,91916.8,21320.0
celltype178,MNheadV,Motoneuron,central brain,1,72700.7,94050.8,20120.0
celltype178,MNheadV,Motoneuron,central brain,2,78576.9,83322.4,18680.0
celltype178,MNheadV,Motoneuron,central brain,3,74438.1,85192.7,18240.0
celltype179,INsqNSasym,Interneuron,central brain,0,69365.9,83640.9,17280.0
celltype18,SNhook,Sensory neuron,mushroom body,0,106465.8,74508.6,22360.0
celltype18,SNhook,Sensory neuron,mushroom body,1,36281.8,79560.9,21340.0
celltype180,INbiaxHmid,Interneuron,ventral nerve cord,0,79617.3,126359.4,96360.0
celltype180,INbiaxHmid,Interneuron,ventral nerve cord,1,82516.1,126604.4,95520.0
celltype181,MNantelope,Motoneuron,ventral nerve cord,0,68219.5,132119.2,146480.0
celltype181,MNantelope,Motoneuron,ventral nerve cord,1,63853.8,134397.7,145000.0
celltype181,MNantelope,Motoneuron,ventral nerve cord,2,76697.1,134027.5,87640.0
celltype182,MNsmile,Motoneuron,ventral nerve cord,0,94276.6,106636.1,65520.0
celltype182,MNsmile,Motoneuron,ventral nerve cord,1,61737.9,108845.9,67080.0
celltype182,MNsmile,Motoneuron,ventral nerve cord,2,102155.3,126299.4,58200.0
celltype182,MNsmile,Motoneuron,ventral nerve cord,3,104040.7,129694.2,56960.0
celltype182,MNsmile,Motoneuron,ventral nerve cord,4,68305.3,109968.7,67120.0
celltype182,MNsmile,Motoneuron,ventral nerve cord,5,94383.4,109884.4,70120.0
celltype182,MNsmile,Motoneuron,ventral nerve cord,6,99509.6,123146.9,66800.0
celltype182,MNsmile,Motoneuron,ventral nerve cord,7,99547.8,117974.5,70240.0
celltype183,INhorn,Interneuron,mushroom body         descending,0,101361.7,63877.6,37640.0
celltype183,INhorn,Interneuron,mushroom body         descending,1,38718.1,68301.9,37720.0
celltype184,INMBPDF,Interneuron,mushroom body          decussating,0,102672.8,71133.8,35880.0
celltype184,INMBPDF,Interneuron,mushroom body          decussating,1,35955.0,74743.2,38960.0
celltype184,INMBPDF,Interneuron,mushroom body          decussating,2,35743.3,71662.3,39360.0
celltype184,INMBPDF,Interneuron,mushroom body          decussating,3,101369.5,67940.5,38320.0
celltype185,INMBdescFMRF,Interneuron,mushroom body         descending,0,106750.5,62378.9,37460.0
celltype185,INMBdescFMRF,Interneuron,mushroom body         descending,1,34525.6,68343.1,41480.0
celltype186,INDLSO,Interneuron,dorsolateral interneuron cluster,0,86270.8,53218.5,18120.0
celltype186,INDLSO,Interneuron,dorsolateral interneuron cluster,1,56975.3,50488.2,13600.0
celltype186,INDLSO,Interneuron,dorsolateral interneuron cluster,2,59366.8,49741.5,18880.0
celltype186,INDLSO,Interneuron,dorsolateral interneuron cluster,3,86464.1,49112.2,15960.0
celltype187,SNtorii,Sensory neuron,mushroom body,0,29512.9,78847.5,24000.0
celltype187,SNtorii,Sensory neuron,mushroom body,1,116374.6,74107.2,26920.0
celltype188,INexsn,Interneuron,central brain,0,87346.7,83479.3,10780.0
celltype188,INexsn,Interneuron,central brain,1,62843.8,85155.4,10040.0
celltype189,MBmouth,Interneuron,mushroom body,0,27754.2,70349.4,41380.0
celltype189,MBmouth,Interneuron,mushroom body,1,33710.7,62559.2,42840.0
celltype189,MBmouth,Interneuron,mushroom body,2,31690.6,65884.9,42160.0
celltype189,MBmouth,Interneuron,mushroom body,3,104991.5,57371.0,42680.0
celltype189,MBmouth,Interneuron,mushroom body,4,99824.2,62091.3,42880.0
celltype189,MBmouth,Interneuron,mushroom body,5,100753.8,53955.0,43880.0
celltype189,MBmouth,Interneuron,mushroom body,6,99553.3,59211.3,41280.0
celltype189,MBmouth,Interneuron,mushroom body,7,34653.4,63420.0,35120.0
celltype189,MBmouth,Interneuron,mushroom body,8,105936.8,64969.6,34280.0
celltype189,MBmouth,Interneuron,mushroom body,9,102609.4,56312.5,40880.0
celltype189,MBmouth,Interneuron,mushroom body,10,99175.1,65548.0,33440.0
celltype189,MBmouth,Interneuron,mushroom body,11,32129.2,58834.2,34600.0
celltype189,MBmouth,Interneuron,mushroom body,12,35278.6,72441.0,35480.0
celltype189,MBmouth,Interneuron,mushroom body,13,41123.5,68833.8,33240.0
celltype19,MNant,Motoneuron,ciliomotor    mechanosensory girdle    decussating,0,54312.2,51716.7,33200.0
celltype19,MNant,Motoneuron,ciliomotor    mechanosensory girdle    decussating,1,87094.9,50517.7,34320.0
celltype190,SNtrpa,Sensory neuron,mushroom body,0,102747.0,85393.6,23320.0
celltype190,SNtrpa,Sensory neuron,mushroom body,1,47646.4,89801.7,21520.0
celltype191,INtorii,Interneuron,mushroom body         descending,0,106887.1,72057.9,32320.0
celltype191,INtorii,Interneuron,mushroom body         descending,1,33177.5,80294.2,32980.0
celltype192,INUturnMB,Interneuron,mushroom body         descending,0,102717.1,70285.2,34280.0
celltype192,INUturnMB,Interneuron,mushroom body         descending,1,40990.4,74299.1,33640.0
celltype193,INface,Interneuron,central brain,0,48449.1,72520.2,22000.0
celltype193,INface,Interneuron,central brain,1,97391.9,67846.2,24720.0
celltype194,INMBdesc3,Interneuron,mushroom body         descending,0,36036.7,67451.4,31600.0
celltype194,INMBdesc3,Interneuron,mushroom body         descending,1,104061.5,59764.2,37440.0
celltype195,INMBdesc2,Interneuron,mushroom body         descending,0,110249.3,62297.7,38000.0
celltype195,INMBdesc2,Interneuron,mushroom body         descending,1,28664.9,72664.1,40520.0
celltype195,INMBdesc2,Interneuron,mushroom body         descending,2,31945.8,69682.5,39560.0
celltype195,INMBdesc2,Interneuron,mushroom body         descending,3,104035.0,61731.4,40720.0
celltype196,INpara,Interneuron,central brain,0,94264.4,92154.0,18200.0
celltype196,INpara,Interneuron,central brain,1,94477.5,97453.2,22240.0
celltype196,INpara,Interneuron,central brain,2,57483.9,97749.2,18760.0
celltype196,INpara,Interneuron,central brain,3,54798.7,97871.8,20680.0
celltype197,INMBtype9,Interneuron,mushroom body,0,42473.9,77258.9,25000.0
celltype197,INMBtype9,Interneuron,mushroom body,1,101727.6,72548.2,22200.0
celltype198,INMBtype2,Interneuron,mushroom body,0,102926.3,59853.8,35040.0
celltype198,INMBtype2,Interneuron,mushroom body,1,38031.3,63097.0,32320.0
celltype199,INdecussM,Interneuron,decussating,0,64007.6,64743.0,17360.0
celltype199,INdecussM,Interneuron,decussating,1,82920.9,65965.8,17320.0
celltype2,IN1,Interneuron,visual system,0,100158.4,61827.1,32040.0
celltype2,IN1,Interneuron,visual system,1,92192.5,50845.7,23700.0
celltype2,IN1,Interneuron,visual system,2,38968.0,66959.2,29920.0
celltype2,IN1,Interneuron,visual system,3,50242.3,53163.1,21960.0
celltype2,IN1,Interneuron,visual system,4,45614.8,51659.8,31200.0
celltype2,IN1,Interneuron,visual system,5,45297.5,55858.4,36040.0
celltype2,IN1,Interneuron,visual system,6,99994.8,60494.1,36240.0
celltype2,IN1,Interneuron,visual system,7,98885.9,53245.5,39640.0
celltype2,IN1,Interneuron,visual system,8,40274.8,64288.1,36280.0
celltype2,IN1,Interneuron,visual system,9,98064.0,51643.5,36800.0
celltype20,SNlasso,Sensory neuron,mushroom body,0,32800.1,63642.9,27320.0
celltype20,SNlasso,Sensory neuron,mushroom body,1,102546.5,62029.3,29040.0
celltype200,INiaStiff,Interneuron,,0,85136.7,125439.0,60760.0
celltype200,INiaStiff,Interneuron,,1,77458.5,128477.9,62180.0
celltype201,INmantis,Interneuron,dorsolateral interneuron cluster,0,87298.3,46053.0,19520.0
celltype201,INmantis,Interneuron,dorsolateral interneuron cluster,1,54956.9,50859.0,16000.0
celltype202,INsplitSpin,Interneuron,mechanosensory girdle,0,57983.0,127015.3,76120.0
celltype202,INsplitSpin,Interneuron,mechanosensory girdle,1,109234.9,129013.9,75400.0
celltype21,INlasso,Interneuron,dorsolateral interneuron cluster,0,63935.1,43783.0,27800.0
celltype21,INlasso,Interneuron,dorsolateral interneuron cluster,1,79612.4,47027.6,29560.0
celltype21,INlasso,Interneuron,dorsolateral interneuron cluster,2,84326.3,53573.9,15000.0
celltype21,INlasso,Interneuron,dorsolateral interneuron cluster,3,58202.5,57800.3,17560.0
celltype21,INlasso,Interneuron,dorsolateral interneuron cluster,4,60398.9,51124.2,12320.0
celltype21,INlasso,Interneuron,dorsolateral interneuron cluster,5,46541.5,51511.7,34520.0
celltype21,INlasso,Interneuron,dorsolateral interneuron cluster,6,93477.4,48127.1,32680.0
celltype22,INdecussPre,Interneuron,central brain   decussating,0,55199.8,55180.2,14400.0
celltype22,INdecussPre,Interneuron,central brain   decussating,1,89151.9,55793.4,18240.0
celltype23,INpreMN,Interneuron,dorsolateral interneuron cluster,0,79744.6,43901.1,30140.0
celltype23,INpreMN,Interneuron,dorsolateral interneuron cluster,1,62740.4,47020.7,31760.0
celltype23,INpreMN,Interneuron,dorsolateral interneuron cluster,2,83112.0,49601.4,16920.0
celltype23,INpreMN,Interneuron,dorsolateral interneuron cluster,3,82622.1,54883.9,17680.0
celltype23,INpreMN,Interneuron,dorsolateral interneuron cluster,4,59230.4,51491.6,16400.0
celltype23,INpreMN,Interneuron,dorsolateral interneuron cluster,5,58581.3,55205.8,15000.0
celltype24,SNMIP-vc,Sensory neuron,ventral head,0,76537.5,104472.6,12080.0
celltype24,SNMIP-vc,Sensory neuron,ventral head,1,81561.3,101488.1,17160.0
celltype25,SNmus,Sensory neuron,mushroom body,0,110609.5,63542.3,25080.0
celltype25,SNmus,Sensory neuron,mushroom body,1,29083.1,66880.0,25840.0
celltype26,SNantlerPDF,Sensory neuron,mechanosensory girdle   descending,0,67075.6,79230.8,16000.0
celltype26,SNantlerPDF,Sensory neuron,mechanosensory girdle   descending,1,82195.5,79082.5,16640.0
celltype27,SNPDF-dc,Sensory neuron,,0,81922.4,33194.1,28800.0
celltype27,SNPDF-dc,Sensory neuron,,1,58303.7,33337.4,29000.0
celltype28,SN0DLSO1.2-4,Sensory neuron,,0,90185.4,29075.0,29840.0
celltype28,SN0DLSO1.2-4,Sensory neuron,,1,51921.3,37081.5,28080.0
celltype29,SN-DLSO1.2-3,Sensory neuron,,0,53671.2,38744.9,35840.0
celltype29,SN-DLSO1.2-3,Sensory neuron,,1,48713.4,33242.3,31000.0
celltype29,SN-DLSO1.2-3,Sensory neuron,,2,54206.0,36098.9,32240.0
celltype29,SN-DLSO1.2-3,Sensory neuron,,3,51250.9,42348.4,29040.0
celltype29,SN-DLSO1.2-3,Sensory neuron,,4,91644.4,32867.5,25400.0
celltype29,SN-DLSO1.2-3,Sensory neuron,,5,83294.1,25370.8,30440.0
celltype29,SN-DLSO1.2-3,Sensory neuron,,6,90285.9,33363.7,27960.0
celltype29,SN-DLSO1.2-3,Sensory neuron,,7,49897.2,39662.8,26760.0
celltype29,SN-DLSO1.2-3,Sensory neuron,,8,89373.9,38997.7,33700.0
celltype29,SN-DLSO1.2-3,Sensory neuron,,9,53333.8,40808.5,32320.0
celltype29,SN-DLSO1.2-3,Sensory neuron,,10,49439.1,34879.2,25640.0
celltype29,SN-DLSO1.2-3,Sensory neuron,,11,53468.0,45692.3,30200.0
celltype29,SN-DLSO1.2-3,Sensory neuron,,12,86915.5,30024.5,31200.0
celltype29,SN-DLSO1.2-3,Sensory neuron,,13,89392.0,26075.8,34600.0
celltype29,SN-DLSO1.2-3,Sensory neuron,,14,89666.1,33572.0,34000.0
celltype29,SN-DLSO1.2-3,Sensory neuron,,15,91008.6,38196.7,30640.0
celltype29,SN-DLSO1.2-3,Sensory neuron,,16,51107.1,31334.8,29720.0
celltype29,SN-DLSO1.2-3,Sensory neuron,,17,92806.6,30216.1,32840.0
celltype29,SN-DLSO1.2-3,Sensory neuron,,18,90103.7,43909.7,32920.0
celltype29,SN-DLSO1.2-3,Sensory neuron,,19,85951.4,31189.2,28080.0
celltype29,SN-DLSO1.2-3,Sensory neuron,,20,50931.7,37064.1,32320.0
celltype29,SN-DLSO1.2-3,Sensory neuron,,21,50701.8,32191.6,34160.0
celltype29,SN-DLSO1.2-3,Sensory neuron,,22,48314.5,28781.6,38080.0
celltype29,SN-DLSO1.2-3,Sensory neuron,,23,54472.0,30906.5,31680.0
celltype29,SN-DLSO1.2-3,Sensory neuron,,24,56799.7,38583.9,33840.0
celltype29,SN-DLSO1.2-3,Sensory neuron,,25,51914.4,27208.6,33340.0
celltype29,SN-DLSO1.2-3,Sensory neuron,,26,85568.3,35551.7,32200.0
celltype29,SN-DLSO1.2-3,Sensory neuron,,27,91331.8,25341.9,32240.0
celltype3,INton,Interneuron,visual system,0,92395.2,52899.0,24800.0
celltype3,INton,Interneuron,visual system,1,95315.9,53432.5,26320.0
celltype3,INton,Interneuron,visual system,2,47902.0,56022.8,22120.0
celltype3,INton,Interneuron,visual system,3,51254.4,55524.2,24800.0
celltype30,SN-DLSO1.2-1,Sensory neuron,,0,84456.1,38144.9,25040.0
celltype30,SN-DLSO1.2-1,Sensory neuron,,1,56933.1,41556.6,26460.0
celltype31,SN-DLSO2,Sensory neuron,,0,95260.7,36439.6,37000.0
celltype31,SN-DLSO2,Sensory neuron,,1,92496.6,34918.2,35240.0
celltype31,SN-DLSO2,Sensory neuron,,2,93101.4,31737.3,40080.0
celltype31,SN-DLSO2,Sensory neuron,,3,43562.7,39025.3,42360.0
celltype31,SN-DLSO2,Sensory neuron,,4,39969.9,37570.6,42000.0
celltype31,SN-DLSO2,Sensory neuron,,5,43527.7,33632.1,36680.0
celltype31,SN-DLSO2,Sensory neuron,,6,43411.2,38117.6,38640.0
celltype31,SN-DLSO2,Sensory neuron,,7,50053.2,40017.4,34582.2
celltype31,SN-DLSO2,Sensory neuron,,8,92604.4,27194.0,35560.0
celltype31,SN-DLSO2,Sensory neuron,,9,48123.6,40062.1,36680.0
celltype31,SN-DLSO2,Sensory neuron,,10,93518.0,30037.3,37800.0
celltype31,SN-DLSO2,Sensory neuron,,11,95379.7,25522.9,40160.0
celltype32,SNMB2,Sensory neuron,mushroom body,0,103577.1,59285.2,26000.0
celltype32,SNMB2,Sensory neuron,mushroom body,1,105293.0,54059.5,24880.0
celltype32,SNMB2,Sensory neuron,mushroom body,2,37781.9,64277.5,21600.0
celltype32,SNMB2,Sensory neuron,mushroom body,3,39091.5,68870.2,20560.0
celltype32,SNMB2,Sensory neuron,mushroom body,4,41276.2,70130.3,24460.0
celltype32,SNMB2,Sensory neuron,mushroom body,5,33845.7,68434.8,18600.0
celltype32,SNMB2,Sensory neuron,mushroom body,6,102576.5,62673.8,23960.0
celltype32,SNMB2,Sensory neuron,mushroom body,7,107966.1,60436.5,21320.0
celltype33,eyespot-PRCR3,Sensory neuron,eyespot,0,25368.4,71912.3,27000.0
celltype33,eyespot-PRCR3,Sensory neuron,eyespot,1,117784.1,60685.7,27720.0
celltype34,eyespot-PRCR1,Sensory neuron,eyespot,0,114217.2,62544.3,24660.0
celltype34,eyespot-PRCR1,Sensory neuron,eyespot,1,30206.5,72486.9,25120.0
celltype35,MS1,Sensory neuron,central brain,0,73261.1,62581.7,8160.0
celltype36,MS4,Sensory neuron,peripheral NS   central brain,0,72403.0,11878.7,78120.0
celltype36,MS4,Sensory neuron,peripheral NS   central brain,1,72038.3,66415.6,14560.0
celltype37,MS3,Sensory neuron,,0,91105.6,34594.8,19640.0
celltype37,MS3,Sensory neuron,,1,50734.0,41704.5,19040.0
celltype38,MS5,Sensory neuron,peripheral NS,0,86823.4,19583.6,88000.0
celltype38,MS5,Sensory neuron,peripheral NS,1,59900.7,22771.1,83080.0
celltype39,SN-ASTC,Sensory neuron,apical organ,0,63309.4,57684.3,14600.0
celltype39,SN-ASTC,Sensory neuron,apical organ,1,82101.7,61051.4,15580.0
celltype4,INpreSer,Interneuron,dorsolateral interneuron cluster,0,46802.0,39861.5,25600.0
celltype4,INpreSer,Interneuron,dorsolateral interneuron cluster,1,93599.2,41798.5,24120.0
celltype40,SN-DLSO3-PDF,Sensory neuron,,0,58915.0,34859.1,22920.0
celltype40,SN-DLSO3-PDF,Sensory neuron,,1,81619.9,35446.5,24040.0
celltype41,SN-DLSO3,Sensory neuron,,0,83308.3,37506.7,21720.0
celltype41,SN-DLSO3,Sensory neuron,,1,83895.0,30067.7,22000.0
celltype41,SN-DLSO3,Sensory neuron,,2,54490.7,29514.7,24600.0
celltype41,SN-DLSO3,Sensory neuron,,3,55855.6,41541.5,21600.0
celltype42,MC2biax-1,Interneuron,dorsolateral interneuron cluster  central brain,0,72802.7,51663.9,25480.0
celltype42,MC2biax-1,Interneuron,dorsolateral interneuron cluster  central brain,1,73135.8,50005.0,22240.0
celltype43,SN-IRP2-burs,Sensory neuron,apical organ,0,75247.0,57067.1,11360.0
celltype44,SN-IRP2-FMRF,Sensory neuron,apical organ,0,68458.3,50738.7,11480.0
celltype45,SN-MIP4,Sensory neuron,apical organ,0,75281.7,33278.5,18760.0
celltype45,SN-MIP4,Sensory neuron,apical organ,1,63181.0,36566.6,21000.0
celltype46,SN-MIP1,Sensory neuron,apical organ,0,76915.6,61127.7,14880.0
celltype46,SN-MIP1,Sensory neuron,apical organ,1,69276.6,59601.0,13800.0
celltype47,MNspinning,Motoneuron,ventral nerve cord,0,60831.6,130625.2,117080.0
celltype47,MNspinning,Motoneuron,ventral nerve cord,1,90087.3,133514.7,121920.0
celltype48,SN-WLD,Sensory neuron,apical organ,0,75467.0,51621.2,16560.0
celltype48,SN-WLD,Sensory neuron,apical organ,1,69845.8,51670.8,15940.0
celltype49,SN-DSO,Sensory neuron,dorsal sensory organ,0,69349.6,41502.1,31720.0
celltype49,SN-DSO,Sensory neuron,dorsal sensory organ,1,69391.9,40584.9,26600.0
celltype49,SN-DSO,Sensory neuron,dorsal sensory organ,2,73539.8,45849.0,28840.0
celltype49,SN-DSO,Sensory neuron,dorsal sensory organ,3,73702.0,42101.3,30040.0
celltype49,SN-DSO,Sensory neuron,dorsal sensory organ,4,66773.7,36979.1,27460.0
celltype49,SN-DSO,Sensory neuron,dorsal sensory organ,5,71238.9,39068.0,29760.0
celltype49,SN-DSO,Sensory neuron,dorsal sensory organ,6,68987.2,43209.6,29220.0
celltype49,SN-DSO,Sensory neuron,dorsal sensory organ,7,69359.0,35485.1,24620.0
celltype49,SN-DSO,Sensory neuron,dorsal sensory organ,8,72646.5,37767.6,25840.0
celltype49,SN-DSO,Sensory neuron,dorsal sensory organ,9,72410.1,33805.2,27120.0
celltype49,SN-DSO,Sensory neuron,dorsal sensory organ,10,63914.9,35537.7,30760.0
celltype49,SN-DSO,Sensory neuron,dorsal sensory organ,11,64922.0,39790.2,31800.0
celltype49,SN-DSO,Sensory neuron,dorsal sensory organ,12,63302.0,39512.8,28920.0
celltype49,SN-DSO,Sensory neuron,dorsal sensory organ,13,65630.8,32623.0,27520.0
celltype49,SN-DSO,Sensory neuron,dorsal sensory organ,14,75896.5,38740.7,26240.0
celltype49,SN-DSO,Sensory neuron,dorsal sensory organ,15,61390.1,33876.0,26280.0
celltype49,SN-DSO,Sensory neuron,dorsal sensory organ,16,66304.4,36116.2,32480.0
celltype5,cPRC,Sensory neuron,apical organ,0,59112.1,42518.4,29360.0
celltype5,cPRC,Sensory neuron,apical organ,1,49213.5,46958.6,22280.0
celltype5,cPRC,Sensory neuron,apical organ,2,83325.7,40394.4,30800.0
celltype5,cPRC,Sensory neuron,apical organ,3,90683.0,41665.5,27520.0
celltype50,SNbicil,Sensory neuron,ventral head,0,74717.8,110704.0,9160.0
celltype50,SNbicil,Sensory neuron,ventral head,1,91528.8,107272.2,15440.0
celltype51,SNasym,Sensory neuron,,0,78667.0,27010.5,23160.0
celltype52,SN47Ach,Sensory neuron,apical organ,0,59666.3,29424.6,23160.0
celltype53,INCrossbow,Interneuron,dorsolateral interneuron cluster  central brain   decussating,0,78979.5,56049.2,12880.0
celltype53,INCrossbow,Interneuron,dorsolateral interneuron cluster  central brain   decussating,1,66073.9,54281.0,17000.0
celltype54,pygPBunp,Sensory neuron,ciliomotor ventral nerve cord   mechanosensory girdle,0,50247.5,113834.7,180000.0
celltype55,INarc1,Interneuron,central brain   decussating,0,50860.1,67941.5,21840.0
celltype55,INarc1,Interneuron,central brain   decussating,1,92671.0,66159.5,20880.0
celltype56,INarc2,Interneuron,central brain   decussating,0,58274.9,56421.5,21400.0
celltype56,INarc2,Interneuron,central brain   decussating,1,84370.2,56336.7,21880.0
celltype57,INsn,Interneuron,central brain,0,57620.1,76404.9,11840.0
celltype57,INsn,Interneuron,central brain,1,90641.8,75907.0,11760.0
celltype57,INsn,Interneuron,central brain,2,54416.2,82913.6,17160.0
celltype57,INsn,Interneuron,central brain,3,95874.9,77432.5,18400.0
celltype57,INsn,Interneuron,central brain,4,89102.1,82907.8,14040.0
celltype57,INsn,Interneuron,central brain,5,62526.1,90311.6,10760.0
celltype58,INrope,Interneuron,mushroom body      mechanosensory girdle   descending,0,38961.2,71463.0,33840.0
celltype58,INrope,Interneuron,mushroom body      mechanosensory girdle   descending,1,102704.3,64967.1,34040.0
celltype59,Loop,Motoneuron,ciliomotor ventral nerve cord   mechanosensory girdle,0,60955.7,131627.4,55360.0
celltype59,Loop,Motoneuron,ciliomotor ventral nerve cord   mechanosensory girdle,1,101799.2,121698.1,55600.0
celltype6,INRGWa,Interneuron,apical organ,0,50156.5,51250.7,17680.0
celltype6,INRGWa,Interneuron,apical organ,1,90759.3,50241.7,19760.0
celltype6,INRGWa,Interneuron,apical organ,2,82333.2,48975.2,21320.0
celltype6,INRGWa,Interneuron,apical organ,3,62828.8,49862.1,23920.0
celltype60,INCM,Interneuron,ventral nerve cord   mechanosensory girdle,0,109481.3,131972.7,71920.0
celltype60,INCM,Interneuron,ventral nerve cord   mechanosensory girdle,1,57546.0,134292.8,73320.0
celltype61,MNspider-ant,Motoneuron,ventral nerve cord,0,67911.9,123041.6,89960.0
celltype61,MNspider-ant,Motoneuron,ventral nerve cord,1,63779.6,132616.3,127040.0
celltype61,MNspider-ant,Motoneuron,ventral nerve cord,2,84615.2,132484.8,128920.0
celltype61,MNspider-ant,Motoneuron,ventral nerve cord,3,95087.8,129582.6,91160.0
celltype62,MNspider-post,Motoneuron,ventral nerve cord,0,95367.1,133324.2,98920.0
celltype62,MNspider-post,Motoneuron,ventral nerve cord,1,84737.8,132795.1,133120.0
celltype62,MNspider-post,Motoneuron,ventral nerve cord,2,67916.5,132060.0,124240.0
celltype62,MNspider-post,Motoneuron,ventral nerve cord,3,66613.2,126964.8,95560.0
celltype62,MNspider-post,Motoneuron,ventral nerve cord,4,61752.7,133782.9,131040.0
celltype63,MNbiramous,Motoneuron,ventral nerve cord,0,55987.6,130838.3,75800.0
celltype63,MNbiramous,Motoneuron,ventral nerve cord,1,55079.3,138196.8,134560.0
celltype63,MNbiramous,Motoneuron,ventral nerve cord,2,106376.6,134434.2,74400.0
celltype63,MNbiramous,Motoneuron,ventral nerve cord,3,89739.5,134640.9,142240.0
celltype63,MNbiramous,Motoneuron,ventral nerve cord,4,59769.5,145453.4,106680.0
celltype63,MNbiramous,Motoneuron,ventral nerve cord,5,98192.9,144310.9,105880.0
celltype65,MNcrab,Motoneuron,ventral nerve cord,0,62768.0,131125.4,133360.0
celltype65,MNcrab,Motoneuron,ventral nerve cord,1,77256.3,131193.2,140760.0
celltype65,MNcrab,Motoneuron,ventral nerve cord,2,69492.9,128948.3,101760.0
celltype65,MNcrab,Motoneuron,ventral nerve cord,3,90705.4,129516.7,99920.0
celltype66,MNhose,Motoneuron,ventral nerve cord,0,60932.3,125947.4,74960.0
celltype66,MNhose,Motoneuron,ventral nerve cord,1,105747.9,131702.7,71440.0
celltype66,MNhose,Motoneuron,ventral nerve cord,2,60874.8,135755.1,133640.0
celltype66,MNhose,Motoneuron,ventral nerve cord,3,82109.8,131545.8,135040.0
celltype66,MNhose,Motoneuron,ventral nerve cord,4,95954.6,134772.2,101760.0
celltype66,MNhose,Motoneuron,ventral nerve cord,5,64517.9,131996.2,101520.0
celltype67,MNbow,Motoneuron,ventral nerve cord,0,71223.5,134707.9,102960.0
celltype67,MNbow,Motoneuron,ventral nerve cord,1,90535.6,135706.4,103880.0
celltype68,MNwave,Motoneuron,ventral nerve cord,0,62584.1,138390.1,121040.0
celltype68,MNwave,Motoneuron,ventral nerve cord,1,87178.6,137553.4,127440.0
celltype68,MNwave,Motoneuron,ventral nerve cord,2,104805.7,126572.4,86560.0
celltype68,MNwave,Motoneuron,ventral nerve cord,3,100816.7,125678.7,88640.0
celltype68,MNwave,Motoneuron,ventral nerve cord,4,105252.8,129294.5,88440.0
celltype68,MNwave,Motoneuron,ventral nerve cord,5,61710.3,138671.5,123920.0
celltype69,MNacicX,Motoneuron,ventral nerve cord,0,60981.1,134074.3,123640.0
celltype69,MNacicX,Motoneuron,ventral nerve cord,1,67716.3,128878.4,98880.0
celltype69,MNacicX,Motoneuron,ventral nerve cord,2,81711.0,132123.1,132040.0
celltype7,INNOS,Interneuron,apical organ,0,63062.5,40845.1,19640.0
celltype7,INNOS,Interneuron,apical organ,1,63165.4,46206.4,20640.0
celltype7,INNOS,Interneuron,apical organ,2,78170.7,44245.1,20320.0
celltype7,INNOS,Interneuron,apical organ,3,79580.9,38964.1,19640.0
celltype70,INchaeMech,Interneuron,ventral nerve cord,0,86319.7,138201.6,148040.0
celltype70,INchaeMech,Interneuron,ventral nerve cord,1,50720.7,136512.0,133960.0
celltype71,chaeMech,Sensory neuron,mechanosensory girdle,0,122632.0,78213.2,83080.0
celltype71,chaeMech,Sensory neuron,mechanosensory girdle,1,123908.0,107031.9,79640.0
celltype71,chaeMech,Sensory neuron,mechanosensory girdle,2,86243.2,115194.4,162320.0
celltype71,chaeMech,Sensory neuron,mechanosensory girdle,3,33305.9,120569.3,147280.0
celltype71,chaeMech,Sensory neuron,mechanosensory girdle,4,31448.5,124098.9,151560.0
celltype71,chaeMech,Sensory neuron,mechanosensory girdle,5,77639.7,119830.1,166000.0
celltype71,chaeMech,Sensory neuron,mechanosensory girdle,6,79393.8,85969.1,157000.0
celltype71,chaeMech,Sensory neuron,mechanosensory girdle,7,23004.6,125962.2,116880.0
celltype71,chaeMech,Sensory neuron,mechanosensory girdle,8,43465.3,112362.8,71320.0
celltype71,chaeMech,Sensory neuron,mechanosensory girdle,9,30447.3,94096.5,150280.0
celltype71,chaeMech,Sensory neuron,mechanosensory girdle,10,30155.2,94666.8,71760.0
celltype71,chaeMech,Sensory neuron,mechanosensory girdle,11,18065.8,93391.3,121280.0
celltype71,chaeMech,Sensory neuron,mechanosensory girdle,12,88560.6,89605.4,169960.0
celltype71,chaeMech,Sensory neuron,mechanosensory girdle,13,23779.1,101138.9,159720.0
celltype71,chaeMech,Sensory neuron,mechanosensory girdle,14,15758.4,128899.1,121000.0
celltype71,chaeMech,Sensory neuron,mechanosensory girdle,15,31952.1,93355.9,111160.0
celltype71,chaeMech,Sensory neuron,mechanosensory girdle,16,107718.3,108671.9,107080.0
celltype71,chaeMech,Sensory neuron,mechanosensory girdle,17,114265.1,78768.6,106880.0
celltype71,chaeMech,Sensory neuron,mechanosensory girdle,18,99350.9,80541.1,105080.0
celltype71,chaeMech,Sensory neuron,mechanosensory girdle,19,112892.4,106437.8,108760.0
celltype72,INFVa-pyg,Interneuron,ventral nerve cord,0,55528.7,125055.3,156640.0
celltype72,INFVa-pyg,Interneuron,ventral nerve cord,1,59670.4,125878.5,158720.0
celltype73,INsplitCR,Interneuron,ventral nerve cord   mechanosensory girdle,0,56324.6,123815.3,73960.0
celltype73,INsplitCR,Interneuron,ventral nerve cord   mechanosensory girdle,1,98917.9,108798.9,68000.0
celltype73,INsplitCR,Interneuron,ventral nerve cord   mechanosensory girdle,2,59811.8,121025.9,75520.0
celltype73,INsplitCR,Interneuron,ventral nerve cord   mechanosensory girdle,3,103906.4,137048.1,109040.0
celltype73,INsplitCR,Interneuron,ventral nerve cord   mechanosensory girdle,4,106888.9,131705.8,76280.0
celltype73,INsplitCR,Interneuron,ventral nerve cord   mechanosensory girdle,5,111504.0,130056.4,72960.0
celltype73,INsplitCR,Interneuron,ventral nerve cord   mechanosensory girdle,6,93817.5,105689.0,69000.0
celltype73,INsplitCR,Interneuron,ventral nerve cord   mechanosensory girdle,7,63598.5,123097.2,98600.0
celltype73,INsplitCR,Interneuron,ventral nerve cord   mechanosensory girdle,8,51822.3,139427.5,108320.0
celltype73,INsplitCR,Interneuron,ventral nerve cord   mechanosensory girdle,9,50788.2,140069.6,106480.0
celltype73,INsplitCR,Interneuron,ventral nerve cord   mechanosensory girdle,10,84024.9,138097.0,142760.0
celltype73,INsplitCR,Interneuron,ventral nerve cord   mechanosensory girdle,11,60932.5,125389.7,100840.0
celltype73,INsplitCR,Interneuron,ventral nerve cord   mechanosensory girdle,12,94982.8,124774.4,98280.0
celltype73,INsplitCR,Interneuron,ventral nerve cord   mechanosensory girdle,13,63415.1,114149.2,72440.0
celltype73,INsplitCR,Interneuron,ventral nerve cord   mechanosensory girdle,14,95163.1,145155.2,111680.0
celltype73,INsplitCR,Interneuron,ventral nerve cord   mechanosensory girdle,15,45774.3,120826.5,41360.0
celltype73,INsplitCR,Interneuron,ventral nerve cord   mechanosensory girdle,16,97310.7,104328.5,67360.0
celltype74,INsplitCRATO,Interneuron,ventral nerve cord   mechanosensory girdle,0,83024.0,130620.1,144640.0
celltype74,INsplitCRATO,Interneuron,ventral nerve cord   mechanosensory girdle,1,53803.3,133211.4,134400.0
celltype75,INMC3,Interneuron,mechanosensory girdle   descending,0,54789.6,55394.4,20480.0
celltype75,INMC3,Interneuron,mechanosensory girdle   descending,1,88309.9,54234.6,22680.0
celltype76,INbiax,Interneuron,central brain  descending,0,51908.6,43350.9,35080.0
celltype76,INbiax,Interneuron,central brain  descending,1,86302.9,44663.5,33480.0
celltype77,INsplitPB-RF/Ya,Interneuron,ventral nerve cord   mechanosensory girdle,0,99977.3,129852.2,76360.0
celltype77,INsplitPB-RF/Ya,Interneuron,ventral nerve cord   mechanosensory girdle,1,60940.0,126079.0,80840.0
celltype78,INsplitPBant,Interneuron,ventral nerve cord   mechanosensory girdle,0,103185.6,122407.9,60560.0
celltype78,INsplitPBant,Interneuron,ventral nerve cord   mechanosensory girdle,1,60619.5,128370.6,60840.0
celltype79,INsplitPB,Interneuron,ventral nerve cord   mechanosensory girdle,0,95851.2,136249.7,112120.0
celltype79,INsplitPB,Interneuron,ventral nerve cord   mechanosensory girdle,1,82440.2,138972.9,151640.0
celltype79,INsplitPB,Interneuron,ventral nerve cord   mechanosensory girdle,2,101519.0,139136.2,114320.0
celltype79,INsplitPB,Interneuron,ventral nerve cord   mechanosensory girdle,3,95236.6,131570.8,113080.0
celltype79,INsplitPB,Interneuron,ventral nerve cord   mechanosensory girdle,4,63001.8,138236.9,109320.0
celltype79,INsplitPB,Interneuron,ventral nerve cord   mechanosensory girdle,5,58654.7,129418.6,112400.0
celltype79,INsplitPB,Interneuron,ventral nerve cord   mechanosensory girdle,6,80696.8,135305.6,151160.0
celltype79,INsplitPB,Interneuron,ventral nerve cord   mechanosensory girdle,7,102160.4,127101.0,75240.0
celltype79,INsplitPB,Interneuron,ventral nerve cord   mechanosensory girdle,8,97153.8,145898.4,113640.0
celltype79,INsplitPB,Interneuron,ventral nerve cord   mechanosensory girdle,9,81040.5,142131.5,149880.0
celltype79,INsplitPB,Interneuron,ventral nerve cord   mechanosensory girdle,10,52353.9,142937.4,143680.0
celltype79,INsplitPB,Interneuron,ventral nerve cord   mechanosensory girdle,11,50174.4,141388.7,142400.0
celltype79,INsplitPB,Interneuron,ventral nerve cord   mechanosensory girdle,12,58200.3,137910.4,110520.0
celltype79,INsplitPB,Interneuron,ventral nerve cord   mechanosensory girdle,13,63817.8,126960.9,77360.0
celltype79,INsplitPB,Interneuron,ventral nerve cord   mechanosensory girdle,14,95073.8,138294.8,114640.0
celltype79,INsplitPB,Interneuron,ventral nerve cord   mechanosensory girdle,15,50891.4,136933.7,142360.0
celltype8,Ser-h1,Motoneuron,ciliomotor        decussating,0,90244.7,46277.2,24560.0
celltype8,Ser-h1,Motoneuron,ciliomotor        decussating,1,42536.7,49203.7,34680.0
celltype80,PB,Sensory neuron,dorsal sensory organ        ventral nerve cord peripheral NS  mechanosensory girdle,0,38081.7,116658.3,86000.0
celltype80,PB,Sensory neuron,dorsal sensory organ        ventral nerve cord peripheral NS  mechanosensory girdle,1,68670.8,30377.8,26120.0
celltype80,PB,Sensory neuron,dorsal sensory organ        ventral nerve cord peripheral NS  mechanosensory girdle,2,36158.9,131617.7,124600.0
celltype80,PB,Sensory neuron,dorsal sensory organ        ventral nerve cord peripheral NS  mechanosensory girdle,3,51099.1,133310.5,162360.0
celltype80,PB,Sensory neuron,dorsal sensory organ        ventral nerve cord peripheral NS  mechanosensory girdle,4,65497.8,134618.3,167640.0
celltype80,PB,Sensory neuron,dorsal sensory organ        ventral nerve cord peripheral NS  mechanosensory girdle,5,41296.6,132830.9,160560.0
celltype80,PB,Sensory neuron,dorsal sensory organ        ventral nerve cord peripheral NS  mechanosensory girdle,6,34515.1,71562.9,111160.0
celltype80,PB,Sensory neuron,dorsal sensory organ        ventral nerve cord peripheral NS  mechanosensory girdle,7,102584.2,62292.4,112600.0
celltype80,PB,Sensory neuron,dorsal sensory organ        ventral nerve cord peripheral NS  mechanosensory girdle,8,60695.9,63804.8,157400.0
celltype80,PB,Sensory neuron,dorsal sensory organ        ventral nerve cord peripheral NS  mechanosensory girdle,9,77601.4,73306.9,162660.0
celltype80,PB,Sensory neuron,dorsal sensory organ        ventral nerve cord peripheral NS  mechanosensory girdle,10,92574.2,46143.2,13680.0
celltype80,PB,Sensory neuron,dorsal sensory organ        ventral nerve cord peripheral NS  mechanosensory girdle,11,53668.0,116340.8,183040.0
celltype80,PB,Sensory neuron,dorsal sensory organ        ventral nerve cord peripheral NS  mechanosensory girdle,12,47721.3,119330.2,177320.0
celltype80,PB,Sensory neuron,dorsal sensory organ        ventral nerve cord peripheral NS  mechanosensory girdle,13,48676.0,49801.4,11800.0
celltype80,PB,Sensory neuron,dorsal sensory organ        ventral nerve cord peripheral NS  mechanosensory girdle,14,103584.4,124544.3,125880.0
celltype80,PB,Sensory neuron,dorsal sensory organ        ventral nerve cord peripheral NS  mechanosensory girdle,15,56086.4,114637.7,183120.0
celltype80,PB,Sensory neuron,dorsal sensory organ        ventral nerve cord peripheral NS  mechanosensory girdle,16,58250.5,115136.5,179080.0
celltype80,PB,Sensory neuron,dorsal sensory organ        ventral nerve cord peripheral NS  mechanosensory girdle,17,44588.6,65911.2,152840.0
celltype80,PB,Sensory neuron,dorsal sensory organ        ventral nerve cord peripheral NS  mechanosensory girdle,18,61894.1,142995.1,101720.0
celltype80,PB,Sensory neuron,dorsal sensory organ        ventral nerve cord peripheral NS  mechanosensory girdle,19,98241.4,136443.9,56120.0
celltype80,PB,Sensory neuron,dorsal sensory organ        ventral nerve cord peripheral NS  mechanosensory girdle,20,68414.4,142175.9,56120.0
celltype80,PB,Sensory neuron,dorsal sensory organ        ventral nerve cord peripheral NS  mechanosensory girdle,21,47773.8,146386.4,141560.0
celltype80,PB,Sensory neuron,dorsal sensory organ        ventral nerve cord peripheral NS  mechanosensory girdle,22,17137.0,109400.1,150680.0
celltype80,PB,Sensory neuron,dorsal sensory organ        ventral nerve cord peripheral NS  mechanosensory girdle,23,95265.1,95836.5,161080.0
celltype80,PB,Sensory neuron,dorsal sensory organ        ventral nerve cord peripheral NS  mechanosensory girdle,24,94856.7,60897.2,127400.0
celltype80,PB,Sensory neuron,dorsal sensory organ        ventral nerve cord peripheral NS  mechanosensory girdle,25,103628.9,42986.7,93640.0
celltype80,PB,Sensory neuron,dorsal sensory organ        ventral nerve cord peripheral NS  mechanosensory girdle,26,61870.8,117131.2,179440.0
celltype80,PB,Sensory neuron,dorsal sensory organ        ventral nerve cord peripheral NS  mechanosensory girdle,27,91103.8,48214.5,110600.0
celltype80,PB,Sensory neuron,dorsal sensory organ        ventral nerve cord peripheral NS  mechanosensory girdle,28,80751.1,142830.8,140760.0
celltype80,PB,Sensory neuron,dorsal sensory organ        ventral nerve cord peripheral NS  mechanosensory girdle,29,106600.5,139671.5,110520.0
celltype80,PB,Sensory neuron,dorsal sensory organ        ventral nerve cord peripheral NS  mechanosensory girdle,30,86043.5,140609.5,151880.0
celltype80,PB,Sensory neuron,dorsal sensory organ        ventral nerve cord peripheral NS  mechanosensory girdle,31,36286.1,142921.7,139360.0
celltype80,PB,Sensory neuron,dorsal sensory organ        ventral nerve cord peripheral NS  mechanosensory girdle,32,29828.7,82093.4,155160.0
celltype80,PB,Sensory neuron,dorsal sensory organ        ventral nerve cord peripheral NS  mechanosensory girdle,33,49126.7,51524.0,107920.0
celltype80,PB,Sensory neuron,dorsal sensory organ        ventral nerve cord peripheral NS  mechanosensory girdle,34,116338.7,59225.8,84720.0
celltype80,PB,Sensory neuron,dorsal sensory organ        ventral nerve cord peripheral NS  mechanosensory girdle,35,27556.5,70059.4,75200.0
celltype80,PB,Sensory neuron,dorsal sensory organ        ventral nerve cord peripheral NS  mechanosensory girdle,36,94599.8,132946.3,156500.0
celltype80,PB,Sensory neuron,dorsal sensory organ        ventral nerve cord peripheral NS  mechanosensory girdle,37,112031.5,109934.3,87320.0
celltype80,PB,Sensory neuron,dorsal sensory organ        ventral nerve cord peripheral NS  mechanosensory girdle,38,113575.9,130319.7,75280.0
celltype80,PB,Sensory neuron,dorsal sensory organ        ventral nerve cord peripheral NS  mechanosensory girdle,39,53515.4,131370.1,78520.0
celltype80,PB,Sensory neuron,dorsal sensory organ        ventral nerve cord peripheral NS  mechanosensory girdle,40,75591.3,130163.2,166760.0
celltype80,PB,Sensory neuron,dorsal sensory organ        ventral nerve cord peripheral NS  mechanosensory girdle,41,90644.6,101744.4,167960.0
celltype80,PB,Sensory neuron,dorsal sensory organ        ventral nerve cord peripheral NS  mechanosensory girdle,42,25698.7,109575.1,155360.0
celltype80,PB,Sensory neuron,dorsal sensory organ        ventral nerve cord peripheral NS  mechanosensory girdle,43,114072.3,94104.2,108480.0
celltype80,PB,Sensory neuron,dorsal sensory organ        ventral nerve cord peripheral NS  mechanosensory girdle,44,25987.0,114930.7,157480.0
celltype80,PB,Sensory neuron,dorsal sensory organ        ventral nerve cord peripheral NS  mechanosensory girdle,45,77221.9,104535.8,169040.0
celltype80,PB,Sensory neuron,dorsal sensory organ        ventral nerve cord peripheral NS  mechanosensory girdle,46,32981.9,54806.9,86240.0
celltype80,PB,Sensory neuron,dorsal sensory organ        ventral nerve cord peripheral NS  mechanosensory girdle,47,13291.4,99820.2,110720.0
celltype80,PB,Sensory neuron,dorsal sensory organ        ventral nerve cord peripheral NS  mechanosensory girdle,48,94257.2,145769.9,104440.0
celltype80,PB,Sensory neuron,dorsal sensory organ        ventral nerve cord peripheral NS  mechanosensory girdle,49,40242.1,126855.0,106040.0
celltype80,PB,Sensory neuron,dorsal sensory organ        ventral nerve cord peripheral NS  mechanosensory girdle,50,47679.8,144714.0,107720.0
celltype80,PB,Sensory neuron,dorsal sensory organ        ventral nerve cord peripheral NS  mechanosensory girdle,51,17260.3,104179.6,116760.0
celltype80,PB,Sensory neuron,dorsal sensory organ        ventral nerve cord peripheral NS  mechanosensory girdle,52,15311.0,107155.8,116480.0
celltype80,PB,Sensory neuron,dorsal sensory organ        ventral nerve cord peripheral NS  mechanosensory girdle,53,110239.5,120586.4,107760.0
celltype80,PB,Sensory neuron,dorsal sensory organ        ventral nerve cord peripheral NS  mechanosensory girdle,54,116914.5,87028.2,98880.0
celltype80,PB,Sensory neuron,dorsal sensory organ        ventral nerve cord peripheral NS  mechanosensory girdle,55,114552.5,90326.0,106120.0
celltype80,PB,Sensory neuron,dorsal sensory organ        ventral nerve cord peripheral NS  mechanosensory girdle,56,60223.8,145297.4,136720.0
celltype82,cioMNcover,Motoneuron,ventral nerve cord,0,59597.6,127634.4,166880.0
celltype82,cioMNcover,Motoneuron,ventral nerve cord,1,51222.1,126028.9,163460.0
celltype82,cioMNcover,Motoneuron,ventral nerve cord,2,60179.2,124119.7,176320.0
celltype83,INsplitPUh,Interneuron,mechanosensory girdle,0,42703.8,103089.3,34500.0
celltype83,INsplitPUh,Interneuron,mechanosensory girdle,1,43389.0,104381.5,37080.0
celltype83,INsplitPUh,Interneuron,mechanosensory girdle,2,108685.1,90844.9,39680.0
celltype83,INsplitPUh,Interneuron,mechanosensory girdle,3,106536.9,93098.8,39640.0
celltype84,MN3,Motoneuron,ciliomotor        decussating,0,87600.4,92868.8,15880.0
celltype84,MN3,Motoneuron,ciliomotor        decussating,1,64541.0,92388.8,13880.0
celltype85,MN1,Motoneuron,ciliomotor        decussating,0,90988.3,87558.4,18400.0
celltype85,MN1,Motoneuron,ciliomotor        decussating,1,59441.5,89490.0,17459.8
celltype86,MN2,Motoneuron,ciliomotor        decussating,0,62399.2,87426.3,14480.0
celltype86,MN2,Motoneuron,ciliomotor        decussating,1,86050.2,86293.8,16440.0
celltype87,MC3cover,Motoneuron,ventral nerve cord   mechanosensory girdle,0,96564.5,124167.1,64680.0
celltype87,MC3cover,Motoneuron,ventral nerve cord   mechanosensory girdle,1,65947.1,127645.4,62840.0
celltype88,antPUc,Sensory neuron,antenna         mechanosensory girdle,0,43495.1,87401.4,12800.0
celltype88,antPUc,Sensory neuron,antenna         mechanosensory girdle,1,50394.4,80629.5,12560.0
celltype88,antPUc,Sensory neuron,antenna         mechanosensory girdle,2,50875.9,77105.3,13000.0
celltype88,antPUc,Sensory neuron,antenna         mechanosensory girdle,3,53198.5,74251.8,8840.0
celltype88,antPUc,Sensory neuron,antenna         mechanosensory girdle,4,50633.3,74605.6,8000.0
celltype88,antPUc,Sensory neuron,antenna         mechanosensory girdle,5,51806.3,72324.0,15640.0
celltype88,antPUc,Sensory neuron,antenna         mechanosensory girdle,6,52492.4,72073.6,11200.0
celltype88,antPUc,Sensory neuron,antenna         mechanosensory girdle,7,48788.6,76294.2,16520.0
celltype88,antPUc,Sensory neuron,antenna         mechanosensory girdle,8,42623.0,68453.0,10400.0
celltype88,antPUc,Sensory neuron,antenna         mechanosensory girdle,9,103595.9,81029.4,12000.0
celltype88,antPUc,Sensory neuron,antenna         mechanosensory girdle,10,96570.4,71246.4,14000.0
celltype88,antPUc,Sensory neuron,antenna         mechanosensory girdle,11,95832.8,74609.5,15400.0
celltype88,antPUc,Sensory neuron,antenna         mechanosensory girdle,12,95344.5,77307.8,12960.0
celltype88,antPUc,Sensory neuron,antenna         mechanosensory girdle,13,93675.4,76938.7,9680.0
celltype88,antPUc,Sensory neuron,antenna         mechanosensory girdle,14,94453.1,75140.7,7120.0
celltype88,antPUc,Sensory neuron,antenna         mechanosensory girdle,15,95593.8,71322.5,10040.0
celltype88,antPUc,Sensory neuron,antenna         mechanosensory girdle,16,93332.9,72616.4,11320.0
celltype89,spinPU,Sensory neuron,peripheral NS  mechanosensory girdle,0,111272.3,88028.6,97960.0
celltype89,spinPU,Sensory neuron,peripheral NS  mechanosensory girdle,1,95526.8,95881.9,155240.0
celltype89,spinPU,Sensory neuron,peripheral NS  mechanosensory girdle,2,111458.4,90661.2,105360.0
celltype89,spinPU,Sensory neuron,peripheral NS  mechanosensory girdle,3,88541.5,99106.6,163800.0
celltype89,spinPU,Sensory neuron,peripheral NS  mechanosensory girdle,4,88723.0,104673.4,167600.0
celltype89,spinPU,Sensory neuron,peripheral NS  mechanosensory girdle,5,27448.2,112088.4,155880.0
celltype89,spinPU,Sensory neuron,peripheral NS  mechanosensory girdle,6,24717.8,112133.0,158000.0
celltype89,spinPU,Sensory neuron,peripheral NS  mechanosensory girdle,7,17029.2,107153.9,152120.0
celltype89,spinPU,Sensory neuron,peripheral NS  mechanosensory girdle,8,22971.5,105099.2,112880.0
celltype89,spinPU,Sensory neuron,peripheral NS  mechanosensory girdle,9,21932.9,106904.9,116520.0
celltype89,spinPU,Sensory neuron,peripheral NS  mechanosensory girdle,10,15999.0,99427.6,109240.0
celltype89,spinPU,Sensory neuron,peripheral NS  mechanosensory girdle,11,105086.4,92855.4,111280.0
celltype9,MC,Motoneuron,ciliomotor,0,79030.7,46807.0,25160.0
celltype90,VentraltrunkPUunp,Sensory neuron,ventral nerve cord,0,75693.9,133939.6,120120.0
celltype91,trochPU,Sensory neuron,ventral nerve cord peripheral NS  mechanosensory girdle,0,90813.0,147542.4,114320.0
celltype91,trochPU,Sensory neuron,ventral nerve cord peripheral NS  mechanosensory girdle,1,41778.8,68527.8,151840.0
celltype91,trochPU,Sensory neuron,ventral nerve cord peripheral NS  mechanosensory girdle,2,96782.1,136758.0,58400.0
celltype91,trochPU,Sensory neuron,ventral nerve cord peripheral NS  mechanosensory girdle,3,44060.7,129664.4,114080.0
celltype91,trochPU,Sensory neuron,ventral nerve cord peripheral NS  mechanosensory girdle,4,42698.5,145000.2,140440.0
celltype91,trochPU,Sensory neuron,ventral nerve cord peripheral NS  mechanosensory girdle,5,106658.1,46022.2,91800.0
celltype91,trochPU,Sensory neuron,ventral nerve cord peripheral NS  mechanosensory girdle,6,31275.9,58699.4,83960.0
celltype91,trochPU,Sensory neuron,ventral nerve cord peripheral NS  mechanosensory girdle,7,69978.6,142387.6,58200.0
celltype91,trochPU,Sensory neuron,ventral nerve cord peripheral NS  mechanosensory girdle,8,93177.6,50426.0,110560.0
celltype91,trochPU,Sensory neuron,ventral nerve cord peripheral NS  mechanosensory girdle,9,69410.0,137040.9,83140.0
celltype91,trochPU,Sensory neuron,ventral nerve cord peripheral NS  mechanosensory girdle,10,96277.4,137984.8,81680.0
celltype91,trochPU,Sensory neuron,ventral nerve cord peripheral NS  mechanosensory girdle,11,58532.8,146014.0,144880.0
celltype91,trochPU,Sensory neuron,ventral nerve cord peripheral NS  mechanosensory girdle,12,59521.8,134210.3,168120.0
celltype91,trochPU,Sensory neuron,ventral nerve cord peripheral NS  mechanosensory girdle,13,29305.6,81572.3,153520.0
celltype91,trochPU,Sensory neuron,ventral nerve cord peripheral NS  mechanosensory girdle,14,118824.6,64444.0,83520.0
celltype91,trochPU,Sensory neuron,ventral nerve cord peripheral NS  mechanosensory girdle,15,28389.0,66689.5,74880.0
celltype91,trochPU,Sensory neuron,ventral nerve cord peripheral NS  mechanosensory girdle,16,53437.4,128612.8,78360.0
celltype91,trochPU,Sensory neuron,ventral nerve cord peripheral NS  mechanosensory girdle,17,103656.0,63251.4,111320.0
celltype91,trochPU,Sensory neuron,ventral nerve cord peripheral NS  mechanosensory girdle,18,65665.6,148361.8,112360.0
celltype91,trochPU,Sensory neuron,ventral nerve cord peripheral NS  mechanosensory girdle,19,75808.3,143575.8,146920.0
celltype91,trochPU,Sensory neuron,ventral nerve cord peripheral NS  mechanosensory girdle,20,35981.5,68495.7,108320.0
celltype91,trochPU,Sensory neuron,ventral nerve cord peripheral NS  mechanosensory girdle,21,88258.9,138049.1,152280.0
celltype91,trochPU,Sensory neuron,ventral nerve cord peripheral NS  mechanosensory girdle,22,79044.9,72610.0,161080.0
celltype91,trochPU,Sensory neuron,ventral nerve cord peripheral NS  mechanosensory girdle,23,65157.2,64079.4,157960.0
celltype91,trochPU,Sensory neuron,ventral nerve cord peripheral NS  mechanosensory girdle,24,108263.6,137319.3,109960.0
celltype91,trochPU,Sensory neuron,ventral nerve cord peripheral NS  mechanosensory girdle,25,44294.7,142280.1,106120.0
celltype91,trochPU,Sensory neuron,ventral nerve cord peripheral NS  mechanosensory girdle,26,45354.1,55124.5,107920.0
celltype91,trochPU,Sensory neuron,ventral nerve cord peripheral NS  mechanosensory girdle,27,104939.2,118570.5,123720.0
celltype91,trochPU,Sensory neuron,ventral nerve cord peripheral NS  mechanosensory girdle,28,108715.9,118495.1,109000.0
celltype91,trochPU,Sensory neuron,ventral nerve cord peripheral NS  mechanosensory girdle,29,112147.2,127758.5,74600.0
celltype92,hPUc1,Sensory neuron,central brain,0,81021.7,66676.3,5400.0
celltype92,hPUc1,Sensory neuron,central brain,1,69371.2,69161.8,5280.0
celltype93,pygCirrusPUSM,Sensory neuron,ventral nerve cord   mechanosensory girdle,0,57869.5,110991.6,177880.0
celltype93,pygCirrusPUSM,Sensory neuron,ventral nerve cord   mechanosensory girdle,1,46366.0,119008.4,170960.0
celltype94,hCirrusPU,Sensory neuron,ventral nerve cord peripheral NS  mechanosensory girdle,0,36590.0,106544.1,46160.0
celltype94,hCirrusPU,Sensory neuron,ventral nerve cord peripheral NS  mechanosensory girdle,1,40501.1,95030.4,77180.0
celltype94,hCirrusPU,Sensory neuron,ventral nerve cord peripheral NS  mechanosensory girdle,2,37227.2,97264.9,75120.0
celltype94,hCirrusPU,Sensory neuron,ventral nerve cord peripheral NS  mechanosensory girdle,3,113797.7,94071.6,56120.0
celltype94,hCirrusPU,Sensory neuron,ventral nerve cord peripheral NS  mechanosensory girdle,4,115046.1,91426.8,53920.0
celltype94,hCirrusPU,Sensory neuron,ventral nerve cord peripheral NS  mechanosensory girdle,5,34794.6,107451.1,47560.0
celltype94,hCirrusPU,Sensory neuron,ventral nerve cord peripheral NS  mechanosensory girdle,6,23403.9,100872.6,123360.0
celltype94,hCirrusPU,Sensory neuron,ventral nerve cord peripheral NS  mechanosensory girdle,7,111561.8,94384.4,83440.0
celltype94,hCirrusPU,Sensory neuron,ventral nerve cord peripheral NS  mechanosensory girdle,8,112513.1,92389.5,81040.0
celltype94,hCirrusPU,Sensory neuron,ventral nerve cord peripheral NS  mechanosensory girdle,9,27159.9,102789.3,121120.0
celltype94,hCirrusPU,Sensory neuron,ventral nerve cord peripheral NS  mechanosensory girdle,10,40041.2,103128.7,161080.0
celltype94,hCirrusPU,Sensory neuron,ventral nerve cord peripheral NS  mechanosensory girdle,11,111469.4,84386.8,118960.0
celltype94,hCirrusPU,Sensory neuron,ventral nerve cord peripheral NS  mechanosensory girdle,12,108094.2,90104.9,120120.0
celltype94,hCirrusPU,Sensory neuron,ventral nerve cord peripheral NS  mechanosensory girdle,13,112830.1,93168.9,52880.0
celltype95,parapodPU,Sensory neuron,ventral nerve cord peripheral NS  mechanosensory girdle,0,100564.3,131858.8,127960.0
celltype95,parapodPU,Sensory neuron,ventral nerve cord peripheral NS  mechanosensory girdle,1,43811.8,129840.2,120600.0
celltype95,parapodPU,Sensory neuron,ventral nerve cord peripheral NS  mechanosensory girdle,2,79508.3,92824.5,168920.0
celltype95,parapodPU,Sensory neuron,ventral nerve cord peripheral NS  mechanosensory girdle,3,78814.2,95448.0,170560.0
celltype95,parapodPU,Sensory neuron,ventral nerve cord peripheral NS  mechanosensory girdle,4,94856.7,60897.2,127400.0
celltype95,parapodPU,Sensory neuron,ventral nerve cord peripheral NS  mechanosensory girdle,5,118957.9,105419.9,83840.0
celltype95,parapodPU,Sensory neuron,ventral nerve cord peripheral NS  mechanosensory girdle,6,44433.5,121352.3,96880.0
celltype95,parapodPU,Sensory neuron,ventral nerve cord peripheral NS  mechanosensory girdle,7,106763.1,123003.9,100720.0
celltype95,parapodPU,Sensory neuron,ventral nerve cord peripheral NS  mechanosensory girdle,8,111528.5,121862.8,88280.0
celltype95,parapodPU,Sensory neuron,ventral nerve cord peripheral NS  mechanosensory girdle,9,100502.2,128582.4,128400.0
celltype95,parapodPU,Sensory neuron,ventral nerve cord peripheral NS  mechanosensory girdle,10,43270.4,111302.9,79760.0
celltype95,parapodPU,Sensory neuron,ventral nerve cord peripheral NS  mechanosensory girdle,11,43603.7,130436.5,111960.0
celltype95,parapodPU,Sensory neuron,ventral nerve cord peripheral NS  mechanosensory girdle,12,83768.3,127732.7,156520.0
celltype95,parapodPU,Sensory neuron,ventral nerve cord peripheral NS  mechanosensory girdle,13,39509.6,129519.6,113480.0
celltype95,parapodPU,Sensory neuron,ventral nerve cord peripheral NS  mechanosensory girdle,14,26650.8,96779.0,121560.0
celltype95,parapodPU,Sensory neuron,ventral nerve cord peripheral NS  mechanosensory girdle,15,123344.9,82186.3,90200.0
celltype95,parapodPU,Sensory neuron,ventral nerve cord peripheral NS  mechanosensory girdle,16,80539.6,125256.7,157680.0
celltype95,parapodPU,Sensory neuron,ventral nerve cord peripheral NS  mechanosensory girdle,17,43917.1,133875.8,121800.0
celltype95,parapodPU,Sensory neuron,ventral nerve cord peripheral NS  mechanosensory girdle,18,49931.5,123831.1,90419.8
celltype95,parapodPU,Sensory neuron,ventral nerve cord peripheral NS  mechanosensory girdle,19,31703.5,101835.3,162080.0
celltype95,parapodPU,Sensory neuron,ventral nerve cord peripheral NS  mechanosensory girdle,20,41963.4,130855.6,142840.0
celltype95,parapodPU,Sensory neuron,ventral nerve cord peripheral NS  mechanosensory girdle,21,40045.9,133742.0,144000.0
celltype95,parapodPU,Sensory neuron,ventral nerve cord peripheral NS  mechanosensory girdle,22,106114.7,122092.6,117000.0
celltype95,parapodPU,Sensory neuron,ventral nerve cord peripheral NS  mechanosensory girdle,23,108770.9,123190.1,118960.0
celltype95,parapodPU,Sensory neuron,ventral nerve cord peripheral NS  mechanosensory girdle,24,110845.8,84024.4,117000.0
celltype95,parapodPU,Sensory neuron,ventral nerve cord peripheral NS  mechanosensory girdle,25,26501.2,96939.7,74120.0
celltype96,hPU,Sensory neuron,mechanosensory girdle   descending,0,83750.9,66170.8,9160.0
celltype96,hPU,Sensory neuron,mechanosensory girdle   descending,1,84624.2,62990.1,8760.0
celltype96,hPU,Sensory neuron,mechanosensory girdle   descending,2,62362.7,65472.7,8760.0
celltype96,hPU,Sensory neuron,mechanosensory girdle   descending,3,61888.6,64816.2,6520.0
celltype96,hPU,Sensory neuron,mechanosensory girdle   descending,4,88643.1,44654.3,13120.0
celltype96,hPU,Sensory neuron,mechanosensory girdle   descending,5,52404.5,50531.8,12040.0
celltype97,dsoPU,Sensory neuron,dorsal sensory organ           mechanosensory girdle,0,71367.6,32725.9,29000.0
celltype97,dsoPU,Sensory neuron,dorsal sensory organ           mechanosensory girdle,1,66420.7,33731.0,24760.0
celltype97,dsoPU,Sensory neuron,dorsal sensory organ           mechanosensory girdle,2,69329.7,29997.1,23480.0
celltype97,dsoPU,Sensory neuron,dorsal sensory organ           mechanosensory girdle,3,59752.8,26654.5,29520.0
celltype98,pygCirrusPU,Sensory neuron,ventral nerve cord   mechanosensory girdle,0,42155.4,119461.7,177720.0
celltype98,pygCirrusPU,Sensory neuron,ventral nerve cord   mechanosensory girdle,1,41652.7,114647.9,174160.0
celltype98,pygCirrusPU,Sensory neuron,ventral nerve cord   mechanosensory girdle,2,45871.7,117902.1,175960.0
celltype98,pygCirrusPU,Sensory neuron,ventral nerve cord   mechanosensory girdle,3,44970.9,119704.0,178360.0
celltype98,pygCirrusPU,Sensory neuron,ventral nerve cord   mechanosensory girdle,4,46339.6,114971.2,179040.0
celltype98,pygCirrusPU,Sensory neuron,ventral nerve cord   mechanosensory girdle,5,42794.9,123046.3,174960.0
celltype98,pygCirrusPU,Sensory neuron,ventral nerve cord   mechanosensory girdle,6,52767.6,111181.8,182800.0
celltype98,pygCirrusPU,Sensory neuron,ventral nerve cord   mechanosensory girdle,7,55092.0,108225.6,179080.0
celltype98,pygCirrusPU,Sensory neuron,ventral nerve cord   mechanosensory girdle,8,42231.8,113563.1,176280.0
celltype98,pygCirrusPU,Sensory neuron,ventral nerve cord   mechanosensory girdle,9,43928.0,120268.9,174840.0
celltype98,pygCirrusPU,Sensory neuron,ventral nerve cord   mechanosensory girdle,10,46375.9,115328.2,171560.0
celltype98,pygCirrusPU,Sensory neuron,ventral nerve cord   mechanosensory girdle,11,46183.7,123126.9,175960.0
celltype98,pygCirrusPU,Sensory neuron,ventral nerve cord   mechanosensory girdle,12,43210.4,120856.5,171400.0
celltype98,pygCirrusPU,Sensory neuron,ventral nerve cord   mechanosensory girdle,13,59577.3,117444.0,175720.0
celltype98,pygCirrusPU,Sensory neuron,ventral nerve cord   mechanosensory girdle,14,63302.6,115873.8,175280.0
celltype98,pygCirrusPU,Sensory neuron,ventral nerve cord   mechanosensory girdle,15,45896.7,110798.1,173160.0
celltype98,pygCirrusPU,Sensory neuron,ventral nerve cord   mechanosensory girdle,16,43506.7,111627.0,173360.0
celltype_non_neuronal1,akrotroch,multiciliated cell,,0,114958.7,54264.2,31060.0
celltype_non_neuronal1,akrotroch,multiciliated cell,,1,122347.0,60331.5,31680.0
celltype_non_neuronal1,akrotroch,multiciliated cell,,2,38332.5,50569.8,23720.0
celltype_non_neuronal1,akrotroch,multiciliated cell,,3,42831.4,42809.1,23720.0
celltype_non_neuronal1,akrotroch,multiciliated cell,,4,24843.1,64901.2,29040.0
celltype_non_neuronal1,akrotroch,multiciliated cell,,5,97668.6,35240.6,24515.7
celltype_non_neuronal1,akrotroch,multiciliated cell,,6,104564.3,43906.9,24200.0
celltype_non_neuronal1,akrotroch,multiciliated cell,,7,25050.5,74129.4,30678.3
celltype_non_neuronal10,eyespot-pigment-cell,pigment cell,,0,28324.8,70918.9,20400.0
celltype_non_neuronal10,eyespot-pigment-cell,pigment cell,,1,115311.0,62419.2,21600.0
celltype_non_neuronal11,pigment-cell,pigment cell,,0,102890.7,37230.4,37120.0
celltype_non_neuronal11,pigment-cell,pigment cell,,1,35632.7,56956.6,37120.0
celltype_non_neuronal11,pigment-cell,pigment cell,,2,104164.4,51002.4,32560.0
celltype_non_neuronal11,pigment-cell,pigment cell,,3,35843.1,49734.7,26920.0
celltype_non_neuronal11,pigment-cell,pigment cell,,4,35416.4,58252.2,31000.0
celltype_non_neuronal11,pigment-cell,pigment cell,,5,104747.0,44853.1,29160.0
celltype_non_neuronal11,pigment-cell,pigment cell,,6,104829.9,37531.9,29880.0
celltype_non_neuronal11,pigment-cell,pigment cell,,7,38197.7,48259.0,37920.0
celltype_non_neuronal11,pigment-cell,pigment cell,,8,106075.9,43971.6,44840.0
celltype_non_neuronal11,pigment-cell,pigment cell,,9,30658.9,52684.3,40760.0
celltype_non_neuronal11,pigment-cell,pigment cell,,10,36269.6,43270.2,27720.0
celltype_non_neuronal11,pigment-cell,pigment cell,,11,106172.7,46436.8,38400.0
celltype_non_neuronal12,gland-pigment,gland,,0,38119.4,100535.8,135920.0
celltype_non_neuronal12,gland-pigment,gland,,1,37790.4,97270.8,94680.0
celltype_non_neuronal12,gland-pigment,gland,,2,84595.1,94996.2,143080.0
celltype_non_neuronal12,gland-pigment,gland,,3,79459.6,118045.0,137720.0
celltype_non_neuronal12,gland-pigment,gland,,4,43355.7,90548.7,72760.0
celltype_non_neuronal12,gland-pigment,gland,,5,90799.8,113834.1,111520.0
celltype_non_neuronal12,gland-pigment,gland,,6,87819.1,90324.3,104480.0
celltype_non_neuronal12,gland-pigment,gland,,7,56818.6,114885.1,137600.0
celltype_non_neuronal12,gland-pigment,gland,,8,56095.5,118359.6,103200.0
celltype_non_neuronal12,gland-pigment,gland,,9,108483.3,92857.9,77480.0
celltype_non_neuronal13,macrophage-like,macrophage-like,,0,86254.3,113244.4,13200.0
celltype_non_neuronal13,macrophage-like,macrophage-like,,1,53065.5,118608.9,143840.0
celltype_non_neuronal13,macrophage-like,macrophage-like,,2,62619.8,124389.1,21360.0
celltype_non_neuronal13,macrophage-like,macrophage-like,,3,47570.0,95075.5,20000.0
celltype_non_neuronal13,macrophage-like,macrophage-like,,4,43112.1,54878.1,25160.0
celltype_non_neuronal13,macrophage-like,macrophage-like,,5,46246.9,95771.0,165360.0
celltype_non_neuronal13,macrophage-like,macrophage-like,,6,112857.9,68294.0,76760.0
celltype_non_neuronal13,macrophage-like,macrophage-like,,7,108423.1,79210.2,15080.0
celltype_non_neuronal13,macrophage-like,macrophage-like,,8,98463.3,81629.5,85200.0
celltype_non_neuronal13,macrophage-like,macrophage-like,,9,76771.8,66292.6,149400.0
celltype_non_neuronal13,macrophage-like,macrophage-like,,10,35059.5,95770.3,86880.0
celltype_non_neuronal13,macrophage-like,macrophage-like,,11,33908.7,86328.7,149480.0
celltype_non_neuronal13,macrophage-like,macrophage-like,,12,34713.9,91311.7,83360.0
celltype_non_neuronal14,yolk-cover-cell cell,pigment cell,,0,74425.5,51471.9,34320.0
celltype_non_neuronal14,yolk-cover-cell cell,pigment cell,,1,79021.2,37782.4,32800.0
celltype_non_neuronal14,yolk-cover-cell cell,pigment cell,,2,75075.0,29335.8,34720.0
celltype_non_neuronal14,yolk-cover-cell cell,pigment cell,,3,61130.0,17287.9,49600.0
celltype_non_neuronal14,yolk-cover-cell cell,pigment cell,,4,60117.5,23986.4,61640.0
celltype_non_neuronal14,yolk-cover-cell cell,pigment cell,,5,68493.5,31347.3,34160.0
celltype_non_neuronal14,yolk-cover-cell cell,pigment cell,,6,65890.2,43231.9,34200.0
celltype_non_neuronal14,yolk-cover-cell cell,pigment cell,,7,58676.7,103458.1,157560.0
celltype_non_neuronal14,yolk-cover-cell cell,pigment cell,,8,53633.8,100804.3,157200.0
celltype_non_neuronal14,yolk-cover-cell cell,pigment cell,,9,65647.7,89959.0,61080.0
celltype_non_neuronal14,yolk-cover-cell cell,pigment cell,,10,74856.4,96015.9,130960.0
celltype_non_neuronal14,yolk-cover-cell cell,pigment cell,,11,56064.5,94170.2,134080.0
celltype_non_neuronal14,yolk-cover-cell cell,pigment cell,,12,59288.0,67756.3,40120.0
celltype_non_neuronal14,yolk-cover-cell cell,pigment cell,,13,80873.6,82054.7,59240.0
celltype_non_neuronal14,yolk-cover-cell cell,pigment cell,,14,78265.1,93311.1,60880.0
celltype_non_neuronal14,yolk-cover-cell cell,pigment cell,,15,73172.4,96803.5,60880.0
celltype_non_neuronal14,yolk-cover-cell cell,pigment cell,,16,76531.8,104431.7,64440.0
celltype_non_neuronal14,yolk-cover-cell cell,pigment cell,,17,52682.1,91609.6,110120.0
celltype_non_neuronal14,yolk-cover-cell cell,pigment cell,,18,67639.3,96025.6,59120.0
celltype_non_neuronal14,yolk-cover-cell cell,pigment cell,,19,61340.4,85896.5,54600.0
celltype_non_neuronal14,yolk-cover-cell cell,pigment cell,,20,62393.7,108089.4,147200.0
celltype_non_neuronal14,yolk-cover-cell cell,pigment cell,,21,56010.7,102789.1,151960.0
celltype_non_neuronal14,yolk-cover-cell cell,pigment cell,,22,64136.5,95785.9,153800.0
celltype_non_neuronal14,yolk-cover-cell cell,pigment cell,,23,63052.5,101137.7,157600.0
celltype_non_neuronal14,yolk-cover-cell cell,pigment cell,,24,58235.6,108710.9,145320.0
celltype_non_neuronal14,yolk-cover-cell cell,pigment cell,,25,64295.9,106744.4,144200.0
celltype_non_neuronal14,yolk-cover-cell cell,pigment cell,,26,55595.4,103348.9,143000.0
celltype_non_neuronal14,yolk-cover-cell cell,pigment cell,,27,51373.5,97412.1,146600.0
celltype_non_neuronal14,yolk-cover-cell cell,pigment cell,,28,65890.1,97125.7,147320.0
celltype_non_neuronal14,yolk-cover-cell cell,pigment cell,,29,68570.3,99089.8,140840.0
celltype_non_neuronal14,yolk-cover-cell cell,pigment cell,,30,62871.1,102290.4,139760.0
celltype_non_neuronal14,yolk-cover-cell cell,pigment cell,,31,56544.9,100447.5,138040.0
celltype_non_neuronal14,yolk-cover-cell cell,pigment cell,,32,72158.3,58125.5,36360.0
celltype_non_neuronal14,yolk-cover-cell cell,pigment cell,,33,78895.1,57697.7,39360.0
celltype_non_neuronal14,yolk-cover-cell cell,pigment cell,,34,85363.1,63308.2,45560.0
celltype_non_neuronal14,yolk-cover-cell cell,pigment cell,,35,91028.8,68158.9,48920.0
celltype_non_neuronal14,yolk-cover-cell cell,pigment cell,,36,88889.0,70574.1,51600.0
celltype_non_neuronal14,yolk-cover-cell cell,pigment cell,,37,87958.9,92543.4,121000.0
celltype_non_neuronal14,yolk-cover-cell cell,pigment cell,,38,49614.0,88579.9,99720.0
celltype_non_neuronal15,flat-glia,glia cell,,0,76035.9,125433.9,89320.0
celltype_non_neuronal15,flat-glia,glia cell,,1,69056.2,71831.1,16640.0
celltype_non_neuronal15,flat-glia,glia cell,,2,86271.2,69041.7,18400.0
celltype_non_neuronal15,flat-glia,glia cell,,3,59816.5,72402.2,18360.0
celltype_non_neuronal15,flat-glia,glia cell,,4,53802.8,49252.0,25400.0
celltype_non_neuronal15,flat-glia,glia cell,,5,52732.3,120984.0,42840.0
celltype_non_neuronal15,flat-glia,glia cell,,6,59619.9,132122.3,140240.0
celltype_non_neuronal15,flat-glia,glia cell,,7,88306.4,125819.0,88000.0
celltype_non_neuronal15,flat-glia,glia cell,,8,64664.5,131609.8,73160.0
celltype_non_neuronal15,flat-glia,glia cell,,9,105667.2,111080.0,43600.0
celltype_non_neuronal15,flat-glia,glia cell,,10,92810.9,125257.0,72960.0
celltype_non_neuronal15,flat-glia,glia cell,,11,98100.5,128107.1,72520.0
celltype_non_neuronal15,flat-glia,glia cell,,12,85952.6,50548.2,30120.0
celltype_non_neuronal15,flat-glia,glia cell,,13,81570.5,130404.4,120680.0
celltype_non_neuronal15,flat-glia,glia cell,,14,59123.7,126868.0,143280.0
celltype_non_neuronal15,flat-glia,glia cell,,15,93629.2,134472.2,106360.0
celltype_non_neuronal15,flat-glia,glia cell,,16,73142.5,128020.1,146240.0
celltype_non_neuronal15,flat-glia,glia cell,,17,76688.4,136449.3,147240.0
celltype_non_neuronal15,flat-glia,glia cell,,18,65876.1,124419.3,101480.0
celltype_non_neuronal15,flat-glia,glia cell,,19,72808.6,126907.0,73420.0
celltype_non_neuronal15,flat-glia,glia cell,,20,69237.9,130423.2,111640.0
celltype_non_neuronal16,ECmidline,glia cell,,0,76920.8,145255.7,119260.0
celltype_non_neuronal16,ECmidline,glia cell,,1,60917.5,131848.3,161720.0
celltype_non_neuronal16,ECmidline,glia cell,,2,84301.7,139128.5,64040.0
celltype_non_neuronal16,ECmidline,glia cell,,3,67361.5,144471.0,140640.0
celltype_non_neuronal16,ECmidline,glia cell,,4,69690.3,145242.9,132480.0
celltype_non_neuronal16,ECmidline,glia cell,,5,77251.9,145542.6,107680.0
celltype_non_neuronal16,ECmidline,glia cell,,6,71514.4,136177.2,133720.0
celltype_non_neuronal16,ECmidline,glia cell,,7,84075.5,140432.8,95160.0
celltype_non_neuronal16,ECmidline,glia cell,,8,80137.3,143564.7,97440.0
celltype_non_neuronal16,ECmidline,glia cell,,9,81986.3,135322.7,96080.0
celltype_non_neuronal16,ECmidline,glia cell,,10,71493.2,144293.8,133740.0
celltype_non_neuronal16,ECmidline,glia cell,,11,74804.5,144755.3,125480.0
celltype_non_neuronal16,ECmidline,glia cell,,12,72311.1,144314.9,126400.0
celltype_non_neuronal16,ECmidline,glia cell,,13,81696.3,138814.1,94360.0
celltype_non_neuronal16,ECmidline,glia cell,,14,76778.5,141099.5,117800.0
celltype_non_neuronal16,ECmidline,glia cell,,15,72906.9,137991.4,131040.0
celltype_non_neuronal16,ECmidline,glia cell,,16,66609.1,142977.8,149560.0
celltype_non_neuronal16,ECmidline,glia cell,,17,80464.7,141947.4,102400.0
celltype_non_neuronal16,ECmidline,glia cell,,18,82474.8,138166.2,89720.0
celltype_non_neuronal16,ECmidline,glia cell,,19,83721.9,138358.9,87920.0
celltype_non_neuronal16,ECmidline,glia cell,,20,85206.0,139130.7,90360.0
celltype_non_neuronal16,ECmidline,glia cell,,21,82751.3,138001.8,83160.0
celltype_non_neuronal16,ECmidline,glia cell,,22,79106.3,134773.2,51880.0
celltype_non_neuronal16,ECmidline,glia cell,,23,81720.8,144396.8,104280.0
celltype_non_neuronal16,ECmidline,glia cell,,24,60829.4,138418.2,157680.0
celltype_non_neuronal16,ECmidline,glia cell,,25,60779.3,132787.0,163720.0
celltype_non_neuronal16,ECmidline,glia cell,,26,58739.3,133805.0,163200.0
celltype_non_neuronal16,ECmidline,glia cell,,27,82020.8,133876.2,51880.0
celltype_non_neuronal16,ECmidline,glia cell,,28,83492.9,138479.2,78880.0
celltype_non_neuronal16,ECmidline,glia cell,,29,80840.5,139600.1,81320.0
celltype_non_neuronal16,ECmidline,glia cell,,30,77474.6,145089.4,111200.0
celltype_non_neuronal16,ECmidline,glia cell,,31,81334.5,138165.5,76920.0
celltype_non_neuronal16,ECmidline,glia cell,,32,78489.8,136600.6,75800.0
celltype_non_neuronal16,ECmidline,glia cell,,33,76479.1,142389.8,121800.0
celltype_non_neuronal16,ECmidline,glia cell,,34,81688.2,137250.5,63040.0
celltype_non_neuronal16,ECmidline,glia cell,,35,82411.9,129224.4,56360.0
celltype_non_neuronal16,ECmidline,glia cell,,36,80590.0,128282.2,57360.0
celltype_non_neuronal16,ECmidline,glia cell,,37,80901.3,135651.2,58460.0
celltype_non_neuronal16,ECmidline,glia cell,,38,83060.2,134382.4,59319.8
celltype_non_neuronal16,ECmidline,glia cell,,39,62129.9,142094.5,154120.0
celltype_non_neuronal16,ECmidline,glia cell,,40,61996.1,135038.4,158400.0
celltype_non_neuronal16,ECmidline,glia cell,,41,75356.0,145470.3,118600.0
celltype_non_neuronal16,ECmidline,glia cell,,42,81246.3,135455.3,73618.6
celltype_non_neuronal16,ECmidline,glia cell,,43,80682.9,140178.1,72160.0
celltype_non_neuronal16,ECmidline,glia cell,,44,83877.6,140339.1,70200.0
celltype_non_neuronal16,ECmidline,glia cell,,45,64030.2,141180.2,149440.0
celltype_non_neuronal17,MVGland,gland cell,,0,90382.4,119032.6,58240.0
celltype_non_neuronal17,MVGland,gland cell,,1,69992.8,124652.8,55840.0
celltype_non_neuronal17,MVGland,gland cell,,2,73443.4,119588.0,61440.0
celltype_non_neuronal17,MVGland,gland cell,,3,85496.0,118245.1,64400.0
celltype_non_neuronal17,MVGland,gland cell,,4,74014.6,125037.3,58280.0
celltype_non_neuronal17,MVGland,gland cell,,5,88189.4,123430.2,59960.0
celltype_non_neuronal18,microvillarCell,microvillar,,0,79012.1,120494.0,156400.0
celltype_non_neuronal18,microvillarCell,microvillar,,1,49446.2,111859.6,112280.0
celltype_non_neuronal18,microvillarCell,microvillar,,2,42054.7,125380.6,145920.0
celltype_non_neuronal18,microvillarCell,microvillar,,3,87463.0,122768.0,157440.0
celltype_non_neuronal18,microvillarCell,microvillar,,4,88751.2,126917.3,159680.0
celltype_non_neuronal18,microvillarCell,microvillar,,5,93299.7,106128.9,115160.0
celltype_non_neuronal18,microvillarCell,microvillar,,6,46226.4,112214.0,112460.0
celltype_non_neuronal18,microvillarCell,microvillar,,7,44138.1,113883.5,111280.0
celltype_non_neuronal18,microvillarCell,microvillar,,8,90411.4,111066.0,114080.0
celltype_non_neuronal18,microvillarCell,microvillar,,9,90134.1,107418.2,113160.0
celltype_non_neuronal18,microvillarCell,microvillar,,10,99127.5,116298.0,111999.2
celltype_non_neuronal18,microvillarCell,microvillar,,11,36522.4,126604.4,146560.0
celltype_non_neuronal18,microvillarCell,microvillar,,12,32698.9,129008.9,146000.0
celltype_non_neuronal19,protonephridium,excretory system,,0,102603.6,88243.7,34840.0
celltype_non_neuronal19,protonephridium,excretory system,,1,47373.1,91863.5,31220.0
celltype_non_neuronal19,protonephridium,excretory system,,2,106415.3,98741.8,41760.0
celltype_non_neuronal19,protonephridium,excretory system,,3,46444.4,105453.8,38240.0
celltype_non_neuronal2,crescentcell,multiciliated cell,,0,64603.4,35660.4,16320.0
celltype_non_neuronal20,nephridium,excretory system,,0,99614.9,91505.9,135400.0
celltype_non_neuronal20,nephridium,excretory system,,1,96919.7,123173.9,134880.0
celltype_non_neuronal20,nephridium,excretory system,,2,36308.3,104051.3,125900.0
celltype_non_neuronal20,nephridium,excretory system,,3,35069.6,97651.5,125960.0
celltype_non_neuronal20,nephridium,excretory system,,4,90853.9,126873.9,143120.0
celltype_non_neuronal20,nephridium,excretory system,,5,41001.6,132007.7,134440.0
celltype_non_neuronal20,nephridium,excretory system,,6,101898.0,93497.1,133320.0
celltype_non_neuronal20,nephridium,excretory system,,7,98505.1,87712.0,136720.0
celltype_non_neuronal20,nephridium,excretory system,,8,101811.7,101469.6,130920.0
celltype_non_neuronal20,nephridium,excretory system,,9,35273.0,98909.2,123280.0
celltype_non_neuronal20,nephridium,excretory system,,10,32557.2,96590.8,127799.8
celltype_non_neuronal20,nephridium,excretory system,,11,40872.9,119404.9,123920.0
celltype_non_neuronal20,nephridium,excretory system,,12,46833.8,126620.0,128080.0
celltype_non_neuronal20,nephridium,excretory system,,13,98068.5,118004.8,131080.0
celltype_non_neuronal21,nephridiumTip,excretory system,,0,40598.9,137880.3,138384.6
celltype_non_neuronal21,nephridiumTip,excretory system,,1,90867.2,133313.2,152120.0
celltype_non_neuronal22,chaeta,chaetal complex,,0,88189.0,88214.4,88000.0
celltype_non_neuronal22,chaeta,chaetal complex,,1,86207.1,83499.6,84280.0
celltype_non_neuronal22,chaeta,chaetal complex,,2,83069.1,81196.6,86840.0
celltype_non_neuronal22,chaeta,chaetal complex,,3,85384.0,85801.9,87680.0
celltype_non_neuronal22,chaeta,chaetal complex,,4,84458.8,86888.4,96080.0
celltype_non_neuronal22,chaeta,chaetal complex,,5,79118.2,84065.0,93720.0
celltype_non_neuronal22,chaeta,chaetal complex,,6,78159.0,87396.6,91160.0
celltype_non_neuronal22,chaeta,chaetal complex,,7,83697.3,81215.0,92720.0
celltype_non_neuronal22,chaeta,chaetal complex,,8,88306.4,108164.3,92000.0
celltype_non_neuronal22,chaeta,chaetal complex,,9,88164.7,100778.1,92760.0
celltype_non_neuronal22,chaeta,chaetal complex,,10,92496.8,99465.8,91320.0
celltype_non_neuronal22,chaeta,chaetal complex,,11,92710.7,110342.7,91400.0
celltype_non_neuronal22,chaeta,chaetal complex,,12,86440.8,113636.6,97360.0
celltype_non_neuronal22,chaeta,chaetal complex,,13,80849.3,110077.9,99640.0
celltype_non_neuronal22,chaeta,chaetal complex,,14,82481.2,109154.7,94120.0
celltype_non_neuronal22,chaeta,chaetal complex,,15,85140.5,105555.8,94440.0
celltype_non_neuronal22,chaeta,chaetal complex,,16,82738.8,82247.6,89520.0
celltype_non_neuronal22,chaeta,chaetal complex,,17,87241.5,99827.4,95840.0
celltype_non_neuronal22,chaeta,chaetal complex,,18,83382.7,101586.2,95840.0
celltype_non_neuronal22,chaeta,chaetal complex,,19,41891.6,84125.7,126000.0
celltype_non_neuronal22,chaeta,chaetal complex,,20,43766.8,87106.4,124720.0
celltype_non_neuronal22,chaeta,chaetal complex,,21,39702.2,86998.5,126200.0
celltype_non_neuronal22,chaeta,chaetal complex,,22,33332.8,87819.8,129160.0
celltype_non_neuronal22,chaeta,chaetal complex,,23,38794.3,93987.9,127880.0
celltype_non_neuronal22,chaeta,chaetal complex,,24,34623.2,95437.4,129680.0
celltype_non_neuronal22,chaeta,chaetal complex,,25,38582.9,89151.7,132320.0
celltype_non_neuronal22,chaeta,chaetal complex,,26,37361.5,96839.2,130640.0
celltype_non_neuronal22,chaeta,chaetal complex,,27,42957.3,92164.2,131280.0
celltype_non_neuronal22,chaeta,chaetal complex,,28,87828.3,90100.3,137520.0
celltype_non_neuronal22,chaeta,chaetal complex,,29,90632.2,85183.9,139000.0
celltype_non_neuronal22,chaeta,chaetal complex,,30,27595.8,81314.6,93960.0
celltype_non_neuronal22,chaeta,chaetal complex,,31,32771.1,78233.6,94200.0
celltype_non_neuronal22,chaeta,chaetal complex,,32,31095.9,84691.4,91360.0
celltype_non_neuronal22,chaeta,chaetal complex,,33,34561.0,81550.6,89240.0
celltype_non_neuronal22,chaeta,chaetal complex,,34,23889.5,84203.5,92600.0
celltype_non_neuronal22,chaeta,chaetal complex,,35,29294.1,88347.3,91360.0
celltype_non_neuronal22,chaeta,chaetal complex,,36,35120.8,82937.7,85640.0
celltype_non_neuronal22,chaeta,chaetal complex,,37,111620.8,82122.8,63920.0
celltype_non_neuronal22,chaeta,chaetal complex,,38,118372.8,82712.9,67520.0
celltype_non_neuronal22,chaeta,chaetal complex,,39,119963.9,79991.9,64360.0
celltype_non_neuronal22,chaeta,chaetal complex,,40,116656.1,85046.0,78215.5
celltype_non_neuronal22,chaeta,chaetal complex,,41,114438.6,84257.2,67720.0
celltype_non_neuronal22,chaeta,chaetal complex,,42,118220.8,82540.3,74640.0
celltype_non_neuronal22,chaeta,chaetal complex,,43,116960.6,78449.0,68000.0
celltype_non_neuronal22,chaeta,chaetal complex,,44,108764.1,98013.2,68800.0
celltype_non_neuronal22,chaeta,chaetal complex,,45,113658.3,99064.8,66400.0
celltype_non_neuronal22,chaeta,chaetal complex,,46,103510.8,98602.6,63440.0
celltype_non_neuronal22,chaeta,chaetal complex,,47,110669.9,101873.5,68720.0
celltype_non_neuronal22,chaeta,chaetal complex,,48,53029.0,93812.1,65520.0
celltype_non_neuronal22,chaeta,chaetal complex,,49,38060.6,87784.3,68480.0
celltype_non_neuronal22,chaeta,chaetal complex,,50,38085.0,84908.0,61200.0
celltype_non_neuronal22,chaeta,chaetal complex,,51,51288.4,93064.0,61640.0
celltype_non_neuronal22,chaeta,chaetal complex,,52,34653.8,85721.2,95280.0
celltype_non_neuronal22,chaeta,chaetal complex,,53,47928.9,92061.1,62800.0
celltype_non_neuronal22,chaeta,chaetal complex,,54,36779.6,86867.5,67460.2
celltype_non_neuronal22,chaeta,chaetal complex,,55,55268.3,97580.3,57760.0
celltype_non_neuronal22,chaeta,chaetal complex,,56,31168.1,115305.5,98080.0
celltype_non_neuronal22,chaeta,chaetal complex,,57,41795.4,108375.4,94680.0
celltype_non_neuronal22,chaeta,chaetal complex,,58,38188.6,107897.2,98760.0
celltype_non_neuronal22,chaeta,chaetal complex,,59,42952.1,104832.0,99120.0
celltype_non_neuronal22,chaeta,chaetal complex,,60,36893.6,105324.5,100720.0
celltype_non_neuronal22,chaeta,chaetal complex,,61,40234.5,104734.1,99840.0
celltype_non_neuronal22,chaeta,chaetal complex,,62,34724.3,109970.0,98080.0
celltype_non_neuronal22,chaeta,chaetal complex,,63,46299.0,112171.2,97800.0
celltype_non_neuronal22,chaeta,chaetal complex,,64,43119.3,113879.1,96360.0
celltype_non_neuronal22,chaeta,chaetal complex,,65,109761.9,105488.4,63600.0
celltype_non_neuronal22,chaeta,chaetal complex,,66,86845.7,85198.3,132600.0
celltype_non_neuronal22,chaeta,chaetal complex,,67,87795.1,80764.8,134080.0
celltype_non_neuronal22,chaeta,chaetal complex,,68,89038.2,104760.4,133320.0
celltype_non_neuronal22,chaeta,chaetal complex,,69,83734.7,108113.6,131360.0
celltype_non_neuronal22,chaeta,chaetal complex,,70,43184.6,76343.6,67000.0
celltype_non_neuronal22,chaeta,chaetal complex,,71,46691.2,94649.0,60920.0
celltype_non_neuronal22,chaeta,chaetal complex,,72,88030.5,99864.4,135760.0
celltype_non_neuronal22,chaeta,chaetal complex,,73,91156.1,103348.7,142320.0
celltype_non_neuronal22,chaeta,chaetal complex,,74,88754.5,108546.8,131860.0
celltype_non_neuronal22,chaeta,chaetal complex,,75,90971.6,114044.5,137920.0
celltype_non_neuronal22,chaeta,chaetal complex,,76,81243.8,112770.1,135499.5
celltype_non_neuronal22,chaeta,chaetal complex,,77,85888.7,99318.1,140240.0
celltype_non_neuronal22,chaeta,chaetal complex,,78,84485.4,84625.5,136840.0
celltype_non_neuronal22,chaeta,chaetal complex,,79,110448.7,98140.4,66240.0
celltype_non_neuronal22,chaeta,chaetal complex,,80,31606.2,89298.3,96200.0
celltype_non_neuronal22,chaeta,chaetal complex,,81,44192.9,103574.2,126520.0
celltype_non_neuronal22,chaeta,chaetal complex,,82,46061.3,110798.0,122640.0
celltype_non_neuronal22,chaeta,chaetal complex,,83,45493.8,115314.7,127680.0
celltype_non_neuronal22,chaeta,chaetal complex,,84,49741.1,109041.4,122960.0
celltype_non_neuronal22,chaeta,chaetal complex,,85,45522.4,105809.4,122240.0
celltype_non_neuronal22,chaeta,chaetal complex,,86,44219.5,101285.1,128120.0
celltype_non_neuronal22,chaeta,chaetal complex,,87,52786.9,111951.2,128000.0
celltype_non_neuronal22,chaeta,chaetal complex,,88,46663.3,102376.8,124440.0
celltype_non_neuronal22,chaeta,chaetal complex,,89,37918.1,105968.9,129800.0
celltype_non_neuronal22,chaeta,chaetal complex,,90,84158.6,100491.1,135360.0
celltype_non_neuronal22,chaeta,chaetal complex,,91,81804.9,87629.5,137160.0
celltype_non_neuronal22,chaeta,chaetal complex,,92,92914.6,83586.9,136520.0
celltype_non_neuronal22,chaeta,chaetal complex,,93,92038.8,89355.8,139880.0
celltype_non_neuronal22,chaeta,chaetal complex,,94,84689.4,90876.6,140200.0
celltype_non_neuronal22,chaeta,chaetal complex,,95,30326.0,107625.8,102000.0
celltype_non_neuronal22,chaeta,chaetal complex,,96,36601.0,81707.2,66160.0
celltype_non_neuronal22,chaeta,chaetal complex,,97,35429.2,86794.3,89840.0
celltype_non_neuronal22,chaeta,chaetal complex,,98,85099.3,90606.2,92319.9
celltype_non_neuronal22,chaeta,chaetal complex,,99,104581.6,101508.9,62720.0
celltype_non_neuronal22,chaeta,chaetal complex,,100,50526.5,93206.9,66160.0
celltype_non_neuronal22,chaeta,chaetal complex,,101,47490.6,91304.1,66960.0
celltype_non_neuronal22,chaeta,chaetal complex,,102,114209.2,86983.6,66480.0
celltype_non_neuronal22,chaeta,chaetal complex,,103,41899.1,83359.7,62080.0
celltype_non_neuronal22,chaeta,chaetal complex,,104,36647.3,80733.1,63120.0
celltype_non_neuronal22,chaeta,chaetal complex,,105,41391.9,80511.1,66640.0
celltype_non_neuronal23,acicula,chaetal complex,,0,49531.3,103315.9,126200.0
celltype_non_neuronal23,acicula,chaetal complex,,1,78718.8,104800.7,96920.0
celltype_non_neuronal23,acicula,chaetal complex,,2,101380.2,95305.0,62600.0
celltype_non_neuronal23,acicula,chaetal complex,,3,50376.3,84517.5,65120.0
celltype_non_neuronal23,acicula,chaetal complex,,4,85486.1,104866.7,130760.0
celltype_non_neuronal23,acicula,chaetal complex,,5,107693.2,83817.2,65040.0
celltype_non_neuronal23,acicula,chaetal complex,,6,43461.9,74913.6,69840.0
celltype_non_neuronal23,acicula,chaetal complex,,7,37965.4,84739.2,83360.0
celltype_non_neuronal23,acicula,chaetal complex,,8,85556.9,88123.2,130320.0
celltype_non_neuronal23,acicula,chaetal complex,,9,46535.4,88908.4,123320.0
celltype_non_neuronal23,acicula,chaetal complex,,10,45113.1,108000.3,96640.0
celltype_non_neuronal23,acicula,chaetal complex,,11,72891.1,86594.0,89680.0
celltype_non_neuronal24,acFC-noER,chaetal complex,,0,121606.4,102487.0,80200.0
celltype_non_neuronal24,acFC-noER,chaetal complex,,1,83968.4,117167.1,172720.0
celltype_non_neuronal24,acFC-noER,chaetal complex,,2,83684.9,101771.9,132600.0
celltype_non_neuronal24,acFC-noER,chaetal complex,,3,28165.4,101166.3,160600.0
celltype_non_neuronal24,acFC-noER,chaetal complex,,4,85293.4,91937.3,170840.0
celltype_non_neuronal24,acFC-noER,chaetal complex,,5,79933.7,104176.2,134080.0
celltype_non_neuronal24,acFC-noER,chaetal complex,,6,80387.4,103348.5,99600.0
celltype_non_neuronal24,acFC-noER,chaetal complex,,7,49975.6,105430.1,122480.0
celltype_non_neuronal24,acFC-noER,chaetal complex,,8,22098.7,95430.9,118520.0
celltype_non_neuronal24,acFC-noER,chaetal complex,,9,45113.3,89627.4,127940.0
celltype_non_neuronal24,acFC-noER,chaetal complex,,10,79576.7,113746.1,160800.0
celltype_non_neuronal24,acFC-noER,chaetal complex,,11,49169.1,95212.9,71040.0
celltype_non_neuronal24,acFC-noER,chaetal complex,,12,33528.4,94072.6,148440.0
celltype_non_neuronal24,acFC-noER,chaetal complex,,13,118857.2,79527.4,80880.0
celltype_non_neuronal24,acFC-noER,chaetal complex,,14,11661.6,127684.1,124300.0
celltype_non_neuronal24,acFC-noER,chaetal complex,,15,105295.7,108279.2,112280.0
celltype_non_neuronal24,acFC-noER,chaetal complex,,16,119191.4,103451.2,111320.0
celltype_non_neuronal24,acFC-noER,chaetal complex,,17,26495.9,108341.9,64920.0
celltype_non_neuronal24,acFC-noER,chaetal complex,,18,38979.9,119996.9,70460.0
celltype_non_neuronal24,acFC-noER,chaetal complex,,19,111503.5,101863.7,73640.0
celltype_non_neuronal24,acFC-noER,chaetal complex,,20,130830.2,82794.3,86560.0
celltype_non_neuronal24,acFC-noER,chaetal complex,,21,38549.4,118999.5,151320.0
celltype_non_neuronal24,acFC-noER,chaetal complex,,22,36543.9,89097.4,99640.0
celltype_non_neuronal24,acFC-noER,chaetal complex,,23,38901.9,110157.6,109140.0
celltype_non_neuronal24,acFC-noER,chaetal complex,,24,46828.0,106073.4,138400.0
celltype_non_neuronal24,acFC-noER,chaetal complex,,25,37263.5,90457.4,141680.0
celltype_non_neuronal24,acFC-noER,chaetal complex,,26,78343.6,83145.4,146020.0
celltype_non_neuronal24,acFC-noER,chaetal complex,,27,76429.8,105302.5,143920.0
celltype_non_neuronal24,acFC-noER,chaetal complex,,28,78640.2,88708.1,155920.0
celltype_non_neuronal24,acFC-noER,chaetal complex,,29,104482.3,97857.5,67060.0
celltype_non_neuronal24,acFC-noER,chaetal complex,,30,51157.6,86419.3,68400.0
celltype_non_neuronal24,acFC-noER,chaetal complex,,31,45781.0,105918.3,72740.0
celltype_non_neuronal24,acFC-noER,chaetal complex,,32,31569.5,94280.2,107600.0
celltype_non_neuronal24,acFC-noER,chaetal complex,,33,36740.4,84265.9,72660.0
celltype_non_neuronal24,acFC-noER,chaetal complex,,34,34128.5,94009.6,71800.0
celltype_non_neuronal24,acFC-noER,chaetal complex,,35,46881.4,105776.3,99386.7
celltype_non_neuronal24,acFC-noER,chaetal complex,,36,28752.1,120400.9,117677.9
celltype_non_neuronal24,acFC-noER,chaetal complex,,37,52113.6,104614.5,128160.0
celltype_non_neuronal24,acFC-noER,chaetal complex,,38,30201.1,123922.9,159720.0
celltype_non_neuronal24,acFC-noER,chaetal complex,,39,84690.2,81982.5,99080.0
celltype_non_neuronal24,acFC-noER,chaetal complex,,40,98025.7,82090.8,106680.0
celltype_non_neuronal24,acFC-noER,chaetal complex,,41,111093.0,82368.3,110800.0
celltype_non_neuronal24,acFC-noER,chaetal complex,,42,90177.0,100768.2,105320.0
celltype_non_neuronal24,acFC-noER,chaetal complex,,43,117010.6,78342.2,76000.0
celltype_non_neuronal24,acFC-noER,chaetal complex,,44,132224.3,102332.0,81000.0
celltype_non_neuronal24,acFC-noER,chaetal complex,,45,78022.2,83229.9,91979.4
celltype_non_neuronal24,acFC-noER,chaetal complex,,46,101943.9,97504.6,65060.1
celltype_non_neuronal24,acFC-noER,chaetal complex,,47,51511.7,84728.3,66480.0
celltype_non_neuronal24,acFC-noER,chaetal complex,,48,111285.7,79497.1,68161.2
celltype_non_neuronal24,acFC-noER,chaetal complex,,49,42240.2,77416.7,71720.0
celltype_non_neuronal24,acFC-noER,chaetal complex,,50,79319.0,103044.8,94680.0
celltype_non_neuronal24,acFC-noER,chaetal complex,,51,36305.4,84613.5,88840.0
celltype_non_neuronal24,acFC-noER,chaetal complex,,52,81649.3,87662.7,132480.0
celltype_non_neuronal24,acFC-noER,chaetal complex,,53,46582.0,103527.0,95120.0
celltype_non_neuronal25,chaeFC-hemi,chaetal complex,,0,112723.2,78413.2,66240.0
celltype_non_neuronal25,chaeFC-hemi,chaetal complex,,1,44842.8,110109.4,138400.0
celltype_non_neuronal25,chaeFC-hemi,chaetal complex,,2,88798.1,90014.3,141880.0
celltype_non_neuronal25,chaeFC-hemi,chaetal complex,,3,30194.5,118729.2,114060.0
celltype_non_neuronal25,chaeFC-hemi,chaetal complex,,4,35587.4,84786.9,58600.0
celltype_non_neuronal25,chaeFC-hemi,chaetal complex,,5,40781.2,87534.6,66940.6
celltype_non_neuronal25,chaeFC-hemi,chaetal complex,,6,31124.8,84352.3,131880.0
celltype_non_neuronal25,chaeFC-hemi,chaetal complex,,7,35357.7,84624.4,130520.0
celltype_non_neuronal25,chaeFC-hemi,chaetal complex,,8,36925.0,91060.8,126880.0
celltype_non_neuronal25,chaeFC-hemi,chaetal complex,,9,42049.6,92768.9,129040.0
celltype_non_neuronal25,chaeFC-hemi,chaetal complex,,10,79996.8,78416.6,143640.0
celltype_non_neuronal25,chaeFC-hemi,chaetal complex,,11,87034.8,89609.9,134480.0
celltype_non_neuronal25,chaeFC-hemi,chaetal complex,,12,90818.1,89136.0,136040.0
celltype_non_neuronal25,chaeFC-hemi,chaetal complex,,13,83764.7,89129.6,136640.0
celltype_non_neuronal25,chaeFC-hemi,chaetal complex,,14,89244.3,85839.0,136280.0
celltype_non_neuronal25,chaeFC-hemi,chaetal complex,,15,43445.6,88527.8,133320.0
celltype_non_neuronal25,chaeFC-hemi,chaetal complex,,16,29943.6,82665.8,134800.0
celltype_non_neuronal25,chaeFC-hemi,chaetal complex,,17,32248.4,91524.6,133720.0
celltype_non_neuronal25,chaeFC-hemi,chaetal complex,,18,28227.6,91342.3,132360.0
celltype_non_neuronal25,chaeFC-hemi,chaetal complex,,19,49086.9,88456.6,65160.0
celltype_non_neuronal25,chaeFC-hemi,chaetal complex,,20,50160.0,89783.6,62640.0
celltype_non_neuronal25,chaeFC-hemi,chaetal complex,,21,38403.5,103634.0,132360.0
celltype_non_neuronal25,chaeFC-hemi,chaetal complex,,22,47198.3,108318.6,131480.0
celltype_non_neuronal25,chaeFC-hemi,chaetal complex,,23,43624.6,107405.5,130480.0
celltype_non_neuronal25,chaeFC-hemi,chaetal complex,,24,49509.3,110058.0,137000.0
celltype_non_neuronal25,chaeFC-hemi,chaetal complex,,25,49837.1,115916.1,137000.0
celltype_non_neuronal25,chaeFC-hemi,chaetal complex,,26,44354.4,121759.3,134360.0
celltype_non_neuronal25,chaeFC-hemi,chaetal complex,,27,48263.7,117186.8,131160.0
celltype_non_neuronal25,chaeFC-hemi,chaetal complex,,28,35736.5,114615.8,132680.0
celltype_non_neuronal25,chaeFC-hemi,chaetal complex,,29,34645.1,110721.7,132480.0
celltype_non_neuronal25,chaeFC-hemi,chaetal complex,,30,84490.7,108300.3,134200.0
celltype_non_neuronal25,chaeFC-hemi,chaetal complex,,31,85495.9,112825.2,134040.0
celltype_non_neuronal25,chaeFC-hemi,chaetal complex,,32,91166.4,107283.1,136320.0
celltype_non_neuronal25,chaeFC-hemi,chaetal complex,,33,23570.2,87543.7,135920.0
celltype_non_neuronal25,chaeFC-hemi,chaetal complex,,34,53671.4,91881.1,63920.0
celltype_non_neuronal25,chaeFC-hemi,chaetal complex,,35,55658.2,96058.6,63120.0
celltype_non_neuronal25,chaeFC-hemi,chaetal complex,,36,39626.3,89786.7,59160.0
celltype_non_neuronal25,chaeFC-hemi,chaetal complex,,37,40311.6,86028.3,59680.0
celltype_non_neuronal25,chaeFC-hemi,chaetal complex,,38,45080.2,96771.4,63960.0
celltype_non_neuronal25,chaeFC-hemi,chaetal complex,,39,53268.1,101621.1,56720.0
celltype_non_neuronal25,chaeFC-hemi,chaetal complex,,40,92277.1,106905.8,144200.0
celltype_non_neuronal25,chaeFC-hemi,chaetal complex,,41,37628.1,79033.7,72640.0
celltype_non_neuronal25,chaeFC-hemi,chaetal complex,,42,32328.9,90094.9,70640.0
celltype_non_neuronal25,chaeFC-hemi,chaetal complex,,43,79262.9,107380.6,137400.0
celltype_non_neuronal25,chaeFC-hemi,chaetal complex,,44,116887.4,101384.9,70000.0
celltype_non_neuronal25,chaeFC-hemi,chaetal complex,,45,86649.1,119133.6,143240.0
celltype_non_neuronal25,chaeFC-hemi,chaetal complex,,46,92639.5,111673.6,144160.0
celltype_non_neuronal25,chaeFC-hemi,chaetal complex,,47,84329.9,103812.5,143200.0
celltype_non_neuronal25,chaeFC-hemi,chaetal complex,,48,37254.5,118419.9,98000.0
celltype_non_neuronal25,chaeFC-hemi,chaetal complex,,49,108250.1,101354.3,62120.0
celltype_non_neuronal25,chaeFC-hemi,chaetal complex,,50,108265.4,97948.3,63080.0
celltype_non_neuronal25,chaeFC-hemi,chaetal complex,,51,40876.7,91681.5,125960.0
celltype_non_neuronal25,chaeFC-hemi,chaetal complex,,52,83948.8,104323.1,137400.0
celltype_non_neuronal25,chaeFC-hemi,chaetal complex,,53,127044.8,85855.5,70960.0
celltype_non_neuronal25,chaeFC-hemi,chaetal complex,,54,116874.8,101944.0,74040.0
celltype_non_neuronal25,chaeFC-hemi,chaetal complex,,55,92683.1,79189.6,146240.0
celltype_non_neuronal25,chaeFC-hemi,chaetal complex,,56,92187.7,85001.0,146080.0
celltype_non_neuronal25,chaeFC-hemi,chaetal complex,,57,87801.9,99806.9,144400.0
celltype_non_neuronal25,chaeFC-hemi,chaetal complex,,58,106350.6,100447.2,70080.0
celltype_non_neuronal25,chaeFC-hemi,chaetal complex,,59,114383.2,104706.6,65600.0
celltype_non_neuronal25,chaeFC-hemi,chaetal complex,,60,116547.4,87198.9,75880.0
celltype_non_neuronal25,chaeFC-hemi,chaetal complex,,61,113456.0,108371.7,65320.0
celltype_non_neuronal25,chaeFC-hemi,chaetal complex,,62,93182.9,106099.9,104320.0
celltype_non_neuronal25,chaeFC-hemi,chaetal complex,,63,88877.9,101671.6,99840.0
celltype_non_neuronal25,chaeFC-hemi,chaetal complex,,64,99514.4,105862.6,108059.9
celltype_non_neuronal25,chaeFC-hemi,chaetal complex,,65,92523.4,103994.6,98640.0
celltype_non_neuronal25,chaeFC-hemi,chaetal complex,,66,25281.4,80714.7,99760.0
celltype_non_neuronal25,chaeFC-hemi,chaetal complex,,67,42689.9,121490.3,102400.0
celltype_non_neuronal25,chaeFC-hemi,chaetal complex,,68,45542.1,100699.7,61600.0
celltype_non_neuronal25,chaeFC-hemi,chaetal complex,,69,115001.0,100990.9,65040.0
celltype_non_neuronal25,chaeFC-hemi,chaetal complex,,70,95236.6,107218.6,94259.7
celltype_non_neuronal25,chaeFC-hemi,chaetal complex,,71,100168.6,106231.6,93600.0
celltype_non_neuronal25,chaeFC-hemi,chaetal complex,,72,78202.1,114067.7,141200.0
celltype_non_neuronal25,chaeFC-hemi,chaetal complex,,73,35157.2,114536.6,100920.0
celltype_non_neuronal25,chaeFC-hemi,chaetal complex,,74,31020.1,112425.8,106080.0
celltype_non_neuronal25,chaeFC-hemi,chaetal complex,,75,31771.8,108483.9,105320.0
celltype_non_neuronal25,chaeFC-hemi,chaetal complex,,76,34487.8,115518.6,108080.0
celltype_non_neuronal25,chaeFC-hemi,chaetal complex,,77,46101.6,108728.2,100800.0
celltype_non_neuronal25,chaeFC-hemi,chaetal complex,,78,40230.8,111388.4,94960.0
celltype_non_neuronal25,chaeFC-hemi,chaetal complex,,79,113741.9,83390.7,62880.0
celltype_non_neuronal25,chaeFC-hemi,chaetal complex,,80,114848.6,76563.7,70320.0
celltype_non_neuronal25,chaeFC-hemi,chaetal complex,,81,118744.0,77060.1,67400.0
celltype_non_neuronal25,chaeFC-hemi,chaetal complex,,82,122367.8,90978.9,73000.0
celltype_non_neuronal25,chaeFC-hemi,chaetal complex,,83,111085.9,86147.1,66560.0
celltype_non_neuronal25,chaeFC-hemi,chaetal complex,,84,119546.3,86977.2,71040.0
celltype_non_neuronal25,chaeFC-hemi,chaetal complex,,85,106324.9,95803.8,63800.0
celltype_non_neuronal25,chaeFC-hemi,chaetal complex,,86,107929.7,106842.5,66040.0
celltype_non_neuronal25,chaeFC-hemi,chaetal complex,,87,104998.1,102442.4,66400.0
celltype_non_neuronal25,chaeFC-hemi,chaetal complex,,88,108057.5,104243.3,71400.0
celltype_non_neuronal25,chaeFC-hemi,chaetal complex,,89,112289.0,112205.4,68840.0
celltype_non_neuronal25,chaeFC-hemi,chaetal complex,,90,92957.1,80631.1,89120.0
celltype_non_neuronal25,chaeFC-hemi,chaetal complex,,91,93343.8,77225.7,90640.0
celltype_non_neuronal25,chaeFC-hemi,chaetal complex,,92,39960.3,88076.3,63100.0
celltype_non_neuronal25,chaeFC-hemi,chaetal complex,,93,29344.5,82455.5,90519.9
celltype_non_neuronal25,chaeFC-hemi,chaetal complex,,94,31700.6,87059.5,61739.8
celltype_non_neuronal25,chaeFC-hemi,chaetal complex,,95,34393.9,88611.1,58400.0
celltype_non_neuronal25,chaeFC-hemi,chaetal complex,,96,39445.4,81343.8,64680.0
celltype_non_neuronal25,chaeFC-hemi,chaetal complex,,97,43673.9,84561.2,64940.0
celltype_non_neuronal25,chaeFC-hemi,chaetal complex,,98,45040.1,97252.6,66560.0
celltype_non_neuronal25,chaeFC-hemi,chaetal complex,,99,36324.1,78593.9,65800.0
celltype_non_neuronal25,chaeFC-hemi,chaetal complex,,100,34874.2,85801.0,69480.0
celltype_non_neuronal25,chaeFC-hemi,chaetal complex,,101,42842.3,80163.9,68600.0
celltype_non_neuronal25,chaeFC-hemi,chaetal complex,,102,54738.9,100942.8,62120.0
celltype_non_neuronal25,chaeFC-hemi,chaetal complex,,103,47818.2,97926.5,57320.0
celltype_non_neuronal25,chaeFC-hemi,chaetal complex,,104,117580.6,105622.9,70600.0
celltype_non_neuronal25,chaeFC-hemi,chaetal complex,,105,123334.8,81796.7,69240.0
celltype_non_neuronal25,chaeFC-hemi,chaetal complex,,106,115813.2,79136.1,63600.0
celltype_non_neuronal25,chaeFC-hemi,chaetal complex,,107,50671.3,92140.2,69080.0
celltype_non_neuronal25,chaeFC-hemi,chaetal complex,,108,50447.3,93236.6,59220.0
celltype_non_neuronal25,chaeFC-hemi,chaetal complex,,109,87025.4,87891.4,95080.0
celltype_non_neuronal25,chaeFC-hemi,chaetal complex,,110,80329.9,79219.0,90000.0
celltype_non_neuronal25,chaeFC-hemi,chaetal complex,,111,90667.9,75162.9,91320.0
celltype_non_neuronal25,chaeFC-hemi,chaetal complex,,112,91189.9,88251.9,91640.0
celltype_non_neuronal25,chaeFC-hemi,chaetal complex,,113,93492.0,84818.4,87880.0
celltype_non_neuronal25,chaeFC-hemi,chaetal complex,,114,88846.5,90620.7,94160.0
celltype_non_neuronal25,chaeFC-hemi,chaetal complex,,115,80447.0,86587.5,87640.0
celltype_non_neuronal25,chaeFC-hemi,chaetal complex,,116,88876.5,78073.9,87400.0
celltype_non_neuronal25,chaeFC-hemi,chaetal complex,,117,90818.9,81566.2,85240.0
celltype_non_neuronal25,chaeFC-hemi,chaetal complex,,118,78968.2,89458.8,90280.0
celltype_non_neuronal25,chaeFC-hemi,chaetal complex,,119,107448.9,99044.9,102760.0
celltype_non_neuronal25,chaeFC-hemi,chaetal complex,,120,91426.0,100376.4,95360.0
celltype_non_neuronal25,chaeFC-hemi,chaetal complex,,121,81297.9,106998.8,96520.0
celltype_non_neuronal25,chaeFC-hemi,chaetal complex,,122,91419.4,109515.1,97040.0
celltype_non_neuronal25,chaeFC-hemi,chaetal complex,,123,84313.1,111355.4,92640.0
celltype_non_neuronal25,chaeFC-hemi,chaetal complex,,124,94961.5,103440.2,90720.0
celltype_non_neuronal25,chaeFC-hemi,chaetal complex,,125,86558.6,111794.9,107000.0
celltype_non_neuronal25,chaeFC-hemi,chaetal complex,,126,93510.9,115173.3,96200.0
celltype_non_neuronal25,chaeFC-hemi,chaetal complex,,127,91990.3,118412.2,104880.0
celltype_non_neuronal25,chaeFC-hemi,chaetal complex,,128,88158.8,105700.0,89120.0
celltype_non_neuronal25,chaeFC-hemi,chaetal complex,,129,86824.5,104443.2,90920.0
celltype_non_neuronal25,chaeFC-hemi,chaetal complex,,130,88730.8,112954.6,93000.0
celltype_non_neuronal25,chaeFC-hemi,chaetal complex,,131,86267.6,112631.6,100620.0
celltype_non_neuronal25,chaeFC-hemi,chaetal complex,,132,85435.8,104172.9,98040.0
celltype_non_neuronal25,chaeFC-hemi,chaetal complex,,133,87378.9,87022.4,85040.0
celltype_non_neuronal25,chaeFC-hemi,chaetal complex,,134,81555.8,87881.7,93800.0
celltype_non_neuronal25,chaeFC-hemi,chaetal complex,,135,90882.0,81975.8,98720.0
celltype_non_neuronal25,chaeFC-hemi,chaetal complex,,136,82670.7,79486.2,95520.0
celltype_non_neuronal25,chaeFC-hemi,chaetal complex,,137,87212.0,82890.5,96400.0
celltype_non_neuronal25,chaeFC-hemi,chaetal complex,,138,32554.0,87674.9,88480.0
celltype_non_neuronal25,chaeFC-hemi,chaetal complex,,139,31014.6,89098.2,99520.0
celltype_non_neuronal25,chaeFC-hemi,chaetal complex,,140,31103.0,89051.1,102400.0
celltype_non_neuronal25,chaeFC-hemi,chaetal complex,,141,26995.6,90955.9,96320.0
celltype_non_neuronal25,chaeFC-hemi,chaetal complex,,142,25035.3,86504.2,93440.0
celltype_non_neuronal25,chaeFC-hemi,chaetal complex,,143,28483.5,87624.4,88360.0
celltype_non_neuronal25,chaeFC-hemi,chaetal complex,,144,25864.2,78437.1,95480.0
celltype_non_neuronal25,chaeFC-hemi,chaetal complex,,145,29881.1,80259.2,102040.0
celltype_non_neuronal25,chaeFC-hemi,chaetal complex,,146,32022.1,77778.6,98040.0
celltype_non_neuronal25,chaeFC-hemi,chaetal complex,,147,34565.4,79877.5,101840.0
celltype_non_neuronal25,chaeFC-hemi,chaetal complex,,148,36743.2,82621.3,95360.0
celltype_non_neuronal25,chaeFC-hemi,chaetal complex,,149,37203.7,85715.7,97280.0
celltype_non_neuronal25,chaeFC-hemi,chaetal complex,,150,29213.2,108378.6,100480.0
celltype_non_neuronal25,chaeFC-hemi,chaetal complex,,151,27760.2,117715.2,100120.0
celltype_non_neuronal25,chaeFC-hemi,chaetal complex,,152,28888.0,111960.5,101120.0
celltype_non_neuronal25,chaeFC-hemi,chaetal complex,,153,42989.2,118118.1,107440.0
celltype_non_neuronal25,chaeFC-hemi,chaetal complex,,154,41325.3,113222.5,99200.0
celltype_non_neuronal25,chaeFC-hemi,chaetal complex,,155,38260.9,114205.1,95600.0
celltype_non_neuronal25,chaeFC-hemi,chaetal complex,,156,33878.8,106941.5,96400.0
celltype_non_neuronal25,chaeFC-hemi,chaetal complex,,157,41727.2,104672.6,95640.0
celltype_non_neuronal25,chaeFC-hemi,chaetal complex,,158,36955.6,105368.1,96760.0
celltype_non_neuronal25,chaeFC-hemi,chaetal complex,,159,36492.7,95271.2,135720.0
celltype_non_neuronal25,chaeFC-hemi,chaetal complex,,160,35640.7,93678.2,138800.0
celltype_non_neuronal25,chaeFC-hemi,chaetal complex,,161,34274.6,81024.6,137960.0
celltype_non_neuronal25,chaeFC-hemi,chaetal complex,,162,34414.1,88394.4,136240.0
celltype_non_neuronal25,chaeFC-hemi,chaetal complex,,163,38699.3,84179.5,137120.0
celltype_non_neuronal25,chaeFC-hemi,chaetal complex,,164,29454.3,88564.2,135720.0
celltype_non_neuronal25,chaeFC-hemi,chaetal complex,,165,41141.8,108669.2,124920.0
celltype_non_neuronal25,chaeFC-hemi,chaetal complex,,166,41685.8,104659.6,124920.0
celltype_non_neuronal25,chaeFC-hemi,chaetal complex,,167,47533.1,109637.8,127360.0
celltype_non_neuronal25,chaeFC-hemi,chaetal complex,,168,50050.0,112903.6,126360.0
celltype_non_neuronal25,chaeFC-hemi,chaetal complex,,169,39758.2,111967.6,128120.0
celltype_non_neuronal25,chaeFC-hemi,chaetal complex,,170,91461.4,109476.6,140280.0
celltype_non_neuronal25,chaeFC-hemi,chaetal complex,,171,83996.1,117667.8,140000.0
celltype_non_neuronal25,chaeFC-hemi,chaetal complex,,172,90985.1,102970.4,137120.0
celltype_non_neuronal25,chaeFC-hemi,chaetal complex,,173,82406.4,86000.3,144760.0
celltype_non_neuronal25,chaeFC-hemi,chaetal complex,,174,81793.8,84586.2,148520.0
celltype_non_neuronal25,chaeFC-hemi,chaetal complex,,175,80289.8,83828.4,142600.0
celltype_non_neuronal25,chaeFC-hemi,chaetal complex,,176,93393.8,82042.1,142520.0
celltype_non_neuronal25,chaeFC-hemi,chaetal complex,,177,85586.9,80909.6,142360.0
celltype_non_neuronal25,chaeFC-hemi,chaetal complex,,178,90759.5,78974.9,139840.0
celltype_non_neuronal25,chaeFC-hemi,chaetal complex,,179,89107.9,74782.7,141600.0
celltype_non_neuronal25,chaeFC-hemi,chaetal complex,,180,84129.0,74606.1,142080.0
celltype_non_neuronal25,chaeFC-hemi,chaetal complex,,181,53514.7,94756.7,67920.0
celltype_non_neuronal25,chaeFC-hemi,chaetal complex,,182,49811.7,99962.8,58640.0
celltype_non_neuronal25,chaeFC-hemi,chaetal complex,,183,116577.1,82636.0,62800.0
celltype_non_neuronal25,chaeFC-hemi,chaetal complex,,184,111926.2,83341.4,68680.0
celltype_non_neuronal25,chaeFC-hemi,chaetal complex,,185,83450.5,89241.0,88520.0
celltype_non_neuronal25,chaeFC-hemi,chaetal complex,,186,105137.0,83544.5,98320.0
celltype_non_neuronal26,chaeFC-ER,chaetal complex,,0,30095.8,92861.1,148520.0
celltype_non_neuronal26,chaeFC-ER,chaetal complex,,1,45319.7,105976.8,132360.0
celltype_non_neuronal26,chaeFC-ER,chaetal complex,,2,43989.9,117879.1,143320.0
celltype_non_neuronal26,chaeFC-ER,chaetal complex,,3,39996.0,122101.1,140280.0
celltype_non_neuronal26,chaeFC-ER,chaetal complex,,4,37917.4,124636.8,137520.0
celltype_non_neuronal26,chaeFC-ER,chaetal complex,,5,45722.8,120688.0,138560.0
celltype_non_neuronal26,chaeFC-ER,chaetal complex,,6,86181.2,116203.6,149080.0
celltype_non_neuronal26,chaeFC-ER,chaetal complex,,7,55107.9,105717.6,61240.0
celltype_non_neuronal26,chaeFC-ER,chaetal complex,,8,84776.6,118782.6,148360.0
celltype_non_neuronal26,chaeFC-ER,chaetal complex,,9,80314.2,79655.9,151760.0
celltype_non_neuronal26,chaeFC-ER,chaetal complex,,10,46495.3,101981.6,70760.0
celltype_non_neuronal26,chaeFC-ER,chaetal complex,,11,44438.2,112182.9,66560.0
celltype_non_neuronal26,chaeFC-ER,chaetal complex,,12,89251.8,90349.4,164960.0
celltype_non_neuronal26,chaeFC-ER,chaetal complex,,13,85329.3,85424.0,158160.0
celltype_non_neuronal26,chaeFC-ER,chaetal complex,,14,92756.6,112053.1,149720.0
celltype_non_neuronal26,chaeFC-ER,chaetal complex,,15,28863.4,91045.9,110160.0
celltype_non_neuronal26,chaeFC-ER,chaetal complex,,16,28731.7,124821.0,104080.0
celltype_non_neuronal26,chaeFC-ER,chaetal complex,,17,34677.9,125593.9,105040.0
celltype_non_neuronal26,chaeFC-ER,chaetal complex,,18,29899.8,99826.7,62700.0
celltype_non_neuronal26,chaeFC-ER,chaetal complex,,19,26705.7,89763.4,65040.0
celltype_non_neuronal26,chaeFC-ER,chaetal complex,,20,28139.8,85353.2,66800.0
celltype_non_neuronal26,chaeFC-ER,chaetal complex,,21,30129.4,81993.1,67600.0
celltype_non_neuronal26,chaeFC-ER,chaetal complex,,22,36968.9,119442.3,111840.0
celltype_non_neuronal26,chaeFC-ER,chaetal complex,,23,25707.7,122530.6,111900.0
celltype_non_neuronal26,chaeFC-ER,chaetal complex,,24,124121.8,107841.6,68360.0
celltype_non_neuronal26,chaeFC-ER,chaetal complex,,25,123997.1,77013.9,69560.0
celltype_non_neuronal26,chaeFC-ER,chaetal complex,,26,127564.2,107137.1,77000.0
celltype_non_neuronal26,chaeFC-ER,chaetal complex,,27,92573.0,75718.4,99960.0
celltype_non_neuronal26,chaeFC-ER,chaetal complex,,28,91152.7,80007.3,101100.0
celltype_non_neuronal26,chaeFC-ER,chaetal complex,,29,19869.6,120161.6,106780.3
celltype_non_neuronal26,chaeFC-ER,chaetal complex,,30,27292.4,121503.6,106880.0
celltype_non_neuronal26,chaeFC-ER,chaetal complex,,31,106800.2,101664.4,101940.6
celltype_non_neuronal26,chaeFC-ER,chaetal complex,,32,28679.9,80709.8,106520.0
celltype_non_neuronal26,chaeFC-ER,chaetal complex,,33,34754.5,88763.2,106060.0
celltype_non_neuronal26,chaeFC-ER,chaetal complex,,34,37435.6,118605.2,142760.0
celltype_non_neuronal26,chaeFC-ER,chaetal complex,,35,30212.2,118065.0,143160.0
celltype_non_neuronal26,chaeFC-ER,chaetal complex,,36,29837.6,118134.7,138200.0
celltype_non_neuronal26,chaeFC-ER,chaetal complex,,37,23390.0,100426.9,152960.0
celltype_non_neuronal26,chaeFC-ER,chaetal complex,,38,22583.4,94212.9,148440.0
celltype_non_neuronal26,chaeFC-ER,chaetal complex,,39,87764.0,74909.6,153240.0
celltype_non_neuronal26,chaeFC-ER,chaetal complex,,40,25183.2,86465.8,109960.0
celltype_non_neuronal26,chaeFC-ER,chaetal complex,,41,32300.7,83499.0,108900.6
celltype_non_neuronal26,chaeFC-ER,chaetal complex,,42,118036.0,113296.0,69520.0
celltype_non_neuronal26,chaeFC-ER,chaetal complex,,43,128601.3,81441.4,71880.0
celltype_non_neuronal26,chaeFC-ER,chaetal complex,,44,105997.9,106320.2,96840.0
celltype_non_neuronal26,chaeFC-ER,chaetal complex,,45,50237.0,108346.9,61280.0
celltype_non_neuronal26,chaeFC-ER,chaetal complex,,46,22646.3,84982.6,142240.0
celltype_non_neuronal26,chaeFC-ER,chaetal complex,,47,102454.4,115983.9,100040.0
celltype_non_neuronal26,chaeFC-ER,chaetal complex,,48,52898.6,100260.8,69280.0
celltype_non_neuronal26,chaeFC-ER,chaetal complex,,49,44737.7,109624.4,64320.0
celltype_non_neuronal26,chaeFC-ER,chaetal complex,,50,122772.4,108799.0,74240.0
celltype_non_neuronal26,chaeFC-ER,chaetal complex,,51,117055.0,105223.7,77000.0
celltype_non_neuronal26,chaeFC-ER,chaetal complex,,52,36622.2,123263.4,109080.0
celltype_non_neuronal26,chaeFC-ER,chaetal complex,,53,38544.3,113438.9,106120.0
celltype_non_neuronal26,chaeFC-ER,chaetal complex,,54,121610.1,73961.2,74599.9
celltype_non_neuronal26,chaeFC-ER,chaetal complex,,55,118478.0,75292.1,73080.0
celltype_non_neuronal26,chaeFC-ER,chaetal complex,,56,123905.7,76616.8,77640.0
celltype_non_neuronal26,chaeFC-ER,chaetal complex,,57,129809.1,81330.7,79040.0
celltype_non_neuronal26,chaeFC-ER,chaetal complex,,58,112236.1,109335.4,74269.1
celltype_non_neuronal26,chaeFC-ER,chaetal complex,,59,26968.5,93280.1,60960.0
celltype_non_neuronal26,chaeFC-ER,chaetal complex,,60,29355.5,91475.6,67960.0
celltype_non_neuronal26,chaeFC-ER,chaetal complex,,61,116643.0,112428.0,72800.0
celltype_non_neuronal26,chaeFC-ER,chaetal complex,,62,53007.6,103532.3,65920.0
celltype_non_neuronal26,chaeFC-ER,chaetal complex,,63,85005.3,112766.4,150600.0
celltype_non_neuronal26,chaeFC-ER,chaetal complex,,64,109764.8,80763.2,105480.0
celltype_non_neuronal26,chaeFC-ER,chaetal complex,,65,108190.6,77439.1,100560.0
celltype_non_neuronal26,chaeFC-ER,chaetal complex,,66,104226.9,77584.6,102880.0
celltype_non_neuronal26,chaeFC-ER,chaetal complex,,67,101942.1,79890.5,98440.0
celltype_non_neuronal26,chaeFC-ER,chaetal complex,,68,95122.8,72859.2,94800.0
celltype_non_neuronal26,chaeFC-ER,chaetal complex,,69,104320.6,77900.8,96280.6
celltype_non_neuronal26,chaeFC-ER,chaetal complex,,70,84664.0,104475.9,101000.0
celltype_non_neuronal26,chaeFC-ER,chaetal complex,,71,101566.6,108659.5,103640.0
celltype_non_neuronal26,chaeFC-ER,chaetal complex,,72,93213.1,109089.7,107240.0
celltype_non_neuronal26,chaeFC-ER,chaetal complex,,73,99929.7,110859.5,100240.0
celltype_non_neuronal26,chaeFC-ER,chaetal complex,,74,94707.0,114854.3,107120.0
celltype_non_neuronal26,chaeFC-ER,chaetal complex,,75,99839.4,117879.5,104000.0
celltype_non_neuronal26,chaeFC-ER,chaetal complex,,76,107194.0,83172.6,103560.0
celltype_non_neuronal26,chaeFC-ER,chaetal complex,,77,25283.3,91543.2,113080.0
celltype_non_neuronal26,chaeFC-ER,chaetal complex,,78,20090.0,119824.4,114110.0
celltype_non_neuronal26,chaeFC-ER,chaetal complex,,79,19029.0,90326.2,145960.0
celltype_non_neuronal26,chaeFC-ER,chaetal complex,,80,25677.6,86541.6,144160.0
celltype_non_neuronal26,chaeFC-ER,chaetal complex,,81,27983.9,82262.3,142120.0
celltype_non_neuronal26,chaeFC-ER,chaetal complex,,82,32135.1,85061.4,144120.0
celltype_non_neuronal26,chaeFC-ER,chaetal complex,,83,89371.9,111559.6,155280.0
celltype_non_neuronal26,chaeFC-ER,chaetal complex,,84,81088.2,114228.5,148840.0
celltype_non_neuronal26,chaeFC-ER,chaetal complex,,85,89276.4,118356.4,148960.0
celltype_non_neuronal26,chaeFC-ER,chaetal complex,,86,91810.8,79899.7,153000.0
celltype_non_neuronal26,chaeFC-ER,chaetal complex,,87,90101.1,81575.8,157360.0
celltype_non_neuronal26,chaeFC-ER,chaetal complex,,88,83485.0,75627.6,151560.0
celltype_non_neuronal26,chaeFC-ER,chaetal complex,,89,88021.3,73725.6,148720.0
celltype_non_neuronal27,chaeFC-noER,chaetal complex,,0,90193.8,92897.0,166480.0
celltype_non_neuronal27,chaeFC-noER,chaetal complex,,1,80528.7,116177.3,155720.0
celltype_non_neuronal27,chaeFC-noER,chaetal complex,,2,44087.5,113816.2,64780.0
celltype_non_neuronal27,chaeFC-noER,chaetal complex,,3,90119.7,85326.2,163880.0
celltype_non_neuronal27,chaeFC-noER,chaetal complex,,4,85970.4,90346.4,164880.0
celltype_non_neuronal27,chaeFC-noER,chaetal complex,,5,31028.1,91337.0,113120.0
celltype_non_neuronal27,chaeFC-noER,chaetal complex,,6,21020.5,93798.0,117440.0
celltype_non_neuronal27,chaeFC-noER,chaetal complex,,7,42867.7,112321.7,104840.0
celltype_non_neuronal27,chaeFC-noER,chaetal complex,,8,112246.8,82249.6,104160.0
celltype_non_neuronal27,chaeFC-noER,chaetal complex,,9,27055.7,101051.9,60600.0
celltype_non_neuronal27,chaeFC-noER,chaetal complex,,10,28994.1,106399.1,61380.1
celltype_non_neuronal27,chaeFC-noER,chaetal complex,,11,131042.6,83101.9,73960.0
celltype_non_neuronal27,chaeFC-noER,chaetal complex,,12,33090.5,122712.1,112220.0
celltype_non_neuronal27,chaeFC-noER,chaetal complex,,13,21987.4,123770.3,111640.0
celltype_non_neuronal27,chaeFC-noER,chaetal complex,,14,18570.6,122363.0,110680.0
celltype_non_neuronal27,chaeFC-noER,chaetal complex,,15,24141.0,125634.8,106880.0
celltype_non_neuronal27,chaeFC-noER,chaetal complex,,16,31435.5,125729.4,108240.0
celltype_non_neuronal27,chaeFC-noER,chaetal complex,,17,35113.7,120811.8,151320.0
celltype_non_neuronal27,chaeFC-noER,chaetal complex,,18,34687.2,124370.8,141360.0
celltype_non_neuronal27,chaeFC-noER,chaetal complex,,19,17848.8,122937.1,116120.0
celltype_non_neuronal27,chaeFC-noER,chaetal complex,,20,28422.1,80247.9,109160.0
celltype_non_neuronal27,chaeFC-noER,chaetal complex,,21,90367.7,91542.7,162400.0
celltype_non_neuronal27,chaeFC-noER,chaetal complex,,22,27351.9,119490.0,149120.0
celltype_non_neuronal27,chaeFC-noER,chaetal complex,,23,28267.3,120694.6,145400.0
celltype_non_neuronal27,chaeFC-noER,chaetal complex,,24,21253.9,97404.1,151960.0
celltype_non_neuronal27,chaeFC-noER,chaetal complex,,25,109567.1,105738.8,99360.0
celltype_non_neuronal27,chaeFC-noER,chaetal complex,,26,26122.9,92707.1,65640.0
celltype_non_neuronal27,chaeFC-noER,chaetal complex,,27,27600.1,88131.0,70600.0
celltype_non_neuronal27,chaeFC-noER,chaetal complex,,28,43312.7,115088.9,68280.0
celltype_non_neuronal27,chaeFC-noER,chaetal complex,,29,125906.8,73634.6,75720.0
celltype_non_neuronal27,chaeFC-noER,chaetal complex,,30,132614.8,84682.7,75920.0
celltype_non_neuronal27,chaeFC-noER,chaetal complex,,31,128971.1,80464.5,83560.0
celltype_non_neuronal27,chaeFC-noER,chaetal complex,,32,128513.0,77120.6,73280.0
celltype_non_neuronal27,chaeFC-noER,chaetal complex,,33,117659.8,113740.8,75440.0
celltype_non_neuronal27,chaeFC-noER,chaetal complex,,34,113447.3,109908.7,75780.0
celltype_non_neuronal27,chaeFC-noER,chaetal complex,,35,128042.8,108094.4,70480.0
celltype_non_neuronal27,chaeFC-noER,chaetal complex,,36,29342.7,97753.7,67920.0
celltype_non_neuronal27,chaeFC-noER,chaetal complex,,37,29424.7,98265.9,61200.0
celltype_non_neuronal27,chaeFC-noER,chaetal complex,,38,25031.6,100711.0,66640.0
celltype_non_neuronal27,chaeFC-noER,chaetal complex,,39,31477.5,87566.5,72020.0
celltype_non_neuronal27,chaeFC-noER,chaetal complex,,40,122266.9,113377.1,72061.0
celltype_non_neuronal27,chaeFC-noER,chaetal complex,,41,130043.1,104500.4,72880.0
celltype_non_neuronal27,chaeFC-noER,chaetal complex,,42,128918.2,105598.0,77920.0
celltype_non_neuronal27,chaeFC-noER,chaetal complex,,43,49572.7,112323.5,63240.0
celltype_non_neuronal27,chaeFC-noER,chaetal complex,,44,52333.0,106572.0,66800.0
celltype_non_neuronal27,chaeFC-noER,chaetal complex,,45,50813.0,104847.8,70080.0
celltype_non_neuronal27,chaeFC-noER,chaetal complex,,46,44671.5,106699.4,70920.0
celltype_non_neuronal27,chaeFC-noER,chaetal complex,,47,105398.3,108699.9,103080.0
celltype_non_neuronal27,chaeFC-noER,chaetal complex,,48,99123.3,110498.8,107800.0
celltype_non_neuronal27,chaeFC-noER,chaetal complex,,49,102358.6,114942.1,104160.0
celltype_non_neuronal27,chaeFC-noER,chaetal complex,,50,112950.5,101856.9,101600.0
celltype_non_neuronal27,chaeFC-noER,chaetal complex,,51,107887.2,106904.2,108480.0
celltype_non_neuronal27,chaeFC-noER,chaetal complex,,52,110556.2,100513.1,105480.0
celltype_non_neuronal27,chaeFC-noER,chaetal complex,,53,104768.9,113384.9,101020.0
celltype_non_neuronal27,chaeFC-noER,chaetal complex,,54,82180.0,106156.4,104080.0
celltype_non_neuronal27,chaeFC-noER,chaetal complex,,55,104076.2,108526.9,110120.0
celltype_non_neuronal27,chaeFC-noER,chaetal complex,,56,110779.5,75687.7,99400.0
celltype_non_neuronal27,chaeFC-noER,chaetal complex,,57,112490.1,81514.7,107880.0
celltype_non_neuronal27,chaeFC-noER,chaetal complex,,58,109997.3,77029.9,106240.0
celltype_non_neuronal27,chaeFC-noER,chaetal complex,,59,102975.8,78586.7,106360.0
celltype_non_neuronal27,chaeFC-noER,chaetal complex,,60,17269.1,88414.7,114720.0
celltype_non_neuronal27,chaeFC-noER,chaetal complex,,61,17935.9,87553.3,112920.0
celltype_non_neuronal27,chaeFC-noER,chaetal complex,,62,21540.5,82594.3,107680.0
celltype_non_neuronal27,chaeFC-noER,chaetal complex,,63,29988.8,88074.5,112600.0
celltype_non_neuronal27,chaeFC-noER,chaetal complex,,64,16741.8,93327.9,117083.8
celltype_non_neuronal27,chaeFC-noER,chaetal complex,,65,23606.4,89415.5,116880.0
celltype_non_neuronal27,chaeFC-noER,chaetal complex,,66,17289.3,120841.8,119240.0
celltype_non_neuronal27,chaeFC-noER,chaetal complex,,67,18966.1,125608.6,119160.0
celltype_non_neuronal27,chaeFC-noER,chaetal complex,,68,30835.5,121776.1,115080.0
celltype_non_neuronal27,chaeFC-noER,chaetal complex,,69,26958.3,99955.0,157860.1
celltype_non_neuronal27,chaeFC-noER,chaetal complex,,70,21476.9,102892.6,155000.0
celltype_non_neuronal27,chaeFC-noER,chaetal complex,,71,19786.0,91021.4,148760.0
celltype_non_neuronal27,chaeFC-noER,chaetal complex,,72,25264.0,93864.4,149240.0
celltype_non_neuronal27,chaeFC-noER,chaetal complex,,73,24036.1,85702.4,147640.0
celltype_non_neuronal27,chaeFC-noER,chaetal complex,,74,28873.4,84939.6,147800.0
celltype_non_neuronal27,chaeFC-noER,chaetal complex,,75,31051.0,87588.5,147400.0
celltype_non_neuronal27,chaeFC-noER,chaetal complex,,76,31587.3,119125.5,151340.0
celltype_non_neuronal27,chaeFC-noER,chaetal complex,,77,35854.5,121480.0,146320.0
celltype_non_neuronal27,chaeFC-noER,chaetal complex,,78,41401.1,120630.8,145280.0
celltype_non_neuronal27,chaeFC-noER,chaetal complex,,79,31549.0,121117.1,139880.0
celltype_non_neuronal27,chaeFC-noER,chaetal complex,,80,87786.5,107251.9,163800.0
celltype_non_neuronal27,chaeFC-noER,chaetal complex,,81,89723.5,110034.3,162280.0
celltype_non_neuronal27,chaeFC-noER,chaetal complex,,82,81974.0,113871.4,162600.0
celltype_non_neuronal27,chaeFC-noER,chaetal complex,,83,91612.7,113318.1,155280.0
celltype_non_neuronal27,chaeFC-noER,chaetal complex,,84,84135.5,116181.4,158280.0
celltype_non_neuronal27,chaeFC-noER,chaetal complex,,85,85156.2,115993.7,153920.0
celltype_non_neuronal27,chaeFC-noER,chaetal complex,,86,88795.7,117502.9,151920.0
celltype_non_neuronal27,chaeFC-noER,chaetal complex,,87,92000.1,82578.8,156800.0
celltype_non_neuronal27,chaeFC-noER,chaetal complex,,88,85882.9,79515.0,155480.0
celltype_non_neuronal27,chaeFC-noER,chaetal complex,,89,80825.6,83128.2,157120.0
celltype_non_neuronal27,chaeFC-noER,chaetal complex,,90,85783.2,76046.9,156480.0
celltype_non_neuronal27,chaeFC-noER,chaetal complex,,91,82725.9,78361.7,155240.0
celltype_non_neuronal27,chaeFC-noER,chaetal complex,,92,53509.5,108079.4,64200.0
celltype_non_neuronal27,chaeFC-noER,chaetal complex,,93,119848.3,105758.9,77960.0
celltype_non_neuronal27,chaeFC-noER,chaetal complex,,94,128380.4,88515.3,82560.0
celltype_non_neuronal27,chaeFC-noER,chaetal complex,,95,130086.8,78005.5,83280.0
celltype_non_neuronal27,chaeFC-noER,chaetal complex,,96,112359.6,79741.2,97640.0
celltype_non_neuronal27,chaeFC-noER,chaetal complex,,97,94562.3,74428.0,100720.0
celltype_non_neuronal27,chaeFC-noER,chaetal complex,,98,96911.2,73915.6,98520.0
celltype_non_neuronal27,chaeFC-noER,chaetal complex,,99,99073.2,75353.6,95520.0
celltype_non_neuronal27,chaeFC-noER,chaetal complex,,100,119229.2,76423.8,77400.0
celltype_non_neuronal27,chaeFC-noER,chaetal complex,,101,107328.8,83602.1,97240.0
celltype_non_neuronal28,chaeFC-EC,chaetal complex,,0,114531.7,107635.7,113040.0
celltype_non_neuronal28,chaeFC-EC,chaetal complex,,1,89686.7,92898.9,170760.0
celltype_non_neuronal28,chaeFC-EC,chaetal complex,,2,80436.9,117347.0,166120.0
celltype_non_neuronal28,chaeFC-EC,chaetal complex,,3,80108.2,116886.0,162640.0
celltype_non_neuronal28,chaeFC-EC,chaetal complex,,4,87303.8,117806.4,167760.0
celltype_non_neuronal28,chaeFC-EC,chaetal complex,,5,21694.0,103664.0,161120.0
celltype_non_neuronal28,chaeFC-EC,chaetal complex,,6,95268.5,88841.0,159880.0
celltype_non_neuronal28,chaeFC-EC,chaetal complex,,7,93511.2,93525.0,166440.0
celltype_non_neuronal28,chaeFC-EC,chaetal complex,,8,84980.9,114731.8,167920.0
celltype_non_neuronal28,chaeFC-EC,chaetal complex,,9,85808.8,113547.4,166160.0
celltype_non_neuronal28,chaeFC-EC,chaetal complex,,10,84874.9,117899.0,162280.0
celltype_non_neuronal28,chaeFC-EC,chaetal complex,,11,19314.9,99289.2,156920.0
celltype_non_neuronal28,chaeFC-EC,chaetal complex,,12,95113.9,88180.6,165680.0
celltype_non_neuronal28,chaeFC-EC,chaetal complex,,13,91077.2,84665.2,164760.0
celltype_non_neuronal28,chaeFC-EC,chaetal complex,,14,87839.9,85724.9,166720.0
celltype_non_neuronal28,chaeFC-EC,chaetal complex,,15,89674.6,115612.4,162040.0
celltype_non_neuronal28,chaeFC-EC,chaetal complex,,16,26250.1,92818.9,117280.0
celltype_non_neuronal28,chaeFC-EC,chaetal complex,,17,25412.8,96936.1,69600.0
celltype_non_neuronal28,chaeFC-EC,chaetal complex,,18,27047.9,126849.3,116600.0
celltype_non_neuronal28,chaeFC-EC,chaetal complex,,19,24966.7,104712.6,61160.0
celltype_non_neuronal28,chaeFC-EC,chaetal complex,,20,12139.7,124013.9,124280.0
celltype_non_neuronal28,chaeFC-EC,chaetal complex,,21,107956.4,111224.1,113080.0
celltype_non_neuronal28,chaeFC-EC,chaetal complex,,22,115367.5,102051.9,109709.9
celltype_non_neuronal28,chaeFC-EC,chaetal complex,,23,114930.0,83986.1,106960.0
celltype_non_neuronal28,chaeFC-EC,chaetal complex,,24,107792.8,73089.7,101980.0
celltype_non_neuronal28,chaeFC-EC,chaetal complex,,25,26770.5,108427.2,61520.0
celltype_non_neuronal28,chaeFC-EC,chaetal complex,,26,44441.0,119130.4,69160.0
celltype_non_neuronal28,chaeFC-EC,chaetal complex,,27,40685.6,117508.7,68720.0
celltype_non_neuronal28,chaeFC-EC,chaetal complex,,28,23940.4,100933.5,67920.0
celltype_non_neuronal28,chaeFC-EC,chaetal complex,,29,125240.6,113237.1,73880.0
celltype_non_neuronal28,chaeFC-EC,chaetal complex,,30,129469.5,108508.6,73280.0
celltype_non_neuronal28,chaeFC-EC,chaetal complex,,31,132248.3,105619.0,77480.0
celltype_non_neuronal28,chaeFC-EC,chaetal complex,,32,133727.8,83470.6,80200.0
celltype_non_neuronal28,chaeFC-EC,chaetal complex,,33,134261.9,79267.0,81240.0
celltype_non_neuronal28,chaeFC-EC,chaetal complex,,34,132183.3,84554.4,83560.0
celltype_non_neuronal28,chaeFC-EC,chaetal complex,,35,34900.9,123351.0,157280.0
celltype_non_neuronal28,chaeFC-EC,chaetal complex,,36,30513.5,121716.9,157399.9
celltype_non_neuronal28,chaeFC-EC,chaetal complex,,37,28953.1,125832.8,155960.0
celltype_non_neuronal28,chaeFC-EC,chaetal complex,,38,113165.1,85399.0,100720.0
celltype_non_neuronal28,chaeFC-EC,chaetal complex,,39,108933.1,84385.6,97360.0
celltype_non_neuronal28,chaeFC-EC,chaetal complex,,40,110957.8,109424.8,108200.0
celltype_non_neuronal28,chaeFC-EC,chaetal complex,,41,105510.4,74652.0,107440.0
celltype_non_neuronal28,chaeFC-EC,chaetal complex,,42,23404.6,127749.5,119520.0
celltype_non_neuronal28,chaeFC-EC,chaetal complex,,43,14860.8,127458.2,118320.0
celltype_non_neuronal28,chaeFC-EC,chaetal complex,,44,37159.3,123402.6,143160.0
celltype_non_neuronal28,chaeFC-EC,chaetal complex,,45,38123.0,123890.7,152320.0
celltype_non_neuronal28,chaeFC-EC,chaetal complex,,46,19446.4,83293.3,113080.0
celltype_non_neuronal28,chaeFC-EC,chaetal complex,,47,19305.3,104726.2,154000.0
celltype_non_neuronal28,chaeFC-EC,chaetal complex,,48,110717.0,73398.1,103960.0
celltype_non_neuronal28,chaeFC-EC,chaetal complex,,49,116979.2,106105.0,108379.2
celltype_non_neuronal28,chaeFC-EC,chaetal complex,,50,15043.9,93269.4,113120.0
celltype_non_neuronal28,chaeFC-EC,chaetal complex,,51,28265.0,83440.5,112440.0
celltype_non_neuronal28,chaeFC-EC,chaetal complex,,52,17492.7,126049.0,112760.0
celltype_non_neuronal28,chaeFC-EC,chaetal complex,,53,15214.6,95260.3,121780.0
celltype_non_neuronal28,chaeFC-EC,chaetal complex,,54,86056.8,80264.1,159960.0
celltype_non_neuronal28,chaeFC-EC,chaetal complex,,55,42146.9,112900.5,73200.0
celltype_non_neuronal28,chaeFC-EC,chaetal complex,,56,102159.2,72291.6,104120.0
celltype_non_neuronal28,chaeFC-EC,chaetal complex,,57,19846.7,126800.0,122600.0
celltype_non_neuronal28,chaeFC-EC,chaetal complex,,58,81307.1,84628.4,161280.0
celltype_non_neuronal28,chaeFC-EC,chaetal complex,,59,22851.6,85346.4,114360.0
celltype_non_neuronal28,chaeFC-EC,chaetal complex,,60,126657.2,105090.6,81840.0
celltype_non_neuronal28,chaeFC-EC,chaetal complex,,61,111329.5,107010.9,102160.0
celltype_non_neuronal28,chaeFC-EC,chaetal complex,,62,28046.8,125975.9,149400.0
celltype_non_neuronal28,chaeFC-EC,chaetal complex,,63,23099.6,91148.0,150560.0
celltype_non_neuronal28,chaeFC-EC,chaetal complex,,64,28928.3,123673.2,147480.0
celltype_non_neuronal28,chaeFC-EC,chaetal complex,,65,113679.5,99997.4,106080.0
celltype_non_neuronal28,chaeFC-EC,chaetal complex,,66,24650.9,98638.9,64280.0
celltype_non_neuronal28,chaeFC-EC,chaetal complex,,67,26618.5,92529.7,67640.0
celltype_non_neuronal28,chaeFC-EC,chaetal complex,,68,21890.1,127060.4,113000.0
celltype_non_neuronal28,chaeFC-EC,chaetal complex,,69,33185.9,125976.1,149280.0
celltype_non_neuronal28,chaeFC-EC,chaetal complex,,70,86078.2,118140.4,156000.0
celltype_non_neuronal28,chaeFC-EC,chaetal complex,,71,26443.7,127850.5,111680.0
celltype_non_neuronal28,chaeFC-EC,chaetal complex,,72,132820.2,85551.8,81360.0
celltype_non_neuronal28,chaeFC-EC,chaetal complex,,73,127037.8,76407.6,82280.0
celltype_non_neuronal28,chaeFC-EC,chaetal complex,,74,127796.5,77128.7,76880.0
celltype_non_neuronal28,chaeFC-EC,chaetal complex,,75,132938.1,79362.3,76680.0
celltype_non_neuronal28,chaeFC-EC,chaetal complex,,76,127929.8,77860.0,85560.0
celltype_non_neuronal28,chaeFC-EC,chaetal complex,,77,126099.5,112134.4,75800.0
celltype_non_neuronal28,chaeFC-EC,chaetal complex,,78,15816.0,122399.9,119920.0
celltype_non_neuronal28,chaeFC-EC,chaetal complex,,79,23239.7,103478.5,65480.0
celltype_non_neuronal28,chaeFC-EC,chaetal complex,,80,120795.1,111567.5,77720.0
celltype_non_neuronal28,chaeFC-EC,chaetal complex,,81,130795.0,101670.8,79920.0
celltype_non_neuronal28,chaeFC-EC,chaetal complex,,82,47417.2,115987.1,65550.0
celltype_non_neuronal28,chaeFC-EC,chaetal complex,,83,48646.6,113272.6,69560.0
celltype_non_neuronal28,chaeFC-EC,chaetal complex,,84,48091.6,107980.1,71440.0
celltype_non_neuronal28,chaeFC-EC,chaetal complex,,85,115035.8,107595.4,104840.0
celltype_non_neuronal28,chaeFC-EC,chaetal complex,,86,105628.0,111974.9,110280.0
celltype_non_neuronal28,chaeFC-EC,chaetal complex,,87,106115.5,111790.2,105800.0
celltype_non_neuronal28,chaeFC-EC,chaetal complex,,88,108846.8,72054.8,97920.0
celltype_non_neuronal28,chaeFC-EC,chaetal complex,,89,113151.7,77022.6,100640.0
celltype_non_neuronal28,chaeFC-EC,chaetal complex,,90,108883.2,76668.7,108920.0
celltype_non_neuronal28,chaeFC-EC,chaetal complex,,91,17126.0,91935.2,110760.0
celltype_non_neuronal28,chaeFC-EC,chaetal complex,,92,15877.4,88258.4,117960.0
celltype_non_neuronal28,chaeFC-EC,chaetal complex,,93,21729.1,86091.4,118200.0
celltype_non_neuronal28,chaeFC-EC,chaetal complex,,94,28745.7,88543.1,115880.0
celltype_non_neuronal28,chaeFC-EC,chaetal complex,,95,20610.2,128260.3,115960.0
celltype_non_neuronal28,chaeFC-EC,chaetal complex,,96,26995.8,106973.7,60280.0
celltype_non_neuronal28,chaeFC-EC,chaetal complex,,97,16956.8,103067.6,149200.0
celltype_non_neuronal28,chaeFC-EC,chaetal complex,,98,19874.4,95296.6,153620.0
celltype_non_neuronal28,chaeFC-EC,chaetal complex,,99,21825.5,95775.0,156160.0
celltype_non_neuronal28,chaeFC-EC,chaetal complex,,100,26284.2,88834.4,149120.0
celltype_non_neuronal28,chaeFC-EC,chaetal complex,,101,28461.0,95757.6,153200.0
celltype_non_neuronal28,chaeFC-EC,chaetal complex,,102,30111.2,120940.1,155100.0
celltype_non_neuronal28,chaeFC-EC,chaetal complex,,103,82280.6,118897.4,150960.0
celltype_non_neuronal28,chaeFC-EC,chaetal complex,,104,83140.6,80274.8,159080.0
celltype_non_neuronal28,chaeFC-EC,chaetal complex,,105,50388.3,110536.9,68060.0
celltype_non_neuronal29,HeadGland,gland cell,,0,60607.9,115093.5,13053.0
celltype_non_neuronal29,HeadGland,gland cell,,1,72544.2,99407.5,6964.2
celltype_non_neuronal29,HeadGland,gland cell,,2,77446.8,89430.2,8186.6
celltype_non_neuronal29,HeadGland,gland cell,,3,84454.4,96786.6,8280.0
celltype_non_neuronal29,HeadGland,gland cell,,4,103090.6,107361.8,23918.6
celltype_non_neuronal3,prototroch,multiciliated cell,,0,114909.7,107877.7,30800.0
celltype_non_neuronal3,prototroch,multiciliated cell,,1,131591.7,79652.4,34840.0
celltype_non_neuronal3,prototroch,multiciliated cell,,2,43248.1,31066.8,65760.0
celltype_non_neuronal3,prototroch,multiciliated cell,,3,80225.6,8909.0,61140.0
celltype_non_neuronal3,prototroch,multiciliated cell,,4,88464.7,10576.2,72480.0
celltype_non_neuronal3,prototroch,multiciliated cell,,5,36532.6,41046.0,66800.0
celltype_non_neuronal3,prototroch,multiciliated cell,,6,60587.8,23175.3,75000.0
celltype_non_neuronal3,prototroch,multiciliated cell,,7,17530.0,79538.0,41600.0
celltype_non_neuronal3,prototroch,multiciliated cell,,8,21199.7,96740.1,36600.0
celltype_non_neuronal3,prototroch,multiciliated cell,,9,19694.7,88568.4,34235.2
celltype_non_neuronal3,prototroch,multiciliated cell,,10,43378.0,123919.0,28360.0
celltype_non_neuronal3,prototroch,multiciliated cell,,11,17584.2,78315.5,48400.0
celltype_non_neuronal3,prototroch,multiciliated cell,,12,39532.0,122316.3,34840.0
celltype_non_neuronal3,prototroch,multiciliated cell,,13,58820.3,131515.0,26480.0
celltype_non_neuronal3,prototroch,multiciliated cell,,14,72809.1,127495.9,14885.2
celltype_non_neuronal3,prototroch,multiciliated cell,,15,93143.1,127263.6,23720.0
celltype_non_neuronal3,prototroch,multiciliated cell,,16,89412.8,122489.4,16040.0
celltype_non_neuronal3,prototroch,multiciliated cell,,17,117677.5,107785.1,36280.0
celltype_non_neuronal3,prototroch,multiciliated cell,,18,123781.5,57971.7,56360.0
celltype_non_neuronal3,prototroch,multiciliated cell,,19,121672.5,52598.4,48200.0
celltype_non_neuronal3,prototroch,multiciliated cell,,20,114850.3,40818.9,56400.0
celltype_non_neuronal3,prototroch,multiciliated cell,,21,113645.1,30107.0,65760.0
celltype_non_neuronal3,prototroch,multiciliated cell,,22,130352.5,84860.2,41000.0
celltype_non_neuronal30,InterparaGland,gland cell,,0,107019.9,94011.9,122360.0
celltype_non_neuronal30,InterparaGland,gland cell,,1,71735.7,109503.2,165120.0
celltype_non_neuronal30,InterparaGland,gland cell,,2,40279.5,106305.4,162840.0
celltype_non_neuronal30,InterparaGland,gland cell,,3,33273.4,105746.6,119240.0
celltype_non_neuronal31,spinMicroGland,gland cell,,0,103244.9,90800.5,108520.0
celltype_non_neuronal31,spinMicroGland,gland cell,,1,96937.0,92667.9,102040.0
celltype_non_neuronal31,spinMicroGland,gland cell,,2,93214.0,100092.1,152680.0
celltype_non_neuronal31,spinMicroGland,gland cell,,3,22737.0,109854.1,152680.0
celltype_non_neuronal31,spinMicroGland,gland cell,,4,23178.2,108799.1,149920.0
celltype_non_neuronal31,spinMicroGland,gland cell,,5,89629.9,98354.1,151720.0
celltype_non_neuronal31,spinMicroGland,gland cell,,6,22310.1,107514.1,141880.0
celltype_non_neuronal31,spinMicroGland,gland cell,,7,93873.0,98254.3,157160.0
celltype_non_neuronal31,spinMicroGland,gland cell,,8,85370.5,102596.0,164080.0
celltype_non_neuronal31,spinMicroGland,gland cell,,9,28684.6,105877.4,113120.0
celltype_non_neuronal31,spinMicroGland,gland cell,,10,21041.4,102826.9,115480.0
celltype_non_neuronal31,spinMicroGland,gland cell,,11,26007.4,104296.3,110080.0
celltype_non_neuronal31,spinMicroGland,gland cell,,12,24180.1,101935.2,109680.0
celltype_non_neuronal31,spinMicroGland,gland cell,,13,129708.1,95370.4,101720.0
celltype_non_neuronal31,spinMicroGland,gland cell,,14,110719.7,90519.4,101680.0
celltype_non_neuronal31,spinMicroGland,gland cell,,15,14238.9,114968.5,160040.0
celltype_non_neuronal31,spinMicroGland,gland cell,,16,27447.8,111257.4,150680.0
celltype_non_neuronal31,spinMicroGland,gland cell,,17,98168.9,107982.7,173280.0
celltype_non_neuronal31,spinMicroGland,gland cell,,18,90842.2,92683.5,102800.0
celltype_non_neuronal32,CB-pigment,pigment cell,,0,44554.2,134199.6,158640.0
celltype_non_neuronal32,CB-pigment,pigment cell,,1,106487.4,116680.6,50600.0
celltype_non_neuronal32,CB-pigment,pigment cell,,2,55625.6,24861.2,29720.0
celltype_non_neuronal32,CB-pigment,pigment cell,,3,96778.4,37011.9,18920.0
celltype_non_neuronal32,CB-pigment,pigment cell,,4,93564.4,23618.1,30800.0
celltype_non_neuronal32,CB-pigment,pigment cell,,5,99184.0,143700.5,116760.0
celltype_non_neuronal32,CB-pigment,pigment cell,,6,79947.5,137552.8,154840.0
celltype_non_neuronal32,CB-pigment,pigment cell,,7,83508.6,22353.9,27680.0
celltype_non_neuronal32,CB-pigment,pigment cell,,8,50678.1,62200.1,150920.0
celltype_non_neuronal32,CB-pigment,pigment cell,,9,114764.2,98835.9,19880.0
celltype_non_neuronal32,CB-pigment,pigment cell,,10,21607.2,81394.9,21680.0
celltype_non_neuronal32,CB-pigment,pigment cell,,11,20122.3,90365.6,25000.0
celltype_non_neuronal32,CB-pigment,pigment cell,,12,55139.2,99004.8,5480.0
celltype_non_neuronal32,CB-pigment,pigment cell,,13,105588.2,140216.6,117680.0
celltype_non_neuronal32,CB-pigment,pigment cell,,14,26353.4,76236.7,20000.0
celltype_non_neuronal32,CB-pigment,pigment cell,,15,34716.0,74485.6,155120.0
celltype_non_neuronal32,CB-pigment,pigment cell,,16,40456.6,141617.3,137440.0
celltype_non_neuronal32,CB-pigment,pigment cell,,17,42334.1,58654.2,109680.0
celltype_non_neuronal32,CB-pigment,pigment cell,,18,82043.5,143639.7,137200.0
celltype_non_neuronal32,CB-pigment,pigment cell,,19,117172.2,65540.8,19800.0
celltype_non_neuronal32,CB-pigment,pigment cell,,20,119869.5,70498.9,21960.0
celltype_non_neuronal32,CB-pigment,pigment cell,,21,114771.0,118929.9,87980.0
celltype_non_neuronal32,CB-pigment,pigment cell,,22,105372.4,123756.9,131480.0
celltype_non_neuronal32,CB-pigment,pigment cell,,23,85558.3,131553.1,162040.0
celltype_non_neuronal32,CB-pigment,pigment cell,,24,28636.1,87565.0,154840.0
celltype_non_neuronal32,CB-pigment,pigment cell,,25,74289.6,71761.8,162880.0
celltype_non_neuronal32,CB-pigment,pigment cell,,26,58135.9,66468.8,159480.0
celltype_non_neuronal32,CB-pigment,pigment cell,,27,28471.1,72559.4,145000.0
celltype_non_neuronal32,CB-pigment,pigment cell,,28,46864.3,67073.1,155480.0
celltype_non_neuronal32,CB-pigment,pigment cell,,29,107880.2,136675.2,79280.0
celltype_non_neuronal32,CB-pigment,pigment cell,,30,31181.2,77149.9,112680.0
celltype_non_neuronal32,CB-pigment,pigment cell,,31,92723.7,49653.4,11600.0
celltype_non_neuronal32,CB-pigment,pigment cell,,32,65425.9,137329.0,38360.0
celltype_non_neuronal32,CB-pigment,pigment cell,,33,43890.8,124599.6,48120.0
celltype_non_neuronal32,CB-pigment,pigment cell,,34,34147.2,120112.0,46760.0
celltype_non_neuronal32,CB-pigment,pigment cell,,35,56612.2,136128.1,81320.0
celltype_non_neuronal32,CB-pigment,pigment cell,,36,31886.3,61851.6,85880.0
celltype_non_neuronal32,CB-pigment,pigment cell,,37,49998.9,51600.7,9200.0
celltype_non_neuronal32,CB-pigment,pigment cell,,38,71095.4,142487.5,156120.0
celltype_non_neuronal32,CB-pigment,pigment cell,,39,27100.2,67286.6,72200.0
celltype_non_neuronal32,CB-pigment,pigment cell,,40,109557.1,132537.3,106600.0
celltype_non_neuronal32,CB-pigment,pigment cell,,41,110157.0,46653.9,37640.0
celltype_non_neuronal32,CB-pigment,pigment cell,,42,104863.8,65795.1,112000.0
celltype_non_neuronal32,CB-pigment,pigment cell,,43,96772.0,55792.5,112162.6
celltype_non_neuronal32,CB-pigment,pigment cell,,44,79020.6,45881.7,112540.1
celltype_non_neuronal32,CB-pigment,pigment cell,,45,52323.5,129751.0,46720.0
celltype_non_neuronal32,CB-pigment,pigment cell,,46,56314.6,48646.4,109940.2
celltype_non_neuronal32,CB-pigment,pigment cell,,47,121667.8,70313.2,83080.0
celltype_non_neuronal32,CB-pigment,pigment cell,,48,90855.5,135761.1,47760.0
celltype_non_neuronal32,CB-pigment,pigment cell,,49,122422.7,100270.9,49840.0
celltype_non_neuronal32,CB-pigment,pigment cell,,50,119075.5,56680.4,80040.0
celltype_non_neuronal32,CB-pigment,pigment cell,,51,23091.5,58518.7,32836.3
celltype_non_neuronal32,CB-pigment,pigment cell,,52,49963.5,139259.0,144760.0
celltype_non_neuronal32,CB-pigment,pigment cell,,53,48553.0,125902.9,81200.0
celltype_non_neuronal32,CB-pigment,pigment cell,,54,56265.3,148901.1,114600.0
celltype_non_neuronal32,CB-pigment,pigment cell,,55,32494.0,129084.6,127621.2
celltype_non_neuronal32,CB-pigment,pigment cell,,56,68223.4,66150.4,161560.0
celltype_non_neuronal32,CB-pigment,pigment cell,,57,114596.8,99524.8,39199.7
celltype_non_neuronal33,vacuolar-cell-head,pigment cell,,0,65032.4,113007.8,7080.0
celltype_non_neuronal33,vacuolar-cell-head,pigment cell,,1,78283.2,115644.5,7800.0
celltype_non_neuronal33,vacuolar-cell-head,pigment cell,,2,95461.6,114091.5,9040.0
celltype_non_neuronal34,Glia-pigmented,glia cell,,0,72177.1,56458.8,8360.0
celltype_non_neuronal34,Glia-pigmented,glia cell,,1,80326.8,46778.2,8360.0
celltype_non_neuronal34,Glia-pigmented,glia cell,,2,64538.7,47857.6,8020.0
celltype_non_neuronal34,Glia-pigmented,glia cell,,3,76521.0,78479.9,7040.0
celltype_non_neuronal34,Glia-pigmented,glia cell,,4,75499.4,82233.2,6560.0
celltype_non_neuronal35,pygidial-pigment-cell,pigment cell,,0,49235.4,134934.1,169480.0
celltype_non_neuronal35,pygidial-pigment-cell,pigment cell,,1,53425.3,125537.2,171440.0
celltype_non_neuronal35,pygidial-pigment-cell,pigment cell,,2,52246.1,132723.4,166360.0
celltype_non_neuronal35,pygidial-pigment-cell,pigment cell,,3,58598.1,127096.6,181800.0
celltype_non_neuronal35,pygidial-pigment-cell,pigment cell,,4,67166.3,132640.3,174800.0
celltype_non_neuronal35,pygidial-pigment-cell,pigment cell,,5,36720.6,118935.5,171160.0
celltype_non_neuronal35,pygidial-pigment-cell,pigment cell,,6,52235.0,131030.4,170400.0
celltype_non_neuronal35,pygidial-pigment-cell,pigment cell,,7,60411.5,95907.1,175800.0
celltype_non_neuronal35,pygidial-pigment-cell,pigment cell,,8,52759.4,91307.2,172560.0
celltype_non_neuronal35,pygidial-pigment-cell,pigment cell,,9,46295.6,92042.2,171680.0
celltype_non_neuronal35,pygidial-pigment-cell,pigment cell,,10,40438.8,95449.6,173040.0
celltype_non_neuronal35,pygidial-pigment-cell,pigment cell,,11,37712.0,102204.9,174200.0
celltype_non_neuronal35,pygidial-pigment-cell,pigment cell,,12,49411.1,102476.5,180080.0
celltype_non_neuronal35,pygidial-pigment-cell,pigment cell,,13,39064.2,113766.7,170360.0
celltype_non_neuronal35,pygidial-pigment-cell,pigment cell,,14,43840.0,133945.0,168880.0
celltype_non_neuronal35,pygidial-pigment-cell,pigment cell,,15,70117.2,125810.6,177040.0
celltype_non_neuronal35,pygidial-pigment-cell,pigment cell,,16,43966.7,95171.6,175360.0
celltype_non_neuronal35,pygidial-pigment-cell,pigment cell,,17,53453.1,120661.7,176880.0
celltype_non_neuronal35,pygidial-pigment-cell,pigment cell,,18,52260.8,122416.8,174120.0
celltype_non_neuronal35,pygidial-pigment-cell,pigment cell,,19,70331.1,129353.9,173840.0
celltype_non_neuronal35,pygidial-pigment-cell,pigment cell,,20,61732.9,103537.1,173880.0
celltype_non_neuronal35,pygidial-pigment-cell,pigment cell,,21,62185.8,134119.4,169240.0
celltype_non_neuronal35,pygidial-pigment-cell,pigment cell,,22,67965.3,134671.4,172000.0
celltype_non_neuronal35,pygidial-pigment-cell,pigment cell,,23,40688.8,109352.2,171240.0
celltype_non_neuronal35,pygidial-pigment-cell,pigment cell,,24,59138.3,129611.6,164480.0
celltype_non_neuronal35,pygidial-pigment-cell,pigment cell,,25,54819.1,125539.7,161320.0
celltype_non_neuronal36,coelothelium,coelothelium,,0,40227.8,113339.5,120820.0
celltype_non_neuronal36,coelothelium,coelothelium,,1,68531.1,121451.5,131000.0
celltype_non_neuronal36,coelothelium,coelothelium,,2,72354.8,120137.4,136040.0
celltype_non_neuronal36,coelothelium,coelothelium,,3,57656.1,117601.4,143480.0
celltype_non_neuronal36,coelothelium,coelothelium,,4,99035.2,125823.8,131080.0
celltype_non_neuronal36,coelothelium,coelothelium,,5,80558.8,116358.0,104360.0
celltype_non_neuronal36,coelothelium,coelothelium,,6,66432.1,116976.5,109400.0
celltype_non_neuronal36,coelothelium,coelothelium,,7,86691.8,118543.5,111840.0
celltype_non_neuronal36,coelothelium,coelothelium,,8,47974.1,99511.3,46600.0
celltype_non_neuronal36,coelothelium,coelothelium,,9,52781.7,102329.9,51760.0
celltype_non_neuronal36,coelothelium,coelothelium,,10,95345.4,92348.8,132560.0
celltype_non_neuronal36,coelothelium,coelothelium,,11,78873.6,119087.6,133320.0
celltype_non_neuronal36,coelothelium,coelothelium,,12,48356.1,65885.0,151600.0
celltype_non_neuronal36,coelothelium,coelothelium,,13,92869.7,102975.8,132680.0
celltype_non_neuronal36,coelothelium,coelothelium,,14,37127.3,79705.6,134520.0
celltype_non_neuronal36,coelothelium,coelothelium,,15,45719.4,84479.7,61880.0
celltype_non_neuronal36,coelothelium,coelothelium,,16,71668.9,111257.4,65280.0
celltype_non_neuronal36,coelothelium,coelothelium,,17,66102.3,75181.3,157040.0
celltype_non_neuronal36,coelothelium,coelothelium,,18,94351.7,75786.8,139960.0
celltype_non_neuronal36,coelothelium,coelothelium,,19,94788.0,86825.5,138600.0
celltype_non_neuronal36,coelothelium,coelothelium,,20,107117.5,101233.7,78600.0
celltype_non_neuronal36,coelothelium,coelothelium,,21,39867.9,97873.0,126000.0
celltype_non_neuronal36,coelothelium,coelothelium,,22,54530.5,56968.7,117240.0
celltype_non_neuronal36,coelothelium,coelothelium,,23,47627.0,67254.6,120320.0
celltype_non_neuronal36,coelothelium,coelothelium,,24,26395.3,79057.5,144400.0
celltype_non_neuronal36,coelothelium,coelothelium,,25,82799.7,91376.7,88600.0
celltype_non_neuronal36,coelothelium,coelothelium,,26,81774.7,104370.4,90200.0
celltype_non_neuronal36,coelothelium,coelothelium,,27,45808.7,86300.4,30040.0
celltype_non_neuronal36,coelothelium,coelothelium,,28,52845.6,89935.7,127320.0
celltype_non_neuronal36,coelothelium,coelothelium,,29,31911.0,76141.6,139680.0
celltype_non_neuronal36,coelothelium,coelothelium,,30,32100.2,91837.6,128760.0
celltype_non_neuronal36,coelothelium,coelothelium,,31,40738.6,72514.5,93360.0
celltype_non_neuronal36,coelothelium,coelothelium,,32,41696.9,106248.1,91920.0
celltype_non_neuronal36,coelothelium,coelothelium,,33,85136.9,70531.9,152040.0
celltype_non_neuronal36,coelothelium,coelothelium,,34,86224.2,63870.8,140120.0
celltype_non_neuronal36,coelothelium,coelothelium,,35,42472.9,74370.5,121280.0
celltype_non_neuronal36,coelothelium,coelothelium,,36,39066.4,88339.1,117240.0
celltype_non_neuronal36,coelothelium,coelothelium,,37,36213.5,103590.1,122480.0
celltype_non_neuronal36,coelothelium,coelothelium,,38,46466.4,102082.7,120400.0
celltype_non_neuronal36,coelothelium,coelothelium,,39,90787.5,61246.4,127760.0
celltype_non_neuronal36,coelothelium,coelothelium,,40,88994.5,91226.4,130880.0
celltype_non_neuronal36,coelothelium,coelothelium,,41,23162.6,91238.1,90080.0
celltype_non_neuronal36,coelothelium,coelothelium,,42,60007.4,62241.0,30120.0
celltype_non_neuronal36,coelothelium,coelothelium,,43,78312.7,54951.5,31520.0
celltype_non_neuronal36,coelothelium,coelothelium,,44,103662.2,87344.2,45080.0
celltype_non_neuronal36,coelothelium,coelothelium,,45,107831.7,88883.7,45520.0
celltype_non_neuronal36,coelothelium,coelothelium,,46,93688.1,103479.1,60800.0
celltype_non_neuronal36,coelothelium,coelothelium,,47,83876.1,111160.5,61640.0
celltype_non_neuronal36,coelothelium,coelothelium,,48,40415.4,86242.3,57800.0
celltype_non_neuronal36,coelothelium,coelothelium,,49,67946.7,107990.8,146480.0
celltype_non_neuronal36,coelothelium,coelothelium,,50,53257.9,107801.7,149320.0
celltype_non_neuronal36,coelothelium,coelothelium,,51,61821.6,114927.5,143880.0
celltype_non_neuronal36,coelothelium,coelothelium,,52,43567.3,102288.1,156740.2
celltype_non_neuronal36,coelothelium,coelothelium,,53,50051.8,104981.3,90520.0
celltype_non_neuronal36,coelothelium,coelothelium,,54,71894.9,109398.1,72080.0
celltype_non_neuronal36,coelothelium,coelothelium,,55,70943.2,114349.0,92480.0
celltype_non_neuronal36,coelothelium,coelothelium,,56,77867.9,112775.1,94120.0
celltype_non_neuronal36,coelothelium,coelothelium,,57,62265.5,116279.9,99240.0
celltype_non_neuronal36,coelothelium,coelothelium,,58,87218.1,74710.0,108760.0
celltype_non_neuronal36,coelothelium,coelothelium,,59,87470.9,58752.4,116400.0
celltype_non_neuronal36,coelothelium,coelothelium,,60,85902.4,55987.1,111640.0
celltype_non_neuronal36,coelothelium,coelothelium,,61,111451.1,88812.4,56200.0
celltype_non_neuronal36,coelothelium,coelothelium,,62,116486.1,81588.3,60600.0
celltype_non_neuronal36,coelothelium,coelothelium,,63,100259.3,73844.5,127400.0
celltype_non_neuronal36,coelothelium,coelothelium,,64,41276.4,70393.5,108640.0
celltype_non_neuronal36,coelothelium,coelothelium,,65,64987.7,107175.3,56840.0
celltype_non_neuronal36,coelothelium,coelothelium,,66,74922.7,93244.6,90200.0
celltype_non_neuronal36,coelothelium,coelothelium,,67,52943.2,100693.5,53600.0
celltype_non_neuronal36,coelothelium,coelothelium,,68,54147.4,107683.7,152760.0
celltype_non_neuronal36,coelothelium,coelothelium,,69,71764.0,70243.3,152360.0
celltype_non_neuronal36,coelothelium,coelothelium,,70,89922.7,55672.8,38320.0
celltype_non_neuronal36,coelothelium,coelothelium,,71,25252.6,86335.8,64880.0
celltype_non_neuronal36,coelothelium,coelothelium,,72,99457.1,104663.5,121920.0
celltype_non_neuronal36,coelothelium,coelothelium,,73,101224.2,93958.7,54760.0
celltype_non_neuronal36,coelothelium,coelothelium,,74,32363.2,73366.7,63920.0
celltype_non_neuronal36,coelothelium,coelothelium,,75,50617.7,98116.2,50880.0
celltype_non_neuronal36,coelothelium,coelothelium,,76,42809.5,102673.0,49320.0
celltype_non_neuronal36,coelothelium,coelothelium,,77,49114.5,105554.2,49880.0
celltype_non_neuronal36,coelothelium,coelothelium,,78,49206.9,105123.5,47360.0
celltype_non_neuronal36,coelothelium,coelothelium,,79,44528.4,99691.9,45360.0
celltype_non_neuronal36,coelothelium,coelothelium,,80,46043.3,94011.3,40840.0
celltype_non_neuronal36,coelothelium,coelothelium,,81,121365.9,70395.8,73520.0
celltype_non_neuronal36,coelothelium,coelothelium,,82,100453.8,101888.8,78840.0
celltype_non_neuronal36,coelothelium,coelothelium,,83,107143.9,87877.2,82200.0
celltype_non_neuronal36,coelothelium,coelothelium,,84,44334.2,74703.9,80240.0
celltype_non_neuronal36,coelothelium,coelothelium,,85,103379.8,81438.9,82000.0
celltype_non_neuronal36,coelothelium,coelothelium,,86,100664.0,100906.7,83160.0
celltype_non_neuronal36,coelothelium,coelothelium,,87,99711.4,91371.8,84120.0
celltype_non_neuronal36,coelothelium,coelothelium,,88,84144.5,76193.0,102320.0
celltype_non_neuronal36,coelothelium,coelothelium,,89,48128.6,74592.2,78160.0
celltype_non_neuronal36,coelothelium,coelothelium,,90,73646.6,81927.4,96600.0
celltype_non_neuronal36,coelothelium,coelothelium,,91,97095.0,71516.5,103600.0
celltype_non_neuronal36,coelothelium,coelothelium,,92,39820.8,79439.8,103040.0
celltype_non_neuronal36,coelothelium,coelothelium,,93,99250.6,71066.1,110400.0
celltype_non_neuronal36,coelothelium,coelothelium,,94,40989.6,98657.7,122760.0
celltype_non_neuronal36,coelothelium,coelothelium,,95,50071.4,108442.1,119360.0
celltype_non_neuronal36,coelothelium,coelothelium,,96,62058.0,117723.7,128560.0
celltype_non_neuronal36,coelothelium,coelothelium,,97,94380.2,66138.7,130560.0
celltype_non_neuronal36,coelothelium,coelothelium,,98,82981.1,68813.9,145440.0
celltype_non_neuronal36,coelothelium,coelothelium,,99,35270.3,72507.5,148480.0
celltype_non_neuronal36,coelothelium,coelothelium,,100,44679.8,78034.8,153720.0
celltype_non_neuronal37,MUSac-notA,muscle,parapodia,0,39974.4,76618.6,128440.0
celltype_non_neuronal37,MUSac-notA,muscle,parapodia,1,90099.0,67611.0,136920.0
celltype_non_neuronal37,MUSac-notA,muscle,parapodia,2,31026.9,74630.9,67360.0
celltype_non_neuronal37,MUSac-notA,muscle,parapodia,3,32951.7,77813.3,60960.0
celltype_non_neuronal37,MUSac-notA,muscle,parapodia,4,35895.8,75309.0,92520.0
celltype_non_neuronal37,MUSac-notA,muscle,parapodia,5,111723.8,75053.8,63040.0
celltype_non_neuronal37,MUSac-notA,muscle,parapodia,6,40904.8,72359.2,79000.0
celltype_non_neuronal37,MUSac-notA,muscle,parapodia,7,83420.4,63592.4,142760.0
celltype_non_neuronal37,MUSac-notA,muscle,parapodia,8,33114.6,74428.8,136280.0
celltype_non_neuronal37,MUSac-notA,muscle,parapodia,9,96294.8,67318.7,91520.0
celltype_non_neuronal37,MUSac-notA,muscle,parapodia,10,114378.7,70090.7,70360.0
celltype_non_neuronal37,MUSac-notA,muscle,parapodia,11,94951.1,65942.7,96000.0
celltype_non_neuronal38,MUSac-notP,muscle,parapodia,0,41916.6,87182.9,79040.0
celltype_non_neuronal38,MUSac-notP,muscle,parapodia,1,43743.9,91995.1,148240.0
celltype_non_neuronal38,MUSac-notP,muscle,parapodia,2,75464.7,87686.9,141320.0
celltype_non_neuronal38,MUSac-notP,muscle,parapodia,3,69203.4,90931.8,152800.0
celltype_non_neuronal38,MUSac-notP,muscle,parapodia,4,40978.2,80788.1,108680.0
celltype_non_neuronal38,MUSac-notP,muscle,parapodia,5,42116.2,85295.1,107800.0
celltype_non_neuronal38,MUSac-notP,muscle,parapodia,6,105868.8,87197.5,80600.0
celltype_non_neuronal38,MUSac-notP,muscle,parapodia,7,111462.2,80818.7,78920.0
celltype_non_neuronal38,MUSac-notP,muscle,parapodia,8,41610.4,90530.9,140360.0
celltype_non_neuronal38,MUSac-notP,muscle,parapodia,9,39335.1,81795.7,77240.0
celltype_non_neuronal38,MUSac-notP,muscle,parapodia,10,94964.3,77656.0,116880.0
celltype_non_neuronal38,MUSac-notP,muscle,parapodia,11,96447.1,73708.7,114240.0
celltype_non_neuronal39,MUSac-notM,muscle,parapodia,0,111983.0,91650.2,67960.0
celltype_non_neuronal39,MUSac-notM,muscle,parapodia,1,34205.9,94272.2,90560.0
celltype_non_neuronal39,MUSac-notM,muscle,parapodia,2,91078.0,94990.4,138520.0
celltype_non_neuronal39,MUSac-notM,muscle,parapodia,3,34090.7,100586.9,131400.0
celltype_non_neuronal39,MUSac-notM,muscle,parapodia,4,24789.1,101039.8,134979.9
celltype_non_neuronal39,MUSac-notM,muscle,parapodia,5,44179.2,98236.2,56600.0
celltype_non_neuronal39,MUSac-notM,muscle,parapodia,6,40800.9,96163.0,56560.0
celltype_non_neuronal39,MUSac-notM,muscle,parapodia,7,85546.4,94502.3,93320.0
celltype_non_neuronal39,MUSac-notM,muscle,parapodia,8,92841.9,92189.3,143960.0
celltype_non_neuronal39,MUSac-notM,muscle,parapodia,9,92766.3,93130.7,93680.0
celltype_non_neuronal39,MUSac-notM,muscle,parapodia,10,31628.8,94805.3,93120.0
celltype_non_neuronal39,MUSac-notM,muscle,parapodia,11,113275.2,88447.9,62480.0
celltype_non_neuronal4,nuchalCiliaCilia,multiciliated cell,nuchal organ,0,25800.4,64697.4,51520.0
celltype_non_neuronal4,nuchalCiliaCilia,multiciliated cell,nuchal organ,1,25727.8,60053.1,54080.0
celltype_non_neuronal4,nuchalCiliaCilia,multiciliated cell,nuchal organ,2,32131.6,50791.7,55280.0
celltype_non_neuronal4,nuchalCiliaCilia,multiciliated cell,nuchal organ,3,107645.7,49322.3,53360.0
celltype_non_neuronal4,nuchalCiliaCilia,multiciliated cell,nuchal organ,4,105623.6,47610.8,53040.0
celltype_non_neuronal4,nuchalCiliaCilia,multiciliated cell,nuchal organ,5,104595.1,39909.8,53760.0
celltype_non_neuronal40,MUSac-neuAV,muscle,parapodia,0,54445.1,114349.3,124280.0
celltype_non_neuronal40,MUSac-neuAV,muscle,parapodia,1,56508.2,116799.2,132640.0
celltype_non_neuronal40,MUSac-neuAV,muscle,parapodia,2,55671.7,101160.7,71880.0
celltype_non_neuronal40,MUSac-neuAV,muscle,parapodia,3,54328.3,98386.1,74960.0
celltype_non_neuronal40,MUSac-neuAV,muscle,parapodia,4,43552.7,128654.5,134320.0
celltype_non_neuronal40,MUSac-neuAV,muscle,parapodia,5,49624.9,109945.1,93720.0
celltype_non_neuronal40,MUSac-neuAV,muscle,parapodia,6,52138.3,113925.4,101840.0
celltype_non_neuronal40,MUSac-neuAV,muscle,parapodia,7,81405.0,117738.1,134840.0
celltype_non_neuronal40,MUSac-neuAV,muscle,parapodia,8,97796.7,119299.9,98640.0
celltype_non_neuronal40,MUSac-neuAV,muscle,parapodia,9,83937.9,116320.4,95560.0
celltype_non_neuronal40,MUSac-neuAV,muscle,parapodia,10,53052.2,121591.5,99000.0
celltype_non_neuronal40,MUSac-neuAV,muscle,parapodia,11,84945.2,115978.7,107680.0
celltype_non_neuronal40,MUSac-neuAV,muscle,parapodia,12,101823.2,104365.7,71760.0
celltype_non_neuronal40,MUSac-neuAV,muscle,parapodia,13,92261.2,126746.9,138280.0
celltype_non_neuronal40,MUSac-neuAV,muscle,parapodia,14,85180.6,117278.2,130480.0
celltype_non_neuronal40,MUSac-neuAV,muscle,parapodia,15,104952.0,108771.1,74240.0
celltype_non_neuronal41,MUSac-neuPD,muscle,parapodia,0,77349.3,86914.6,147600.0
celltype_non_neuronal41,MUSac-neuPD,muscle,parapodia,1,75302.5,81469.6,155400.0
celltype_non_neuronal41,MUSac-neuPD,muscle,parapodia,2,34413.2,90990.5,150720.0
celltype_non_neuronal41,MUSac-neuPD,muscle,parapodia,3,38973.4,93870.9,143080.0
celltype_non_neuronal41,MUSac-neuPD,muscle,parapodia,4,48958.5,93860.2,132320.0
celltype_non_neuronal41,MUSac-neuPD,muscle,parapodia,5,35316.8,80868.2,75000.0
celltype_non_neuronal41,MUSac-neuPD,muscle,parapodia,6,113274.9,75322.0,78080.0
celltype_non_neuronal41,MUSac-neuPD,muscle,parapodia,7,105019.5,90280.7,68040.0
celltype_non_neuronal41,MUSac-neuPD,muscle,parapodia,8,44702.2,85636.8,72040.0
celltype_non_neuronal41,MUSac-neuPD,muscle,parapodia,9,41070.2,90710.3,95920.0
celltype_non_neuronal41,MUSac-neuPD,muscle,parapodia,10,76490.7,93544.1,138000.0
celltype_non_neuronal41,MUSac-neuPD,muscle,parapodia,11,46025.3,83291.7,74580.0
celltype_non_neuronal41,MUSac-neuPD,muscle,parapodia,12,38537.8,84411.9,106720.0
celltype_non_neuronal41,MUSac-neuPD,muscle,parapodia,13,46453.5,92544.0,98920.0
celltype_non_neuronal41,MUSac-neuPD,muscle,parapodia,14,108237.7,89313.9,72040.0
celltype_non_neuronal41,MUSac-neuPD,muscle,parapodia,15,96296.5,75158.9,111960.0
celltype_non_neuronal41,MUSac-neuPD,muscle,parapodia,16,84691.4,87690.5,101360.0
celltype_non_neuronal41,MUSac-neuPD,muscle,parapodia,17,80558.3,90165.1,102280.0
celltype_non_neuronal42,MUSac-neuPV,muscle,parapodia,0,88496.4,117263.5,112440.0
celltype_non_neuronal42,MUSac-neuPV,muscle,parapodia,1,85362.6,108459.7,112160.0
celltype_non_neuronal42,MUSac-neuPV,muscle,parapodia,2,84978.2,107309.4,109000.0
celltype_non_neuronal42,MUSac-neuPV,muscle,parapodia,3,51019.6,115813.3,107040.0
celltype_non_neuronal42,MUSac-neuPV,muscle,parapodia,4,47511.9,123651.6,115840.0
celltype_non_neuronal42,MUSac-neuPV,muscle,parapodia,5,50696.3,108529.1,107600.0
celltype_non_neuronal42,MUSac-neuPV,muscle,parapodia,6,54302.0,112363.2,134120.0
celltype_non_neuronal42,MUSac-neuPV,muscle,parapodia,7,53103.1,106987.0,136840.0
celltype_non_neuronal42,MUSac-neuPV,muscle,parapodia,8,48656.9,87365.7,73720.0
celltype_non_neuronal42,MUSac-neuPV,muscle,parapodia,9,50783.9,93009.9,77080.0
celltype_non_neuronal42,MUSac-neuPV,muscle,parapodia,10,73297.1,103981.6,140640.0
celltype_non_neuronal42,MUSac-neuPV,muscle,parapodia,11,72264.1,108379.2,142640.0
celltype_non_neuronal42,MUSac-neuPV,muscle,parapodia,12,104691.7,99842.1,77120.0
celltype_non_neuronal42,MUSac-neuPV,muscle,parapodia,13,105865.9,95264.7,73040.0
celltype_non_neuronal43,MUSac-neuDy,muscle,parapodia,0,49974.3,98294.5,132280.0
celltype_non_neuronal43,MUSac-neuDy,muscle,parapodia,1,48562.2,99051.3,101760.0
celltype_non_neuronal43,MUSac-neuDy,muscle,parapodia,2,78478.6,97057.1,137520.0
celltype_non_neuronal43,MUSac-neuDy,muscle,parapodia,3,80063.3,96245.9,99680.0
celltype_non_neuronal44,MUSac-neuDx,muscle,parapodia,0,44155.1,97487.6,132000.0
celltype_non_neuronal44,MUSac-neuDx,muscle,parapodia,1,46664.1,95914.6,129680.0
celltype_non_neuronal44,MUSac-neuDx,muscle,parapodia,2,42250.3,93955.8,91920.0
celltype_non_neuronal44,MUSac-neuDx,muscle,parapodia,3,38831.7,93601.5,94800.0
celltype_non_neuronal44,MUSac-neuDx,muscle,parapodia,4,82506.0,93815.7,136120.0
celltype_non_neuronal44,MUSac-neuDx,muscle,parapodia,5,82332.5,93712.0,139240.0
celltype_non_neuronal44,MUSac-neuDx,muscle,parapodia,6,80736.7,93725.4,96200.0
celltype_non_neuronal44,MUSac-neuDx,muscle,parapodia,7,84050.0,92497.9,98760.0
celltype_non_neuronal45,MUSac-neuDach,muscle,parapodia,0,110220.2,92015.2,71160.0
celltype_non_neuronal45,MUSac-neuDach,muscle,parapodia,1,92237.3,98859.8,137400.0
celltype_non_neuronal45,MUSac-neuDach,muscle,parapodia,2,89598.0,96851.0,89600.0
celltype_non_neuronal45,MUSac-neuDach,muscle,parapodia,3,39760.0,98791.7,92440.0
celltype_non_neuronal45,MUSac-neuDach,muscle,parapodia,4,32210.0,103344.6,134440.0
celltype_non_neuronal45,MUSac-neuDach,muscle,parapodia,5,29826.0,103280.6,99720.0
celltype_non_neuronal45,MUSac-neuDach,muscle,parapodia,6,80527.1,98034.3,142120.0
celltype_non_neuronal45,MUSac-neuDach,muscle,parapodia,7,29611.7,107250.6,137640.0
celltype_non_neuronal45,MUSac-neuDach,muscle,parapodia,8,41056.8,102307.2,135720.0
celltype_non_neuronal45,MUSac-neuDach,muscle,parapodia,9,42080.6,98735.9,68840.0
celltype_non_neuronal45,MUSac-neuDach,muscle,parapodia,10,43356.5,90043.1,70120.0
celltype_non_neuronal45,MUSac-neuDach,muscle,parapodia,11,90840.8,97016.5,146280.0
celltype_non_neuronal45,MUSac-neuDach,muscle,parapodia,12,38666.5,104616.3,104360.0
celltype_non_neuronal45,MUSac-neuDach,muscle,parapodia,13,94755.2,96358.5,95760.0
celltype_non_neuronal45,MUSac-neuDach,muscle,parapodia,14,87510.4,97081.4,100640.0
celltype_non_neuronal45,MUSac-neuDach,muscle,parapodia,15,117764.1,95996.6,73480.0
celltype_non_neuronal45,MUSac-neuDach,muscle,parapodia,16,114837.7,92859.6,72480.0
celltype_non_neuronal45,MUSac-neuDach,muscle,parapodia,17,40917.1,95695.4,67240.0
celltype_non_neuronal46,MUSac-neure,muscle,parapodia,0,46109.9,98773.0,76240.0
celltype_non_neuronal46,MUSac-neure,muscle,parapodia,1,45529.4,97761.1,89480.0
celltype_non_neuronal46,MUSac-neure,muscle,parapodia,2,110151.8,98343.0,77920.0
celltype_non_neuronal46,MUSac-neure,muscle,parapodia,3,87643.9,96732.1,132260.0
celltype_non_neuronal46,MUSac-neure,muscle,parapodia,4,50783.7,97013.1,121640.0
celltype_non_neuronal46,MUSac-neure,muscle,parapodia,5,77335.3,102757.1,91400.0
celltype_non_neuronal46,MUSac-neure,muscle,parapodia,6,44955.0,103285.9,91240.0
celltype_non_neuronal46,MUSac-neure,muscle,parapodia,7,80625.0,99341.3,90720.0
celltype_non_neuronal47,MUSac-i,muscle,parapodia,0,45696.0,92125.4,87760.0
celltype_non_neuronal47,MUSac-i,muscle,parapodia,1,50394.7,94153.0,122640.0
celltype_non_neuronal47,MUSac-i,muscle,parapodia,2,46864.9,76291.9,66960.0
celltype_non_neuronal47,MUSac-i,muscle,parapodia,3,71677.0,93832.2,91240.0
celltype_non_neuronal47,MUSac-i,muscle,parapodia,4,83142.0,93645.4,128960.0
celltype_non_neuronal47,MUSac-i,muscle,parapodia,5,102511.9,88776.9,65980.0
celltype_non_neuronal48,MUSobA-re,muscle,parapodia,0,32394.5,116692.3,133840.0
celltype_non_neuronal48,MUSobA-re,muscle,parapodia,1,95491.6,109219.2,141640.0
celltype_non_neuronal48,MUSobA-re,muscle,parapodia,2,109530.2,99876.7,60280.0
celltype_non_neuronal48,MUSobA-re,muscle,parapodia,3,35123.1,121674.9,134000.0
celltype_non_neuronal48,MUSobA-re,muscle,parapodia,4,37002.5,120212.4,130760.0
celltype_non_neuronal48,MUSobA-re,muscle,parapodia,5,47908.2,121727.2,130560.0
celltype_non_neuronal48,MUSobA-re,muscle,parapodia,6,39938.1,123642.3,131960.0
celltype_non_neuronal48,MUSobA-re,muscle,parapodia,7,30716.1,124971.0,141040.0
celltype_non_neuronal48,MUSobA-re,muscle,parapodia,8,95217.4,120634.4,139440.0
celltype_non_neuronal48,MUSobA-re,muscle,parapodia,9,96156.4,113444.3,138880.0
celltype_non_neuronal48,MUSobA-re,muscle,parapodia,10,92704.1,115942.0,140440.0
celltype_non_neuronal48,MUSobA-re,muscle,parapodia,11,95728.9,117392.4,137600.0
celltype_non_neuronal48,MUSobA-re,muscle,parapodia,12,44155.6,125426.8,130920.0
celltype_non_neuronal48,MUSobA-re,muscle,parapodia,13,96471.4,114529.9,141720.0
celltype_non_neuronal48,MUSobA-re,muscle,parapodia,14,99592.5,105020.7,82760.0
celltype_non_neuronal48,MUSobA-re,muscle,parapodia,15,52230.3,110889.2,89760.0
celltype_non_neuronal48,MUSobA-re,muscle,parapodia,16,46285.9,113849.3,92960.0
celltype_non_neuronal48,MUSobA-re,muscle,parapodia,17,44009.7,110110.9,87680.0
celltype_non_neuronal48,MUSobA-re,muscle,parapodia,18,45171.6,112804.3,89080.0
celltype_non_neuronal48,MUSobA-re,muscle,parapodia,19,44054.0,106705.7,89920.0
celltype_non_neuronal48,MUSobA-re,muscle,parapodia,20,58211.3,115759.0,91080.0
celltype_non_neuronal48,MUSobA-re,muscle,parapodia,21,53529.6,107959.8,57720.0
celltype_non_neuronal48,MUSobA-re,muscle,parapodia,22,103409.5,106427.0,61000.0
celltype_non_neuronal48,MUSobA-re,muscle,parapodia,23,102941.9,102581.2,57000.0
celltype_non_neuronal48,MUSobA-re,muscle,parapodia,24,106912.2,103941.3,57000.0
celltype_non_neuronal48,MUSobA-re,muscle,parapodia,25,55652.8,112585.0,58160.0
celltype_non_neuronal48,MUSobA-re,muscle,parapodia,26,53437.2,110137.3,54840.0
celltype_non_neuronal48,MUSobA-re,muscle,parapodia,27,94762.2,109445.8,61920.0
celltype_non_neuronal48,MUSobA-re,muscle,parapodia,28,106855.7,108674.0,62960.0
celltype_non_neuronal48,MUSobA-re,muscle,parapodia,29,61713.2,114764.3,62760.0
celltype_non_neuronal48,MUSobA-re,muscle,parapodia,30,90814.0,118643.1,151680.0
celltype_non_neuronal48,MUSobA-re,muscle,parapodia,31,54312.2,114414.6,55680.0
celltype_non_neuronal48,MUSobA-re,muscle,parapodia,32,99228.8,110264.3,84800.0
celltype_non_neuronal48,MUSobA-re,muscle,parapodia,33,97090.5,106550.9,88920.0
celltype_non_neuronal48,MUSobA-re,muscle,parapodia,34,95583.7,104154.8,87320.0
celltype_non_neuronal48,MUSobA-re,muscle,parapodia,35,96525.0,111754.1,90160.0
celltype_non_neuronal48,MUSobA-re,muscle,parapodia,36,98437.1,108431.8,90320.0
celltype_non_neuronal48,MUSobA-re,muscle,parapodia,37,50716.7,115876.5,90400.0
celltype_non_neuronal48,MUSobA-re,muscle,parapodia,38,103147.8,110433.4,86440.0
celltype_non_neuronal49,MUSobA-arc,muscle,parapodia,0,51151.2,115657.3,96480.0
celltype_non_neuronal49,MUSobA-arc,muscle,parapodia,1,101376.5,114720.8,90360.0
celltype_non_neuronal49,MUSobA-arc,muscle,parapodia,2,106550.6,116002.0,103600.0
celltype_non_neuronal49,MUSobA-arc,muscle,parapodia,3,35709.3,127000.3,137400.0
celltype_non_neuronal49,MUSobA-arc,muscle,parapodia,4,90059.7,122974.3,138600.0
celltype_non_neuronal49,MUSobA-arc,muscle,parapodia,5,93162.0,123605.7,140480.0
celltype_non_neuronal49,MUSobA-arc,muscle,parapodia,6,58586.0,111067.3,67600.0
celltype_non_neuronal49,MUSobA-arc,muscle,parapodia,7,58732.8,114458.2,69000.0
celltype_non_neuronal49,MUSobA-arc,muscle,parapodia,8,39703.8,126773.4,134920.0
celltype_non_neuronal49,MUSobA-arc,muscle,parapodia,9,91597.5,119128.8,142040.0
celltype_non_neuronal49,MUSobA-arc,muscle,parapodia,10,37046.1,129628.3,137280.0
celltype_non_neuronal49,MUSobA-arc,muscle,parapodia,11,97546.1,115889.5,93720.0
celltype_non_neuronal49,MUSobA-arc,muscle,parapodia,12,106431.7,110929.8,64720.0
celltype_non_neuronal49,MUSobA-arc,muscle,parapodia,13,102079.2,108527.8,64920.0
celltype_non_neuronal49,MUSobA-arc,muscle,parapodia,14,48652.3,115014.8,95200.0
celltype_non_neuronal49,MUSobA-arc,muscle,parapodia,15,36048.6,124745.6,101040.0
celltype_non_neuronal49,MUSobA-arc,muscle,parapodia,16,102024.6,118208.4,94440.0
celltype_non_neuronal49,MUSobA-arc,muscle,parapodia,17,50140.4,119806.9,97120.0
celltype_non_neuronal5,metatroch,multiciliated cell,,0,46168.3,127388.9,46120.0
celltype_non_neuronal5,metatroch,multiciliated cell,,1,56370.3,136476.6,42640.0
celltype_non_neuronal5,metatroch,multiciliated cell,,2,64972.1,140698.7,44985.7
celltype_non_neuronal5,metatroch,multiciliated cell,,3,39524.7,121442.0,49052.2
celltype_non_neuronal5,metatroch,multiciliated cell,,4,95416.8,132416.7,46677.5
celltype_non_neuronal5,metatroch,multiciliated cell,,5,108749.4,122562.9,47840.0
celltype_non_neuronal5,metatroch,multiciliated cell,,6,118612.4,105259.5,53880.0
celltype_non_neuronal5,metatroch,multiciliated cell,,7,114057.9,113935.7,47240.0
celltype_non_neuronal50,MUSobA-mpp,muscle,parapodia,0,63014.9,108806.6,60840.0
celltype_non_neuronal50,MUSobA-mpp,muscle,parapodia,1,64600.4,118879.1,119840.0
celltype_non_neuronal50,MUSobA-mpp,muscle,parapodia,2,66790.1,116280.1,117680.0
celltype_non_neuronal50,MUSobA-mpp,muscle,parapodia,3,82204.0,118208.5,121560.0
celltype_non_neuronal50,MUSobA-mpp,muscle,parapodia,4,83801.1,115519.5,118640.0
celltype_non_neuronal50,MUSobA-mpp,muscle,parapodia,5,98108.7,102666.2,59560.0
celltype_non_neuronal50,MUSobA-mpp,muscle,parapodia,6,93154.9,117064.6,128920.0
celltype_non_neuronal50,MUSobA-mpp,muscle,parapodia,7,91438.2,107802.1,77880.0
celltype_non_neuronal50,MUSobA-mpp,muscle,parapodia,8,40756.8,117537.6,126480.0
celltype_non_neuronal50,MUSobA-mpp,muscle,parapodia,9,60055.6,104692.2,80360.0
celltype_non_neuronal50,MUSobA-mpp,muscle,parapodia,10,55505.9,111308.1,84600.0
celltype_non_neuronal50,MUSobA-mpp,muscle,parapodia,11,96040.1,106822.3,80200.0
celltype_non_neuronal51,MUSobA-mlpp,muscle,parapodia,0,54462.5,118209.2,125720.0
celltype_non_neuronal51,MUSobA-mlpp,muscle,parapodia,1,59656.5,120398.2,125640.0
celltype_non_neuronal51,MUSobA-mlpp,muscle,parapodia,2,84860.1,118054.0,127280.0
celltype_non_neuronal51,MUSobA-mlpp,muscle,parapodia,3,82705.4,121354.3,126160.0
celltype_non_neuronal52,MUSobA-lpp,muscle,parapodia,0,99295.2,103902.6,63280.0
celltype_non_neuronal52,MUSobA-lpp,muscle,parapodia,1,93528.2,109688.7,87320.0
celltype_non_neuronal52,MUSobA-lpp,muscle,parapodia,2,57262.4,120212.4,128400.0
celltype_non_neuronal52,MUSobA-lpp,muscle,parapodia,3,84025.2,120602.8,130600.0
celltype_non_neuronal52,MUSobA-lpp,muscle,parapodia,4,59890.5,108890.3,63200.0
celltype_non_neuronal52,MUSobA-lpp,muscle,parapodia,5,59185.8,121985.2,131000.0
celltype_non_neuronal52,MUSobA-lpp,muscle,parapodia,6,80907.8,121592.1,135000.0
celltype_non_neuronal52,MUSobA-lpp,muscle,parapodia,7,89334.6,108700.1,86320.0
celltype_non_neuronal52,MUSobA-lpp,muscle,parapodia,8,63919.9,117628.7,96960.0
celltype_non_neuronal52,MUSobA-lpp,muscle,parapodia,9,58409.5,110763.5,90000.0
celltype_non_neuronal53,MUSobA-trans,muscle,parapodia,0,90392.2,114462.0,125200.0
celltype_non_neuronal53,MUSobA-trans,muscle,parapodia,1,95596.2,113319.6,130360.0
celltype_non_neuronal53,MUSobA-trans,muscle,parapodia,2,54186.1,115723.6,56760.0
celltype_non_neuronal53,MUSobA-trans,muscle,parapodia,3,49412.0,115510.8,120760.0
celltype_non_neuronal53,MUSobA-trans,muscle,parapodia,4,105582.8,105893.4,86120.0
celltype_non_neuronal53,MUSobA-trans,muscle,parapodia,5,45244.6,113975.7,87360.0
celltype_non_neuronal53,MUSobA-trans,muscle,parapodia,6,109715.2,106365.7,58800.0
celltype_non_neuronal53,MUSobA-trans,muscle,parapodia,7,101987.7,111521.3,84440.0
celltype_non_neuronal53,MUSobA-trans,muscle,parapodia,8,52359.6,112654.1,86720.0
celltype_non_neuronal53,MUSobA-trans,muscle,parapodia,9,48835.9,112994.4,120880.0
celltype_non_neuronal54,MUSobP-notD,muscle,parapodia,0,77698.8,72010.2,155720.0
celltype_non_neuronal54,MUSobP-notD,muscle,parapodia,1,71227.9,70966.5,156800.0
celltype_non_neuronal54,MUSobP-notD,muscle,parapodia,2,33295.3,79356.7,111880.0
celltype_non_neuronal54,MUSobP-notD,muscle,parapodia,3,38965.3,65334.4,104280.0
celltype_non_neuronal54,MUSobP-notD,muscle,parapodia,4,35544.6,75524.5,105720.0
celltype_non_neuronal54,MUSobP-notD,muscle,parapodia,5,73198.0,65990.0,154480.0
celltype_non_neuronal54,MUSobP-notD,muscle,parapodia,6,76725.8,67140.1,152400.0
celltype_non_neuronal54,MUSobP-notD,muscle,parapodia,7,28713.2,73393.0,70200.0
celltype_non_neuronal54,MUSobP-notD,muscle,parapodia,8,25410.7,81442.7,70400.0
celltype_non_neuronal54,MUSobP-notD,muscle,parapodia,9,29765.7,64721.6,73040.0
celltype_non_neuronal54,MUSobP-notD,muscle,parapodia,10,32807.5,69192.4,74720.0
celltype_non_neuronal54,MUSobP-notD,muscle,parapodia,11,39587.7,75681.7,109160.0
celltype_non_neuronal54,MUSobP-notD,muscle,parapodia,12,34404.5,72950.1,101480.0
celltype_non_neuronal54,MUSobP-notD,muscle,parapodia,13,29214.4,76831.7,148760.0
celltype_non_neuronal54,MUSobP-notD,muscle,parapodia,14,31552.6,72723.9,148960.0
celltype_non_neuronal54,MUSobP-notD,muscle,parapodia,15,32598.7,72170.1,144080.0
celltype_non_neuronal54,MUSobP-notD,muscle,parapodia,16,30991.3,73785.9,141480.0
celltype_non_neuronal54,MUSobP-notD,muscle,parapodia,17,35227.7,79141.8,151840.0
celltype_non_neuronal54,MUSobP-notD,muscle,parapodia,18,80218.6,67342.3,151880.0
celltype_non_neuronal54,MUSobP-notD,muscle,parapodia,19,121367.7,70064.2,78920.0
celltype_non_neuronal54,MUSobP-notD,muscle,parapodia,20,113194.2,52684.7,82040.0
celltype_non_neuronal54,MUSobP-notD,muscle,parapodia,21,114948.0,63812.0,81040.0
celltype_non_neuronal54,MUSobP-notD,muscle,parapodia,22,119238.0,65567.0,76160.0
celltype_non_neuronal54,MUSobP-notD,muscle,parapodia,23,102239.8,68884.3,106720.0
celltype_non_neuronal54,MUSobP-notD,muscle,parapodia,24,100285.5,68070.2,104240.0
celltype_non_neuronal54,MUSobP-notD,muscle,parapodia,25,98806.8,66528.9,101520.0
celltype_non_neuronal54,MUSobP-notD,muscle,parapodia,26,98701.0,57670.5,104920.0
celltype_non_neuronal54,MUSobP-notD,muscle,parapodia,27,99047.7,68089.1,112960.0
celltype_non_neuronal55,MUSobP-neuDlong,muscle,parapodia,0,112974.2,78438.3,80400.0
celltype_non_neuronal55,MUSobP-neuDlong,muscle,parapodia,1,35624.3,92827.1,114160.0
celltype_non_neuronal55,MUSobP-neuDlong,muscle,parapodia,2,38703.1,91241.9,153800.0
celltype_non_neuronal55,MUSobP-neuDlong,muscle,parapodia,3,33253.7,97848.2,119000.0
celltype_non_neuronal55,MUSobP-neuDlong,muscle,parapodia,4,36374.1,86020.2,76720.0
celltype_non_neuronal55,MUSobP-neuDlong,muscle,parapodia,5,103248.4,81516.3,121600.0
celltype_non_neuronal55,MUSobP-neuDlong,muscle,parapodia,6,99650.2,77779.8,121600.0
celltype_non_neuronal55,MUSobP-neuDlong,muscle,parapodia,7,72754.8,86119.7,158160.0
celltype_non_neuronal55,MUSobP-neuDlong,muscle,parapodia,8,72978.9,91539.2,160720.0
celltype_non_neuronal56,MUSobP-neuDprox,muscle,parapodia,0,36007.4,85437.5,114360.0
celltype_non_neuronal56,MUSobP-neuDprox,muscle,parapodia,1,69313.9,84415.9,159760.0
celltype_non_neuronal56,MUSobP-neuDprox,muscle,parapodia,2,96160.8,67876.5,121840.0
celltype_non_neuronal56,MUSobP-neuDprox,muscle,parapodia,3,99023.1,71487.9,116320.0
celltype_non_neuronal56,MUSobP-neuDprox,muscle,parapodia,4,71845.8,82293.2,159600.0
celltype_non_neuronal56,MUSobP-neuDprox,muscle,parapodia,5,75929.1,83437.9,160120.0
celltype_non_neuronal56,MUSobP-neuDprox,muscle,parapodia,6,112359.9,72294.4,80600.0
celltype_non_neuronal56,MUSobP-neuDprox,muscle,parapodia,7,35112.3,73030.2,77080.0
celltype_non_neuronal56,MUSobP-neuDprox,muscle,parapodia,8,34647.5,73360.9,74760.0
celltype_non_neuronal56,MUSobP-neuDprox,muscle,parapodia,9,36389.5,88130.7,112600.0
celltype_non_neuronal56,MUSobP-neuDprox,muscle,parapodia,10,36758.6,86213.3,153840.0
celltype_non_neuronal56,MUSobP-neuDprox,muscle,parapodia,11,111361.6,67026.8,81240.0
celltype_non_neuronal56,MUSobP-neuDprox,muscle,parapodia,12,114069.8,68371.2,79920.0
celltype_non_neuronal56,MUSobP-neuDprox,muscle,parapodia,13,98683.1,73890.3,117920.0
celltype_non_neuronal56,MUSobP-neuDprox,muscle,parapodia,14,40787.8,75851.8,114880.0
celltype_non_neuronal56,MUSobP-neuDprox,muscle,parapodia,15,36769.3,77059.1,77400.0
celltype_non_neuronal56,MUSobP-neuDprox,muscle,parapodia,16,39380.6,90261.9,156800.0
celltype_non_neuronal56,MUSobP-neuDprox,muscle,parapodia,17,39111.2,86981.8,155120.0
celltype_non_neuronal57,MUSobP-neuDdist,muscle,parapodia,0,35212.9,98510.8,155160.0
celltype_non_neuronal57,MUSobP-neuDdist,muscle,parapodia,1,35187.6,98924.2,73320.0
celltype_non_neuronal57,MUSobP-neuDdist,muscle,parapodia,2,33881.1,104638.2,69840.0
celltype_non_neuronal57,MUSobP-neuDdist,muscle,parapodia,3,78700.8,94880.0,164760.0
celltype_non_neuronal57,MUSobP-neuDdist,muscle,parapodia,4,79193.4,99326.5,166080.0
celltype_non_neuronal57,MUSobP-neuDdist,muscle,parapodia,5,39914.1,98328.6,156160.0
celltype_non_neuronal57,MUSobP-neuDdist,muscle,parapodia,6,81813.5,94339.1,167040.0
celltype_non_neuronal57,MUSobP-neuDdist,muscle,parapodia,7,34002.8,90734.4,75240.0
celltype_non_neuronal57,MUSobP-neuDdist,muscle,parapodia,8,30239.2,99263.0,156600.0
celltype_non_neuronal57,MUSobP-neuDdist,muscle,parapodia,9,106608.1,83437.7,116869.9
celltype_non_neuronal57,MUSobP-neuDdist,muscle,parapodia,10,117845.3,91915.5,82280.0
celltype_non_neuronal57,MUSobP-neuDdist,muscle,parapodia,11,116938.8,91575.4,80180.0
celltype_non_neuronal57,MUSobP-neuDdist,muscle,parapodia,12,115442.7,80039.2,81800.0
celltype_non_neuronal57,MUSobP-neuDdist,muscle,parapodia,13,103349.1,80700.5,115200.0
celltype_non_neuronal57,MUSobP-neuDdist,muscle,parapodia,14,103696.7,78801.0,111680.0
celltype_non_neuronal57,MUSobP-neuDdist,muscle,parapodia,15,24633.8,97924.1,118960.0
celltype_non_neuronal57,MUSobP-neuDdist,muscle,parapodia,16,27215.8,99945.9,115840.0
celltype_non_neuronal57,MUSobP-neuDdist,muscle,parapodia,17,27155.5,101543.0,118640.0
celltype_non_neuronal57,MUSobP-neuDdist,muscle,parapodia,18,34479.9,103108.3,158080.0
celltype_non_neuronal58,MUSobP-neuV,muscle,parapodia,0,47541.8,116771.2,149680.0
celltype_non_neuronal58,MUSobP-neuV,muscle,parapodia,1,64307.0,111602.0,156200.0
celltype_non_neuronal58,MUSobP-neuV,muscle,parapodia,2,53082.6,118913.2,115920.0
celltype_non_neuronal58,MUSobP-neuV,muscle,parapodia,3,46876.4,124234.0,118920.0
celltype_non_neuronal58,MUSobP-neuV,muscle,parapodia,4,52434.7,121529.4,117680.0
celltype_non_neuronal58,MUSobP-neuV,muscle,parapodia,5,55615.3,113209.6,153280.0
celltype_non_neuronal58,MUSobP-neuV,muscle,parapodia,6,69874.5,108552.5,152000.0
celltype_non_neuronal58,MUSobP-neuV,muscle,parapodia,7,69099.5,112779.3,151480.0
celltype_non_neuronal58,MUSobP-neuV,muscle,parapodia,8,65319.4,114273.1,159520.0
celltype_non_neuronal58,MUSobP-neuV,muscle,parapodia,9,95221.6,114735.0,125320.0
celltype_non_neuronal58,MUSobP-neuV,muscle,parapodia,10,116566.3,104074.5,80040.0
celltype_non_neuronal58,MUSobP-neuV,muscle,parapodia,11,107451.9,105346.1,83280.0
celltype_non_neuronal58,MUSobP-neuV,muscle,parapodia,12,107015.8,101308.7,83680.0
celltype_non_neuronal58,MUSobP-neuV,muscle,parapodia,13,52473.3,111775.9,147920.0
celltype_non_neuronal58,MUSobP-neuV,muscle,parapodia,14,57000.6,118670.5,118040.0
celltype_non_neuronal58,MUSobP-neuV,muscle,parapodia,15,70414.2,116595.8,152200.0
celltype_non_neuronal58,MUSobP-neuV,muscle,parapodia,16,49771.7,125072.9,123320.0
celltype_non_neuronal58,MUSobP-neuV,muscle,parapodia,17,90286.4,117745.7,119880.0
celltype_non_neuronal58,MUSobP-neuV,muscle,parapodia,18,96226.4,111243.8,117580.0
celltype_non_neuronal58,MUSobP-neuV,muscle,parapodia,19,49508.6,124731.9,120040.0
celltype_non_neuronal58,MUSobP-neuV,muscle,parapodia,20,93859.8,122145.9,120160.0
celltype_non_neuronal58,MUSobP-neuV,muscle,parapodia,21,52232.1,115545.9,154720.0
celltype_non_neuronal58,MUSobP-neuV,muscle,parapodia,22,47203.7,104854.7,75880.0
celltype_non_neuronal58,MUSobP-neuV,muscle,parapodia,23,48951.3,102810.1,77000.0
celltype_non_neuronal58,MUSobP-neuV,muscle,parapodia,24,92009.4,122339.5,126720.0
celltype_non_neuronal58,MUSobP-neuV,muscle,parapodia,25,46835.4,108215.4,83880.0
celltype_non_neuronal58,MUSobP-neuV,muscle,parapodia,26,51660.5,114987.8,86040.0
celltype_non_neuronal58,MUSobP-neuV,muscle,parapodia,27,52086.4,116379.0,146880.0
celltype_non_neuronal58,MUSobP-neuV,muscle,parapodia,28,51776.5,120266.3,148160.0
celltype_non_neuronal58,MUSobP-neuV,muscle,parapodia,29,47787.7,120066.2,147480.0
celltype_non_neuronal58,MUSobP-neuV,muscle,parapodia,30,109274.0,110869.7,84880.0
celltype_non_neuronal58,MUSobP-neuV,muscle,parapodia,31,72878.9,117958.6,155480.0
celltype_non_neuronal58,MUSobP-neuV,muscle,parapodia,32,50121.3,111260.3,85120.0
celltype_non_neuronal58,MUSobP-neuV,muscle,parapodia,33,113487.6,101407.9,80480.0
celltype_non_neuronal58,MUSobP-neuV,muscle,parapodia,34,96700.9,122673.8,123800.0
celltype_non_neuronal58,MUSobP-neuV,muscle,parapodia,35,98025.2,119756.2,127680.0
celltype_non_neuronal58,MUSobP-neuV,muscle,parapodia,36,71904.0,112327.2,150000.0
celltype_non_neuronal58,MUSobP-neuV,muscle,parapodia,37,44789.7,118101.0,121720.0
celltype_non_neuronal59,MUSobP-notV,muscle,parapodia,0,45294.1,115929.7,119920.0
celltype_non_neuronal59,MUSobP-notV,muscle,parapodia,1,57184.5,116123.4,117380.0
celltype_non_neuronal59,MUSobP-notV,muscle,parapodia,2,38135.7,115037.7,116120.0
celltype_non_neuronal59,MUSobP-notV,muscle,parapodia,3,54595.7,115948.6,151400.0
celltype_non_neuronal59,MUSobP-notV,muscle,parapodia,4,66696.7,108193.0,156120.0
celltype_non_neuronal59,MUSobP-notV,muscle,parapodia,5,68062.6,109711.5,158920.0
celltype_non_neuronal59,MUSobP-notV,muscle,parapodia,6,51340.3,111604.9,153480.0
celltype_non_neuronal59,MUSobP-notV,muscle,parapodia,7,44615.1,105511.3,81840.0
celltype_non_neuronal59,MUSobP-notV,muscle,parapodia,8,110588.6,99296.9,81000.0
celltype_non_neuronal59,MUSobP-notV,muscle,parapodia,9,91857.8,113325.6,118920.0
celltype_non_neuronal59,MUSobP-notV,muscle,parapodia,10,87757.0,115882.2,117120.0
celltype_non_neuronal59,MUSobP-notV,muscle,parapodia,11,101254.8,104718.2,116840.0
celltype_non_neuronal59,MUSobP-notV,muscle,parapodia,12,59070.6,109004.9,80440.0
celltype_non_neuronal59,MUSobP-notV,muscle,parapodia,13,61768.1,107927.7,78240.0
celltype_non_neuronal59,MUSobP-notV,muscle,parapodia,14,100633.5,108850.8,79440.0
celltype_non_neuronal59,MUSobP-notV,muscle,parapodia,15,72776.9,111587.6,160360.0
celltype_non_neuronal59,MUSobP-notV,muscle,parapodia,16,45124.7,116381.3,153160.0
celltype_non_neuronal59,MUSobP-notV,muscle,parapodia,17,103180.8,102543.1,80440.0
celltype_non_neuronal6,paratroch,multiciliated cell,,0,113855.2,118656.0,80400.0
celltype_non_neuronal6,paratroch,multiciliated cell,,1,111770.6,129566.1,81500.0
celltype_non_neuronal6,paratroch,multiciliated cell,,2,35426.8,74997.2,114780.1
celltype_non_neuronal6,paratroch,multiciliated cell,,3,41186.1,62381.8,112760.0
celltype_non_neuronal6,paratroch,multiciliated cell,,4,37768.7,79154.1,156747.0
celltype_non_neuronal6,paratroch,multiciliated cell,,5,45989.6,72519.3,160247.0
celltype_non_neuronal6,paratroch,multiciliated cell,,6,48872.9,124318.4,83820.0
celltype_non_neuronal6,paratroch,multiciliated cell,,7,52051.1,130932.7,85880.0
celltype_non_neuronal6,paratroch,multiciliated cell,,8,76880.8,84448.4,164840.0
celltype_non_neuronal6,paratroch,multiciliated cell,,9,102383.9,69310.1,121119.2
celltype_non_neuronal6,paratroch,multiciliated cell,,10,110034.8,55444.4,87720.0
celltype_non_neuronal6,paratroch,multiciliated cell,,11,81511.8,135272.2,161540.0
celltype_non_neuronal6,paratroch,multiciliated cell,,12,81808.1,130389.3,165280.0
celltype_non_neuronal6,paratroch,multiciliated cell,,13,49050.4,135490.7,148760.0
celltype_non_neuronal6,paratroch,multiciliated cell,,14,40381.2,135487.1,152610.0
celltype_non_neuronal6,paratroch,multiciliated cell,,15,34999.3,91611.2,160632.4
celltype_non_neuronal6,paratroch,multiciliated cell,,16,59955.2,72298.8,161600.0
celltype_non_neuronal6,paratroch,multiciliated cell,,17,93551.3,143820.3,120960.0
celltype_non_neuronal6,paratroch,multiciliated cell,,18,101149.9,140120.3,121535.0
celltype_non_neuronal6,paratroch,multiciliated cell,,19,107259.2,134491.1,120960.0
celltype_non_neuronal6,paratroch,multiciliated cell,,20,112239.1,124924.1,120897.4
celltype_non_neuronal6,paratroch,multiciliated cell,,21,38606.2,132284.7,117920.0
celltype_non_neuronal6,paratroch,multiciliated cell,,22,52004.6,141782.8,116960.0
celltype_non_neuronal6,paratroch,multiciliated cell,,23,60846.8,143786.2,117680.0
celltype_non_neuronal6,paratroch,multiciliated cell,,24,57765.3,48684.8,116372.6
celltype_non_neuronal6,paratroch,multiciliated cell,,25,84850.3,47121.2,118117.5
celltype_non_neuronal6,paratroch,multiciliated cell,,26,28408.2,76222.0,76800.0
celltype_non_neuronal6,paratroch,multiciliated cell,,27,31132.2,66356.4,82440.0
celltype_non_neuronal6,paratroch,multiciliated cell,,28,117886.3,71017.2,87800.0
celltype_non_neuronal6,paratroch,multiciliated cell,,29,95961.1,55882.2,116800.0
celltype_non_neuronal6,paratroch,multiciliated cell,,30,45853.2,139435.8,115658.8
celltype_non_neuronal6,paratroch,multiciliated cell,,31,44371.9,138223.9,147720.0
celltype_non_neuronal6,paratroch,multiciliated cell,,32,66842.9,75745.4,165768.3
celltype_non_neuronal6,paratroch,multiciliated cell,,33,76008.9,136959.6,160680.0
celltype_non_neuronal60,MUSobP-M,muscle,parapodia,0,68144.9,117560.4,112520.0
celltype_non_neuronal60,MUSobP-M,muscle,parapodia,1,64914.3,114033.9,150880.0
celltype_non_neuronal60,MUSobP-M,muscle,parapodia,2,58895.2,115408.4,148720.0
celltype_non_neuronal60,MUSobP-M,muscle,parapodia,3,80338.7,116681.1,111920.0
celltype_non_neuronal61,MUSobP-noty,muscle,parapodia,0,50573.6,109264.0,114760.0
celltype_non_neuronal61,MUSobP-noty,muscle,parapodia,1,67816.1,111769.5,148280.0
celltype_non_neuronal61,MUSobP-noty,muscle,parapodia,2,57682.4,115725.0,145480.0
celltype_non_neuronal61,MUSobP-noty,muscle,parapodia,3,53832.9,101119.0,79320.0
celltype_non_neuronal61,MUSobP-noty,muscle,parapodia,4,87727.8,113834.9,119000.0
celltype_non_neuronal61,MUSobP-noty,muscle,parapodia,5,100762.6,105039.3,77360.0
celltype_non_neuronal62,MUSobP-i,muscle,parapodia,0,43186.5,97859.0,77200.0
celltype_non_neuronal62,MUSobP-i,muscle,parapodia,1,28551.2,108731.6,118440.0
celltype_non_neuronal62,MUSobP-i,muscle,parapodia,2,32269.5,113119.9,158520.0
celltype_non_neuronal62,MUSobP-i,muscle,parapodia,3,81744.2,108339.2,168320.0
celltype_non_neuronal62,MUSobP-i,muscle,parapodia,4,114218.7,96768.5,80840.0
celltype_non_neuronal62,MUSobP-i,muscle,parapodia,5,103842.8,99258.5,115340.0
celltype_non_neuronal63,MUSchae-notDob,muscle,parapodia,0,38934.2,72818.5,106560.0
celltype_non_neuronal63,MUSchae-notDob,muscle,parapodia,1,31587.0,71594.1,73000.0
celltype_non_neuronal63,MUSchae-notDob,muscle,parapodia,2,114349.3,59096.9,79960.0
celltype_non_neuronal63,MUSchae-notDob,muscle,parapodia,3,76239.8,75935.9,158640.0
celltype_non_neuronal63,MUSchae-notDob,muscle,parapodia,4,73551.7,70698.1,156920.0
celltype_non_neuronal63,MUSchae-notDob,muscle,parapodia,5,80634.2,71486.0,150080.0
celltype_non_neuronal63,MUSchae-notDob,muscle,parapodia,6,27236.8,78926.0,72720.0
celltype_non_neuronal63,MUSchae-notDob,muscle,parapodia,7,31479.6,74934.2,72040.0
celltype_non_neuronal63,MUSchae-notDob,muscle,parapodia,8,38390.9,77151.8,106840.0
celltype_non_neuronal63,MUSchae-notDob,muscle,parapodia,9,33009.9,77293.0,150560.0
celltype_non_neuronal63,MUSchae-notDob,muscle,parapodia,10,32124.8,81544.2,151000.0
celltype_non_neuronal63,MUSchae-notDob,muscle,parapodia,11,31200.3,85965.1,152760.0
celltype_non_neuronal63,MUSchae-notDob,muscle,parapodia,12,99226.1,64223.9,110320.0
celltype_non_neuronal63,MUSchae-notDob,muscle,parapodia,13,99397.6,65378.2,108200.0
celltype_non_neuronal63,MUSchae-notDob,muscle,parapodia,14,101409.0,67854.3,109920.0
celltype_non_neuronal63,MUSchae-notDob,muscle,parapodia,15,114228.9,75098.5,74320.0
celltype_non_neuronal63,MUSchae-notDob,muscle,parapodia,16,115628.5,66388.1,75720.0
celltype_non_neuronal63,MUSchae-notDob,muscle,parapodia,17,37669.1,75303.2,102840.0
celltype_non_neuronal64,MUSchae-notD,muscle,parapodia,0,79874.0,74704.9,150760.0
celltype_non_neuronal64,MUSchae-notD,muscle,parapodia,1,31762.3,78997.5,72640.0
celltype_non_neuronal64,MUSchae-notD,muscle,parapodia,2,37276.3,80644.6,107240.0
celltype_non_neuronal64,MUSchae-notD,muscle,parapodia,3,33018.1,82254.3,145560.0
celltype_non_neuronal64,MUSchae-notD,muscle,parapodia,4,117213.1,70236.0,79640.0
celltype_non_neuronal64,MUSchae-notD,muscle,parapodia,5,90942.2,75374.2,103840.0
celltype_non_neuronal65,MUSchae-notDn,muscle,parapodia,0,77851.8,80135.5,159160.0
celltype_non_neuronal65,MUSchae-notDn,muscle,parapodia,1,36010.8,86323.2,111280.0
celltype_non_neuronal65,MUSchae-notDn,muscle,parapodia,2,29873.6,91221.6,153040.0
celltype_non_neuronal65,MUSchae-notDn,muscle,parapodia,3,25891.5,80636.9,66680.0
celltype_non_neuronal65,MUSchae-notDn,muscle,parapodia,4,96136.0,77804.6,105360.0
celltype_non_neuronal65,MUSchae-notDn,muscle,parapodia,5,122637.9,70348.2,76000.0
celltype_non_neuronal66,MUSchae-notA,muscle,parapodia,0,25013.4,95072.5,96600.0
celltype_non_neuronal66,MUSchae-notA,muscle,parapodia,1,94276.9,89321.8,147960.0
celltype_non_neuronal66,MUSchae-notA,muscle,parapodia,2,38748.3,98497.5,56610.0
celltype_non_neuronal66,MUSchae-notA,muscle,parapodia,3,21311.7,100834.2,136440.0
celltype_non_neuronal66,MUSchae-notA,muscle,parapodia,4,114923.8,91516.0,65160.0
celltype_non_neuronal66,MUSchae-notA,muscle,parapodia,5,97591.5,89104.1,90720.0
celltype_non_neuronal67,MUSchae-notAac,muscle,parapodia,0,38151.5,98075.4,72200.0
celltype_non_neuronal67,MUSchae-notAac,muscle,parapodia,1,36884.1,94363.0,152280.0
celltype_non_neuronal67,MUSchae-notAac,muscle,parapodia,2,33485.5,95257.0,154280.0
celltype_non_neuronal67,MUSchae-notAac,muscle,parapodia,3,113782.0,89952.7,78760.0
celltype_non_neuronal67,MUSchae-notAac,muscle,parapodia,4,112255.9,86852.3,75600.0
celltype_non_neuronal67,MUSchae-notAac,muscle,parapodia,5,122932.9,89643.8,85280.0
celltype_non_neuronal67,MUSchae-notAac,muscle,parapodia,6,32143.3,96227.8,114280.0
celltype_non_neuronal67,MUSchae-notAac,muscle,parapodia,7,34785.1,94257.2,111960.0
celltype_non_neuronal67,MUSchae-notAac,muscle,parapodia,8,37513.6,91434.5,107280.0
celltype_non_neuronal67,MUSchae-notAac,muscle,parapodia,9,22905.5,98673.3,111880.0
celltype_non_neuronal67,MUSchae-notAac,muscle,parapodia,10,77208.6,91405.2,161880.0
celltype_non_neuronal67,MUSchae-notAac,muscle,parapodia,11,78804.8,87554.3,161680.0
celltype_non_neuronal67,MUSchae-notAac,muscle,parapodia,12,84232.8,98366.7,166600.0
celltype_non_neuronal67,MUSchae-notAac,muscle,parapodia,13,76279.0,87387.0,157320.0
celltype_non_neuronal67,MUSchae-notAac,muscle,parapodia,14,42687.1,88645.2,75040.0
celltype_non_neuronal67,MUSchae-notAac,muscle,parapodia,15,33352.5,95340.2,151880.0
celltype_non_neuronal67,MUSchae-notAac,muscle,parapodia,16,29925.5,105263.2,157320.0
celltype_non_neuronal67,MUSchae-notAac,muscle,parapodia,17,38306.5,100562.5,68240.0
celltype_non_neuronal67,MUSchae-notAac,muscle,parapodia,18,39739.2,91571.8,74800.0
celltype_non_neuronal67,MUSchae-notAac,muscle,parapodia,19,115793.6,85507.1,82200.0
celltype_non_neuronal67,MUSchae-notAac,muscle,parapodia,20,101013.0,77764.4,113320.0
celltype_non_neuronal67,MUSchae-notAac,muscle,parapodia,21,105137.2,85863.5,112000.0
celltype_non_neuronal67,MUSchae-notAac,muscle,parapodia,22,100388.9,76141.4,109640.0
celltype_non_neuronal67,MUSchae-notAac,muscle,parapodia,23,96957.3,78778.7,108760.0
celltype_non_neuronal68,MUSchae-notAre,muscle,parapodia,0,24234.5,104994.2,136800.0
celltype_non_neuronal68,MUSchae-notAre,muscle,parapodia,1,32640.0,98879.0,94880.0
celltype_non_neuronal68,MUSchae-notAre,muscle,parapodia,2,92655.7,96097.4,144560.0
celltype_non_neuronal68,MUSchae-notAre,muscle,parapodia,3,96038.1,94444.7,92240.0
celltype_non_neuronal69,MUSchae-neuVob,muscle,parapodia,0,100856.4,123238.2,116760.0
celltype_non_neuronal69,MUSchae-neuVob,muscle,parapodia,1,88311.8,121864.5,146600.0
celltype_non_neuronal69,MUSchae-neuVob,muscle,parapodia,2,44368.9,126059.0,143480.0
celltype_non_neuronal69,MUSchae-neuVob,muscle,parapodia,3,103834.9,115600.5,109120.0
celltype_non_neuronal69,MUSchae-neuVob,muscle,parapodia,4,98119.0,115391.6,109480.0
celltype_non_neuronal69,MUSchae-neuVob,muscle,parapodia,5,84402.1,122043.9,152960.0
celltype_non_neuronal69,MUSchae-neuVob,muscle,parapodia,6,80507.4,122325.1,153560.0
celltype_non_neuronal69,MUSchae-neuVob,muscle,parapodia,7,51905.2,105927.1,72280.0
celltype_non_neuronal69,MUSchae-neuVob,muscle,parapodia,8,54267.4,107812.6,75640.0
celltype_non_neuronal69,MUSchae-neuVob,muscle,parapodia,9,40378.3,125301.1,110240.0
celltype_non_neuronal69,MUSchae-neuVob,muscle,parapodia,10,40308.7,126957.4,142160.0
celltype_non_neuronal69,MUSchae-neuVob,muscle,parapodia,11,48415.9,124263.4,111840.0
celltype_non_neuronal69,MUSchae-neuVob,muscle,parapodia,12,44500.5,121189.3,108600.0
celltype_non_neuronal69,MUSchae-neuVob,muscle,parapodia,13,117077.4,116910.4,73280.0
celltype_non_neuronal69,MUSchae-neuVob,muscle,parapodia,14,113368.3,115520.9,73400.0
celltype_non_neuronal69,MUSchae-neuVob,muscle,parapodia,15,41106.9,126122.5,140420.0
celltype_non_neuronal7,spinGland,gland cell,,0,72729.9,97595.4,155120.0
celltype_non_neuronal7,spinGland,gland cell,,1,40065.9,104169.6,149200.0
celltype_non_neuronal7,spinGland,gland cell,,2,37433.8,100715.5,112840.0
celltype_non_neuronal7,spinGland,gland cell,,3,100368.6,88856.1,118480.0
celltype_non_neuronal70,MUSchae-neuDac,muscle,parapodia,0,36483.0,112576.0,155280.0
celltype_non_neuronal70,MUSchae-neuDac,muscle,parapodia,1,43378.6,112105.0,150800.0
celltype_non_neuronal70,MUSchae-neuDac,muscle,parapodia,2,47012.3,110671.8,146000.0
celltype_non_neuronal70,MUSchae-neuDac,muscle,parapodia,3,48279.7,112151.0,148760.0
celltype_non_neuronal70,MUSchae-neuDac,muscle,parapodia,4,42036.9,115137.4,151840.0
celltype_non_neuronal70,MUSchae-neuDac,muscle,parapodia,5,111557.2,93969.5,75760.0
celltype_non_neuronal70,MUSchae-neuDac,muscle,parapodia,6,43163.2,104384.4,76040.0
celltype_non_neuronal70,MUSchae-neuDac,muscle,parapodia,7,35559.8,110955.8,115920.0
celltype_non_neuronal70,MUSchae-neuDac,muscle,parapodia,8,29789.2,115867.6,119840.0
celltype_non_neuronal70,MUSchae-neuDac,muscle,parapodia,9,41467.9,107876.8,118960.0
celltype_non_neuronal70,MUSchae-neuDac,muscle,parapodia,10,118129.3,96019.4,80040.0
celltype_non_neuronal70,MUSchae-neuDac,muscle,parapodia,11,73993.8,109466.6,154520.0
celltype_non_neuronal70,MUSchae-neuDac,muscle,parapodia,12,75055.4,107383.6,158280.0
celltype_non_neuronal70,MUSchae-neuDac,muscle,parapodia,13,77793.6,104186.2,163000.0
celltype_non_neuronal70,MUSchae-neuDac,muscle,parapodia,14,75924.8,111533.1,160800.0
celltype_non_neuronal70,MUSchae-neuDac,muscle,parapodia,15,42210.0,96404.0,74320.0
celltype_non_neuronal70,MUSchae-neuDac,muscle,parapodia,16,37683.9,104112.8,71920.0
celltype_non_neuronal70,MUSchae-neuDac,muscle,parapodia,17,36366.2,107359.2,66480.0
celltype_non_neuronal70,MUSchae-neuDac,muscle,parapodia,18,38719.5,107648.8,121200.0
celltype_non_neuronal70,MUSchae-neuDac,muscle,parapodia,19,105227.5,97884.5,112520.0
celltype_non_neuronal70,MUSchae-neuDac,muscle,parapodia,20,98253.5,98588.4,110880.0
celltype_non_neuronal70,MUSchae-neuDac,muscle,parapodia,21,95047.5,101671.3,112440.0
celltype_non_neuronal70,MUSchae-neuDac,muscle,parapodia,22,94932.4,98728.1,106920.0
celltype_non_neuronal70,MUSchae-neuDac,muscle,parapodia,23,103645.5,102782.2,113760.0
celltype_non_neuronal70,MUSchae-neuDac,muscle,parapodia,24,118738.8,100625.4,81760.0
celltype_non_neuronal70,MUSchae-neuDac,muscle,parapodia,25,73195.8,107953.8,149880.0
celltype_non_neuronal70,MUSchae-neuDac,muscle,parapodia,26,116013.2,92764.8,75640.0
celltype_non_neuronal70,MUSchae-neuDac,muscle,parapodia,27,33029.3,109760.4,113480.0
celltype_non_neuronal71,MUSchae-neuAVo,muscle,parapodia,0,75196.9,114572.3,151240.0
celltype_non_neuronal71,MUSchae-neuAVo,muscle,parapodia,1,85577.7,103841.7,107240.0
celltype_non_neuronal71,MUSchae-neuAVo,muscle,parapodia,2,49177.3,97742.7,74080.0
celltype_non_neuronal71,MUSchae-neuAVo,muscle,parapodia,3,80099.1,118804.5,144600.0
celltype_non_neuronal71,MUSchae-neuAVo,muscle,parapodia,4,74876.9,112539.7,147800.0
celltype_non_neuronal71,MUSchae-neuAVo,muscle,parapodia,5,50189.9,113663.7,142400.0
celltype_non_neuronal71,MUSchae-neuAVo,muscle,parapodia,6,52210.1,118231.9,134920.0
celltype_non_neuronal71,MUSchae-neuAVo,muscle,parapodia,7,48296.0,115527.0,145400.0
celltype_non_neuronal71,MUSchae-neuAVo,muscle,parapodia,8,90754.3,105640.7,109960.0
celltype_non_neuronal71,MUSchae-neuAVo,muscle,parapodia,9,93322.9,113608.0,109440.0
celltype_non_neuronal71,MUSchae-neuAVo,muscle,parapodia,10,112072.2,101767.5,76600.0
celltype_non_neuronal71,MUSchae-neuAVo,muscle,parapodia,11,110120.7,105569.0,76560.0
celltype_non_neuronal71,MUSchae-neuAVo,muscle,parapodia,12,51180.3,94455.8,73720.0
celltype_non_neuronal71,MUSchae-neuAVo,muscle,parapodia,13,44311.7,110985.1,107240.0
celltype_non_neuronal71,MUSchae-neuAVo,muscle,parapodia,14,41963.3,111740.6,111360.0
celltype_non_neuronal71,MUSchae-neuAVo,muscle,parapodia,15,46425.8,116128.2,105920.0
celltype_non_neuronal72,MUSchae-neuAVt,muscle,parapodia,0,111486.7,107353.5,79139.8
celltype_non_neuronal72,MUSchae-neuAVt,muscle,parapodia,1,99386.3,121971.7,112400.0
celltype_non_neuronal72,MUSchae-neuAVt,muscle,parapodia,2,77928.6,118481.0,153560.0
celltype_non_neuronal72,MUSchae-neuAVt,muscle,parapodia,3,51868.2,108226.0,77160.0
celltype_non_neuronal72,MUSchae-neuAVt,muscle,parapodia,4,46163.0,121028.8,144360.0
celltype_non_neuronal72,MUSchae-neuAVt,muscle,parapodia,5,49198.8,122125.2,109680.0
celltype_non_neuronal73,MUSchae-Are,muscle,parapodia,0,27340.6,119328.8,141840.0
celltype_non_neuronal73,MUSchae-Are,muscle,parapodia,1,17826.3,118522.9,109040.0
celltype_non_neuronal73,MUSchae-Are,muscle,parapodia,2,92307.0,112652.1,159400.0
celltype_non_neuronal73,MUSchae-Are,muscle,parapodia,3,107539.8,102070.5,95760.0
celltype_non_neuronal73,MUSchae-Are,muscle,parapodia,4,123021.2,114245.2,72360.0
celltype_non_neuronal73,MUSchae-Are,muscle,parapodia,5,54515.2,111170.2,65280.0
celltype_non_neuronal74,MUStrans,muscle,,0,49019.6,99193.1,165640.0
celltype_non_neuronal74,MUStrans,muscle,,1,115491.5,86301.5,61080.0
celltype_non_neuronal74,MUStrans,muscle,,2,65789.2,107568.9,160720.0
celltype_non_neuronal74,MUStrans,muscle,,3,65795.8,95721.4,163720.0
celltype_non_neuronal74,MUStrans,muscle,,4,38877.0,91527.2,35560.0
celltype_non_neuronal74,MUStrans,muscle,,5,102655.2,96380.5,43400.0
celltype_non_neuronal74,MUStrans,muscle,,6,48062.0,106933.1,157720.0
celltype_non_neuronal74,MUStrans,muscle,,7,48804.4,102569.2,41680.0
celltype_non_neuronal74,MUStrans,muscle,,8,65550.9,102207.7,167080.0
celltype_non_neuronal74,MUStrans,muscle,,9,32952.5,93077.0,81240.0
celltype_non_neuronal74,MUStrans,muscle,,10,98417.0,87704.4,142160.0
celltype_non_neuronal74,MUStrans,muscle,,11,96256.6,91947.9,141720.0
celltype_non_neuronal74,MUStrans,muscle,,12,60275.1,102454.9,169000.0
celltype_non_neuronal74,MUStrans,muscle,,13,102677.4,89048.2,48960.0
celltype_non_neuronal74,MUStrans,muscle,,14,40966.4,89728.3,37800.0
celltype_non_neuronal74,MUStrans,muscle,,15,45886.3,103418.0,161200.0
celltype_non_neuronal74,MUStrans,muscle,,16,103320.9,96877.8,130200.0
celltype_non_neuronal74,MUStrans,muscle,,17,101819.7,73744.2,129680.0
celltype_non_neuronal74,MUStrans,muscle,,18,102029.4,93250.3,44840.0
celltype_non_neuronal74,MUStrans,muscle,,19,99301.8,101323.9,47960.0
celltype_non_neuronal74,MUStrans,muscle,,20,107027.7,87480.6,42000.0
celltype_non_neuronal74,MUStrans,muscle,,21,99156.0,73374.8,49600.0
celltype_non_neuronal74,MUStrans,muscle,,22,29146.0,95192.3,85320.0
celltype_non_neuronal74,MUStrans,muscle,,23,32387.8,89439.8,81960.0
celltype_non_neuronal74,MUStrans,muscle,,24,31178.2,106041.1,130320.0
celltype_non_neuronal74,MUStrans,muscle,,25,114036.6,87788.1,58320.0
celltype_non_neuronal74,MUStrans,muscle,,26,41606.2,100873.1,52120.0
celltype_non_neuronal74,MUStrans,muscle,,27,106305.1,89274.1,53400.0
celltype_non_neuronal74,MUStrans,muscle,,28,48598.6,102964.4,40900.7
celltype_non_neuronal74,MUStrans,muscle,,29,49025.3,99640.3,38400.0
celltype_non_neuronal74,MUStrans,muscle,,30,44978.9,93846.9,37560.0
celltype_non_neuronal74,MUStrans,muscle,,31,41476.4,103315.0,46000.0
celltype_non_neuronal74,MUStrans,muscle,,32,41059.3,104478.7,47880.0
celltype_non_neuronal74,MUStrans,muscle,,33,25066.7,100205.5,131840.0
celltype_non_neuronal74,MUStrans,muscle,,34,24744.4,95498.9,132480.0
celltype_non_neuronal74,MUStrans,muscle,,35,100290.3,98116.4,138120.0
celltype_non_neuronal74,MUStrans,muscle,,36,98953.8,80867.4,140440.0
celltype_non_neuronal74,MUStrans,muscle,,37,101002.1,87333.0,84160.0
celltype_non_neuronal74,MUStrans,muscle,,38,109188.4,84043.4,84360.0
celltype_non_neuronal74,MUStrans,muscle,,39,106750.6,94321.6,85560.0
celltype_non_neuronal74,MUStrans,muscle,,40,105424.3,99596.4,85560.0
celltype_non_neuronal74,MUStrans,muscle,,41,104821.4,81404.4,84320.0
celltype_non_neuronal74,MUStrans,muscle,,42,106761.5,79715.6,82200.0
celltype_non_neuronal74,MUStrans,muscle,,43,101575.6,108090.3,136080.0
celltype_non_neuronal74,MUStrans,muscle,,44,101483.4,83650.5,135880.0
celltype_non_neuronal74,MUStrans,muscle,,45,32259.8,90355.0,126960.0
celltype_non_neuronal74,MUStrans,muscle,,46,37175.9,116923.1,126880.0
celltype_non_neuronal74,MUStrans,muscle,,47,39830.1,114688.7,123360.0
celltype_non_neuronal74,MUStrans,muscle,,48,35770.8,93594.2,124000.0
celltype_non_neuronal74,MUStrans,muscle,,49,104520.6,89135.1,84320.0
celltype_non_neuronal74,MUStrans,muscle,,50,99170.5,70302.9,94280.0
celltype_non_neuronal74,MUStrans,muscle,,51,27736.4,94879.5,129720.0
celltype_non_neuronal74,MUStrans,muscle,,52,33134.4,97675.8,84320.0
celltype_non_neuronal74,MUStrans,muscle,,53,36150.2,101935.5,88160.0
celltype_non_neuronal74,MUStrans,muscle,,54,97966.0,96828.3,84760.0
celltype_non_neuronal74,MUStrans,muscle,,55,30884.1,82683.4,58280.0
celltype_non_neuronal74,MUStrans,muscle,,56,27222.2,97177.5,87680.0
celltype_non_neuronal74,MUStrans,muscle,,57,29381.5,92545.6,86080.0
celltype_non_neuronal74,MUStrans,muscle,,58,26797.4,95202.6,88760.0
celltype_non_neuronal74,MUStrans,muscle,,59,33093.3,103129.0,127840.0
celltype_non_neuronal74,MUStrans,muscle,,60,45160.6,101839.7,164440.0
celltype_non_neuronal74,MUStrans,muscle,,61,30543.4,76786.8,91040.0
celltype_non_neuronal75,MUSlongD,muscle,,0,32855.1,59408.6,62840.0
celltype_non_neuronal75,MUSlongD,muscle,,1,30759.6,67517.4,61000.0
celltype_non_neuronal75,MUSlongD,muscle,,2,40408.7,61992.1,77720.0
celltype_non_neuronal75,MUSlongD,muscle,,3,39687.2,65084.0,78840.0
celltype_non_neuronal75,MUSlongD,muscle,,4,33614.1,68743.4,72680.0
celltype_non_neuronal75,MUSlongD,muscle,,5,28749.7,68310.0,56480.0
celltype_non_neuronal75,MUSlongD,muscle,,6,40533.4,68865.6,101800.0
celltype_non_neuronal75,MUSlongD,muscle,,7,43859.4,67872.9,111800.0
celltype_non_neuronal75,MUSlongD,muscle,,8,39487.3,69731.2,97800.0
celltype_non_neuronal75,MUSlongD,muscle,,9,37207.1,70975.7,139200.0
celltype_non_neuronal75,MUSlongD,muscle,,10,38939.0,71424.4,143360.0
celltype_non_neuronal75,MUSlongD,muscle,,11,35599.9,63578.9,75520.0
celltype_non_neuronal75,MUSlongD,muscle,,12,70484.7,66404.2,153880.0
celltype_non_neuronal75,MUSlongD,muscle,,13,96149.3,63562.9,106400.0
celltype_non_neuronal75,MUSlongD,muscle,,14,112274.2,60645.2,77960.0
celltype_non_neuronal75,MUSlongD,muscle,,15,108667.8,59983.1,80160.0
celltype_non_neuronal75,MUSlongD,muscle,,16,114764.4,60368.3,75640.0
celltype_non_neuronal75,MUSlongD,muscle,,17,99607.0,53646.5,85600.0
celltype_non_neuronal75,MUSlongD,muscle,,18,113101.5,54263.8,67560.0
celltype_non_neuronal75,MUSlongD,muscle,,19,109274.9,53952.1,60520.0
celltype_non_neuronal75,MUSlongD,muscle,,20,102601.5,60352.0,85480.0
celltype_non_neuronal75,MUSlongD,muscle,,21,109849.5,57207.2,64360.0
celltype_non_neuronal75,MUSlongD,muscle,,22,112310.2,62784.6,65400.0
celltype_non_neuronal75,MUSlongD,muscle,,23,112626.6,55228.0,73960.0
celltype_non_neuronal75,MUSlongD,muscle,,24,90619.4,55590.4,111720.0
celltype_non_neuronal75,MUSlongD,muscle,,25,93185.9,58271.4,109400.0
celltype_non_neuronal75,MUSlongD,muscle,,26,107320.0,34468.0,75960.0
celltype_non_neuronal75,MUSlongD,muscle,,27,41617.1,53259.9,72040.0
celltype_non_neuronal75,MUSlongD,muscle,,28,43006.0,59345.8,83120.0
celltype_non_neuronal75,MUSlongD,muscle,,29,48840.0,58367.3,109840.0
celltype_non_neuronal75,MUSlongD,muscle,,30,40990.3,69423.5,146800.0
celltype_non_neuronal75,MUSlongD,muscle,,31,45391.4,71862.2,153480.0
celltype_non_neuronal75,MUSlongD,muscle,,32,52134.2,54847.2,108920.0
celltype_non_neuronal75,MUSlongD,muscle,,33,48358.5,56791.8,92040.0
celltype_non_neuronal75,MUSlongD,muscle,,34,96322.7,48096.3,90240.0
celltype_non_neuronal75,MUSlongD,muscle,,35,104215.4,42780.0,83320.0
celltype_non_neuronal75,MUSlongD,muscle,,36,65835.7,65169.0,152200.0
celltype_non_neuronal75,MUSlongD,muscle,,37,76486.1,54483.3,130120.0
celltype_non_neuronal75,MUSlongD,muscle,,38,72444.0,56304.1,135200.0
celltype_non_neuronal75,MUSlongD,muscle,,39,65101.2,58501.0,147040.0
celltype_non_neuronal75,MUSlongD,muscle,,40,86577.4,52407.9,111200.0
celltype_non_neuronal75,MUSlongD,muscle,,41,51341.0,57816.4,125360.0
celltype_non_neuronal75,MUSlongD,muscle,,42,46230.3,62770.8,111520.0
celltype_non_neuronal75,MUSlongD,muscle,,43,43159.6,67251.6,148720.0
celltype_non_neuronal75,MUSlongD,muscle,,44,42801.1,66716.4,92320.0
celltype_non_neuronal75,MUSlongD,muscle,,45,46913.0,42304.7,75640.0
celltype_non_neuronal75,MUSlongD,muscle,,46,48502.1,40899.6,81320.0
celltype_non_neuronal75,MUSlongD,muscle,,47,93556.7,63566.0,115600.0
celltype_non_neuronal75,MUSlongD,muscle,,48,79617.5,60321.3,142160.0
celltype_non_neuronal75,MUSlongD,muscle,,49,76443.5,60574.8,142160.0
celltype_non_neuronal75,MUSlongD,muscle,,50,61523.1,63213.4,152760.0
celltype_non_neuronal75,MUSlongD,muscle,,51,110365.9,47266.1,75560.0
celltype_non_neuronal75,MUSlongD,muscle,,52,112870.5,47684.4,72440.0
celltype_non_neuronal75,MUSlongD,muscle,,53,88987.5,50245.7,101200.0
celltype_non_neuronal75,MUSlongD,muscle,,54,110350.8,48009.7,77840.0
celltype_non_neuronal75,MUSlongD,muscle,,55,95028.2,61881.7,99920.0
celltype_non_neuronal75,MUSlongD,muscle,,56,102781.2,50189.1,82600.0
celltype_non_neuronal75,MUSlongD,muscle,,57,98227.4,37277.3,84200.0
celltype_non_neuronal75,MUSlongD,muscle,,58,58978.6,65348.4,154680.0
celltype_non_neuronal75,MUSlongD,muscle,,59,94138.2,33379.8,88200.0
celltype_non_neuronal75,MUSlongD,muscle,,60,91041.5,35155.5,90720.0
celltype_non_neuronal75,MUSlongD,muscle,,61,48368.3,49399.4,79960.0
celltype_non_neuronal75,MUSlongD,muscle,,62,32983.1,63956.0,64680.0
celltype_non_neuronal75,MUSlongD,muscle,,63,43790.3,56019.8,78920.0
celltype_non_neuronal75,MUSlongD,muscle,,64,48299.5,62080.5,133560.0
celltype_non_neuronal75,MUSlongD,muscle,,65,52422.7,53443.9,104880.0
celltype_non_neuronal75,MUSlongD,muscle,,66,43261.4,54685.8,75600.0
celltype_non_neuronal75,MUSlongD,muscle,,67,45992.6,58541.6,94600.0
celltype_non_neuronal75,MUSlongD,muscle,,68,48204.3,60510.7,145920.0
celltype_non_neuronal75,MUSlongD,muscle,,69,90686.4,31308.4,91360.0
celltype_non_neuronal75,MUSlongD,muscle,,70,86281.6,50342.5,107800.0
celltype_non_neuronal75,MUSlongD,muscle,,71,39011.4,79033.9,150880.0
celltype_non_neuronal75,MUSlongD,muscle,,72,100291.4,39879.3,84760.0
celltype_non_neuronal75,MUSlongD,muscle,,73,106361.6,39555.2,77800.0
celltype_non_neuronal75,MUSlongD,muscle,,74,44883.2,45436.0,81320.0
celltype_non_neuronal75,MUSlongD,muscle,,75,25712.9,75616.7,57080.0
celltype_non_neuronal75,MUSlongD,muscle,,76,58074.4,50794.1,114320.0
celltype_non_neuronal75,MUSlongD,muscle,,77,26065.1,75102.3,51920.0
celltype_non_neuronal75,MUSlongD,muscle,,78,46028.7,48264.2,85720.0
celltype_non_neuronal75,MUSlongD,muscle,,79,45154.2,51158.0,79240.0
celltype_non_neuronal75,MUSlongD,muscle,,80,83927.8,48487.4,108920.0
celltype_non_neuronal75,MUSlongD,muscle,,81,49799.3,39301.1,73520.0
celltype_non_neuronal75,MUSlongD,muscle,,82,44137.6,42021.8,90360.0
celltype_non_neuronal75,MUSlongD,muscle,,83,46059.0,38189.7,90240.0
celltype_non_neuronal75,MUSlongD,muscle,,84,91970.7,32251.9,97140.0
celltype_non_neuronal75,MUSlongD,muscle,,85,23016.2,76417.5,52920.0
celltype_non_neuronal76,MUSlongV,muscle,,0,99778.9,114232.1,44960.0
celltype_non_neuronal76,MUSlongV,muscle,,1,105715.9,113957.6,87120.0
celltype_non_neuronal76,MUSlongV,muscle,,2,99408.3,124576.9,108280.0
celltype_non_neuronal76,MUSlongV,muscle,,3,94432.7,125996.4,126600.0
celltype_non_neuronal76,MUSlongV,muscle,,4,109479.1,118741.1,76840.0
celltype_non_neuronal76,MUSlongV,muscle,,5,107589.6,119507.1,85440.0
celltype_non_neuronal76,MUSlongV,muscle,,6,106548.6,109839.6,57600.0
celltype_non_neuronal76,MUSlongV,muscle,,7,104711.9,112837.4,77000.0
celltype_non_neuronal76,MUSlongV,muscle,,8,107685.3,116246.8,73840.0
celltype_non_neuronal76,MUSlongV,muscle,,9,52972.7,119063.9,88720.0
celltype_non_neuronal76,MUSlongV,muscle,,10,55589.8,117919.2,86360.0
celltype_non_neuronal76,MUSlongV,muscle,,11,56254.5,115991.9,80000.0
celltype_non_neuronal76,MUSlongV,muscle,,12,53685.1,114888.2,51320.0
celltype_non_neuronal76,MUSlongV,muscle,,13,53106.3,118182.7,82240.0
celltype_non_neuronal76,MUSlongV,muscle,,14,53225.5,122988.7,110680.0
celltype_non_neuronal76,MUSlongV,muscle,,15,54533.4,119614.0,110280.0
celltype_non_neuronal76,MUSlongV,muscle,,16,55125.2,116182.2,76160.0
celltype_non_neuronal76,MUSlongV,muscle,,17,92219.2,120389.4,108640.0
celltype_non_neuronal76,MUSlongV,muscle,,18,93874.8,125798.0,116680.0
celltype_non_neuronal76,MUSlongV,muscle,,19,75840.8,118497.0,144400.0
celltype_non_neuronal76,MUSlongV,muscle,,20,92210.8,123064.1,131440.0
celltype_non_neuronal76,MUSlongV,muscle,,21,83825.9,122649.8,146680.0
celltype_non_neuronal76,MUSlongV,muscle,,22,53598.3,122669.6,125280.0
celltype_non_neuronal76,MUSlongV,muscle,,23,56414.4,120913.5,113880.0
celltype_non_neuronal76,MUSlongV,muscle,,24,52891.9,120985.9,137080.0
celltype_non_neuronal76,MUSlongV,muscle,,25,46796.1,127885.6,134400.0
celltype_non_neuronal76,MUSlongV,muscle,,26,49765.3,123095.8,139760.0
celltype_non_neuronal76,MUSlongV,muscle,,27,49568.3,126500.6,109400.0
celltype_non_neuronal76,MUSlongV,muscle,,28,98564.4,126390.6,115720.0
celltype_non_neuronal76,MUSlongV,muscle,,29,109303.4,112431.4,76400.0
celltype_non_neuronal76,MUSlongV,muscle,,30,101433.2,120699.4,93600.0
celltype_non_neuronal76,MUSlongV,muscle,,31,101971.4,109719.4,73560.0
celltype_non_neuronal76,MUSlongV,muscle,,32,100480.6,112364.9,76440.0
celltype_non_neuronal76,MUSlongV,muscle,,33,99672.6,110640.4,56560.0
celltype_non_neuronal76,MUSlongV,muscle,,34,96768.5,121212.6,95040.0
celltype_non_neuronal76,MUSlongV,muscle,,35,55734.1,111004.2,37160.0
celltype_non_neuronal76,MUSlongV,muscle,,36,58308.7,120386.8,111600.0
celltype_non_neuronal76,MUSlongV,muscle,,37,62446.9,114266.2,79400.0
celltype_non_neuronal76,MUSlongV,muscle,,38,50216.4,124748.0,125920.0
celltype_non_neuronal76,MUSlongV,muscle,,39,53610.4,124087.5,132560.0
celltype_non_neuronal76,MUSlongV,muscle,,40,60081.0,113944.9,34320.0
celltype_non_neuronal76,MUSlongV,muscle,,41,84705.6,123769.6,138240.0
celltype_non_neuronal76,MUSlongV,muscle,,42,64825.2,117944.6,162960.0
celltype_non_neuronal76,MUSlongV,muscle,,43,78440.8,120168.9,147200.0
celltype_non_neuronal76,MUSlongV,muscle,,44,101949.6,124910.7,110640.0
celltype_non_neuronal76,MUSlongV,muscle,,45,56922.5,88552.4,26280.0
celltype_non_neuronal76,MUSlongV,muscle,,46,77941.8,121625.2,150320.0
celltype_non_neuronal76,MUSlongV,muscle,,47,58282.2,119762.1,133360.0
celltype_non_neuronal76,MUSlongV,muscle,,48,62222.4,119124.6,90800.0
celltype_non_neuronal76,MUSlongV,muscle,,49,57815.7,108924.3,73600.0
celltype_non_neuronal76,MUSlongV,muscle,,50,60167.2,117133.8,57760.0
celltype_non_neuronal76,MUSlongV,muscle,,51,56824.3,111923.0,74280.0
celltype_non_neuronal76,MUSlongV,muscle,,52,57815.5,110380.9,78120.0
celltype_non_neuronal76,MUSlongV,muscle,,53,98020.5,112199.4,44640.0
celltype_non_neuronal76,MUSlongV,muscle,,54,94540.4,82402.4,31200.0
celltype_non_neuronal76,MUSlongV,muscle,,55,56254.6,98399.8,32400.0
celltype_non_neuronal76,MUSlongV,muscle,,56,97685.5,94399.7,36840.0
celltype_non_neuronal76,MUSlongV,muscle,,57,55470.2,107446.7,38280.0
celltype_non_neuronal76,MUSlongV,muscle,,58,89106.1,123261.1,129880.0
celltype_non_neuronal76,MUSlongV,muscle,,59,57085.3,117239.2,108640.0
celltype_non_neuronal76,MUSlongV,muscle,,60,101911.3,110711.3,68680.0
celltype_non_neuronal76,MUSlongV,muscle,,61,58728.8,116538.1,86760.0
celltype_non_neuronal76,MUSlongV,muscle,,62,100122.9,106598.3,52160.0
celltype_non_neuronal76,MUSlongV,muscle,,63,105095.2,103173.8,52280.0
celltype_non_neuronal76,MUSlongV,muscle,,64,54317.5,111676.5,46960.0
celltype_non_neuronal76,MUSlongV,muscle,,65,95661.5,106214.3,36200.0
celltype_non_neuronal76,MUSlongV,muscle,,66,99904.9,101348.0,41000.0
celltype_non_neuronal76,MUSlongV,muscle,,67,91244.9,81531.9,29840.0
celltype_non_neuronal76,MUSlongV,muscle,,68,97670.1,99460.4,38520.0
celltype_non_neuronal76,MUSlongV,muscle,,69,50762.0,110666.9,44520.0
celltype_non_neuronal76,MUSlongV,muscle,,70,60951.1,113514.7,30440.0
celltype_non_neuronal76,MUSlongV,muscle,,71,58671.3,87644.7,27800.0
celltype_non_neuronal76,MUSlongV,muscle,,72,55559.1,118677.8,140800.0
celltype_non_neuronal76,MUSlongV,muscle,,73,51553.5,118007.6,158280.0
celltype_non_neuronal76,MUSlongV,muscle,,74,54540.9,88506.9,28457.4
celltype_non_neuronal76,MUSlongV,muscle,,75,57670.6,118943.0,40840.0
celltype_non_neuronal76,MUSlongV,muscle,,76,70510.6,115253.7,146400.0
celltype_non_neuronal76,MUSlongV,muscle,,77,61575.6,122581.1,114720.0
celltype_non_neuronal76,MUSlongV,muscle,,78,95120.9,121314.7,111640.0
celltype_non_neuronal76,MUSlongV,muscle,,79,105134.9,100055.9,50680.0
celltype_non_neuronal76,MUSlongV,muscle,,80,79756.7,100036.6,23099.9
celltype_non_neuronal76,MUSlongV,muscle,,81,50607.8,111535.0,48960.0
celltype_non_neuronal77,MUSax,muscle,,0,73233.2,120101.8,118480.0
celltype_non_neuronal77,MUSax,muscle,,1,78815.1,113996.3,83640.0
celltype_non_neuronal77,MUSax,muscle,,2,78826.6,120344.6,118920.0
celltype_non_neuronal77,MUSax,muscle,,3,63515.9,116909.6,150440.0
celltype_non_neuronal77,MUSax,muscle,,4,62007.8,117332.1,148000.0
celltype_non_neuronal77,MUSax,muscle,,5,83727.3,113666.0,81880.0
celltype_non_neuronal77,MUSax,muscle,,6,81175.1,111539.2,75400.0
celltype_non_neuronal77,MUSax,muscle,,7,81574.2,113478.4,67080.0
celltype_non_neuronal77,MUSax,muscle,,8,78209.6,113480.4,68880.0
celltype_non_neuronal77,MUSax,muscle,,9,78443.0,112919.5,77120.0
celltype_non_neuronal77,MUSax,muscle,,10,77678.8,116111.6,58440.0
celltype_non_neuronal77,MUSax,muscle,,11,79859.6,120024.0,56040.0
celltype_non_neuronal78,MUSring-pyg,muscle,,0,55485.1,120337.9,160720.0
celltype_non_neuronal79,MUSph,muscle,,0,55484.5,91478.6,34360.0
celltype_non_neuronal79,MUSph,muscle,,1,52013.1,83345.7,33640.0
celltype_non_neuronal79,MUSph,muscle,,2,82353.3,108657.0,52440.0
celltype_non_neuronal79,MUSph,muscle,,3,93127.7,87511.6,34640.0
celltype_non_neuronal79,MUSph,muscle,,4,96929.3,94364.3,50440.0
celltype_non_neuronal79,MUSph,muscle,,5,92985.3,95313.8,52800.0
celltype_non_neuronal79,MUSph,muscle,,6,97523.0,87839.5,49480.0
celltype_non_neuronal79,MUSph,muscle,,7,58391.9,84397.3,31040.0
celltype_non_neuronal79,MUSph,muscle,,8,93637.6,75603.6,48280.0
celltype_non_neuronal79,MUSph,muscle,,9,58892.1,74415.6,33200.0
celltype_non_neuronal79,MUSph,muscle,,10,62521.3,98630.9,53240.0
celltype_non_neuronal79,MUSph,muscle,,11,92789.5,79461.6,50320.0
celltype_non_neuronal79,MUSph,muscle,,12,62924.4,97177.2,31520.0
celltype_non_neuronal79,MUSph,muscle,,13,51892.8,85716.9,38520.0
celltype_non_neuronal79,MUSph,muscle,,14,61191.1,70396.9,33000.0
celltype_non_neuronal79,MUSph,muscle,,15,52247.1,86385.8,36640.0
celltype_non_neuronal79,MUSph,muscle,,16,52532.7,92492.4,41360.0
celltype_non_neuronal79,MUSph,muscle,,17,53971.4,77865.1,36560.0
celltype_non_neuronal79,MUSph,muscle,,18,61568.4,92402.1,31320.0
celltype_non_neuronal79,MUSph,muscle,,19,61276.8,110736.5,41200.0
celltype_non_neuronal79,MUSph,muscle,,20,85532.4,110330.2,53080.0
celltype_non_neuronal79,MUSph,muscle,,21,93193.1,101659.9,47840.0
celltype_non_neuronal79,MUSph,muscle,,22,65644.2,108878.7,51000.0
celltype_non_neuronal79,MUSph,muscle,,23,57641.8,93688.2,34440.0
celltype_non_neuronal79,MUSph,muscle,,24,92919.5,104835.9,44560.0
celltype_non_neuronal79,MUSph,muscle,,25,65131.9,114862.0,46800.0
celltype_non_neuronal79,MUSph,muscle,,26,57817.1,101763.7,37640.0
celltype_non_neuronal79,MUSph,muscle,,27,88787.7,110968.1,50200.0
celltype_non_neuronal79,MUSph,muscle,,28,55553.5,94372.0,47440.0
celltype_non_neuronal79,MUSph,muscle,,29,94620.9,76746.8,45280.0
celltype_non_neuronal79,MUSph,muscle,,30,93239.6,73542.3,38360.0
celltype_non_neuronal79,MUSph,muscle,,31,96335.2,83618.0,50240.0
celltype_non_neuronal79,MUSph,muscle,,32,97581.7,79335.6,44920.0
celltype_non_neuronal79,MUSph,muscle,,33,92815.4,86420.6,52440.0
celltype_non_neuronal79,MUSph,muscle,,34,96884.8,83249.4,46600.0
celltype_non_neuronal79,MUSph,muscle,,35,97641.1,84067.4,36560.0
celltype_non_neuronal79,MUSph,muscle,,36,97685.2,78042.0,40080.0
celltype_non_neuronal79,MUSph,muscle,,37,89197.9,96007.8,53840.0
celltype_non_neuronal79,MUSph,muscle,,38,90975.2,67694.2,39880.0
celltype_non_neuronal79,MUSph,muscle,,39,93864.8,82345.6,50400.0
celltype_non_neuronal79,MUSph,muscle,,40,86056.9,96455.0,58280.0
celltype_non_neuronal79,MUSph,muscle,,41,87703.6,64592.6,36480.0
celltype_non_neuronal79,MUSph,muscle,,42,88477.1,101373.3,53720.0
celltype_non_neuronal79,MUSph,muscle,,43,54672.8,79506.3,39840.0
celltype_non_neuronal79,MUSph,muscle,,44,49881.1,87231.7,38160.0
celltype_non_neuronal79,MUSph,muscle,,45,86571.7,103604.8,53000.0
celltype_non_neuronal79,MUSph,muscle,,46,98226.8,91253.2,41200.0
celltype_non_neuronal79,MUSph,muscle,,47,52803.3,88385.6,43280.0
celltype_non_neuronal79,MUSph,muscle,,48,55834.5,86317.1,45920.0
celltype_non_neuronal79,MUSph,muscle,,49,90484.5,68177.5,43200.0
celltype_non_neuronal8,covercell,pigment cell,,0,80761.5,132715.3,20000.0
celltype_non_neuronal8,covercell,pigment cell,,1,57558.5,24263.6,79680.0
celltype_non_neuronal8,covercell,pigment cell,,2,117993.3,97428.6,32000.0
celltype_non_neuronal8,covercell,pigment cell,,3,16762.1,66807.1,49840.0
celltype_non_neuronal8,covercell,pigment cell,,4,29886.8,109853.0,33600.0
celltype_non_neuronal8,covercell,pigment cell,,5,19026.7,65265.0,43600.0
celltype_non_neuronal8,covercell,pigment cell,,6,67731.0,11910.4,46560.0
celltype_non_neuronal8,covercell,pigment cell,,7,100996.8,26769.1,82200.0
celltype_non_neuronal8,covercell,pigment cell,,8,79476.2,134498.9,32560.0
celltype_non_neuronal8,covercell,pigment cell,,9,33190.7,117008.2,39720.0
celltype_non_neuronal8,covercell,pigment cell,,10,124268.8,99270.5,37480.0
celltype_non_neuronal8,covercell,pigment cell,,11,118391.6,53211.4,62280.0
celltype_non_neuronal8,covercell,pigment cell,,12,118185.4,114856.0,41400.0
celltype_non_neuronal8,covercell,pigment cell,,13,36680.7,113644.4,27340.0
celltype_non_neuronal8,covercell,pigment cell,,14,116396.7,46702.7,46320.0
celltype_non_neuronal8,covercell,pigment cell,,15,91239.4,126595.5,32440.0
celltype_non_neuronal80,MUSll,muscle,,0,63835.6,120955.5,46760.0
celltype_non_neuronal80,MUSll,muscle,,1,65570.0,119324.0,50120.0
celltype_non_neuronal80,MUSll,muscle,,2,74586.1,122460.3,50960.0
celltype_non_neuronal80,MUSll,muscle,,3,82802.2,119566.7,51400.0
celltype_non_neuronal80,MUSll,muscle,,4,87362.7,115246.3,51392.0
celltype_non_neuronal80,MUSll,muscle,,5,72506.4,126535.8,46640.0
celltype_non_neuronal80,MUSll,muscle,,6,86949.3,123400.4,47400.0
celltype_non_neuronal80,MUSll,muscle,,7,63193.9,126657.1,41920.0
celltype_non_neuronal80,MUSll,muscle,,8,93901.9,120464.4,44960.0
celltype_non_neuronal80,MUSll,muscle,,9,84139.5,117006.9,54040.0
celltype_non_neuronal81,MUSant,muscle,,0,43657.6,58482.5,21120.0
celltype_non_neuronal81,MUSant,muscle,,1,40454.6,62444.5,21180.0
celltype_non_neuronal81,MUSant,muscle,,2,40851.7,65259.9,22600.0
celltype_non_neuronal81,MUSant,muscle,,3,98045.1,55796.9,31720.0
celltype_non_neuronal81,MUSant,muscle,,4,101144.1,54400.3,24160.0
celltype_non_neuronal81,MUSant,muscle,,5,48824.1,57728.0,28600.0
celltype_non_neuronal81,MUSant,muscle,,6,101367.5,54012.7,28360.0
celltype_non_neuronal81,MUSant,muscle,,7,96556.1,52294.4,31160.0
celltype_non_neuronal82,MUSly,muscle,,0,63089.0,92904.5,24360.0
celltype_non_neuronal82,MUSly,muscle,,1,56642.8,99287.4,28440.0
celltype_non_neuronal82,MUSly,muscle,,2,89498.6,91200.9,27400.0
celltype_non_neuronal82,MUSly,muscle,,3,60008.4,100558.3,24020.0
celltype_non_neuronal82,MUSly,muscle,,4,94594.0,89419.7,32360.0
celltype_non_neuronal82,MUSly,muscle,,5,91473.6,86165.0,28480.0
celltype_non_neuronal83,MUSpl,muscle,,0,52057.9,65490.2,32440.0
celltype_non_neuronal83,MUSpl,muscle,,1,93836.9,59638.7,35400.0
celltype_non_neuronal83,MUSpl,muscle,,2,46347.5,96692.7,30560.0
celltype_non_neuronal83,MUSpl,muscle,,3,105553.1,88604.1,32920.0
celltype_non_neuronal84,MUSci,muscle,,0,29397.5,80539.3,42280.0
celltype_non_neuronal84,MUSci,muscle,,1,27617.2,86597.5,40800.0
celltype_non_neuronal84,MUSci,muscle,,2,102194.3,78270.9,46120.0
celltype_non_neuronal84,MUSci,muscle,,3,105487.5,84686.1,47800.0
celltype_non_neuronal85,MUSch,muscle,,0,100716.8,75085.7,42160.0
celltype_non_neuronal85,MUSch,muscle,,1,102891.7,82349.9,43800.0
celltype_non_neuronal85,MUSch,muscle,,2,98810.6,68120.1,46200.0
celltype_non_neuronal85,MUSch,muscle,,3,41127.0,84844.4,37280.0
celltype_non_neuronal85,MUSch,muscle,,4,43975.1,86367.4,38320.0
celltype_non_neuronal85,MUSch,muscle,,5,39720.4,80719.7,38680.0
celltype_non_neuronal86,MUSpx,muscle,,0,74823.3,79275.9,26520.0
celltype_non_neuronal87,MUSpr-vt,muscle,,0,78663.4,81584.2,25840.0
celltype_non_neuronal88,MUStri,muscle,,0,51605.0,69933.4,29840.0
celltype_non_neuronal88,MUStri,muscle,,1,94464.0,64731.3,32960.0
celltype_non_neuronal89,MUSmed,muscle,,0,75735.4,51005.4,31600.0
celltype_non_neuronal89,MUSmed,muscle,,1,69987.2,49592.0,32020.0
celltype_non_neuronal9,ciliatedGland,gland cell,,0,90344.9,129562.0,51280.0
celltype_non_neuronal9,ciliatedGland,gland cell,,1,55971.9,127059.4,41840.0
celltype_non_neuronal9,ciliatedGland,gland cell,,2,92382.2,115073.7,52640.0
celltype_non_neuronal9,ciliatedGland,gland cell,,3,67134.8,121329.1,52200.0
celltype_non_neuronal9,ciliatedGland,gland cell,,4,96226.8,116670.6,51960.0
celltype_non_neuronal9,ciliatedGland,gland cell,,5,64323.2,127850.0,49760.0
celltype_non_neuronal9,ciliatedGland,gland cell,,6,98362.9,123845.3,46720.0
celltype_non_neuronal9,ciliatedGland,gland cell,,7,81582.5,121256.5,61280.0
celltype_non_neuronal9,ciliatedGland,gland cell,,8,54360.4,123779.7,46960.0
celltype_non_neuronal9,ciliatedGland,gland cell,,9,87176.9,117818.4,55560.0
celltype_non_neuronal9,ciliatedGland,gland cell,,10,72698.1,136243.0,51360.0
celltype_non_neuronal9,ciliatedGland,gland cell,,11,64225.8,122369.8,50280.0
celltype_non_neuronal9,ciliatedGland,gland cell,,12,102473.1,118903.1,49240.0
celltype_non_neuronal9,ciliatedGland,gland cell,,13,97419.5,118666.8,48080.0
celltype_non_neuronal9,ciliatedGland,gland cell,,14,77114.1,126495.3,56800.0
celltype_non_neuronal9,ciliatedGland,gland cell,,15,87315.3,128790.6,62600.0
celltype_non_neuronal9,ciliatedGland,gland cell,,16,86584.9,128046.6,57600.0
celltype_non_neuronal9,ciliatedGland,gland cell,,17,60128.7,127443.4,47000.0
celltype_non_neuronal9,ciliatedGland,gland cell,,18,70261.5,124921.5,50960.0
celltype_non_neuronal9,ciliatedGland,gland cell,,19,87441.9,122011.7,53520.0
celltype_non_neuronal9,ciliatedGland,gland cell,,20,89722.5,116366.4,53960.0
celltype_non_neuronal9,ciliatedGland,gland cell,,21,78801.4,122587.6,62160.0
celltype_non_neuronal9,ciliatedGland,gland cell,,22,71130.8,121249.0,53120.0
celltype_non_neuronal9,ciliatedGland,gland cell,,23,76004.2,131363.7,57240.0
celltype_non_neuronal90,EC,epidermis,nuchal organ,0,66138.8,18933.1,36600.0
celltype_non_neuronal90,EC,epidermis,nuchal organ,1,69996.5,29827.3,18680.0
celltype_non_neuronal90,EC,epidermis,nuchal organ,2,113960.8,121500.8,53400.0
celltype_non_neuronal90,EC,epidermis,nuchal organ,3,105130.0,136757.7,101720.0
celltype_non_neuronal90,EC,epidermis,nuchal organ,4,113873.9,115668.1,65960.0
celltype_non_neuronal90,EC,epidermis,nuchal organ,5,106425.6,130361.0,99400.0
celltype_non_neuronal90,EC,epidermis,nuchal organ,6,108222.4,133304.7,95720.0
celltype_non_neuronal90,EC,epidermis,nuchal organ,7,109301.1,131770.5,89800.0
celltype_non_neuronal90,EC,epidermis,nuchal organ,8,110027.9,127055.2,55400.0
celltype_non_neuronal90,EC,epidermis,nuchal organ,9,44119.3,60384.6,130720.0
celltype_non_neuronal90,EC,epidermis,nuchal organ,10,34856.1,68781.5,134840.0
celltype_non_neuronal90,EC,epidermis,nuchal organ,11,51829.3,132977.8,51880.0
celltype_non_neuronal90,EC,epidermis,nuchal organ,12,54779.2,126315.0,69400.0
celltype_non_neuronal90,EC,epidermis,nuchal organ,13,75864.9,71561.6,6200.0
celltype_non_neuronal90,EC,epidermis,nuchal organ,14,49028.2,89411.9,5800.0
celltype_non_neuronal90,EC,epidermis,nuchal organ,15,47057.5,57632.5,123720.0
celltype_non_neuronal90,EC,epidermis,nuchal organ,16,112626.9,114969.5,59580.0
celltype_non_neuronal90,EC,epidermis,nuchal organ,17,65827.8,27916.8,21360.0
celltype_non_neuronal90,EC,epidermis,nuchal organ,18,110083.9,122833.9,66700.0
celltype_non_neuronal90,EC,epidermis,nuchal organ,19,39087.5,69609.7,127400.0
celltype_non_neuronal90,EC,epidermis,nuchal organ,20,98564.6,63374.1,126400.0
celltype_non_neuronal90,EC,epidermis,nuchal organ,21,116610.8,49430.9,69600.0
celltype_non_neuronal90,EC,epidermis,nuchal organ,22,119125.2,101506.4,86680.0
celltype_non_neuronal90,EC,epidermis,nuchal organ,23,92917.2,92241.7,3000.0
celltype_non_neuronal90,EC,epidermis,nuchal organ,24,108244.4,87569.0,29480.0
celltype_non_neuronal90,EC,epidermis,nuchal organ,25,49300.8,124000.8,177440.0
celltype_non_neuronal90,EC,epidermis,nuchal organ,26,65987.0,68952.0,3520.0
celltype_non_neuronal90,EC,epidermis,nuchal organ,27,73079.0,140134.0,137200.0
celltype_non_neuronal90,EC,epidermis,nuchal organ,28,41435.1,99678.1,174200.0
celltype_non_neuronal90,EC,epidermis,nuchal organ,29,113807.3,78146.0,13320.0
celltype_non_neuronal90,EC,epidermis,nuchal organ,30,50546.7,110322.7,185120.0
celltype_non_neuronal90,EC,epidermis,nuchal organ,31,60831.1,122890.7,182760.0
celltype_non_neuronal90,EC,epidermis,nuchal organ,32,64065.6,127970.0,178880.0
celltype_non_neuronal90,EC,epidermis,nuchal organ,33,87008.6,49325.7,9600.0
celltype_non_neuronal90,EC,epidermis,nuchal organ,34,75322.0,12268.8,39080.0
celltype_non_neuronal90,EC,epidermis,nuchal organ,35,24461.6,53591.4,55040.0
celltype_non_neuronal90,EC,epidermis,nuchal organ,36,49065.5,125289.4,36960.0
celltype_non_neuronal90,EC,epidermis,nuchal organ,37,78428.8,139992.2,140160.0
celltype_non_neuronal90,EC,epidermis,nuchal organ,38,63950.1,23943.5,25400.0
celltype_non_neuronal90,EC,epidermis,nuchal organ,39,63034.1,27776.5,28360.0
celltype_non_neuronal90,EC,epidermis,nuchal organ,40,104103.2,63014.2,15080.0
celltype_non_neuronal90,EC,epidermis,nuchal organ,41,43823.2,44086.3,17520.0
celltype_non_neuronal90,EC,epidermis,nuchal organ,42,94685.0,56683.9,9280.0
celltype_non_neuronal90,EC,epidermis,nuchal organ,43,99545.8,74616.7,9640.0
celltype_non_neuronal90,EC,epidermis,nuchal organ,44,98613.6,73884.5,7080.0
celltype_non_neuronal90,EC,epidermis,nuchal organ,45,97903.8,82330.3,6680.0
celltype_non_neuronal90,EC,epidermis,nuchal organ,46,41488.0,107446.2,13160.0
celltype_non_neuronal90,EC,epidermis,nuchal organ,47,47462.0,79843.6,8360.0
celltype_non_neuronal90,EC,epidermis,nuchal organ,48,96802.4,68658.5,7720.0
celltype_non_neuronal90,EC,epidermis,nuchal organ,49,39640.7,80842.9,11840.0
celltype_non_neuronal90,EC,epidermis,nuchal organ,50,44018.3,76463.4,9560.0
celltype_non_neuronal90,EC,epidermis,nuchal organ,51,22886.6,66854.5,24840.0
celltype_non_neuronal90,EC,epidermis,nuchal organ,52,39851.2,65824.0,11160.0
celltype_non_neuronal90,EC,epidermis,nuchal organ,53,45817.2,67114.3,9800.0
celltype_non_neuronal90,EC,epidermis,nuchal organ,54,73896.4,133570.7,168760.0
celltype_non_neuronal90,EC,epidermis,nuchal organ,55,74690.0,107825.9,167480.0
celltype_non_neuronal90,EC,epidermis,nuchal organ,56,114482.3,67646.7,85400.0
celltype_non_neuronal90,EC,epidermis,nuchal organ,57,16153.5,78479.2,33120.0
celltype_non_neuronal90,EC,epidermis,nuchal organ,58,124265.3,69104.0,23760.0
celltype_non_neuronal90,EC,epidermis,nuchal organ,59,75173.5,28224.6,20520.0
celltype_non_neuronal90,EC,epidermis,nuchal organ,60,68956.7,23504.4,25940.0
celltype_non_neuronal90,EC,epidermis,nuchal organ,61,66438.1,48011.4,122680.0
celltype_non_neuronal90,EC,epidermis,nuchal organ,62,64340.1,50960.8,127360.0
celltype_non_neuronal90,EC,epidermis,nuchal organ,63,65239.0,52039.0,134000.0
celltype_non_neuronal90,EC,epidermis,nuchal organ,64,58057.8,55206.2,138920.0
celltype_non_neuronal90,EC,epidermis,nuchal organ,65,69855.7,94906.3,3560.0
celltype_non_neuronal90,EC,epidermis,nuchal organ,66,66584.4,87256.5,3160.0
celltype_non_neuronal90,EC,epidermis,nuchal organ,67,60764.9,129604.4,175240.0
celltype_non_neuronal90,EC,epidermis,nuchal organ,68,122021.7,106784.6,81779.9
celltype_non_neuronal90,EC,epidermis,nuchal organ,69,30887.9,56054.7,30040.0
celltype_non_neuronal90,EC,epidermis,nuchal organ,70,37356.5,59270.4,92040.0
celltype_non_neuronal90,EC,epidermis,nuchal organ,71,113393.6,112623.7,18960.0
celltype_non_neuronal90,EC,epidermis,nuchal organ,72,111405.0,114056.4,21920.0
celltype_non_neuronal90,EC,epidermis,nuchal organ,73,114384.8,109533.2,23080.0
celltype_non_neuronal90,EC,epidermis,nuchal organ,74,118430.0,105284.1,22960.0
celltype_non_neuronal90,EC,epidermis,nuchal organ,75,122318.9,58935.9,36960.0
celltype_non_neuronal90,EC,epidermis,nuchal organ,76,93536.4,148831.1,107980.0
celltype_non_neuronal90,EC,epidermis,nuchal organ,77,116913.9,81599.4,18600.0
celltype_non_neuronal90,EC,epidermis,nuchal organ,78,121095.8,75072.2,19440.0
celltype_non_neuronal90,EC,epidermis,nuchal organ,79,110382.5,59842.8,18560.0
celltype_non_neuronal90,EC,epidermis,nuchal organ,80,113671.9,73700.2,19480.0
celltype_non_neuronal90,EC,epidermis,nuchal organ,81,103321.1,42864.3,20400.0
celltype_non_neuronal90,EC,epidermis,nuchal organ,82,84167.0,59330.5,6800.0
celltype_non_neuronal90,EC,epidermis,nuchal organ,83,106098.0,47736.9,20800.0
celltype_non_neuronal90,EC,epidermis,nuchal organ,84,106086.0,116538.3,40600.0
celltype_non_neuronal90,EC,epidermis,nuchal organ,85,56283.5,124493.0,180360.0
celltype_non_neuronal90,EC,epidermis,nuchal organ,86,64686.9,123267.0,183400.0
celltype_non_neuronal90,EC,epidermis,nuchal organ,87,64430.1,107992.1,176160.0
celltype_non_neuronal90,EC,epidermis,nuchal organ,88,71769.6,117818.2,164320.0
celltype_non_neuronal90,EC,epidermis,nuchal organ,89,35098.4,109886.2,22480.0
celltype_non_neuronal90,EC,epidermis,nuchal organ,90,32705.1,106887.5,24200.0
celltype_non_neuronal90,EC,epidermis,nuchal organ,91,107558.0,98521.9,122400.0
celltype_non_neuronal90,EC,epidermis,nuchal organ,92,59660.6,135050.2,57520.0
celltype_non_neuronal90,EC,epidermis,nuchal organ,93,46132.8,102535.5,8560.0
celltype_non_neuronal90,EC,epidermis,nuchal organ,94,42604.0,95689.8,7220.0
celltype_non_neuronal90,EC,epidermis,nuchal organ,95,40321.0,111260.1,21800.0
celltype_non_neuronal90,EC,epidermis,nuchal organ,96,99899.3,97961.0,86280.0
celltype_non_neuronal90,EC,epidermis,nuchal organ,97,104329.8,65316.0,100480.0
celltype_non_neuronal90,EC,epidermis,nuchal organ,98,42759.5,108480.9,26760.0
celltype_non_neuronal90,EC,epidermis,nuchal organ,99,36757.8,113869.8,24720.0
celltype_non_neuronal90,EC,epidermis,nuchal organ,100,43016.3,112633.6,22640.0
celltype_non_neuronal90,EC,epidermis,nuchal organ,101,110667.5,45906.8,32560.0
celltype_non_neuronal90,EC,epidermis,nuchal organ,102,88442.3,79689.9,1940.0
celltype_non_neuronal90,EC,epidermis,nuchal organ,103,108353.0,97727.8,12520.0
celltype_non_neuronal90,EC,epidermis,nuchal organ,104,73175.4,24334.8,25800.0
celltype_non_neuronal90,EC,epidermis,nuchal organ,105,69102.3,27110.9,29800.0
celltype_non_neuronal90,EC,epidermis,nuchal organ,106,97510.4,86020.0,5000.0
celltype_non_neuronal90,EC,epidermis,nuchal organ,107,60082.2,96762.6,6600.0
celltype_non_neuronal90,EC,epidermis,nuchal organ,108,65400.4,71759.3,4840.0
celltype_non_neuronal90,EC,epidermis,nuchal organ,109,68255.5,77974.9,4760.0
celltype_non_neuronal90,EC,epidermis,nuchal organ,110,77650.5,108959.4,4320.0
celltype_non_neuronal90,EC,epidermis,nuchal organ,111,93915.1,74236.1,4040.0
celltype_non_neuronal90,EC,epidermis,nuchal organ,112,97151.3,94402.9,3160.0
celltype_non_neuronal90,EC,epidermis,nuchal organ,113,87359.6,87209.7,2160.0
celltype_non_neuronal90,EC,epidermis,nuchal organ,114,79294.3,83944.2,2600.0
celltype_non_neuronal90,EC,epidermis,nuchal organ,115,102562.7,85921.6,4600.0
celltype_non_neuronal90,EC,epidermis,nuchal organ,116,111464.8,79698.4,7480.0
celltype_non_neuronal90,EC,epidermis,nuchal organ,117,82156.2,100324.9,3520.0
celltype_non_neuronal90,EC,epidermis,nuchal organ,118,75436.3,94572.0,2680.0
celltype_non_neuronal90,EC,epidermis,nuchal organ,119,85798.5,91961.9,2240.0
celltype_non_neuronal90,EC,epidermis,nuchal organ,120,92500.9,110255.8,6480.0
celltype_non_neuronal90,EC,epidermis,nuchal organ,121,55845.7,129722.8,163480.0
celltype_non_neuronal90,EC,epidermis,nuchal organ,122,57136.5,129302.8,161840.0
celltype_non_neuronal90,EC,epidermis,nuchal organ,123,71575.8,87992.4,5960.0
celltype_non_neuronal90,EC,epidermis,nuchal organ,124,64338.7,96009.7,4720.0
celltype_non_neuronal90,EC,epidermis,nuchal organ,125,52902.3,73164.9,2800.0
celltype_non_neuronal90,EC,epidermis,nuchal organ,126,56686.9,86425.8,3080.0
celltype_non_neuronal90,EC,epidermis,nuchal organ,127,73184.0,86139.9,3440.0
celltype_non_neuronal90,EC,epidermis,nuchal organ,128,53868.8,62001.3,5480.0
celltype_non_neuronal90,EC,epidermis,nuchal organ,129,38583.3,49231.3,17760.0
celltype_non_neuronal90,EC,epidermis,nuchal organ,130,82391.7,76091.0,4720.0
celltype_non_neuronal90,EC,epidermis,nuchal organ,131,84802.7,68030.0,4800.0
celltype_non_neuronal90,EC,epidermis,nuchal organ,132,54402.5,93297.2,4520.0
celltype_non_neuronal90,EC,epidermis,nuchal organ,133,94358.9,107185.5,7360.0
celltype_non_neuronal90,EC,epidermis,nuchal organ,134,103003.2,100765.7,6800.0
celltype_non_neuronal90,EC,epidermis,nuchal organ,135,94121.7,118378.6,11840.0
celltype_non_neuronal90,EC,epidermis,nuchal organ,136,90950.4,121960.4,12440.0
celltype_non_neuronal90,EC,epidermis,nuchal organ,137,63214.9,126383.4,14680.0
celltype_non_neuronal90,EC,epidermis,nuchal organ,138,33490.1,51609.4,19400.0
celltype_non_neuronal90,EC,epidermis,nuchal organ,139,31813.8,55184.0,18680.0
celltype_non_neuronal90,EC,epidermis,nuchal organ,140,25786.2,92741.1,23440.0
celltype_non_neuronal90,EC,epidermis,nuchal organ,141,82351.4,83740.3,5160.0
celltype_non_neuronal90,EC,epidermis,nuchal organ,142,84101.1,82567.7,5520.0
celltype_non_neuronal90,EC,epidermis,nuchal organ,143,33448.4,57671.7,15160.0
celltype_non_neuronal90,EC,epidermis,nuchal organ,144,42994.7,141279.9,135320.0
celltype_non_neuronal90,EC,epidermis,nuchal organ,145,25984.6,61910.3,19280.0
celltype_non_neuronal90,EC,epidermis,nuchal organ,146,19451.9,73401.1,22000.0
celltype_non_neuronal90,EC,epidermis,nuchal organ,147,103027.1,115487.4,20800.0
celltype_non_neuronal90,EC,epidermis,nuchal organ,148,22880.1,125899.3,146320.0
celltype_non_neuronal90,EC,epidermis,nuchal organ,149,84115.8,143890.4,133700.0
celltype_non_neuronal90,EC,epidermis,nuchal organ,150,94967.9,97537.8,148320.0
celltype_non_neuronal90,EC,epidermis,nuchal organ,151,93395.0,136906.4,135360.0
celltype_non_neuronal90,EC,epidermis,nuchal organ,152,54283.9,111710.9,9040.0
celltype_non_neuronal90,EC,epidermis,nuchal organ,153,53943.8,105894.8,7480.0
celltype_non_neuronal90,EC,epidermis,nuchal organ,154,113571.5,51667.2,25880.0
celltype_non_neuronal90,EC,epidermis,nuchal organ,155,112455.8,45143.5,30000.0
celltype_non_neuronal90,EC,epidermis,nuchal organ,156,39902.7,128402.1,129880.0
celltype_non_neuronal90,EC,epidermis,nuchal organ,157,87379.6,140958.9,95000.0
celltype_non_neuronal90,EC,epidermis,nuchal organ,158,67456.0,113891.7,177040.0
celltype_non_neuronal90,EC,epidermis,nuchal organ,159,60339.1,97664.2,176840.0
celltype_non_neuronal90,EC,epidermis,nuchal organ,160,63833.2,137466.3,165520.0
celltype_non_neuronal90,EC,epidermis,nuchal organ,161,31201.5,56289.1,33480.0
celltype_non_neuronal90,EC,epidermis,nuchal organ,162,76842.0,143649.5,128440.0
celltype_non_neuronal90,EC,epidermis,nuchal organ,163,41686.8,102228.0,166400.0
celltype_non_neuronal90,EC,epidermis,nuchal organ,164,78036.0,139683.0,128160.0
celltype_non_neuronal90,EC,epidermis,nuchal organ,165,81628.1,142243.4,127080.0
celltype_non_neuronal90,EC,epidermis,nuchal organ,166,25084.2,72707.6,58800.0
celltype_non_neuronal90,EC,epidermis,nuchal organ,167,60640.3,89843.1,170280.0
celltype_non_neuronal90,EC,epidermis,nuchal organ,168,121526.1,90084.5,98960.0
celltype_non_neuronal90,EC,epidermis,nuchal organ,169,103571.4,38106.2,27820.0
celltype_non_neuronal90,EC,epidermis,nuchal organ,170,77339.1,116821.8,160560.0
celltype_non_neuronal90,EC,epidermis,nuchal organ,171,42852.5,123113.3,180240.0
celltype_non_neuronal90,EC,epidermis,nuchal organ,172,69016.4,144608.4,117920.0
celltype_non_neuronal90,EC,epidermis,nuchal organ,173,93980.7,63681.2,6560.0
celltype_non_neuronal90,EC,epidermis,nuchal organ,174,46623.5,133787.9,165040.0
celltype_non_neuronal90,EC,epidermis,nuchal organ,175,39094.0,99180.5,163880.0
celltype_non_neuronal90,EC,epidermis,nuchal organ,176,99728.8,95761.3,4020.1
celltype_non_neuronal90,EC,epidermis,nuchal organ,177,57140.2,129780.2,176760.0
celltype_non_neuronal90,EC,epidermis,nuchal organ,178,102645.8,61125.8,115500.0
celltype_non_neuronal90,EC,epidermis,nuchal organ,179,50715.7,68097.2,4880.0
celltype_non_neuronal90,EC,epidermis,nuchal organ,180,67075.8,146006.6,131400.0
celltype_non_neuronal90,EC,epidermis,nuchal organ,181,92819.0,138859.8,131320.0
celltype_non_neuronal90,EC,epidermis,nuchal organ,182,94624.8,133077.6,137880.0
celltype_non_neuronal90,EC,epidermis,nuchal organ,183,127069.8,83712.2,26960.0
celltype_non_neuronal90,EC,epidermis,nuchal organ,184,126742.8,69274.7,26920.0
celltype_non_neuronal90,EC,epidermis,nuchal organ,185,62348.6,101683.2,7400.0
celltype_non_neuronal90,EC,epidermis,nuchal organ,186,36073.0,60306.0,84800.0
celltype_non_neuronal90,EC,epidermis,nuchal organ,187,71626.2,142421.2,91760.0
celltype_non_neuronal90,EC,epidermis,nuchal organ,188,112394.7,97237.0,30560.0
celltype_non_neuronal90,EC,epidermis,nuchal organ,189,32765.5,101497.5,89680.0
celltype_non_neuronal90,EC,epidermis,nuchal organ,190,126502.0,78848.5,22080.0
celltype_non_neuronal90,EC,epidermis,nuchal organ,191,95104.4,140911.6,92440.0
celltype_non_neuronal90,EC,epidermis,nuchal organ,192,76803.0,145738.5,133680.0
celltype_non_neuronal90,EC,epidermis,nuchal organ,193,73320.2,143766.3,140280.0
celltype_non_neuronal90,EC,epidermis,nuchal organ,194,80778.2,62530.2,4280.0
celltype_non_neuronal90,EC,epidermis,nuchal organ,195,43167.1,135497.5,129120.0
celltype_non_neuronal90,EC,epidermis,nuchal organ,196,90223.1,131171.6,158040.0
celltype_non_neuronal90,EC,epidermis,nuchal organ,197,90161.8,132210.5,155560.0
celltype_non_neuronal90,EC,epidermis,nuchal organ,198,89887.1,128684.9,154840.0
celltype_non_neuronal90,EC,epidermis,nuchal organ,199,73613.0,144368.0,133320.0
celltype_non_neuronal90,EC,epidermis,nuchal organ,200,46640.9,141290.7,132960.0
celltype_non_neuronal90,EC,epidermis,nuchal organ,201,73541.4,73817.9,9840.0
celltype_non_neuronal90,EC,epidermis,nuchal organ,202,116718.0,60452.0,67680.0
celltype_non_neuronal90,EC,epidermis,nuchal organ,203,51016.3,121485.9,39800.0
celltype_non_neuronal90,EC,epidermis,nuchal organ,204,99385.2,129663.7,44480.0
celltype_non_neuronal90,EC,epidermis,nuchal organ,205,123142.8,57342.8,38480.0
celltype_non_neuronal90,EC,epidermis,nuchal organ,206,47948.1,36864.4,84360.0
celltype_non_neuronal90,EC,epidermis,nuchal organ,207,47217.8,124487.7,95080.0
celltype_non_neuronal90,EC,epidermis,nuchal organ,208,17978.6,70263.5,39360.0
celltype_non_neuronal90,EC,epidermis,nuchal organ,209,118559.3,71633.2,58840.0
celltype_non_neuronal90,EC,epidermis,nuchal organ,210,17698.6,106268.7,121680.0
celltype_non_neuronal90,EC,epidermis,nuchal organ,211,30763.5,124272.0,115680.0
celltype_non_neuronal90,EC,epidermis,nuchal organ,212,130954.6,90047.5,50600.0
celltype_non_neuronal90,EC,epidermis,nuchal organ,213,62796.6,117715.0,183120.0
celltype_non_neuronal90,EC,epidermis,nuchal organ,214,105703.8,80778.6,108920.0
celltype_non_neuronal90,EC,epidermis,nuchal organ,215,125553.4,92604.6,75480.0
celltype_non_neuronal90,EC,epidermis,nuchal organ,216,117003.5,128939.8,78440.0
celltype_non_neuronal90,EC,epidermis,nuchal organ,217,112659.6,120402.5,100320.0
celltype_non_neuronal90,EC,epidermis,nuchal organ,218,110317.2,118630.4,101840.0
celltype_non_neuronal90,EC,epidermis,nuchal organ,219,113223.3,121643.1,98640.0
celltype_non_neuronal90,EC,epidermis,nuchal organ,220,44907.5,125609.3,178240.0
celltype_non_neuronal90,EC,epidermis,nuchal organ,221,110616.6,117217.3,122920.0
celltype_non_neuronal90,EC,epidermis,nuchal organ,222,111361.9,95208.2,117440.0
celltype_non_neuronal90,EC,epidermis,nuchal organ,223,65229.2,139907.4,59859.8
celltype_non_neuronal90,EC,epidermis,nuchal organ,224,57383.5,120035.7,182400.0
celltype_non_neuronal90,EC,epidermis,nuchal organ,225,60699.8,102042.8,180160.0
celltype_non_neuronal90,EC,epidermis,nuchal organ,226,39182.2,89954.8,162280.0
celltype_non_neuronal90,EC,epidermis,nuchal organ,227,32291.9,81801.9,154440.0
celltype_non_neuronal90,EC,epidermis,nuchal organ,228,99826.9,131260.1,131440.0
celltype_non_neuronal90,EC,epidermis,nuchal organ,229,103191.1,126862.7,130720.0
celltype_non_neuronal90,EC,epidermis,nuchal organ,230,94224.1,119432.4,154840.0
celltype_non_neuronal90,EC,epidermis,nuchal organ,231,95569.1,117872.4,153760.0
celltype_non_neuronal90,EC,epidermis,nuchal organ,232,28754.2,132749.8,137080.0
celltype_non_neuronal90,EC,epidermis,nuchal organ,233,31449.0,137876.0,138080.0
celltype_non_neuronal90,EC,epidermis,nuchal organ,234,25674.5,125419.9,137480.0
celltype_non_neuronal90,EC,epidermis,nuchal organ,235,63822.2,147314.8,131240.0
celltype_non_neuronal90,EC,epidermis,nuchal organ,236,102081.3,125344.8,134120.0
celltype_non_neuronal90,EC,epidermis,nuchal organ,237,80913.3,145127.9,121600.0
celltype_non_neuronal90,EC,epidermis,nuchal organ,238,70227.4,146981.2,121600.0
celltype_non_neuronal90,EC,epidermis,nuchal organ,239,55022.3,143174.9,120920.0
celltype_non_neuronal90,EC,epidermis,nuchal organ,240,46488.1,140454.4,121640.0
celltype_non_neuronal90,EC,epidermis,nuchal organ,241,56247.6,146931.0,131160.0
celltype_non_neuronal90,EC,epidermis,nuchal organ,242,14649.9,100581.2,149279.8
celltype_non_neuronal90,EC,epidermis,nuchal organ,243,58188.3,113404.7,188440.0
celltype_non_neuronal90,EC,epidermis,nuchal organ,244,56887.7,116798.1,188120.0
celltype_non_neuronal90,EC,epidermis,nuchal organ,245,51741.5,115491.6,187120.0
celltype_non_neuronal90,EC,epidermis,nuchal organ,246,59743.8,104749.0,185720.0
celltype_non_neuronal90,EC,epidermis,nuchal organ,247,56277.6,103017.9,186040.0
celltype_non_neuronal90,EC,epidermis,nuchal organ,248,54403.5,106213.1,186240.0
celltype_non_neuronal90,EC,epidermis,nuchal organ,249,54099.9,124073.6,182400.0
celltype_non_neuronal90,EC,epidermis,nuchal organ,250,62557.4,130978.1,177280.0
celltype_non_neuronal90,EC,epidermis,nuchal organ,251,54753.5,121352.5,186480.0
celltype_non_neuronal90,EC,epidermis,nuchal organ,252,61252.2,111001.3,185400.0
celltype_non_neuronal90,EC,epidermis,nuchal organ,253,54316.4,113578.6,186840.0
celltype_non_neuronal90,EC,epidermis,nuchal organ,254,62822.6,118124.5,186960.0
celltype_non_neuronal90,EC,epidermis,nuchal organ,255,59907.7,119263.5,187000.0
celltype_non_neuronal90,EC,epidermis,nuchal organ,256,43261.9,101326.5,176200.0
celltype_non_neuronal90,EC,epidermis,nuchal organ,257,46863.2,124669.9,182440.0
celltype_non_neuronal90,EC,epidermis,nuchal organ,258,41007.1,105291.4,180440.0
celltype_non_neuronal90,EC,epidermis,nuchal organ,259,64393.6,110858.4,185080.0
celltype_non_neuronal90,EC,epidermis,nuchal organ,260,58904.1,123182.7,185080.0
celltype_non_neuronal90,EC,epidermis,nuchal organ,261,59406.1,98815.3,181920.0
celltype_non_neuronal90,EC,epidermis,nuchal organ,262,58650.9,103343.5,183320.0
celltype_non_neuronal90,EC,epidermis,nuchal organ,263,50191.1,94000.3,174120.0
celltype_non_neuronal90,EC,epidermis,nuchal organ,264,38045.3,120783.0,182360.0
celltype_non_neuronal90,EC,epidermis,nuchal organ,265,38250.2,104753.5,177680.0
celltype_non_neuronal90,EC,epidermis,nuchal organ,266,39045.1,108010.1,177960.0
celltype_non_neuronal90,EC,epidermis,nuchal organ,267,107041.4,62409.4,12080.0
celltype_non_neuronal90,EC,epidermis,nuchal organ,268,43150.2,104958.3,177960.0
celltype_non_neuronal90,EC,epidermis,nuchal organ,269,42909.4,117743.2,181600.0
celltype_non_neuronal90,EC,epidermis,nuchal organ,270,102624.9,60552.3,11600.0
celltype_non_neuronal90,EC,epidermis,nuchal organ,271,36478.2,108889.0,175320.0
celltype_non_neuronal90,EC,epidermis,nuchal organ,272,37212.3,112003.8,175320.0
celltype_non_neuronal90,EC,epidermis,nuchal organ,273,37985.4,123292.0,173800.0
celltype_non_neuronal90,EC,epidermis,nuchal organ,274,36835.8,115854.0,173360.0
celltype_non_neuronal90,EC,epidermis,nuchal organ,275,62543.4,135716.0,167560.0
celltype_non_neuronal90,EC,epidermis,nuchal organ,276,68454.3,135523.3,168160.0
celltype_non_neuronal90,EC,epidermis,nuchal organ,277,62100.6,89280.0,167400.0
celltype_non_neuronal90,EC,epidermis,nuchal organ,278,49554.4,129187.0,179120.0
celltype_non_neuronal90,EC,epidermis,nuchal organ,279,65469.4,119266.2,181800.0
celltype_non_neuronal90,EC,epidermis,nuchal organ,280,73045.9,120697.0,172200.0
celltype_non_neuronal90,EC,epidermis,nuchal organ,281,74776.9,97064.7,170120.0
celltype_non_neuronal90,EC,epidermis,nuchal organ,282,78316.2,97572.9,172720.0
celltype_non_neuronal90,EC,epidermis,nuchal organ,283,79445.0,100367.0,170280.0
celltype_non_neuronal90,EC,epidermis,nuchal organ,284,77239.6,99481.8,168160.0
celltype_non_neuronal90,EC,epidermis,nuchal organ,285,80409.6,94801.2,173360.0
celltype_non_neuronal90,EC,epidermis,nuchal organ,286,80773.2,86331.6,166400.0
celltype_non_neuronal90,EC,epidermis,nuchal organ,287,75653.2,95322.2,167640.0
celltype_non_neuronal90,EC,epidermis,nuchal organ,288,71272.0,99945.8,168320.0
celltype_non_neuronal90,EC,epidermis,nuchal organ,289,68301.7,100690.5,165880.0
celltype_non_neuronal90,EC,epidermis,nuchal organ,290,67874.0,110114.3,167640.0
celltype_non_neuronal90,EC,epidermis,nuchal organ,291,68485.8,105572.7,169120.0
celltype_non_neuronal90,EC,epidermis,nuchal organ,292,70781.6,109612.0,169640.0
celltype_non_neuronal90,EC,epidermis,nuchal organ,293,74002.5,108608.9,170440.0
celltype_non_neuronal90,EC,epidermis,nuchal organ,294,75703.2,110598.4,167800.0
celltype_non_neuronal90,EC,epidermis,nuchal organ,295,72254.1,113179.4,167200.0
celltype_non_neuronal90,EC,epidermis,nuchal organ,296,69845.8,113939.0,168760.0
celltype_non_neuronal90,EC,epidermis,nuchal organ,297,68736.8,118187.0,174840.0
celltype_non_neuronal90,EC,epidermis,nuchal organ,298,68937.4,120596.0,169240.0
celltype_non_neuronal90,EC,epidermis,nuchal organ,299,71049.1,122500.1,172360.0
celltype_non_neuronal90,EC,epidermis,nuchal organ,300,74541.0,126379.5,172760.0
celltype_non_neuronal90,EC,epidermis,nuchal organ,301,72774.8,128011.0,170640.0
celltype_non_neuronal90,EC,epidermis,nuchal organ,302,72251.2,129913.0,172520.0
celltype_non_neuronal90,EC,epidermis,nuchal organ,303,78544.6,145491.8,123920.0
celltype_non_neuronal90,EC,epidermis,nuchal organ,304,61011.6,131961.6,164700.0
celltype_non_neuronal90,EC,epidermis,nuchal organ,305,88723.4,130463.5,163680.0
celltype_non_neuronal90,EC,epidermis,nuchal organ,306,86324.4,128437.7,161000.0
celltype_non_neuronal90,EC,epidermis,nuchal organ,307,55942.3,127269.5,169320.0
celltype_non_neuronal90,EC,epidermis,nuchal organ,308,85678.6,132003.2,159040.0
celltype_non_neuronal90,EC,epidermis,nuchal organ,309,90921.2,133797.6,160000.0
celltype_non_neuronal90,EC,epidermis,nuchal organ,310,76772.1,125176.6,168880.0
celltype_non_neuronal90,EC,epidermis,nuchal organ,311,70651.2,132249.3,170480.0
celltype_non_neuronal90,EC,epidermis,nuchal organ,312,63848.3,128675.0,173840.0
celltype_non_neuronal90,EC,epidermis,nuchal organ,313,58307.9,127076.2,177240.0
celltype_non_neuronal90,EC,epidermis,nuchal organ,314,46876.7,129713.6,176400.0
celltype_non_neuronal90,EC,epidermis,nuchal organ,315,39722.1,120441.5,180040.0
celltype_non_neuronal90,EC,epidermis,nuchal organ,316,34715.3,121085.0,176960.0
celltype_non_neuronal90,EC,epidermis,nuchal organ,317,47641.3,97645.6,179640.0
celltype_non_neuronal90,EC,epidermis,nuchal organ,318,55862.0,97819.2,178360.0
celltype_non_neuronal90,EC,epidermis,nuchal organ,319,53197.4,98515.0,177680.0
celltype_non_neuronal90,EC,epidermis,nuchal organ,320,55723.4,102139.0,176480.0
celltype_non_neuronal90,EC,epidermis,nuchal organ,321,64185.2,111847.3,175360.0
celltype_non_neuronal90,EC,epidermis,nuchal organ,322,65205.9,113650.8,178600.0
celltype_non_neuronal90,EC,epidermis,nuchal organ,323,46637.0,131359.2,175000.0
celltype_non_neuronal90,EC,epidermis,nuchal organ,324,43664.6,129823.1,174040.0
celltype_non_neuronal90,EC,epidermis,nuchal organ,325,55078.4,128088.3,173080.0
celltype_non_neuronal90,EC,epidermis,nuchal organ,326,41845.7,105830.9,174720.0
celltype_non_neuronal90,EC,epidermis,nuchal organ,327,53914.6,129901.9,163160.0
celltype_non_neuronal90,EC,epidermis,nuchal organ,328,70128.9,125174.2,174040.0
celltype_non_neuronal90,EC,epidermis,nuchal organ,329,38989.5,120981.8,176120.0
celltype_non_neuronal90,EC,epidermis,nuchal organ,330,37976.0,114216.0,176720.0
celltype_non_neuronal90,EC,epidermis,nuchal organ,331,68989.8,93476.3,167240.0
celltype_non_neuronal90,EC,epidermis,nuchal organ,332,65748.3,93528.6,168960.0
celltype_non_neuronal90,EC,epidermis,nuchal organ,333,62753.0,93179.9,171280.0
celltype_non_neuronal90,EC,epidermis,nuchal organ,334,68325.3,97431.5,170880.0
celltype_non_neuronal90,EC,epidermis,nuchal organ,335,66486.2,97577.7,172400.0
celltype_non_neuronal90,EC,epidermis,nuchal organ,336,68356.6,107978.3,172400.0
celltype_non_neuronal90,EC,epidermis,nuchal organ,337,78281.1,103516.6,172400.0
celltype_non_neuronal90,EC,epidermis,nuchal organ,338,80076.0,89235.8,169520.0
celltype_non_neuronal90,EC,epidermis,nuchal organ,339,76939.1,91568.9,168280.0
celltype_non_neuronal90,EC,epidermis,nuchal organ,340,45563.2,84092.0,164640.0
celltype_non_neuronal90,EC,epidermis,nuchal organ,341,44780.6,89387.0,167040.0
celltype_non_neuronal90,EC,epidermis,nuchal organ,342,52500.3,85594.9,166480.0
celltype_non_neuronal90,EC,epidermis,nuchal organ,343,53685.8,86877.6,168600.0
celltype_non_neuronal90,EC,epidermis,nuchal organ,344,49733.7,87506.6,166560.0
celltype_non_neuronal90,EC,epidermis,nuchal organ,345,49822.0,80943.3,166560.0
celltype_non_neuronal90,EC,epidermis,nuchal organ,346,62736.8,83717.7,165600.0
celltype_non_neuronal90,EC,epidermis,nuchal organ,347,59928.6,85323.6,166520.0
celltype_non_neuronal90,EC,epidermis,nuchal organ,348,54667.9,82098.9,166920.0
celltype_non_neuronal90,EC,epidermis,nuchal organ,349,49179.3,89947.7,169080.0
celltype_non_neuronal90,EC,epidermis,nuchal organ,350,45397.3,90530.0,169720.0
celltype_non_neuronal90,EC,epidermis,nuchal organ,351,42406.7,91853.7,169360.0
celltype_non_neuronal90,EC,epidermis,nuchal organ,352,39945.7,94956.5,168760.0
celltype_non_neuronal90,EC,epidermis,nuchal organ,353,41129.2,94347.3,166000.0
celltype_non_neuronal90,EC,epidermis,nuchal organ,354,29000.4,95646.1,159720.0
celltype_non_neuronal90,EC,epidermis,nuchal organ,355,31972.2,96279.6,159880.0
celltype_non_neuronal90,EC,epidermis,nuchal organ,356,32276.6,101522.3,164640.0
celltype_non_neuronal90,EC,epidermis,nuchal organ,357,29084.9,103353.9,163280.0
celltype_non_neuronal90,EC,epidermis,nuchal organ,358,28466.8,110792.1,163760.0
celltype_non_neuronal90,EC,epidermis,nuchal organ,359,30544.9,112699.2,160920.0
celltype_non_neuronal90,EC,epidermis,nuchal organ,360,38849.4,117666.7,161360.0
celltype_non_neuronal90,EC,epidermis,nuchal organ,361,35728.3,113476.2,161360.0
celltype_non_neuronal90,EC,epidermis,nuchal organ,362,38592.4,111191.4,163040.0
celltype_non_neuronal90,EC,epidermis,nuchal organ,363,42301.0,110547.3,163360.0
celltype_non_neuronal90,EC,epidermis,nuchal organ,364,42867.8,132718.0,165760.0
celltype_non_neuronal90,EC,epidermis,nuchal organ,365,43099.9,131160.6,163560.0
celltype_non_neuronal90,EC,epidermis,nuchal organ,366,66549.6,106801.7,172120.0
celltype_non_neuronal90,EC,epidermis,nuchal organ,367,65852.9,134456.6,170260.0
celltype_non_neuronal90,EC,epidermis,nuchal organ,368,40985.2,114884.8,167080.0
celltype_non_neuronal90,EC,epidermis,nuchal organ,369,71282.8,128543.9,167560.0
celltype_non_neuronal90,EC,epidermis,nuchal organ,370,37349.2,92063.2,164280.0
celltype_non_neuronal90,EC,epidermis,nuchal organ,371,35518.1,109979.5,163160.0
celltype_non_neuronal90,EC,epidermis,nuchal organ,372,42602.4,121924.2,162400.0
celltype_non_neuronal90,EC,epidermis,nuchal organ,373,41965.3,127166.8,162640.0
celltype_non_neuronal90,EC,epidermis,nuchal organ,374,42798.5,127139.0,158880.0
celltype_non_neuronal90,EC,epidermis,nuchal organ,375,31042.6,130912.2,139460.0
celltype_non_neuronal90,EC,epidermis,nuchal organ,376,30027.7,125206.8,135960.0
celltype_non_neuronal90,EC,epidermis,nuchal organ,377,38009.4,130390.9,131280.0
celltype_non_neuronal90,EC,epidermis,nuchal organ,378,38580.1,135317.0,131800.0
celltype_non_neuronal90,EC,epidermis,nuchal organ,379,107207.4,117793.4,131280.0
celltype_non_neuronal90,EC,epidermis,nuchal organ,380,104610.8,113919.2,129880.0
celltype_non_neuronal90,EC,epidermis,nuchal organ,381,104754.8,113524.0,132680.0
celltype_non_neuronal90,EC,epidermis,nuchal organ,382,66825.9,144933.0,137259.8
celltype_non_neuronal90,EC,epidermis,nuchal organ,383,22454.3,98231.5,131840.0
celltype_non_neuronal90,EC,epidermis,nuchal organ,384,27820.1,77448.3,133320.0
celltype_non_neuronal90,EC,epidermis,nuchal organ,385,80824.7,52703.5,127520.0
celltype_non_neuronal90,EC,epidermis,nuchal organ,386,93100.7,60989.4,130560.0
celltype_non_neuronal90,EC,epidermis,nuchal organ,387,104403.8,75737.5,129480.0
celltype_non_neuronal90,EC,epidermis,nuchal organ,388,104996.6,74392.8,121680.0
celltype_non_neuronal90,EC,epidermis,nuchal organ,389,26864.3,111199.5,133240.0
celltype_non_neuronal90,EC,epidermis,nuchal organ,390,53673.9,88582.0,170080.0
celltype_non_neuronal90,EC,epidermis,nuchal organ,391,57945.6,90803.2,169040.0
celltype_non_neuronal90,EC,epidermis,nuchal organ,392,67821.9,114290.3,172720.0
celltype_non_neuronal90,EC,epidermis,nuchal organ,393,83052.9,82880.5,167240.0
celltype_non_neuronal90,EC,epidermis,nuchal organ,394,70186.0,90073.2,167240.0
celltype_non_neuronal90,EC,epidermis,nuchal organ,395,66427.0,91238.1,166640.0
celltype_non_neuronal90,EC,epidermis,nuchal organ,396,39567.5,98980.9,166640.0
celltype_non_neuronal90,EC,epidermis,nuchal organ,397,83154.4,123941.6,157680.0
celltype_non_neuronal90,EC,epidermis,nuchal organ,398,48999.4,133306.6,159360.0
celltype_non_neuronal90,EC,epidermis,nuchal organ,399,46852.5,132015.0,159920.0
celltype_non_neuronal90,EC,epidermis,nuchal organ,400,44946.0,126877.9,163160.0
celltype_non_neuronal90,EC,epidermis,nuchal organ,401,49515.6,134429.5,164720.0
celltype_non_neuronal90,EC,epidermis,nuchal organ,402,53433.5,133085.8,164240.0
celltype_non_neuronal90,EC,epidermis,nuchal organ,403,63514.8,134530.4,163720.0
celltype_non_neuronal90,EC,epidermis,nuchal organ,404,66793.4,135371.5,163720.0
celltype_non_neuronal90,EC,epidermis,nuchal organ,405,66936.4,131072.3,164480.0
celltype_non_neuronal90,EC,epidermis,nuchal organ,406,47323.1,132624.0,157160.0
celltype_non_neuronal90,EC,epidermis,nuchal organ,407,98307.5,122237.2,150280.0
celltype_non_neuronal90,EC,epidermis,nuchal organ,408,96629.8,113701.8,151440.0
celltype_non_neuronal90,EC,epidermis,nuchal organ,409,95914.2,94625.6,151440.0
celltype_non_neuronal90,EC,epidermis,nuchal organ,410,77849.4,63155.4,153080.0
celltype_non_neuronal90,EC,epidermis,nuchal organ,411,64290.4,59159.6,151240.0
celltype_non_neuronal90,EC,epidermis,nuchal organ,412,25402.8,84322.6,149080.0
celltype_non_neuronal90,EC,epidermis,nuchal organ,413,17071.6,105045.5,145360.0
celltype_non_neuronal90,EC,epidermis,nuchal organ,414,71261.2,119002.1,168000.0
celltype_non_neuronal90,EC,epidermis,nuchal organ,415,73231.4,121812.3,168000.0
celltype_non_neuronal90,EC,epidermis,nuchal organ,416,74861.1,114552.3,166440.0
celltype_non_neuronal90,EC,epidermis,nuchal organ,417,76900.7,122461.3,166120.0
celltype_non_neuronal90,EC,epidermis,nuchal organ,418,74755.2,116865.5,162640.0
celltype_non_neuronal90,EC,epidermis,nuchal organ,419,71450.6,128220.0,164120.0
celltype_non_neuronal90,EC,epidermis,nuchal organ,420,54002.6,134329.6,162000.0
celltype_non_neuronal90,EC,epidermis,nuchal organ,421,51647.4,134114.4,159160.0
celltype_non_neuronal90,EC,epidermis,nuchal organ,422,45347.3,130743.2,159160.0
celltype_non_neuronal90,EC,epidermis,nuchal organ,423,43478.5,130455.6,159160.0
celltype_non_neuronal90,EC,epidermis,nuchal organ,424,62674.9,135115.4,161360.0
celltype_non_neuronal90,EC,epidermis,nuchal organ,425,65239.7,135763.2,161360.0
celltype_non_neuronal90,EC,epidermis,nuchal organ,426,91520.5,105443.4,164320.0
celltype_non_neuronal90,EC,epidermis,nuchal organ,427,96972.2,92051.7,162000.0
celltype_non_neuronal90,EC,epidermis,nuchal organ,428,80471.2,75712.9,163040.0
celltype_non_neuronal90,EC,epidermis,nuchal organ,429,77984.4,52994.0,133320.0
celltype_non_neuronal90,EC,epidermis,nuchal organ,430,51758.1,122794.0,57320.0
celltype_non_neuronal90,EC,epidermis,nuchal organ,431,47361.0,118135.0,56240.0
celltype_non_neuronal90,EC,epidermis,nuchal organ,432,49869.5,117180.7,57480.0
celltype_non_neuronal90,EC,epidermis,nuchal organ,433,118620.1,76557.0,58760.0
celltype_non_neuronal90,EC,epidermis,nuchal organ,434,122384.8,79540.3,57920.0
celltype_non_neuronal90,EC,epidermis,nuchal organ,435,83871.8,73114.6,158720.0
celltype_non_neuronal90,EC,epidermis,nuchal organ,436,63546.6,141763.1,64260.3
celltype_non_neuronal90,EC,epidermis,nuchal organ,437,40983.1,62784.5,145000.0
celltype_non_neuronal90,EC,epidermis,nuchal organ,438,33384.1,51878.0,79960.0
celltype_non_neuronal90,EC,epidermis,nuchal organ,439,35054.1,47330.8,84320.0
celltype_non_neuronal90,EC,epidermis,nuchal organ,440,118085.9,62376.2,73760.0
celltype_non_neuronal90,EC,epidermis,nuchal organ,441,101410.5,55314.3,96080.0
celltype_non_neuronal90,EC,epidermis,nuchal organ,442,107563.3,81872.5,94140.0
celltype_non_neuronal90,EC,epidermis,nuchal organ,443,109929.4,123432.9,60200.0
celltype_non_neuronal90,EC,epidermis,nuchal organ,444,106513.6,117019.4,95040.0
celltype_non_neuronal90,EC,epidermis,nuchal organ,445,106715.1,115272.9,90080.0
celltype_non_neuronal90,EC,epidermis,nuchal organ,446,94929.3,115656.3,159400.0
celltype_non_neuronal90,EC,epidermis,nuchal organ,447,91765.3,118848.5,162640.0
celltype_non_neuronal90,EC,epidermis,nuchal organ,448,85283.5,122519.0,162640.0
celltype_non_neuronal90,EC,epidermis,nuchal organ,449,70773.1,123361.8,168040.0
celltype_non_neuronal90,EC,epidermis,nuchal organ,450,96992.4,98642.5,164600.0
celltype_non_neuronal90,EC,epidermis,nuchal organ,451,113346.9,39275.7,76200.0
celltype_non_neuronal90,EC,epidermis,nuchal organ,452,119062.6,72314.7,60840.0
celltype_non_neuronal90,EC,epidermis,nuchal organ,453,116683.6,65047.3,67720.0
celltype_non_neuronal90,EC,epidermis,nuchal organ,454,84126.1,17229.6,35240.0
celltype_non_neuronal90,EC,epidermis,nuchal organ,455,71813.6,25387.3,23560.0
celltype_non_neuronal90,EC,epidermis,nuchal organ,456,27005.5,81767.1,63480.0
celltype_non_neuronal90,EC,epidermis,nuchal organ,457,21004.5,81971.5,56920.0
celltype_non_neuronal90,EC,epidermis,nuchal organ,458,27336.5,86906.1,75840.0
celltype_non_neuronal90,EC,epidermis,nuchal organ,459,36333.5,103818.3,35920.0
celltype_non_neuronal90,EC,epidermis,nuchal organ,460,84785.9,133037.1,41920.0
celltype_non_neuronal90,EC,epidermis,nuchal organ,461,40170.8,71199.4,10240.0
celltype_non_neuronal90,EC,epidermis,nuchal organ,462,72897.5,146377.7,103880.0
celltype_non_neuronal90,EC,epidermis,nuchal organ,463,103355.0,52469.0,15000.0
celltype_non_neuronal90,EC,epidermis,nuchal organ,464,118797.9,81628.9,14520.0
celltype_non_neuronal90,EC,epidermis,nuchal organ,465,112310.6,66726.1,14600.0
celltype_non_neuronal90,EC,epidermis,nuchal organ,466,30119.3,111428.3,66360.0
celltype_non_neuronal90,EC,epidermis,nuchal organ,467,33053.3,112898.4,62880.0
celltype_non_neuronal90,EC,epidermis,nuchal organ,468,36807.3,104313.6,58600.0
celltype_non_neuronal90,EC,epidermis,nuchal organ,469,123782.5,78301.4,90320.0
celltype_non_neuronal90,EC,epidermis,nuchal organ,470,55797.3,64251.3,157600.0
celltype_non_neuronal90,EC,epidermis,nuchal organ,471,26751.6,90609.0,156920.0
celltype_non_neuronal90,EC,epidermis,nuchal organ,472,19092.4,115852.3,151760.0
celltype_non_neuronal90,EC,epidermis,nuchal organ,473,93239.9,120250.2,156840.0
celltype_non_neuronal90,EC,epidermis,nuchal organ,474,92968.0,104507.1,154440.0
celltype_non_neuronal90,EC,epidermis,nuchal organ,475,79329.5,143552.9,144160.0
celltype_non_neuronal90,EC,epidermis,nuchal organ,476,71092.1,53946.1,142520.0
celltype_non_neuronal90,EC,epidermis,nuchal organ,477,80810.2,58391.5,143800.0
celltype_non_neuronal90,EC,epidermis,nuchal organ,478,97958.5,76108.2,143800.0
celltype_non_neuronal90,EC,epidermis,nuchal organ,479,81859.6,88609.3,164120.0
celltype_non_neuronal90,EC,epidermis,nuchal organ,480,90200.0,102491.8,163520.0
celltype_non_neuronal90,EC,epidermis,nuchal organ,481,45428.0,118899.1,162080.0
celltype_non_neuronal90,EC,epidermis,nuchal organ,482,42766.8,124648.5,160600.0
celltype_non_neuronal90,EC,epidermis,nuchal organ,483,85584.7,138739.9,159240.0
celltype_non_neuronal90,EC,epidermis,nuchal organ,484,92274.5,136191.9,150520.0
celltype_non_neuronal90,EC,epidermis,nuchal organ,485,28113.2,74604.2,92800.0
celltype_non_neuronal90,EC,epidermis,nuchal organ,486,86818.7,142082.3,127320.0
celltype_non_neuronal90,EC,epidermis,nuchal organ,487,80076.6,145385.2,128780.0
celltype_non_neuronal90,EC,epidermis,nuchal organ,488,67395.0,142473.1,96960.0
celltype_non_neuronal90,EC,epidermis,nuchal organ,489,123274.1,90108.6,14360.0
celltype_non_neuronal90,EC,epidermis,nuchal organ,490,127567.4,76957.6,28120.0
celltype_non_neuronal90,EC,epidermis,nuchal organ,491,68451.7,145979.5,114720.0
celltype_non_neuronal90,EC,epidermis,nuchal organ,492,89292.3,142070.8,88000.0
celltype_non_neuronal90,EC,epidermis,nuchal organ,493,44439.5,31576.8,31960.0
celltype_non_neuronal90,EC,epidermis,nuchal organ,494,37915.5,38118.6,31960.0
celltype_non_neuronal90,EC,epidermis,nuchal organ,495,27531.8,53041.2,33760.0
celltype_non_neuronal90,EC,epidermis,nuchal organ,496,19206.3,66805.6,33720.0
celltype_non_neuronal90,EC,epidermis,nuchal organ,497,44985.8,122625.2,53680.0
celltype_non_neuronal90,EC,epidermis,nuchal organ,498,21073.0,71587.1,59080.0
celltype_non_neuronal90,EC,epidermis,nuchal organ,499,118338.8,59374.3,64440.0
celltype_non_neuronal90,EC,epidermis,nuchal organ,500,64924.5,145644.9,115880.0
celltype_non_neuronal90,EC,epidermis,nuchal organ,501,35553.9,86341.1,7720.0
celltype_non_neuronal90,EC,epidermis,nuchal organ,502,32085.8,126654.5,118480.0
celltype_non_neuronal90,EC,epidermis,nuchal organ,503,87404.5,139169.6,83000.0
celltype_non_neuronal90,EC,epidermis,nuchal organ,504,43058.1,109796.2,160120.0
celltype_non_neuronal90,EC,epidermis,nuchal organ,505,45662.3,38375.1,80280.0
celltype_non_neuronal90,EC,epidermis,nuchal organ,506,99887.4,137258.9,82120.0
celltype_non_neuronal90,EC,epidermis,nuchal organ,507,23690.5,76039.2,71240.0
celltype_non_neuronal90,EC,epidermis,nuchal organ,508,109810.4,131470.9,86400.0
celltype_non_neuronal90,EC,epidermis,nuchal organ,509,22544.0,61027.2,40160.0
celltype_non_neuronal90,EC,epidermis,nuchal organ,510,37340.7,108888.1,60000.0
celltype_non_neuronal90,EC,epidermis,nuchal organ,511,26944.9,54408.2,29040.0
celltype_non_neuronal90,EC,epidermis,nuchal organ,512,17387.8,84850.0,30240.0
celltype_non_neuronal90,EC,epidermis,nuchal organ,513,121763.4,94462.3,29400.0
celltype_non_neuronal90,EC,epidermis,nuchal organ,514,31088.7,74510.8,14400.0
celltype_non_neuronal90,EC,epidermis,nuchal organ,515,29320.7,65287.0,14800.0
celltype_non_neuronal90,EC,epidermis,nuchal organ,516,39822.4,55822.9,13240.0
celltype_non_neuronal90,EC,epidermis,nuchal organ,517,116445.2,85492.5,11600.0
celltype_non_neuronal90,EC,epidermis,nuchal organ,518,110816.5,57450.1,14120.0
celltype_non_neuronal90,EC,epidermis,nuchal organ,519,110488.2,60831.4,14120.0
celltype_non_neuronal90,EC,epidermis,nuchal organ,520,117917.9,87913.5,13120.0
celltype_non_neuronal90,EC,epidermis,nuchal organ,521,110826.8,88524.0,9560.0
celltype_non_neuronal90,EC,epidermis,nuchal organ,522,17180.8,86930.2,28040.0
celltype_non_neuronal90,EC,epidermis,nuchal organ,523,102810.0,108474.9,12240.0
celltype_non_neuronal90,EC,epidermis,nuchal organ,524,100611.5,58051.0,11240.0
celltype_non_neuronal90,EC,epidermis,nuchal organ,525,37859.0,40047.0,34960.0
celltype_non_neuronal90,EC,epidermis,nuchal organ,526,35183.3,40749.2,38400.0
celltype_non_neuronal90,EC,epidermis,nuchal organ,527,124538.0,93591.2,24360.0
celltype_non_neuronal90,EC,epidermis,nuchal organ,528,122115.7,54265.9,36600.0
celltype_non_neuronal90,EC,epidermis,nuchal organ,529,109596.8,104725.5,24200.0
celltype_non_neuronal90,EC,epidermis,nuchal organ,530,112368.1,101547.6,25680.0
celltype_non_neuronal90,EC,epidermis,nuchal organ,531,115136.1,51867.3,21040.0
celltype_non_neuronal90,EC,epidermis,nuchal organ,532,65146.7,148726.5,109440.0
celltype_non_neuronal90,EC,epidermis,nuchal organ,533,65401.1,136433.7,83680.0
celltype_non_neuronal90,EC,epidermis,nuchal organ,534,68052.7,138522.5,87240.0
celltype_non_neuronal90,EC,epidermis,nuchal organ,535,53176.8,129264.8,91600.0
celltype_non_neuronal90,EC,epidermis,nuchal organ,536,34084.1,73178.1,87120.0
celltype_non_neuronal90,EC,epidermis,nuchal organ,537,102902.4,117698.5,113600.0
celltype_non_neuronal90,EC,epidermis,nuchal organ,538,116366.9,86166.5,56120.0
celltype_non_neuronal90,EC,epidermis,nuchal organ,539,87009.9,138968.7,61720.0
celltype_non_neuronal90,EC,epidermis,nuchal organ,540,116743.2,108012.0,43760.0
celltype_non_neuronal90,EC,epidermis,nuchal organ,541,104940.2,119561.3,119960.0
celltype_non_neuronal90,EC,epidermis,nuchal organ,542,120302.2,85939.3,61160.0
celltype_non_neuronal90,EC,epidermis,nuchal organ,543,122826.0,94473.0,76460.0
celltype_non_neuronal90,EC,epidermis,nuchal organ,544,98797.1,110327.3,114560.0
celltype_non_neuronal90,EC,epidermis,nuchal organ,545,97047.2,130687.2,150760.0
celltype_non_neuronal90,EC,epidermis,nuchal organ,546,97399.3,127373.4,145360.0
celltype_non_neuronal90,EC,epidermis,nuchal organ,547,91645.5,135075.7,146480.0
celltype_non_neuronal90,EC,epidermis,nuchal organ,548,97885.8,121963.0,142598.6
celltype_non_neuronal90,EC,epidermis,nuchal organ,549,98782.0,43994.8,17560.0
celltype_non_neuronal90,EC,epidermis,nuchal organ,550,112240.4,73459.6,10520.0
celltype_non_neuronal90,EC,epidermis,nuchal organ,551,108641.5,71041.0,10520.0
celltype_non_neuronal90,EC,epidermis,nuchal organ,552,110805.0,83615.2,8000.0
celltype_non_neuronal90,EC,epidermis,nuchal organ,553,109560.2,87627.8,6720.0
celltype_non_neuronal90,EC,epidermis,nuchal organ,554,101777.7,96800.9,7760.0
celltype_non_neuronal90,EC,epidermis,nuchal organ,555,99875.8,105519.0,8640.0
celltype_non_neuronal90,EC,epidermis,nuchal organ,556,100669.6,88866.4,6720.0
celltype_non_neuronal90,EC,epidermis,nuchal organ,557,40138.0,100345.9,8280.0
celltype_non_neuronal90,EC,epidermis,nuchal organ,558,50059.6,99313.6,5840.0
celltype_non_neuronal90,EC,epidermis,nuchal organ,559,48991.2,75795.8,4840.0
celltype_non_neuronal90,EC,epidermis,nuchal organ,560,37937.8,66198.0,7600.0
celltype_non_neuronal90,EC,epidermis,nuchal organ,561,41506.0,91902.3,7280.1
celltype_non_neuronal90,EC,epidermis,nuchal organ,562,86656.9,106013.2,5560.0
celltype_non_neuronal90,EC,epidermis,nuchal organ,563,102695.3,78761.3,6080.0
celltype_non_neuronal90,EC,epidermis,nuchal organ,564,36239.4,96097.5,9480.0
celltype_non_neuronal90,EC,epidermis,nuchal organ,565,36971.0,75666.8,8000.0
celltype_non_neuronal90,EC,epidermis,nuchal organ,566,34528.3,78960.1,8800.0
celltype_non_neuronal90,EC,epidermis,nuchal organ,567,33925.6,66816.8,12560.0
celltype_non_neuronal90,EC,epidermis,nuchal organ,568,60157.4,106205.9,8040.0
celltype_non_neuronal90,EC,epidermis,nuchal organ,569,111291.8,47160.2,22800.0
celltype_non_neuronal90,EC,epidermis,nuchal organ,570,107513.3,59107.2,11240.0
celltype_non_neuronal90,EC,epidermis,nuchal organ,571,110375.3,66044.8,11160.0
celltype_non_neuronal90,EC,epidermis,nuchal organ,572,80124.9,118494.8,11360.0
celltype_non_neuronal90,EC,epidermis,nuchal organ,573,86995.8,115771.6,10720.0
celltype_non_neuronal90,EC,epidermis,nuchal organ,574,75275.6,36020.8,14080.0
celltype_non_neuronal90,EC,epidermis,nuchal organ,575,113959.3,56081.6,17560.0
celltype_non_neuronal90,EC,epidermis,nuchal organ,576,108376.0,52239.4,18360.0
celltype_non_neuronal90,EC,epidermis,nuchal organ,577,35795.5,41332.0,29440.0
celltype_non_neuronal90,EC,epidermis,nuchal organ,578,38181.2,42545.5,25480.0
celltype_non_neuronal90,EC,epidermis,nuchal organ,579,23232.1,99362.2,26200.0
celltype_non_neuronal90,EC,epidermis,nuchal organ,580,81750.2,130966.6,26800.0
celltype_non_neuronal90,EC,epidermis,nuchal organ,581,101594.1,59846.8,91940.0
celltype_non_neuronal90,EC,epidermis,nuchal organ,582,34124.6,109589.9,124280.0
celltype_non_neuronal90,EC,epidermis,nuchal organ,583,76569.3,135093.8,41240.0
celltype_non_neuronal90,EC,epidermis,nuchal organ,584,72891.5,136404.3,40120.0
celltype_non_neuronal90,EC,epidermis,nuchal organ,585,37937.9,119927.5,39800.0
celltype_non_neuronal90,EC,epidermis,nuchal organ,586,46121.3,131401.0,42240.0
celltype_non_neuronal90,EC,epidermis,nuchal organ,587,40787.7,123250.1,47400.0
celltype_non_neuronal90,EC,epidermis,nuchal organ,588,88445.0,135135.2,41920.0
celltype_non_neuronal90,EC,epidermis,nuchal organ,589,91781.8,132656.5,39880.0
celltype_non_neuronal90,EC,epidermis,nuchal organ,590,90258.9,60087.7,5520.0
celltype_non_neuronal90,EC,epidermis,nuchal organ,591,29619.0,106200.4,37640.0
celltype_non_neuronal90,EC,epidermis,nuchal organ,592,50649.6,128422.5,37040.0
celltype_non_neuronal90,EC,epidermis,nuchal organ,593,113880.1,44422.6,35800.0
celltype_non_neuronal90,EC,epidermis,nuchal organ,594,108905.1,48949.9,35800.0
celltype_non_neuronal90,EC,epidermis,nuchal organ,595,107260.3,35947.7,35200.0
celltype_non_neuronal90,EC,epidermis,nuchal organ,596,128566.6,61446.9,35200.0
celltype_non_neuronal90,EC,epidermis,nuchal organ,597,28848.0,89876.9,120680.0
celltype_non_neuronal90,EC,epidermis,nuchal organ,598,57424.6,124100.9,16080.0
celltype_non_neuronal90,EC,epidermis,nuchal organ,599,49390.1,22476.2,38840.0
celltype_non_neuronal90,EC,epidermis,nuchal organ,600,105462.6,137338.8,84660.0
celltype_non_neuronal90,EC,epidermis,nuchal organ,601,32026.9,52500.1,85360.0
celltype_non_neuronal90,EC,epidermis,nuchal organ,602,102600.6,31132.4,41360.0
celltype_non_neuronal90,EC,epidermis,nuchal organ,603,108169.9,39558.6,43520.0
celltype_non_neuronal90,EC,epidermis,nuchal organ,604,120339.7,97213.1,45560.0
celltype_non_neuronal90,EC,epidermis,nuchal organ,605,119705.1,91448.2,52120.0
celltype_non_neuronal90,EC,epidermis,nuchal organ,606,116887.9,90559.3,58800.0
celltype_non_neuronal90,EC,epidermis,nuchal organ,607,116149.4,84055.9,52600.0
celltype_non_neuronal90,EC,epidermis,nuchal organ,608,117951.3,89714.8,56280.0
celltype_non_neuronal90,EC,epidermis,nuchal organ,609,123688.8,84392.8,54400.0
celltype_non_neuronal90,EC,epidermis,nuchal organ,610,123704.4,84014.2,57880.0
celltype_non_neuronal90,EC,epidermis,nuchal organ,611,121981.5,85481.6,14880.0
celltype_non_neuronal90,EC,epidermis,nuchal organ,612,115764.6,114098.7,55960.0
celltype_non_neuronal90,EC,epidermis,nuchal organ,613,116208.1,111000.0,58160.0
celltype_non_neuronal90,EC,epidermis,nuchal organ,614,111756.0,116594.9,63320.0
celltype_non_neuronal90,EC,epidermis,nuchal organ,615,112642.4,97307.0,90960.0
celltype_non_neuronal90,EC,epidermis,nuchal organ,616,55687.6,130265.4,59400.0
celltype_non_neuronal90,EC,epidermis,nuchal organ,617,57710.2,130226.2,66020.0
celltype_non_neuronal90,EC,epidermis,nuchal organ,618,59594.2,138983.8,72680.0
celltype_non_neuronal90,EC,epidermis,nuchal organ,619,69823.6,143552.2,70600.0
celltype_non_neuronal90,EC,epidermis,nuchal organ,620,54304.8,126117.0,72920.0
celltype_non_neuronal90,EC,epidermis,nuchal organ,621,53317.2,120740.3,72700.0
celltype_non_neuronal90,EC,epidermis,nuchal organ,622,51460.7,121497.5,74480.0
celltype_non_neuronal90,EC,epidermis,nuchal organ,623,104704.9,136878.5,77480.0
celltype_non_neuronal90,EC,epidermis,nuchal organ,624,26276.9,56918.9,35200.0
celltype_non_neuronal90,EC,epidermis,nuchal organ,625,26021.9,55590.0,38800.0
celltype_non_neuronal90,EC,epidermis,nuchal organ,626,25560.5,56708.6,41960.0
celltype_non_neuronal90,EC,epidermis,nuchal organ,627,27678.5,52116.1,42600.0
celltype_non_neuronal90,EC,epidermis,nuchal organ,628,29639.1,48720.6,69720.0
celltype_non_neuronal90,EC,epidermis,nuchal organ,629,113662.0,47670.2,38440.0
celltype_non_neuronal90,EC,epidermis,nuchal organ,630,119103.0,50151.3,39200.0
celltype_non_neuronal90,EC,epidermis,nuchal organ,631,108632.4,114378.1,118000.0
celltype_non_neuronal90,EC,epidermis,nuchal organ,632,24915.2,96394.2,85360.0
celltype_non_neuronal90,EC,epidermis,nuchal organ,633,38903.7,62362.7,92599.9
celltype_non_neuronal90,EC,epidermis,nuchal organ,634,103237.4,91779.6,93360.0
celltype_non_neuronal90,EC,epidermis,nuchal organ,635,120651.4,103324.7,28000.0
celltype_non_neuronal90,EC,epidermis,nuchal organ,636,96693.7,103068.4,142040.0
celltype_non_neuronal90,EC,epidermis,nuchal organ,637,93426.1,140972.5,76020.1
celltype_non_neuronal90,EC,epidermis,nuchal organ,638,73860.3,141157.7,75480.0
celltype_non_neuronal90,EC,epidermis,nuchal organ,639,70619.1,140521.7,77760.0
celltype_non_neuronal90,EC,epidermis,nuchal organ,640,14414.3,107693.5,119520.0
celltype_non_neuronal90,EC,epidermis,nuchal organ,641,79417.6,139323.3,62240.0
celltype_non_neuronal90,EC,epidermis,nuchal organ,642,86632.2,135248.5,56320.0
celltype_non_neuronal90,EC,epidermis,nuchal organ,643,31293.2,50337.5,35480.0
celltype_non_neuronal90,EC,epidermis,nuchal organ,644,72497.7,18017.7,90080.0
celltype_non_neuronal90,EC,epidermis,nuchal organ,645,76033.9,25094.6,26040.0
celltype_non_neuronal90,EC,epidermis,nuchal organ,646,107646.7,108380.6,114840.0
celltype_non_neuronal90,EC,epidermis,nuchal organ,647,106860.7,111231.9,117880.0
celltype_non_neuronal90,EC,epidermis,nuchal organ,648,29853.7,101200.2,164520.0
celltype_non_neuronal90,EC,epidermis,nuchal organ,649,81337.9,46547.6,108080.0
celltype_non_neuronal90,EC,epidermis,nuchal organ,650,102589.7,30568.1,31640.0
celltype_non_neuronal90,EC,epidermis,nuchal organ,651,29148.4,127259.6,102400.0
celltype_non_neuronal90,EC,epidermis,nuchal organ,652,33936.6,87015.1,119000.0
celltype_non_neuronal90,EC,epidermis,nuchal organ,653,30289.5,85259.9,118880.0
celltype_non_neuronal90,EC,epidermis,nuchal organ,654,34501.4,69699.6,112560.0
celltype_non_neuronal90,EC,epidermis,nuchal organ,655,28283.1,102189.5,95920.0
celltype_non_neuronal90,EC,epidermis,nuchal organ,656,70751.5,96071.3,166800.0
celltype_non_neuronal90,EC,epidermis,nuchal organ,657,33955.0,98332.9,162600.0
celltype_non_neuronal90,EC,epidermis,nuchal organ,658,39599.5,121421.9,154480.0
celltype_non_neuronal90,EC,epidermis,nuchal organ,659,77809.0,141801.4,88680.0
celltype_non_neuronal90,EC,epidermis,nuchal organ,660,119127.9,50150.4,34600.0
celltype_non_neuronal90,EC,epidermis,nuchal organ,661,51234.0,132917.4,153760.0
celltype_non_neuronal90,EC,epidermis,nuchal organ,662,102121.7,134244.7,61960.0
celltype_non_neuronal90,EC,epidermis,nuchal organ,663,26868.5,73684.6,66600.0
celltype_non_neuronal90,EC,epidermis,nuchal organ,664,22187.5,80555.4,66600.0
celltype_non_neuronal90,EC,epidermis,nuchal organ,665,98861.0,31068.5,85320.0
celltype_non_neuronal90,EC,epidermis,nuchal organ,666,98588.3,32376.4,89520.0
celltype_non_neuronal90,EC,epidermis,nuchal organ,667,23370.1,81273.4,74060.0
celltype_non_neuronal90,EC,epidermis,nuchal organ,668,32886.3,132273.9,114960.0
celltype_non_neuronal90,EC,epidermis,nuchal organ,669,30192.5,128780.9,123480.0
celltype_non_neuronal90,EC,epidermis,nuchal organ,670,35430.4,127633.8,118560.0
celltype_non_neuronal90,EC,epidermis,nuchal organ,671,106196.4,116849.8,121320.0
celltype_non_neuronal90,EC,epidermis,nuchal organ,672,93736.8,48913.3,105440.0
celltype_non_neuronal90,EC,epidermis,nuchal organ,673,77823.6,47826.4,101200.0
celltype_non_neuronal90,EC,epidermis,nuchal organ,674,90683.7,26814.4,95600.0
celltype_non_neuronal90,EC,epidermis,nuchal organ,675,98615.0,50838.1,97280.0
celltype_non_neuronal90,EC,epidermis,nuchal organ,676,30400.5,61716.5,72260.0
celltype_non_neuronal90,EC,epidermis,nuchal organ,677,109927.5,103378.7,43760.0
celltype_non_neuronal90,EC,epidermis,nuchal organ,678,47749.1,113798.9,50240.0
celltype_non_neuronal90,EC,epidermis,nuchal organ,679,67100.2,56588.3,6000.0
celltype_non_neuronal90,EC,epidermis,nuchal organ,680,34724.8,79870.6,125960.0
celltype_non_neuronal90,EC,epidermis,nuchal organ,681,67468.4,144312.6,123800.0
celltype_non_neuronal90,EC,epidermis,nuchal organ,682,54305.5,138731.4,124280.0
celltype_non_neuronal90,EC,epidermis,nuchal organ,683,23511.7,113757.2,124280.0
celltype_non_neuronal90,EC,epidermis,nuchal organ,684,25760.0,116567.6,124979.8
celltype_non_neuronal90,EC,epidermis,nuchal organ,685,27854.4,112698.9,123040.0
celltype_non_neuronal90,EC,epidermis,nuchal organ,686,56984.5,51805.8,7360.0
celltype_non_neuronal90,EC,epidermis,nuchal organ,687,34499.2,133756.7,112920.0
celltype_non_neuronal90,EC,epidermis,nuchal organ,688,35104.9,136937.3,112440.0
celltype_non_neuronal90,EC,epidermis,nuchal organ,689,38769.5,139062.0,113400.0
celltype_non_neuronal90,EC,epidermis,nuchal organ,690,106415.2,119150.7,112280.0
celltype_non_neuronal90,EC,epidermis,nuchal organ,691,40893.7,128372.7,104000.0
celltype_non_neuronal90,EC,epidermis,nuchal organ,692,106433.6,114863.6,43600.0
celltype_non_neuronal90,EC,epidermis,nuchal organ,693,105267.8,115683.2,46120.0
celltype_non_neuronal90,EC,epidermis,nuchal organ,694,110342.0,119414.2,44659.9
celltype_non_neuronal90,EC,epidermis,nuchal organ,695,115723.2,118585.3,46720.0
celltype_non_neuronal90,EC,epidermis,nuchal organ,696,118636.5,111964.6,50960.0
celltype_non_neuronal90,EC,epidermis,nuchal organ,697,93088.5,20119.9,37440.0
celltype_non_neuronal90,EC,epidermis,nuchal organ,698,34956.6,60637.9,37160.0
celltype_non_neuronal90,EC,epidermis,nuchal organ,699,40193.4,115192.8,40200.0
celltype_non_neuronal90,EC,epidermis,nuchal organ,700,85345.0,146286.9,106680.0
celltype_non_neuronal90,EC,epidermis,nuchal organ,701,105778.0,93954.8,109979.1
celltype_non_neuronal90,EC,epidermis,nuchal organ,702,129507.4,72854.9,30840.0
celltype_non_neuronal90,EC,epidermis,nuchal organ,703,104572.2,123551.9,42560.0
celltype_non_neuronal90,EC,epidermis,nuchal organ,704,20761.3,92594.4,44840.0
celltype_non_neuronal90,EC,epidermis,nuchal organ,705,90815.5,129580.5,43160.0
celltype_non_neuronal90,EC,epidermis,nuchal organ,706,102448.0,135831.7,127140.0
celltype_non_neuronal90,EC,epidermis,nuchal organ,707,103789.0,110412.6,122640.0
celltype_non_neuronal90,EC,epidermis,nuchal organ,708,112094.3,120645.7,118880.0
celltype_non_neuronal90,EC,epidermis,nuchal organ,709,105871.8,78287.6,120160.0
celltype_non_neuronal90,EC,epidermis,nuchal organ,710,105401.4,73203.9,114880.0
celltype_non_neuronal90,EC,epidermis,nuchal organ,711,107739.4,105641.4,120000.0
celltype_non_neuronal90,EC,epidermis,nuchal organ,712,108747.2,99894.7,118720.0
celltype_non_neuronal90,EC,epidermis,nuchal organ,713,112152.6,81403.4,115520.0
celltype_non_neuronal90,EC,epidermis,nuchal organ,714,115828.9,90761.1,112400.0
celltype_non_neuronal90,EC,epidermis,nuchal organ,715,107642.2,94789.0,107200.0
celltype_non_neuronal90,EC,epidermis,nuchal organ,716,105908.3,71065.3,112120.0
celltype_non_neuronal90,EC,epidermis,nuchal organ,717,104203.0,85613.1,133980.0
celltype_non_neuronal90,EC,epidermis,nuchal organ,718,109473.5,69724.6,86320.0
celltype_non_neuronal90,EC,epidermis,nuchal organ,719,98601.9,134199.3,126840.0
celltype_non_neuronal90,EC,epidermis,nuchal organ,720,116378.5,98166.8,89160.0
celltype_non_neuronal90,EC,epidermis,nuchal organ,721,108708.9,122633.1,65200.0
celltype_non_neuronal90,EC,epidermis,nuchal organ,722,40829.1,73756.9,121520.0
celltype_non_neuronal90,EC,epidermis,nuchal organ,723,21256.7,91575.8,40820.0
celltype_non_neuronal90,EC,epidermis,nuchal organ,724,106004.9,96818.5,127800.0
celltype_non_neuronal90,EC,epidermis,nuchal organ,725,55711.2,121688.3,38160.0
celltype_non_neuronal90,EC,epidermis,nuchal organ,726,122098.0,54043.9,39200.0
celltype_non_neuronal90,EC,epidermis,nuchal organ,727,116022.7,90974.0,41800.0
celltype_non_neuronal90,EC,epidermis,nuchal organ,728,69281.2,135838.3,41440.0
celltype_non_neuronal90,EC,epidermis,nuchal organ,729,33860.9,109136.2,59880.0
celltype_non_neuronal90,EC,epidermis,nuchal organ,730,36786.2,112314.6,62280.4
celltype_non_neuronal90,EC,epidermis,nuchal organ,731,78291.5,135532.3,45720.0
celltype_non_neuronal90,EC,epidermis,nuchal organ,732,23631.1,88912.9,55280.0
celltype_non_neuronal90,EC,epidermis,nuchal organ,733,40043.9,106219.0,52640.0
celltype_non_neuronal90,EC,epidermis,nuchal organ,734,116355.4,107834.3,47320.0
celltype_non_neuronal90,EC,epidermis,nuchal organ,735,124342.3,76750.0,54200.0
celltype_non_neuronal90,EC,epidermis,nuchal organ,736,46390.5,110984.3,53960.0
celltype_non_neuronal90,EC,epidermis,nuchal organ,737,105746.5,125920.3,58080.0
celltype_non_neuronal90,EC,epidermis,nuchal organ,738,114106.1,94637.3,61399.1
celltype_non_neuronal90,EC,epidermis,nuchal organ,739,118946.5,85325.9,58640.0
celltype_non_neuronal90,EC,epidermis,nuchal organ,740,125578.2,76653.2,56240.0
celltype_non_neuronal90,EC,epidermis,nuchal organ,741,119893.7,76762.2,57160.0
celltype_non_neuronal90,EC,epidermis,nuchal organ,742,26266.6,77709.2,59720.0
celltype_non_neuronal90,EC,epidermis,nuchal organ,743,54911.9,135644.0,53480.0
celltype_non_neuronal90,EC,epidermis,nuchal organ,744,110748.6,121663.7,53200.0
celltype_non_neuronal90,EC,epidermis,nuchal organ,745,64532.9,14702.3,42480.0
celltype_non_neuronal90,EC,epidermis,nuchal organ,746,52171.0,112184.8,71160.0
celltype_non_neuronal90,EC,epidermis,nuchal organ,747,40920.1,103426.4,56700.2
celltype_non_neuronal90,EC,epidermis,nuchal organ,748,114406.0,96707.4,57240.0
celltype_non_neuronal90,EC,epidermis,nuchal organ,749,111892.9,44249.4,51000.0
celltype_non_neuronal90,EC,epidermis,nuchal organ,750,107869.2,33539.0,55400.0
celltype_non_neuronal90,EC,epidermis,nuchal organ,751,110937.5,125993.4,99400.0
celltype_non_neuronal90,EC,epidermis,nuchal organ,752,21783.5,87196.0,71180.0
celltype_non_neuronal90,EC,epidermis,nuchal organ,753,118714.7,116839.0,67940.0
celltype_non_neuronal90,EC,epidermis,nuchal organ,754,27496.4,103191.0,71760.0
celltype_non_neuronal90,EC,epidermis,nuchal organ,755,124164.3,90853.8,70160.0
celltype_non_neuronal90,EC,epidermis,nuchal organ,756,119704.2,94811.4,70500.0
celltype_non_neuronal90,EC,epidermis,nuchal organ,757,113895.3,121867.8,72360.0
celltype_non_neuronal90,EC,epidermis,nuchal organ,758,50500.7,111921.8,74880.0
celltype_non_neuronal90,EC,epidermis,nuchal organ,759,36191.4,109061.9,75280.0
celltype_non_neuronal90,EC,epidermis,nuchal organ,760,38950.0,106244.7,76760.0
celltype_non_neuronal90,EC,epidermis,nuchal organ,761,39419.8,129565.6,158960.0
celltype_non_neuronal90,EC,epidermis,nuchal organ,762,40253.0,126431.3,158160.0
celltype_non_neuronal90,EC,epidermis,nuchal organ,763,40486.8,126547.7,153520.0
celltype_non_neuronal90,EC,epidermis,nuchal organ,764,43895.1,126473.0,137800.0
celltype_non_neuronal90,EC,epidermis,nuchal organ,765,117682.1,64110.8,62560.0
celltype_non_neuronal90,EC,epidermis,nuchal organ,766,113398.6,119245.6,70840.0
celltype_non_neuronal90,EC,epidermis,nuchal organ,767,42559.6,41400.9,79560.0
celltype_non_neuronal90,EC,epidermis,nuchal organ,768,95845.9,136707.9,129799.7
celltype_non_neuronal90,EC,epidermis,nuchal organ,769,104643.3,109445.8,129440.0
celltype_non_neuronal90,EC,epidermis,nuchal organ,770,30026.8,99795.8,73560.0
celltype_non_neuronal90,EC,epidermis,nuchal organ,771,130008.0,74659.0,70600.0
celltype_non_neuronal90,EC,epidermis,nuchal organ,772,125729.7,69630.6,73040.0
celltype_non_neuronal90,EC,epidermis,nuchal organ,773,36175.7,68312.2,91819.9
celltype_non_neuronal90,EC,epidermis,nuchal organ,774,119699.0,117505.3,77440.0
celltype_non_neuronal90,EC,epidermis,nuchal organ,775,124438.6,72007.4,82080.0
celltype_non_neuronal90,EC,epidermis,nuchal organ,776,109782.2,36419.8,81480.0
celltype_non_neuronal90,EC,epidermis,nuchal organ,777,37133.8,115462.1,83280.0
celltype_non_neuronal90,EC,epidermis,nuchal organ,778,122210.4,103949.1,85880.0
celltype_non_neuronal90,EC,epidermis,nuchal organ,779,39697.6,102914.7,78680.0
celltype_non_neuronal90,EC,epidermis,nuchal organ,780,34189.7,103814.9,83800.0
celltype_non_neuronal90,EC,epidermis,nuchal organ,781,91807.3,139442.2,83000.0
celltype_non_neuronal90,EC,epidermis,nuchal organ,782,27164.9,84546.7,82880.0
celltype_non_neuronal90,EC,epidermis,nuchal organ,783,34256.3,74355.4,84520.0
celltype_non_neuronal90,EC,epidermis,nuchal organ,784,98258.4,139130.7,86160.0
celltype_non_neuronal90,EC,epidermis,nuchal organ,785,129343.0,91797.9,73840.0
celltype_non_neuronal90,EC,epidermis,nuchal organ,786,111181.1,79834.0,86760.0
celltype_non_neuronal90,EC,epidermis,nuchal organ,787,120684.8,73403.6,77640.0
celltype_non_neuronal90,EC,epidermis,nuchal organ,788,44252.4,122581.7,88280.0
celltype_non_neuronal90,EC,epidermis,nuchal organ,789,117664.0,77672.2,86840.0
celltype_non_neuronal90,EC,epidermis,nuchal organ,790,107500.4,41691.4,87440.0
celltype_non_neuronal90,EC,epidermis,nuchal organ,791,104199.6,54541.8,89240.0
celltype_non_neuronal90,EC,epidermis,nuchal organ,792,112626.5,114276.7,88760.0
celltype_non_neuronal90,EC,epidermis,nuchal organ,793,116844.3,80603.9,86160.0
celltype_non_neuronal90,EC,epidermis,nuchal organ,794,111887.2,118089.2,89320.0
celltype_non_neuronal90,EC,epidermis,nuchal organ,795,36269.9,109928.2,86920.0
celltype_non_neuronal90,EC,epidermis,nuchal organ,796,106057.4,42262.2,91020.0
celltype_non_neuronal90,EC,epidermis,nuchal organ,797,99639.0,141420.7,96520.0
celltype_non_neuronal90,EC,epidermis,nuchal organ,798,110189.0,122385.6,93280.0
celltype_non_neuronal90,EC,epidermis,nuchal organ,799,43072.7,119191.0,90100.0
celltype_non_neuronal90,EC,epidermis,nuchal organ,800,55392.2,132235.6,89480.0
celltype_non_neuronal90,EC,epidermis,nuchal organ,801,104633.2,136371.4,93720.0
celltype_non_neuronal90,EC,epidermis,nuchal organ,802,107251.1,131281.6,91040.0
celltype_non_neuronal90,EC,epidermis,nuchal organ,803,103336.3,36989.2,90600.0
celltype_non_neuronal90,EC,epidermis,nuchal organ,804,26337.8,100888.9,89200.0
celltype_non_neuronal90,EC,epidermis,nuchal organ,805,123891.4,93623.1,44760.0
celltype_non_neuronal90,EC,epidermis,nuchal organ,806,121473.4,94490.7,47200.0
celltype_non_neuronal90,EC,epidermis,nuchal organ,807,123909.1,86927.0,47400.0
celltype_non_neuronal90,EC,epidermis,nuchal organ,808,120198.5,89825.0,48360.0
celltype_non_neuronal90,EC,epidermis,nuchal organ,809,121074.8,98361.0,53640.0
celltype_non_neuronal90,EC,epidermis,nuchal organ,810,118674.8,100814.9,56320.0
celltype_non_neuronal90,EC,epidermis,nuchal organ,811,116007.8,100797.8,52920.0
celltype_non_neuronal90,EC,epidermis,nuchal organ,812,109889.9,113970.3,97000.0
celltype_non_neuronal90,EC,epidermis,nuchal organ,813,102143.5,93792.1,91160.0
celltype_non_neuronal90,EC,epidermis,nuchal organ,814,46549.0,120846.2,89480.0
celltype_non_neuronal90,EC,epidermis,nuchal organ,815,18502.1,88493.1,52720.0
celltype_non_neuronal90,EC,epidermis,nuchal organ,816,19390.8,95288.9,52120.0
celltype_non_neuronal90,EC,epidermis,nuchal organ,817,22753.2,94457.6,52120.0
celltype_non_neuronal90,EC,epidermis,nuchal organ,818,26147.0,98731.0,51160.0
celltype_non_neuronal90,EC,epidermis,nuchal organ,819,42641.2,112985.3,51480.0
celltype_non_neuronal90,EC,epidermis,nuchal organ,820,35773.5,109778.2,50920.0
celltype_non_neuronal90,EC,epidermis,nuchal organ,821,31199.4,102264.0,50360.0
celltype_non_neuronal90,EC,epidermis,nuchal organ,822,45521.6,120127.4,94040.0
celltype_non_neuronal90,EC,epidermis,nuchal organ,823,53176.4,127686.6,96400.0
celltype_non_neuronal90,EC,epidermis,nuchal organ,824,35953.3,46849.2,71360.0
celltype_non_neuronal90,EC,epidermis,nuchal organ,825,34520.8,69534.5,99689.9
celltype_non_neuronal90,EC,epidermis,nuchal organ,826,20154.8,90463.3,91000.0
celltype_non_neuronal90,EC,epidermis,nuchal organ,827,34392.2,122769.4,96802.7
celltype_non_neuronal90,EC,epidermis,nuchal organ,828,21958.5,101034.1,100120.0
celltype_non_neuronal90,EC,epidermis,nuchal organ,829,102297.7,80369.5,87480.0
celltype_non_neuronal90,EC,epidermis,nuchal organ,830,110140.3,114988.6,107680.0
celltype_non_neuronal90,EC,epidermis,nuchal organ,831,111130.1,117934.5,108240.0
celltype_non_neuronal90,EC,epidermis,nuchal organ,832,57041.5,132667.4,95000.0
celltype_non_neuronal90,EC,epidermis,nuchal organ,833,24587.9,129703.8,108079.7
celltype_non_neuronal90,EC,epidermis,nuchal organ,834,71814.3,142084.4,153280.0
celltype_non_neuronal90,EC,epidermis,nuchal organ,835,77139.0,140678.2,153200.0
celltype_non_neuronal90,EC,epidermis,nuchal organ,836,42779.0,123070.4,156000.0
celltype_non_neuronal90,EC,epidermis,nuchal organ,837,40421.6,122298.9,150640.0
celltype_non_neuronal90,EC,epidermis,nuchal organ,838,34460.5,138384.6,150640.0
celltype_non_neuronal90,EC,epidermis,nuchal organ,839,37330.8,144876.2,149400.1
celltype_non_neuronal90,EC,epidermis,nuchal organ,840,34815.9,142068.4,148680.0
celltype_non_neuronal90,EC,epidermis,nuchal organ,841,103667.2,95061.9,103480.0
celltype_non_neuronal90,EC,epidermis,nuchal organ,842,50216.7,126982.2,99640.0
celltype_non_neuronal90,EC,epidermis,nuchal organ,843,85300.5,132611.9,52200.0
celltype_non_neuronal90,EC,epidermis,nuchal organ,844,76028.4,135435.3,51100.0
celltype_non_neuronal90,EC,epidermis,nuchal organ,845,48473.7,114256.3,49160.0
celltype_non_neuronal90,EC,epidermis,nuchal organ,846,43519.0,56201.5,101840.0
celltype_non_neuronal90,EC,epidermis,nuchal organ,847,21576.8,108424.6,106200.0
celltype_non_neuronal90,EC,epidermis,nuchal organ,848,54088.4,131174.7,98480.0
celltype_non_neuronal90,EC,epidermis,nuchal organ,849,53486.7,133834.8,103280.0
celltype_non_neuronal90,EC,epidermis,nuchal organ,850,101483.2,57698.9,102200.0
celltype_non_neuronal90,EC,epidermis,nuchal organ,851,53698.3,134161.1,103080.0
celltype_non_neuronal90,EC,epidermis,nuchal organ,852,19649.9,108267.3,113960.0
celltype_non_neuronal90,EC,epidermis,nuchal organ,853,33251.8,119622.1,128400.0
celltype_non_neuronal90,EC,epidermis,nuchal organ,854,57120.4,146915.5,141560.0
celltype_non_neuronal90,EC,epidermis,nuchal organ,855,43711.3,129703.5,123560.0
celltype_non_neuronal90,EC,epidermis,nuchal organ,856,24349.4,123905.6,120400.0
celltype_non_neuronal90,EC,epidermis,nuchal organ,857,120748.0,56431.9,26000.0
celltype_non_neuronal90,EC,epidermis,nuchal organ,858,94295.9,66717.7,136200.0
celltype_non_neuronal90,EC,epidermis,nuchal organ,859,100018.0,125709.3,137720.0
celltype_non_neuronal90,EC,epidermis,nuchal organ,860,85158.6,58343.5,136000.0
celltype_non_neuronal90,EC,epidermis,nuchal organ,861,38786.5,64711.2,138320.0
celltype_non_neuronal90,EC,epidermis,nuchal organ,862,18116.2,108077.1,140600.0
celltype_non_neuronal90,EC,epidermis,nuchal organ,863,94700.6,130314.9,140640.0
celltype_non_neuronal90,EC,epidermis,nuchal organ,864,88555.9,136456.0,144600.0
celltype_non_neuronal90,EC,epidermis,nuchal organ,865,97119.2,115883.3,146200.0
celltype_non_neuronal90,EC,epidermis,nuchal organ,866,68563.8,139898.2,134880.0
celltype_non_neuronal90,EC,epidermis,nuchal organ,867,78249.8,118785.2,160440.0
celltype_non_neuronal90,EC,epidermis,nuchal organ,868,24791.3,117244.5,151880.0
celltype_non_neuronal90,EC,epidermis,nuchal organ,869,42157.5,100519.0,163040.0
celltype_non_neuronal90,EC,epidermis,nuchal organ,870,41889.3,90452.3,163800.0
celltype_non_neuronal90,EC,epidermis,nuchal organ,871,78131.3,81750.0,155720.0
celltype_non_neuronal90,EC,epidermis,nuchal organ,872,15848.9,93202.2,106080.0
celltype_non_neuronal90,EC,epidermis,nuchal organ,873,34153.8,125037.4,111040.0
celltype_non_neuronal90,EC,epidermis,nuchal organ,874,36609.5,87475.4,121120.0
celltype_non_neuronal90,EC,epidermis,nuchal organ,875,29098.7,92628.0,122040.0
celltype_non_neuronal90,EC,epidermis,nuchal organ,876,90387.5,146416.4,118080.0
celltype_non_neuronal90,EC,epidermis,nuchal organ,877,105389.2,111536.1,120140.0
celltype_non_neuronal90,EC,epidermis,nuchal organ,878,34218.8,120402.9,125480.0
celltype_non_neuronal90,EC,epidermis,nuchal organ,879,36302.0,93436.7,121640.0
celltype_non_neuronal90,EC,epidermis,nuchal organ,880,61738.8,143003.3,123520.0
celltype_non_neuronal90,EC,epidermis,nuchal organ,881,50872.2,136510.2,121760.0
celltype_non_neuronal90,EC,epidermis,nuchal organ,882,20671.5,98175.1,125680.0
celltype_non_neuronal90,EC,epidermis,nuchal organ,883,27743.0,107034.3,129560.0
celltype_non_neuronal90,EC,epidermis,nuchal organ,884,103418.4,95775.1,137089.9
celltype_non_neuronal90,EC,epidermis,nuchal organ,885,21258.0,111430.9,138720.1
celltype_non_neuronal90,EC,epidermis,nuchal organ,886,99475.8,98352.6,140720.0
celltype_non_neuronal90,EC,epidermis,nuchal organ,887,21792.9,85350.6,110800.0
celltype_non_neuronal90,EC,epidermis,nuchal organ,888,15605.9,107708.1,108000.0
celltype_non_neuronal90,EC,epidermis,nuchal organ,889,99637.3,48752.1,95720.0
celltype_non_neuronal90,EC,epidermis,nuchal organ,890,27259.7,129989.8,145640.0
celltype_non_neuronal90,EC,epidermis,nuchal organ,891,119444.2,70057.5,69800.0
celltype_non_neuronal90,EC,epidermis,nuchal organ,892,101473.7,76953.4,104440.0
celltype_non_neuronal90,EC,epidermis,nuchal organ,893,45709.1,113111.3,160640.0
celltype_non_neuronal90,EC,epidermis,nuchal organ,894,116567.6,62699.0,86320.0
celltype_non_neuronal90,EC,epidermis,nuchal organ,895,32060.3,129872.9,106720.0
celltype_non_neuronal90,EC,epidermis,nuchal organ,896,110156.0,104966.2,88600.0
celltype_non_neuronal90,EC,epidermis,nuchal organ,897,105478.2,69220.7,90280.0
celltype_non_neuronal90,EC,epidermis,nuchal organ,898,114897.4,107632.0,88360.0
celltype_non_neuronal90,EC,epidermis,nuchal organ,899,118166.4,76013.4,79280.0
celltype_non_neuronal90,EC,epidermis,nuchal organ,900,102744.5,91734.2,86420.0
celltype_non_neuronal90,EC,epidermis,nuchal organ,901,39001.9,126225.8,126720.0
celltype_non_neuronal90,EC,epidermis,nuchal organ,902,28733.7,89851.6,150680.0
celltype_non_neuronal90,EC,epidermis,nuchal organ,903,41280.2,119006.1,158240.0
celltype_non_neuronal90,EC,epidermis,nuchal organ,904,40217.2,93973.8,163520.0
celltype_non_neuronal90,EC,epidermis,nuchal organ,905,11629.0,102453.8,120320.0
celltype_non_neuronal90,EC,epidermis,nuchal organ,906,28623.1,127054.2,102760.0
celltype_non_neuronal90,EC,epidermis,nuchal organ,907,30508.2,98177.6,160480.0
celltype_non_neuronal90,EC,epidermis,nuchal organ,908,34553.2,116250.7,120680.0
celltype_non_neuronal90,EC,epidermis,nuchal organ,909,127965.1,90026.6,87600.0
celltype_non_neuronal90,EC,epidermis,nuchal organ,910,102395.7,115698.8,41200.0
celltype_non_neuronal90,EC,epidermis,nuchal organ,911,86687.0,143953.6,117160.0
celltype_non_neuronal90,EC,epidermis,nuchal organ,912,123359.0,87104.7,89160.0
celltype_non_neuronal90,EC,epidermis,nuchal organ,913,118834.8,87521.4,87760.0
celltype_non_neuronal90,EC,epidermis,nuchal organ,914,120430.2,84521.8,89880.0
celltype_non_neuronal90,EC,epidermis,nuchal organ,915,121844.9,97183.9,87320.0
celltype_non_neuronal90,EC,epidermis,nuchal organ,916,122594.9,99753.1,86080.0
celltype_non_neuronal90,EC,epidermis,nuchal organ,917,108977.9,84331.0,88560.0
celltype_non_neuronal90,EC,epidermis,nuchal organ,918,22407.4,99549.3,126920.0
celltype_non_neuronal90,EC,epidermis,nuchal organ,919,17476.1,105951.8,124520.0
celltype_non_neuronal90,EC,epidermis,nuchal organ,920,32809.9,116738.1,126080.0
celltype_non_neuronal90,EC,epidermis,nuchal organ,921,32015.0,124410.6,121360.0
celltype_non_neuronal90,EC,epidermis,nuchal organ,922,27329.2,124021.1,122040.0
celltype_non_neuronal90,EC,epidermis,nuchal organ,923,38222.8,133644.3,124520.0
celltype_non_neuronal90,EC,epidermis,nuchal organ,924,40487.5,137014.0,123160.0
celltype_non_neuronal90,EC,epidermis,nuchal organ,925,41034.9,129726.2,123160.0
celltype_non_neuronal90,EC,epidermis,nuchal organ,926,65794.0,139571.6,151200.0
celltype_non_neuronal90,EC,epidermis,nuchal organ,927,66673.4,142674.3,53080.0
celltype_non_neuronal90,EC,epidermis,nuchal organ,928,74763.3,134161.9,47400.0
celltype_non_neuronal90,EC,epidermis,nuchal organ,929,72401.8,139957.7,46640.0
celltype_non_neuronal90,EC,epidermis,nuchal organ,930,72768.7,136536.7,42240.0
celltype_non_neuronal90,EC,epidermis,nuchal organ,931,119639.9,108049.9,50160.0
celltype_non_neuronal90,EC,epidermis,nuchal organ,932,29608.8,88696.0,77480.0
celltype_non_neuronal90,EC,epidermis,nuchal organ,933,104789.5,108459.7,120640.0
celltype_non_neuronal90,EC,epidermis,nuchal organ,934,24973.9,127672.0,147840.0
celltype_non_neuronal90,EC,epidermis,nuchal organ,935,39073.2,124379.4,149120.0
celltype_non_neuronal90,EC,epidermis,nuchal organ,936,40813.7,110214.8,77480.0
celltype_non_neuronal90,EC,epidermis,nuchal organ,937,32091.4,85941.4,148960.0
celltype_non_neuronal90,EC,epidermis,nuchal organ,938,115819.1,107043.4,77840.0
celltype_non_neuronal90,EC,epidermis,nuchal organ,939,19180.6,69172.8,36840.0
celltype_non_neuronal90,EC,epidermis,nuchal organ,940,23200.2,91309.5,60640.0
celltype_non_neuronal90,EC,epidermis,nuchal organ,941,25912.8,73967.1,103400.0
celltype_non_neuronal90,EC,epidermis,nuchal organ,942,75039.7,141887.2,84320.0
celltype_non_neuronal90,EC,epidermis,nuchal organ,943,92266.5,142729.8,69580.0
celltype_non_neuronal90,EC,epidermis,nuchal organ,944,44303.3,116113.9,42360.0
celltype_non_neuronal90,EC,epidermis,nuchal organ,945,46947.8,109982.4,40760.0
celltype_non_neuronal90,EC,epidermis,nuchal organ,946,47788.3,32638.9,91720.0
celltype_non_neuronal90,EC,epidermis,nuchal organ,947,30499.7,103793.1,127000.0
celltype_non_neuronal90,EC,epidermis,nuchal organ,948,34511.2,86845.8,73440.0
celltype_non_neuronal90,EC,epidermis,nuchal organ,949,39393.9,143460.4,146600.0
celltype_non_neuronal90,EC,epidermis,nuchal organ,950,63788.0,134884.2,41640.0
celltype_non_neuronal90,EC,epidermis,nuchal organ,951,62015.1,130136.7,36600.0
celltype_non_neuronal90,EC,epidermis,nuchal organ,952,55305.8,128642.3,38400.0
celltype_non_neuronal90,EC,epidermis,nuchal organ,953,119590.8,92245.1,67160.0
celltype_non_neuronal90,EC,epidermis,nuchal organ,954,46602.1,107755.3,73160.0
celltype_non_neuronal90,EC,epidermis,nuchal organ,955,93828.8,142478.9,126860.5
celltype_non_neuronal90,EC,epidermis,nuchal organ,956,98041.5,108285.5,109520.0
celltype_non_neuronal90,EC,epidermis,nuchal organ,957,99437.8,77500.5,106080.0
celltype_non_neuronal90,EC,epidermis,nuchal organ,958,35131.6,89230.9,109960.0
celltype_non_neuronal90,EC,epidermis,nuchal organ,959,32731.0,88901.5,113360.0
celltype_non_neuronal90,EC,epidermis,nuchal organ,960,28108.9,94799.3,114680.0
celltype_non_neuronal90,EC,epidermis,nuchal organ,961,42543.0,116448.2,116800.0
celltype_non_neuronal90,EC,epidermis,nuchal organ,962,80368.5,81114.6,159360.0
celltype_non_neuronal90,EC,epidermis,nuchal organ,963,63127.6,144636.9,126400.0
celltype_non_neuronal90,EC,epidermis,nuchal organ,964,94203.0,138933.3,53680.0
celltype_non_neuronal90,EC,epidermis,nuchal organ,965,71372.5,132944.5,167560.0
celltype_non_neuronal90,EC,epidermis,nuchal organ,966,58100.2,142501.9,151840.0
celltype_non_neuronal90,EC,epidermis,nuchal organ,967,51901.0,119188.2,70880.0
celltype_non_neuronal90,EC,epidermis,nuchal organ,968,44517.4,122344.4,157560.0
celltype_non_neuronal90,EC,epidermis,nuchal organ,969,83632.4,101530.2,172720.0
celltype_non_neuronal90,EC,epidermis,nuchal organ,970,100845.7,44594.3,91640.0
celltype_non_neuronal90,EC,epidermis,nuchal organ,971,77981.3,140560.1,55920.0
celltype_non_neuronal90,EC,epidermis,nuchal organ,972,75664.7,40838.5,100000.0
celltype_non_neuronal90,EC,epidermis,nuchal organ,973,63495.9,36705.2,101320.0
celltype_non_neuronal90,EC,epidermis,nuchal organ,974,29321.9,69017.4,77500.0
celltype_non_neuronal90,EC,epidermis,nuchal organ,975,47170.9,118074.9,79240.0
celltype_non_neuronal90,EC,epidermis,nuchal organ,976,46341.5,121683.5,79880.0
celltype_non_neuronal90,EC,epidermis,nuchal organ,977,80983.2,141663.2,107960.0
celltype_non_neuronal90,EC,epidermis,nuchal organ,978,39061.1,104965.0,60080.0
celltype_non_neuronal90,EC,epidermis,nuchal organ,979,21239.8,114037.5,144160.0
celltype_non_neuronal90,EC,epidermis,nuchal organ,980,22647.1,96461.8,73000.0
celltype_non_neuronal90,EC,epidermis,nuchal organ,981,30180.4,110688.6,70120.0
celltype_non_neuronal90,EC,epidermis,nuchal organ,982,34515.9,107353.9,73320.0
celltype_non_neuronal90,EC,epidermis,nuchal organ,983,30865.2,104527.8,73320.0
celltype_non_neuronal90,EC,epidermis,nuchal organ,984,48626.7,120442.5,75060.1
celltype_non_neuronal90,EC,epidermis,nuchal organ,985,14920.8,118485.5,162840.0
celltype_non_neuronal90,EC,epidermis,nuchal organ,986,29979.9,108569.3,156600.0
celltype_non_neuronal90,EC,epidermis,nuchal organ,987,114753.4,92033.2,113880.0
celltype_non_neuronal90,EC,epidermis,nuchal organ,988,49823.1,130062.9,80240.0
celltype_non_neuronal90,EC,epidermis,nuchal organ,989,114798.2,90480.3,87120.0
celltype_non_neuronal90,EC,epidermis,nuchal organ,990,118081.8,94492.6,88600.0
celltype_non_neuronal90,EC,epidermis,nuchal organ,991,117882.8,83640.0,87200.0
celltype_non_neuronal90,EC,epidermis,nuchal organ,992,36224.3,108888.5,84040.0
celltype_non_neuronal90,EC,epidermis,nuchal organ,993,45875.2,136569.8,102880.0
celltype_non_neuronal90,EC,epidermis,nuchal organ,994,37801.0,127131.4,102920.0
celltype_non_neuronal90,EC,epidermis,nuchal organ,995,39241.1,130591.5,101680.0
celltype_non_neuronal90,EC,epidermis,nuchal organ,996,60198.2,136260.4,87711.0
celltype_non_neuronal90,EC,epidermis,nuchal organ,997,87645.8,135812.1,163760.0
celltype_non_neuronal90,EC,epidermis,nuchal organ,998,105776.6,103511.1,122000.0
celltype_non_neuronal90,EC,epidermis,nuchal organ,999,48434.5,135230.7,120420.0
celltype_non_neuronal90,EC,epidermis,nuchal organ,1000,36584.2,122862.5,123920.0
celltype_non_neuronal90,EC,epidermis,nuchal organ,1001,27607.6,108944.1,123080.0
celltype_non_neuronal90,EC,epidermis,nuchal organ,1002,24109.2,94113.2,122720.0
celltype_non_neuronal90,EC,epidermis,nuchal organ,1003,46132.5,121433.3,163680.0
celltype_non_neuronal90,EC,epidermis,nuchal organ,1004,69977.1,19390.3,34527.8
celltype_non_neuronal90,EC,epidermis,nuchal organ,1005,74232.1,16463.5,34920.0
celltype_non_neuronal90,EC,epidermis,nuchal organ,1006,110259.0,116223.6,102840.0
celltype_non_neuronal90,EC,epidermis,nuchal organ,1007,94940.3,122065.5,149280.0
celltype_non_neuronal90,EC,epidermis,nuchal organ,1008,29091.8,113313.7,41280.0
celltype_non_neuronal90,EC,epidermis,nuchal organ,1009,46877.4,147155.8,113400.0
celltype_non_neuronal90,EC,epidermis,nuchal organ,1010,89443.4,136394.7,157800.0
celltype_non_neuronal90,EC,epidermis,nuchal organ,1011,99315.4,114688.8,106640.0
celltype_non_neuronal90,EC,epidermis,nuchal organ,1012,46253.5,128214.7,100640.0
celltype_non_neuronal90,EC,epidermis,nuchal organ,1013,91826.8,102993.6,158000.0
celltype_non_neuronal90,EC,epidermis,nuchal organ,1014,21043.1,65907.7,41520.0
celltype_non_neuronal90,EC,epidermis,nuchal organ,1015,43565.2,41700.3,72680.0
celltype_non_neuronal90,EC,epidermis,nuchal organ,1016,16778.0,112530.3,150680.0
celltype_non_neuronal90,EC,epidermis,nuchal organ,1017,48096.6,132730.9,152560.0
celltype_non_neuronal90,EC,epidermis,nuchal organ,1018,108388.1,136833.9,117640.0
celltype_non_neuronal90,EC,epidermis,nuchal organ,1019,114238.2,131142.6,117880.0
celltype_non_neuronal90,EC,epidermis,nuchal organ,1020,109926.6,125878.9,119200.0
celltype_non_neuronal90,EC,epidermis,nuchal organ,1021,114175.3,83834.8,117400.0
celltype_non_neuronal90,EC,epidermis,nuchal organ,1022,114456.7,87754.1,118360.0
celltype_non_neuronal90,EC,epidermis,nuchal organ,1023,36963.1,71985.1,120880.0
celltype_non_neuronal90,EC,epidermis,nuchal organ,1024,107517.4,91080.1,98240.0
celltype_non_neuronal90,EC,epidermis,nuchal organ,1025,108859.6,93375.7,99840.0
celltype_non_neuronal90,EC,epidermis,nuchal organ,1026,110399.7,94010.2,102240.0
celltype_non_neuronal90,EC,epidermis,nuchal organ,1027,44808.9,116811.6,53720.0
celltype_non_neuronal90,EC,epidermis,nuchal organ,1028,51611.9,128034.5,56140.0
celltype_non_neuronal90,EC,epidermis,nuchal organ,1029,101614.6,132871.2,58520.0
celltype_non_neuronal90,EC,epidermis,nuchal organ,1030,115963.2,102113.0,57520.0
celltype_non_neuronal90,EC,epidermis,nuchal organ,1031,86207.8,142291.0,67200.0
celltype_non_neuronal90,EC,epidermis,nuchal organ,1032,79494.8,144025.6,67960.0
celltype_non_neuronal90,EC,epidermis,nuchal organ,1033,57030.6,132791.1,68120.0
celltype_non_neuronal90,EC,epidermis,nuchal organ,1034,59865.7,146085.9,114720.0
celltype_non_neuronal90,EC,epidermis,nuchal organ,1035,61891.1,139111.7,47560.0
celltype_non_neuronal90,EC,epidermis,nuchal organ,1036,65370.7,139562.0,47120.0
celltype_non_neuronal90,EC,epidermis,nuchal organ,1037,87649.8,132199.6,45000.0
celltype_non_neuronal90,EC,epidermis,nuchal organ,1038,103876.5,123321.4,38640.0
celltype_non_neuronal90,EC,epidermis,nuchal organ,1039,111732.2,44523.7,41640.0
celltype_non_neuronal90,EC,epidermis,nuchal organ,1040,109901.9,42937.8,43080.0
celltype_non_neuronal90,EC,epidermis,nuchal organ,1041,116669.5,46734.9,41680.0
celltype_non_neuronal90,EC,epidermis,nuchal organ,1042,114642.6,49643.9,43240.0
celltype_non_neuronal90,EC,epidermis,nuchal organ,1043,34530.5,40709.0,43000.0
celltype_non_neuronal90,EC,epidermis,nuchal organ,1044,121768.9,110618.9,81360.0
celltype_non_neuronal90,EC,epidermis,nuchal organ,1045,128129.7,92656.1,83920.0
celltype_non_neuronal90,EC,epidermis,nuchal organ,1046,34071.8,111538.8,65880.0
celltype_non_neuronal90,EC,epidermis,nuchal organ,1047,94274.3,27868.8,86240.0
celltype_non_neuronal90,EC,epidermis,nuchal organ,1048,54385.7,30766.1,83560.0
celltype_non_neuronal90,EC,epidermis,nuchal organ,1049,50733.4,33434.2,81680.0
celltype_non_neuronal90,EC,epidermis,nuchal organ,1050,88324.4,121242.3,161760.0
celltype_non_neuronal90,EC,epidermis,nuchal organ,1051,30156.3,115685.1,46040.0
celltype_non_neuronal90,EC,epidermis,nuchal organ,1052,45251.0,122316.9,104960.0
celltype_non_neuronal90,EC,epidermis,nuchal organ,1053,42907.9,117370.7,165320.0
celltype_non_neuronal90,EC,epidermis,nuchal organ,1054,68308.1,22302.8,33080.0
celltype_non_neuronal90,EC,epidermis,nuchal organ,1055,46679.2,37520.9,95600.0
celltype_non_neuronal90,EC,epidermis,nuchal organ,1056,61832.2,143789.5,145740.0
celltype_non_neuronal90,EC,epidermis,nuchal organ,1057,36381.3,139010.1,146280.0
celltype_non_neuronal90,EC,epidermis,nuchal organ,1058,16112.1,108677.6,144760.0
celltype_non_neuronal90,EC,epidermis,nuchal organ,1059,47592.9,138064.3,128080.1
celltype_non_neuronal90,EC,epidermis,nuchal organ,1060,34186.3,127473.1,99919.7
celltype_non_neuronal90,EC,epidermis,nuchal organ,1061,34898.9,130434.7,100880.0
celltype_non_neuronal90,EC,epidermis,nuchal organ,1062,40034.7,129496.6,99160.0
celltype_non_neuronal90,EC,epidermis,nuchal organ,1063,43746.9,128939.9,101160.0
celltype_non_neuronal90,EC,epidermis,nuchal organ,1064,113157.5,108223.4,59880.0
celltype_non_neuronal90,EC,epidermis,nuchal organ,1065,117515.3,121897.1,72360.0
celltype_non_neuronal90,EC,epidermis,nuchal organ,1066,105038.5,47750.8,92400.0
celltype_non_neuronal90,EC,epidermis,nuchal organ,1067,83538.0,25365.0,100520.0
celltype_non_neuronal90,EC,epidermis,nuchal organ,1068,69076.4,38993.7,101200.0
celltype_non_neuronal90,EC,epidermis,nuchal organ,1069,87946.3,33699.7,102880.0
celltype_non_neuronal90,EC,epidermis,nuchal organ,1070,62124.9,141251.2,152320.0
celltype_non_neuronal90,EC,epidermis,nuchal organ,1071,111371.8,126302.1,101660.0
celltype_non_neuronal90,EC,epidermis,nuchal organ,1072,20484.8,63491.8,38260.0
celltype_non_neuronal90,EC,epidermis,nuchal organ,1073,33519.8,116777.4,41680.0
celltype_non_neuronal90,EC,epidermis,nuchal organ,1074,35917.7,116224.3,41120.0
celltype_non_neuronal90,EC,epidermis,nuchal organ,1075,43260.4,120048.1,40040.0
celltype_non_neuronal90,EC,epidermis,nuchal organ,1076,47047.7,123547.3,39360.0
celltype_non_neuronal90,EC,epidermis,nuchal organ,1077,61252.9,135561.8,39720.0
celltype_non_neuronal90,EC,epidermis,nuchal organ,1078,60572.3,131407.1,38000.0
celltype_non_neuronal90,EC,epidermis,nuchal organ,1079,21934.9,103630.0,45320.0
celltype_non_neuronal90,EC,epidermis,nuchal organ,1080,102882.9,132502.2,52299.9
celltype_non_neuronal90,EC,epidermis,nuchal organ,1081,117966.9,119327.9,71560.0
celltype_non_neuronal90,EC,epidermis,nuchal organ,1082,111471.6,126790.5,69360.0
celltype_non_neuronal90,EC,epidermis,nuchal organ,1083,117214.9,36627.3,72920.0
celltype_non_neuronal90,EC,epidermis,nuchal organ,1084,119217.0,42483.7,70160.0
celltype_non_neuronal90,EC,epidermis,nuchal organ,1085,126686.1,94852.0,73160.0
celltype_non_neuronal90,EC,epidermis,nuchal organ,1086,117685.9,51905.6,72640.0
celltype_non_neuronal90,EC,epidermis,nuchal organ,1087,40827.0,42370.6,73880.0
celltype_non_neuronal90,EC,epidermis,nuchal organ,1088,110572.7,31752.4,78520.0
celltype_non_neuronal90,EC,epidermis,nuchal organ,1089,29769.2,93388.5,77160.0
celltype_non_neuronal90,EC,epidermis,nuchal organ,1090,30114.4,96242.9,75440.0
celltype_non_neuronal90,EC,epidermis,nuchal organ,1091,33530.6,96240.1,76240.0
celltype_non_neuronal90,EC,epidermis,nuchal organ,1092,33201.7,91276.2,79100.0
celltype_non_neuronal90,EC,epidermis,nuchal organ,1093,46626.4,114769.4,78160.0
celltype_non_neuronal90,EC,epidermis,nuchal organ,1094,71324.1,14403.0,84239.9
celltype_non_neuronal90,EC,epidermis,nuchal organ,1095,95318.9,141082.6,88240.0
celltype_non_neuronal90,EC,epidermis,nuchal organ,1096,111379.8,125205.4,87640.0
celltype_non_neuronal90,EC,epidermis,nuchal organ,1097,109606.7,91017.6,95400.0
celltype_non_neuronal90,EC,epidermis,nuchal organ,1098,110222.1,87560.8,95600.0
celltype_non_neuronal90,EC,epidermis,nuchal organ,1099,17286.7,100259.3,105320.0
celltype_non_neuronal90,EC,epidermis,nuchal organ,1100,36653.9,131433.5,108120.0
celltype_non_neuronal90,EC,epidermis,nuchal organ,1101,32889.0,130530.0,109560.0
celltype_non_neuronal90,EC,epidermis,nuchal organ,1102,39977.4,142218.0,111680.0
celltype_non_neuronal90,EC,epidermis,nuchal organ,1103,45072.3,119570.5,116480.0
celltype_non_neuronal90,EC,epidermis,nuchal organ,1104,38869.0,126491.4,116240.1
celltype_non_neuronal90,EC,epidermis,nuchal organ,1105,36626.5,123000.4,117160.0
celltype_non_neuronal90,EC,epidermis,nuchal organ,1106,31767.1,124073.3,127000.0
celltype_non_neuronal90,EC,epidermis,nuchal organ,1107,27622.8,129795.2,141320.0
celltype_non_neuronal90,EC,epidermis,nuchal organ,1108,40054.5,144814.7,142240.0
celltype_non_neuronal90,EC,epidermis,nuchal organ,1109,98137.9,89244.4,145120.0
celltype_non_neuronal90,EC,epidermis,nuchal organ,1110,25147.1,114626.7,149880.0
celltype_non_neuronal90,EC,epidermis,nuchal organ,1111,39393.0,127592.6,150600.0
celltype_non_neuronal90,EC,epidermis,nuchal organ,1112,95466.8,92900.4,154040.0
celltype_non_neuronal90,EC,epidermis,nuchal organ,1113,95427.9,102289.4,160040.0
celltype_non_neuronal90,EC,epidermis,nuchal organ,1114,95360.9,104451.1,158880.0
celltype_non_neuronal90,EC,epidermis,nuchal organ,1115,97680.8,97763.1,156440.0
celltype_non_neuronal90,EC,epidermis,nuchal organ,1116,43781.6,114885.9,160240.0
celltype_non_neuronal90,EC,epidermis,nuchal organ,1117,65533.9,140114.1,158680.0
celltype_non_neuronal90,EC,epidermis,nuchal organ,1118,18281.2,72104.5,34560.0
celltype_non_neuronal90,EC,epidermis,nuchal organ,1119,124255.0,61189.1,23600.0
celltype_non_neuronal91,yolk,yolk,,0,71670.9,77834.4,78520.0
celltype_non_neuronal91,yolk,yolk,,1,64355.6,75684.2,90440.0
celltype_non_neuronal91,yolk,yolk,,2,72648.8,90171.1,101040.0
celltype_non_neuronal91,yolk,yolk,,3,66552.6,86906.7,101040.0
celltype_non_neuronal91,yolk,yolk,,4,54493.4,76822.4,87560.0
celltype_non_neuronal92,meso 1592020,mesoderm,,0,49202.2,90302.7,163000.0
celltype_non_neuronal92,meso 1592020,mesoderm,,1,60754.6,115831.3,165360.0
celltype_non_neuronal92,meso 1592020,mesoderm,,2,63429.3,109178.5,165360.0
celltype_non_neuronal92,meso 1592020,mesoderm,,3,61677.1,111091.7,164520.0
celltype_non_neuronal92,meso 1592020,mesoderm,,4,62842.9,104426.4,165440.0
celltype_non_neuronal92,meso 1592020,mesoderm,,5,62728.1,91085.6,164080.0
celltype_non_neuronal92,meso 1592020,mesoderm,,6,61624.8,84894.1,163040.0
celltype_non_neuronal92,meso 1592020,mesoderm,,7,48742.1,96168.3,163520.0
celltype_non_neuronal92,meso 1592020,mesoderm,,8,49150.0,87570.2,160560.0
celltype_non_neuronal92,meso 1592020,mesoderm,,9,61175.8,110519.9,161160.0
celltype_non_neuronal92,meso 1592020,mesoderm,,10,63085.7,105099.0,160440.0
celltype_non_neuronal92,meso 1592020,mesoderm,,11,44050.9,92341.0,158680.0
celltype_non_neuronal92,meso 1592020,mesoderm,,12,46362.6,93799.8,158280.0
celltype_non_neuronal92,meso 1592020,mesoderm,,13,64294.5,86130.6,160680.0
celltype_non_neuronal92,meso 1592020,mesoderm,,14,64190.3,92126.0,161400.0
celltype_non_neuronal92,meso 1592020,mesoderm,,15,62944.0,94784.5,163400.0
celltype_non_neuronal92,meso 1592020,mesoderm,,16,51842.7,112617.7,159520.0
celltype_non_neuronal92,meso 1592020,mesoderm,,17,53812.5,108712.9,158560.0
celltype_non_neuronal92,meso 1592020,mesoderm,,18,48487.7,101634.2,157440.0
celltype_non_neuronal92,meso 1592020,mesoderm,,19,47934.4,99245.7,160160.0
celltype_non_neuronal92,meso 1592020,mesoderm,,20,44020.6,91325.6,156200.0
celltype_non_neuronal92,meso 1592020,mesoderm,,21,40264.0,82513.5,153280.0
celltype_non_neuronal92,meso 1592020,mesoderm,,22,69270.0,105931.2,161860.0
celltype_non_neuronal92,meso 1592020,mesoderm,,23,50365.1,108663.9,160840.0
