ply
format ascii 1.0
element vertex 3942
property float x
property float y
property float z
element face 7880
property list uchar int vertex_index
end_header
0.420511 2.555396 0.765855
0.423438 2.550493 0.765642
0.424174 2.551348 0.756847
0.418204 2.563651 0.773423
0.420478 2.567325 0.780134
0.416519 2.568059 0.771340
0.421654 2.558045 0.774730
0.419542 2.558299 0.764042
0.418819 2.571383 0.779535
0.418066 2.575722 0.779064
0.422924 2.573444 0.784018
0.421288 2.577470 0.783306
0.428627 2.569638 0.786116
0.430957 2.579083 0.788146
0.426067 2.582497 0.786021
0.436679 2.574393 0.789129
0.441116 2.582592 0.789877
0.435032 2.586083 0.788572
0.446085 2.577257 0.789898
0.450190 2.582298 0.789547
0.445809 2.585105 0.789636
0.442566 2.586989 0.789257
0.455382 2.584848 0.788161
0.465720 2.579690 0.785933
0.471442 2.585789 0.783216
0.447270 2.589295 0.788214
0.437406 2.588629 0.788106
0.442098 2.593266 0.786391
0.461477 2.590847 0.785150
0.455000 2.595280 0.784827
0.473072 2.591758 0.781260
0.466497 2.596253 0.781735
0.478845 2.587930 0.779992
0.486283 2.591920 0.775787
0.477603 2.596860 0.777660
0.493299 2.586384 0.773746
0.506396 2.593008 0.765710
0.494219 2.597732 0.770207
0.513140 2.587506 0.763102
0.523052 2.592621 0.756422
0.516620 2.595958 0.759434
0.510504 2.599220 0.761549
0.534900 2.596261 0.748580
0.555385 2.592590 0.736205
0.562879 2.600451 0.730294
0.527906 2.601246 0.751056
0.519890 2.605950 0.753127
0.554559 2.605178 0.734197
0.547077 2.609743 0.736401
0.576115 2.608423 0.718479
0.570500 2.613111 0.719870
0.582896 2.603457 0.715277
0.602458 2.611510 0.699369
0.597549 2.616209 0.700376
0.607932 2.606288 0.696976
0.622389 2.612747 0.684613
0.619321 2.617414 0.684229
0.626293 2.607361 0.683383
0.642673 2.613285 0.670542
0.640084 2.617745 0.669471
0.646376 2.607796 0.669738
0.658772 2.613446 0.659581
0.657377 2.617938 0.657525
0.661276 2.608042 0.660118
0.674244 2.614103 0.649968
0.674915 2.618731 0.646263
0.679100 2.609133 0.649906
0.685653 2.615497 0.643213
0.684747 2.618493 0.641475
0.687127 2.612199 0.644435
0.696179 2.617259 0.637504
0.708783 2.619609 0.631497
0.696949 2.611611 0.640719
0.693765 2.621981 0.634672
0.684094 2.621802 0.638937
0.697386 2.628262 0.627425
0.707046 2.624528 0.628159
0.706951 2.628507 0.624354
0.719327 2.627283 0.622003
0.716866 2.632444 0.617504
0.732553 2.629266 0.616616
0.721501 2.621786 0.625830
0.734485 2.623589 0.620470
0.723678 2.615767 0.629212
0.710774 2.614003 0.634594
0.725894 2.609148 0.632173
0.736513 2.617412 0.623878
0.738610 2.610677 0.626865
0.749205 2.618959 0.618746
0.747387 2.625300 0.615401
0.761723 2.620478 0.613854
0.751032 2.612113 0.621719
0.753015 2.604736 0.624282
0.763096 2.613485 0.616779
0.764545 2.606100 0.619331
0.774878 2.614791 0.612077
0.774284 2.622049 0.609162
0.775676 2.607201 0.614579
0.786288 2.616010 0.607603
0.787568 2.623894 0.604451
0.786383 2.608463 0.609940
0.796078 2.616804 0.603908
0.795955 2.622355 0.602320
0.796496 2.609626 0.605483
0.805263 2.619014 0.599843
0.814908 2.620979 0.595564
0.805725 2.611742 0.601056
0.803956 2.626424 0.598466
0.795922 2.627912 0.600604
0.807455 2.634984 0.595048
0.814662 2.628123 0.594427
0.815144 2.633802 0.592976
0.824178 2.631146 0.590127
0.835028 2.634155 0.585050
0.823638 2.623791 0.591312
0.822980 2.638483 0.589284
0.815548 2.639425 0.591495
0.825547 2.646501 0.586720
0.834108 2.641529 0.584667
0.834888 2.648422 0.583331
0.843240 2.644889 0.580433
0.844014 2.651744 0.579384
0.852182 2.647078 0.575953
0.842296 2.639271 0.581278
0.848391 2.638613 0.577887
0.841775 2.633218 0.581538
0.857338 2.640696 0.572313
0.847851 2.632943 0.577841
0.841506 2.626999 0.581339
0.853347 2.633102 0.573807
0.859492 2.633244 0.568599
0.848256 2.625632 0.576080
0.843136 2.617362 0.578200
0.854327 2.625156 0.570337
0.848436 2.616258 0.572378
0.860361 2.625429 0.563519
0.853844 2.618252 0.566825
0.868461 2.630234 0.555998
0.865299 2.633714 0.562920
0.858855 2.620294 0.561012
0.863348 2.622293 0.554749
0.852316 2.613027 0.564179
0.847332 2.610862 0.570316
0.845736 2.605856 0.567811
0.849567 2.607322 0.560095
0.857167 2.615858 0.558184
0.855239 2.612433 0.555304
0.860930 2.618057 0.549674
0.852312 2.608989 0.552980
0.854963 2.611943 0.547843
0.846098 2.602726 0.555469
0.848016 2.605591 0.548431
0.840515 2.596502 0.561499
0.838872 2.595448 0.553817
0.831066 2.588093 0.553581
0.840569 2.599329 0.547248
0.836711 2.592198 0.558930
0.829999 2.584728 0.561127
0.824523 2.577373 0.567461
0.834557 2.590144 0.566345
0.821615 2.575986 0.558794
0.812909 2.567403 0.557680
0.822349 2.580272 0.552220
0.819832 2.572108 0.564150
0.812389 2.562957 0.565812
0.818284 2.569696 0.572464
0.807077 2.553689 0.572777
0.801954 2.551841 0.561642
0.792457 2.542830 0.557861
0.802720 2.558353 0.554762
0.798795 2.543157 0.568102
0.798257 2.539764 0.574262
0.792181 2.533237 0.568962
0.792387 2.537796 0.563026
0.784819 2.527491 0.563095
0.772400 2.515624 0.558040
0.783407 2.533609 0.555970
0.781850 2.516932 0.569635
0.770822 2.504792 0.563890
0.777979 2.505891 0.576058
0.791661 2.529539 0.575912
0.785961 2.518339 0.582896
0.797613 2.538807 0.583383
0.791801 2.529985 0.589437
0.803008 2.546661 0.578521
0.802085 2.548868 0.589271
0.807318 2.554730 0.583477
0.806250 2.560826 0.593781
0.795376 2.540820 0.595878
0.791382 2.542212 0.603588
0.789706 2.530874 0.598363
0.799669 2.551601 0.597774
0.796185 2.553154 0.603291
0.801262 2.562890 0.601490
0.790997 2.555553 0.609447
0.786021 2.544312 0.610588
0.784760 2.558613 0.615280
0.795650 2.565691 0.607761
0.788751 2.569841 0.613654
0.800314 2.574186 0.605608
0.803998 2.583560 0.603827
0.805488 2.571911 0.600460
0.795036 2.575605 0.609858
0.795354 2.582541 0.609647
0.793960 2.591361 0.609852
0.787544 2.579582 0.614534
0.778697 2.578737 0.619542
0.786509 2.586778 0.614498
0.777475 2.589220 0.618666
0.767336 2.591693 0.622860
0.776603 2.599050 0.616727
0.786200 2.593905 0.613626
0.768560 2.584350 0.623918
0.758065 2.586908 0.628061
0.769605 2.576614 0.624618
0.770442 2.566566 0.624797
0.759899 2.576174 0.629306
0.750110 2.574353 0.634025
0.761066 2.566126 0.629732
0.751270 2.564140 0.634441
0.761659 2.557133 0.629534
0.752363 2.551053 0.633936
0.770679 2.553667 0.624130
0.762326 2.546860 0.628508
0.769724 2.541676 0.623345
0.779388 2.548210 0.617349
0.778564 2.560589 0.619979
0.779391 2.568990 0.619657
0.774660 2.535375 0.618309
0.768697 2.530033 0.621696
0.772960 2.525894 0.617233
0.780641 2.530715 0.611040
0.775788 2.522869 0.613316
0.786195 2.530441 0.603929
0.778618 2.520118 0.608265
0.772561 2.512085 0.611333
0.781457 2.517267 0.601832
0.775633 2.508023 0.604383
0.786241 2.521553 0.595073
0.778240 2.506454 0.597269
0.771613 2.494400 0.599589
0.780217 2.507387 0.589936
0.774254 2.495334 0.592170
0.773889 2.494838 0.582118
0.765708 2.481403 0.575574
0.769575 2.484284 0.586990
0.765967 2.477468 0.592323
0.762172 2.469226 0.581158
0.754745 2.458091 0.574900
0.756854 2.456807 0.582047
0.761301 2.466130 0.586869
0.754202 2.451896 0.587181
0.745109 2.436176 0.578341
0.745662 2.435139 0.593041
0.759065 2.465434 0.596149
0.762883 2.479662 0.603160
0.750863 2.452498 0.601896
0.743028 2.436207 0.603944
0.756485 2.468763 0.605699
0.747438 2.456996 0.610927
0.742917 2.463846 0.619035
0.739498 2.437711 0.610841
0.754423 2.473947 0.611833
0.762247 2.490196 0.611366
0.749727 2.479728 0.619234
0.743701 2.485933 0.626284
0.756327 2.494724 0.619369
0.749608 2.501965 0.627034
0.762124 2.506764 0.619513
0.757079 2.510023 0.624561
0.767361 2.519285 0.619476
0.766067 2.502995 0.614157
0.758429 2.521115 0.626543
0.751921 2.526224 0.631591
0.762803 2.535504 0.626829
0.750892 2.514474 0.629643
0.743460 2.520296 0.634921
0.742997 2.534457 0.637175
0.738242 2.503720 0.634326
0.731803 2.521317 0.640681
0.731952 2.534850 0.642022
0.730119 2.509516 0.639797
0.720853 2.519945 0.645538
0.710192 2.520957 0.650392
0.721136 2.533376 0.646569
0.719813 2.502805 0.643739
0.718448 2.483964 0.641231
0.729180 2.496002 0.637618
0.709506 2.496227 0.648029
0.710054 2.509170 0.649400
0.700005 2.502945 0.653701
0.699352 2.485064 0.651940
0.691003 2.496534 0.657780
0.690587 2.508778 0.658972
0.699446 2.519699 0.655204
0.689045 2.519972 0.660178
0.698543 2.533432 0.655927
0.687059 2.532709 0.661086
0.697567 2.545928 0.655959
0.710222 2.534111 0.651024
0.710895 2.547531 0.650687
0.705954 2.559237 0.651641
0.721188 2.543544 0.646879
0.719880 2.553057 0.647196
0.717348 2.561792 0.647469
0.731215 2.549222 0.642946
0.729177 2.562281 0.643281
0.742489 2.545033 0.638209
0.741628 2.554950 0.638854
0.740565 2.564043 0.638934
0.739328 2.574213 0.638263
0.727088 2.572987 0.642820
0.738875 2.584630 0.636411
0.725129 2.582737 0.641659
0.733111 2.593444 0.636000
0.749204 2.582074 0.633008
0.747183 2.589272 0.632006
0.744224 2.595838 0.631063
0.755425 2.596695 0.626329
0.740814 2.603363 0.629453
0.727213 2.601339 0.635236
0.716650 2.602761 0.638378
0.719279 2.597125 0.639624
0.708642 2.598591 0.642548
0.721925 2.591053 0.640686
0.710096 2.590054 0.644710
0.712333 2.581312 0.646124
0.697505 2.588490 0.649250
0.685689 2.586790 0.654086
0.699795 2.579766 0.650551
0.694797 2.596557 0.647857
0.683214 2.594992 0.652855
0.691160 2.603568 0.646748
0.688857 2.608330 0.645638
0.702608 2.605594 0.641722
0.680212 2.602373 0.651921
0.664270 2.601651 0.660292
0.650457 2.601443 0.668602
0.667788 2.594156 0.660166
0.654616 2.594031 0.667556
0.669637 2.585193 0.661426
0.660387 2.581769 0.666625
0.657869 2.587521 0.667092
0.676499 2.576745 0.660081
0.663258 2.575966 0.666216
0.682829 2.567174 0.659287
0.688674 2.578708 0.654786
0.690946 2.571868 0.655332
0.700791 2.569657 0.652099
0.693035 2.564566 0.655760
0.714354 2.571728 0.647240
0.695154 2.556676 0.656016
0.683897 2.556274 0.660514
0.670334 2.556334 0.666193
0.685684 2.544997 0.661000
0.672684 2.545071 0.666546
0.659778 2.546478 0.672287
0.673642 2.532242 0.667129
0.665248 2.527711 0.671234
0.662667 2.537439 0.671856
0.678637 2.518080 0.665137
0.682681 2.502633 0.662676
0.667628 2.517219 0.670386
0.670197 2.502908 0.668889
0.655413 2.519724 0.676106
0.641821 2.522290 0.682948
0.653837 2.533425 0.676249
0.657655 2.505020 0.674997
0.660462 2.489121 0.672956
0.643836 2.507406 0.682115
0.649574 2.489468 0.678362
0.632939 2.514948 0.688073
0.636167 2.503287 0.686071
0.625228 2.511041 0.692112
0.638971 2.490352 0.683955
0.641644 2.472102 0.680863
0.627770 2.494752 0.690050
0.630327 2.477106 0.687019
0.615705 2.498215 0.696831
0.604333 2.502700 0.703598
0.618388 2.478889 0.693275
0.611454 2.513913 0.700023
0.605061 2.527167 0.703584
0.598757 2.517083 0.707581
0.585983 2.518984 0.715150
0.591750 2.530067 0.711544
0.575773 2.531914 0.721529
0.586404 2.541491 0.714319
0.569620 2.542313 0.725191
0.575336 2.551069 0.721452
0.599495 2.536533 0.706328
0.594413 2.544313 0.709271
0.589219 2.551068 0.712360
0.607521 2.539184 0.701467
0.602762 2.549557 0.703685
0.623795 2.537243 0.692050
0.616913 2.526094 0.696574
0.629086 2.525446 0.689789
0.619309 2.548131 0.693930
0.638432 2.535145 0.684081
0.633469 2.546288 0.685889
0.629254 2.554308 0.687456
0.646656 2.546160 0.678766
0.638745 2.557514 0.681810
0.625535 2.561333 0.689145
0.635815 2.567584 0.682174
0.655867 2.556996 0.672863
0.652821 2.567179 0.672974
0.649391 2.576669 0.673435
0.667576 2.566750 0.665824
0.630741 2.576846 0.684152
0.646944 2.585024 0.673595
0.625201 2.585356 0.686818
0.633101 2.593580 0.680815
0.621773 2.590342 0.688825
0.630706 2.601110 0.681449
0.617902 2.595355 0.691252
0.605246 2.592017 0.700404
0.613734 2.600242 0.693816
0.587415 2.597320 0.712835
0.569035 2.596796 0.726567
0.574708 2.593071 0.722493
0.579979 2.589303 0.718549
0.587920 2.582790 0.713011
0.562855 2.586956 0.731683
0.571552 2.581183 0.725656
0.540423 2.583992 0.746592
0.522802 2.582584 0.757975
0.531145 2.588966 0.752100
0.549019 2.578539 0.741102
0.538308 2.575091 0.747978
0.530696 2.578837 0.753263
0.567199 2.573270 0.728118
0.547091 2.571090 0.742088
0.583486 2.571940 0.716202
0.574169 2.566635 0.722985
0.578212 2.576572 0.720678
0.593308 2.575228 0.709158
0.605349 2.567522 0.701269
0.616121 2.576534 0.693954
0.609963 2.584664 0.697644
0.621539 2.567980 0.690956
0.588795 2.566995 0.712222
0.615811 2.558288 0.695276
0.596327 2.558889 0.707335
0.581630 2.559264 0.717486
0.562512 2.558947 0.730570
0.555477 2.565571 0.735863
0.553753 2.555900 0.736208
0.546748 2.560548 0.741696
0.538287 2.557187 0.746958
0.539120 2.564734 0.747111
0.524479 2.562864 0.756546
0.529254 2.569929 0.753906
0.510307 2.568713 0.765536
0.521184 2.575835 0.759091
0.502410 2.574844 0.770027
0.507052 2.581085 0.767198
0.492804 2.580061 0.774757
0.485291 2.584104 0.777871
0.478784 2.580255 0.781105
0.487411 2.574976 0.777578
0.475435 2.574085 0.782655
0.494667 2.570461 0.774050
0.487427 2.567758 0.777308
0.495067 2.560829 0.772937
0.502391 2.565887 0.769752
0.472037 2.566865 0.783260
0.460189 2.565912 0.786294
0.463483 2.573081 0.786558
0.479224 2.559451 0.779454
0.466514 2.560779 0.783676
0.491865 2.552314 0.772723
0.473044 2.555347 0.780440
0.461436 2.556329 0.783306
0.479565 2.549779 0.776528
0.486706 2.541788 0.770476
0.468227 2.549018 0.779159
0.459790 2.545423 0.778335
0.473869 2.543784 0.775408
0.467778 2.540305 0.774389
0.476816 2.535356 0.768898
0.462397 2.536569 0.771952
0.454431 2.539933 0.774393
0.466478 2.529493 0.764806
0.454038 2.532988 0.767544
0.464183 2.519133 0.752248
0.479796 2.521337 0.756243
0.475594 2.512469 0.746006
0.491646 2.513237 0.747535
0.488903 2.528131 0.761117
0.500862 2.520656 0.752815
0.500298 2.533509 0.761485
0.512191 2.526009 0.753265
0.514481 2.536978 0.757316
0.505095 2.545002 0.764431
0.523986 2.529789 0.750268
0.528813 2.538637 0.750478
0.520679 2.544061 0.756145
0.538050 2.531089 0.743591
0.541913 2.541078 0.743090
0.528360 2.548174 0.752484
0.554540 2.532440 0.734403
0.555196 2.542880 0.734738
0.545925 2.550097 0.741281
0.562207 2.536200 0.730170
0.561142 2.550351 0.731004
0.560902 2.521549 0.729537
0.568514 2.528653 0.725937
0.574559 2.519714 0.722031
0.580937 2.506159 0.716621
0.585005 2.487123 0.710143
0.593441 2.503856 0.709677
0.568357 2.509377 0.723513
0.554912 2.508673 0.728733
0.573707 2.497333 0.718085
0.565345 2.492221 0.718859
0.550978 2.490876 0.721619
0.576429 2.481092 0.711301
0.567775 2.476054 0.711871
0.577984 2.459784 0.703520
0.558918 2.471944 0.711455
0.549209 2.465550 0.708967
0.567493 2.448197 0.700650
0.557536 2.438635 0.696830
0.575967 2.415562 0.689185
0.566595 2.403084 0.684597
0.586486 2.425086 0.691244
0.582079 2.382110 0.679682
0.572832 2.367648 0.675103
0.592512 2.390872 0.681536
0.585233 2.352320 0.673272
0.576088 2.332903 0.668453
0.592462 2.363860 0.675650
0.588427 2.329820 0.669413
0.580601 2.318202 0.667010
0.598556 2.347868 0.672312
0.588103 2.300779 0.665303
0.576499 2.291846 0.662814
0.599530 2.312876 0.666891
0.586748 2.269451 0.661738
0.574667 2.257668 0.659200
0.598636 2.280770 0.662943
0.585836 2.239172 0.658730
0.594913 2.254898 0.660155
0.583155 2.214802 0.656169
0.591755 2.228933 0.657246
0.573987 2.227843 0.656786
0.562263 2.212252 0.653277
0.574843 2.202388 0.654762
0.564270 2.183067 0.651665
0.578882 2.184357 0.652336
0.581158 2.160813 0.647639
0.589304 2.203075 0.653776
0.570843 2.172009 0.651025
0.569651 2.149309 0.647469
0.562812 2.159630 0.649055
0.560247 2.131379 0.645327
0.573813 2.124092 0.642273
0.563666 2.111057 0.642094
0.574060 2.104230 0.638495
0.580674 2.118077 0.638571
0.580814 2.139211 0.643180
0.587261 2.133579 0.638759
0.586669 2.113023 0.633535
0.592845 2.128732 0.633255
0.593862 2.149422 0.639039
0.587947 2.154777 0.643977
0.595065 2.170949 0.644721
0.588515 2.177972 0.649195
0.596250 2.194406 0.650088
0.600643 2.164751 0.639104
0.602352 2.186561 0.645007
0.607414 2.179685 0.638939
0.604161 2.210133 0.650269
0.597910 2.219189 0.654419
0.606495 2.234923 0.654576
0.609753 2.201761 0.644840
0.612074 2.225436 0.649984
0.614925 2.250199 0.654243
0.617177 2.216548 0.644246
0.620156 2.240324 0.649298
0.621343 2.208453 0.637558
0.624783 2.231008 0.643294
0.614252 2.194190 0.638408
0.617644 2.187461 0.631401
0.611327 2.173650 0.632279
0.619907 2.180104 0.622700
0.613904 2.168565 0.626055
0.624194 2.201839 0.630952
0.628621 2.222511 0.636418
0.625815 2.196652 0.624778
0.631615 2.214083 0.627686
0.626912 2.191791 0.617754
0.627972 2.190356 0.612266
0.620527 2.172995 0.614234
0.633101 2.208094 0.619816
0.633636 2.203514 0.611583
0.639615 2.224244 0.622283
0.638180 2.230475 0.629457
0.646263 2.240192 0.623596
0.640055 2.219657 0.616148
0.646486 2.232147 0.614584
0.639307 2.213948 0.607321
0.655235 2.251735 0.617887
0.650928 2.237196 0.607955
0.643130 2.220676 0.601736
0.656959 2.250443 0.612184
0.656643 2.246864 0.603311
0.648322 2.230828 0.596493
0.662783 2.257582 0.598052
0.663976 2.263647 0.610796
0.671379 2.280369 0.614443
0.662889 2.268433 0.619092
0.670947 2.274451 0.604862
0.677334 2.284845 0.598711
0.678874 2.294024 0.611885
0.686804 2.305276 0.604334
0.677646 2.301140 0.620638
0.686090 2.311886 0.615140
0.693416 2.325233 0.612104
0.684808 2.318105 0.621342
0.682138 2.326818 0.628548
0.691986 2.334400 0.620663
0.689130 2.344489 0.628341
0.699166 2.351418 0.620548
0.706988 2.369158 0.619336
0.700189 2.343154 0.614445
0.696133 2.360405 0.627590
0.692345 2.367242 0.633262
0.702681 2.379493 0.627865
0.695071 2.384336 0.635641
0.705171 2.395330 0.630618
0.708732 2.388811 0.625629
0.711495 2.403690 0.627364
0.711157 2.383734 0.621343
0.716613 2.394058 0.618944
0.713246 2.378353 0.616028
0.724028 2.414784 0.618935
0.721245 2.390613 0.610988
0.729066 2.410524 0.610543
0.714999 2.372681 0.609760
0.722613 2.386168 0.604952
0.728638 2.399417 0.602397
0.716637 2.369267 0.601620
0.723548 2.383613 0.595639
0.710020 2.351996 0.594556
0.709625 2.353879 0.603911
0.704227 2.339562 0.599801
0.706781 2.354169 0.610622
0.700139 2.334023 0.605965
0.694527 2.319355 0.601749
0.695482 2.320344 0.595117
0.687147 2.305383 0.588605
0.701382 2.334651 0.588783
0.688358 2.305821 0.597412
0.681915 2.293431 0.593134
0.673824 2.279722 0.588050
0.678153 2.291378 0.583457
0.665700 2.267561 0.583134
0.668666 2.268766 0.592799
0.659880 2.255261 0.586602
0.650398 2.244481 0.579376
0.654032 2.242484 0.591379
0.644514 2.228271 0.584581
0.639250 2.214824 0.589690
0.634095 2.213178 0.578230
0.637377 2.227762 0.573752
0.630247 2.199597 0.582743
0.624006 2.198766 0.572357
0.626045 2.213696 0.568681
0.621426 2.184731 0.576333
0.614261 2.184898 0.566952
0.604348 2.171129 0.561759
0.615684 2.200907 0.564152
0.612848 2.170015 0.570438
0.604498 2.155568 0.565065
0.611151 2.155765 0.574209
0.603501 2.139603 0.568370
0.609644 2.142712 0.578403
0.618718 2.171462 0.580450
0.616187 2.159247 0.584611
0.626312 2.186788 0.587213
0.622650 2.174883 0.590902
0.634024 2.201913 0.595202
0.628085 2.187713 0.596112
0.633726 2.200647 0.601632
0.627660 2.186740 0.602520
0.620166 2.166342 0.596003
0.623217 2.176311 0.607644
0.616806 2.155856 0.601829
0.611640 2.137667 0.594199
0.616498 2.157444 0.608605
0.612696 2.142403 0.603354
0.609217 2.127671 0.598659
0.612058 2.144011 0.609965
0.616027 2.160235 0.614826
0.608284 2.131701 0.611377
0.607833 2.124286 0.604046
0.610831 2.149126 0.618205
0.608441 2.154756 0.626342
0.607219 2.134237 0.616338
0.615290 2.164288 0.620417
0.603423 2.118948 0.614446
0.605799 2.137947 0.621519
0.601411 2.125470 0.622018
0.597516 2.126082 0.627585
0.603088 2.141388 0.627179
0.596593 2.104262 0.619500
0.591858 2.108836 0.627585
0.593238 2.084075 0.617081
0.599398 2.099614 0.611691
0.595934 2.080900 0.610278
0.601178 2.095244 0.602877
0.604618 2.108678 0.600063
0.598336 2.076352 0.598122
0.597559 2.078541 0.604399
0.601400 2.092065 0.595851
0.605299 2.117292 0.608100
0.598291 2.074290 0.591600
0.604509 2.107121 0.593569
0.606650 2.119347 0.587824
0.600344 2.088795 0.586405
0.596401 2.072335 0.579984
0.601909 2.102171 0.581406
0.597032 2.086513 0.574895
0.603155 2.114925 0.577315
0.598843 2.101786 0.573085
0.603082 2.125233 0.572652
0.608368 2.131199 0.582991
0.614029 2.148460 0.589276
0.595907 2.104531 0.567534
0.595239 2.122682 0.562668
0.594152 2.086413 0.569297
0.587744 2.087620 0.561388
0.583101 2.091540 0.557193
0.589203 2.105850 0.559841
0.580523 2.068708 0.557747
0.589191 2.068655 0.566224
0.593120 2.070824 0.571763
0.581841 2.052086 0.560737
0.588291 2.047251 0.569100
0.592612 2.057702 0.574656
0.582534 2.033422 0.563692
0.587970 2.030133 0.572333
0.591661 2.041342 0.578292
0.583342 2.015869 0.566966
0.587738 2.016972 0.575058
0.584609 1.999764 0.571215
0.590060 2.021747 0.581534
0.587398 2.003702 0.577691
0.593290 2.040493 0.589483
0.589126 2.007421 0.587171
0.586730 1.990280 0.580088
0.591217 2.024719 0.591559
0.589047 2.010244 0.593584
0.587213 1.991523 0.588459
0.586677 1.997052 0.595370
0.584933 1.971111 0.582279
0.583427 1.951068 0.575358
0.583727 1.975285 0.591952
0.583919 1.966652 0.574435
0.583231 1.953260 0.582534
0.581680 1.955716 0.589139
0.582428 1.933645 0.575447
0.580321 1.936329 0.584840
0.581788 1.914949 0.567381
0.581152 1.916175 0.574608
0.582093 1.932096 0.567767
0.580783 1.914259 0.560047
0.582100 1.949103 0.568125
0.580660 1.965362 0.565043
0.579000 1.931677 0.557699
0.575213 1.915133 0.547138
0.576456 1.949489 0.556043
0.573518 1.968177 0.554934
0.571427 1.933942 0.546485
0.567177 1.953542 0.546680
0.565337 1.918968 0.536881
0.557621 1.904660 0.527384
0.559677 1.939701 0.538415
0.570394 1.899365 0.536577
0.564488 1.884133 0.526385
0.574224 1.881177 0.537686
0.569394 1.865664 0.527022
0.576460 1.864615 0.539956
0.577954 1.897305 0.548679
0.579428 1.880485 0.551231
0.580787 1.897229 0.559138
0.578913 1.864880 0.550673
0.580180 1.880859 0.558627
0.580789 1.897964 0.566861
0.578668 1.865443 0.558259
0.576888 1.851845 0.557168
0.579325 1.881625 0.565733
0.577650 1.851051 0.550767
0.575261 1.865288 0.567452
0.572114 1.853980 0.567437
0.570704 1.874268 0.577628
0.577157 1.882718 0.571902
0.575211 1.852270 0.561740
0.572066 1.840852 0.560609
0.566391 1.840731 0.567818
0.575502 1.839147 0.551238
0.568916 1.821381 0.554467
0.562733 1.821977 0.562556
0.566435 1.806613 0.550020
0.572055 1.818320 0.544520
0.573529 1.823230 0.537103
0.568932 1.805691 0.543950
0.570234 1.805294 0.536534
0.570024 1.805418 0.528351
0.566985 1.793693 0.537250
0.567691 1.792587 0.529283
0.562363 1.775472 0.531149
0.562960 1.792945 0.545806
0.558944 1.798217 0.554307
0.557803 1.776501 0.541580
0.552337 1.766585 0.541967
0.552153 1.784974 0.552977
0.556713 1.765755 0.535944
0.558948 1.765270 0.530957
0.552080 1.756946 0.535204
0.546385 1.756684 0.541414
0.546840 1.743335 0.530688
0.556619 1.756068 0.525622
0.560400 1.764838 0.523809
0.557649 1.754188 0.517627
0.551666 1.742388 0.521364
0.554400 1.743493 0.512596
0.547086 1.729404 0.517155
0.541967 1.730170 0.526441
0.549665 1.728936 0.505997
0.542910 1.718616 0.515158
0.538710 1.708767 0.512323
0.538442 1.719233 0.522763
0.545434 1.718937 0.508643
0.542401 1.710498 0.504908
0.537977 1.699916 0.499244
0.545463 1.716776 0.499603
0.541853 1.708465 0.495566
0.545654 1.721076 0.492836
0.545243 1.729839 0.487011
0.549204 1.729277 0.497507
0.540542 1.710235 0.488199
0.534597 1.702618 0.481508
0.539230 1.720483 0.481119
0.538107 1.701360 0.491432
0.534428 1.695005 0.487442
0.528969 1.686484 0.483897
0.533842 1.691174 0.493785
0.530065 1.685311 0.490444
0.530377 1.686457 0.498585
0.525760 1.679827 0.493878
0.526304 1.684987 0.504937
0.533453 1.692326 0.501651
0.530769 1.691646 0.507049
0.534291 1.699178 0.509077
0.526997 1.691805 0.512335
0.521811 1.686415 0.511840
0.527080 1.698829 0.517593
0.518158 1.691654 0.518687
0.520268 1.705529 0.527218
0.533475 1.709424 0.520263
0.528032 1.713747 0.528318
0.523469 1.721954 0.536077
0.533676 1.720863 0.528978
0.533423 1.731200 0.535364
0.539997 1.746816 0.540406
0.526188 1.739805 0.544842
0.517190 1.731370 0.544146
0.520794 1.750952 0.552384
0.532550 1.748617 0.546423
0.530970 1.761082 0.553395
0.523058 1.773278 0.561154
0.539279 1.758021 0.547712
0.537876 1.777967 0.558284
0.529591 1.783353 0.563514
0.536658 1.792817 0.565245
0.546051 1.768164 0.548474
0.544969 1.787692 0.559249
0.544088 1.801852 0.566077
0.536540 1.813077 0.573307
0.551137 1.798019 0.560669
0.549757 1.820230 0.571074
0.542217 1.824143 0.575747
0.547828 1.835399 0.578061
0.555982 1.809100 0.562257
0.557069 1.833017 0.572084
0.561458 1.844868 0.573963
0.552838 1.847079 0.579979
0.545537 1.859247 0.587477
0.559907 1.861920 0.581694
0.552264 1.868773 0.588251
0.558300 1.879848 0.589426
0.567786 1.857281 0.573652
0.565005 1.875980 0.583473
0.563460 1.892757 0.590620
0.555460 1.906517 0.599996
0.569525 1.889141 0.584499
0.567335 1.913622 0.594934
0.560886 1.919196 0.601285
0.566158 1.931010 0.601613
0.573297 1.901474 0.584555
0.571610 1.925321 0.594935
0.571111 1.942220 0.600788
0.575497 1.920696 0.588560
0.576696 1.939251 0.592897
0.579131 1.917914 0.581089
0.578068 1.899638 0.576203
0.578517 1.958766 0.596752
0.574149 1.962588 0.604121
0.580793 1.978308 0.600035
0.576313 1.982488 0.607820
0.583747 1.997697 0.602753
0.580138 2.003256 0.610480
0.586300 2.013579 0.604486
0.583990 2.016061 0.609558
0.588369 2.029169 0.605790
0.588089 2.012285 0.599413
0.590634 2.026843 0.598048
0.593244 2.042264 0.595909
0.592426 2.043822 0.601825
0.590812 2.045219 0.607040
0.595204 2.060043 0.600281
0.592998 2.062143 0.608312
0.595730 2.058136 0.593674
0.589323 2.063120 0.615794
0.585237 2.048774 0.617590
0.585718 2.074939 0.624034
0.588554 2.046556 0.612112
0.584734 2.032021 0.613373
0.580421 2.034744 0.619296
0.580227 2.018500 0.615054
0.574947 2.021054 0.620747
0.568499 2.026005 0.626142
0.574960 2.039447 0.625046
0.575057 2.003365 0.615909
0.568843 2.006140 0.621350
0.561440 2.011729 0.626356
0.569290 1.986740 0.615759
0.562540 1.992790 0.621458
0.562157 1.969392 0.615650
0.569920 1.967672 0.609938
0.565806 1.954026 0.609052
0.559180 1.937997 0.608178
0.556700 1.956908 0.614858
0.550990 1.943627 0.613112
0.553564 1.924363 0.606579
0.545574 1.929117 0.610229
0.535226 1.918863 0.608208
0.539661 1.947990 0.616159
0.547786 1.911697 0.604391
0.542395 1.899776 0.601723
0.550686 1.885975 0.594897
0.535626 1.883368 0.597295
0.528669 1.902223 0.603146
0.537593 1.865801 0.591444
0.544056 1.875999 0.593650
0.524856 1.873932 0.594397
0.516795 1.881958 0.595469
0.522824 1.891688 0.599523
0.531809 1.855110 0.588534
0.517679 1.858158 0.588831
0.511213 1.872561 0.591383
0.510069 1.845260 0.583548
0.524540 1.841589 0.584463
0.516886 1.826125 0.579225
0.531643 1.827882 0.579520
0.539988 1.840058 0.582150
0.525407 1.817729 0.576853
0.527429 1.800200 0.570368
0.518312 1.809090 0.574097
0.517259 1.787731 0.567133
0.510837 1.801637 0.571514
0.507693 1.777401 0.563894
0.497939 1.767701 0.559936
0.501684 1.792663 0.567579
0.514060 1.763195 0.558794
0.504567 1.753228 0.555880
0.511768 1.742187 0.550972
0.495308 1.741796 0.551218
0.487868 1.758857 0.554643
0.484030 1.734086 0.545128
0.497792 1.729923 0.547160
0.504535 1.735522 0.549340
0.506208 1.724265 0.543507
0.514505 1.714231 0.535535
0.496211 1.713842 0.538735
0.485634 1.721447 0.540780
0.485581 1.706681 0.533453
0.500041 1.702018 0.531906
0.507280 1.708078 0.534240
0.492541 1.725292 0.544543
0.510080 1.698291 0.527048
0.503379 1.687608 0.522063
0.493587 1.681612 0.519626
0.493568 1.695907 0.528624
0.506193 1.680354 0.515729
0.512301 1.685691 0.517533
0.514083 1.679972 0.510880
0.520553 1.678318 0.502158
0.507795 1.672598 0.506775
0.500455 1.675412 0.513478
0.500840 1.666698 0.503468
0.514238 1.671499 0.499012
0.519048 1.672573 0.491401
0.507582 1.665513 0.495851
0.512739 1.666652 0.488454
0.500651 1.660681 0.492659
0.493382 1.662070 0.500347
0.506362 1.661867 0.485363
0.493610 1.657515 0.489464
0.487092 1.656276 0.486255
0.484779 1.659245 0.497326
0.499509 1.658949 0.481260
0.492260 1.657335 0.481022
0.497189 1.662184 0.473757
0.505326 1.661845 0.477583
0.504615 1.664381 0.472304
0.510025 1.665067 0.479440
0.510434 1.669179 0.473072
0.515601 1.669849 0.481872
0.521211 1.675245 0.484749
0.516518 1.674575 0.475299
0.514131 1.681939 0.469053
0.522773 1.680424 0.478742
0.521481 1.688122 0.472325
0.517780 1.697508 0.467087
0.528286 1.694982 0.476623
0.525202 1.704910 0.470713
0.532537 1.712351 0.475475
0.519317 1.716847 0.466187
0.510535 1.721905 0.463890
0.512581 1.707342 0.463851
0.516930 1.728378 0.465901
0.528512 1.723358 0.470817
0.523558 1.734488 0.468415
0.536042 1.731438 0.475893
0.530977 1.742937 0.472439
0.542838 1.740732 0.481644
0.538099 1.753880 0.477501
0.549283 1.749691 0.488377
0.546276 1.761149 0.484326
0.550860 1.738957 0.494375
0.555124 1.759696 0.495686
0.558244 1.761366 0.502928
0.552336 1.769726 0.490739
0.554670 1.749495 0.498358
0.558216 1.770737 0.499705
0.561229 1.774752 0.507389
0.556814 1.778885 0.496670
0.560126 1.789452 0.503343
0.554043 1.787160 0.493898
0.554461 1.802287 0.497852
0.549035 1.781014 0.488518
0.542805 1.773140 0.482719
0.544901 1.795318 0.489046
0.536883 1.785056 0.482354
0.537317 1.813836 0.490904
0.534499 1.831088 0.495743
0.527269 1.821716 0.491451
0.529258 1.799686 0.484257
0.548062 1.822907 0.498314
0.541468 1.840762 0.500546
0.556193 1.836650 0.507197
0.563437 1.850668 0.516841
0.561571 1.818448 0.508454
0.548779 1.856563 0.508286
0.546152 1.874683 0.512981
0.557822 1.868945 0.516924
0.539560 1.863888 0.507717
0.532701 1.853750 0.503438
0.536711 1.881987 0.513747
0.525198 1.871995 0.510341
0.527961 1.901210 0.520925
0.543403 1.899429 0.520654
0.534946 1.919036 0.526712
0.551714 1.886597 0.518738
0.549222 1.911191 0.525786
0.546156 1.930022 0.531060
0.538655 1.952451 0.536830
0.551849 1.944271 0.536353
0.554874 1.924471 0.531898
0.549498 1.963583 0.540586
0.543171 1.985657 0.544310
0.557555 1.958727 0.541863
0.555497 1.977893 0.544779
0.554237 1.996822 0.547186
0.562675 1.973663 0.547114
0.570502 1.987175 0.553907
0.561682 1.992156 0.548934
0.567508 2.006657 0.552749
0.575652 2.019708 0.558235
0.560942 2.010803 0.550067
0.567723 2.024662 0.553039
0.560895 2.029320 0.550810
0.573857 2.038912 0.555840
0.574593 2.056396 0.555200
0.567988 2.043312 0.552814
0.568520 2.062482 0.552516
0.564390 2.083984 0.550930
0.557183 2.050759 0.550447
0.576961 2.079516 0.554822
0.574725 2.096399 0.553071
0.584016 2.108057 0.556241
0.572727 2.115136 0.551958
0.563893 2.105587 0.550666
0.569474 2.134087 0.551605
0.581930 2.125809 0.554290
0.580040 2.144916 0.553450
0.590199 2.136401 0.557107
0.591035 2.156326 0.556345
0.590027 2.122107 0.558421
0.597070 2.142444 0.560752
0.597657 2.156369 0.559347
0.598131 2.170473 0.558294
0.588378 2.175211 0.555396
0.577146 2.164904 0.553414
0.586535 2.196210 0.555848
0.598340 2.185039 0.557628
0.606642 2.189811 0.560490
0.599492 2.206298 0.557846
0.596526 2.228848 0.558591
0.607335 2.203930 0.559655
0.608351 2.219867 0.559428
0.609766 2.237972 0.559928
0.615223 2.216985 0.561630
0.617129 2.233651 0.561200
0.626568 2.229439 0.565402
0.625973 2.247589 0.562934
0.638493 2.242021 0.569398
0.639004 2.258615 0.566131
0.650328 2.255086 0.573205
0.651342 2.269600 0.569134
0.660237 2.267174 0.575698
0.661479 2.278794 0.571966
0.669030 2.278605 0.579110
0.659076 2.259084 0.579276
0.671096 2.291008 0.574700
0.671508 2.305109 0.569841
0.681624 2.304433 0.578579
0.684372 2.319365 0.573633
0.691859 2.318918 0.583269
0.695979 2.334017 0.577904
0.699775 2.350702 0.572739
0.706630 2.349779 0.582976
0.711413 2.366192 0.577442
0.716036 2.366607 0.588851
0.721908 2.382917 0.583276
0.727328 2.399920 0.577629
0.730712 2.400479 0.590406
0.737822 2.417756 0.584567
0.737316 2.418530 0.599186
0.735734 2.422089 0.606819
0.731945 2.416617 0.571912
0.715562 2.383321 0.572068
0.702904 2.368165 0.567754
0.718921 2.400463 0.566872
0.721447 2.416912 0.562026
0.705264 2.385953 0.562964
0.707980 2.404157 0.558659
0.690292 2.372151 0.559967
0.694538 2.393204 0.556342
0.681369 2.371760 0.557513
0.679858 2.357240 0.560072
0.689866 2.354492 0.564617
0.687575 2.336738 0.569039
0.678162 2.342766 0.562816
0.667123 2.336174 0.561164
0.675585 2.324927 0.566239
0.664800 2.317599 0.564053
0.663500 2.303418 0.566539
0.652985 2.307970 0.563026
0.654637 2.328286 0.560516
0.654036 2.289232 0.566177
0.638930 2.298803 0.561986
0.629410 2.285735 0.561863
0.630709 2.302415 0.561427
0.642413 2.321639 0.560438
0.639997 2.278280 0.563940
0.628529 2.269100 0.562307
0.619050 2.266833 0.561287
0.621157 2.290047 0.561765
0.608339 2.259488 0.560804
0.618342 2.250363 0.561130
0.607184 2.282143 0.562419
0.597678 2.252519 0.560612
0.588405 2.252267 0.561878
0.598277 2.270443 0.562480
0.590101 2.278790 0.565471
0.592406 2.308594 0.569565
0.580110 2.269549 0.567292
0.600341 2.288991 0.564315
0.581850 2.290102 0.570696
0.582510 2.313901 0.575574
0.572457 2.280320 0.573267
0.563392 2.270527 0.576139
0.564888 2.294525 0.582263
0.576042 2.308119 0.578015
0.570148 2.256638 0.568865
0.577331 2.246716 0.563868
0.562977 2.247519 0.569895
0.558480 2.219775 0.564869
0.569543 2.235390 0.564032
0.552556 2.256490 0.579391
0.545418 2.245582 0.581279
0.547111 2.279299 0.594094
0.559646 2.288234 0.584607
0.551159 2.232668 0.572426
0.542911 2.221249 0.574645
0.542202 2.197490 0.567934
0.550792 2.208717 0.565886
0.535755 2.237543 0.588270
0.535111 2.207913 0.576557
0.530168 2.217997 0.586058
0.534057 2.185666 0.570549
0.534747 2.164522 0.564878
0.542646 2.175104 0.562321
0.527420 2.173349 0.572854
0.526280 2.198018 0.582895
0.522187 2.180441 0.581369
0.522425 2.208302 0.594849
0.526845 2.228646 0.597565
0.518601 2.188917 0.591805
0.521690 2.216732 0.606954
0.517693 2.195849 0.600333
0.525938 2.235776 0.606937
0.519337 2.201678 0.613157
0.527404 2.241056 0.618548
0.531732 2.261051 0.615715
0.524931 2.224985 0.620528
0.534216 2.260881 0.630257
0.537326 2.286600 0.630524
0.529686 2.232116 0.629354
0.542633 2.285939 0.642078
0.541080 2.257736 0.641317
0.550482 2.308192 0.652162
0.543736 2.319530 0.644974
0.546188 2.353676 0.656981
0.541520 2.342248 0.642398
0.548841 2.329938 0.653777
0.551376 2.361874 0.664739
0.543546 2.405037 0.677100
0.556546 2.333289 0.660867
0.558180 2.387155 0.677085
0.547473 2.430298 0.691467
0.564030 2.351487 0.668713
0.565862 2.317760 0.662974
0.561005 2.292422 0.657565
0.558671 2.311656 0.658677
0.568157 2.300447 0.661776
0.573774 2.308336 0.664346
0.564059 2.275625 0.657550
0.551367 2.253338 0.650059
0.562324 2.242272 0.654903
0.550212 2.223963 0.648991
0.550615 2.196008 0.648396
0.538843 2.204446 0.641706
0.539445 2.231133 0.641414
0.539700 2.178528 0.642205
0.528561 2.184591 0.633265
0.519354 2.164339 0.623546
0.529018 2.209283 0.631962
0.529750 2.160918 0.635020
0.520995 2.143491 0.627220
0.531963 2.137712 0.636552
0.522787 2.121690 0.629715
0.535117 2.115525 0.637822
0.542011 2.153384 0.642607
0.545833 2.128260 0.642723
0.552529 2.169726 0.647720
0.555135 2.147028 0.646658
0.545542 2.107189 0.641101
0.552959 2.118993 0.643468
0.552979 2.098099 0.640894
0.559223 2.073639 0.637171
0.543947 2.081001 0.638379
0.538405 2.095635 0.638369
0.536689 2.070299 0.636103
0.548156 2.060724 0.636184
0.536327 2.051140 0.633853
0.553069 2.038250 0.633050
0.541416 2.028283 0.631626
0.553627 2.019469 0.630018
0.561175 2.031740 0.630430
0.560284 2.052498 0.633988
0.568236 2.046290 0.630281
0.567004 2.066196 0.634321
0.575948 2.063778 0.629498
0.580711 2.052095 0.623213
0.580876 2.078517 0.629290
0.572898 2.079573 0.634303
0.567583 2.091804 0.638388
0.580433 2.097489 0.633974
0.586221 2.093476 0.628601
0.546194 2.008969 0.628979
0.552557 1.996174 0.625751
0.537463 1.992416 0.625697
0.526356 1.981202 0.621396
0.530905 2.015161 0.627938
0.539092 1.972751 0.622010
0.546097 1.984030 0.624287
0.548175 1.964129 0.619237
0.556551 1.980357 0.621059
0.532246 1.961741 0.619113
0.524664 1.945180 0.613743
0.517357 1.966926 0.615353
0.515249 1.933294 0.607597
0.533223 1.937181 0.613335
0.526822 1.926489 0.609720
0.521162 1.915348 0.605595
0.514750 1.899448 0.599390
0.507851 1.919274 0.600575
0.506232 1.888875 0.593095
0.500837 1.905934 0.593019
0.499451 1.877169 0.586655
0.504556 1.861651 0.586076
0.494605 1.892265 0.585149
0.493546 1.865625 0.580294
0.488803 1.878223 0.576795
0.488688 1.854731 0.574202
0.497889 1.851983 0.580676
0.501356 1.835931 0.578184
0.492305 1.845216 0.575865
0.490945 1.829695 0.571015
0.484446 1.843614 0.566799
0.496245 1.809699 0.569827
0.482076 1.815329 0.561243
0.478772 1.830393 0.557356
0.486960 1.799042 0.563251
0.473508 1.802491 0.550579
0.473224 1.818432 0.547057
0.469268 1.789081 0.545428
0.478637 1.788669 0.556313
0.468456 1.799916 0.539654
0.469750 1.810429 0.533186
0.464841 1.785606 0.533501
0.461600 1.772033 0.525277
0.466367 1.797110 0.527084
0.467368 1.768926 0.540497
0.463545 1.783905 0.519841
0.462049 1.770814 0.511172
0.467679 1.793002 0.513913
0.466035 1.781601 0.506923
0.475483 1.790159 0.499138
0.472600 1.808129 0.517046
0.476568 1.823192 0.520413
0.479970 1.803922 0.502773
0.491463 1.798448 0.490630
0.483234 1.818598 0.507406
0.490417 1.812807 0.497956
0.488209 1.834094 0.511251
0.480369 1.838332 0.524349
0.487704 1.848436 0.519473
0.497708 1.821699 0.497781
0.494785 1.843301 0.510209
0.503790 1.838395 0.502615
0.493428 1.857569 0.518608
0.487057 1.869150 0.532861
0.501720 1.853737 0.510666
0.497802 1.872570 0.522548
0.491715 1.878017 0.531253
0.499424 1.889070 0.528936
0.508627 1.865352 0.512398
0.511862 1.847640 0.503582
0.519121 1.858742 0.506212
0.515479 1.877181 0.514572
0.506704 1.882948 0.520998
0.512907 1.894584 0.522622
0.522102 1.889088 0.517444
0.517957 1.915245 0.528632
0.503084 1.908450 0.534624
0.494472 1.911468 0.545234
0.501622 1.925796 0.542670
0.509044 1.921052 0.535108
0.506932 1.939385 0.543286
0.505645 1.957925 0.550367
0.515576 1.933408 0.536024
0.513259 1.952235 0.543361
0.498575 1.945550 0.553955
0.496118 1.929206 0.550487
0.493543 1.950328 0.564473
0.500055 1.962447 0.557733
0.495282 1.966965 0.566983
0.502609 1.978569 0.560040
0.497127 1.983778 0.569867
0.504328 1.995583 0.562596
0.511252 1.971645 0.550274
0.510204 1.990759 0.555848
0.520029 1.965171 0.543836
0.517924 1.984910 0.549741
0.516292 2.004774 0.554918
0.527059 1.978306 0.544709
0.525159 1.998105 0.549422
0.529350 1.958683 0.539305
0.536391 1.971943 0.541686
0.534289 1.991657 0.545876
0.532746 2.011368 0.549302
0.541834 2.005003 0.547203
0.540695 2.024657 0.549408
0.523553 2.018128 0.553423
0.531533 2.031311 0.552132
0.522287 2.038304 0.556909
0.539957 2.044526 0.551105
0.549038 2.037652 0.549806
0.549097 2.056460 0.550398
0.530069 2.050375 0.554541
0.539062 2.067968 0.552578
0.528210 2.068884 0.556811
0.549586 2.075100 0.550694
0.538145 2.084929 0.553601
0.530214 2.091809 0.557659
0.544966 2.095861 0.552152
0.536963 2.103151 0.555258
0.544838 2.114433 0.553376
0.554897 2.103310 0.550747
0.553605 2.125849 0.552050
0.556485 2.087163 0.550375
0.544287 2.133817 0.555313
0.552777 2.145641 0.553893
0.562526 2.121518 0.550963
0.561558 2.138929 0.551824
0.561027 2.158125 0.553458
0.551873 2.165910 0.556694
0.560484 2.178249 0.556096
0.569406 2.151967 0.552330
0.569276 2.170952 0.553799
0.569213 2.191265 0.556227
0.559588 2.198683 0.559856
0.569182 2.216499 0.560361
0.577763 2.183695 0.554684
0.578755 2.202804 0.556456
0.580195 2.222617 0.558949
0.587762 2.215490 0.557360
0.588382 2.234192 0.559393
0.551144 2.186832 0.560663
0.543523 2.154270 0.558171
0.535514 2.143508 0.560606
0.527975 2.154936 0.568117
0.535794 2.122605 0.557819
0.528981 2.109506 0.560071
0.525130 2.133353 0.566775
0.517357 2.141943 0.577349
0.521560 2.114767 0.566583
0.514559 2.122646 0.576276
0.519327 2.094122 0.565612
0.512054 2.103896 0.575703
0.514307 2.083517 0.568612
0.520663 2.076842 0.562288
0.515084 2.067846 0.565806
0.508069 2.073149 0.575271
0.512681 2.047771 0.565420
0.521632 2.058224 0.559464
0.509332 2.030138 0.565341
0.505983 2.054450 0.574895
0.502051 2.060337 0.585477
0.503460 2.035805 0.574253
0.499755 2.040559 0.584095
0.501172 2.017292 0.573200
0.499090 2.000186 0.571244
0.507239 2.012125 0.563850
0.497331 2.019867 0.583973
0.495518 2.006218 0.588033
0.496205 2.003052 0.579018
0.497951 2.030400 0.594787
0.498981 2.045202 0.592299
0.497240 2.009670 0.597533
0.501225 2.046097 0.603727
0.501312 2.063694 0.597267
0.506011 2.061968 0.612735
0.502675 2.027354 0.608360
0.506428 2.008956 0.612790
0.508729 2.044006 0.617005
0.513989 2.058501 0.623349
0.515124 2.027809 0.622024
0.517048 2.046376 0.625550
0.520397 2.003164 0.622373
0.526143 2.036619 0.629063
0.523136 2.053334 0.629730
0.529576 2.061208 0.633143
0.520768 2.069716 0.628847
0.517651 2.087379 0.626200
0.529933 2.079509 0.634238
0.525901 2.100950 0.632313
0.514189 2.105180 0.621676
0.511393 2.073818 0.620284
0.509895 2.087450 0.617283
0.505584 2.083296 0.608818
0.505192 2.100680 0.601084
0.509126 2.102051 0.614110
0.509170 2.117671 0.611233
0.510785 2.140285 0.609209
0.514172 2.127476 0.619706
0.514252 2.143999 0.617717
0.511905 2.157182 0.601993
0.514858 2.160563 0.615633
0.507281 2.121815 0.598478
0.508987 2.136438 0.595990
0.507322 2.109523 0.587050
0.504894 2.097437 0.591537
0.506395 2.093405 0.582780
0.510135 2.129797 0.587035
0.512890 2.150024 0.589080
0.515701 2.170600 0.590367
0.515274 2.181376 0.601621
0.519921 2.161855 0.578936
0.504133 2.081446 0.586056
0.509652 2.088612 0.575391
0.502844 2.082125 0.595010
0.516062 2.177237 0.613621
0.521169 2.189538 0.622998
0.522745 2.207783 0.622052
0.511372 1.988014 0.615046
0.503813 1.972350 0.606637
0.499756 1.991478 0.603245
0.509189 1.952750 0.608088
0.497677 1.956148 0.597439
0.494587 1.973806 0.592916
0.502179 1.937951 0.599902
0.492490 1.939635 0.587131
0.489832 1.922786 0.580201
0.492138 1.956201 0.586145
0.496066 1.922879 0.591078
0.489953 1.938501 0.578479
0.488043 1.920620 0.570461
0.491100 1.954353 0.576646
0.492866 1.970170 0.575179
0.492570 1.972445 0.584104
0.489712 1.936380 0.569301
0.491651 1.933190 0.560525
0.489597 1.915760 0.557014
0.486602 1.896665 0.552333
0.484020 1.886753 0.555097
0.491430 1.891822 0.539264
0.485078 1.884421 0.546221
0.485861 1.902464 0.562879
0.484513 1.889103 0.565567
0.481444 1.870372 0.556620
0.487495 1.891774 0.575174
0.484601 1.875940 0.568908
0.487147 1.906022 0.572810
0.490473 1.907429 0.581321
0.482222 1.859758 0.563634
0.477361 1.844109 0.551062
0.486165 1.864339 0.572008
0.476843 1.841857 0.537556
0.473948 1.830031 0.544513
0.478854 1.857351 0.550027
0.479681 1.856906 0.540994
0.483097 1.853460 0.529206
0.482765 1.873792 0.546577
0.473397 1.826689 0.534076
0.487316 1.882004 0.539626
0.494055 1.988135 0.581547
0.494605 1.990872 0.591207
0.515612 2.024444 0.558868
0.557345 2.069597 0.550341
0.549316 2.018534 0.548651
0.522451 1.945696 0.537319
0.525094 1.926536 0.530386
0.532155 1.938843 0.533196
0.523349 1.839655 0.498184
0.513754 1.826537 0.494120
0.507318 1.816516 0.491592
0.520461 1.812213 0.487903
0.510380 1.801934 0.485042
0.520828 1.788601 0.479688
0.503443 1.786281 0.480394
0.499717 1.807199 0.490283
0.505970 1.772957 0.475089
0.513815 1.780463 0.476906
0.495403 1.778196 0.479725
0.497764 1.765912 0.474492
0.485351 1.782560 0.486527
0.478450 1.774942 0.487728
0.487511 1.770503 0.480136
0.480089 1.763218 0.481952
0.491871 1.752500 0.472021
0.475680 1.750768 0.480368
0.469085 1.767191 0.494431
0.471424 1.778831 0.496572
0.466508 1.754843 0.491827
0.461222 1.757557 0.503622
0.463982 1.742565 0.491162
0.473536 1.738712 0.478435
0.458690 1.745379 0.509121
0.461186 1.729245 0.489369
0.457563 1.732724 0.501763
0.461542 1.719537 0.484648
0.457360 1.721005 0.495198
0.470687 1.726936 0.476996
0.467938 1.717295 0.476387
0.481916 1.720460 0.467981
0.485601 1.709769 0.465056
0.486293 1.734081 0.469255
0.492032 1.717134 0.464039
0.475784 1.713721 0.469894
0.478507 1.703028 0.467587
0.466528 1.707621 0.476855
0.489534 1.698697 0.463585
0.472517 1.696012 0.470973
0.482501 1.692136 0.466071
0.493558 1.687441 0.463556
0.475655 1.686404 0.470097
0.464716 1.688666 0.479307
0.486336 1.679135 0.466695
0.474155 1.676437 0.473466
0.465135 1.678903 0.481006
0.481774 1.673978 0.469715
0.476317 1.667241 0.477202
0.467570 1.669391 0.485332
0.485264 1.667005 0.471633
0.481057 1.660048 0.482183
0.489134 1.660352 0.476438
0.473551 1.661604 0.491397
0.467411 1.667005 0.497321
0.481508 1.657837 0.492097
0.475708 1.661943 0.498551
0.470193 1.668573 0.504925
0.465836 1.676448 0.510742
0.460334 1.678360 0.500815
0.480168 1.663665 0.503835
0.477731 1.671650 0.511885
0.470312 1.679695 0.515643
0.486031 1.665899 0.507152
0.485365 1.676216 0.516238
0.477094 1.684639 0.520369
0.493304 1.670186 0.510466
0.468566 1.695340 0.521004
0.485061 1.690203 0.524761
0.476234 1.701536 0.527521
0.467290 1.716650 0.527016
0.466924 1.727576 0.531880
0.460962 1.708318 0.516826
0.459708 1.730261 0.518346
0.477790 1.718156 0.535979
0.473492 1.730590 0.538336
0.467561 1.744718 0.536562
0.461832 1.758386 0.529156
0.475826 1.754311 0.546652
0.462335 1.737217 0.527951
0.459712 1.747014 0.522793
0.476565 1.768586 0.552151
0.483602 1.774419 0.557418
0.472043 1.778710 0.549440
0.492389 1.783129 0.562776
0.459428 1.758657 0.516891
0.456668 1.721291 0.507114
0.455570 1.711237 0.501815
0.456408 1.700467 0.507434
0.457892 1.710583 0.489895
0.458865 1.700163 0.486258
0.455686 1.700915 0.496611
0.457355 1.690336 0.492538
0.456013 1.691416 0.503658
0.459611 1.680957 0.489160
0.462051 1.673350 0.493766
0.459683 1.683375 0.508521
0.462653 1.689255 0.514754
0.464671 1.698395 0.477659
0.494178 1.670287 0.468039
0.502066 1.669750 0.468342
0.498277 1.677493 0.465354
0.506320 1.676002 0.467033
0.503324 1.684731 0.464183
0.508874 1.691635 0.464187
0.499958 1.694738 0.462512
0.506409 1.701414 0.462735
0.496564 1.705925 0.462358
0.504661 1.714881 0.462697
0.497480 1.725088 0.464286
0.506604 1.734424 0.465281
0.502399 1.747522 0.468198
0.515972 1.744356 0.467739
0.494919 1.740273 0.467912
0.508332 1.756071 0.469836
0.523885 1.753325 0.471019
0.516327 1.767021 0.472953
0.530563 1.759942 0.474281
0.528773 1.773168 0.476628
0.537043 1.766461 0.478373
0.484387 1.745779 0.473079
0.506081 1.818213 0.575161
0.552813 2.284156 0.652001
0.542222 2.458488 0.704947
0.535601 2.451204 0.698904
0.530320 2.443254 0.691227
0.531069 2.473091 0.711845
0.518306 2.491079 0.724213
0.524369 2.467765 0.706721
0.539079 2.484987 0.719685
0.526534 2.501436 0.732048
0.539604 2.507163 0.733106
0.514536 2.506277 0.737981
0.522782 2.509699 0.739631
0.512751 2.513477 0.744660
0.529097 2.512466 0.739949
0.524233 2.518869 0.745084
0.531097 2.523665 0.744941
0.536161 2.516363 0.739240
0.544436 2.521093 0.737653
0.502753 2.509634 0.743221
0.505556 2.501310 0.734346
0.502155 2.489950 0.721518
0.494559 2.504597 0.738033
0.489486 2.497807 0.729298
0.478408 2.500036 0.729180
0.494487 2.483788 0.710962
0.484646 2.508018 0.741925
0.500708 2.472244 0.695627
0.486753 2.488642 0.714461
0.505445 2.475116 0.704815
0.517182 2.462354 0.698132
0.511949 2.459763 0.688373
0.522728 2.441719 0.680630
0.521459 2.441212 0.669943
0.513179 2.456008 0.675804
0.535747 2.414363 0.645924
0.530408 2.417076 0.661324
0.537862 2.382816 0.651492
0.540249 2.387168 0.638628
0.542249 2.355074 0.631757
0.550239 2.359239 0.616611
0.546022 2.394024 0.628290
0.547217 2.327719 0.613079
0.557234 2.328411 0.599857
0.554734 2.361972 0.611206
0.559504 2.343881 0.601488
0.552190 2.381472 0.617766
0.545589 2.411471 0.629606
0.561599 2.364920 0.604015
0.563982 2.389594 0.606006
0.572342 2.350350 0.591248
0.571497 2.373329 0.596164
0.578723 2.343876 0.584819
0.569038 2.320378 0.586634
0.577834 2.328509 0.581859
0.560616 2.312141 0.591504
0.577533 2.374940 0.591537
0.588739 2.336889 0.576843
0.589505 2.364865 0.581451
0.594311 2.325248 0.571666
0.596225 2.342900 0.573693
0.597910 2.361499 0.575769
0.602548 2.334246 0.569324
0.606738 2.359663 0.570529
0.613983 2.335815 0.565153
0.604084 2.311627 0.566032
0.610140 2.304219 0.563711
0.612508 2.322093 0.564529
0.619665 2.314455 0.562498
0.631894 2.319114 0.560917
0.622944 2.336855 0.562435
0.625547 2.359197 0.562229
0.634731 2.339489 0.559887
0.644849 2.341595 0.558804
0.638520 2.361807 0.558580
0.636061 2.383082 0.559118
0.647929 2.371557 0.556341
0.646335 2.357072 0.557506
0.655982 2.368330 0.555844
0.659520 2.389236 0.553621
0.656478 2.348790 0.558102
0.670402 2.376663 0.555074
0.672044 2.395482 0.552419
0.671001 2.357872 0.558166
0.682703 2.385935 0.554986
0.684386 2.403186 0.552152
0.685806 2.420908 0.549496
0.696781 2.411448 0.552949
0.698117 2.428779 0.549822
0.709924 2.421486 0.554766
0.723328 2.432994 0.557629
0.711066 2.438082 0.551154
0.711296 2.453876 0.547753
0.724628 2.448924 0.553528
0.724296 2.463460 0.549490
0.739046 2.461654 0.557208
0.736258 2.445192 0.561421
0.748194 2.474965 0.558270
0.747769 2.465325 0.561920
0.737145 2.473853 0.552017
0.736177 2.486064 0.547733
0.748360 2.484341 0.554590
0.747973 2.495485 0.550204
0.759188 2.493413 0.558764
0.756359 2.478980 0.563452
0.760039 2.505085 0.553701
0.759675 2.515670 0.548501
0.758767 2.526068 0.543308
0.746772 2.506336 0.545566
0.772479 2.525126 0.552127
0.773471 2.535841 0.546713
0.770562 2.543671 0.540843
0.782081 2.545189 0.546781
0.782782 2.539155 0.551123
0.790766 2.548577 0.551129
0.792485 2.557884 0.545625
0.792873 2.566093 0.540177
0.781503 2.551264 0.542654
0.803993 2.565551 0.548514
0.806035 2.574047 0.542723
0.813631 2.572492 0.551230
0.814140 2.576941 0.546315
0.821951 2.584826 0.545090
0.814205 2.581861 0.541663
0.825838 2.593593 0.538491
0.832034 2.592219 0.546999
0.833663 2.596577 0.541658
0.842416 2.604514 0.539648
0.834449 2.600929 0.536558
0.843882 2.610049 0.532085
0.851203 2.612076 0.537260
0.849567 2.608525 0.542814
0.857634 2.615888 0.540356
0.860604 2.620595 0.532695
0.862902 2.619927 0.543562
0.865365 2.622811 0.537658
0.868393 2.626388 0.531709
0.869606 2.626123 0.540546
0.875565 2.631911 0.533119
0.867040 2.623902 0.546326
0.876226 2.632947 0.542184
0.879232 2.634994 0.536214
0.879432 2.638194 0.546316
0.870012 2.627721 0.548487
0.881959 2.637969 0.538874
0.885411 2.640606 0.533389
0.883730 2.640524 0.540766
0.889380 2.645730 0.537056
0.893269 2.651039 0.538399
0.886077 2.644671 0.542796
0.897590 2.651888 0.529467
0.893517 2.647309 0.524925
0.901151 2.657270 0.533161
0.905837 2.657338 0.522319
0.913828 2.662240 0.514121
0.909806 2.662116 0.525043
0.901625 2.653394 0.520365
0.905044 2.655617 0.513498
0.897041 2.649859 0.517578
0.911461 2.660330 0.505458
0.900435 2.652944 0.510017
0.892074 2.647064 0.514307
0.903665 2.656437 0.502183
0.906073 2.659863 0.494491
0.912865 2.662439 0.496724
0.896182 2.653719 0.499481
0.893891 2.650039 0.506910
0.885544 2.647002 0.504319
0.887152 2.652221 0.495158
0.883015 2.641833 0.513399
0.875701 2.640265 0.508645
0.876546 2.644370 0.502243
0.876491 2.648210 0.495835
0.867362 2.638114 0.506710
0.855097 2.631989 0.508912
0.864231 2.642527 0.498942
0.864672 2.631782 0.514778
0.873775 2.636223 0.515149
0.863984 2.628100 0.520876
0.852957 2.625418 0.516539
0.855663 2.621705 0.524303
0.844370 2.618917 0.520100
0.844327 2.623394 0.514735
0.844884 2.628245 0.509173
0.834809 2.616632 0.518269
0.824890 2.614939 0.516594
0.834713 2.623286 0.511505
0.824984 2.609743 0.521175
0.834841 2.610163 0.525272
0.824472 2.604687 0.525946
0.844856 2.615113 0.525459
0.834551 2.604835 0.531420
0.824238 2.598790 0.531770
0.811503 2.592145 0.531002
0.802203 2.590459 0.528497
0.813268 2.600254 0.525241
0.803094 2.584960 0.532495
0.814057 2.586735 0.536954
0.803946 2.579878 0.536777
0.791993 2.573905 0.534779
0.793450 2.583290 0.529717
0.777315 2.566487 0.532480
0.767429 2.565147 0.529502
0.778776 2.576658 0.527927
0.780289 2.558855 0.537836
0.768297 2.558429 0.532748
0.758293 2.557362 0.529965
0.769148 2.551773 0.536264
0.757255 2.546124 0.534011
0.743699 2.539625 0.532625
0.757792 2.536160 0.538420
0.744625 2.529025 0.536461
0.733567 2.523901 0.535207
0.743799 2.516575 0.540520
0.734012 2.515358 0.537956
0.734631 2.506489 0.540775
0.724615 2.505705 0.538817
0.735326 2.497514 0.543856
0.723529 2.491000 0.542196
0.723795 2.477377 0.545738
0.710207 2.483450 0.541788
0.699266 2.476681 0.542325
0.707927 2.496882 0.539275
0.711022 2.469024 0.544622
0.699170 2.461747 0.544470
0.698833 2.445549 0.546982
0.687699 2.455835 0.545295
0.672111 2.448536 0.548151
0.689200 2.473128 0.543454
0.686820 2.438548 0.547211
0.673854 2.432173 0.548733
0.673507 2.414089 0.550236
0.663021 2.427346 0.550759
0.663829 2.438774 0.550437
0.661584 2.408745 0.551969
0.653514 2.425180 0.553665
0.640718 2.422726 0.558568
0.655810 2.443647 0.553306
0.651595 2.405333 0.554230
0.638975 2.402780 0.558488
0.649125 2.386159 0.555358
0.629843 2.401775 0.562465
0.617528 2.400394 0.568988
0.628736 2.389855 0.562231
0.631415 2.421692 0.563063
0.632751 2.441113 0.564192
0.620753 2.421587 0.569229
0.610885 2.423001 0.575660
0.621668 2.441017 0.571152
0.611225 2.442384 0.578025
0.622263 2.459824 0.573345
0.611323 2.461172 0.580728
0.622555 2.469296 0.574833
0.634979 2.459726 0.565126
0.630840 2.476532 0.570235
0.642937 2.454083 0.559911
0.643679 2.466551 0.560769
0.644268 2.479602 0.561859
0.651301 2.461902 0.556147
0.653740 2.481193 0.556543
0.665531 2.465422 0.550139
0.666087 2.483277 0.550375
0.674853 2.468488 0.547106
0.664755 2.451393 0.550304
0.675600 2.485982 0.546686
0.690739 2.489316 0.541988
0.675961 2.499358 0.546567
0.684865 2.506177 0.543074
0.668098 2.502360 0.550331
0.654300 2.498798 0.557700
0.663181 2.516972 0.554345
0.676188 2.510458 0.546789
0.676210 2.519399 0.547313
0.675816 2.535623 0.548820
0.686191 2.521303 0.542640
0.686343 2.536831 0.543174
0.698660 2.523726 0.537838
0.698055 2.538370 0.537807
0.698770 2.509105 0.538785
0.708854 2.526635 0.535098
0.708704 2.540289 0.534071
0.722500 2.530598 0.532750
0.708994 2.512580 0.536862
0.722743 2.518129 0.535437
0.723419 2.543575 0.530567
0.732902 2.533999 0.532335
0.732323 2.542158 0.530281
0.741127 2.549814 0.529043
0.732012 2.550219 0.528613
0.742209 2.561916 0.526121
0.731464 2.558889 0.527295
0.742698 2.573186 0.523702
0.756469 2.566809 0.525705
0.755797 2.576772 0.522303
0.766903 2.571820 0.526252
0.766319 2.580622 0.522243
0.766553 2.590580 0.518738
0.778719 2.585607 0.523167
0.781135 2.595899 0.518240
0.791024 2.590405 0.524520
0.790518 2.596467 0.520374
0.801481 2.595913 0.524418
0.799386 2.602748 0.519005
0.789870 2.602263 0.516696
0.801229 2.611127 0.513876
0.815257 2.608531 0.519338
0.813627 2.614932 0.513798
0.813764 2.620582 0.509281
0.824362 2.619914 0.511903
0.823895 2.627444 0.505549
0.834225 2.634275 0.501191
0.834544 2.628488 0.506288
0.813369 2.626709 0.504842
0.823249 2.635603 0.499236
0.822992 2.642051 0.494630
0.834033 2.640199 0.495992
0.812670 2.632997 0.500606
0.812395 2.642481 0.495595
0.802097 2.628485 0.503351
0.790523 2.625927 0.505430
0.802138 2.635670 0.499952
0.803890 2.620349 0.508215
0.790330 2.616330 0.509380
0.789850 2.607716 0.513688
0.778557 2.613272 0.511087
0.778200 2.623424 0.508747
0.766572 2.610747 0.513883
0.779231 2.603901 0.514275
0.766650 2.600536 0.515909
0.754466 2.597851 0.518474
0.752637 2.608782 0.518433
0.742729 2.595235 0.522019
0.755188 2.587208 0.519872
0.742988 2.584530 0.522351
0.730674 2.582742 0.526268
0.718948 2.580808 0.530905
0.729060 2.594661 0.527697
0.731283 2.570664 0.526143
0.719372 2.568821 0.529927
0.718047 2.555654 0.530562
0.707531 2.568735 0.535200
0.696452 2.567173 0.541136
0.705519 2.581446 0.538017
0.708058 2.558816 0.534186
0.697412 2.552924 0.538889
0.708452 2.549507 0.533825
0.685629 2.557631 0.546328
0.686324 2.546857 0.544205
0.675449 2.551314 0.551795
0.664653 2.545097 0.558012
0.664204 2.556654 0.561677
0.674650 2.563941 0.555540
0.663802 2.568882 0.566287
0.683380 2.569391 0.550264
0.673298 2.574868 0.560040
0.686316 2.582504 0.551247
0.684941 2.592081 0.555234
0.696252 2.576999 0.542823
0.695196 2.586993 0.545781
0.671988 2.584684 0.564842
0.662819 2.579207 0.571593
0.661288 2.588325 0.577772
0.674905 2.596462 0.566914
0.659760 2.596122 0.584141
0.673857 2.604240 0.572438
0.683850 2.601635 0.560053
0.683302 2.610640 0.565284
0.693863 2.596359 0.549235
0.696938 2.606363 0.550361
0.709035 2.594084 0.538399
0.707843 2.602890 0.541391
0.719229 2.589725 0.531744
0.718593 2.599158 0.534023
0.717452 2.608397 0.537062
0.733116 2.607045 0.527448
0.722827 2.619669 0.537310
0.704151 2.613472 0.547973
0.708882 2.621952 0.548504
0.693701 2.616751 0.558271
0.694748 2.624902 0.562962
0.682320 2.626155 0.581336
0.705928 2.630764 0.556951
0.697623 2.631993 0.567201
0.683914 2.618708 0.570346
0.674584 2.619487 0.584652
0.662469 2.618948 0.603209
0.669495 2.612225 0.584729
0.662878 2.604810 0.586668
0.655291 2.612504 0.604411
0.646070 2.605481 0.606675
0.637181 2.615182 0.625255
0.644890 2.619231 0.624656
0.617357 2.619439 0.644936
0.624888 2.611909 0.630322
0.612310 2.608513 0.636302
0.597484 2.619700 0.660445
0.581387 2.615340 0.670221
0.567555 2.622878 0.687442
0.591758 2.623714 0.669806
0.562625 2.625187 0.694021
0.615378 2.623103 0.652398
0.632263 2.624592 0.645902
0.583640 2.627287 0.683059
0.554288 2.626834 0.706169
0.577993 2.628095 0.692289
0.606476 2.627000 0.667739
0.601154 2.627913 0.677596
0.575275 2.627055 0.702306
0.627036 2.626297 0.656190
0.616017 2.627279 0.672567
0.594596 2.627194 0.690612
0.622083 2.625642 0.673541
0.644442 2.626256 0.647914
0.640920 2.625896 0.657020
0.662636 2.627365 0.630941
0.662329 2.627060 0.639090
0.649425 2.625486 0.637042
0.666979 2.627784 0.619832
0.679511 2.632724 0.614232
0.655970 2.623193 0.621938
0.682220 2.632467 0.596741
0.692973 2.637678 0.585752
0.671331 2.625236 0.600505
0.689926 2.632781 0.579608
0.689760 2.637052 0.599100
0.698439 2.640905 0.586672
0.699752 2.641076 0.599326
0.688142 2.635683 0.611588
0.704029 2.643518 0.588558
0.711161 2.646025 0.589603
0.711021 2.643840 0.598683
0.696779 2.638032 0.609766
0.705719 2.639354 0.608625
0.685245 2.632815 0.621367
0.672962 2.629730 0.626226
0.673518 2.628558 0.633142
0.684270 2.629204 0.629665
0.695462 2.635035 0.617457
0.695894 2.632285 0.622473
0.707158 2.635908 0.615006
0.706947 2.632410 0.620041
0.720893 2.638661 0.609331
0.719323 2.642599 0.603264
0.731306 2.642333 0.603274
0.731075 2.638470 0.607938
0.730945 2.634455 0.612360
0.741822 2.641957 0.602488
0.756621 2.644034 0.599160
0.743893 2.636696 0.607435
0.746683 2.648171 0.595280
0.745610 2.652280 0.589516
0.731816 2.645716 0.598139
0.757678 2.652211 0.591093
0.757128 2.648150 0.595162
0.768116 2.652322 0.591169
0.770212 2.646887 0.595564
0.782679 2.655376 0.588916
0.772797 2.659173 0.585288
0.771819 2.663708 0.580238
0.783045 2.663899 0.582178
0.782725 2.659627 0.585603
0.758388 2.655874 0.586629
0.757693 2.659890 0.580769
0.747098 2.655363 0.584563
0.764435 2.665660 0.574636
0.747320 2.658614 0.577713
0.738270 2.653995 0.583575
0.754714 2.663877 0.571043
0.739132 2.656713 0.575758
0.728531 2.652362 0.580493
0.742085 2.658866 0.568958
0.731791 2.654246 0.573415
0.735593 2.655587 0.562464
0.750243 2.663880 0.562528
0.745298 2.661136 0.558567
0.758072 2.668555 0.556916
0.756755 2.666509 0.565334
0.766028 2.671709 0.562377
0.774197 2.677885 0.556251
0.764237 2.668977 0.568019
0.778093 2.676214 0.564936
0.783624 2.681391 0.559697
0.772569 2.671006 0.570216
0.790738 2.680258 0.566704
0.791744 2.683782 0.561883
0.800294 2.685811 0.563919
0.783990 2.672885 0.572878
0.799842 2.681727 0.568378
0.809120 2.687206 0.565447
0.799649 2.677699 0.572622
0.809532 2.683242 0.569593
0.795873 2.671075 0.577672
0.808991 2.678767 0.573228
0.807454 2.674113 0.576672
0.819767 2.684539 0.570058
0.821029 2.690792 0.565096
0.818431 2.677916 0.574620
0.829731 2.685582 0.569898
0.830778 2.690498 0.566560
0.831957 2.695218 0.562720
0.840540 2.691437 0.566076
0.842109 2.698178 0.561264
0.839051 2.684368 0.570379
0.851262 2.697435 0.561725
0.850114 2.692179 0.565021
0.849033 2.687027 0.568037
0.860654 2.698053 0.560355
0.862328 2.705200 0.555533
0.859382 2.690628 0.564446
0.870763 2.703911 0.555327
0.869803 2.698563 0.558424
0.879034 2.703992 0.553403
0.869508 2.693542 0.560902
0.879833 2.697434 0.556191
0.868696 2.687201 0.563446
0.858048 2.683860 0.567513
0.879341 2.690763 0.558660
0.867573 2.680498 0.565675
0.856569 2.676939 0.570096
0.878254 2.683829 0.560756
0.866491 2.673859 0.567394
0.865256 2.668350 0.568693
0.856254 2.670096 0.571822
0.876542 2.676494 0.562572
0.888740 2.680078 0.555842
0.872375 2.667966 0.565172
0.864234 2.662662 0.569597
0.883989 2.671196 0.558360
0.871491 2.660963 0.565610
0.863207 2.657128 0.570205
0.870009 2.655660 0.566082
0.879883 2.663155 0.560273
0.875611 2.656016 0.562033
0.887941 2.664263 0.554138
0.882154 2.656416 0.556601
0.894614 2.664009 0.547751
0.894627 2.673429 0.551145
0.896005 2.679548 0.551181
0.901858 2.672225 0.544529
0.902843 2.679488 0.546239
0.904320 2.685159 0.546099
0.909325 2.679804 0.540936
0.916253 2.688073 0.537883
0.916060 2.679351 0.534534
0.923753 2.686586 0.531036
0.922386 2.679005 0.527736
0.908456 2.671691 0.537652
0.900119 2.662740 0.540802
0.915442 2.672182 0.529924
0.922797 2.673085 0.520846
0.907636 2.664818 0.532770
0.913522 2.666636 0.526297
0.918295 2.667091 0.517789
0.932395 2.679003 0.515044
0.929022 2.674570 0.513051
0.927235 2.678787 0.521813
0.936148 2.684179 0.516372
0.930406 2.685623 0.524065
0.944526 2.685869 0.507188
0.945238 2.691639 0.512859
0.951520 2.691614 0.505212
0.938721 2.692454 0.520231
0.953794 2.698173 0.508663
0.946807 2.699088 0.516207
0.962519 2.704993 0.503677
0.959248 2.697206 0.501069
0.963211 2.696283 0.492875
0.966640 2.702918 0.496805
0.970386 2.702391 0.489741
0.972791 2.707865 0.492588
0.977437 2.712552 0.489155
0.969817 2.708852 0.497465
0.975734 2.707230 0.486758
0.980523 2.711650 0.483004
0.977911 2.707155 0.481828
0.974494 2.703632 0.482490
0.982690 2.710695 0.476448
0.978952 2.706220 0.475376
0.986574 2.712515 0.468775
0.988123 2.716192 0.473473
0.985016 2.716137 0.479727
0.990108 2.719317 0.473606
0.990502 2.716486 0.467324
0.991377 2.718806 0.470178
0.993068 2.721555 0.469926
0.992413 2.718850 0.467348
0.994909 2.721187 0.464464
0.993274 2.718828 0.463791
0.996948 2.722301 0.458544
0.997732 2.724621 0.463123
0.995911 2.724934 0.467485
0.998743 2.724485 0.459114
0.999426 2.726135 0.461117
0.998881 2.727031 0.463351
1.000489 2.728359 0.460456
0.997789 2.728205 0.466053
0.994954 2.728618 0.470565
0.998262 2.730872 0.465719
0.999635 2.729557 0.463027
0.999951 2.731903 0.462587
0.998479 2.733376 0.464926
1.000690 2.734467 0.460462
1.001424 2.731239 0.458987
1.002296 2.730495 0.455774
1.002043 2.733614 0.457196
1.003051 2.733016 0.453301
1.002182 2.735608 0.456071
1.000952 2.736960 0.458471
1.002750 2.736531 0.452933
1.001876 2.739524 0.451861
1.001589 2.737972 0.455646
1.003588 2.735778 0.447981
1.003693 2.736058 0.444327
1.002710 2.739312 0.447628
1.003582 2.733409 0.445913
1.003495 2.733408 0.449756
1.003083 2.731100 0.448224
1.002999 2.730976 0.451473
1.001620 2.727923 0.450593
1.002238 2.729748 0.444274
1.001824 2.729797 0.440658
1.003405 2.733650 0.442234
1.000915 2.726985 0.447839
1.000730 2.727418 0.443289
0.999399 2.725266 0.446067
1.000100 2.727368 0.439788
0.997910 2.725584 0.436976
1.000887 2.730107 0.435561
0.997626 2.723764 0.443307
0.996881 2.723587 0.440027
0.995714 2.721860 0.442844
0.995036 2.720597 0.448061
0.993003 2.718104 0.453574
0.994665 2.720566 0.444986
0.997653 2.722871 0.450401
0.991571 2.717398 0.447974
0.987731 2.714362 0.446912
0.990007 2.715359 0.452911
0.992847 2.719136 0.444086
0.994348 2.721301 0.440287
0.990492 2.717370 0.443366
0.990464 2.718503 0.439347
0.986770 2.716594 0.436938
0.992254 2.721568 0.434363
0.987781 2.715528 0.442344
0.984741 2.713631 0.441139
0.980116 2.710832 0.440121
0.983539 2.711448 0.445643
0.981063 2.708591 0.450135
0.980029 2.709258 0.444826
0.975995 2.705505 0.448931
0.971442 2.701450 0.453857
0.970272 2.702642 0.447029
0.976366 2.707340 0.443442
0.975598 2.703873 0.454807
0.970747 2.699735 0.460206
0.979491 2.706446 0.455358
0.984125 2.710014 0.455599
0.976496 2.703486 0.461167
0.980951 2.706841 0.461794
0.973844 2.701010 0.467514
0.978352 2.704612 0.468002
0.969910 2.698268 0.466731
0.969639 2.697916 0.474452
0.964377 2.694177 0.472563
0.964721 2.694707 0.482548
0.974416 2.701922 0.475246
0.969569 2.699069 0.483264
0.958664 2.691383 0.491006
0.959550 2.690659 0.481491
0.953320 2.686913 0.489719
0.954411 2.687176 0.481244
0.946697 2.682223 0.487944
0.955903 2.688728 0.474200
0.949807 2.685973 0.471495
0.949240 2.684161 0.480085
0.960096 2.692476 0.465818
0.953775 2.689663 0.464158
0.964260 2.696166 0.458949
0.965305 2.695382 0.466108
0.967021 2.699214 0.452652
0.958216 2.693443 0.457460
0.961133 2.696742 0.451053
0.952788 2.691463 0.456112
0.945774 2.686849 0.461981
0.953561 2.694216 0.449070
0.946305 2.689596 0.454413
0.953594 2.696908 0.442405
0.959622 2.698513 0.444052
0.946580 2.692456 0.447230
0.938757 2.687877 0.452475
0.946597 2.695504 0.440539
0.939035 2.691104 0.445292
0.946473 2.698843 0.434614
0.953452 2.699775 0.436324
0.939092 2.694628 0.438760
0.930958 2.690314 0.443475
0.939036 2.698534 0.433113
0.931088 2.694424 0.437325
0.931213 2.698977 0.432175
0.939099 2.702830 0.428478
0.946335 2.702517 0.429495
0.953157 2.702891 0.430955
0.946324 2.706544 0.425291
0.939386 2.707420 0.424724
0.946649 2.710862 0.421947
0.952888 2.710082 0.422664
0.952882 2.706307 0.426440
0.958741 2.709862 0.423871
0.958521 2.713177 0.420731
0.963751 2.713120 0.421964
0.959140 2.706746 0.427845
0.964316 2.710394 0.425303
0.968620 2.713764 0.423323
0.964980 2.707823 0.429314
0.969360 2.711492 0.426569
0.965147 2.705240 0.434036
0.971310 2.709708 0.430911
0.959542 2.703884 0.432598
0.959923 2.701223 0.438032
0.967027 2.703490 0.439927
0.964706 2.700283 0.445369
0.969965 2.706910 0.435169
0.972551 2.705713 0.441610
0.975719 2.709513 0.436417
0.975497 2.711267 0.432195
0.979362 2.712873 0.433718
0.978915 2.714644 0.429735
0.982772 2.714465 0.435294
0.984229 2.717420 0.430831
0.985795 2.720837 0.426448
0.988577 2.719616 0.432459
0.990247 2.722802 0.428213
0.991752 2.726200 0.424431
0.994127 2.724739 0.430189
0.994328 2.726731 0.426821
0.996116 2.725313 0.432843
0.996760 2.727415 0.429523
0.996676 2.729553 0.426322
0.998522 2.727964 0.432655
0.999462 2.731407 0.429309
0.999952 2.735177 0.426914
1.001413 2.732966 0.432422
1.001466 2.735403 0.430331
1.002712 2.735028 0.435365
1.002271 2.738244 0.432271
1.002467 2.732114 0.438282
1.003403 2.736791 0.439254
1.002859 2.739863 0.437205
1.003334 2.738548 0.443192
1.002350 2.741637 0.441949
1.001033 2.744865 0.439876
1.000917 2.742844 0.447821
0.997875 2.744937 0.452998
0.999585 2.745789 0.445675
1.000831 2.741802 0.451310
0.999061 2.742780 0.454696
1.000183 2.740271 0.456238
0.996711 2.743446 0.458301
0.994124 2.745657 0.458929
0.996784 2.741450 0.461100
0.992531 2.743428 0.464491
0.998583 2.739627 0.460597
0.995540 2.739110 0.465423
0.993099 2.738492 0.469122
0.992873 2.741040 0.466934
0.998646 2.737865 0.462197
0.996071 2.735864 0.467165
0.993057 2.736031 0.470941
0.998665 2.735460 0.463749
0.996419 2.732380 0.468192
0.993145 2.732806 0.472350
0.989666 2.732609 0.476435
0.992724 2.730008 0.473585
0.989633 2.728175 0.477598
0.989209 2.724543 0.477951
0.992348 2.726842 0.474090
0.986190 2.729327 0.481439
0.986121 2.725725 0.481952
0.985600 2.721902 0.482171
0.982364 2.727100 0.485971
0.975868 2.726197 0.492817
0.981649 2.732065 0.485017
0.980717 2.721872 0.488220
0.974874 2.720631 0.494666
0.978862 2.717673 0.489870
0.982031 2.716974 0.485201
0.972852 2.714130 0.496087
0.965626 2.710135 0.502871
0.967618 2.715244 0.502070
0.968561 2.719717 0.501190
0.960196 2.711693 0.508487
0.950064 2.710210 0.516609
0.960729 2.717924 0.508183
0.954709 2.705176 0.511644
0.948129 2.705395 0.517475
0.938987 2.700818 0.523490
0.927689 2.698467 0.531523
0.939593 2.707534 0.523946
0.931825 2.693289 0.526935
0.925338 2.693316 0.532319
0.940989 2.713996 0.522663
0.927787 2.704584 0.531795
0.919656 2.700079 0.536987
0.930395 2.711629 0.529495
0.920799 2.705069 0.536060
0.912683 2.700755 0.541021
0.921706 2.709619 0.534778
0.912842 2.707414 0.539637
0.922354 2.714094 0.533208
0.914736 2.714465 0.536529
0.930304 2.718093 0.527838
0.922859 2.718894 0.531212
0.933211 2.725010 0.523537
0.941971 2.720343 0.520641
0.943521 2.726675 0.517276
0.952279 2.722167 0.513617
0.961385 2.723783 0.506510
0.951321 2.716110 0.515526
0.953167 2.728128 0.510742
0.953699 2.733730 0.507200
0.961782 2.729488 0.503926
0.961783 2.734998 0.500570
0.969238 2.730513 0.497315
0.968879 2.735457 0.494665
0.975796 2.731387 0.490921
0.969162 2.725165 0.499541
0.975327 2.736304 0.488422
0.973706 2.741216 0.485861
0.981948 2.736708 0.482099
0.980640 2.740892 0.480027
0.985617 2.738270 0.477418
0.985852 2.735289 0.479242
0.989010 2.736576 0.475074
0.986077 2.732380 0.480542
0.990171 2.740171 0.471037
0.985601 2.741081 0.475011
0.989436 2.742904 0.468979
0.985281 2.744777 0.471408
0.985073 2.747660 0.467921
0.980732 2.743893 0.476953
0.989071 2.745458 0.466212
0.980726 2.746916 0.473418
0.980559 2.750113 0.469523
0.975857 2.745752 0.479349
0.975741 2.749054 0.475386
0.967523 2.746883 0.484912
0.961606 2.748795 0.486954
0.970320 2.751164 0.477301
0.961211 2.745034 0.491757
0.967691 2.743118 0.489006
0.961326 2.740746 0.496156
0.968215 2.739245 0.492235
0.953949 2.742582 0.499319
0.953822 2.738103 0.503705
0.945508 2.739317 0.507475
0.935981 2.735816 0.515196
0.936929 2.740753 0.510224
0.946111 2.744186 0.502089
0.944716 2.732825 0.513075
0.934925 2.731070 0.519267
0.925041 2.729822 0.524203
0.926876 2.736646 0.518121
0.923402 2.723664 0.528660
0.914495 2.727374 0.529679
0.904587 2.725778 0.533555
0.916112 2.732416 0.525226
0.912056 2.720556 0.534667
0.903490 2.715736 0.540210
0.903903 2.720833 0.537207
0.895008 2.715709 0.542775
0.892813 2.721724 0.539176
0.892104 2.708030 0.547672
0.882469 2.711567 0.548304
0.872524 2.709258 0.551423
0.883270 2.716596 0.544640
0.874317 2.716288 0.545839
0.863572 2.710305 0.551326
0.864890 2.715431 0.546781
0.876488 2.723169 0.539365
0.885145 2.722089 0.540043
0.888277 2.727796 0.534412
0.885883 2.732635 0.528944
0.897555 2.732785 0.528583
0.896008 2.727582 0.533812
0.906760 2.732828 0.527137
0.908145 2.739321 0.520038
0.917978 2.737662 0.519904
0.920322 2.742708 0.513627
0.917147 2.747178 0.507916
0.928492 2.741864 0.512277
0.929081 2.746317 0.506599
0.928868 2.749784 0.501364
0.937816 2.745569 0.504370
0.938278 2.750510 0.497252
0.946532 2.748343 0.496700
0.947044 2.751760 0.491415
0.954265 2.746938 0.494113
0.954914 2.751589 0.487412
0.955165 2.755074 0.482201
0.962590 2.752087 0.481730
0.962090 2.757956 0.475046
0.961378 2.763792 0.468949
0.968155 2.760584 0.468057
0.969129 2.755467 0.473065
0.954894 2.760199 0.476176
0.947570 2.756203 0.484042
0.954433 2.766178 0.469482
0.953956 2.772014 0.461929
0.961114 2.768905 0.462963
0.947326 2.766702 0.470588
0.947621 2.761441 0.477099
0.940248 2.761672 0.477859
0.940114 2.767243 0.469583
0.939680 2.757036 0.485182
0.932784 2.760843 0.478906
0.932045 2.757420 0.485810
0.924845 2.757445 0.485863
0.930297 2.754152 0.493117
0.922014 2.754453 0.493332
0.919533 2.751068 0.500704
0.938900 2.753723 0.491538
0.910859 2.751089 0.500647
0.908875 2.747343 0.508247
0.901323 2.750108 0.500987
0.900213 2.746936 0.508195
0.913235 2.754753 0.491566
0.902111 2.752388 0.494146
0.915068 2.756976 0.484946
0.923136 2.759874 0.478713
0.908465 2.756101 0.484225
0.897600 2.753049 0.485764
0.910495 2.757848 0.477386
0.916894 2.759037 0.477997
0.918758 2.761163 0.470651
0.910732 2.758945 0.469605
0.920935 2.763266 0.463191
0.926998 2.765548 0.463704
0.925421 2.762876 0.471139
0.933436 2.768044 0.464091
0.934277 2.769930 0.457078
0.932657 2.764053 0.472765
0.940452 2.772425 0.457340
0.940148 2.770444 0.463519
0.946763 2.774076 0.457420
0.947227 2.774712 0.451372
0.953071 2.775424 0.451708
0.953116 2.774521 0.456999
0.947060 2.770849 0.464704
0.958738 2.774883 0.451967
0.959885 2.774586 0.446464
0.966476 2.772840 0.447896
0.961602 2.772385 0.457160
0.967021 2.771831 0.452253
0.967417 2.769450 0.457105
0.973192 2.768291 0.451732
0.967584 2.765620 0.462523
0.973865 2.761652 0.461767
0.973338 2.765579 0.456783
0.979241 2.761207 0.456117
0.978848 2.764083 0.451502
0.979749 2.757534 0.460761
0.984119 2.759761 0.450917
0.984483 2.757030 0.455224
0.988585 2.755952 0.450178
0.985043 2.753806 0.459462
0.980219 2.753645 0.465291
0.990318 2.750194 0.457617
0.985011 2.750641 0.463964
0.988944 2.753649 0.453943
0.992546 2.751109 0.452418
0.994333 2.751934 0.446908
0.996499 2.747813 0.450821
0.993775 2.747941 0.455840
0.996679 2.749294 0.447301
0.998447 2.748029 0.444577
0.998281 2.749013 0.441255
0.999093 2.748458 0.435669
0.996326 2.751907 0.440349
0.995966 2.752826 0.436651
0.994056 2.753563 0.443461
0.990817 2.756679 0.443394
0.990123 2.758548 0.439682
0.983757 2.761903 0.446728
0.978896 2.765743 0.446999
0.985743 2.762124 0.440189
0.979312 2.766335 0.442480
0.984597 2.763106 0.436266
0.989154 2.759940 0.436088
0.989116 2.759813 0.431607
0.993055 2.756679 0.435097
0.992179 2.757796 0.432540
0.995274 2.753811 0.430063
0.993808 2.753828 0.426138
0.993881 2.755996 0.430220
0.997200 2.750638 0.430408
0.999407 2.746844 0.430548
0.996269 2.749362 0.425442
0.993611 2.748408 0.421403
0.998258 2.745252 0.425502
0.995556 2.743598 0.421086
0.999906 2.740959 0.426212
0.999102 2.737761 0.424611
1.001326 2.742889 0.431880
1.001031 2.738205 0.428291
0.997708 2.740716 0.422723
0.996640 2.737401 0.421613
0.994899 2.740067 0.419869
0.996933 2.733276 0.423605
0.992627 2.735334 0.418995
0.991773 2.739251 0.417828
0.987824 2.733858 0.416976
0.993049 2.731071 0.421070
0.988130 2.729398 0.418873
0.994193 2.728959 0.423681
0.991527 2.728198 0.421900
0.989264 2.727399 0.420865
0.987286 2.724618 0.422339
0.986600 2.726512 0.419896
0.981707 2.722575 0.420933
0.975780 2.719913 0.420470
0.980083 2.724485 0.418453
0.980590 2.718597 0.425098
0.983819 2.725589 0.419118
0.982350 2.727815 0.417268
0.976265 2.726919 0.415978
0.982229 2.732489 0.415480
0.976064 2.731141 0.414457
0.981553 2.736975 0.414373
0.980464 2.741531 0.413883
0.987128 2.738180 0.415864
0.975291 2.735560 0.413384
0.968601 2.733738 0.412943
0.973943 2.740161 0.412796
0.966964 2.738040 0.412348
0.972031 2.745256 0.412636
0.967776 2.747879 0.412490
0.973044 2.749332 0.413332
0.979098 2.746127 0.413944
0.964894 2.742394 0.412083
0.957458 2.739839 0.412295
0.962331 2.746297 0.412129
0.955184 2.744071 0.412306
0.960624 2.750430 0.412732
0.953033 2.748264 0.412681
0.957990 2.754575 0.413782
0.968522 2.751918 0.413513
0.965125 2.756605 0.415060
0.974749 2.754477 0.415604
0.971298 2.758621 0.417366
0.980091 2.755991 0.418199
0.977748 2.750493 0.414583
0.982922 2.751610 0.416671
0.984807 2.747100 0.415802
0.987507 2.752426 0.419334
0.984552 2.757050 0.421407
0.989645 2.747859 0.418264
0.991205 2.752955 0.422392
0.988073 2.757429 0.424659
0.990595 2.757152 0.426906
0.984138 2.761930 0.429298
0.980459 2.761707 0.424709
0.978954 2.766388 0.436660
0.980724 2.764313 0.430119
0.978533 2.764532 0.428429
0.977855 2.766348 0.432954
0.973266 2.767478 0.431503
0.967045 2.770700 0.436206
0.975527 2.764468 0.426260
0.973026 2.769067 0.436828
0.966623 2.767636 0.428370
0.960500 2.771483 0.435697
0.961569 2.768852 0.428729
0.962912 2.765700 0.423168
0.971937 2.763931 0.423535
0.976449 2.760173 0.420474
0.967337 2.762564 0.419984
0.961516 2.760646 0.417097
0.954818 2.758448 0.415292
0.957429 2.764141 0.419831
0.951263 2.761966 0.417388
0.952657 2.766987 0.423396
0.947316 2.765021 0.420219
0.947041 2.768890 0.428077
0.957930 2.768052 0.426338
0.953169 2.770096 0.431478
0.947774 2.770809 0.435275
0.954089 2.771624 0.435851
0.958748 2.770310 0.431905
0.948148 2.772375 0.440204
0.947806 2.773899 0.445633
0.954339 2.773270 0.440559
0.941869 2.770763 0.439702
0.941750 2.772064 0.445157
0.941154 2.772880 0.451018
0.935683 2.769754 0.444581
0.929478 2.767763 0.450070
0.928497 2.767031 0.443728
0.936156 2.769170 0.439193
0.935100 2.770315 0.450593
0.928116 2.767088 0.456587
0.920754 2.763878 0.455706
0.914492 2.761360 0.454427
0.915619 2.761361 0.462453
0.924470 2.765621 0.449383
0.918673 2.763251 0.448256
0.913274 2.760881 0.446622
0.922377 2.764760 0.442585
0.925514 2.766001 0.437446
0.916840 2.762294 0.440951
0.911521 2.758645 0.438543
0.920387 2.763762 0.435904
0.916749 2.761366 0.434446
0.923227 2.764540 0.431487
0.926274 2.765244 0.427573
0.928312 2.766834 0.432956
0.918952 2.760833 0.428867
0.916445 2.757484 0.427287
0.922774 2.762775 0.426296
0.913768 2.758139 0.432493
0.924463 2.759136 0.421783
0.923963 2.755749 0.420457
0.929473 2.757908 0.418681
0.931679 2.761962 0.420077
0.919375 2.756963 0.423872
0.925060 2.761930 0.423028
0.929291 2.764235 0.423043
0.934181 2.766515 0.424222
0.930899 2.767225 0.428739
0.938965 2.768200 0.425982
0.937715 2.764710 0.420803
0.941221 2.762422 0.418213
0.943192 2.767019 0.423207
0.934800 2.759877 0.417850
0.944474 2.759422 0.416142
0.947603 2.756044 0.414579
0.937279 2.756880 0.416249
0.929183 2.754659 0.417896
0.940144 2.753573 0.414925
0.932695 2.751073 0.416229
0.942924 2.749874 0.413949
0.935446 2.747424 0.415241
0.945287 2.745828 0.413399
0.950520 2.752303 0.413430
0.947384 2.741564 0.413196
0.937445 2.743321 0.414877
0.939105 2.738934 0.414894
0.929665 2.741030 0.417078
0.922418 2.740168 0.419775
0.928525 2.745147 0.417107
0.929869 2.735653 0.417748
0.924187 2.729189 0.420723
0.934958 2.733265 0.416490
0.921260 2.735795 0.420841
0.919313 2.731858 0.422151
0.913595 2.735567 0.424795
0.915757 2.740472 0.423257
0.912500 2.730628 0.425711
0.905519 2.735289 0.430282
0.897408 2.736013 0.437223
0.908710 2.740924 0.428173
0.903071 2.728502 0.431704
0.897774 2.721877 0.435051
0.907420 2.725182 0.428929
0.893179 2.729125 0.439489
0.888854 2.721768 0.441679
0.884290 2.729676 0.447825
0.876089 2.729962 0.456933
0.889779 2.737378 0.445676
0.879157 2.721735 0.449845
0.869785 2.721715 0.458835
0.874665 2.713076 0.451354
0.870725 2.703696 0.452860
0.886357 2.713589 0.442721
0.863451 2.712277 0.460272
0.852547 2.711405 0.469498
0.857475 2.701676 0.461271
0.848504 2.696908 0.465558
0.850385 2.703894 0.467079
0.855161 2.690677 0.461823
0.847097 2.691612 0.465790
0.846045 2.685251 0.467035
0.870163 2.693921 0.453631
0.856069 2.681713 0.463560
0.867662 2.684550 0.457419
0.857675 2.673632 0.467229
0.844959 2.678601 0.469383
0.835443 2.677924 0.474206
0.843463 2.669809 0.473975
0.834388 2.664313 0.479661
0.846721 2.662042 0.478258
0.834628 2.671133 0.476613
0.825787 2.665869 0.482327
0.824708 2.675327 0.480984
0.823732 2.656192 0.486645
0.813080 2.662585 0.488875
0.813119 2.672216 0.488274
0.802102 2.659720 0.494588
0.812490 2.652889 0.491520
0.801678 2.650580 0.495795
0.801974 2.643203 0.497488
0.790785 2.647633 0.501180
0.778393 2.646198 0.508011
0.791672 2.657682 0.500769
0.792252 2.637165 0.502031
0.776758 2.634477 0.508138
0.767888 2.628960 0.511727
0.767270 2.637451 0.513176
0.758933 2.631689 0.516823
0.765883 2.646016 0.516237
0.770760 2.657585 0.516780
0.757971 2.639477 0.519344
0.755400 2.649311 0.526373
0.749140 2.640718 0.526694
0.746117 2.651050 0.536960
0.761370 2.658792 0.526513
0.754184 2.660475 0.537024
0.767525 2.667435 0.526690
0.762169 2.667213 0.534303
0.776534 2.668673 0.517496
0.773278 2.675244 0.529100
0.783110 2.684104 0.528643
0.778464 2.675474 0.521625
0.766673 2.673320 0.539147
0.760810 2.670582 0.547260
0.776592 2.681033 0.536186
0.756793 2.665953 0.542298
0.773778 2.679282 0.545600
0.781932 2.685188 0.540305
0.781875 2.683640 0.550594
0.766329 2.674164 0.551585
0.789661 2.689582 0.544873
0.791093 2.687126 0.554796
0.798549 2.693252 0.549107
0.801071 2.689526 0.558770
0.807754 2.696078 0.552651
0.814873 2.694406 0.559421
0.816192 2.698452 0.554248
0.824885 2.700283 0.555740
0.823224 2.695537 0.560716
0.833679 2.701453 0.557002
0.834659 2.706223 0.551557
0.843975 2.707737 0.552274
0.843290 2.702981 0.556999
0.853985 2.709246 0.552043
0.855722 2.715777 0.545396
0.852494 2.702503 0.557873
0.858363 2.720640 0.539718
0.866444 2.720233 0.541745
0.844240 2.712106 0.546892
0.836165 2.710895 0.545596
0.850806 2.719642 0.538664
0.838320 2.715271 0.539014
0.852824 2.723710 0.532453
0.860527 2.725306 0.533599
0.862285 2.729508 0.526930
0.868480 2.726326 0.534633
0.870322 2.731050 0.528024
0.878216 2.732084 0.528726
0.877031 2.727481 0.534532
0.880128 2.736751 0.521861
0.888271 2.737612 0.522404
0.890027 2.742120 0.515292
0.872173 2.735337 0.520887
0.881739 2.740871 0.514479
0.874009 2.739056 0.513294
0.891464 2.745892 0.507815
0.892919 2.748770 0.500411
0.883532 2.744359 0.506797
0.885740 2.747144 0.499046
0.876814 2.742488 0.505384
0.889071 2.749574 0.491481
0.878213 2.744580 0.496593
0.895014 2.751101 0.493128
0.884375 2.747936 0.489434
0.872290 2.741770 0.493995
0.871301 2.740448 0.503754
0.865237 2.737624 0.501341
0.865174 2.736109 0.511255
0.857850 2.731162 0.518670
0.857531 2.732832 0.509013
0.851066 2.729404 0.505349
0.848497 2.727173 0.517566
0.840247 2.723202 0.513908
0.840623 2.722625 0.521923
0.846415 2.724855 0.523694
0.852947 2.726963 0.525281
0.837968 2.719864 0.527663
0.827336 2.715037 0.524987
0.845452 2.721662 0.531382
0.830635 2.714000 0.534996
0.822558 2.708233 0.540479
0.824319 2.712001 0.532069
0.815512 2.706442 0.535448
0.818733 2.709563 0.529386
0.806584 2.699566 0.542823
0.806655 2.701914 0.530903
0.814153 2.707105 0.527514
0.798077 2.695859 0.527617
0.809689 2.703883 0.524300
0.797749 2.695529 0.538442
0.789725 2.690360 0.533991
0.817880 2.709426 0.521625
0.805385 2.700154 0.520110
0.809932 2.701518 0.512467
0.797008 2.692235 0.518136
0.814116 2.706327 0.516901
0.820240 2.708949 0.508557
0.828542 2.711412 0.497930
0.825885 2.714324 0.514212
0.831058 2.716391 0.504826
0.814842 2.702656 0.504905
0.805531 2.695266 0.508687
0.820291 2.703262 0.497362
0.812003 2.694411 0.498553
0.827974 2.703977 0.488518
0.820255 2.694237 0.489057
0.836288 2.704575 0.479982
0.837028 2.713030 0.488301
0.847501 2.722484 0.487909
0.844819 2.713145 0.478986
0.853687 2.722001 0.477872
0.861714 2.729575 0.476340
0.861239 2.721855 0.468271
0.869439 2.731131 0.466677
0.877020 2.736648 0.462060
0.872221 2.736290 0.469505
0.867326 2.735340 0.476958
0.880335 2.741803 0.464798
0.874683 2.740823 0.474764
0.888466 2.746953 0.459816
0.886306 2.742203 0.454829
0.884697 2.746310 0.467574
0.881615 2.745867 0.475252
0.892572 2.750737 0.462515
0.899874 2.754528 0.457225
0.898489 2.754344 0.465632
0.896110 2.751422 0.454839
0.888965 2.749701 0.470226
0.892901 2.751947 0.472620
0.886243 2.748853 0.479424
0.898207 2.754236 0.475086
0.891510 2.751216 0.482511
0.904266 2.756870 0.467871
0.904281 2.756209 0.477071
0.909648 2.759254 0.460984
0.904139 2.756898 0.459073
0.908758 2.758834 0.452579
0.903020 2.755242 0.449992
0.899442 2.751747 0.447579
0.909236 2.758505 0.445105
0.905627 2.755412 0.443093
0.902846 2.751870 0.440952
0.908449 2.755079 0.436395
0.896447 2.746050 0.443731
0.905493 2.749991 0.434576
0.911844 2.754333 0.430187
0.901048 2.746279 0.437546
0.907393 2.747159 0.430499
0.911101 2.750543 0.428019
0.912280 2.745671 0.425682
0.901817 2.742494 0.434645
0.895781 2.741970 0.441157
0.914923 2.749826 0.424285
0.919092 2.745352 0.421190
0.918958 2.748845 0.421363
0.923254 2.743579 0.419084
0.925887 2.748309 0.418206
0.923073 2.751402 0.419748
0.918425 2.753674 0.423221
0.890691 2.742028 0.448083
0.893164 2.747898 0.452143
0.879177 2.745492 0.486770
0.874328 2.742481 0.483825
0.870012 2.739244 0.481987
0.866958 2.738410 0.490884
0.861463 2.733784 0.486774
0.859827 2.734487 0.498205
0.856000 2.731646 0.494991
0.846516 2.725940 0.499627
0.851870 2.727634 0.491469
0.835707 2.720178 0.508175
0.838248 2.719246 0.497492
0.856792 2.728830 0.483762
0.882059 2.736728 0.454807
0.830604 2.695477 0.479757
0.843298 2.704788 0.473295
0.841835 2.697844 0.471108
0.838847 2.687463 0.471309
0.826240 2.685246 0.480261
0.813098 2.682478 0.490138
0.804256 2.675603 0.494706
0.804390 2.684538 0.499499
0.796363 2.684652 0.508724
0.797799 2.675829 0.500549
0.793932 2.667163 0.500639
0.790251 2.675765 0.507851
0.784112 2.675694 0.514554
0.784902 2.667040 0.508282
0.781034 2.656960 0.508111
0.787223 2.682485 0.518408
0.802991 2.668616 0.494238
0.830885 2.717657 0.517735
0.792216 2.690850 0.524972
0.815614 2.702331 0.546826
0.826050 2.704762 0.549915
0.828905 2.709548 0.543382
0.835842 2.720494 0.520435
0.864731 2.733446 0.519758
0.898765 2.742756 0.515643
0.908085 2.743309 0.514762
0.897663 2.737067 0.523587
0.751048 2.663802 0.550719
0.747128 2.658813 0.545363
0.741082 2.657083 0.553797
0.737538 2.651897 0.548538
0.725524 2.648422 0.559750
0.729568 2.643175 0.546950
0.721351 2.643263 0.555793
0.721425 2.635585 0.547852
0.738897 2.641938 0.536538
0.732030 2.632120 0.536302
0.745306 2.631466 0.525765
0.732078 2.624370 0.532678
0.723099 2.626875 0.540291
0.714647 2.628877 0.548150
0.741648 2.620825 0.525168
0.732618 2.615774 0.529463
0.755334 2.620519 0.517578
0.742628 2.612213 0.523210
0.767294 2.620866 0.512310
0.709651 2.637517 0.560728
0.699726 2.638315 0.574566
0.714425 2.643506 0.564838
0.708919 2.644123 0.574691
0.719588 2.648203 0.568353
0.715133 2.647716 0.580438
0.725266 2.651511 0.571024
0.823082 2.649091 0.490488
0.834400 2.657825 0.483395
0.833724 2.648749 0.489526
0.844683 2.655060 0.483877
0.844263 2.648674 0.489263
0.854138 2.654504 0.484067
0.845169 2.643139 0.494427
0.857901 2.648355 0.490619
0.844889 2.635337 0.501882
0.854829 2.636479 0.503200
0.855658 2.642002 0.497108
0.868145 2.654128 0.485483
0.866583 2.648303 0.492195
0.877553 2.654371 0.487231
0.878677 2.659852 0.480029
0.887263 2.655842 0.488599
0.887926 2.660353 0.481606
0.889394 2.665550 0.474174
0.896568 2.661446 0.483579
0.898935 2.666366 0.476029
0.898988 2.658009 0.491946
0.909065 2.667093 0.480091
0.910308 2.672331 0.470454
0.920621 2.671489 0.479314
0.907867 2.663453 0.487082
0.914974 2.665470 0.489334
0.926193 2.670843 0.489206
0.928087 2.673602 0.481371
0.919175 2.665555 0.498363
0.932703 2.673758 0.492952
0.934529 2.675931 0.483549
0.936601 2.678919 0.475711
0.939819 2.678316 0.485648
0.944213 2.681803 0.478264
0.944343 2.683897 0.469722
0.929199 2.676696 0.473629
0.937598 2.681850 0.467850
0.929632 2.679828 0.465945
0.920403 2.674487 0.471872
0.930157 2.683141 0.458150
0.938325 2.684826 0.460091
0.920644 2.678008 0.464231
0.921346 2.681890 0.456284
0.912183 2.681309 0.454507
0.911127 2.676751 0.462303
0.922167 2.685940 0.448783
0.930593 2.686589 0.450592
0.913769 2.686104 0.447390
0.922560 2.690281 0.442063
0.901420 2.682430 0.451822
0.909829 2.691482 0.441338
0.900931 2.687162 0.446485
0.901184 2.692910 0.441864
0.910692 2.696946 0.436702
0.922940 2.695001 0.436608
0.919571 2.700814 0.432146
0.911935 2.702713 0.432886
0.920952 2.706132 0.428591
0.931771 2.703794 0.428146
0.929177 2.709610 0.424975
0.922431 2.711552 0.425733
0.930761 2.714681 0.422333
0.940203 2.712098 0.421816
0.938464 2.717963 0.419507
0.946974 2.715097 0.419414
0.947354 2.719011 0.417666
0.953286 2.714159 0.419678
0.955638 2.720187 0.416635
0.958779 2.716184 0.418410
0.959620 2.718735 0.417047
0.963248 2.715917 0.419381
0.964303 2.719883 0.417016
0.969731 2.717759 0.419900
0.970172 2.721512 0.417299
0.969982 2.725324 0.415442
0.975814 2.723186 0.417818
0.969478 2.729450 0.413992
0.963218 2.723292 0.415516
0.962434 2.727470 0.414101
0.954419 2.725568 0.414779
0.961796 2.731674 0.413049
0.956013 2.729804 0.413593
0.959569 2.735505 0.412589
0.951445 2.732059 0.413681
0.942282 2.730181 0.415459
0.949571 2.737151 0.413229
0.949365 2.727427 0.414818
0.942284 2.724540 0.416714
0.948046 2.722996 0.416138
0.932911 2.724019 0.418942
0.923836 2.722808 0.422080
0.933598 2.729149 0.417657
0.931946 2.719569 0.420350
0.924413 2.716710 0.423416
0.913376 2.715077 0.428021
0.901558 2.713872 0.433677
0.914171 2.721179 0.426205
0.914025 2.708379 0.429754
0.902168 2.706566 0.435213
0.902742 2.699078 0.437873
0.891154 2.704785 0.440717
0.881764 2.705203 0.445715
0.892863 2.710706 0.438751
0.888633 2.696545 0.444424
0.878875 2.691763 0.449988
0.879920 2.698616 0.447621
0.891661 2.688407 0.447697
0.889905 2.680684 0.454487
0.878413 2.685374 0.453287
0.876309 2.677206 0.459893
0.880407 2.670840 0.466210
0.866393 2.672087 0.466265
0.867000 2.678245 0.461113
0.865426 2.666066 0.472251
0.856454 2.667130 0.472431
0.869141 2.659950 0.478959
0.855342 2.660799 0.478144
0.879577 2.665319 0.472973
0.890465 2.675714 0.460039
0.890379 2.670710 0.466765
0.901151 2.676230 0.460430
0.900446 2.671292 0.468282
0.905094 2.720501 0.430686
0.914475 2.726526 0.425131
0.895007 2.716504 0.436970
0.941526 2.734927 0.414763
0.925303 2.669079 0.502032
0.938196 2.676980 0.494407
0.934351 2.675400 0.502269
0.937706 2.679658 0.507322
0.942955 2.680338 0.496244
0.926107 2.671077 0.510671
0.921969 2.667432 0.509072
0.946765 2.683647 0.498146
0.951800 2.688081 0.498942
0.955863 2.691892 0.499080
0.917042 2.663750 0.507202
0.935666 2.768635 0.430058
0.942390 2.769174 0.428226
0.939920 2.769375 0.431116
0.941368 2.769695 0.434665
0.934053 2.768402 0.434149
0.931163 2.767793 0.438560
0.953898 2.774817 0.445996
0.960523 2.773288 0.441025
0.966877 2.772176 0.441544
0.973095 2.769803 0.441358
0.973200 2.769789 0.445793
0.991124 2.743384 0.417828
0.986186 2.742595 0.415537
0.974974 2.716331 0.423939
0.973824 2.713034 0.427600
1.002039 2.742507 0.436101
1.000758 2.745494 0.435693
0.992701 2.756539 0.428767
0.988869 2.747968 0.462938
0.974602 2.757087 0.466685
0.975341 2.752702 0.471230
0.903152 2.710803 0.542672
0.891108 2.701155 0.550834
0.890240 2.694351 0.553228
0.902117 2.704372 0.545379
0.901098 2.697718 0.547469
0.899171 2.690961 0.549414
0.908660 2.693038 0.543777
0.897476 2.685499 0.550664
0.889169 2.687396 0.555047
0.918131 2.695040 0.537757
0.988407 2.720158 0.477316
0.991724 2.723795 0.474039
0.994416 2.725663 0.470643
1.000041 2.739121 0.458413
0.995256 2.723434 0.435952
0.983161 2.708870 0.467574
0.983967 2.709338 0.462549
0.986696 2.711808 0.463200
0.989055 2.714134 0.463520
0.987335 2.712479 0.458560
0.990963 2.715884 0.458761
0.993787 2.718787 0.459848
0.995410 2.720400 0.454754
0.991228 2.716435 0.463521
0.996961 2.721979 0.455483
0.998209 2.723248 0.453218
0.999589 2.724991 0.453745
0.999574 2.724984 0.450559
1.000724 2.726651 0.456184
1.002169 2.728957 0.453300
1.000546 2.726856 0.458551
1.001478 2.728646 0.457377
0.999666 2.725706 0.459527
0.987446 2.713265 0.451810
0.984452 2.710987 0.450835
0.896855 2.656760 0.539700
0.892499 2.656468 0.545525
0.888079 2.656499 0.550720
0.888971 2.650147 0.544708
0.882604 2.649083 0.552401
0.881643 2.643069 0.548669
0.876150 2.640880 0.554612
0.870777 2.641125 0.560965
0.874856 2.636379 0.552420
0.870097 2.634874 0.557904
0.876557 2.648865 0.558842
0.864525 2.641021 0.566803
0.870003 2.648937 0.564634
0.862656 2.649922 0.570037
0.854109 2.654733 0.574751
0.856741 2.662999 0.572892
0.843520 2.658780 0.578359
0.835918 2.658937 0.580739
0.845045 2.666450 0.576202
0.835600 2.653798 0.582012
0.828115 2.654282 0.584006
0.816436 2.651131 0.587571
0.826800 2.660774 0.582172
0.816048 2.657323 0.585397
0.826883 2.667872 0.579456
0.835961 2.663601 0.579414
0.835739 2.668188 0.577883
0.844222 2.673065 0.574398
0.836287 2.673134 0.576013
0.847290 2.680592 0.571124
0.837653 2.678211 0.573586
0.827757 2.674823 0.576238
0.817556 2.672184 0.578094
0.828791 2.680757 0.573031
0.806384 2.668380 0.580409
0.817467 2.667575 0.580586
0.807851 2.662524 0.583806
0.794482 2.659213 0.586112
0.803775 2.654461 0.588115
0.816982 2.662523 0.582936
0.794553 2.654644 0.588991
0.805367 2.648170 0.590736
0.794702 2.649892 0.591479
0.785242 2.650067 0.592342
0.794875 2.645230 0.593822
0.783794 2.643360 0.596341
0.795343 2.639371 0.596317
0.784029 2.637173 0.599555
0.796059 2.633222 0.598569
0.806115 2.641812 0.593051
0.815981 2.644716 0.589797
0.785170 2.630798 0.602248
0.772831 2.628794 0.606331
0.771613 2.635068 0.603177
0.760176 2.627002 0.610695
0.758721 2.633080 0.607201
0.745615 2.631191 0.611651
0.757493 2.638764 0.603322
0.770793 2.641068 0.599620
0.792563 2.664436 0.582488
0.783700 2.667915 0.578362
0.773367 2.667403 0.575966
0.719996 2.648083 0.589714
0.730866 2.649258 0.591543
0.720128 2.645386 0.597596
0.671641 2.626311 0.639182
0.684327 2.625424 0.635116
0.672144 2.622911 0.643786
0.656181 2.621961 0.654518
0.654698 2.625132 0.650325
0.638741 2.621794 0.666963
0.638993 2.624511 0.663251
0.618087 2.621763 0.681551
0.594254 2.620741 0.699156
0.593450 2.625344 0.695155
0.566426 2.618020 0.719216
0.560715 2.623388 0.717790
0.541863 2.614738 0.736054
0.539620 2.619550 0.733561
0.513655 2.611044 0.752839
0.514837 2.617559 0.746898
0.497050 2.609145 0.762269
0.481903 2.607501 0.769363
0.495010 2.612186 0.760361
0.502985 2.604002 0.763012
0.486075 2.602522 0.771361
0.469619 2.601419 0.777967
0.461691 2.605589 0.776606
0.460511 2.600475 0.780879
0.450165 2.599270 0.782928
0.456518 2.603210 0.779377
0.447840 2.602675 0.779697
0.436280 2.599798 0.778615
0.447759 2.604708 0.776848
0.436973 2.601513 0.775193
0.449771 2.607898 0.771316
0.441187 2.603772 0.768494
0.455841 2.609933 0.763563
0.464198 2.610572 0.769297
0.469188 2.613595 0.762460
0.482097 2.612918 0.763885
0.478486 2.615209 0.760371
0.491479 2.615582 0.757223
0.494067 2.618628 0.750054
0.479549 2.616558 0.752137
0.518941 2.621525 0.739225
0.520943 2.623348 0.728033
0.509011 2.619838 0.729370
0.539087 2.624902 0.713083
0.545522 2.625897 0.718222
0.539876 2.622876 0.728709
0.527932 2.622534 0.717439
0.539596 2.622718 0.708589
0.543462 2.619976 0.703887
0.525596 2.612005 0.712986
0.490001 2.612904 0.736899
0.533603 2.608075 0.706151
0.558688 2.612464 0.688296
0.504428 2.606652 0.725901
0.476202 2.605652 0.742188
0.509739 2.602941 0.721682
0.545057 2.601224 0.695738
0.495869 2.594664 0.729179
0.469517 2.601151 0.744713
0.461693 2.593544 0.747242
0.449164 2.602733 0.757584
0.442017 2.596366 0.758732
0.454931 2.606497 0.756632
0.449612 2.607261 0.763163
0.465269 2.611648 0.754770
0.437406 2.591115 0.759130
0.433217 2.596524 0.766262
0.431637 2.592442 0.763859
0.429102 2.595910 0.771668
0.427538 2.594665 0.776183
0.425487 2.588466 0.767327
0.420784 2.585015 0.769845
0.434089 2.585701 0.758913
0.425243 2.582050 0.763390
0.423437 2.590665 0.773928
0.420727 2.587157 0.775588
0.427744 2.592744 0.780849
0.422196 2.584954 0.781746
0.418349 2.581484 0.772503
0.416890 2.577543 0.773964
0.420968 2.579343 0.766125
0.419418 2.573019 0.764951
0.430547 2.572369 0.755881
0.435979 2.566236 0.750829
0.431803 2.579899 0.758093
0.426294 2.569432 0.757672
0.447981 2.570287 0.746981
0.443814 2.577272 0.751610
0.453471 2.562933 0.740530
0.479104 2.568689 0.730874
0.460106 2.575579 0.743634
0.438825 2.565857 0.749095
0.447634 2.559494 0.741819
0.430866 2.563753 0.752400
0.452165 2.548960 0.733167
0.472021 2.554996 0.726817
0.479656 2.546558 0.715306
0.480797 2.559628 0.724466
0.494098 2.553914 0.711670
0.514642 2.563219 0.702928
0.517175 2.551269 0.693087
0.540083 2.560321 0.680047
0.529229 2.569054 0.694465
0.501000 2.569090 0.716565
0.519451 2.576606 0.707134
0.481153 2.575108 0.732533
0.509269 2.582886 0.717643
0.539882 2.583605 0.693568
0.550343 2.575730 0.679674
0.558718 2.565737 0.665302
0.569558 2.580039 0.662852
0.561684 2.588738 0.675894
0.593543 2.570545 0.631316
0.587747 2.582042 0.644297
0.576760 2.569074 0.648717
0.598513 2.557465 0.619099
0.603687 2.538555 0.605831
0.616530 2.545885 0.596820
0.613518 2.558684 0.605063
0.582507 2.556496 0.635704
0.586554 2.544332 0.625866
0.567567 2.549302 0.648320
0.590948 2.526811 0.614677
0.571381 2.539201 0.639705
0.605617 2.527594 0.600269
0.575102 2.525801 0.630006
0.594994 2.503474 0.603175
0.607185 2.514648 0.595121
0.608408 2.499170 0.590180
0.620835 2.517328 0.585133
0.618257 2.534494 0.591499
0.622594 2.496876 0.579621
0.633306 2.509584 0.574102
0.633029 2.521642 0.576922
0.632302 2.533014 0.580610
0.644117 2.515219 0.566928
0.643185 2.532987 0.571573
0.644765 2.497415 0.563723
0.654574 2.509612 0.558838
0.654658 2.521210 0.560439
0.654260 2.533943 0.563228
0.653741 2.549967 0.568031
0.664713 2.534736 0.555848
0.653210 2.562349 0.573194
0.642925 2.543571 0.575089
0.642013 2.555120 0.580286
0.630266 2.549690 0.587884
0.640907 2.566884 0.586668
0.627946 2.562056 0.594948
0.624644 2.573322 0.603105
0.639234 2.577152 0.593463
0.652163 2.573007 0.579096
0.651036 2.582644 0.585313
0.636213 2.586742 0.601462
0.649219 2.591154 0.592360
0.632696 2.595491 0.609828
0.617153 2.592914 0.620636
0.607489 2.603731 0.636944
0.631260 2.602811 0.616623
0.647256 2.598780 0.599761
0.594413 2.600280 0.647399
0.586017 2.609788 0.661733
0.565052 2.608074 0.680856
0.599714 2.592429 0.637220
0.574965 2.599424 0.667436
0.581482 2.591666 0.656593
0.552462 2.596001 0.687685
0.605090 2.582472 0.625925
0.621195 2.583628 0.611562
0.609551 2.571318 0.615205
0.529995 2.589993 0.704801
0.489786 2.588564 0.731631
0.520776 2.595760 0.712996
0.467183 2.588305 0.743749
0.484653 2.581791 0.733334
0.454052 2.582535 0.748528
0.449861 2.589176 0.752202
0.633304 2.496569 0.571840
0.622788 2.481631 0.576795
0.610299 2.478199 0.584318
0.597176 2.477017 0.593911
0.596246 2.489956 0.598081
0.582382 2.489252 0.610210
0.578852 2.509324 0.620384
0.565245 2.501831 0.629880
0.584851 2.469604 0.602459
0.568124 2.488987 0.622805
0.553871 2.499082 0.638402
0.570892 2.475886 0.616641
0.574055 2.456882 0.609020
0.550883 2.483894 0.635729
0.558084 2.464616 0.624583
0.540668 2.482163 0.643104
0.536200 2.493433 0.649946
0.531384 2.503659 0.656848
0.527181 2.490934 0.656102
0.516971 2.506032 0.668022
0.529804 2.476224 0.650450
0.496708 2.495744 0.678164
0.490139 2.494248 0.683822
0.482476 2.502887 0.691422
0.492621 2.508564 0.684705
0.506209 2.483060 0.668872
0.513828 2.470921 0.662603
0.495069 2.487422 0.679285
0.503109 2.476598 0.673617
0.483591 2.492720 0.691253
0.477364 2.501977 0.696011
0.490622 2.483700 0.687045
0.465585 2.503602 0.712532
0.454095 2.513495 0.731089
0.458312 2.512143 0.717645
0.473358 2.495523 0.708152
0.462481 2.505913 0.726406
0.481376 2.488544 0.704955
0.489213 2.482838 0.703772
0.497887 2.475206 0.683584
0.471539 2.498868 0.721765
0.479178 2.493634 0.718359
0.466526 2.508070 0.736657
0.456182 2.515147 0.742035
0.453031 2.525216 0.757167
0.447226 2.522556 0.746707
0.442627 2.533070 0.763121
0.440279 2.528649 0.748671
0.436693 2.532460 0.745966
0.447496 2.520284 0.734352
0.434130 2.539938 0.765751
0.435337 2.543736 0.772646
0.428536 2.544463 0.764681
0.431021 2.548022 0.773863
0.435304 2.551013 0.778844
0.426381 2.552458 0.774592
0.429118 2.558422 0.781216
0.423768 2.563688 0.781270
0.435093 2.564498 0.786212
0.442384 2.558271 0.784609
0.443356 2.568966 0.788634
0.451199 2.562912 0.786707
0.452760 2.571720 0.788661
0.451167 2.551696 0.781833
0.444280 2.544258 0.776334
0.446120 2.536843 0.769695
0.439770 2.540333 0.771431
0.444069 2.524643 0.735209
0.452342 2.519514 0.722749
0.448836 2.524617 0.726651
0.465424 2.512705 0.707698
0.469744 2.513803 0.703655
0.463123 2.524367 0.711669
0.487372 2.520624 0.692814
0.457410 2.535636 0.720895
0.443875 2.531400 0.731516
0.429916 2.541402 0.751212
0.438131 2.541631 0.738798
0.434639 2.549308 0.743999
0.424573 2.554245 0.754943
0.432674 2.554595 0.747739
0.454286 2.543170 0.728075
0.467960 2.540316 0.717378
0.480867 2.532623 0.703569
0.499995 2.527735 0.688465
0.487632 2.536555 0.702042
0.514319 2.534856 0.683775
0.506115 2.546224 0.697671
0.537756 2.530880 0.664427
0.530545 2.542022 0.677036
0.522459 2.519219 0.668958
0.506791 2.519866 0.679745
0.544975 2.517327 0.652573
0.562052 2.514302 0.637698
0.554589 2.535854 0.653738
0.547216 2.551357 0.668957
0.420627 2.560379 0.761080
0.419661 2.568131 0.763338
0.416653 2.571176 0.769794
0.505358 2.466918 0.680462
0.510263 2.466485 0.669321
0.517879 2.455574 0.664676
0.520345 2.459561 0.658085
0.527297 2.446474 0.652906
0.539221 2.446573 0.638667
0.534608 2.461237 0.643979
0.543450 2.430827 0.633742
0.555299 2.434496 0.621320
0.559975 2.414091 0.614141
0.565259 2.426663 0.610312
0.550460 2.452672 0.628578
0.545040 2.469959 0.636574
0.561972 2.445861 0.616791
0.576716 2.437469 0.602566
0.579092 2.417058 0.597048
0.587944 2.431337 0.592295
0.586536 2.450560 0.596801
0.589149 2.411247 0.588670
0.599873 2.426143 0.583125
0.599031 2.445807 0.586634
0.602182 2.403692 0.578915
0.597550 2.387237 0.579792
0.609632 2.393449 0.573045
0.610358 2.407043 0.574151
0.608798 2.381976 0.572030
0.620224 2.381872 0.565626
0.616520 2.358982 0.565784
0.627239 2.375741 0.562145
0.589591 2.399635 0.586856
0.589861 2.384057 0.584255
0.581693 2.395980 0.591931
0.568465 2.404998 0.604017
0.570022 2.391720 0.600669
0.597964 2.464665 0.590624
0.534401 2.431121 0.645757
0.530546 2.433383 0.651979
0.540930 2.412582 0.636584
0.425664 2.585397 0.785186
0.430987 2.589760 0.785535
0.421574 2.581599 0.782787
0.429648 2.587239 0.786578
0.437956 2.596687 0.783197
0.743145 2.603501 0.521968
0.699128 2.497471 0.539819
0.699130 2.487151 0.540940
0.642154 2.442233 0.559201
0.853051 2.615890 0.531534
0.862674 2.624281 0.526809
0.871207 2.631113 0.523570
0.879935 2.637883 0.520127
0.877486 2.634454 0.526609
0.885203 2.640707 0.523141
0.882222 2.637709 0.529964
0.872772 2.631925 0.550283
0.756397 2.468512 0.569763
0.768185 2.492907 0.569639
0.746928 2.455942 0.565851
0.745729 2.445112 0.571113
0.734280 2.430800 0.566322
0.552801 2.303909 0.597167
0.543360 2.300834 0.609520
0.538353 2.275880 0.605860
0.541334 2.322391 0.625686
0.537563 2.291398 0.619704
0.538884 2.306738 0.630807
0.532316 2.251221 0.601924
0.541117 2.259799 0.591958
0.533534 2.414025 0.671445
0.541988 2.379092 0.661693
0.514244 2.479876 0.713692
0.662446 2.290404 0.569126
0.577404 2.001269 0.560594
0.579202 1.983430 0.563032
0.565004 1.803651 0.512463
0.567571 1.833602 0.518794
0.569797 1.818703 0.522666
0.572540 1.849012 0.529228
0.573878 1.834625 0.532690
0.577137 1.849892 0.543384
0.575873 1.836978 0.543651
0.565855 1.790356 0.517378
0.564674 1.780087 0.523062
0.560671 1.764382 0.515362
0.556699 1.751098 0.505919
0.552906 1.739107 0.501998
0.525623 1.680126 0.487413
0.590441 2.089057 0.622884
0.574132 1.885862 0.578098
0.563082 1.808464 0.555749
0.584157 1.980338 0.572782
0.595048 2.056962 0.584687
0.598957 2.144673 0.633218
0.605055 2.159400 0.632884
0.733188 2.426546 0.613601
0.729894 2.431766 0.619471
0.736003 2.447049 0.619037
0.725093 2.438764 0.626199
0.718766 2.423354 0.626823
0.720302 2.445274 0.631742
0.730271 2.454657 0.626610
0.722132 2.460736 0.634157
0.736787 2.471453 0.626686
0.728966 2.480799 0.634468
0.737204 2.490314 0.631867
0.715805 2.469203 0.640023
0.714138 2.453134 0.637765
0.706544 2.462161 0.644229
0.713127 2.436047 0.634594
0.706870 2.417007 0.634618
0.704461 2.440637 0.641439
0.701710 2.424722 0.640085
0.695882 2.438926 0.646707
0.687795 2.442579 0.652264
0.697289 2.455238 0.648669
0.693497 2.416076 0.643782
0.700323 2.403278 0.636294
0.690809 2.395854 0.641464
0.685043 2.406947 0.647591
0.686435 2.425592 0.650177
0.677844 2.417363 0.654062
0.679468 2.440759 0.657157
0.675468 2.392169 0.650871
0.669493 2.409327 0.657833
0.670770 2.427435 0.660209
0.662508 2.419633 0.663635
0.671517 2.444571 0.662418
0.663073 2.443341 0.666974
0.672003 2.466010 0.665024
0.663403 2.459684 0.668887
0.662547 2.474961 0.670916
0.671346 2.486300 0.667349
0.680344 2.457123 0.659103
0.681013 2.472317 0.660743
0.681532 2.486286 0.661990
0.689207 2.463930 0.654783
0.690296 2.483316 0.656820
0.698390 2.470689 0.650430
0.654341 2.469265 0.674312
0.653747 2.448402 0.672147
0.642192 2.449568 0.677782
0.654672 2.430365 0.669335
0.646829 2.422329 0.671645
0.636033 2.422066 0.676303
0.645393 2.396425 0.668162
0.654475 2.411525 0.666515
0.653291 2.392089 0.663955
0.660814 2.394450 0.660259
0.651027 2.365228 0.660149
0.643097 2.352991 0.661831
0.656283 2.353386 0.654895
0.658906 2.375005 0.657741
0.647982 2.341456 0.657032
0.645040 2.375637 0.664976
0.637612 2.364820 0.666113
0.628242 2.359519 0.668635
0.635373 2.394690 0.671979
0.634607 2.340544 0.663186
0.639610 2.328798 0.658779
0.625614 2.327811 0.664247
0.630889 2.315697 0.660185
0.622007 2.301456 0.661012
0.616816 2.312243 0.664393
0.619126 2.337627 0.667645
0.610974 2.322950 0.667060
0.619664 2.361891 0.671258
0.609799 2.355750 0.672267
0.619970 2.393851 0.676790
0.607799 2.389665 0.679054
0.614865 2.427148 0.684951
0.628165 2.382900 0.672465
0.627421 2.405740 0.676749
0.626083 2.427617 0.680966
0.625339 2.453433 0.685846
0.634688 2.442097 0.680043
0.632841 2.460509 0.683769
0.613815 2.454301 0.690991
0.611094 2.472903 0.695727
0.602943 2.460415 0.696324
0.591216 2.460592 0.700242
0.600400 2.483669 0.702542
0.605591 2.439919 0.690832
0.598260 2.430010 0.690302
0.607212 2.416217 0.684823
0.599832 2.404154 0.683778
0.608066 2.489049 0.700093
0.599962 2.376380 0.677599
0.607823 2.296508 0.663967
0.613059 2.286170 0.661291
0.618297 2.275547 0.657781
0.609451 2.260372 0.658134
0.603999 2.270594 0.660987
0.600616 2.244780 0.657936
0.627082 2.290229 0.656966
0.631947 2.279297 0.652184
0.635806 2.304061 0.655625
0.623406 2.265028 0.653450
0.628271 2.254774 0.648170
0.632633 2.245085 0.641957
0.636517 2.268734 0.646636
0.640620 2.258798 0.640233
0.640513 2.292928 0.650537
0.644448 2.317253 0.653924
0.644904 2.282234 0.644704
0.649041 2.306012 0.648486
0.652902 2.329829 0.651808
0.653413 2.295267 0.642460
0.661656 2.308752 0.640492
0.648629 2.272889 0.638804
0.657807 2.283902 0.634483
0.657597 2.318563 0.646132
0.666038 2.330695 0.643415
0.661274 2.341806 0.649318
0.669349 2.352743 0.646606
0.671321 2.319188 0.635755
0.673992 2.343260 0.641043
0.678411 2.336452 0.635512
0.677059 2.362705 0.643587
0.672448 2.373317 0.649112
0.683433 2.386885 0.644646
0.685189 2.357345 0.636086
0.688126 2.376119 0.638923
0.664469 2.364609 0.652293
0.667722 2.390409 0.655500
0.675119 2.309462 0.628380
0.665004 2.300732 0.634873
0.668131 2.292202 0.627843
0.660888 2.275155 0.626866
0.670342 2.285047 0.620583
0.653690 2.257678 0.625414
0.651374 2.265347 0.632833
0.644297 2.248370 0.631735
0.636014 2.236882 0.635624
0.708569 2.482188 0.646537
0.512711 2.549228 0.761808
0.520367 2.555269 0.758336
0.504820 2.554448 0.766996
0.510348 2.561184 0.764943
0.455797 2.578383 0.788690
0.714000 2.607988 0.636827
0.766085 2.598476 0.621395
0.752874 2.536906 0.632555
0.769277 2.498857 0.607496
0.752739 2.450234 0.578361
0.786783 2.600693 0.611798
0.797433 2.601322 0.606744
0.805058 2.605489 0.602407
0.804357 2.598842 0.603436
0.811684 2.603182 0.598966
0.803444 2.592185 0.604386
0.810815 2.594594 0.599692
0.809790 2.588473 0.600220
0.817642 2.594534 0.594696
0.821730 2.604280 0.592731
0.823187 2.592094 0.589184
0.813994 2.587190 0.596643
0.817735 2.585693 0.592731
0.809986 2.580113 0.598388
0.815352 2.577880 0.592013
0.821487 2.584789 0.587995
0.812771 2.569339 0.590132
0.819021 2.577153 0.586260
0.809328 2.570189 0.595540
0.825141 2.584313 0.582198
0.815712 2.569263 0.584090
0.812491 2.561864 0.578340
0.822272 2.576701 0.577835
0.810109 2.561547 0.587224
0.828608 2.583460 0.571951
0.831769 2.589835 0.575685
0.837932 2.596126 0.570370
0.834227 2.595452 0.577499
0.829496 2.593589 0.582731
0.840645 2.603376 0.573969
0.834516 2.602131 0.581130
0.842699 2.609774 0.575595
0.838513 2.609809 0.580159
0.833036 2.609916 0.585111
0.836688 2.617694 0.583569
0.827901 2.610226 0.589114
0.828343 2.602119 0.587211
0.828482 2.616399 0.589011
0.832285 2.625337 0.586794
0.822688 2.617769 0.592359
0.822101 2.611163 0.592763
0.815556 2.613031 0.596309
0.843664 2.601431 0.565078
3 3632 1 0
3 3632 0 2
3 6 3 0
3 6 0 1
3 2 0 3
3 2 3 7
3 6 3613 4
3 6 4 3
3 3 4 10
3 3 10 8
3 7 3 5
3 7 5 3652
3 8 9 5
3 8 5 3
3 8 10 11
3 8 11 9
3 12 10 4
3 12 4 3613
3 13 14 11
3 13 11 10
3 15 13 10
3 15 10 12
3 16 17 14
3 16 14 13
3 18 16 13
3 18 13 15
3 20 21 17
3 20 17 16
3 19 16 18
3 19 18 3893
3 22 20 16
3 22 16 19
3 25 21 20
3 25 20 22
3 23 22 19
3 23 19 3893
3 460 24 22
3 460 22 23
3 24 28 25
3 24 25 22
3 26 17 21
3 26 21 25
3 25 27 3694
3 25 3694 26
3 28 29 27
3 28 27 25
3 30 31 29
3 30 29 28
3 32 30 28
3 32 28 24
3 34 31 30
3 34 30 33
3 33 30 32
3 33 32 35
3 36 37 34
3 36 34 33
3 38 36 33
3 38 33 35
3 40 41 37
3 40 37 36
3 39 36 38
3 39 38 428
3 42 40 36
3 42 36 39
3 45 41 40
3 45 40 42
3 43 42 39
3 43 39 428
3 420 44 42
3 420 42 43
3 44 47 45
3 44 45 42
3 46 3398 41
3 46 41 45
3 47 48 46
3 47 46 45
3 50 48 47
3 50 47 49
3 49 47 44
3 49 44 51
3 52 53 50
3 52 50 49
3 54 52 49
3 54 49 51
3 56 53 52
3 56 52 55
3 55 52 54
3 55 54 57
3 58 59 56
3 58 56 55
3 60 58 55
3 60 55 57
3 62 59 58
3 62 58 61
3 61 58 60
3 61 60 63
3 64 65 62
3 64 62 61
3 66 64 61
3 66 61 63
3 67 68 65
3 67 65 64
3 69 67 64
3 69 64 66
3 73 68 67
3 73 67 70
3 70 67 69
3 70 69 72
3 71 76 73
3 71 73 70
3 84 71 70
3 84 70 72
3 74 65 68
3 74 68 73
3 73 75 3380
3 73 3380 74
3 76 77 75
3 76 75 73
3 79 77 76
3 79 76 78
3 78 76 71
3 78 71 81
3 80 2128 79
3 80 79 78
3 82 80 78
3 82 78 81
3 86 82 81
3 86 81 83
3 81 71 84
3 81 84 83
3 83 84 3894
3 83 3894 85
3 87 86 83
3 87 83 85
3 89 82 86
3 89 86 88
3 88 86 87
3 88 87 91
3 90 3368 89
3 90 89 88
3 93 90 88
3 93 88 91
3 91 87 319
3 91 319 92
3 94 93 91
3 94 91 92
3 96 90 93
3 96 93 95
3 95 93 94
3 95 94 97
3 98 99 96
3 98 96 95
3 100 98 95
3 100 95 97
3 102 99 98
3 102 98 101
3 101 98 100
3 101 100 103
3 104 107 102
3 104 102 101
3 106 104 101
3 106 101 103
3 110 107 104
3 110 104 105
3 105 104 106
3 105 106 3940
3 109 3362 108
3 109 108 107
3 107 108 99
3 107 99 102
3 111 109 107
3 111 107 110
3 112 115 111
3 112 111 110
3 114 112 110
3 114 110 105
3 118 115 112
3 118 112 113
3 113 112 114
3 113 114 3937
3 115 116 109
3 115 109 111
3 117 3364 116
3 117 116 115
3 119 117 115
3 119 115 118
3 120 121 119
3 120 119 118
3 123 120 118
3 123 118 113
3 3328 121 120
3 3328 120 122
3 122 120 123
3 122 123 124
3 124 123 113
3 124 113 125
3 127 124 125
3 127 125 128
3 3327 122 124
3 3327 124 126
3 126 124 127
3 126 127 129
3 129 127 128
3 129 128 131
3 3325 126 129
3 3325 129 130
3 130 129 131
3 130 131 133
3 131 128 3933
3 131 3933 132
3 133 131 132
3 133 132 134
3 135 133 134
3 135 134 136
3 138 130 133
3 138 133 135
3 141 139 135
3 141 135 136
3 137 135 139
3 137 139 140
3 3323 138 135
3 3323 135 137
3 140 139 141
3 140 141 145
3 141 142 3928
3 141 3928 143
3 136 134 142
3 136 142 141
3 3941 144 141
3 3941 141 143
3 145 141 144
3 145 144 146
3 146 147 140
3 146 140 145
3 148 149 147
3 148 147 146
3 146 144 150
3 146 150 148
3 148 150 151
3 148 151 149
3 153 155 151
3 153 151 150
3 152 150 144
3 152 144 3941
3 156 153 150
3 156 150 152
3 153 154 1808
3 153 1808 155
3 156 157 154
3 156 154 153
3 152 159 157
3 152 157 156
3 160 162 154
3 160 154 157
3 163 160 157
3 163 157 158
3 158 157 159
3 158 159 3923
3 160 161 1803
3 160 1803 162
3 163 164 161
3 163 161 160
3 158 165 164
3 158 164 163
3 167 169 161
3 167 161 164
3 166 164 165
3 166 165 3920
3 170 167 164
3 170 164 166
3 168 1797 169
3 168 169 167
3 173 168 167
3 173 167 170
3 171 180 172
3 171 172 170
3 171 170 166
3 171 166 184
3 170 172 174
3 170 174 173
3 173 174 176
3 173 176 168
3 175 1792 176
3 175 176 174
3 178 175 174
3 178 174 177
3 177 174 172
3 177 172 180
3 3711 178 177
3 3711 177 179
3 179 177 180
3 179 180 181
3 181 180 182
3 181 182 183
3 184 182 180
3 184 180 171
3 183 182 185
3 183 185 188
3 186 185 182
3 186 182 184
3 3922 187 185
3 3922 185 186
3 188 185 187
3 188 187 191
3 238 183 188
3 238 188 190
3 188 189 233
3 188 233 190
3 191 192 189
3 191 189 188
3 187 193 192
3 187 192 191
3 193 197 194
3 193 194 192
3 192 194 195
3 192 195 189
3 194 196 225
3 194 225 195
3 197 198 196
3 197 196 194
3 199 202 198
3 199 198 197
3 201 199 197
3 201 197 193
3 200 203 202
3 200 202 199
3 3912 200 199
3 3912 199 201
3 202 203 205
3 202 205 198
3 203 204 207
3 203 207 205
3 3904 204 203
3 3904 203 200
3 207 208 206
3 207 206 205
3 205 206 227
3 205 227 198
3 204 211 208
3 204 208 207
3 210 3895 209
3 210 209 208
3 208 209 213
3 208 213 212
3 211 3899 210
3 211 210 208
3 206 208 212
3 206 212 214
3 212 213 216
3 212 216 214
3 214 216 218
3 214 218 215
3 227 206 214
3 227 214 215
3 216 213 315
3 216 315 217
3 218 216 217
3 218 217 219
3 220 218 219
3 220 219 221
3 215 218 220
3 215 220 222
3 222 220 221
3 222 221 223
3 224 222 223
3 224 223 274
3 226 227 215
3 226 215 222
3 225 222 224
3 225 224 228
3 196 226 222
3 196 222 225
3 198 227 226
3 198 226 196
3 195 225 228
3 195 228 231
3 228 224 274
3 228 274 229
3 230 228 229
3 230 229 270
3 231 228 230
3 231 230 232
3 189 195 231
3 189 231 233
3 235 234 231
3 235 231 232
3 233 231 234
3 233 234 236
3 236 234 235
3 236 235 237
3 240 239 236
3 240 236 237
3 238 236 239
3 238 239 241
3 190 233 236
3 190 236 238
3 241 239 240
3 241 240 242
3 243 179 181
3 243 181 241
3 241 181 183
3 241 183 238
3 245 243 241
3 245 241 242
3 244 3711 179
3 244 179 243
3 247 244 243
3 247 243 245
3 245 246 250
3 245 250 247
3 242 240 246
3 242 246 245
3 248 3710 244
3 248 244 247
3 3898 248 247
3 3898 247 249
3 247 250 251
3 247 251 249
3 251 250 246
3 251 246 254
3 249 251 252
3 249 252 3898
3 1152 252 251
3 1152 251 253
3 253 251 254
3 253 254 256
3 254 246 240
3 254 240 255
3 256 254 255
3 256 255 258
3 256 259 261
3 256 261 257
3 1153 253 256
3 1153 256 257
3 258 262 259
3 258 259 256
3 259 260 3751
3 259 3751 261
3 262 264 260
3 262 260 259
3 255 263 262
3 255 262 258
3 263 266 264
3 263 264 262
3 264 265 3757
3 264 3757 260
3 266 267 265
3 266 265 264
3 268 269 267
3 268 267 266
3 271 268 266
3 271 266 263
3 270 272 269
3 270 269 268
3 235 270 268
3 235 268 271
3 263 3897 235
3 263 235 271
3 229 274 272
3 229 272 270
3 232 230 270
3 232 270 235
3 274 3896 273
3 274 273 272
3 272 273 276
3 272 276 275
3 269 272 275
3 269 275 267
3 275 276 278
3 275 278 267
3 277 280 279
3 277 279 276
3 273 3896 277
3 273 277 276
3 276 279 281
3 276 281 278
3 279 280 284
3 279 284 282
3 281 279 282
3 281 282 285
3 284 299 283
3 284 283 282
3 282 283 289
3 282 289 285
3 286 285 288
3 286 288 3888
3 287 285 286
3 287 286 3758
3 278 281 285
3 278 285 287
3 285 289 290
3 285 290 288
3 289 283 294
3 289 294 290
3 288 290 291
3 288 291 3888
3 291 290 292
3 291 292 3791
3 290 293 361
3 290 361 292
3 294 295 293
3 294 293 290
3 296 297 295
3 296 295 294
3 283 299 296
3 283 296 294
3 298 354 297
3 298 297 296
3 299 300 298
3 299 298 296
3 302 300 299
3 302 299 284
3 300 301 351
3 300 351 298
3 303 304 301
3 303 301 300
3 305 303 300
3 305 300 302
3 306 304 303
3 306 303 305
3 308 309 306
3 308 306 305
3 280 305 302
3 280 302 284
3 307 305 280
3 307 280 277
3 221 308 305
3 221 305 307
3 219 309 308
3 219 308 221
3 309 310 311
3 309 311 306
3 217 310 309
3 217 309 219
3 315 312 310
3 315 310 217
3 310 312 313
3 310 313 311
3 312 314 324
3 312 324 313
3 316 317 314
3 316 314 312
3 213 316 312
3 213 312 315
3 318 317 316
3 318 316 213
3 92 319 317
3 92 317 318
3 317 319 320
3 317 320 314
3 319 87 85
3 319 85 320
3 85 3894 321
3 85 321 320
3 320 321 323
3 320 323 322
3 314 320 322
3 314 322 324
3 322 323 325
3 322 325 324
3 324 325 326
3 324 326 313
3 326 325 327
3 326 327 329
3 325 323 330
3 325 330 327
3 330 331 328
3 330 328 327
3 327 328 346
3 327 346 329
3 332 335 331
3 332 331 330
3 323 334 332
3 323 332 330
3 333 66 335
3 333 335 332
3 334 72 333
3 334 333 332
3 335 66 63
3 335 63 336
3 331 335 336
3 331 336 338
3 63 60 337
3 63 337 336
3 336 337 339
3 336 339 338
3 338 339 342
3 338 342 340
3 328 331 338
3 328 338 340
3 340 342 411
3 340 411 341
3 343 340 341
3 343 341 344
3 346 328 340
3 346 340 343
3 345 343 344
3 345 344 409
3 347 346 343
3 347 343 345
3 329 346 347
3 329 347 348
3 348 347 345
3 348 345 349
3 301 348 349
3 301 349 351
3 350 326 329
3 350 329 348
3 304 350 348
3 304 348 301
3 313 326 350
3 313 350 311
3 311 350 304
3 311 304 306
3 349 345 352
3 349 352 351
3 351 352 354
3 351 354 298
3 352 345 409
3 352 409 353
3 354 352 353
3 354 353 355
3 297 354 355
3 297 355 357
3 353 406 356
3 353 356 355
3 355 356 359
3 355 359 357
3 357 359 366
3 357 366 358
3 360 357 358
3 360 358 362
3 295 297 357
3 295 357 360
3 293 295 360
3 293 360 361
3 361 360 362
3 361 362 363
3 358 366 364
3 358 364 362
3 362 364 367
3 362 367 363
3 364 366 399
3 364 399 365
3 367 364 365
3 367 365 369
3 368 367 369
3 368 369 370
3 363 367 368
3 363 368 3786
3 365 397 371
3 365 371 369
3 370 369 372
3 370 372 374
3 369 371 373
3 369 373 372
3 372 373 376
3 372 376 374
3 3793 370 374
3 3793 374 375
3 374 376 377
3 374 377 375
3 376 373 381
3 376 381 378
3 377 376 378
3 377 378 380
3 381 383 379
3 381 379 378
3 378 379 3840
3 378 3840 380
3 382 385 383
3 382 383 381
3 373 396 382
3 373 382 381
3 383 385 386
3 383 386 384
3 379 383 384
3 379 384 512
3 385 387 388
3 385 388 386
3 390 387 385
3 390 385 382
3 387 389 506
3 387 506 388
3 391 392 389
3 391 389 387
3 393 391 387
3 393 387 390
3 394 392 391
3 394 391 393
3 395 398 394
3 395 394 393
3 397 395 393
3 397 393 396
3 396 393 390
3 396 390 382
3 371 397 396
3 371 396 373
3 399 395 397
3 399 397 365
3 400 398 395
3 400 395 399
3 366 402 400
3 366 400 399
3 401 443 398
3 401 398 400
3 402 403 401
3 402 401 400
3 356 406 403
3 356 403 402
3 359 356 402
3 359 402 366
3 403 404 443
3 403 443 401
3 405 441 404
3 405 404 403
3 406 407 405
3 406 405 403
3 409 407 406
3 409 406 353
3 407 408 410
3 407 410 405
3 344 408 407
3 344 407 409
3 408 411 412
3 408 412 410
3 341 411 408
3 341 408 344
3 411 413 414
3 411 414 412
3 342 339 413
3 342 413 411
3 413 416 417
3 413 417 414
3 415 418 416
3 415 416 413
3 339 337 415
3 339 415 413
3 416 418 419
3 416 419 417
3 418 54 51
3 418 51 419
3 57 54 418
3 57 418 415
3 51 44 420
3 51 420 419
3 419 420 43
3 419 43 421
3 417 419 421
3 417 421 422
3 421 43 424
3 421 424 422
3 440 417 422
3 440 422 423
3 422 424 425
3 422 425 423
3 424 43 428
3 424 428 426
3 425 424 426
3 425 426 429
3 428 38 427
3 428 427 426
3 426 427 431
3 426 431 429
3 429 431 455
3 429 455 430
3 432 429 430
3 432 430 433
3 436 425 429
3 436 429 432
3 435 432 433
3 435 433 447
3 434 432 435
3 434 435 442
3 437 436 432
3 437 432 434
3 423 425 436
3 423 436 437
3 438 437 434
3 438 434 442
3 439 440 423
3 439 423 437
3 441 439 437
3 441 437 438
3 412 440 439
3 412 439 410
3 410 439 441
3 410 441 405
3 404 441 438
3 404 438 443
3 414 417 440
3 414 440 412
3 443 438 442
3 443 442 444
3 398 443 444
3 398 444 394
3 442 435 445
3 442 445 444
3 444 445 392
3 444 392 394
3 445 435 447
3 445 447 446
3 392 445 446
3 392 446 389
3 447 451 449
3 447 449 446
3 389 446 448
3 389 448 506
3 446 449 450
3 446 450 448
3 449 451 452
3 449 452 450
3 451 453 454
3 451 454 452
3 433 453 451
3 433 451 447
3 453 455 456
3 453 456 454
3 430 455 453
3 430 453 433
3 455 457 458
3 455 458 456
3 431 427 457
3 431 457 455
3 457 35 459
3 457 459 458
3 427 38 35
3 427 35 457
3 459 24 460
3 459 460 458
3 458 460 461
3 458 461 456
3 461 460 23
3 461 23 462
3 463 461 462
3 463 462 464
3 456 461 463
3 456 463 454
3 454 463 464
3 454 464 466
3 464 462 469
3 464 469 467
3 465 464 467
3 465 467 470
3 466 464 465
3 466 465 3892
3 469 3618 468
3 469 468 467
3 467 468 471
3 467 471 470
3 470 471 474
3 470 474 473
3 472 470 473
3 472 473 475
3 3891 465 470
3 3891 470 472
3 473 474 477
3 473 477 475
3 475 477 479
3 475 479 476
3 495 472 475
3 495 475 476
3 477 474 3619
3 477 3619 478
3 479 477 478
3 479 478 480
3 476 479 480
3 476 480 481
3 480 478 483
3 480 483 482
3 481 480 482
3 481 482 484
3 484 482 483
3 484 483 485
3 484 485 3600
3 484 3600 486
3 487 484 486
3 487 486 488
3 490 481 484
3 490 484 487
3 489 487 488
3 489 488 1709
3 491 490 487
3 491 487 489
3 492 476 481
3 492 481 490
3 493 492 490
3 493 490 491
3 494 495 476
3 494 476 492
3 496 494 492
3 496 492 493
3 498 495 494
3 498 494 497
3 497 494 496
3 497 496 499
3 500 501 498
3 500 498 497
3 502 500 497
3 502 497 499
3 503 504 501
3 503 501 500
3 505 503 500
3 505 500 502
3 506 504 503
3 506 503 388
3 388 503 505
3 388 505 386
3 386 505 502
3 386 502 508
3 504 450 3890
3 504 3890 501
3 448 450 504
3 448 504 506
3 507 502 499
3 507 499 1701
3 508 502 507
3 508 507 509
3 384 386 508
3 384 508 509
3 509 507 513
3 509 513 510
3 512 384 509
3 512 509 510
3 510 513 515
3 510 515 511
3 3835 512 510
3 3835 510 511
3 513 507 1701
3 513 1701 514
3 515 513 514
3 515 514 516
3 511 515 516
3 511 516 518
3 516 514 1693
3 516 1693 517
3 519 516 517
3 519 517 521
3 518 516 519
3 518 519 520
3 520 519 521
3 520 521 523
3 521 517 1691
3 521 1691 522
3 523 521 522
3 523 522 524
3 525 523 524
3 525 524 526
3 527 520 523
3 527 523 525
3 528 525 526
3 528 526 529
3 530 527 525
3 530 525 528
3 531 528 529
3 531 529 532
3 533 530 528
3 533 528 531
3 534 531 532
3 534 532 535
3 536 533 531
3 536 531 534
3 537 534 535
3 537 535 538
3 539 536 534
3 539 534 537
3 540 537 538
3 540 538 541
3 542 539 537
3 542 537 540
3 543 540 541
3 543 541 547
3 544 542 540
3 544 540 543
3 3847 544 543
3 3847 543 546
3 545 543 547
3 545 547 549
3 546 543 545
3 546 545 553
3 547 541 1255
3 547 1255 548
3 549 547 548
3 549 548 550
3 551 549 550
3 551 550 554
3 553 545 549
3 553 549 551
3 552 551 554
3 552 554 555
3 569 553 551
3 569 551 552
3 554 550 556
3 554 556 555
3 555 556 1272
3 555 1272 557
3 558 555 557
3 558 557 559
3 562 552 555
3 562 555 558
3 560 558 559
3 560 559 1293
3 561 558 560
3 561 560 1294
3 563 562 558
3 563 558 561
3 567 552 562
3 567 562 563
3 564 563 561
3 564 561 1294
3 565 563 564
3 565 564 709
3 3747 566 563
3 3747 563 565
3 566 568 567
3 566 567 563
3 568 569 552
3 568 552 567
3 570 553 569
3 570 569 568
3 572 574 570
3 572 570 568
3 571 568 566
3 571 566 3747
3 573 572 568
3 573 568 571
3 577 574 572
3 577 572 573
3 574 575 553
3 574 553 570
3 576 3847 575
3 576 575 574
3 578 579 576
3 578 576 574
3 580 578 574
3 580 574 577
3 581 579 578
3 581 578 580
3 584 580 577
3 584 577 573
3 583 3852 581
3 583 581 580
3 582 580 584
3 582 584 585
3 590 583 580
3 590 580 582
3 585 584 573
3 585 573 586
3 588 585 586
3 588 586 700
3 589 590 582
3 589 582 585
3 587 585 588
3 587 588 702
3 591 589 585
3 591 585 587
3 592 590 589
3 592 589 591
3 593 591 587
3 593 587 595
3 596 592 591
3 596 591 593
3 597 596 593
3 597 593 594
3 594 593 595
3 594 595 689
3 598 599 592
3 598 592 596
3 601 598 596
3 601 596 597
3 600 3886 599
3 600 599 598
3 602 600 598
3 602 598 601
3 597 603 602
3 597 602 601
3 604 3884 600
3 604 600 602
3 605 602 603
3 605 603 606
3 607 604 602
3 607 602 605
3 606 609 608
3 606 608 605
3 605 608 611
3 605 611 607
3 609 663 610
3 609 610 608
3 608 610 614
3 608 614 611
3 611 614 616
3 611 616 612
3 612 3883 613
3 612 613 611
3 611 613 604
3 611 604 607
3 610 660 615
3 610 615 614
3 614 615 617
3 614 617 616
3 616 617 620
3 616 620 619
3 616 618 3883
3 616 3883 612
3 619 621 618
3 619 618 616
3 620 623 621
3 620 621 619
3 621 622 3879
3 621 3879 618
3 623 624 622
3 623 622 621
3 625 628 624
3 625 624 623
3 627 625 623
3 627 623 620
3 626 630 628
3 626 628 625
3 649 626 625
3 649 625 627
3 628 629 3875
3 628 3875 624
3 630 631 629
3 630 629 628
3 632 3771 631
3 632 631 630
3 633 634 632
3 633 632 630
3 635 633 630
3 635 630 626
3 636 634 633
3 636 633 635
3 626 637 636
3 626 636 635
3 639 636 637
3 639 637 641
3 638 3753 634
3 638 634 636
3 640 638 636
3 640 636 639
3 643 640 639
3 643 639 642
3 642 639 641
3 642 641 644
3 644 645 643
3 644 643 642
3 644 641 649
3 644 649 647
3 646 1148 645
3 646 645 644
3 648 646 644
3 648 644 647
3 647 649 650
3 647 650 648
3 641 637 626
3 641 626 649
3 620 650 649
3 620 649 627
3 617 651 650
3 617 650 620
3 648 650 651
3 648 651 652
3 652 651 617
3 652 617 655
3 653 1143 654
3 653 654 652
3 656 653 652
3 656 652 655
3 652 654 646
3 652 646 648
3 655 617 615
3 655 615 656
3 657 658 653
3 657 653 656
3 656 615 660
3 656 660 657
3 659 1137 658
3 659 658 657
3 657 660 661
3 657 661 659
3 663 661 660
3 663 660 610
3 664 662 661
3 664 661 663
3 659 661 662
3 659 662 1138
3 665 664 663
3 665 663 609
3 666 667 662
3 666 662 664
3 668 666 664
3 668 664 665
3 669 670 667
3 669 667 666
3 671 669 666
3 671 666 668
3 672 674 670
3 672 670 669
3 675 672 669
3 675 669 671
3 673 1121 674
3 673 674 672
3 676 673 672
3 676 672 675
3 678 676 675
3 678 675 677
3 677 675 671
3 677 671 680
3 728 678 677
3 728 677 679
3 679 677 680
3 679 680 681
3 681 680 682
3 681 682 683
3 680 671 668
3 680 668 682
3 683 682 684
3 683 684 685
3 682 668 665
3 682 665 684
3 684 665 609
3 684 609 606
3 606 603 686
3 606 686 684
3 684 686 687
3 684 687 685
3 687 686 603
3 687 603 597
3 690 688 687
3 690 687 689
3 685 687 688
3 685 688 683
3 689 687 597
3 689 597 594
3 689 595 692
3 689 692 690
3 691 730 688
3 691 688 690
3 694 691 690
3 694 690 693
3 690 692 695
3 690 695 693
3 693 695 698
3 693 698 694
3 695 692 595
3 695 595 696
3 696 702 699
3 696 699 695
3 695 699 701
3 695 701 697
3 718 698 695
3 718 695 697
3 699 700 704
3 699 704 701
3 702 588 700
3 702 700 699
3 595 587 702
3 595 702 696
3 697 701 703
3 697 703 718
3 701 704 705
3 701 705 703
3 704 700 707
3 704 707 705
3 707 3747 706
3 707 706 705
3 705 706 709
3 705 709 708
3 703 705 708
3 703 708 711
3 708 709 3742
3 708 3742 710
3 711 708 710
3 711 710 712
3 713 711 712
3 713 712 716
3 718 703 711
3 718 711 713
3 720 714 713
3 720 713 717
3 713 714 698
3 713 698 718
3 924 715 713
3 924 713 716
3 717 713 715
3 717 715 719
3 719 722 720
3 719 720 717
3 694 698 714
3 694 714 720
3 722 724 721
3 722 721 720
3 720 721 691
3 720 691 694
3 723 725 724
3 723 724 722
3 3746 723 722
3 3746 722 719
3 725 727 726
3 725 726 724
3 724 726 729
3 724 729 721
3 728 726 727
3 728 727 731
3 679 729 726
3 679 726 728
3 721 729 730
3 721 730 691
3 681 730 729
3 681 729 679
3 683 688 730
3 683 730 681
3 731 732 678
3 731 678 728
3 734 736 732
3 734 732 731
3 731 727 725
3 731 725 733
3 738 734 731
3 738 731 733
3 734 735 1105
3 734 1105 736
3 737 1103 735
3 737 735 734
3 740 737 734
3 740 734 738
3 738 739 742
3 738 742 741
3 733 725 739
3 733 739 738
3 743 740 738
3 743 738 741
3 741 742 745
3 741 745 744
3 746 743 741
3 746 741 744
3 744 745 749
3 744 749 747
3 748 746 744
3 748 744 747
3 747 749 750
3 747 750 748
3 753 750 749
3 753 749 752
3 749 745 3746
3 749 3746 751
3 752 749 751
3 752 751 754
3 758 753 752
3 758 752 756
3 754 920 755
3 754 755 752
3 752 755 757
3 752 757 756
3 756 757 760
3 756 760 758
3 764 759 758
3 764 758 762
3 761 758 759
3 761 759 770
3 758 760 763
3 758 763 762
3 3745 753 758
3 3745 758 761
3 762 763 765
3 762 765 764
3 770 759 764
3 770 764 768
3 764 765 908
3 764 908 767
3 791 766 764
3 791 764 767
3 768 764 766
3 768 766 769
3 769 772 770
3 769 770 768
3 772 774 771
3 772 771 770
3 770 771 3745
3 770 3745 761
3 773 776 774
3 773 774 772
3 786 773 772
3 786 772 769
3 776 777 775
3 776 775 774
3 774 775 3728
3 774 3728 771
3 778 780 777
3 778 777 776
3 781 778 776
3 781 776 773
3 779 1083 780
3 779 780 778
3 782 779 778
3 782 778 781
3 784 782 781
3 784 781 783
3 783 781 773
3 783 773 786
3 3732 784 783
3 3732 783 785
3 785 783 786
3 785 786 787
3 787 786 769
3 787 769 788
3 788 791 790
3 788 790 787
3 787 790 792
3 787 792 789
3 3734 785 787
3 3734 787 789
3 792 790 791
3 792 791 794
3 792 796 800
3 792 800 793
3 803 795 792
3 803 792 793
3 794 799 796
3 794 796 792
3 789 792 795
3 789 795 3734
3 796 798 895
3 796 895 797
3 800 796 797
3 800 797 801
3 799 3743 798
3 799 798 796
3 793 800 801
3 793 801 803
3 797 895 802
3 797 802 801
3 801 802 805
3 801 805 804
3 803 801 804
3 803 804 807
3 804 805 3744
3 804 3744 806
3 807 804 806
3 807 806 809
3 808 807 810
3 808 810 811
3 3735 803 807
3 3735 807 808
3 812 810 807
3 812 807 809
3 811 810 812
3 811 812 813
3 809 806 815
3 809 815 812
3 813 812 814
3 813 814 3737
3 812 815 817
3 812 817 814
3 815 816 819
3 815 819 817
3 806 3744 816
3 806 816 815
3 817 819 879
3 817 879 818
3 820 817 818
3 820 818 822
3 814 817 820
3 814 820 821
3 821 820 822
3 821 822 825
3 818 879 823
3 818 823 822
3 822 823 868
3 822 868 824
3 825 822 824
3 825 824 828
3 825 826 814
3 825 814 821
3 3738 826 825
3 3738 825 827
3 827 825 828
3 827 828 829
3 828 824 831
3 828 831 830
3 829 828 830
3 829 830 832
3 830 831 835
3 830 835 833
3 832 830 833
3 832 833 836
3 833 835 863
3 833 863 834
3 836 833 834
3 836 834 837
3 837 839 832
3 837 832 836
3 837 834 857
3 837 857 838
3 838 840 839
3 838 839 837
3 841 839 840
3 841 840 844
3 843 832 839
3 843 839 841
3 844 846 842
3 844 842 841
3 841 842 1044
3 841 1044 843
3 844 840 838
3 844 838 847
3 845 1031 846
3 845 846 844
3 848 845 844
3 848 844 847
3 847 838 850
3 847 850 848
3 849 1029 845
3 849 845 848
3 848 850 851
3 848 851 849
3 853 851 850
3 853 850 852
3 852 850 838
3 852 838 855
3 852 854 1001
3 852 1001 853
3 855 856 854
3 855 854 852
3 838 857 856
3 838 856 855
3 857 860 858
3 857 858 856
3 856 858 859
3 856 859 854
3 858 860 861
3 858 861 859
3 860 862 994
3 860 994 861
3 863 864 862
3 863 862 860
3 834 863 860
3 834 860 857
3 835 866 864
3 835 864 863
3 864 865 987
3 864 987 862
3 866 867 865
3 866 865 864
3 831 867 866
3 831 866 835
3 868 872 869
3 868 869 867
3 824 868 867
3 824 867 831
3 867 869 870
3 867 870 865
3 869 871 980
3 869 980 870
3 872 873 871
3 872 871 869
3 875 873 872
3 875 872 868
3 873 874 978
3 873 978 871
3 876 877 874
3 876 874 873
3 879 876 873
3 879 873 875
3 878 971 877
3 878 877 876
3 880 881 878
3 880 878 876
3 819 880 876
3 819 876 879
3 883 881 880
3 883 880 819
3 881 882 971
3 881 971 878
3 884 885 882
3 884 882 881
3 887 884 881
3 887 881 883
3 886 969 885
3 886 885 884
3 888 890 886
3 888 886 884
3 805 888 884
3 805 884 887
3 802 889 888
3 802 888 805
3 889 892 890
3 889 890 888
3 890 891 969
3 890 969 886
3 892 893 891
3 892 891 890
3 894 954 893
3 894 893 892
3 896 897 894
3 896 894 892
3 895 892 889
3 895 889 802
3 798 896 892
3 798 892 895
3 899 897 896
3 899 896 798
3 897 898 954
3 897 954 894
3 900 901 898
3 900 898 897
3 903 900 897
3 903 897 899
3 902 945 901
3 902 901 900
3 904 905 902
3 904 902 900
3 906 904 900
3 906 900 903
3 907 905 904
3 907 904 906
3 908 906 903
3 908 903 909
3 765 907 906
3 765 906 908
3 767 908 909
3 767 909 791
3 909 903 3743
3 909 3743 799
3 791 909 799
3 791 799 794
3 910 911 905
3 910 905 907
3 763 910 907
3 763 907 765
3 912 913 911
3 912 911 910
3 760 912 910
3 760 910 763
3 914 915 913
3 914 913 912
3 757 914 912
3 757 912 760
3 916 917 915
3 916 915 914
3 919 916 914
3 919 914 757
3 918 931 917
3 918 917 916
3 920 918 916
3 920 916 919
3 757 755 920
3 757 920 919
3 751 921 920
3 751 920 754
3 920 921 924
3 920 924 922
3 922 923 918
3 922 918 920
3 924 925 923
3 924 923 922
3 716 712 925
3 716 925 924
3 926 924 921
3 926 921 751
3 719 715 924
3 719 924 926
3 751 3746 719
3 751 719 926
3 925 927 930
3 925 930 923
3 712 710 927
3 712 927 925
3 927 929 1290
3 927 1290 928
3 930 927 928
3 930 928 931
3 710 3742 929
3 710 929 927
3 923 930 931
3 923 931 918
3 928 1290 932
3 928 932 931
3 931 932 934
3 931 934 933
3 917 931 933
3 917 933 915
3 933 934 937
3 933 937 915
3 936 1287 935
3 936 935 934
3 934 935 939
3 934 939 938
3 932 1290 936
3 932 936 934
3 937 934 938
3 937 938 940
3 938 939 941
3 938 941 940
3 940 941 1304
3 940 1304 942
3 943 940 942
3 943 942 944
3 913 940 943
3 913 943 911
3 915 937 940
3 915 940 913
3 911 943 944
3 911 944 905
3 944 942 946
3 944 946 945
3 905 944 945
3 905 945 902
3 946 1303 947
3 946 947 945
3 945 947 949
3 945 949 948
3 901 945 948
3 901 948 898
3 948 949 952
3 948 952 898
3 949 951 1309
3 949 1309 950
3 952 949 950
3 952 950 953
3 947 1303 951
3 947 951 949
3 898 952 953
3 898 953 954
3 953 950 956
3 953 956 955
3 954 953 955
3 954 955 958
3 955 956 961
3 955 961 959
3 957 955 959
3 957 959 962
3 958 955 957
3 958 957 891
3 961 1312 960
3 961 960 959
3 959 960 964
3 959 964 963
3 962 959 963
3 962 963 966
3 963 964 1317
3 963 1317 965
3 966 963 965
3 966 965 967
3 968 966 967
3 968 967 970
3 969 962 966
3 969 966 968
3 882 968 970
3 882 970 971
3 885 969 968
3 885 968 882
3 970 967 972
3 970 972 971
3 971 972 974
3 971 974 973
3 877 971 973
3 877 973 874
3 973 974 977
3 973 977 975
3 874 973 975
3 874 975 978
3 975 977 1646
3 975 1646 976
3 978 975 976
3 978 976 979
3 871 978 979
3 871 979 980
3 979 976 982
3 979 982 981
3 980 979 981
3 980 981 985
3 981 982 1640
3 981 1640 983
3 984 981 983
3 984 983 993
3 985 981 984
3 985 984 986
3 870 980 985
3 870 985 986
3 987 986 988
3 987 988 992
3 865 870 986
3 865 986 987
3 986 984 993
3 986 993 988
3 988 993 983
3 988 983 989
3 988 989 1636
3 988 1636 990
3 991 988 990
3 991 990 997
3 992 988 991
3 992 991 994
3 862 987 992
3 862 992 994
3 994 991 997
3 994 997 995
3 861 994 995
3 861 995 999
3 995 997 1630
3 995 1630 996
3 998 995 996
3 998 996 1003
3 999 995 998
3 999 998 1000
3 859 861 999
3 859 999 1000
3 1001 1000 1002
3 1001 1002 1005
3 854 859 1000
3 854 1000 1001
3 1000 998 1003
3 1000 1003 1002
3 1002 1003 1628
3 1002 1628 1004
3 1005 1002 1004
3 1005 1004 1007
3 853 1001 1005
3 853 1005 1006
3 1006 1005 1007
3 1006 1007 1008
3 1007 1004 1010
3 1007 1010 1009
3 1008 1007 1009
3 1008 1009 1011
3 1009 1010 1014
3 1009 1014 1012
3 1011 1009 1012
3 1011 1012 1015
3 1012 1014 1617
3 1012 1617 1013
3 1015 1012 1013
3 1015 1013 1016
3 1016 1614 1017
3 1016 1017 1015
3 1018 1015 1017
3 1018 1017 1019
3 1020 1011 1015
3 1020 1015 1018
3 1018 1019 1021
3 1018 1021 1020
3 1022 1008 1011
3 1022 1011 1020
3 1020 1021 1024
3 1020 1024 1022
3 1022 1024 1026
3 1022 1026 1023
3 1023 1006 1008
3 1023 1008 1022
3 1021 1664 1025
3 1021 1025 1024
3 1024 1025 1027
3 1024 1027 1026
3 1026 1027 1029
3 1026 1029 849
3 1023 1026 849
3 1023 849 3741
3 1025 1666 1028
3 1025 1028 1027
3 1027 1028 1030
3 1027 1030 1029
3 1029 1030 1031
3 1029 1031 845
3 1030 1032 1036
3 1030 1036 1031
3 1028 1034 1032
3 1028 1032 1030
3 1032 1033 1672
3 1032 1672 1035
3 1034 1670 1033
3 1034 1033 1032
3 1032 1035 1037
3 1032 1037 1036
3 1036 1037 1039
3 1036 1039 1038
3 1031 1036 1038
3 1031 1038 846
3 1038 1039 1041
3 1038 1041 1040
3 846 1038 1040
3 846 1040 842
3 1040 1041 1043
3 1040 1043 1042
3 842 1040 1042
3 842 1042 1044
3 1042 1043 1047
3 1042 1047 1045
3 1044 1042 1045
3 1044 1045 1048
3 1045 1046 3739
3 1045 3739 1048
3 1049 1050 1046
3 1049 1046 1045
3 1045 1047 1051
3 1045 1051 1049
3 1051 1052 1050
3 1051 1050 1049
3 1053 1054 1052
3 1053 1052 1051
3 1047 1055 1053
3 1047 1053 1051
3 1055 1057 1054
3 1055 1054 1053
3 1056 1058 1057
3 1056 1057 1055
3 1043 1056 1055
3 1043 1055 1047
3 1058 1062 1059
3 1058 1059 1057
3 1057 1059 1063
3 1057 1063 1054
3 1059 1061 1562
3 1059 1562 1060
3 1059 1060 1064
3 1059 1064 1063
3 1062 1565 1061
3 1062 1061 1059
3 1063 1064 1068
3 1063 1068 1065
3 1054 1063 1065
3 1054 1065 1067
3 1065 1068 1070
3 1065 1070 1066
3 1067 1065 1066
3 1067 1066 3730
3 1064 1072 1071
3 1064 1071 1068
3 1068 1071 1073
3 1068 1073 1069
3 1068 1069 1078
3 1068 1078 1070
3 1072 1074 1073
3 1072 1073 1071
3 1074 1370 1075
3 1074 1075 1073
3 1073 1075 1077
3 1073 1077 1076
3 1069 1073 1076
3 1069 1076 1078
3 1076 1077 1080
3 1076 1080 1079
3 1078 1076 1079
3 1078 1079 779
3 779 1079 1080
3 779 1080 1083
3 1077 1561 1081
3 1077 1081 1080
3 1080 1081 1084
3 1080 1084 1082
3 1083 1080 1082
3 1083 1082 780
3 780 1082 1084
3 780 1084 1086
3 1081 1396 1085
3 1081 1085 1084
3 1084 1085 1088
3 1084 1088 1087
3 1086 1084 1087
3 1086 1087 1089
3 1089 1087 1088
3 1089 1088 1091
3 780 1086 1089
3 780 1089 777
3 777 1089 1090
3 777 1090 775
3 1089 1091 1092
3 1089 1092 1090
3 1091 1088 1094
3 1091 1094 1092
3 1090 1092 1093
3 1090 1093 3727
3 1092 1095 1097
3 1092 1097 1093
3 1092 1094 1096
3 1092 1096 1095
3 1095 1096 1099
3 1095 1099 1097
3 1097 1099 1100
3 1097 1100 1098
3 1097 1098 737
3 1097 737 740
3 1093 1097 740
3 1093 740 743
3 1096 1102 1100
3 1096 1100 1099
3 1102 1557 1101
3 1102 1101 1100
3 1100 1101 1104
3 1100 1104 1103
3 1098 1100 1103
3 1098 1103 737
3 1103 1104 1105
3 1103 1105 735
3 1104 1106 1109
3 1104 1109 1105
3 1101 1107 1106
3 1101 1106 1104
3 1107 1421 1108
3 1107 1108 1106
3 1106 1108 1110
3 1106 1110 1109
3 1109 1110 1112
3 1109 1112 1111
3 1105 1109 1111
3 1105 1111 1113
3 1114 1111 1112
3 1114 1112 1115
3 732 1113 1111
3 732 1111 1114
3 1114 1115 673
3 1114 673 676
3 732 1114 676
3 732 676 678
3 1115 1112 1116
3 1115 1116 673
3 736 1105 1113
3 736 1113 732
3 1112 1117 1120
3 1112 1120 1116
3 1110 1118 1117
3 1110 1117 1112
3 1118 1431 1119
3 1118 1119 1117
3 1117 1119 1122
3 1117 1122 1120
3 1121 1120 1122
3 1121 1122 1124
3 673 1116 1120
3 673 1120 1121
3 1119 1434 1123
3 1119 1123 1122
3 1122 1123 1126
3 1122 1126 1125
3 1124 1122 1125
3 1124 1125 1127
3 1127 1125 1126
3 1127 1126 1128
3 1127 1128 1130
3 1127 1130 1129
3 1121 1124 1127
3 1121 1127 674
3 674 1127 1129
3 674 1129 670
3 1129 1130 1132
3 1129 1132 1131
3 670 1129 1131
3 670 1131 667
3 1131 1132 1134
3 1131 1134 1133
3 667 1131 1133
3 667 1133 662
3 1135 1133 1134
3 1135 1134 1136
3 1138 662 1133
3 1138 1133 1135
3 1135 1136 1139
3 1135 1139 1137
3 1138 1135 1137
3 1138 1137 659
3 1137 1139 1141
3 1137 1141 658
3 1136 3726 1140
3 1136 1140 1139
3 1139 1140 1142
3 1139 1142 1141
3 1141 1142 1144
3 1141 1144 1143
3 658 1141 1143
3 658 1143 653
3 1143 1144 1146
3 1143 1146 654
3 1142 1167 1145
3 1142 1145 1144
3 1144 1145 1147
3 1144 1147 1146
3 1146 1147 1149
3 1146 1149 1148
3 654 1146 1148
3 654 1148 646
3 1148 1149 1151
3 1148 1151 645
3 1147 1156 1150
3 1147 1150 1149
3 1149 1150 1152
3 1149 1152 1151
3 1151 1152 253
3 1151 253 1153
3 645 1151 1153
3 645 1153 643
3 1153 1154 640
3 1153 640 643
3 257 261 1154
3 257 1154 1153
3 640 1154 261
3 640 261 3749
3 1150 1155 252
3 1150 252 1152
3 1156 1158 1155
3 1156 1155 1150
3 1157 1160 1158
3 1157 1158 1156
3 1145 1157 1156
3 1145 1156 1147
3 1160 1161 1159
3 1160 1159 1158
3 1158 1159 3714
3 1158 3714 1155
3 1162 1163 1161
3 1162 1161 1160
3 1166 1162 1160
3 1166 1160 1157
3 1162 1164 1767
3 1162 1767 1163
3 1165 1766 1164
3 1165 1164 1162
3 1168 1165 1162
3 1168 1162 1166
3 1167 1166 1157
3 1167 1157 1145
3 1170 1168 1166
3 1170 1166 1167
3 1168 1169 1766
3 1168 1766 1165
3 1170 1171 1169
3 1170 1169 1168
3 1140 1172 1171
3 1140 1171 1170
3 1140 1170 1167
3 1140 1167 1142
3 1173 1174 1169
3 1173 1169 1171
3 1175 1173 1171
3 1175 1171 1172
3 1176 1179 1174
3 1176 1174 1173
3 1180 1176 1173
3 1180 1173 1175
3 1177 1183 1178
3 1177 1178 1176
3 1181 1177 1176
3 1181 1176 1180
3 1176 1178 1752
3 1176 1752 1179
3 1130 1181 1180
3 1130 1180 1132
3 1132 1180 1175
3 1132 1175 1134
3 1181 1182 1183
3 1181 1183 1177
3 1130 1185 1182
3 1130 1182 1181
3 1184 1186 1183
3 1184 1183 1182
3 1126 1184 1182
3 1126 1182 1185
3 1128 1126 1185
3 1128 1185 1130
3 1187 1189 1186
3 1187 1186 1184
3 1123 1187 1184
3 1123 1184 1126
3 1187 1188 1190
3 1187 1190 1189
3 1123 1435 1188
3 1123 1188 1187
3 1189 1190 1193
3 1189 1193 1186
3 1190 1194 1195
3 1190 1195 1191
3 1190 1191 1748
3 1190 1748 1193
3 1192 1196 1194
3 1192 1194 1190
3 1201 1192 1190
3 1201 1190 1188
3 1196 1199 1195
3 1196 1195 1194
3 1197 1208 1198
3 1197 1198 1196
3 1202 1197 1196
3 1202 1196 1200
3 1196 1198 1736
3 1196 1736 1199
3 1201 1200 1196
3 1201 1196 1192
3 1204 1202 1200
3 1204 1200 1201
3 1202 1205 1208
3 1202 1208 1197
3 1203 1209 1205
3 1203 1205 1202
3 1430 1203 1202
3 1430 1202 1204
3 1206 3722 1207
3 1206 1207 1205
3 1210 1206 1205
3 1210 1205 1209
3 1205 1207 3715
3 1205 3715 1208
3 1212 1210 1209
3 1212 1209 1203
3 1210 1213 3722
3 1210 3722 1206
3 1216 1214 1210
3 1216 1210 1211
3 1436 1211 1210
3 1436 1210 1212
3 1214 1215 1213
3 1214 1213 1210
3 1216 1220 1215
3 1216 1215 1214
3 1439 1219 1216
3 1439 1216 1217
3 1437 1217 1216
3 1437 1216 1218
3 1218 1216 1211
3 1218 1211 1436
3 1219 1221 1220
3 1219 1220 1216
3 1221 1224 1222
3 1221 1222 1220
3 1220 1222 1223
3 1220 1223 1215
3 1222 1225 1227
3 1222 1227 1223
3 1224 1226 1225
3 1224 1225 1222
3 1228 1225 1226
3 1228 1226 1505
3 1229 1230 1227
3 1229 1227 1225
3 1231 1229 1225
3 1231 1225 1228
3 1229 1232 1233
3 1229 1233 1230
3 1231 1234 1232
3 1231 1232 1229
3 1235 1238 1233
3 1235 1233 1232
3 1236 1235 1232
3 1236 1232 1234
3 1684 1237 1235
3 1684 1235 1236
3 1237 1241 1238
3 1237 1238 1235
3 1238 1240 3720
3 1238 3720 1233
3 1238 1239 3724
3 1238 3724 1240
3 1241 1242 1239
3 1241 1239 1238
3 1237 1244 1242
3 1237 1242 1241
3 1242 1243 3724
3 1242 3724 1239
3 1245 1246 1243
3 1245 1243 1242
3 1247 1245 1242
3 1247 1242 1244
3 526 524 1246
3 526 1246 1245
3 529 526 1245
3 529 1245 1247
3 532 529 1247
3 532 1247 1248
3 1248 1247 1244
3 1248 1244 1250
3 1249 1248 1250
3 1249 1250 1684
3 1253 1251 1248
3 1253 1248 1249
3 1252 532 1248
3 1252 1248 1251
3 538 1252 1251
3 538 1251 1253
3 1253 1249 1684
3 1253 1684 1254
3 1255 1253 1254
3 1255 1254 1256
3 541 538 1253
3 541 1253 1255
3 548 1255 1256
3 548 1256 1257
3 1256 1254 1259
3 1256 1259 1258
3 1257 1256 1258
3 1257 1258 1260
3 1258 1259 1263
3 1258 1263 1261
3 1260 1258 1261
3 1260 1261 1264
3 1261 1263 1511
3 1261 1511 1262
3 1264 1261 1262
3 1264 1262 1265
3 1266 1264 1265
3 1266 1265 1267
3 1269 1260 1264
3 1269 1264 1266
3 1268 1266 1267
3 1268 1267 1484
3 1270 1269 1266
3 1270 1266 1268
3 1271 1257 1260
3 1271 1260 1269
3 1272 1271 1269
3 1272 1269 1270
3 550 548 1257
3 550 1257 1271
3 556 550 1271
3 556 1271 1272
3 557 1272 1270
3 557 1270 1274
3 1273 1270 1268
3 1273 1268 1278
3 1274 1270 1273
3 1274 1273 1275
3 559 557 1274
3 559 1274 1275
3 1275 1273 1278
3 1275 1278 1277
3 1276 1275 1277
3 1276 1277 1280
3 1293 559 1275
3 1293 1275 1276
3 1277 1278 1483
3 1277 1483 1279
3 1280 1277 1279
3 1280 1279 1281
3 1282 1280 1281
3 1282 1281 1283
3 1286 1276 1280
3 1286 1280 1282
3 1284 1282 1283
3 1284 1283 1296
3 1285 1282 1284
3 1285 1284 939
3 1287 1286 1282
3 1287 1282 1285
3 1288 1276 1286
3 1288 1286 1287
3 935 1287 1285
3 935 1285 939
3 1289 1292 1288
3 1289 1288 1287
3 1290 1289 1287
3 1290 1287 936
3 929 1291 1289
3 929 1289 1290
3 1291 1294 1292
3 1291 1292 1289
3 1292 1293 1276
3 1292 1276 1288
3 1294 560 1293
3 1294 1293 1292
3 1295 1294 1291
3 1295 1291 929
3 709 564 1294
3 709 1294 1295
3 3742 709 1295
3 3742 1295 929
3 939 1284 1296
3 939 1296 1297
3 1297 1296 1298
3 1297 1298 1302
3 1296 1283 1300
3 1296 1300 1298
3 1298 1300 1477
3 1298 1477 1299
3 1301 1298 1299
3 1301 1299 1305
3 1302 1298 1301
3 1302 1301 1303
3 1304 1297 1302
3 1304 1302 1303
3 942 1304 1303
3 942 1303 946
3 1303 1301 1305
3 1303 1305 951
3 941 939 1297
3 941 1297 1304
3 1305 1299 1307
3 1305 1307 1306
3 951 1305 1306
3 951 1306 1309
3 1306 1307 1516
3 1306 1516 1308
3 1310 1306 1308
3 1310 1308 1311
3 1309 1306 1310
3 1309 1310 950
3 950 1310 1311
3 950 1311 956
3 956 1311 1312
3 956 1312 961
3 1311 1308 1313
3 1311 1313 1312
3 960 1312 1314
3 960 1314 964
3 1312 1313 1315
3 1312 1315 1314
3 1314 1315 1318
3 1314 1318 1316
3 964 1314 1316
3 964 1316 1317
3 1317 1316 1319
3 1317 1319 1322
3 1316 1318 1320
3 1316 1320 1319
3 1319 1320 1545
3 1319 1545 1321
3 1322 1319 1321
3 1322 1321 1324
3 1323 1322 1324
3 1323 1324 1325
3 965 1317 1322
3 965 1322 1323
3 1325 1324 1321
3 1325 1321 1326
3 1325 1326 1329
3 1325 1329 1328
3 1327 1325 1328
3 1327 1328 1330
3 1683 1323 1325
3 1683 1325 1327
3 1328 1329 1332
3 1328 1332 1331
3 1330 1328 1331
3 1330 1331 1334
3 1335 1331 1332
3 1335 1332 1336
3 1334 1331 1333
3 1334 1333 1645
3 1337 1333 1331
3 1337 1331 1335
3 1335 1336 1339
3 1335 1339 1337
3 1340 1337 1338
3 1340 1338 1639
3 1342 1338 1337
3 1342 1337 1341
3 1341 1337 1339
3 1341 1339 1343
3 1340 1645 1333
3 1340 1333 1337
3 1341 1343 1344
3 1341 1344 1342
3 1343 1339 1336
3 1343 1336 1346
3 1581 1344 1343
3 1581 1343 1345
3 1345 1343 1346
3 1345 1346 1348
3 1346 1336 1552
3 1346 1552 1347
3 1348 1346 1347
3 1348 1347 1350
3 1349 1348 1350
3 1349 1350 1351
3 1574 1345 1348
3 1574 1348 1349
3 1350 1347 1353
3 1350 1353 1352
3 1351 1350 1352
3 1351 1352 1355
3 1352 1353 1550
3 1352 1550 1354
3 1352 1354 1358
3 1352 1358 1356
3 1355 1352 1356
3 1355 1356 1357
3 1357 1356 1358
3 1357 1358 1360
3 1354 1550 1359
3 1354 1359 1358
3 1358 1359 1362
3 1358 1362 1361
3 1360 1358 1361
3 1360 1361 1364
3 1361 1362 1534
3 1361 1534 1363
3 1364 1361 1363
3 1364 1363 1368
3 1357 1360 1364
3 1357 1364 1365
3 1562 1365 1364
3 1562 1364 1366
3 1366 1364 1367
3 1366 1367 1074
3 1364 1368 1369
3 1364 1369 1367
3 1368 1363 1372
3 1368 1372 1369
3 1074 1367 1369
3 1074 1369 1370
3 1370 1369 1371
3 1370 1371 1075
3 1369 1372 1375
3 1369 1375 1371
3 1372 1373 1381
3 1372 1381 1374
3 1363 1534 1373
3 1363 1373 1372
3 1372 1374 1376
3 1372 1376 1375
3 1371 1375 1376
3 1371 1376 1378
3 1376 1380 1383
3 1376 1383 1377
3 1376 1377 1388
3 1376 1388 1379
3 1378 1376 1379
3 1378 1379 1559
3 1374 1381 1380
3 1374 1380 1376
3 1381 1530 1382
3 1381 1382 1380
3 1380 1382 1384
3 1380 1384 1383
3 1383 1384 1386
3 1383 1386 1385
3 1377 1383 1385
3 1377 1385 1388
3 1385 1386 1460
3 1385 1460 1387
3 1388 1385 1387
3 1388 1387 1389
3 1388 1389 1392
3 1388 1392 1391
3 1559 1379 1388
3 1559 1388 1390
3 1390 1388 1391
3 1390 1391 1393
3 1393 1391 1392
3 1393 1392 1394
3 1393 1394 1398
3 1393 1398 1397
3 1559 1390 1393
3 1559 1393 1395
3 1081 1395 1393
3 1081 1393 1396
3 1396 1393 1397
3 1396 1397 1085
3 1085 1397 1398
3 1085 1398 1399
3 1399 1398 1400
3 1399 1400 1558
3 1398 1402 1404
3 1398 1404 1400
3 1398 1401 1403
3 1398 1403 1402
3 1394 1392 1401
3 1394 1401 1398
3 1402 1403 1407
3 1402 1407 1404
3 1558 1400 1404
3 1558 1404 1405
3 1405 1404 1406
3 1405 1406 1102
3 1404 1408 1410
3 1404 1410 1406
3 1404 1407 1409
3 1404 1409 1408
3 1408 1409 1412
3 1408 1412 1411
3 1408 1411 1413
3 1408 1413 1410
3 1411 1412 1414
3 1411 1414 1413
3 1413 1414 1440
3 1413 1440 1415
3 1413 1415 1417
3 1413 1417 1416
3 1410 1413 1416
3 1410 1416 1418
3 1107 1416 1417
3 1107 1417 1421
3 1101 1418 1416
3 1101 1416 1107
3 1557 1410 1418
3 1557 1418 1101
3 1415 1440 1419
3 1415 1419 1417
3 1417 1419 1437
3 1417 1437 1420
3 1417 1420 1423
3 1417 1423 1422
3 1421 1417 1422
3 1421 1422 1108
3 1108 1422 1423
3 1108 1423 1426
3 1420 1437 1424
3 1420 1424 1423
3 1423 1424 1436
3 1423 1436 1425
3 1423 1425 1428
3 1423 1428 1427
3 1426 1423 1427
3 1426 1427 1118
3 1118 1427 1428
3 1118 1428 1431
3 1428 1429 1203
3 1428 1203 1430
3 1425 1436 1429
3 1425 1429 1428
3 1428 1430 1433
3 1428 1433 1432
3 1431 1428 1432
3 1431 1432 1119
3 1119 1432 1433
3 1119 1433 1434
3 1430 1204 1201
3 1430 1201 1433
3 1433 1201 1188
3 1433 1188 1435
3 1434 1433 1435
3 1434 1435 1123
3 1436 1212 1203
3 1436 1203 1429
3 1437 1218 1436
3 1437 1436 1424
3 1108 1426 1118
3 1108 1118 1110
3 1438 1439 1217
3 1438 1217 1437
3 1440 1438 1437
3 1440 1437 1419
3 1440 1442 1439
3 1440 1439 1438
3 1441 1444 1442
3 1441 1442 1440
3 1412 1441 1440
3 1412 1440 1414
3 1442 1443 1506
3 1442 1506 1439
3 1444 1445 1443
3 1444 1443 1442
3 1446 1447 1445
3 1446 1445 1444
3 1412 1446 1444
3 1412 1444 1441
3 1448 1508 1447
3 1448 1447 1446
3 1450 1448 1446
3 1450 1446 1449
3 1409 1449 1446
3 1409 1446 1412
3 1453 1450 1449
3 1453 1449 1409
3 1450 1451 1508
3 1450 1508 1448
3 1452 1455 1451
3 1452 1451 1450
3 1403 1452 1450
3 1403 1450 1453
3 1403 1453 1409
3 1403 1409 1407
3 1454 1457 1455
3 1454 1455 1452
3 1556 1454 1452
3 1556 1452 1403
3 1455 1456 1507
3 1455 1507 1451
3 1457 1458 1456
3 1457 1456 1455
3 1459 1462 1458
3 1459 1458 1457
3 1461 1459 1457
3 1461 1457 1454
3 1460 1464 1462
3 1460 1462 1459
3 1387 1460 1459
3 1387 1459 1461
3 1462 1465 1466
3 1462 1466 1458
3 1463 1467 1465
3 1463 1465 1462
3 1463 1462 1464
3 1463 1464 1554
3 1468 1469 1466
3 1468 1466 1465
3 1471 1468 1465
3 1471 1465 1467
3 1470 1488 1469
3 1470 1469 1468
3 1473 1470 1468
3 1473 1468 1471
3 1472 1471 1467
3 1472 1467 1515
3 1475 1473 1471
3 1475 1471 1472
3 1473 1474 1486
3 1473 1486 1470
3 1475 1476 1474
3 1475 1474 1473
3 1477 1475 1472
3 1477 1472 1513
3 1478 1479 1476
3 1478 1476 1475
3 1300 1478 1475
3 1300 1475 1477
3 1281 1480 1479
3 1281 1479 1478
3 1283 1281 1478
3 1283 1478 1300
3 1480 1483 1481
3 1480 1481 1479
3 1479 1481 1474
3 1479 1474 1476
3 1481 1482 1486
3 1481 1486 1474
3 1483 1484 1482
3 1483 1482 1481
3 1278 1268 1484
3 1278 1484 1483
3 1279 1483 1480
3 1279 1480 1281
3 1484 1267 1485
3 1484 1485 1482
3 1482 1485 1487
3 1482 1487 1486
3 1470 1486 1487
3 1470 1487 1488
3 1488 1487 1485
3 1488 1485 1490
3 1488 1489 1509
3 1488 1509 1469
3 1490 1491 1489
3 1490 1489 1488
3 1490 1485 1493
3 1490 1493 1491
3 1491 1492 1497
3 1491 1497 1489
3 1491 1493 1494
3 1491 1494 1492
3 1265 1262 1494
3 1265 1494 1493
3 1267 1265 1493
3 1267 1493 1485
3 1492 1494 1262
3 1492 1262 1496
3 1492 1495 1498
3 1492 1498 1497
3 1496 1510 1495
3 1496 1495 1492
3 1499 1497 1498
3 1499 1498 1502
3 1500 1489 1497
3 1500 1497 1499
3 1447 1499 1502
3 1447 1502 1445
3 1508 1501 1499
3 1508 1499 1447
3 1500 1499 1501
3 1500 1501 1507
3 1502 1498 1495
3 1502 1495 1503
3 1445 1502 1503
3 1445 1503 1443
3 1503 1495 1505
3 1503 1505 1504
3 1443 1503 1504
3 1443 1504 1506
3 1504 1505 1226
3 1504 1226 1224
3 1506 1504 1224
3 1506 1224 1221
3 1439 1506 1221
3 1439 1221 1219
3 1510 1228 1505
3 1510 1505 1495
3 1451 1507 1501
3 1451 1501 1508
3 1456 1469 1509
3 1456 1509 1507
3 1507 1509 1489
3 1507 1489 1500
3 1496 1262 1511
3 1496 1511 1510
3 1510 1511 1512
3 1510 1512 1228
3 1263 1234 1512
3 1263 1512 1511
3 1228 1512 1234
3 1228 1234 1231
3 1299 1477 1513
3 1299 1513 1307
3 1513 1472 1515
3 1513 1515 1514
3 1307 1513 1514
3 1307 1514 1516
3 1514 1515 1518
3 1514 1518 1517
3 1516 1514 1517
3 1516 1517 1519
3 1517 1518 1522
3 1517 1522 1520
3 1519 1517 1520
3 1519 1520 1523
3 1523 1520 1521
3 1523 1521 1542
3 1525 1521 1520
3 1525 1520 1524
3 1524 1520 1522
3 1524 1522 1526
3 1524 1526 1529
3 1524 1529 1525
3 1382 1526 1527
3 1382 1527 1384
3 1528 1554 1527
3 1528 1527 1526
3 1526 1522 1518
3 1526 1518 1528
3 1530 1529 1526
3 1530 1526 1382
3 1531 1525 1529
3 1531 1529 1530
3 1373 1531 1530
3 1373 1530 1381
3 1532 1536 1525
3 1532 1525 1531
3 1534 1532 1531
3 1534 1531 1373
3 1533 1537 1536
3 1533 1536 1532
3 1533 1532 1535
3 1533 1535 1551
3 1553 1535 1532
3 1553 1532 1534
3 1541 1525 1536
3 1541 1536 1537
3 1540 1537 1538
3 1540 1538 1543
3 1551 1538 1537
3 1551 1537 1533
3 1540 1320 1539
3 1540 1539 1537
3 1537 1539 1542
3 1537 1542 1541
3 1541 1542 1521
3 1541 1521 1525
3 1318 1542 1539
3 1318 1539 1320
3 1315 1523 1542
3 1315 1542 1318
3 1543 1545 1320
3 1543 1320 1540
3 1543 1538 1548
3 1543 1548 1544
3 1326 1543 1544
3 1326 1544 1329
3 1326 1321 1545
3 1326 1545 1543
3 1546 1544 1548
3 1546 1548 1549
3 1552 1547 1544
3 1552 1544 1546
3 1329 1544 1547
3 1329 1547 1332
3 1549 1548 1538
3 1549 1538 1551
3 1353 1546 1549
3 1353 1549 1550
3 1550 1549 1551
3 1550 1551 1359
3 1359 1551 1535
3 1359 1535 1553
3 1336 1332 1547
3 1336 1547 1552
3 1347 1552 1546
3 1347 1546 1353
3 1359 1553 1534
3 1359 1534 1362
3 1528 1518 1555
3 1528 1555 1554
3 1554 1555 1467
3 1554 1467 1463
3 1384 1527 1554
3 1384 1554 1386
3 1386 1554 1464
3 1386 1464 1460
3 1515 1467 1555
3 1515 1555 1518
3 1313 1519 1523
3 1313 1523 1315
3 1308 1516 1519
3 1308 1519 1313
3 1458 1466 1469
3 1458 1469 1456
3 1392 1461 1454
3 1392 1454 1556
3 1389 1387 1461
3 1389 1461 1392
3 1392 1556 1403
3 1392 1403 1401
3 1102 1406 1410
3 1102 1410 1557
3 1558 1405 1102
3 1558 1102 1096
3 1085 1399 1558
3 1085 1558 1088
3 1088 1558 1096
3 1088 1096 1094
3 1561 1559 1395
3 1561 1395 1081
3 1371 1378 1559
3 1371 1559 1560
3 1077 1560 1559
3 1077 1559 1561
3 1075 1371 1560
3 1075 1560 1077
3 1562 1366 1074
3 1562 1074 1072
3 1563 1357 1365
3 1563 1365 1562
3 1565 1563 1562
3 1565 1562 1061
3 1060 1562 1072
3 1060 1072 1064
3 1564 1355 1357
3 1564 1357 1563
3 1566 1564 1563
3 1566 1563 1565
3 1567 1566 1565
3 1567 1565 1062
3 1566 1569 1355
3 1566 1355 1564
3 1571 1568 1566
3 1571 1566 1567
3 1568 1349 1569
3 1568 1569 1566
3 1349 1351 1355
3 1349 1355 1569
3 1573 1572 1568
3 1573 1568 1570
3 1678 1570 1568
3 1678 1568 1571
3 1572 1574 1349
3 1572 1349 1568
3 1573 1576 1574
3 1573 1574 1572
3 1575 1581 1345
3 1575 1345 1574
3 1577 1575 1574
3 1577 1574 1576
3 1578 1577 1576
3 1578 1576 1573
3 1682 1579 1577
3 1682 1577 1578
3 1579 1582 1580
3 1579 1580 1577
3 1577 1580 1581
3 1577 1581 1575
3 1580 1342 1344
3 1580 1344 1581
3 1582 1583 1342
3 1582 1342 1580
3 1584 1586 1583
3 1584 1583 1582
3 1585 1584 1582
3 1585 1582 1579
3 1591 1587 1584
3 1591 1584 1585
3 1587 1588 1586
3 1587 1586 1584
3 1590 1648 1588
3 1590 1588 1587
3 1590 1587 1589
3 1590 1589 1651
3 1592 1589 1587
3 1592 1587 1591
3 1597 1592 1591
3 1597 1591 1593
3 1593 1591 1585
3 1593 1585 1595
3 1598 1597 1593
3 1598 1593 1594
3 1669 1594 1593
3 1669 1593 1596
3 1596 1593 1595
3 1596 1595 1671
3 1598 1599 1592
3 1598 1592 1597
3 1601 1660 1599
3 1601 1599 1598
3 1603 1602 1598
3 1603 1598 1600
3 1600 1598 1594
3 1600 1594 1669
3 1604 1601 1598
3 1604 1598 1602
3 1606 1604 1602
3 1606 1602 1603
3 1604 1605 1660
3 1604 1660 1601
3 1607 1608 1605
3 1607 1605 1604
3 1609 1607 1604
3 1609 1604 1606
3 1610 1611 1608
3 1610 1608 1607
3 1612 1610 1607
3 1612 1607 1609
3 1613 1615 1611
3 1613 1611 1610
3 1614 1613 1610
3 1614 1610 1612
3 1013 1617 1615
3 1013 1615 1613
3 1016 1013 1613
3 1016 1613 1614
3 1615 1616 1657
3 1615 1657 1611
3 1618 1619 1616
3 1618 1616 1615
3 1014 1618 1615
3 1014 1615 1617
3 1014 1622 1619
3 1014 1619 1618
3 1619 1621 1657
3 1619 1657 1616
3 1619 1620 1658
3 1619 1658 1621
3 1623 1624 1620
3 1623 1620 1619
3 1625 1623 1619
3 1625 1619 1622
3 1626 1627 1624
3 1626 1624 1623
3 1628 1626 1623
3 1628 1623 1625
3 996 1630 1627
3 996 1627 1626
3 1003 996 1626
3 1003 1626 1628
3 1004 1628 1625
3 1004 1625 1010
3 1627 1629 1659
3 1627 1659 1624
3 1630 1631 1629
3 1630 1629 1627
3 997 990 1631
3 997 1631 1630
3 1631 1632 1634
3 1631 1634 1629
3 990 1636 1632
3 990 1632 1631
3 1632 1633 1641
3 1632 1641 1635
3 1636 1637 1633
3 1636 1633 1632
3 1632 1635 1648
3 1632 1648 1634
3 989 983 1637
3 989 1637 1636
3 1637 1638 1641
3 1637 1641 1633
3 983 1640 1638
3 983 1638 1637
3 1638 1639 1642
3 1638 1642 1641
3 1640 1340 1639
3 1640 1639 1638
3 1635 1641 1642
3 1635 1642 1586
3 1586 1642 1639
3 1586 1639 1647
3 1640 1643 1645
3 1640 1645 1340
3 982 1644 1643
3 982 1643 1640
3 1644 1334 1645
3 1644 1645 1643
3 1646 1330 1334
3 1646 1334 1644
3 976 1646 1644
3 976 1644 982
3 977 1327 1330
3 977 1330 1646
3 1647 1639 1338
3 1647 1338 1342
3 1647 1342 1583
3 1647 1583 1586
3 1635 1586 1588
3 1635 1588 1648
3 1634 1648 1649
3 1634 1649 1650
3 1651 1649 1648
3 1651 1648 1590
3 1653 1650 1649
3 1653 1649 1651
3 1599 1651 1589
3 1599 1589 1592
3 1653 1651 1652
3 1653 1652 1654
3 1660 1652 1651
3 1660 1651 1599
3 1654 1655 1650
3 1654 1650 1653
3 1621 1658 1655
3 1621 1655 1654
3 1605 1654 1652
3 1605 1652 1660
3 1621 1654 1656
3 1621 1656 1657
3 1608 1656 1654
3 1608 1654 1605
3 1611 1657 1656
3 1611 1656 1608
3 1659 1650 1655
3 1659 1655 1658
3 1624 1659 1658
3 1624 1658 1620
3 1629 1634 1650
3 1629 1650 1659
3 1010 1625 1622
3 1010 1622 1014
3 1614 1612 1661
3 1614 1661 1017
3 1612 1609 1606
3 1612 1606 1661
3 1661 1606 1603
3 1661 1603 1663
3 1019 1017 1661
3 1019 1661 1662
3 1662 1661 1663
3 1662 1663 1664
3 1664 1663 1603
3 1664 1603 1665
3 1664 1665 1666
3 1664 1666 1025
3 1019 1662 1664
3 1019 1664 1021
3 1665 1603 1667
3 1665 1667 1666
3 1666 1667 1669
3 1666 1669 1668
3 1666 1668 1034
3 1666 1034 1028
3 1668 1669 1670
3 1668 1670 1034
3 1603 1600 1669
3 1603 1669 1667
3 1669 1596 1671
3 1669 1671 1670
3 1670 1671 1672
3 1670 1672 1033
3 1671 1595 1675
3 1671 1675 1672
3 1672 1675 1578
3 1672 1578 1673
3 1672 1673 1676
3 1672 1676 1674
3 1035 1672 1674
3 1035 1674 1037
3 1595 1682 1578
3 1595 1578 1675
3 1674 1676 1678
3 1674 1678 1677
3 1037 1674 1677
3 1037 1677 1039
3 1677 1678 1680
3 1677 1680 1679
3 1039 1677 1679
3 1039 1679 1041
3 1041 1679 1680
3 1041 1680 1681
3 1678 1571 1567
3 1678 1567 1680
3 1680 1567 1062
3 1680 1062 1058
3 1681 1680 1058
3 1681 1058 1056
3 1041 1681 1056
3 1041 1056 1043
3 1676 1573 1570
3 1676 1570 1678
3 1673 1578 1573
3 1673 1573 1676
3 1595 1585 1579
3 1595 1579 1682
3 974 1683 1327
3 974 1327 977
3 967 965 1323
3 967 1323 1683
3 972 967 1683
3 972 1683 974
3 1259 1236 1234
3 1259 1234 1263
3 1254 1684 1236
3 1254 1236 1259
3 1684 1250 1244
3 1684 1244 1237
3 535 532 1252
3 535 1252 538
3 1246 1685 1688
3 1246 1688 1686
3 524 522 1685
3 524 1685 1246
3 1246 1686 1687
3 1246 1687 1243
3 1686 1688 1690
3 1686 1690 1687
3 1688 1689 3725
3 1688 3725 1690
3 1691 1692 1689
3 1691 1689 1688
3 522 1691 1688
3 522 1688 1685
3 517 1693 1692
3 517 1692 1691
3 1693 1697 1695
3 1693 1695 1692
3 1692 1695 1696
3 1692 1696 1694
3 1692 1694 1703
3 1692 1703 1689
3 1697 1698 1696
3 1697 1696 1695
3 1700 1698 1697
3 1700 1697 1693
3 1698 493 491
3 1698 491 1696
3 1699 496 493
3 1699 493 1698
3 1701 1699 1698
3 1701 1698 1700
3 514 1701 1700
3 514 1700 1693
3 499 496 1699
3 499 1699 1701
3 1694 1696 1702
3 1694 1702 1703
3 1696 491 489
3 1696 489 1702
3 1703 1702 489
3 1703 489 1705
3 1703 1705 1706
3 1703 1706 1704
3 1689 1703 1704
3 1689 1704 3725
3 1705 489 1709
3 1705 1709 1706
3 1706 1709 488
3 1706 488 1707
3 1708 1706 1707
3 1708 1707 1711
3 1712 1704 1706
3 1712 1706 1708
3 1708 1711 3594
3 1708 3594 1710
3 1712 1708 1710
3 1712 1710 1714
3 1713 3725 1704
3 1713 1704 1712
3 1713 1712 1714
3 1713 1714 1715
3 1716 1714 1710
3 1716 1710 1717
3 1719 1715 1714
3 1719 1714 1716
3 1718 1716 1717
3 1718 1717 3691
3 1721 1719 1716
3 1721 1716 1718
3 1720 3723 1715
3 1720 1715 1719
3 1722 1720 1719
3 1722 1719 1721
3 1723 1721 1718
3 1723 1718 1724
3 1725 1722 1721
3 1725 1721 1723
3 1723 1724 1729
3 1723 1729 1727
3 3715 1725 1723
3 3715 1723 1726
3 1726 1723 1727
3 1726 1727 1728
3 1728 1727 1729
3 1728 1729 1731
3 1724 3692 1730
3 1724 1730 1729
3 1731 1729 1730
3 1731 1730 1732
3 1733 1731 1732
3 1733 1732 1734
3 1736 1728 1731
3 1736 1731 1733
3 1733 1734 1739
3 1733 1739 1735
3 1736 1733 1735
3 1736 1735 1737
3 1738 1726 1728
3 1738 1728 1736
3 1208 1738 1736
3 1208 1736 1198
3 1199 1736 1737
3 1199 1737 1195
3 1208 3715 1726
3 1208 1726 1738
3 1195 1737 1735
3 1195 1735 1740
3 1740 1735 1739
3 1740 1739 1741
3 1740 1741 1744
3 1740 1744 1743
3 1742 1740 1743
3 1742 1743 1745
3 1191 1195 1740
3 1191 1740 1742
3 1745 1743 1744
3 1745 1744 1746
3 1191 1742 1745
3 1191 1745 1748
3 1745 1746 3682
3 1745 3682 1747
3 1748 1745 1747
3 1748 1747 1750
3 1186 1193 1748
3 1186 1748 1749
3 1749 1748 1750
3 1749 1750 1751
3 1751 1750 1747
3 1751 1747 1753
3 1751 1753 1755
3 1751 1755 1752
3 1183 1751 1752
3 1183 1752 1178
3 1186 1749 1751
3 1186 1751 1183
3 1753 1747 3682
3 1753 3682 1754
3 1753 1754 1757
3 1753 1757 1755
3 1756 1755 1757
3 1756 1757 1760
3 1179 1752 1755
3 1179 1755 1756
3 1754 3683 1758
3 1754 1758 1757
3 1757 1758 1923
3 1757 1923 1759
3 1760 1757 1759
3 1760 1759 1761
3 1756 1760 1761
3 1756 1761 1763
3 1761 1759 1923
3 1761 1923 1762
3 1761 1762 1765
3 1761 1765 1764
3 1763 1761 1764
3 1763 1764 1766
3 1764 1765 1768
3 1764 1768 1767
3 1766 1764 1767
3 1766 1767 1164
3 1163 1767 1768
3 1163 1768 1770
3 1765 1914 1769
3 1765 1769 1768
3 1770 1768 1769
3 1770 1769 1771
3 1770 1771 1774
3 1770 1774 1772
3 1163 1770 1772
3 1163 1772 1161
3 1161 1772 1773
3 1161 1773 1159
3 1772 1774 1776
3 1772 1776 1773
3 1771 1908 1775
3 1771 1775 1774
3 1774 1775 1777
3 1774 1777 1776
3 1776 1777 1782
3 1776 1782 1778
3 1773 1776 1778
3 1773 1778 1779
3 1779 1778 1781
3 1779 1781 3712
3 1780 1778 1782
3 1780 1782 1784
3 1787 1781 1778
3 1787 1778 1780
3 1777 1902 1783
3 1777 1783 1782
3 1784 1782 1783
3 1784 1783 1785
3 1784 1785 1788
3 1784 1788 1786
3 1780 1784 1786
3 1780 1786 1787
3 1786 1788 175
3 1786 175 178
3 1787 1786 178
3 1787 178 3711
3 1785 1791 1789
3 1785 1789 1788
3 1788 1789 1792
3 1788 1792 175
3 1791 1896 1790
3 1791 1790 1789
3 1789 1790 1793
3 1789 1793 1792
3 1792 1793 1796
3 1792 1796 176
3 1790 1893 1794
3 1790 1794 1793
3 1795 1793 1794
3 1795 1794 1800
3 1797 1796 1793
3 1797 1793 1795
3 168 176 1796
3 168 1796 1797
3 1797 1798 1801
3 1797 1801 169
3 1795 1800 1798
3 1795 1798 1797
3 1800 1887 1799
3 1800 1799 1798
3 1798 1799 1802
3 1798 1802 1801
3 1801 1802 1804
3 1801 1804 1803
3 169 1801 1803
3 169 1803 161
3 162 1803 1804
3 162 1804 1805
3 1805 1804 1802
3 1805 1802 1806
3 1806 1880 1807
3 1806 1807 1805
3 1805 1807 1809
3 1805 1809 1808
3 162 1805 1808
3 162 1808 154
3 155 1808 1809
3 155 1809 1810
3 1810 1809 1807
3 1810 1807 1811
3 1811 1874 1812
3 1811 1812 1810
3 1813 1810 1812
3 1813 1812 3702
3 155 1810 1814
3 155 1814 151
3 1815 1814 1810
3 1815 1810 1813
3 149 151 1814
3 149 1814 1815
3 1813 3702 1816
3 1813 1816 1815
3 1818 1815 1816
3 1818 1816 1819
3 149 1815 1817
3 149 1817 147
3 1820 1817 1815
3 1820 1815 1818
3 1818 1819 1821
3 1818 1821 1820
3 1822 147 1817
3 1822 1817 1820
3 1820 1821 1824
3 1820 1824 1823
3 1822 1820 1823
3 1822 1823 1826
3 1827 1823 1824
3 1827 1824 1828
3 1826 1823 1825
3 1826 1825 3709
3 1829 1825 1823
3 1829 1823 1827
3 1827 1828 1830
3 1827 1830 1829
3 1830 1832 1825
3 1830 1825 1829
3 1830 1833 1835
3 1830 1835 1831
3 1831 3317 1832
3 1831 1832 1830
3 1828 1834 1833
3 1828 1833 1830
3 1836 1833 1834
3 1836 1834 1839
3 1838 1835 1833
3 1838 1833 1836
3 1839 1840 1837
3 1839 1837 1836
3 1836 1837 2235
3 1836 2235 1838
3 1839 1834 1841
3 1839 1841 1840
3 1840 1841 1844
3 1840 1844 1843
3 1843 1845 1842
3 1843 1842 1840
3 1840 1842 3257
3 1840 3257 1837
3 1843 1844 1849
3 1843 1849 1845
3 1848 3141 1846
3 1848 1846 1845
3 1847 1845 1846
3 1847 1846 3146
3 3149 1842 1845
3 3149 1845 1847
3 1845 1849 1850
3 1845 1850 1848
3 1852 1850 1849
3 1852 1849 1844
3 1854 1855 1851
3 1854 1851 1850
3 1848 1850 1851
3 1848 1851 3141
3 1852 1860 1853
3 1852 1853 1850
3 1850 1853 1856
3 1850 1856 1854
3 1854 1856 1858
3 1854 1858 1855
3 1856 1857 3130
3 1856 3130 1858
3 1859 1862 1857
3 1859 1857 1856
3 1859 1856 1853
3 1859 1853 1860
3 1861 1859 1860
3 1861 1860 3704
3 1861 1863 1862
3 1861 1862 1859
3 1865 1866 1857
3 1865 1857 1862
3 1863 1873 1864
3 1863 1864 1862
3 1862 1864 1867
3 1862 1867 1865
3 1865 1867 1869
3 1865 1869 1866
3 1868 1991 1869
3 1868 1869 1867
3 1867 1870 1988
3 1867 1988 1868
3 1871 1872 1870
3 1871 1870 1867
3 1871 1867 1864
3 1871 1864 1873
3 1874 1875 1872
3 1874 1872 1871
3 1874 1871 1873
3 1874 1873 1812
3 1811 1807 1875
3 1811 1875 1874
3 1876 1878 1872
3 1876 1872 1875
3 1880 1876 1875
3 1880 1875 1807
3 1877 1984 1878
3 1877 1878 1876
3 1876 1879 1883
3 1876 1883 1877
3 1880 1881 1879
3 1880 1879 1876
3 1806 1802 1881
3 1806 1881 1880
3 1882 1883 1879
3 1882 1879 1881
3 1799 1882 1881
3 1799 1881 1802
3 1884 1886 1883
3 1884 1883 1882
3 1887 1884 1882
3 1887 1882 1799
3 1885 1977 1886
3 1885 1886 1884
3 1884 1888 1889
3 1884 1889 1885
3 1887 1890 1888
3 1887 1888 1884
3 1891 1889 1888
3 1891 1888 1890
3 1893 1891 1890
3 1893 1890 1794
3 1800 1794 1890
3 1800 1890 1887
3 1892 1970 1889
3 1892 1889 1891
3 1894 1892 1891
3 1894 1891 1893
3 1896 1894 1893
3 1896 1893 1790
3 1895 1968 1892
3 1895 1892 1894
3 1897 1895 1894
3 1897 1894 1896
3 1896 1898 1899
3 1896 1899 1897
3 1791 1900 1898
3 1791 1898 1896
3 1901 1899 1898
3 1901 1898 1900
3 1902 1901 1900
3 1902 1900 1783
3 1785 1783 1900
3 1785 1900 1791
3 1903 1905 1899
3 1903 1899 1901
3 1906 1903 1901
3 1906 1901 1902
3 1904 3700 1905
3 1904 1905 1903
3 1907 1904 1903
3 1907 1903 1906
3 1908 1907 1906
3 1908 1906 1775
3 1775 1906 1902
3 1775 1902 1777
3 1907 1909 1911
3 1907 1911 1904
3 1908 1912 1909
3 1908 1909 1907
3 1910 1945 1911
3 1910 1911 1909
3 1913 1910 1909
3 1913 1909 1912
3 1914 1913 1912
3 1914 1912 1769
3 1771 1769 1912
3 1771 1912 1908
3 1915 1916 1910
3 1915 1910 1913
3 1917 1915 1913
3 1917 1913 1914
3 1915 1918 1920
3 1915 1920 1916
3 1917 1921 1918
3 1917 1918 1915
3 1919 3701 1920
3 1919 1920 1918
3 1922 1919 1918
3 1922 1918 1921
3 1758 1922 1921
3 1758 1921 1923
3 1762 1923 1921
3 1762 1921 1917
3 1922 1924 1927
3 1922 1927 1919
3 1758 1926 1924
3 1758 1924 1922
3 1925 1929 1927
3 1925 1927 1924
3 3681 1925 1924
3 3681 1924 1926
3 1929 1931 1928
3 1929 1928 1927
3 1919 1927 1928
3 1919 1928 3701
3 1929 1930 1932
3 1929 1932 1931
3 1925 3679 1930
3 1925 1930 1929
3 1931 1932 1934
3 1931 1934 1933
3 1931 1933 1936
3 1931 1936 1928
3 1933 1934 3558
3 1933 3558 1935
3 1933 1935 1937
3 1933 1937 1936
3 1936 1937 1940
3 1936 1940 1939
3 3701 1928 1936
3 3701 1936 1938
3 1938 1936 1939
3 1938 1939 1941
3 1941 1939 1940
3 1941 1940 1942
3 3701 1938 1941
3 3701 1941 1920
3 1941 1942 1944
3 1941 1944 1943
3 1920 1941 1943
3 1920 1943 1946
3 1945 1943 1944
3 1945 1944 1947
3 1910 1946 1943
3 1910 1943 1945
3 1916 1920 1946
3 1916 1946 1910
3 1945 1947 1948
3 1945 1948 1911
3 1947 1949 1950
3 1947 1950 1948
3 1947 1944 1951
3 1947 1951 1949
3 1949 1951 1954
3 1949 1954 1950
3 1952 3517 1953
3 1952 1953 1951
3 1942 1952 1951
3 1942 1951 1944
3 1951 1953 1955
3 1951 1955 1954
3 1950 1954 1955
3 1950 1955 1957
3 1953 3521 1956
3 1953 1956 1955
3 1957 1955 1956
3 1957 1956 1958
3 1957 1958 1960
3 1957 1960 1959
3 1950 1957 1959
3 1950 1959 1961
3 1962 1959 1960
3 1962 1960 1963
3 1965 1961 1959
3 1965 1959 1962
3 1962 1963 1967
3 1962 1967 1964
3 1965 1962 1964
3 1965 1964 1966
3 1905 1965 1966
3 1905 1966 1899
3 1905 3699 1961
3 1905 1961 1965
3 1895 1966 1964
3 1895 1964 1968
3 1897 1899 1966
3 1897 1966 1895
3 1968 1964 1967
3 1968 1967 1969
3 1968 1969 1970
3 1968 1970 1892
3 1969 1967 1971
3 1969 1971 1970
3 1970 1971 1973
3 1970 1973 1972
3 1970 1972 1975
3 1970 1975 1889
3 1972 1973 2020
3 1972 2020 1974
3 1972 1974 1976
3 1972 1976 1975
3 1977 1975 1976
3 1977 1976 1978
3 1885 1889 1975
3 1885 1975 1977
3 1977 1978 1980
3 1977 1980 1886
3 1978 1976 2015
3 1978 2015 1979
3 1978 1979 1981
3 1978 1981 1980
3 1980 1981 1983
3 1980 1983 1982
3 1886 1980 1982
3 1886 1982 1883
3 1984 1982 1983
3 1984 1983 1985
3 1877 1883 1982
3 1877 1982 1984
3 1984 1985 1988
3 1984 1988 1878
3 1986 2006 1987
3 1986 1987 1985
3 1985 1983 1981
3 1985 1981 1986
3 1985 1987 1989
3 1985 1989 1988
3 1868 1988 1989
3 1868 1989 1991
3 1878 1988 1870
3 1878 1870 1872
3 1987 2004 1990
3 1987 1990 1989
3 1991 1989 1990
3 1991 1990 1992
3 1991 1992 1994
3 1991 1994 1869
3 1993 1992 1996
3 1993 1996 1998
3 3129 1994 1992
3 3129 1992 1993
3 1992 1990 2004
3 1992 2004 1995
3 1995 1999 1996
3 1995 1996 1992
3 1999 2000 1997
3 1999 1997 1996
3 1998 1996 1997
3 1998 1997 3123
3 1999 2001 2003
3 1999 2003 2000
3 1995 2004 2001
3 1995 2001 1999
3 2002 2887 2003
3 2002 2003 2001
3 2005 2002 2001
3 2005 2001 2004
3 2006 2005 2004
3 2006 2004 1987
3 2005 2007 2008
3 2005 2008 2002
3 2006 2010 2007
3 2006 2007 2005
3 2009 3113 2008
3 2009 2008 2007
3 2011 2009 2007
3 2011 2007 2010
3 1986 1981 2010
3 1986 2010 2006
3 1979 2011 2010
3 1979 2010 1981
3 2011 2012 2013
3 2011 2013 2009
3 1979 2015 2012
3 1979 2012 2011
3 2014 3698 2013
3 2014 2013 2012
3 2016 2014 2012
3 2016 2012 2015
3 1974 2016 2015
3 1974 2015 1976
3 2016 2017 2019
3 2016 2019 2014
3 1974 2020 2017
3 1974 2017 2016
3 2018 2054 2019
3 2018 2019 2017
3 2021 2018 2017
3 2021 2017 2020
3 2022 2021 2020
3 2022 2020 1973
3 2021 2023 2025
3 2021 2025 2018
3 2022 2026 2023
3 2022 2023 2021
3 2024 2040 2025
3 2024 2025 2023
3 2027 2024 2023
3 2027 2023 2026
3 2028 2027 2026
3 2028 2026 2022
3 2027 2029 2036
3 2027 2036 2024
3 1963 1960 2027
3 1963 2027 2028
3 1958 2030 2027
3 1958 2027 1960
3 2030 2031 2029
3 2030 2029 2027
3 1958 1956 2031
3 1958 2031 2030
3 3521 2032 2031
3 3521 2031 1956
3 2031 2034 2036
3 2031 2036 2029
3 2032 3520 2033
3 2032 2033 2031
3 2031 2033 2035
3 2031 2035 2034
3 2034 2035 2037
3 2034 2037 2036
3 2036 2037 2042
3 2036 2042 2038
3 2024 2036 2038
3 2024 2038 2040
3 2038 2042 2045
3 2038 2045 2039
3 2038 2039 2050
3 2038 2050 2041
3 2040 2038 2041
3 2040 2041 2025
3 2043 3531 2044
3 2043 2044 2042
3 2035 2043 2042
3 2035 2042 2037
3 2042 2044 2046
3 2042 2046 2045
3 2045 2046 2070
3 2045 2070 2047
3 2045 2047 2049
3 2045 2049 2048
3 2039 2045 2048
3 2039 2048 2050
3 2050 2048 2049
3 2050 2049 2051
3 2052 2050 2051
3 2052 2051 2053
3 2025 2041 2050
3 2025 2050 2052
3 2052 2053 2056
3 2052 2056 2055
3 2018 2025 2052
3 2018 2052 2054
3 2054 2052 2055
3 2054 2055 2019
3 2019 2055 2056
3 2019 2056 2057
3 2057 2056 2058
3 2057 2058 3110
3 2053 2051 2059
3 2053 2059 2056
3 2056 2059 2060
3 2056 2060 2058
3 2051 2049 2061
3 2051 2061 2059
3 2059 2061 2062
3 2059 2062 2060
3 2049 2066 2062
3 2049 2062 2061
3 2066 2067 2063
3 2066 2063 2062
3 2062 2063 2106
3 2062 2106 2065
3 2060 2062 2064
3 2060 2064 3108
3 2065 3114 2064
3 2065 2064 2062
3 2049 2069 2067
3 2049 2067 2066
3 2067 2068 2105
3 2067 2105 2063
3 2069 2071 2068
3 2069 2068 2067
3 2070 2072 2071
3 2070 2071 2069
3 2047 2070 2069
3 2047 2069 2049
3 2072 2076 2073
3 2072 2073 2071
3 2071 2073 2074
3 2071 2074 2068
3 2073 2075 2083
3 2073 2083 2074
3 2076 2078 2075
3 2076 2075 2073
3 2077 2079 2078
3 2077 2078 2076
3 3537 2077 2076
3 3537 2076 2072
3 2079 3427 2080
3 2079 2080 2078
3 2078 2080 2082
3 2078 2082 2081
3 2078 2081 2083
3 2078 2083 2075
3 2081 2082 2085
3 2081 2085 2083
3 2074 2083 2084
3 2074 2084 2102
3 2083 2085 2088
3 2083 2088 2084
3 2082 3422 2086
3 2082 2086 2085
3 2085 2086 3423
3 2085 3423 2087
3 2089 2088 2085
3 2089 2085 2087
3 2084 2088 2089
3 2084 2089 2091
3 2087 3423 2090
3 2087 2090 2089
3 2089 2090 2093
3 2089 2093 2092
3 2091 2089 2092
3 2091 2092 2095
3 2092 2093 3388
3 2092 3388 2094
3 2095 2092 2094
3 2095 2094 2096
3 3383 2098 2095
3 3383 2095 2096
3 2100 2099 2095
3 2100 2095 2097
3 2097 2095 2098
3 2097 2098 2117
3 2095 2099 2084
3 2095 2084 2091
3 2102 2084 2099
3 2102 2099 2100
3 2117 2101 2100
3 2117 2100 2097
3 2103 2100 2101
3 2103 2101 2107
3 2105 2102 2100
3 2105 2100 2103
3 2106 2103 2104
3 2106 2104 3115
3 2107 2108 2104
3 2107 2104 2103
3 2063 2105 2103
3 2063 2103 2106
3 2107 2101 2110
3 2107 2110 2109
3 2109 2111 2108
3 2109 2108 2107
3 2109 2110 2116
3 2109 2116 2114
3 3119 2111 2109
3 3119 2109 2112
3 2112 2109 2113
3 2112 2113 3376
3 2115 2113 2109
3 2115 2109 2114
3 2114 2116 2120
3 2114 2120 2115
3 2116 2110 2101
3 2116 2101 2117
3 2117 2098 2118
3 2117 2118 2116
3 2116 2118 3379
3 2116 3379 2119
3 2121 2120 2116
3 2121 2116 2119
3 2115 2120 2121
3 2115 2121 2122
3 75 2121 2119
3 75 2119 3380
3 2122 2121 75
3 2122 75 2123
3 2124 2125 2115
3 2124 2115 2122
3 79 2124 2122
3 79 2122 2123
3 2134 2125 2124
3 2134 2124 2126
3 2128 2127 2124
3 2128 2124 79
3 2126 2124 2127
3 2126 2127 2129
3 2129 2127 2128
3 2129 2128 2131
3 2130 2136 2132
3 2130 2132 2129
3 3371 2130 2129
3 3371 2129 2131
3 2129 2132 2134
3 2129 2134 2126
3 2132 2133 3377
3 2132 3377 2134
3 2144 2133 2132
3 2144 2132 2135
3 2135 2132 2136
3 2135 2136 2137
3 2137 2136 2130
3 2137 2130 2138
3 3357 2139 2137
3 3357 2137 2138
3 2139 2143 2140
3 2139 2140 2137
3 2137 2140 2144
3 2137 2144 2135
3 2140 2141 2145
3 2140 2145 2144
3 3374 2141 2140
3 3374 2140 2142
3 2142 2140 2143
3 2142 2143 3373
3 2145 2146 2133
3 2145 2133 2144
3 2148 2149 2146
3 2148 2146 2145
3 2145 2147 2150
3 2145 2150 2148
3 2141 3375 2147
3 2141 2147 2145
3 2151 2152 2149
3 2151 2149 2148
3 2148 2150 2153
3 2148 2153 2151
3 2153 2154 2152
3 2153 2152 2151
3 2155 3120 2154
3 2155 2154 2153
3 2153 2156 2157
3 2153 2157 2155
3 2150 2159 2156
3 2150 2156 2153
3 3095 2157 2156
3 3095 2156 2158
3 2158 2156 2159
3 2158 2159 2160
3 2160 2159 2150
3 2160 2150 2162
3 2160 2161 2913
3 2160 2913 2158
3 2163 2164 2161
3 2163 2161 2160
3 2165 2163 2160
3 2165 2160 2162
3 2166 2167 2164
3 2166 2164 2163
3 2169 2166 2163
3 2169 2163 2165
3 2917 2167 2166
3 2917 2166 2168
3 2168 2166 2170
3 2168 2170 2171
3 2172 2170 2166
3 2172 2166 2169
3 2171 2170 2172
3 2171 2172 2173
3 2173 2172 2175
3 2173 2175 2177
3 2174 2172 2169
3 2174 2169 3374
3 2176 2175 2172
3 2176 2172 2174
3 2177 2175 2176
3 2177 2176 2179
3 2177 2178 2171
3 2177 2171 2173
3 2182 2178 2177
3 2182 2177 2181
3 3347 2180 2177
3 3347 2177 2179
3 2181 2177 2180
3 2181 2180 2183
3 2183 2184 2182
3 2183 2182 2181
3 2183 2180 3347
3 2183 3347 2185
3 2929 2184 2183
3 2929 2183 2186
3 2188 2187 2183
3 2188 2183 2185
3 2186 2183 2187
3 2186 2187 2189
3 2189 2187 2188
3 2189 2188 2191
3 2189 2190 2929
3 2189 2929 2186
3 2557 2190 2189
3 2557 2189 2192
3 2195 2193 2189
3 2195 2189 2191
3 2192 2189 2193
3 2192 2193 2194
3 2194 2193 2195
3 2194 2195 2196
3 2197 2195 2191
3 2197 2191 2198
3 2196 2195 2197
3 2196 2197 2199
3 2200 2197 2198
3 2200 2198 2201
3 2199 2197 2200
3 2199 2200 2202
3 2203 2200 2201
3 2203 2201 2205
3 2202 2200 2203
3 2202 2203 2206
3 2204 2203 2205
3 2204 2205 3329
3 2206 2203 2204
3 2206 2204 2208
3 3287 2202 2206
3 3287 2206 2207
3 2207 2206 2208
3 2207 2208 2210
3 2208 2204 3329
3 2208 3329 2209
3 2211 2208 2209
3 2211 2209 2212
3 2210 2208 2211
3 2210 2211 2214
3 2213 2211 2212
3 2213 2212 3327
3 2214 2211 2213
3 2214 2213 2215
3 2219 2210 2214
3 2219 2214 2216
3 2216 2214 2215
3 2216 2215 2217
3 2218 2216 2217
3 2218 2217 3316
3 2221 2219 2216
3 2221 2216 2218
3 2220 2207 2210
3 2220 2210 2219
3 2222 2223 2220
3 2222 2220 2219
3 2224 2222 2219
3 2224 2219 2221
3 2225 2223 2222
3 2225 2222 2224
3 2226 2224 2221
3 2226 2221 2229
3 2227 2225 2224
3 2227 2224 2226
3 2240 2227 2226
3 2240 2226 2228
3 2228 2226 2229
3 2228 2229 2231
3 2229 2221 2218
3 2229 2218 2230
3 2231 2229 2230
3 2231 2230 2233
3 2232 2231 2233
3 2232 2233 2234
3 2238 2228 2231
3 2238 2231 2232
3 2233 2230 3314
3 2233 3314 1835
3 2234 2233 1835
3 2234 1835 1838
3 1838 2235 2232
3 1838 2232 2234
3 2237 2232 2235
3 2237 2235 3252
3 3250 2236 2232
3 3250 2232 2237
3 2232 2236 2239
3 2232 2239 2238
3 2239 2240 2228
3 2239 2228 2238
3 2242 2244 2240
3 2242 2240 2239
3 2241 2239 2236
3 2241 2236 3250
3 2243 2242 2239
3 2243 2239 2241
3 2248 2245 2242
3 2248 2242 2243
3 2245 2246 2244
3 2245 2244 2242
3 2247 2477 2246
3 2247 2246 2245
3 2250 2247 2245
3 2250 2245 2248
3 2249 2248 2243
3 2249 2243 3256
3 2251 2250 2248
3 2251 2248 2249
3 2255 2252 2250
3 2255 2250 2251
3 2252 2254 2247
3 2252 2247 2250
3 2253 2470 2254
3 2253 2254 2252
3 2256 2253 2252
3 2256 2252 2255
3 2257 2255 2251
3 2257 2251 2258
3 2259 2256 2255
3 2259 2255 2257
3 2258 2260 2259
3 2258 2259 2257
3 2262 2263 2256
3 2262 2256 2259
3 2261 2259 2260
3 2261 2260 3294
3 2265 2262 2259
3 2265 2259 2261
3 2264 3289 2263
3 2264 2263 2262
3 2266 2267 2264
3 2266 2264 2262
3 2268 2266 2262
3 2268 2262 2265
3 2269 2267 2266
3 2269 2266 2268
3 2265 2270 2269
3 2265 2269 2268
3 2271 2269 2270
3 2271 2270 3300
3 2272 2273 2267
3 2272 2267 2269
3 2274 2272 2269
3 2274 2269 2271
3 2276 2278 2273
3 2276 2273 2272
3 3311 2275 2272
3 3311 2272 2274
3 2275 2277 2276
3 2275 2276 2272
3 2277 2281 2278
3 2277 2278 2276
3 2280 2453 2279
3 2280 2279 2278
3 2278 2279 3291
3 2278 3291 2273
3 2281 2282 2280
3 2281 2280 2278
3 2285 2282 2281
3 2285 2281 2277
3 2284 2452 2283
3 2284 2283 2282
3 2282 2283 2453
3 2282 2453 2280
3 2287 2284 2282
3 2287 2282 2285
3 3310 2286 2285
3 3310 2285 2277
3 2286 2288 2287
3 2286 2287 2285
3 2289 2290 2284
3 2289 2284 2287
3 2288 2291 2289
3 2288 2289 2287
3 2291 2293 2290
3 2291 2290 2289
3 2292 2440 2293
3 2292 2293 2291
3 2294 2296 2292
3 2294 2292 2291
3 2298 2294 2291
3 2298 2291 2288
3 2295 2432 2296
3 2295 2296 2294
3 2304 2295 2294
3 2304 2294 2297
3 2297 2294 2298
3 2297 2298 2299
3 2299 2298 2288
3 2299 2288 2300
3 2302 2304 2297
3 2302 2297 2299
3 2301 2299 2300
3 2301 2300 3308
3 2305 2302 2299
3 2305 2299 2301
3 2303 2429 2304
3 2303 2304 2302
3 2308 2303 2302
3 2308 2302 2306
3 2306 2302 2305
3 2306 2305 2307
3 2311 2308 2306
3 2311 2306 2307
3 2310 2429 2303
3 2310 2303 2308
3 2309 2422 2310
3 2309 2310 2308
3 2312 2309 2308
3 2312 2308 2311
3 2322 2312 2311
3 2322 2311 2313
3 2314 2311 2307
3 2314 2307 2317
3 2313 2311 2314
3 2313 2314 2316
3 2320 2318 2314
3 2320 2314 2315
3 2315 2314 2317
3 2315 2317 3301
3 2316 2314 2318
3 2316 2318 2321
3 3312 2319 2318
3 3312 2318 2320
3 2321 2318 2319
3 2321 2319 2323
3 2323 2324 2322
3 2323 2322 2321
3 2321 2322 2313
3 2321 2313 2316
3 2323 2319 2327
3 2323 2327 2324
3 2325 2414 2326
3 2325 2326 2324
3 2324 2327 2328
3 2324 2328 2325
3 2324 2326 3293
3 2324 3293 2322
3 2330 2328 2327
3 2330 2327 2319
3 2332 2329 2328
3 2332 2328 2330
3 2325 2328 2329
3 2325 2329 2411
3 2330 2331 2333
3 2330 2333 2332
3 2319 3313 2331
3 2319 2331 2330
3 2332 2333 2336
3 2332 2336 2329
3 2333 2334 2363
3 2333 2363 2335
3 2337 2338 2334
3 2337 2334 2333
3 2335 2406 2336
3 2335 2336 2333
3 2337 2333 2331
3 2337 2331 2339
3 2339 2341 2338
3 2339 2338 2337
3 2339 2331 3313
3 2339 3313 2340
3 2340 2342 2341
3 2340 2341 2339
3 2345 2338 2341
3 2345 2341 2343
3 2343 2341 2342
3 2343 2342 2344
3 2344 2349 2346
3 2344 2346 2343
3 2343 2346 2347
3 2343 2347 2345
3 2352 2347 2346
3 2352 2346 2348
3 2348 2346 2349
3 2348 2349 2350
3 2350 2349 2260
3 2350 2260 2258
3 3294 2260 2349
3 3294 2349 2344
3 2350 2249 2351
3 2350 2351 2348
3 2258 2251 2249
3 2258 2249 2350
3 2348 2351 2353
3 2348 2353 2352
3 2354 2356 2347
3 2354 2347 2352
3 2352 2353 2355
3 2352 2355 2354
3 2354 2355 2358
3 2354 2358 2356
3 2357 2360 2359
3 2357 2359 2356
3 2356 2358 3154
3 2356 3154 2357
3 2356 2359 2362
3 2356 2362 2347
3 2361 2359 2360
3 2361 2360 2364
3 2338 2362 2359
3 2338 2359 2361
3 2345 2347 2362
3 2345 2362 2338
3 2364 2365 2363
3 2364 2363 2361
3 2361 2363 2334
3 2361 2334 2338
3 2364 2360 2367
3 2364 2367 2366
3 2366 2368 2365
3 2366 2365 2364
3 2366 2367 2369
3 2366 2369 2368
3 2368 2369 2373
3 2368 2373 2372
3 2372 2374 2370
3 2372 2370 2368
3 2371 2368 2370
3 2371 2370 2402
3 2404 2365 2368
3 2404 2368 2371
3 2372 2373 2375
3 2372 2375 2374
3 2374 2375 2379
3 2374 2379 2378
3 2378 2380 2376
3 2378 2376 2374
3 2377 2374 2376
3 2377 2376 2385
3 2402 2370 2374
3 2402 2374 2377
3 2378 2379 2381
3 2378 2381 2380
3 2380 2381 3175
3 2380 3175 2382
3 2382 3179 2383
3 2382 2383 2380
3 2384 2380 2383
3 2384 2383 2386
3 2385 2376 2380
3 2385 2380 2384
3 2384 2386 2390
3 2384 2390 2385
3 2386 2383 3179
3 2386 3179 2387
3 2387 3183 2388
3 2387 2388 2386
3 2389 2386 2388
3 2389 2388 3187
3 2391 2390 2386
3 2391 2386 2389
3 2394 2385 2390
3 2394 2390 2391
3 2389 3187 2392
3 2389 2392 2391
3 2393 2391 2392
3 2393 2392 3191
3 2396 2395 2391
3 2396 2391 2393
3 2394 2391 2395
3 2394 2395 2397
3 2398 2397 2395
3 2398 2395 2396
3 3272 2400 2397
3 3272 2397 2398
3 2399 2402 2401
3 2399 2401 2397
3 2399 2397 2400
3 2399 2400 2405
3 2397 2401 2385
3 2397 2385 2394
3 2377 2385 2401
3 2377 2401 2402
3 2371 2402 2403
3 2371 2403 2404
3 2405 2403 2402
3 2405 2402 2399
3 2404 2403 2406
3 2404 2406 2335
3 2407 2406 2403
3 2407 2403 2405
3 2329 2336 2406
3 2329 2406 2407
3 2405 2400 2408
3 2405 2408 2407
3 2409 2407 2408
3 2409 2408 2410
3 2411 2329 2407
3 2411 2407 2409
3 2409 2410 2412
3 2409 2412 2411
3 2411 2412 2414
3 2411 2414 2325
3 2410 2705 2413
3 2410 2413 2412
3 2412 2413 2415
3 2412 2415 2414
3 2414 2415 2417
3 2414 2417 2326
3 2413 2700 2416
3 2413 2416 2415
3 2415 2416 2418
3 2415 2418 2417
3 2418 2421 2420
3 2418 2420 2417
3 2326 2417 2419
3 2326 2419 3293
3 2417 2420 2422
3 2417 2422 2419
3 2420 2421 2423
3 2420 2423 2422
3 2422 2423 2425
3 2422 2425 2310
3 2419 2422 2309
3 2419 2309 3293
3 2421 2691 2424
3 2421 2424 2423
3 2423 2424 2426
3 2423 2426 2425
3 2426 2428 2427
3 2426 2427 2425
3 2425 2427 2429
3 2425 2429 2310
3 2427 2428 2431
3 2427 2431 2430
3 2429 2427 2430
3 2429 2430 2304
3 2431 2433 2432
3 2431 2432 2430
3 2430 2432 2295
3 2430 2295 2304
3 2432 2433 2435
3 2432 2435 2296
3 3273 2434 2433
3 3273 2433 2431
3 2433 2434 2437
3 2433 2437 2435
3 2437 2655 2436
3 2437 2436 2435
3 2435 2436 2439
3 2435 2439 2438
3 2296 2435 2438
3 2296 2438 2292
3 2438 2439 2440
3 2438 2440 2292
3 2436 2442 2441
3 2436 2441 2439
3 2439 2441 2443
3 2439 2443 2440
3 2443 2441 2442
3 2443 2442 2444
3 2446 2443 2444
3 2446 2444 2448
3 2449 2445 2443
3 2449 2443 2446
3 2440 2443 2445
3 2440 2445 3292
3 2448 2518 2447
3 2448 2447 2446
3 2446 2447 2451
3 2446 2451 2450
3 2452 2449 2446
3 2452 2446 2450
3 2450 2451 2454
3 2450 2454 2453
3 2283 2452 2450
3 2283 2450 2453
3 2453 2454 2456
3 2453 2456 2279
3 2454 2451 2516
3 2454 2516 2455
3 2456 2454 2455
3 2456 2455 2457
3 2279 2456 2457
3 2279 2457 2459
3 2455 2517 2460
3 2455 2460 2457
3 2458 2457 2461
3 2458 2461 2462
3 2459 2457 2458
3 2459 2458 3290
3 2457 2460 2463
3 2457 2463 2461
3 2461 2463 2466
3 2461 2466 2462
3 2463 2465 2508
3 2463 2508 2464
3 2466 2463 2464
3 2466 2464 2467
3 2460 2517 2465
3 2460 2465 2463
3 2468 2466 2467
3 2468 2467 2470
3 2462 2466 2468
3 2462 2468 2469
3 2469 2468 2470
3 2469 2470 2253
3 2470 2472 2474
3 2470 2474 2471
3 2254 2470 2471
3 2254 2471 2247
3 2467 2473 2472
3 2467 2472 2470
3 2472 2473 2476
3 2472 2476 2474
3 2476 2501 2475
3 2476 2475 2474
3 2474 2475 2478
3 2474 2478 2477
3 2471 2474 2477
3 2471 2477 2247
3 2477 2478 2479
3 2477 2479 2246
3 2478 2475 2481
3 2478 2481 2479
3 2481 2485 2480
3 2481 2480 2479
3 2479 2480 2483
3 2479 2483 2482
3 2246 2479 2482
3 2246 2482 2244
3 2482 2483 2225
3 2482 2225 2227
3 2244 2482 2227
3 2244 2227 2240
3 2483 2480 3288
3 2483 3288 2225
3 2484 2487 2485
3 2484 2485 2481
3 2475 2501 2484
3 2475 2484 2481
3 2485 2488 2489
3 2485 2489 2486
3 2480 2485 2486
3 2480 2486 3288
3 2487 2490 2488
3 2487 2488 2485
3 2488 2490 2491
3 2488 2491 2489
3 2490 2492 2493
3 2490 2493 2491
3 2494 2492 2490
3 2494 2490 2487
3 2495 2493 2492
3 2495 2492 2494
3 2494 2496 2546
3 2494 2546 2495
3 2498 2496 2494
3 2498 2494 2497
3 2497 2494 2487
3 2497 2487 2484
3 2499 2502 2498
3 2499 2498 2497
3 2501 2499 2497
3 2501 2497 2484
3 2504 2502 2499
3 2504 2499 2500
3 2500 2499 2501
3 2500 2501 2476
3 2502 2503 2542
3 2502 2542 2498
3 2505 2503 2502
3 2505 2502 2504
3 2506 2507 2505
3 2506 2505 2504
3 2509 2506 2504
3 2509 2504 2500
3 2510 2507 2506
3 2510 2506 2508
3 2508 2506 2509
3 2508 2509 2464
3 2473 2509 2500
3 2473 2500 2476
3 2464 2509 2473
3 2464 2473 2467
3 2465 2512 2510
3 2465 2510 2508
3 2511 2535 2507
3 2511 2507 2510
3 2512 2513 2511
3 2512 2511 2510
3 2519 2513 2512
3 2519 2512 2514
3 2517 2515 2512
3 2517 2512 2465
3 2514 2512 2515
3 2514 2515 2516
3 2516 2515 2517
3 2516 2517 2455
3 2516 2518 2519
3 2516 2519 2514
3 2451 2447 2518
3 2451 2518 2516
3 2518 2520 2521
3 2518 2521 2519
3 2444 2520 2518
3 2444 2518 2448
3 2524 2521 2520
3 2524 2520 2444
3 2521 2522 2526
3 2521 2526 2525
3 3276 2522 2521
3 3276 2521 2524
3 2521 2523 2513
3 2521 2513 2519
3 2525 2527 2523
3 2525 2523 2521
3 2526 2528 2527
3 2526 2527 2525
3 2527 2528 2531
3 2527 2531 2529
3 2511 2527 2529
3 2511 2529 2533
3 2513 2523 2527
3 2513 2527 2511
3 2529 2531 2583
3 2529 2583 2530
3 2530 2580 2532
3 2530 2532 2529
3 2529 2532 2534
3 2529 2534 2533
3 2533 2534 2535
3 2533 2535 2511
3 2534 2537 2503
3 2534 2503 2505
3 2507 2535 2534
3 2507 2534 2505
3 2534 2532 2580
3 2534 2580 2536
3 2536 2538 2537
3 2536 2537 2534
3 2503 2537 2538
3 2503 2538 2542
3 2540 2545 2539
3 2540 2539 2538
3 2538 2539 2543
3 2538 2543 2542
3 2538 2541 2576
3 2538 2576 2540
3 2580 2541 2538
3 2580 2538 2536
3 2542 2543 2496
3 2542 2496 2498
3 2543 2539 2545
3 2543 2545 2544
3 2496 2543 2544
3 2496 2544 2546
3 2545 2549 2547
3 2545 2547 2544
3 2544 2547 2550
3 2544 2550 2546
3 2547 2549 2568
3 2547 2568 2548
3 2550 2547 2548
3 2550 2548 2552
3 2550 2551 3279
3 2550 3279 2493
3 2546 2550 2493
3 2546 2493 2495
3 2552 2553 2551
3 2552 2551 2550
3 2548 2554 2553
3 2548 2553 2552
3 2554 2558 2556
3 2554 2556 2553
3 2553 2556 2194
3 2553 2194 2555
3 3279 2551 2553
3 3279 2553 2555
3 2556 2558 2559
3 2556 2559 2557
3 2194 2556 2557
3 2194 2557 2192
3 2563 2559 2558
3 2563 2558 2554
3 2561 2927 2560
3 2561 2560 2559
3 2559 2560 2190
3 2559 2190 2557
3 2559 2562 2931
3 2559 2931 2561
3 2564 2562 2559
3 2564 2559 2563
3 2554 2567 2564
3 2554 2564 2563
3 2565 2942 2562
3 2565 2562 2564
3 3094 2565 2564
3 3094 2564 2566
3 2566 2564 2567
3 2566 2567 2568
3 2568 2567 2554
3 2568 2554 2548
3 2568 2569 3094
3 2568 3094 2566
3 2571 2569 2568
3 2571 2568 2570
3 2570 2568 2549
3 2570 2549 2545
3 2545 2573 2571
3 2545 2571 2570
3 2572 3093 2569
3 2572 2569 2571
3 2575 2572 2571
3 2575 2571 2574
3 2574 2571 2573
3 2574 2573 2576
3 2576 2577 2575
3 2576 2575 2574
3 2579 2577 2576
3 2579 2576 2578
3 2576 2573 2545
3 2576 2545 2540
3 2578 2576 2541
3 2578 2541 2580
3 2580 2581 2579
3 2580 2579 2578
3 2583 2581 2580
3 2583 2580 2530
3 2581 2582 2589
3 2581 2589 2579
3 2584 2582 2581
3 2584 2581 2583
3 2531 2587 2584
3 2531 2584 2583
3 2588 2589 2582
3 2588 2582 2584
3 2584 2585 2590
3 2584 2590 2588
3 2639 2585 2584
3 2639 2584 2586
3 2586 2584 2587
3 2586 2587 3277
3 2590 2594 2589
3 2590 2589 2588
3 2590 2591 2631
3 2590 2631 2593
3 2635 2591 2590
3 2635 2590 2592
3 2592 2590 2585
3 2592 2585 2639
3 2593 2595 2594
3 2593 2594 2590
3 2589 2594 2595
3 2589 2595 2597
3 2595 2596 2624
3 2595 2624 2598
3 2631 2596 2595
3 2631 2595 2593
3 2595 2599 2601
3 2595 2601 2597
3 2598 2600 2599
3 2598 2599 2595
3 2601 2599 2600
3 2601 2600 2602
3 2602 2605 2603
3 2602 2603 2601
3 2601 2603 2572
3 2601 2572 2575
3 2577 2604 2601
3 2577 2601 2575
3 2597 2601 2604
3 2597 2604 2589
3 2589 2604 2577
3 2589 2577 2579
3 2572 2603 2605
3 2572 2605 2606
3 2605 2608 3092
3 2605 3092 2606
3 2600 2609 2605
3 2600 2605 2602
3 2605 2609 2610
3 2605 2610 2607
3 2607 2949 2608
3 2607 2608 2605
3 2609 2611 2613
3 2609 2613 2610
3 2612 2611 2609
3 2612 2609 2600
3 2616 2613 2611
3 2616 2611 2612
3 2613 2615 3027
3 2613 3027 2614
3 2610 2613 2614
3 2610 2614 2956
3 2617 2615 2613
3 2617 2613 2616
3 2612 2621 2617
3 2612 2617 2616
3 2617 2619 2786
3 2617 2786 2618
3 2618 3027 2615
3 2618 2615 2617
3 2783 2619 2617
3 2783 2617 2620
3 2620 2617 2621
3 2620 2621 2622
3 2622 2621 2612
3 2622 2612 2624
3 2622 2623 2783
3 2622 2783 2620
3 2777 2623 2622
3 2777 2622 2625
3 2596 2626 2622
3 2596 2622 2624
3 2625 2622 2626
3 2625 2626 2627
3 2627 2626 2596
3 2627 2596 2631
3 2627 2628 2777
3 2627 2777 2625
3 3264 2628 2627
3 3264 2627 2629
3 2629 2627 2630
3 2629 2630 2632
3 2591 2630 2627
3 2591 2627 2631
3 2632 2630 2591
3 2632 2591 2635
3 2632 2633 3264
3 2632 3264 2629
3 3266 2633 2632
3 3266 2632 2634
3 2634 2632 2635
3 2634 2635 2636
3 2636 2635 2637
3 2636 2637 2638
3 2639 2637 2635
3 2639 2635 2592
3 2638 2637 2639
3 2638 2639 2641
3 3277 2640 2639
3 3277 2639 2586
3 2641 2639 2640
3 2641 2640 2642
3 2642 2643 2638
3 2642 2638 2641
3 2642 2640 3277
3 2642 3277 2644
3 2666 2643 2642
3 2666 2642 2645
3 2648 2646 2642
3 2648 2642 2644
3 2645 2642 2646
3 2645 2646 2647
3 2647 2646 2648
3 2647 2648 2652
3 2644 3277 2649
3 2644 2649 2648
3 2648 2649 2526
3 2648 2526 2651
3 2652 2648 2650
3 2652 2650 2653
3 3276 2650 2648
3 3276 2648 2651
3 2653 2654 2647
3 2653 2647 2652
3 2653 2650 2656
3 2653 2656 2655
3 2655 2657 2654
3 2655 2654 2653
3 2655 2656 2442
3 2655 2442 2436
3 2658 2657 2655
3 2658 2655 2437
3 2659 2654 2657
3 2659 2657 2658
3 2434 2659 2658
3 2434 2658 2437
3 3274 2660 2659
3 3274 2659 2434
3 2660 2662 2661
3 2660 2661 2659
3 2661 2663 2654
3 2661 2654 2659
3 2662 2664 2663
3 2662 2663 2661
3 2654 2663 2664
3 2654 2664 2647
3 2664 2665 2668
3 2664 2668 2666
3 2673 2665 2664
3 2673 2664 2662
3 2647 2664 2666
3 2647 2666 2645
3 2667 2638 2643
3 2667 2643 2666
3 2666 2668 2669
3 2666 2669 2667
3 2668 2670 2745
3 2668 2745 2669
3 2672 2670 2668
3 2672 2668 2671
3 2671 2668 2665
3 2671 2665 2673
3 2673 2674 2672
3 2673 2672 2671
3 2677 2674 2673
3 2677 2673 2675
3 2675 2673 2662
3 2675 2662 2678
3 2676 3275 2677
3 2676 2677 2675
3 2680 2676 2675
3 2680 2675 2678
3 2678 2662 2660
3 2678 2660 2679
3 2682 2680 2678
3 2682 2678 2679
3 2681 2740 2676
3 2681 2676 2680
3 2683 2681 2680
3 2683 2680 2682
3 2688 2683 2682
3 2688 2682 2684
3 2684 2682 2679
3 2684 2679 2686
3 2689 2688 2684
3 2689 2684 2685
3 2685 2684 2687
3 2685 2687 2424
3 2687 2684 2686
3 2687 2686 2428
3 2690 2683 2688
3 2690 2688 2689
3 2692 2693 2690
3 2692 2690 2689
3 2695 2692 2689
3 2695 2689 2691
3 2691 2689 2685
3 2691 2685 2424
3 2694 2713 2693
3 2694 2693 2692
3 2696 2694 2692
3 2696 2692 2695
3 2699 2696 2695
3 2699 2695 2698
3 2697 2695 2691
3 2697 2691 2421
3 2698 2695 2697
3 2698 2697 2416
3 2700 2699 2698
3 2700 2698 2416
3 2700 2701 2696
3 2700 2696 2699
3 2705 2702 2700
3 2705 2700 2413
3 2702 2706 2701
3 2702 2701 2700
3 2703 3196 2704
3 2703 2704 2702
3 3271 2703 2702
3 3271 2702 2705
3 2704 2707 2706
3 2704 2706 2702
3 2706 2707 2696
3 2706 2696 2701
3 2708 2710 2709
3 2708 2709 2707
3 3196 2708 2707
3 3196 2707 2704
3 2707 2709 2694
3 2707 2694 2696
3 2710 2714 2711
3 2710 2711 2709
3 2709 2711 2713
3 2709 2713 2694
3 2714 2716 2712
3 2714 2712 2711
3 2711 2712 3270
3 2711 3270 2713
3 2715 2717 2716
3 2715 2716 2714
3 3197 2715 2714
3 3197 2714 2710
3 2717 2722 2718
3 2717 2718 2716
3 2716 2718 2721
3 2716 2721 2712
3 2718 2719 2729
3 2718 2729 2720
3 2722 2724 2719
3 2722 2719 2718
3 2718 2720 2734
3 2718 2734 2721
3 2723 2725 2724
3 2723 2724 2722
3 3203 2723 2722
3 3203 2722 2717
3 2725 2727 2726
3 2725 2726 2724
3 2724 2726 2729
3 2724 2729 2719
3 2727 2826 2728
3 2727 2728 2726
3 2726 2728 2730
3 2726 2730 2729
3 2729 2730 2732
3 2729 2732 2731
3 2720 2729 2731
3 2720 2731 2734
3 2731 2732 2758
3 2731 2758 2733
3 2734 2731 2733
3 2734 2733 2735
3 2721 2734 2735
3 2721 2735 2736
3 2735 2733 2738
3 2735 2738 2737
3 2736 2735 2737
3 2736 2737 2739
3 2737 2738 2741
3 2737 2741 2740
3 2739 2737 2740
3 2739 2740 2681
3 2740 2741 2742
3 2740 2742 2676
3 2741 2743 2672
3 2741 2672 2742
3 2738 2744 2743
3 2738 2743 2741
3 2744 2747 2746
3 2744 2746 2743
3 2746 2748 2745
3 2746 2745 2743
3 2743 2745 2670
3 2743 2670 2672
3 2747 2749 2748
3 2747 2748 2746
3 2745 2748 2749
3 2745 2749 2752
3 2753 2754 2750
3 2753 2750 2749
3 2749 2750 3266
3 2749 3266 2752
3 2757 2753 2749
3 2757 2749 2751
3 2744 2751 2749
3 2744 2749 2747
3 2755 2771 2754
3 2755 2754 2753
3 2756 2767 2755
3 2756 2755 2753
3 2759 2756 2753
3 2759 2753 2757
3 2732 2759 2757
3 2732 2757 2758
3 2758 2757 2751
3 2758 2751 2744
3 2760 2762 2756
3 2760 2756 2759
3 2730 2760 2759
3 2730 2759 2732
3 2728 2761 2760
3 2728 2760 2730
3 2761 2763 2762
3 2761 2762 2760
3 2763 2765 2764
3 2763 2764 2762
3 2762 2764 2767
3 2762 2767 2756
3 2765 2815 2766
3 2765 2766 2764
3 2764 2766 2768
3 2764 2768 2767
3 2767 2768 2771
3 2767 2771 2755
3 2766 3261 2769
3 2766 2769 2768
3 2768 2769 2772
3 2768 2772 2770
3 2754 2771 2768
3 2754 2768 2770
3 2770 2772 2774
3 2770 2774 2754
3 2772 2769 3261
3 2772 3261 2775
3 2772 2776 2777
3 2772 2777 2773
3 3264 2774 2772
3 3264 2772 2773
3 2775 2778 2776
3 2775 2776 2772
3 2777 2776 2778
3 2777 2778 2782
3 2780 2787 2779
3 2780 2779 2778
3 2778 2779 2783
3 2778 2783 2782
3 2778 2781 3263
3 2778 3263 2780
3 3261 2781 2778
3 3261 2778 2775
3 2782 2783 2623
3 2782 2623 2777
3 2784 2786 2619
3 2784 2619 2783
3 2783 2779 2787
3 2783 2787 2784
3 2784 2787 2788
3 2784 2788 2785
3 2785 3028 2786
3 2785 2786 2784
3 2790 2788 2787
3 2790 2787 2780
3 2785 2788 2789
3 2785 2789 3030
3 2792 2789 2788
3 2792 2788 2790
3 2790 2791 2794
3 2790 2794 2792
3 2780 3263 2791
3 2780 2791 2790
3 2792 2794 2795
3 2792 2795 2793
3 2793 3033 2789
3 2793 2789 2792
3 2799 2795 2794
3 2799 2794 2796
3 2796 2794 2791
3 2796 2791 2798
3 2796 2797 2801
3 2796 2801 2799
3 2798 2811 2797
3 2798 2797 2796
3 2802 2793 2795
3 2802 2795 2799
3 2802 2799 2800
3 2802 2800 3039
3 2807 2800 2799
3 2807 2799 2803
3 2803 2799 2801
3 2803 2801 2808
3 3052 2807 2803
3 3052 2803 2804
3 2820 2804 2803
3 2820 2803 2805
3 2805 2803 2806
3 2805 2806 2816
3 2803 2808 2809
3 2803 2809 2806
3 2808 2801 2797
3 2808 2797 2809
3 2809 2797 2811
3 2809 2811 2810
3 2806 2809 2810
3 2806 2810 2813
3 2810 2811 3258
3 2810 3258 2812
3 2813 2810 2812
3 2813 2812 2815
3 2816 2806 2813
3 2816 2813 2814
3 2814 2813 2815
3 2814 2815 2765
3 2815 2812 3259
3 2815 3259 2766
3 2819 2816 2814
3 2819 2814 2817
3 2817 2814 2765
3 2817 2765 2763
3 2818 2817 2763
3 2818 2763 2761
3 2821 2819 2817
3 2821 2817 2818
3 2820 2805 2816
3 2820 2816 2819
3 2822 2820 2819
3 2822 2819 2821
3 2824 2822 2821
3 2824 2821 2823
3 2823 2821 2818
3 2823 2818 2826
3 2828 2824 2823
3 2828 2823 2825
3 2825 2823 2826
3 2825 2826 2727
3 2826 2818 2761
3 2826 2761 2728
3 2829 2828 2825
3 2829 2825 2827
3 2827 2825 2727
3 2827 2727 2725
3 2830 2832 2824
3 2830 2824 2828
3 2833 2830 2828
3 2833 2828 2829
3 2831 3049 2832
3 2831 2832 2830
3 2836 2831 2830
3 2836 2830 2833
3 2837 2836 2833
3 2837 2833 2834
3 3212 2834 2833
3 3212 2833 2835
3 2835 2833 2829
3 2835 2829 3246
3 2836 2838 2839
3 2836 2839 2831
3 2837 2840 2838
3 2837 2838 2836
3 2838 2841 2843
3 2838 2843 2839
3 2840 2844 2841
3 2840 2841 2838
3 2841 2842 3044
3 2841 3044 2843
3 2844 2847 2842
3 2844 2842 2841
3 2845 2848 2847
3 2845 2847 2844
3 2845 2844 2846
3 2845 2846 3243
3 3244 2846 2844
3 3244 2844 2840
3 2847 2849 2851
3 2847 2851 2842
3 2848 2852 2849
3 2848 2849 2847
3 2849 2850 3067
3 2849 3067 2851
3 2852 2853 2850
3 2852 2850 2849
3 2854 2857 2853
3 2854 2853 2852
3 2856 2854 2852
3 2856 2852 2848
3 2855 2859 2857
3 2855 2857 2854
3 3222 2855 2854
3 3222 2854 2856
3 2857 2858 3006
3 2857 3006 2853
3 2859 2861 2858
3 2859 2858 2857
3 2860 3070 2861
3 2860 2861 2859
3 2863 2860 2859
3 2863 2859 2862
3 2865 2862 2859
3 2865 2859 2855
3 2862 2864 3071
3 2862 3071 2863
3 2866 2869 2864
3 2866 2864 2862
3 2867 2866 2862
3 2867 2862 2865
3 3233 2868 2866
3 3233 2866 2867
3 2868 2871 2869
3 2868 2869 2866
3 2870 3071 2864
3 2870 2864 2869
3 2874 2870 2869
3 2874 2869 2871
3 2871 2872 2875
3 2871 2875 2874
3 2873 3122 2872
3 2873 2872 2871
3 3235 2873 2871
3 3235 2871 2868
3 2874 2875 2876
3 2874 2876 2870
3 2875 2878 2879
3 2875 2879 2876
3 2877 2881 2878
3 2877 2878 2875
3 2877 2875 2872
3 2877 2872 3122
3 2880 3084 2879
3 2880 2879 2878
3 2882 2880 2878
3 2882 2878 2881
3 2883 2882 2881
3 2883 2881 2000
3 3121 2000 2881
3 3121 2881 2877
3 2882 2884 2886
3 2882 2886 2880
3 2883 2887 2884
3 2883 2884 2882
3 2884 2885 3082
3 2884 3082 2886
3 2887 2888 2885
3 2887 2885 2884
3 2002 2008 2888
3 2002 2888 2887
3 2000 2003 2887
3 2000 2887 2883
3 2888 2890 2892
3 2888 2892 2885
3 3113 2889 2888
3 3113 2888 2008
3 2889 2891 2890
3 2889 2890 2888
3 2891 2894 2892
3 2891 2892 2890
3 2892 2895 2898
3 2892 2898 2893
3 2885 2892 2893
3 2885 2893 3082
3 2894 2896 2895
3 2894 2895 2892
3 2896 3103 2897
3 2896 2897 2895
3 2895 2897 2899
3 2895 2899 2898
3 2898 2899 2901
3 2898 2901 2900
3 2893 2898 2900
3 2893 2900 2902
3 2900 2901 2906
3 2900 2906 2903
3 2902 2900 2903
3 2902 2903 2905
3 2903 2906 2908
3 2903 2908 2904
3 2905 2903 2904
3 2905 2904 3083
3 2909 2906 2901
3 2909 2901 2899
3 2909 3095 2907
3 2909 2907 2906
3 2906 2907 2913
3 2906 2913 2910
3 2910 2911 2908
3 2910 2908 2906
3 2912 2914 2911
3 2912 2911 2910
3 2910 2913 2161
3 2910 2161 2912
3 2158 2913 2907
3 2158 2907 3095
3 2915 2916 2914
3 2915 2914 2912
3 2912 2161 2164
3 2912 2164 2915
3 2917 2918 2916
3 2917 2916 2915
3 2915 2164 2167
3 2915 2167 2917
3 2919 2920 2918
3 2919 2918 2917
3 2171 2919 2917
3 2171 2917 2168
3 3088 2920 2919
3 3088 2919 2921
3 2921 2919 2922
3 2921 2922 2923
3 2178 2922 2919
3 2178 2919 2171
3 2923 2922 2178
3 2923 2178 2182
3 2923 2924 3088
3 2923 3088 2921
3 2932 2924 2923
3 2932 2923 2925
3 2184 2926 2923
3 2184 2923 2182
3 2925 2923 2926
3 2925 2926 2927
3 2927 2926 2184
3 2927 2184 2929
3 2927 2928 2932
3 2927 2932 2925
3 2931 2928 2927
3 2931 2927 2561
3 2190 2560 2927
3 2190 2927 2929
3 2928 2930 2934
3 2928 2934 2932
3 2939 2930 2928
3 2939 2928 2931
3 2933 3088 2924
3 2933 2924 2932
3 2932 2934 2935
3 2932 2935 2933
3 2934 2936 2972
3 2934 2972 2935
3 2938 2936 2934
3 2938 2934 2937
3 2937 2934 2930
3 2937 2930 2939
3 2939 2940 2938
3 2939 2938 2937
3 2943 2940 2939
3 2943 2939 2941
3 2941 2939 2942
3 2941 2942 2565
3 2562 2942 2939
3 2562 2939 2931
3 2565 2944 2943
3 2565 2943 2941
3 2945 2943 2944
3 2945 2944 3092
3 2949 2947 2943
3 2949 2943 2945
3 2943 2947 2948
3 2943 2948 2946
3 2946 2938 2940
3 2946 2940 2943
3 2951 2948 2947
3 2951 2947 2949
3 2949 2950 2952
3 2949 2952 2951
3 2610 2950 2949
3 2610 2949 2607
3 3092 2608 2949
3 3092 2949 2945
3 2952 2953 2948
3 2952 2948 2951
3 2955 2959 2953
3 2955 2953 2952
3 2952 2954 2957
3 2952 2957 2955
3 2614 2954 2952
3 2614 2952 2956
3 2956 2952 2950
3 2956 2950 2610
3 2955 2957 3055
3 2955 3055 2958
3 2958 2960 2959
3 2958 2959 2955
3 2961 2959 2960
3 2961 2960 2963
3 2948 2953 2959
3 2948 2959 2961
3 2961 2962 3091
3 2961 3091 2948
3 2963 2965 2962
3 2963 2962 2961
3 2963 2960 3060
3 2963 3060 2964
3 2964 2966 2965
3 2964 2965 2963
3 2966 3090 2967
3 2966 2967 2965
3 2965 2967 2970
3 2965 2970 2968
3 2969 2962 2965
3 2969 2965 2968
3 2968 2970 2972
3 2968 2972 2969
3 2970 2967 3090
3 2970 3090 2971
3 2973 2970 2971
3 2973 2971 2975
3 2935 2972 2970
3 2935 2970 2973
3 2975 2976 2974
3 2975 2974 2973
3 2973 2974 3089
3 2973 3089 2935
3 2971 2977 2976
3 2971 2976 2975
3 2976 2977 2980
3 2976 2980 2979
3 2978 2976 2979
3 2978 2979 2983
3 3087 2974 2976
3 3087 2976 2978
3 2982 2979 2980
3 2982 2980 2985
3 2983 2979 2981
3 2983 2981 2984
3 2986 2981 2979
3 2986 2979 2982
3 2984 2911 2914
3 2984 2914 2983
3 2983 2914 2916
3 2983 2916 2978
3 2984 2981 3086
3 2984 3086 2904
3 2904 2908 2911
3 2904 2911 2984
3 2982 2985 2989
3 2982 2989 2986
3 2987 2986 2989
3 2987 2989 2990
3 2995 2988 2986
3 2995 2986 2987
3 2988 3086 2981
3 2988 2981 2986
3 2990 2989 2985
3 2990 2985 2992
3 2987 2990 2994
3 2987 2994 2995
3 2991 2990 2993
3 2991 2993 3065
3 2996 2994 2990
3 2996 2990 2991
3 2992 3064 2993
3 2992 2993 2990
3 2997 2995 2994
3 2997 2994 2996
3 2999 2997 2996
3 2999 2996 2998
3 2998 2996 2991
3 2998 2991 3001
3 3068 2999 2998
3 3068 2998 3000
3 3000 2998 3001
3 3000 3001 3003
3 3001 2991 3065
3 3001 3065 3002
3 3003 3001 3002
3 3003 3002 3004
3 2858 3003 3004
3 2858 3004 3006
3 3069 3000 3003
3 3069 3003 2858
3 3004 3002 3066
3 3004 3066 3005
3 3006 3004 3005
3 3006 3005 3007
3 2853 3006 3007
3 2853 3007 2850
3 3007 3005 3010
3 3007 3010 3009
3 3009 3011 3008
3 3009 3008 3007
3 2850 3007 3008
3 2850 3008 3067
3 3009 3010 3012
3 3009 3012 3011
3 3067 3008 3011
3 3067 3011 3014
3 3011 3012 3016
3 3011 3016 3015
3 3015 3017 3013
3 3015 3013 3011
3 3014 3011 3013
3 3014 3013 3054
3 3015 3016 3021
3 3015 3021 3017
3 3019 3029 3018
3 3019 3018 3017
3 3020 3017 3018
3 3020 3018 3031
3 3017 3021 3022
3 3017 3022 3019
3 3054 3013 3017
3 3054 3017 3020
3 3023 3022 3021
3 3023 3021 3016
3 3025 3024 3022
3 3025 3022 3023
3 3019 3022 3024
3 3019 3024 3026
3 2614 3027 3024
3 2614 3024 3025
3 3026 3024 3027
3 3026 3027 2618
3 3026 3028 3029
3 3026 3029 3019
3 2618 2786 3028
3 2618 3028 3026
3 3030 3029 3028
3 3030 3028 2785
3 3031 3018 3029
3 3031 3029 3030
3 3030 2789 3033
3 3030 3033 3031
3 3020 3031 3032
3 3020 3032 3054
3 3035 3032 3031
3 3035 3031 3034
3 3034 3031 3033
3 3034 3033 2793
3 3034 2793 3036
3 3034 3036 3035
3 3037 3054 3032
3 3037 3032 3035
3 3038 3035 3036
3 3038 3036 3039
3 3040 3037 3035
3 3040 3035 3038
3 3038 3039 3042
3 3038 3042 3041
3 3040 3038 3041
3 3040 3041 3044
3 3043 3041 3042
3 3043 3042 3046
3 2843 3044 3041
3 2843 3041 3043
3 2842 2851 3045
3 2842 3045 3044
3 3044 3045 3037
3 3044 3037 3040
3 3053 3037 3045
3 3053 3045 2851
3 3047 3043 3046
3 3047 3046 3048
3 2839 2843 3043
3 2839 3043 3047
3 3047 3048 3051
3 3047 3051 3050
3 2831 2839 3047
3 2831 3047 3049
3 3049 3047 3050
3 3049 3050 2832
3 3050 3051 2820
3 3050 2820 2822
3 2832 3050 2822
3 2832 2822 2824
3 3051 3052 2804
3 3051 2804 2820
3 3048 3046 3052
3 3048 3052 3051
3 3052 3039 2800
3 3052 2800 2807
3 3046 3042 3039
3 3046 3039 3052
3 3039 3036 2793
3 3039 2793 2802
3 3053 3014 3054
3 3053 3054 3037
3 2851 3067 3014
3 2851 3014 3053
3 3023 3055 2957
3 3023 2957 3025
3 3025 2957 2954
3 3025 2954 2614
3 3016 3056 3055
3 3016 3055 3023
3 2958 3055 3056
3 2958 3056 3058
3 3058 3056 3057
3 3058 3057 3059
3 3012 3057 3056
3 3012 3056 3016
3 3059 3061 3060
3 3059 3060 3058
3 3058 3060 2960
3 3058 2960 2958
3 2964 3060 3061
3 2964 3061 3062
3 3063 3062 3061
3 3063 3061 3059
3 3062 3064 2966
3 3062 2966 2964
3 3002 3065 3062
3 3002 3062 3063
3 3065 2993 3064
3 3065 3064 3062
3 3085 2966 3064
3 3085 3064 2992
3 3063 3059 3066
3 3063 3066 3002
3 3010 3059 3057
3 3010 3057 3012
3 3005 3066 3059
3 3005 3059 3010
3 3070 3068 3000
3 3070 3000 3069
3 3070 3069 2858
3 3070 2858 2861
3 3071 3072 3068
3 3071 3068 3070
3 2863 3071 3070
3 2863 3070 2860
3 2870 2876 3072
3 2870 3072 3071
3 3072 3073 2999
3 3072 2999 3068
3 2876 2879 3073
3 2876 3073 3072
3 3073 3075 2997
3 3073 2997 2999
3 3074 3077 3075
3 3074 3075 3073
3 3084 3074 3073
3 3084 3073 2879
3 3075 3076 2995
3 3075 2995 2997
3 3077 3079 3076
3 3077 3076 3075
3 3084 3078 3077
3 3084 3077 3074
3 3078 3081 3079
3 3078 3079 3077
3 3081 2902 3080
3 3081 3080 3079
3 3079 3080 3083
3 3079 3083 3076
3 3082 2893 2902
3 3082 2902 3081
3 2886 3082 3081
3 2886 3081 3078
3 2905 3083 3080
3 2905 3080 2902
3 3083 2904 3086
3 3083 3086 2988
3 3076 3083 2988
3 3076 2988 2995
3 2880 2886 3078
3 2880 3078 3084
3 2992 2985 2971
3 2992 2971 3085
3 3085 2971 3090
3 3085 3090 2966
3 2985 2980 2977
3 2985 2977 2971
3 2978 2916 2918
3 2978 2918 3087
3 3087 2918 2920
3 3087 2920 3088
3 3088 3089 2974
3 3088 2974 3087
3 2935 3089 3088
3 2935 3088 2933
3 2969 2972 2936
3 2969 2936 2938
3 2938 3091 2962
3 2938 2962 2969
3 2948 3091 2938
3 2948 2938 2946
3 3092 2944 2565
3 3092 2565 3094
3 2606 3092 3093
3 2606 3093 2572
3 2569 3093 3092
3 2569 3092 3094
3 2899 3096 3095
3 2899 3095 2909
3 3097 2155 2157
3 3097 2157 3095
3 3097 3095 3096
3 3097 3096 3098
3 3098 3099 2155
3 3098 2155 3097
3 3100 3101 3099
3 3100 3099 3098
3 2897 3098 3096
3 2897 3096 2899
3 3103 3100 3098
3 3103 3098 2897
3 3102 3114 3101
3 3102 3101 3100
3 3104 3102 3100
3 3104 3100 3103
3 3105 3104 3103
3 3105 3103 2896
3 3107 3108 3102
3 3107 3102 3104
3 3109 3106 3104
3 3109 3104 3105
3 2058 3107 3104
3 2058 3104 3106
3 2058 2060 3108
3 2058 3108 3107
3 3108 2064 3114
3 3108 3114 3102
3 3110 2058 3106
3 3110 3106 3109
3 2057 3110 3109
3 2057 3109 3112
3 3111 3109 3105
3 3111 3105 2891
3 2013 3112 3109
3 2013 3109 3111
3 3698 2057 3112
3 3698 3112 2013
3 3113 3111 2891
3 3113 2891 2889
3 2009 2013 3111
3 2009 3111 3113
3 2891 3105 2896
3 2891 2896 2894
3 2065 2106 3115
3 2065 3115 3114
3 3114 3115 3117
3 3114 3117 3116
3 3116 3099 3101
3 3116 3101 3114
3 3116 3117 3118
3 3116 3118 3099
3 3115 2104 2108
3 3115 2108 3117
3 3117 2108 2111
3 3117 2111 3119
3 3119 3120 3118
3 3119 3118 3117
3 2152 2154 3120
3 2152 3120 3119
3 3376 2152 3119
3 3376 3119 2112
3 3099 3118 3120
3 3099 3120 2155
3 3121 2877 3122
3 3121 3122 3123
3 3124 3123 3122
3 3124 3122 2873
3 3126 3125 3123
3 3126 3123 3124
3 1998 3123 3125
3 1998 3125 3127
3 3123 1997 2000
3 3123 2000 3121
3 3128 3127 3125
3 3128 3125 3126
3 1993 1998 3127
3 1993 3127 3129
3 3131 3129 3127
3 3131 3127 3128
3 1866 3129 3130
3 1866 3130 1857
3 1858 3130 3129
3 1858 3129 3131
3 1866 1869 1994
3 1866 1994 3129
3 3131 3128 3133
3 3131 3133 1858
3 3132 3128 3126
3 3132 3126 3236
3 3134 3133 3128
3 3134 3128 3132
3 1855 1858 3133
3 1855 3133 3134
3 3132 3236 3135
3 3132 3135 3134
3 3137 3134 3135
3 3137 3135 3138
3 3139 3136 3134
3 3139 3134 3137
3 1855 3134 3136
3 1855 3136 1851
3 3137 3138 3140
3 3137 3140 3139
3 3142 3139 3140
3 3142 3140 3143
3 3141 1851 3136
3 3141 3136 3139
3 3145 3141 3139
3 3145 3139 3142
3 3142 3143 3159
3 3142 3159 3144
3 3145 3142 3144
3 3145 3144 3146
3 3146 1846 3141
3 3146 3141 3145
3 3146 3144 3148
3 3146 3148 3147
3 1847 3146 3147
3 1847 3147 3149
3 3151 3147 3148
3 3151 3148 3152
3 3149 3147 3150
3 3149 3150 3247
3 3153 3150 3147
3 3153 3147 3151
3 3151 3152 3154
3 3151 3154 3153
3 3153 3154 2358
3 3153 2358 2355
3 2355 3248 3150
3 2355 3150 3153
3 2357 3154 3152
3 2357 3152 3155
3 3155 3152 3157
3 3155 3157 2367
3 3156 3158 3157
3 3156 3157 3152
3 3152 3148 3144
3 3152 3144 3156
3 2367 3157 3158
3 2367 3158 3161
3 3158 3159 3143
3 3158 3143 3162
3 3156 3144 3159
3 3156 3159 3158
3 3162 3163 3160
3 3162 3160 3158
3 3161 3158 3160
3 3161 3160 2373
3 3162 3143 3165
3 3162 3165 3163
3 3164 3168 3166
3 3164 3166 3163
3 3163 3165 3241
3 3163 3241 3164
3 3167 3163 3166
3 3167 3166 2379
3 2373 3160 3163
3 2373 3163 3167
3 3167 2379 2375
3 3167 2375 2373
3 2379 3166 3168
3 2379 3168 3169
3 3169 3168 3171
3 3169 3171 3175
3 3164 3241 3170
3 3164 3170 3168
3 3168 3170 3172
3 3168 3172 3171
3 3171 3172 3227
3 3171 3227 3173
3 3173 3220 3174
3 3173 3174 3171
3 3175 3171 3174
3 3175 3174 3176
3 2382 3175 3176
3 2382 3176 3179
3 3169 3175 2381
3 3169 2381 2379
3 3177 3218 3178
3 3177 3178 3176
3 3176 3174 3220
3 3176 3220 3177
3 3179 3176 3178
3 3179 3178 3180
3 2387 3179 3180
3 2387 3180 3183
3 3180 3178 3218
3 3180 3218 3181
3 3181 3214 3182
3 3181 3182 3180
3 3183 3180 3182
3 3183 3182 3184
3 3185 3183 3184
3 3185 3184 3186
3 3187 2388 3183
3 3187 3183 3185
3 3185 3186 3188
3 3185 3188 3187
3 3189 3187 3188
3 3189 3188 3190
3 3191 2392 3187
3 3191 3187 3189
3 3189 3190 3192
3 3189 3192 3191
3 3191 3192 3194
3 3191 3194 3193
3 2393 3191 3193
3 2393 3193 2396
3 3193 3194 3196
3 3193 3196 2703
3 2396 3193 2703
3 2396 2703 3271
3 3192 3198 3195
3 3192 3195 3194
3 3194 3195 2708
3 3194 2708 3196
3 3198 3199 3197
3 3198 3197 3195
3 3195 3197 2710
3 3195 2710 2708
3 3188 3200 3199
3 3188 3199 3198
3 3190 3188 3198
3 3190 3198 3192
3 3199 3201 2715
3 3199 2715 3197
3 3200 3202 3201
3 3200 3201 3199
3 3202 3204 3203
3 3202 3203 3201
3 3201 3203 2717
3 3201 2717 2715
3 3204 3206 2723
3 3204 2723 3203
3 3205 3246 3206
3 3205 3206 3204
3 3208 3205 3204
3 3208 3204 3207
3 3200 3207 3204
3 3200 3204 3202
3 3209 3208 3207
3 3209 3207 3200
3 3210 3212 3205
3 3210 3205 3208
3 3213 3210 3208
3 3213 3208 3184
3 3186 3184 3208
3 3186 3208 3209
3 3210 3211 2834
3 3210 2834 3212
3 3213 3214 3211
3 3213 3211 3210
3 3184 3182 3214
3 3184 3214 3213
3 3214 3215 3217
3 3214 3217 3211
3 3181 3218 3215
3 3181 3215 3214
3 3215 3216 3243
3 3215 3243 3217
3 3218 3219 3216
3 3218 3216 3215
3 3177 3220 3219
3 3177 3219 3218
3 3219 3221 3223
3 3219 3223 3216
3 3220 3224 3221
3 3220 3221 3219
3 3222 2856 3223
3 3222 3223 3221
3 3226 3222 3221
3 3226 3221 3224
3 3224 3225 2865
3 3224 2865 3226
3 3227 3229 3225
3 3227 3225 3224
3 3173 3227 3224
3 3173 3224 3220
3 3228 3230 3229
3 3228 3229 3227
3 3228 3227 3172
3 3228 3172 3170
3 2867 2865 3225
3 2867 3225 3229
3 3233 2867 3229
3 3233 3229 3230
3 3239 3231 3230
3 3239 3230 3228
3 3231 3234 3232
3 3231 3232 3230
3 3230 3232 2868
3 3230 2868 3233
3 3235 2868 3232
3 3235 3232 3234
3 3234 3237 2873
3 3234 2873 3235
3 3236 3126 3237
3 3236 3237 3234
3 3238 3236 3234
3 3238 3234 3231
3 3124 2873 3237
3 3124 3237 3126
3 3138 3135 3236
3 3138 3236 3238
3 3238 3231 3240
3 3238 3240 3138
3 3241 3240 3231
3 3241 3231 3239
3 3242 3138 3240
3 3242 3240 3241
3 3239 3228 3170
3 3239 3170 3241
3 3242 3241 3165
3 3242 3165 3143
3 3143 3140 3138
3 3143 3138 3242
3 3226 2865 2855
3 3226 2855 3222
3 3216 3223 2856
3 3216 2856 3245
3 3217 3243 2846
3 3217 2846 3244
3 3211 3217 3244
3 3211 3244 2834
3 2834 3244 2840
3 2834 2840 2837
3 3245 2845 3243
3 3245 3243 3216
3 3245 2856 2848
3 3245 2848 2845
3 3212 2835 3246
3 3212 3246 3205
3 3186 3209 3200
3 3186 3200 3188
3 3246 2829 2827
3 3246 2827 3206
3 3206 2827 2725
3 3206 2725 2723
3 3161 2373 2369
3 3161 2369 2367
3 3155 2367 2360
3 3155 2360 2357
3 3247 3150 3248
3 3247 3248 3249
3 3251 3249 3248
3 3251 3248 2355
3 3252 3249 3250
3 3252 3250 2237
3 3254 3250 3249
3 3254 3249 3251
3 3253 3247 3249
3 3253 3249 3252
3 3252 2235 1837
3 3252 1837 3253
3 3253 1837 3257
3 3253 3257 3247
3 3251 2355 2353
3 3251 2353 3254
3 3255 2241 3250
3 3255 3250 3254
3 3254 2353 2351
3 3254 2351 3255
3 3256 2243 2241
3 3256 2241 3255
3 3255 2351 2249
3 3255 2249 3256
3 3247 3257 1842
3 3247 1842 3149
3 2812 3258 3260
3 2812 3260 3259
3 3259 3260 3261
3 3259 3261 2766
3 3261 3260 3258
3 3261 3258 3262
3 3262 3263 2781
3 3262 2781 3261
3 2798 2791 3263
3 2798 3263 3262
3 3262 3258 2811
3 3262 2811 2798
3 2773 2777 2628
3 2773 2628 3264
3 2754 2774 3264
3 2754 3264 3265
3 3265 3264 2633
3 3265 2633 3266
3 3266 2750 2754
3 3266 2754 3265
3 2752 3266 3267
3 2752 3267 2745
3 3268 3267 3266
3 3268 3266 2634
3 2745 3267 3268
3 2745 3268 2669
3 2638 3268 2634
3 2638 2634 2636
3 2669 3268 2638
3 2669 2638 2667
3 2733 2758 2744
3 2733 2744 2738
3 2676 2742 2672
3 2676 2672 3275
3 3270 2736 2739
3 3270 2739 3269
3 3269 2739 2681
3 3269 2681 2683
3 2713 3270 3269
3 2713 3269 2693
3 2693 3269 2683
3 2693 2683 2690
3 2712 2721 2736
3 2712 2736 3270
3 3272 3271 2705
3 3272 2705 2410
3 2398 2396 3271
3 2398 3271 3272
3 2410 2408 2400
3 2410 2400 3272
3 2416 2697 2421
3 2416 2421 2418
3 2424 2687 2428
3 2424 2428 2426
3 2679 2660 3274
3 2679 3274 2686
3 2428 2686 3273
3 2428 3273 2431
3 2686 3274 2434
3 2686 2434 3273
3 3275 2672 2674
3 3275 2674 2677
3 2442 2656 2650
3 2442 2650 3276
3 2651 2526 2522
3 2651 2522 3276
3 2444 2442 3276
3 2444 3276 2524
3 2526 2649 3277
3 2526 3277 3278
3 3277 2587 2531
3 3277 2531 3278
3 3278 2531 2528
3 3278 2528 2526
3 2624 2612 2600
3 2624 2600 2598
3 3282 3279 2555
3 3282 2555 3280
3 2555 2194 2196
3 2555 2196 3280
3 3280 2196 2199
3 3280 2199 3281
3 3283 3282 3280
3 3283 3280 3281
3 2493 3279 3282
3 2493 3282 2491
3 2491 3282 3283
3 2491 3283 2489
3 2489 3283 3284
3 2489 3284 3285
3 3284 3283 3281
3 3284 3281 3287
3 3285 3284 3286
3 3285 3286 2223
3 3286 3284 3287
3 3286 3287 2207
3 3281 2199 2202
3 3281 2202 3287
3 2223 3286 2207
3 2223 2207 2220
3 3288 3285 2223
3 3288 2223 2225
3 2486 2489 3285
3 2486 3285 3288
3 2263 2469 2253
3 2263 2253 2256
3 3289 2462 2469
3 3289 2469 2263
3 3290 2458 2462
3 3290 2462 3289
3 2267 3290 3289
3 2267 3289 2264
3 3291 2279 2459
3 3291 2459 3290
3 2273 3291 3290
3 2273 3290 2267
3 2290 2449 2452
3 2290 2452 2284
3 3292 2445 2449
3 3292 2449 2290
3 2293 2440 3292
3 2293 3292 2290
3 3293 2309 2312
3 3293 2312 2322
3 2335 2363 2365
3 2335 2365 2404
3 2344 2342 3295
3 2344 3295 3294
3 3296 3294 3295
3 3296 3295 3298
3 3297 2261 3294
3 3297 3294 3296
3 3296 3298 3299
3 3296 3299 3297
3 3298 3295 2342
3 3298 2342 2340
3 2320 3298 2340
3 2320 2340 3312
3 2315 3299 3298
3 2315 3298 2320
3 3297 3299 3300
3 3297 3300 3302
3 3301 3300 3299
3 3301 3299 2315
3 3303 2271 3300
3 3303 3300 3301
3 3300 2270 2265
3 3300 2265 3302
3 3302 2265 2261
3 3302 2261 3297
3 3301 2317 3304
3 3301 3304 3303
3 3304 3305 2271
3 3304 2271 3303
3 2317 3306 3305
3 2317 3305 3304
3 3306 2305 2301
3 3306 2301 3305
3 3305 2301 3308
3 3305 3308 3307
3 2271 3305 3307
3 2271 3307 2274
3 3308 2286 3310
3 3308 3310 3307
3 3307 3310 2277
3 3307 2277 3309
3 2274 3307 3309
3 2274 3309 3311
3 3309 2277 2275
3 3309 2275 3311
3 2300 2288 2286
3 2300 2286 3308
3 2307 2305 3306
3 2307 3306 2317
3 3312 2340 3313
3 3312 3313 2319
3 2230 2218 3316
3 2230 3316 3315
3 3317 3314 2230
3 3317 2230 3315
3 3315 3316 3318
3 3315 3318 3317
3 3317 3318 3320
3 3317 3320 3319
3 1825 1832 3317
3 1825 3317 3319
3 1835 3314 3317
3 1835 3317 1831
3 3319 3320 3322
3 3319 3322 1825
3 3318 3324 3321
3 3318 3321 3320
3 3320 3321 138
3 3320 138 3323
3 137 3322 3320
3 137 3320 3323
3 1825 3322 137
3 1825 137 3709
3 3324 3326 3325
3 3324 3325 3321
3 3321 3325 130
3 3321 130 138
3 3326 3327 126
3 3326 126 3325
3 2215 2213 3327
3 2215 3327 3326
3 2217 2215 3326
3 2217 3326 3324
3 2212 3328 122
3 2212 122 3327
3 3316 2217 3324
3 3316 3324 3318
3 2209 3329 3328
3 2209 3328 2212
3 3329 3330 121
3 3329 121 3328
3 2205 3332 3330
3 2205 3330 3329
3 3332 3339 3331
3 3332 3331 3330
3 3330 3331 3334
3 3330 3334 3333
3 121 3330 3333
3 121 3333 119
3 3333 3334 117
3 3333 117 119
3 3336 3337 3335
3 3336 3335 3334
3 3334 3335 3364
3 3334 3364 117
3 3331 3339 3336
3 3331 3336 3334
3 3338 3353 3337
3 3338 3337 3336
3 3339 3340 3338
3 3339 3338 3336
3 3341 3340 3339
3 3341 3339 3332
3 3342 3338 3340
3 3342 3340 3341
3 3341 3343 3344
3 3341 3344 3342
3 2201 3341 3332
3 2201 3332 2205
3 2198 3343 3341
3 2198 3341 2201
3 3343 2188 2185
3 3343 2185 3344
3 2191 2188 3343
3 2191 3343 2198
3 3344 3345 3338
3 3344 3338 3342
3 2185 3347 3345
3 2185 3345 3344
3 3345 3347 2179
3 3345 2179 3346
3 3338 3345 3346
3 3338 3346 3349
3 2179 2176 3348
3 2179 3348 3346
3 3346 3348 3350
3 3346 3350 3349
3 3349 3350 3353
3 3349 3353 3338
3 3350 3348 3373
3 3350 3373 3351
3 3352 3350 3351
3 3352 3351 3354
3 3337 3353 3350
3 3337 3350 3352
3 3354 3357 3356
3 3354 3356 3352
3 3352 3356 3358
3 3352 3358 3355
3 3335 3337 3352
3 3335 3352 3355
3 3358 3356 3357
3 3358 3357 3359
3 3360 3358 3359
3 3360 3359 3361
3 3355 3358 3360
3 3355 3360 3363
3 3362 3360 3361
3 3362 3361 3365
3 3363 3360 3362
3 3363 3362 109
3 3364 3335 3355
3 3364 3355 3363
3 116 3364 3363
3 116 3363 109
3 108 3362 3365
3 108 3365 99
3 3365 3361 3367
3 3365 3367 3366
3 99 3365 3366
3 99 3366 96
3 3367 3369 3368
3 3367 3368 3366
3 3366 3368 90
3 3366 90 96
3 3368 3369 3370
3 3368 3370 89
3 3369 3371 2131
3 3369 2131 3370
3 3372 3371 3369
3 3372 3369 3367
3 2138 2130 3371
3 2138 3371 3372
3 3359 3357 2138
3 3359 2138 3372
3 3361 3359 3372
3 3361 3372 3367
3 2131 2128 80
3 2131 80 3370
3 3370 80 82
3 3370 82 89
3 3351 2139 3357
3 3351 3357 3354
3 3373 2143 2139
3 3373 2139 3351
3 3373 2174 3374
3 3373 3374 2142
3 3348 2176 2174
3 3348 2174 3373
3 2169 3375 2141
3 2169 2141 3374
3 2165 2147 3375
3 2165 3375 2169
3 2162 2150 2147
3 2162 2147 2165
3 3377 2149 2152
3 3377 2152 3376
3 3376 2113 3378
3 3376 3378 3377
3 3377 3378 2125
3 3377 2125 2134
3 2133 2146 2149
3 2133 2149 3377
3 2125 3378 2113
3 2125 2113 2115
3 2123 75 77
3 2123 77 79
3 2119 3379 3381
3 2119 3381 3380
3 3380 3381 65
3 3380 65 74
3 3381 3379 3383
3 3381 3383 3382
3 65 3381 3382
3 65 3382 62
3 3383 3385 3384
3 3383 3384 3382
3 3382 3384 59
3 3382 59 62
3 3384 3385 2094
3 3384 2094 3386
3 59 3384 3386
3 59 3386 56
3 2094 3388 3387
3 2094 3387 3386
3 3386 3387 53
3 3386 53 56
3 3387 3388 3390
3 3387 3390 3389
3 53 3387 3389
3 53 3389 50
3 3390 3392 3391
3 3390 3391 3389
3 3389 3391 48
3 3389 48 50
3 3391 3392 3394
3 3391 3394 3393
3 48 3391 3393
3 48 3393 46
3 3394 3397 3395
3 3394 3395 3393
3 3393 3395 3398
3 3393 3398 46
3 3395 3397 3414
3 3395 3414 3396
3 3398 3395 3396
3 3398 3396 3399
3 41 3398 3399
3 41 3399 37
3 3399 3396 3401
3 3399 3401 3400
3 37 3399 3400
3 37 3400 34
3 3401 3404 3402
3 3401 3402 3400
3 3400 3402 31
3 3400 31 34
3 3402 3404 3405
3 3402 3405 3403
3 31 3402 3403
3 31 3403 29
3 3407 3405 3404
3 3407 3404 3401
3 3403 3405 3406
3 3403 3406 3697
3 3408 3406 3405
3 3408 3405 3407
3 3407 3409 3410
3 3407 3410 3408
3 3401 3412 3409
3 3401 3409 3407
3 3409 3411 3442
3 3409 3442 3410
3 3412 3413 3411
3 3412 3411 3409
3 3414 3415 3413
3 3414 3413 3412
3 3396 3414 3412
3 3396 3412 3401
3 3417 3415 3414
3 3417 3414 3416
3 3416 3414 3397
3 3416 3397 3394
3 3394 3419 3417
3 3394 3417 3416
3 3418 3413 3415
3 3418 3415 3417
3 3421 3418 3417
3 3421 3417 3420
3 3420 3417 3419
3 3420 3419 3423
3 3420 3422 3425
3 3420 3425 3421
3 3423 2086 3422
3 3423 3422 3420
3 3423 3419 3394
3 3423 3394 3424
3 3390 2090 3423
3 3390 3423 3424
3 3424 3394 3392
3 3424 3392 3390
3 3426 3425 3422
3 3426 3422 2082
3 3427 3421 3425
3 3427 3425 3426
3 3427 3426 2082
3 3427 2082 2080
3 3428 3429 3421
3 3428 3421 3427
3 3431 3428 3427
3 3431 3427 2079
3 3432 3433 3429
3 3432 3429 3428
3 3434 3432 3428
3 3434 3428 3430
3 3541 3430 3428
3 3541 3428 3431
3 3434 3437 3433
3 3434 3433 3432
3 3551 3436 3434
3 3551 3434 3435
3 3435 3434 3430
3 3435 3430 3541
3 3436 3438 3437
3 3436 3437 3434
3 3438 3440 3439
3 3438 3439 3437
3 3437 3439 3441
3 3437 3441 3433
3 3440 3445 3410
3 3440 3410 3439
3 3439 3410 3442
3 3439 3442 3441
3 3441 3442 3411
3 3441 3411 3443
3 3433 3441 3443
3 3433 3443 3429
3 3429 3443 3418
3 3429 3418 3421
3 3443 3411 3413
3 3443 3413 3418
3 3555 3444 3440
3 3555 3440 3438
3 3444 3446 3445
3 3444 3445 3440
3 3447 3445 3446
3 3447 3446 3449
3 3408 3410 3445
3 3408 3445 3447
3 3447 3448 3406
3 3447 3406 3408
3 3449 3453 3448
3 3449 3448 3447
3 3451 3449 3446
3 3451 3446 3444
3 3450 3454 3453
3 3450 3453 3449
3 3450 3449 3452
3 3450 3452 3459
3 3463 3452 3449
3 3463 3449 3451
3 3455 3448 3453
3 3455 3453 3454
3 3694 3455 3454
3 3694 3454 3456
3 3456 3454 3457
3 3456 3457 3458
3 3459 3457 3454
3 3459 3454 3450
3 3460 3458 3457
3 3460 3457 3459
3 3461 3459 3452
3 3461 3452 3463
3 3464 3460 3459
3 3464 3459 3461
3 3464 3461 3462
3 3464 3462 3472
3 3470 3462 3461
3 3470 3461 3465
3 3465 3461 3463
3 3465 3463 3466
3 3465 3466 3554
3 3465 3554 3469
3 3471 3470 3465
3 3471 3465 3467
3 3476 3467 3465
3 3476 3465 3468
3 3468 3465 3469
3 3468 3469 3484
3 3471 3472 3462
3 3471 3462 3470
3 3473 3636 3472
3 3473 3472 3471
3 3475 3473 3471
3 3475 3471 3474
3 3474 3471 3467
3 3474 3467 3476
3 3475 3474 3476
3 3475 3476 3477
3 3478 3476 3468
3 3478 3468 3482
3 3479 3477 3476
3 3479 3476 3478
3 3651 3479 3478
3 3651 3478 3480
3 3480 3478 3481
3 3480 3481 3488
3 3478 3482 3483
3 3478 3483 3481
3 3482 3468 3484
3 3482 3484 3483
3 3483 3484 3553
3 3483 3553 3485
3 3483 3485 3549
3 3483 3549 3486
3 3487 3483 3486
3 3487 3486 3489
3 3488 3481 3483
3 3488 3483 3487
3 3488 3487 3489
3 3488 3489 3493
3 3489 3486 3549
3 3489 3549 3490
3 3489 3490 3544
3 3489 3544 3492
3 3494 3493 3489
3 3494 3489 3491
3 3491 3489 3492
3 3491 3492 3548
3 3498 3488 3493
3 3498 3493 3494
3 3494 3491 3548
3 3494 3548 3497
3 3499 3498 3494
3 3499 3494 3495
3 3509 3495 3494
3 3509 3494 3496
3 3496 3494 3497
3 3496 3497 3525
3 3499 3500 3488
3 3499 3488 3498
3 3501 3502 3500
3 3501 3500 3499
3 3501 3499 3495
3 3501 3495 3503
3 3504 3650 3502
3 3504 3502 3501
3 3506 3501 3503
3 3506 3503 3508
3 3562 3504 3501
3 3562 3501 3505
3 3507 3505 3501
3 3507 3501 3506
3 3507 3506 3508
3 3507 3508 3510
3 3508 3503 3495
3 3508 3495 3509
3 3508 3509 3513
3 3508 3513 3512
3 3556 3510 3508
3 3556 3508 3511
3 3511 3508 3512
3 3511 3512 3514
3 3514 3512 3513
3 3514 3513 3515
3 3556 3511 3514
3 3556 3514 3516
3 3514 3515 3519
3 3514 3519 3518
3 1952 3516 3514
3 1952 3514 3517
3 3517 3514 3518
3 3517 3518 1953
3 1953 3518 3519
3 1953 3519 3521
3 3515 3523 3520
3 3515 3520 3519
3 3521 3519 3520
3 3521 3520 2032
3 3520 3524 3526
3 3520 3526 3522
3 3520 3522 2035
3 3520 2035 2033
3 3523 3525 3524
3 3523 3524 3520
3 3525 3527 3526
3 3525 3526 3524
3 3527 3548 3528
3 3527 3528 3526
3 3526 3528 3547
3 3526 3547 3529
3 3526 3529 3531
3 3526 3531 3530
3 3522 3526 3530
3 3522 3530 2035
3 2035 3530 3531
3 2035 3531 2043
3 3531 3532 3534
3 3531 3534 3533
3 3529 3547 3532
3 3529 3532 3531
3 3531 3533 2046
3 3531 2046 2044
3 3533 3534 3538
3 3533 3538 2046
3 3535 3539 3536
3 3535 3536 3534
3 3547 3535 3534
3 3547 3534 3532
3 3534 3536 2077
3 3534 2077 3537
3 3534 3537 2072
3 3534 2072 3538
3 2046 3538 2072
3 2046 2072 2070
3 3539 3541 3540
3 3539 3540 3536
3 3536 3540 2079
3 3536 2079 2077
3 3541 3431 2079
3 3541 2079 3540
3 3543 3435 3541
3 3543 3541 3539
3 3544 3543 3539
3 3544 3539 3542
3 3547 3542 3539
3 3547 3539 3535
3 3544 3545 3435
3 3544 3435 3543
3 3490 3549 3545
3 3490 3545 3544
3 3548 3492 3544
3 3548 3544 3546
3 3546 3544 3542
3 3546 3542 3547
3 3548 3546 3547
3 3548 3547 3528
3 3525 3497 3548
3 3525 3548 3527
3 3549 3551 3435
3 3549 3435 3545
3 3549 3550 3436
3 3549 3436 3551
3 3485 3553 3550
3 3485 3550 3549
3 3550 3552 3438
3 3550 3438 3436
3 3553 3554 3552
3 3553 3552 3550
3 3484 3469 3554
3 3484 3554 3553
3 3554 3451 3444
3 3554 3444 3555
3 3554 3555 3438
3 3554 3438 3552
3 3466 3463 3451
3 3466 3451 3554
3 3509 3496 3525
3 3509 3525 3513
3 3515 3513 3525
3 3515 3525 3523
3 1937 3556 3516
3 1937 3516 1940
3 1942 1940 3516
3 1942 3516 1952
3 1937 3557 3510
3 1937 3510 3556
3 3558 3507 3510
3 3558 3510 3557
3 1935 3558 3557
3 1935 3557 1937
3 3558 3560 3505
3 3558 3505 3507
3 3559 3561 3560
3 3559 3560 3558
3 3689 3559 3558
3 3689 3558 1934
3 3561 3562 3505
3 3561 3505 3560
3 3561 3563 3649
3 3561 3649 3562
3 3565 3566 3563
3 3565 3563 3561
3 3567 3565 3561
3 3567 3561 3564
3 3689 3564 3561
3 3689 3561 3559
3 3567 3569 3566
3 3567 3566 3565
3 3568 3570 3569
3 3568 3569 3567
3 3568 3567 3564
3 3568 3564 3672
3 3569 3572 3573
3 3569 3573 3566
3 3667 3571 3569
3 3667 3569 3570
3 3571 3574 3572
3 3571 3572 3569
3 3574 3575 3573
3 3574 3573 3572
3 3574 3577 3580
3 3574 3580 3575
3 3576 3581 3577
3 3576 3577 3574
3 3667 3576 3574
3 3667 3574 3571
3 3578 3586 3579
3 3578 3579 3577
3 3583 3578 3577
3 3583 3577 3581
3 3577 3579 3627
3 3577 3627 3580
3 3584 3583 3581
3 3584 3581 3582
3 3661 3582 3581
3 3661 3581 3576
3 3583 3585 3586
3 3583 3586 3578
3 3584 3587 3585
3 3584 3585 3583
3 3585 3588 3590
3 3585 3590 3586
3 3587 3591 3588
3 3587 3588 3585
3 3588 3589 3605
3 3588 3605 3590
3 3591 3592 3589
3 3591 3589 3588
3 3593 3596 3592
3 3593 3592 3591
3 3595 3593 3591
3 3595 3591 3587
3 3594 3597 3596
3 3594 3596 3593
3 3655 3594 3593
3 3655 3593 3595
3 3598 3599 3592
3 3598 3592 3596
3 1707 3598 3596
3 1707 3596 3597
3 3598 486 3600
3 3598 3600 3599
3 1707 488 486
3 1707 486 3598
3 3599 3600 3602
3 3599 3602 3601
3 3599 3601 3589
3 3599 3589 3592
3 3601 3602 3606
3 3601 3606 3603
3 3601 3603 3605
3 3601 3605 3589
3 3603 3606 3608
3 3603 3608 3604
3 3603 3604 3623
3 3603 3623 3605
3 3602 3622 3607
3 3602 3607 3606
3 3606 3607 3610
3 3606 3610 3609
3 3609 3611 3608
3 3609 3608 3606
3 3609 3610 3612
3 3609 3612 3611
3 3611 3612 3613
3 3611 3613 6
3 3611 6 1
3 3611 1 3608
3 3614 12 3613
3 3614 3613 3612
3 3615 3614 3612
3 3615 3612 3610
3 3617 3616 3614
3 3617 3614 3615
3 3616 15 12
3 3616 12 3614
3 468 3618 3616
3 468 3616 3617
3 3618 18 15
3 3618 15 3616
3 3893 18 3618
3 3893 3618 469
3 474 3617 3615
3 474 3615 3619
3 471 468 3617
3 471 3617 474
3 3619 3615 3610
3 3619 3610 3620
3 478 3619 3620
3 478 3620 483
3 3620 3610 3607
3 3620 3607 3622
3 485 483 3620
3 485 3620 3621
3 3621 3620 3622
3 3621 3622 3602
3 485 3621 3602
3 485 3602 3600
3 3604 3608 1
3 3604 1 3632
3 3590 3605 3623
3 3590 3623 3624
3 3624 3623 3604
3 3624 3604 3625
3 3586 3590 3624
3 3586 3624 3626
3 3626 3624 3625
3 3626 3625 3627
3 3586 3626 3627
3 3586 3627 3579
3 3627 3625 3631
3 3627 3631 3628
3 3580 3627 3628
3 3580 3628 3629
3 3629 3628 3630
3 3629 3630 3639
3 3628 3631 3633
3 3628 3633 3630
3 3631 3632 2
3 3631 2 3633
3 3625 3604 3632
3 3625 3632 3631
3 3633 2 3635
3 3633 3635 3634
3 3630 3633 3634
3 3630 3634 3637
3 3634 3635 3652
3 3634 3652 3636
3 3637 3634 3636
3 3637 3636 3473
3 3639 3630 3637
3 3639 3637 3638
3 3638 3637 3473
3 3638 3473 3475
3 3639 3638 3475
3 3639 3475 3641
3 3647 3629 3639
3 3647 3639 3640
3 3640 3639 3641
3 3640 3641 3642
3 3642 3641 3475
3 3642 3475 3643
3 3647 3640 3642
3 3647 3642 3646
3 3642 3643 3479
3 3642 3479 3645
3 3648 3646 3642
3 3648 3642 3644
3 3644 3642 3645
3 3644 3645 3650
3 3575 3647 3646
3 3575 3646 3573
3 3566 3573 3646
3 3566 3646 3648
3 3648 3644 3650
3 3648 3650 3649
3 3566 3648 3649
3 3566 3649 3563
3 3562 3649 3650
3 3562 3650 3504
3 3650 3645 3479
3 3650 3479 3651
3 3650 3651 3500
3 3650 3500 3502
3 3651 3480 3488
3 3651 3488 3500
3 3575 3580 3629
3 3575 3629 3647
3 3643 3475 3477
3 3643 3477 3479
3 3636 3652 3653
3 3636 3653 3472
3 7 3652 3635
3 7 3635 2
3 3652 5 3654
3 3652 3654 3653
3 3653 3654 3458
3 3653 3458 3460
3 3472 3653 3460
3 3472 3460 3464
3 9 3458 3654
3 9 3654 5
3 1711 1707 3597
3 1711 3597 3594
3 3656 3595 3587
3 3656 3587 3584
3 3657 3655 3595
3 3657 3595 3656
3 3656 3584 3582
3 3656 3582 3658
3 3657 3656 3658
3 3657 3658 3659
3 3660 3658 3582
3 3660 3582 3661
3 3662 3659 3658
3 3662 3658 3660
3 3663 3660 3661
3 3663 3661 3666
3 3664 3662 3660
3 3664 3660 3663
3 3664 3663 3665
3 3664 3665 3687
3 3663 3666 3668
3 3663 3668 3665
3 3666 3661 3576
3 3666 3576 3667
3 3666 3667 3570
3 3666 3570 3668
3 3669 3668 3570
3 3669 3570 3568
3 3670 3665 3668
3 3670 3668 3669
3 3669 3568 3672
3 3669 3672 3671
3 3670 3669 3671
3 3670 3671 3673
3 3674 3671 3672
3 3674 3672 3675
3 3676 3673 3671
3 3676 3671 3674
3 3674 3675 1932
3 3674 1932 1930
3 3676 3674 1930
3 3676 1930 3679
3 3677 3684 3673
3 3677 3673 3676
3 3680 3677 3676
3 3680 3676 3678
3 3678 3676 3679
3 3678 3679 1925
3 3680 3678 1925
3 3680 1925 3681
3 1746 3680 3681
3 1746 3681 3682
3 1746 1744 3677
3 1746 3677 3680
3 1754 3682 3681
3 1754 3681 3683
3 3683 3681 1926
3 3683 1926 1758
3 3685 3686 3684
3 3685 3684 3677
3 1741 3685 3677
3 1741 3677 1744
3 1741 1739 3686
3 1741 3686 3685
3 3686 3687 3665
3 3686 3665 3670
3 3686 3670 3673
3 3686 3673 3684
3 1739 3688 3687
3 1739 3687 3686
3 1732 3664 3687
3 1732 3687 3688
3 1734 1732 3688
3 1734 3688 1739
3 3675 3672 3564
3 3675 3564 3689
3 3675 3689 1934
3 3675 1934 1932
3 1732 1730 3662
3 1732 3662 3664
3 1730 3690 3659
3 1730 3659 3662
3 3691 3657 3659
3 3691 3659 3690
3 3692 3691 3690
3 3692 3690 1730
3 1724 1718 3691
3 1724 3691 3692
3 3691 1717 3655
3 3691 3655 3657
3 1717 1710 3594
3 1717 3594 3655
3 3695 3456 3458
3 3695 3458 9
3 3695 14 3693
3 3695 3693 3456
3 3456 3693 3696
3 3456 3696 3694
3 9 11 14
3 9 14 3695
3 27 3697 3455
3 27 3455 3694
3 3694 3696 17
3 3694 17 26
3 17 3696 3693
3 17 3693 14
3 3697 3406 3448
3 3697 3448 3455
3 29 3403 3697
3 29 3697 27
3 3388 2093 2090
3 3388 2090 3390
3 2096 2094 3385
3 2096 3385 3383
3 3379 2118 2098
3 3379 2098 3383
3 2068 2074 2102
3 2068 2102 2105
3 2014 2019 2057
3 2014 2057 3698
3 1963 2028 2022
3 1963 2022 1967
3 1967 2022 1973
3 1967 1973 1971
3 1948 1950 1961
3 1948 1961 3699
3 3700 1948 3699
3 3700 3699 1905
3 1904 1911 1948
3 1904 1948 3700
3 1762 1917 1914
3 1762 1914 1765
3 3702 1812 1873
3 3702 1873 1863
3 3702 1863 3703
3 3702 3703 1816
3 3704 3703 1863
3 3704 1863 1861
3 1819 1816 3703
3 1819 3703 3704
3 3705 3704 1860
3 3705 1860 1852
3 3707 3706 3704
3 3707 3704 3705
3 1819 3704 3706
3 1819 3706 1821
3 3708 1821 3706
3 3708 3706 3707
3 3705 1852 1844
3 3705 1844 3707
3 3707 1844 1841
3 3707 1841 1834
3 3708 3707 1834
3 3708 1834 1828
3 1828 1824 1821
3 1828 1821 3708
3 1826 140 147
3 1826 147 1822
3 3709 137 140
3 3709 140 1826
3 3710 3712 1781
3 3710 1781 1787
3 3710 1787 3711
3 3710 3711 244
3 248 3713 3712
3 248 3712 3710
3 3714 1779 3712
3 3714 3712 3713
3 1155 3714 3713
3 1155 3713 252
3 3898 252 3713
3 3898 3713 248
3 1159 1773 1779
3 1159 1779 3714
3 1174 1763 1766
3 1174 1766 1169
3 1179 1756 1763
3 1179 1763 1174
3 1207 3716 1725
3 1207 1725 3715
3 3716 3718 1722
3 3716 1722 1725
3 3722 3717 3716
3 3722 3716 1207
3 3717 3719 3718
3 3717 3718 3716
3 3719 3720 1240
3 3719 1240 3718
3 3718 1240 1720
3 3718 1720 1722
3 1230 1233 3720
3 1230 3720 3719
3 3721 1230 3719
3 3721 3719 3717
3 1213 3721 3717
3 1213 3717 3722
3 1223 1227 1230
3 1223 1230 3721
3 1215 1223 3721
3 1215 3721 1213
3 1240 3724 3723
3 1240 3723 1720
3 1687 1713 1715
3 1687 1715 3723
3 1243 1687 3723
3 1243 3723 3724
3 1687 1690 3725
3 1687 3725 1713
3 1136 1134 1175
3 1136 1175 3726
3 3726 1175 1172
3 3726 1172 1140
3 3727 1093 743
3 3727 743 746
3 775 1090 3727
3 775 3727 3728
3 3728 3727 746
3 3728 746 748
3 771 3728 748
3 771 748 3745
3 1070 1078 779
3 1070 779 782
3 1066 1070 782
3 1066 782 784
3 1052 1054 1067
3 1052 1067 3729
3 3729 1067 3730
3 3729 3730 3731
3 3730 1066 784
3 3730 784 3732
3 3731 3730 3732
3 3731 3732 3733
3 3733 3732 785
3 3733 785 3734
3 811 3731 3733
3 811 3733 808
3 808 3733 3734
3 808 3734 3735
3 3734 795 803
3 3734 803 3735
3 3736 3729 3731
3 3736 3731 811
3 1050 1052 3729
3 1050 3729 3736
3 3738 1050 3736
3 3738 3736 3737
3 3737 3736 811
3 3737 811 813
3 3737 814 826
3 3737 826 3738
3 3739 1046 1050
3 3739 1050 3738
3 829 3739 3738
3 829 3738 827
3 832 3740 3739
3 832 3739 829
3 1048 3739 3740
3 1048 3740 1044
3 1044 3740 832
3 1044 832 843
3 3741 853 1006
3 3741 1006 1023
3 849 851 853
3 849 853 3741
3 891 957 962
3 891 962 969
3 893 954 958
3 893 958 891
3 3743 903 899
3 3743 899 798
3 816 887 883
3 816 883 819
3 3744 805 887
3 3744 887 816
3 823 879 875
3 823 875 868
3 769 766 791
3 769 791 788
3 748 750 753
3 748 753 3745
3 745 742 723
3 745 723 3746
3 742 739 725
3 742 725 723
3 706 3747 565
3 706 565 709
3 700 3748 3747
3 700 3747 707
3 3748 573 571
3 3748 571 3747
3 586 573 3748
3 586 3748 700
3 3749 3750 638
3 3749 638 640
3 261 3751 3750
3 261 3750 3749
3 3751 3755 3752
3 3751 3752 3750
3 3750 3752 3753
3 3750 3753 638
3 3752 3754 3763
3 3752 3763 3753
3 3755 3756 3754
3 3755 3754 3752
3 3757 3758 3756
3 3757 3756 3755
3 260 3757 3755
3 260 3755 3751
3 265 3759 3758
3 265 3758 3757
3 3758 286 3760
3 3758 3760 3756
3 3759 278 287
3 3759 287 3758
3 267 278 3759
3 267 3759 265
3 3756 3760 3762
3 3756 3762 3761
3 3754 3756 3761
3 3754 3761 3763
3 3761 3762 3765
3 3761 3765 3763
3 3753 3763 3764
3 3753 3764 634
3 3763 3765 3766
3 3763 3766 3764
3 3765 3762 3769
3 3765 3769 3767
3 3766 3765 3767
3 3766 3767 3770
3 3769 3790 3768
3 3769 3768 3767
3 3767 3768 3774
3 3767 3774 3770
3 3771 3770 3772
3 3771 3772 631
3 3764 3766 3770
3 3764 3770 3771
3 3772 3770 3773
3 3772 3773 3874
3 3770 3774 3775
3 3770 3775 3773
3 3774 3768 3776
3 3774 3776 3775
3 3776 3781 3779
3 3776 3779 3775
3 3773 3775 3777
3 3773 3777 3874
3 3777 3775 3778
3 3777 3778 3878
3 3775 3779 3780
3 3775 3780 3778
3 3779 3781 3782
3 3779 3782 3780
3 3781 3783 3784
3 3781 3784 3782
3 3787 3783 3781
3 3787 3781 3776
3 3783 3785 3793
3 3783 3793 3784
3 3786 368 3785
3 3786 3785 3783
3 3788 3789 3786
3 3788 3786 3783
3 3790 3788 3783
3 3790 3783 3787
3 3791 3789 3788
3 3791 3788 3790
3 3768 3790 3787
3 3768 3787 3776
3 3792 291 3791
3 3792 3791 3790
3 3762 3792 3790
3 3762 3790 3769
3 3888 291 3792
3 3888 3792 3762
3 292 361 3789
3 292 3789 3791
3 3789 361 363
3 3789 363 3786
3 3785 368 370
3 3785 370 3793
3 3794 3793 375
3 3794 375 3795
3 3784 3793 3794
3 3784 3794 3782
3 3796 3794 3795
3 3796 3795 3797
3 3782 3794 3796
3 3782 3796 3780
3 3780 3796 3797
3 3780 3797 3800
3 3797 3795 3829
3 3797 3829 3798
3 3799 3797 3798
3 3799 3798 3811
3 3800 3797 3799
3 3800 3799 3801
3 3802 3780 3800
3 3802 3800 3801
3 3806 3802 3801
3 3806 3801 3803
3 3801 3799 3808
3 3801 3808 3803
3 3803 3808 3809
3 3803 3809 3804
3 3807 3803 3804
3 3807 3804 3813
3 3805 3803 3807
3 3805 3807 3860
3 3877 3806 3803
3 3877 3803 3805
3 3808 3799 3811
3 3808 3811 3809
3 3809 3811 3825
3 3809 3825 3810
3 3812 3809 3810
3 3812 3810 3814
3 3804 3809 3812
3 3804 3812 3813
3 3813 3812 3814
3 3813 3814 3815
3 3810 3820 3818
3 3810 3818 3814
3 3815 3814 3816
3 3815 3816 3848
3 3816 3814 3817
3 3816 3817 3843
3 3814 3818 3819
3 3814 3819 3817
3 3818 3820 3821
3 3818 3821 3819
3 3820 3822 3823
3 3820 3823 3821
3 3825 3822 3820
3 3825 3820 3810
3 3822 3824 3838
3 3822 3838 3823
3 3826 3827 3824
3 3826 3824 3822
3 3811 3826 3822
3 3811 3822 3825
3 3798 3827 3826
3 3798 3826 3811
3 3827 3828 3831
3 3827 3831 3824
3 3829 3828 3827
3 3829 3827 3798
3 3828 380 3832
3 3828 3832 3831
3 3830 377 380
3 3830 380 3828
3 3795 3830 3828
3 3795 3828 3829
3 3832 3835 3833
3 3832 3833 3831
3 3831 3833 3836
3 3831 3836 3824
3 3833 3835 511
3 3833 511 3834
3 3836 3833 3834
3 3836 3834 3837
3 3824 3836 3837
3 3824 3837 3838
3 3837 3834 520
3 3837 520 527
3 3838 3837 3839
3 3838 3839 3823
3 3839 3837 527
3 3839 527 530
3 3823 3839 530
3 3823 530 3841
3 3840 379 512
3 3840 512 3835
3 380 3840 3835
3 380 3835 3832
3 3834 511 518
3 3834 518 520
3 375 377 3830
3 375 3830 3795
3 3821 3823 3841
3 3821 3841 536
3 3841 530 533
3 3841 533 536
3 3819 3821 536
3 3819 536 539
3 3842 3819 539
3 3842 539 542
3 3817 3819 3842
3 3817 3842 3843
3 3843 3842 542
3 3843 542 3846
3 3848 3816 3843
3 3848 3843 3844
3 3844 3843 3845
3 3844 3845 579
3 3845 3843 3846
3 3845 3846 3847
3 3846 542 544
3 3846 544 3847
3 575 3847 546
3 575 546 553
3 579 3845 3847
3 579 3847 576
3 3851 3848 3844
3 3851 3844 579
3 3850 3813 3815
3 3850 3815 3848
3 3856 3850 3848
3 3856 3848 3849
3 3849 3848 3851
3 3849 3851 3852
3 3852 3851 579
3 3852 579 581
3 3853 3852 583
3 3853 583 590
3 3855 3854 3852
3 3855 3852 3853
3 3854 3856 3849
3 3854 3849 3852
3 3858 3856 3854
3 3858 3854 3855
3 3857 3813 3850
3 3857 3850 3856
3 3859 3860 3857
3 3859 3857 3856
3 3861 3859 3856
3 3861 3856 3858
3 3865 3860 3859
3 3865 3859 3861
3 3862 3866 3865
3 3862 3865 3861
3 3880 3862 3861
3 3880 3861 3864
3 3863 3861 3858
3 3863 3858 3855
3 3864 3861 3863
3 3864 3863 3885
3 3866 3867 3860
3 3866 3860 3865
3 3868 3877 3867
3 3868 3867 3866
3 3870 3872 3868
3 3870 3868 3866
3 3869 3866 3862
3 3869 3862 3880
3 3871 3870 3866
3 3871 3866 3869
3 3875 3872 3870
3 3875 3870 3871
3 3872 3873 3877
3 3872 3877 3868
3 3874 3777 3873
3 3874 3873 3872
3 3876 3874 3872
3 3876 3872 3875
3 629 631 3876
3 629 3876 3875
3 624 3875 3871
3 624 3871 622
3 631 3772 3874
3 631 3874 3876
3 3873 3777 3878
3 3873 3878 3877
3 3878 3802 3806
3 3878 3806 3877
3 3867 3877 3805
3 3867 3805 3860
3 3778 3780 3802
3 3778 3802 3878
3 622 3871 3869
3 622 3869 3879
3 3879 3869 3880
3 3879 3880 3881
3 3881 3880 3864
3 3881 3864 3882
3 3883 3881 3882
3 3883 3882 613
3 618 3879 3881
3 618 3881 3883
3 3882 3864 3885
3 3882 3885 3884
3 613 3882 3884
3 613 3884 604
3 3884 3885 3886
3 3884 3886 600
3 3885 3863 3855
3 3885 3855 3886
3 3886 3855 3887
3 3886 3887 599
3 3860 3807 3813
3 3860 3813 3857
3 3887 3855 3853
3 3887 3853 590
3 599 3887 590
3 599 590 592
3 634 3764 3771
3 634 3771 632
3 3760 286 3888
3 3760 3888 3762
3 3890 3891 3889
3 3890 3889 501
3 501 3889 495
3 501 495 498
3 3892 465 3891
3 3892 3891 3890
3 450 452 3892
3 450 3892 3890
3 452 454 466
3 452 466 3892
3 3889 3891 472
3 3889 472 495
3 462 23 3893
3 462 3893 469
3 35 32 24
3 35 24 459
3 337 60 57
3 337 57 415
3 3894 84 72
3 3894 72 334
3 321 3894 334
3 321 334 323
3 72 69 66
3 72 66 333
3 209 3895 318
3 209 318 213
3 3895 94 92
3 3895 92 318
3 97 94 3895
3 97 3895 210
3 3896 221 307
3 3896 307 277
3 223 221 3896
3 223 3896 274
3 240 3897 263
3 240 263 255
3 237 235 3897
3 237 3897 240
3 3900 3899 211
3 3900 211 204
3 3899 100 97
3 3899 97 210
3 103 100 3899
3 103 3899 3900
3 3901 106 103
3 3901 103 3900
3 3902 3900 204
3 3902 204 3904
3 3903 3901 3900
3 3903 3900 3902
3 3905 3903 3902
3 3905 3902 3904
3 3906 3905 3904
3 3906 3904 200
3 3908 3903 3905
3 3908 3905 3907
3 3907 3905 3906
3 3907 3906 3910
3 3935 3908 3907
3 3935 3907 3909
3 3909 3907 3910
3 3909 3910 3911
3 3910 3906 200
3 3910 200 3912
3 3911 3910 3912
3 3911 3912 3913
3 3913 3912 201
3 3913 201 3917
3 3918 3914 3913
3 3918 3913 3916
3 3913 3914 3909
3 3913 3909 3911
3 187 3915 3913
3 187 3913 3917
3 3916 3913 3915
3 3916 3915 3919
3 3917 201 193
3 3917 193 187
3 3919 3921 3918
3 3919 3918 3916
3 3920 165 3921
3 3920 3921 3919
3 186 3920 3919
3 186 3919 3922
3 3919 3915 187
3 3919 187 3922
3 3923 3921 165
3 3923 165 158
3 3924 3918 3921
3 3924 3921 3923
3 3923 159 3925
3 3923 3925 3924
3 3926 3927 3918
3 3926 3918 3924
3 3924 3925 3928
3 3924 3928 3926
3 3928 3929 3927
3 3928 3927 3926
3 3930 3931 3929
3 3930 3929 3928
3 3928 142 134
3 3928 134 3930
3 143 3928 3925
3 143 3925 3941
3 134 132 3931
3 134 3931 3930
3 132 3933 3932
3 132 3932 3931
3 3931 3932 3935
3 3931 3935 3929
3 3933 3936 3934
3 3933 3934 3932
3 3932 3934 3908
3 3932 3908 3935
3 3929 3935 3909
3 3929 3909 3927
3 3934 3936 3939
3 3934 3939 3908
3 3937 114 3938
3 3937 3938 3936
3 128 3937 3936
3 128 3936 3933
3 3936 3938 3940
3 3936 3940 3939
3 3939 3940 3903
3 3939 3903 3908
3 3940 106 3901
3 3940 3901 3903
3 3938 114 105
3 3938 105 3940
3 125 113 3937
3 125 3937 128
3 3927 3909 3914
3 3927 3914 3918
3 3941 3925 159
3 3941 159 152
3 184 166 3920
3 184 3920 186
