ply
format ascii 1.0
element vertex 3948
property float x
property float y
property float z
element face 7888
property list uchar int vertex_index
end_header
-0.090702 2.537396 -0.742224
-0.088143 2.537285 -0.741728
-0.092302 2.536138 -0.741636
-0.093487 2.541596 -0.743776
-0.089819 2.542515 -0.743565
-0.097168 2.540421 -0.743330
-0.097662 2.549243 -0.745736
-0.092288 2.550557 -0.745463
-0.102005 2.560097 -0.747671
-0.103231 2.547644 -0.745374
-0.109737 2.558345 -0.747582
-0.108476 2.545897 -0.744407
-0.117103 2.556574 -0.746894
-0.113092 2.544433 -0.742955
-0.100770 2.539065 -0.742437
-0.104118 2.537776 -0.741188
-0.094671 2.534974 -0.740859
-0.089856 2.533013 -0.739594
-0.097040 2.533638 -0.739862
-0.099542 2.532664 -0.738484
-0.091674 2.531753 -0.738615
-0.087603 2.531392 -0.737270
-0.093577 2.530596 -0.737373
-0.095563 2.529996 -0.735586
-0.089079 2.530297 -0.736046
-0.085547 2.530902 -0.734549
-0.090615 2.529566 -0.734502
-0.092078 2.529327 -0.732510
-0.086827 2.530190 -0.733230
-0.084096 2.531336 -0.731500
-0.088102 2.529842 -0.731717
-0.089201 2.529934 -0.729702
-0.085434 2.530846 -0.730451
-0.086736 2.530611 -0.729429
-0.084182 2.532171 -0.727920
-0.086485 2.531409 -0.727108
-0.082473 2.532961 -0.728934
-0.083493 2.534021 -0.724454
-0.086298 2.532969 -0.723549
-0.083108 2.536947 -0.720238
-0.081340 2.535081 -0.725640
-0.079643 2.536065 -0.727122
-0.080392 2.538166 -0.721631
-0.079897 2.542789 -0.717137
-0.078315 2.539402 -0.723508
-0.077183 2.544245 -0.719563
-0.076804 2.540363 -0.725806
-0.075126 2.545416 -0.722606
-0.075955 2.541185 -0.728256
-0.078372 2.536992 -0.728859
-0.077535 2.538006 -0.730743
-0.079935 2.534731 -0.731584
-0.079106 2.535911 -0.733155
-0.081872 2.533124 -0.733891
-0.081084 2.533803 -0.730164
-0.082866 2.532067 -0.732665
-0.081017 2.534430 -0.735283
-0.084432 2.532002 -0.735748
-0.083498 2.533431 -0.736970
-0.082834 2.535378 -0.738360
-0.086377 2.532849 -0.738341
-0.085568 2.534835 -0.739528
-0.085426 2.537926 -0.741017
-0.088478 2.534633 -0.740500
-0.082654 2.538654 -0.739940
-0.086339 2.543597 -0.742790
-0.082966 2.544354 -0.741598
-0.087429 2.551579 -0.744606
-0.083287 2.552475 -0.743167
-0.088523 2.562884 -0.746013
-0.083519 2.563854 -0.744264
-0.088920 2.576210 -0.747167
-0.094743 2.561633 -0.747149
-0.096329 2.575008 -0.748530
-0.096097 2.589307 -0.749141
-0.105217 2.573620 -0.749323
-0.105571 2.588423 -0.750062
-0.114664 2.572180 -0.749626
-0.115431 2.587722 -0.750689
-0.123521 2.570784 -0.749474
-0.124543 2.587023 -0.751008
-0.130918 2.569498 -0.748902
-0.132071 2.586169 -0.750880
-0.136835 2.568405 -0.747793
-0.123750 2.554777 -0.745683
-0.129092 2.553555 -0.743938
-0.133367 2.552579 -0.741518
-0.116811 2.543062 -0.740987
-0.119899 2.542172 -0.738578
-0.107089 2.536684 -0.739498
-0.109557 2.535795 -0.737279
-0.111707 2.535436 -0.734490
-0.101837 2.531963 -0.736527
-0.103759 2.531595 -0.734006
-0.105233 2.531738 -0.730909
-0.097267 2.529813 -0.733293
-0.098530 2.530048 -0.730424
-0.099336 2.530717 -0.727006
-0.093201 2.529550 -0.729969
-0.093872 2.530222 -0.726775
-0.089658 2.530624 -0.726798
-0.094247 2.531562 -0.722793
-0.099744 2.531930 -0.722996
-0.094658 2.534095 -0.718182
-0.089872 2.532125 -0.722984
-0.090168 2.534789 -0.718470
-0.090668 2.538640 -0.713345
-0.086366 2.535787 -0.719179
-0.086563 2.539746 -0.714134
-0.087330 2.545462 -0.708430
-0.082932 2.541162 -0.715353
-0.083290 2.547240 -0.710015
-0.084158 2.556080 -0.704428
-0.079685 2.549201 -0.712404
-0.080049 2.558166 -0.707557
-0.076522 2.550980 -0.715602
-0.076384 2.560199 -0.711426
-0.073978 2.552362 -0.719408
-0.073565 2.561912 -0.715917
-0.072638 2.553492 -0.723500
-0.071846 2.563339 -0.720759
-0.072467 2.554324 -0.727627
-0.074105 2.546276 -0.725865
-0.073775 2.546793 -0.729102
-0.074176 2.547068 -0.732171
-0.075518 2.541896 -0.730570
-0.075289 2.542750 -0.732355
-0.076971 2.539304 -0.732609
-0.076378 2.541636 -0.734213
-0.078514 2.537633 -0.734817
-0.077981 2.540630 -0.736427
-0.080455 2.536375 -0.736807
-0.080108 2.539586 -0.738425
-0.079961 2.545127 -0.739929
-0.077544 2.546180 -0.737614
-0.079814 2.553283 -0.741151
-0.076990 2.554044 -0.738495
-0.079586 2.564546 -0.741915
-0.076503 2.564913 -0.738943
-0.079183 2.577680 -0.742578
-0.076197 2.577984 -0.739277
-0.078533 2.591328 -0.743392
-0.083296 2.577102 -0.745187
-0.082450 2.590902 -0.745971
-0.080989 2.603904 -0.746377
-0.088175 2.590234 -0.747833
-0.086369 2.603749 -0.747678
-0.085174 2.617939 -0.746270
-0.093997 2.603224 -0.748756
-0.091841 2.617880 -0.747260
-0.103591 2.602943 -0.749706
-0.100487 2.617924 -0.748199
-0.113658 2.603105 -0.750501
-0.110031 2.618361 -0.749015
-0.122924 2.603184 -0.751052
-0.119241 2.618887 -0.749590
-0.130562 2.602755 -0.750977
-0.127260 2.619294 -0.749511
-0.136992 2.602461 -0.750372
-0.134065 2.619626 -0.748610
-0.142421 2.602316 -0.748859
-0.138670 2.585225 -0.750513
-0.144076 2.584642 -0.749025
-0.146890 2.584381 -0.745889
-0.142190 2.567464 -0.746031
-0.145989 2.567069 -0.743665
-0.147896 2.566984 -0.740256
-0.136638 2.552199 -0.738715
-0.138773 2.552543 -0.735592
-0.122478 2.541777 -0.735556
-0.124521 2.541924 -0.732250
-0.126297 2.542979 -0.728718
-0.113363 2.535548 -0.731293
-0.114425 2.536269 -0.727823
-0.115298 2.537498 -0.723904
-0.106132 2.532386 -0.727403
-0.106631 2.533528 -0.723420
-0.106739 2.535435 -0.719045
-0.115662 2.539412 -0.719609
-0.106958 2.538666 -0.714468
-0.100032 2.534169 -0.718463
-0.100662 2.537832 -0.713631
-0.102205 2.542872 -0.708053
-0.095422 2.538081 -0.713224
-0.096821 2.543245 -0.707467
-0.099174 2.551693 -0.700789
-0.091856 2.544170 -0.707597
-0.093746 2.552509 -0.700884
-0.096066 2.565541 -0.693937
-0.088769 2.554178 -0.702232
-0.090674 2.567199 -0.695671
-0.092193 2.582138 -0.690069
-0.085809 2.569072 -0.698542
-0.087151 2.583948 -0.693164
-0.081339 2.571018 -0.702352
-0.082471 2.585884 -0.697400
-0.077228 2.572886 -0.706928
-0.078079 2.587920 -0.702606
-0.074025 2.574553 -0.712130
-0.074433 2.589813 -0.708363
-0.071864 2.576108 -0.717750
-0.072229 2.591243 -0.715218
-0.071525 2.577267 -0.723763
-0.072159 2.591744 -0.722541
-0.072370 2.577890 -0.729823
-0.071649 2.564497 -0.725774
-0.072438 2.564997 -0.730720
-0.074159 2.565128 -0.735190
-0.073267 2.554785 -0.731576
-0.074755 2.554507 -0.735295
-0.075529 2.546688 -0.735040
-0.073971 2.578083 -0.735085
-0.074290 2.591795 -0.735628
-0.074278 2.604905 -0.736261
-0.075956 2.591667 -0.739955
-0.073040 2.591798 -0.729714
-0.073539 2.605145 -0.729979
-0.074169 2.619427 -0.729482
-0.072936 2.605593 -0.722206
-0.073058 2.605650 -0.713691
-0.073896 2.619913 -0.721510
-0.074147 2.620153 -0.712292
-0.073933 2.634313 -0.720138
-0.074397 2.634652 -0.710847
-0.073379 2.648950 -0.718116
-0.074175 2.634030 -0.727811
-0.073330 2.648866 -0.725527
-0.074816 2.633513 -0.733654
-0.073822 2.648549 -0.731137
-0.075707 2.633113 -0.737828
-0.074773 2.619049 -0.735554
-0.075745 2.618493 -0.739880
-0.077207 2.618090 -0.743016
-0.075447 2.604446 -0.740681
-0.077242 2.603970 -0.744155
-0.077129 2.632879 -0.740971
-0.080389 2.617971 -0.745042
-0.079939 2.632778 -0.743136
-0.078662 2.648612 -0.740903
-0.084343 2.632810 -0.744442
-0.082834 2.648769 -0.742335
-0.090305 2.632972 -0.745469
-0.088482 2.649091 -0.743441
-0.098042 2.633315 -0.746400
-0.095708 2.649636 -0.744410
-0.106777 2.633973 -0.747162
-0.104202 2.650385 -0.745145
-0.115540 2.634834 -0.747584
-0.113070 2.651295 -0.745459
-0.123668 2.635745 -0.747286
-0.121301 2.652399 -0.745009
-0.130743 2.636582 -0.745843
-0.128150 2.653548 -0.743351
-0.136731 2.637370 -0.743625
-0.133579 2.654599 -0.740721
-0.140968 2.637797 -0.739793
-0.139779 2.619872 -0.746662
-0.143342 2.620040 -0.742915
-0.144928 2.620192 -0.737811
-0.145524 2.602198 -0.745311
-0.147350 2.602119 -0.740896
-0.148530 2.602008 -0.735683
-0.148906 2.584136 -0.742135
-0.150476 2.583835 -0.737877
-0.151724 2.583372 -0.732797
-0.149330 2.566979 -0.736051
-0.140657 2.553294 -0.731732
-0.149951 2.567406 -0.730854
-0.150374 2.569989 -0.724569
-0.142296 2.555421 -0.726526
-0.143467 2.561333 -0.718739
-0.127815 2.544880 -0.724496
-0.128447 2.547674 -0.719580
-0.126361 2.549588 -0.714804
-0.115321 2.541899 -0.715236
-0.137638 2.561372 -0.711947
-0.123694 2.551299 -0.710468
-0.132226 2.561873 -0.707086
-0.121913 2.553520 -0.706950
-0.115118 2.545550 -0.710523
-0.116443 2.551798 -0.705431
-0.108101 2.543298 -0.709301
-0.110553 2.551272 -0.703318
-0.104804 2.551260 -0.701608
-0.113922 2.563200 -0.696946
-0.107793 2.563426 -0.694745
-0.120304 2.562911 -0.699731
-0.116879 2.577362 -0.690676
-0.118886 2.593352 -0.684181
-0.110182 2.578087 -0.688577
-0.123955 2.576825 -0.693511
-0.131069 2.576469 -0.696864
-0.126390 2.593231 -0.686749
-0.133817 2.593163 -0.689532
-0.126438 2.612107 -0.680230
-0.133503 2.612508 -0.682606
-0.124757 2.631935 -0.674631
-0.119045 2.611753 -0.678230
-0.117483 2.631645 -0.673300
-0.111725 2.611712 -0.676793
-0.110393 2.631645 -0.672458
-0.104299 2.612147 -0.676223
-0.111527 2.593880 -0.682197
-0.104542 2.594745 -0.681471
-0.097900 2.595743 -0.682401
-0.103856 2.579193 -0.687667
-0.101825 2.564322 -0.693709
-0.097888 2.580563 -0.688249
-0.092091 2.597231 -0.684802
-0.097311 2.613039 -0.677103
-0.091471 2.614325 -0.679734
-0.097270 2.632423 -0.673032
-0.095858 2.651701 -0.670077
-0.092302 2.632766 -0.676167
-0.103540 2.632078 -0.672152
-0.101516 2.651670 -0.668212
-0.108084 2.651645 -0.668103
-0.100256 2.670394 -0.667449
-0.106190 2.670796 -0.667041
-0.099950 2.688740 -0.668026
-0.095105 2.670050 -0.668761
-0.095081 2.688135 -0.669289
-0.090730 2.669763 -0.671833
-0.090585 2.687489 -0.672250
-0.087081 2.669209 -0.676367
-0.091544 2.651548 -0.673315
-0.087952 2.651264 -0.677932
-0.084380 2.651174 -0.683631
-0.088085 2.633382 -0.680674
-0.087037 2.615800 -0.684035
-0.084419 2.634097 -0.686339
-0.083165 2.617217 -0.689268
-0.080185 2.634731 -0.692610
-0.079239 2.618604 -0.695181
-0.080001 2.650986 -0.690115
-0.076134 2.634970 -0.700757
-0.075980 2.650275 -0.698777
-0.075722 2.619790 -0.702826
-0.074886 2.604668 -0.705358
-0.078322 2.602859 -0.698613
-0.082521 2.600937 -0.693074
-0.087174 2.599083 -0.688467
-0.075280 2.665659 -0.697129
-0.074140 2.649256 -0.709102
-0.073261 2.664525 -0.707207
-0.072623 2.680024 -0.705822
-0.072350 2.664455 -0.715878
-0.071507 2.679931 -0.714183
-0.072379 2.664350 -0.723050
-0.071652 2.680063 -0.721165
-0.073051 2.664319 -0.728462
-0.072637 2.680140 -0.726491
-0.073981 2.664534 -0.732598
-0.073942 2.680502 -0.730542
-0.075420 2.664929 -0.736024
-0.074650 2.648461 -0.735313
-0.075930 2.648505 -0.738620
-0.075560 2.680985 -0.734110
-0.078276 2.665286 -0.738526
-0.078888 2.681537 -0.736640
-0.082546 2.665594 -0.740152
-0.083638 2.682214 -0.738768
-0.087807 2.666016 -0.741347
-0.088231 2.682768 -0.739919
-0.094687 2.666787 -0.742393
-0.094837 2.683539 -0.740964
-0.103089 2.667639 -0.743126
-0.102947 2.684091 -0.741442
-0.111943 2.668464 -0.743394
-0.111673 2.684650 -0.741617
-0.119954 2.669397 -0.742895
-0.119642 2.685430 -0.740962
-0.126281 2.670224 -0.741199
-0.126058 2.686107 -0.739295
-0.131558 2.670955 -0.738508
-0.131319 2.686609 -0.736722
-0.134730 2.671586 -0.734273
-0.134780 2.687103 -0.732764
-0.137134 2.672204 -0.729467
-0.137270 2.655221 -0.736588
-0.139449 2.655460 -0.731575
-0.141219 2.655516 -0.725354
-0.142649 2.637835 -0.734563
-0.144102 2.637927 -0.728232
-0.145582 2.637766 -0.720561
-0.146163 2.620432 -0.731773
-0.147490 2.620131 -0.724529
-0.148736 2.619255 -0.716241
-0.149498 2.602073 -0.729270
-0.150396 2.601371 -0.721698
-0.152288 2.583174 -0.726883
-0.151031 2.599847 -0.713891
-0.152251 2.585732 -0.719962
-0.149405 2.617835 -0.707843
-0.150526 2.596882 -0.707394
-0.151216 2.579870 -0.716281
-0.149093 2.616143 -0.700467
-0.148531 2.595004 -0.701511
-0.148066 2.577208 -0.710438
-0.147577 2.614740 -0.694247
-0.145319 2.593846 -0.696558
-0.143964 2.576184 -0.705132
-0.144573 2.613627 -0.689185
-0.140353 2.593224 -0.692557
-0.137821 2.576153 -0.700634
-0.139751 2.612877 -0.685432
-0.138077 2.633062 -0.679677
-0.143074 2.633850 -0.683516
-0.135155 2.653440 -0.675232
-0.131806 2.632471 -0.676686
-0.129059 2.652602 -0.672281
-0.125612 2.672215 -0.670804
-0.122063 2.652027 -0.670310
-0.119144 2.671631 -0.668767
-0.115114 2.651610 -0.668803
-0.112646 2.671192 -0.667411
-0.111514 2.689983 -0.668106
-0.117767 2.690549 -0.669010
-0.110545 2.708376 -0.669705
-0.105491 2.689342 -0.667804
-0.104546 2.707790 -0.669794
-0.102606 2.723553 -0.673588
-0.099068 2.707082 -0.670437
-0.097058 2.722495 -0.674497
-0.094239 2.706233 -0.671683
-0.092211 2.721179 -0.675918
-0.089753 2.705029 -0.674372
-0.088050 2.719188 -0.678421
-0.085744 2.703462 -0.678092
-0.086574 2.686556 -0.676392
-0.084253 2.716823 -0.681752
-0.082208 2.701439 -0.683058
-0.080918 2.714589 -0.685931
-0.082949 2.685161 -0.681879
-0.078865 2.699020 -0.689456
-0.079243 2.683427 -0.688507
-0.077576 2.712278 -0.691246
-0.075665 2.696680 -0.697082
-0.075388 2.681272 -0.696645
-0.074254 2.710732 -0.697496
-0.072772 2.695554 -0.705178
-0.070907 2.709872 -0.704147
-0.070993 2.695387 -0.712921
-0.068551 2.709687 -0.711186
-0.070821 2.695528 -0.719685
-0.069180 2.709896 -0.717755
-0.071723 2.695605 -0.725346
-0.070767 2.710208 -0.723408
-0.073504 2.695842 -0.729687
-0.073074 2.710509 -0.727842
-0.075300 2.696128 -0.733550
-0.075535 2.710644 -0.731502
-0.078532 2.696469 -0.736673
-0.078534 2.710778 -0.734488
-0.082516 2.697208 -0.739616
-0.082103 2.711080 -0.736849
-0.088143 2.698369 -0.740053
-0.087918 2.711244 -0.738014
-0.095070 2.698803 -0.740244
-0.095323 2.710987 -0.738448
-0.103348 2.698865 -0.740245
-0.104013 2.710393 -0.738427
-0.112117 2.698725 -0.739914
-0.113286 2.709709 -0.737676
-0.120104 2.698903 -0.739030
-0.121635 2.709072 -0.736338
-0.126864 2.699138 -0.737306
-0.128643 2.708565 -0.734693
-0.132448 2.699275 -0.734801
-0.134200 2.708184 -0.732403
-0.136403 2.699316 -0.731122
-0.138127 2.707891 -0.729101
-0.138975 2.699430 -0.726764
-0.140654 2.707689 -0.725053
-0.140677 2.699719 -0.721284
-0.137250 2.687653 -0.728124
-0.138738 2.688198 -0.722107
-0.139721 2.688843 -0.714442
-0.138686 2.672580 -0.723360
-0.139891 2.672739 -0.715597
-0.140870 2.672951 -0.706717
-0.142821 2.655422 -0.717617
-0.143951 2.655242 -0.708489
-0.144530 2.655151 -0.699312
-0.146892 2.637177 -0.711837
-0.147647 2.636382 -0.703072
-0.147543 2.635496 -0.695303
-0.144494 2.655051 -0.691404
-0.146186 2.634655 -0.688827
-0.143159 2.654747 -0.684896
-0.139499 2.673372 -0.683380
-0.139936 2.654262 -0.679453
-0.135879 2.673069 -0.678118
-0.134338 2.691090 -0.677782
-0.131189 2.672689 -0.673878
-0.129444 2.690882 -0.673903
-0.128363 2.708738 -0.674533
-0.123918 2.690763 -0.670944
-0.122943 2.708875 -0.671899
-0.121314 2.724427 -0.674700
-0.116853 2.708726 -0.670415
-0.114983 2.724564 -0.673677
-0.113444 2.734478 -0.680991
-0.108631 2.724204 -0.673364
-0.106641 2.734371 -0.680649
-0.104236 2.739738 -0.689645
-0.100260 2.733971 -0.680803
-0.097339 2.740099 -0.689253
-0.094537 2.732990 -0.681416
-0.091244 2.739515 -0.689310
-0.089526 2.731117 -0.682640
-0.085972 2.738045 -0.689855
-0.085131 2.728949 -0.684460
-0.081697 2.735314 -0.691110
-0.081412 2.726251 -0.686910
-0.078183 2.731903 -0.692902
-0.078378 2.723295 -0.689963
-0.075400 2.727724 -0.695070
-0.076254 2.720025 -0.692799
-0.073628 2.720944 -0.697062
-0.070362 2.720959 -0.702589
-0.072399 2.729378 -0.700775
-0.068059 2.720855 -0.708850
-0.070530 2.729932 -0.706693
-0.068904 2.720708 -0.714725
-0.070450 2.729527 -0.712318
-0.070748 2.721375 -0.719963
-0.071836 2.729253 -0.717530
-0.073599 2.722093 -0.724596
-0.074170 2.729606 -0.722085
-0.076726 2.722525 -0.728306
-0.077103 2.730254 -0.725395
-0.080319 2.722609 -0.731156
-0.080919 2.730716 -0.727866
-0.084536 2.722340 -0.733701
-0.085229 2.730958 -0.730273
-0.090166 2.721799 -0.735940
-0.091470 2.730976 -0.732205
-0.097125 2.720837 -0.736468
-0.098715 2.729248 -0.731974
-0.105572 2.719604 -0.735638
-0.106480 2.726835 -0.731077
-0.114301 2.718034 -0.734397
-0.114974 2.724410 -0.730210
-0.122716 2.716709 -0.733164
-0.123313 2.722424 -0.729431
-0.129890 2.716024 -0.731696
-0.130384 2.721280 -0.728695
-0.135168 2.715452 -0.729835
-0.134970 2.720198 -0.728121
-0.138489 2.715243 -0.727035
-0.136514 2.720750 -0.725664
-0.140579 2.714905 -0.723385
-0.138034 2.720882 -0.722014
-0.142127 2.715101 -0.718498
-0.139290 2.721086 -0.717053
-0.142890 2.716066 -0.712129
-0.142456 2.708049 -0.720064
-0.143623 2.709129 -0.713514
-0.143677 2.710975 -0.705805
-0.142113 2.700718 -0.714221
-0.142625 2.702503 -0.706014
-0.142351 2.704819 -0.697317
-0.140559 2.689711 -0.705805
-0.141163 2.690623 -0.696992
-0.140708 2.691114 -0.689236
-0.141709 2.673326 -0.697706
-0.141660 2.673549 -0.689772
-0.140900 2.706854 -0.689273
-0.138330 2.691200 -0.682870
-0.137651 2.707966 -0.682867
-0.136350 2.719228 -0.684140
-0.133304 2.708470 -0.678152
-0.131995 2.721450 -0.680117
-0.132302 2.728454 -0.685521
-0.127004 2.723352 -0.676944
-0.127012 2.731606 -0.683448
-0.127133 2.732850 -0.692651
-0.120415 2.733665 -0.681906
-0.119686 2.735600 -0.691556
-0.118563 2.735559 -0.700386
-0.111804 2.737995 -0.690532
-0.109619 2.738960 -0.699388
-0.107440 2.738819 -0.707222
-0.101439 2.741614 -0.698478
-0.099106 2.741799 -0.706394
-0.094270 2.742874 -0.697837
-0.092194 2.743288 -0.705715
-0.088190 2.742813 -0.697478
-0.086355 2.743861 -0.705200
-0.083015 2.741503 -0.697607
-0.081306 2.742693 -0.705078
-0.078675 2.739116 -0.698140
-0.076905 2.740343 -0.705199
-0.075236 2.735117 -0.699222
-0.073468 2.736259 -0.705667
-0.073067 2.735922 -0.711680
-0.076295 2.740205 -0.711827
-0.074044 2.734957 -0.716902
-0.076881 2.738510 -0.717518
-0.075142 2.733701 -0.720491
-0.077434 2.735352 -0.722082
-0.080999 2.736509 -0.723778
-0.080739 2.740462 -0.718410
-0.085756 2.736985 -0.725267
-0.085747 2.741314 -0.719184
-0.091678 2.736410 -0.726127
-0.091476 2.740433 -0.719769
-0.098648 2.734767 -0.726299
-0.098257 2.738521 -0.720365
-0.106640 2.732126 -0.726050
-0.106456 2.735501 -0.720557
-0.115368 2.729065 -0.725649
-0.115581 2.732060 -0.720564
-0.123912 2.726222 -0.725359
-0.131203 2.723865 -0.725288
-0.124650 2.728673 -0.720666
-0.125672 2.730139 -0.715108
-0.132438 2.725181 -0.721128
-0.133846 2.726089 -0.715930
-0.134674 2.726952 -0.709545
-0.134329 2.728087 -0.702154
-0.139964 2.722099 -0.710701
-0.126673 2.730995 -0.708675
-0.127203 2.731907 -0.701274
-0.117057 2.734972 -0.707943
-0.115944 2.733931 -0.714649
-0.106406 2.737641 -0.714278
-0.098109 2.740676 -0.713717
-0.091396 2.742406 -0.713066
-0.085729 2.743090 -0.712544
-0.080707 2.742334 -0.712132
-0.139466 2.723757 -0.703283
-0.137962 2.725223 -0.695405
-0.142591 2.718061 -0.704731
-0.141291 2.720448 -0.696987
-0.139514 2.721703 -0.690717
-0.142702 2.713651 -0.697669
-0.140319 2.716523 -0.689914
-0.136509 2.724771 -0.688084
-0.133210 2.729277 -0.693950
-0.079454 2.667195 -0.688532
-0.083560 2.668361 -0.681955
-0.126699 2.562676 -0.703039
-0.156077 2.583110 -0.749111
-0.156031 2.582304 -0.747866
-0.157968 2.583750 -0.749347
-0.155219 2.587663 -0.748755
-0.155073 2.595342 -0.748216
-0.154535 2.587297 -0.746957
-0.157221 2.588352 -0.749756
-0.160243 2.589243 -0.750233
-0.157330 2.595429 -0.749755
-0.158765 2.604681 -0.749634
-0.160333 2.595455 -0.750707
-0.163866 2.595723 -0.751180
-0.162570 2.604448 -0.750762
-0.166806 2.615084 -0.750673
-0.166455 2.603981 -0.751473
-0.170260 2.603209 -0.751800
-0.171330 2.614307 -0.751626
-0.175941 2.613228 -0.752008
-0.177421 2.626398 -0.751144
-0.171985 2.627080 -0.750357
-0.183286 2.641959 -0.749826
-0.182893 2.625325 -0.751681
-0.188132 2.623879 -0.751716
-0.189685 2.641096 -0.750178
-0.196347 2.639376 -0.750231
-0.196358 2.659234 -0.747762
-0.204468 2.656878 -0.747761
-0.188209 2.660424 -0.747472
-0.203264 2.678415 -0.744171
-0.192992 2.680162 -0.744182
-0.212519 2.675844 -0.744148
-0.211182 2.697822 -0.739748
-0.220999 2.695289 -0.739909
-0.221457 2.716461 -0.735343
-0.200488 2.700023 -0.739654
-0.211862 2.718712 -0.734721
-0.189981 2.701548 -0.739270
-0.183102 2.680612 -0.743846
-0.179989 2.702542 -0.737904
-0.202337 2.720824 -0.733639
-0.215667 2.738269 -0.728952
-0.193189 2.722706 -0.731725
-0.184474 2.724430 -0.728784
-0.207493 2.740349 -0.726743
-0.199770 2.742370 -0.723794
-0.221963 2.756765 -0.722786
-0.229327 2.754791 -0.725175
-0.236265 2.772344 -0.719707
-0.215077 2.758749 -0.719874
-0.208783 2.760705 -0.716432
-0.229922 2.774112 -0.716841
-0.224194 2.775865 -0.713600
-0.243775 2.788829 -0.714652
-0.249784 2.787264 -0.717477
-0.238250 2.790351 -0.711576
-0.256176 2.803072 -0.713242
-0.261970 2.801688 -0.716045
-0.266939 2.816953 -0.712490
-0.250745 2.804405 -0.710267
-0.245853 2.805659 -0.707105
-0.261573 2.818118 -0.709560
-0.256635 2.819217 -0.706482
-0.270987 2.831594 -0.709256
-0.279591 2.844903 -0.709143
-0.266099 2.832564 -0.706208
-0.276349 2.830582 -0.712186
-0.282009 2.829530 -0.714979
-0.284825 2.844017 -0.712065
-0.292823 2.857289 -0.711959
-0.290367 2.843108 -0.714857
-0.296103 2.842185 -0.717518
-0.298246 2.856504 -0.714726
-0.303887 2.855716 -0.717348
-0.305803 2.869798 -0.714563
-0.300499 2.870471 -0.711834
-0.313063 2.883079 -0.714413
-0.311361 2.869129 -0.717166
-0.317111 2.868476 -0.719616
-0.318536 2.882504 -0.716988
-0.324210 2.881944 -0.719389
-0.325356 2.895935 -0.716827
-0.330958 2.895442 -0.719210
-0.331719 2.909509 -0.716711
-0.319964 2.896432 -0.714278
-0.314843 2.896921 -0.711558
-0.326396 2.909950 -0.714147
-0.332212 2.923704 -0.714029
-0.321339 2.910375 -0.711424
-0.327210 2.924083 -0.711263
-0.316631 2.910769 -0.708547
-0.322535 2.924421 -0.708357
-0.312359 2.911134 -0.705552
-0.310076 2.897392 -0.708701
-0.305743 2.897827 -0.705741
-0.303002 2.884211 -0.708848
-0.295527 2.871131 -0.708966
-0.298584 2.884737 -0.705878
-0.307860 2.883652 -0.711690
-0.290994 2.871764 -0.705975
-0.294716 2.885219 -0.702804
-0.287020 2.872342 -0.702874
-0.291510 2.885635 -0.699653
-0.301951 2.898219 -0.702675
-0.308607 2.911440 -0.702477
-0.298807 2.898544 -0.699541
-0.296414 2.898787 -0.696384
-0.305490 2.911687 -0.699335
-0.311439 2.925155 -0.699023
-0.303109 2.911860 -0.696179
-0.301554 2.911942 -0.693071
-0.309043 2.925265 -0.695839
-0.314171 2.939075 -0.695362
-0.307462 2.925291 -0.692711
-0.306767 2.925236 -0.689712
-0.312555 2.939057 -0.692186
-0.311826 2.938956 -0.689145
-0.316940 2.953304 -0.691520
-0.318597 2.953363 -0.694756
-0.320890 2.968080 -0.690770
-0.316187 2.953170 -0.688419
-0.316378 2.952958 -0.685542
-0.320112 2.967917 -0.687605
-0.323914 2.983203 -0.686799
-0.320305 2.967679 -0.684667
-0.321461 2.967370 -0.682050
-0.324093 2.982939 -0.683804
-0.325260 2.982605 -0.681134
-0.327940 2.998685 -0.683025
-0.327680 2.998958 -0.686049
-0.331807 3.014828 -0.682317
-0.329086 2.998326 -0.680303
-0.333013 3.014455 -0.679575
-0.331183 2.997905 -0.677995
-0.327356 2.982209 -0.678871
-0.335078 3.014008 -0.677211
-0.334128 2.997432 -0.676159
-0.330294 2.981760 -0.677071
-0.338014 3.013511 -0.675331
-0.337806 2.996918 -0.674832
-0.333966 2.981276 -0.675774
-0.341691 3.012975 -0.673966
-0.342092 2.996383 -0.674026
-0.338147 2.980748 -0.674918
-0.346780 2.995826 -0.673664
-0.345974 3.012419 -0.673130
-0.350732 3.011860 -0.672820
-0.349941 3.028772 -0.672252
-0.345655 3.029341 -0.673123
-0.354700 3.028205 -0.671917
-0.354039 3.045349 -0.671321
-0.349748 3.045925 -0.672239
-0.358814 3.044780 -0.670960
-0.358313 3.062053 -0.670280
-0.363115 3.061488 -0.669888
-0.354013 3.062637 -0.671252
-0.362788 3.078799 -0.669095
-0.358442 3.079383 -0.670079
-0.367454 3.095479 -0.667709
-0.367615 3.078230 -0.668668
-0.372321 3.094908 -0.667286
-0.372803 3.077699 -0.668822
-0.368264 3.060947 -0.670054
-0.378201 3.077213 -0.669517
-0.377534 3.094379 -0.667417
-0.382967 3.093905 -0.668115
-0.382476 3.110909 -0.665836
-0.387922 3.110445 -0.666519
-0.387689 3.127215 -0.664019
-0.377243 3.111434 -0.665690
-0.372368 3.112013 -0.666140
-0.382460 3.127747 -0.663892
-0.388089 3.143784 -0.661913
-0.377612 3.128335 -0.664386
-0.383258 3.144387 -0.662417
-0.373264 3.128966 -0.665465
-0.368022 3.112626 -0.667210
-0.369583 3.129625 -0.667139
-0.378958 3.145042 -0.663532
-0.385221 3.160787 -0.661424
-0.375348 3.145723 -0.665243
-0.372478 3.146418 -0.667466
-0.381643 3.161497 -0.663126
-0.388442 3.176890 -0.660755
-0.378853 3.162217 -0.665351
-0.385724 3.177633 -0.662970
-0.376910 3.162923 -0.668025
-0.383821 3.178368 -0.665614
-0.375833 3.163596 -0.671067
-0.370480 3.147094 -0.670158
-0.364656 3.130920 -0.672057
-0.369380 3.147728 -0.673229
-0.363526 3.131510 -0.675136
-0.369156 3.148309 -0.676587
-0.375674 3.164215 -0.674398
-0.363300 3.132040 -0.678505
-0.369824 3.148809 -0.680152
-0.371295 3.149234 -0.683837
-0.363917 3.132500 -0.682079
-0.376368 3.164759 -0.677933
-0.383426 3.180294 -0.675422
-0.377839 3.165227 -0.681597
-0.384958 3.180789 -0.679051
-0.380050 3.165605 -0.685318
-0.373468 3.149571 -0.687582
-0.382889 3.165889 -0.689045
-0.387202 3.181199 -0.682746
-0.390059 3.181518 -0.686461
-0.394728 3.196350 -0.679899
-0.402523 3.211099 -0.676792
-0.397672 3.196681 -0.683590
-0.392438 3.195918 -0.676221
-0.390847 3.195402 -0.672620
-0.400104 3.210671 -0.673132
-0.407910 3.225129 -0.669774
-0.398437 3.210145 -0.669537
-0.406056 3.224617 -0.666179
-0.397542 3.209539 -0.666079
-0.405068 3.223995 -0.662703
-0.397497 3.208862 -0.662815
-0.390045 3.194805 -0.669150
-0.382716 3.179712 -0.671923
-0.390119 3.194132 -0.665883
-0.382829 3.179066 -0.668629
-0.391047 3.193416 -0.662892
-0.398380 3.208120 -0.659827
-0.392855 3.192668 -0.660252
-0.400120 3.207351 -0.657180
-0.395532 3.191901 -0.658048
-0.398960 3.191148 -0.656326
-0.402715 3.206567 -0.654947
-0.409921 3.220968 -0.651451
-0.406135 3.205791 -0.653209
-0.413295 3.220169 -0.649650
-0.410223 3.205047 -0.651995
-0.417435 3.219396 -0.648407
-0.414890 3.204359 -0.651346
-0.403069 3.190429 -0.655143
-0.396105 3.175464 -0.657891
-0.407747 3.189762 -0.654543
-0.412827 3.189171 -0.654511
-0.400797 3.174823 -0.657303
-0.394206 3.159493 -0.659731
-0.405910 3.174253 -0.657325
-0.411281 3.173768 -0.657934
-0.399366 3.158941 -0.659796
-0.393287 3.143249 -0.662000
-0.404763 3.158473 -0.660438
-0.398717 3.142786 -0.662682
-0.410263 3.158089 -0.661637
-0.415744 3.157795 -0.663334
-0.416769 3.173372 -0.659087
-0.404237 3.142407 -0.663905
-0.409732 3.142109 -0.665605
-0.398669 3.126375 -0.665929
-0.393456 3.110045 -0.667738
-0.404176 3.126065 -0.667635
-0.393136 3.126757 -0.664718
-0.398964 3.109715 -0.669429
-0.409561 3.125822 -0.669764
-0.404356 3.109448 -0.671531
-0.414760 3.125644 -0.672251
-0.415106 3.141887 -0.667746
-0.420285 3.141738 -0.670254
-0.421108 3.157580 -0.665465
-0.427623 3.172850 -0.662873
-0.426277 3.157446 -0.667979
-0.432808 3.172722 -0.665373
-0.431197 3.157380 -0.670805
-0.435832 3.157363 -0.673885
-0.437741 3.172665 -0.668201
-0.425222 3.141649 -0.673069
-0.419721 3.125523 -0.675043
-0.429879 3.141608 -0.676133
-0.434255 3.141611 -0.679398
-0.424445 3.125453 -0.678069
-0.419341 3.108979 -0.679715
-0.428851 3.125428 -0.681316
-0.423775 3.108916 -0.682929
-0.432916 3.125434 -0.684735
-0.436631 3.125482 -0.688288
-0.427888 3.108891 -0.686315
-0.438290 3.141652 -0.682834
-0.441964 3.141722 -0.686398
-0.444171 3.157474 -0.680608
-0.440162 3.157401 -0.677164
-0.450697 3.172826 -0.678027
-0.447821 3.157571 -0.684177
-0.451093 3.157696 -0.687835
-0.454335 3.172960 -0.681600
-0.457589 3.173122 -0.685257
-0.461518 3.187864 -0.678650
-0.464778 3.188069 -0.682312
-0.469261 3.202362 -0.675331
-0.457875 3.187703 -0.675077
-0.453865 3.187579 -0.671616
-0.465581 3.202176 -0.671741
-0.473635 3.216396 -0.668001
-0.461528 3.202036 -0.668268
-0.457121 3.201960 -0.664954
-0.469527 3.216247 -0.664509
-0.465049 3.216156 -0.661179
-0.477624 3.230377 -0.660302
-0.481793 3.230547 -0.663814
-0.485602 3.244597 -0.655619
-0.473097 3.230275 -0.656962
-0.468215 3.230251 -0.653842
-0.481033 3.244465 -0.652269
-0.488676 3.258802 -0.647111
-0.476080 3.244409 -0.649144
-0.483698 3.258707 -0.643988
-0.470799 3.244444 -0.646308
-0.462992 3.230312 -0.651017
-0.465219 3.244585 -0.643824
-0.478357 3.258700 -0.641150
-0.485599 3.273111 -0.635651
-0.472682 3.258806 -0.638688
-0.466775 3.259025 -0.636631
-0.479874 3.273163 -0.633193
-0.486889 3.287674 -0.627529
-0.473872 3.273347 -0.631189
-0.480834 3.287821 -0.625591
-0.467705 3.273658 -0.629690
-0.474587 3.288092 -0.624110
-0.461514 3.274097 -0.628738
-0.460711 3.259371 -0.635096
-0.454649 3.259837 -0.634130
-0.453472 3.245202 -0.640218
-0.459400 3.244838 -0.641795
-0.446012 3.231109 -0.644941
-0.447550 3.245684 -0.639219
-0.441805 3.246273 -0.638818
-0.440231 3.231589 -0.643892
-0.432806 3.217467 -0.648108
-0.434626 3.232173 -0.643449
-0.427310 3.218030 -0.647605
-0.429355 3.232842 -0.643604
-0.422139 3.218677 -0.647713
-0.436358 3.246961 -0.638988
-0.424528 3.233590 -0.644327
-0.431450 3.247725 -0.639815
-0.420377 3.234387 -0.645665
-0.427227 3.248545 -0.641231
-0.416996 3.235209 -0.647533
-0.414405 3.236048 -0.649855
-0.423731 3.249402 -0.643158
-0.430248 3.263604 -0.638425
-0.421233 3.250254 -0.645602
-0.427764 3.264479 -0.640965
-0.419735 3.251073 -0.648440
-0.419154 3.251859 -0.651588
-0.426256 3.265329 -0.643889
-0.412824 3.236851 -0.652611
-0.405649 3.222568 -0.656399
-0.412198 3.237603 -0.655685
-0.404907 3.223314 -0.659423
-0.412443 3.238308 -0.659013
-0.419670 3.252553 -0.654982
-0.413675 3.238909 -0.662518
-0.421118 3.253150 -0.658529
-0.415725 3.239417 -0.666131
-0.423346 3.253670 -0.662184
-0.418456 3.239837 -0.669819
-0.426381 3.254061 -0.665867
-0.421873 3.240140 -0.673499
-0.410480 3.225548 -0.673434
-0.413657 3.225882 -0.677126
-0.405572 3.211431 -0.680472
-0.417403 3.226103 -0.680782
-0.421590 3.226236 -0.684380
-0.409147 3.211675 -0.684142
-0.425804 3.240345 -0.677151
-0.434136 3.254555 -0.673205
-0.430136 3.240473 -0.680766
-0.434814 3.240515 -0.684293
-0.438648 3.254674 -0.676804
-0.443474 3.254707 -0.680297
-0.446902 3.268945 -0.672388
-0.451814 3.269007 -0.675858
-0.454721 3.283368 -0.667502
-0.442225 3.268825 -0.668838
-0.449946 3.283209 -0.664004
-0.437904 3.268622 -0.665210
-0.445457 3.282989 -0.660433
-0.434061 3.268326 -0.661535
-0.430025 3.254348 -0.669544
-0.441408 3.282678 -0.656799
-0.430785 3.267935 -0.657855
-0.437946 3.282270 -0.653133
-0.428232 3.267437 -0.654189
-0.435183 3.281763 -0.649469
-0.426611 3.266819 -0.650591
-0.433281 3.281147 -0.645847
-0.425905 3.266118 -0.647135
-0.432448 3.280429 -0.642341
-0.438930 3.294839 -0.637267
-0.432687 3.279628 -0.639029
-0.439164 3.294026 -0.633922
-0.434054 3.278766 -0.636003
-0.440488 3.293154 -0.630838
-0.436599 3.277873 -0.633386
-0.440142 3.276982 -0.631248
-0.442962 3.292249 -0.628129
-0.446647 3.291356 -0.625957
-0.449650 3.306756 -0.622730
-0.456741 3.321337 -0.617160
-0.453251 3.305855 -0.620439
-0.447169 3.307666 -0.625500
-0.454047 3.322261 -0.619967
-0.445686 3.308549 -0.628603
-0.452724 3.323144 -0.623179
-0.445639 3.309357 -0.632015
-0.452663 3.323960 -0.626626
-0.446755 3.310081 -0.635569
-0.453666 3.324699 -0.630186
-0.448796 3.310717 -0.639178
-0.439970 3.295559 -0.640808
-0.442025 3.296180 -0.644430
-0.444896 3.296708 -0.648076
-0.451766 3.311261 -0.642796
-0.448513 3.297141 -0.651704
-0.452719 3.297477 -0.655282
-0.455515 3.311719 -0.646381
-0.462465 3.326396 -0.640935
-0.459759 3.312107 -0.649897
-0.466733 3.326829 -0.644386
-0.464400 3.312432 -0.653321
-0.469268 3.312707 -0.656637
-0.457296 3.297749 -0.658789
-0.471368 3.327209 -0.647724
-0.476240 3.327539 -0.650943
-0.478266 3.342038 -0.642085
-0.483148 3.342411 -0.645200
-0.485096 3.356951 -0.636416
-0.473681 3.341622 -0.638827
-0.469495 3.341148 -0.635434
-0.480570 3.356514 -0.633239
-0.487361 3.371624 -0.627515
-0.476532 3.356022 -0.629895
-0.483458 3.371129 -0.624208
-0.473091 3.355463 -0.626405
-0.480220 3.370553 -0.620703
-0.470418 3.354838 -0.622803
-0.465876 3.340618 -0.631927
-0.463032 3.340029 -0.628343
-0.458775 3.325901 -0.637397
-0.455750 3.325341 -0.633797
-0.461016 3.339369 -0.624721
-0.468650 3.354136 -0.619139
-0.460068 3.338610 -0.621121
-0.467854 3.353309 -0.615469
-0.460282 3.337763 -0.617632
-0.461675 3.336854 -0.614349
-0.468182 3.352397 -0.611900
-0.476225 3.367115 -0.605890
-0.469721 3.351433 -0.608540
-0.477986 3.366076 -0.602476
-0.472467 3.350459 -0.605487
-0.481021 3.365048 -0.599395
-0.476291 3.349497 -0.602848
-0.464287 3.335916 -0.611396
-0.468072 3.334984 -0.608928
-0.472764 3.334108 -0.607022
-0.460383 3.320426 -0.614790
-0.465027 3.319567 -0.613008
-0.470546 3.318798 -0.611932
-0.457983 3.305005 -0.618807
-0.463272 3.304234 -0.617726
-0.451148 3.290500 -0.624316
-0.456384 3.289723 -0.623290
-0.444577 3.276130 -0.629667
-0.438119 3.261887 -0.634896
-0.449774 3.275352 -0.628731
-0.455480 3.274668 -0.628418
-0.443153 3.261111 -0.633998
-0.448727 3.260418 -0.633735
-0.462239 3.289063 -0.622975
-0.469116 3.303576 -0.617305
-0.468343 3.288510 -0.623240
-0.475369 3.303054 -0.617595
-0.482665 3.317626 -0.611637
-0.481641 3.302653 -0.618401
-0.489054 3.317245 -0.612444
-0.487899 3.302392 -0.619776
-0.495334 3.316992 -0.613755
-0.494024 3.302275 -0.621695
-0.499831 3.302286 -0.624000
-0.501465 3.316877 -0.615571
-0.509446 3.331403 -0.609154
-0.507335 3.316907 -0.617837
-0.515322 3.331431 -0.611335
-0.512805 3.317069 -0.620445
-0.520818 3.331614 -0.613894
-0.517869 3.317355 -0.623337
-0.505280 3.302428 -0.626682
-0.510331 3.302672 -0.629662
-0.498083 3.287762 -0.632689
-0.492665 3.287654 -0.629916
-0.490993 3.273163 -0.638455
-0.503117 3.287961 -0.635714
-0.496000 3.273312 -0.641551
-0.507742 3.288244 -0.638965
-0.511976 3.288588 -0.642372
-0.514962 3.303011 -0.632829
-0.500615 3.273537 -0.644862
-0.493287 3.258977 -0.650454
-0.504854 3.273819 -0.648329
-0.497506 3.259213 -0.653958
-0.508705 3.274157 -0.651914
-0.512181 3.274535 -0.655591
-0.515832 3.288989 -0.645896
-0.501354 3.259500 -0.657582
-0.504833 3.259828 -0.661299
-0.493634 3.245047 -0.662774
-0.485575 3.230773 -0.667441
-0.497073 3.245351 -0.666494
-0.489799 3.244791 -0.659134
-0.488968 3.231058 -0.671149
-0.500106 3.245705 -0.670277
-0.491943 3.231393 -0.674911
-0.507902 3.260204 -0.665081
-0.502686 3.246113 -0.674098
-0.494453 3.231784 -0.678695
-0.510518 3.260625 -0.668915
-0.504729 3.246574 -0.677928
-0.496453 3.232237 -0.682487
-0.506165 3.247092 -0.681744
-0.512602 3.261096 -0.672781
-0.519994 3.275935 -0.667018
-0.514042 3.261628 -0.676633
-0.514762 3.262215 -0.680436
-0.521473 3.276513 -0.670890
-0.528624 3.291770 -0.664656
-0.522195 3.277163 -0.674713
-0.522102 3.277876 -0.678424
-0.529423 3.292499 -0.668491
-0.529345 3.293303 -0.672214
-0.536566 3.308028 -0.661963
-0.535727 3.307184 -0.658155
-0.543815 3.323445 -0.655279
-0.536571 3.308918 -0.665691
-0.543822 3.324420 -0.658981
-0.535552 3.309836 -0.669190
-0.533515 3.310775 -0.672317
-0.542857 3.325410 -0.662483
-0.528348 3.294158 -0.675726
-0.521022 3.278668 -0.681865
-0.526248 3.295037 -0.678802
-0.518906 3.279490 -0.684874
-0.523092 3.295875 -0.681237
-0.530351 3.311641 -0.674793
-0.519059 3.296637 -0.682917
-0.515812 3.280292 -0.687292
-0.508317 3.265165 -0.692701
-0.511798 3.281066 -0.688869
-0.504339 3.265921 -0.694210
-0.507126 3.281740 -0.689593
-0.499700 3.266607 -0.694888
-0.502036 3.282290 -0.689504
-0.514326 3.297277 -0.683680
-0.509196 3.297764 -0.683626
-0.521498 3.312982 -0.677327
-0.526255 3.312377 -0.676468
-0.528695 3.328514 -0.670660
-0.516319 3.313400 -0.677329
-0.510962 3.313646 -0.676612
-0.523498 3.328895 -0.670776
-0.530679 3.343949 -0.663982
-0.518104 3.329069 -0.670147
-0.512684 3.329084 -0.668896
-0.525292 3.344129 -0.663480
-0.519865 3.344110 -0.662328
-0.532505 3.358701 -0.656453
-0.537831 3.358516 -0.656917
-0.539842 3.373083 -0.649040
-0.527118 3.358763 -0.655463
-0.521763 3.358693 -0.653949
-0.534501 3.373269 -0.648161
-0.529133 3.373324 -0.646859
-0.542022 3.388129 -0.640483
-0.547440 3.387813 -0.641211
-0.536549 3.388348 -0.639335
-0.549523 3.404006 -0.632497
-0.555220 3.403662 -0.633112
-0.543862 3.404294 -0.631427
-0.557136 3.421593 -0.623560
-0.565196 3.440190 -0.612128
-0.551194 3.421756 -0.622637
-0.563235 3.421241 -0.623855
-0.569196 3.420865 -0.623861
-0.571301 3.440114 -0.612392
-0.577322 3.439858 -0.611768
-0.579247 3.459998 -0.598874
-0.585070 3.460091 -0.598515
-0.573216 3.459875 -0.599188
-0.586441 3.479394 -0.583908
-0.592385 3.499017 -0.567009
-0.592018 3.479663 -0.582804
-0.580732 3.478954 -0.584369
-0.574958 3.478491 -0.584328
-0.586704 3.498434 -0.567929
-0.581066 3.497670 -0.568121
-0.591582 3.517484 -0.546647
-0.586342 3.516650 -0.547315
-0.596462 3.535722 -0.519953
-0.597008 3.518168 -0.545362
-0.602459 3.518561 -0.542899
-0.601825 3.536130 -0.517971
-0.608202 3.549086 -0.488249
-0.607103 3.536116 -0.515362
-0.612178 3.535640 -0.512166
-0.613696 3.548028 -0.485717
-0.624385 3.551734 -0.459837
-0.619031 3.546370 -0.482863
-0.623760 3.544027 -0.479550
-0.630051 3.548698 -0.457649
-0.644713 3.546643 -0.436591
-0.635187 3.545215 -0.455301
-0.640042 3.541643 -0.453059
-0.650758 3.543101 -0.435503
-0.662367 3.541991 -0.418748
-0.656272 3.539383 -0.434151
-0.667903 3.538753 -0.417989
-0.660901 3.535414 -0.432365
-0.672596 3.535104 -0.416569
-0.664429 3.531374 -0.430006
-0.644174 3.537614 -0.450279
-0.631521 3.538055 -0.472579
-0.647867 3.533535 -0.447494
-0.650952 3.529405 -0.444524
-0.634439 3.534595 -0.468947
-0.626012 3.529008 -0.494742
-0.636797 3.530982 -0.465281
-0.638571 3.527267 -0.461583
-0.627673 3.526456 -0.490106
-0.622148 3.514086 -0.516341
-0.628741 3.523697 -0.485546
-0.629276 3.520821 -0.481197
-0.622738 3.512290 -0.511228
-0.618045 3.495185 -0.535859
-0.622725 3.510264 -0.506323
-0.617957 3.493778 -0.530951
-0.622227 3.508128 -0.501717
-0.617274 3.492202 -0.526204
-0.629206 3.517862 -0.477131
-0.621308 3.505862 -0.497472
-0.628673 3.515037 -0.473333
-0.616080 3.490461 -0.521739
-0.620040 3.503595 -0.493540
-0.627542 3.512193 -0.469916
-0.614499 3.488651 -0.517580
-0.618218 3.501213 -0.490036
-0.625762 3.509436 -0.466887
-0.612679 3.486801 -0.513697
-0.615910 3.498847 -0.486943
-0.613278 3.496597 -0.484174
-0.623528 3.506878 -0.464160
-0.610315 3.484830 -0.510227
-0.607498 3.482839 -0.507165
-0.604952 3.467148 -0.532207
-0.607261 3.468718 -0.535875
-0.602092 3.465482 -0.528897
-0.598467 3.447911 -0.551603
-0.600901 3.449165 -0.555227
-0.590754 3.428614 -0.567920
-0.595637 3.446564 -0.548250
-0.587744 3.427577 -0.564697
-0.592204 3.445113 -0.545263
-0.598720 3.463774 -0.526025
-0.588176 3.443726 -0.542676
-0.584225 3.426390 -0.561726
-0.575389 3.408768 -0.575351
-0.580103 3.425298 -0.559015
-0.571095 3.407989 -0.572631
-0.575368 3.424394 -0.556676
-0.583546 3.442461 -0.540568
-0.566314 3.407371 -0.570146
-0.570040 3.423655 -0.554821
-0.578157 3.441418 -0.539032
-0.564081 3.423208 -0.553519
-0.561032 3.406923 -0.568049
-0.555213 3.406635 -0.566470
-0.551557 3.390988 -0.579436
-0.541941 3.375519 -0.589144
-0.545844 3.390855 -0.577659
-0.556771 3.391272 -0.581659
-0.547141 3.375768 -0.591445
-0.561555 3.391719 -0.584201
-0.565898 3.392252 -0.587002
-0.551982 3.376124 -0.594054
-0.543099 3.361032 -0.602299
-0.556436 3.376576 -0.596882
-0.560422 3.377101 -0.599928
-0.547597 3.361502 -0.605226
-0.551641 3.362023 -0.608378
-0.538969 3.346858 -0.612720
-0.543075 3.347394 -0.615932
-0.534372 3.346408 -0.609737
-0.530513 3.332352 -0.619766
-0.534679 3.332870 -0.623012
-0.525888 3.331926 -0.616718
-0.522511 3.317740 -0.626452
-0.526707 3.318215 -0.629731
-0.519188 3.303425 -0.636170
-0.530499 3.318759 -0.633153
-0.523017 3.303898 -0.639636
-0.533885 3.319367 -0.636684
-0.538412 3.333460 -0.626409
-0.541724 3.334113 -0.629930
-0.546729 3.348001 -0.619317
-0.555279 3.362584 -0.611700
-0.549957 3.348654 -0.622834
-0.552737 3.349373 -0.626451
-0.558414 3.363211 -0.615188
-0.567171 3.378216 -0.606595
-0.561091 3.363847 -0.618822
-0.569947 3.378827 -0.610142
-0.563285 3.364548 -0.622530
-0.555029 3.350159 -0.630143
-0.572231 3.379437 -0.613851
-0.564856 3.365318 -0.626291
-0.573823 3.380117 -0.617667
-0.565714 3.366139 -0.630091
-0.556766 3.351019 -0.633888
-0.549038 3.336526 -0.640950
-0.557860 3.351946 -0.637642
-0.550402 3.337467 -0.644701
-0.558306 3.352928 -0.641352
-0.565948 3.367062 -0.633811
-0.558014 3.353943 -0.644954
-0.551148 3.338485 -0.648441
-0.551060 3.339504 -0.652107
-0.550060 3.340528 -0.655590
-0.556886 3.354943 -0.648364
-0.547996 3.341513 -0.658697
-0.540740 3.326348 -0.665567
-0.554828 3.355937 -0.651438
-0.544788 3.342372 -0.661158
-0.551768 3.356864 -0.653955
-0.537622 3.327254 -0.668082
-0.540712 3.343137 -0.662931
-0.533500 3.327983 -0.669789
-0.535886 3.343641 -0.663842
-0.547700 3.357611 -0.655697
-0.554861 3.371746 -0.648111
-0.542980 3.358182 -0.656716
-0.550199 3.372386 -0.649115
-0.545113 3.372804 -0.649424
-0.557868 3.386865 -0.641029
-0.562566 3.386157 -0.639885
-0.566282 3.402581 -0.632692
-0.552786 3.387452 -0.641433
-0.560820 3.403150 -0.633218
-0.571363 3.401869 -0.631453
-0.575038 3.420344 -0.623053
-0.580424 3.419683 -0.621460
-0.583116 3.439552 -0.610788
-0.588404 3.439080 -0.609085
-0.590753 3.459989 -0.597337
-0.597346 3.479732 -0.580877
-0.595804 3.459543 -0.594886
-0.599654 3.458848 -0.591757
-0.602173 3.479555 -0.578354
-0.607941 3.499444 -0.559368
-0.606243 3.479141 -0.574998
-0.609344 3.478465 -0.571096
-0.611711 3.499078 -0.555336
-0.614633 3.498464 -0.550789
-0.616313 3.517891 -0.531660
-0.612396 3.518470 -0.536167
-0.620793 3.533193 -0.504028
-0.619029 3.516920 -0.526688
-0.623728 3.531277 -0.499414
-0.620915 3.515641 -0.521525
-0.616488 3.497574 -0.545912
-0.611343 3.477602 -0.566734
-0.617589 3.496465 -0.540887
-0.612423 3.476647 -0.562110
-0.607014 3.456151 -0.580056
-0.613064 3.475558 -0.557441
-0.612859 3.474358 -0.552831
-0.607473 3.455040 -0.575712
-0.600737 3.434578 -0.591010
-0.607122 3.453882 -0.571363
-0.600237 3.433563 -0.586846
-0.606270 3.452727 -0.567113
-0.599032 3.432572 -0.582794
-0.612069 3.473046 -0.548318
-0.604819 3.451556 -0.563003
-0.610897 3.471666 -0.543964
-0.603021 3.450374 -0.559042
-0.597624 3.431558 -0.578838
-0.595651 3.430583 -0.575046
-0.589850 3.412682 -0.592189
-0.587668 3.411900 -0.588489
-0.581252 3.395375 -0.603802
-0.591463 3.413510 -0.596064
-0.582903 3.396051 -0.607677
-0.592534 3.414353 -0.600045
-0.584071 3.396757 -0.611639
-0.592894 3.415235 -0.604127
-0.592520 3.416147 -0.608224
-0.584363 3.397544 -0.615651
-0.574734 3.381671 -0.625400
-0.583690 3.398403 -0.619645
-0.574040 3.382586 -0.629142
-0.582050 3.399282 -0.623433
-0.579460 3.400184 -0.626761
-0.591159 3.417072 -0.612266
-0.572466 3.383515 -0.632586
-0.570021 3.384415 -0.635646
-0.564089 3.368994 -0.640767
-0.561929 3.369972 -0.643791
-0.565436 3.368036 -0.637396
-0.558857 3.370912 -0.646297
-0.566706 3.385317 -0.638112
-0.575880 3.401056 -0.629566
-0.585000 3.418883 -0.619009
-0.588628 3.417992 -0.615856
-0.592911 3.438403 -0.606499
-0.596330 3.437569 -0.603029
-0.602860 3.458050 -0.588147
-0.598944 3.436619 -0.599261
-0.600151 3.435602 -0.595147
-0.605558 3.457165 -0.584264
-0.574625 3.380869 -0.621551
-0.578996 3.394703 -0.600101
-0.576317 3.394060 -0.596549
-0.585075 3.411136 -0.584947
-0.573205 3.393447 -0.593172
-0.582211 3.410347 -0.581556
-0.569716 3.392837 -0.589997
-0.564012 3.377644 -0.603168
-0.579051 3.409567 -0.578335
-0.593381 3.429603 -0.571394
-0.609259 3.470222 -0.539807
-0.627973 3.541288 -0.476215
-0.616738 3.534629 -0.508317
-0.607664 3.518682 -0.539899
-0.603332 3.499562 -0.562690
-0.597995 3.499382 -0.565195
-0.542984 3.322505 -0.651505
-0.541481 3.321610 -0.647733
-0.534202 3.306403 -0.654343
-0.539422 3.320796 -0.643992
-0.536865 3.320049 -0.640302
-0.547082 3.335649 -0.637222
-0.532094 3.305684 -0.650571
-0.524991 3.290492 -0.656986
-0.529490 3.305032 -0.646851
-0.522358 3.289942 -0.653219
-0.526454 3.304439 -0.643199
-0.519293 3.289443 -0.649518
-0.515265 3.274954 -0.659345
-0.517891 3.275417 -0.663161
-0.527107 3.291103 -0.660805
-0.544618 3.334837 -0.633542
-0.529327 3.346065 -0.606977
-0.538110 3.360675 -0.599642
-0.523854 3.345865 -0.604490
-0.532709 3.360459 -0.597292
-0.517984 3.345836 -0.602402
-0.511815 3.345951 -0.600709
-0.526920 3.360397 -0.595317
-0.536296 3.375433 -0.587219
-0.520849 3.360491 -0.593686
-0.530236 3.375496 -0.585741
-0.514567 3.360737 -0.592560
-0.508115 3.361121 -0.592028
-0.523924 3.375689 -0.584798
-0.505496 3.346209 -0.599475
-0.496943 3.331768 -0.606127
-0.499112 3.346602 -0.598816
-0.490579 3.332157 -0.605412
-0.492789 3.347127 -0.598770
-0.501729 3.361650 -0.592161
-0.486703 3.347801 -0.599431
-0.484323 3.332677 -0.605298
-0.476445 3.318149 -0.611459
-0.478267 3.333331 -0.605802
-0.495603 3.362331 -0.593016
-0.481109 3.348598 -0.600802
-0.489969 3.363125 -0.594549
-0.485053 3.364050 -0.596714
-0.498790 3.378024 -0.587480
-0.507563 3.393318 -0.579229
-0.504543 3.377205 -0.585771
-0.493762 3.378972 -0.589786
-0.489634 3.380005 -0.592625
-0.502244 3.394293 -0.581710
-0.497767 3.395389 -0.584722
-0.510923 3.409890 -0.572462
-0.506430 3.411102 -0.575707
-0.519745 3.425825 -0.561732
-0.516334 3.408852 -0.569717
-0.525127 3.424754 -0.558726
-0.522408 3.408015 -0.567581
-0.528863 3.407336 -0.566074
-0.513499 3.392467 -0.577334
-0.531186 3.423943 -0.556306
-0.539628 3.440236 -0.543202
-0.537652 3.423374 -0.554496
-0.545995 3.439808 -0.540992
-0.544338 3.423000 -0.553318
-0.552559 3.439651 -0.539381
-0.551099 3.422848 -0.552769
-0.535573 3.406867 -0.565231
-0.542330 3.406656 -0.565044
-0.526586 3.391310 -0.575548
-0.519920 3.391775 -0.576091
-0.533248 3.391009 -0.575657
-0.517377 3.376042 -0.584438
-0.510843 3.376553 -0.584749
-0.539703 3.390860 -0.576384
-0.548916 3.406573 -0.565461
-0.557721 3.422960 -0.552820
-0.565876 3.440046 -0.537916
-0.572905 3.457180 -0.520760
-0.559238 3.439723 -0.538352
-0.572194 3.440630 -0.538143
-0.579164 3.458063 -0.520397
-0.585137 3.474273 -0.500731
-0.584917 3.459191 -0.520804
-0.590190 3.460550 -0.521892
-0.590818 3.475618 -0.500548
-0.596531 3.489052 -0.479260
-0.595841 3.477177 -0.501230
-0.601642 3.490607 -0.479417
-0.600369 3.478952 -0.502559
-0.606009 3.492378 -0.480459
-0.604301 3.480886 -0.504522
-0.594841 3.462103 -0.523638
-0.609939 3.494394 -0.482025
-0.617112 3.502360 -0.460117
-0.626443 3.504739 -0.439695
-0.613113 3.500571 -0.458765
-0.620659 3.504476 -0.461886
-0.630431 3.506425 -0.441201
-0.642468 3.504556 -0.422177
-0.633728 3.508581 -0.443109
-0.646518 3.506273 -0.423770
-0.636338 3.511107 -0.445393
-0.649958 3.508486 -0.425731
-0.638377 3.513849 -0.448007
-0.652747 3.511100 -0.428040
-0.639562 3.516901 -0.450958
-0.639928 3.520172 -0.454308
-0.654239 3.514166 -0.430874
-0.670553 3.511587 -0.414485
-0.654656 3.517675 -0.434229
-0.671236 3.515341 -0.417966
-0.654411 3.521350 -0.437745
-0.639656 3.523616 -0.457881
-0.653052 3.525403 -0.441303
-0.670180 3.519322 -0.421196
-0.668983 3.523236 -0.424128
-0.682374 3.520101 -0.407576
-0.687042 3.523915 -0.396684
-0.682672 3.516210 -0.404614
-0.681526 3.523822 -0.410263
-0.685400 3.527314 -0.398781
-0.678972 3.527812 -0.412721
-0.676213 3.531456 -0.414763
-0.667342 3.527287 -0.427229
-0.683346 3.530692 -0.400545
-0.680499 3.533978 -0.402036
-0.682104 3.533509 -0.390369
-0.683810 3.530731 -0.388886
-0.678663 3.533061 -0.382891
-0.679613 3.536393 -0.391490
-0.675195 3.535950 -0.383443
-0.676114 3.539489 -0.392503
-0.671156 3.538825 -0.384225
-0.671730 3.542259 -0.393450
-0.677082 3.537213 -0.403351
-0.672670 3.540257 -0.404346
-0.667345 3.543181 -0.405076
-0.666341 3.544843 -0.394255
-0.661375 3.545795 -0.405567
-0.655185 3.548422 -0.406260
-0.656036 3.545123 -0.419262
-0.660751 3.546851 -0.394877
-0.656096 3.547966 -0.387737
-0.655176 3.548627 -0.395526
-0.648768 3.550678 -0.396562
-0.649950 3.550463 -0.389243
-0.644120 3.552189 -0.390728
-0.643393 3.550850 -0.384770
-0.637329 3.553150 -0.387017
-0.636809 3.550265 -0.381700
-0.649648 3.547851 -0.382681
-0.643097 3.547146 -0.379231
-0.655748 3.544350 -0.380914
-0.661612 3.544611 -0.386302
-0.661397 3.540796 -0.379551
-0.649612 3.543490 -0.377087
-0.643548 3.542989 -0.374448
-0.655845 3.539605 -0.375432
-0.661740 3.535673 -0.374263
-0.650139 3.538692 -0.372484
-0.643421 3.538062 -0.370735
-0.656393 3.534245 -0.371098
-0.649607 3.533580 -0.369142
-0.662128 3.529946 -0.370280
-0.667328 3.525475 -0.370106
-0.655263 3.529001 -0.368168
-0.667267 3.531859 -0.373586
-0.672127 3.527904 -0.373481
-0.671258 3.534042 -0.377955
-0.675396 3.530737 -0.377687
-0.666492 3.537371 -0.378593
-0.679486 3.527301 -0.377892
-0.681550 3.530140 -0.382544
-0.682786 3.522983 -0.378890
-0.676490 3.523876 -0.373972
-0.671723 3.520944 -0.370710
-0.680262 3.519077 -0.375501
-0.675512 3.516016 -0.372420
-0.682941 3.513515 -0.379063
-0.678007 3.510643 -0.376026
-0.685760 3.517195 -0.382134
-0.682366 3.508574 -0.385314
-0.677432 3.505867 -0.382377
-0.677053 3.505301 -0.394930
-0.685441 3.512057 -0.388550
-0.687136 3.515994 -0.391694
-0.680231 3.508519 -0.398058
-0.682129 3.512311 -0.401464
-0.668554 3.508034 -0.411389
-0.664755 3.505356 -0.408817
-0.660396 3.503255 -0.406744
-0.672156 3.502905 -0.392389
-0.655528 3.501709 -0.405171
-0.666440 3.501205 -0.390631
-0.649789 3.500857 -0.404153
-0.659969 3.500247 -0.389636
-0.643228 3.500646 -0.403723
-0.637653 3.503338 -0.421007
-0.632161 3.502594 -0.420322
-0.626089 3.502344 -0.420219
-0.621839 3.503383 -0.438705
-0.616605 3.502445 -0.438354
-0.608397 3.499056 -0.458155
-0.610785 3.501995 -0.438692
-0.604450 3.501961 -0.439802
-0.619410 3.502626 -0.420825
-0.603051 3.497909 -0.458310
-0.597293 3.497141 -0.459124
-0.591141 3.496692 -0.460710
-0.590905 3.487792 -0.479876
-0.584996 3.486864 -0.481121
-0.579085 3.473217 -0.501620
-0.578840 3.486235 -0.483090
-0.572553 3.485877 -0.485847
-0.572892 3.472475 -0.503106
-0.584708 3.496527 -0.463108
-0.578276 3.496690 -0.466179
-0.590907 3.502892 -0.444268
-0.597292 3.506022 -0.427174
-0.584030 3.503825 -0.447629
-0.597748 3.502270 -0.441709
-0.604786 3.504611 -0.424353
-0.611679 3.505364 -0.408795
-0.612182 3.503435 -0.422239
-0.620168 3.503436 -0.406416
-0.626757 3.504005 -0.392998
-0.628507 3.501830 -0.404724
-0.636132 3.500947 -0.403883
-0.635922 3.501990 -0.391046
-0.639864 3.504632 -0.380177
-0.644475 3.500755 -0.389862
-0.652446 3.500184 -0.389420
-0.648710 3.503337 -0.378980
-0.657013 3.502740 -0.378586
-0.649316 3.508134 -0.371970
-0.646536 3.514333 -0.368265
-0.657249 3.507559 -0.371808
-0.640558 3.509584 -0.372974
-0.631358 3.511898 -0.374791
-0.637858 3.516065 -0.369363
-0.629323 3.518322 -0.371024
-0.633503 3.522425 -0.368081
-0.625631 3.524672 -0.369816
-0.641828 3.520669 -0.366867
-0.628518 3.527664 -0.368473
-0.621158 3.529095 -0.370490
-0.623841 3.531579 -0.369651
-0.636671 3.526107 -0.366869
-0.644659 3.524954 -0.366331
-0.631531 3.530574 -0.367912
-0.626347 3.534808 -0.369376
-0.639387 3.529672 -0.367041
-0.647741 3.529059 -0.366980
-0.634134 3.534275 -0.368215
-0.628833 3.538369 -0.369917
-0.642121 3.533758 -0.368115
-0.636168 3.538123 -0.369875
-0.630124 3.542560 -0.372075
-0.623155 3.542549 -0.372218
-0.624083 3.546329 -0.374810
-0.637058 3.542553 -0.372811
-0.630442 3.546593 -0.375524
-0.624027 3.550144 -0.378658
-0.636774 3.547040 -0.376939
-0.630189 3.550504 -0.379871
-0.624031 3.553208 -0.383087
-0.617873 3.553089 -0.382174
-0.630812 3.552893 -0.384452
-0.618627 3.554929 -0.386345
-0.612273 3.555169 -0.385859
-0.625368 3.554701 -0.387301
-0.613505 3.556231 -0.389856
-0.620375 3.555834 -0.390244
-0.607022 3.556579 -0.389803
-0.608621 3.557199 -0.393660
-0.602031 3.557347 -0.394073
-0.603635 3.557312 -0.398179
-0.615600 3.556680 -0.393426
-0.622412 3.555938 -0.393737
-0.610412 3.557178 -0.397480
-0.617473 3.556555 -0.396889
-0.605350 3.556224 -0.402741
-0.598830 3.556116 -0.403871
-0.611788 3.556388 -0.401909
-0.600590 3.554734 -0.410610
-0.594396 3.554341 -0.411920
-0.606771 3.555025 -0.409642
-0.595854 3.553505 -0.422040
-0.601695 3.554259 -0.420854
-0.590090 3.552486 -0.423659
-0.588246 3.552585 -0.441046
-0.593075 3.554083 -0.440357
-0.583421 3.550863 -0.442032
-0.579128 3.548738 -0.465370
-0.583110 3.550878 -0.465495
-0.571178 3.539095 -0.491803
-0.575092 3.546485 -0.465565
-0.567654 3.536709 -0.490982
-0.571132 3.544038 -0.465844
-0.578643 3.549025 -0.443319
-0.564213 3.534195 -0.490177
-0.567810 3.541441 -0.465592
-0.561019 3.531590 -0.489158
-0.564599 3.538747 -0.465238
-0.574295 3.546966 -0.444473
-0.570635 3.544370 -0.445030
-0.579385 3.549750 -0.427627
-0.584602 3.551250 -0.425585
-0.574912 3.547709 -0.429244
-0.583109 3.552419 -0.415340
-0.588707 3.553444 -0.413369
-0.586977 3.554834 -0.406566
-0.577868 3.550995 -0.417374
-0.581685 3.553802 -0.408196
-0.574149 3.548653 -0.418339
-0.571062 3.545087 -0.430325
-0.571781 3.545943 -0.418368
-0.577616 3.552083 -0.409133
-0.574952 3.549730 -0.409122
-0.582758 3.553799 -0.401179
-0.579965 3.551887 -0.401065
-0.588702 3.553746 -0.394449
-0.586785 3.555109 -0.400601
-0.592041 3.555384 -0.394534
-0.591612 3.556221 -0.399836
-0.596481 3.556687 -0.394350
-0.597230 3.557031 -0.398992
-0.592751 3.555599 -0.405022
-0.601527 3.556082 -0.389686
-0.606766 3.554699 -0.385437
-0.597228 3.554810 -0.389391
-0.602317 3.553327 -0.385072
-0.594199 3.552997 -0.389005
-0.592989 3.550484 -0.388053
-0.598857 3.551695 -0.384813
-0.597111 3.548992 -0.384460
-0.603397 3.549660 -0.381375
-0.600820 3.547050 -0.381670
-0.607236 3.551595 -0.381295
-0.607935 3.547222 -0.378355
-0.612393 3.548982 -0.377958
-0.612685 3.544394 -0.375553
-0.603962 3.545255 -0.379360
-0.607174 3.543236 -0.377165
-0.598810 3.543976 -0.381597
-0.601504 3.542192 -0.379593
-0.591119 3.543142 -0.386390
-0.596595 3.545471 -0.383398
-0.588822 3.545183 -0.388549
-0.594101 3.547052 -0.385475
-0.586818 3.547493 -0.390671
-0.591357 3.548830 -0.388089
-0.585504 3.549835 -0.392778
-0.578620 3.549675 -0.400059
-0.586542 3.551794 -0.393887
-0.573646 3.547104 -0.408199
-0.579162 3.547121 -0.398100
-0.573724 3.544341 -0.406510
-0.580687 3.544446 -0.395785
-0.583315 3.541658 -0.393092
-0.574795 3.541461 -0.404205
-0.571089 3.536932 -0.414106
-0.576952 3.538422 -0.401505
-0.573484 3.533601 -0.411150
-0.580476 3.535175 -0.398228
-0.576463 3.530302 -0.408028
-0.585343 3.531680 -0.394557
-0.586703 3.538747 -0.390206
-0.590225 3.536000 -0.387422
-0.593911 3.541067 -0.384060
-0.596887 3.538979 -0.381763
-0.601002 3.536464 -0.379223
-0.604817 3.540032 -0.377533
-0.610837 3.540942 -0.375003
-0.608240 3.537861 -0.375538
-0.614851 3.538188 -0.373032
-0.612312 3.535150 -0.373647
-0.605596 3.533969 -0.376769
-0.616631 3.532305 -0.371958
-0.619218 3.535110 -0.371185
-0.610587 3.531487 -0.374494
-0.615256 3.529142 -0.372698
-0.607078 3.526744 -0.378230
-0.600873 3.529720 -0.381069
-0.605525 3.521200 -0.383333
-0.613470 3.523956 -0.375769
-0.621349 3.520867 -0.373113
-0.613483 3.517941 -0.380151
-0.612142 3.512272 -0.387818
-0.622226 3.514758 -0.377241
-0.621243 3.509330 -0.384741
-0.630542 3.506779 -0.382170
-0.617508 3.506409 -0.395580
-0.608409 3.509269 -0.398784
-0.603263 3.507650 -0.411903
-0.599744 3.512441 -0.402537
-0.591681 3.515751 -0.406695
-0.595164 3.510217 -0.415623
-0.603274 3.515688 -0.391483
-0.595039 3.519387 -0.395590
-0.587705 3.523083 -0.399838
-0.597972 3.524639 -0.386962
-0.591168 3.528172 -0.390772
-0.594896 3.532984 -0.384339
-0.584480 3.519160 -0.411064
-0.581325 3.526760 -0.404145
-0.578070 3.522531 -0.415529
-0.573456 3.525935 -0.419470
-0.574370 3.518761 -0.428865
-0.570602 3.514539 -0.443712
-0.570046 3.521948 -0.432876
-0.580718 3.515834 -0.424214
-0.576335 3.512094 -0.439184
-0.587538 3.512942 -0.419800
-0.582756 3.509849 -0.434814
-0.589831 3.507787 -0.430719
-0.577388 3.505015 -0.451591
-0.571185 3.506461 -0.455938
-0.571948 3.497114 -0.469938
-0.565984 3.497856 -0.474138
-0.566375 3.485854 -0.489162
-0.560334 3.471866 -0.508053
-0.560450 3.486165 -0.493014
-0.555047 3.486889 -0.497219
-0.554302 3.472064 -0.511351
-0.548702 3.472633 -0.515116
-0.547366 3.456490 -0.528216
-0.541560 3.457094 -0.531468
-0.553605 3.456227 -0.525458
-0.560001 3.456261 -0.523307
-0.566612 3.472029 -0.505247
-0.566449 3.456579 -0.521751
-0.536436 3.458040 -0.535172
-0.533652 3.440960 -0.546016
-0.528324 3.441962 -0.549334
-0.523884 3.443210 -0.553072
-0.532240 3.459282 -0.539198
-0.520548 3.444635 -0.557095
-0.515155 3.427067 -0.565214
-0.511690 3.428451 -0.569029
-0.509464 3.429903 -0.573067
-0.502779 3.412391 -0.579312
-0.500450 3.413749 -0.583190
-0.494399 3.396592 -0.588119
-0.486472 3.381106 -0.595843
-0.492136 3.397822 -0.591872
-0.484454 3.382244 -0.599366
-0.491045 3.399058 -0.595799
-0.499319 3.415103 -0.587237
-0.491037 3.400210 -0.599786
-0.483469 3.383319 -0.603108
-0.483604 3.384338 -0.606966
-0.475701 3.368124 -0.609529
-0.476192 3.369055 -0.613302
-0.477745 3.369864 -0.617051
-0.484915 3.385249 -0.610807
-0.492147 3.401222 -0.603744
-0.487191 3.386005 -0.614552
-0.490290 3.386641 -0.618083
-0.494220 3.402099 -0.607550
-0.497277 3.402824 -0.611048
-0.502169 3.418615 -0.599145
-0.505252 3.419436 -0.602596
-0.500133 3.417580 -0.595366
-0.511606 3.435191 -0.589005
-0.514497 3.436183 -0.592408
-0.509540 3.434051 -0.585301
-0.521233 3.451979 -0.577166
-0.519066 3.450701 -0.573564
-0.524152 3.453101 -0.580445
-0.530647 3.468654 -0.563466
-0.538625 3.485119 -0.548031
-0.533549 3.469942 -0.566683
-0.528347 3.467254 -0.559983
-0.536373 3.483521 -0.544609
-0.526769 3.465704 -0.556188
-0.517727 3.449272 -0.569672
-0.526325 3.464060 -0.552080
-0.534887 3.481825 -0.540885
-0.534411 3.480027 -0.536799
-0.541975 3.497190 -0.523645
-0.541545 3.495184 -0.519676
-0.548051 3.511329 -0.504683
-0.543377 3.499161 -0.527205
-0.545457 3.501040 -0.530408
-0.549404 3.513675 -0.507826
-0.551586 3.515957 -0.510379
-0.555312 3.526391 -0.486682
-0.557961 3.528979 -0.488054
-0.553696 3.523621 -0.484375
-0.561504 3.535956 -0.464948
-0.560056 3.532747 -0.463332
-0.566958 3.541494 -0.445733
-0.564721 3.538294 -0.445389
-0.568514 3.542213 -0.430472
-0.563603 3.535008 -0.444212
-0.559049 3.529488 -0.461430
-0.563063 3.531688 -0.442641
-0.567438 3.539059 -0.429486
-0.570703 3.542969 -0.417464
-0.566831 3.535902 -0.428221
-0.568276 3.532583 -0.425639
-0.569804 3.540172 -0.416513
-0.564468 3.528387 -0.439788
-0.570440 3.529253 -0.422731
-0.566629 3.525095 -0.436607
-0.562923 3.520081 -0.452025
-0.557716 3.512672 -0.469609
-0.560585 3.523091 -0.455660
-0.566274 3.517227 -0.447995
-0.561299 3.510319 -0.465073
-0.556095 3.500527 -0.483247
-0.565736 3.508224 -0.460490
-0.560660 3.499012 -0.478594
-0.550344 3.488025 -0.501645
-0.552339 3.502308 -0.487989
-0.546476 3.489485 -0.506241
-0.549608 3.504335 -0.492616
-0.543685 3.491207 -0.510872
-0.548108 3.506608 -0.496991
-0.554975 3.515181 -0.473970
-0.553474 3.517914 -0.477959
-0.559402 3.526260 -0.458737
-0.553098 3.520751 -0.481389
-0.547644 3.508959 -0.501025
-0.542055 3.493144 -0.515391
-0.535069 3.478211 -0.532447
-0.527099 3.462388 -0.547779
-0.536885 3.476471 -0.527975
-0.529103 3.460762 -0.543436
-0.539812 3.474897 -0.523515
-0.543805 3.473590 -0.519205
-0.518384 3.446171 -0.561301
-0.517468 3.447744 -0.565547
-0.508367 3.431360 -0.577235
-0.508396 3.432766 -0.581361
-0.499183 3.416394 -0.591345
-0.554586 3.518227 -0.512337
-0.548187 3.502843 -0.533199
-0.557843 3.520415 -0.514029
-0.561229 3.522566 -0.515667
-0.551390 3.504599 -0.535540
-0.554878 3.506381 -0.537681
-0.544536 3.488070 -0.554023
-0.536884 3.471167 -0.569740
-0.548148 3.489538 -0.556451
-0.541319 3.486595 -0.551209
-0.540617 3.472366 -0.572443
-0.552032 3.490984 -0.558705
-0.544684 3.473567 -0.574802
-0.556114 3.492398 -0.560897
-0.558561 3.508125 -0.539761
-0.562427 3.509807 -0.541779
-0.564734 3.524678 -0.517270
-0.568539 3.526719 -0.518675
-0.572406 3.528643 -0.520129
-0.574905 3.541391 -0.492551
-0.578720 3.543523 -0.493318
-0.586950 3.552896 -0.465985
-0.582511 3.545460 -0.494139
-0.591281 3.554411 -0.465973
-0.587105 3.547067 -0.493933
-0.576475 3.530492 -0.521487
-0.571087 3.512950 -0.545431
-0.581052 3.532217 -0.522175
-0.575827 3.514368 -0.547167
-0.585882 3.533747 -0.522214
-0.591122 3.534929 -0.521351
-0.591837 3.548351 -0.493390
-0.580977 3.515579 -0.547657
-0.575643 3.496882 -0.567680
-0.570487 3.496017 -0.566296
-0.569314 3.477962 -0.583601
-0.561425 3.459266 -0.597667
-0.563684 3.477440 -0.582435
-0.555904 3.458783 -0.596266
-0.558797 3.476849 -0.580753
-0.550619 3.458280 -0.594737
-0.553839 3.475914 -0.578861
-0.565486 3.495010 -0.564730
-0.560566 3.493744 -0.562911
-0.566660 3.511414 -0.543602
-0.549078 3.474762 -0.576958
-0.545629 3.457685 -0.593032
-0.540677 3.456895 -0.591065
-0.536769 3.439463 -0.605502
-0.528543 3.421573 -0.615920
-0.541967 3.439795 -0.607435
-0.531636 3.438989 -0.603413
-0.523182 3.421329 -0.613769
-0.526757 3.438408 -0.601075
-0.522078 3.437772 -0.598500
-0.536003 3.455993 -0.588838
-0.518082 3.420994 -0.611362
-0.510440 3.404159 -0.619811
-0.513350 3.420590 -0.608691
-0.505486 3.403811 -0.617186
-0.509075 3.420072 -0.605770
-0.501098 3.403383 -0.614250
-0.518015 3.437040 -0.595585
-0.527628 3.454133 -0.583524
-0.531636 3.455079 -0.586342
-0.494104 3.387183 -0.621338
-0.498510 3.387635 -0.624340
-0.491835 3.372081 -0.630599
-0.503455 3.387991 -0.627068
-0.496758 3.372466 -0.633459
-0.508797 3.388280 -0.629550
-0.501984 3.372778 -0.636125
-0.514272 3.388417 -0.631912
-0.515707 3.404379 -0.622278
-0.521232 3.404521 -0.624489
-0.526838 3.404570 -0.626521
-0.519849 3.388492 -0.634083
-0.532491 3.404532 -0.628413
-0.534004 3.421714 -0.617870
-0.539688 3.421779 -0.619650
-0.547412 3.440005 -0.609181
-0.545442 3.421784 -0.621223
-0.538207 3.404470 -0.630037
-0.553200 3.440137 -0.610434
-0.559069 3.440195 -0.611469
-0.567150 3.459663 -0.598860
-0.531050 3.388422 -0.637844
-0.523747 3.373315 -0.645159
-0.525457 3.388486 -0.636078
-0.518294 3.373269 -0.643190
-0.511078 3.358423 -0.649890
-0.512812 3.373178 -0.641005
-0.505734 3.358228 -0.647494
-0.507364 3.373035 -0.638626
-0.500401 3.357979 -0.644952
-0.495139 3.357681 -0.642255
-0.493409 3.343054 -0.651035
-0.486402 3.328121 -0.657012
-0.498641 3.343338 -0.653745
-0.488227 3.342744 -0.648184
-0.481273 3.327846 -0.654039
-0.474274 3.312952 -0.659840
-0.467139 3.298132 -0.665501
-0.479370 3.313168 -0.662920
-0.484522 3.313365 -0.665857
-0.472229 3.298269 -0.668682
-0.464798 3.283527 -0.674160
-0.477382 3.298377 -0.671717
-0.482586 3.298448 -0.674567
-0.469979 3.283545 -0.677281
-0.462119 3.268953 -0.682375
-0.475225 3.283519 -0.680214
-0.480533 3.283432 -0.682896
-0.467423 3.268847 -0.685367
-0.472806 3.268673 -0.688105
-0.459071 3.254425 -0.689914
-0.464520 3.254192 -0.692675
-0.453725 3.254588 -0.686905
-0.450269 3.240168 -0.693935
-0.444932 3.240365 -0.690920
-0.455746 3.239899 -0.696679
-0.441327 3.225925 -0.697550
-0.436048 3.226129 -0.694531
-0.446775 3.225631 -0.700284
-0.432557 3.211495 -0.700871
-0.424141 3.196708 -0.703970
-0.427343 3.211717 -0.697872
-0.437947 3.211184 -0.703604
-0.443486 3.210782 -0.705984
-0.429483 3.196368 -0.706688
-0.421505 3.181057 -0.709526
-0.434979 3.195934 -0.709071
-0.426986 3.180584 -0.711888
-0.440585 3.195405 -0.711026
-0.446218 3.194806 -0.712485
-0.432580 3.180018 -0.713839
-0.449115 3.210299 -0.707946
-0.454754 3.209750 -0.709416
-0.457998 3.224811 -0.704657
-0.463645 3.224298 -0.706123
-0.466961 3.239142 -0.701087
-0.452350 3.225257 -0.702675
-0.461322 3.239558 -0.699097
-0.470053 3.253889 -0.695098
-0.475636 3.253507 -0.697080
-0.478259 3.268426 -0.690504
-0.483751 3.268098 -0.692485
-0.485898 3.283278 -0.685265
-0.491307 3.283041 -0.687228
-0.493144 3.298433 -0.679506
-0.498509 3.298310 -0.681412
-0.500238 3.313733 -0.673404
-0.487838 3.298471 -0.677188
-0.494944 3.313663 -0.671165
-0.502040 3.328815 -0.664958
-0.489712 3.313534 -0.668622
-0.496786 3.328620 -0.662514
-0.491578 3.328384 -0.659847
-0.503912 3.343583 -0.656281
-0.509181 3.343806 -0.658626
-0.514495 3.343986 -0.660670
-0.516427 3.358575 -0.652058
-0.507321 3.328990 -0.667130
-0.505573 3.313745 -0.675274
-0.503876 3.298102 -0.682845
-0.496721 3.282717 -0.688650
-0.489233 3.267689 -0.693938
-0.481198 3.253045 -0.698537
-0.494595 3.267198 -0.694735
-0.486631 3.252512 -0.699363
-0.491763 3.251903 -0.699451
-0.478078 3.238093 -0.703369
-0.469170 3.223716 -0.706962
-0.483271 3.237470 -0.703486
-0.472586 3.238652 -0.702541
-0.487953 3.236784 -0.702826
-0.474406 3.223074 -0.707097
-0.465562 3.208470 -0.710460
-0.479143 3.222376 -0.706470
-0.470359 3.207754 -0.709875
-0.483164 3.221643 -0.705075
-0.491969 3.236072 -0.701450
-0.474455 3.207011 -0.708520
-0.486336 3.220928 -0.703010
-0.488511 3.220233 -0.700344
-0.477672 3.206284 -0.706463
-0.495088 3.235339 -0.699324
-0.497212 3.234631 -0.696576
-0.503515 3.249739 -0.695195
-0.505623 3.249009 -0.692349
-0.500414 3.250493 -0.697402
-0.511425 3.264380 -0.690407
-0.513506 3.263620 -0.687442
-0.514612 3.262884 -0.684076
-0.506696 3.248311 -0.689041
-0.498321 3.233952 -0.693376
-0.506853 3.247664 -0.685475
-0.498483 3.233316 -0.689886
-0.489907 3.218983 -0.693817
-0.497828 3.232743 -0.686233
-0.489304 3.218434 -0.690223
-0.487995 3.217954 -0.686531
-0.480946 3.203993 -0.693834
-0.479690 3.203569 -0.690164
-0.481480 3.204476 -0.697393
-0.473065 3.189224 -0.697132
-0.465850 3.174024 -0.700130
-0.471846 3.188877 -0.693464
-0.473552 3.189621 -0.700697
-0.473181 3.190079 -0.704078
-0.466296 3.174337 -0.703726
-0.459621 3.158702 -0.706371
-0.465853 3.174715 -0.707132
-0.459113 3.159021 -0.709797
-0.464441 3.175169 -0.710244
-0.457568 3.159430 -0.712876
-0.471840 3.190611 -0.707150
-0.461962 3.175739 -0.712858
-0.458475 3.176414 -0.714819
-0.469498 3.191237 -0.709783
-0.454962 3.159952 -0.715442
-0.448363 3.143983 -0.717469
-0.451343 3.160583 -0.717329
-0.444692 3.144578 -0.719303
-0.446884 3.161304 -0.718446
-0.454125 3.177159 -0.716023
-0.441848 3.162054 -0.718838
-0.440228 3.145245 -0.720413
-0.435206 3.145939 -0.720826
-0.434211 3.128928 -0.722104
-0.429219 3.129555 -0.722531
-0.438641 3.128311 -0.720976
-0.428718 3.112278 -0.723549
-0.433138 3.111708 -0.722424
-0.423553 3.095335 -0.724749
-0.423751 3.112859 -0.723965
-0.418437 3.113426 -0.723726
-0.418599 3.095888 -0.725161
-0.413648 3.078729 -0.726104
-0.413302 3.096431 -0.724891
-0.408350 3.079275 -0.725799
-0.407821 3.096951 -0.724012
-0.402277 3.097450 -0.722599
-0.402887 3.079799 -0.724885
-0.412930 3.113976 -0.722875
-0.418330 3.130780 -0.721462
-0.407352 3.114497 -0.721482
-0.412720 3.131346 -0.720077
-0.401792 3.114976 -0.719628
-0.407136 3.131863 -0.718214
-0.396327 3.115411 -0.717373
-0.396760 3.097911 -0.720720
-0.391347 3.098329 -0.718444
-0.391921 3.080753 -0.721503
-0.397379 3.080295 -0.723428
-0.386567 3.081171 -0.719208
-0.387346 3.063567 -0.722017
-0.382052 3.063993 -0.719707
-0.392753 3.063092 -0.723959
-0.383192 3.046410 -0.722316
-0.377938 3.046863 -0.720013
-0.379517 3.029402 -0.722487
-0.388560 3.045913 -0.724252
-0.393995 3.045372 -0.725742
-0.384866 3.028875 -0.724389
-0.390279 3.028312 -0.725845
-0.381571 3.012150 -0.724440
-0.376206 3.012686 -0.722608
-0.378451 2.995874 -0.724447
-0.386967 3.011573 -0.725841
-0.392333 3.010965 -0.726713
-0.383849 2.995307 -0.725756
-0.389180 2.994709 -0.726564
-0.380718 2.979589 -0.725627
-0.375323 2.980130 -0.724410
-0.377450 2.964403 -0.725487
-0.386024 2.979026 -0.726350
-0.382737 2.963888 -0.726149
-0.391140 2.978444 -0.726524
-0.394344 2.994099 -0.726775
-0.395941 2.977865 -0.726076
-0.387827 2.963361 -0.726293
-0.384302 2.948740 -0.726197
-0.392604 2.962832 -0.725879
-0.396931 2.962312 -0.724858
-0.389091 2.948274 -0.725827
-0.385284 2.934079 -0.726013
-0.393453 2.947811 -0.724904
-0.389720 2.933676 -0.725181
-0.397231 2.947364 -0.723391
-0.400651 2.961819 -0.723230
-0.400266 2.946943 -0.721300
-0.393592 2.933279 -0.723782
-0.389627 2.919441 -0.724420
-0.396709 2.932893 -0.721788
-0.398921 2.932533 -0.719247
-0.392857 2.919084 -0.722493
-0.388679 2.905401 -0.723403
-0.395127 2.918736 -0.719979
-0.396342 2.918416 -0.716996
-0.391025 2.905056 -0.720863
-0.392250 2.904730 -0.717825
-0.386683 2.891385 -0.721869
-0.384288 2.891745 -0.724503
-0.382212 2.877589 -0.722950
-0.387931 2.891055 -0.718720
-0.387996 2.890769 -0.715246
-0.383437 2.877257 -0.719624
-0.383458 2.876993 -0.715986
-0.378403 2.863122 -0.720370
-0.377228 2.863422 -0.723894
-0.371932 2.848384 -0.720681
-0.378253 2.862916 -0.716527
-0.371575 2.848275 -0.716677
-0.376986 2.862800 -0.712590
-0.382320 2.876795 -0.712204
-0.374573 2.862754 -0.708681
-0.370085 2.848268 -0.712614
-0.361884 2.832880 -0.712485
-0.367533 2.848372 -0.708651
-0.363923 2.848555 -0.704875
-0.359144 2.833210 -0.708461
-0.350318 2.817467 -0.708502
-0.355498 2.833667 -0.704691
-0.346617 2.818178 -0.704673
-0.351050 2.834226 -0.701209
-0.359456 2.848851 -0.701341
-0.346123 2.834878 -0.697962
-0.342141 2.819015 -0.701205
-0.333253 2.803526 -0.701630
-0.337238 2.819942 -0.697980
-0.332107 2.820911 -0.694936
-0.328207 2.804610 -0.698278
-0.318914 2.788902 -0.698690
-0.322976 2.805756 -0.695147
-0.317536 2.806945 -0.692285
-0.313466 2.790103 -0.695422
-0.303455 2.773626 -0.695238
-0.307953 2.791367 -0.692491
-0.302279 2.792750 -0.689568
-0.297839 2.774997 -0.692129
-0.291981 2.776545 -0.689012
-0.286971 2.757794 -0.691420
-0.280796 2.759506 -0.688188
-0.293300 2.756382 -0.694933
-0.275615 2.739851 -0.690868
-0.282661 2.738039 -0.694697
-0.268464 2.741752 -0.687615
-0.263188 2.721258 -0.691358
-0.271187 2.719211 -0.695005
-0.250496 2.702249 -0.693024
-0.255015 2.723372 -0.688070
-0.247035 2.725503 -0.685025
-0.241622 2.704606 -0.689825
-0.229799 2.685987 -0.692457
-0.232911 2.706774 -0.686791
-0.224411 2.708757 -0.684049
-0.221031 2.687895 -0.689579
-0.212441 2.689369 -0.686930
-0.211250 2.668916 -0.692634
-0.201973 2.649819 -0.695312
-0.219552 2.667540 -0.695292
-0.203154 2.670013 -0.690070
-0.194946 2.670760 -0.687539
-0.195175 2.650944 -0.692959
-0.189558 2.632381 -0.696429
-0.188465 2.651461 -0.690725
-0.181903 2.651317 -0.688657
-0.184542 2.632687 -0.694668
-0.179643 2.632341 -0.693164
-0.184505 2.618050 -0.699913
-0.180093 2.617042 -0.698913
-0.185755 2.607621 -0.705304
-0.190256 2.619670 -0.701191
-0.197182 2.622645 -0.702397
-0.192911 2.611475 -0.705956
-0.202145 2.617808 -0.706317
-0.195835 2.605886 -0.710535
-0.206479 2.614158 -0.710032
-0.186964 2.600014 -0.710749
-0.198132 2.602171 -0.714702
-0.188452 2.595121 -0.715712
-0.200165 2.599382 -0.718670
-0.209643 2.610960 -0.713629
-0.212314 2.608394 -0.717339
-0.222807 2.622597 -0.712450
-0.236332 2.638136 -0.710966
-0.226246 2.620234 -0.715966
-0.218533 2.625594 -0.709011
-0.230811 2.640755 -0.707466
-0.212873 2.628528 -0.705498
-0.206757 2.630546 -0.702592
-0.224384 2.644105 -0.703861
-0.217134 2.646907 -0.700692
-0.236065 2.661787 -0.701849
-0.227822 2.665136 -0.698300
-0.243433 2.659029 -0.705464
-0.247384 2.680646 -0.699087
-0.259088 2.699903 -0.696492
-0.238911 2.683413 -0.695735
-0.255039 2.678301 -0.702688
-0.261946 2.676464 -0.706145
-0.266687 2.697871 -0.700220
-0.278449 2.717381 -0.698952
-0.273522 2.696181 -0.703809
-0.284656 2.715952 -0.702654
-0.279527 2.695111 -0.707586
-0.289926 2.715155 -0.706402
-0.284217 2.694434 -0.711481
-0.267900 2.675043 -0.709736
-0.272637 2.674181 -0.713566
-0.254942 2.655227 -0.712522
-0.249653 2.656850 -0.709016
-0.241011 2.636108 -0.714361
-0.259185 2.654151 -0.716179
-0.244628 2.634934 -0.718094
-0.262307 2.653418 -0.720044
-0.264407 2.653049 -0.724129
-0.275980 2.673583 -0.717580
-0.247593 2.634053 -0.722001
-0.231521 2.617562 -0.723639
-0.249344 2.633718 -0.726033
-0.233031 2.617225 -0.727584
-0.250130 2.633896 -0.730157
-0.249677 2.634705 -0.734118
-0.265310 2.653193 -0.728265
-0.233611 2.617542 -0.731556
-0.233329 2.618245 -0.735396
-0.217868 2.604829 -0.732619
-0.204169 2.595615 -0.733402
-0.217661 2.605444 -0.736247
-0.217415 2.604866 -0.728833
-0.203820 2.595634 -0.729898
-0.216345 2.605343 -0.724992
-0.203080 2.596303 -0.726267
-0.214615 2.606489 -0.721152
-0.229137 2.618563 -0.719693
-0.201843 2.597445 -0.722535
-0.191109 2.590277 -0.723968
-0.191873 2.589067 -0.727605
-0.189899 2.592112 -0.720026
-0.182624 2.585063 -0.725311
-0.176151 2.581848 -0.726482
-0.182078 2.587183 -0.721160
-0.183059 2.583870 -0.728867
-0.176269 2.580518 -0.729963
-0.183311 2.583259 -0.732061
-0.183337 2.583102 -0.735001
-0.192445 2.588550 -0.730990
-0.176246 2.579831 -0.732984
-0.176146 2.579778 -0.735646
-0.170687 2.578032 -0.733674
-0.170391 2.578031 -0.736081
-0.165991 2.577330 -0.734137
-0.170866 2.578545 -0.730893
-0.170968 2.579874 -0.727568
-0.166353 2.577735 -0.731647
-0.162349 2.577850 -0.732148
-0.166665 2.578916 -0.728627
-0.166874 2.581337 -0.724365
-0.162871 2.578857 -0.729530
-0.159422 2.579167 -0.730074
-0.163383 2.581231 -0.725671
-0.160141 2.581203 -0.726842
-0.163656 2.585644 -0.719987
-0.160695 2.586070 -0.721441
-0.164082 2.592586 -0.712944
-0.167067 2.585517 -0.718662
-0.171063 2.586134 -0.717706
-0.167654 2.592500 -0.711704
-0.168164 2.602444 -0.704763
-0.171540 2.593132 -0.710952
-0.172098 2.603040 -0.704283
-0.175804 2.594497 -0.710885
-0.176260 2.603995 -0.704220
-0.180709 2.596567 -0.710781
-0.175772 2.587836 -0.717048
-0.181385 2.590581 -0.716386
-0.175945 2.584063 -0.722214
-0.170987 2.582179 -0.723216
-0.180540 2.605347 -0.704790
-0.176021 2.616195 -0.698148
-0.174835 2.631713 -0.691901
-0.171623 2.615183 -0.697574
-0.170375 2.631108 -0.690898
-0.167323 2.614612 -0.697573
-0.163168 2.614402 -0.698019
-0.165961 2.630738 -0.690141
-0.165769 2.650705 -0.683734
-0.161634 2.630523 -0.689834
-0.160885 2.650617 -0.682648
-0.157533 2.630662 -0.690627
-0.159533 2.614658 -0.699346
-0.156003 2.650605 -0.682231
-0.154439 2.631223 -0.692638
-0.152159 2.650975 -0.684473
-0.156713 2.615402 -0.701410
-0.152429 2.632139 -0.695412
-0.150441 2.651702 -0.688048
-0.151006 2.633244 -0.698672
-0.154336 2.616338 -0.703828
-0.152816 2.617553 -0.706606
-0.154996 2.604060 -0.711225
-0.153479 2.605458 -0.713751
-0.157391 2.602962 -0.708891
-0.155899 2.594733 -0.718252
-0.154414 2.595856 -0.720433
-0.156314 2.587205 -0.724742
-0.158073 2.593764 -0.716189
-0.158168 2.586680 -0.722916
-0.160878 2.593055 -0.714448
-0.160710 2.602355 -0.707071
-0.164212 2.602170 -0.705678
-0.157906 2.581975 -0.727130
-0.156938 2.581340 -0.729130
-0.156332 2.581594 -0.730726
-0.155183 2.587911 -0.726538
-0.158850 2.578681 -0.732079
-0.155825 2.582150 -0.732189
-0.154439 2.588796 -0.728340
-0.155394 2.582808 -0.733679
-0.158223 2.578451 -0.733862
-0.157706 2.578568 -0.735522
-0.161819 2.577467 -0.734274
-0.161235 2.577356 -0.736200
-0.165525 2.577291 -0.736305
-0.160665 2.577500 -0.738024
-0.157194 2.578976 -0.737221
-0.160098 2.577825 -0.739811
-0.164951 2.577353 -0.738322
-0.169938 2.578175 -0.738291
-0.164380 2.577614 -0.740209
-0.163845 2.578064 -0.742012
-0.169300 2.578360 -0.740375
-0.175359 2.580489 -0.740349
-0.168664 2.578846 -0.742296
-0.167998 2.579626 -0.744082
-0.174507 2.580904 -0.742475
-0.173628 2.581800 -0.744385
-0.181955 2.584966 -0.742515
-0.190997 2.590693 -0.742545
-0.182812 2.584202 -0.740200
-0.180696 2.585810 -0.744626
-0.179419 2.587349 -0.746420
-0.189501 2.591847 -0.744843
-0.187805 2.593599 -0.746758
-0.200114 2.599836 -0.745053
-0.201936 2.598288 -0.742596
-0.212713 2.610256 -0.745074
-0.197875 2.601804 -0.747071
-0.195081 2.603906 -0.748674
-0.209788 2.612402 -0.747143
-0.223046 2.626458 -0.746271
-0.206331 2.614914 -0.748668
-0.202375 2.617481 -0.749838
-0.218804 2.629054 -0.747719
-0.231285 2.645922 -0.745786
-0.213992 2.631920 -0.748716
-0.208601 2.634665 -0.749459
-0.225651 2.648668 -0.746650
-0.236459 2.667506 -0.743684
-0.219164 2.651615 -0.747164
-0.212086 2.654366 -0.747501
-0.229188 2.670333 -0.743993
-0.221159 2.673140 -0.744106
-0.238364 2.689869 -0.740335
-0.248075 2.708996 -0.736880
-0.230062 2.692610 -0.740148
-0.246213 2.687169 -0.740350
-0.253319 2.684588 -0.740066
-0.255867 2.706472 -0.737219
-0.265729 2.724887 -0.734716
-0.263141 2.704051 -0.737249
-0.269906 2.701753 -0.736872
-0.272962 2.722701 -0.735002
-0.279629 2.720601 -0.734859
-0.282624 2.740301 -0.733679
-0.275688 2.742308 -0.733147
-0.292604 2.757127 -0.733230
-0.289140 2.738425 -0.733693
-0.295212 2.736740 -0.733084
-0.298907 2.755325 -0.733462
-0.308956 2.771986 -0.733433
-0.304823 2.753795 -0.732880
-0.314935 2.770501 -0.732951
-0.310197 2.752433 -0.731472
-0.300667 2.735219 -0.731712
-0.314826 2.751374 -0.729120
-0.320118 2.769261 -0.731307
-0.324450 2.768327 -0.728813
-0.329477 2.786125 -0.730576
-0.338401 2.802026 -0.730196
-0.324396 2.787313 -0.732040
-0.334307 2.785123 -0.728611
-0.342889 2.801136 -0.728240
-0.337352 2.784329 -0.725778
-0.345636 2.800549 -0.725322
-0.327551 2.767633 -0.725651
-0.338297 2.784185 -0.721885
-0.346803 2.800385 -0.721486
-0.337586 2.784430 -0.717632
-0.328790 2.767338 -0.721808
-0.328091 2.767541 -0.717633
-0.319521 2.750395 -0.721883
-0.318901 2.750551 -0.717668
-0.309417 2.732870 -0.722090
-0.317910 2.750711 -0.725773
-0.308291 2.733248 -0.726067
-0.299415 2.714535 -0.726990
-0.305297 2.734016 -0.729392
-0.296217 2.715549 -0.730358
-0.286113 2.696086 -0.731798
-0.291527 2.716988 -0.732695
-0.281581 2.697689 -0.734332
-0.285844 2.718695 -0.734116
-0.276010 2.699605 -0.735938
-0.265868 2.679733 -0.738289
-0.259897 2.682106 -0.739417
-0.270887 2.677609 -0.736440
-0.254699 2.659529 -0.740899
-0.241378 2.640403 -0.743086
-0.259356 2.657163 -0.738919
-0.249291 2.662081 -0.742252
-0.236681 2.642994 -0.744709
-0.243264 2.664673 -0.743187
-0.245320 2.637978 -0.740852
-0.262647 2.655335 -0.735939
-0.264700 2.653980 -0.732295
-0.274942 2.675846 -0.733676
-0.248116 2.636019 -0.737804
-0.232110 2.619632 -0.738945
-0.229958 2.621485 -0.742026
-0.216739 2.606554 -0.739629
-0.203166 2.596904 -0.739827
-0.215047 2.608105 -0.742618
-0.203961 2.596065 -0.736732
-0.191935 2.589577 -0.740005
-0.192441 2.588760 -0.737218
-0.192654 2.588468 -0.734195
-0.183214 2.583485 -0.737701
-0.175899 2.580098 -0.738072
-0.226878 2.623692 -0.744510
-0.277580 2.674526 -0.730133
-0.278656 2.673679 -0.726072
-0.288977 2.694915 -0.728286
-0.290192 2.694201 -0.724152
-0.289873 2.693861 -0.719804
-0.300559 2.713997 -0.722850
-0.300039 2.713796 -0.718524
-0.297886 2.713948 -0.714279
-0.309021 2.732836 -0.717897
-0.307098 2.733116 -0.713726
-0.316847 2.751014 -0.713538
-0.304137 2.733707 -0.709639
-0.294365 2.714407 -0.710259
-0.313726 2.751817 -0.709590
-0.299882 2.734527 -0.705812
-0.309647 2.752804 -0.705805
-0.295023 2.735600 -0.702168
-0.304901 2.754089 -0.702097
-0.289284 2.736642 -0.698492
-0.299297 2.755268 -0.698415
-0.309220 2.772354 -0.698611
-0.314497 2.771140 -0.702246
-0.324177 2.787758 -0.702158
-0.319295 2.769985 -0.705880
-0.323261 2.768819 -0.709560
-0.328981 2.786673 -0.705691
-0.337855 2.802582 -0.705161
-0.332707 2.785767 -0.709490
-0.341769 2.801733 -0.708958
-0.335856 2.784962 -0.713427
-0.344637 2.801034 -0.713004
-0.326297 2.768037 -0.713490
-0.353061 2.816912 -0.712602
-0.346302 2.800583 -0.717238
-0.354669 2.816605 -0.716806
-0.363557 2.832698 -0.716637
-0.355057 2.816479 -0.720947
-0.363888 2.832659 -0.720719
-0.354001 2.816622 -0.724775
-0.362806 2.832841 -0.724463
-0.351216 2.817183 -0.727654
-0.346859 2.817931 -0.729618
-0.359935 2.833291 -0.727382
-0.368001 2.848977 -0.727242
-0.355420 2.833910 -0.729266
-0.363607 2.849472 -0.729140
-0.350138 2.834634 -0.730379
-0.358236 2.849962 -0.730150
-0.344427 2.835428 -0.730763
-0.341599 2.818842 -0.730758
-0.333078 2.803111 -0.731328
-0.335900 2.819873 -0.731125
-0.329968 2.820880 -0.730906
-0.327413 2.804249 -0.731912
-0.318783 2.788718 -0.732802
-0.321446 2.805462 -0.731657
-0.315355 2.806716 -0.730751
-0.312753 2.790129 -0.732537
-0.302800 2.773672 -0.733263
-0.306546 2.791572 -0.731707
-0.296423 2.775356 -0.732209
-0.300374 2.792968 -0.730197
-0.293857 2.794424 -0.728222
-0.309240 2.807962 -0.729304
-0.289906 2.777101 -0.730639
-0.283215 2.778876 -0.728747
-0.279059 2.760965 -0.731147
-0.268329 2.744381 -0.732274
-0.271901 2.762928 -0.729668
-0.285971 2.759027 -0.732392
-0.260662 2.746489 -0.731209
-0.264613 2.764881 -0.728060
-0.252808 2.748607 -0.730019
-0.276413 2.780628 -0.726732
-0.257293 2.766807 -0.726328
-0.250029 2.768690 -0.724413
-0.244870 2.750704 -0.728687
-0.269581 2.782346 -0.724646
-0.262800 2.784023 -0.722444
-0.280951 2.797385 -0.723600
-0.290880 2.811940 -0.722931
-0.274523 2.798840 -0.721186
-0.287423 2.795897 -0.725958
-0.296999 2.810613 -0.725248
-0.303103 2.809272 -0.727405
-0.305740 2.825137 -0.724856
-0.311773 2.824037 -0.726907
-0.313937 2.839467 -0.724613
-0.299725 2.826252 -0.722603
-0.293763 2.827361 -0.720193
-0.307910 2.840358 -0.722415
-0.301954 2.841264 -0.720033
-0.315636 2.854201 -0.722171
-0.323003 2.867849 -0.721885
-0.309698 2.854949 -0.719841
-0.321667 2.853479 -0.724306
-0.327805 2.852815 -0.726251
-0.329022 2.867260 -0.723978
-0.335143 2.866724 -0.725862
-0.336005 2.880900 -0.723647
-0.342571 2.894505 -0.723335
-0.342040 2.880439 -0.725438
-0.330046 2.881402 -0.721619
-0.336715 2.894961 -0.721391
-0.342910 2.908620 -0.721208
-0.348504 2.922463 -0.721100
-0.337245 2.909063 -0.719077
-0.348661 2.908187 -0.723103
-0.354143 2.922043 -0.722940
-0.354435 2.907778 -0.724697
-0.359783 2.921630 -0.724458
-0.360173 2.907396 -0.725958
-0.348494 2.894082 -0.725041
-0.354413 2.893703 -0.726436
-0.360262 2.893357 -0.727465
-0.348134 2.880035 -0.726976
-0.354201 2.879675 -0.728167
-0.341321 2.866241 -0.727472
-0.334015 2.852207 -0.727929
-0.347550 2.865820 -0.728788
-0.340219 2.851612 -0.729222
-0.353694 2.865416 -0.729659
-0.360148 2.879338 -0.728918
-0.359642 2.865006 -0.729975
-0.346455 2.851078 -0.730160
-0.338431 2.836200 -0.730459
-0.352484 2.850517 -0.730483
-0.332340 2.837009 -0.729633
-0.323924 2.821930 -0.730041
-0.326175 2.837800 -0.728304
-0.317839 2.822973 -0.728670
-0.320019 2.838606 -0.726589
-0.365881 2.879015 -0.729153
-0.365334 2.864616 -0.729695
-0.371217 2.878677 -0.728744
-0.370409 2.864195 -0.728617
-0.375926 2.878320 -0.727610
-0.374535 2.863781 -0.726715
-0.379722 2.877955 -0.725702
-0.380786 2.892096 -0.726426
-0.385341 2.905747 -0.725317
-0.376388 2.892424 -0.727607
-0.371382 2.892737 -0.728132
-0.381183 2.906078 -0.726563
-0.385638 2.919795 -0.725736
-0.376425 2.906396 -0.727187
-0.381071 2.920146 -0.726469
-0.371260 2.906714 -0.727262
-0.376094 2.920496 -0.726660
-0.365811 2.907043 -0.726835
-0.365959 2.893045 -0.728061
-0.370831 2.920857 -0.726365
-0.375285 2.934886 -0.726101
-0.365369 2.921234 -0.725618
-0.369939 2.935300 -0.725432
-0.373920 2.949669 -0.725397
-0.364463 2.935722 -0.724337
-0.368507 2.950123 -0.724308
-0.358927 2.936148 -0.722848
-0.353387 2.936573 -0.721021
-0.363037 2.950574 -0.722814
-0.366637 2.965385 -0.722790
-0.357577 2.951010 -0.720950
-0.361223 2.965841 -0.720867
-0.352163 2.951429 -0.718778
-0.355885 2.966267 -0.718618
-0.346852 2.951820 -0.716334
-0.347897 2.936985 -0.718890
-0.342930 2.922890 -0.718971
-0.342524 2.937389 -0.716487
-0.337307 2.937757 -0.713876
-0.337476 2.923303 -0.716612
-0.332342 2.938107 -0.711062
-0.341711 2.952188 -0.713649
-0.345545 2.967030 -0.713363
-0.336766 2.952516 -0.710787
-0.332141 2.952803 -0.707755
-0.340676 2.967357 -0.710424
-0.336051 2.967638 -0.707336
-0.344240 2.982665 -0.710018
-0.347696 2.998454 -0.709594
-0.339701 2.982951 -0.706865
-0.349072 2.982337 -0.713012
-0.352459 2.998129 -0.712639
-0.354104 2.981968 -0.715820
-0.350641 2.966668 -0.716106
-0.357405 2.997762 -0.715511
-0.359269 2.981561 -0.718414
-0.362521 2.997354 -0.718173
-0.364562 2.981121 -0.720741
-0.367754 2.996901 -0.720584
-0.369929 2.980641 -0.722756
-0.373065 2.996408 -0.722700
-0.370922 3.013178 -0.720415
-0.374260 3.029877 -0.720231
-0.365757 3.013627 -0.717925
-0.360708 3.014028 -0.715202
-0.369125 3.030306 -0.717687
-0.372813 3.047266 -0.717429
-0.364140 3.030684 -0.714909
-0.367844 3.047619 -0.714616
-0.359315 3.031018 -0.711945
-0.363068 3.047927 -0.711612
-0.354705 3.031308 -0.708817
-0.355818 3.014382 -0.712281
-0.351150 3.014698 -0.709190
-0.346735 3.014964 -0.705956
-0.342679 3.015184 -0.702599
-0.343201 2.998738 -0.706398
-0.350385 3.031556 -0.705548
-0.354241 3.048395 -0.705148
-0.346411 3.031745 -0.702160
-0.350342 3.048561 -0.701727
-0.342892 3.031881 -0.698679
-0.346885 3.048657 -0.698216
-0.339962 3.031940 -0.695145
-0.339108 3.015341 -0.699150
-0.336064 3.015422 -0.695642
-0.335392 2.999136 -0.699661
-0.331766 2.983347 -0.700221
-0.339089 2.998968 -0.703076
-0.332319 2.999230 -0.696191
-0.328656 2.983445 -0.696799
-0.329958 2.999235 -0.692721
-0.333746 3.015417 -0.692135
-0.328355 2.999141 -0.689308
-0.326209 2.983450 -0.693371
-0.322502 2.968149 -0.694071
-0.324613 2.983371 -0.690010
-0.324931 2.968132 -0.697440
-0.321018 2.953330 -0.698054
-0.328100 2.968041 -0.700802
-0.324156 2.953218 -0.701355
-0.331828 2.967870 -0.704115
-0.335480 2.983180 -0.703592
-0.327914 2.953046 -0.704597
-0.323453 2.938678 -0.705007
-0.318287 2.924726 -0.705318
-0.327702 2.938416 -0.708093
-0.319721 2.938880 -0.701823
-0.314562 2.924977 -0.702191
-0.316604 2.939020 -0.698590
-0.332226 3.015316 -0.688692
-0.336165 3.031796 -0.688121
-0.331537 3.015116 -0.685384
-0.335532 3.031575 -0.684785
-0.339618 3.048239 -0.684169
-0.335774 3.031269 -0.681663
-0.336976 3.030875 -0.678870
-0.339890 3.047908 -0.681008
-0.344123 3.064682 -0.680249
-0.341057 3.047500 -0.678146
-0.345311 3.064248 -0.677336
-0.343156 3.047018 -0.675696
-0.339081 3.030411 -0.676482
-0.346094 3.046490 -0.673719
-0.347379 3.063753 -0.674805
-0.350321 3.063208 -0.672762
-0.351810 3.080532 -0.673761
-0.354733 3.079967 -0.671643
-0.349716 3.081054 -0.676342
-0.356442 3.097272 -0.672503
-0.354366 3.097824 -0.675143
-0.361379 3.113881 -0.671041
-0.359394 3.096679 -0.670354
-0.364308 3.113258 -0.668848
-0.363090 3.096075 -0.668730
-0.366718 3.130282 -0.669375
-0.359356 3.114471 -0.673729
-0.358178 3.115017 -0.676789
-0.357943 3.115496 -0.680151
-0.353243 3.098318 -0.678188
-0.352980 3.098747 -0.681518
-0.348547 3.081513 -0.679324
-0.348338 3.081897 -0.682614
-0.343868 3.065036 -0.683472
-0.348967 3.082201 -0.686104
-0.353630 3.099093 -0.685055
-0.344541 3.065305 -0.686913
-0.350445 3.082420 -0.689716
-0.355100 3.099360 -0.688708
-0.345998 3.065485 -0.690475
-0.352662 3.082551 -0.693374
-0.357289 3.099539 -0.692412
-0.355510 3.082599 -0.697021
-0.348223 3.065578 -0.694088
-0.351098 3.065589 -0.697692
-0.343983 3.048683 -0.694649
-0.341762 3.048624 -0.691076
-0.337660 3.031913 -0.691600
-0.340253 3.048479 -0.687553
-0.354508 3.065523 -0.701241
-0.358921 3.082578 -0.700604
-0.358382 3.065399 -0.704694
-0.362781 3.082483 -0.704096
-0.362620 3.065220 -0.708030
-0.358512 3.048183 -0.708450
-0.367148 3.064988 -0.711230
-0.367004 3.082330 -0.707472
-0.371630 3.099455 -0.706661
-0.371546 3.082119 -0.710698
-0.376188 3.099263 -0.709917
-0.376346 3.081855 -0.713752
-0.371926 3.064703 -0.714260
-0.381363 3.081540 -0.716607
-0.381014 3.099010 -0.712998
-0.385927 3.116097 -0.711908
-0.386084 3.098698 -0.715853
-0.391027 3.115785 -0.714776
-0.396327 3.132708 -0.713343
-0.401650 3.132319 -0.715949
-0.391229 3.133017 -0.710442
-0.402225 3.149354 -0.711530
-0.408855 3.165620 -0.709346
-0.397119 3.149654 -0.708610
-0.407545 3.148958 -0.714167
-0.413027 3.148476 -0.716471
-0.414157 3.165232 -0.712032
-0.419632 3.164740 -0.714375
-0.425235 3.164158 -0.716287
-0.418625 3.147915 -0.718357
-0.430878 3.163501 -0.717715
-0.438217 3.179374 -0.715286
-0.424261 3.147293 -0.719744
-0.436460 3.162794 -0.718578
-0.443784 3.178672 -0.716175
-0.429829 3.146629 -0.720589
-0.423871 3.130178 -0.722293
-0.449146 3.177924 -0.716450
-0.451763 3.194151 -0.713382
-0.460290 3.209141 -0.710290
-0.457076 3.193439 -0.713615
-0.461955 3.192697 -0.713096
-0.466164 3.191947 -0.711804
-0.403755 3.165907 -0.706393
-0.392277 3.149867 -0.705448
-0.386372 3.133247 -0.707318
-0.398901 3.166092 -0.703215
-0.387714 3.149988 -0.702108
-0.394340 3.166180 -0.699850
-0.383484 3.150022 -0.698621
-0.381805 3.133398 -0.704003
-0.377590 3.133463 -0.700526
-0.376515 3.116514 -0.705515
-0.372280 3.116609 -0.702076
-0.381072 3.116342 -0.708811
-0.368428 3.116639 -0.698512
-0.367390 3.099582 -0.703256
-0.363547 3.099642 -0.699719
-0.360148 3.099630 -0.696095
-0.365060 3.116578 -0.694846
-0.370376 3.133341 -0.693256
-0.362221 3.116441 -0.691130
-0.367572 3.133149 -0.689515
-0.360019 3.116214 -0.687401
-0.365381 3.132869 -0.685773
-0.358585 3.115895 -0.683715
-0.376295 3.149809 -0.691319
-0.373752 3.133446 -0.696936
-0.379666 3.149959 -0.695008
-0.386259 3.166082 -0.692738
-0.393481 3.181739 -0.690137
-0.390104 3.166177 -0.696348
-0.397361 3.181866 -0.693746
-0.401621 3.181901 -0.697261
-0.405092 3.197065 -0.690869
-0.413197 3.211817 -0.687742
-0.409427 3.197114 -0.694375
-0.401158 3.196917 -0.687256
-0.417624 3.211868 -0.691250
-0.414082 3.197071 -0.697750
-0.422353 3.211838 -0.694644
-0.418996 3.196936 -0.700969
-0.406220 3.181839 -0.700629
-0.411096 3.181681 -0.703825
-0.416199 3.181421 -0.706812
-0.430962 3.226254 -0.691310
-0.439773 3.240475 -0.687678
-0.426126 3.226287 -0.687907
-0.448510 3.254686 -0.683690
-0.456906 3.269008 -0.679194
-0.376906 3.064372 -0.717098
-0.341986 3.029894 -0.674538
-0.372066 2.964906 -0.724346
-0.379208 2.949206 -0.726044
-0.380431 2.934479 -0.726309
-0.287842 2.828455 -0.717647
-0.284774 2.813237 -0.720485
-0.278707 2.814503 -0.717927
-0.268170 2.800280 -0.718673
-0.272731 2.815742 -0.715269
-0.256117 2.785655 -0.720076
-0.243009 2.770538 -0.722219
-0.237011 2.752775 -0.727106
-0.232848 2.733967 -0.731685
-0.224187 2.736158 -0.730535
-0.241440 2.731699 -0.732610
-0.230769 2.714060 -0.735834
-0.249879 2.729424 -0.733405
-0.258018 2.727143 -0.734131
-0.239665 2.711543 -0.736374
-0.370771 2.848596 -0.724333
-0.287740 2.693977 -0.715535
-0.278118 2.673341 -0.721782
-0.202741 2.637117 -0.749994
-0.193234 2.622003 -0.751444
-0.184441 2.610069 -0.751667
-0.198025 2.619778 -0.750839
-0.188313 2.608106 -0.750976
-0.180243 2.599115 -0.750670
-0.191828 2.605970 -0.749979
-0.182997 2.597124 -0.749669
-0.175794 2.590671 -0.749256
-0.185480 2.595153 -0.748388
-0.177580 2.588640 -0.747995
-0.171273 2.584310 -0.747598
-0.166326 2.581906 -0.747220
-0.172636 2.583088 -0.746078
-0.170000 2.586352 -0.748875
-0.168491 2.588490 -0.749968
-0.165387 2.583790 -0.748556
-0.164270 2.586147 -0.749707
-0.161635 2.582242 -0.748348
-0.158531 2.581367 -0.748249
-0.162288 2.580632 -0.746934
-0.160927 2.585060 -0.749456
-0.162799 2.579459 -0.745394
-0.158877 2.580316 -0.746698
-0.156040 2.581869 -0.746138
-0.159043 2.579295 -0.745086
-0.155919 2.581011 -0.744392
-0.159295 2.578679 -0.743352
-0.156101 2.580715 -0.742498
-0.159611 2.578148 -0.741605
-0.163294 2.578608 -0.743752
-0.156243 2.580086 -0.740706
-0.156538 2.579431 -0.738972
-0.154273 2.585099 -0.738909
-0.152694 2.592513 -0.736281
-0.154104 2.585667 -0.740881
-0.154552 2.584270 -0.737087
-0.153014 2.591652 -0.734109
-0.154968 2.583412 -0.735378
-0.153428 2.590643 -0.732098
-0.152127 2.599815 -0.727500
-0.153884 2.589677 -0.730196
-0.152696 2.598508 -0.725107
-0.151658 2.608595 -0.719160
-0.153385 2.597131 -0.722728
-0.152501 2.607043 -0.716380
-0.151569 2.618789 -0.709733
-0.150628 2.620258 -0.712978
-0.149901 2.634358 -0.702237
-0.149051 2.635121 -0.706334
-0.147923 2.653574 -0.695971
-0.147000 2.654417 -0.700234
-0.145929 2.675043 -0.690670
-0.149065 2.652597 -0.691982
-0.147471 2.674357 -0.686720
-0.148091 2.699143 -0.681393
-0.149438 2.673818 -0.682880
-0.151661 2.698229 -0.678637
-0.152882 2.673729 -0.679538
-0.157948 2.673461 -0.678301
-0.156420 2.697655 -0.676527
-0.166272 2.722519 -0.674967
-0.162198 2.697011 -0.675499
-0.171612 2.720912 -0.674312
-0.167928 2.695794 -0.675866
-0.177449 2.719223 -0.674408
-0.173875 2.694486 -0.676940
-0.163181 2.672962 -0.678462
-0.168590 2.672287 -0.679625
-0.174103 2.671705 -0.681233
-0.180193 2.671353 -0.683061
-0.170735 2.650817 -0.685142
-0.180368 2.693355 -0.678350
-0.191422 2.716179 -0.676232
-0.187711 2.692700 -0.680060
-0.199391 2.714409 -0.677724
-0.195611 2.691659 -0.682150
-0.207564 2.712542 -0.679513
-0.203923 2.690578 -0.684429
-0.187229 2.671181 -0.685165
-0.215918 2.710665 -0.681630
-0.231143 2.729739 -0.679928
-0.223274 2.732011 -0.677876
-0.247461 2.747717 -0.679350
-0.239155 2.727607 -0.682287
-0.254406 2.745689 -0.681817
-0.268085 2.763031 -0.682540
-0.261393 2.743709 -0.684666
-0.274444 2.761259 -0.685273
-0.286123 2.778089 -0.686133
-0.296646 2.794177 -0.686771
-0.280159 2.779653 -0.683479
-0.290936 2.795616 -0.684163
-0.274176 2.781230 -0.681007
-0.285117 2.797061 -0.681756
-0.268156 2.782832 -0.678742
-0.261760 2.764801 -0.679979
-0.255403 2.766626 -0.677636
-0.248846 2.768621 -0.675642
-0.240407 2.749914 -0.677230
-0.233395 2.752213 -0.675429
-0.226301 2.754731 -0.674035
-0.215590 2.734513 -0.676169
-0.207778 2.737165 -0.674939
-0.200749 2.739167 -0.674466
-0.183938 2.717532 -0.675161
-0.194277 2.740941 -0.674561
-0.219734 2.757048 -0.673311
-0.213582 2.759069 -0.673237
-0.235604 2.772798 -0.673097
-0.229711 2.774662 -0.672777
-0.249637 2.788005 -0.674022
-0.242251 2.770690 -0.674112
-0.255929 2.786222 -0.675056
-0.267356 2.801529 -0.676141
-0.262074 2.784492 -0.676704
-0.273338 2.800029 -0.677676
-0.283079 2.814732 -0.678258
-0.279240 2.798532 -0.679571
-0.289030 2.813407 -0.680048
-0.297855 2.827484 -0.680388
-0.294922 2.812073 -0.682126
-0.303847 2.826321 -0.682366
-0.300729 2.810761 -0.684434
-0.306430 2.809474 -0.686936
-0.309739 2.825177 -0.684580
-0.318143 2.839059 -0.684692
-0.315520 2.824063 -0.686977
-0.324031 2.838123 -0.687007
-0.321197 2.822983 -0.689507
-0.329809 2.837231 -0.689480
-0.326734 2.821931 -0.692136
-0.312024 2.808189 -0.689572
-0.335466 2.836394 -0.692103
-0.343563 2.850393 -0.692111
-0.340929 2.835605 -0.694917
-0.349145 2.849793 -0.694954
-0.356469 2.863594 -0.694973
-0.354478 2.849277 -0.698037
-0.361801 2.863212 -0.698064
-0.368056 2.876901 -0.697983
-0.366756 2.862940 -0.701385
-0.372789 2.876709 -0.701269
-0.371081 2.862792 -0.704922
-0.376884 2.876638 -0.704760
-0.380096 2.876668 -0.708426
-0.381874 2.890334 -0.704416
-0.386518 2.903999 -0.703931
-0.384891 2.890397 -0.707981
-0.378040 2.890366 -0.700998
-0.373592 2.890505 -0.697770
-0.382898 2.904018 -0.700583
-0.378662 2.904129 -0.697408
-0.387450 2.917741 -0.700035
-0.383360 2.917853 -0.696901
-0.391680 2.931637 -0.699395
-0.390928 2.917722 -0.703336
-0.395058 2.931587 -0.702672
-0.393669 2.917784 -0.706764
-0.395562 2.917929 -0.710252
-0.389388 2.904069 -0.707412
-0.397695 2.931629 -0.706081
-0.401448 2.945726 -0.705417
-0.399478 2.931751 -0.709552
-0.403136 2.945821 -0.708904
-0.400323 2.931949 -0.712989
-0.403886 2.946002 -0.712362
-0.400147 2.932211 -0.716270
-0.396486 2.918143 -0.713706
-0.392343 2.904447 -0.714468
-0.391368 2.904222 -0.710957
-0.386949 2.890547 -0.711622
-0.403661 2.946248 -0.715668
-0.406998 2.960675 -0.715226
-0.402443 2.946565 -0.718695
-0.405775 2.960987 -0.718321
-0.409032 2.975936 -0.718134
-0.403637 2.961370 -0.721029
-0.406913 2.976323 -0.720938
-0.410176 2.991895 -0.720994
-0.403962 2.976783 -0.723256
-0.407233 2.992366 -0.723397
-0.400264 2.977307 -0.724984
-0.403531 2.992901 -0.725206
-0.399183 2.993492 -0.726330
-0.406820 3.009130 -0.725428
-0.410299 3.025903 -0.725585
-0.402430 3.009721 -0.726569
-0.410548 3.008589 -0.723586
-0.413502 3.008104 -0.721140
-0.414066 3.025353 -0.723749
-0.417023 3.024864 -0.721281
-0.417947 3.042498 -0.723763
-0.420878 3.042007 -0.721281
-0.422221 3.059804 -0.723470
-0.414157 3.043042 -0.725589
-0.418446 3.060339 -0.725292
-0.409676 3.043621 -0.726686
-0.404701 3.044212 -0.727049
-0.405861 3.026491 -0.726711
-0.413958 3.060902 -0.726386
-0.418623 3.078174 -0.725722
-0.408967 3.061475 -0.726740
-0.403669 3.062038 -0.726412
-0.398221 3.062580 -0.725459
-0.399416 3.044803 -0.726711
-0.395672 3.027713 -0.726773
-0.400922 3.027101 -0.727096
-0.397541 3.010346 -0.726977
-0.423081 3.077626 -0.724614
-0.427992 3.094784 -0.723643
-0.426845 3.077105 -0.722821
-0.431703 3.094264 -0.721844
-0.429712 3.076629 -0.720389
-0.434519 3.093794 -0.719423
-0.431594 3.076218 -0.717437
-0.425142 3.059320 -0.721018
-0.427076 3.058900 -0.718033
-0.428038 3.058553 -0.714670
-0.422885 3.041585 -0.718290
-0.423924 3.041241 -0.714918
-0.419073 3.024449 -0.718296
-0.415600 3.007694 -0.718201
-0.420206 3.024110 -0.714948
-0.416785 3.007373 -0.714893
-0.420401 3.023871 -0.711366
-0.424044 3.040980 -0.711314
-0.419705 3.023715 -0.707677
-0.417056 3.007136 -0.711351
-0.416400 3.007000 -0.707699
-0.413816 2.990954 -0.711381
-0.410577 2.975386 -0.711537
-0.413192 2.990817 -0.707774
-0.413519 2.991175 -0.714869
-0.410268 2.975620 -0.714962
-0.412290 2.991495 -0.718114
-0.409933 2.975252 -0.707986
-0.411655 2.990781 -0.704168
-0.414874 3.006958 -0.704047
-0.409303 2.990837 -0.700642
-0.408378 2.975202 -0.704420
-0.405972 2.975252 -0.700942
-0.404979 2.960212 -0.704847
-0.402516 2.960237 -0.701403
-0.406600 2.960274 -0.708365
-0.407278 2.960432 -0.711866
-0.399319 2.960345 -0.698101
-0.398894 2.945724 -0.702004
-0.395618 2.945796 -0.698721
-0.391745 2.945946 -0.695608
-0.395533 2.960521 -0.694962
-0.387403 2.946163 -0.692670
-0.387715 2.931759 -0.696281
-0.383274 2.931956 -0.693351
-0.378463 2.932222 -0.690608
-0.378804 2.918043 -0.693956
-0.373874 2.918310 -0.691208
-0.373938 2.904335 -0.694428
-0.368679 2.890743 -0.694750
-0.368866 2.904619 -0.691661
-0.363411 2.891073 -0.691949
-0.363518 2.904979 -0.689106
-0.368663 2.918646 -0.688665
-0.357978 2.905403 -0.686776
-0.357916 2.891476 -0.689376
-0.352237 2.891948 -0.687025
-0.351815 2.878059 -0.689491
-0.345169 2.864633 -0.689510
-0.346023 2.878594 -0.687118
-0.357484 2.877589 -0.692093
-0.350909 2.864073 -0.692127
-0.362919 2.877196 -0.694922
-0.340125 2.879187 -0.684974
-0.339274 2.865247 -0.687105
-0.333317 2.865924 -0.684916
-0.331967 2.851803 -0.687052
-0.325984 2.852585 -0.684805
-0.337828 2.851069 -0.689487
-0.319961 2.853426 -0.682777
-0.313924 2.854316 -0.681014
-0.312139 2.840029 -0.682571
-0.327307 2.866654 -0.682967
-0.334202 2.879826 -0.683085
-0.321330 2.867430 -0.681294
-0.328331 2.880510 -0.681481
-0.315463 2.868248 -0.679936
-0.322553 2.881232 -0.680191
-0.307968 2.855242 -0.679566
-0.309746 2.869095 -0.678926
-0.304225 2.869941 -0.678304
-0.302167 2.856193 -0.678470
-0.316911 2.881982 -0.679244
-0.311478 2.882740 -0.678675
-0.323609 2.894961 -0.679347
-0.318252 2.895640 -0.678812
-0.329174 2.894291 -0.680257
-0.329786 2.908123 -0.679190
-0.335397 2.921542 -0.678760
-0.335288 2.907514 -0.680083
-0.324484 2.908737 -0.678674
-0.330114 2.922094 -0.678245
-0.319466 2.909332 -0.678569
-0.314831 2.909899 -0.678905
-0.313181 2.896308 -0.678689
-0.325118 2.922643 -0.678145
-0.320507 2.923174 -0.678488
-0.330145 2.936326 -0.677441
-0.325532 2.936838 -0.677789
-0.335145 2.935804 -0.677545
-0.334656 2.950453 -0.676537
-0.330036 2.950971 -0.676890
-0.338848 2.965086 -0.675555
-0.339672 2.949937 -0.676649
-0.344967 2.949427 -0.677194
-0.343872 2.964559 -0.675669
-0.349177 2.964039 -0.676231
-0.347912 2.979684 -0.674717
-0.342843 2.980214 -0.674575
-0.351851 2.995279 -0.673807
-0.353210 2.979147 -0.675286
-0.358677 2.978635 -0.676276
-0.357170 2.994743 -0.674412
-0.362613 2.994214 -0.675413
-0.361098 3.010756 -0.673560
-0.355788 3.011298 -0.672948
-0.366541 3.010239 -0.674606
-0.365099 3.027113 -0.672709
-0.359800 3.027652 -0.672099
-0.369258 3.043717 -0.671807
-0.370529 3.026607 -0.673776
-0.375986 3.026135 -0.675246
-0.374686 3.043228 -0.672890
-0.380138 3.042782 -0.674398
-0.379069 3.059991 -0.671899
-0.384531 3.059574 -0.673441
-0.383685 3.076777 -0.670703
-0.373621 3.060448 -0.670738
-0.389150 3.076395 -0.672334
-0.388483 3.093490 -0.669324
-0.393977 3.093133 -0.670989
-0.399361 3.092835 -0.673055
-0.394555 3.076058 -0.674310
-0.404620 3.092591 -0.675432
-0.399801 3.075777 -0.676640
-0.409650 3.092398 -0.678121
-0.409569 3.109239 -0.673987
-0.414595 3.109084 -0.676716
-0.414411 3.092252 -0.681072
-0.404831 3.075540 -0.679271
-0.409622 3.075343 -0.682148
-0.400211 3.058594 -0.680190
-0.395857 3.041682 -0.680947
-0.395158 3.058882 -0.677641
-0.405011 3.058356 -0.683000
-0.400692 3.041398 -0.683677
-0.409513 3.058158 -0.686030
-0.413673 3.058004 -0.689253
-0.414101 3.075198 -0.685253
-0.405241 3.041152 -0.686626
-0.401311 3.024319 -0.687115
-0.409454 3.040954 -0.689772
-0.405627 3.024064 -0.690155
-0.413315 3.040789 -0.693076
-0.409559 3.023862 -0.693387
-0.417435 3.057898 -0.692648
-0.416716 3.040690 -0.696548
-0.419579 3.040653 -0.700152
-0.420793 3.057839 -0.696176
-0.413028 3.023721 -0.696786
-0.409610 3.007092 -0.696981
-0.415945 3.023643 -0.700324
-0.412580 3.006990 -0.700458
-0.418196 3.023641 -0.703974
-0.421816 3.040686 -0.703852
-0.425829 3.057921 -0.703572
-0.423324 3.040795 -0.707597
-0.427362 3.058065 -0.707342
-0.431767 3.075354 -0.706810
-0.428115 3.058274 -0.711071
-0.432561 3.075582 -0.710530
-0.437266 3.092744 -0.709647
-0.432524 3.075866 -0.714109
-0.437267 3.093038 -0.713198
-0.442238 3.109948 -0.711958
-0.436371 3.093388 -0.716499
-0.441388 3.110292 -0.715252
-0.446781 3.126861 -0.713735
-0.439585 3.110698 -0.718181
-0.445041 3.127265 -0.716696
-0.436808 3.111172 -0.720609
-0.442305 3.127750 -0.719152
-0.451050 3.143484 -0.714966
-0.452712 3.143089 -0.711952
-0.453391 3.142774 -0.708590
-0.447575 3.126531 -0.710424
-0.453145 3.142509 -0.705005
-0.447489 3.126252 -0.706883
-0.452142 3.142281 -0.701311
-0.459275 3.158428 -0.702773
-0.458134 3.158197 -0.699064
-0.456326 3.158003 -0.695311
-0.464652 3.173753 -0.696438
-0.462815 3.173519 -0.692704
-0.460433 3.173309 -0.688965
-0.469998 3.188570 -0.689746
-0.467620 3.188305 -0.686020
-0.477819 3.203197 -0.686449
-0.475416 3.202872 -0.682717
-0.486070 3.217537 -0.682788
-0.483613 3.217170 -0.679027
-0.480701 3.216859 -0.675297
-0.477365 3.216599 -0.671609
-0.472548 3.202596 -0.678995
-0.453955 3.157842 -0.691557
-0.448100 3.141943 -0.693792
-0.450422 3.142094 -0.697555
-0.442713 3.125673 -0.695682
-0.445261 3.141820 -0.690060
-0.439911 3.125561 -0.691949
-0.434864 3.108967 -0.693502
-0.429975 3.092100 -0.694710
-0.431596 3.108910 -0.689853
-0.437632 3.109069 -0.697228
-0.432720 3.092176 -0.698424
-0.439816 3.109215 -0.700990
-0.441394 3.109416 -0.704744
-0.444965 3.125823 -0.699446
-0.434932 3.092315 -0.702184
-0.430235 3.075183 -0.703035
-0.436464 3.092504 -0.705948
-0.428037 3.075068 -0.699277
-0.425229 3.075026 -0.695592
-0.423614 3.057848 -0.699833
-0.421956 3.075031 -0.692003
-0.418227 3.075090 -0.688547
-0.426711 3.092069 -0.691086
-0.422999 3.092086 -0.687582
-0.418887 3.092147 -0.684231
-0.446568 3.126014 -0.703195
-0.442218 3.109659 -0.708426
-0.406263 2.990958 -0.697234
-0.406062 3.007267 -0.693661
-0.402641 2.991141 -0.693976
-0.402045 3.007500 -0.690509
-0.398539 2.991390 -0.690898
-0.397645 3.007783 -0.687542
-0.394054 2.991685 -0.688005
-0.392935 3.008113 -0.684783
-0.389262 2.992025 -0.685310
-0.387972 3.008468 -0.682207
-0.396695 3.024605 -0.684248
-0.391803 3.024931 -0.681598
-0.386685 3.025293 -0.679188
-0.382797 3.008858 -0.679866
-0.381392 3.025694 -0.677055
-0.390783 3.042009 -0.678466
-0.385523 3.042378 -0.676277
-0.389918 3.059203 -0.675373
-0.377457 3.009282 -0.677790
-0.373605 2.993254 -0.678534
-0.372014 3.009742 -0.676020
-0.368121 2.993718 -0.676805
-0.364210 2.978146 -0.677639
-0.360199 2.963057 -0.678528
-0.369726 2.977682 -0.679327
-0.365742 2.962601 -0.680177
-0.375160 2.977248 -0.681301
-0.380437 2.976822 -0.683490
-0.378993 2.992817 -0.680556
-0.371190 2.962146 -0.682073
-0.367032 2.947520 -0.682880
-0.376527 2.961729 -0.684224
-0.372430 2.947110 -0.684998
-0.381696 2.961357 -0.686605
-0.386635 2.961021 -0.689196
-0.385540 2.976439 -0.685913
-0.377669 2.946744 -0.687348
-0.373363 2.932539 -0.688064
-0.382685 2.946427 -0.689912
-0.368043 2.932904 -0.685735
-0.362575 2.933316 -0.683638
-0.363249 2.919030 -0.686344
-0.357698 2.919459 -0.684260
-0.352075 2.919932 -0.682434
-0.352328 2.905871 -0.684688
-0.346457 2.892472 -0.684915
-0.346625 2.906379 -0.682863
-0.340923 2.906929 -0.681318
-0.340656 2.893040 -0.683069
-0.334879 2.893646 -0.681509
-0.346441 2.920439 -0.680887
-0.351441 2.934253 -0.680237
-0.340861 2.920979 -0.679653
-0.345896 2.934771 -0.678987
-0.340426 2.935282 -0.678072
-0.350436 2.948927 -0.678134
-0.354650 2.963537 -0.677200
-0.355996 2.948449 -0.679429
-0.361535 2.947967 -0.681014
-0.357020 2.933768 -0.681797
-0.390407 2.976098 -0.688551
-0.394971 2.975801 -0.691383
-0.391276 2.960747 -0.691988
-0.399151 2.975564 -0.694407
-0.402852 2.975380 -0.697601
-0.384229 2.992415 -0.682835
-0.363930 3.044234 -0.671133
-0.334169 2.965602 -0.675892
-0.329994 2.966101 -0.676727
-0.325883 2.951455 -0.677710
-0.326458 2.966584 -0.678065
-0.322358 2.951912 -0.679019
-0.323537 2.966999 -0.679829
-0.319579 2.952335 -0.680799
-0.317519 2.952676 -0.682976
-0.315127 2.938179 -0.681636
-0.317911 2.937777 -0.679891
-0.313175 2.938525 -0.683803
-0.310083 2.924524 -0.682286
-0.304301 2.911297 -0.682677
-0.308097 2.924845 -0.684426
-0.312886 2.924134 -0.680564
-0.316390 2.923676 -0.679293
-0.307133 2.910896 -0.680963
-0.300666 2.897994 -0.681062
-0.310683 2.910426 -0.679700
-0.304284 2.897499 -0.679799
-0.308492 2.896932 -0.679012
-0.297254 2.884798 -0.679601
-0.293544 2.885334 -0.680871
-0.289688 2.872213 -0.679154
-0.301551 2.884174 -0.678823
-0.306327 2.883483 -0.678522
-0.294094 2.871536 -0.678378
-0.298978 2.870766 -0.678109
-0.286211 2.858896 -0.677751
-0.277986 2.846138 -0.677032
-0.281672 2.859641 -0.678512
-0.291212 2.858051 -0.677517
-0.296562 2.857140 -0.677769
-0.283106 2.845211 -0.676835
-0.274655 2.832095 -0.676150
-0.288551 2.844200 -0.677162
-0.294240 2.843153 -0.677949
-0.280196 2.830983 -0.676532
-0.285975 2.829845 -0.677402
-0.271325 2.817337 -0.675870
-0.277186 2.816058 -0.676833
-0.265649 2.818576 -0.675462
-0.261409 2.803045 -0.675102
-0.255601 2.804502 -0.674690
-0.250151 2.805870 -0.674949
-0.243719 2.789717 -0.673682
-0.238178 2.791353 -0.674021
-0.233246 2.792832 -0.675120
-0.224131 2.776478 -0.673123
-0.219169 2.778164 -0.674221
-0.207913 2.760789 -0.673865
-0.202707 2.762524 -0.674985
-0.188940 2.742625 -0.675141
-0.184059 2.744378 -0.676271
-0.179501 2.746087 -0.678063
-0.175856 2.747651 -0.680229
-0.161193 2.723965 -0.676244
-0.198259 2.764194 -0.676810
-0.214879 2.779733 -0.676174
-0.194742 2.765724 -0.679269
-0.211371 2.781009 -0.678741
-0.192142 2.766947 -0.682617
-0.208698 2.781899 -0.682061
-0.173120 2.748868 -0.683261
-0.190738 2.767720 -0.686328
-0.190237 2.768118 -0.690488
-0.171556 2.749863 -0.686785
-0.207291 2.782341 -0.685828
-0.206948 2.782417 -0.689882
-0.221701 2.796192 -0.685898
-0.221306 2.796166 -0.689620
-0.223137 2.795875 -0.682422
-0.233664 2.809713 -0.685920
-0.235094 2.809518 -0.682644
-0.243881 2.822867 -0.685937
-0.233249 2.809597 -0.689440
-0.243559 2.822763 -0.689328
-0.233964 2.809251 -0.693075
-0.235666 2.808650 -0.696716
-0.221841 2.795818 -0.693442
-0.244329 2.822421 -0.692854
-0.246119 2.821858 -0.696397
-0.253685 2.835411 -0.692806
-0.255497 2.834909 -0.696280
-0.252902 2.835724 -0.689363
-0.262578 2.848257 -0.692907
-0.264363 2.847812 -0.696301
-0.271222 2.860944 -0.693077
-0.261815 2.848523 -0.689558
-0.262134 2.848596 -0.686379
-0.270480 2.861166 -0.689837
-0.270801 2.861207 -0.686772
-0.278868 2.873706 -0.690098
-0.279549 2.873554 -0.693240
-0.286807 2.886270 -0.690261
-0.279166 2.873718 -0.687144
-0.280487 2.873562 -0.684485
-0.287110 2.886233 -0.687394
-0.288360 2.886067 -0.684819
-0.294459 2.898900 -0.687460
-0.294189 2.898976 -0.690266
-0.295667 2.898708 -0.684939
-0.301116 2.911817 -0.687307
-0.300896 2.911936 -0.690081
-0.307003 2.925090 -0.686924
-0.302266 2.911603 -0.684812
-0.312029 2.938777 -0.686323
-0.297755 2.898406 -0.682788
-0.290540 2.885762 -0.682622
-0.282755 2.873250 -0.682223
-0.274523 2.860742 -0.681671
-0.285864 2.872794 -0.680434
-0.277744 2.860250 -0.679833
-0.269247 2.847619 -0.679132
-0.273313 2.846950 -0.677787
-0.265965 2.848115 -0.681076
-0.260453 2.834783 -0.678473
-0.251225 2.821676 -0.677940
-0.257064 2.835340 -0.680498
-0.264644 2.834035 -0.677080
-0.255495 2.820805 -0.676461
-0.269436 2.833132 -0.676311
-0.260344 2.819753 -0.675646
-0.245284 2.807118 -0.675902
-0.241049 2.808192 -0.677513
-0.237589 2.809010 -0.679787
-0.229002 2.794152 -0.676899
-0.225626 2.795199 -0.679348
-0.247760 2.822335 -0.680072
-0.245289 2.822740 -0.682789
-0.254642 2.835680 -0.683092
-0.253215 2.835824 -0.686077
-0.263538 2.848460 -0.683509
-0.272172 2.861065 -0.684011
-0.294869 2.898938 -0.693259
-0.287472 2.886178 -0.693317
-0.289080 2.885959 -0.696460
-0.281189 2.873263 -0.696463
-0.272921 2.860582 -0.696390
-0.283728 2.872848 -0.699679
-0.275531 2.860086 -0.699684
-0.267043 2.847238 -0.699665
-0.278962 2.859476 -0.702896
-0.270560 2.846541 -0.702938
-0.283057 2.858797 -0.706039
-0.287721 2.858061 -0.709062
-0.274794 2.845746 -0.706088
-0.261787 2.833461 -0.703019
-0.252340 2.820226 -0.703246
-0.258228 2.834249 -0.699696
-0.248834 2.821122 -0.699874
-0.238279 2.807825 -0.700293
-0.225982 2.794276 -0.701037
-0.241707 2.806817 -0.703764
-0.229316 2.793131 -0.704710
-0.214934 2.779074 -0.706195
-0.233426 2.791800 -0.708243
-0.219163 2.777534 -0.710024
-0.203244 2.762619 -0.712520
-0.186237 2.746358 -0.715671
-0.198645 2.764437 -0.708267
-0.180962 2.748216 -0.710755
-0.195108 2.766014 -0.703846
-0.192575 2.767280 -0.699340
-0.211586 2.780412 -0.702205
-0.177294 2.749946 -0.705707
-0.157901 2.728781 -0.708296
-0.174617 2.750887 -0.700493
-0.154736 2.729312 -0.702384
-0.172548 2.751042 -0.695464
-0.171377 2.750561 -0.690863
-0.190863 2.767940 -0.694853
-0.152530 2.729270 -0.696826
-0.142568 2.702267 -0.700331
-0.151284 2.728689 -0.691573
-0.151285 2.727832 -0.686755
-0.142451 2.702024 -0.694632
-0.143100 2.700995 -0.689585
-0.143866 2.676136 -0.699818
-0.144793 2.675694 -0.694853
-0.143276 2.676103 -0.705661
-0.146223 2.654836 -0.705122
-0.148338 2.636217 -0.710859
-0.145611 2.655608 -0.710621
-0.145419 2.656377 -0.716728
-0.147821 2.637544 -0.715745
-0.147830 2.638814 -0.721014
-0.149323 2.623143 -0.720889
-0.150426 2.611498 -0.725507
-0.149281 2.624398 -0.725393
-0.149871 2.621759 -0.716630
-0.150999 2.610051 -0.722159
-0.149766 2.625399 -0.729800
-0.150143 2.612775 -0.729050
-0.150218 2.613821 -0.732898
-0.151224 2.602100 -0.732829
-0.151097 2.603057 -0.735841
-0.151605 2.601028 -0.730110
-0.151291 2.603724 -0.738960
-0.152507 2.593284 -0.738595
-0.152545 2.593992 -0.741020
-0.154038 2.586156 -0.742902
-0.152821 2.594374 -0.743561
-0.152075 2.604320 -0.742136
-0.153608 2.594939 -0.746060
-0.154193 2.586753 -0.744958
-0.153552 2.604717 -0.745185
-0.155005 2.615724 -0.743991
-0.155613 2.604822 -0.747849
-0.158400 2.615808 -0.746894
-0.162373 2.615612 -0.749195
-0.161523 2.627502 -0.745913
-0.166589 2.627409 -0.748446
-0.156946 2.627375 -0.742764
-0.163655 2.641676 -0.744481
-0.169920 2.642011 -0.747082
-0.158187 2.641190 -0.740953
-0.163890 2.659213 -0.742883
-0.157217 2.658535 -0.739395
-0.165141 2.680192 -0.740225
-0.171589 2.659938 -0.745287
-0.173592 2.680448 -0.742603
-0.179805 2.660397 -0.746723
-0.176634 2.642140 -0.748839
-0.170762 2.703099 -0.735365
-0.157663 2.679985 -0.736720
-0.162354 2.703147 -0.731633
-0.151399 2.679423 -0.731963
-0.146918 2.678549 -0.726082
-0.155077 2.702704 -0.726583
-0.151706 2.657908 -0.735184
-0.153816 2.640645 -0.736686
-0.147831 2.657369 -0.729677
-0.150587 2.640103 -0.731811
-0.145947 2.656982 -0.723467
-0.144206 2.677315 -0.719062
-0.148692 2.639599 -0.726417
-0.145726 2.701401 -0.713157
-0.143151 2.676544 -0.712094
-0.143758 2.701746 -0.706668
-0.149326 2.701742 -0.720217
-0.161907 2.728135 -0.713784
-0.168622 2.727193 -0.719734
-0.176199 2.726012 -0.724752
-0.192611 2.744383 -0.720076
-0.151199 2.626197 -0.734419
-0.153683 2.626880 -0.738754
-0.150945 2.614636 -0.736731
-0.152465 2.615289 -0.740504
-0.145405 2.700119 -0.685160
-0.153241 2.726642 -0.682217
-0.156648 2.725424 -0.678628
-0.207564 2.782132 -0.694007
-0.209075 2.781444 -0.698127
-0.223474 2.795189 -0.697267
-0.291887 2.828678 -0.678709
-0.300118 2.842106 -0.679142
-0.306114 2.841056 -0.680700
-0.321427 2.937334 -0.678606
-0.175865 2.650843 -0.686813
-0.167182 2.580565 -0.745727
-0.163452 2.589911 -0.750614
-0.167344 2.591541 -0.750826
-0.167374 2.595990 -0.751410
-0.171601 2.594461 -0.751073
-0.177177 2.600842 -0.751411
-0.173670 2.592508 -0.750297
-0.170263 2.596568 -0.751507
-0.173953 2.602390 -0.751809
-0.180291 2.611829 -0.752004
-0.209472 2.648620 -0.697887
-0.202338 2.635201 -0.699670
-0.195213 2.631907 -0.698444
-0.479929 3.205622 -0.703838
-0.481178 3.205019 -0.700765
-0.489678 3.219582 -0.697228
-0.496441 3.251229 -0.698843
-0.459697 3.283467 -0.670894
-0.462140 3.297958 -0.662201
-0.490002 3.357342 -0.639416
-0.601008 3.556208 -0.465336
-0.596974 3.549218 -0.492260
-0.606473 3.556089 -0.464195
-0.602707 3.549532 -0.490567
-0.612315 3.555399 -0.463048
-0.625219 3.554608 -0.438801
-0.618291 3.554007 -0.461667
-0.631668 3.552642 -0.438399
-0.642812 3.550541 -0.419874
-0.638308 3.549936 -0.437639
-0.649380 3.548084 -0.419703
-0.648822 3.550271 -0.406471
-0.636168 3.552559 -0.419922
-0.630011 3.554149 -0.420070
-0.642434 3.551852 -0.406741
-0.642905 3.552402 -0.397562
-0.635939 3.553341 -0.407229
-0.637195 3.553339 -0.398268
-0.629956 3.554220 -0.407601
-0.631899 3.554197 -0.398871
-0.623693 3.555034 -0.419989
-0.624086 3.554840 -0.407927
-0.618260 3.555164 -0.408404
-0.626795 3.555008 -0.399483
-0.617786 3.555322 -0.419984
-0.607563 3.557028 -0.439880
-0.612529 3.555351 -0.420063
-0.607147 3.554828 -0.420216
-0.602607 3.556413 -0.440010
-0.597873 3.555332 -0.439960
-0.612550 3.555207 -0.408987
-0.617931 3.555957 -0.400822
-0.621710 3.555415 -0.401798
-0.623267 3.555718 -0.397053
-0.628298 3.555023 -0.395203
-0.633255 3.554330 -0.393662
-0.627078 3.555235 -0.391286
-0.638567 3.553384 -0.392227
-0.632084 3.554299 -0.389114
-0.613270 3.556783 -0.439528
-0.595994 3.555696 -0.465948
-0.619136 3.555921 -0.439140
-0.620066 3.525725 -0.371525
-0.621652 3.538288 -0.371139
-0.616933 3.541648 -0.373277
-0.618007 3.545817 -0.374753
-0.618053 3.549696 -0.378012
-0.612330 3.552410 -0.381541
-0.652713 3.524301 -0.366593
-0.660380 3.524310 -0.367848
-0.657825 3.519040 -0.366915
-0.650071 3.519472 -0.366427
-0.665319 3.519464 -0.368230
-0.662136 3.513371 -0.368626
-0.664944 3.507663 -0.372331
-0.654576 3.513482 -0.368026
-0.669440 3.514127 -0.369994
-0.671803 3.508677 -0.373786
-0.671452 3.503971 -0.380279
-0.664732 3.502903 -0.379004
-0.687429 3.520120 -0.394393
-0.686593 3.521392 -0.384859
-0.686858 3.524136 -0.387990
-0.683774 3.526830 -0.382628
-0.685165 3.528169 -0.387499
-0.666592 3.541640 -0.385162
-0.503291 3.331516 -0.607410
-0.433729 3.262728 -0.636366
-0.407369 3.221771 -0.653725
-0.420009 3.203733 -0.651299
-0.425407 3.203197 -0.651806
-0.418196 3.188660 -0.655074
-0.430967 3.202754 -0.652889
-0.423700 3.188245 -0.656195
-0.438455 3.217002 -0.649140
-0.436543 3.202408 -0.654494
-0.442031 3.202164 -0.656560
-0.429212 3.187922 -0.657822
-0.444132 3.216637 -0.650723
-0.449711 3.216373 -0.652783
-0.451812 3.230733 -0.646486
-0.457507 3.230469 -0.648541
-0.455108 3.216212 -0.655251
-0.447330 3.202013 -0.659038
-0.460235 3.216145 -0.658074
-0.452374 3.201946 -0.661857
-0.444832 3.187499 -0.665224
-0.439852 3.187557 -0.662403
-0.449511 3.187509 -0.668315
-0.442382 3.172669 -0.671289
-0.446708 3.172728 -0.674580
-0.434626 3.187695 -0.659914
-0.422252 3.173069 -0.660755
-0.389434 3.160113 -0.660271
-0.391930 3.176161 -0.659042
3 0 3 4
3 0 4 1
3 0 1 63
3 0 63 2
3 0 2 5
3 0 5 3
3 6 7 4
3 6 4 3
3 9 6 3
3 9 3 5
3 72 7 6
3 72 6 8
3 8 6 9
3 8 9 10
3 10 9 11
3 10 11 12
3 14 11 9
3 14 9 5
3 12 11 13
3 12 13 84
3 13 11 14
3 13 14 15
3 16 18 15
3 16 15 14
3 16 14 5
3 16 5 2
3 17 20 18
3 17 18 16
3 17 16 2
3 17 2 63
3 89 15 18
3 89 18 19
3 20 22 19
3 20 19 18
3 20 21 24
3 20 24 22
3 17 60 21
3 17 21 20
3 92 19 22
3 92 22 23
3 24 26 23
3 24 23 22
3 24 21 57
3 24 57 25
3 24 25 28
3 24 28 26
3 95 23 26
3 95 26 27
3 28 30 27
3 28 27 26
3 28 25 55
3 28 55 29
3 28 29 32
3 28 32 30
3 98 27 30
3 98 30 31
3 33 31 30
3 33 30 32
3 33 32 34
3 33 34 35
3 29 36 34
3 29 34 32
3 37 38 35
3 37 35 34
3 40 37 34
3 40 34 36
3 107 38 37
3 107 37 39
3 40 42 39
3 40 39 37
3 40 41 44
3 40 44 42
3 54 41 40
3 54 40 36
3 110 39 42
3 110 42 43
3 44 45 43
3 44 43 42
3 44 41 49
3 44 49 46
3 44 46 47
3 44 47 45
3 122 47 46
3 122 46 48
3 48 46 49
3 48 49 50
3 50 49 51
3 50 51 52
3 54 51 49
3 54 49 41
3 53 56 52
3 53 52 51
3 54 55 53
3 54 53 51
3 29 55 54
3 29 54 36
3 53 55 25
3 53 25 57
3 53 57 58
3 53 58 56
3 57 21 60
3 57 60 58
3 58 59 131
3 58 131 56
3 61 59 58
3 61 58 60
3 61 60 17
3 61 17 63
3 62 64 59
3 62 59 61
3 62 61 63
3 62 63 1
3 66 64 62
3 66 62 65
3 65 62 1
3 65 1 4
3 66 65 67
3 66 67 68
3 65 4 7
3 65 7 67
3 70 68 67
3 70 67 69
3 69 67 7
3 69 7 72
3 70 69 71
3 70 71 142
3 69 72 73
3 69 73 71
3 72 8 75
3 72 75 73
3 145 71 73
3 145 73 74
3 74 73 75
3 74 75 76
3 76 75 77
3 76 77 78
3 8 10 77
3 8 77 75
3 78 77 79
3 78 79 80
3 10 12 79
3 10 79 77
3 80 79 81
3 80 81 82
3 12 84 81
3 12 81 79
3 82 81 83
3 82 83 161
3 83 81 84
3 83 84 85
3 13 87 85
3 13 85 84
3 83 85 86
3 83 86 164
3 86 85 87
3 86 87 88
3 89 90 88
3 89 88 87
3 13 15 89
3 13 89 87
3 89 19 92
3 89 92 90
3 169 88 90
3 169 90 91
3 92 93 91
3 92 91 90
3 92 23 95
3 92 95 93
3 172 91 93
3 172 93 94
3 95 96 94
3 95 94 93
3 95 27 98
3 95 98 96
3 175 94 96
3 175 96 97
3 98 99 97
3 98 97 96
3 98 31 100
3 98 100 99
3 99 100 104
3 99 104 101
3 99 101 102
3 99 102 97
3 180 102 101
3 180 101 103
3 104 105 103
3 104 103 101
3 104 100 35
3 104 35 38
3 104 38 107
3 104 107 105
3 183 103 105
3 183 105 106
3 107 108 106
3 107 106 105
3 107 39 110
3 107 110 108
3 186 106 108
3 186 108 109
3 110 111 109
3 110 109 108
3 110 43 113
3 110 113 111
3 189 109 111
3 189 111 112
3 113 114 112
3 113 112 111
3 113 43 45
3 113 45 115
3 113 115 116
3 113 116 114
3 47 117 115
3 47 115 45
3 116 115 117
3 116 117 118
3 119 120 118
3 119 118 117
3 122 119 117
3 122 117 47
3 205 120 119
3 205 119 121
3 121 119 122
3 121 122 123
3 122 48 125
3 122 125 123
3 208 121 123
3 208 123 124
3 126 124 123
3 126 123 125
3 126 125 127
3 126 127 128
3 48 50 127
3 48 127 125
3 129 130 128
3 129 128 127
3 50 52 129
3 50 129 127
3 129 52 56
3 129 56 131
3 129 131 132
3 129 132 130
3 132 131 59
3 132 59 64
3 132 133 134
3 132 134 130
3 132 64 66
3 132 66 133
3 134 133 135
3 134 135 136
3 66 68 135
3 66 135 133
3 138 136 135
3 138 135 137
3 137 135 68
3 137 68 70
3 138 137 139
3 138 139 140
3 137 70 142
3 137 142 139
3 141 214 140
3 141 140 139
3 141 139 142
3 141 142 143
3 143 142 71
3 143 71 145
3 141 143 144
3 141 144 234
3 143 145 146
3 143 146 144
3 145 74 148
3 145 148 146
3 236 144 146
3 236 146 147
3 147 146 148
3 147 148 149
3 149 148 150
3 149 150 151
3 74 76 150
3 74 150 148
3 151 150 152
3 151 152 153
3 76 78 152
3 76 152 150
3 153 152 154
3 153 154 155
3 78 80 154
3 78 154 152
3 155 154 156
3 155 156 157
3 80 82 156
3 80 156 154
3 157 156 158
3 157 158 159
3 82 161 158
3 82 158 156
3 159 158 160
3 159 160 256
3 160 158 161
3 160 161 162
3 83 164 162
3 83 162 161
3 160 162 163
3 160 163 259
3 163 162 164
3 163 164 165
3 86 167 165
3 86 165 164
3 163 165 166
3 163 166 262
3 166 165 167
3 166 167 168
3 169 170 168
3 169 168 167
3 86 88 169
3 86 169 167
3 169 91 172
3 169 172 170
3 266 168 170
3 266 170 171
3 172 173 171
3 172 171 170
3 172 94 175
3 172 175 173
3 271 171 173
3 271 173 174
3 175 176 174
3 175 174 173
3 175 97 102
3 175 102 176
3 176 102 180
3 176 180 177
3 176 177 178
3 176 178 174
3 274 178 177
3 274 177 179
3 180 181 179
3 180 179 177
3 180 103 183
3 180 183 181
3 281 179 181
3 281 181 182
3 183 184 182
3 183 182 181
3 183 106 186
3 183 186 184
3 283 182 184
3 283 184 185
3 186 187 185
3 186 185 184
3 186 109 189
3 186 189 187
3 306 185 187
3 306 187 188
3 189 190 188
3 189 188 187
3 189 112 192
3 189 192 190
3 307 188 190
3 307 190 191
3 192 193 191
3 192 191 190
3 192 112 114
3 192 114 194
3 192 194 195
3 192 195 193
3 116 196 194
3 116 194 114
3 195 194 196
3 195 196 197
3 198 199 197
3 198 197 196
3 116 118 198
3 116 198 196
3 198 118 120
3 198 120 200
3 198 200 201
3 198 201 199
3 200 120 205
3 200 205 202
3 200 202 203
3 200 203 201
3 215 203 202
3 215 202 204
3 205 206 204
3 205 204 202
3 205 121 208
3 205 208 206
3 211 204 206
3 211 206 207
3 208 209 207
3 208 207 206
3 208 124 210
3 208 210 209
3 138 207 209
3 138 209 136
3 134 136 209
3 134 209 210
3 134 210 128
3 134 128 130
3 126 128 210
3 126 210 124
3 211 207 138
3 211 138 140
3 215 204 211
3 215 211 212
3 211 140 214
3 211 214 212
3 215 212 213
3 215 213 216
3 233 213 212
3 233 212 214
3 218 203 215
3 218 215 216
3 218 216 217
3 218 217 220
3 230 217 216
3 230 216 213
3 219 201 203
3 219 203 218
3 219 218 220
3 219 220 221
3 223 221 220
3 223 220 222
3 222 220 217
3 222 217 225
3 223 222 224
3 223 224 343
3 222 225 226
3 222 226 224
3 225 217 230
3 225 230 227
3 225 227 228
3 225 228 226
3 355 228 227
3 355 227 229
3 230 231 229
3 230 229 227
3 230 213 233
3 230 233 231
3 235 229 231
3 235 231 232
3 233 234 232
3 233 232 231
3 233 214 141
3 233 141 234
3 236 232 234
3 236 234 144
3 235 232 236
3 235 236 237
3 236 147 239
3 236 239 237
3 235 237 238
3 235 238 356
3 240 238 237
3 240 237 239
3 240 239 241
3 240 241 242
3 147 149 241
3 147 241 239
3 242 241 243
3 242 243 244
3 149 151 243
3 149 243 241
3 244 243 245
3 244 245 246
3 151 153 245
3 151 245 243
3 246 245 247
3 246 247 248
3 153 155 247
3 153 247 245
3 248 247 249
3 248 249 250
3 155 157 249
3 155 249 247
3 250 249 251
3 250 251 252
3 157 159 251
3 157 251 249
3 252 251 253
3 252 253 254
3 159 256 253
3 159 253 251
3 254 253 255
3 254 255 379
3 255 253 256
3 255 256 257
3 160 259 257
3 160 257 256
3 255 257 258
3 255 258 382
3 258 257 259
3 258 259 260
3 163 262 260
3 163 260 259
3 258 260 261
3 258 261 385
3 261 260 262
3 261 262 263
3 166 265 263
3 166 263 262
3 261 263 264
3 261 264 388
3 265 267 264
3 265 264 263
3 265 266 269
3 265 269 267
3 166 168 266
3 166 266 265
3 264 267 268
3 264 268 390
3 270 268 267
3 270 267 269
3 271 272 270
3 271 270 269
3 266 171 271
3 266 271 269
3 271 174 178
3 271 178 272
3 272 178 274
3 272 274 273
3 272 273 275
3 272 275 270
3 273 274 279
3 273 279 276
3 273 276 277
3 273 277 275
3 278 643 277
3 278 277 276
3 278 276 279
3 278 279 280
3 281 282 280
3 281 280 279
3 274 179 281
3 274 281 279
3 281 182 283
3 281 283 282
3 284 286 280
3 284 280 282
3 283 285 284
3 283 284 282
3 287 284 285
3 287 285 289
3 287 290 286
3 287 286 284
3 287 288 292
3 287 292 290
3 302 288 287
3 302 287 289
3 290 291 643
3 290 643 286
3 293 291 290
3 293 290 292
3 293 292 294
3 293 294 295
3 294 292 288
3 294 288 297
3 294 296 409
3 294 409 295
3 294 297 298
3 294 298 296
3 302 299 297
3 302 297 288
3 298 297 299
3 298 299 300
3 301 314 300
3 301 300 299
3 301 299 302
3 301 302 303
3 302 289 305
3 302 305 303
3 301 303 304
3 301 304 309
3 307 304 303
3 307 303 305
3 306 188 307
3 306 307 305
3 306 305 289
3 306 289 285
3 307 191 308
3 307 308 304
3 283 185 306
3 283 306 285
3 308 310 309
3 308 309 304
3 311 309 310
3 311 310 313
3 311 314 301
3 311 301 309
3 311 312 315
3 311 315 314
3 325 312 311
3 325 311 313
3 316 300 314
3 316 314 315
3 316 315 317
3 316 317 318
3 317 315 312
3 317 312 320
3 317 319 419
3 317 419 318
3 317 320 321
3 317 321 319
3 325 322 320
3 325 320 312
3 321 320 322
3 321 322 323
3 324 429 323
3 324 323 322
3 324 322 325
3 324 325 326
3 325 313 328
3 325 328 326
3 642 324 326
3 642 326 327
3 330 327 326
3 330 326 328
3 329 331 330
3 329 330 328
3 329 328 313
3 329 313 310
3 330 331 333
3 330 333 332
3 330 332 334
3 330 334 327
3 337 335 332
3 337 332 333
3 334 332 335
3 334 335 336
3 336 335 223
3 336 223 343
3 223 335 337
3 223 337 221
3 338 219 221
3 338 221 337
3 339 338 337
3 339 337 333
3 338 199 201
3 338 201 219
3 339 197 199
3 339 199 338
3 195 197 339
3 195 339 340
3 339 333 331
3 339 331 340
3 195 340 341
3 195 341 193
3 329 341 340
3 329 340 331
3 308 191 193
3 308 193 341
3 308 341 329
3 308 329 310
3 334 336 342
3 334 342 641
3 336 343 344
3 336 344 342
3 346 344 343
3 346 343 224
3 345 438 342
3 345 342 344
3 345 344 346
3 345 346 347
3 346 348 349
3 346 349 347
3 346 224 226
3 346 226 348
3 348 226 228
3 348 228 350
3 348 350 351
3 348 351 349
3 350 228 355
3 350 355 352
3 350 352 353
3 350 353 351
3 357 353 352
3 357 352 354
3 355 356 354
3 355 354 352
3 355 229 235
3 355 235 356
3 358 354 356
3 358 356 238
3 357 354 358
3 357 358 359
3 358 360 361
3 358 361 359
3 358 238 240
3 358 240 360
3 363 361 360
3 363 360 362
3 240 242 362
3 240 362 360
3 363 362 364
3 363 364 365
3 242 244 364
3 242 364 362
3 365 364 366
3 365 366 367
3 244 246 366
3 244 366 364
3 367 366 368
3 367 368 369
3 246 248 368
3 246 368 366
3 369 368 370
3 369 370 371
3 248 250 370
3 248 370 368
3 371 370 372
3 371 372 373
3 250 252 372
3 250 372 370
3 373 372 374
3 373 374 375
3 252 254 374
3 252 374 372
3 375 374 376
3 375 376 377
3 254 379 376
3 254 376 374
3 377 376 378
3 377 378 475
3 378 376 379
3 378 379 380
3 255 382 380
3 255 380 379
3 378 380 381
3 378 381 478
3 381 380 382
3 381 382 383
3 258 385 383
3 258 383 382
3 381 383 384
3 381 384 481
3 384 383 385
3 384 385 386
3 261 388 386
3 261 386 385
3 384 386 387
3 384 387 484
3 388 389 387
3 388 387 386
3 388 264 390
3 388 390 389
3 389 390 392
3 389 392 391
3 389 391 393
3 389 393 387
3 391 392 395
3 391 395 394
3 391 394 396
3 391 396 393
3 394 395 398
3 394 398 397
3 394 397 399
3 394 399 396
3 397 398 401
3 397 401 400
3 397 400 402
3 397 402 399
3 400 401 404
3 400 404 403
3 400 403 405
3 400 405 402
3 403 404 291
3 403 291 293
3 403 293 295
3 403 295 405
3 407 402 405
3 407 405 406
3 406 405 295
3 406 295 409
3 407 406 408
3 407 408 491
3 406 409 410
3 406 410 408
3 410 409 296
3 410 296 412
3 410 411 494
3 410 494 408
3 410 412 413
3 410 413 411
3 298 414 412
3 298 412 296
3 413 412 414
3 413 414 415
3 316 318 415
3 316 415 414
3 298 300 316
3 298 316 414
3 413 415 416
3 413 416 417
3 416 415 318
3 416 318 419
3 416 418 500
3 416 500 417
3 416 419 420
3 416 420 418
3 420 419 319
3 420 319 422
3 420 421 503
3 420 503 418
3 420 422 423
3 420 423 421
3 321 424 422
3 321 422 319
3 423 422 424
3 423 424 425
3 426 427 425
3 426 425 424
3 321 323 426
3 321 426 424
3 426 323 429
3 426 429 428
3 426 428 430
3 426 430 427
3 431 428 429
3 431 429 433
3 430 428 431
3 430 431 432
3 431 434 436
3 431 436 432
3 431 433 435
3 431 435 434
3 434 435 438
3 434 438 437
3 434 437 439
3 434 439 436
3 437 438 345
3 437 345 440
3 437 440 441
3 437 441 439
3 443 441 440
3 443 440 442
3 345 347 442
3 345 442 440
3 443 442 444
3 443 444 445
3 444 442 347
3 444 347 349
3 444 446 447
3 444 447 445
3 444 349 351
3 444 351 446
3 446 351 353
3 446 353 448
3 446 448 449
3 446 449 447
3 448 353 357
3 448 357 450
3 448 450 451
3 448 451 449
3 453 451 450
3 453 450 452
3 357 359 452
3 357 452 450
3 453 452 454
3 453 454 455
3 454 452 359
3 454 359 361
3 454 456 457
3 454 457 455
3 454 361 363
3 454 363 456
3 459 457 456
3 459 456 458
3 363 365 458
3 363 458 456
3 459 458 460
3 459 460 461
3 365 367 460
3 365 460 458
3 461 460 462
3 461 462 463
3 367 369 462
3 367 462 460
3 463 462 464
3 463 464 465
3 369 371 464
3 369 464 462
3 465 464 466
3 465 466 467
3 371 373 466
3 371 466 464
3 467 466 468
3 467 468 469
3 373 375 468
3 373 468 466
3 469 468 470
3 469 470 471
3 375 377 470
3 375 470 468
3 471 470 472
3 471 472 473
3 377 475 472
3 377 472 470
3 473 472 474
3 473 474 557
3 474 472 475
3 474 475 476
3 378 478 476
3 378 476 475
3 474 476 477
3 474 477 560
3 477 476 478
3 477 478 479
3 381 481 479
3 381 479 478
3 477 479 480
3 477 480 563
3 480 479 481
3 480 481 482
3 384 484 482
3 384 482 481
3 480 482 483
3 480 483 566
3 484 485 483
3 484 483 482
3 484 387 393
3 484 393 485
3 485 393 396
3 485 396 486
3 485 486 487
3 485 487 483
3 486 396 399
3 486 399 488
3 486 488 489
3 486 489 487
3 488 399 402
3 488 402 407
3 488 407 491
3 488 491 489
3 567 487 489
3 567 489 490
3 490 489 491
3 490 491 492
3 492 491 408
3 492 408 494
3 490 492 493
3 490 493 569
3 492 494 495
3 492 495 493
3 495 494 411
3 495 411 497
3 495 496 572
3 495 572 493
3 495 497 498
3 495 498 496
3 413 417 497
3 413 497 411
3 498 497 417
3 498 417 500
3 498 499 575
3 498 575 496
3 498 500 501
3 498 501 499
3 501 500 418
3 501 418 503
3 501 502 578
3 501 578 499
3 501 503 504
3 501 504 502
3 504 503 421
3 504 421 506
3 504 505 581
3 504 581 502
3 504 506 507
3 504 507 505
3 423 508 506
3 423 506 421
3 507 506 508
3 507 508 509
3 510 511 509
3 510 509 508
3 423 425 510
3 423 510 508
3 510 425 427
3 510 427 512
3 510 512 513
3 510 513 511
3 430 514 512
3 430 512 427
3 513 512 514
3 513 514 515
3 515 514 516
3 515 516 517
3 430 432 516
3 430 516 514
3 518 519 517
3 518 517 516
3 518 516 432
3 518 432 436
3 518 436 439
3 518 439 519
3 521 517 519
3 521 519 520
3 520 519 439
3 520 439 441
3 521 520 522
3 521 522 523
3 520 441 443
3 520 443 522
3 525 523 522
3 525 522 524
3 443 445 524
3 443 524 522
3 525 524 526
3 525 526 527
3 526 524 445
3 526 445 447
3 526 528 529
3 526 529 527
3 526 447 449
3 526 449 528
3 528 449 451
3 528 451 530
3 528 530 531
3 528 531 529
3 530 451 453
3 530 453 532
3 530 532 533
3 530 533 531
3 535 533 532
3 535 532 534
3 453 455 534
3 453 534 532
3 535 534 536
3 535 536 537
3 536 534 455
3 536 455 457
3 536 538 539
3 536 539 537
3 536 457 459
3 536 459 538
3 541 539 538
3 541 538 540
3 459 461 540
3 459 540 538
3 541 540 542
3 541 542 543
3 461 463 542
3 461 542 540
3 543 542 544
3 543 544 545
3 463 465 544
3 463 544 542
3 545 544 546
3 545 546 547
3 465 467 546
3 465 546 544
3 549 547 546
3 549 546 548
3 467 469 548
3 467 548 546
3 549 548 550
3 549 550 551
3 469 471 550
3 469 550 548
3 552 553 551
3 552 551 550
3 471 473 552
3 471 552 550
3 555 553 552
3 555 552 554
3 473 557 554
3 473 554 552
3 555 554 556
3 555 556 622
3 556 554 557
3 556 557 558
3 474 560 558
3 474 558 557
3 556 558 559
3 556 559 634
3 559 558 560
3 559 560 561
3 477 563 561
3 477 561 560
3 559 561 562
3 559 562 637
3 562 561 563
3 562 563 564
3 480 566 564
3 480 564 563
3 562 564 565
3 562 565 568
3 566 567 565
3 566 565 564
3 566 483 487
3 566 487 567
3 567 490 569
3 567 569 565
3 568 565 569
3 568 569 570
3 570 569 493
3 570 493 572
3 568 570 571
3 568 571 638
3 570 572 573
3 570 573 571
3 573 572 496
3 573 496 575
3 573 574 639
3 573 639 571
3 573 575 576
3 573 576 574
3 576 575 499
3 576 499 578
3 576 577 640
3 576 640 574
3 576 578 579
3 576 579 577
3 579 578 502
3 579 502 581
3 579 580 624
3 579 624 577
3 579 581 582
3 579 582 580
3 582 581 505
3 582 505 584
3 582 583 625
3 582 625 580
3 582 584 585
3 582 585 583
3 507 586 584
3 507 584 505
3 585 584 586
3 585 586 587
3 588 589 587
3 588 587 586
3 507 509 588
3 507 588 586
3 588 509 511
3 588 511 590
3 588 590 591
3 588 591 589
3 513 592 590
3 513 590 511
3 591 590 592
3 591 592 593
3 594 595 593
3 594 593 592
3 513 515 594
3 513 594 592
3 594 515 517
3 594 517 521
3 594 521 523
3 594 523 595
3 597 593 595
3 597 595 596
3 596 595 523
3 596 523 525
3 597 596 598
3 597 598 599
3 596 525 527
3 596 527 598
3 600 601 599
3 600 599 598
3 600 598 527
3 600 527 529
3 600 529 531
3 600 531 601
3 602 601 531
3 602 531 533
3 602 603 599
3 602 599 601
3 605 603 602
3 605 602 604
3 602 533 535
3 602 535 604
3 605 604 606
3 605 606 607
3 535 537 606
3 535 606 604
3 608 609 607
3 608 607 606
3 608 606 537
3 608 537 539
3 611 609 608
3 611 608 610
3 608 539 541
3 608 541 610
3 611 610 612
3 611 612 613
3 541 543 612
3 541 612 610
3 614 616 613
3 614 613 612
3 543 545 614
3 543 614 612
3 614 545 547
3 614 547 615
3 614 615 618
3 614 618 616
3 626 613 616
3 626 616 617
3 618 619 617
3 618 617 616
3 618 615 551
3 618 551 553
3 618 553 555
3 618 555 619
3 623 617 619
3 623 619 620
3 555 622 620
3 555 620 619
3 621 624 623
3 621 623 620
3 621 620 622
3 621 622 632
3 623 624 580
3 623 580 625
3 623 625 626
3 623 626 617
3 626 625 583
3 626 583 627
3 626 627 611
3 626 611 613
3 585 628 627
3 585 627 583
3 611 627 628
3 611 628 609
3 629 607 609
3 629 609 628
3 585 587 629
3 585 629 628
3 629 587 589
3 629 589 630
3 629 630 605
3 629 605 607
3 591 631 630
3 591 630 589
3 605 630 631
3 605 631 603
3 597 599 603
3 597 603 631
3 591 593 597
3 591 597 631
3 621 640 577
3 621 577 624
3 556 634 632
3 556 632 622
3 633 640 621
3 633 621 632
3 633 632 634
3 633 634 635
3 559 637 635
3 559 635 634
3 636 639 633
3 636 633 635
3 636 635 637
3 636 637 638
3 562 568 638
3 562 638 637
3 636 638 571
3 636 571 639
3 633 639 574
3 633 574 640
3 549 551 615
3 549 615 547
3 641 342 438
3 641 438 435
3 642 641 435
3 642 435 433
3 334 641 642
3 334 642 327
3 642 433 429
3 642 429 324
3 404 401 275
3 404 275 277
3 291 404 277
3 291 277 643
3 270 275 401
3 270 401 398
3 270 398 395
3 270 395 268
3 392 390 268
3 392 268 395
3 278 280 286
3 278 286 643
3 33 35 100
3 33 100 31
3 644 647 649
3 644 649 645
3 644 645 3085
3 644 3085 646
3 644 646 650
3 644 650 647
3 648 647 650
3 648 650 652
3 648 3777 649
3 648 649 647
3 3087 651 650
3 3087 650 646
3 652 650 651
3 652 651 654
3 648 652 653
3 648 653 3781
3 656 653 652
3 656 652 654
3 655 658 656
3 655 656 654
3 655 654 651
3 655 651 3834
3 656 657 3783
3 656 3783 653
3 656 658 660
3 656 660 657
3 661 660 658
3 661 658 659
3 655 3836 659
3 655 659 658
3 662 663 657
3 662 657 660
3 662 660 661
3 662 661 665
3 3796 663 662
3 3796 662 664
3 667 664 662
3 667 662 665
3 666 668 667
3 666 667 665
3 666 665 661
3 666 661 3842
3 667 668 670
3 667 670 669
3 667 669 671
3 667 671 664
3 674 672 669
3 674 669 670
3 671 669 672
3 671 672 673
3 675 678 673
3 675 673 672
3 674 676 675
3 674 675 672
3 675 676 3059
3 675 3059 677
3 675 677 679
3 675 679 678
3 681 673 678
3 681 678 680
3 679 683 680
3 679 680 678
3 681 680 682
3 681 682 3794
3 682 680 683
3 682 683 685
3 679 3057 684
3 679 684 683
3 684 687 685
3 684 685 683
3 682 685 686
3 682 686 3797
3 686 685 687
3 686 687 688
3 684 690 689
3 684 689 687
3 689 692 688
3 689 688 687
3 689 690 3054
3 689 3054 691
3 689 691 694
3 689 694 692
3 3817 688 692
3 3817 692 693
3 694 695 693
3 694 693 692
3 694 696 698
3 694 698 695
3 694 691 697
3 694 697 696
3 700 699 696
3 700 696 697
3 698 696 699
3 698 699 702
3 701 699 700
3 701 700 3052
3 701 704 702
3 701 702 699
3 698 702 703
3 698 703 3729
3 703 702 704
3 703 704 705
3 706 708 705
3 706 705 704
3 706 704 701
3 706 701 709
3 3719 708 706
3 3719 706 707
3 711 707 706
3 711 706 709
3 710 713 711
3 710 711 709
3 710 709 701
3 710 701 3052
3 711 712 3718
3 711 3718 707
3 711 713 715
3 711 715 712
3 710 3048 714
3 710 714 713
3 716 715 713
3 716 713 714
3 716 720 717
3 716 717 715
3 717 718 712
3 717 712 715
3 717 719 741
3 717 741 718
3 717 720 722
3 717 722 719
3 716 2756 721
3 716 721 720
3 723 722 720
3 723 720 721
3 724 727 719
3 724 719 722
3 723 725 724
3 723 724 722
3 724 725 2768
3 724 2768 726
3 724 726 729
3 724 729 727
3 741 719 727
3 741 727 728
3 729 731 728
3 729 728 727
3 729 726 2833
3 729 2833 730
3 729 730 732
3 729 732 731
3 736 728 731
3 736 731 733
3 732 734 733
3 732 733 731
3 735 733 734
3 735 734 2899
3 736 733 735
3 736 735 737
3 736 737 740
3 736 740 738
3 741 728 736
3 741 736 738
3 741 738 739
3 741 739 718
3 742 739 738
3 742 738 740
3 742 740 743
3 742 743 744
3 743 740 737
3 743 737 746
3 743 745 3712
3 743 3712 744
3 743 746 748
3 743 748 745
3 735 747 746
3 735 746 737
3 748 746 747
3 748 747 750
3 748 749 3709
3 748 3709 745
3 748 750 752
3 748 752 749
3 2902 751 750
3 2902 750 747
3 752 750 751
3 752 751 754
3 752 754 756
3 752 756 753
3 752 753 3707
3 752 3707 749
3 2903 755 754
3 2903 754 751
3 756 754 755
3 756 755 758
3 756 757 3676
3 756 3676 753
3 756 758 759
3 756 759 757
3 761 760 758
3 761 758 755
3 759 758 760
3 759 760 763
3 761 2889 762
3 761 762 760
3 762 765 763
3 762 763 760
3 759 763 764
3 759 764 3679
3 764 763 765
3 764 765 767
3 762 2890 766
3 762 766 765
3 766 769 767
3 766 767 765
3 764 767 768
3 764 768 3580
3 768 767 769
3 768 769 770
3 771 774 770
3 771 770 769
3 766 772 771
3 766 771 769
3 771 772 2906
3 771 2906 773
3 771 773 775
3 771 775 774
3 777 770 774
3 777 774 776
3 775 778 776
3 775 776 774
3 777 776 779
3 777 779 780
3 779 776 778
3 779 778 781
3 779 782 783
3 779 783 780
3 779 781 784
3 779 784 782
3 785 786 783
3 785 783 782
3 784 788 785
3 784 785 782
3 785 787 3383
3 785 3383 786
3 789 787 785
3 789 785 788
3 784 791 790
3 784 790 788
3 790 792 789
3 790 789 788
3 790 791 794
3 790 794 793
3 790 793 795
3 790 795 792
3 798 796 793
3 798 793 794
3 795 793 796
3 795 796 797
3 799 802 797
3 799 797 796
3 798 800 799
3 798 799 796
3 799 800 2928
3 799 2928 801
3 799 801 803
3 799 803 802
3 805 797 802
3 805 802 804
3 803 807 804
3 803 804 802
3 805 804 806
3 805 806 3402
3 806 804 807
3 806 807 808
3 809 810 808
3 809 808 807
3 803 812 809
3 803 809 807
3 809 811 900
3 809 900 810
3 809 812 814
3 809 814 811
3 803 801 813
3 803 813 812
3 816 814 812
3 816 812 813
3 815 889 811
3 815 811 814
3 816 817 815
3 816 815 814
3 816 818 821
3 816 821 817
3 819 818 816
3 819 816 813
3 819 2927 820
3 819 820 818
3 823 821 818
3 823 818 820
3 822 821 823
3 822 823 825
3 822 3946 817
3 822 817 821
3 823 824 827
3 823 827 825
3 823 820 2929
3 823 2929 824
3 822 825 826
3 822 826 3947
3 828 826 825
3 828 825 827
3 828 827 829
3 828 829 830
3 829 827 824
3 829 824 832
3 829 831 866
3 829 866 830
3 829 832 834
3 829 834 831
3 2929 833 832
3 2929 832 824
3 834 832 833
3 834 833 835
3 834 835 838
3 834 838 836
3 834 836 837
3 834 837 831
3 842 837 836
3 842 836 839
3 838 841 839
3 838 839 836
3 840 839 841
3 840 841 3017
3 842 839 840
3 842 840 844
3 842 844 845
3 842 845 843
3 864 837 842
3 864 842 843
3 849 845 844
3 849 844 846
3 840 847 846
3 840 846 844
3 848 846 847
3 848 847 3019
3 849 846 848
3 849 848 850
3 849 850 853
3 849 853 851
3 854 845 849
3 854 849 851
3 854 851 852
3 854 852 856
3 1010 852 851
3 1010 851 853
3 854 855 843
3 854 843 845
3 858 855 854
3 858 854 856
3 858 856 857
3 858 857 859
3 1008 857 856
3 1008 856 852
3 858 860 863
3 858 863 855
3 861 860 858
3 861 858 859
3 861 998 862
3 861 862 860
3 865 863 860
3 865 860 862
3 864 843 855
3 864 855 863
3 865 866 864
3 865 864 863
3 865 867 830
3 865 830 866
3 868 867 865
3 868 865 862
3 868 870 869
3 868 869 867
3 828 830 867
3 828 867 869
3 871 869 870
3 871 870 873
3 871 826 828
3 871 828 869
3 871 872 3947
3 871 3947 826
3 875 872 871
3 875 871 873
3 875 873 874
3 875 874 876
3 3921 874 873
3 3921 873 870
3 878 877 875
3 878 875 876
3 875 877 880
3 875 880 872
3 878 980 879
3 878 879 877
3 882 880 877
3 882 877 879
3 881 3947 872
3 881 872 880
3 882 884 881
3 882 881 880
3 882 883 886
3 882 886 884
3 3922 883 882
3 3922 882 879
3 881 884 885
3 881 885 3946
3 888 885 884
3 888 884 886
3 887 886 883
3 887 883 3924
3 888 886 887
3 888 887 890
3 888 890 891
3 888 891 889
3 815 885 888
3 815 888 889
3 895 891 890
3 895 890 892
3 887 894 892
3 887 892 890
3 893 892 894
3 893 894 3945
3 895 892 893
3 895 893 896
3 895 896 899
3 895 899 897
3 900 891 895
3 900 895 897
3 900 897 898
3 900 898 810
3 901 898 897
3 901 897 899
3 900 811 889
3 900 889 891
3 901 899 902
3 901 902 903
3 902 899 896
3 902 896 905
3 902 904 3411
3 902 3411 903
3 902 905 906
3 902 906 904
3 893 907 905
3 893 905 896
3 906 905 907
3 906 907 909
3 908 910 909
3 908 909 907
3 893 3945 908
3 893 908 907
3 911 909 910
3 911 910 913
3 906 909 911
3 906 911 914
3 911 913 3942
3 911 3942 912
3 911 912 916
3 911 916 914
3 906 914 915
3 906 915 904
3 916 918 915
3 916 915 914
3 916 917 920
3 916 920 918
3 928 917 916
3 928 916 912
3 915 918 919
3 915 919 3412
3 921 919 918
3 921 918 920
3 921 920 922
3 921 922 924
3 922 920 917
3 922 917 925
3 922 925 926
3 922 926 923
3 922 923 3487
3 922 3487 924
3 928 927 925
3 928 925 917
3 926 925 927
3 926 927 930
3 929 927 928
3 929 928 3943
3 929 932 930
3 929 930 927
3 926 930 931
3 926 931 3483
3 931 930 932
3 931 932 933
3 934 935 933
3 934 933 932
3 934 932 929
3 934 929 937
3 3478 935 934
3 3478 934 936
3 939 936 934
3 939 934 937
3 938 941 939
3 938 939 937
3 938 937 929
3 938 929 3943
3 939 940 3477
3 939 3477 936
3 939 941 943
3 939 943 940
3 938 3941 942
3 938 942 941
3 944 943 941
3 944 941 942
3 944 948 945
3 944 945 943
3 945 946 940
3 945 940 943
3 945 947 1159
3 945 1159 946
3 945 948 950
3 945 950 947
3 944 3937 949
3 944 949 948
3 952 950 948
3 952 948 949
3 951 1148 947
3 951 947 950
3 952 953 951
3 952 951 950
3 952 954 957
3 952 957 953
3 955 954 952
3 955 952 949
3 955 3934 956
3 955 956 954
3 959 957 954
3 959 954 956
3 958 957 959
3 958 959 961
3 958 1141 953
3 958 953 957
3 959 960 963
3 959 963 961
3 959 956 971
3 959 971 960
3 958 961 962
3 958 962 1140
3 964 962 961
3 964 961 963
3 964 963 965
3 964 965 966
3 965 963 960
3 965 960 968
3 965 967 1121
3 965 1121 966
3 965 968 969
3 965 969 967
3 971 970 968
3 971 968 960
3 969 968 970
3 969 970 973
3 971 3933 972
3 971 972 970
3 972 975 973
3 972 973 970
3 969 973 974
3 969 974 1118
3 974 973 975
3 974 975 977
3 972 3927 976
3 972 976 975
3 976 978 977
3 976 977 975
3 974 977 979
3 974 979 981
3 979 977 978
3 979 978 980
3 979 980 878
3 979 878 982
3 979 982 983
3 979 983 981
3 985 983 982
3 985 982 984
3 878 876 984
3 878 984 982
3 985 984 986
3 985 986 988
3 986 984 876
3 986 876 874
3 986 987 990
3 986 990 988
3 986 874 3921
3 986 3921 987
3 985 988 989
3 985 989 3920
3 991 989 988
3 991 988 990
3 991 990 992
3 991 992 994
3 992 990 987
3 992 987 995
3 992 993 1036
3 992 1036 994
3 992 995 997
3 992 997 993
3 3921 996 995
3 3921 995 987
3 997 995 996
3 997 996 998
3 997 999 1000
3 997 1000 993
3 997 998 861
3 997 861 999
3 1002 1000 999
3 1002 999 1001
3 861 859 1001
3 861 1001 999
3 1002 1001 1003
3 1002 1003 1004
3 1003 1001 859
3 1003 859 857
3 1003 1005 1006
3 1003 1006 1004
3 1003 857 1008
3 1003 1008 1005
3 1028 1006 1005
3 1028 1005 1007
3 1008 1009 1007
3 1008 1007 1005
3 1008 852 1010
3 1008 1010 1009
3 1014 1007 1009
3 1014 1009 1011
3 1010 1013 1011
3 1010 1011 1009
3 1012 1011 1013
3 1012 1013 3028
3 1014 1011 1012
3 1014 1012 1016
3 1014 1016 1018
3 1014 1018 1015
3 1028 1007 1014
3 1028 1014 1015
3 1012 3040 1017
3 1012 1017 1016
3 1019 1018 1016
3 1019 1016 1017
3 1019 1021 1020
3 1019 1020 1018
3 1020 1023 1015
3 1020 1015 1018
3 1020 1021 3850
3 1020 3850 1022
3 1020 1022 1024
3 1020 1024 1023
3 1028 1015 1023
3 1028 1023 1025
3 1024 1026 1025
3 1024 1025 1023
3 1027 1025 1026
3 1027 1026 1029
3 1027 1006 1028
3 1027 1028 1025
3 1027 1030 1004
3 1027 1004 1006
3 1031 1030 1027
3 1031 1027 1029
3 1031 1033 1032
3 1031 1032 1030
3 1002 1004 1030
3 1002 1030 1032
3 1034 1032 1033
3 1034 1033 1035
3 1034 1000 1002
3 1034 1002 1032
3 1034 1036 993
3 1034 993 1000
3 1037 1036 1034
3 1037 1034 1035
3 1037 1039 994
3 1037 994 1036
3 1037 1035 1059
3 1037 1059 1038
3 1040 1039 1037
3 1040 1037 1038
3 1040 1042 1041
3 1040 1041 1039
3 991 994 1039
3 991 1039 1041
3 1043 1041 1042
3 1043 1042 1045
3 1043 989 991
3 1043 991 1041
3 1043 1044 3920
3 1043 3920 989
3 1046 1044 1043
3 1046 1043 1045
3 1046 1045 1047
3 1046 1047 1049
3 1050 1047 1045
3 1050 1045 1042
3 1048 1047 1050
3 1048 1050 1051
3 1048 1106 1049
3 1048 1049 1047
3 1050 1052 1053
3 1050 1053 1051
3 1050 1042 1040
3 1050 1040 1052
3 1055 1053 1052
3 1055 1052 1054
3 1040 1038 1054
3 1040 1054 1052
3 1055 1054 1056
3 1055 1056 1057
3 1056 1054 1038
3 1056 1038 1059
3 1056 1058 1089
3 1056 1089 1057
3 1056 1059 1060
3 1056 1060 1058
3 1060 1059 1035
3 1060 1035 1033
3 1060 1061 1062
3 1060 1062 1058
3 1060 1033 1031
3 1060 1031 1061
3 1065 1062 1061
3 1065 1061 1063
3 1031 1029 1063
3 1031 1063 1061
3 1064 1067 1065
3 1064 1065 1063
3 1064 1063 1029
3 1064 1029 1026
3 1065 1066 1088
3 1065 1088 1062
3 1065 1067 1068
3 1065 1068 1066
3 1072 1068 1067
3 1072 1067 1069
3 1064 1071 1069
3 1064 1069 1067
3 1070 1069 1071
3 1070 1071 3851
3 1072 1069 1070
3 1072 1070 1073
3 1072 1073 1075
3 1072 1075 1074
3 1077 1068 1072
3 1077 1072 1074
3 3852 1076 1074
3 3852 1074 1075
3 1077 1074 1076
3 1077 1076 1079
3 1077 1078 1066
3 1077 1066 1068
3 1081 1078 1077
3 1081 1077 1079
3 1081 1079 1080
3 1081 1080 1082
3 2087 1080 1079
3 2087 1079 1076
3 1081 1083 1086
3 1081 1086 1078
3 1084 1083 1081
3 1084 1081 1082
3 1084 1937 1085
3 1084 1085 1083
3 1087 1086 1083
3 1087 1083 1085
3 1088 1086 1087
3 1088 1087 1089
3 1088 1066 1078
3 1088 1078 1086
3 1088 1089 1058
3 1088 1058 1062
3 1087 1090 1057
3 1087 1057 1089
3 1087 1085 1091
3 1087 1091 1090
3 1055 1057 1090
3 1055 1090 1092
3 1091 1093 1092
3 1091 1092 1090
3 1094 1092 1093
3 1094 1093 1096
3 1094 1053 1055
3 1094 1055 1092
3 1094 1095 1051
3 1094 1051 1053
3 1098 1095 1094
3 1098 1094 1096
3 1935 1097 1096
3 1935 1096 1093
3 1098 1096 1097
3 1098 1097 1099
3 1101 1100 1098
3 1101 1098 1099
3 1098 1100 1103
3 1098 1103 1095
3 1101 1526 1102
3 1101 1102 1100
3 1104 1103 1100
3 1104 1100 1102
3 1104 1106 1048
3 1104 1048 1103
3 1048 1051 1095
3 1048 1095 1103
3 1104 1105 1107
3 1104 1107 1106
3 1524 1105 1104
3 1524 1104 1102
3 1109 1049 1106
3 1109 1106 1107
3 1108 1107 1105
3 1108 1105 1522
3 1108 1110 1109
3 1108 1109 1107
3 1109 1110 1112
3 1109 1112 1111
3 1109 1111 1046
3 1109 1046 1049
3 1115 1113 1111
3 1115 1111 1112
3 1046 1111 1113
3 1046 1113 1044
3 1114 3920 1044
3 1114 1044 1113
3 1115 1117 1114
3 1115 1114 1113
3 1119 1116 1115
3 1119 1115 1112
3 1115 1116 1118
3 1115 1118 1117
3 1114 1117 981
3 1114 981 983
3 974 981 1117
3 974 1117 1118
3 969 1118 1116
3 969 1116 967
3 1119 1121 967
3 1119 967 1116
3 1119 1112 1110
3 1119 1110 1120
3 1122 1121 1119
3 1122 1119 1120
3 1122 1124 966
3 1122 966 1121
3 1122 1120 1521
3 1122 1521 1123
3 1125 1124 1122
3 1125 1122 1123
3 1125 1127 1126
3 1125 1126 1124
3 964 966 1124
3 964 1124 1126
3 1128 1126 1127
3 1128 1127 1130
3 1128 962 964
3 1128 964 1126
3 1128 1129 1140
3 1128 1140 962
3 1132 1129 1128
3 1132 1128 1130
3 1132 1130 1131
3 1132 1131 1133
3 3919 1131 1130
3 3919 1130 1127
3 1135 1134 1132
3 1135 1132 1133
3 1132 1134 1137
3 1132 1137 1129
3 1135 1343 1136
3 1135 1136 1134
3 1138 1137 1134
3 1138 1134 1136
3 1139 1140 1129
3 1139 1129 1137
3 1138 1142 1139
3 1138 1139 1137
3 1139 1141 958
3 1139 958 1140
3 1139 1142 1143
3 1139 1143 1141
3 1147 1143 1142
3 1147 1142 1144
3 1138 1146 1144
3 1138 1144 1142
3 1145 1144 1146
3 1145 1146 1346
3 1147 1144 1145
3 1147 1145 1149
3 1147 1149 1150
3 1147 1150 1148
3 951 1143 1147
3 951 1147 1148
3 1154 1150 1149
3 1154 1149 1151
3 1145 1153 1151
3 1145 1151 1149
3 1152 1151 1153
3 1152 1153 1495
3 1154 1151 1152
3 1154 1152 1155
3 1154 1155 1158
3 1154 1158 1156
3 1159 1150 1154
3 1159 1154 1156
3 1159 1156 1157
3 1159 1157 946
3 1160 1157 1156
3 1160 1156 1158
3 1159 947 1148
3 1159 1148 1150
3 1160 1158 1161
3 1160 1161 1162
3 1161 1158 1155
3 1161 1155 1163
3 1161 1164 1165
3 1161 1165 1162
3 1161 1163 1166
3 1161 1166 1164
3 1167 1168 1165
3 1167 1165 1164
3 1166 1170 1167
3 1166 1167 1164
3 1167 1169 2219
3 1167 2219 1168
3 1172 1169 1167
3 1172 1167 1170
3 1166 1497 1171
3 1166 1171 1170
3 1171 1174 1172
3 1171 1172 1170
3 1172 1173 2216
3 1172 2216 1169
3 1176 1173 1172
3 1176 1172 1174
3 1171 1498 1175
3 1171 1175 1174
3 1175 1178 1176
3 1175 1176 1174
3 1176 1177 2213
3 1176 2213 1173
3 1179 1177 1176
3 1179 1176 1178
3 1175 1181 1180
3 1175 1180 1178
3 1180 1183 1179
3 1180 1179 1178
3 1180 1181 1484
3 1180 1484 1182
3 1180 1182 1184
3 1180 1184 1183
3 1185 1188 1179
3 1185 1179 1183
3 1184 1187 1185
3 1184 1185 1183
3 1185 1186 1190
3 1185 1190 1188
3 1378 1186 1185
3 1378 1185 1187
3 1179 1188 1189
3 1179 1189 1177
3 1191 1189 1188
3 1191 1188 1190
3 1191 1190 1192
3 1191 1192 1195
3 1192 1190 1186
3 1192 1186 1193
3 1192 1193 1205
3 1192 1205 1194
3 1192 1194 1197
3 1192 1197 1195
3 1191 1195 1196
3 1191 1196 2211
3 1198 1196 1195
3 1198 1195 1197
3 1198 1197 1199
3 1198 1199 1200
3 1199 1197 1194
3 1199 1194 1202
3 1199 1201 2188
3 1199 2188 1200
3 1199 1202 1203
3 1199 1203 1201
3 1205 1204 1202
3 1205 1202 1194
3 1203 1202 1204
3 1203 1204 1207
3 1205 1384 1206
3 1205 1206 1204
3 1206 1209 1207
3 1206 1207 1204
3 1203 1207 1208
3 1203 1208 2184
3 1208 1207 1209
3 1208 1209 1211
3 1206 1385 1210
3 1206 1210 1209
3 1210 1213 1211
3 1210 1211 1209
3 1208 1211 1212
3 1208 1212 2183
3 1212 1211 1213
3 1212 1213 1214
3 1210 1216 1215
3 1210 1215 1213
3 1215 1218 1214
3 1215 1214 1213
3 1215 1216 1390
3 1215 1390 1217
3 1215 1217 1220
3 1215 1220 1218
3 2180 1214 1218
3 2180 1218 1219
3 1220 1221 1219
3 1220 1219 1218
3 1220 1222 1224
3 1220 1224 1221
3 1220 1217 1223
3 1220 1223 1222
3 1226 1225 1222
3 1226 1222 1223
3 1224 1222 1225
3 1224 1225 1227
3 1228 1225 1226
3 1228 1226 1231
3 1228 1230 1227
3 1228 1227 1225
3 2104 1230 1228
3 2104 1228 1229
3 1233 1229 1228
3 1233 1228 1231
3 1232 1234 1233
3 1232 1233 1231
3 1232 1231 1226
3 1232 1226 1395
3 1233 1234 1236
3 1233 1236 1235
3 1233 1235 1237
3 1233 1237 1229
3 1240 1238 1235
3 1240 1235 1236
3 1237 1235 1238
3 1237 1238 1241
3 1239 1238 1240
3 1239 1240 1483
3 1243 1241 1238
3 1243 1238 1239
3 1237 1241 1242
3 1237 1242 2105
3 1242 1241 1243
3 1242 1243 1244
3 1244 1243 1245
3 1244 1245 1246
3 1243 1239 1248
3 1243 1248 1245
3 2050 1246 1245
3 2050 1245 1247
3 1248 1250 1247
3 1248 1247 1245
3 1239 1483 1249
3 1239 1249 1248
3 1252 1250 1248
3 1252 1248 1249
3 3856 1247 1250
3 3856 1250 1251
3 1251 1250 1252
3 1251 1252 1254
3 1252 1249 1481
3 1252 1481 1253
3 1252 1253 1256
3 1252 1256 1254
3 1251 1254 1255
3 1251 1255 3859
3 1258 1255 1254
3 1258 1254 1256
3 1253 1480 1257
3 1253 1257 1256
3 1258 1256 1257
3 1258 1257 1260
3 1258 1260 1262
3 1258 1262 1259
3 3862 1255 1258
3 3862 1258 1259
3 1260 1257 1479
3 1260 1479 1261
3 1260 1261 1264
3 1260 1264 1262
3 1263 1262 1264
3 1263 1264 1265
3 1263 1623 1259
3 1263 1259 1262
3 1261 1269 1266
3 1261 1266 1264
3 1265 1264 1266
3 1265 1266 1267
3 1267 1266 1268
3 1267 1268 1605
3 1269 1271 1268
3 1269 1268 1266
3 1261 1479 1270
3 1261 1270 1269
3 1269 1270 1273
3 1269 1273 1271
3 1271 1272 1606
3 1271 1606 1268
3 1271 1273 1275
3 1271 1275 1272
3 1415 1274 1273
3 1415 1273 1270
3 1274 1277 1275
3 1274 1275 1273
3 1276 1596 1272
3 1276 1272 1275
3 1277 1279 1276
3 1277 1276 1275
3 1274 1416 1278
3 1274 1278 1277
3 1277 1278 1281
3 1277 1281 1279
3 1276 1279 1280
3 1276 1280 1595
3 1283 1280 1279
3 1283 1279 1281
3 1419 1282 1281
3 1419 1281 1278
3 1282 1284 1283
3 1282 1283 1281
3 1283 1284 1286
3 1283 1286 1285
3 1283 1285 1287
3 1283 1287 1280
3 1288 1285 1286
3 1288 1286 1290
3 1287 1285 1288
3 1287 1288 1289
3 1288 1291 1292
3 1288 1292 1289
3 1288 1290 1293
3 1288 1293 1291
3 1295 1292 1291
3 1295 1291 1294
3 1293 1296 1294
3 1293 1294 1291
3 1295 1294 1297
3 1295 1297 1299
3 1297 1294 1296
3 1297 1296 1300
3 1297 1298 1579
3 1297 1579 1299
3 1297 1300 1301
3 1297 1301 1298
3 1303 1302 1300
3 1303 1300 1296
3 1301 1300 1302
3 1301 1302 1304
3 1303 1306 1305
3 1303 1305 1302
3 1305 1308 1304
3 1305 1304 1302
3 1305 1306 1477
3 1305 1477 1307
3 1305 1307 1309
3 1305 1309 1308
3 1311 1304 1308
3 1311 1308 1310
3 1309 1313 1310
3 1309 1310 1308
3 1311 1310 1312
3 1311 1312 1574
3 1312 1310 1313
3 1312 1313 1315
3 1314 1316 1315
3 1314 1315 1313
3 1309 1476 1314
3 1309 1314 1313
3 1312 1315 1317
3 1312 1317 1318
3 1317 1315 1316
3 1317 1316 1319
3 1317 1320 1321
3 1317 1321 1318
3 1317 1319 1323
3 1317 1323 1320
3 1562 1321 1320
3 1562 1320 1322
3 1323 1324 1322
3 1323 1322 1320
3 1323 1325 1327
3 1323 1327 1324
3 1323 1319 1328
3 1323 1328 1325
3 1329 1326 1325
3 1329 1325 1328
3 1327 1325 1326
3 1327 1326 1507
3 1330 1328 1319
3 1330 1319 1316
3 1330 1332 1329
3 1330 1329 1328
3 1314 1331 1330
3 1314 1330 1316
3 1330 1331 1334
3 1330 1334 1332
3 1329 1332 1333
3 1329 1333 1501
3 1336 1333 1332
3 1336 1332 1334
3 1335 1334 1331
3 1335 1331 1474
3 1335 1337 1336
3 1335 1336 1334
3 1336 1338 1340
3 1336 1340 1333
3 1336 1337 1339
3 1336 1339 1338
3 1342 1341 1338
3 1342 1338 1339
3 1340 1338 1341
3 1340 1341 1343
3 1342 1345 1344
3 1342 1344 1341
3 1344 1136 1343
3 1344 1343 1341
3 1344 1146 1138
3 1344 1138 1136
3 1344 1345 1346
3 1344 1346 1146
3 1348 1346 1345
3 1348 1345 1347
3 1342 1350 1347
3 1342 1347 1345
3 1348 1347 1349
3 1348 1349 1494
3 1349 1347 1350
3 1349 1350 1351
3 1352 1354 1351
3 1352 1351 1350
3 1352 1350 1342
3 1352 1342 1339
3 1352 1339 1337
3 1352 1337 1353
3 1356 1354 1352
3 1356 1352 1353
3 1499 1351 1354
3 1499 1354 1355
3 1356 1358 1355
3 1356 1355 1354
3 1356 1353 1475
3 1356 1475 1357
3 1359 1358 1356
3 1359 1356 1357
3 1361 1355 1358
3 1361 1358 1360
3 1359 1362 1360
3 1359 1360 1358
3 1361 1360 1363
3 1361 1363 1366
3 1363 1360 1362
3 1363 1362 1364
3 1363 1364 1468
3 1363 1468 1365
3 1363 1365 1368
3 1363 1368 1366
3 1361 1366 1367
3 1361 1367 1489
3 1369 1367 1366
3 1369 1366 1368
3 1369 1368 1370
3 1369 1370 1373
3 1370 1368 1365
3 1370 1365 1371
3 1370 1371 1456
3 1370 1456 1372
3 1370 1372 1374
3 1370 1374 1373
3 1369 1373 1182
3 1369 1182 1484
3 1184 1182 1373
3 1184 1373 1374
3 1184 1374 1375
3 1184 1375 1187
3 1375 1374 1372
3 1375 1372 1376
3 1375 1377 1378
3 1375 1378 1187
3 1375 1376 1379
3 1375 1379 1377
3 1380 1382 1378
3 1380 1378 1377
3 1379 1381 1380
3 1379 1380 1377
3 1386 1383 1380
3 1386 1380 1381
3 1380 1383 1384
3 1380 1384 1382
3 1206 1384 1383
3 1206 1383 1385
3 1386 1388 1385
3 1386 1385 1383
3 1389 1388 1386
3 1389 1386 1387
3 1457 1387 1386
3 1457 1386 1381
3 1210 1385 1388
3 1210 1388 1216
3 1389 1390 1216
3 1389 1216 1388
3 1392 1391 1389
3 1392 1389 1387
3 1394 1390 1389
3 1394 1389 1391
3 1392 1396 1393
3 1392 1393 1391
3 1393 1395 1394
3 1393 1394 1391
3 1394 1223 1217
3 1394 1217 1390
3 1226 1223 1394
3 1226 1394 1395
3 1393 1397 1232
3 1393 1232 1395
3 1393 1396 1398
3 1393 1398 1397
3 1400 1399 1397
3 1400 1397 1398
3 1232 1397 1399
3 1232 1399 1234
3 1400 1403 1401
3 1400 1401 1399
3 1401 1236 1234
3 1401 1234 1399
3 1401 1402 1240
3 1401 1240 1236
3 1401 1403 1405
3 1401 1405 1402
3 1403 1404 1407
3 1403 1407 1405
3 1400 1462 1404
3 1400 1404 1403
3 1482 1402 1405
3 1482 1405 1406
3 1406 1405 1407
3 1406 1407 1409
3 1404 1464 1408
3 1404 1408 1407
3 1409 1407 1408
3 1409 1408 1410
3 1406 1409 1411
3 1406 1411 1412
3 1409 1410 1414
3 1409 1414 1411
3 1480 1412 1411
3 1480 1411 1413
3 1413 1411 1414
3 1413 1414 1415
3 1410 1417 1416
3 1410 1416 1414
3 1415 1414 1416
3 1415 1416 1274
3 1417 1419 1278
3 1417 1278 1416
3 1410 1408 1418
3 1410 1418 1417
3 1417 1418 1420
3 1417 1420 1419
3 1419 1420 1422
3 1419 1422 1282
3 1467 1421 1420
3 1467 1420 1418
3 1421 1424 1422
3 1421 1422 1420
3 1424 1426 1423
3 1424 1423 1422
3 1282 1422 1423
3 1282 1423 1284
3 1424 1425 1427
3 1424 1427 1426
3 1421 1466 1425
3 1421 1425 1424
3 1426 1427 1429
3 1426 1429 1428
3 1426 1428 1430
3 1426 1430 1423
3 1431 1428 1429
3 1431 1429 1434
3 1430 1428 1431
3 1430 1431 1432
3 1431 1433 1478
3 1431 1478 1432
3 1431 1434 1435
3 1431 1435 1433
3 1435 1434 1436
3 1435 1436 1437
3 1439 1436 1434
3 1439 1434 1429
3 1438 1469 1437
3 1438 1437 1436
3 1439 1440 1438
3 1439 1438 1436
3 1441 1442 1440
3 1441 1440 1439
3 1441 1439 1429
3 1441 1429 1427
3 1443 1441 1427
3 1443 1427 1425
3 1445 1442 1441
3 1445 1441 1443
3 1444 1443 1425
3 1444 1425 1466
3 1445 1443 1444
3 1445 1444 1447
3 1445 1447 1448
3 1445 1448 1446
3 1468 1442 1445
3 1468 1445 1446
3 1452 1448 1447
3 1452 1447 1449
3 1444 1451 1449
3 1444 1449 1447
3 1450 1449 1451
3 1450 1451 1461
3 1452 1449 1450
3 1452 1450 1453
3 1452 1453 1455
3 1452 1455 1454
3 1456 1448 1452
3 1456 1452 1454
3 1456 1454 1376
3 1456 1376 1372
3 1379 1376 1454
3 1379 1454 1455
3 1456 1371 1446
3 1456 1446 1448
3 1379 1455 1457
3 1379 1457 1381
3 1457 1455 1453
3 1457 1453 1458
3 1457 1458 1392
3 1457 1392 1387
3 1450 1459 1458
3 1450 1458 1453
3 1392 1458 1459
3 1392 1459 1396
3 1450 1461 1460
3 1450 1460 1459
3 1460 1398 1396
3 1460 1396 1459
3 1460 1461 1463
3 1460 1463 1462
3 1460 1462 1400
3 1460 1400 1398
3 1404 1462 1463
3 1404 1463 1464
3 1465 1463 1461
3 1465 1461 1451
3 1464 1463 1465
3 1464 1465 1467
3 1444 1466 1465
3 1444 1465 1451
3 1467 1465 1466
3 1467 1466 1421
3 1464 1467 1418
3 1464 1418 1408
3 1468 1446 1371
3 1468 1371 1365
3 1468 1364 1440
3 1468 1440 1442
3 1438 1440 1364
3 1438 1364 1362
3 1438 1362 1359
3 1438 1359 1469
3 1471 1437 1469
3 1471 1469 1470
3 1359 1357 1470
3 1359 1470 1469
3 1471 1470 1472
3 1471 1472 1473
3 1472 1470 1357
3 1472 1357 1475
3 1472 1474 1476
3 1472 1476 1473
3 1472 1475 1335
3 1472 1335 1474
3 1335 1475 1353
3 1335 1353 1337
3 1314 1476 1474
3 1314 1474 1331
3 1309 1307 1473
3 1309 1473 1476
3 1471 1473 1307
3 1471 1307 1477
3 1435 1437 1471
3 1435 1471 1477
3 1435 1477 1306
3 1435 1306 1433
3 1303 1478 1433
3 1303 1433 1306
3 1293 1290 1432
3 1293 1432 1478
3 1293 1478 1303
3 1293 1303 1296
3 1430 1432 1290
3 1430 1290 1286
3 1430 1286 1284
3 1430 1284 1423
3 1413 1415 1270
3 1413 1270 1479
3 1480 1413 1479
3 1480 1479 1257
3 1253 1481 1412
3 1253 1412 1480
3 1482 1406 1412
3 1482 1412 1481
3 1483 1482 1481
3 1483 1481 1249
3 1483 1240 1402
3 1483 1402 1482
3 1205 1193 1382
3 1205 1382 1384
3 1378 1382 1193
3 1378 1193 1186
3 1485 1367 1369
3 1485 1369 1484
3 1485 1484 1181
3 1485 1181 1486
3 1490 1487 1485
3 1490 1485 1486
3 1485 1487 1489
3 1485 1489 1367
3 1499 1489 1487
3 1499 1487 1488
3 1490 1492 1488
3 1490 1488 1487
3 1490 1486 1498
3 1490 1498 1491
3 1493 1492 1490
3 1493 1490 1491
3 1493 1495 1494
3 1493 1494 1492
3 1349 1488 1492
3 1349 1492 1494
3 1348 1494 1495
3 1348 1495 1153
3 1152 1495 1493
3 1152 1493 1496
3 1493 1491 1497
3 1493 1497 1496
3 1152 1496 1163
3 1152 1163 1155
3 1166 1163 1496
3 1166 1496 1497
3 1171 1497 1491
3 1171 1491 1498
3 1175 1498 1486
3 1175 1486 1181
3 1499 1355 1361
3 1499 1361 1489
3 1349 1351 1499
3 1349 1499 1488
3 1145 1346 1348
3 1145 1348 1153
3 1340 1343 1135
3 1340 1135 1500
3 1340 1500 1501
3 1340 1501 1333
3 1503 1501 1500
3 1503 1500 1502
3 1135 1133 1502
3 1135 1502 1500
3 1503 1502 1504
3 1503 1504 1506
3 1504 1502 1133
3 1504 1133 1131
3 1504 1505 1508
3 1504 1508 1506
3 1504 1131 3919
3 1504 3919 1505
3 1503 1506 1507
3 1503 1507 1326
3 1509 1507 1506
3 1509 1506 1508
3 1509 1508 1510
3 1509 1510 1512
3 1510 1508 1505
3 1510 1505 1513
3 1510 1511 1554
3 1510 1554 1512
3 1510 1513 1515
3 1510 1515 1511
3 3919 1514 1513
3 3919 1513 1505
3 1515 1513 1514
3 1515 1514 1516
3 1515 1517 1518
3 1515 1518 1511
3 1515 1516 1520
3 1515 1520 1517
3 1523 1518 1517
3 1523 1517 1519
3 1520 1522 1519
3 1520 1519 1517
3 1520 1516 1123
3 1520 1123 1521
3 1520 1521 1108
3 1520 1108 1522
3 1524 1519 1522
3 1524 1522 1105
3 1108 1521 1120
3 1108 1120 1110
3 1523 1519 1524
3 1523 1524 1525
3 1524 1102 1526
3 1524 1526 1525
3 1530 1527 1525
3 1530 1525 1526
3 1523 1525 1527
3 1523 1527 1529
3 1528 1527 1530
3 1528 1530 1532
3 1528 1541 1529
3 1528 1529 1527
3 1530 1526 1101
3 1530 1101 1531
3 1530 1531 1533
3 1530 1533 1532
3 1535 1534 1532
3 1535 1532 1533
3 1528 1532 1534
3 1528 1534 1537
3 1535 1921 1536
3 1535 1536 1534
3 1536 1538 1537
3 1536 1537 1534
3 1539 1537 1538
3 1539 1538 1542
3 1539 1541 1528
3 1539 1528 1537
3 1539 1540 1552
3 1539 1552 1541
3 1544 1540 1539
3 1544 1539 1542
3 1916 1543 1542
3 1916 1542 1538
3 1544 1542 1543
3 1544 1543 1545
3 1547 1546 1544
3 1547 1544 1545
3 1544 1546 1549
3 1544 1549 1540
3 1547 1561 1548
3 1547 1548 1546
3 1550 1549 1546
3 1550 1546 1548
3 1551 1552 1540
3 1551 1540 1549
3 1550 1553 1551
3 1550 1551 1549
3 1551 1554 1555
3 1551 1555 1552
3 1551 1553 1512
3 1551 1512 1554
3 1555 1554 1511
3 1555 1511 1518
3 1555 1518 1523
3 1555 1523 1529
3 1555 1529 1541
3 1555 1541 1552
3 1550 1557 1556
3 1550 1556 1553
3 1509 1512 1553
3 1509 1553 1556
3 1327 1556 1557
3 1327 1557 1324
3 1327 1507 1509
3 1327 1509 1556
3 1558 1322 1324
3 1558 1324 1557
3 1558 1557 1550
3 1558 1550 1548
3 1558 1548 1561
3 1558 1561 1559
3 1562 1322 1558
3 1562 1558 1559
3 1562 1559 1560
3 1562 1560 1563
3 1914 1560 1559
3 1914 1559 1561
3 1565 1321 1562
3 1565 1562 1563
3 1565 1563 1564
3 1565 1564 1567
3 1694 1564 1563
3 1694 1563 1560
3 1565 1566 1318
3 1565 1318 1321
3 1569 1566 1565
3 1569 1565 1567
3 1569 1567 1568
3 1569 1568 1570
3 1692 1568 1567
3 1692 1567 1564
3 1572 1571 1569
3 1572 1569 1570
3 1569 1571 1574
3 1569 1574 1566
3 1572 1575 1573
3 1572 1573 1571
3 1311 1574 1571
3 1311 1571 1573
3 1312 1318 1566
3 1312 1566 1574
3 1301 1573 1575
3 1301 1575 1298
3 1301 1304 1311
3 1301 1311 1573
3 1576 1575 1572
3 1576 1572 1578
3 1576 1579 1298
3 1576 1298 1575
3 1576 1578 1683
3 1576 1683 1577
3 1580 1579 1576
3 1580 1576 1577
3 1580 1582 1299
3 1580 1299 1579
3 1580 1577 1680
3 1580 1680 1581
3 1583 1582 1580
3 1583 1580 1581
3 1583 1585 1584
3 1583 1584 1582
3 1295 1299 1582
3 1295 1582 1584
3 1586 1584 1585
3 1586 1585 1587
3 1586 1292 1295
3 1586 1295 1584
3 1590 1588 1586
3 1590 1586 1587
3 1586 1588 1289
3 1586 1289 1292
3 1287 1289 1588
3 1287 1588 1589
3 1592 1589 1588
3 1592 1588 1590
3 1590 1587 1671
3 1590 1671 1591
3 1592 1590 1591
3 1592 1591 1593
3 1594 1592 1593
3 1594 1593 1597
3 1594 1595 1589
3 1594 1589 1592
3 1276 1595 1594
3 1276 1594 1596
3 1594 1597 1598
3 1594 1598 1596
3 1602 1598 1597
3 1602 1597 1599
3 1599 1597 1593
3 1599 1593 1601
3 1599 1601 3913
3 1599 3913 1600
3 1602 1599 1600
3 1602 1600 1603
3 1602 1603 1607
3 1602 1607 1604
3 1606 1598 1602
3 1606 1602 1604
3 1606 1604 1605
3 1606 1605 1268
3 1608 1605 1604
3 1608 1604 1607
3 1608 1607 1609
3 1608 1609 1612
3 1609 1607 1603
3 1609 1603 1610
3 1609 1610 1655
3 1609 1655 1611
3 1609 1611 1613
3 1609 1613 1612
3 1615 1614 1612
3 1615 1612 1613
3 1608 1612 1614
3 1608 1614 1617
3 1615 3918 1616
3 1615 1616 1614
3 1616 1618 1617
3 1616 1617 1614
3 1265 1267 1617
3 1265 1617 1618
3 1267 1605 1608
3 1267 1608 1617
3 1616 1620 1619
3 1616 1619 1618
3 1263 1265 1618
3 1263 1618 1619
3 1624 1621 1619
3 1624 1619 1620
3 1621 1623 1263
3 1621 1263 1619
3 1621 1622 3863
3 1621 3863 1623
3 1624 1626 1622
3 1624 1622 1621
3 1624 1625 1628
3 1624 1628 1626
3 1636 1625 1624
3 1636 1624 1620
3 1622 1626 1627
3 1622 1627 3864
3 1629 1627 1626
3 1629 1626 1628
3 1629 1628 1630
3 1629 1630 1631
3 1630 1628 1625
3 1630 1625 1633
3 1630 1632 1750
3 1630 1750 1631
3 1630 1633 1634
3 1630 1634 1632
3 1636 1635 1633
3 1636 1633 1625
3 1634 1633 1635
3 1634 1635 1638
3 1636 3918 1637
3 1636 1637 1635
3 1637 1640 1638
3 1637 1638 1635
3 1634 1638 1639
3 1634 1639 1746
3 1639 1638 1640
3 1639 1640 1642
3 1637 1653 1641
3 1637 1641 1640
3 1641 1644 1642
3 1641 1642 1640
3 1639 1642 1643
3 1639 1643 1743
3 1643 1642 1644
3 1643 1644 1645
3 1646 1648 1645
3 1646 1645 1644
3 1641 1649 1646
3 1641 1646 1644
3 1646 1647 3902
3 1646 3902 1648
3 1650 1647 1646
3 1650 1646 1649
3 1650 1649 1651
3 1650 1651 1652
3 1651 1649 1641
3 1651 1641 1653
3 1651 1613 1611
3 1651 1611 1652
3 1651 1653 1615
3 1651 1615 1613
3 1615 1653 1637
3 1615 1637 3918
3 1650 1652 1654
3 1650 1654 1657
3 1655 1654 1652
3 1655 1652 1611
3 1655 3916 1656
3 1655 1656 1654
3 1656 1659 1657
3 1656 1657 1654
3 1658 1647 1650
3 1658 1650 1657
3 1658 1657 1659
3 1658 1659 1660
3 1661 1662 1660
3 1661 1660 1659
3 1656 1663 1661
3 1656 1661 1659
3 1661 1664 1665
3 1661 1665 1662
3 1661 1663 1667
3 1661 1667 1664
3 1665 1664 1666
3 1665 1666 1674
3 1669 1666 1664
3 1669 1664 1667
3 1667 1663 3914
3 1667 3914 1668
3 1670 1669 1667
3 1670 1667 1668
3 1669 1671 1672
3 1669 1672 1666
3 1670 1591 1671
3 1670 1671 1669
3 1672 1671 1587
3 1672 1587 1585
3 1672 1673 1674
3 1672 1674 1666
3 1672 1585 1583
3 1672 1583 1673
3 1676 1674 1673
3 1676 1673 1675
3 1583 1581 1675
3 1583 1675 1673
3 1676 1675 1677
3 1676 1677 1678
3 1677 1675 1581
3 1677 1581 1680
3 1677 1679 1714
3 1677 1714 1678
3 1677 1680 1681
3 1677 1681 1679
3 1681 1680 1577
3 1681 1577 1683
3 1681 1682 1710
3 1681 1710 1679
3 1681 1683 1684
3 1681 1684 1682
3 1684 1683 1578
3 1684 1578 1685
3 1684 1686 1688
3 1684 1688 1682
3 1684 1685 1689
3 1684 1689 1686
3 1689 1690 1687
3 1689 1687 1686
3 1706 1688 1686
3 1706 1686 1687
3 1689 1568 1692
3 1689 1692 1690
3 1689 1685 1570
3 1689 1570 1568
3 1692 1693 1691
3 1692 1691 1690
3 1703 1687 1690
3 1703 1690 1691
3 1692 1564 1694
3 1692 1694 1693
3 1698 1691 1693
3 1698 1693 1695
3 1694 1697 1695
3 1694 1695 1693
3 1696 1699 1698
3 1696 1698 1695
3 1696 1695 1697
3 1696 1697 1913
3 1698 1699 1702
3 1698 1702 1700
3 1698 1700 1703
3 1698 1703 1691
3 1703 1700 1701
3 1703 1701 1704
3 1898 1701 1700
3 1898 1700 1702
3 1703 1704 1706
3 1703 1706 1687
3 1706 1704 1705
3 1706 1705 1707
3 1877 1705 1704
3 1877 1704 1701
3 1706 1707 1709
3 1706 1709 1688
3 1709 1707 1708
3 1709 1708 1711
3 1875 1708 1707
3 1875 1707 1705
3 1709 1711 1713
3 1709 1713 1710
3 1709 1710 1682
3 1709 1682 1688
3 1713 1711 1712
3 1713 1712 1715
3 1874 1712 1711
3 1874 1711 1708
3 1713 1714 1679
3 1713 1679 1710
3 1713 1715 1716
3 1713 1716 1714
3 1715 1712 1720
3 1715 1720 1717
3 1716 1715 1717
3 1716 1717 1719
3 3908 1719 1717
3 3908 1717 1718
3 1722 1718 1717
3 1722 1717 1720
3 1721 1720 1712
3 1721 1712 1874
3 1722 1720 1721
3 1722 1721 1723
3 1724 1722 1723
3 1724 1723 1725
3 1724 1726 1718
3 1724 1718 1722
3 1724 1725 1728
3 1724 1728 1727
3 1730 1726 1724
3 1730 1724 1727
3 1861 1729 1727
3 1861 1727 1728
3 1730 1727 1729
3 1730 1729 1732
3 1730 1731 3904
3 1730 3904 1726
3 1734 1731 1730
3 1734 1730 1732
3 1734 1732 1733
3 1734 1733 1736
3 1862 1733 1732
3 1862 1732 1729
3 1734 1735 3901
3 1734 3901 1731
3 1738 1735 1734
3 1738 1734 1736
3 3896 1737 1736
3 3896 1736 1733
3 1738 1736 1737
3 1738 1737 1739
3 1738 1645 1648
3 1738 1648 1735
3 1643 1645 1738
3 1643 1738 1739
3 1643 1739 1740
3 1643 1740 1743
3 1741 1740 1739
3 1741 1739 1737
3 1741 3898 1742
3 1741 1742 1740
3 1742 1744 1743
3 1742 1743 1740
3 1639 1743 1744
3 1639 1744 1746
3 1745 1747 1746
3 1745 1746 1744
3 1742 3899 1745
3 1742 1745 1744
3 1634 1746 1747
3 1634 1747 1632
3 1745 1749 1748
3 1745 1748 1747
3 1748 1750 1632
3 1748 1632 1747
3 1748 1749 1752
3 1748 1752 1751
3 1748 1751 1753
3 1748 1753 1750
3 1756 1754 1751
3 1756 1751 1752
3 1753 1751 1754
3 1753 1754 1755
3 1757 1760 1755
3 1757 1755 1754
3 1756 1758 1757
3 1756 1757 1754
3 1757 1758 1809
3 1757 1809 1759
3 1757 1759 1762
3 1757 1762 1760
3 3889 1755 1760
3 3889 1760 1761
3 1763 1761 1760
3 1763 1760 1762
3 1763 1762 1764
3 1763 1764 1766
3 1759 1765 1764
3 1759 1764 1762
3 1765 1768 1767
3 1765 1767 1764
3 1766 1764 1767
3 1766 1767 1769
3 1768 1772 1770
3 1768 1770 1767
3 1769 1767 1770
3 1769 1770 1771
3 1773 1774 1771
3 1773 1771 1770
3 1772 1775 1773
3 1772 1773 1770
3 1773 1776 1777
3 1773 1777 1774
3 1773 1775 1779
3 1773 1779 1776
3 1777 1776 1778
3 1777 1778 2039
3 1780 1778 1776
3 1780 1776 1779
3 1781 1779 1775
3 1781 1775 1782
3 1781 1783 1780
3 1781 1780 1779
3 1787 1784 1781
3 1787 1781 1782
3 1785 1783 1781
3 1785 1781 1784
3 1785 1784 1786
3 1785 1786 1971
3 1786 1784 1787
3 1786 1787 1788
3 1789 1791 1788
3 1789 1788 1787
3 1789 1787 1782
3 1789 1782 1790
3 1792 1789 1790
3 1792 1790 1793
3 1792 1795 1791
3 1792 1791 1789
3 1794 1792 1793
3 1794 1793 1810
3 1794 1796 1795
3 1794 1795 1792
3 1795 1796 1800
3 1795 1800 1797
3 1795 1797 1798
3 1795 1798 1791
3 1977 1798 1797
3 1977 1797 1799
3 1800 1801 1799
3 1800 1799 1797
3 1803 1801 1800
3 1803 1800 1802
3 1796 1805 1802
3 1796 1802 1800
3 1803 1802 1804
3 1803 1804 1837
3 1804 1802 1805
3 1804 1805 1806
3 1806 1805 1807
3 1806 1807 1808
3 1807 1805 1796
3 1807 1796 1794
3 1807 1809 1758
3 1807 1758 1808
3 1807 1794 1810
3 1807 1810 1809
3 1759 1809 1810
3 1759 1810 1765
3 1765 1810 1793
3 1765 1793 1768
3 1756 1811 1808
3 1756 1808 1758
3 1806 1808 1811
3 1806 1811 1813
3 1812 1811 1756
3 1812 1756 1752
3 1812 1814 1813
3 1812 1813 1811
3 1815 1813 1814
3 1815 1814 1817
3 1804 1806 1813
3 1804 1813 1815
3 1815 1817 1818
3 1815 1818 1816
3 1804 1815 1816
3 1804 1816 1837
3 1817 1819 1820
3 1817 1820 1818
3 1821 1819 1817
3 1821 1817 1814
3 1822 1825 1820
3 1822 1820 1819
3 1822 1819 1821
3 1822 1821 1823
3 1822 1823 3898
3 1822 3898 1824
3 1826 1825 1822
3 1826 1822 1824
3 1826 1828 1827
3 1826 1827 1825
3 1830 1820 1825
3 1830 1825 1827
3 1829 1827 1828
3 1829 1828 1852
3 1829 1831 1830
3 1829 1830 1827
3 1830 1832 1818
3 1830 1818 1820
3 1830 1831 1833
3 1830 1833 1832
3 1834 1816 1818
3 1834 1818 1832
3 1834 1832 1833
3 1834 1833 1835
3 1834 1835 1837
3 1834 1837 1816
3 1836 1803 1837
3 1836 1837 1835
3 1839 1836 1835
3 1839 1835 1833
3 1836 1838 1801
3 1836 1801 1803
3 1840 1838 1836
3 1840 1836 1839
3 1841 1839 1833
3 1841 1833 1831
3 1840 1839 1841
3 1840 1841 1843
3 1841 1831 1829
3 1841 1829 1842
3 1841 1842 1845
3 1841 1845 1843
3 1840 1843 1844
3 1840 1844 1985
3 1846 1844 1843
3 1846 1843 1845
3 1846 1845 1847
3 1846 1847 1848
3 1847 1845 1842
3 1847 1842 1850
3 1847 1849 1888
3 1847 1888 1848
3 1847 1850 1851
3 1847 1851 1849
3 1829 1852 1850
3 1829 1850 1842
3 1851 1850 1852
3 1851 1852 1853
3 1855 1853 1852
3 1855 1852 1828
3 1854 1853 1855
3 1854 1855 1857
3 1851 1853 1854
3 1851 1854 1886
3 1855 1828 1826
3 1855 1826 1856
3 1855 1856 1858
3 1855 1858 1857
3 1862 1859 1857
3 1862 1857 1858
3 1854 1857 1859
3 1854 1859 1860
3 1863 1860 1859
3 1863 1859 1861
3 1861 1859 1862
3 1861 1862 1729
3 1862 1858 3896
3 1862 3896 1733
3 1863 1861 1728
3 1863 1728 1864
3 1865 1863 1864
3 1865 1864 1868
3 1865 1866 1860
3 1865 1860 1863
3 1865 1867 1884
3 1865 1884 1866
3 1870 1867 1865
3 1870 1865 1868
3 3895 1869 1868
3 3895 1868 1864
3 1870 1868 1869
3 1870 1869 1872
3 1870 1872 1873
3 1870 1873 1871
3 1881 1867 1870
3 1881 1870 1871
3 1721 1872 1869
3 1721 1869 1723
3 1721 1874 1873
3 1721 1873 1872
3 1875 1876 1871
3 1875 1871 1873
3 1874 1708 1875
3 1874 1875 1873
3 1875 1705 1877
3 1875 1877 1876
3 1881 1871 1876
3 1881 1876 1878
3 1877 1880 1878
3 1877 1878 1876
3 1879 1882 1881
3 1879 1881 1878
3 1879 1878 1880
3 1879 1880 1896
3 1881 1882 1884
3 1881 1884 1867
3 1879 1887 1883
3 1879 1883 1882
3 1885 1884 1882
3 1885 1882 1883
3 1885 1886 1866
3 1885 1866 1884
3 1885 1883 1888
3 1885 1888 1849
3 1851 1886 1885
3 1851 1885 1849
3 1854 1860 1866
3 1854 1866 1886
3 1888 1883 1887
3 1888 1887 1889
3 1888 1889 1890
3 1888 1890 1848
3 1894 1891 1889
3 1894 1889 1887
3 1890 1889 1891
3 1890 1891 1893
3 1892 1891 1894
3 1892 1894 1895
3 1892 1992 1893
3 1892 1893 1891
3 1894 1896 1897
3 1894 1897 1895
3 1894 1887 1879
3 1894 1879 1896
3 1898 1897 1896
3 1898 1896 1880
3 1898 1702 1899
3 1898 1899 1897
3 1899 1900 1895
3 1899 1895 1897
3 1899 1901 1902
3 1899 1902 1900
3 1899 1702 1699
3 1899 1699 1901
3 1696 1903 1901
3 1696 1901 1699
3 1902 1901 1903
3 1902 1903 1905
3 1904 1903 1696
3 1904 1696 1913
3 1904 1907 1905
3 1904 1905 1903
3 1902 1905 1906
3 1902 1906 1996
3 1906 1905 1907
3 1906 1907 1908
3 1909 1910 1908
3 1909 1908 1907
3 1909 1907 1904
3 1909 1904 1911
3 1916 1910 1909
3 1916 1909 1543
3 1909 1911 1545
3 1909 1545 1543
3 1547 1545 1911
3 1547 1911 1912
3 1904 1913 1912
3 1904 1912 1911
3 1914 1912 1913
3 1914 1913 1697
3 1914 1561 1547
3 1914 1547 1912
3 1694 1560 1914
3 1694 1914 1697
3 1916 1917 1915
3 1916 1915 1910
3 2014 1908 1910
3 2014 1910 1915
3 1536 1917 1916
3 1536 1916 1538
3 1919 1915 1917
3 1919 1917 1918
3 1536 1921 1918
3 1536 1918 1917
3 1919 1918 1920
3 1919 1920 2012
3 1920 1918 1921
3 1920 1921 1922
3 1535 1924 1922
3 1535 1922 1921
3 1923 1922 1924
3 1923 1924 1925
3 1920 1922 1923
3 1920 1923 2015
3 1926 1928 1925
3 1926 1925 1924
3 1926 1924 1535
3 1926 1535 1533
3 1926 1533 1531
3 1926 1531 1927
3 1929 1928 1926
3 1929 1926 1927
3 1931 1925 1928
3 1931 1928 1930
3 1929 1933 1930
3 1929 1930 1928
3 1931 1930 1932
3 1931 1932 2019
3 1932 1930 1933
3 1932 1933 1934
3 1935 1936 1934
3 1935 1934 1933
3 1935 1933 1929
3 1935 1929 1097
3 1091 1936 1935
3 1091 1935 1093
3 1938 1934 1936
3 1938 1936 1937
3 1091 1085 1937
3 1091 1937 1936
3 1938 1937 1084
3 1938 1084 1940
3 1932 1934 1938
3 1932 1938 1939
3 1938 1940 1942
3 1938 1942 1939
3 1084 1082 1941
3 1084 1941 1940
3 1943 1942 1940
3 1943 1940 1941
3 1943 1945 1944
3 1943 1944 1942
3 1944 1946 1939
3 1944 1939 1942
3 1944 1945 1948
3 1944 1948 1947
3 1944 1947 1949
3 1944 1949 1946
3 1952 1950 1947
3 1952 1947 1948
3 1949 1947 1950
3 1949 1950 1951
3 1953 1956 1951
3 1953 1951 1950
3 1953 1950 1952
3 1953 1952 1955
3 1957 1956 1953
3 1957 1953 1954
3 2029 1954 1953
3 2029 1953 1955
3 1959 1951 1956
3 1959 1956 1958
3 1957 1961 1958
3 1957 1958 1956
3 1959 1958 1960
3 1959 1960 2016
3 1960 1958 1961
3 1960 1961 1962
3 1963 1964 1962
3 1963 1962 1961
3 1963 1961 1957
3 1963 1957 1966
3 2007 1964 1963
3 2007 1963 1965
3 1968 1965 1963
3 1968 1963 1966
3 1967 1969 1968
3 1967 1968 1966
3 1967 1966 1957
3 1967 1957 1954
3 1968 1969 1971
3 1968 1971 1970
3 1968 1970 1972
3 1968 1972 1965
3 1786 1973 1970
3 1786 1970 1971
3 1972 1970 1973
3 1972 1973 1974
3 1975 1976 1974
3 1975 1974 1973
3 1786 1788 1975
3 1786 1975 1973
3 1975 1788 1791
3 1975 1791 1798
3 1975 1798 1977
3 1975 1977 1976
3 1979 1974 1976
3 1979 1976 1978
3 1977 1981 1978
3 1977 1978 1976
3 1979 1978 1980
3 1979 1980 2005
3 1980 1978 1981
3 1980 1981 1983
3 1977 1799 1982
3 1977 1982 1981
3 1982 1985 1983
3 1982 1983 1981
3 1980 1983 1984
3 1980 1984 1986
3 1984 1983 1985
3 1984 1985 1844
3 1982 1838 1840
3 1982 1840 1985
3 1984 1987 1988
3 1984 1988 1986
3 1984 1844 1846
3 1984 1846 1987
3 1890 1893 1988
3 1890 1988 1987
3 1846 1848 1890
3 1846 1890 1987
3 1988 1989 1991
3 1988 1991 1986
3 1988 1893 1992
3 1988 1992 1989
3 1991 1989 1990
3 1991 1990 2003
3 1993 1990 1989
3 1993 1989 1992
3 1993 1992 1892
3 1993 1892 1995
3 1993 1995 1996
3 1993 1996 1994
3 1998 1990 1993
3 1998 1993 1994
3 1902 1996 1995
3 1902 1995 1900
3 1892 1895 1900
3 1892 1900 1995
3 1906 1997 1994
3 1906 1994 1996
3 1998 1994 1997
3 1998 1997 1999
3 2001 2000 1998
3 2001 1998 1999
3 1998 2000 2003
3 1998 2003 1990
3 2001 2008 2002
3 2001 2002 2000
3 2004 2003 2000
3 2004 2000 2002
3 1991 2003 2004
3 1991 2004 2005
3 1979 2005 2004
3 1979 2004 2006
3 2004 2002 2007
3 2004 2007 2006
3 1972 1974 1979
3 1972 1979 2006
3 1972 2006 2007
3 1972 2007 1965
3 2007 2002 2008
3 2007 2008 1964
3 1980 1986 1991
3 1980 1991 2005
3 2009 1962 1964
3 2009 1964 2008
3 2009 2008 2001
3 2009 2001 2011
3 2009 2011 2012
3 2009 2012 2010
3 1960 1962 2009
3 1960 2009 2010
3 1919 2012 2011
3 1919 2011 2013
3 2001 1999 2013
3 2001 2013 2011
3 2014 2013 1999
3 2014 1999 1997
3 2014 1915 1919
3 2014 1919 2013
3 1906 1908 2014
3 1906 2014 1997
3 1920 2015 2010
3 1920 2010 2012
3 1960 2010 2015
3 1960 2015 2016
3 1923 2017 2016
3 1923 2016 2015
3 1959 2016 2017
3 1959 2017 2018
3 1923 1925 1931
3 1923 1931 2017
3 1931 2019 2018
3 1931 2018 2017
3 1949 1951 1959
3 1949 1959 2018
3 1949 2018 2019
3 1949 2019 1946
3 1932 1939 1946
3 1932 1946 2019
3 1982 1799 1801
3 1982 1801 1838
3 1785 1971 1969
3 1785 1969 2020
3 1967 2021 2020
3 1967 2020 1969
3 2022 2020 2021
3 2022 2021 2024
3 2022 1783 1785
3 2022 1785 2020
3 2022 2023 1780
3 2022 1780 1783
3 2025 2023 2022
3 2025 2022 2024
3 2025 2024 2026
3 2025 2026 2028
3 2029 2026 2024
3 2029 2024 2021
3 2027 2026 2029
3 2027 2029 1955
3 2027 2030 2028
3 2027 2028 2026
3 2029 2021 1967
3 2029 1967 1954
3 2031 2028 2030
3 2031 2030 2032
3 2031 2034 2025
3 2031 2025 2028
3 2065 2033 2031
3 2065 2031 2032
3 2031 2033 2035
3 2031 2035 2034
3 2036 2034 2035
3 2036 2035 2037
3 2025 2034 2036
3 2025 2036 2023
3 1780 2023 2036
3 1780 2036 1778
3 2036 2037 2039
3 2036 2039 1778
3 2037 2038 2040
3 2037 2040 2039
3 2037 2035 2064
3 2037 2064 2038
3 1777 2039 2040
3 1777 2040 2041
3 2041 2040 2042
3 2041 2042 2043
3 2038 2045 2042
3 2038 2042 2040
3 2043 2042 2044
3 2043 2044 3893
3 2045 2047 2044
3 2045 2044 2042
3 2038 2064 2046
3 2038 2046 2045
3 2045 2046 2048
3 2045 2048 2047
3 2047 2049 2051
3 2047 2051 2044
3 2047 2048 2052
3 2047 2052 2049
3 2049 2050 3854
3 2049 3854 2051
3 2049 2052 1246
3 2049 1246 2050
3 2053 2052 2048
3 2053 2048 2054
3 2053 1244 1246
3 2053 1246 2052
3 1242 1244 2053
3 1242 2053 2055
3 2053 2054 2057
3 2053 2057 2055
3 1242 2055 2056
3 1242 2056 2105
3 2057 2058 2056
3 2057 2056 2055
3 2057 2054 2062
3 2057 2062 2059
3 2057 2059 2060
3 2057 2060 2058
3 2066 2060 2059
3 2066 2059 2061
3 2062 2063 2061
3 2062 2061 2059
3 2062 2046 2064
3 2062 2064 2063
3 2062 2054 2048
3 2062 2048 2046
3 2065 2061 2063
3 2065 2063 2033
3 2064 2035 2033
3 2064 2033 2063
3 2066 2061 2065
3 2066 2065 2067
3 2066 2067 2071
3 2066 2071 2068
3 2070 2060 2066
3 2070 2066 2068
3 2070 2068 2069
3 2070 2069 2098
3 2072 2069 2068
3 2072 2068 2071
3 2072 2071 2073
3 2072 2073 2076
3 2073 2071 2067
3 2073 2067 2075
3 2073 2075 2084
3 2073 2084 2074
3 2073 2074 2078
3 2073 2078 2076
3 2072 2076 2077
3 2072 2077 2093
3 2078 2079 2077
3 2078 2077 2076
3 2082 2080 2078
3 2082 2078 2074
3 2078 2080 2081
3 2078 2081 2079
3 1943 2081 2080
3 1943 2080 1945
3 2082 1948 1945
3 2082 1945 2080
3 2084 2083 2082
3 2084 2082 2074
3 1952 1948 2082
3 1952 2082 2083
3 2084 2030 2027
3 2084 2027 2083
3 2027 1955 1952
3 2027 1952 2083
3 2084 2075 2032
3 2084 2032 2030
3 2085 2086 2079
3 2085 2079 2081
3 2085 2081 1943
3 2085 1943 1941
3 2085 1941 1082
3 2085 1082 1080
3 2087 2086 2085
3 2087 2085 1080
3 2087 2089 2088
3 2087 2088 2086
3 2077 2079 2086
3 2077 2086 2088
3 2090 2088 2089
3 2090 2089 2091
3 2077 2088 2090
3 2077 2090 2093
3 2090 2091 2113
3 2090 2113 2092
3 2094 2093 2090
3 2094 2090 2092
3 2094 2069 2072
3 2094 2072 2093
3 2096 2095 2094
3 2096 2094 2092
3 2094 2095 2098
3 2094 2098 2069
3 2096 2108 2097
3 2096 2097 2095
3 2099 2098 2095
3 2099 2095 2097
3 2099 2100 2070
3 2099 2070 2098
3 2099 2101 2103
3 2099 2103 2100
3 2102 2101 2099
3 2102 2099 2097
3 2102 1227 1230
3 2102 1230 2101
3 2104 2103 2101
3 2104 2101 1230
3 2056 2103 2104
3 2056 2104 2105
3 2056 2058 2100
3 2056 2100 2103
3 1237 2105 2104
3 1237 2104 1229
3 2102 2097 2108
3 2102 2108 2106
3 1224 1227 2102
3 1224 2102 2106
3 1224 2106 2107
3 1224 2107 1221
3 2109 2107 2106
3 2109 2106 2108
3 2109 2108 2096
3 2109 2096 2111
3 2109 2111 2112
3 2109 2112 2110
3 2181 2107 2109
3 2181 2109 2110
3 2113 2114 2112
3 2113 2112 2111
3 2096 2092 2113
3 2096 2113 2111
3 2113 2091 2115
3 2113 2115 2114
3 2119 2116 2114
3 2119 2114 2115
3 2112 2114 2116
3 2112 2116 2118
3 2117 2116 2119
3 2117 2119 2120
3 2117 2177 2118
3 2117 2118 2116
3 2119 2115 3852
3 2119 3852 1075
3 2119 1075 1073
3 2119 1073 2120
3 2117 2120 2121
3 2117 2121 2123
3 1070 2121 2120
3 1070 2120 1073
3 1070 3851 2122
3 1070 2122 2121
3 2122 2125 2123
3 2122 2123 2121
3 2124 2177 2117
3 2124 2117 2123
3 2124 2123 2125
3 2124 2125 2127
3 2122 3850 2126
3 2122 2126 2125
3 2126 2129 2127
3 2126 2127 2125
3 2128 2175 2124
3 2128 2124 2127
3 2128 2127 2129
3 2128 2129 2131
3 2126 3042 2130
3 2126 2130 2129
3 2130 2133 2131
3 2130 2131 2129
3 2132 2172 2128
3 2132 2128 2131
3 2132 2131 2133
3 2132 2133 2134
3 2135 2136 2134
3 2135 2134 2133
3 2130 2137 2135
3 2130 2135 2133
3 2135 2138 2140
3 2135 2140 2136
3 2135 2137 2139
3 2135 2139 2138
3 2142 2141 2138
3 2142 2138 2139
3 2140 2138 2141
3 2140 2141 2143
3 2144 2141 2142
3 2144 2142 2146
3 2144 2147 2143
3 2144 2143 2141
3 2144 2146 3034
3 2144 3034 2145
3 2149 2147 2144
3 2149 2144 2145
3 2161 2143 2147
3 2161 2147 2148
3 2149 2151 2148
3 2149 2148 2147
3 2149 2145 3037
3 2149 3037 2150
3 2152 2151 2149
3 2152 2149 2150
3 2156 2148 2151
3 2156 2151 2153
3 2152 2155 2153
3 2152 2153 2151
3 2154 2153 2155
3 2154 2155 2984
3 2156 2153 2154
3 2156 2154 2157
3 2156 2157 2159
3 2156 2159 2158
3 2161 2148 2156
3 2161 2156 2158
3 2194 2160 2158
3 2194 2158 2159
3 2161 2158 2160
3 2161 2160 2162
3 2140 2143 2161
3 2140 2161 2162
3 2140 2162 2163
3 2140 2163 2136
3 2164 2163 2162
3 2164 2162 2160
3 2164 2166 2165
3 2164 2165 2163
3 2165 2134 2136
3 2165 2136 2163
3 2165 2166 2168
3 2165 2168 2167
3 2165 2167 2132
3 2165 2132 2134
3 2170 2169 2167
3 2170 2167 2168
3 2132 2167 2169
3 2132 2169 2172
3 2171 2169 2170
3 2171 2170 2183
3 2171 2173 2172
3 2171 2172 2169
3 2128 2172 2173
3 2128 2173 2175
3 2174 2173 2171
3 2174 2171 2182
3 2174 2176 2175
3 2174 2175 2173
3 2124 2175 2176
3 2124 2176 2177
3 2178 2118 2177
3 2178 2177 2176
3 2178 2176 2174
3 2178 2174 2179
3 2112 2118 2178
3 2112 2178 2110
3 2181 2110 2178
3 2181 2178 2179
3 2180 1219 2181
3 2180 2181 2179
3 2180 2179 2174
3 2180 2174 2182
3 2181 1219 1221
3 2181 1221 2107
3 1212 1214 2180
3 1212 2180 2182
3 1212 2182 2171
3 1212 2171 2183
3 1208 2183 2170
3 1208 2170 2184
3 2170 2168 2185
3 2170 2185 2184
3 1203 2184 2185
3 1203 2185 1201
3 2185 2168 2166
3 2185 2166 2186
3 2185 2186 2188
3 2185 2188 1201
3 2188 2186 2187
3 2188 2187 2189
3 2164 2187 2186
3 2164 2186 2166
3 2188 2189 2190
3 2188 2190 1200
3 2194 2191 2189
3 2194 2189 2187
3 2190 2189 2191
3 2190 2191 2193
3 2192 2191 2194
3 2192 2194 2159
3 2192 2196 2193
3 2192 2193 2191
3 2194 2187 2164
3 2194 2164 2160
3 2195 2193 2196
3 2195 2196 2198
3 2190 2193 2195
3 2190 2195 3849
3 2197 2196 2192
3 2197 2192 2992
3 2197 2199 2198
3 2197 2198 2196
3 2200 2198 2199
3 2200 2199 2202
3 2195 2198 2200
3 2195 2200 2201
3 2206 2201 2200
3 2206 2200 2203
3 2200 2202 2205
3 2200 2205 2203
3 2204 2207 2206
3 2204 2206 2203
3 2204 2203 2205
3 2204 2205 3846
3 2206 2207 2209
3 2206 2209 2208
3 2206 2208 2210
3 2206 2210 2201
3 2212 2211 2208
3 2212 2208 2209
3 2210 2208 2211
3 2210 2211 1196
3 2212 1189 1191
3 2212 1191 2211
3 2212 2213 1177
3 2212 1177 1189
3 2214 2213 2212
3 2214 2212 2209
3 2214 2216 1173
3 2214 1173 2213
3 2214 2209 2207
3 2214 2207 2215
3 2217 2216 2214
3 2217 2214 2215
3 2217 2219 1169
3 2217 1169 2216
3 2217 2215 3848
3 2217 3848 2218
3 2220 2219 2217
3 2220 2217 2218
3 2220 2221 1168
3 2220 1168 2219
3 2220 2218 2224
3 2220 2224 2222
3 2223 2221 2220
3 2223 2220 2222
3 2223 2222 2225
3 2223 2225 2227
3 2228 2225 2222
3 2228 2222 2224
3 2226 2225 2228
3 2226 2228 2230
3 2226 3467 2227
3 2226 2227 2225
3 2228 2224 3847
3 2228 3847 2229
3 2228 2229 2232
3 2228 2232 2230
3 2226 2230 2231
3 2226 2231 3464
3 2232 2233 2231
3 2232 2231 2230
3 2236 2234 2232
3 2236 2232 2229
3 2232 2234 2235
3 2232 2235 2233
3 2240 2235 2234
3 2240 2234 2237
3 2236 2239 2237
3 2236 2237 2234
3 2238 2237 2239
3 2238 2239 2995
3 2240 2237 2238
3 2240 2238 2242
3 2240 2242 2243
3 2240 2243 2241
3 3457 2235 2240
3 3457 2240 2241
3 2247 2243 2242
3 2247 2242 2244
3 2238 2245 2244
3 2238 2244 2242
3 2246 2244 2245
3 2246 2245 2990
3 2246 2248 2247
3 2246 2247 2244
3 2247 2248 2250
3 2247 2250 2249
3 2247 2249 2251
3 2247 2251 2243
3 2255 2252 2249
3 2255 2249 2250
3 2251 2249 2252
3 2251 2252 2253
3 2254 3276 2253
3 2254 2253 2252
3 2254 2252 2255
3 2254 2255 2257
3 2255 2250 2989
3 2255 2989 2256
3 2255 2256 2259
3 2255 2259 2257
3 2254 2257 2258
3 2254 2258 3267
3 2260 2258 2257
3 2260 2257 2259
3 2261 2259 2256
3 2261 2256 2264
3 2261 2263 2260
3 2261 2260 2259
3 2261 2262 2274
3 2261 2274 2263
3 2266 2262 2261
3 2266 2261 2264
3 2989 2265 2264
3 2989 2264 2256
3 2266 2264 2265
3 2266 2265 2267
3 2269 2268 2266
3 2269 2266 2267
3 2266 2268 2271
3 2266 2271 2262
3 2269 2972 2270
3 2269 2270 2268
3 2272 2271 2268
3 2272 2268 2270
3 2272 2275 2273
3 2272 2273 2271
3 2273 2274 2262
3 2273 2262 2271
3 2273 2276 2278
3 2273 2278 2274
3 2273 2275 2277
3 2273 2277 2276
3 2280 2279 2276
3 2280 2276 2277
3 2278 2276 2279
3 2278 2279 2282
3 2280 2856 2281
3 2280 2281 2279
3 2281 2284 2282
3 2281 2282 2279
3 2283 2282 2284
3 2283 2284 2285
3 2278 2282 2283
3 2278 2283 3270
3 2281 2287 2286
3 2281 2286 2284
3 2286 2289 2285
3 2286 2285 2284
3 2286 2287 2854
3 2286 2854 2288
3 2286 2288 2291
3 2286 2291 2289
3 3272 2285 2289
3 3272 2289 2290
3 2291 2292 2290
3 2291 2290 2289
3 2291 2293 2296
3 2291 2296 2292
3 2291 2288 2294
3 2291 2294 2293
3 3045 2295 2293
3 3045 2293 2294
3 2296 2293 2295
3 2296 2295 2297
3 2296 2298 2299
3 2296 2299 2292
3 2296 2297 2301
3 2296 2301 2298
3 3250 2299 2298
3 3250 2298 2300
3 2301 2303 2300
3 2301 2300 2298
3 2301 2297 3046
3 2301 3046 2302
3 2301 2302 2305
3 2301 2305 2303
3 3248 2300 2303
3 3248 2303 2304
3 2305 2307 2304
3 2305 2304 2303
3 2305 2306 2308
3 2305 2308 2307
3 2305 2302 3047
3 2305 3047 2306
3 2310 2304 2307
3 2310 2307 2309
3 2308 2312 2309
3 2308 2309 2307
3 2310 2309 2311
3 2310 2311 3243
3 2311 2309 2312
3 2311 2312 2314
3 2313 2316 2314
3 2313 2314 2312
3 2308 2806 2313
3 2308 2313 2312
3 2311 2314 2315
3 2311 2315 3240
3 2315 2314 2316
3 2315 2316 2318
3 2317 2320 2318
3 2317 2318 2316
3 2313 2802 2317
3 2313 2317 2316
3 2319 2318 2320
3 2319 2320 2321
3 2315 2318 2319
3 2315 2319 3233
3 2317 2323 2322
3 2317 2322 2320
3 2322 2325 2321
3 2322 2321 2320
3 2322 2323 2800
3 2322 2800 2324
3 2322 2324 2327
3 2322 2327 2325
3 3235 2321 2325
3 3235 2325 2326
3 2327 2328 2326
3 2327 2326 2325
3 2327 2329 2332
3 2327 2332 2328
3 2327 2324 2330
3 2327 2330 2329
3 3063 2331 2329
3 3063 2329 2330
3 2332 2329 2331
3 2332 2331 2333
3 2332 2334 2335
3 2332 2335 2328
3 2332 2333 2337
3 2332 2337 2334
3 3211 2335 2334
3 3211 2334 2336
3 2337 2339 2336
3 2337 2336 2334
3 2337 2333 2697
3 2337 2697 2338
3 2337 2338 2341
3 2337 2341 2339
3 3209 2336 2339
3 3209 2339 2340
3 2341 2343 2340
3 2341 2340 2339
3 2341 2342 2344
3 2341 2344 2343
3 2341 2338 2694
3 2341 2694 2342
3 2346 2340 2343
3 2346 2343 2345
3 2344 2348 2345
3 2344 2345 2343
3 2346 2345 2347
3 2346 2347 3204
3 2347 2345 2348
3 2347 2348 2350
3 2349 2352 2350
3 2349 2350 2348
3 2344 2688 2349
3 2344 2349 2348
3 2347 2350 2351
3 2347 2351 3201
3 2351 2350 2352
3 2351 2352 2354
3 2349 2684 2353
3 2349 2353 2352
3 2353 2356 2354
3 2353 2354 2352
3 2355 2354 2356
3 2355 2356 2358
3 2351 2354 2355
3 2351 2355 3197
3 2357 2360 2358
3 2357 2358 2356
3 2353 2682 2357
3 2353 2357 2356
3 2355 2358 2359
3 2355 2359 3198
3 2359 2358 2360
3 2359 2360 2361
3 2362 2363 2361
3 2362 2361 2360
3 2357 2364 2362
3 2357 2362 2360
3 2362 2365 2367
3 2362 2367 2363
3 2362 2364 2366
3 2362 2366 2365
3 2369 2368 2365
3 2369 2365 2366
3 2367 2365 2368
3 2367 2368 2371
3 2369 2418 2370
3 2369 2370 2368
3 2370 2373 2371
3 2370 2371 2368
3 2367 2371 2372
3 2367 2372 3153
3 2372 2371 2373
3 2372 2373 2375
3 2370 2419 2374
3 2370 2374 2373
3 2374 2377 2375
3 2374 2375 2373
3 2372 2375 2376
3 2372 2376 3150
3 2376 2375 2377
3 2376 2377 2378
3 2374 2381 2379
3 2374 2379 2377
3 2379 2382 2378
3 2379 2378 2377
3 2379 2380 2384
3 2379 2384 2382
3 2379 2381 3843
3 2379 3843 2380
3 3144 2378 2382
3 3144 2382 2383
3 2384 2386 2383
3 2384 2383 2382
3 2384 2380 3845
3 2384 3845 2385
3 2384 2385 2388
3 2384 2388 2386
3 3145 2383 2386
3 3145 2386 2387
3 2388 2389 2387
3 2388 2387 2386
3 2388 2390 2391
3 2388 2391 2389
3 2388 2385 2393
3 2388 2393 2390
3 2391 2390 2392
3 2391 2392 2500
3 2395 2392 2390
3 2395 2390 2393
3 2393 2385 3845
3 2393 3845 2394
3 2396 2395 2393
3 2396 2393 2394
3 2395 2397 2399
3 2395 2399 2392
3 2396 2398 2397
3 2396 2397 2395
3 2400 2397 2398
3 2400 2398 2403
3 2399 2397 2400
3 2399 2400 2401
3 2400 2402 2460
3 2400 2460 2401
3 2400 2403 2404
3 2400 2404 2402
3 2405 2403 2398
3 2405 2398 2408
3 2404 2403 2405
3 2404 2405 2407
3 2406 2405 2408
3 2406 2408 2409
3 2406 2433 2407
3 2406 2407 2405
3 2412 2409 2408
3 2412 2408 2410
3 2410 2408 2398
3 2410 2398 2396
3 2410 2396 2394
3 2410 2394 2411
3 2412 2410 2411
3 2412 2411 2413
3 2414 2412 2413
3 2414 2413 2415
3 2414 2416 2409
3 2414 2409 2412
3 2414 2415 2419
3 2414 2419 2417
3 2420 2416 2414
3 2420 2414 2417
3 2420 2417 2418
3 2420 2418 2422
3 2370 2418 2417
3 2370 2417 2419
3 2420 2421 2432
3 2420 2432 2416
3 2424 2421 2420
3 2424 2420 2422
3 2424 2422 2423
3 2424 2423 2425
3 2369 2423 2422
3 2369 2422 2418
3 2427 2426 2424
3 2427 2424 2425
3 2424 2426 2429
3 2424 2429 2421
3 2427 2674 2428
3 2427 2428 2426
3 2430 2429 2426
3 2430 2426 2428
3 2430 2434 2431
3 2430 2431 2429
3 2431 2432 2421
3 2431 2421 2429
3 2431 2433 2406
3 2431 2406 2432
3 2431 2434 2435
3 2431 2435 2433
3 2439 2435 2434
3 2439 2434 2436
3 2430 2438 2436
3 2430 2436 2434
3 2437 2436 2438
3 2437 2438 3065
3 2439 2436 2437
3 2439 2437 2441
3 2439 2441 2442
3 2439 2442 2440
3 2456 2435 2439
3 2456 2439 2440
3 2446 2442 2441
3 2446 2441 2443
3 2437 2445 2443
3 2437 2443 2441
3 2444 2443 2445
3 2444 2445 2647
3 2446 2443 2444
3 2446 2444 2447
3 2446 2447 2450
3 2446 2450 2448
3 2451 2442 2446
3 2451 2446 2448
3 2451 2448 2449
3 2451 2449 2452
3 2655 2449 2448
3 2655 2448 2450
3 2454 2453 2451
3 2454 2451 2452
3 2451 2453 2440
3 2451 2440 2442
3 2454 2457 2455
3 2454 2455 2453
3 2456 2440 2453
3 2456 2453 2455
3 2404 2407 2456
3 2404 2456 2455
3 2404 2455 2457
3 2404 2457 2402
3 2458 2457 2454
3 2458 2454 2459
3 2458 2460 2402
3 2458 2402 2457
3 2458 2459 2464
3 2458 2464 2461
3 2463 2460 2458
3 2463 2458 2461
3 2463 2461 2462
3 2463 2462 2498
3 2465 2462 2461
3 2465 2461 2464
3 2465 2464 2466
3 2465 2466 2469
3 2466 2464 2459
3 2466 2459 2468
3 2466 2468 2658
3 2466 2658 2467
3 2466 2467 2470
3 2466 2470 2469
3 2465 2469 2471
3 2465 2471 2474
3 2472 2471 2469
3 2472 2469 2470
3 2472 2545 2473
3 2472 2473 2471
3 2473 2476 2474
3 2473 2474 2471
3 2475 2462 2465
3 2475 2465 2474
3 2475 2474 2476
3 2475 2476 2478
3 2477 2480 2478
3 2477 2478 2476
3 2473 2543 2477
3 2473 2477 2476
3 2479 2499 2475
3 2479 2475 2478
3 2479 2478 2480
3 2479 2480 2482
3 2477 2537 2481
3 2477 2481 2480
3 2480 2481 2483
3 2480 2483 2482
3 2484 2482 2483
3 2484 2483 2485
3 2484 2487 2479
3 2484 2479 2482
3 2530 2486 2484
3 2530 2484 2485
3 2484 2486 2489
3 2484 2489 2487
3 2479 2487 2488
3 2479 2488 2499
3 2491 2488 2487
3 2491 2487 2489
3 2491 2489 2490
3 2491 2490 2492
3 2532 2490 2489
3 2532 2489 2486
3 2494 2493 2491
3 2494 2491 2492
3 2491 2493 2496
3 2491 2496 2488
3 2494 2500 2495
3 2494 2495 2493
3 2496 2493 2495
3 2496 2495 2497
3 2496 2497 2463
3 2496 2463 2498
3 2496 2498 2499
3 2496 2499 2488
3 2475 2499 2498
3 2475 2498 2462
3 2463 2497 2401
3 2463 2401 2460
3 2399 2401 2497
3 2399 2497 2495
3 2399 2495 2500
3 2399 2500 2392
3 2391 2500 2494
3 2391 2494 2501
3 2494 2492 2503
3 2494 2503 2501
3 2391 2501 2502
3 2391 2502 2389
3 2504 2502 2501
3 2504 2501 2503
3 2504 2503 2505
3 2504 2505 2507
3 2505 2503 2492
3 2505 2492 2490
3 2505 2506 2509
3 2505 2509 2507
3 2505 2490 2532
3 2505 2532 2506
3 2504 2507 2508
3 2504 2508 3137
3 2510 2508 2507
3 2510 2507 2509
3 2510 2509 2511
3 2510 2511 2513
3 2511 2509 2506
3 2511 2506 2512
3 2511 2512 2516
3 2511 2516 2514
3 2511 2514 2515
3 2511 2515 2513
3 2518 2515 2514
3 2518 2514 2517
3 2516 2520 2517
3 2516 2517 2514
3 2518 2517 2519
3 2518 2519 3119
3 2519 2517 2520
3 2519 2520 2521
3 2522 2523 2521
3 2522 2521 2520
3 2516 2524 2522
3 2516 2522 2520
3 2522 2525 2526
3 2522 2526 2523
3 2522 2524 2528
3 2522 2528 2525
3 2526 2525 2527
3 2526 2527 2536
3 2525 2528 2529
3 2525 2529 2527
3 2530 2485 2529
3 2530 2529 2528
3 2530 2528 2524
3 2530 2524 2531
3 2532 2486 2530
3 2532 2530 2531
3 2532 2531 2512
3 2532 2512 2506
3 2516 2512 2531
3 2516 2531 2524
3 2533 2529 2485
3 2533 2485 2483
3 2533 2534 2527
3 2533 2527 2529
3 2533 2483 2481
3 2533 2481 2534
3 2535 2536 2527
3 2535 2527 2534
3 2537 2535 2534
3 2537 2534 2481
3 2539 2536 2535
3 2539 2535 2538
3 2537 2541 2538
3 2537 2538 2535
3 2539 2538 2540
3 2539 2540 3107
3 2540 2538 2541
3 2540 2541 2542
3 2543 2544 2542
3 2543 2542 2541
3 2477 2543 2541
3 2477 2541 2537
3 2473 2545 2544
3 2473 2544 2543
3 2547 2542 2544
3 2547 2544 2546
3 2545 2549 2546
3 2545 2546 2544
3 2547 2546 2548
3 2547 2548 3098
3 2548 2546 2549
3 2548 2549 2551
3 2550 2553 2551
3 2550 2551 2549
3 2472 2550 2549
3 2472 2549 2545
3 2548 2551 2552
3 2548 2552 3095
3 2552 2551 2553
3 2552 2553 2555
3 2660 2554 2553
3 2660 2553 2550
3 2554 2557 2555
3 2554 2555 2553
3 2556 2555 2557
3 2556 2557 2558
3 2552 2555 2556
3 2552 2556 3096
3 2559 2562 2558
3 2559 2558 2557
3 2561 2559 2557
3 2561 2557 2554
3 2560 2559 2561
3 2560 2561 2656
3 2560 2564 2562
3 2560 2562 2559
3 3079 2558 2562
3 3079 2562 2563
3 2563 2562 2564
3 2563 2564 2565
3 2567 2566 2564
3 2567 2564 2560
3 2565 2564 2566
3 2565 2566 2569
3 2568 2566 2567
3 2568 2567 2654
3 2568 2571 2569
3 2568 2569 2566
3 2565 2569 2570
3 2565 2570 3075
3 2570 2569 2571
3 2570 2571 2573
3 2572 2571 2568
3 2572 2568 2661
3 2572 2575 2573
3 2572 2573 2571
3 2570 2573 2574
3 2570 2574 3072
3 2574 2573 2575
3 2574 2575 2577
3 2576 2575 2572
3 2576 2572 2643
3 2576 2579 2577
3 2576 2577 2575
3 2578 2577 2579
3 2578 2579 2581
3 2574 2577 2578
3 2574 2578 3069
3 2580 2579 2576
3 2580 2576 2644
3 2580 2583 2581
3 2580 2581 2579
3 2578 2581 2582
3 2578 2582 3066
3 2582 2581 2583
3 2582 2583 2584
3 2585 2587 2584
3 2585 2584 2583
3 2585 2583 2580
3 2585 2580 2588
3 3062 2587 2585
3 3062 2585 2586
3 2590 2586 2585
3 2590 2585 2588
3 2589 2592 2590
3 2589 2590 2588
3 2589 2588 2580
3 2589 2580 2644
3 2590 2591 3061
3 2590 3061 2586
3 2590 2592 2594
3 2590 2594 2591
3 2589 2637 2593
3 2589 2593 2592
3 2595 2594 2592
3 2595 2592 2593
3 2595 2599 2596
3 2595 2596 2594
3 2596 2597 2591
3 2596 2591 2594
3 2596 2598 2731
3 2596 2731 2597
3 2596 2599 2601
3 2596 2601 2598
3 2595 2634 2600
3 2595 2600 2599
3 2603 2601 2599
3 2603 2599 2600
3 2602 2720 2598
3 2602 2598 2601
3 2603 2604 2602
3 2603 2602 2601
3 2603 2605 2608
3 2603 2608 2604
3 2606 2605 2603
3 2606 2603 2600
3 2606 2629 2607
3 2606 2607 2605
3 2609 2608 2605
3 2609 2605 2607
3 2610 2612 2604
3 2610 2604 2608
3 2610 2608 2609
3 2610 2609 2613
3 2610 2613 2614
3 2610 2614 2611
3 2712 2612 2610
3 2712 2610 2611
3 2616 2614 2613
3 2616 2613 2615
3 2609 2617 2615
3 2609 2615 2613
3 2616 2615 2618
3 2616 2618 2619
3 2618 2615 2617
3 2618 2617 2621
3 2618 2620 2695
3 2618 2695 2619
3 2618 2621 2622
3 2618 2622 2620
3 2626 2623 2621
3 2626 2621 2617
3 2622 2621 2623
3 2622 2623 2624
3 2625 2670 2624
3 2625 2624 2623
3 2626 2627 2625
3 2626 2625 2623
3 2609 2607 2626
3 2609 2626 2617
3 2626 2607 2629
3 2626 2629 2627
3 2625 2627 2628
3 2625 2628 2667
3 2630 2628 2627
3 2630 2627 2629
3 2630 2629 2606
3 2630 2606 2632
3 2630 2632 2633
3 2630 2633 2631
3 2664 2628 2630
3 2664 2630 2631
3 2635 2633 2632
3 2635 2632 2634
3 2606 2600 2634
3 2606 2634 2632
3 2635 2634 2595
3 2635 2595 2593
3 2638 2633 2635
3 2638 2635 2636
3 2635 2593 2637
3 2635 2637 2636
3 2642 2639 2636
3 2642 2636 2637
3 2638 2636 2639
3 2638 2639 2641
3 2640 2639 2642
3 2640 2642 2643
3 2640 2645 2641
3 2640 2641 2639
3 2642 2644 2576
3 2642 2576 2643
3 2642 2637 2589
3 2642 2589 2644
3 2640 2643 2572
3 2640 2572 2661
3 2646 2641 2645
3 2646 2645 2649
3 2646 2648 2638
3 2646 2638 2641
3 2646 2647 2662
3 2646 2662 2648
3 2444 2647 2646
3 2444 2646 2649
3 2444 2649 2650
3 2444 2650 2447
3 2651 2650 2649
3 2651 2649 2645
3 2652 2450 2447
3 2652 2447 2650
3 2652 2650 2651
3 2652 2651 2654
3 2652 2654 2567
3 2652 2567 2653
3 2655 2450 2652
3 2655 2652 2653
3 2651 2661 2568
3 2651 2568 2654
3 2655 2653 2656
3 2655 2656 2657
3 2567 2560 2656
3 2567 2656 2653
3 2561 2659 2657
3 2561 2657 2656
3 2658 2449 2655
3 2658 2655 2657
3 2658 2657 2659
3 2658 2659 2467
3 2660 2470 2467
3 2660 2467 2659
3 2561 2554 2660
3 2561 2660 2659
3 2660 2550 2472
3 2660 2472 2470
3 2658 2468 2452
3 2658 2452 2449
3 2651 2645 2640
3 2651 2640 2661
3 2664 2631 2648
3 2664 2648 2662
3 2638 2648 2631
3 2638 2631 2633
3 2663 2662 2647
3 2663 2647 2445
3 2663 2665 2664
3 2663 2664 2662
3 2664 2665 2667
3 2664 2667 2628
3 2663 3065 2666
3 2663 2666 2665
3 2668 2667 2665
3 2668 2665 2666
3 2625 2667 2668
3 2625 2668 2670
3 2668 2669 2671
3 2668 2671 2670
3 2668 2666 3064
3 2668 3064 2669
3 2672 2624 2670
3 2672 2670 2671
3 2672 2671 2673
3 2672 2673 2675
3 2673 2671 2669
3 2673 2669 2674
3 2673 2674 2427
3 2673 2427 2676
3 2673 2676 2677
3 2673 2677 2675
3 2679 2677 2676
3 2679 2676 2678
3 2427 2425 2678
3 2427 2678 2676
3 2679 2678 2680
3 2679 2680 2681
3 2680 2678 2425
3 2680 2425 2423
3 2680 2366 2364
3 2680 2364 2681
3 2680 2423 2369
3 2680 2369 2366
3 2679 2681 2682
3 2679 2682 2683
3 2357 2682 2681
3 2357 2681 2364
3 2353 2684 2683
3 2353 2683 2682
3 2685 2683 2684
3 2685 2684 2687
3 2685 2677 2679
3 2685 2679 2683
3 2685 2686 2675
3 2685 2675 2677
3 2689 2686 2685
3 2689 2685 2687
3 2689 2687 2688
3 2689 2688 2690
3 2349 2688 2687
3 2349 2687 2684
3 2692 2691 2689
3 2692 2689 2690
3 2689 2691 2693
3 2689 2693 2686
3 2692 2695 2620
3 2692 2620 2691
3 2622 2693 2691
3 2622 2691 2620
3 2672 2675 2686
3 2672 2686 2693
3 2622 2624 2672
3 2622 2672 2693
3 2692 2690 2342
3 2692 2342 2694
3 2696 2695 2692
3 2696 2692 2694
3 2696 2698 2619
3 2696 2619 2695
3 2696 2694 2338
3 2696 2338 2697
3 2699 2698 2696
3 2699 2696 2697
3 2699 2701 2700
3 2699 2700 2698
3 2616 2619 2698
3 2616 2698 2700
3 2702 2700 2701
3 2702 2701 2704
3 2702 2614 2616
3 2702 2616 2700
3 2702 2703 2611
3 2702 2611 2614
3 2706 2703 2702
3 2706 2702 2704
3 2706 2704 2705
3 2706 2705 2707
3 3063 2705 2704
3 3063 2704 2701
3 2709 2708 2706
3 2709 2706 2707
3 2706 2708 2711
3 2706 2711 2703
3 2709 2788 2710
3 2709 2710 2708
3 2713 2711 2708
3 2713 2708 2710
3 2712 2611 2703
3 2712 2703 2711
3 2713 2715 2712
3 2713 2712 2711
3 2713 2714 2717
3 2713 2717 2715
3 2787 2714 2713
3 2787 2713 2710
3 2712 2715 2716
3 2712 2716 2612
3 2719 2716 2715
3 2719 2715 2717
3 2718 2717 2714
3 2718 2714 2790
3 2719 2717 2718
3 2719 2718 2721
3 2719 2721 2722
3 2719 2722 2720
3 2602 2716 2719
3 2602 2719 2720
3 2726 2722 2721
3 2726 2721 2723
3 2718 2725 2723
3 2718 2723 2721
3 2724 2723 2725
3 2724 2725 2746
3 2726 2723 2724
3 2726 2724 2727
3 2726 2727 2730
3 2726 2730 2728
3 2731 2722 2726
3 2731 2726 2728
3 2731 2728 2729
3 2731 2729 2597
3 2732 2729 2728
3 2732 2728 2730
3 2731 2598 2720
3 2731 2720 2722
3 2732 2730 2733
3 2732 2733 2734
3 2733 2730 2727
3 2733 2727 2735
3 2733 2736 2738
3 2733 2738 2734
3 2733 2735 2739
3 2733 2739 2736
3 2737 3055 2738
3 2737 2738 2736
3 2739 2740 2737
3 2739 2737 2736
3 2739 2735 2744
3 2739 2744 2741
3 2739 2741 2743
3 2739 2743 2740
3 2745 2742 2741
3 2745 2741 2744
3 2743 2741 2742
3 2743 2742 3049
3 2724 2744 2735
3 2724 2735 2727
3 2724 2746 2745
3 2724 2745 2744
3 2745 2746 2748
3 2745 2748 2747
3 2745 2747 2750
3 2745 2750 2742
3 2793 2749 2747
3 2793 2747 2748
3 2750 2747 2749
3 2750 2749 2752
3 2750 2752 2753
3 2750 2753 2751
3 2750 2751 3049
3 2750 3049 2742
3 2757 2754 2752
3 2757 2752 2749
3 2753 2752 2754
3 2753 2754 2756
3 2755 721 2756
3 2755 2756 2754
3 2757 2759 2755
3 2757 2755 2754
3 2793 2758 2757
3 2793 2757 2749
3 2757 2758 2760
3 2757 2760 2759
3 2763 2761 2759
3 2763 2759 2760
3 2755 2759 2761
3 2755 2761 2764
3 2762 2761 2763
3 2762 2763 2774
3 2762 2765 2764
3 2762 2764 2761
3 2755 2764 723
3 2755 723 721
3 723 2764 2765
3 723 2765 725
3 2766 2768 725
3 2766 725 2765
3 2766 2765 2762
3 2766 2762 2769
3 2766 2769 2770
3 2766 2770 2767
3 2830 2768 2766
3 2830 2766 2767
3 2772 2770 2769
3 2772 2769 2771
3 2762 2774 2771
3 2762 2771 2769
3 2772 2771 2773
3 2772 2773 2815
3 2773 2771 2774
3 2773 2774 2775
3 2763 2777 2775
3 2763 2775 2774
3 2776 2775 2777
3 2776 2777 2778
3 2773 2775 2776
3 2773 2776 2811
3 2779 2781 2778
3 2779 2778 2777
3 2763 2760 2779
3 2763 2779 2777
3 2779 2780 2782
3 2779 2782 2781
3 2779 2760 2758
3 2779 2758 2780
3 2784 2778 2781
3 2784 2781 2783
3 2782 2786 2783
3 2782 2783 2781
3 2784 2783 2785
3 2784 2785 2794
3 2785 2783 2786
3 2785 2786 2788
3 2782 2789 2787
3 2782 2787 2786
3 2787 2710 2788
3 2787 2788 2786
3 2785 2788 2709
3 2785 2709 2795
3 2787 2789 2790
3 2787 2790 2714
3 2792 2790 2789
3 2792 2789 2791
3 2782 2780 2791
3 2782 2791 2789
3 2792 2791 2793
3 2792 2793 2748
3 2793 2791 2780
3 2793 2780 2758
3 2792 2748 2746
3 2792 2746 2725
3 2718 2790 2792
3 2718 2792 2725
3 2785 2795 2796
3 2785 2796 2794
3 2798 2796 2795
3 2798 2795 2797
3 2709 2707 2797
3 2709 2797 2795
3 2798 2797 2799
3 2798 2799 2800
3 2799 2797 2707
3 2799 2707 2705
3 2799 2330 2324
3 2799 2324 2800
3 2799 2705 3063
3 2799 3063 2330
3 2798 2800 2323
3 2798 2323 2801
3 2803 2796 2798
3 2803 2798 2801
3 2803 2801 2802
3 2803 2802 2805
3 2317 2802 2801
3 2317 2801 2323
3 2803 2804 2794
3 2803 2794 2796
3 2807 2804 2803
3 2807 2803 2805
3 2807 2805 2806
3 2807 2806 2808
3 2313 2806 2805
3 2313 2805 2802
3 2810 2809 2807
3 2810 2807 2808
3 2807 2809 2812
3 2807 2812 2804
3 2810 2813 2811
3 2810 2811 2809
3 2776 2812 2809
3 2776 2809 2811
3 2776 2778 2784
3 2776 2784 2812
3 2784 2794 2804
3 2784 2804 2812
3 2773 2811 2813
3 2773 2813 2815
3 2814 2813 2810
3 2814 2810 3047
3 2814 2816 2815
3 2814 2815 2813
3 2772 2815 2816
3 2772 2816 2818
3 2817 2816 2814
3 2817 2814 3046
3 2817 2819 2818
3 2817 2818 2816
3 2820 2818 2819
3 2820 2819 2822
3 2820 2770 2772
3 2820 2772 2818
3 2820 2821 2767
3 2820 2767 2770
3 2824 2821 2820
3 2824 2820 2822
3 2824 2822 2823
3 2824 2823 2825
3 3045 2823 2822
3 3045 2822 2819
3 2827 2826 2824
3 2827 2824 2825
3 2824 2826 2829
3 2824 2829 2821
3 2827 2847 2828
3 2827 2828 2826
3 2831 2829 2826
3 2831 2826 2828
3 2830 2767 2821
3 2830 2821 2829
3 2831 2833 2830
3 2831 2830 2829
3 2831 2832 730
3 2831 730 2833
3 2835 2832 2831
3 2835 2831 2828
3 2830 2833 726
3 2830 726 2768
3 732 730 2832
3 732 2832 2834
3 2835 2837 2834
3 2835 2834 2832
3 2835 2828 2847
3 2835 2847 2836
3 2839 2837 2835
3 2839 2835 2836
3 2900 2834 2837
3 2900 2837 2838
3 2839 2840 2838
3 2839 2838 2837
3 2843 2840 2839
3 2843 2839 2841
3 2839 2836 2844
3 2839 2844 2841
3 2843 2841 2842
3 2843 2842 2870
3 2845 2842 2841
3 2845 2841 2844
3 2845 2844 2846
3 2845 2846 2848
3 2846 2844 2836
3 2846 2836 2847
3 2846 2847 2827
3 2846 2827 2849
3 2846 2849 2850
3 2846 2850 2848
3 2852 2850 2849
3 2852 2849 2851
3 2827 2825 2851
3 2827 2851 2849
3 2852 2851 2853
3 2852 2853 2854
3 2853 2851 2825
3 2853 2825 2823
3 2853 2294 2288
3 2853 2288 2854
3 2853 2823 3045
3 2853 3045 2294
3 2852 2854 2287
3 2852 2287 2855
3 2857 2850 2852
3 2857 2852 2855
3 2857 2855 2856
3 2857 2856 2859
3 2281 2856 2855
3 2281 2855 2287
3 2857 2858 2848
3 2857 2848 2850
3 2861 2858 2857
3 2861 2857 2859
3 2861 2859 2860
3 2861 2860 2862
3 2280 2860 2859
3 2280 2859 2856
3 2864 2863 2861
3 2864 2861 2862
3 2861 2863 2866
3 2861 2866 2858
3 2864 2958 2865
3 2864 2865 2863
3 2867 2866 2863
3 2867 2863 2865
3 2867 2842 2845
3 2867 2845 2866
3 2845 2848 2858
3 2845 2858 2866
3 2867 2868 2870
3 2867 2870 2842
3 2871 2868 2867
3 2871 2867 2865
3 2882 2870 2868
3 2882 2868 2869
3 2871 2873 2869
3 2871 2869 2868
3 2871 2865 2958
3 2871 2958 2872
3 2874 2873 2871
3 2874 2871 2872
3 2874 2876 2875
3 2874 2875 2873
3 2878 2869 2873
3 2878 2873 2875
3 2877 2875 2876
3 2877 2876 2949
3 2877 2879 2878
3 2877 2878 2875
3 2878 2880 2882
3 2878 2882 2869
3 2878 2879 2883
3 2878 2883 2880
3 2882 2880 2881
3 2882 2881 2896
3 2884 2881 2880
3 2884 2880 2883
3 2884 2883 2885
3 2884 2885 2888
3 2885 2883 2879
3 2885 2879 2886
3 2885 2886 2904
3 2885 2904 2887
3 2885 2887 2890
3 2885 2890 2888
3 2884 2888 2889
3 2884 2889 2891
3 762 2889 2888
3 762 2888 2890
3 766 2890 2887
3 766 2887 772
3 761 2892 2891
3 761 2891 2889
3 2893 2891 2892
3 2893 2892 2894
3 2893 2881 2884
3 2893 2884 2891
3 2897 2895 2893
3 2897 2893 2894
3 2893 2895 2896
3 2893 2896 2881
3 2843 2896 2895
3 2843 2895 2840
3 2897 2838 2840
3 2897 2840 2895
3 2897 2894 2901
3 2897 2901 2898
3 2900 2838 2897
3 2900 2897 2898
3 2900 2898 2899
3 2900 2899 734
3 2902 2899 2898
3 2902 2898 2901
3 2902 2901 2903
3 2902 2903 751
3 2903 2901 2894
3 2903 2894 2892
3 2903 2892 761
3 2903 761 755
3 735 2899 2902
3 735 2902 747
3 732 2834 2900
3 732 2900 734
3 2882 2896 2843
3 2882 2843 2870
3 2904 2906 772
3 2904 772 2887
3 2904 2886 2951
3 2904 2951 2905
3 2904 2905 2907
3 2904 2907 2906
3 2907 2909 773
3 2907 773 2906
3 2907 2905 2952
3 2907 2952 2908
3 2907 2908 2911
3 2907 2911 2909
3 775 773 2909
3 775 2909 2910
3 2911 2913 2910
3 2911 2910 2909
3 2911 2908 2937
3 2911 2937 2912
3 2911 2912 2914
3 2911 2914 2913
3 2916 2910 2913
3 2916 2913 2915
3 2914 2918 2915
3 2914 2915 2913
3 2916 2915 2917
3 2916 2917 3044
3 2917 2915 2918
3 2917 2918 2919
3 2914 2922 2920
3 2914 2920 2918
3 2920 2921 2919
3 2920 2919 2918
3 2920 2923 2926
3 2920 2926 2921
3 2920 2922 2924
3 2920 2924 2923
3 2930 2925 2923
3 2930 2923 2924
3 2926 2923 2925
3 2926 2925 2927
3 2926 2928 800
3 2926 800 2921
3 2926 2927 819
3 2926 819 2928
3 819 813 801
3 819 801 2928
3 2929 820 2927
3 2929 2927 2925
3 2929 2925 2930
3 2929 2930 833
3 2930 2924 2933
3 2930 2933 2931
3 2930 2931 835
3 2930 835 833
3 838 835 2931
3 838 2931 2932
3 2933 2934 2932
3 2933 2932 2931
3 2933 2924 2922
3 2933 2922 2935
3 2933 2935 2936
3 2933 2936 2934
3 2936 2935 2912
3 2936 2912 2937
3 2914 2912 2935
3 2914 2935 2922
3 2936 2938 2939
3 2936 2939 2934
3 2936 2937 2940
3 2936 2940 2938
3 2942 2939 2938
3 2942 2938 2941
3 2940 2943 2941
3 2940 2941 2938
3 2942 2941 2944
3 2942 2944 2945
3 2944 2941 2943
3 2944 2943 2947
3 2944 2946 3011
3 2944 3011 2945
3 2944 2947 2948
3 2944 2948 2946
3 2948 2947 2949
3 2948 2949 2876
3 2950 2949 2947
3 2950 2947 2943
3 2950 2951 2877
3 2950 2877 2949
3 2950 2952 2905
3 2950 2905 2951
3 2940 2952 2950
3 2940 2950 2943
3 2940 2937 2908
3 2940 2908 2952
3 2877 2951 2886
3 2877 2886 2879
3 2948 2876 2874
3 2948 2874 2953
3 2948 2953 2954
3 2948 2954 2946
3 2956 2954 2953
3 2956 2953 2955
3 2874 2872 2955
3 2874 2955 2953
3 2956 2955 2957
3 2956 2957 2960
3 2957 2955 2872
3 2957 2872 2958
3 2957 2958 2864
3 2957 2864 2959
3 2957 2959 2962
3 2957 2962 2960
3 2956 2960 2961
3 2956 2961 3009
3 2963 2961 2960
3 2963 2960 2962
3 2963 2962 2964
3 2963 2964 2967
3 2964 2962 2959
3 2964 2959 2965
3 2964 2965 3043
3 2964 3043 2966
3 2964 2966 2969
3 2964 2969 2967
3 2963 2967 2968
3 2963 2968 3007
3 2970 2968 2967
3 2970 2967 2969
3 2272 2969 2966
3 2272 2966 2275
3 2970 2969 2272
3 2970 2272 2270
3 2970 2270 2972
3 2970 2972 2971
3 2973 2968 2970
3 2973 2970 2971
3 2977 2974 2971
3 2977 2971 2972
3 2973 2971 2974
3 2973 2974 2976
3 2975 2974 2977
3 2975 2977 2979
3 2975 2996 2976
3 2975 2976 2974
3 2977 2972 2269
3 2977 2269 2978
3 2977 2978 2980
3 2977 2980 2979
3 2152 2150 2979
3 2152 2979 2980
3 2975 2979 2150
3 2975 2150 3037
3 2981 2155 2152
3 2981 2152 2980
3 2981 2980 2978
3 2981 2978 2982
3 2985 2983 2981
3 2985 2981 2982
3 2981 2983 2984
3 2981 2984 2155
3 2987 2984 2983
3 2987 2983 2986
3 2985 2988 2986
3 2985 2986 2983
3 2987 2986 2246
3 2987 2246 2990
3 2246 2986 2988
3 2246 2988 2248
3 2989 2250 2248
3 2989 2248 2988
3 2989 2988 2985
3 2989 2985 2265
3 2987 2990 2993
3 2987 2993 2991
3 2154 2984 2987
3 2154 2987 2991
3 2154 2991 2992
3 2154 2992 2157
3 2197 2992 2991
3 2197 2991 2993
3 2994 2199 2197
3 2994 2197 2993
3 2994 2993 2990
3 2994 2990 2245
3 2238 2995 2994
3 2238 2994 2245
3 2994 2995 2202
3 2994 2202 2199
3 2205 2202 2995
3 2205 2995 2239
3 2192 2159 2157
3 2192 2157 2992
3 2985 2982 2267
3 2985 2267 2265
3 2269 2267 2982
3 2269 2982 2978
3 2997 2976 2996
3 2997 2996 2999
3 2997 2998 2973
3 2997 2973 2976
3 2997 3000 3003
3 2997 3003 2998
3 3001 3000 2997
3 3001 2997 2999
3 3001 3024 3002
3 3001 3002 3000
3 3004 3003 3000
3 3004 3000 3002
3 3004 3006 3005
3 3004 3005 3003
3 3005 3007 2998
3 3005 2998 3003
3 3005 3006 3009
3 3005 3009 2961
3 3005 2961 2963
3 3005 2963 3007
3 2973 2998 3007
3 2973 3007 2968
3 3010 3009 3006
3 3010 3006 3008
3 3004 3020 3008
3 3004 3008 3006
3 3010 2954 2956
3 3010 2956 3009
3 3012 3011 3010
3 3012 3010 3008
3 3010 3011 2946
3 3010 2946 2954
3 3012 3014 2945
3 3012 2945 3011
3 3012 3008 3020
3 3012 3020 3013
3 3015 3014 3012
3 3015 3012 3013
3 3015 3017 3016
3 3015 3016 3014
3 2942 2945 3014
3 2942 3014 3016
3 3018 3016 3017
3 3018 3017 841
3 3018 2939 2942
3 3018 2942 3016
3 3018 2932 2934
3 3018 2934 2939
3 838 2932 3018
3 838 3018 841
3 840 3017 3015
3 840 3015 847
3 3015 3013 3019
3 3015 3019 847
3 3021 3019 3013
3 3021 3013 3020
3 3021 3020 3004
3 3021 3004 3002
3 848 3019 3021
3 848 3021 3022
3 3021 3002 3024
3 3021 3024 3022
3 848 3022 3023
3 848 3023 850
3 3025 3023 3022
3 3025 3022 3024
3 3025 3024 3001
3 3025 3001 3026
3 3025 3026 3029
3 3025 3029 3027
3 3030 3023 3025
3 3030 3025 3027
3 3030 3027 3028
3 3030 3028 1013
3 3031 3028 3027
3 3031 3027 3029
3 1010 853 3030
3 1010 3030 1013
3 3030 853 850
3 3030 850 3023
3 3031 3029 3032
3 3031 3032 3033
3 3032 3029 3026
3 3032 3026 3035
3 3032 3034 2146
3 3032 2146 3033
3 3032 3035 3036
3 3032 3036 3034
3 3001 2999 3035
3 3001 3035 3026
3 3036 3035 2999
3 3036 2999 2996
3 3036 3037 2145
3 3036 2145 3034
3 3036 2996 2975
3 3036 2975 3037
3 3031 3033 3038
3 3031 3038 3040
3 2142 3038 3033
3 2142 3033 2146
3 2142 2139 3039
3 2142 3039 3038
3 3039 1017 3040
3 3039 3040 3038
3 1012 3028 3031
3 1012 3031 3040
3 3039 3041 1019
3 3039 1019 1017
3 3039 2139 2137
3 3039 2137 3041
3 1019 3041 3042
3 1019 3042 1021
3 2130 3042 3041
3 2130 3041 2137
3 2126 3850 1021
3 2126 1021 3042
3 3043 2277 2275
3 3043 2275 2966
3 3043 2965 2862
3 3043 2862 2860
3 3043 2860 2280
3 3043 2280 2277
3 2864 2862 2965
3 2864 2965 2959
3 798 2919 2921
3 798 2921 800
3 2917 2919 798
3 2917 798 794
3 2917 794 791
3 2917 791 3044
3 2916 3044 781
3 2916 781 778
3 784 781 3044
3 784 3044 791
3 775 2910 2916
3 775 2916 778
3 3045 2819 2817
3 3045 2817 2295
3 2817 3046 2297
3 2817 2297 2295
3 2814 3047 2302
3 2814 2302 3046
3 2810 2808 2306
3 2810 2306 3047
3 2308 2306 2808
3 2308 2808 2806
3 2753 2756 716
3 2753 716 714
3 2753 714 3048
3 2753 3048 2751
3 3050 3049 2751
3 3050 2751 3048
3 2743 3049 3050
3 2743 3050 3051
3 3050 3052 700
3 3050 700 3051
3 3050 3048 710
3 3050 710 3052
3 2743 3051 3053
3 2743 3053 2740
3 700 697 3053
3 700 3053 3051
3 3053 697 691
3 3053 691 3054
3 3053 3054 2737
3 3053 2737 2740
3 2737 3054 690
3 2737 690 3055
3 2738 3055 3057
3 2738 3057 3056
3 2738 3056 3058
3 2738 3058 2734
3 3058 3056 677
3 3058 677 3059
3 679 677 3056
3 679 3056 3057
3 2732 2734 3058
3 2732 3058 3060
3 3058 3059 3062
3 3058 3062 3060
3 3061 2729 2732
3 3061 2732 3060
3 3061 3060 3062
3 3061 3062 2586
3 3062 3059 676
3 3062 676 2587
3 3061 2591 2597
3 3061 2597 2729
3 684 3057 3055
3 684 3055 690
3 2602 2604 2612
3 2602 2612 2716
3 3063 2701 2699
3 3063 2699 2331
3 2699 2697 2333
3 2699 2333 2331
3 2344 2342 2690
3 2344 2690 2688
3 3064 2428 2674
3 3064 2674 2669
3 3064 2438 2430
3 3064 2430 2428
3 3064 2666 3065
3 3064 3065 2438
3 2437 3065 2663
3 2437 2663 2445
3 674 2584 2587
3 674 2587 676
3 2582 2584 674
3 2582 674 670
3 2582 670 668
3 2582 668 3066
3 2578 3066 3067
3 2578 3067 3069
3 666 3067 3066
3 666 3066 668
3 3068 3067 666
3 3068 666 3842
3 3068 3070 3069
3 3068 3069 3067
3 2574 3069 3070
3 2574 3070 3072
3 3071 3070 3068
3 3071 3068 3838
3 3071 3073 3072
3 3071 3072 3070
3 2570 3072 3073
3 2570 3073 3075
3 3074 3073 3071
3 3074 3071 3839
3 3074 3076 3075
3 3074 3075 3073
3 2563 2565 3075
3 2563 3075 3076
3 3080 3077 3076
3 3080 3076 3074
3 3079 2563 3076
3 3079 3076 3077
3 3079 3077 3078
3 3079 3078 3833
3 3082 3078 3077
3 3082 3077 3080
3 3080 3074 3839
3 3080 3839 3081
3 3082 3080 3081
3 3082 3081 3083
3 3082 3083 3087
3 3082 3087 3084
3 3086 3078 3082
3 3086 3082 3084
3 3087 646 3085
3 3087 3085 3084
3 3086 3084 3085
3 3086 3085 3089
3 3087 3083 3834
3 3087 3834 651
3 3086 3088 3833
3 3086 3833 3078
3 3091 3088 3086
3 3091 3086 3089
3 3089 3085 645
3 3089 645 3090
3 3091 3089 3090
3 3091 3090 3092
3 3094 3093 3091
3 3094 3091 3092
3 3091 3093 3096
3 3091 3096 3088
3 3094 3097 3095
3 3094 3095 3093
3 2552 3096 3093
3 2552 3093 3095
3 2556 3833 3088
3 2556 3088 3096
3 2548 3095 3097
3 2548 3097 3098
3 3099 3102 3098
3 3099 3098 3097
3 3099 3097 3094
3 3099 3094 3101
3 3099 3101 3772
3 3099 3772 3100
3 3103 3102 3099
3 3103 3099 3100
3 3103 3105 3104
3 3103 3104 3102
3 2547 3098 3102
3 2547 3102 3104
3 2540 3104 3105
3 2540 3105 3107
3 2540 2542 2547
3 2540 2547 3104
3 3106 3105 3103
3 3106 3103 3770
3 3106 3108 3107
3 3106 3107 3105
3 2539 3107 3108
3 2539 3108 3110
3 3109 3108 3106
3 3109 3106 3764
3 3109 3111 3110
3 3109 3110 3108
3 2526 3110 3111
3 2526 3111 2523
3 2526 2536 2539
3 2526 2539 3110
3 3112 3111 3109
3 3112 3109 3113
3 3112 2521 2523
3 3112 2523 3111
3 3112 3113 3115
3 3112 3115 3114
3 2519 2521 3112
3 2519 3112 3114
3 3117 3116 3114
3 3117 3114 3115
3 2519 3114 3116
3 2519 3116 3119
3 3117 3752 3118
3 3117 3118 3116
3 3118 3120 3119
3 3118 3119 3116
3 2518 3119 3120
3 2518 3120 3122
3 3118 3822 3121
3 3118 3121 3120
3 3121 3123 3122
3 3121 3122 3120
3 3124 3122 3123
3 3124 3123 3126
3 3124 2515 2518
3 3124 2518 3122
3 3124 3125 2513
3 3124 2513 2515
3 3128 3125 3124
3 3128 3124 3126
3 3629 3127 3126
3 3629 3126 3123
3 3128 3126 3127
3 3128 3127 3129
3 3131 3130 3128
3 3131 3128 3129
3 3128 3130 3133
3 3128 3133 3125
3 3131 3171 3132
3 3131 3132 3130
3 3134 3133 3130
3 3134 3130 3132
3 2510 2513 3125
3 2510 3125 3133
3 3134 2508 2510
3 3134 2510 3133
3 3134 3135 3137
3 3134 3137 2508
3 3138 3135 3134
3 3138 3134 3132
3 3832 3137 3135
3 3832 3135 3136
3 3138 3140 3136
3 3138 3136 3135
3 3138 3132 3171
3 3138 3171 3139
3 3141 3140 3138
3 3141 3138 3139
3 3141 3143 3142
3 3141 3142 3140
3 3145 3136 3140
3 3145 3140 3142
3 3144 3142 3143
3 3144 3143 3146
3 3144 2383 3145
3 3144 3145 3142
3 3145 2387 3832
3 3145 3832 3136
3 2376 2378 3144
3 2376 3144 3146
3 2376 3146 3147
3 2376 3147 3150
3 3148 3147 3146
3 3148 3146 3143
3 3149 3147 3148
3 3149 3148 3165
3 3149 3151 3150
3 3149 3150 3147
3 2372 3150 3151
3 2372 3151 3153
3 3152 3151 3149
3 3152 3149 3162
3 3152 3154 3153
3 3152 3153 3151
3 2367 3153 3154
3 2367 3154 2363
3 3155 3154 3152
3 3155 3152 3157
3 3155 2361 2363
3 3155 2363 3154
3 3155 3157 3158
3 3155 3158 3156
3 2359 2361 3155
3 2359 3155 3156
3 3160 3158 3157
3 3160 3157 3159
3 3152 3162 3159
3 3152 3159 3157
3 3160 3159 3161
3 3160 3161 3184
3 3161 3159 3162
3 3161 3162 3163
3 3149 3165 3163
3 3149 3163 3162
3 3161 3163 3164
3 3161 3164 3181
3 3164 3163 3165
3 3164 3165 3166
3 3148 3168 3166
3 3148 3166 3165
3 3164 3166 3167
3 3164 3167 3178
3 3167 3166 3168
3 3167 3168 3169
3 3148 3143 3141
3 3148 3141 3168
3 3141 3139 3169
3 3141 3169 3168
3 3170 3169 3139
3 3170 3139 3171
3 3167 3169 3170
3 3167 3170 3173
3 3170 3171 3131
3 3170 3131 3172
3 3170 3172 3174
3 3170 3174 3173
3 3176 3175 3173
3 3176 3173 3174
3 3167 3173 3175
3 3167 3175 3178
3 3176 3618 3177
3 3176 3177 3175
3 3177 3179 3178
3 3177 3178 3175
3 3164 3178 3179
3 3164 3179 3181
3 3180 3182 3181
3 3180 3181 3179
3 3177 3615 3180
3 3177 3180 3179
3 3161 3181 3182
3 3161 3182 3184
3 3180 3613 3183
3 3180 3183 3182
3 3183 3185 3184
3 3183 3184 3182
3 3160 3184 3185
3 3160 3185 3187
3 3183 3828 3186
3 3183 3186 3185
3 3186 3188 3187
3 3186 3187 3185
3 3189 3187 3188
3 3189 3188 3191
3 3189 3158 3160
3 3189 3160 3187
3 3189 3190 3156
3 3189 3156 3158
3 3193 3190 3189
3 3193 3189 3191
3 3346 3192 3191
3 3346 3191 3188
3 3193 3191 3192
3 3193 3192 3194
3 3196 3195 3193
3 3196 3193 3194
3 3193 3195 3198
3 3193 3198 3190
3 3196 3199 3197
3 3196 3197 3195
3 2355 3198 3195
3 2355 3195 3197
3 2359 3156 3190
3 2359 3190 3198
3 2351 3197 3199
3 2351 3199 3201
3 3200 3199 3196
3 3200 3196 3343
3 3200 3202 3201
3 3200 3201 3199
3 2347 3201 3202
3 2347 3202 3204
3 3203 3202 3200
3 3203 3200 3336
3 3203 3205 3204
3 3203 3204 3202
3 2346 3204 3205
3 2346 3205 3207
3 3206 3205 3203
3 3206 3203 3337
3 3206 3208 3207
3 3206 3207 3205
3 3209 3207 3208
3 3209 3208 3210
3 3209 2340 2346
3 3209 2346 3207
3 3211 2336 3209
3 3211 3209 3210
3 3215 3212 3210
3 3215 3210 3208
3 3211 3210 3212
3 3211 3212 3214
3 3213 3212 3215
3 3213 3215 3217
3 3213 3226 3214
3 3213 3214 3212
3 3215 3208 3206
3 3215 3206 3216
3 3215 3216 3218
3 3215 3218 3217
3 3220 3219 3217
3 3220 3217 3218
3 3213 3217 3219
3 3213 3219 3222
3 3220 3318 3221
3 3220 3221 3219
3 3221 3223 3222
3 3221 3222 3219
3 3224 3222 3223
3 3224 3223 3227
3 3224 3226 3213
3 3224 3213 3222
3 3224 3225 3236
3 3224 3236 3226
3 3229 3225 3224
3 3229 3224 3227
3 3313 3228 3227
3 3313 3227 3223
3 3229 3227 3228
3 3229 3228 3230
3 3232 3231 3229
3 3232 3229 3230
3 3229 3231 3234
3 3229 3234 3225
3 3232 3238 3233
3 3232 3233 3231
3 2319 3234 3231
3 2319 3231 3233
3 3235 3236 3225
3 3235 3225 3234
3 2319 2321 3235
3 2319 3235 3234
3 3235 2326 3237
3 3235 3237 3236
3 3237 3214 3226
3 3237 3226 3236
3 3237 2335 3211
3 3237 3211 3214
3 3237 2326 2328
3 3237 2328 2335
3 2315 3233 3238
3 2315 3238 3240
3 3239 3238 3232
3 3239 3232 3311
3 3239 3241 3240
3 3239 3240 3238
3 2311 3240 3241
3 2311 3241 3243
3 3242 3241 3239
3 3242 3239 3300
3 3242 3244 3243
3 3242 3243 3241
3 2310 3243 3244
3 2310 3244 3246
3 3245 3244 3242
3 3245 3242 3301
3 3245 3247 3246
3 3245 3246 3244
3 3248 3246 3247
3 3248 3247 3249
3 3248 2304 2310
3 3248 2310 3246
3 3250 2300 3248
3 3250 3248 3249
3 3254 3251 3249
3 3254 3249 3247
3 3250 3249 3251
3 3250 3251 3253
3 3252 3251 3254
3 3252 3254 3256
3 3252 3265 3253
3 3252 3253 3251
3 3254 3247 3245
3 3254 3245 3255
3 3254 3255 3257
3 3254 3257 3256
3 3259 3258 3256
3 3259 3256 3257
3 3252 3256 3258
3 3252 3258 3261
3 3259 3282 3260
3 3259 3260 3258
3 3260 3262 3261
3 3260 3261 3258
3 3263 3261 3262
3 3263 3262 3266
3 3263 3265 3252
3 3263 3252 3261
3 3263 3264 3273
3 3263 3273 3265
3 3268 3264 3263
3 3268 3263 3266
3 3275 3267 3266
3 3275 3266 3262
3 3268 3266 3267
3 3268 3267 2258
3 2260 3269 3268
3 2260 3268 2258
3 3268 3269 3271
3 3268 3271 3264
3 2260 2263 3270
3 2260 3270 3269
3 2283 3271 3269
3 2283 3269 3270
3 3272 3273 3264
3 3272 3264 3271
3 2283 2285 3272
3 2283 3272 3271
3 3272 2290 3274
3 3272 3274 3273
3 3274 3253 3265
3 3274 3265 3273
3 3274 2299 3250
3 3274 3250 3253
3 3274 2290 2292
3 3274 2292 2299
3 2278 3270 2263
3 2278 2263 2274
3 3275 3276 2254
3 3275 2254 3267
3 3260 3277 3275
3 3260 3275 3262
3 3275 3277 3278
3 3275 3278 3276
3 3280 3278 3277
3 3280 3277 3279
3 3260 3282 3279
3 3260 3279 3277
3 3280 3279 3281
3 3280 3281 3450
3 3281 3279 3282
3 3281 3282 3283
3 3259 3285 3283
3 3259 3283 3282
3 3284 3283 3285
3 3284 3285 3286
3 3281 3283 3284
3 3281 3284 3447
3 3287 3289 3286
3 3287 3286 3285
3 3287 3285 3259
3 3287 3259 3257
3 3287 3257 3255
3 3287 3255 3288
3 3290 3289 3287
3 3290 3287 3288
3 3292 3286 3289
3 3292 3289 3291
3 3290 3294 3291
3 3290 3291 3289
3 3292 3291 3293
3 3292 3293 3441
3 3293 3291 3294
3 3293 3294 3295
3 3296 3298 3295
3 3296 3295 3294
3 3296 3294 3290
3 3296 3290 3299
3 3296 3299 3300
3 3296 3300 3297
3 3302 3298 3296
3 3302 3296 3297
3 3242 3300 3299
3 3242 3299 3301
3 3290 3288 3301
3 3290 3301 3299
3 3245 3301 3288
3 3245 3288 3255
3 3239 3311 3297
3 3239 3297 3300
3 3304 3295 3298
3 3304 3298 3303
3 3302 3306 3303
3 3302 3303 3298
3 3304 3303 3305
3 3304 3305 3437
3 3305 3303 3306
3 3305 3306 3307
3 3308 3309 3307
3 3308 3307 3306
3 3308 3306 3302
3 3308 3302 3310
3 3313 3309 3308
3 3313 3308 3228
3 3308 3310 3230
3 3308 3230 3228
3 3232 3230 3310
3 3232 3310 3311
3 3302 3297 3311
3 3302 3311 3310
3 3313 3314 3312
3 3313 3312 3309
3 3570 3307 3309
3 3570 3309 3312
3 3221 3314 3313
3 3221 3313 3223
3 3316 3312 3314
3 3316 3314 3315
3 3221 3318 3315
3 3221 3315 3314
3 3316 3315 3317
3 3316 3317 3568
3 3317 3315 3318
3 3317 3318 3319
3 3220 3321 3319
3 3220 3319 3318
3 3320 3319 3321
3 3320 3321 3322
3 3317 3319 3320
3 3317 3320 3544
3 3323 3325 3322
3 3323 3322 3321
3 3323 3321 3220
3 3323 3220 3218
3 3323 3218 3216
3 3323 3216 3324
3 3326 3325 3323
3 3326 3323 3324
3 3328 3322 3325
3 3328 3325 3327
3 3326 3330 3327
3 3326 3327 3325
3 3328 3327 3329
3 3328 3329 3547
3 3329 3327 3330
3 3329 3330 3331
3 3332 3334 3331
3 3332 3331 3330
3 3332 3330 3326
3 3332 3326 3335
3 3332 3335 3336
3 3332 3336 3333
3 3339 3334 3332
3 3339 3332 3333
3 3203 3336 3335
3 3203 3335 3337
3 3326 3324 3337
3 3326 3337 3335
3 3206 3337 3324
3 3206 3324 3216
3 3200 3343 3333
3 3200 3333 3336
3 3551 3331 3334
3 3551 3334 3338
3 3339 3340 3338
3 3339 3338 3334
3 3339 3333 3343
3 3339 3343 3341
3 3342 3340 3339
3 3342 3339 3341
3 3342 3341 3194
3 3342 3194 3192
3 3196 3194 3341
3 3196 3341 3343
3 3342 3344 3347
3 3342 3347 3340
3 3346 3344 3342
3 3346 3342 3192
3 3346 3830 3345
3 3346 3345 3344
3 3349 3347 3344
3 3349 3344 3345
3 3348 3347 3349
3 3348 3349 3350
3 3348 3338 3340
3 3348 3340 3347
3 3349 3345 3353
3 3349 3353 3351
3 3349 3351 3352
3 3349 3352 3350
3 3357 3352 3351
3 3357 3351 3354
3 3353 3356 3354
3 3353 3354 3351
3 3355 3358 3357
3 3355 3357 3354
3 3355 3354 3356
3 3355 3356 3605
3 3357 3358 3360
3 3357 3360 3359
3 3357 3359 3361
3 3357 3361 3352
3 3365 3362 3359
3 3365 3359 3360
3 3361 3359 3362
3 3361 3362 3364
3 3363 3362 3365
3 3363 3365 3366
3 3363 3558 3364
3 3363 3364 3362
3 3370 3366 3365
3 3370 3365 3367
3 3365 3360 3369
3 3365 3369 3367
3 3368 3371 3370
3 3368 3370 3367
3 3368 3367 3369
3 3368 3369 3593
3 3370 3371 3373
3 3370 3373 3372
3 3370 3372 3374
3 3370 3374 3366
3 3376 3375 3372
3 3376 3372 3373
3 3374 3372 3375
3 3374 3375 3378
3 3376 3573 3377
3 3376 3377 3375
3 3377 3380 3378
3 3377 3378 3375
3 3374 3378 3379
3 3374 3379 3560
3 3379 3378 3380
3 3379 3380 3381
3 3382 3385 3381
3 3382 3381 3380
3 3377 3383 3382
3 3377 3382 3380
3 3382 3383 787
3 3382 787 3384
3 3382 3384 3387
3 3382 3387 3385
3 3562 3381 3385
3 3562 3385 3386
3 3387 3388 3386
3 3387 3386 3385
3 3387 3389 3391
3 3387 3391 3388
3 3387 3384 3390
3 3387 3390 3389
3 3393 3392 3389
3 3393 3389 3390
3 3391 3389 3392
3 3391 3392 3395
3 3394 3392 3393
3 3394 3393 3572
3 3394 3397 3395
3 3394 3395 3392
3 3391 3395 3396
3 3391 3396 3526
3 3396 3395 3397
3 3396 3397 3398
3 3399 3400 3398
3 3399 3398 3397
3 3399 3397 3394
3 3399 3394 3402
3 3403 3400 3399
3 3403 3399 3401
3 806 3401 3399
3 806 3399 3402
3 805 3402 3394
3 805 3394 3572
3 806 808 3404
3 806 3404 3401
3 3404 3405 3403
3 3404 3403 3401
3 3404 808 810
3 3404 810 898
3 3404 898 901
3 3404 901 3405
3 3406 3407 3403
3 3406 3403 3405
3 901 903 3406
3 901 3406 3405
3 3411 3408 3406
3 3411 3406 903
3 3406 3408 3409
3 3406 3409 3407
3 3414 3409 3408
3 3414 3408 3410
3 3411 3412 3410
3 3411 3410 3408
3 915 3412 3411
3 915 3411 904
3 3413 3410 3412
3 3413 3412 919
3 3414 3410 3413
3 3414 3413 3415
3 3414 3415 3419
3 3414 3419 3416
3 3418 3409 3414
3 3418 3414 3416
3 3418 3416 3417
3 3418 3417 3521
3 3420 3417 3416
3 3420 3416 3419
3 3420 3419 3421
3 3420 3421 3424
3 3421 3419 3415
3 3421 3415 3423
3 3421 3423 3500
3 3421 3500 3422
3 3421 3422 3426
3 3421 3426 3424
3 3420 3424 3425
3 3420 3425 3516
3 3426 3427 3425
3 3426 3425 3424
3 3430 3428 3426
3 3430 3426 3422
3 3426 3428 3429
3 3426 3429 3427
3 3434 3429 3428
3 3434 3428 3431
3 3430 3433 3431
3 3430 3431 3428
3 3432 3431 3433
3 3432 3433 3498
3 3434 3431 3432
3 3434 3432 3436
3 3434 3436 3437
3 3434 3437 3435
3 3507 3429 3434
3 3507 3434 3435
3 3304 3437 3436
3 3304 3436 3438
3 3432 3439 3438
3 3432 3438 3436
3 3293 3438 3439
3 3293 3439 3441
3 3293 3295 3304
3 3293 3304 3438
3 3432 3498 3440
3 3432 3440 3439
3 3440 3442 3441
3 3440 3441 3439
3 3292 3441 3442
3 3292 3442 3444
3 3440 3494 3443
3 3440 3443 3442
3 3443 3445 3444
3 3443 3444 3442
3 3284 3444 3445
3 3284 3445 3447
3 3284 3286 3292
3 3284 3292 3444
3 3443 3495 3446
3 3443 3446 3445
3 3446 3448 3447
3 3446 3447 3445
3 3281 3447 3448
3 3281 3448 3450
3 3446 3505 3449
3 3446 3449 3448
3 3449 3451 3450
3 3449 3450 3448
3 3280 3450 3451
3 3280 3451 3453
3 3449 3460 3452
3 3449 3452 3451
3 3452 3454 3453
3 3452 3453 3451
3 3455 3453 3454
3 3455 3454 3456
3 3455 3278 3280
3 3455 3280 3453
3 3455 2253 3276
3 3455 3276 3278
3 2251 2253 3455
3 2251 3455 3456
3 2251 3456 2241
3 2251 2241 2243
3 3457 2241 3456
3 3457 3456 3454
3 3452 3458 3457
3 3452 3457 3454
3 3457 3458 2233
3 3457 2233 2235
3 3452 3460 3459
3 3452 3459 3458
3 2231 2233 3458
3 2231 3458 3459
3 3461 3459 3460
3 3461 3460 3462
3 2231 3459 3461
3 2231 3461 3464
3 3461 3462 3504
3 3461 3504 3463
3 3465 3464 3461
3 3465 3461 3463
3 3465 3467 2226
3 3465 2226 3464
3 3481 3466 3465
3 3481 3465 3463
3 3465 3466 3468
3 3465 3468 3467
3 3470 2227 3467
3 3470 3467 3468
3 3469 3471 3470
3 3469 3470 3468
3 3469 3468 3466
3 3469 3466 3479
3 3470 3471 3473
3 3470 3473 3472
3 3470 3472 2223
3 3470 2223 2227
3 3475 3474 3472
3 3475 3472 3473
3 2223 3472 3474
3 2223 3474 2221
3 1165 1168 2221
3 1165 2221 3474
3 1165 3474 3475
3 1165 3475 1162
3 1160 1162 3475
3 1160 3475 3476
3 3475 3473 3478
3 3475 3478 3476
3 3477 1157 1160
3 3477 1160 3476
3 3477 3476 3478
3 3477 3478 936
3 3478 3473 3471
3 3478 3471 935
3 3477 940 946
3 3477 946 1157
3 3469 933 935
3 3469 935 3471
3 931 933 3469
3 931 3469 3479
3 931 3479 3480
3 931 3480 3483
3 3481 3480 3479
3 3481 3479 3466
3 3482 3480 3481
3 3482 3481 3492
3 3482 3484 3483
3 3482 3483 3480
3 926 3483 3484
3 926 3484 923
3 3485 3487 923
3 3485 923 3484
3 3485 3484 3482
3 3485 3482 3488
3 3485 3488 3489
3 3485 3489 3486
3 3501 3487 3485
3 3501 3485 3486
3 3490 3493 3489
3 3490 3489 3488
3 3482 3492 3490
3 3482 3490 3488
3 3490 3491 3495
3 3490 3495 3493
3 3504 3491 3490
3 3504 3490 3492
3 3489 3493 3494
3 3489 3494 3496
3 3443 3494 3493
3 3443 3493 3495
3 3446 3495 3491
3 3446 3491 3505
3 3440 3498 3496
3 3440 3496 3494
3 3497 3496 3498
3 3497 3498 3433
3 3489 3496 3497
3 3489 3497 3486
3 3501 3486 3497
3 3501 3497 3499
3 3497 3433 3430
3 3497 3430 3499
3 3500 3502 3501
3 3500 3501 3499
3 3500 3499 3430
3 3500 3430 3422
3 3501 3502 924
3 3501 924 3487
3 921 924 3502
3 921 3502 3503
3 3500 3423 3503
3 3500 3503 3502
3 3413 919 921
3 3413 921 3503
3 3413 3503 3423
3 3413 3423 3415
3 3481 3463 3504
3 3481 3504 3492
3 3504 3462 3505
3 3504 3505 3491
3 3449 3505 3462
3 3449 3462 3460
3 3305 3506 3435
3 3305 3435 3437
3 3507 3435 3506
3 3507 3506 3508
3 3510 3509 3507
3 3510 3507 3508
3 3507 3509 3427
3 3507 3427 3429
3 3510 3512 3511
3 3510 3511 3509
3 3425 3427 3509
3 3425 3509 3511
3 3513 3511 3512
3 3513 3512 3514
3 3425 3511 3513
3 3425 3513 3516
3 3513 3514 3571
3 3513 3571 3515
3 3517 3516 3513
3 3517 3513 3515
3 3517 3417 3420
3 3517 3420 3516
3 3519 3518 3517
3 3519 3517 3515
3 3517 3518 3521
3 3517 3521 3417
3 3519 3524 3520
3 3519 3520 3518
3 3522 3521 3518
3 3522 3518 3520
3 3522 3523 3418
3 3522 3418 3521
3 3522 3398 3400
3 3522 3400 3523
3 3396 3398 3522
3 3396 3522 3520
3 3403 3407 3523
3 3403 3523 3400
3 3418 3523 3407
3 3418 3407 3409
3 3396 3520 3524
3 3396 3524 3526
3 3525 3524 3519
3 3525 3519 3534
3 3525 3527 3526
3 3525 3526 3524
3 3391 3526 3527
3 3391 3527 3388
3 3528 3386 3388
3 3528 3388 3527
3 3528 3527 3525
3 3528 3525 3530
3 3528 3530 3531
3 3528 3531 3529
3 3562 3386 3528
3 3562 3528 3529
3 3532 3535 3531
3 3532 3531 3530
3 3525 3534 3532
3 3525 3532 3530
3 3532 3533 3537
3 3532 3537 3535
3 3571 3533 3532
3 3571 3532 3534
3 3531 3535 3536
3 3531 3536 3564
3 3538 3536 3535
3 3538 3535 3537
3 3538 3537 3539
3 3538 3539 3542
3 3539 3537 3533
3 3539 3533 3541
3 3539 3541 3566
3 3539 3566 3540
3 3539 3540 3544
3 3539 3544 3542
3 3538 3542 3543
3 3538 3543 3545
3 3320 3543 3542
3 3320 3542 3544
3 3317 3544 3540
3 3317 3540 3568
3 3320 3322 3328
3 3320 3328 3543
3 3328 3547 3545
3 3328 3545 3543
3 3546 3536 3538
3 3546 3538 3545
3 3546 3545 3547
3 3546 3547 3548
3 3329 3550 3548
3 3329 3548 3547
3 3549 3565 3546
3 3549 3546 3548
3 3549 3548 3550
3 3549 3550 3552
3 3329 3331 3551
3 3329 3551 3550
3 3551 3554 3552
3 3551 3552 3550
3 3553 3556 3549
3 3553 3549 3552
3 3553 3552 3554
3 3553 3554 3555
3 3348 3350 3555
3 3348 3555 3554
3 3551 3338 3348
3 3551 3348 3554
3 3361 3555 3350
3 3361 3350 3352
3 3361 3364 3553
3 3361 3553 3555
3 3553 3364 3558
3 3553 3558 3556
3 3549 3556 3557
3 3549 3557 3565
3 3559 3557 3556
3 3559 3556 3558
3 3559 3558 3363
3 3559 3363 3560
3 3379 3561 3559
3 3379 3559 3560
3 3563 3557 3559
3 3563 3559 3561
3 3379 3381 3562
3 3379 3562 3561
3 3562 3529 3563
3 3562 3563 3561
3 3563 3564 3565
3 3563 3565 3557
3 3531 3564 3563
3 3531 3563 3529
3 3546 3565 3564
3 3546 3564 3536
3 3374 3560 3363
3 3374 3363 3366
3 3571 3514 3541
3 3571 3541 3533
3 3566 3541 3514
3 3566 3514 3512
3 3566 3567 3568
3 3566 3568 3540
3 3566 3512 3510
3 3566 3510 3567
3 3316 3568 3567
3 3316 3567 3569
3 3510 3508 3569
3 3510 3569 3567
3 3570 3569 3508
3 3570 3508 3506
3 3570 3312 3316
3 3570 3316 3569
3 3305 3307 3570
3 3305 3570 3506
3 3519 3515 3571
3 3519 3571 3534
3 795 797 805
3 795 805 3572
3 795 3572 3393
3 795 3393 792
3 3393 3390 789
3 3393 789 792
3 789 3390 3384
3 789 3384 787
3 3377 3573 786
3 3377 786 3383
3 783 786 3573
3 783 3573 3574
3 3376 3575 3574
3 3376 3574 3573
3 3576 3574 3575
3 3576 3575 3577
3 783 3574 3576
3 783 3576 780
3 777 780 3576
3 777 3576 3578
3 3576 3577 3579
3 3576 3579 3578
3 768 770 777
3 768 777 3578
3 768 3578 3579
3 768 3579 3580
3 3579 3581 3583
3 3579 3583 3580
3 3579 3577 3582
3 3579 3582 3581
3 3587 3584 3581
3 3587 3581 3582
3 3583 3581 3584
3 3583 3584 3586
3 3585 3584 3587
3 3585 3587 3589
3 3585 3678 3586
3 3585 3586 3584
3 3587 3582 3831
3 3587 3831 3588
3 3587 3588 3591
3 3587 3591 3589
3 3585 3589 3590
3 3585 3590 3680
3 3592 3590 3589
3 3592 3589 3591
3 3592 3591 3368
3 3592 3368 3593
3 3368 3591 3588
3 3368 3588 3371
3 3595 3590 3592
3 3595 3592 3594
3 3592 3593 3597
3 3592 3597 3594
3 3595 3594 3596
3 3595 3596 3684
3 3597 3599 3596
3 3597 3596 3594
3 3597 3598 3600
3 3597 3600 3599
3 3369 3598 3597
3 3369 3597 3593
3 3604 3601 3599
3 3604 3599 3600
3 3596 3599 3601
3 3596 3601 3603
3 3602 3601 3604
3 3602 3604 3606
3 3602 3687 3603
3 3602 3603 3601
3 3604 3600 3355
3 3604 3355 3605
3 3604 3605 3608
3 3604 3608 3606
3 3602 3606 3607
3 3602 3607 3694
3 3610 3607 3606
3 3610 3606 3608
3 3609 3608 3605
3 3609 3605 3356
3 3609 3611 3610
3 3609 3610 3608
3 3610 3611 3613
3 3610 3613 3612
3 3610 3612 3614
3 3610 3614 3607
3 3180 3615 3612
3 3180 3612 3613
3 3614 3612 3615
3 3614 3615 3616
3 3177 3618 3616
3 3177 3616 3615
3 3614 3616 3617
3 3614 3617 3695
3 3617 3616 3618
3 3617 3618 3619
3 3176 3621 3619
3 3176 3619 3618
3 3620 3619 3621
3 3620 3621 3622
3 3617 3619 3620
3 3617 3620 3696
3 3623 3624 3622
3 3623 3622 3621
3 3623 3621 3176
3 3623 3176 3174
3 3623 3174 3172
3 3623 3172 3625
3 3626 3624 3623
3 3626 3623 3625
3 3626 3625 3129
3 3626 3129 3127
3 3131 3129 3625
3 3131 3625 3172
3 3626 3627 3630
3 3626 3630 3624
3 3629 3627 3626
3 3629 3626 3127
3 3629 3824 3628
3 3629 3628 3627
3 3632 3630 3627
3 3632 3627 3628
3 3631 3630 3632
3 3631 3632 3633
3 3631 3622 3624
3 3631 3624 3630
3 3632 3628 3636
3 3632 3636 3634
3 3632 3634 3635
3 3632 3635 3633
3 3640 3635 3634
3 3640 3634 3637
3 3636 3639 3637
3 3636 3637 3634
3 3638 3641 3640
3 3638 3640 3637
3 3638 3637 3639
3 3638 3639 3743
3 3640 3641 3643
3 3640 3643 3642
3 3640 3642 3644
3 3640 3644 3635
3 3648 3645 3642
3 3648 3642 3643
3 3644 3642 3645
3 3644 3645 3646
3 3647 3702 3646
3 3647 3646 3645
3 3647 3645 3648
3 3647 3648 3649
3 3653 3649 3648
3 3653 3648 3650
3 3648 3643 3652
3 3648 3652 3650
3 3651 3654 3653
3 3651 3653 3650
3 3651 3650 3652
3 3651 3652 3827
3 3653 3654 3656
3 3653 3656 3655
3 3653 3655 3657
3 3653 3657 3649
3 3659 3658 3655
3 3659 3655 3656
3 3657 3655 3658
3 3657 3658 3661
3 3659 3711 3660
3 3659 3660 3658
3 3660 3663 3661
3 3660 3661 3658
3 3657 3661 3662
3 3657 3662 3704
3 3662 3661 3663
3 3662 3663 3664
3 3660 3666 3665
3 3660 3665 3663
3 3665 3668 3664
3 3665 3664 3663
3 3665 3666 3708
3 3665 3708 3667
3 3665 3667 3670
3 3665 3670 3668
3 3706 3664 3668
3 3706 3668 3669
3 3670 3671 3669
3 3670 3669 3668
3 3670 3672 3674
3 3670 3674 3671
3 3670 3667 3673
3 3670 3673 3672
3 3676 3675 3672
3 3676 3672 3673
3 3674 3672 3675
3 3674 3675 3678
3 3677 3675 3676
3 3677 3676 757
3 3677 3586 3678
3 3677 3678 3675
3 3674 3678 3585
3 3674 3585 3680
3 3583 3586 3677
3 3583 3677 3679
3 759 3679 3677
3 759 3677 757
3 764 3580 3583
3 764 3583 3679
3 3676 3673 3707
3 3676 3707 753
3 3674 3680 3681
3 3674 3681 3671
3 3595 3681 3680
3 3595 3680 3590
3 3682 3669 3671
3 3682 3671 3681
3 3682 3681 3595
3 3682 3595 3684
3 3682 3684 3685
3 3682 3685 3683
3 3706 3669 3682
3 3706 3682 3683
3 3596 3603 3685
3 3596 3685 3684
3 3685 3686 3688
3 3685 3688 3683
3 3685 3603 3687
3 3685 3687 3686
3 3692 3689 3686
3 3692 3686 3687
3 3688 3686 3689
3 3688 3689 3691
3 3690 3689 3692
3 3690 3692 3693
3 3690 3701 3691
3 3690 3691 3689
3 3692 3694 3695
3 3692 3695 3693
3 3692 3687 3602
3 3692 3602 3694
3 3614 3695 3694
3 3614 3694 3607
3 3617 3696 3693
3 3617 3693 3695
3 3690 3693 3696
3 3690 3696 3697
3 3620 3699 3697
3 3620 3697 3696
3 3698 3701 3690
3 3698 3690 3697
3 3698 3697 3699
3 3698 3699 3700
3 3631 3633 3700
3 3631 3700 3699
3 3620 3622 3631
3 3620 3631 3699
3 3644 3700 3633
3 3644 3633 3635
3 3644 3646 3698
3 3644 3698 3700
3 3698 3646 3702
3 3698 3702 3701
3 3703 3691 3701
3 3703 3701 3702
3 3703 3702 3647
3 3703 3647 3704
3 3662 3705 3703
3 3662 3703 3704
3 3688 3691 3703
3 3688 3703 3705
3 3662 3664 3706
3 3662 3706 3705
3 3706 3683 3688
3 3706 3688 3705
3 3657 3704 3647
3 3657 3647 3649
3 3707 3673 3667
3 3707 3667 3708
3 3707 3708 3709
3 3707 3709 749
3 3709 3708 3666
3 3709 3666 3710
3 3709 3710 3712
3 3709 3712 745
3 3712 3710 3711
3 3712 3711 3713
3 3660 3711 3710
3 3660 3710 3666
3 3712 3713 3715
3 3712 3715 744
3 3715 3713 3714
3 3715 3714 3716
3 3659 3714 3713
3 3659 3713 3711
3 742 744 3715
3 742 3715 3717
3 3715 3716 3719
3 3715 3719 3717
3 3718 739 742
3 3718 742 3717
3 3718 3717 3719
3 3718 3719 707
3 3719 3716 3720
3 3719 3720 708
3 3718 712 718
3 3718 718 739
3 3722 3720 3716
3 3722 3716 3714
3 3721 3720 3722
3 3721 3722 3723
3 3721 705 708
3 3721 708 3720
3 3722 3656 3654
3 3722 3654 3723
3 3722 3714 3659
3 3722 3659 3656
3 3651 3724 3723
3 3651 3723 3654
3 3721 3723 3724
3 3721 3724 3726
3 3725 3724 3651
3 3725 3651 3827
3 3725 3727 3726
3 3725 3726 3724
3 703 3726 3727
3 703 3727 3729
3 703 705 3721
3 703 3721 3726
3 3728 3727 3725
3 3728 3725 3737
3 3728 3730 3729
3 3728 3729 3727
3 698 3729 3730
3 698 3730 695
3 3731 693 695
3 3731 695 3730
3 3731 3730 3728
3 3731 3728 3733
3 3731 3733 3734
3 3731 3734 3732
3 3817 693 3731
3 3817 3731 3732
3 3735 3738 3734
3 3735 3734 3733
3 3728 3737 3735
3 3728 3735 3733
3 3735 3736 3740
3 3735 3740 3738
3 3826 3736 3735
3 3826 3735 3737
3 3734 3738 3739
3 3734 3739 3814
3 3741 3739 3738
3 3741 3738 3740
3 3741 3740 3742
3 3741 3742 3745
3 3742 3740 3736
3 3742 3736 3744
3 3742 3744 3638
3 3742 3638 3743
3 3742 3743 3747
3 3742 3747 3745
3 3741 3745 3746
3 3741 3746 3812
3 3749 3746 3745
3 3749 3745 3747
3 3748 3747 3743
3 3748 3743 3639
3 3748 3750 3749
3 3748 3749 3747
3 3749 3750 3752
3 3749 3752 3751
3 3749 3751 3753
3 3749 3753 3746
3 3117 3754 3751
3 3117 3751 3752
3 3753 3751 3754
3 3753 3754 3756
3 3755 3754 3117
3 3755 3117 3115
3 3755 3758 3756
3 3755 3756 3754
3 3753 3756 3757
3 3753 3757 3811
3 3757 3756 3758
3 3757 3758 3759
3 3760 3762 3759
3 3760 3759 3758
3 3760 3758 3755
3 3760 3755 3763
3 3760 3763 3764
3 3760 3764 3761
3 3766 3762 3760
3 3766 3760 3761
3 3109 3764 3763
3 3109 3763 3113
3 3755 3115 3113
3 3755 3113 3763
3 3106 3770 3761
3 3106 3761 3764
3 3809 3759 3762
3 3809 3762 3765
3 3766 3767 3765
3 3766 3765 3762
3 3766 3761 3770
3 3766 3770 3768
3 3769 3767 3766
3 3769 3766 3768
3 3769 3768 3100
3 3769 3100 3772
3 3103 3100 3768
3 3103 3768 3770
3 3769 3771 3820
3 3769 3820 3767
3 3773 3771 3769
3 3773 3769 3772
3 3773 3772 3101
3 3773 3101 3774
3 3778 3775 3773
3 3778 3773 3774
3 3773 3775 3776
3 3773 3776 3771
3 3779 3776 3775
3 3779 3775 3777
3 3777 3775 3778
3 3777 3778 649
3 3778 3090 645
3 3778 645 649
3 3778 3774 3092
3 3778 3092 3090
3 3779 3777 648
3 3779 648 3781
3 3821 3776 3779
3 3821 3779 3780
3 3779 3781 3782
3 3779 3782 3780
3 3783 3782 3781
3 3783 3781 653
3 3783 3785 3784
3 3783 3784 3782
3 3784 3786 3780
3 3784 3780 3782
3 3784 3785 3788
3 3784 3788 3787
3 3784 3787 3789
3 3784 3789 3786
3 3793 3790 3787
3 3793 3787 3788
3 3789 3787 3790
3 3789 3790 3791
3 3792 3798 3791
3 3792 3791 3790
3 3792 3790 3793
3 3792 3793 3794
3 681 3794 3793
3 681 3793 3795
3 3793 3788 3796
3 3793 3796 3795
3 671 673 681
3 671 681 3795
3 671 3795 3796
3 671 3796 664
3 3796 3788 3785
3 3796 3785 663
3 682 3797 3792
3 682 3792 3794
3 3799 3798 3792
3 3799 3792 3797
3 3803 3791 3798
3 3803 3798 3800
3 3799 3802 3800
3 3799 3800 3798
3 3801 3800 3802
3 3801 3802 3813
3 3803 3800 3801
3 3803 3801 3805
3 3803 3805 3806
3 3803 3806 3804
3 3789 3791 3803
3 3789 3803 3804
3 3809 3806 3805
3 3809 3805 3807
3 3801 3808 3807
3 3801 3807 3805
3 3757 3807 3808
3 3757 3808 3811
3 3757 3759 3809
3 3757 3809 3807
3 3809 3765 3818
3 3809 3818 3806
3 3801 3813 3810
3 3801 3810 3808
3 3810 3812 3811
3 3810 3811 3808
3 3753 3811 3812
3 3753 3812 3746
3 3810 3739 3741
3 3810 3741 3812
3 3810 3813 3814
3 3810 3814 3739
3 3815 3814 3813
3 3815 3813 3802
3 3734 3814 3815
3 3734 3815 3732
3 3817 3732 3815
3 3817 3815 3816
3 3815 3802 3799
3 3815 3799 3816
3 686 688 3817
3 686 3817 3816
3 686 3816 3799
3 686 3799 3797
3 3818 3819 3804
3 3818 3804 3806
3 3818 3820 3821
3 3818 3821 3819
3 3818 3765 3767
3 3818 3767 3820
3 3821 3820 3771
3 3821 3771 3776
3 3821 3780 3786
3 3821 3786 3819
3 3789 3804 3819
3 3789 3819 3786
3 3783 657 663
3 3783 663 3785
3 3094 3092 3774
3 3094 3774 3101
3 3118 3752 3750
3 3118 3750 3822
3 3748 3823 3822
3 3748 3822 3750
3 3121 3822 3823
3 3121 3823 3824
3 3636 3823 3748
3 3636 3748 3639
3 3636 3628 3824
3 3636 3824 3823
3 3121 3824 3629
3 3121 3629 3123
3 3826 3825 3744
3 3826 3744 3736
3 3638 3744 3825
3 3638 3825 3641
3 3652 3643 3641
3 3652 3641 3825
3 3652 3825 3826
3 3652 3826 3827
3 3725 3827 3826
3 3725 3826 3737
3 3183 3613 3611
3 3183 3611 3828
3 3609 3829 3828
3 3609 3828 3611
3 3186 3828 3829
3 3186 3829 3830
3 3353 3829 3609
3 3353 3609 3356
3 3353 3345 3830
3 3353 3830 3829
3 3186 3830 3346
3 3186 3346 3188
3 3355 3600 3598
3 3355 3598 3358
3 3369 3360 3358
3 3369 3358 3598
3 3831 3373 3371
3 3831 3371 3588
3 3831 3582 3577
3 3831 3577 3575
3 3831 3575 3376
3 3831 3376 3373
3 3832 2502 2504
3 3832 2504 3137
3 3832 2387 2389
3 3832 2389 2502
3 2556 2558 3079
3 2556 3079 3833
3 3835 3834 3083
3 3835 3083 3081
3 3835 3836 655
3 3835 655 3834
3 3840 3836 3835
3 3840 3835 3837
3 3835 3081 3839
3 3835 3839 3837
3 3071 3838 3837
3 3071 3837 3839
3 3840 3837 3838
3 3840 3838 3841
3 3840 3841 659
3 3840 659 3836
3 661 659 3841
3 661 3841 3842
3 3068 3842 3841
3 3068 3841 3838
3 2454 2452 2468
3 2454 2468 2459
3 2456 2407 2433
3 2456 2433 2435
3 2406 2409 2416
3 2406 2416 2432
3 2374 2419 2415
3 2374 2415 2381
3 2381 2415 2413
3 2381 2413 3843
3 3844 3843 2413
3 3844 2413 2411
3 3844 3845 2380
3 3844 2380 3843
3 3844 2411 2394
3 3844 2394 3845
3 2205 2239 2236
3 2205 2236 3846
3 3847 3846 2236
3 3847 2236 2229
3 3847 3848 2204
3 3847 2204 3846
3 3847 2224 2218
3 3847 2218 3848
3 2204 3848 2215
3 2204 2215 2207
3 2210 3849 2195
3 2210 2195 2201
3 2210 1196 1198
3 2210 1198 3849
3 1198 1200 2190
3 1198 2190 3849
3 2122 3851 1022
3 2122 1022 3850
3 1024 1022 3851
3 1024 3851 1071
3 3852 2115 2091
3 3852 2091 2089
3 3852 2089 2087
3 3852 2087 1076
3 2070 2100 2058
3 2070 2058 2060
3 2065 2032 2075
3 2065 2075 2067
3 3893 2044 2051
3 3893 2051 3853
3 3853 2051 3854
3 3853 3854 3855
3 3856 3857 3855
3 3856 3855 3854
3 2050 1247 3856
3 2050 3856 3854
3 3856 1251 3859
3 3856 3859 3857
3 3894 3855 3857
3 3894 3857 3858
3 3858 3857 3859
3 3858 3859 3860
3 3862 3860 3859
3 3862 3859 1255
3 3858 3860 3861
3 3858 3861 3865
3 3861 3860 3862
3 3861 3862 3863
3 3862 1259 1623
3 3862 1623 3863
3 3861 3863 1622
3 3861 1622 3864
3 3861 3864 3867
3 3861 3867 3865
3 3894 3858 3865
3 3894 3865 3866
3 3869 3866 3865
3 3869 3865 3867
3 3868 3867 3864
3 3868 3864 1627
3 3869 3867 3868
3 3869 3868 3870
3 3871 3869 3870
3 3871 3870 3872
3 3871 3873 3866
3 3871 3866 3869
3 3871 3872 3876
3 3871 3876 3874
3 3877 3873 3871
3 3877 3871 3874
3 3879 3877 3874
3 3879 3874 3875
3 3885 3875 3874
3 3885 3874 3876
3 3877 3878 3892
3 3877 3892 3873
3 3879 3881 3878
3 3879 3878 3877
3 3880 3879 3875
3 3880 3875 3883
3 3880 3882 3881
3 3880 3881 3879
3 2041 2043 3881
3 2041 3881 3882
3 2043 3893 3878
3 2043 3878 3881
3 3880 1771 1774
3 3880 1774 3882
3 1777 2041 3882
3 1777 3882 1774
3 1769 1771 3880
3 1769 3880 3883
3 3885 3884 3883
3 3885 3883 3875
3 1766 1769 3883
3 1766 3883 3884
3 3885 3876 3886
3 3885 3886 3884
3 1763 1766 3884
3 1763 3884 3886
3 3887 3886 3876
3 3887 3876 3872
3 3887 1761 1763
3 3887 1763 3886
3 3887 3872 3870
3 3887 3870 3888
3 3889 1761 3887
3 3889 3887 3888
3 3889 3888 3890
3 3889 3890 3891
3 3868 3890 3888
3 3868 3888 3870
3 3868 1627 1629
3 3868 1629 3890
3 1629 1631 3891
3 1629 3891 3890
3 1753 1755 3889
3 1753 3889 3891
3 1753 3891 1631
3 1753 1631 1750
3 3893 3853 3892
3 3893 3892 3878
3 3853 3855 3894
3 3853 3894 3892
3 3894 3866 3873
3 3894 3873 3892
3 1929 1927 1099
3 1929 1099 1097
3 1101 1099 1927
3 1101 1927 1531
3 1877 1701 1898
3 1877 1898 1880
3 3895 1725 1723
3 3895 1723 1869
3 3895 1864 1728
3 3895 1728 1725
3 3896 1858 1856
3 3896 1856 3897
3 3896 3897 1741
3 3896 1741 1737
3 1826 1824 3897
3 1826 3897 1856
3 1741 3897 1824
3 1741 1824 3898
3 1742 3898 1823
3 1742 1823 3899
3 1821 3900 3899
3 1821 3899 1823
3 1745 3899 3900
3 1745 3900 1749
3 1821 1814 1812
3 1821 1812 3900
3 1812 1752 1749
3 1812 1749 3900
3 1768 1793 1790
3 1768 1790 1772
3 1772 1790 1782
3 1772 1782 1775
3 3902 3901 1735
3 3902 1735 1648
3 3902 3905 3903
3 3902 3903 3901
3 3903 3904 1731
3 3903 1731 3901
3 3903 3906 3908
3 3903 3908 3904
3 3909 3906 3903
3 3909 3903 3905
3 3907 3906 3909
3 3907 3909 3910
3 3907 1719 3908
3 3907 3908 3906
3 3909 3905 1658
3 3909 1658 1660
3 3909 1660 1662
3 3909 1662 3910
3 3907 3910 3911
3 3907 3911 3912
3 1665 3911 3910
3 1665 3910 1662
3 1676 1678 3912
3 1676 3912 3911
3 1665 1674 1676
3 1665 1676 3911
3 1716 3912 1678
3 1716 1678 1714
3 1716 1719 3907
3 1716 3907 3912
3 3908 1718 1726
3 3908 1726 3904
3 1658 3905 3902
3 1658 3902 1647
3 1572 1570 1685
3 1572 1685 1578
3 1601 1670 1668
3 1601 1668 3913
3 1601 1593 1591
3 1601 1591 1670
3 3915 3913 1668
3 3915 1668 3914
3 1656 3916 3914
3 1656 3914 1663
3 3915 3914 3916
3 3915 3916 3917
3 1655 1610 3917
3 1655 3917 3916
3 3915 3917 1600
3 3915 1600 3913
3 1610 1603 1600
3 1610 1600 3917
3 1616 3918 1636
3 1616 1636 1620
3 1606 1272 1596
3 1606 1596 1598
3 1287 1589 1595
3 1287 1595 1280
3 1125 1123 1516
3 1125 1516 1514
3 3919 1127 1125
3 3919 1125 1514
3 1329 1501 1503
3 1329 1503 1326
3 951 953 1141
3 951 1141 1143
3 1114 983 985
3 1114 985 3920
3 1024 1071 1064
3 1024 1064 1026
3 868 862 998
3 868 998 996
3 3921 870 868
3 3921 868 996
3 3922 879 980
3 3922 980 978
3 976 3923 3922
3 976 3922 978
3 3922 3923 3924
3 3922 3924 883
3 3926 3924 3923
3 3926 3923 3925
3 976 3927 3925
3 976 3925 3923
3 3926 3925 3928
3 3926 3928 3930
3 3928 3925 3927
3 3928 3927 3931
3 3928 3931 3932
3 3928 3932 3929
3 3928 3929 3944
3 3928 3944 3930
3 972 3933 3931
3 972 3931 3927
3 3932 3931 3933
3 3932 3933 3934
3 971 956 3934
3 971 3934 3933
3 3932 3934 955
3 3932 955 3935
3 3932 3935 3936
3 3932 3936 3929
3 3938 3936 3935
3 3938 3935 3937
3 955 949 3937
3 955 3937 3935
3 3938 3937 944
3 3938 944 942
3 3938 942 3941
3 3938 3941 3939
3 3940 3936 3938
3 3940 3938 3939
3 3940 3939 913
3 3940 913 910
3 3942 913 3939
3 3942 3939 3941
3 3942 3941 938
3 3942 938 3943
3 3942 3943 928
3 3942 928 912
3 908 3944 3940
3 908 3940 910
3 3940 3944 3929
3 3940 3929 3936
3 908 3945 3930
3 908 3930 3944
3 3926 3930 3945
3 3926 3945 894
3 887 3924 3926
3 887 3926 894
3 815 817 3946
3 815 3946 885
3 881 3946 822
3 881 822 3947
3 864 866 831
3 864 831 837
