ply
format ascii 1.0
element vertex 9627
property float x
property float y
property float z
element face 19176
property list uchar int vertex_index
end_header
0.402630 1.009647 -0.097139
0.400224 1.017590 -0.098034
0.409070 1.008656 -0.097924
0.396499 0.999036 -0.093265
0.403443 0.994111 -0.093000
0.391084 1.007047 -0.093759
0.387993 0.987256 -0.087652
0.377916 0.976859 -0.080500
0.394348 0.981027 -0.086865
0.382082 0.995442 -0.088247
0.372392 0.984883 -0.081431
0.376792 1.005084 -0.088593
0.367086 0.994141 -0.082009
0.386389 1.016377 -0.093909
0.372189 1.015264 -0.088856
0.382545 1.026135 -0.093993
0.367633 1.025743 -0.088960
0.361929 1.004361 -0.082612
0.351326 0.994586 -0.075268
0.357033 1.014764 -0.082996
0.352273 1.024912 -0.083097
0.346293 1.004890 -0.075956
0.335044 0.996064 -0.068055
0.341390 1.015033 -0.076357
0.336542 1.024851 -0.076483
0.330138 1.006180 -0.068743
0.318245 0.998149 -0.060609
0.325295 1.016070 -0.069182
0.320482 1.025705 -0.069240
0.313542 1.008072 -0.061285
0.301272 1.000704 -0.052924
0.308861 1.017828 -0.061637
0.304240 1.027459 -0.061866
0.296834 1.010615 -0.053702
0.284401 1.003891 -0.045428
0.292416 1.020453 -0.054246
0.287915 1.030299 -0.054639
0.280244 1.013918 -0.046315
0.267778 1.007886 -0.038312
0.276046 1.023947 -0.047053
0.271818 1.033997 -0.047702
0.263911 1.017997 -0.039332
0.251548 1.012668 -0.031611
0.260024 1.028231 -0.040297
0.256077 1.038488 -0.041228
0.247971 1.023023 -0.032870
0.235653 1.018292 -0.025632
0.244388 1.033386 -0.034096
0.240714 1.043831 -0.035364
0.232349 1.028794 -0.027108
0.220071 1.024658 -0.020406
0.228985 1.039345 -0.028638
0.216959 1.035275 -0.022142
0.225548 1.049996 -0.030180
0.213824 1.045980 -0.023865
0.236971 1.054457 -0.036604
0.222157 1.060717 -0.031743
0.233325 1.065161 -0.037848
0.218802 1.071569 -0.033345
0.210688 1.056675 -0.025744
0.198892 1.053200 -0.020006
0.207626 1.067575 -0.027623
0.196060 1.064132 -0.022127
0.204650 1.078614 -0.029468
0.193310 1.075176 -0.024383
0.215598 1.082514 -0.034924
0.201783 1.089723 -0.031423
0.212498 1.093598 -0.036510
0.199087 1.100945 -0.033313
0.190647 1.086316 -0.026623
0.179178 1.083296 -0.022012
0.188088 1.097568 -0.028765
0.185745 1.108910 -0.030768
0.176876 1.094542 -0.024419
0.165315 1.091880 -0.020279
0.174684 1.105875 -0.026705
0.172602 1.117335 -0.028925
0.163306 1.103157 -0.022880
0.151613 1.100784 -0.019204
0.161333 1.114537 -0.025320
0.159582 1.126119 -0.027637
0.149858 1.112155 -0.021936
0.138065 1.109965 -0.018721
0.148177 1.123604 -0.024465
0.146631 1.135189 -0.026856
0.136476 1.121365 -0.021484
0.124621 1.119421 -0.018741
0.135088 1.132886 -0.024114
0.133762 1.144460 -0.026565
0.123225 1.130816 -0.021592
0.111201 1.129087 -0.019289
0.121966 1.142345 -0.024264
0.120890 1.154101 -0.026799
0.110115 1.140571 -0.022167
0.097901 1.138985 -0.020234
0.109023 1.152204 -0.024927
0.108067 1.163924 -0.027586
0.096900 1.150503 -0.023204
0.084784 1.149062 -0.021649
0.095996 1.162183 -0.026104
0.095279 1.174008 -0.028932
0.083995 1.160714 -0.024763
0.071795 1.159397 -0.023532
0.083266 1.172444 -0.027790
0.082522 1.184387 -0.030777
0.071141 1.171115 -0.026766
0.059026 1.170062 -0.025908
0.070613 1.182986 -0.029950
0.070014 1.195031 -0.033121
0.058560 1.181855 -0.029239
0.046417 1.180971 -0.028790
0.058135 1.193813 -0.032660
0.057590 1.205840 -0.036079
0.046013 1.192835 -0.032327
0.034042 1.192152 -0.032133
0.045685 1.204852 -0.035912
0.045320 1.216939 -0.039458
0.033720 1.204109 -0.035782
0.021798 1.203612 -0.035677
0.033420 1.216173 -0.039445
0.033176 1.228292 -0.043199
0.021591 1.215671 -0.039397
0.009718 1.215383 -0.039301
0.021354 1.227751 -0.043202
0.021142 1.239855 -0.047145
0.009589 1.227458 -0.043142
-0.002232 1.227405 -0.043041
0.009463 1.239532 -0.047107
0.009308 1.251624 -0.051233
-0.002257 1.239439 -0.047006
-0.002278 1.251552 -0.051056
-0.013982 1.239574 -0.047013
-0.013869 1.251671 -0.051129
-0.025674 1.239941 -0.046958
-0.014058 1.227494 -0.043059
-0.025835 1.227824 -0.043037
-0.014132 1.215414 -0.039230
-0.014180 1.203411 -0.035503
-0.026014 1.215732 -0.039256
-0.002205 1.215336 -0.039196
-0.002177 1.203418 -0.035497
-0.002147 1.191427 -0.031748
0.009824 1.203386 -0.035561
0.009889 1.191465 -0.031836
0.009969 1.179617 -0.028053
0.021974 1.191688 -0.031980
0.022162 1.179849 -0.028262
0.022441 1.168127 -0.024520
0.034328 1.180274 -0.028501
0.034626 1.168508 -0.024843
0.035000 1.156876 -0.021103
0.046860 1.169138 -0.025245
0.047334 1.157532 -0.021673
0.047792 1.146010 -0.018033
0.059590 1.158354 -0.022490
0.060241 1.146806 -0.019043
0.060897 1.135394 -0.015494
0.072562 1.147823 -0.020230
0.073325 1.136357 -0.016891
0.074154 1.125077 -0.013390
0.085663 1.137569 -0.018470
0.086613 1.126227 -0.015174
0.087651 1.114972 -0.011779
0.098976 1.127578 -0.017148
0.100151 1.116273 -0.013928
0.101383 1.105119 -0.010572
0.112434 1.117755 -0.016244
0.113775 1.106533 -0.013061
0.115208 1.095387 -0.009719
0.126050 1.108102 -0.015783
0.127555 1.096921 -0.012598
0.129213 1.085813 -0.009290
0.139785 1.098719 -0.015790
0.141527 1.087547 -0.012697
0.143340 1.076450 -0.009595
0.153536 1.089554 -0.016372
0.155528 1.078391 -0.013466
0.157646 1.067349 -0.010451
0.167500 1.080649 -0.017603
0.169779 1.069563 -0.014879
0.172155 1.058648 -0.012123
0.181662 1.072175 -0.019547
0.184232 1.061158 -0.017003
0.186840 1.050221 -0.014675
0.174587 1.047702 -0.009519
0.189517 1.039420 -0.012386
0.192144 1.028679 -0.010224
0.201818 1.042401 -0.017946
0.176978 1.036914 -0.007083
0.179356 1.026219 -0.004872
0.164226 1.034831 -0.002106
0.151191 1.033112 0.002287
0.166387 1.024163 0.000269
0.162031 1.045590 -0.004681
0.149252 1.043792 -0.000228
0.159811 1.056461 -0.007481
0.147229 1.054583 -0.003336
0.134451 1.053015 0.000450
0.145213 1.065460 -0.006547
0.132673 1.063845 -0.002777
0.119857 1.062531 0.000548
0.130920 1.074811 -0.005986
0.118262 1.073411 -0.002793
0.105450 1.072180 -0.000013
0.116701 1.084356 -0.006241
0.104058 1.083064 -0.003512
0.091227 1.081961 -0.000974
0.102683 1.094030 -0.007085
0.089989 1.092846 -0.004655
0.077119 1.091795 -0.002540
0.088788 1.103833 -0.008273
0.076123 1.102746 -0.006139
0.063298 1.101950 -0.004201
0.075145 1.113872 -0.009826
0.062439 1.112974 -0.008077
0.049697 1.112236 -0.006631
0.061630 1.124136 -0.011856
0.049029 1.123387 -0.010550
0.036316 1.122829 -0.009507
0.048381 1.134631 -0.014375
0.035846 1.134039 -0.013472
0.023329 1.133670 -0.012867
0.035474 1.145401 -0.017347
0.022978 1.145027 -0.016827
0.010501 1.144847 -0.016470
0.022695 1.156465 -0.020692
0.010327 1.156321 -0.020414
-0.002066 1.156241 -0.020234
0.010172 1.167906 -0.024267
-0.002092 1.167833 -0.024115
-0.002119 1.179591 -0.027930
-0.014356 1.167913 -0.024245
-0.014208 1.179630 -0.028020
-0.026629 1.168141 -0.024476
-0.014460 1.156324 -0.020403
-0.026830 1.156470 -0.020670
-0.014586 1.144845 -0.016468
-0.014739 1.133539 -0.012518
-0.027064 1.145022 -0.016824
-0.002042 1.144838 -0.016241
-0.002021 1.133576 -0.012307
-0.002001 1.122417 -0.008288
0.010698 1.133544 -0.012511
0.010865 1.122377 -0.008478
0.011018 1.111367 -0.004475
0.023663 1.122500 -0.008928
0.023979 1.111428 -0.004922
0.024288 1.100486 -0.001002
0.036848 1.111740 -0.005642
0.037398 1.100760 -0.001683
0.037921 1.089927 0.002125
0.050388 1.101257 -0.002747
0.051068 1.090361 0.001005
0.051749 1.079583 0.004469
0.064149 1.091016 -0.000482
0.065007 1.080215 0.002978
0.065873 1.069544 0.006391
0.078189 1.080976 0.001129
0.079263 1.070217 0.004601
0.080228 1.059623 0.007997
0.092456 1.071132 0.002520
0.093615 1.060429 0.005822
0.094772 1.049845 0.009131
0.106835 1.061405 0.003456
0.108189 1.050723 0.006611
0.109542 1.040144 0.009748
0.121411 1.051794 0.003677
0.122977 1.041115 0.006746
0.124510 1.030584 0.009757
0.136185 1.042311 0.003324
0.137942 1.031704 0.006225
0.139659 1.021193 0.008994
0.126029 1.020139 0.012715
0.141377 1.010754 0.011612
0.153116 1.022508 0.004795
0.155018 1.012014 0.007229
0.168473 1.013611 0.002445
0.156912 1.001584 0.009626
0.143083 1.000367 0.014182
0.158795 0.991215 0.011977
0.170571 1.003103 0.004665
0.172671 0.992664 0.006859
0.184024 1.005053 -0.000684
0.186347 0.994571 0.001346
0.197264 1.007510 -0.006370
0.181691 1.015594 -0.002760
0.194722 1.018041 -0.008256
0.207549 1.021012 -0.014159
0.210332 1.010434 -0.012412
0.204687 1.031647 -0.016060
0.213062 0.999954 -0.010671
0.223113 1.014029 -0.018822
0.226130 1.003594 -0.017246
0.229062 0.993279 -0.015694
0.238972 1.007874 -0.024217
0.242152 0.997539 -0.022866
0.245322 0.987182 -0.021367
0.255050 1.002422 -0.030476
0.258570 0.992143 -0.029016
0.261988 0.981942 -0.027587
0.271618 0.997727 -0.037137
0.275382 0.987639 -0.035829
0.279107 0.977533 -0.034284
0.288524 0.993881 -0.044350
0.292601 0.983904 -0.043091
0.296674 0.973952 -0.041331
0.305738 0.990756 -0.051959
0.310233 0.980776 -0.050527
0.314494 0.971301 -0.048589
0.323102 0.988086 -0.059515
0.327851 0.978286 -0.057994
0.332135 0.969450 -0.056157
0.340077 0.985942 -0.067018
0.345064 0.976375 -0.065619
0.349377 0.968324 -0.064147
0.356567 0.984597 -0.074280
0.361631 0.975739 -0.073159
0.366270 0.967933 -0.071869
0.353293 0.960961 -0.062328
0.371072 0.961162 -0.070568
0.357284 0.953930 -0.060399
0.375925 0.955028 -0.069288
0.383484 0.970270 -0.079597
0.389163 0.964546 -0.078496
0.394537 0.959416 -0.076647
0.400682 0.976381 -0.086026
0.406998 0.972319 -0.084454
0.410149 0.990406 -0.092554
0.416573 0.987698 -0.091298
0.415960 1.006289 -0.098060
0.422810 1.004406 -0.097390
0.416870 1.021173 -0.101544
0.424870 1.020651 -0.101438
0.415128 1.034085 -0.103494
0.409193 1.021667 -0.100611
0.406103 1.031714 -0.101549
0.402361 1.042132 -0.101705
0.396429 1.025947 -0.098287
0.392714 1.035551 -0.098294
0.388713 1.046860 -0.098136
0.398543 1.054502 -0.101661
0.384569 1.057872 -0.097805
0.378320 1.036832 -0.093889
0.373983 1.047315 -0.093582
0.369480 1.057014 -0.093054
0.363083 1.035842 -0.088751
0.358443 1.045460 -0.088290
0.353495 1.054360 -0.087621
0.347521 1.034651 -0.082941
0.342667 1.043788 -0.082457
0.337449 1.052565 -0.081790
0.331713 1.034240 -0.076301
0.326605 1.043416 -0.075906
0.321336 1.052493 -0.075289
0.315587 1.035163 -0.069129
0.310523 1.044533 -0.068821
0.305337 1.053849 -0.068422
0.299437 1.037162 -0.061934
0.294541 1.046808 -0.061861
0.289614 1.056569 -0.061754
0.283341 1.040224 -0.054930
0.278786 1.050146 -0.055168
0.274194 1.060230 -0.055382
0.267621 1.044084 -0.048308
0.263362 1.054352 -0.048899
0.259073 1.064644 -0.049408
0.252110 1.048863 -0.042152
0.248143 1.059334 -0.043047
0.244195 1.069970 -0.043951
0.254755 1.075113 -0.049922
0.240334 1.080686 -0.044839
0.250568 1.085754 -0.050470
0.236563 1.091542 -0.045773
0.229714 1.075971 -0.039097
0.226215 1.086859 -0.040351
0.222887 1.097907 -0.041625
0.232861 1.102492 -0.046659
0.219713 1.109076 -0.042860
0.229435 1.113618 -0.047607
0.216730 1.120393 -0.044040
0.209477 1.104820 -0.038053
0.206689 1.116240 -0.039531
0.204068 1.127747 -0.040870
0.196488 1.112389 -0.035092
0.193996 1.123904 -0.036713
0.191763 1.135640 -0.038271
0.183528 1.120462 -0.032715
0.181427 1.132078 -0.034523
0.179504 1.143898 -0.036154
0.170660 1.128893 -0.030969
0.168903 1.140688 -0.032862
0.167319 1.152582 -0.034566
0.157896 1.137781 -0.029764
0.156400 1.149642 -0.031733
0.155030 1.161560 -0.033532
0.145185 1.146938 -0.029076
0.143902 1.158831 -0.031108
0.142745 1.170836 -0.032999
0.132490 1.156297 -0.028857
0.131396 1.168269 -0.031006
0.130443 1.180380 -0.033071
0.119840 1.165976 -0.029196
0.118915 1.178019 -0.031507
0.118145 1.190108 -0.033746
0.107111 1.175844 -0.030160
0.106391 1.187961 -0.032696
0.105778 1.200132 -0.035167
0.094514 1.186049 -0.031706
0.093787 1.198124 -0.034415
0.093293 1.210377 -0.037147
0.081948 1.196477 -0.033766
0.081388 1.208634 -0.036719
0.080847 1.220917 -0.039719
0.069545 1.207116 -0.036349
0.069071 1.219315 -0.039579
0.068472 1.231557 -0.042935
0.057139 1.217978 -0.039475
0.056765 1.230143 -0.042991
0.056225 1.242333 -0.046658
0.044853 1.229068 -0.043102
0.044487 1.241236 -0.046895
0.044096 1.253420 -0.050799
0.032799 1.240430 -0.047060
0.032448 1.252555 -0.051059
0.032124 1.264636 -0.055315
0.020896 1.251970 -0.051215
0.020637 1.264019 -0.055516
0.020397 1.275971 -0.060100
0.009140 1.263671 -0.055593
-0.002294 1.263631 -0.055526
0.009050 1.275636 -0.060220
0.008942 1.287488 -0.065090
-0.002304 1.275617 -0.060207
-0.002307 1.287409 -0.065056
-0.013663 1.275692 -0.060104
-0.013561 1.287544 -0.064971
-0.025025 1.276081 -0.059868
-0.013733 1.263722 -0.055482
-0.025245 1.264124 -0.055294
-0.036758 1.264792 -0.054981
-0.025472 1.252066 -0.051008
-0.037049 1.252699 -0.050748
-0.048730 1.253612 -0.050383
-0.037354 1.240558 -0.046778
-0.049073 1.241405 -0.046520
-0.037677 1.228402 -0.042951
-0.037861 1.216264 -0.039235
-0.049380 1.229213 -0.042773
-0.061326 1.230322 -0.042582
-0.049784 1.217059 -0.039180
-0.050081 1.204946 -0.035685
-0.061631 1.218125 -0.039130
-0.073594 1.219487 -0.039168
-0.062009 1.205955 -0.035799
-0.062480 1.193897 -0.032443
-0.073989 1.207249 -0.036018
-0.085857 1.208784 -0.036343
-0.074378 1.195127 -0.032868
-0.074900 1.183047 -0.029771
-0.086329 1.196582 -0.033482
-0.098183 1.198236 -0.034108
-0.086821 1.184453 -0.030579
-0.087487 1.172472 -0.027672
-0.098820 1.186115 -0.031496
-0.110700 1.188022 -0.032483
-0.099503 1.174033 -0.028812
-0.100145 1.162171 -0.026065
-0.111331 1.175861 -0.030047
-0.123125 1.178025 -0.031408
-0.112209 1.163900 -0.027562
-0.113096 1.152145 -0.024982
-0.123968 1.165938 -0.029194
-0.135502 1.168214 -0.031036
-0.124947 1.154026 -0.026882
-0.125964 1.142239 -0.024422
-0.136524 1.156204 -0.028975
-0.147904 1.158714 -0.031268
-0.137736 1.144335 -0.026762
-0.139012 1.132732 -0.024379
-0.149129 1.146792 -0.029315
-0.160307 1.149470 -0.032021
-0.150527 1.135013 -0.027165
-0.152034 1.123404 -0.024837
-0.161758 1.137581 -0.030120
-0.172726 1.140466 -0.033268
-0.163409 1.125897 -0.028055
-0.165131 1.114294 -0.025794
-0.174453 1.128647 -0.031434
-0.185182 1.131810 -0.035036
-0.176370 1.117072 -0.029445
-0.178434 1.105593 -0.027276
-0.187263 1.120178 -0.033278
-0.197697 1.123600 -0.037319
-0.189466 1.108611 -0.031381
-0.191798 1.097254 -0.029426
-0.200179 1.112072 -0.035744
-0.210350 1.115906 -0.040218
-0.202771 1.100613 -0.034010
-0.205463 1.089381 -0.032165
-0.213136 1.104475 -0.038781
-0.223345 1.108719 -0.043615
-0.216155 1.093243 -0.037280
-0.226522 1.097542 -0.042418
-0.219255 1.082149 -0.035738
-0.229855 1.086485 -0.041185
-0.222460 1.071193 -0.034203
-0.208326 1.078259 -0.030255
-0.197004 1.074836 -0.025139
-0.211299 1.067210 -0.028457
-0.199749 1.063781 -0.022930
-0.214359 1.056300 -0.026625
-0.225816 1.060333 -0.032647
-0.217494 1.045598 -0.024792
-0.202576 1.052840 -0.020856
-0.205499 1.042032 -0.018842
-0.190538 1.049875 -0.015488
-0.178298 1.047376 -0.010289
-0.193209 1.039066 -0.013245
-0.187937 1.060824 -0.017770
-0.175875 1.058332 -0.012847
-0.185374 1.071852 -0.020266
-0.182901 1.082986 -0.022682
-0.173509 1.069259 -0.015557
-0.161393 1.067065 -0.011083
-0.171242 1.080358 -0.018232
-0.169073 1.091602 -0.020858
-0.159289 1.078120 -0.014051
-0.147118 1.076200 -0.010133
-0.157315 1.089297 -0.016908
-0.155413 1.100544 -0.019688
-0.145325 1.087313 -0.013187
-0.133028 1.085601 -0.009734
-0.143607 1.098502 -0.016230
-0.141914 1.109766 -0.019107
-0.131395 1.096724 -0.012992
-0.119065 1.095212 -0.010070
-0.129920 1.107924 -0.016126
-0.128526 1.119264 -0.019028
-0.117662 1.106377 -0.013363
-0.105283 1.104981 -0.010834
-0.116356 1.117617 -0.016492
-0.115166 1.128974 -0.019480
-0.104086 1.116155 -0.014141
-0.091597 1.114872 -0.011959
-0.102954 1.127481 -0.017307
-0.101928 1.138912 -0.020333
-0.090600 1.126145 -0.015305
-0.078147 1.125010 -0.013497
-0.089698 1.137510 -0.018548
-0.088874 1.149030 -0.021668
-0.077364 1.136310 -0.016950
-0.064939 1.135356 -0.015539
-0.076654 1.147799 -0.020238
-0.075945 1.159398 -0.023484
-0.064332 1.146788 -0.019044
-0.051882 1.145997 -0.018031
-0.063736 1.158359 -0.022444
-0.063234 1.170091 -0.025809
-0.051477 1.157538 -0.021633
-0.039138 1.156881 -0.021071
-0.051060 1.169163 -0.025162
-0.050679 1.181017 -0.028662
-0.038819 1.168528 -0.024779
-0.038580 1.180310 -0.028403
-0.038356 1.192207 -0.031999
-0.026406 1.179873 -0.028196
-0.026278 1.191724 -0.031889
-0.026161 1.203662 -0.035561
-0.014186 1.191485 -0.031791
-0.038098 1.204180 -0.035610
-0.050341 1.192903 -0.032151
-0.062835 1.181910 -0.029083
-0.039561 1.145392 -0.017343
-0.039888 1.134019 -0.013495
-0.052422 1.134601 -0.014408
-0.040317 1.122800 -0.009555
-0.027371 1.133657 -0.012882
-0.027664 1.122479 -0.008959
-0.014867 1.122367 -0.008494
-0.027945 1.111403 -0.004968
-0.040812 1.111701 -0.005712
-0.028222 1.100455 -0.001062
-0.014985 1.111354 -0.004497
-0.015107 1.100442 -0.000579
-0.001984 1.111414 -0.004213
-0.001968 1.100523 -0.000261
-0.001954 1.089736 0.003580
0.011171 1.100458 -0.000549
0.011344 1.089655 0.003336
0.011503 1.079018 0.006944
0.024628 1.089706 0.002787
0.024952 1.079045 0.006449
0.025269 1.068497 0.010014
0.038409 1.079209 0.005612
0.038870 1.068638 0.009136
0.039348 1.058186 0.012689
0.052446 1.068949 0.007955
0.053092 1.058486 0.011436
0.053711 1.048115 0.014952
0.066698 1.058977 0.009876
0.067514 1.048543 0.013309
0.068314 1.038238 0.016759
0.081209 1.049129 0.011355
0.082195 1.038717 0.014729
0.083165 1.028430 0.018095
0.095940 1.039352 0.012394
0.097110 1.028980 0.015637
0.098262 1.018686 0.018876
0.110904 1.029681 0.012884
0.112230 1.019326 0.015982
0.113552 1.009024 0.019015
0.099360 1.008522 0.022076
0.114813 0.998916 0.021990
0.127576 1.009763 0.015561
0.129070 0.999452 0.018347
0.130450 0.989365 0.021074
0.115983 0.988913 0.024891
0.131787 0.979373 0.023694
0.144739 0.990111 0.016728
0.146295 0.980032 0.019203
0.147839 0.969916 0.021602
0.160631 0.980956 0.014292
0.162367 0.970818 0.016548
0.174696 0.982392 0.009001
0.188580 0.984273 0.003336
0.176697 0.972128 0.011109
0.178629 0.961971 0.013164
0.190832 0.973922 0.005334
0.204751 0.976276 -0.000793
0.193033 0.963657 0.007278
0.195130 0.953538 0.009184
0.207252 0.965909 0.001095
0.221144 0.968900 -0.005492
0.209622 0.955724 0.002892
0.211865 0.945788 0.004770
0.223806 0.958587 -0.003677
0.237746 0.962195 -0.010561
0.226303 0.948559 -0.001712
0.228724 0.938968 0.000662
0.240502 0.952060 -0.008521
0.254575 0.956470 -0.015777
0.243092 0.942487 -0.006095
0.245654 0.933577 -0.003323
0.257363 0.946929 -0.013436
0.271720 0.952290 -0.021358
0.260115 0.938334 -0.010813
0.262731 0.930657 -0.007909
0.274559 0.944010 -0.018929
0.289129 0.950208 -0.027624
0.277286 0.936589 -0.016230
0.279932 0.929647 -0.013080
0.291870 0.943023 -0.025132
0.294578 0.936320 -0.022196
0.306628 0.949539 -0.034378
0.309383 0.942919 -0.031821
0.321363 0.955884 -0.044168
0.303805 0.956592 -0.036693
0.318200 0.963003 -0.046400
0.300502 0.964660 -0.039071
0.286165 0.958241 -0.029977
0.282783 0.967551 -0.032237
0.268660 0.961653 -0.023633
0.265415 0.971672 -0.025740
0.251608 0.966522 -0.017888
0.248486 0.976878 -0.019775
0.234913 0.972517 -0.012385
0.232006 0.982858 -0.014083
0.218468 0.979220 -0.007255
0.215778 0.989623 -0.008972
0.202271 0.986672 -0.002647
0.199779 0.996983 -0.004503
0.324357 0.949091 -0.041799
0.335754 0.961948 -0.054300
0.339122 0.954982 -0.052074
0.342454 0.948247 -0.049746
0.327296 0.942599 -0.039233
0.345782 0.942138 -0.047328
0.348965 0.936485 -0.044753
0.361222 0.947714 -0.058437
0.330197 0.936703 -0.036534
0.314808 0.930881 -0.026219
0.332992 0.931387 -0.033583
0.335687 0.926786 -0.030080
0.317389 0.925831 -0.022910
0.302022 0.919907 -0.012501
0.319858 0.921540 -0.019195
0.322153 0.918253 -0.014918
0.304300 0.915726 -0.008743
0.288848 0.909272 0.001086
0.306463 0.912371 -0.004557
0.308344 0.910315 0.000140
0.290923 0.905837 0.005400
0.275093 0.899561 0.014685
0.292722 0.903705 0.010118
0.276728 0.897339 0.019722
0.294052 0.903063 0.015213
0.277912 0.896824 0.024973
0.294749 0.903958 0.020449
0.309819 0.909504 0.005176
0.310621 0.910192 0.010348
0.325853 0.915107 -0.005089
0.326705 0.915864 0.000155
0.342388 0.920265 -0.015826
0.324231 0.916004 -0.010181
0.340521 0.921155 -0.020952
0.357541 0.925587 -0.032637
0.338194 0.923389 -0.025783
0.354876 0.927770 -0.037468
0.372115 0.932828 -0.049510
0.351984 0.931548 -0.041571
0.368661 0.936827 -0.053368
0.384822 0.944483 -0.064479
0.365016 0.942028 -0.056230
0.380442 0.949458 -0.067217
0.389026 0.940518 -0.061007
0.399447 0.955268 -0.074039
0.404184 0.951891 -0.070813
0.412344 0.969014 -0.082327
0.417243 0.966432 -0.079182
0.422691 0.985164 -0.089525
0.428162 0.982935 -0.086874
0.429533 1.002554 -0.095734
0.435535 1.001068 -0.093107
0.432448 1.020289 -0.100296
0.438682 1.020080 -0.097499
0.431563 1.037638 -0.102993
0.437930 1.039095 -0.100038
0.428255 1.054431 -0.104441
0.423625 1.035834 -0.103962
0.420521 1.050888 -0.105375
0.416392 1.066290 -0.105990
0.411849 1.047074 -0.104379
0.407929 1.060675 -0.104495
0.403226 1.074526 -0.103962
0.411336 1.081816 -0.105728
0.397816 1.087761 -0.103100
0.394458 1.066766 -0.101288
0.389197 1.078545 -0.100419
0.383736 1.087415 -0.099339
0.379938 1.068241 -0.097151
0.374687 1.077104 -0.096185
0.368374 1.084610 -0.094874
0.364306 1.065747 -0.092190
0.358720 1.073571 -0.091128
0.352073 1.081201 -0.089786
0.348196 1.062711 -0.086760
0.342344 1.070820 -0.085758
0.335815 1.078720 -0.084650
0.332019 1.061189 -0.080940
0.326052 1.069732 -0.080004
0.319887 1.078392 -0.079014
0.315878 1.061473 -0.074529
0.310166 1.070599 -0.073755
0.304340 1.079901 -0.072988
0.300092 1.063322 -0.067966
0.294711 1.073009 -0.067520
0.289294 1.082821 -0.067052
0.284636 1.066471 -0.061611
0.279615 1.076523 -0.061456
0.274635 1.086684 -0.061325
0.269539 1.070478 -0.055559
0.264923 1.080809 -0.055744
0.260414 1.091241 -0.055982
0.269729 1.096933 -0.061226
0.255958 1.101843 -0.056220
0.264922 1.107331 -0.061151
0.251612 1.112543 -0.056466
0.246484 1.096482 -0.051042
0.242498 1.107384 -0.051643
0.238728 1.118386 -0.052244
0.247514 1.123350 -0.056746
0.235212 1.129540 -0.052833
0.243576 1.134351 -0.057005
0.231834 1.140780 -0.053324
0.226091 1.124821 -0.048433
0.223056 1.136228 -0.049217
0.220250 1.147773 -0.049933
0.213867 1.131923 -0.045101
0.211264 1.143497 -0.046069
0.208832 1.155190 -0.046879
0.201654 1.139376 -0.042121
0.199563 1.151221 -0.043263
0.197686 1.163231 -0.044215
0.189755 1.147478 -0.039655
0.187957 1.159419 -0.040843
0.186391 1.171513 -0.041875
0.177788 1.155804 -0.037600
0.176299 1.167921 -0.038894
0.175123 1.180146 -0.040015
0.165858 1.164619 -0.036126
0.164630 1.176803 -0.037498
0.163616 1.189069 -0.038709
0.153852 1.173687 -0.035158
0.152795 1.185900 -0.036653
0.151907 1.198272 -0.038060
0.141755 1.183027 -0.034780
0.140904 1.195365 -0.036481
0.140124 1.207849 -0.038173
0.129615 1.192621 -0.035062
0.128862 1.205062 -0.036986
0.128180 1.217598 -0.038963
0.117458 1.202503 -0.035938
0.116720 1.214947 -0.038214
0.116020 1.227404 -0.040615
0.104981 1.212434 -0.037679
0.104305 1.224912 -0.040283
0.103665 1.237402 -0.043058
0.092684 1.222784 -0.039983
0.091989 1.235170 -0.042964
0.091259 1.247559 -0.046166
0.080262 1.233247 -0.042913
0.079561 1.245555 -0.046326
0.078823 1.257849 -0.049841
0.067898 1.243828 -0.046485
0.067267 1.256072 -0.050108
0.066498 1.268270 -0.054098
0.055631 1.254578 -0.050440
0.055095 1.266758 -0.054494
0.054411 1.278800 -0.058897
0.043567 1.265544 -0.054943
0.043109 1.277545 -0.059381
0.042640 1.289488 -0.064128
0.031767 1.276646 -0.059841
0.031380 1.288502 -0.064589
0.030978 1.300215 -0.069664
0.020169 1.287820 -0.064920
0.019906 1.299494 -0.070018
0.019634 1.311036 -0.075382
0.008820 1.299105 -0.070224
-0.002304 1.299025 -0.070282
0.008701 1.310592 -0.075633
0.008538 1.321831 -0.081214
-0.002295 1.310486 -0.075686
-0.002280 1.321700 -0.081289
-0.013294 1.310648 -0.075519
-0.013101 1.321884 -0.081106
-0.024240 1.311146 -0.075155
-0.013432 1.299163 -0.070106
-0.024533 1.299606 -0.069784
-0.035628 1.300387 -0.069313
-0.024804 1.287934 -0.064683
-0.036039 1.288671 -0.064234
-0.047332 1.289715 -0.063655
-0.036421 1.276810 -0.059492
-0.047798 1.277764 -0.058915
-0.059143 1.279073 -0.058316
-0.048236 1.265752 -0.054497
-0.059808 1.267017 -0.053937
-0.071260 1.268576 -0.053433
-0.060306 1.254815 -0.049921
-0.071990 1.256354 -0.049488
-0.060848 1.242543 -0.046190
-0.072566 1.244076 -0.045926
-0.084276 1.245841 -0.045681
-0.073071 1.231770 -0.042447
-0.084902 1.233490 -0.042352
-0.096669 1.235436 -0.042338
-0.085404 1.221113 -0.039250
-0.097272 1.222997 -0.039463
-0.108921 1.225138 -0.039722
-0.097784 1.210537 -0.036735
-0.109491 1.212602 -0.037240
-0.121241 1.215116 -0.037759
-0.110184 1.200245 -0.034845
-0.121866 1.202611 -0.035613
-0.133260 1.205159 -0.036674
-0.122449 1.190161 -0.033540
-0.133902 1.192660 -0.034877
-0.145162 1.195385 -0.036332
-0.134633 1.180368 -0.033000
-0.145913 1.182994 -0.034748
-0.156907 1.185841 -0.036674
-0.146818 1.170758 -0.033069
-0.157882 1.173584 -0.035280
-0.168605 1.176670 -0.037683
-0.158992 1.161419 -0.033742
-0.169770 1.164450 -0.036394
-0.180154 1.167721 -0.039228
-0.171181 1.152385 -0.034907
-0.181600 1.155579 -0.038000
-0.191713 1.159166 -0.041304
-0.183283 1.143650 -0.036613
-0.193486 1.147205 -0.040167
-0.203242 1.150924 -0.043829
-0.195476 1.135352 -0.038831
-0.205324 1.139066 -0.042727
-0.214890 1.143167 -0.046720
-0.207732 1.127425 -0.041516
-0.217494 1.131585 -0.045784
-0.226646 1.135875 -0.049935
-0.220359 1.120045 -0.044758
-0.229689 1.124461 -0.049179
-0.238780 1.129171 -0.053602
-0.233042 1.113254 -0.048384
-0.242310 1.118014 -0.053039
-0.236476 1.102120 -0.047470
-0.246092 1.107008 -0.052467
-0.240185 1.091162 -0.046622
-0.243963 1.080299 -0.045726
-0.250089 1.096100 -0.051898
-0.259548 1.101462 -0.057079
-0.254183 1.085367 -0.051362
-0.264017 1.090856 -0.056871
-0.258380 1.074721 -0.050851
-0.268538 1.080422 -0.056667
-0.262706 1.064246 -0.050375
-0.247830 1.069577 -0.044879
-0.236971 1.064770 -0.038767
-0.251784 1.058935 -0.044017
-0.240620 1.054059 -0.037568
-0.255756 1.048458 -0.043163
-0.267003 1.053952 -0.049905
-0.259727 1.038079 -0.042280
-0.244367 1.043427 -0.036371
-0.248043 1.032976 -0.035146
-0.232644 1.038946 -0.029632
-0.220627 1.034884 -0.023114
-0.236008 1.028389 -0.028145
-0.229207 1.049604 -0.031128
-0.239314 1.017884 -0.026711
-0.223738 1.024262 -0.021422
-0.226778 1.013629 -0.019880
-0.211222 1.020630 -0.015144
-0.198404 1.017675 -0.009202
-0.214003 1.010047 -0.013439
-0.208364 1.031270 -0.017002
-0.195831 1.028318 -0.011128
-0.183053 1.025878 -0.005731
-0.180681 1.036580 -0.007898
-0.170096 1.023842 -0.000540
-0.185383 1.015247 -0.003660
-0.172174 1.013287 0.001597
-0.187711 1.004703 -0.001624
-0.174268 1.002775 0.003780
-0.190030 0.994219 0.000369
-0.200942 1.007139 -0.007357
-0.203454 0.996610 -0.005528
-0.216730 0.999565 -0.011737
-0.205942 0.986300 -0.003707
-0.219444 0.989235 -0.010074
-0.208419 0.975905 -0.001886
-0.192259 0.983921 0.002326
-0.194507 0.973571 0.004293
-0.178384 0.982062 0.008048
-0.176362 0.992334 0.005938
-0.164328 0.980650 0.013402
-0.180381 0.971799 0.010126
-0.182310 0.961646 0.012155
-0.166060 0.970514 0.015630
-0.167678 0.960466 0.017794
-0.151542 0.969638 0.020755
-0.150002 0.979752 0.018382
-0.136790 0.969164 0.025438
-0.152911 0.959749 0.023028
-0.154095 0.950074 0.025204
-0.137927 0.959384 0.027848
-0.138885 0.949840 0.030119
-0.122801 0.959260 0.032207
-0.121870 0.968942 0.029670
-0.107607 0.959268 0.036079
-0.123591 0.949764 0.034632
-0.124180 0.940746 0.037041
-0.108219 0.949893 0.038729
-0.108657 0.940964 0.041342
-0.092858 0.950058 0.042337
-0.092369 0.959328 0.039513
-0.077531 0.950167 0.045398
-0.093212 0.941219 0.045256
-0.093359 0.933135 0.048319
-0.077780 0.941426 0.048422
-0.077842 0.933544 0.051569
-0.062407 0.941668 0.051170
-0.062247 0.950320 0.048096
-0.047133 0.941918 0.053424
-0.062447 0.933895 0.054318
-0.062476 0.926358 0.057638
-0.047176 0.934131 0.056529
-0.047214 0.926675 0.059911
-0.031996 0.934296 0.058140
-0.031953 0.942123 0.055069
-0.016906 0.934457 0.059118
-0.032027 0.926894 0.061519
-0.032068 0.919855 0.064983
-0.016928 0.926986 0.062372
-0.016950 0.919897 0.065754
-0.001880 0.927044 0.062566
0.013169 0.927010 0.062470
-0.001880 0.934529 0.059391
-0.001879 0.919912 0.065965
-0.001879 0.913301 0.069452
0.013191 0.919921 0.065853
0.028312 0.919903 0.065181
0.013216 0.913306 0.069323
0.013259 0.907360 0.073053
0.028377 0.913408 0.068774
0.028484 0.907538 0.072506
0.043640 0.913363 0.067427
0.043799 0.907559 0.071185
0.059005 0.913107 0.065255
0.043530 0.919771 0.063757
0.058841 0.919493 0.061574
0.043460 0.926749 0.060203
0.058727 0.926457 0.058026
0.043422 0.934206 0.056818
0.028271 0.926942 0.061714
0.028239 0.934346 0.058333
0.028194 0.942174 0.055260
0.013147 0.934482 0.059215
0.013113 0.942269 0.056029
-0.001881 0.942320 0.056204
0.013094 0.950788 0.052805
-0.001881 0.950945 0.052981
0.028136 0.950696 0.052087
0.013082 0.959805 0.049471
0.028064 0.959702 0.048738
0.013039 0.969132 0.046168
-0.001882 0.959901 0.049639
-0.001884 0.969238 0.046370
-0.016846 0.959779 0.049380
-0.016806 0.969105 0.046079
-0.031826 0.959648 0.048555
-0.016856 0.950762 0.052711
-0.016874 0.942243 0.055934
-0.031896 0.950644 0.051900
-0.047033 0.950466 0.050265
-0.046870 0.959566 0.047048
-0.061985 0.959491 0.044996
-0.046663 0.968954 0.043872
-0.046426 0.978450 0.040560
-0.061672 0.968894 0.041885
-0.031711 0.969031 0.045326
-0.031559 0.978504 0.041905
-0.016726 0.978577 0.042730
-0.031368 0.988083 0.038511
-0.016629 0.988126 0.039275
-0.046130 0.988047 0.037220
-0.031145 0.997759 0.035008
-0.030897 1.007532 0.031477
-0.045785 0.997755 0.033778
-0.016510 0.997792 0.035774
-0.001891 0.997816 0.036039
-0.016389 1.007544 0.032196
-0.016251 1.017401 0.028576
-0.001894 1.007561 0.032477
0.012601 1.007571 0.032272
-0.001898 1.017431 0.028864
0.012456 1.017428 0.028648
-0.001903 1.027443 0.025219
0.012299 1.027395 0.025021
-0.001908 1.037598 0.021569
-0.016103 1.027368 0.024954
-0.030313 1.027358 0.024294
-0.015963 1.037443 0.021338
-0.015829 1.047654 0.017707
-0.030032 1.037425 0.020698
-0.044128 1.037500 0.019651
-0.029746 1.047648 0.017083
-0.043660 1.047764 0.016091
-0.029440 1.057988 0.013485
-0.029131 1.068453 0.009917
-0.043187 1.058116 0.012527
-0.015682 1.057986 0.014092
-0.001923 1.058059 0.014357
-0.015525 1.068443 0.010496
-0.015387 1.078998 0.006902
-0.001932 1.068498 0.010786
0.011662 1.068465 0.010544
-0.001942 1.079072 0.007235
0.011837 1.058010 0.014145
0.011999 1.047679 0.017766
0.025597 1.058035 0.013592
0.025919 1.047698 0.017200
0.026219 1.037476 0.020824
0.039837 1.047838 0.016267
0.040318 1.037576 0.019842
0.040756 1.027498 0.023398
0.054341 1.037849 0.018462
0.054980 1.027676 0.021985
0.055584 1.017635 0.025519
0.069121 1.027998 0.020210
0.069900 1.017879 0.023667
0.070596 1.007914 0.027075
0.084129 1.018195 0.021450
0.085026 1.008167 0.024752
0.085872 0.998233 0.027994
0.071279 0.998035 0.030411
0.086673 0.988375 0.031168
0.100392 0.998497 0.025199
0.101374 0.988596 0.028242
0.102304 0.978752 0.031180
0.087410 0.978625 0.034228
0.103132 0.969038 0.034008
0.117113 0.978953 0.027701
0.118146 0.969165 0.030363
0.119080 0.959480 0.032918
0.133076 0.969415 0.026210
0.134216 0.959632 0.028641
0.135176 0.950083 0.030928
0.149211 0.960024 0.023898
0.150397 0.950344 0.026092
0.163987 0.960767 0.018737
0.165460 0.950893 0.020863
0.166867 0.941310 0.022914
0.180446 0.951915 0.015183
0.182157 0.942284 0.017054
0.183609 0.933218 0.019145
0.197173 0.943727 0.011026
0.198995 0.934426 0.013185
0.200462 0.925877 0.016000
0.213997 0.936282 0.007035
0.215941 0.927518 0.009910
0.217454 0.919569 0.013221
0.230975 0.930098 0.003557
0.232853 0.921990 0.006915
0.234438 0.914851 0.010675
0.247973 0.925641 -0.000155
0.249940 0.918584 0.003373
0.251853 0.912193 0.007136
0.265125 0.923628 -0.004582
0.267246 0.917445 -0.001056
0.269295 0.912047 0.002491
0.282331 0.923535 -0.009918
0.284566 0.918317 -0.006420
0.297206 0.930134 -0.019284
0.299661 0.924706 -0.016061
0.312147 0.936590 -0.029126
0.286729 0.913483 -0.002831
0.271278 0.907283 0.006200
0.255256 0.902218 0.014941
0.273250 0.902987 0.010150
0.256919 0.898255 0.019078
0.239969 0.895074 0.027751
0.258423 0.895091 0.023726
0.241172 0.892246 0.032476
0.259729 0.893042 0.028957
0.242185 0.890721 0.037762
0.260735 0.892697 0.034383
0.261376 0.893889 0.039704
0.243032 0.890497 0.043156
0.225427 0.888964 0.051211
0.243623 0.891738 0.048343
0.226067 0.890157 0.056377
0.244088 0.894075 0.053181
0.226631 0.892282 0.061346
0.244176 0.897669 0.057348
0.261666 0.896431 0.044497
0.261515 0.900143 0.048771
0.278707 0.900399 0.035300
0.278229 0.904175 0.039630
0.294776 0.906275 0.025294
0.278578 0.897862 0.030367
0.294085 0.909843 0.029704
0.310644 0.912417 0.015281
0.310000 0.915800 0.019717
0.326986 0.917855 0.005116
0.326689 0.920973 0.009612
0.344192 0.922538 -0.005607
0.344090 0.925597 -0.000976
0.362004 0.927089 -0.016919
0.343604 0.920745 -0.010600
0.361280 0.925134 -0.022059
0.379355 0.930289 -0.033944
0.359742 0.924743 -0.027379
0.377604 0.929757 -0.039410
0.395463 0.936950 -0.051191
0.375133 0.930568 -0.044729
0.392679 0.937940 -0.056486
0.408219 0.949651 -0.066634
0.411317 0.948537 -0.061616
0.421572 0.964495 -0.075421
0.424869 0.963475 -0.070693
0.433098 0.981199 -0.083473
0.437109 0.980077 -0.079084
0.441032 0.999935 -0.089819
0.445639 0.999359 -0.085728
0.444005 1.020147 -0.093855
0.448640 1.020591 -0.089630
0.442926 1.040326 -0.095872
0.446959 1.041710 -0.091111
0.439558 1.059777 -0.096975
0.443297 1.062082 -0.091986
0.435092 1.078869 -0.097567
0.434654 1.057372 -0.101334
0.430207 1.075221 -0.101953
0.424596 1.092686 -0.101835
0.424005 1.071180 -0.105222
0.418549 1.087753 -0.104960
0.411690 1.103105 -0.103744
0.417236 1.109018 -0.101057
0.402656 1.115142 -0.101926
0.405202 1.096234 -0.104595
0.396657 1.107279 -0.102574
0.387384 1.114318 -0.100135
0.390875 1.097575 -0.101567
0.382017 1.104698 -0.099301
0.373127 1.110606 -0.096928
0.375859 1.095108 -0.097452
0.367643 1.101281 -0.095547
0.359202 1.107118 -0.093582
0.360894 1.091527 -0.093215
0.353136 1.098238 -0.091630
0.345022 1.104874 -0.089991
0.345124 1.088471 -0.088524
0.337788 1.095992 -0.087242
0.330643 1.103818 -0.086066
0.329177 1.086881 -0.083580
0.322409 1.095284 -0.082504
0.315728 1.103965 -0.081347
0.313593 1.087294 -0.078054
0.307383 1.096453 -0.077082
0.301257 1.105877 -0.076169
0.298545 1.089435 -0.072243
0.292757 1.099081 -0.071502
0.287069 1.108940 -0.070894
0.283980 1.092767 -0.066622
0.278632 1.102822 -0.066220
0.273438 1.112941 -0.065840
0.281620 1.118979 -0.070329
0.268507 1.123314 -0.065549
0.276186 1.129014 -0.069707
0.263779 1.133796 -0.065293
0.260274 1.117839 -0.061104
0.255807 1.128473 -0.061076
0.251634 1.139275 -0.061090
0.259235 1.144390 -0.064997
0.247708 1.150115 -0.061051
0.254992 1.155118 -0.064720
0.243996 1.161120 -0.060971
0.239898 1.145422 -0.057213
0.236527 1.156578 -0.057382
0.233394 1.167859 -0.057452
0.228706 1.152150 -0.053734
0.225757 1.163611 -0.054003
0.222981 1.175128 -0.054111
0.217659 1.159417 -0.050507
0.215297 1.171195 -0.050924
0.213144 1.183063 -0.051167
0.206709 1.167113 -0.047553
0.204822 1.179080 -0.048039
0.203226 1.191299 -0.048398
0.195943 1.175295 -0.044945
0.194465 1.187501 -0.045515
0.193165 1.199830 -0.045938
0.185034 1.183730 -0.042697
0.183875 1.196124 -0.043360
0.182861 1.208602 -0.043956
0.174036 1.192535 -0.040946
0.173059 1.204983 -0.041786
0.172193 1.217613 -0.042639
0.162795 1.201538 -0.039838
0.162015 1.214038 -0.040931
0.161203 1.226702 -0.042081
0.151135 1.210739 -0.039457
0.150611 1.223499 -0.040903
0.149958 1.236291 -0.042457
0.139475 1.220465 -0.039889
0.138830 1.233123 -0.041696
0.138058 1.245797 -0.043785
0.127515 1.230166 -0.041116
0.126723 1.242746 -0.043439
0.125763 1.255319 -0.046148
0.115278 1.239950 -0.043185
0.114410 1.252414 -0.046037
0.113337 1.264885 -0.049192
0.102847 1.249849 -0.046118
0.101870 1.262263 -0.049408
0.100797 1.274541 -0.053047
0.090432 1.259899 -0.049623
0.089422 1.272177 -0.053388
0.088321 1.284305 -0.057440
0.077996 1.270072 -0.053699
0.077091 1.282190 -0.057894
0.076010 1.294169 -0.062389
0.065732 1.280366 -0.058310
0.064946 1.292314 -0.062925
0.064019 1.304139 -0.067888
0.053709 1.290758 -0.063489
0.053005 1.302560 -0.068515
0.052243 1.314134 -0.073852
0.042047 1.301254 -0.069119
0.041426 1.312852 -0.074434
0.040801 1.324182 -0.079987
0.030530 1.311787 -0.074965
0.030079 1.323076 -0.080544
0.029611 1.334225 -0.086247
0.019327 1.322301 -0.080943
0.019018 1.333392 -0.086679
0.018726 1.344189 -0.092542
0.008391 1.332847 -0.086945
-0.002261 1.332684 -0.087010
0.008244 1.343644 -0.092805
0.008120 1.354165 -0.098713
-0.002239 1.343502 -0.092896
-0.002216 1.354048 -0.098862
-0.012725 1.343688 -0.092714
-0.012553 1.354205 -0.098631
-0.023214 1.344276 -0.092360
-0.012916 1.332895 -0.086845
-0.023552 1.333488 -0.086480
-0.034158 1.334369 -0.085951
-0.023901 1.322405 -0.080728
-0.034670 1.323232 -0.080224
-0.045414 1.324387 -0.079563
-0.035155 1.311951 -0.074625
-0.046078 1.313069 -0.073984
-0.056926 1.314402 -0.073295
-0.046727 1.301478 -0.068652
-0.057720 1.302838 -0.067935
-0.068774 1.304470 -0.067200
-0.058442 1.291039 -0.062900
-0.069724 1.292648 -0.062224
-0.080833 1.294549 -0.061583
-0.070512 1.280691 -0.057617
-0.081921 1.282562 -0.057095
-0.093199 1.284719 -0.056545
-0.082809 1.270425 -0.052930
-0.094286 1.272571 -0.052525
-0.083597 1.258173 -0.049125
-0.095256 1.260259 -0.048818
-0.106740 1.262654 -0.048530
-0.096020 1.247876 -0.045443
-0.107651 1.250192 -0.045330
-0.119246 1.252773 -0.045200
-0.108381 1.237688 -0.042378
-0.120021 1.240248 -0.042466
-0.131476 1.243047 -0.042705
-0.120654 1.227638 -0.040027
-0.132154 1.230399 -0.040521
-0.143452 1.233342 -0.041120
-0.132697 1.217762 -0.038512
-0.143971 1.220612 -0.039463
-0.155061 1.223619 -0.040530
-0.144495 1.207929 -0.037892
-0.155459 1.210792 -0.039229
-0.166270 1.214053 -0.040780
-0.156118 1.198264 -0.037964
-0.166941 1.201495 -0.039815
-0.177123 1.204900 -0.041851
-0.167668 1.188977 -0.038798
-0.178013 1.192405 -0.041115
-0.187765 1.195951 -0.043622
-0.179031 1.179977 -0.040274
-0.188866 1.183524 -0.043036
-0.198213 1.187256 -0.045939
-0.190180 1.171281 -0.042279
-0.199660 1.175030 -0.045423
-0.208466 1.178782 -0.048590
-0.201380 1.162950 -0.044739
-0.210342 1.166804 -0.048138
-0.218868 1.170859 -0.051570
-0.212459 1.154870 -0.047498
-0.221234 1.159074 -0.051176
-0.229283 1.163251 -0.054716
-0.223831 1.147426 -0.050624
-0.232246 1.151788 -0.054462
-0.240027 1.156202 -0.058142
-0.235389 1.140414 -0.054071
-0.243420 1.145047 -0.057985
-0.251198 1.149732 -0.061843
-0.247116 1.133977 -0.057792
-0.255149 1.138896 -0.061892
-0.251073 1.122974 -0.057554
-0.259344 1.128094 -0.061891
-0.255187 1.112167 -0.057297
-0.263832 1.117462 -0.061938
-0.272048 1.122940 -0.066381
-0.268498 1.106953 -0.062007
-0.277001 1.112568 -0.066689
-0.273321 1.096555 -0.062108
-0.282214 1.102452 -0.067089
-0.278242 1.086306 -0.062235
-0.283235 1.076143 -0.062396
-0.287580 1.092399 -0.067514
-0.296351 1.098725 -0.072372
-0.292909 1.082454 -0.067969
-0.298341 1.072646 -0.068462
-0.302156 1.089084 -0.073131
-0.310991 1.096121 -0.077938
-0.307967 1.079556 -0.073897
-0.313808 1.070261 -0.074683
-0.317219 1.086970 -0.078923
-0.326034 1.094982 -0.083332
-0.323530 1.078077 -0.079897
-0.329710 1.069427 -0.080899
-0.332820 1.086592 -0.084414
-0.341430 1.095725 -0.088027
-0.339474 1.078444 -0.085490
-0.346018 1.070558 -0.086601
-0.348783 1.088223 -0.089306
-0.356796 1.098015 -0.092360
-0.355749 1.080972 -0.090565
-0.362411 1.073359 -0.091904
-0.364572 1.091325 -0.093934
-0.371319 1.101103 -0.096216
-0.372068 1.084430 -0.095580
-0.378396 1.076945 -0.096884
-0.379554 1.094954 -0.098103
-0.385712 1.104565 -0.099906
-0.387448 1.087288 -0.099973
-0.392922 1.078438 -0.101048
-0.394588 1.097470 -0.102148
-0.400370 1.107192 -0.103113
-0.401546 1.087682 -0.103669
-0.408935 1.096179 -0.105115
-0.406970 1.074468 -0.104530
-0.415087 1.081787 -0.106244
-0.411687 1.060639 -0.105067
-0.398198 1.066677 -0.101917
-0.388302 1.057746 -0.098506
-0.402294 1.054430 -0.102297
-0.392457 1.046750 -0.098843
-0.406123 1.042076 -0.102347
-0.415618 1.047055 -0.104956
-0.409873 1.031675 -0.102192
-0.396468 1.035457 -0.099007
-0.400191 1.025868 -0.099000
-0.386293 1.026000 -0.094787
-0.375931 1.015088 -0.089736
-0.390145 1.016257 -0.094705
-0.382059 1.036680 -0.094677
-0.371366 1.025550 -0.089835
-0.377711 1.047150 -0.094364
-0.373197 1.056834 -0.093830
-0.366806 1.035636 -0.089618
-0.355990 1.024666 -0.084046
-0.362154 1.045238 -0.089149
-0.357196 1.054126 -0.088474
-0.351227 1.034392 -0.083880
-0.340243 1.024555 -0.077495
-0.346363 1.043517 -0.083384
-0.341133 1.052283 -0.082707
-0.335405 1.033935 -0.077298
-0.324168 1.025369 -0.070299
-0.330285 1.043101 -0.076887
-0.325004 1.052169 -0.076254
-0.319263 1.034819 -0.070167
-0.307912 1.027090 -0.062954
-0.314189 1.044183 -0.069838
-0.308992 1.053493 -0.069415
-0.303100 1.036788 -0.062994
-0.291576 1.029906 -0.055733
-0.298194 1.046431 -0.062893
-0.293258 1.056190 -0.062755
-0.286995 1.039831 -0.055992
-0.275472 1.033592 -0.048784
-0.282432 1.049753 -0.056195
-0.277830 1.059839 -0.056374
-0.271269 1.043680 -0.049353
-0.288268 1.066091 -0.062582
-0.273165 1.070088 -0.056516
-0.279705 1.023542 -0.048170
-0.263678 1.027819 -0.041389
-0.251628 1.022610 -0.033960
-0.267569 1.017584 -0.040462
-0.271439 1.007474 -0.039477
-0.255206 1.012253 -0.032741
-0.258710 1.002007 -0.031642
-0.242633 1.007464 -0.025336
-0.229793 1.003192 -0.018343
-0.245812 0.997128 -0.024022
-0.248982 0.986772 -0.022556
-0.232724 0.992876 -0.016828
-0.235667 0.982457 -0.015251
-0.222131 0.978832 -0.008390
-0.238572 0.972119 -0.013582
-0.252145 0.976471 -0.020994
-0.241404 0.961803 -0.011783
-0.224806 0.968515 -0.006657
-0.227466 0.958208 -0.004866
-0.210918 0.965541 -0.000027
-0.196706 0.963308 0.006209
-0.213286 0.955361 0.001746
-0.215527 0.945432 0.003604
-0.198800 0.953195 0.008091
-0.200842 0.943390 0.009914
-0.184124 0.951594 0.014151
-0.169148 0.950597 0.019900
-0.185834 0.941969 0.016005
-0.187285 0.932911 0.018082
-0.170554 0.941020 0.021934
-0.171719 0.932367 0.023951
-0.155086 0.940702 0.027335
-0.139671 0.940661 0.032318
-0.156023 0.931970 0.029461
-0.156599 0.923793 0.032198
-0.140234 0.932071 0.034715
-0.140645 0.923979 0.037517
-0.124520 0.932342 0.039690
-0.108921 0.932725 0.044293
-0.124803 0.924464 0.042631
-0.125211 0.917360 0.046028
-0.109091 0.925040 0.047304
-0.109373 0.917980 0.050673
-0.093438 0.925549 0.051410
-0.077879 0.925967 0.054822
-0.093649 0.918548 0.054796
-0.078035 0.918999 0.058263
-0.093945 0.912147 0.058427
-0.078266 0.912630 0.061957
-0.094312 0.906433 0.062316
-0.109751 0.911543 0.054335
-0.125665 0.910845 0.049661
-0.110185 0.905860 0.058285
-0.126176 0.905089 0.053646
-0.110667 0.900855 0.062463
-0.094717 0.901356 0.066379
-0.111197 0.896733 0.066848
-0.126735 0.900155 0.057975
-0.127338 0.896168 0.062611
-0.142878 0.899531 0.053127
-0.159099 0.899032 0.047981
-0.143520 0.895616 0.058010
-0.142262 0.904398 0.048630
-0.158466 0.903956 0.043395
-0.141679 0.910156 0.044544
-0.157829 0.909772 0.039255
-0.141134 0.916708 0.040843
-0.157215 0.916402 0.035555
-0.173370 0.916375 0.030047
-0.174085 0.909672 0.033783
-0.189490 0.916723 0.024254
-0.172577 0.923946 0.026689
-0.188445 0.924514 0.020855
-0.204130 0.925555 0.014864
-0.205419 0.917633 0.018230
-0.219602 0.927178 0.008719
-0.202663 0.934096 0.012058
-0.217658 0.935934 0.005853
-0.232382 0.938603 -0.000563
-0.234633 0.929743 0.002321
-0.246749 0.942110 -0.007354
-0.229961 0.948186 -0.002922
-0.244159 0.951675 -0.009764
-0.258234 0.956077 -0.017041
-0.261023 0.946544 -0.014716
-0.272323 0.961257 -0.024907
-0.255267 0.966121 -0.019132
-0.269078 0.971268 -0.026994
-0.265650 0.981533 -0.028815
-0.282776 0.977134 -0.035534
-0.286454 0.967159 -0.033507
-0.296277 0.983515 -0.044322
-0.279049 0.987233 -0.037055
-0.292197 0.993485 -0.045559
-0.275283 0.997317 -0.038334
-0.288070 1.003489 -0.046609
-0.262231 0.991730 -0.030216
-0.300508 1.010230 -0.054855
-0.283908 1.013513 -0.047466
-0.296084 1.020063 -0.055371
-0.312541 1.017465 -0.062748
-0.304952 1.000325 -0.054101
-0.309424 0.990385 -0.053157
-0.317230 1.007717 -0.062418
-0.328989 1.015743 -0.070260
-0.321939 0.997803 -0.061761
-0.326803 0.987751 -0.060682
-0.333841 1.005864 -0.069836
-0.345100 1.014750 -0.077382
-0.338754 0.995760 -0.069161
-0.343796 0.985654 -0.068132
-0.350012 1.004621 -0.076991
-0.360760 1.014532 -0.083954
-0.355054 0.994333 -0.076310
-0.360303 0.984362 -0.075322
-0.365664 1.004145 -0.083575
-0.370829 0.993943 -0.082972
-0.380542 1.004925 -0.089473
-0.376144 0.984707 -0.082387
-0.385841 0.995304 -0.089120
-0.381675 0.976706 -0.081442
-0.365374 0.975523 -0.074195
-0.353108 0.968068 -0.065260
-0.370019 0.967736 -0.072897
-0.357029 0.960720 -0.063437
-0.374827 0.960984 -0.071583
-0.361024 0.953706 -0.061501
-0.379685 0.954872 -0.070286
-0.387250 0.970140 -0.080520
-0.392936 0.964440 -0.079397
-0.398123 0.980941 -0.087697
-0.407223 0.994063 -0.093745
-0.404465 0.976322 -0.086830
-0.391760 0.987143 -0.088509
-0.400272 0.998959 -0.094042
-0.406405 1.009595 -0.097853
-0.394849 1.006946 -0.094551
-0.403993 1.017526 -0.098745
-0.412969 1.021641 -0.101258
-0.412852 1.008631 -0.098600
-0.420654 1.021179 -0.102144
-0.419749 1.006295 -0.098698
-0.428663 1.020692 -0.101991
-0.418906 1.034083 -0.104079
-0.427410 1.035866 -0.104494
-0.424298 1.050903 -0.105898
-0.435355 1.037703 -0.103477
-0.436248 1.020364 -0.100804
-0.441728 1.039186 -0.100484
-0.432038 1.054475 -0.104917
-0.438442 1.057441 -0.101773
-0.427776 1.071202 -0.105694
-0.422305 1.087748 -0.105434
-0.433983 1.075264 -0.102391
-0.420157 1.066285 -0.106508
-0.438871 1.078928 -0.097978
-0.428356 1.092701 -0.102277
-0.433221 1.097498 -0.098161
-0.420976 1.108998 -0.101510
-0.415428 1.103070 -0.104226
-0.425591 1.114769 -0.097891
-0.411603 1.122148 -0.100229
-0.406372 1.115074 -0.102429
-0.415526 1.128527 -0.097147
-0.400830 1.130454 -0.098384
-0.389985 1.135588 -0.096244
-0.404227 1.137230 -0.095618
-0.396290 1.122992 -0.100069
-0.391078 1.114200 -0.100701
-0.386313 1.128078 -0.097709
-0.376123 1.131976 -0.095326
-0.381744 1.119392 -0.098189
-0.376803 1.110443 -0.097557
-0.372219 1.124135 -0.095613
-0.362770 1.128579 -0.093728
-0.367892 1.115683 -0.095306
-0.362860 1.106913 -0.094271
-0.358778 1.120699 -0.093302
-0.349663 1.126194 -0.091539
-0.354324 1.112849 -0.092551
-0.348663 1.104630 -0.090732
-0.345604 1.118979 -0.090830
-0.337114 1.125500 -0.089180
-0.340699 1.111465 -0.089274
-0.334266 1.103535 -0.086852
-0.332620 1.118773 -0.087817
-0.324670 1.126374 -0.086498
-0.326972 1.111716 -0.085645
-0.319333 1.103649 -0.082168
-0.319504 1.119778 -0.084390
-0.312279 1.128303 -0.083130
-0.312688 1.112585 -0.081022
-0.304845 1.105536 -0.077012
-0.306004 1.121746 -0.080065
-0.299576 1.131154 -0.078946
-0.298691 1.115120 -0.076139
-0.290642 1.108581 -0.071747
-0.292748 1.124924 -0.075320
-0.285171 1.118615 -0.071166
-0.287062 1.134787 -0.074539
-0.279713 1.128643 -0.070533
-0.293581 1.140764 -0.078012
-0.281700 1.144797 -0.073825
-0.276691 1.154869 -0.073166
-0.287706 1.150282 -0.077001
-0.274594 1.138875 -0.070025
-0.267297 1.133419 -0.066112
-0.269901 1.149213 -0.069553
-0.262726 1.144007 -0.065809
-0.265495 1.159829 -0.069176
-0.258454 1.154728 -0.065529
-0.271684 1.164780 -0.072417
-0.261177 1.170362 -0.068702
-0.257250 1.181068 -0.068229
-0.267074 1.175113 -0.071792
-0.254474 1.165433 -0.065266
-0.247460 1.160731 -0.061759
-0.250694 1.176276 -0.064887
-0.247266 1.187225 -0.064464
-0.243982 1.171816 -0.061588
-0.236873 1.167481 -0.058205
-0.240740 1.183034 -0.061305
-0.237767 1.194322 -0.060930
-0.233926 1.178794 -0.058125
-0.226495 1.174769 -0.054810
-0.231154 1.190267 -0.057894
-0.228694 1.201966 -0.057600
-0.224152 1.186508 -0.054855
-0.216716 1.182735 -0.051788
-0.221965 1.198305 -0.054723
-0.219913 1.210178 -0.054454
-0.214708 1.194680 -0.051814
-0.206889 1.191017 -0.048909
-0.212928 1.206746 -0.051731
-0.211291 1.218884 -0.051579
-0.205436 1.203263 -0.049047
-0.196958 1.199612 -0.046299
-0.203929 1.215519 -0.049036
-0.202549 1.227822 -0.049053
-0.195861 1.212069 -0.046553
-0.186825 1.208470 -0.044126
-0.194760 1.224556 -0.046766
-0.193594 1.237089 -0.047106
-0.186033 1.221143 -0.044592
-0.176359 1.217585 -0.042583
-0.185254 1.233818 -0.045132
-0.184309 1.246412 -0.045958
-0.175635 1.230247 -0.043332
-0.165582 1.226786 -0.041786
-0.174993 1.243046 -0.044330
-0.174186 1.255870 -0.045721
-0.165032 1.239754 -0.042980
-0.154537 1.236486 -0.041929
-0.164259 1.252556 -0.044528
-0.163159 1.265207 -0.046600
-0.153765 1.249275 -0.043686
-0.142801 1.246090 -0.043063
-0.152767 1.261930 -0.045854
-0.151406 1.274404 -0.048610
-0.141896 1.258719 -0.045403
-0.130614 1.255687 -0.045287
-0.140656 1.271249 -0.048250
-0.139045 1.283439 -0.051625
-0.129557 1.268170 -0.048162
-0.118241 1.265296 -0.048260
-0.128220 1.280461 -0.051591
-0.126485 1.292465 -0.055527
-0.117014 1.277590 -0.051743
-0.105706 1.274969 -0.052105
-0.115567 1.289687 -0.055766
-0.113924 1.301605 -0.060159
-0.104439 1.287115 -0.056095
-0.102986 1.299035 -0.060554
-0.101372 1.310755 -0.065415
-0.091987 1.296704 -0.061026
-0.090658 1.308431 -0.065907
-0.089202 1.319983 -0.071191
-0.079681 1.306341 -0.066496
-0.078486 1.317917 -0.071806
-0.077272 1.329270 -0.077336
-0.067736 1.316052 -0.072509
-0.066687 1.327405 -0.078003
-0.065654 1.338537 -0.083657
-0.056057 1.325807 -0.078770
-0.055217 1.336923 -0.084526
-0.054398 1.347813 -0.090313
-0.044729 1.335530 -0.085269
-0.044064 1.346379 -0.091145
-0.043436 1.357007 -0.096959
-0.033660 1.345183 -0.091801
-0.033199 1.355744 -0.097721
-0.032783 1.366039 -0.103637
-0.022890 1.354788 -0.098257
-0.022611 1.365077 -0.104161
-0.022376 1.375149 -0.110025
-0.012397 1.364499 -0.104605
-0.002192 1.364320 -0.104822
-0.012270 1.374533 -0.110502
-0.012190 1.384382 -0.116344
-0.002168 1.374423 -0.110774
0.007934 1.374502 -0.110567
-0.002145 1.384215 -0.116617
0.007900 1.384356 -0.116403
-0.002123 1.393736 -0.122298
0.007872 1.393894 -0.122085
-0.002104 1.402680 -0.127579
-0.012119 1.393917 -0.122034
-0.022065 1.394506 -0.121422
-0.012076 1.402927 -0.127358
-0.021993 1.403657 -0.126662
-0.012057 1.411313 -0.132068
-0.002087 1.411108 -0.132313
-0.021940 1.412002 -0.131319
-0.012020 1.419380 -0.136516
-0.011979 1.426241 -0.139896
-0.021897 1.420197 -0.135815
-0.002073 1.419100 -0.136667
0.007875 1.419364 -0.136554
-0.002062 1.426017 -0.140014
0.007856 1.426227 -0.139931
-0.002052 1.432127 -0.142843
0.007794 1.432276 -0.142718
-0.002046 1.436630 -0.144479
-0.011899 1.432288 -0.142685
-0.021615 1.432812 -0.142168
-0.011774 1.436869 -0.144468
-0.021446 1.437439 -0.144082
-0.011700 1.441319 -0.146046
-0.021239 1.441927 -0.145817
-0.011633 1.445478 -0.147161
-0.002041 1.441043 -0.145987
-0.002036 1.445294 -0.147000
0.007619 1.441308 -0.146076
0.007682 1.436858 -0.144500
0.017160 1.441905 -0.145876
0.007561 1.445468 -0.147190
0.016877 1.446165 -0.147328
0.007494 1.449675 -0.148278
0.016668 1.450407 -0.148521
0.007410 1.453727 -0.148903
-0.002032 1.449367 -0.147776
-0.002028 1.453371 -0.148523
-0.011557 1.449684 -0.148250
-0.020728 1.450425 -0.148466
-0.011464 1.453735 -0.148876
-0.020562 1.454693 -0.149523
-0.011243 1.457261 -0.149107
-0.020357 1.458514 -0.149929
-0.010976 1.460693 -0.149240
-0.002025 1.456779 -0.148622
0.007195 1.457253 -0.149133
-0.002023 1.460074 -0.148436
0.006933 1.460684 -0.149265
-0.002020 1.463290 -0.148254
0.006766 1.463753 -0.148911
-0.002019 1.466020 -0.147530
-0.010804 1.463760 -0.148887
-0.019878 1.465491 -0.150192
-0.010536 1.466703 -0.148383
-0.019443 1.468518 -0.149764
-0.010286 1.469116 -0.147441
-0.002017 1.468562 -0.146692
-0.019011 1.470990 -0.148927
-0.010029 1.471329 -0.146118
-0.009867 1.473274 -0.144510
-0.018394 1.473502 -0.147790
-0.002017 1.470603 -0.145369
0.005997 1.471323 -0.146140
-0.002017 1.472383 -0.143634
0.005836 1.473267 -0.144532
-0.002017 1.473714 -0.141541
0.005722 1.474707 -0.142287
-0.002018 1.474646 -0.139163
-0.009753 1.474713 -0.142266
-0.017683 1.477023 -0.143829
-0.009715 1.475732 -0.139816
-0.017452 1.478248 -0.141242
-0.009763 1.476231 -0.136842
-0.017507 1.478649 -0.138103
-0.009801 1.476279 -0.133653
-0.002019 1.475171 -0.136335
0.005726 1.476224 -0.136864
-0.002021 1.475400 -0.133310
0.005760 1.476272 -0.133676
-0.002024 1.475203 -0.129996
0.005792 1.475783 -0.130214
-0.002027 1.474335 -0.126227
-0.009838 1.475791 -0.130191
-0.017912 1.478060 -0.131313
-0.009879 1.475083 -0.126627
-0.009991 1.473830 -0.122529
-0.017989 1.476911 -0.127444
-0.018023 1.475692 -0.123461
-0.026102 1.479749 -0.128834
-0.026151 1.478389 -0.124934
-0.025905 1.481002 -0.132842
-0.034240 1.482862 -0.130574
-0.034384 1.481384 -0.126632
-0.033971 1.483976 -0.134434
-0.043019 1.485515 -0.131777
-0.043101 1.486311 -0.135406
-0.052711 1.487520 -0.132402
-0.043053 1.484311 -0.128110
-0.052720 1.486612 -0.129002
-0.043010 1.482810 -0.124292
-0.034534 1.479678 -0.122518
-0.052600 1.485506 -0.125312
-0.043125 1.480820 -0.119837
-0.034778 1.477569 -0.117864
-0.052398 1.483897 -0.121287
-0.043531 1.478835 -0.115342
-0.044574 1.476439 -0.109894
-0.052095 1.481979 -0.117057
-0.035577 1.475349 -0.112860
-0.036908 1.472969 -0.107291
-0.027785 1.472091 -0.110377
-0.026714 1.474442 -0.115727
-0.029136 1.469617 -0.104699
-0.019391 1.469322 -0.108435
-0.018754 1.471746 -0.113908
-0.011062 1.467547 -0.107094
-0.020425 1.466640 -0.102645
-0.021560 1.464037 -0.096870
-0.011686 1.464770 -0.101341
-0.002056 1.463955 -0.100735
-0.012247 1.461969 -0.095539
-0.012837 1.459247 -0.089636
-0.002063 1.461109 -0.094892
0.008123 1.461955 -0.095576
-0.002071 1.458549 -0.089008
0.008698 1.459232 -0.089679
-0.002078 1.456767 -0.083131
0.009205 1.457563 -0.083789
-0.002082 1.456354 -0.077292
-0.013357 1.457581 -0.083743
-0.024091 1.459653 -0.085389
-0.013792 1.456766 -0.077792
-0.013768 1.458339 -0.072439
-0.024850 1.458999 -0.079451
-0.024785 1.460333 -0.073995
-0.034577 1.462845 -0.082049
-0.034893 1.463465 -0.076517
-0.043122 1.466691 -0.085195
-0.033612 1.463559 -0.087891
-0.042054 1.467498 -0.090781
-0.032159 1.465247 -0.093527
-0.030603 1.467182 -0.098967
-0.040559 1.469023 -0.096313
-0.022773 1.461688 -0.091180
-0.048206 1.472862 -0.099447
-0.038614 1.470826 -0.101722
-0.046022 1.474600 -0.104987
-0.054025 1.478388 -0.107836
-0.055885 1.476742 -0.102635
-0.062251 1.482280 -0.110761
-0.052701 1.479955 -0.112216
-0.061894 1.483706 -0.114808
-0.072594 1.487777 -0.117459
-0.061784 1.485085 -0.118485
-0.062046 1.486564 -0.122403
-0.072556 1.488835 -0.120687
-0.083427 1.492378 -0.122897
-0.072699 1.489760 -0.124263
-0.083393 1.492999 -0.126021
-0.072704 1.490214 -0.127360
-0.083313 1.493313 -0.128831
-0.072626 1.490728 -0.130579
-0.062359 1.487845 -0.126335
-0.062560 1.488479 -0.129721
-0.062661 1.489024 -0.132835
-0.062779 1.488947 -0.135561
-0.072700 1.490668 -0.133384
-0.082922 1.492844 -0.134268
-0.072786 1.490356 -0.135880
-0.082870 1.492297 -0.136681
-0.072932 1.489668 -0.138122
-0.082951 1.491208 -0.138643
-0.073173 1.488377 -0.139942
-0.062995 1.488523 -0.138163
-0.053103 1.487847 -0.138589
-0.063293 1.487668 -0.140471
-0.053401 1.487296 -0.141337
-0.063621 1.486282 -0.142304
-0.073483 1.486951 -0.141594
-0.063997 1.484556 -0.143837
-0.053771 1.486129 -0.143594
-0.054177 1.484412 -0.145362
-0.043830 1.485606 -0.144444
-0.034135 1.483809 -0.144238
-0.043480 1.486466 -0.141765
-0.044276 1.483937 -0.146473
-0.034512 1.482552 -0.146785
-0.044805 1.481875 -0.148061
-0.035152 1.480434 -0.148507
-0.045447 1.479152 -0.148918
-0.054590 1.482310 -0.146609
-0.055108 1.479648 -0.147359
-0.064349 1.482425 -0.144813
-0.074139 1.482912 -0.143521
-0.064738 1.479955 -0.145441
-0.065113 1.477359 -0.145780
-0.074474 1.480491 -0.144000
-0.084306 1.481403 -0.143346
-0.074769 1.477996 -0.144284
-0.084595 1.478806 -0.143361
-0.075078 1.475140 -0.143951
-0.084889 1.475946 -0.143075
-0.075402 1.472236 -0.143652
-0.065460 1.474499 -0.145647
-0.055966 1.473885 -0.147666
-0.065845 1.471418 -0.145352
-0.056494 1.470563 -0.147492
-0.066244 1.468054 -0.144725
-0.056944 1.467040 -0.146958
-0.075780 1.469079 -0.143170
-0.066623 1.464704 -0.144037
-0.057321 1.463609 -0.146267
-0.067009 1.461274 -0.143302
-0.076108 1.465714 -0.142330
-0.085649 1.466694 -0.141248
-0.076397 1.462334 -0.141425
-0.085872 1.463420 -0.140367
-0.076703 1.458810 -0.140473
-0.086103 1.460023 -0.139441
-0.076999 1.454914 -0.139212
-0.067369 1.457373 -0.141985
-0.058120 1.455971 -0.143995
-0.067715 1.453335 -0.140594
-0.058504 1.451856 -0.142578
-0.068075 1.449189 -0.139156
-0.058856 1.447568 -0.140928
-0.068424 1.444583 -0.137332
-0.077247 1.450768 -0.137743
-0.077554 1.446352 -0.136159
-0.086508 1.452599 -0.137049
-0.095676 1.454176 -0.136804
-0.086742 1.448121 -0.135386
-0.086310 1.456347 -0.138261
-0.095579 1.457657 -0.137944
-0.104824 1.458611 -0.137931
-0.095503 1.461072 -0.139063
-0.104816 1.461952 -0.139023
-0.095425 1.464437 -0.140156
-0.104871 1.465306 -0.140123
-0.095269 1.467716 -0.140998
-0.104967 1.468659 -0.141218
-0.095119 1.470895 -0.141792
-0.104937 1.471894 -0.142073
-0.094979 1.474098 -0.142599
-0.085421 1.469995 -0.142128
-0.085159 1.473141 -0.142793
-0.104814 1.475051 -0.142810
-0.094730 1.477119 -0.143097
-0.104727 1.478224 -0.143612
-0.094424 1.479958 -0.143424
-0.104572 1.481239 -0.144128
-0.094095 1.482800 -0.143673
-0.104288 1.484174 -0.144411
-0.093757 1.485477 -0.143647
-0.104064 1.486869 -0.144477
-0.083973 1.483854 -0.142976
-0.093503 1.487790 -0.143132
-0.083631 1.486235 -0.142613
-0.103935 1.489416 -0.144349
-0.093339 1.489930 -0.142410
-0.083337 1.488222 -0.141662
-0.103834 1.491671 -0.143669
-0.093221 1.491835 -0.141384
-0.093141 1.493407 -0.139951
-0.103673 1.493676 -0.142726
-0.083071 1.489925 -0.140313
-0.103487 1.495534 -0.141375
-0.114490 1.495232 -0.144243
-0.114573 1.497333 -0.142870
-0.114627 1.493028 -0.144974
-0.127720 1.495503 -0.145826
-0.128001 1.497537 -0.144748
-0.127518 1.492785 -0.146392
-0.142283 1.492336 -0.146696
-0.141359 1.489841 -0.147298
-0.157432 1.485245 -0.146461
-0.143073 1.494419 -0.145916
-0.158686 1.487020 -0.145398
-0.143932 1.496207 -0.144549
-0.159997 1.488645 -0.143983
-0.144808 1.497666 -0.142577
-0.128432 1.499187 -0.143060
-0.128840 1.500732 -0.141196
-0.114862 1.498818 -0.141139
-0.103431 1.496825 -0.139574
-0.115061 1.499937 -0.139064
-0.115274 1.500766 -0.136655
-0.103508 1.497864 -0.137417
-0.103689 1.498555 -0.134919
-0.093155 1.495465 -0.135807
-0.093048 1.494685 -0.138114
-0.093445 1.495913 -0.133189
-0.093740 1.496187 -0.130492
-0.083085 1.493256 -0.131665
-0.103968 1.498859 -0.132199
-0.094183 1.496170 -0.127457
-0.094457 1.495733 -0.124662
-0.104463 1.498856 -0.129306
-0.105019 1.498635 -0.126320
-0.115912 1.501036 -0.131345
-0.116382 1.501019 -0.128466
-0.130178 1.502114 -0.133411
-0.115590 1.500987 -0.134012
-0.129634 1.501905 -0.136129
-0.129212 1.501708 -0.138722
-0.146110 1.499082 -0.137618
-0.162565 1.490420 -0.136742
-0.146803 1.499011 -0.134589
-0.145442 1.498707 -0.140190
-0.161971 1.490478 -0.139560
-0.161068 1.489744 -0.141916
-0.177116 1.478954 -0.137011
-0.189739 1.465261 -0.132684
-0.177464 1.478639 -0.133971
-0.176374 1.478690 -0.139713
-0.189064 1.465109 -0.135617
-0.175155 1.477902 -0.142059
-0.187946 1.464613 -0.138034
-0.173573 1.476653 -0.143659
-0.171852 1.475107 -0.144904
-0.186204 1.463632 -0.139961
-0.196133 1.449245 -0.134955
-0.184364 1.462578 -0.141523
-0.194386 1.448500 -0.136884
-0.182158 1.461273 -0.142468
-0.192156 1.447587 -0.138145
-0.169967 1.473435 -0.145671
-0.179993 1.459858 -0.143136
-0.177685 1.458353 -0.143246
-0.168107 1.471840 -0.146332
-0.189704 1.446524 -0.138893
-0.196780 1.432865 -0.133401
-0.187181 1.445341 -0.139232
-0.194374 1.432050 -0.134033
-0.184891 1.444146 -0.139184
-0.191805 1.431106 -0.134335
-0.175486 1.456805 -0.143170
-0.182315 1.442832 -0.138921
-0.189172 1.430099 -0.134096
-0.173309 1.455163 -0.142870
-0.179879 1.441601 -0.138624
-0.186578 1.429152 -0.133607
-0.171098 1.453688 -0.142403
-0.177406 1.440308 -0.137786
-0.183806 1.428130 -0.133072
-0.168770 1.451998 -0.141584
-0.174777 1.438984 -0.136905
-0.181190 1.427087 -0.132445
-0.166424 1.450352 -0.140671
-0.172387 1.437642 -0.136044
-0.178581 1.425940 -0.131494
-0.164177 1.448516 -0.139588
-0.169908 1.436296 -0.135060
-0.175955 1.424812 -0.130444
-0.162013 1.446599 -0.138461
-0.167386 1.434943 -0.133974
-0.165064 1.433542 -0.132878
-0.159726 1.444782 -0.137306
-0.173541 1.423730 -0.129456
-0.178090 1.412496 -0.124527
-0.171038 1.422554 -0.128404
-0.175391 1.411403 -0.123429
-0.168523 1.421359 -0.127342
-0.172605 1.410346 -0.122297
-0.162735 1.432128 -0.131772
-0.166077 1.420201 -0.126311
-0.162855 1.418612 -0.124845
-0.160408 1.430696 -0.130656
-0.169659 1.409319 -0.121096
-0.172919 1.398564 -0.115599
-0.166501 1.408201 -0.119808
-0.169767 1.397547 -0.114313
-0.162970 1.406717 -0.118280
-0.159509 1.416968 -0.123324
-0.158936 1.405078 -0.116565
-0.166213 1.396407 -0.112873
-0.161727 1.394850 -0.111035
-0.169259 1.386046 -0.107081
-0.164902 1.384705 -0.105334
-0.172940 1.387115 -0.108568
-0.172613 1.375852 -0.101198
-0.176827 1.377039 -0.102925
-0.167998 1.374524 -0.099356
-0.176092 1.365593 -0.095146
-0.180586 1.366839 -0.097042
-0.180178 1.355514 -0.089284
-0.171335 1.364264 -0.093223
-0.175171 1.354109 -0.087220
-0.166050 1.362780 -0.091217
-0.162772 1.372990 -0.097334
-0.169776 1.352544 -0.085132
-0.160524 1.361195 -0.089233
-0.157394 1.371404 -0.095365
-0.154696 1.359505 -0.087303
-0.164111 1.350900 -0.083136
-0.158111 1.349148 -0.081245
-0.167894 1.340582 -0.077180
-0.161784 1.338762 -0.075324
-0.173701 1.342277 -0.079167
-0.171871 1.330119 -0.071441
-0.177699 1.331918 -0.073417
-0.165611 1.328206 -0.069602
-0.175926 1.319534 -0.066117
-0.181701 1.321374 -0.068043
-0.179932 1.308692 -0.061297
-0.169361 1.317457 -0.064331
-0.173086 1.306493 -0.059542
-0.162095 1.315200 -0.062758
-0.158658 1.326113 -0.067967
-0.153647 1.312590 -0.061493
-0.165284 1.303970 -0.057952
-0.168188 1.292434 -0.053833
-0.156671 1.301250 -0.056761
-0.159238 1.289532 -0.052685
-0.147190 1.298347 -0.055943
-0.144643 1.309863 -0.060517
-0.137156 1.295418 -0.055580
-0.149482 1.286525 -0.052001
-0.134894 1.307082 -0.060087
-0.132510 1.318522 -0.064984
-0.124578 1.304293 -0.059930
-0.122501 1.315834 -0.064877
-0.120299 1.327139 -0.070090
-0.112114 1.313221 -0.064983
-0.110216 1.324603 -0.070260
-0.108290 1.335790 -0.075785
-0.099749 1.322237 -0.070612
-0.098087 1.333507 -0.076140
-0.096499 1.344554 -0.081791
-0.087748 1.331327 -0.076618
-0.086337 1.342421 -0.082281
-0.084973 1.353245 -0.087961
-0.076022 1.340404 -0.082871
-0.074838 1.351277 -0.088720
-0.073758 1.361896 -0.094412
-0.064646 1.349478 -0.089449
-0.063723 1.360073 -0.095315
-0.062879 1.370485 -0.101029
-0.053614 1.358463 -0.096140
-0.052920 1.368830 -0.101979
-0.052338 1.378857 -0.107660
-0.042869 1.367358 -0.102778
-0.042396 1.377403 -0.108538
-0.042036 1.387149 -0.114207
-0.032423 1.376122 -0.109440
-0.032145 1.385901 -0.115087
-0.031967 1.395438 -0.120605
-0.022189 1.384988 -0.115805
-0.041780 1.396658 -0.119572
-0.031850 1.404601 -0.125755
-0.041632 1.405724 -0.124684
-0.031803 1.413031 -0.130476
-0.041505 1.414287 -0.129415
-0.031718 1.421216 -0.134995
-0.041307 1.422503 -0.133732
-0.031513 1.427904 -0.138357
-0.031268 1.433773 -0.141237
-0.041144 1.429366 -0.137218
-0.021828 1.426836 -0.139215
-0.050530 1.431049 -0.136004
-0.040898 1.435191 -0.140040
-0.050219 1.436608 -0.138567
-0.040577 1.439813 -0.142100
-0.031021 1.438362 -0.143351
-0.049954 1.441317 -0.140690
-0.040235 1.444323 -0.144076
-0.030760 1.442996 -0.145390
-0.049628 1.445946 -0.142610
-0.039853 1.448690 -0.145835
-0.030465 1.447299 -0.146925
-0.049223 1.450287 -0.144323
-0.039487 1.452995 -0.147555
-0.030122 1.451575 -0.148443
-0.048826 1.454514 -0.145941
-0.039159 1.457090 -0.148783
-0.029813 1.455738 -0.149607
-0.048422 1.458512 -0.147217
-0.038805 1.460954 -0.149588
-0.029527 1.459687 -0.150379
-0.048023 1.462332 -0.148258
-0.038451 1.464724 -0.150332
-0.029281 1.463419 -0.150743
-0.047612 1.466004 -0.148989
-0.038137 1.468396 -0.150638
-0.028953 1.467089 -0.150965
-0.047177 1.469608 -0.149579
-0.037628 1.471853 -0.150712
-0.036740 1.475162 -0.150530
-0.046614 1.473145 -0.149735
-0.028521 1.470186 -0.150720
-0.027663 1.473166 -0.150118
-0.026748 1.475816 -0.149325
-0.035930 1.477876 -0.149690
-0.026113 1.478083 -0.147695
-0.025641 1.479892 -0.145635
-0.017918 1.475568 -0.146171
-0.025331 1.481204 -0.143029
-0.025327 1.481812 -0.139971
-0.033845 1.484713 -0.141502
-0.025619 1.481611 -0.136583
-0.033791 1.484552 -0.138050
-0.017668 1.478568 -0.134792
-0.043211 1.486776 -0.138675
-0.046042 1.476430 -0.149660
-0.055559 1.476980 -0.147848
-0.020124 1.462194 -0.150290
-0.057712 1.459952 -0.145305
-0.020946 1.446184 -0.147271
-0.059202 1.442879 -0.139041
-0.059509 1.438051 -0.137046
-0.068755 1.439778 -0.135359
-0.059790 1.432811 -0.134629
-0.069092 1.434646 -0.133248
-0.060176 1.425582 -0.131153
-0.060505 1.417418 -0.126906
-0.069430 1.427242 -0.129800
-0.050837 1.423949 -0.132466
-0.051085 1.415743 -0.128205
-0.051254 1.407157 -0.123494
-0.051512 1.398060 -0.118464
-0.060819 1.408749 -0.122325
-0.070195 1.410541 -0.121346
-0.061164 1.399629 -0.117325
-0.061593 1.390348 -0.112197
-0.070659 1.401509 -0.116416
-0.080038 1.403449 -0.115686
-0.071205 1.392174 -0.111224
-0.071937 1.382326 -0.105764
-0.080688 1.394120 -0.110544
-0.089980 1.396089 -0.110151
-0.081540 1.384282 -0.105060
-0.082560 1.374177 -0.099430
-0.090954 1.386328 -0.104676
-0.100173 1.388370 -0.104615
-0.092160 1.376234 -0.098971
-0.093509 1.365908 -0.093273
-0.101492 1.378321 -0.098968
-0.110567 1.380409 -0.099128
-0.103025 1.368017 -0.093121
-0.104707 1.357502 -0.087274
-0.112295 1.370156 -0.093316
-0.120963 1.372279 -0.093838
-0.114120 1.359720 -0.087411
-0.116059 1.349080 -0.081551
-0.122973 1.361915 -0.087951
-0.131314 1.364042 -0.088697
-0.125108 1.351351 -0.081941
-0.127531 1.340646 -0.075981
-0.133796 1.353645 -0.082654
-0.141376 1.355752 -0.083944
-0.136467 1.343043 -0.076763
-0.139227 1.332222 -0.071017
-0.144354 1.345247 -0.077956
-0.151688 1.347309 -0.079464
-0.147454 1.334556 -0.072173
-0.150604 1.323689 -0.066580
-0.155073 1.336751 -0.073610
-0.142002 1.321179 -0.065551
-0.148408 1.357725 -0.085491
-0.145510 1.367975 -0.091574
-0.138640 1.366036 -0.090002
-0.142841 1.378099 -0.097566
-0.151610 1.369720 -0.093433
-0.148836 1.379833 -0.099415
-0.146236 1.389843 -0.105307
-0.154551 1.381515 -0.101385
-0.159800 1.383127 -0.103345
-0.151877 1.391534 -0.107205
-0.156953 1.393202 -0.109131
-0.149418 1.401367 -0.112669
-0.147163 1.411246 -0.117947
-0.154294 1.403272 -0.114646
-0.144011 1.399579 -0.110858
-0.138299 1.397815 -0.109002
-0.141820 1.409328 -0.116097
-0.136395 1.407568 -0.114340
-0.139882 1.419571 -0.121306
-0.138557 1.429357 -0.126243
-0.145116 1.421656 -0.123246
-0.134630 1.417313 -0.119408
-0.128635 1.415314 -0.117877
-0.133441 1.426675 -0.124126
-0.127539 1.424413 -0.122533
-0.133194 1.434742 -0.128112
-0.127135 1.432609 -0.126554
-0.133606 1.440219 -0.130811
-0.138650 1.436383 -0.129728
-0.144500 1.433887 -0.129441
-0.139273 1.439992 -0.131525
-0.146575 1.435679 -0.130679
-0.140685 1.442788 -0.133063
-0.134573 1.443980 -0.132701
-0.142592 1.444985 -0.134432
-0.148679 1.437235 -0.131805
-0.150910 1.438797 -0.132954
-0.155252 1.427465 -0.128093
-0.158047 1.429088 -0.129425
-0.152525 1.425765 -0.126725
-0.156150 1.415379 -0.121839
-0.149313 1.423855 -0.125149
-0.151833 1.413309 -0.119923
-0.153036 1.440307 -0.134057
-0.155266 1.441791 -0.135148
-0.144595 1.447096 -0.135770
-0.136640 1.450498 -0.135977
-0.146539 1.448972 -0.136982
-0.148468 1.451009 -0.138259
-0.138373 1.452991 -0.137403
-0.130699 1.455136 -0.137326
-0.140270 1.455238 -0.138745
-0.141859 1.458037 -0.140197
-0.131556 1.458313 -0.138723
-0.122850 1.459281 -0.138278
-0.132269 1.461547 -0.140042
-0.133157 1.464661 -0.141365
-0.123341 1.462799 -0.139643
-0.123821 1.466115 -0.140870
-0.114147 1.462602 -0.139275
-0.113955 1.459172 -0.138014
-0.114293 1.465922 -0.140354
-0.114456 1.469244 -0.141424
-0.124169 1.469314 -0.142020
-0.114666 1.472629 -0.142505
-0.114818 1.475997 -0.143548
-0.124543 1.472622 -0.143199
-0.125075 1.475587 -0.144192
-0.135460 1.470304 -0.143785
-0.136341 1.472982 -0.144661
-0.146013 1.465999 -0.143925
-0.134180 1.467403 -0.142615
-0.144574 1.463449 -0.142909
-0.143244 1.460686 -0.141540
-0.154681 1.457360 -0.141849
-0.156767 1.459426 -0.142981
-0.152491 1.455169 -0.140644
-0.150439 1.453176 -0.139531
-0.158716 1.461516 -0.144095
-0.160652 1.464112 -0.145197
-0.147672 1.468590 -0.144922
-0.148886 1.471172 -0.145841
-0.150211 1.474074 -0.146575
-0.137089 1.475834 -0.145551
-0.125648 1.478673 -0.145079
-0.138195 1.479133 -0.146297
-0.139078 1.481986 -0.146872
-0.126005 1.481899 -0.145734
-0.126314 1.484536 -0.146258
-0.114742 1.482198 -0.144873
-0.114819 1.479035 -0.144308
-0.114776 1.485101 -0.145322
-0.114860 1.487763 -0.145535
-0.114759 1.490570 -0.145491
-0.126652 1.487358 -0.146546
-0.127030 1.490259 -0.146675
-0.139752 1.484728 -0.147413
-0.140484 1.487473 -0.147457
-0.153183 1.479202 -0.147520
-0.151746 1.476739 -0.147224
-0.166225 1.470046 -0.146351
-0.154552 1.481313 -0.147373
-0.155927 1.483224 -0.147224
-0.164194 1.468000 -0.145981
-0.162304 1.466050 -0.145624
-0.113718 1.455656 -0.136602
-0.104730 1.455128 -0.136655
-0.113465 1.452096 -0.135157
-0.122314 1.455805 -0.136913
-0.121703 1.452133 -0.135364
-0.121015 1.448205 -0.133561
-0.129565 1.451633 -0.135610
-0.128440 1.448110 -0.133868
-0.135565 1.447273 -0.134357
-0.127654 1.444151 -0.131992
-0.127281 1.439251 -0.129706
-0.120510 1.443564 -0.131409
-0.120276 1.437392 -0.128517
-0.112869 1.442257 -0.130846
-0.112880 1.435879 -0.127975
-0.113079 1.448111 -0.133463
-0.104622 1.441070 -0.130960
-0.104607 1.446778 -0.133380
-0.096179 1.439797 -0.131101
-0.104699 1.434471 -0.127994
-0.105113 1.426562 -0.124185
-0.096413 1.432718 -0.127854
-0.096809 1.424719 -0.124075
-0.087622 1.430981 -0.128212
-0.087231 1.437976 -0.131375
-0.078558 1.429061 -0.128880
-0.088044 1.422966 -0.124387
-0.078983 1.421071 -0.124936
-0.088546 1.414540 -0.120135
-0.079475 1.412612 -0.120563
-0.089203 1.405432 -0.115257
-0.097329 1.416436 -0.119973
-0.098074 1.407478 -0.115123
-0.105708 1.418289 -0.120106
-0.113740 1.420167 -0.120347
-0.106478 1.409530 -0.115464
-0.107620 1.400115 -0.110260
-0.114554 1.411552 -0.115983
-0.121979 1.413454 -0.116745
-0.115769 1.402093 -0.110871
-0.117334 1.392379 -0.105326
-0.123420 1.403989 -0.111686
-0.125089 1.394269 -0.106234
-0.130129 1.405759 -0.112910
-0.131963 1.396034 -0.107469
-0.133970 1.386295 -0.101861
-0.126957 1.384442 -0.100580
-0.136233 1.376256 -0.096018
-0.140412 1.388122 -0.103469
-0.129023 1.374321 -0.094712
-0.119053 1.382456 -0.099676
-0.108983 1.390388 -0.104791
-0.121001 1.422255 -0.121205
-0.120449 1.430650 -0.125335
-0.113134 1.428526 -0.124490
-0.099002 1.398103 -0.109984
-0.069803 1.419222 -0.125895
-0.078172 1.436162 -0.132071
-0.077870 1.441724 -0.134406
-0.086959 1.443363 -0.133575
-0.096009 1.444948 -0.133161
-0.095834 1.449798 -0.135121
-0.104600 1.451382 -0.135193
-0.157566 1.443287 -0.136242
-0.142775 1.429648 -0.127006
-0.130044 1.329708 -0.070311
-0.118112 1.338191 -0.075736
-0.106443 1.346763 -0.081556
-0.094975 1.355329 -0.087529
-0.083698 1.363848 -0.093736
-0.072783 1.372262 -0.100113
-0.062185 1.380523 -0.106595
-0.051855 1.388665 -0.113172
-0.161441 1.277542 -0.049285
-0.170761 1.280593 -0.050395
-0.179253 1.283433 -0.051802
-0.172707 1.268350 -0.047707
-0.181454 1.271372 -0.049151
-0.188479 1.274021 -0.050814
-0.183114 1.258991 -0.047186
-0.190483 1.261781 -0.048886
-0.197396 1.264511 -0.050824
-0.192082 1.249484 -0.047738
-0.199283 1.252403 -0.049738
-0.206101 1.255384 -0.052033
-0.200984 1.240170 -0.049205
-0.207981 1.243257 -0.051534
-0.214336 1.246257 -0.054011
-0.209633 1.230997 -0.051433
-0.216269 1.234282 -0.053995
-0.222474 1.237453 -0.056675
-0.218060 1.222240 -0.054188
-0.224462 1.225622 -0.056913
-0.230591 1.229071 -0.059773
-0.226516 1.213776 -0.057265
-0.232769 1.217377 -0.060133
-0.238775 1.221189 -0.063108
-0.235138 1.205773 -0.060549
-0.241363 1.209806 -0.063580
-0.246815 1.213537 -0.066359
-0.244219 1.198486 -0.064056
-0.250095 1.202464 -0.067015
-0.254958 1.206207 -0.069589
-0.253645 1.191749 -0.067706
-0.258916 1.195946 -0.070447
-0.263767 1.199969 -0.073076
-0.262873 1.185460 -0.071134
-0.268059 1.189894 -0.073893
-0.272388 1.193926 -0.076089
-0.272289 1.179670 -0.074533
-0.276859 1.169529 -0.075119
-0.276956 1.184012 -0.076946
-0.281328 1.188318 -0.079119
-0.281943 1.174377 -0.077813
-0.287084 1.164759 -0.078537
-0.286353 1.178809 -0.079957
-0.290684 1.183277 -0.081774
-0.291748 1.169522 -0.080755
-0.296101 1.174266 -0.082652
-0.297491 1.160462 -0.081905
-0.301927 1.165452 -0.083677
-0.303565 1.151423 -0.083016
-0.292739 1.155310 -0.079633
-0.298784 1.146041 -0.080768
-0.305312 1.137038 -0.081876
-0.310117 1.142678 -0.084165
-0.314593 1.148397 -0.085730
-0.317188 1.134348 -0.085301
-0.321611 1.140331 -0.086858
-0.325715 1.146187 -0.087742
-0.329136 1.132795 -0.087984
-0.333227 1.139200 -0.088823
-0.336861 1.144914 -0.089004
-0.341175 1.132234 -0.089925
-0.344879 1.138669 -0.090206
-0.348195 1.144713 -0.090039
-0.353483 1.133290 -0.091749
-0.356798 1.139731 -0.091374
-0.359744 1.145989 -0.090478
-0.366235 1.135749 -0.093215
-0.369153 1.142315 -0.092129
-0.371637 1.148397 -0.090333
-0.379355 1.139022 -0.094149
-0.382066 1.145312 -0.092102
-0.384143 1.150630 -0.088825
-0.392864 1.142399 -0.093894
-0.394960 1.148040 -0.090317
-0.396056 1.151874 -0.085462
-0.406816 1.143153 -0.091725
-0.418504 1.134032 -0.092836
-0.408119 1.147547 -0.086679
-0.408373 1.149914 -0.080682
-0.420376 1.138553 -0.087563
-0.431493 1.124184 -0.087982
-0.420982 1.141601 -0.081621
-0.420279 1.143109 -0.075030
-0.432712 1.127540 -0.082054
-0.441500 1.108730 -0.081884
-0.432374 1.129847 -0.075531
-0.430269 1.130596 -0.068883
-0.441565 1.111217 -0.075379
-0.447612 1.090207 -0.074912
-0.439839 1.112743 -0.068690
-0.436108 1.113063 -0.062422
-0.445835 1.091774 -0.068383
-0.450033 1.069780 -0.068203
-0.442220 1.092717 -0.062178
-0.446345 1.071003 -0.062188
-0.436886 1.093143 -0.056708
-0.440710 1.072022 -0.056975
-0.430245 1.093326 -0.051758
-0.430878 1.112680 -0.056803
-0.421851 1.128912 -0.056993
-0.424452 1.112154 -0.052176
-0.415620 1.127318 -0.052122
-0.417105 1.112327 -0.047812
-0.408841 1.124958 -0.047296
-0.410298 1.111769 -0.044358
-0.422583 1.094100 -0.047386
-0.414477 1.095996 -0.043450
-0.426203 1.074475 -0.047607
-0.428626 1.054670 -0.047298
-0.417928 1.076632 -0.043307
-0.434131 1.073082 -0.052066
-0.436478 1.052303 -0.052009
-0.436653 1.032229 -0.050772
-0.443384 1.050402 -0.056696
-0.443694 1.029308 -0.055568
-0.449135 1.048736 -0.061859
-0.449415 1.026839 -0.060713
-0.453190 1.047304 -0.067646
-0.453831 1.024935 -0.066435
-0.455598 1.046185 -0.073931
-0.456694 1.023581 -0.072529
-0.452066 1.068417 -0.074532
-0.455831 1.044942 -0.080273
-0.452090 1.066706 -0.080963
-0.454077 1.043466 -0.086247
-0.457327 1.022516 -0.078855
-0.453484 1.000551 -0.074977
-0.455735 1.021587 -0.084783
-0.452526 0.999689 -0.080831
-0.452451 1.020737 -0.090042
-0.450763 1.041839 -0.091504
-0.447814 1.020272 -0.094295
-0.449455 0.999499 -0.086196
-0.440925 0.980181 -0.079651
-0.444844 1.000053 -0.090313
-0.436910 0.981283 -0.084061
-0.439343 1.001161 -0.093633
-0.442487 1.020181 -0.097970
-0.433336 1.002620 -0.096294
-0.431969 0.982997 -0.087488
-0.421045 0.966446 -0.079906
-0.426492 0.985202 -0.090169
-0.416140 0.969006 -0.083075
-0.420369 0.987708 -0.091975
-0.426605 1.004442 -0.097989
-0.413937 0.990387 -0.093265
-0.410788 0.972288 -0.085227
-0.398317 0.959333 -0.077525
-0.384208 0.949321 -0.068199
-0.403233 0.955206 -0.074897
-0.407976 0.951850 -0.071652
-0.388594 0.944364 -0.065445
-0.372416 0.936650 -0.054436
-0.392804 0.940416 -0.061958
-0.396463 0.937853 -0.057426
-0.375875 0.932665 -0.050567
-0.358618 0.927553 -0.038615
-0.378898 0.930416 -0.045780
-0.381375 0.929614 -0.040457
-0.361288 0.925380 -0.033779
-0.344249 0.920905 -0.022162
-0.363493 0.924543 -0.028518
-0.346120 0.920022 -0.017033
-0.365036 0.924939 -0.023198
-0.347340 0.920505 -0.011806
-0.365762 0.926895 -0.018059
-0.383130 0.930151 -0.034990
-0.401115 0.937343 -0.046426
-0.383899 0.932170 -0.029666
-0.401793 0.939324 -0.040733
-0.383783 0.935344 -0.024595
-0.365748 0.929992 -0.013251
-0.383015 0.939387 -0.019998
-0.401393 0.942487 -0.035432
-0.400256 0.946538 -0.030545
-0.417238 0.953133 -0.045704
-0.431076 0.967077 -0.054897
-0.415832 0.956676 -0.040647
-0.417838 0.950370 -0.051116
-0.431637 0.964808 -0.060417
-0.417004 0.948915 -0.056833
-0.430618 0.963746 -0.066066
-0.415120 0.948525 -0.062430
-0.399252 0.936873 -0.052125
-0.412017 0.949627 -0.067458
-0.428681 0.963522 -0.071384
-0.425380 0.964528 -0.076126
-0.443380 0.980105 -0.074242
-0.444242 0.981172 -0.068516
-0.443274 0.983250 -0.062771
-0.452359 1.002001 -0.068945
-0.440906 0.986023 -0.057366
-0.449523 1.004145 -0.063131
-0.437088 0.989475 -0.052313
-0.429084 0.970296 -0.049806
-0.426024 0.974255 -0.044932
-0.422074 0.978865 -0.040392
-0.413331 0.961341 -0.036033
-0.398363 0.951374 -0.026242
-0.409834 0.966618 -0.031691
-0.395513 0.956915 -0.022341
-0.405410 0.972608 -0.027945
-0.391738 0.963232 -0.019005
-0.400049 0.979196 -0.024627
-0.417106 0.984337 -0.036208
-0.426971 0.998007 -0.043196
-0.411007 0.990231 -0.032355
-0.419785 1.003196 -0.038740
-0.403493 0.996928 -0.028773
-0.411737 1.008895 -0.034763
-0.394950 1.004330 -0.025643
-0.393359 0.986607 -0.021823
-0.381297 0.978007 -0.014204
-0.385511 0.994706 -0.019589
-0.374303 0.986438 -0.012921
-0.376775 1.003599 -0.017882
-0.366278 0.995555 -0.012073
-0.367457 1.013459 -0.016499
-0.385635 1.012579 -0.023041
-0.392735 1.023311 -0.027805
-0.375662 1.022192 -0.021045
-0.365070 1.032628 -0.019236
-0.382118 1.032288 -0.025088
-0.386556 1.044006 -0.028076
-0.370814 1.042449 -0.022570
-0.375098 1.053623 -0.025377
-0.360094 1.053135 -0.020816
-0.350168 1.063573 -0.019790
-0.364692 1.064017 -0.023672
-0.354472 1.043286 -0.017612
-0.347827 1.034552 -0.013981
-0.344602 1.053869 -0.016627
-0.334909 1.064428 -0.015955
-0.338082 1.045185 -0.013009
-0.328659 1.055955 -0.012333
-0.330634 1.036951 -0.008984
-0.322236 1.029410 -0.004266
-0.321622 1.047945 -0.008417
-0.339807 1.026244 -0.009795
-0.349076 1.015706 -0.010653
-0.330716 1.018648 -0.004725
-0.320626 1.011740 0.001588
-0.339017 1.008093 -0.005067
-0.328003 1.001225 0.001827
-0.347041 0.997983 -0.005237
-0.335076 0.991303 0.002370
-0.357949 1.005347 -0.011335
-0.354640 0.988277 -0.005540
-0.341745 0.981754 0.002748
-0.361547 0.979046 -0.005737
-0.347565 0.972857 0.003382
-0.367621 0.970575 -0.006084
-0.352706 0.964282 0.003522
-0.372596 0.962833 -0.007323
-0.356711 0.956664 0.002529
-0.387122 0.970176 -0.016247
-0.376367 0.955920 -0.009633
-0.359759 0.950007 0.000628
-0.379425 0.949598 -0.012524
-0.362223 0.943910 -0.001920
-0.381594 0.944139 -0.016014
-0.363980 0.938545 -0.005172
-0.365114 0.933971 -0.009007
-0.346207 0.933641 0.005759
-0.328669 0.928968 0.016129
-0.344625 0.938910 0.009033
-0.347216 0.929197 0.001909
-0.329708 0.924487 0.012367
-0.347832 0.925356 -0.002185
-0.330411 0.920699 0.008362
-0.347931 0.922298 -0.006814
-0.330707 0.917585 0.003867
-0.314349 0.912128 0.014011
-0.330423 0.915593 -0.001094
-0.314324 0.909903 0.009077
-0.329568 0.914833 -0.006339
-0.313519 0.909212 0.003903
-0.327942 0.915725 -0.011434
-0.312041 0.910018 -0.001137
-0.325860 0.917966 -0.016176
-0.310156 0.912067 -0.005838
-0.341917 0.923131 -0.026998
-0.323561 0.921244 -0.020458
-0.339407 0.926518 -0.031299
-0.321089 0.925525 -0.024177
-0.307990 0.915413 -0.010030
-0.292527 0.908953 -0.000207
-0.305709 0.919585 -0.013794
-0.290406 0.913155 -0.004130
-0.303345 0.924375 -0.017357
-0.318505 0.930565 -0.027492
-0.300887 0.929792 -0.020582
-0.288240 0.917979 -0.007722
-0.272962 0.911711 0.001196
-0.286003 0.923189 -0.011222
-0.270911 0.917100 -0.002353
-0.283601 0.929291 -0.014386
-0.298257 0.935967 -0.023495
-0.280954 0.936223 -0.017532
-0.268788 0.923274 -0.005880
-0.253600 0.918236 0.002096
-0.266393 0.930293 -0.009205
-0.251632 0.925284 -0.001429
-0.263775 0.937959 -0.012102
-0.278225 0.943633 -0.020226
-0.249311 0.933210 -0.004592
-0.275384 0.951903 -0.022647
-0.292804 0.949835 -0.028916
-0.307492 0.956232 -0.037964
-0.295547 0.942661 -0.026429
-0.289838 0.957859 -0.031260
-0.304186 0.964289 -0.040334
-0.300354 0.973572 -0.042581
-0.318190 0.970952 -0.049815
-0.331559 0.977965 -0.059170
-0.321900 0.962665 -0.047634
-0.313924 0.980415 -0.051742
-0.335848 0.969143 -0.057338
-0.325066 0.955557 -0.045405
-0.339471 0.961654 -0.055482
-0.328063 0.948776 -0.043037
-0.310317 0.949190 -0.035653
-0.313075 0.942581 -0.033098
-0.315841 0.936262 -0.030401
-0.331006 0.942296 -0.040469
-0.333910 0.936412 -0.037765
-0.346180 0.947979 -0.050923
-0.349511 0.941884 -0.048498
-0.342844 0.954701 -0.053255
-0.364968 0.947506 -0.059528
-0.352699 0.936244 -0.045915
-0.336707 0.931107 -0.034808
-0.355720 0.931320 -0.042725
-0.368766 0.941836 -0.057310
-0.348789 0.976103 -0.066734
-0.236512 0.921644 0.005673
-0.238099 0.914515 0.009432
-0.221116 0.919238 0.012025
-0.222438 0.912009 0.015872
-0.223617 0.905544 0.020194
-0.206534 0.910535 0.022045
-0.190375 0.909844 0.028053
-0.207438 0.904348 0.026376
-0.208120 0.899121 0.031187
-0.191137 0.903887 0.032298
-0.174777 0.903809 0.037996
-0.191791 0.898910 0.037153
-0.175420 0.898836 0.042676
-0.192427 0.894751 0.042300
-0.176032 0.894924 0.047850
-0.193008 0.891690 0.047326
-0.208895 0.894853 0.036190
-0.225486 0.895954 0.029520
-0.209642 0.891738 0.041232
-0.226515 0.892630 0.034363
-0.210349 0.889487 0.046467
-0.193648 0.889722 0.052714
-0.211098 0.888424 0.051919
-0.227460 0.890220 0.039376
-0.228345 0.888786 0.044662
-0.244844 0.891950 0.031253
-0.262095 0.894786 0.022469
-0.245861 0.890431 0.036546
-0.243639 0.894772 0.026522
-0.260588 0.897943 0.017815
-0.242333 0.898318 0.022014
-0.258923 0.901898 0.013673
-0.241027 0.902786 0.017799
-0.224536 0.900249 0.024820
-0.239667 0.908089 0.013551
-0.257267 0.906577 0.009761
-0.255515 0.911856 0.005860
-0.274948 0.906956 0.004909
-0.276922 0.902669 0.008865
-0.278768 0.899251 0.013407
-0.294605 0.905526 0.004113
-0.280407 0.897036 0.018450
-0.296407 0.903401 0.008836
-0.281594 0.896526 0.023706
-0.263404 0.892744 0.027708
-0.264413 0.892402 0.033139
-0.265058 0.893597 0.038466
-0.246710 0.890210 0.041948
-0.229110 0.888689 0.050049
-0.247305 0.891453 0.047141
-0.229752 0.889885 0.055222
-0.247773 0.893791 0.051985
-0.230319 0.892011 0.060197
-0.247862 0.897384 0.056157
-0.265349 0.896139 0.043264
-0.282394 0.900103 0.034043
-0.265201 0.899850 0.047543
-0.281918 0.903876 0.038375
-0.264465 0.904849 0.051099
-0.280882 0.908831 0.042042
-0.263547 0.910600 0.053944
-0.247533 0.902192 0.059760
-0.230787 0.900318 0.068382
-0.247081 0.907964 0.062643
-0.230670 0.906267 0.071310
-0.246465 0.914587 0.064916
-0.230317 0.913001 0.073329
-0.245582 0.921589 0.066902
-0.262511 0.917116 0.056325
-0.278378 0.920612 0.047675
-0.261276 0.923960 0.058549
-0.276902 0.927279 0.050035
-0.260025 0.931327 0.060348
-0.275332 0.934415 0.051937
-0.258624 0.939308 0.061539
-0.244628 0.929168 0.068453
-0.229107 0.927846 0.076364
-0.243560 0.937172 0.069548
-0.228345 0.935922 0.077192
-0.242110 0.946092 0.069555
-0.227246 0.944754 0.077186
-0.240153 0.955749 0.068101
-0.256828 0.948163 0.061691
-0.271495 0.950904 0.053293
-0.254576 0.957826 0.060264
-0.268897 0.960490 0.051691
-0.251813 0.967777 0.057197
-0.265818 0.970342 0.048802
-0.248547 0.977876 0.053794
-0.237652 0.965762 0.065191
-0.223243 0.964113 0.072603
-0.234708 0.975715 0.061568
-0.220597 0.974080 0.068919
-0.231291 0.985976 0.057923
-0.217588 0.984122 0.065059
-0.227747 0.996315 0.054185
-0.244805 0.988230 0.050381
-0.258173 0.990897 0.042447
-0.240923 0.998625 0.046941
-0.253866 1.001419 0.039365
-0.236808 1.009328 0.043622
-0.249314 1.012192 0.036354
-0.232591 1.020049 0.040335
-0.224003 1.006803 0.050510
-0.210880 1.004667 0.057093
-0.220107 1.017468 0.046943
-0.207312 1.015184 0.053175
-0.216049 1.028301 0.043553
-0.228010 1.031132 0.037359
-0.211677 1.039405 0.040402
-0.203603 1.025810 0.049450
-0.199620 1.036736 0.046069
-0.190860 1.023622 0.055114
-0.177851 1.021662 0.060491
-0.187239 1.034358 0.051476
-0.194269 1.013101 0.059047
-0.180907 1.011355 0.064602
-0.197488 1.002788 0.063305
-0.183833 1.001160 0.068915
-0.200542 0.992675 0.067486
-0.186555 0.991214 0.073422
-0.214294 0.994354 0.061033
-0.203512 0.982630 0.071741
-0.189169 0.981388 0.077871
-0.206218 0.972696 0.075774
-0.191578 0.971552 0.082039
-0.208553 0.962864 0.079544
-0.193504 0.961970 0.085981
-0.210481 0.953202 0.082568
-0.195012 0.952492 0.088895
-0.225519 0.954235 0.075666
-0.211899 0.943845 0.084126
-0.196166 0.943402 0.090552
-0.212773 0.935218 0.084392
-0.196813 0.934911 0.090900
-0.213290 0.927143 0.083658
-0.197157 0.926899 0.090266
-0.213639 0.919652 0.082274
-0.197329 0.919514 0.088786
-0.229741 0.920246 0.074984
-0.213934 0.912391 0.080640
-0.197478 0.912347 0.087102
-0.214073 0.905812 0.078489
-0.197474 0.905991 0.084656
-0.213965 0.899989 0.075456
-0.197218 0.900432 0.081684
-0.213563 0.895329 0.071735
-0.196667 0.896045 0.077893
-0.230649 0.895601 0.064548
-0.212989 0.891951 0.067227
-0.196094 0.892526 0.073525
-0.212410 0.889601 0.062392
-0.195505 0.890089 0.068686
-0.211784 0.888426 0.057254
-0.194891 0.888964 0.063528
-0.194290 0.888864 0.058141
-0.178426 0.889411 0.069138
-0.162228 0.890024 0.074261
-0.179019 0.890739 0.074335
-0.177819 0.889273 0.063724
-0.161611 0.889678 0.068890
-0.177225 0.890001 0.058329
-0.160981 0.890365 0.063471
-0.176614 0.891907 0.052933
-0.160344 0.892219 0.058160
-0.144178 0.892823 0.063037
-0.159725 0.895106 0.053030
-0.128009 0.893404 0.067524
-0.144843 0.891046 0.068283
-0.128685 0.891688 0.072684
-0.145489 0.890353 0.073602
-0.129328 0.890979 0.077912
-0.146115 0.890716 0.078879
-0.129948 0.891328 0.083090
-0.146685 0.892040 0.083966
-0.130509 0.892629 0.088078
-0.147184 0.894360 0.088738
-0.162810 0.891322 0.079448
-0.163359 0.893654 0.084311
-0.179592 0.893135 0.079183
-0.163851 0.897067 0.088704
-0.180162 0.896583 0.083650
-0.164234 0.901318 0.092554
-0.147601 0.897625 0.093051
-0.131364 0.898144 0.096965
-0.147912 0.901798 0.096884
-0.131634 0.902264 0.100715
-0.148101 0.906966 0.100012
-0.131787 0.907425 0.103699
-0.148209 0.913007 0.102495
-0.164466 0.906571 0.095717
-0.180925 0.906244 0.090572
-0.164596 0.912626 0.098364
-0.181016 0.912477 0.093081
-0.164584 0.919506 0.100213
-0.180981 0.919444 0.094962
-0.164459 0.926881 0.101510
-0.148196 0.919702 0.104287
-0.131868 0.919998 0.107536
-0.148058 0.927013 0.105438
-0.131749 0.927208 0.108456
-0.147790 0.934832 0.105740
-0.131529 0.934904 0.108617
-0.147382 0.943187 0.105059
-0.164190 0.934791 0.101959
-0.180579 0.934822 0.096896
-0.163705 0.943195 0.101387
-0.180029 0.943251 0.096426
-0.163012 0.952067 0.099641
-0.179127 0.952157 0.094707
-0.162232 0.961290 0.096753
-0.146888 0.951989 0.103378
-0.130818 0.951921 0.106196
-0.146362 0.961114 0.100593
-0.130472 0.960928 0.103567
-0.145592 0.970263 0.096683
-0.129903 0.969969 0.100019
-0.144348 0.979367 0.092248
-0.161165 0.970561 0.092783
-0.176540 0.970878 0.087864
-0.159637 0.979827 0.088218
-0.174587 0.980371 0.083362
-0.157716 0.989241 0.083423
-0.172310 0.990079 0.078728
-0.155547 0.998895 0.078711
-0.142751 0.988641 0.087466
-0.127547 0.988209 0.091185
-0.140958 0.998068 0.082851
-0.125987 0.997489 0.086572
-0.138882 1.007739 0.078254
-0.124219 1.006869 0.081976
-0.136623 1.017599 0.073808
-0.153176 1.008737 0.074078
-0.167226 1.009866 0.069562
-0.150700 1.018722 0.069742
-0.164434 1.020013 0.065304
-0.148076 1.028971 0.065669
-0.161502 1.030480 0.061244
-0.145353 1.039427 0.061746
-0.134283 1.027676 0.069618
-0.120205 1.026550 0.073309
-0.131912 1.037944 0.065605
-0.118121 1.036720 0.069121
-0.129473 1.048526 0.061616
-0.142613 1.050102 0.057858
-0.127081 1.059213 0.057675
-0.116043 1.047077 0.065027
-0.113895 1.057717 0.060931
-0.102243 1.045963 0.068063
-0.088274 1.044928 0.070792
-0.100458 1.056347 0.063844
-0.104052 1.035698 0.072360
-0.089829 1.034827 0.075206
-0.105846 1.025632 0.076638
-0.091332 1.024898 0.079678
-0.107634 1.015846 0.081052
-0.092786 1.015249 0.084248
-0.122258 1.016656 0.077602
-0.109273 1.006262 0.085508
-0.094173 1.005846 0.088826
-0.110763 0.996987 0.090115
-0.095462 0.996606 0.093463
-0.112161 0.987773 0.094644
-0.096672 0.987504 0.098093
-0.113286 0.978670 0.098956
-0.097633 0.978431 0.102294
-0.128881 0.979006 0.095713
-0.114130 0.969614 0.102935
-0.098365 0.969440 0.106128
-0.114601 0.960735 0.106289
-0.098757 0.960590 0.109297
-0.114880 0.951840 0.108819
-0.098986 0.951777 0.111745
-0.115138 0.943188 0.110445
-0.099161 0.943202 0.113427
-0.131197 0.943191 0.107860
-0.115377 0.934969 0.111331
-0.099312 0.935024 0.114393
-0.115540 0.927387 0.111317
-0.099416 0.927477 0.114523
-0.115627 0.920255 0.110643
-0.099452 0.920441 0.113878
-0.115609 0.913759 0.109197
-0.099417 0.913924 0.112570
-0.131880 0.913413 0.105953
-0.115518 0.907822 0.107082
-0.099298 0.908083 0.110489
-0.115365 0.902677 0.104210
-0.099093 0.902949 0.107714
-0.115096 0.898565 0.100637
-0.098772 0.898938 0.104202
-0.114708 0.895386 0.096497
-0.098362 0.895820 0.100109
-0.130980 0.894927 0.092734
-0.114236 0.893126 0.091938
-0.097894 0.893559 0.095608
-0.113693 0.891878 0.087034
-0.097388 0.892306 0.090763
-0.113106 0.891542 0.081930
-0.096863 0.891987 0.085706
-0.112494 0.892202 0.076767
-0.096313 0.892616 0.080566
-0.111844 0.893953 0.071699
-0.095744 0.894338 0.075503
-0.095186 0.897201 0.070722
-0.079726 0.894718 0.078959
-0.063849 0.895086 0.081931
-0.080183 0.892945 0.084022
-0.079283 0.897634 0.074178
-0.063525 0.898049 0.077190
-0.078899 0.901773 0.069821
-0.063231 0.902166 0.072771
-0.078564 0.906895 0.065795
-0.062985 0.907304 0.068729
-0.047553 0.907492 0.070885
-0.062753 0.913014 0.064860
-0.047393 0.913294 0.067129
-0.062589 0.919398 0.061182
-0.047283 0.919700 0.063462
-0.032133 0.913362 0.068575
-0.032240 0.907493 0.072306
-0.016974 0.913283 0.069223
-0.017017 0.907338 0.072952
-0.001879 0.907240 0.073067
-0.017049 0.902174 0.077080
-0.001879 0.902072 0.077247
-0.017096 0.897993 0.081724
-0.032329 0.902346 0.076425
-0.047727 0.902447 0.075074
-0.032430 0.898268 0.080978
-0.047909 0.898292 0.079459
-0.032587 0.895271 0.085816
-0.048142 0.895294 0.084231
-0.032775 0.893548 0.091007
-0.017190 0.895227 0.086781
-0.001880 0.895208 0.087070
-0.017307 0.893692 0.092089
-0.001880 0.893742 0.092414
-0.017395 0.893086 0.097399
-0.001880 0.893256 0.097761
-0.017485 0.893562 0.102602
-0.032983 0.892866 0.096295
-0.048661 0.892718 0.094573
-0.033159 0.893268 0.101524
-0.048932 0.892895 0.099801
-0.033331 0.894574 0.106593
-0.049180 0.894117 0.104868
-0.033505 0.896809 0.111416
-0.017583 0.894881 0.107690
-0.001881 0.894966 0.108075
-0.017654 0.896989 0.112517
-0.001881 0.896927 0.112961
-0.017704 0.900214 0.116816
-0.001881 0.899949 0.117525
-0.017822 0.904388 0.120708
-0.033637 0.900140 0.115695
-0.049755 0.899726 0.113809
-0.033860 0.904253 0.119377
-0.050066 0.903941 0.117258
-0.034101 0.909342 0.122278
-0.050380 0.908899 0.120162
-0.034332 0.915160 0.124483
-0.017937 0.909531 0.123712
-0.001882 0.909358 0.124430
-0.018046 0.915488 0.125876
-0.001882 0.915390 0.126690
-0.018197 0.921960 0.127476
-0.001883 0.921961 0.128182
-0.018351 0.928997 0.128331
-0.034562 0.921562 0.126012
-0.050932 0.921042 0.123865
-0.034762 0.928587 0.126778
-0.051113 0.928066 0.124601
-0.034906 0.936279 0.126698
-0.051225 0.935732 0.124460
-0.035059 0.944371 0.125796
-0.018470 0.936722 0.128317
-0.001884 0.936819 0.128973
-0.018566 0.944835 0.127455
-0.001885 0.944952 0.128212
-0.018620 0.953127 0.125958
-0.001885 0.953265 0.126946
-0.018624 0.961706 0.123714
-0.035142 0.952736 0.124112
-0.051379 0.952318 0.121819
-0.035095 0.961351 0.121709
-0.051271 0.961015 0.119206
-0.034917 0.970130 0.118531
-0.051002 0.969850 0.115928
-0.034583 0.978885 0.114658
-0.018561 0.970485 0.120774
-0.001887 0.970594 0.121879
-0.018368 0.979239 0.116974
-0.001889 0.979418 0.118214
-0.018070 0.988002 0.112407
-0.001891 0.988265 0.113678
-0.017772 0.996800 0.107370
-0.034109 0.987691 0.110233
-0.049969 0.987506 0.107674
-0.033548 0.996497 0.105305
-0.049232 0.996366 0.102858
-0.033028 1.005304 0.099982
-0.048442 1.005259 0.097647
-0.032512 1.014216 0.094407
-0.017503 1.005491 0.101792
-0.001895 1.005669 0.102750
-0.017246 1.014294 0.096158
-0.001898 1.014230 0.096978
-0.016993 1.023310 0.090431
-0.001901 1.023403 0.091214
-0.016713 1.032684 0.084926
-0.031976 1.023322 0.088783
-0.046913 1.023497 0.086921
-0.031451 1.032715 0.083366
-0.046153 1.032978 0.081641
-0.030947 1.042422 0.078247
-0.045404 1.042813 0.076775
-0.030456 1.052399 0.073360
-0.016443 1.042250 0.079608
-0.001910 1.042161 0.080329
-0.016210 1.052163 0.074533
-0.001916 1.052094 0.075346
-0.015977 1.062307 0.069715
-0.001923 1.062159 0.070251
-0.015726 1.072617 0.064920
-0.029972 1.062604 0.068650
-0.043917 1.063121 0.067395
-0.029487 1.072996 0.063991
-0.029011 1.083562 0.059442
-0.043197 1.073559 0.062831
-0.056860 1.074296 0.061383
-0.042484 1.084170 0.058338
-0.055879 1.085001 0.056989
-0.041776 1.094967 0.053968
-0.041054 1.105931 0.049706
-0.054932 1.095850 0.052688
-0.028524 1.094323 0.054970
-0.015228 1.093852 0.055742
-0.028038 1.105250 0.050631
-0.027595 1.116329 0.046436
-0.015013 1.104778 0.051279
-0.014795 1.115869 0.047014
-0.001965 1.104600 0.051556
0.011083 1.104793 0.051309
-0.001952 1.093683 0.056077
-0.001980 1.115642 0.047272
-0.001997 1.126938 0.043146
0.010835 1.115881 0.047038
0.010644 1.127141 0.042945
0.023635 1.116354 0.046483
0.023151 1.127623 0.042442
0.036435 1.117081 0.045630
0.024108 1.105280 0.050691
0.037124 1.105976 0.049796
0.024620 1.094357 0.055042
0.011324 1.093869 0.055778
0.037873 1.095019 0.054076
0.025130 1.083601 0.059525
0.038604 1.084226 0.058463
0.025625 1.073037 0.064086
0.011595 1.083165 0.060317
-0.001941 1.082963 0.060764
0.011863 1.072638 0.064967
-0.001931 1.072433 0.065444
0.012131 1.062329 0.069767
0.026128 1.062649 0.068754
0.012379 1.052187 0.074590
0.026625 1.052445 0.073474
0.012624 1.042275 0.079669
0.027129 1.042470 0.078370
0.012903 1.032708 0.084992
-0.001905 1.032707 0.085620
0.027643 1.032765 0.083498
0.013192 1.023335 0.090501
0.028176 1.023372 0.088923
0.013452 1.014319 0.096232
0.028720 1.014267 0.094554
0.013714 1.005516 0.101869
0.029241 1.005356 0.100137
0.013988 0.996826 0.107451
-0.001892 0.997008 0.108429
0.029765 0.996549 0.105466
0.014290 0.988028 0.112492
0.030330 0.987742 0.110402
0.014591 0.979264 0.117062
0.030808 0.978937 0.114832
0.014787 0.970510 0.120866
0.031144 0.970181 0.118712
0.014852 0.961731 0.123807
-0.001886 0.961857 0.124789
0.031325 0.961401 0.121894
0.014850 0.953152 0.126053
0.031374 0.952785 0.124301
0.014797 0.944859 0.127551
0.031292 0.944418 0.125988
0.014702 0.936746 0.128414
0.031141 0.936325 0.126891
0.014585 0.929019 0.128429
-0.001883 0.929057 0.129003
0.030997 0.928632 0.126974
0.014432 0.921982 0.127575
0.030799 0.921606 0.126210
0.014282 0.915510 0.125975
0.030569 0.915202 0.124681
0.014173 0.909552 0.123811
0.030339 0.909384 0.122477
0.014059 0.904408 0.120808
-0.001882 0.904157 0.121344
0.030099 0.904295 0.119577
0.013941 0.900234 0.116916
0.029877 0.900181 0.115895
0.013893 0.897009 0.112618
0.029745 0.896850 0.111618
0.013822 0.894902 0.107792
0.029572 0.894615 0.106795
0.013725 0.893582 0.102704
-0.001880 0.893685 0.102982
0.029401 0.893308 0.101728
0.013635 0.893106 0.097501
0.029225 0.892907 0.096498
0.013548 0.893712 0.092191
0.029018 0.893589 0.091210
0.013432 0.895249 0.086882
0.028830 0.895313 0.086019
0.013338 0.898014 0.081825
-0.001879 0.897896 0.081971
0.028674 0.898310 0.081180
0.013291 0.902196 0.077181
0.028573 0.902389 0.076626
0.043973 0.902513 0.075375
0.044155 0.898357 0.079762
0.059482 0.902255 0.073170
0.059776 0.898136 0.077591
0.075155 0.901885 0.070316
0.059236 0.907395 0.069126
0.074821 0.907009 0.066288
0.090575 0.906571 0.062903
0.074523 0.912747 0.062447
0.090209 0.912288 0.059010
0.074292 0.919119 0.058750
0.089914 0.918692 0.055375
0.074136 0.926091 0.055304
0.089702 0.925698 0.051985
0.074099 0.933671 0.052047
0.089624 0.933289 0.048889
0.074037 0.941557 0.048894
0.058698 0.933996 0.054703
0.058657 0.941772 0.051550
0.058495 0.950426 0.048469
0.043378 0.941994 0.053709
0.043277 0.950545 0.050546
0.043112 0.959647 0.047322
0.058232 0.959600 0.045360
0.042901 0.969037 0.044138
0.057916 0.969005 0.042239
0.042661 0.978533 0.040818
0.027946 0.969086 0.045504
0.027791 0.978559 0.042078
0.012955 0.978604 0.042816
0.027595 0.988140 0.038677
0.012854 0.988153 0.039358
0.042361 0.988131 0.037469
0.027367 0.997814 0.035168
0.042010 0.997839 0.034016
0.027112 1.007587 0.031629
0.012730 0.997819 0.035854
0.041617 1.007634 0.030521
0.026832 1.017431 0.028023
0.041204 1.017500 0.026984
0.026510 1.027411 0.024429
0.056119 1.007744 0.029008
0.056653 0.997908 0.032425
0.057142 0.988158 0.035790
0.057557 0.978528 0.039075
0.071915 0.988238 0.033691
0.072481 0.978560 0.036878
0.072981 0.968987 0.039947
0.073412 0.959535 0.042898
0.088047 0.969000 0.037224
0.088629 0.959491 0.040054
0.089121 0.950218 0.042890
0.103876 0.959460 0.036706
0.104490 0.950082 0.039370
0.104929 0.941149 0.041994
0.119872 0.949980 0.035359
0.120462 0.940957 0.037780
0.120803 0.932548 0.040438
0.135964 0.940899 0.033141
0.136527 0.932304 0.035547
0.151389 0.940967 0.028238
0.152327 0.932229 0.030375
0.152903 0.924045 0.033120
0.168033 0.932651 0.024942
0.168891 0.924223 0.027689
0.169683 0.916644 0.031052
0.184769 0.924814 0.021927
0.185814 0.917015 0.025331
0.186697 0.910127 0.029132
0.201750 0.917945 0.019371
0.202864 0.910838 0.023189
0.203766 0.904643 0.027517
0.218774 0.912330 0.017071
0.219952 0.905856 0.021390
0.220867 0.900552 0.026013
0.236005 0.908415 0.014793
0.237362 0.903104 0.019038
0.238666 0.898628 0.023249
0.253602 0.906906 0.011035
0.221815 0.896250 0.030708
0.205218 0.895133 0.037323
0.222841 0.892918 0.035545
0.205962 0.892012 0.042360
0.223783 0.890502 0.040552
0.206666 0.889755 0.047588
0.224665 0.889064 0.045832
0.207412 0.888688 0.053034
0.190598 0.889111 0.059195
0.208096 0.888687 0.058362
0.191195 0.889208 0.064576
0.208719 0.889860 0.063494
0.191808 0.890332 0.069728
0.209297 0.892209 0.068322
0.192395 0.892770 0.074561
0.209868 0.895587 0.072823
0.192965 0.896289 0.078923
0.210268 0.900250 0.076538
0.226959 0.895874 0.065691
0.227095 0.900593 0.069518
0.226977 0.906546 0.072441
0.243845 0.902480 0.060946
0.243392 0.908256 0.063824
0.260778 0.905146 0.052323
0.259859 0.910902 0.055165
0.277191 0.909134 0.043295
0.275995 0.914681 0.046263
0.293025 0.914324 0.033579
0.291969 0.919322 0.037041
0.309104 0.919777 0.023659
0.308046 0.924449 0.027291
0.325984 0.924764 0.013619
0.324943 0.929249 0.017381
0.343473 0.929443 0.003121
0.342462 0.933892 0.006974
0.361350 0.934173 -0.007858
0.360215 0.938753 -0.004017
0.379232 0.939532 -0.018934
0.361987 0.930188 -0.012107
0.380001 0.935483 -0.023540
0.397594 0.942561 -0.034487
0.380120 0.932307 -0.028617
0.397996 0.939395 -0.039796
0.414028 0.950374 -0.050302
0.397322 0.937414 -0.045493
0.413197 0.948920 -0.056022
0.426803 0.963690 -0.065380
0.427820 0.964749 -0.059730
0.439562 0.979991 -0.073685
0.440422 0.981054 -0.067960
0.448709 0.999535 -0.080380
0.449666 1.000393 -0.074529
0.451921 1.021426 -0.084390
0.453514 1.022348 -0.078470
0.450272 1.043323 -0.085873
0.452026 1.044791 -0.079909
0.446481 1.064467 -0.086640
0.448295 1.066585 -0.080600
0.441704 1.085158 -0.087042
0.443554 1.087855 -0.080994
0.436063 1.105496 -0.087470
0.438790 1.082165 -0.092491
0.433231 1.101796 -0.092841
0.425327 1.119860 -0.092948
0.429459 1.097468 -0.097745
0.421849 1.114775 -0.097463
0.411809 1.128572 -0.096694
0.414787 1.134071 -0.092398
0.400536 1.137314 -0.095131
0.407886 1.122203 -0.099755
0.397137 1.130546 -0.097878
0.386316 1.135715 -0.095703
0.392597 1.123097 -0.099536
0.382642 1.128214 -0.097144
0.372474 1.132143 -0.094729
0.378071 1.119539 -0.097595
0.368567 1.124312 -0.094990
0.359140 1.128784 -0.093078
0.364236 1.115872 -0.094653
0.355143 1.120914 -0.092626
0.346052 1.126436 -0.090843
0.350685 1.113078 -0.091846
0.341987 1.119230 -0.090110
0.333521 1.125773 -0.088446
0.337079 1.111729 -0.088524
0.329023 1.119056 -0.087060
0.321097 1.126674 -0.085734
0.323371 1.112013 -0.084859
0.315926 1.120090 -0.083603
0.308727 1.128630 -0.082342
0.309105 1.112911 -0.080207
0.302445 1.122082 -0.079256
0.296045 1.131502 -0.078140
0.295125 1.115469 -0.075307
0.289207 1.125281 -0.074497
0.283548 1.135152 -0.073722
0.290079 1.141123 -0.077205
0.278217 1.145172 -0.073009
0.284236 1.150653 -0.076190
0.273241 1.155254 -0.072345
0.271095 1.139251 -0.069205
0.266432 1.149599 -0.068736
0.262060 1.160223 -0.068354
0.268270 1.165177 -0.071588
0.257777 1.170768 -0.067872
0.263700 1.175524 -0.070948
0.253889 1.181486 -0.067384
0.251044 1.165831 -0.064454
0.247297 1.176684 -0.064068
0.243903 1.187643 -0.063633
0.240545 1.172211 -0.060799
0.237332 1.183435 -0.060512
0.234386 1.194730 -0.060131
0.230468 1.179176 -0.057375
0.227713 1.190652 -0.057149
0.225267 1.202351 -0.056858
0.220649 1.186867 -0.054169
0.218465 1.198659 -0.054052
0.216407 1.210524 -0.053804
0.211128 1.194999 -0.051221
0.209330 1.207054 -0.051173
0.207661 1.219172 -0.051067
0.201743 1.203525 -0.048584
0.200188 1.215754 -0.048637
0.198745 1.228022 -0.048732
0.192008 1.212252 -0.046269
0.190829 1.224696 -0.046575
0.189569 1.237177 -0.047026
0.181978 1.221226 -0.044530
0.181094 1.233842 -0.045193
0.180038 1.246370 -0.046150
0.171353 1.230212 -0.043524
0.170590 1.242941 -0.044664
0.169671 1.255696 -0.046191
0.160525 1.239597 -0.043427
0.159634 1.252326 -0.045121
0.158440 1.264913 -0.047316
0.149064 1.249006 -0.044362
0.147968 1.261595 -0.046660
0.146545 1.274014 -0.049512
0.137055 1.258360 -0.046255
0.135748 1.270835 -0.049201
0.134109 1.282987 -0.052636
0.124637 1.267748 -0.049122
0.123268 1.280001 -0.052614
0.121536 1.291986 -0.056574
0.112072 1.277140 -0.052740
0.110623 1.289216 -0.056791
0.109007 1.301129 -0.061177
0.099521 1.286666 -0.057067
0.098087 1.298581 -0.061524
0.096518 1.310310 -0.066354
0.087122 1.296282 -0.061923
0.085829 1.308016 -0.066780
0.084429 1.319586 -0.072018
0.074886 1.305966 -0.067284
0.073739 1.317558 -0.072556
0.072585 1.328934 -0.078033
0.063020 1.315735 -0.073167
0.062023 1.327107 -0.078618
0.061050 1.338265 -0.084222
0.051419 1.325553 -0.079293
0.050633 1.336690 -0.085007
0.049873 1.347603 -0.090749
0.040164 1.335340 -0.085661
0.039553 1.346207 -0.091500
0.038981 1.356854 -0.097278
0.029162 1.345052 -0.092071
0.028753 1.355626 -0.097964
0.028389 1.365937 -0.103854
0.018451 1.354709 -0.098421
0.018223 1.365009 -0.104308
0.018037 1.375089 -0.110155
0.008012 1.364464 -0.104678
0.028081 1.376031 -0.109631
0.017897 1.384935 -0.115920
0.027851 1.385823 -0.115257
0.017817 1.394461 -0.121525
0.027717 1.395371 -0.120756
0.017784 1.403618 -0.126753
0.027641 1.404544 -0.125889
0.017764 1.411967 -0.131401
0.007868 1.402907 -0.127404
0.007882 1.411295 -0.132110
0.027627 1.412981 -0.130599
0.017752 1.420167 -0.135890
0.027574 1.421172 -0.135106
0.017705 1.426808 -0.139285
0.027391 1.427864 -0.138460
0.017510 1.432789 -0.142234
0.027164 1.433738 -0.141334
0.017354 1.437416 -0.144143
0.026931 1.438329 -0.143443
0.036489 1.439770 -0.142220
0.026682 1.442966 -0.145477
0.036159 1.444283 -0.144190
0.026398 1.447271 -0.147008
0.035788 1.448654 -0.145945
0.026065 1.451550 -0.148523
0.035433 1.452962 -0.147661
0.025764 1.455714 -0.149685
0.035114 1.457058 -0.148885
0.025486 1.459665 -0.150455
0.016511 1.454675 -0.149575
0.016312 1.458497 -0.149980
0.016086 1.462179 -0.150340
0.025247 1.463398 -0.150816
0.015844 1.465476 -0.150240
0.024924 1.467068 -0.151037
0.015413 1.468505 -0.149811
0.024496 1.470167 -0.150790
0.014983 1.470977 -0.148972
0.006501 1.466695 -0.148406
0.006253 1.469110 -0.147464
0.023641 1.473147 -0.150186
0.014369 1.473489 -0.147834
0.022729 1.475798 -0.149390
0.013894 1.475554 -0.146214
0.022095 1.478066 -0.147759
0.013657 1.477011 -0.143872
0.021623 1.479875 -0.145698
0.013425 1.478236 -0.141284
0.005682 1.475726 -0.139837
0.021312 1.481187 -0.143092
0.013476 1.478637 -0.138147
0.021305 1.481795 -0.140034
0.013633 1.478555 -0.134837
0.021592 1.481592 -0.136649
0.013872 1.478046 -0.131360
0.021872 1.480983 -0.132909
0.013942 1.476897 -0.127492
0.013969 1.475678 -0.123509
0.005827 1.475076 -0.126651
0.022062 1.479729 -0.128904
0.022104 1.478368 -0.125005
0.030209 1.482839 -0.130665
0.030346 1.481358 -0.126725
0.029947 1.483952 -0.134522
0.038995 1.485485 -0.131889
0.039083 1.486281 -0.135516
0.048694 1.487485 -0.132537
0.039023 1.484279 -0.128225
0.048698 1.486575 -0.129138
0.038973 1.482778 -0.124409
0.030487 1.479650 -0.122614
0.048571 1.485468 -0.125450
0.039080 1.480786 -0.119958
0.030722 1.477540 -0.117964
0.048363 1.483859 -0.121429
0.039476 1.478798 -0.115467
0.048051 1.481938 -0.117201
0.040507 1.476399 -0.110025
0.031510 1.475316 -0.112964
0.032829 1.472934 -0.107404
0.023707 1.472064 -0.110460
0.022648 1.474419 -0.115805
0.025045 1.469587 -0.104791
0.015303 1.469303 -0.108494
0.006968 1.467537 -0.107126
0.014679 1.471729 -0.113962
0.016323 1.466617 -0.102710
0.017444 1.464013 -0.096941
0.007577 1.464758 -0.101376
0.026499 1.467148 -0.099067
0.018643 1.461659 -0.091259
0.028042 1.465209 -0.093636
0.019948 1.459622 -0.085476
0.029484 1.463519 -0.088009
0.020697 1.458965 -0.079543
0.030440 1.462801 -0.082173
0.020629 1.460299 -0.074087
0.009630 1.456748 -0.077841
0.009604 1.458321 -0.072488
0.009306 1.461670 -0.068111
-0.002083 1.457698 -0.071843
-0.002081 1.461039 -0.067418
-0.002074 1.466520 -0.063699
-0.013465 1.461687 -0.068064
-0.012563 1.467130 -0.064225
-0.024186 1.463464 -0.069496
-0.022333 1.468681 -0.065616
-0.034295 1.465951 -0.071673
-0.031483 1.470817 -0.067367
-0.042640 1.469330 -0.074303
-0.039483 1.473622 -0.069682
-0.050816 1.472544 -0.077042
-0.043499 1.467191 -0.079658
-0.051775 1.470938 -0.082784
-0.059547 1.474562 -0.086203
-0.051247 1.470679 -0.088512
-0.059011 1.474611 -0.092018
-0.050008 1.471441 -0.094034
-0.057644 1.475545 -0.097704
-0.065451 1.479735 -0.101305
-0.074223 1.484424 -0.105186
-0.063712 1.480881 -0.106145
-0.066632 1.478690 -0.095931
-0.067137 1.478320 -0.089952
-0.074931 1.483331 -0.100223
-0.075097 1.482533 -0.093947
-0.085029 1.488581 -0.105393
-0.084752 1.487376 -0.098698
-0.098005 1.494003 -0.110474
-0.084630 1.489438 -0.109414
-0.097270 1.494402 -0.113444
-0.084168 1.490171 -0.113050
-0.083742 1.490916 -0.116667
-0.096483 1.494708 -0.116243
-0.073389 1.485500 -0.109703
-0.072928 1.486334 -0.113310
-0.107380 1.497639 -0.117569
-0.095607 1.495102 -0.119638
-0.106235 1.498054 -0.120812
-0.095003 1.495420 -0.122209
-0.105641 1.498396 -0.123447
-0.083513 1.491814 -0.120018
-0.117185 1.500628 -0.125232
-0.118049 1.500224 -0.122274
-0.131260 1.501324 -0.127536
-0.132044 1.500503 -0.124412
-0.130693 1.501894 -0.130490
-0.147723 1.497157 -0.128376
-0.162946 1.487693 -0.127659
-0.148118 1.495760 -0.125258
-0.147298 1.498316 -0.131540
-0.163047 1.489135 -0.130744
-0.162857 1.490018 -0.133915
-0.177093 1.477013 -0.128051
-0.189220 1.463670 -0.123478
-0.176615 1.475785 -0.124982
-0.177454 1.478014 -0.131027
-0.189724 1.464419 -0.126545
-0.189974 1.465040 -0.129656
-0.198286 1.449653 -0.121173
-0.203945 1.435383 -0.115180
-0.197442 1.449125 -0.118198
-0.198838 1.450074 -0.124241
-0.204613 1.435644 -0.118169
-0.198660 1.450147 -0.127143
-0.205072 1.435770 -0.121068
-0.198504 1.450185 -0.129990
-0.204981 1.435700 -0.123961
-0.197418 1.449779 -0.132573
-0.204464 1.435453 -0.126786
-0.209351 1.422054 -0.120504
-0.203372 1.435015 -0.129233
-0.208215 1.421642 -0.122999
-0.201463 1.434349 -0.131107
-0.206610 1.421126 -0.125097
-0.199290 1.433641 -0.132420
-0.204526 1.420505 -0.126498
-0.208818 1.408355 -0.120767
-0.202222 1.419866 -0.127550
-0.206594 1.407802 -0.121975
-0.199792 1.419248 -0.128427
-0.204137 1.407237 -0.122894
-0.197103 1.418542 -0.128791
-0.201543 1.406631 -0.123329
-0.194398 1.417749 -0.128907
-0.198812 1.405894 -0.123419
-0.191700 1.416929 -0.128517
-0.196132 1.405109 -0.123320
-0.188979 1.416075 -0.128011
-0.193301 1.404381 -0.122818
-0.186293 1.415272 -0.127460
-0.190430 1.403679 -0.122167
-0.183471 1.414423 -0.126589
-0.187634 1.402972 -0.121344
-0.180724 1.413514 -0.125578
-0.184821 1.402210 -0.120328
-0.188669 1.391471 -0.114946
-0.181980 1.401405 -0.119291
-0.185721 1.390681 -0.113752
-0.179010 1.400553 -0.118139
-0.176021 1.399578 -0.116887
-0.182728 1.389881 -0.112556
-0.179687 1.389058 -0.111350
-0.186831 1.379683 -0.107093
-0.191030 1.369627 -0.101624
-0.183862 1.378938 -0.105873
-0.189789 1.380407 -0.108318
-0.193933 1.370336 -0.102919
-0.192682 1.381118 -0.109550
-0.196774 1.371025 -0.104206
-0.195521 1.381809 -0.110713
-0.199629 1.371713 -0.105330
-0.198436 1.382472 -0.111527
-0.191532 1.392207 -0.116053
-0.194370 1.392905 -0.116814
-0.197223 1.393623 -0.117525
-0.201285 1.383081 -0.112238
-0.200073 1.394276 -0.118062
-0.204083 1.383725 -0.112818
-0.202854 1.394848 -0.118140
-0.206810 1.384487 -0.112879
-0.205592 1.395416 -0.118032
-0.209366 1.385253 -0.112698
-0.208281 1.395965 -0.117422
-0.212135 1.385776 -0.112046
-0.210654 1.396498 -0.116442
-0.214590 1.386251 -0.111014
-0.212802 1.397044 -0.115072
-0.216649 1.386788 -0.109705
-0.214712 1.397603 -0.113250
-0.210706 1.408867 -0.118912
-0.216156 1.398111 -0.110987
-0.218488 1.387274 -0.107798
-0.220006 1.387770 -0.105560
-0.222477 1.377475 -0.102745
-0.226590 1.367912 -0.097975
-0.223995 1.378049 -0.100563
-0.220671 1.376781 -0.104394
-0.224859 1.367249 -0.099708
-0.218532 1.376180 -0.105629
-0.222569 1.366686 -0.101003
-0.215786 1.375777 -0.106743
-0.213337 1.375218 -0.107329
-0.219839 1.366280 -0.102065
-0.217514 1.365580 -0.102328
-0.224228 1.356857 -0.097417
-0.228687 1.347439 -0.092902
-0.221771 1.356147 -0.097695
-0.226613 1.357232 -0.096522
-0.229001 1.357977 -0.095206
-0.230972 1.347940 -0.092181
-0.235321 1.339043 -0.087999
-0.233204 1.348922 -0.090871
-0.235063 1.349935 -0.089186
-0.237449 1.340327 -0.087100
-0.241768 1.331946 -0.083888
-0.239336 1.341329 -0.085435
-0.240895 1.342056 -0.083347
-0.243730 1.332870 -0.082362
-0.248198 1.324293 -0.079724
-0.245424 1.333584 -0.080247
-0.246598 1.334129 -0.077489
-0.249852 1.325070 -0.077575
-0.254298 1.316579 -0.075496
-0.251127 1.325689 -0.074853
-0.251737 1.325957 -0.071633
-0.255489 1.317161 -0.072685
-0.259977 1.308746 -0.071147
-0.256319 1.317561 -0.069495
-0.256453 1.317547 -0.065946
-0.260701 1.309038 -0.067863
-0.265154 1.300542 -0.066778
-0.260925 1.309030 -0.064270
-0.260678 1.308680 -0.060485
-0.265354 1.300467 -0.063090
-0.269569 1.291978 -0.062317
-0.265086 1.300039 -0.059228
-0.264333 1.299201 -0.055282
-0.269211 1.291286 -0.058393
-0.273270 1.282555 -0.057894
-0.268473 1.290411 -0.054486
-0.267317 1.289127 -0.050501
-0.272462 1.281493 -0.054077
-0.276155 1.272346 -0.053950
-0.271109 1.279986 -0.050126
-0.269394 1.278119 -0.046242
-0.274674 1.270617 -0.050024
-0.278278 1.261199 -0.050081
-0.272808 1.268568 -0.046219
-0.270757 1.266341 -0.042462
-0.276361 1.259005 -0.046249
-0.274132 1.256567 -0.042585
-0.279944 1.249546 -0.046479
-0.277586 1.246817 -0.042774
-0.281947 1.251876 -0.050292
-0.283695 1.240108 -0.046635
-0.287434 1.230694 -0.046855
-0.285880 1.242681 -0.050395
-0.281208 1.237242 -0.042948
-0.278491 1.234158 -0.039329
-0.284881 1.227677 -0.043144
-0.282074 1.224389 -0.039549
-0.288824 1.218101 -0.043197
-0.285895 1.214617 -0.039616
-0.291471 1.221313 -0.046893
-0.292872 1.208634 -0.043173
-0.297205 1.199252 -0.043150
-0.295658 1.212089 -0.046867
-0.289863 1.204917 -0.039594
-0.286662 1.201036 -0.036171
-0.294172 1.195356 -0.039485
-0.290877 1.191199 -0.036016
-0.298722 1.185709 -0.039239
-0.295384 1.181308 -0.035760
-0.301757 1.189788 -0.042975
-0.303708 1.176074 -0.038790
-0.300470 1.171279 -0.035287
-0.306768 1.180574 -0.042468
-0.309026 1.166553 -0.038175
-0.305960 1.161574 -0.034439
-0.312013 1.171361 -0.041877
-0.314941 1.157407 -0.037204
-0.311791 1.151961 -0.033357
-0.317779 1.162592 -0.040903
-0.321378 1.148662 -0.035931
-0.318245 1.142191 -0.031989
-0.324243 1.154569 -0.039988
-0.328368 1.140604 -0.034630
-0.325379 1.132784 -0.030704
-0.331211 1.147375 -0.038893
-0.336099 1.132684 -0.033632
-0.344784 1.125380 -0.032759
-0.338866 1.140449 -0.037680
-0.333369 1.123907 -0.029883
-0.330369 1.114100 -0.026285
-0.342338 1.115092 -0.028999
-0.351948 1.106898 -0.028505
-0.339482 1.104673 -0.025666
-0.335789 1.094207 -0.022386
-0.349125 1.095497 -0.025391
-0.345124 1.084341 -0.022262
-0.358522 1.086344 -0.025629
-0.354678 1.074363 -0.022734
-0.361556 1.099213 -0.028612
-0.368212 1.076686 -0.026402
-0.378270 1.067211 -0.027944
-0.370781 1.090887 -0.029104
-0.372748 1.105142 -0.031982
-0.380445 1.082083 -0.030196
-0.382270 1.097411 -0.032800
-0.390495 1.073862 -0.032297
-0.389150 1.058068 -0.030395
-0.390896 1.090818 -0.034184
-0.400731 1.066882 -0.035358
-0.410442 1.061469 -0.038986
-0.400070 1.084819 -0.036669
-0.400120 1.050377 -0.033828
-0.397630 1.035729 -0.031396
-0.410272 1.044178 -0.037609
-0.407919 1.028718 -0.035126
-0.419871 1.039418 -0.041787
-0.417488 1.023165 -0.039264
-0.419786 1.057503 -0.042977
-0.428836 1.035657 -0.046208
-0.426041 1.018224 -0.043340
-0.433723 1.013872 -0.047950
-0.440306 1.010162 -0.052706
-0.432584 0.993359 -0.047729
-0.445310 1.006898 -0.057690
-0.402674 1.015589 -0.031010
-0.398653 1.103188 -0.038348
-0.409079 1.080026 -0.039755
-0.406222 1.099470 -0.040454
-0.403578 1.117631 -0.042822
-0.398157 1.120080 -0.041660
-0.392509 1.122344 -0.040471
-0.401563 1.129860 -0.046170
-0.406272 1.135141 -0.051171
-0.394904 1.132603 -0.045023
-0.387025 1.135633 -0.044120
-0.397769 1.139310 -0.050181
-0.400866 1.144255 -0.055769
-0.389361 1.142356 -0.049529
-0.380168 1.144800 -0.049236
-0.391501 1.147197 -0.055281
-0.381959 1.149444 -0.054825
-0.393285 1.150870 -0.061186
-0.403685 1.147589 -0.061686
-0.383487 1.152933 -0.060781
-0.394744 1.153100 -0.067336
-0.395870 1.154303 -0.073495
-0.406076 1.149577 -0.067961
-0.384711 1.155368 -0.066786
-0.385508 1.156655 -0.072772
-0.375085 1.157558 -0.066289
-0.366147 1.160182 -0.066044
-0.374099 1.155107 -0.060523
-0.375794 1.158913 -0.072064
-0.375797 1.158623 -0.077718
-0.366839 1.161523 -0.071565
-0.358394 1.164576 -0.071242
-0.366830 1.161425 -0.076989
-0.365956 1.159633 -0.081850
-0.358413 1.164616 -0.076336
-0.350665 1.168624 -0.075805
-0.357599 1.163124 -0.081048
-0.356121 1.160207 -0.085059
-0.349810 1.167180 -0.080311
-0.342650 1.172206 -0.079795
-0.348272 1.164486 -0.084109
-0.345991 1.160366 -0.086582
-0.341009 1.169592 -0.083292
-0.334336 1.175777 -0.082871
-0.338706 1.165767 -0.085691
-0.335822 1.161436 -0.087082
-0.331945 1.172035 -0.085053
-0.325567 1.178936 -0.084577
-0.329116 1.168186 -0.086450
-0.325871 1.163723 -0.087101
-0.322654 1.175276 -0.085850
-0.316517 1.182729 -0.085271
-0.319495 1.171184 -0.086432
-0.316059 1.166730 -0.086546
-0.313346 1.178969 -0.085787
-0.307632 1.187135 -0.085184
-0.309915 1.174789 -0.085794
-0.306099 1.170244 -0.085068
-0.304134 1.183166 -0.085017
-0.300298 1.178876 -0.084169
-0.298651 1.191704 -0.084204
-0.294863 1.187685 -0.083276
-0.302152 1.195464 -0.084512
-0.293429 1.200474 -0.083314
-0.288496 1.209345 -0.082304
-0.296856 1.203945 -0.083717
-0.289636 1.196630 -0.082367
-0.285552 1.192507 -0.080909
-0.284754 1.205676 -0.081458
-0.280736 1.201798 -0.080060
-0.280094 1.214881 -0.080498
-0.276201 1.211279 -0.079124
-0.283699 1.218275 -0.081236
-0.275629 1.224235 -0.079415
-0.271332 1.233543 -0.078286
-0.279105 1.227320 -0.080111
-0.271849 1.220844 -0.078077
-0.267861 1.217265 -0.076364
-0.267732 1.230450 -0.077145
-0.263774 1.240194 -0.076211
-0.263954 1.227239 -0.075450
-0.260069 1.223971 -0.073414
-0.260138 1.237164 -0.074604
-0.256420 1.247186 -0.073909
-0.256378 1.233981 -0.072526
-0.252525 1.230974 -0.070608
-0.252750 1.244419 -0.071985
-0.249254 1.254612 -0.071444
-0.249023 1.241541 -0.069957
-0.245165 1.238635 -0.067683
-0.245626 1.251920 -0.069375
-0.242285 1.262475 -0.069211
-0.241929 1.249334 -0.067133
-0.237995 1.246723 -0.064820
-0.238704 1.260203 -0.066885
-0.235579 1.270804 -0.067334
-0.234971 1.257807 -0.064566
-0.231054 1.255247 -0.062295
-0.232046 1.268591 -0.064976
-0.228900 1.279519 -0.066042
-0.228198 1.266332 -0.062593
-0.223457 1.263886 -0.059971
-0.224961 1.277381 -0.063546
-0.221462 1.288311 -0.065200
-0.220453 1.275086 -0.060951
-0.215286 1.272540 -0.058208
-0.217154 1.286161 -0.062613
-0.213511 1.296818 -0.064979
-0.212365 1.283885 -0.059971
-0.207014 1.281454 -0.057324
-0.209108 1.294956 -0.062606
-0.205398 1.305708 -0.065952
-0.203831 1.292755 -0.059960
-0.198384 1.290529 -0.057587
-0.200254 1.303687 -0.063401
-0.196400 1.314415 -0.067587
-0.194939 1.301716 -0.061100
-0.189303 1.299677 -0.058998
-0.191148 1.312537 -0.065281
-0.187150 1.323142 -0.070135
-0.185670 1.310633 -0.063180
-0.183125 1.333610 -0.075541
-0.192437 1.324881 -0.072427
-0.188425 1.335219 -0.077807
-0.197243 1.326529 -0.074705
-0.193108 1.336696 -0.079985
-0.201318 1.316181 -0.069960
-0.201604 1.328053 -0.076951
-0.196967 1.337906 -0.081886
-0.205288 1.329259 -0.078919
-0.205817 1.317839 -0.072340
-0.209758 1.307446 -0.068287
-0.209653 1.319342 -0.074515
-0.212698 1.320511 -0.076214
-0.213603 1.309055 -0.070521
-0.217397 1.298597 -0.067244
-0.216886 1.310496 -0.072527
-0.219921 1.311763 -0.074379
-0.220919 1.300247 -0.069449
-0.225129 1.290045 -0.067464
-0.224208 1.301826 -0.071613
-0.227221 1.303309 -0.073478
-0.228469 1.291742 -0.069554
-0.232261 1.281508 -0.068200
-0.231447 1.293356 -0.071439
-0.234394 1.294916 -0.073319
-0.235337 1.283273 -0.070126
-0.238874 1.272881 -0.069388
-0.238383 1.285023 -0.072032
-0.241374 1.286756 -0.073637
-0.242095 1.274943 -0.071302
-0.245713 1.264746 -0.071085
-0.245291 1.276985 -0.073023
-0.248344 1.278991 -0.074564
-0.249034 1.267057 -0.072931
-0.252761 1.257151 -0.073283
-0.252250 1.269281 -0.074501
-0.255112 1.271236 -0.075519
-0.256120 1.259572 -0.074791
-0.259932 1.249841 -0.075331
-0.259103 1.261715 -0.075706
-0.261941 1.263852 -0.076429
-0.263067 1.252263 -0.076329
-0.267169 1.242936 -0.077187
-0.266038 1.254548 -0.077054
-0.268785 1.256701 -0.077476
-0.270251 1.245391 -0.077868
-0.274623 1.236361 -0.078930
-0.273037 1.247676 -0.078325
-0.275683 1.249836 -0.078287
-0.277491 1.238758 -0.079225
-0.282083 1.229982 -0.080210
-0.280188 1.241083 -0.079226
-0.282778 1.243311 -0.078644
-0.284885 1.232454 -0.080200
-0.289721 1.223857 -0.081237
-0.287508 1.234763 -0.079507
-0.289934 1.236877 -0.078198
-0.292440 1.226356 -0.080501
-0.297549 1.218085 -0.081557
-0.294958 1.228685 -0.079217
-0.297024 1.230507 -0.076853
-0.300068 1.220523 -0.079963
-0.302105 1.222416 -0.077526
-0.305324 1.212353 -0.080644
-0.307337 1.214385 -0.078033
-0.310695 1.204165 -0.081297
-0.302781 1.209901 -0.082545
-0.299970 1.207101 -0.083547
-0.308219 1.201847 -0.083273
-0.305321 1.198875 -0.084280
-0.313823 1.193830 -0.083683
-0.310857 1.190744 -0.084802
-0.316198 1.196417 -0.081734
-0.319457 1.186034 -0.084033
-0.321862 1.189263 -0.082048
-0.327757 1.182266 -0.082358
-0.323684 1.191874 -0.079056
-0.318092 1.199415 -0.078732
-0.324907 1.192659 -0.075065
-0.329542 1.184730 -0.079342
-0.336004 1.178142 -0.079531
-0.330854 1.185887 -0.075202
-0.331266 1.186063 -0.070731
-0.337072 1.179412 -0.075330
-0.343642 1.173615 -0.075518
-0.337416 1.179681 -0.070748
-0.343868 1.173772 -0.070768
-0.336786 1.178401 -0.065908
-0.343118 1.172284 -0.065845
-0.335258 1.175611 -0.061283
-0.330679 1.184901 -0.066100
-0.329242 1.182430 -0.061520
-0.324974 1.191980 -0.066283
-0.319532 1.199556 -0.066436
-0.323646 1.189872 -0.061823
-0.325399 1.192909 -0.070761
-0.319844 1.200335 -0.070840
-0.314485 1.207864 -0.070899
-0.319373 1.200293 -0.075028
-0.314038 1.207847 -0.074916
-0.308689 1.215686 -0.074670
-0.312696 1.206525 -0.078416
-0.309343 1.215872 -0.070785
-0.303586 1.223680 -0.074363
-0.298617 1.231766 -0.073930
-0.304307 1.223928 -0.070564
-0.299423 1.232188 -0.070339
-0.304295 1.223541 -0.066498
-0.299449 1.231833 -0.066362
-0.303578 1.222380 -0.062422
-0.309147 1.215268 -0.066551
-0.308291 1.213921 -0.062393
-0.314220 1.207252 -0.066548
-0.313172 1.205565 -0.062284
-0.318372 1.197704 -0.062105
-0.311480 1.203166 -0.058216
-0.316541 1.194985 -0.057921
-0.309580 1.200547 -0.054153
-0.306805 1.211812 -0.058262
-0.304904 1.209250 -0.054342
-0.302257 1.220546 -0.058324
-0.300394 1.218086 -0.054411
-0.297781 1.229243 -0.058348
-0.298913 1.230878 -0.062378
-0.293479 1.238059 -0.058281
-0.296003 1.226971 -0.054503
-0.291872 1.236007 -0.054380
-0.293952 1.224366 -0.050673
-0.289861 1.233561 -0.050566
-0.298199 1.215276 -0.050643
-0.302604 1.206217 -0.050571
-0.307181 1.197302 -0.050376
-0.300020 1.202806 -0.046803
-0.304597 1.193704 -0.046614
-0.309568 1.184694 -0.046215
-0.312138 1.188469 -0.049993
-0.314768 1.175720 -0.045730
-0.317374 1.179886 -0.049515
-0.320430 1.167247 -0.045003
-0.322971 1.171694 -0.049004
-0.326761 1.159724 -0.044203
-0.329236 1.164423 -0.048223
-0.333805 1.152987 -0.043108
-0.336192 1.157804 -0.047304
-0.341264 1.146820 -0.041986
-0.343554 1.152138 -0.046519
-0.349492 1.141577 -0.040818
-0.358359 1.137040 -0.039773
-0.351572 1.147603 -0.045531
-0.347225 1.134298 -0.036643
-0.356219 1.128697 -0.035768
-0.365554 1.123400 -0.035320
-0.353910 1.118576 -0.032036
-0.363574 1.111986 -0.031781
-0.367453 1.133174 -0.039220
-0.374517 1.118241 -0.035251
-0.376481 1.129431 -0.039115
-0.383443 1.112564 -0.035703
-0.384986 1.125683 -0.039400
-0.391168 1.107524 -0.036734
-0.378267 1.138302 -0.043904
-0.369154 1.140968 -0.043907
-0.371011 1.147013 -0.049099
-0.360222 1.144012 -0.044459
-0.362101 1.149569 -0.049616
-0.363738 1.153902 -0.054995
-0.353470 1.152537 -0.050435
-0.355118 1.156719 -0.055526
-0.345506 1.156540 -0.051222
-0.338294 1.161994 -0.051735
-0.347342 1.160774 -0.055971
-0.348944 1.164597 -0.060771
-0.340192 1.166138 -0.056254
-0.341811 1.169666 -0.060950
-0.333503 1.172422 -0.056717
-0.331434 1.168468 -0.052442
-0.327452 1.179371 -0.057143
-0.321828 1.187024 -0.057584
-0.325268 1.175627 -0.053068
-0.319746 1.183629 -0.053453
-0.314479 1.191953 -0.053903
-0.356605 1.160530 -0.060610
-0.350163 1.167412 -0.065801
-0.350802 1.168734 -0.070926
-0.357736 1.163262 -0.065930
-0.365038 1.157550 -0.060510
-0.372680 1.151525 -0.054754
-0.287824 1.245041 -0.054237
-0.283890 1.254157 -0.054039
-0.289349 1.247000 -0.058120
-0.290192 1.248114 -0.061981
-0.285186 1.255888 -0.057969
-0.281168 1.264825 -0.057799
-0.286006 1.256961 -0.061836
-0.286089 1.257173 -0.065625
-0.281730 1.265702 -0.061766
-0.277506 1.275036 -0.061647
-0.281851 1.265991 -0.065285
-0.281137 1.265767 -0.069074
-0.277592 1.274913 -0.065312
-0.273608 1.283419 -0.065845
-0.277005 1.274337 -0.068994
-0.275733 1.273758 -0.071802
-0.272983 1.283061 -0.069030
-0.268731 1.291761 -0.069360
-0.271609 1.282470 -0.071968
-0.269780 1.281260 -0.073995
-0.267316 1.291026 -0.072215
-0.263031 1.299570 -0.072853
-0.265527 1.289956 -0.074309
-0.263559 1.288701 -0.075882
-0.261342 1.298632 -0.075074
-0.256937 1.307142 -0.075967
-0.259292 1.297437 -0.076491
-0.257087 1.296099 -0.077294
-0.254957 1.306076 -0.077387
-0.250624 1.314750 -0.079021
-0.252750 1.304864 -0.078264
-0.250475 1.303589 -0.078731
-0.248410 1.313585 -0.079924
-0.244015 1.322273 -0.082082
-0.246135 1.312477 -0.080385
-0.243636 1.311291 -0.080154
-0.241785 1.321285 -0.082638
-0.237330 1.329736 -0.085305
-0.239229 1.320174 -0.082499
-0.236718 1.319052 -0.082220
-0.234819 1.328923 -0.085485
-0.230425 1.337903 -0.089231
-0.232261 1.328092 -0.085413
-0.229596 1.327126 -0.084728
-0.227799 1.337102 -0.089148
-0.223387 1.346123 -0.093255
-0.225090 1.336169 -0.088527
-0.222384 1.335159 -0.087832
-0.220649 1.345339 -0.092753
-0.216348 1.354681 -0.097358
-0.217938 1.344496 -0.092249
-0.215127 1.343626 -0.091008
-0.213611 1.353875 -0.096910
-0.209397 1.363343 -0.101951
-0.210786 1.353042 -0.095874
-0.207972 1.352298 -0.094657
-0.206580 1.362667 -0.100999
-0.202491 1.372391 -0.106369
-0.203756 1.361913 -0.099838
-0.200887 1.361155 -0.098685
-0.205107 1.351516 -0.093421
-0.198032 1.360459 -0.097389
-0.195083 1.359684 -0.096013
-0.202168 1.350620 -0.091997
-0.199188 1.349724 -0.090540
-0.206583 1.340931 -0.086844
-0.203638 1.340001 -0.085350
-0.209487 1.341843 -0.088356
-0.211159 1.331325 -0.082122
-0.214006 1.332331 -0.083752
-0.208287 1.330291 -0.080511
-0.215608 1.321625 -0.077899
-0.218452 1.322706 -0.079596
-0.221342 1.323884 -0.081146
-0.222908 1.313064 -0.076228
-0.225806 1.314346 -0.077930
-0.228593 1.315518 -0.079279
-0.230195 1.304719 -0.075344
-0.233013 1.306099 -0.076827
-0.235860 1.307486 -0.078187
-0.237322 1.296509 -0.074881
-0.240147 1.298048 -0.076284
-0.242840 1.299542 -0.077298
-0.244323 1.288530 -0.075056
-0.247090 1.290160 -0.076134
-0.249731 1.291742 -0.077103
-0.251156 1.280763 -0.075623
-0.253888 1.282446 -0.076445
-0.256455 1.284098 -0.076864
-0.257917 1.273180 -0.076201
-0.260589 1.275005 -0.076670
-0.263088 1.276703 -0.076679
-0.264609 1.265832 -0.076731
-0.267194 1.267702 -0.076860
-0.269626 1.269435 -0.076537
-0.271359 1.258697 -0.077390
-0.273839 1.260601 -0.076945
-0.276190 1.262384 -0.075971
-0.278230 1.251867 -0.077739
-0.280587 1.253736 -0.076520
-0.282722 1.255406 -0.074921
-0.285227 1.245340 -0.077409
-0.287301 1.247005 -0.075526
-0.288896 1.248225 -0.072875
-0.292055 1.238679 -0.076140
-0.293703 1.239962 -0.073403
-0.294671 1.240482 -0.070035
-0.294964 1.240238 -0.066127
-0.289989 1.248723 -0.069696
-0.285487 1.257282 -0.069374
-0.290680 1.248527 -0.065865
-0.284413 1.256650 -0.072444
-0.279872 1.264994 -0.071882
-0.278256 1.263922 -0.074280
-0.273887 1.272521 -0.073797
-0.271880 1.271091 -0.075562
-0.267695 1.279843 -0.075412
-0.265453 1.278326 -0.076214
-0.261326 1.287247 -0.076610
-0.258970 1.285739 -0.077079
-0.254801 1.294723 -0.077766
-0.252253 1.293256 -0.077468
-0.248004 1.302209 -0.078404
-0.245538 1.300936 -0.078264
-0.241253 1.310094 -0.080039
-0.238543 1.308765 -0.079207
-0.234104 1.317923 -0.081439
-0.231429 1.316767 -0.080642
-0.226923 1.326030 -0.084006
-0.224125 1.324951 -0.082556
-0.219602 1.334179 -0.086494
-0.216823 1.333281 -0.085217
-0.212316 1.342729 -0.089777
-0.294550 1.239559 -0.062152
-0.200489 1.339008 -0.083706
-0.196120 1.348842 -0.089062
-0.192112 1.358869 -0.094640
-0.192764 1.347866 -0.087390
-0.188834 1.346741 -0.085513
-0.188889 1.357977 -0.093176
-0.184913 1.368038 -0.098940
-0.184631 1.356774 -0.091231
-0.180585 1.378069 -0.104501
-0.188128 1.368905 -0.100345
-0.176394 1.388120 -0.109993
-0.184367 1.345464 -0.083496
-0.179119 1.343887 -0.081282
-0.205335 1.373086 -0.107108
-0.208092 1.373794 -0.107510
-0.212189 1.364003 -0.102199
-0.210783 1.374486 -0.107638
-0.214939 1.364715 -0.102501
-0.219183 1.355445 -0.097814
-0.226079 1.346846 -0.093324
-0.233006 1.338424 -0.088857
-0.239726 1.330662 -0.084941
-0.246190 1.323344 -0.081084
-0.252619 1.315743 -0.077633
-0.258682 1.308085 -0.073920
-0.264333 1.300222 -0.070042
-0.269398 1.292007 -0.066221
-0.273608 1.283639 -0.061806
-0.277158 1.273775 -0.057737
-0.280018 1.263263 -0.053929
-0.294773 1.215420 -0.082431
-0.291793 1.212553 -0.082621
-0.286855 1.221214 -0.081443
-0.192461 1.288226 -0.055474
-0.183410 1.297538 -0.057101
-0.176344 1.295126 -0.055311
-0.186163 1.285856 -0.053551
-0.195094 1.276561 -0.052747
-0.201346 1.278996 -0.054924
-0.203939 1.267324 -0.053081
-0.209843 1.270030 -0.055599
-0.212210 1.258295 -0.054510
-0.217958 1.261107 -0.057161
-0.220361 1.249313 -0.056688
-0.226005 1.252273 -0.059469
-0.228399 1.240729 -0.059518
-0.233768 1.243962 -0.062354
-0.236288 1.232529 -0.062683
-0.240837 1.235607 -0.065165
-0.243779 1.224650 -0.065717
-0.248345 1.227911 -0.068217
-0.251511 1.216888 -0.068820
-0.256043 1.220508 -0.071376
-0.259675 1.210123 -0.072211
-0.263872 1.213769 -0.074411
-0.267988 1.203740 -0.075290
-0.272131 1.207526 -0.077316
-0.276595 1.197883 -0.078235
-0.312208 1.161894 -0.085925
-0.308028 1.156782 -0.084670
-0.318737 1.153966 -0.086793
-0.322436 1.159018 -0.087185
-0.329419 1.151826 -0.088098
-0.332707 1.156711 -0.087870
-0.340194 1.150320 -0.088793
-0.343213 1.155523 -0.088009
-0.351156 1.150389 -0.089093
-0.353913 1.155742 -0.087758
-0.362358 1.151800 -0.088911
-0.364468 1.156401 -0.085977
-0.373609 1.153332 -0.087198
-0.375051 1.156973 -0.082960
-0.385364 1.154410 -0.084223
-0.385736 1.156278 -0.078672
-0.396320 1.153863 -0.079660
-0.418268 1.143137 -0.068468
-0.407674 1.150402 -0.074343
-0.415235 1.141723 -0.062204
-0.411125 1.138860 -0.056546
-0.426778 1.130151 -0.062617
-0.340453 1.073833 -0.019240
-0.331097 1.084247 -0.019086
-0.325588 1.075274 -0.015571
-0.321930 1.095131 -0.019234
-0.326634 1.104633 -0.022783
-0.313340 1.106683 -0.019680
-0.316618 1.086470 -0.015674
-0.308047 1.098180 -0.015885
-0.310721 1.078397 -0.011846
-0.304155 1.070801 -0.007822
-0.302336 1.090262 -0.012014
-0.319493 1.066896 -0.012054
-0.312706 1.059155 -0.007927
-0.305213 1.051912 -0.003457
-0.313695 1.040479 -0.003791
-0.297056 1.045573 0.001536
-0.296895 1.063874 -0.003339
-0.289168 1.057583 0.001418
-0.289033 1.076133 -0.003568
-0.281456 1.069824 0.001109
-0.281623 1.088518 -0.004107
-0.296132 1.082903 -0.008025
-0.288501 1.095233 -0.008401
-0.294599 1.102531 -0.012479
-0.281589 1.107596 -0.009115
-0.287811 1.114868 -0.013165
-0.275424 1.120064 -0.009919
-0.274888 1.100949 -0.004850
-0.268772 1.113387 -0.005768
-0.267677 1.094684 -0.000460
-0.274261 1.082267 0.000426
-0.259899 1.088856 0.004148
-0.261633 1.107063 -0.001481
-0.256086 1.119465 -0.002555
-0.254007 1.101190 0.002953
-0.248553 1.113568 0.001719
-0.245945 1.095718 0.007505
-0.251694 1.083470 0.008894
-0.237338 1.090602 0.012229
-0.240566 1.108086 0.006091
-0.235759 1.120563 0.004619
-0.232208 1.102951 0.010527
-0.227532 1.115260 0.008862
-0.223319 1.098084 0.015105
-0.228311 1.085914 0.017022
-0.213999 1.093536 0.019750
-0.218727 1.110282 0.013222
-0.214668 1.122693 0.011323
-0.209645 1.105780 0.017548
-0.205714 1.117994 0.015413
-0.200061 1.101578 0.021924
-0.204297 1.089497 0.024359
-0.190115 1.097757 0.026252
-0.196215 1.113738 0.019518
-0.192861 1.126030 0.017194
-0.186486 1.109866 0.023566
-0.183170 1.122037 0.020996
-0.176317 1.106200 0.027602
-0.179832 1.094256 0.030512
-0.165780 1.102853 0.031549
-0.173140 1.118314 0.024755
-0.170314 1.130512 0.022033
-0.162737 1.114828 0.028469
-0.159987 1.126939 0.025489
-0.152090 1.111623 0.032099
-0.154985 1.099741 0.035432
-0.141052 1.108704 0.035640
-0.149417 1.123613 0.028886
-0.147039 1.135706 0.025806
-0.138593 1.120589 0.032169
-0.136347 1.132558 0.028848
-0.127399 1.117816 0.035318
-0.129724 1.106104 0.038950
-0.115879 1.115279 0.038298
-0.125210 1.129654 0.031775
-0.123338 1.141687 0.028416
-0.113951 1.127042 0.034594
-0.112131 1.138899 0.031054
-0.102302 1.124667 0.037176
-0.104094 1.113070 0.041007
-0.090343 1.122559 0.039415
-0.100643 1.136387 0.033494
-0.088799 1.134177 0.035618
-0.099036 1.148304 0.029902
-0.097701 1.160347 0.026560
-0.087513 1.145956 0.031997
-0.110527 1.150928 0.027687
-0.121641 1.153821 0.025232
-0.109146 1.163034 0.024521
-0.107977 1.175292 0.021592
-0.120216 1.166052 0.022273
-0.119040 1.178382 0.019574
-0.131203 1.169312 0.020005
-0.141943 1.172826 0.017752
-0.130146 1.181816 0.017593
-0.132584 1.156987 0.022716
-0.134304 1.144712 0.025681
-0.143272 1.160361 0.020171
-0.153845 1.163975 0.017616
-0.145022 1.147994 0.022873
-0.155501 1.151526 0.020017
-0.165768 1.155327 0.017105
-0.157595 1.139151 0.022655
-0.167829 1.142840 0.019473
-0.177750 1.146785 0.016257
-0.175651 1.159359 0.014181
-0.187366 1.150959 0.013025
-0.180266 1.134345 0.018541
-0.189847 1.138471 0.015014
-0.199140 1.142901 0.011460
-0.196666 1.155457 0.009745
-0.208189 1.147615 0.007879
-0.202194 1.130372 0.013367
-0.211145 1.135082 0.009533
-0.219746 1.140136 0.005704
-0.216737 1.152594 0.004312
-0.228058 1.145445 0.001865
-0.223309 1.127679 0.007245
-0.231642 1.132961 0.003193
-0.239559 1.138535 -0.000816
-0.236001 1.150999 -0.001950
-0.247169 1.144301 -0.004780
-0.243644 1.126085 0.000436
-0.251213 1.131844 -0.003676
-0.258338 1.138173 -0.007755
-0.254263 1.150335 -0.008770
-0.265231 1.144785 -0.011866
-0.263287 1.125816 -0.006749
-0.269990 1.132460 -0.010876
-0.276432 1.139532 -0.015040
-0.271844 1.151567 -0.016056
-0.282715 1.147005 -0.019408
-0.281769 1.127234 -0.014141
-0.287852 1.134875 -0.018352
-0.293546 1.142666 -0.022775
-0.293718 1.122565 -0.017358
-0.299268 1.130789 -0.021464
-0.300330 1.110292 -0.016434
-0.305743 1.118635 -0.020456
-0.310726 1.127110 -0.024336
-0.314753 1.135065 -0.028207
-0.304091 1.138654 -0.025649
-0.318146 1.115476 -0.023474
-0.322140 1.124493 -0.027070
-0.308175 1.145598 -0.029547
-0.298328 1.149767 -0.026889
-0.302430 1.156004 -0.030730
-0.293136 1.160904 -0.027902
-0.297069 1.166513 -0.031684
-0.288271 1.171688 -0.028680
-0.288409 1.154375 -0.023921
-0.283834 1.165809 -0.024818
-0.278170 1.158825 -0.020465
-0.279697 1.177076 -0.025519
-0.274090 1.170490 -0.021322
-0.275733 1.188079 -0.025967
-0.283799 1.182085 -0.029083
-0.287454 1.186819 -0.032538
-0.279639 1.192656 -0.029379
-0.283283 1.196947 -0.032765
-0.276014 1.203099 -0.029475
-0.272589 1.213665 -0.029428
-0.279556 1.207294 -0.032845
-0.272099 1.198737 -0.026098
-0.267103 1.193536 -0.022242
-0.268764 1.209578 -0.026006
-0.265759 1.220462 -0.025855
-0.264007 1.204666 -0.022314
-0.261265 1.215949 -0.022266
-0.258396 1.199175 -0.018407
-0.252061 1.193342 -0.014439
-0.256059 1.210959 -0.018527
-0.261072 1.187343 -0.018103
-0.254610 1.181240 -0.014055
-0.264192 1.175531 -0.017584
-0.257619 1.169109 -0.013458
-0.270409 1.182088 -0.021864
-0.267784 1.163666 -0.016910
-0.261160 1.156836 -0.012750
-0.250715 1.162915 -0.009601
-0.243587 1.156832 -0.005774
-0.247778 1.175230 -0.010258
-0.240632 1.169356 -0.006570
-0.245363 1.187538 -0.010735
-0.238256 1.181799 -0.007169
-0.243421 1.199888 -0.010985
-0.236430 1.194322 -0.007539
-0.241885 1.212296 -0.011051
-0.249905 1.205399 -0.014632
-0.248158 1.217557 -0.014653
-0.254014 1.222731 -0.018480
-0.246706 1.229667 -0.014595
-0.240738 1.224777 -0.010966
-0.245547 1.241960 -0.014421
-0.252103 1.234435 -0.018296
-0.256598 1.238533 -0.021850
-0.250277 1.245970 -0.018014
-0.248478 1.257707 -0.017939
-0.254502 1.249767 -0.021642
-0.258040 1.253192 -0.025128
-0.252397 1.261184 -0.021600
-0.255511 1.264054 -0.024972
-0.250036 1.272263 -0.021709
-0.252810 1.274870 -0.025080
-0.247352 1.283291 -0.022452
-0.246639 1.269294 -0.018133
-0.242843 1.266079 -0.014554
-0.244249 1.280616 -0.018866
-0.240857 1.277788 -0.015305
-0.241527 1.291785 -0.020380
-0.244238 1.294197 -0.023997
-0.238257 1.302755 -0.022736
-0.238329 1.289214 -0.016676
-0.235222 1.300447 -0.018937
-0.234816 1.286556 -0.013027
-0.230223 1.283116 -0.009135
-0.231928 1.297940 -0.015190
-0.236758 1.274545 -0.011604
-0.231740 1.270804 -0.007796
-0.238085 1.262281 -0.010839
-0.238970 1.249760 -0.010680
-0.232622 1.258125 -0.007271
-0.226418 1.253741 -0.004007
-0.233185 1.245356 -0.007209
-0.226485 1.240543 -0.004066
-0.233527 1.232417 -0.007419
-0.226593 1.227408 -0.004332
-0.239795 1.237269 -0.010778
-0.234115 1.219667 -0.007581
-0.235030 1.206909 -0.007685
-0.227001 1.214468 -0.004510
-0.219143 1.209135 -0.001616
-0.227675 1.201590 -0.004473
-0.219798 1.196219 -0.001414
-0.228867 1.188678 -0.004231
-0.220985 1.183327 -0.000990
-0.230713 1.176112 -0.003675
-0.222688 1.170519 -0.000264
-0.233014 1.163582 -0.002910
-0.225063 1.157976 0.000708
-0.214347 1.165299 0.003118
-0.205699 1.160254 0.006433
-0.212568 1.178056 0.002177
-0.203807 1.172980 0.005249
-0.211381 1.190899 0.001515
-0.202522 1.185845 0.004330
-0.210816 1.204000 0.001182
-0.201852 1.198903 0.003736
-0.210706 1.217232 0.001070
-0.219081 1.222374 -0.001524
-0.211039 1.230701 0.001255
-0.201799 1.212183 0.003469
-0.202206 1.225619 0.003508
-0.192384 1.207199 0.005671
-0.182703 1.202364 0.007782
-0.192654 1.220500 0.005464
-0.192629 1.194012 0.006220
-0.183028 1.189317 0.008579
-0.193365 1.180971 0.007086
-0.183934 1.176375 0.009758
-0.194702 1.168150 0.008261
-0.185338 1.163606 0.011248
-0.174154 1.171996 0.012389
-0.164131 1.167855 0.015003
-0.173131 1.184790 0.010901
-0.162951 1.180517 0.013208
-0.172572 1.197749 0.009739
-0.172616 1.210911 0.008965
-0.162276 1.193424 0.011698
-0.151788 1.189292 0.013674
-0.162099 1.206419 0.010590
-0.162314 1.219532 0.009872
-0.151354 1.202143 0.012218
-0.140478 1.198141 0.013868
-0.151356 1.215103 0.011141
-0.151648 1.228160 0.010336
-0.140268 1.210914 0.012437
-0.129112 1.207000 0.013869
-0.140345 1.223841 0.011329
-0.140683 1.236694 0.010409
-0.129038 1.219770 0.012387
-0.117624 1.216023 0.013497
-0.129197 1.232494 0.011191
-0.129414 1.245156 0.010065
-0.117597 1.228621 0.011972
-0.106011 1.225044 0.012871
-0.117698 1.241116 0.010581
-0.117744 1.253551 0.009154
-0.105974 1.237404 0.011220
-0.094341 1.234154 0.011843
-0.105972 1.249753 0.009486
-0.106012 1.261827 0.007921
-0.094243 1.246397 0.009886
-0.082568 1.243393 0.010331
-0.094205 1.258345 0.008041
-0.094042 1.270185 0.006042
-0.082494 1.255298 0.008266
-0.070875 1.252722 0.008434
-0.082367 1.267153 0.005935
-0.082254 1.278706 0.003539
-0.070786 1.264554 0.005876
-0.059321 1.262311 0.005909
-0.070653 1.276089 0.003331
-0.070431 1.287450 0.000568
-0.059209 1.273841 0.003083
-0.047770 1.271960 0.002925
-0.059023 1.285158 0.000135
-0.058726 1.296175 -0.002803
-0.047646 1.283165 -0.000081
-0.036256 1.281683 -0.000320
-0.047429 1.294150 -0.003159
-0.047111 1.304941 -0.006313
-0.036139 1.292593 -0.003489
-0.024844 1.291398 -0.003619
-0.035911 1.303310 -0.006653
-0.035609 1.313662 -0.009626
-0.024754 1.302054 -0.006864
-0.013554 1.301289 -0.007051
-0.024616 1.312399 -0.009859
-0.013482 1.311574 -0.010100
-0.024318 1.322591 -0.012866
-0.013392 1.321692 -0.013007
-0.024014 1.332461 -0.015630
-0.035274 1.323868 -0.012618
-0.046263 1.325431 -0.012186
-0.034867 1.333689 -0.015299
-0.045696 1.335302 -0.014906
-0.034407 1.343263 -0.017686
-0.045043 1.344841 -0.017348
-0.033830 1.352648 -0.019887
-0.023698 1.342025 -0.018001
-0.013004 1.341189 -0.018139
-0.023361 1.351416 -0.020075
-0.022988 1.360694 -0.021912
-0.012815 1.350628 -0.020278
-0.002317 1.350180 -0.020300
-0.012603 1.359827 -0.022005
-0.012405 1.368886 -0.023435
-0.002301 1.359449 -0.022107
-0.002283 1.368608 -0.023517
0.008000 1.359776 -0.022113
0.007838 1.368837 -0.023534
0.008179 1.350572 -0.020393
0.018379 1.360591 -0.022127
0.017953 1.369548 -0.023514
0.028696 1.361615 -0.021993
0.018718 1.351304 -0.020304
0.019025 1.341909 -0.018242
0.029174 1.352484 -0.020227
0.039713 1.353968 -0.020048
0.029718 1.343089 -0.018046
0.040335 1.344611 -0.017821
0.030152 1.333508 -0.015674
0.040957 1.335061 -0.015402
0.030539 1.323682 -0.013003
0.019316 1.332340 -0.015881
0.008531 1.331519 -0.015853
0.019604 1.322465 -0.013123
0.008691 1.321629 -0.013137
0.019894 1.312275 -0.010119
0.008775 1.311512 -0.010231
0.030864 1.313474 -0.010014
0.020034 1.301932 -0.007122
0.008850 1.301227 -0.007180
0.031166 1.303126 -0.007040
0.020139 1.291280 -0.003869
0.031406 1.292416 -0.003865
0.020262 1.280420 -0.000716
0.008919 1.290563 -0.003881
-0.002342 1.290308 -0.003899
0.008965 1.279728 -0.000659
0.008998 1.268537 0.002646
-0.002329 1.279469 -0.000617
-0.002312 1.268285 0.002703
-0.013629 1.279783 -0.000541
-0.013627 1.268587 0.002756
-0.013608 1.290621 -0.003757
-0.024943 1.280531 -0.000478
-0.025013 1.269335 0.002743
-0.036361 1.270467 0.002808
-0.025041 1.257936 0.005925
-0.036428 1.259037 0.005894
-0.013645 1.257205 0.005992
-0.025073 1.246331 0.009041
-0.025135 1.234481 0.012135
-0.013696 1.245636 0.009174
-0.036474 1.247341 0.008960
-0.047932 1.248775 0.008843
-0.036551 1.235482 0.011979
-0.036682 1.223470 0.014980
-0.048015 1.236871 0.011694
-0.059467 1.238624 0.011316
-0.048129 1.224851 0.014533
-0.048358 1.212771 0.017360
-0.059601 1.226587 0.013944
-0.071130 1.228717 0.013287
-0.059823 1.214460 0.016615
-0.060147 1.202303 0.019312
-0.071387 1.216575 0.015730
-0.082879 1.219020 0.014796
-0.071760 1.204361 0.018284
-0.072237 1.192093 0.020940
-0.083179 1.206754 0.017124
-0.094696 1.209512 0.015884
-0.083602 1.194434 0.019529
-0.084354 1.182237 0.022275
-0.095125 1.197160 0.018130
-0.106505 1.200158 0.016633
-0.095749 1.184847 0.020609
-0.096637 1.172543 0.023463
-0.107075 1.187714 0.018916
-0.118263 1.190861 0.017225
-0.117840 1.203433 0.015226
-0.129454 1.194352 0.015567
-0.085251 1.170054 0.025272
-0.086341 1.157962 0.028560
-0.073614 1.167854 0.026893
-0.072804 1.179898 0.023804
-0.062002 1.165990 0.028429
-0.074599 1.155810 0.030247
-0.062789 1.154041 0.031796
-0.075729 1.143982 0.033847
-0.076888 1.132300 0.037542
-0.063639 1.142296 0.035373
-0.051483 1.140931 0.036789
-0.064698 1.130686 0.039162
-0.052235 1.129376 0.040529
-0.065773 1.119265 0.043044
-0.053127 1.118007 0.044423
-0.078123 1.120749 0.041353
-0.066807 1.107998 0.047040
-0.054026 1.106841 0.048525
-0.079483 1.109396 0.045350
-0.067964 1.096910 0.051191
-0.069148 1.086040 0.055403
-0.080866 1.098228 0.049424
-0.093526 1.099817 0.047319
-0.082256 1.087270 0.053532
-0.095189 1.088659 0.051367
-0.083721 1.076436 0.057739
-0.070397 1.075206 0.059740
-0.096888 1.077768 0.055478
-0.085240 1.065701 0.062046
-0.086738 1.055270 0.066393
-0.098636 1.067019 0.059649
-0.071578 1.064653 0.064138
-0.057801 1.063805 0.065857
-0.072817 1.054290 0.068577
-0.058775 1.053464 0.070387
-0.074110 1.044071 0.073062
-0.059790 1.043364 0.075020
-0.075389 1.034077 0.077696
-0.060813 1.033449 0.079743
-0.076631 1.024333 0.082399
-0.061804 1.023888 0.084812
-0.077815 1.014831 0.087140
-0.062788 1.014562 0.089965
-0.078977 1.005568 0.091972
-0.063754 1.005382 0.094960
-0.080110 0.996438 0.096804
-0.064718 0.996346 0.099934
-0.081162 0.987418 0.101466
-0.065631 0.987407 0.104736
-0.082036 0.978378 0.105772
-0.066370 0.978446 0.109061
-0.082640 0.969495 0.109575
-0.066897 0.969652 0.112955
-0.082974 0.960619 0.112769
-0.067200 0.960779 0.116205
-0.083175 0.951836 0.115315
-0.067345 0.951996 0.118787
-0.083269 0.943278 0.116992
-0.067362 0.943500 0.120474
-0.083329 0.935124 0.117941
-0.067339 0.935333 0.121465
-0.083354 0.927556 0.118095
-0.067289 0.927721 0.121631
-0.083330 0.920513 0.117516
-0.067184 0.920672 0.120971
-0.083239 0.914025 0.116188
-0.066997 0.914217 0.119580
-0.083053 0.908294 0.114004
-0.066719 0.908559 0.117293
-0.082775 0.903218 0.111217
-0.066407 0.903570 0.114497
-0.082400 0.899212 0.107713
-0.066026 0.899516 0.110990
-0.081983 0.896141 0.103632
-0.065638 0.896351 0.106865
-0.081539 0.893842 0.099133
-0.065265 0.894043 0.102273
-0.081085 0.892572 0.094254
-0.064906 0.892754 0.097328
-0.080635 0.892313 0.089175
-0.064535 0.892527 0.092184
-0.064183 0.893265 0.086983
-0.048391 0.893443 0.089305
-0.049471 0.896415 0.109617
-0.050676 0.914620 0.122415
-0.051323 0.943865 0.123497
-0.050568 0.978640 0.112061
-0.047675 1.014319 0.092287
-0.044648 1.052831 0.072007
-0.111817 1.068453 0.056882
-0.109830 1.079291 0.052850
-0.124729 1.070050 0.053750
-0.122424 1.081109 0.049822
-0.137251 1.071961 0.050284
-0.149422 1.074121 0.046419
-0.134654 1.083159 0.046432
-0.139946 1.060924 0.054059
-0.152368 1.062951 0.050029
-0.164441 1.065254 0.045735
-0.155386 1.051969 0.053681
-0.167819 1.054045 0.049281
-0.158468 1.041104 0.057450
-0.171196 1.043080 0.052881
-0.174567 1.032244 0.056564
-0.183531 1.045318 0.047967
-0.195528 1.047921 0.042780
-0.179791 1.056518 0.044537
-0.176157 1.067875 0.041188
-0.191519 1.059223 0.039612
-0.202730 1.062311 0.034520
-0.187415 1.070757 0.036539
-0.198331 1.074023 0.031710
-0.183513 1.082444 0.033509
-0.194099 1.085818 0.028962
-0.172556 1.079373 0.037939
-0.161169 1.076612 0.042268
-0.169061 1.091034 0.034718
-0.158019 1.088103 0.038818
-0.146549 1.085460 0.042782
-0.143711 1.096980 0.039161
-0.132198 1.094536 0.042662
-0.120208 1.092339 0.045918
-0.107828 1.090368 0.048850
-0.117997 1.103736 0.042085
-0.105934 1.101645 0.044943
-0.208736 1.077603 0.026855
-0.218753 1.081544 0.021934
-0.213481 1.065760 0.029371
-0.223795 1.069609 0.024132
-0.218477 1.053993 0.031904
-0.229066 1.057690 0.026371
-0.207174 1.050780 0.037445
-0.223238 1.042521 0.034566
-0.234366 1.045969 0.028666
-0.245069 1.049874 0.022697
-0.239626 1.034363 0.031066
-0.250772 1.038178 0.024634
-0.244667 1.023150 0.033600
-0.256360 1.026600 0.026700
-0.261604 1.015377 0.028938
-0.267565 1.030507 0.019919
-0.278165 1.034914 0.013417
-0.261398 1.042316 0.018378
-0.273431 1.019030 0.021660
-0.284794 1.023276 0.014466
-0.278996 1.008051 0.023656
-0.266580 1.004534 0.031550
-0.291047 1.012103 0.015750
-0.284427 0.997332 0.025788
-0.271393 0.993870 0.034240
-0.297100 1.001358 0.017341
-0.289567 0.986879 0.028051
-0.275892 0.983450 0.036982
-0.302935 0.990904 0.019012
-0.294182 0.976854 0.030389
-0.279914 0.973362 0.039808
-0.308411 0.980825 0.020768
-0.298184 0.967351 0.032671
-0.283380 0.963692 0.042466
-0.313173 0.971456 0.022510
-0.301690 0.958383 0.034480
-0.286338 0.954358 0.044188
-0.317360 0.962505 0.024083
-0.304367 0.950078 0.034914
-0.288774 0.946013 0.044452
-0.320620 0.954140 0.024609
-0.306580 0.942558 0.034182
-0.290816 0.938242 0.043322
-0.322984 0.946937 0.023907
-0.308663 0.935645 0.032185
-0.292627 0.931260 0.041274
-0.325194 0.940194 0.022188
-0.310407 0.929483 0.029331
-0.294267 0.924822 0.038700
-0.327172 0.934199 0.019444
-0.311756 0.924150 0.026023
-0.295668 0.919015 0.035775
-0.312812 0.919482 0.022390
-0.296722 0.914022 0.032310
-0.313706 0.915509 0.018447
-0.297781 0.909544 0.028434
-0.298470 0.905979 0.024023
-0.298440 0.903662 0.019176
-0.282262 0.897566 0.029106
-0.297741 0.902764 0.013936
-0.279687 0.914374 0.045014
-0.342444 0.944880 0.011502
-0.340022 0.951403 0.013127
-0.336980 0.958836 0.013908
-0.332778 0.967276 0.013587
-0.327805 0.976199 0.012432
-0.322124 0.985608 0.011283
-0.315837 0.995582 0.010157
-0.309204 1.006096 0.009176
-0.302534 1.016802 0.008256
-0.313070 1.022602 0.001412
-0.295415 1.028219 0.007651
-0.305038 1.033854 0.001509
-0.288081 1.039940 0.007165
-0.280731 1.051958 0.006615
-0.271315 1.046844 0.012417
-0.273359 1.064158 0.006021
-0.264556 1.058934 0.011351
-0.266340 1.076485 0.005204
-0.257936 1.071184 0.010177
-0.248924 1.066282 0.015397
-0.239203 1.061802 0.020864
-0.242927 1.078456 0.013839
-0.255079 1.054217 0.016926
-0.233565 1.073837 0.018962
-0.273596 0.942270 0.053217
-0.262201 0.980540 0.045570
-0.091961 1.111115 0.043340
-0.040396 1.117043 0.045560
-0.039815 1.128348 0.041633
-0.039194 1.139836 0.037821
-0.027146 1.127603 0.042409
-0.026827 1.139082 0.038541
-0.014638 1.127131 0.042929
-0.014426 1.138586 0.039000
-0.002016 1.138383 0.039210
-0.014271 1.150159 0.035187
-0.014135 1.161933 0.031618
-0.002037 1.149930 0.035407
-0.026445 1.150674 0.034828
-0.038677 1.151514 0.034217
-0.026104 1.162442 0.031223
-0.025910 1.174320 0.027812
-0.038208 1.163261 0.030687
-0.037700 1.175146 0.027321
-0.050148 1.164447 0.029674
-0.049532 1.176442 0.026407
-0.050814 1.152596 0.033173
-0.048980 1.188501 0.023305
-0.061176 1.178029 0.025160
-0.060623 1.190161 0.022173
-0.048598 1.200627 0.020231
-0.037307 1.187235 0.024116
-0.025645 1.186351 0.024600
-0.037063 1.199348 0.020999
-0.036851 1.211432 0.018020
-0.025433 1.198422 0.021466
-0.025293 1.210476 0.018390
-0.013791 1.197833 0.021730
-0.013890 1.185763 0.024908
-0.002144 1.197496 0.021916
-0.013707 1.209881 0.018625
-0.002175 1.209640 0.018775
-0.013699 1.221909 0.015486
-0.013736 1.233828 0.012342
-0.002206 1.221607 0.015640
-0.025204 1.222512 0.015282
-0.002236 1.233516 0.012545
0.009283 1.221882 0.015422
0.009259 1.233794 0.012266
0.009353 1.209861 0.018574
0.020777 1.222459 0.015153
0.020645 1.234415 0.011982
0.032237 1.223390 0.014786
0.020930 1.210435 0.018287
0.021133 1.198391 0.021387
0.032473 1.211369 0.017864
0.043958 1.212687 0.017149
0.032751 1.199303 0.020878
0.033058 1.187206 0.024030
0.044268 1.200566 0.020069
0.055794 1.202227 0.019107
0.044718 1.188461 0.023189
0.045333 1.176422 0.026334
0.056342 1.190112 0.022026
0.067936 1.192034 0.020763
0.056963 1.178004 0.025068
0.057852 1.165989 0.028386
0.068576 1.179868 0.023692
0.080109 1.182203 0.022144
0.069454 1.167852 0.026841
0.070499 1.155831 0.030251
0.081079 1.170052 0.025213
0.092454 1.172541 0.023396
0.082234 1.157989 0.028565
0.083463 1.146007 0.032060
0.093587 1.160379 0.026567
0.105028 1.163073 0.024532
0.094983 1.148362 0.029975
0.096643 1.136470 0.033628
0.106474 1.150997 0.027772
0.117590 1.153900 0.025332
0.108133 1.138993 0.031206
0.119345 1.141793 0.028588
0.110000 1.127160 0.034806
0.121266 1.129787 0.032012
0.111967 1.115417 0.038565
0.098346 1.124771 0.037363
0.100176 1.113192 0.041244
0.086385 1.122649 0.039578
0.084798 1.134248 0.035734
0.074163 1.120826 0.041493
0.088039 1.111223 0.043548
0.075557 1.109488 0.045529
0.089635 1.099939 0.047568
0.076970 1.098331 0.049637
0.102048 1.101784 0.045226
0.091324 1.088792 0.051654
0.103968 1.090519 0.049175
0.093044 1.077913 0.055799
0.078385 1.087384 0.053778
0.065273 1.086135 0.055609
0.079872 1.076559 0.058016
0.066543 1.075309 0.059972
0.081409 1.065833 0.062353
0.094811 1.067173 0.060004
0.082922 1.055409 0.066728
0.067742 1.064763 0.064395
0.053961 1.063893 0.066064
0.068996 1.054406 0.068858
0.054950 1.053557 0.070613
0.070302 1.044192 0.073366
0.055977 1.043461 0.075264
0.084472 1.045073 0.071154
0.071592 1.034202 0.078021
0.057011 1.033548 0.080005
0.086037 1.034976 0.075593
0.072842 1.024460 0.082744
0.058010 1.023989 0.085089
0.087549 1.025051 0.080089
0.074034 1.014960 0.087503
0.059002 1.014665 0.090257
0.089010 1.015404 0.084681
0.075202 1.005699 0.092352
0.059974 1.005486 0.095266
0.090403 1.006002 0.089280
0.076340 0.996569 0.097201
0.060943 0.996450 0.100254
0.091697 0.996763 0.093935
0.077395 0.987547 0.101878
0.061860 0.987512 0.105069
0.092911 0.987660 0.098582
0.078273 0.978507 0.106198
0.062602 0.978549 0.109405
0.093876 0.978585 0.102799
0.078879 0.969622 0.110012
0.063132 0.969753 0.113308
0.094610 0.969592 0.106646
0.079215 0.960744 0.113215
0.063437 0.960878 0.116567
0.095004 0.960739 0.109825
0.079418 0.951957 0.115770
0.063583 0.952094 0.119155
0.095235 0.951923 0.112283
0.079514 0.943397 0.117454
0.063601 0.943595 0.120849
0.095411 0.943344 0.113974
0.079574 0.935240 0.118410
0.063580 0.935426 0.121845
0.095563 0.935163 0.114947
0.079600 0.927670 0.118569
0.063531 0.927811 0.122016
0.095668 0.927614 0.115084
0.079577 0.920624 0.117997
0.063427 0.920761 0.121360
0.095705 0.920575 0.114446
0.079487 0.914134 0.116673
0.063241 0.914304 0.119972
0.095670 0.914055 0.113143
0.079302 0.908402 0.114493
0.062963 0.908645 0.117688
0.095552 0.908212 0.111067
0.079024 0.903324 0.111709
0.062652 0.903654 0.114894
0.095348 0.903077 0.108296
0.078650 0.899317 0.108207
0.062271 0.899599 0.111389
0.095028 0.899064 0.104787
0.078234 0.896246 0.104129
0.061884 0.896434 0.107266
0.094619 0.895946 0.100697
0.077791 0.893946 0.099631
0.061512 0.894126 0.102675
0.094151 0.893685 0.096198
0.077337 0.892676 0.094753
0.061153 0.892837 0.097730
0.093646 0.892432 0.091355
0.076889 0.892418 0.089675
0.060783 0.892610 0.092587
0.093122 0.892114 0.086299
0.076437 0.893050 0.084521
0.060432 0.893349 0.087385
0.092573 0.892744 0.081159
0.075980 0.894825 0.079458
0.060099 0.895171 0.082333
0.092006 0.894467 0.076095
0.075538 0.897743 0.074675
0.091448 0.897333 0.071312
0.107466 0.896887 0.067529
0.090980 0.901490 0.066968
0.106938 0.901013 0.063142
0.123015 0.900336 0.058742
0.106457 0.906022 0.058962
0.122456 0.905274 0.054411
0.106023 0.911708 0.055009
0.121946 0.911035 0.050423
0.105645 0.918149 0.051344
0.121493 0.917554 0.046786
0.105364 0.925215 0.047970
0.121086 0.924664 0.043384
0.105194 0.932905 0.044953
0.136938 0.924206 0.038356
0.137426 0.916928 0.041687
0.137970 0.910370 0.045391
0.153518 0.916646 0.036481
0.154131 0.910010 0.040184
0.154766 0.904188 0.044326
0.170397 0.909934 0.034790
0.171087 0.904064 0.039003
0.171729 0.899084 0.043681
0.187457 0.904162 0.033376
0.188108 0.899179 0.038229
0.188742 0.895013 0.043371
0.204445 0.899409 0.032325
0.172338 0.895166 0.048853
0.189320 0.891945 0.048392
0.172917 0.892144 0.053932
0.189958 0.889973 0.053775
0.173526 0.890234 0.059323
0.157274 0.890578 0.064394
0.174118 0.889502 0.064714
0.157901 0.889888 0.069810
0.174723 0.889638 0.070122
0.158516 0.890233 0.075176
0.175313 0.890964 0.075313
0.159096 0.891529 0.080358
0.175885 0.893361 0.080155
0.159644 0.893861 0.085216
0.176453 0.896810 0.084617
0.160134 0.897275 0.089603
0.176966 0.901205 0.088458
0.160516 0.901527 0.093447
0.177214 0.906475 0.091526
0.193515 0.900678 0.082708
0.193769 0.906240 0.085675
0.193773 0.912600 0.088113
0.210375 0.906077 0.079566
0.210234 0.912661 0.081711
0.209939 0.919927 0.083338
0.226623 0.913285 0.074455
0.226046 0.920536 0.076103
0.242774 0.914884 0.066092
0.241890 0.921893 0.068071
0.258820 0.917424 0.057541
0.257584 0.924273 0.059758
0.274685 0.920926 0.048921
0.273207 0.927598 0.051274
0.290566 0.925135 0.039962
0.288925 0.931579 0.042531
0.306696 0.929788 0.030597
0.304951 0.935956 0.033448
0.323446 0.934486 0.020696
0.321467 0.940488 0.023440
0.340880 0.939168 0.010251
0.338699 0.945147 0.012723
0.358457 0.944127 -0.000759
0.355994 0.950235 0.001797
0.375640 0.949763 -0.011442
0.372583 0.956099 -0.008538
0.391712 0.957022 -0.021355
0.377809 0.944293 -0.014942
0.394562 0.951465 -0.025272
0.409519 0.961372 -0.035178
0.396455 0.946619 -0.029589
0.412020 0.956693 -0.039810
0.425266 0.970252 -0.049092
0.413426 0.953141 -0.044880
0.427258 0.967022 -0.054201
0.439455 0.983138 -0.062202
0.437088 0.985924 -0.056777
0.448542 1.001848 -0.068484
0.445707 1.004008 -0.062646
0.452882 1.023416 -0.072137
0.450021 1.024784 -0.066019
0.451795 1.046037 -0.073562
0.449388 1.047167 -0.067259
0.448273 1.068297 -0.074168
0.446242 1.069669 -0.067825
0.443832 1.090119 -0.074547
0.442058 1.091695 -0.068007
0.437803 1.111165 -0.075006
0.436081 1.112697 -0.068307
0.428637 1.129840 -0.075136
0.437737 1.108678 -0.081511
0.428972 1.127528 -0.081661
0.417271 1.141635 -0.081195
0.427750 1.124176 -0.087583
0.416661 1.138588 -0.087135
0.404434 1.147625 -0.086212
0.404692 1.149994 -0.080214
0.392399 1.151992 -0.084952
0.403128 1.143233 -0.091252
0.391298 1.148159 -0.089803
0.380507 1.150782 -0.088273
0.389199 1.142521 -0.093370
0.378424 1.145467 -0.091540
0.368020 1.148583 -0.089735
0.375709 1.139183 -0.093571
0.365532 1.142506 -0.091518
0.356148 1.146209 -0.089837
0.362608 1.135947 -0.092587
0.353196 1.139956 -0.090718
0.344618 1.144961 -0.089361
0.349876 1.133523 -0.091075
0.341297 1.138925 -0.089512
0.333305 1.145192 -0.088293
0.337587 1.132497 -0.089212
0.329667 1.139483 -0.088097
0.322183 1.146490 -0.087003
0.325569 1.133087 -0.087240
0.318072 1.140639 -0.086104
0.311084 1.148724 -0.084966
0.313642 1.134665 -0.084531
0.306600 1.143010 -0.083388
0.300081 1.151772 -0.082230
0.301788 1.137378 -0.081085
0.295291 1.146395 -0.079971
0.289281 1.155679 -0.078827
0.294043 1.160828 -0.081105
0.283664 1.165143 -0.077717
0.288340 1.169904 -0.079938
0.278563 1.174778 -0.076976
0.278571 1.160261 -0.075081
0.273464 1.169929 -0.074284
0.268936 1.180086 -0.073679
0.273621 1.184431 -0.076085
0.264751 1.190329 -0.073014
0.269100 1.194365 -0.075200
0.260505 1.200424 -0.072168
0.259541 1.185888 -0.070269
0.255627 1.196391 -0.069558
0.251710 1.206670 -0.068674
0.250324 1.192182 -0.066841
0.246812 1.202913 -0.066128
0.243570 1.214002 -0.065449
0.240891 1.198917 -0.063208
0.238068 1.210248 -0.062715
0.235506 1.221643 -0.062230
0.231780 1.206189 -0.059742
0.229428 1.217798 -0.059322
0.227258 1.229496 -0.058965
0.223097 1.214161 -0.056531
0.221039 1.226005 -0.056195
0.219030 1.237824 -0.055987
0.214537 1.222577 -0.053570
0.212711 1.234599 -0.053422
0.210723 1.246545 -0.053504
0.205953 1.231257 -0.050984
0.204234 1.243478 -0.051165
0.202272 1.255560 -0.051760
0.197095 1.240324 -0.048983
0.195300 1.252503 -0.049627
0.193318 1.264555 -0.050825
0.187950 1.249510 -0.047783
0.186250 1.261747 -0.049053
0.184164 1.273933 -0.051087
0.178738 1.258887 -0.047506
0.176994 1.271210 -0.049581
0.174740 1.283225 -0.052315
0.168103 1.268114 -0.048296
0.166102 1.280308 -0.051070
0.163510 1.292118 -0.054557
0.156663 1.277196 -0.050093
0.154441 1.289154 -0.053543
0.151893 1.300859 -0.057631
0.144598 1.286099 -0.052957
0.142322 1.297908 -0.056914
0.139822 1.309425 -0.061466
0.132231 1.294948 -0.056610
0.130013 1.306615 -0.061097
0.127694 1.318071 -0.065945
0.119665 1.303812 -0.060964
0.117650 1.315369 -0.065865
0.115526 1.326703 -0.071011
0.107251 1.312758 -0.065963
0.105425 1.324166 -0.071178
0.103582 1.335388 -0.076626
0.094960 1.321815 -0.071497
0.093374 1.333117 -0.076954
0.091867 1.344202 -0.082527
0.083042 1.330960 -0.077384
0.081706 1.342087 -0.082977
0.080418 1.352947 -0.088584
0.071402 1.340097 -0.083508
0.070289 1.351002 -0.089292
0.069278 1.361655 -0.094920
0.060107 1.349234 -0.089958
0.059249 1.359857 -0.095769
0.058468 1.370296 -0.101430
0.049149 1.358276 -0.096530
0.048514 1.368667 -0.102324
0.047988 1.378716 -0.107965
0.038469 1.367224 -0.103061
0.038049 1.377286 -0.108789
0.037740 1.387049 -0.114429
0.047557 1.388543 -0.113442
0.037529 1.396572 -0.119769
0.047261 1.397954 -0.118703
0.037422 1.405649 -0.124860
0.047045 1.407067 -0.123707
0.037330 1.414222 -0.129574
0.046912 1.415665 -0.128397
0.037164 1.422446 -0.133877
0.046695 1.423881 -0.132641
0.037024 1.429317 -0.137352
0.046413 1.430989 -0.136166
0.036796 1.435146 -0.140166
0.046120 1.436552 -0.138719
0.055413 1.437987 -0.137223
0.045868 1.441266 -0.140835
0.055119 1.442822 -0.139210
0.045555 1.445900 -0.142750
0.054786 1.447514 -0.141090
0.045161 1.450243 -0.144457
0.054445 1.451806 -0.142734
0.044774 1.454473 -0.146070
0.054070 1.455925 -0.144147
0.044378 1.458474 -0.147343
0.053671 1.459909 -0.145452
0.043987 1.462296 -0.148380
0.053287 1.463567 -0.146411
0.043583 1.465971 -0.149108
0.034766 1.460925 -0.149687
0.034420 1.464697 -0.150429
0.034111 1.468368 -0.150732
0.043154 1.469576 -0.149696
0.033607 1.471827 -0.150804
0.042596 1.473115 -0.149850
0.032724 1.475139 -0.150620
0.042028 1.476400 -0.149772
0.031916 1.477853 -0.149778
0.041436 1.479123 -0.149028
0.031140 1.480412 -0.148593
0.030500 1.482529 -0.146869
0.040797 1.481847 -0.148170
0.040268 1.483909 -0.146581
0.050583 1.482277 -0.146741
0.050171 1.484380 -0.145493
0.051098 1.479614 -0.147492
0.060343 1.482388 -0.144966
0.060730 1.479916 -0.145595
0.070137 1.482870 -0.143693
0.059994 1.484517 -0.143989
0.069798 1.485090 -0.142983
0.059618 1.486245 -0.142457
0.069484 1.486910 -0.141766
0.049765 1.486097 -0.143725
0.059289 1.487631 -0.140624
0.049394 1.487262 -0.141468
0.069173 1.488337 -0.140114
0.058990 1.488486 -0.138316
0.049094 1.487814 -0.138721
0.068932 1.489628 -0.138294
0.058772 1.488909 -0.135715
0.048855 1.487751 -0.135620
0.068785 1.490314 -0.136053
0.058650 1.488985 -0.132990
0.068696 1.490626 -0.133559
0.058545 1.488440 -0.129879
0.068620 1.490686 -0.130755
0.058339 1.487803 -0.126494
0.068694 1.490170 -0.127539
0.058020 1.486522 -0.122565
0.068685 1.489714 -0.124444
0.057750 1.485040 -0.118649
0.068537 1.488789 -0.120870
0.057853 1.483660 -0.114975
0.068569 1.487728 -0.117646
0.058203 1.482233 -0.110933
0.048647 1.479911 -0.112366
0.049963 1.478341 -0.107993
0.051813 1.476692 -0.102801
0.041946 1.474556 -0.105126
0.044119 1.472815 -0.099597
0.034524 1.470786 -0.101844
0.036457 1.468979 -0.096445
0.037941 1.467451 -0.090922
0.045912 1.471387 -0.094193
0.039001 1.466640 -0.085343
0.047142 1.470623 -0.088679
0.039372 1.467139 -0.079810
0.047664 1.470881 -0.082956
0.038514 1.469279 -0.074451
0.030751 1.463418 -0.076643
0.030154 1.465908 -0.071797
0.027352 1.470779 -0.067478
0.020034 1.463432 -0.069585
0.018193 1.468652 -0.065694
0.015845 1.474809 -0.062610
0.008416 1.467116 -0.064267
0.007163 1.473501 -0.061406
-0.002067 1.473025 -0.060969
0.006291 1.479464 -0.059881
0.014148 1.480582 -0.061098
-0.002059 1.479120 -0.059413
-0.010408 1.479474 -0.059850
-0.011294 1.473514 -0.061371
-0.018260 1.480602 -0.061040
-0.019971 1.474831 -0.062543
-0.025538 1.482203 -0.062714
-0.027989 1.476700 -0.064286
-0.032509 1.484036 -0.064571
-0.035423 1.478883 -0.066271
-0.038731 1.485913 -0.066632
-0.042034 1.481097 -0.068444
-0.044895 1.487830 -0.068668
-0.048431 1.483276 -0.070608
-0.050936 1.489810 -0.070712
-0.054831 1.485492 -0.072808
-0.056546 1.491603 -0.072444
-0.060783 1.487540 -0.074681
-0.061626 1.493332 -0.073820
-0.066236 1.489529 -0.076171
-0.066107 1.494794 -0.074489
-0.070995 1.491272 -0.076863
-0.069969 1.495960 -0.074567
-0.075060 1.492627 -0.076722
-0.073316 1.496795 -0.074079
-0.078562 1.493471 -0.075977
-0.076072 1.497275 -0.073163
-0.081401 1.493819 -0.074640
-0.078191 1.497321 -0.071695
-0.083456 1.493545 -0.072762
-0.079651 1.497060 -0.069849
-0.084923 1.492853 -0.070522
-0.080612 1.496460 -0.067582
-0.085894 1.491957 -0.068035
-0.081012 1.495766 -0.065215
-0.086379 1.490971 -0.065517
-0.080937 1.494953 -0.062785
-0.086695 1.489913 -0.062967
-0.080711 1.494094 -0.060194
-0.086524 1.488581 -0.060218
-0.079877 1.493145 -0.057789
-0.085839 1.487338 -0.057526
-0.078984 1.492109 -0.055251
-0.084982 1.486001 -0.054769
-0.077738 1.491065 -0.052701
-0.083819 1.484547 -0.052021
-0.076019 1.489894 -0.050167
-0.082247 1.483043 -0.049236
-0.074258 1.488711 -0.047673
-0.080371 1.481628 -0.046577
-0.072010 1.487552 -0.045314
-0.078061 1.480148 -0.043822
-0.069481 1.486374 -0.042844
-0.075200 1.478835 -0.041284
-0.066111 1.485007 -0.040383
-0.071857 1.476975 -0.038456
-0.062557 1.483642 -0.038108
-0.067969 1.475144 -0.036110
-0.058063 1.482177 -0.036007
-0.063020 1.473391 -0.033962
-0.052713 1.480496 -0.034232
-0.057163 1.471484 -0.032178
-0.046893 1.478909 -0.032812
-0.050886 1.469566 -0.030765
-0.040740 1.477327 -0.031761
-0.044330 1.467780 -0.029763
-0.034652 1.476002 -0.031042
-0.037856 1.466275 -0.029072
-0.028423 1.474989 -0.030511
-0.030841 1.465198 -0.028597
-0.022016 1.474179 -0.030123
-0.023805 1.464427 -0.028281
-0.015421 1.473634 -0.029866
-0.016630 1.463835 -0.028004
-0.008763 1.473258 -0.029664
-0.009369 1.463426 -0.027840
-0.002075 1.473072 -0.029591
-0.002090 1.463272 -0.027745
0.004613 1.473250 -0.029690
0.005190 1.463416 -0.027871
0.011273 1.473616 -0.029917
0.012453 1.463812 -0.028064
0.017870 1.474152 -0.030198
0.019630 1.464394 -0.028370
0.024280 1.474955 -0.030608
0.026669 1.465156 -0.028712
0.030513 1.475961 -0.031161
0.033689 1.466225 -0.029213
0.036607 1.477281 -0.031899
0.040169 1.467722 -0.029925
0.042766 1.478857 -0.032967
0.046732 1.469502 -0.030946
0.048593 1.480441 -0.034403
0.053018 1.471416 -0.032375
0.053951 1.482118 -0.036191
0.058884 1.473321 -0.034173
0.058451 1.483583 -0.038303
0.063842 1.475072 -0.036331
0.062011 1.484946 -0.040585
0.067739 1.476903 -0.038683
0.065388 1.486312 -0.043052
0.071090 1.478762 -0.041515
0.067922 1.487490 -0.045526
0.073958 1.480076 -0.044058
0.070176 1.488649 -0.047889
0.076275 1.481557 -0.046814
0.071943 1.489833 -0.050385
0.078158 1.482973 -0.049475
0.073667 1.491003 -0.052920
0.079737 1.484479 -0.052260
0.074918 1.492048 -0.055472
0.080906 1.485933 -0.055007
0.075815 1.493085 -0.058010
0.081769 1.487272 -0.057764
0.076653 1.494036 -0.060416
0.082459 1.488515 -0.060456
0.076883 1.494896 -0.063006
0.082635 1.489850 -0.063202
0.076961 1.495710 -0.065435
0.082322 1.490909 -0.065751
0.076564 1.496403 -0.067800
0.081841 1.491896 -0.068266
0.075604 1.497007 -0.070065
0.080873 1.492792 -0.070750
0.074146 1.497267 -0.071907
0.079407 1.493487 -0.072987
0.072026 1.497221 -0.073371
0.077353 1.493761 -0.074860
0.069268 1.496742 -0.074282
0.074512 1.493415 -0.076192
0.065917 1.495907 -0.074763
0.071006 1.492572 -0.076930
0.062051 1.494742 -0.074677
0.066936 1.491216 -0.077064
0.057565 1.493282 -0.073999
0.062170 1.489475 -0.076364
0.052477 1.491556 -0.072612
0.056709 1.487487 -0.074863
0.046860 1.489765 -0.070867
0.050749 1.485441 -0.072977
0.040811 1.487789 -0.068808
0.044339 1.483228 -0.070762
0.034639 1.485875 -0.066755
0.037932 1.481053 -0.068580
0.028410 1.484004 -0.064675
0.031313 1.478845 -0.066389
0.021431 1.482177 -0.062797
0.023870 1.476669 -0.064381
0.035363 1.473576 -0.069817
0.042829 1.476286 -0.072223
0.046703 1.472488 -0.077212
0.049827 1.478816 -0.074767
0.054105 1.475721 -0.080438
0.056819 1.481401 -0.077437
0.061359 1.479073 -0.083696
0.063493 1.484113 -0.079923
0.068783 1.482503 -0.087065
0.069240 1.486634 -0.081477
0.076331 1.486048 -0.089854
0.075023 1.488932 -0.082650
0.079451 1.490673 -0.082152
0.084861 1.489186 -0.092051
0.089861 1.490876 -0.090151
0.093800 1.492708 -0.103643
0.080715 1.487319 -0.098919
0.099790 1.492936 -0.098232
0.107311 1.495727 -0.107117
0.094001 1.493952 -0.110703
0.081000 1.488527 -0.105609
0.093269 1.494353 -0.113670
0.106164 1.496608 -0.110919
0.104811 1.497151 -0.114497
0.118320 1.497392 -0.112797
0.131440 1.495556 -0.115052
0.119982 1.495654 -0.109119
0.116411 1.498709 -0.116211
0.130380 1.497531 -0.118005
0.114835 1.499761 -0.119999
0.128907 1.499317 -0.121590
0.103395 1.497592 -0.117803
0.114080 1.500180 -0.122515
0.113218 1.500584 -0.125471
0.128091 1.500464 -0.124660
0.102252 1.498008 -0.121044
0.101660 1.498350 -0.123676
0.091611 1.495055 -0.119858
0.079728 1.490867 -0.116873
0.092484 1.494659 -0.116467
0.091009 1.495373 -0.122426
0.079504 1.491766 -0.120221
0.090465 1.495686 -0.124877
0.079422 1.492331 -0.123097
0.101040 1.498591 -0.126546
0.090194 1.496124 -0.127670
0.079391 1.492954 -0.126219
0.100486 1.498811 -0.129531
0.089753 1.496142 -0.130702
0.079315 1.493268 -0.129027
0.099994 1.498814 -0.132420
0.089460 1.495869 -0.133397
0.079089 1.493213 -0.131859
0.099717 1.498512 -0.135139
0.089172 1.495422 -0.136013
0.078928 1.492801 -0.134460
0.099536 1.497822 -0.137634
0.089067 1.494642 -0.138318
0.078877 1.492255 -0.136871
0.099460 1.496784 -0.139790
0.089159 1.493364 -0.140154
0.078959 1.491166 -0.138832
0.099517 1.495492 -0.141590
0.089239 1.491793 -0.141586
0.079079 1.489883 -0.140501
0.099702 1.493634 -0.142940
0.089356 1.489887 -0.142612
0.079345 1.488180 -0.141849
0.099862 1.491629 -0.143881
0.089518 1.487746 -0.143333
0.079638 1.486192 -0.142801
0.099961 1.489374 -0.144561
0.089770 1.485433 -0.143848
0.079978 1.483811 -0.143165
0.100088 1.486826 -0.144689
0.090105 1.482755 -0.143875
0.080308 1.481359 -0.143535
0.090431 1.479912 -0.143627
0.100309 1.484130 -0.144623
0.100590 1.481194 -0.144340
0.110808 1.485058 -0.145542
0.122358 1.484496 -0.146482
0.110895 1.487721 -0.145755
0.110771 1.482155 -0.145093
0.110844 1.478990 -0.144527
0.122046 1.481860 -0.145959
0.121685 1.478632 -0.145302
0.134248 1.479097 -0.146521
0.133138 1.475798 -0.145774
0.135135 1.481951 -0.147097
0.146277 1.474046 -0.146792
0.144948 1.471142 -0.146056
0.158385 1.466030 -0.145825
0.147817 1.476711 -0.147442
0.160279 1.467983 -0.146182
0.149257 1.479176 -0.147739
0.150629 1.481287 -0.147595
0.135812 1.484695 -0.147639
0.162314 1.470030 -0.146553
0.164200 1.471825 -0.146535
0.173791 1.458350 -0.143419
0.176103 1.459858 -0.143308
0.183306 1.445355 -0.139367
0.171588 1.456800 -0.143344
0.181010 1.444158 -0.139321
0.169405 1.455158 -0.143045
0.178427 1.442841 -0.139062
0.167189 1.453678 -0.142580
0.175985 1.441606 -0.138768
0.164855 1.451985 -0.141762
0.156729 1.464091 -0.145397
0.154787 1.461493 -0.144296
0.152833 1.459402 -0.143183
0.143730 1.468560 -0.145137
0.132386 1.472944 -0.144882
0.142066 1.465968 -0.144140
0.131501 1.470265 -0.144007
0.140622 1.463415 -0.143124
0.150741 1.457333 -0.142053
0.130215 1.467363 -0.142838
0.139286 1.460649 -0.141756
0.148544 1.455139 -0.140849
0.129186 1.464619 -0.141587
0.137894 1.457999 -0.140415
0.146485 1.453144 -0.139739
0.136298 1.455196 -0.138965
0.128292 1.461502 -0.140266
0.127573 1.458266 -0.138948
0.119352 1.462749 -0.139869
0.118854 1.459228 -0.138506
0.110145 1.462549 -0.139501
0.119838 1.466068 -0.141095
0.110297 1.465870 -0.140578
0.120191 1.469267 -0.142244
0.110466 1.469195 -0.141646
0.120571 1.472579 -0.143423
0.110681 1.472581 -0.142726
0.121107 1.475545 -0.144415
0.110838 1.475951 -0.143768
0.100823 1.475002 -0.143024
0.090978 1.474049 -0.142804
0.100741 1.478177 -0.143825
0.100941 1.471845 -0.142289
0.091112 1.470844 -0.142000
0.100966 1.468606 -0.141435
0.091257 1.467663 -0.141207
0.100864 1.465251 -0.140342
0.091407 1.464382 -0.140368
0.100802 1.461896 -0.139245
0.091478 1.461013 -0.139277
0.100803 1.458550 -0.138156
0.100701 1.455067 -0.136883
0.091547 1.457596 -0.138162
0.109947 1.459116 -0.138243
0.109701 1.455596 -0.136833
0.118311 1.455750 -0.137144
0.109440 1.452034 -0.135392
0.100562 1.451315 -0.135426
0.117690 1.452075 -0.135598
0.109044 1.448044 -0.133704
0.108818 1.442183 -0.131096
0.100558 1.446707 -0.133620
0.116992 1.448142 -0.133800
0.124430 1.448053 -0.134104
0.116475 1.443496 -0.131655
0.123634 1.444088 -0.132232
0.116224 1.437316 -0.128773
0.108810 1.435796 -0.128237
0.116376 1.430565 -0.125606
0.123247 1.439183 -0.129953
0.123083 1.432532 -0.126813
0.129589 1.440159 -0.131049
0.129162 1.434676 -0.128359
0.135270 1.439939 -0.131755
0.130567 1.443926 -0.132934
0.136691 1.442738 -0.133289
0.131569 1.447221 -0.134585
0.132652 1.450450 -0.136202
0.138607 1.444939 -0.134653
0.140619 1.447055 -0.135987
0.146935 1.438758 -0.133162
0.144695 1.437191 -0.132018
0.149069 1.440274 -0.134261
0.154076 1.429055 -0.129619
0.151268 1.427426 -0.128295
0.158881 1.418582 -0.125026
0.156447 1.430669 -0.130842
0.162119 1.420180 -0.126479
0.158784 1.432106 -0.131952
0.164576 1.421345 -0.127501
0.151307 1.441760 -0.135347
0.161122 1.433525 -0.133052
0.163453 1.434929 -0.134142
0.167102 1.422545 -0.128555
0.153616 1.443261 -0.136436
0.144507 1.450974 -0.138469
0.155783 1.444758 -0.137496
0.158077 1.446578 -0.138647
0.165983 1.436287 -0.135223
0.160249 1.448498 -0.139772
0.168471 1.437637 -0.136201
0.162502 1.450339 -0.140853
0.170868 1.438982 -0.137058
0.173505 1.440312 -0.137934
0.177294 1.427099 -0.132565
0.174676 1.425947 -0.131621
0.179919 1.428146 -0.133185
0.182410 1.415300 -0.127543
0.179576 1.414444 -0.126683
0.185107 1.416108 -0.128085
0.186560 1.403725 -0.122212
0.190518 1.392969 -0.116815
0.189445 1.404433 -0.122848
0.183751 1.403009 -0.121402
0.180923 1.402236 -0.120400
0.187664 1.392260 -0.116071
0.184782 1.391514 -0.114983
0.191673 1.381884 -0.110684
0.195808 1.371814 -0.105246
0.188813 1.381179 -0.109542
0.194608 1.382558 -0.111477
0.197476 1.383179 -0.112168
0.198693 1.372505 -0.106260
0.201559 1.373213 -0.106975
0.202820 1.362813 -0.100824
0.205662 1.363505 -0.101749
0.199970 1.362043 -0.099690
0.207073 1.353225 -0.095621
0.204229 1.352463 -0.094436
0.211472 1.343852 -0.090667
0.209926 1.354076 -0.096628
0.212688 1.354897 -0.097048
0.214314 1.344739 -0.091876
0.218831 1.335453 -0.087360
0.217053 1.345600 -0.092350
0.219818 1.346399 -0.092825
0.221567 1.336479 -0.088023
0.226155 1.327489 -0.084117
0.224304 1.337428 -0.088617
0.226956 1.338245 -0.088671
0.228849 1.328471 -0.084774
0.233394 1.319484 -0.081472
0.231433 1.329316 -0.084818
0.233969 1.330144 -0.084613
0.235930 1.320619 -0.081727
0.240421 1.311783 -0.079281
0.238508 1.321744 -0.081843
0.240759 1.322743 -0.081265
0.242941 1.312982 -0.079493
0.247357 1.304134 -0.077753
0.245236 1.314101 -0.079011
0.247470 1.315277 -0.078088
0.249650 1.305419 -0.077267
0.254048 1.296682 -0.076231
0.251875 1.306640 -0.076371
0.253874 1.307718 -0.074931
0.256269 1.298028 -0.075411
0.260578 1.289309 -0.074759
0.258336 1.299234 -0.073976
0.260046 1.300183 -0.071732
0.262563 1.290573 -0.073166
0.266838 1.281883 -0.072831
0.264372 1.291654 -0.071053
0.265809 1.292403 -0.068172
0.268684 1.283102 -0.070786
0.270081 1.283705 -0.067823
0.272810 1.274384 -0.070619
0.276933 1.265602 -0.070716
0.274103 1.274972 -0.067789
0.270948 1.273137 -0.072630
0.275300 1.264521 -0.073131
0.268924 1.271699 -0.074412
0.264738 1.280458 -0.074263
0.266658 1.270038 -0.075398
0.273219 1.262977 -0.074836
0.277585 1.254307 -0.075415
0.270856 1.261188 -0.075821
0.275215 1.252432 -0.076645
0.268366 1.259280 -0.076275
0.272659 1.250397 -0.077201
0.265781 1.257279 -0.076369
0.264215 1.268299 -0.075731
0.260105 1.277304 -0.075554
0.261620 1.266422 -0.075609
0.258940 1.264437 -0.075317
0.257594 1.275600 -0.075556
0.253433 1.284683 -0.075779
0.254908 1.273768 -0.075097
0.252088 1.271815 -0.074429
0.250850 1.283023 -0.075373
0.246642 1.292298 -0.076086
0.248101 1.281332 -0.074565
0.245269 1.279549 -0.073525
0.243983 1.290705 -0.075133
0.239662 1.300051 -0.076377
0.241193 1.289063 -0.074076
0.238217 1.287275 -0.072683
0.236943 1.298545 -0.075387
0.232570 1.307936 -0.077388
0.234088 1.296989 -0.074013
0.231125 1.295378 -0.072485
0.229689 1.306532 -0.076060
0.225178 1.315899 -0.078622
0.226835 1.305132 -0.074614
0.223817 1.303699 -0.072793
0.222353 1.314706 -0.077312
0.217801 1.324190 -0.080637
0.219412 1.313400 -0.075654
0.216375 1.312071 -0.073857
0.214869 1.322989 -0.079132
0.210348 1.332563 -0.083390
0.211979 1.321882 -0.077483
0.209019 1.320738 -0.075852
0.207458 1.331533 -0.081805
0.202820 1.341095 -0.086618
0.204540 1.330471 -0.080244
0.201489 1.329410 -0.078707
0.199833 1.340139 -0.085170
0.195339 1.349828 -0.090432
0.196635 1.339117 -0.083579
0.193056 1.337981 -0.081823
0.192230 1.348921 -0.089000
0.188199 1.358924 -0.094629
0.188826 1.347915 -0.087381
0.184838 1.346757 -0.085570
0.184937 1.358009 -0.093208
0.180952 1.368054 -0.099008
0.180626 1.356773 -0.091324
0.176114 1.355476 -0.089442
0.176579 1.366827 -0.097160
0.172823 1.377019 -0.103062
0.172034 1.365550 -0.095321
0.167222 1.364185 -0.093460
0.168569 1.375809 -0.101378
0.165230 1.386003 -0.107266
0.163910 1.374454 -0.099587
0.158631 1.372887 -0.097623
0.160837 1.384641 -0.105557
0.155692 1.383037 -0.103615
0.157681 1.394790 -0.111254
0.152873 1.393123 -0.109385
0.162200 1.396366 -0.113059
0.154910 1.405025 -0.116779
0.150240 1.403201 -0.114887
0.158969 1.406678 -0.118471
0.152141 1.415332 -0.122050
0.148529 1.425719 -0.126937
0.147801 1.413249 -0.120155
0.155518 1.416929 -0.123520
0.145300 1.423801 -0.125373
0.143104 1.411169 -0.118201
0.137733 1.409236 -0.116378
0.141083 1.421591 -0.123486
0.145332 1.401280 -0.112941
0.139892 1.399472 -0.111162
0.147760 1.391433 -0.107499
0.150398 1.381398 -0.101704
0.142079 1.389717 -0.105641
0.144635 1.379686 -0.099784
0.136213 1.387975 -0.103844
0.134144 1.397689 -0.109339
0.138591 1.377924 -0.097987
0.129729 1.386123 -0.102277
0.127773 1.395888 -0.107840
0.131934 1.376051 -0.096489
0.122675 1.384248 -0.101034
0.120864 1.394105 -0.106633
0.114733 1.382242 -0.100161
0.124676 1.374091 -0.095229
0.126893 1.363774 -0.089287
0.116573 1.372028 -0.094393
0.118504 1.361622 -0.088584
0.107869 1.369888 -0.093895
0.109612 1.359411 -0.088073
0.098571 1.367744 -0.093709
0.106213 1.380181 -0.099634
0.104694 1.390195 -0.105232
0.097112 1.378088 -0.099481
0.087762 1.376001 -0.099477
0.095860 1.388172 -0.105063
0.094746 1.397935 -0.110377
0.086622 1.386129 -0.105119
0.077196 1.384090 -0.105484
0.085706 1.395920 -0.110539
0.084979 1.405288 -0.115600
0.076402 1.393955 -0.110915
0.066911 1.392020 -0.111571
0.075802 1.403309 -0.116015
0.075283 1.412493 -0.120856
0.066415 1.401376 -0.116723
0.056915 1.399508 -0.117602
0.065994 1.410427 -0.121619
0.056613 1.408646 -0.122571
0.065639 1.419125 -0.126141
0.056335 1.417329 -0.127128
0.074827 1.420968 -0.125201
0.065297 1.427157 -0.130025
0.056038 1.425504 -0.131354
0.064984 1.434571 -0.133456
0.074432 1.428971 -0.129123
0.074071 1.436084 -0.132297
0.083508 1.430890 -0.128467
0.083140 1.437896 -0.131614
0.092312 1.432627 -0.128116
0.083900 1.422862 -0.124665
0.084366 1.414418 -0.120441
0.092678 1.424615 -0.124359
0.093165 1.416314 -0.120284
0.101000 1.426461 -0.124469
0.101562 1.418172 -0.120416
0.100613 1.434384 -0.128258
0.109040 1.428431 -0.124769
0.109615 1.420057 -0.120651
0.110393 1.411424 -0.116317
0.116900 1.422155 -0.121496
0.117844 1.413337 -0.117064
0.123461 1.424323 -0.122809
0.129386 1.426597 -0.124387
0.124526 1.415210 -0.118177
0.125983 1.405636 -0.113241
0.130547 1.417223 -0.119689
0.135825 1.419493 -0.121566
0.132279 1.407461 -0.114646
0.134526 1.429290 -0.126487
0.134637 1.436325 -0.129963
0.138756 1.429589 -0.127240
0.140497 1.433835 -0.129666
0.142582 1.435632 -0.130899
0.119244 1.403851 -0.112040
0.111563 1.401942 -0.111246
0.103387 1.399953 -0.110648
0.113075 1.392199 -0.105751
0.102293 1.409393 -0.115808
0.093867 1.407335 -0.115471
0.100557 1.440991 -0.131210
0.092100 1.439716 -0.131348
0.091946 1.444874 -0.133397
0.082884 1.443287 -0.133802
0.091783 1.449728 -0.135350
0.082680 1.448052 -0.135606
0.091636 1.454111 -0.137027
0.082457 1.452534 -0.137263
0.082267 1.456286 -0.138469
0.073187 1.450705 -0.137944
0.073483 1.446285 -0.136366
0.064009 1.449131 -0.139339
0.072949 1.454854 -0.139406
0.063659 1.453280 -0.140771
0.072662 1.458753 -0.140662
0.082069 1.459965 -0.139645
0.072363 1.462281 -0.141611
0.063322 1.457321 -0.142157
0.062971 1.461225 -0.143469
0.062592 1.464656 -0.144201
0.062219 1.468010 -0.144887
0.072081 1.465663 -0.142513
0.071759 1.469030 -0.143350
0.081628 1.466641 -0.141446
0.081845 1.463364 -0.140568
0.081406 1.469945 -0.142323
0.081150 1.473092 -0.142986
0.071386 1.472190 -0.143830
0.080883 1.475900 -0.143267
0.071067 1.475094 -0.144126
0.090733 1.477071 -0.143301
0.080594 1.478759 -0.143550
0.070762 1.477954 -0.144458
0.061102 1.477320 -0.145935
0.070469 1.480449 -0.144173
0.061445 1.474457 -0.145803
0.051547 1.476945 -0.147982
0.051949 1.473848 -0.147801
0.052472 1.470526 -0.147631
0.061825 1.471376 -0.145511
0.052916 1.467001 -0.147099
0.064346 1.444520 -0.137522
0.064663 1.439709 -0.135557
0.073785 1.441652 -0.134621
0.055676 1.432743 -0.134816
0.057296 1.390208 -0.112509
0.057833 1.380359 -0.106948
0.067587 1.382145 -0.106158
0.068370 1.372053 -0.100561
0.078151 1.373951 -0.099913
0.079219 1.363587 -0.094287
0.089038 1.365637 -0.093850
0.090425 1.355018 -0.088185
0.100171 1.357186 -0.087943
0.101822 1.346405 -0.082311
0.111463 1.348725 -0.082300
0.113426 1.337794 -0.076574
0.120553 1.351015 -0.082661
0.122886 1.340265 -0.076788
0.129295 1.353336 -0.083323
0.136938 1.355478 -0.084548
0.131881 1.342693 -0.077513
0.134556 1.331834 -0.071845
0.139838 1.344938 -0.078632
0.147250 1.347045 -0.080053
0.142861 1.334213 -0.072918
0.145935 1.323318 -0.067386
0.150568 1.336459 -0.074253
0.157370 1.338524 -0.075862
0.154091 1.325801 -0.068657
0.157473 1.314875 -0.063481
0.161147 1.327953 -0.070171
0.167512 1.329928 -0.071890
0.164856 1.317198 -0.064920
0.168557 1.306238 -0.060129
0.171541 1.319344 -0.066567
0.177431 1.321252 -0.068361
0.175538 1.308513 -0.061729
0.179021 1.297379 -0.057501
0.181401 1.310525 -0.063470
0.187004 1.312500 -0.065431
0.185051 1.299593 -0.059245
0.188244 1.288177 -0.055659
0.190825 1.301709 -0.061193
0.196273 1.303754 -0.063347
0.194319 1.290558 -0.057607
0.197347 1.279071 -0.054856
0.199910 1.292864 -0.059824
0.205324 1.295137 -0.062322
0.203166 1.281607 -0.057094
0.206078 1.270234 -0.055270
0.208657 1.284112 -0.059593
0.213564 1.286451 -0.062109
0.211659 1.272813 -0.057734
0.214408 1.261423 -0.056597
0.216949 1.275424 -0.060348
0.221555 1.277770 -0.062841
0.220030 1.264265 -0.059281
0.222631 1.252678 -0.058718
0.224866 1.266757 -0.061805
0.228783 1.269052 -0.064119
0.227772 1.255697 -0.061452
0.230512 1.244423 -0.061479
0.231752 1.258288 -0.063660
0.235537 1.260709 -0.065929
0.234798 1.247213 -0.063886
0.237639 1.236094 -0.064227
0.238781 1.249847 -0.066153
0.242516 1.252452 -0.068359
0.242014 1.239146 -0.066701
0.245173 1.228409 -0.067249
0.245907 1.242067 -0.068943
0.249664 1.244960 -0.070944
0.249387 1.231487 -0.069611
0.252869 1.221001 -0.070405
0.253267 1.234506 -0.071505
0.257049 1.237698 -0.073566
0.256921 1.224478 -0.072423
0.260678 1.214252 -0.073456
0.260826 1.227751 -0.074444
0.264622 1.230970 -0.076127
0.264687 1.217754 -0.075395
0.268908 1.207992 -0.076384
0.268692 1.221338 -0.077097
0.272486 1.224735 -0.078428
0.272993 1.211749 -0.078184
0.276899 1.215354 -0.079552
0.277478 1.202243 -0.079158
0.273323 1.198326 -0.077338
0.281508 1.206123 -0.080552
0.282245 1.192929 -0.080040
0.287329 1.183678 -0.080935
0.278008 1.188739 -0.078254
0.286340 1.197053 -0.081498
0.290142 1.200896 -0.082443
0.291520 1.188085 -0.082439
0.295316 1.192103 -0.083368
0.296910 1.179255 -0.083359
0.292704 1.174647 -0.081838
0.300754 1.183542 -0.084210
0.302670 1.170601 -0.084281
0.308741 1.162233 -0.085157
0.298489 1.165813 -0.082884
0.306493 1.175144 -0.085012
0.309933 1.179323 -0.085009
0.312599 1.167066 -0.085785
0.318942 1.159334 -0.086442
0.316043 1.171516 -0.085677
0.319208 1.175606 -0.085100
0.322384 1.164035 -0.086366
0.329187 1.157003 -0.087153
0.325634 1.168496 -0.085722
0.328469 1.172342 -0.084329
0.332308 1.161725 -0.086374
0.339669 1.155791 -0.087321
0.335198 1.166052 -0.084990
0.337507 1.169876 -0.082593
0.342453 1.160629 -0.085903
0.350348 1.155983 -0.087104
0.344740 1.164748 -0.083435
0.346284 1.167441 -0.079637
0.352561 1.160445 -0.084410
0.360882 1.156613 -0.085356
0.354044 1.163360 -0.080401
0.354863 1.164855 -0.075686
0.362375 1.159844 -0.081231
0.371445 1.157156 -0.082374
0.363252 1.161638 -0.076369
0.363265 1.161739 -0.070939
0.372194 1.158807 -0.077130
0.382107 1.156432 -0.078120
0.372194 1.159099 -0.071470
0.371486 1.157746 -0.065686
0.381883 1.156811 -0.072215
0.392219 1.154425 -0.072976
0.381087 1.155526 -0.066218
0.379863 1.153097 -0.060202
0.391096 1.153226 -0.066807
0.389637 1.151000 -0.060645
0.402402 1.149666 -0.067475
0.414565 1.143183 -0.068025
0.403995 1.150485 -0.073868
0.400013 1.147685 -0.061184
0.397195 1.144358 -0.055248
0.411536 1.141778 -0.061743
0.423050 1.130162 -0.062192
0.407430 1.138928 -0.056061
0.402581 1.135224 -0.050658
0.418129 1.128940 -0.056543
0.411906 1.127366 -0.051639
0.427131 1.112667 -0.056373
0.432355 1.113032 -0.062019
0.420713 1.112166 -0.051712
0.433118 1.093097 -0.056281
0.438448 1.092651 -0.061781
0.426484 1.093306 -0.051293
0.436928 1.071951 -0.056538
0.442557 1.070908 -0.061786
0.430354 1.073041 -0.051589
0.439588 1.050310 -0.056241
0.445335 1.048617 -0.061443
0.432686 1.052243 -0.051508
0.439889 1.029206 -0.055077
0.445607 1.026709 -0.060264
0.432852 1.032162 -0.050232
0.436494 1.010071 -0.052151
0.441496 1.006782 -0.057172
0.429914 1.013814 -0.047348
0.428768 0.993304 -0.047078
0.418258 0.978859 -0.039627
0.433270 0.989396 -0.051694
0.423157 0.997980 -0.042506
0.415976 1.003204 -0.038004
0.413292 0.984355 -0.035412
0.401600 0.972678 -0.027042
0.407196 0.990279 -0.031524
0.399688 0.997011 -0.027902
0.396243 0.979291 -0.023697
0.383325 0.970322 -0.015224
0.389558 0.986732 -0.020864
0.381717 0.994866 -0.018601
0.377505 0.978177 -0.013159
0.370518 0.986637 -0.011856
0.363844 0.970791 -0.004964
0.368814 0.963028 -0.006216
0.357775 0.979286 -0.004603
0.348944 0.964539 0.004704
0.352947 0.956904 0.003705
0.343807 0.973133 0.004571
0.333236 0.959126 0.015132
0.336277 0.951680 0.014351
0.329037 0.967580 0.014812
0.316893 0.954453 0.025857
0.319256 0.947241 0.025157
0.313634 0.962831 0.025327
0.300653 0.950405 0.036167
0.302867 0.942877 0.035439
0.297976 0.958721 0.035726
0.285071 0.946345 0.045695
0.287113 0.938567 0.044572
0.282634 0.954699 0.045422
0.269898 0.942601 0.054438
0.271635 0.934740 0.053167
0.267796 0.951243 0.054503
0.254929 0.939633 0.062729
0.239865 0.937487 0.070697
0.256331 0.931646 0.061548
0.253132 0.948495 0.062868
0.238414 0.946413 0.070691
0.250879 0.958166 0.061429
0.236455 0.956078 0.069224
0.265198 0.960838 0.052890
0.248116 0.968127 0.058349
0.233954 0.966099 0.066299
0.262120 0.970699 0.049988
0.244850 0.978234 0.054928
0.231010 0.976059 0.062660
0.258504 0.980907 0.046737
0.241108 0.988593 0.051490
0.227592 0.986326 0.058991
0.254476 0.991270 0.043590
0.237225 0.998992 0.048022
0.224047 0.996669 0.055226
0.250170 1.001797 0.040479
0.233110 1.009696 0.044669
0.220301 1.007158 0.051518
0.245619 1.012571 0.037433
0.228892 1.020418 0.041344
0.224310 1.031498 0.038324
0.216404 1.017823 0.047915
0.240972 1.023528 0.034639
0.252668 1.026985 0.027762
0.235932 1.034739 0.032060
0.247082 1.038560 0.025649
0.230671 1.046339 0.029611
0.225370 1.058053 0.027265
0.219536 1.042880 0.035484
0.241381 1.050250 0.023663
0.251397 1.054599 0.017905
0.235517 1.062171 0.021778
0.245247 1.066656 0.016325
0.229880 1.074199 0.019824
0.220099 1.069962 0.024974
0.239255 1.078823 0.014716
0.224627 1.086265 0.017833
0.219634 1.098424 0.015866
0.215054 1.081887 0.022724
0.233669 1.090960 0.013057
0.242293 1.096082 0.008345
0.228543 1.103300 0.011308
0.223870 1.115599 0.009598
0.236922 1.108442 0.006888
0.244931 1.113930 0.002530
0.232124 1.120911 0.005376
0.240037 1.126443 0.001214
0.228015 1.133304 0.003916
0.219649 1.128007 0.007939
0.235968 1.138891 -0.000066
0.224439 1.145782 0.002558
0.216086 1.140457 0.006360
0.232427 1.151352 -0.001220
0.221453 1.158307 0.001374
0.213076 1.152904 0.004931
0.229459 1.163934 -0.002195
0.219084 1.170846 0.000379
0.210680 1.165600 0.003702
0.227178 1.176468 -0.002970
0.217387 1.183651 -0.000366
0.208894 1.178347 0.002726
0.225352 1.189034 -0.003530
0.216203 1.196539 -0.000809
0.207692 1.191179 0.002028
0.224181 1.201954 -0.003772
0.215544 1.209452 -0.001031
0.207104 1.204267 0.001656
0.223524 1.214838 -0.003804
0.215474 1.222686 -0.000959
0.206962 1.217482 0.001498
0.223126 1.227784 -0.003626
0.215656 1.236048 -0.000750
0.207251 1.230929 0.001629
0.223019 1.240923 -0.003365
0.215834 1.249435 -0.000584
0.207675 1.244400 0.001766
0.222939 1.254118 -0.003321
0.215706 1.262637 -0.000801
0.215074 1.275594 -0.001701
0.222562 1.267156 -0.003684
0.208039 1.257874 0.001702
0.207976 1.271130 0.001044
0.199430 1.252841 0.003817
0.198820 1.239301 0.003798
0.199612 1.266175 0.003269
0.189914 1.247634 0.005450
0.179807 1.242469 0.006853
0.189182 1.234124 0.005519
0.190443 1.261096 0.005089
0.190622 1.274339 0.004298
0.180323 1.255843 0.006398
0.169848 1.250676 0.007487
0.180713 1.269107 0.005719
0.180631 1.282119 0.004529
0.170314 1.263904 0.006854
0.159177 1.258771 0.007622
0.170401 1.276942 0.005773
0.170067 1.289607 0.004309
0.159381 1.271734 0.006625
0.148064 1.266665 0.007259
0.159262 1.284345 0.005393
0.158691 1.296477 0.003722
0.148080 1.279157 0.006209
0.136447 1.274224 0.006536
0.147679 1.291228 0.004738
0.146805 1.302939 0.002839
0.136195 1.286184 0.005242
0.124472 1.281461 0.005370
0.135498 1.297868 0.003424
0.134450 1.309120 0.001447
0.123935 1.293100 0.003671
0.112238 1.288781 0.003625
0.123074 1.304412 0.001572
0.121930 1.315440 -0.000870
0.111545 1.300064 0.001504
0.100003 1.296237 0.001029
0.110648 1.311103 -0.000983
0.109539 1.321840 -0.003770
0.099296 1.307321 -0.001518
0.087921 1.303859 -0.002015
0.098388 1.318093 -0.004299
0.097281 1.328536 -0.007333
0.087151 1.314724 -0.004936
0.075929 1.311619 -0.005488
0.086242 1.325118 -0.007840
0.085195 1.335252 -0.010883
0.075182 1.322074 -0.008468
0.064098 1.319370 -0.009021
0.074308 1.332198 -0.011428
0.073318 1.341905 -0.014173
0.063391 1.329448 -0.011883
0.052429 1.327181 -0.012379
0.062585 1.339280 -0.014641
0.051764 1.336988 -0.015071
0.061664 1.348757 -0.017206
0.051011 1.346457 -0.017485
0.072222 1.351361 -0.016791
0.060577 1.357918 -0.019426
0.050171 1.355692 -0.019721
0.071000 1.360456 -0.019120
0.059423 1.366881 -0.021411
0.049216 1.364827 -0.021697
0.058213 1.375597 -0.022816
0.069635 1.369333 -0.021190
0.068132 1.377927 -0.022713
0.079676 1.372105 -0.021058
0.089653 1.375114 -0.021086
0.081292 1.363352 -0.018989
0.077986 1.380536 -0.022694
0.076302 1.388814 -0.024021
0.087796 1.383454 -0.022896
0.085814 1.391608 -0.024485
0.097340 1.386598 -0.023374
0.095042 1.394677 -0.025178
0.106538 1.390276 -0.024502
0.099463 1.378409 -0.021395
0.101498 1.370025 -0.019118
0.109060 1.382114 -0.022251
0.111358 1.373733 -0.019589
0.118115 1.386248 -0.023745
0.126581 1.390805 -0.026068
0.114996 1.394355 -0.026347
0.120858 1.377875 -0.020734
0.123354 1.369055 -0.017413
0.129754 1.382482 -0.022917
0.138035 1.387179 -0.025917
0.132633 1.373610 -0.019197
0.135283 1.364526 -0.015458
0.141415 1.378474 -0.022042
0.149463 1.383557 -0.026089
0.144430 1.369405 -0.017923
0.147243 1.360073 -0.013948
0.152954 1.374336 -0.021615
0.160252 1.379164 -0.026669
0.156023 1.364877 -0.017207
0.158776 1.355248 -0.013433
0.163820 1.369696 -0.021949
0.166800 1.360063 -0.017868
0.170213 1.374520 -0.028108
0.175272 1.378648 -0.034464
0.166502 1.384156 -0.033068
0.173630 1.364688 -0.023307
0.176601 1.354725 -0.018928
0.179003 1.368713 -0.029301
0.182509 1.358852 -0.024523
0.183533 1.372401 -0.035613
0.187403 1.375441 -0.041404
0.179524 1.382208 -0.040726
0.187470 1.362454 -0.030250
0.191589 1.365494 -0.035860
0.191129 1.352362 -0.025099
0.195576 1.355401 -0.030331
0.185876 1.348816 -0.019857
0.194628 1.341956 -0.019976
0.189033 1.338307 -0.015053
0.199392 1.345076 -0.024760
0.197956 1.331303 -0.015020
0.202877 1.334473 -0.019581
0.200850 1.320065 -0.010343
0.191893 1.327446 -0.010542
0.184991 1.323258 -0.006611
0.194531 1.316145 -0.006422
0.187135 1.311714 -0.002884
0.196896 1.304378 -0.002688
0.203462 1.308431 -0.006215
0.198583 1.292092 0.000192
0.188868 1.299706 0.000235
0.179946 1.294755 0.002630
0.190074 1.287216 0.002667
0.178722 1.306921 -0.000055
0.169163 1.301787 0.002160
0.176931 1.318561 -0.003224
0.174678 1.329578 -0.006683
0.167778 1.313479 -0.000459
0.157632 1.308225 0.001532
0.166044 1.324669 -0.003381
0.163848 1.335247 -0.006546
0.156107 1.319420 -0.001014
0.145534 1.314147 0.000621
0.154313 1.330092 -0.003682
0.152196 1.340388 -0.006787
0.143971 1.324961 -0.001923
0.133092 1.320038 -0.000991
0.142144 1.335363 -0.004806
0.140087 1.345434 -0.008134
0.131547 1.330563 -0.003835
0.120612 1.326038 -0.003601
0.129765 1.340713 -0.007000
0.127786 1.350513 -0.010459
0.119114 1.336275 -0.006685
0.108219 1.332225 -0.006809
0.117391 1.346234 -0.010062
0.115553 1.355673 -0.013302
0.106783 1.342276 -0.010077
0.096023 1.338624 -0.010423
0.105234 1.351771 -0.013173
0.103449 1.361090 -0.016285
0.094661 1.348230 -0.013393
0.084035 1.344952 -0.013796
0.093152 1.357582 -0.016304
0.091499 1.366533 -0.018913
0.082728 1.354373 -0.016567
0.113529 1.364878 -0.016559
0.125618 1.359865 -0.013888
0.137777 1.355126 -0.011761
0.149831 1.350340 -0.010206
0.161384 1.345403 -0.009892
0.169589 1.350234 -0.013999
0.172217 1.340129 -0.010281
0.179490 1.344653 -0.014824
0.182448 1.334198 -0.010563
0.199484 1.279337 0.002200
0.205679 1.296422 -0.002752
0.207168 1.283946 -0.000389
0.211840 1.300333 -0.006217
0.213871 1.288209 -0.003440
0.209279 1.312162 -0.010044
0.217211 1.303895 -0.010058
0.219647 1.292047 -0.006918
0.214165 1.315348 -0.014083
0.221619 1.306847 -0.013900
0.224586 1.295528 -0.010657
0.218280 1.318092 -0.018222
0.225179 1.309384 -0.017619
0.228347 1.311744 -0.021326
0.221570 1.320382 -0.021973
0.228590 1.298409 -0.014352
0.231978 1.300966 -0.018001
0.231570 1.287068 -0.012093
0.226834 1.283553 -0.008352
0.235184 1.289779 -0.015638
0.233576 1.275082 -0.010609
0.228406 1.271262 -0.006958
0.237787 1.278383 -0.014193
0.234931 1.262821 -0.009818
0.229316 1.258589 -0.006406
0.239814 1.266681 -0.013407
0.235812 1.250288 -0.009668
0.229882 1.245815 -0.006343
0.241242 1.254643 -0.013237
0.236606 1.237775 -0.009796
0.230203 1.232859 -0.006571
0.242482 1.242526 -0.013317
0.237505 1.225256 -0.010023
0.230761 1.220091 -0.006756
0.243584 1.230198 -0.013545
0.238602 1.212749 -0.010149
0.244974 1.218054 -0.013656
0.231641 1.207318 -0.006883
0.240085 1.200317 -0.010120
0.233005 1.194715 -0.006756
0.246656 1.205867 -0.013687
0.241976 1.187950 -0.009898
0.234794 1.182181 -0.006399
0.248750 1.193784 -0.013537
0.244346 1.175626 -0.009441
0.237137 1.169729 -0.005805
0.251241 1.181660 -0.013187
0.247240 1.163301 -0.008795
0.240062 1.157201 -0.005007
0.254197 1.169511 -0.012613
0.250751 1.150713 -0.007965
0.243617 1.144667 -0.004001
0.257692 1.157227 -0.011917
0.254795 1.138546 -0.006940
0.259715 1.126188 -0.005917
0.261723 1.145166 -0.011034
0.247636 1.132209 -0.002879
0.252488 1.119831 -0.001733
0.258017 1.107433 -0.000627
0.264044 1.095055 0.000432
0.265176 1.113757 -0.004911
0.250372 1.101558 0.003802
0.256251 1.089227 0.005039
0.262681 1.076862 0.006140
0.248034 1.083841 0.009780
0.254268 1.071561 0.011113
0.260881 1.059317 0.012336
0.269690 1.064539 0.007005
0.267632 1.047230 0.013451
0.277052 1.052340 0.007647
0.257711 1.042703 0.019406
0.274475 1.035301 0.014498
0.263874 1.030895 0.020995
0.284391 1.040322 0.008242
0.281096 1.023662 0.015590
0.291716 1.028598 0.008769
0.287343 1.012485 0.016911
0.269736 1.019417 0.022779
0.257910 1.015762 0.030042
0.275296 1.008436 0.024811
0.262883 1.004916 0.032689
0.280723 0.997710 0.026974
0.267694 0.994249 0.035410
0.293390 1.001732 0.018531
0.285860 0.987250 0.029261
0.272191 0.983821 0.038176
0.299220 0.991268 0.020226
0.290473 0.977214 0.031617
0.276212 0.973725 0.041020
0.304692 0.981176 0.021999
0.294472 0.967700 0.033910
0.309450 0.971794 0.023750
0.279676 0.964044 0.043691
0.324068 0.976520 0.013656
0.318393 0.985945 0.012501
0.337994 0.982048 0.003939
0.331333 0.991619 0.003558
0.350876 0.988541 -0.004398
0.343287 0.998271 -0.004092
0.362503 0.995785 -0.010992
0.354185 1.005605 -0.010244
0.372992 1.003793 -0.016869
0.363687 1.013686 -0.015469
0.381849 1.012738 -0.022099
0.388950 1.023442 -0.026935
0.371890 1.022390 -0.020079
0.391154 1.004452 -0.024734
0.398877 1.015677 -0.030181
0.404128 1.028784 -0.034369
0.407933 1.008941 -0.033979
0.413688 1.023186 -0.038559
0.416081 1.039429 -0.041140
0.422236 1.018205 -0.042686
0.425039 1.035627 -0.045617
0.424841 1.054645 -0.046748
0.416007 1.057518 -0.042375
0.422432 1.074465 -0.047083
0.414165 1.076657 -0.042738
0.418830 1.094111 -0.046881
0.413374 1.112364 -0.047311
0.410734 1.096038 -0.042904
0.402491 1.099543 -0.039874
0.406575 1.111831 -0.043823
0.399870 1.117719 -0.042266
0.405135 1.125029 -0.046777
0.394460 1.120186 -0.041084
0.397873 1.129957 -0.045627
0.388823 1.122470 -0.039874
0.394935 1.103290 -0.037738
0.396331 1.084915 -0.036022
0.387466 1.107653 -0.036100
0.387173 1.090947 -0.033507
0.379757 1.112718 -0.035047
0.378565 1.097570 -0.032102
0.370853 1.118425 -0.034570
0.381317 1.125833 -0.038777
0.372831 1.129610 -0.038464
0.383368 1.135780 -0.043524
0.374629 1.138477 -0.043276
0.385710 1.142496 -0.048955
0.391228 1.132722 -0.044455
0.394097 1.139424 -0.049638
0.376538 1.144971 -0.048627
0.387853 1.147331 -0.054724
0.378333 1.149611 -0.054232
0.369077 1.151721 -0.054127
0.367404 1.147213 -0.048456
0.360160 1.154126 -0.054335
0.370499 1.155300 -0.059909
0.361464 1.157771 -0.059863
0.353057 1.160777 -0.059933
0.362574 1.160399 -0.065408
0.354190 1.163506 -0.065263
0.346646 1.167679 -0.065108
0.354847 1.164816 -0.070585
0.347283 1.168999 -0.070242
0.340381 1.174060 -0.070059
0.347143 1.168886 -0.075128
0.340152 1.173900 -0.074815
0.333615 1.179717 -0.074601
0.339154 1.172490 -0.079096
0.332543 1.178448 -0.078807
0.326118 1.185059 -0.078591
0.330868 1.176081 -0.082149
0.324326 1.182595 -0.081610
0.318470 1.189614 -0.081273
0.322127 1.179265 -0.083830
0.316057 1.186384 -0.083259
0.310464 1.194203 -0.082880
0.313110 1.183080 -0.084496
0.307493 1.191117 -0.083998
0.302002 1.199273 -0.083445
0.304260 1.187511 -0.084379
0.298825 1.195863 -0.083676
0.293578 1.204368 -0.082846
0.296700 1.207526 -0.082675
0.288566 1.213004 -0.081710
0.291555 1.215870 -0.081517
0.283681 1.221692 -0.080488
0.285260 1.209794 -0.081395
0.280516 1.218751 -0.080286
0.275973 1.227824 -0.079117
0.278961 1.230489 -0.079210
0.271539 1.236890 -0.077894
0.267207 1.245945 -0.076795
0.274417 1.239291 -0.078183
0.268236 1.234069 -0.077258
0.264114 1.243485 -0.076123
0.260040 1.252832 -0.075239
0.260703 1.240736 -0.075158
0.256890 1.250401 -0.074254
0.253089 1.260143 -0.073705
0.253358 1.247737 -0.072848
0.249709 1.257712 -0.072214
0.245970 1.267617 -0.071876
0.246176 1.255160 -0.070398
0.242622 1.265291 -0.070056
0.238966 1.275473 -0.070314
0.239159 1.263002 -0.068214
0.235708 1.273392 -0.068435
0.232109 1.283755 -0.069241
0.232370 1.271293 -0.066424
0.228988 1.281965 -0.067361
0.225112 1.292157 -0.068809
0.225570 1.279948 -0.065260
0.221712 1.290426 -0.066781
0.217405 1.300575 -0.068878
0.217970 1.288654 -0.064594
0.213809 1.298885 -0.066750
0.209935 1.309295 -0.070127
0.209834 1.297057 -0.064579
0.206006 1.307639 -0.067983
0.202003 1.317990 -0.072123
0.201544 1.305845 -0.065759
0.197407 1.316276 -0.069850
0.193292 1.326592 -0.074662
0.192378 1.314446 -0.067601
0.188389 1.324887 -0.072493
0.184365 1.335206 -0.077912
0.182992 1.323085 -0.070325
0.178967 1.333539 -0.075757
0.174971 1.343810 -0.081512
0.173443 1.331787 -0.073747
0.169467 1.342148 -0.079497
0.165571 1.352420 -0.085453
0.163570 1.340397 -0.077614
0.159829 1.350730 -0.083546
0.156286 1.361040 -0.089613
0.153750 1.348929 -0.081744
0.150391 1.359311 -0.087758
0.147359 1.369550 -0.093843
0.144036 1.357489 -0.086021
0.141202 1.367772 -0.092047
0.134273 1.365798 -0.090537
0.153200 1.371269 -0.095713
0.161876 1.362666 -0.091524
0.171039 1.354030 -0.087456
0.180302 1.345437 -0.083630
0.189131 1.336733 -0.079996
0.197737 1.328165 -0.076814
0.205917 1.319537 -0.074215
0.213285 1.310771 -0.072063
0.220755 1.302188 -0.070979
0.228137 1.293796 -0.070646
0.235193 1.285525 -0.071110
0.242193 1.277530 -0.072006
0.249208 1.269852 -0.073426
0.256088 1.262293 -0.074605
0.263023 1.255122 -0.075955
0.270003 1.248233 -0.077246
0.277122 1.241618 -0.078179
0.279723 1.243852 -0.077589
0.281772 1.232963 -0.079195
0.286555 1.224336 -0.080278
0.284404 1.235273 -0.078496
0.289284 1.226838 -0.079537
0.286842 1.237393 -0.077179
0.291812 1.229170 -0.078246
0.288975 1.239200 -0.075110
0.282183 1.245884 -0.076345
0.284270 1.247556 -0.074450
0.285881 1.248782 -0.071784
0.279733 1.255983 -0.073804
0.281440 1.257235 -0.071311
0.282532 1.257875 -0.068222
0.286990 1.249288 -0.068587
0.278217 1.266385 -0.067887
0.283155 1.257777 -0.064449
0.287698 1.249099 -0.064737
0.278954 1.266621 -0.064072
0.283092 1.257576 -0.060637
0.287229 1.248696 -0.060830
0.278853 1.266343 -0.060529
0.282291 1.256512 -0.056747
0.278314 1.265477 -0.056536
0.281011 1.254789 -0.052796
0.286401 1.247591 -0.056950
0.284889 1.245637 -0.053049
0.290470 1.238615 -0.057167
0.288873 1.236569 -0.053252
0.291530 1.240109 -0.061055
0.294709 1.229762 -0.057292
0.295832 1.231393 -0.061337
0.292936 1.227494 -0.053436
0.299120 1.221031 -0.057324
0.297259 1.218574 -0.053401
0.300434 1.222860 -0.061434
0.303605 1.212265 -0.057313
0.301704 1.209704 -0.053385
0.305087 1.214369 -0.061456
0.308220 1.203587 -0.057315
0.309910 1.205983 -0.061393
0.313226 1.195379 -0.057061
0.306319 1.200972 -0.053244
0.303915 1.197728 -0.049461
0.311160 1.192348 -0.053036
0.308814 1.188866 -0.049120
0.316375 1.183999 -0.052621
0.313996 1.180258 -0.048677
0.318461 1.187391 -0.056760
0.321850 1.175972 -0.052266
0.319546 1.172042 -0.048194
0.324039 1.179715 -0.056350
0.327974 1.168792 -0.051666
0.330049 1.172742 -0.055951
0.334797 1.162295 -0.050984
0.325769 1.164749 -0.047439
0.323285 1.160052 -0.043409
0.332688 1.158108 -0.046542
0.330292 1.153295 -0.042336
0.340018 1.152420 -0.045779
0.348007 1.147859 -0.044815
0.341977 1.156818 -0.050494
0.337719 1.147105 -0.041234
0.345917 1.141838 -0.040086
0.335307 1.140738 -0.036913
0.327686 1.147685 -0.038109
0.332525 1.132977 -0.032847
0.343637 1.134563 -0.035894
0.352603 1.128936 -0.035040
0.341179 1.125648 -0.031987
0.338714 1.115367 -0.028201
0.350277 1.118821 -0.031281
0.348296 1.107148 -0.027717
0.359915 1.112203 -0.031044
0.369066 1.105332 -0.031263
0.357879 1.099437 -0.027836
0.361912 1.123612 -0.034616
0.363826 1.133381 -0.038541
0.365539 1.141173 -0.043248
0.354756 1.137275 -0.039067
0.356631 1.144243 -0.043770
0.358518 1.149798 -0.048942
0.349913 1.152790 -0.049732
0.351566 1.156969 -0.054836
0.343819 1.161049 -0.055255
0.336701 1.166435 -0.055514
0.345426 1.164868 -0.060067
0.338325 1.169961 -0.060219
0.331807 1.175928 -0.060527
0.339633 1.172575 -0.065126
0.333337 1.178714 -0.065162
0.327269 1.185237 -0.065327
0.333964 1.179992 -0.070012
0.327853 1.186396 -0.069967
0.322028 1.193266 -0.069966
0.327435 1.186217 -0.074446
0.321530 1.193013 -0.074279
0.316042 1.200672 -0.074208
0.320301 1.192227 -0.078276
0.314754 1.199793 -0.077919
0.309403 1.206928 -0.077568
0.312848 1.196791 -0.080928
0.307392 1.204565 -0.080457
0.302072 1.212780 -0.079763
0.304907 1.202245 -0.082436
0.299519 1.210325 -0.081669
0.294339 1.218539 -0.080638
0.296868 1.220978 -0.079038
0.298917 1.222875 -0.076592
0.304095 1.214816 -0.077143
0.300410 1.224144 -0.073417
0.293890 1.230997 -0.075871
0.295496 1.232260 -0.072936
0.290637 1.240489 -0.072359
0.296316 1.232689 -0.069330
0.291620 1.241016 -0.068975
0.301143 1.224397 -0.069605
0.296356 1.232342 -0.065336
0.291929 1.240780 -0.065049
0.301142 1.224016 -0.065524
0.305936 1.215711 -0.065626
0.306122 1.216312 -0.069874
0.310954 1.207667 -0.065668
0.311211 1.208275 -0.070030
0.316214 1.199943 -0.065596
0.316520 1.200718 -0.070010
0.315057 1.198095 -0.061254
0.321607 1.192341 -0.065478
0.320281 1.190236 -0.061008
0.325832 1.182771 -0.060736
0.310756 1.208253 -0.074059
0.305459 1.216120 -0.073770
0.354829 1.086580 -0.024805
0.367081 1.091085 -0.028339
0.376723 1.082248 -0.029447
0.364496 1.076895 -0.025584
0.360965 1.064242 -0.022798
0.374534 1.067389 -0.027138
0.371351 1.053816 -0.024512
0.385395 1.058208 -0.029613
0.396350 1.050475 -0.033084
0.386754 1.073995 -0.031570
0.382791 1.044159 -0.027236
0.393850 1.035838 -0.030593
0.378347 1.032460 -0.024187
0.367061 1.042661 -0.021648
0.356361 1.053378 -0.019887
0.361314 1.032861 -0.018257
0.353926 1.024134 -0.014177
0.350735 1.043548 -0.016629
0.340885 1.054156 -0.015651
0.344090 1.034837 -0.012947
0.334363 1.045491 -0.011985
0.336072 1.026551 -0.008712
0.345326 1.015990 -0.009562
0.326914 1.037277 -0.007917
0.326986 1.018977 -0.003598
0.335274 1.008402 -0.003926
0.316902 1.012088 0.002749
0.318519 1.029754 -0.003160
0.309357 1.022962 0.002547
0.309992 1.040835 -0.002713
0.301337 1.034223 0.002613
0.301524 1.052276 -0.002414
0.317919 1.048285 -0.007373
0.309020 1.059505 -0.006912
0.324958 1.056278 -0.011328
0.315812 1.067232 -0.011072
0.331213 1.064735 -0.014991
0.336763 1.074124 -0.018321
0.321913 1.075596 -0.014626
0.327430 1.084555 -0.018179
0.312967 1.086805 -0.014750
0.318289 1.095454 -0.018341
0.304422 1.098525 -0.014983
0.307061 1.078743 -0.010892
0.300488 1.071159 -0.006841
0.298699 1.090615 -0.011090
0.290987 1.102890 -0.011582
0.292485 1.083266 -0.007079
0.284876 1.095597 -0.007489
0.285378 1.076502 -0.002604
0.277794 1.070201 0.002086
0.277985 1.088889 -0.003182
0.293223 1.064243 -0.002334
0.285491 1.057959 0.002440
0.293367 1.045947 0.002600
0.270613 1.082643 0.001359
0.271270 1.101320 -0.003962
0.277987 1.107964 -0.008233
0.284227 1.115231 -0.012292
0.271849 1.120435 -0.009062
0.266447 1.132834 -0.010036
0.278219 1.127605 -0.013285
0.272918 1.139910 -0.014192
0.284327 1.135245 -0.017498
0.290155 1.122926 -0.016494
0.290049 1.143036 -0.021922
0.279234 1.147386 -0.018553
0.284960 1.154761 -0.023059
0.274738 1.159221 -0.019599
0.280439 1.166213 -0.023937
0.270713 1.170905 -0.020434
0.268373 1.151955 -0.015207
0.264362 1.164069 -0.016049
0.260825 1.175952 -0.016700
0.257766 1.187786 -0.017185
0.267095 1.182525 -0.020942
0.272465 1.188531 -0.025014
0.263858 1.194000 -0.021277
0.268901 1.199218 -0.025096
0.260834 1.205162 -0.021295
0.255159 1.199645 -0.017443
0.258168 1.216480 -0.021185
0.265642 1.210094 -0.024945
0.269506 1.214198 -0.028336
0.262717 1.221017 -0.024727
0.266436 1.224838 -0.028027
0.259999 1.231896 -0.024415
0.255730 1.227700 -0.020946
0.257553 1.242771 -0.024067
0.263507 1.235443 -0.027617
0.260730 1.245945 -0.027287
0.266576 1.238612 -0.030922
0.269643 1.228223 -0.031292
0.263613 1.248945 -0.030636
0.269475 1.241687 -0.034330
0.272701 1.231604 -0.034642
0.272176 1.244631 -0.037855
0.266363 1.251853 -0.034069
0.268893 1.254605 -0.037653
0.263365 1.262119 -0.033799
0.265709 1.264614 -0.037406
0.260773 1.259397 -0.030335
0.260341 1.272364 -0.033761
0.257924 1.269993 -0.030321
0.257158 1.282446 -0.034125
0.262575 1.274567 -0.037330
0.259253 1.284495 -0.037717
0.264759 1.276818 -0.041018
0.267990 1.267049 -0.041088
0.261281 1.286563 -0.041412
0.266625 1.278837 -0.044869
0.270032 1.269271 -0.044859
0.262946 1.288259 -0.045311
0.268324 1.280695 -0.048776
0.264513 1.289836 -0.049167
0.269656 1.282191 -0.052754
0.271883 1.271312 -0.048684
0.273345 1.273030 -0.052635
0.275458 1.261869 -0.048773
0.277182 1.263925 -0.052642
0.273553 1.259680 -0.044924
0.279080 1.252514 -0.049032
0.277084 1.250189 -0.045207
0.282952 1.243282 -0.049193
0.286867 1.234125 -0.049427
0.280772 1.240713 -0.045424
0.278282 1.237846 -0.041733
0.284439 1.231258 -0.045709
0.281881 1.228241 -0.041997
0.288403 1.221840 -0.045813
0.290887 1.224892 -0.049597
0.285748 1.218625 -0.042117
0.292518 1.212579 -0.045847
0.295064 1.215766 -0.049626
0.296811 1.203262 -0.045838
0.289722 1.209122 -0.042154
0.286698 1.205401 -0.038580
0.293985 1.199707 -0.042185
0.290937 1.195808 -0.038524
0.298471 1.190213 -0.042057
0.301323 1.194130 -0.045697
0.295423 1.186132 -0.038323
0.303422 1.180971 -0.041590
0.306235 1.185091 -0.045338
0.300348 1.176470 -0.037912
0.308614 1.171735 -0.041030
0.311381 1.176092 -0.044886
0.305613 1.166925 -0.037326
0.314332 1.162944 -0.040081
0.316995 1.167598 -0.044187
0.311480 1.157758 -0.036377
0.320754 1.154898 -0.039187
0.317874 1.148993 -0.035121
0.324827 1.140916 -0.033833
0.314725 1.142525 -0.031168
0.311214 1.135402 -0.027376
0.308314 1.152315 -0.032525
0.321821 1.133100 -0.029891
0.329777 1.124203 -0.029077
0.318563 1.124814 -0.026240
0.314551 1.115803 -0.022622
0.326759 1.114402 -0.025454
0.335841 1.104957 -0.024836
0.323007 1.104946 -0.021923
0.332134 1.094501 -0.021519
0.341443 1.084616 -0.021390
0.345456 1.095758 -0.024563
0.350974 1.074615 -0.021859
0.346456 1.063840 -0.018864
0.307168 1.127451 -0.023491
0.309729 1.107019 -0.018804
0.302165 1.118982 -0.019594
0.296733 1.110645 -0.015554
0.295728 1.131147 -0.020611
0.300574 1.139010 -0.024804
0.294856 1.150139 -0.026037
0.304679 1.145953 -0.028709
0.298981 1.156375 -0.029878
0.293672 1.166905 -0.030810
0.302530 1.161947 -0.033589
0.297092 1.171675 -0.034411
0.292066 1.181729 -0.034849
0.288690 1.177148 -0.031319
0.287623 1.191646 -0.035063
0.283479 1.201515 -0.035166
0.284178 1.187261 -0.031595
0.280077 1.197418 -0.031774
0.280495 1.182519 -0.028155
0.276363 1.177502 -0.024607
0.284907 1.172099 -0.027786
0.276404 1.193118 -0.028405
0.272853 1.203594 -0.028446
0.276425 1.207800 -0.031795
0.272929 1.217992 -0.031648
0.279720 1.211627 -0.035129
0.276107 1.221563 -0.034955
0.282806 1.215138 -0.038541
0.279063 1.224949 -0.038407
0.275556 1.234758 -0.038117
0.289715 1.161294 -0.027033
0.299401 1.206674 -0.049608
0.274727 1.247460 -0.041495
0.271328 1.257246 -0.041249
0.274327 1.274449 -0.056448
0.274651 1.275697 -0.060385
0.270441 1.283240 -0.056599
0.270755 1.284310 -0.060541
0.266363 1.291969 -0.057116
0.265647 1.291108 -0.053179
0.266695 1.292647 -0.061071
0.262195 1.300710 -0.057994
0.257722 1.309324 -0.059316
0.262439 1.301123 -0.061885
0.261463 1.299884 -0.054019
0.257148 1.308736 -0.055433
0.260508 1.298913 -0.050116
0.256298 1.307966 -0.051715
0.259017 1.297562 -0.046356
0.257494 1.296124 -0.042507
0.254927 1.306852 -0.048015
0.253446 1.305586 -0.044256
0.250530 1.315784 -0.050108
0.246016 1.324723 -0.052752
0.251727 1.316734 -0.053782
0.249074 1.314625 -0.046422
0.247602 1.313443 -0.042738
0.244528 1.323750 -0.049361
0.240090 1.332718 -0.052729
0.243091 1.322711 -0.045777
0.238587 1.331815 -0.049339
0.241434 1.321501 -0.042201
0.239523 1.320145 -0.038743
0.245798 1.311937 -0.039057
0.237038 1.330859 -0.045926
0.232652 1.340235 -0.049956
0.235124 1.329586 -0.042464
0.230797 1.339231 -0.046683
0.233189 1.328255 -0.038994
0.231189 1.326948 -0.035600
0.237576 1.318725 -0.035270
0.228793 1.338023 -0.043362
0.224363 1.347567 -0.048041
0.226764 1.336739 -0.040016
0.222321 1.346346 -0.044785
0.224707 1.335438 -0.036715
0.229136 1.325603 -0.032232
0.220297 1.345229 -0.041569
0.222549 1.334093 -0.033381
0.226740 1.323946 -0.028832
0.218247 1.344106 -0.038398
0.220189 1.332618 -0.030087
0.224210 1.322199 -0.025430
0.217703 1.330989 -0.026764
0.215931 1.342733 -0.035165
0.213534 1.341271 -0.031903
0.211491 1.352625 -0.040508
0.207033 1.362484 -0.046078
0.213730 1.353901 -0.043791
0.209156 1.351258 -0.037162
0.206732 1.349813 -0.033795
0.204662 1.361138 -0.042776
0.200112 1.371051 -0.048696
0.202225 1.359717 -0.039380
0.197679 1.369597 -0.044917
0.199224 1.357792 -0.035046
0.203199 1.347615 -0.029489
0.195020 1.367919 -0.040892
0.190630 1.377848 -0.046662
0.186212 1.387710 -0.052089
0.193134 1.379465 -0.050606
0.195606 1.380939 -0.054378
0.188731 1.389509 -0.056336
0.184483 1.399794 -0.062121
0.191136 1.391133 -0.060235
0.193524 1.392623 -0.063862
0.186840 1.401373 -0.065779
0.189167 1.402783 -0.069357
0.182367 1.411900 -0.071693
0.177753 1.422634 -0.077582
0.179964 1.410218 -0.067772
0.184548 1.413336 -0.075162
0.186779 1.414701 -0.078619
0.179941 1.424207 -0.081076
0.182279 1.425590 -0.084498
0.174850 1.435230 -0.086851
0.169181 1.445259 -0.090919
0.172498 1.432735 -0.082285
0.177075 1.436810 -0.090186
0.179245 1.438404 -0.093480
0.171052 1.447975 -0.095144
0.163605 1.457906 -0.098298
0.172804 1.450007 -0.098475
0.165148 1.460711 -0.102221
0.174797 1.452337 -0.102247
0.166523 1.463304 -0.105726
0.181306 1.440140 -0.096828
0.176594 1.454495 -0.105660
0.167549 1.466136 -0.109322
0.183293 1.441860 -0.100072
0.178343 1.456294 -0.108612
0.180283 1.458189 -0.111777
0.185336 1.443538 -0.103306
0.168720 1.468502 -0.112773
0.169980 1.470625 -0.116039
0.157448 1.479478 -0.115259
0.158041 1.481762 -0.118574
0.156794 1.476630 -0.111545
0.144808 1.488786 -0.115970
0.144681 1.491490 -0.119339
0.145002 1.485504 -0.112266
0.145031 1.482203 -0.108569
0.132644 1.492000 -0.111161
0.133451 1.488396 -0.107279
0.122551 1.491900 -0.104587
0.134453 1.484254 -0.102804
0.135289 1.479612 -0.098216
0.145025 1.478928 -0.104887
0.124691 1.487453 -0.099804
0.125868 1.482964 -0.094950
0.114486 1.490090 -0.096593
0.116704 1.485778 -0.091762
0.104663 1.491239 -0.092946
0.111301 1.493626 -0.101844
0.094593 1.491259 -0.087078
0.107926 1.488059 -0.088154
0.109624 1.484830 -0.084018
0.098428 1.489748 -0.083701
0.101187 1.487488 -0.080247
0.086836 1.491252 -0.078545
0.083447 1.491397 -0.080560
0.089546 1.490113 -0.076040
0.091391 1.488894 -0.073242
0.092451 1.487457 -0.070433
0.102808 1.485030 -0.076647
0.103534 1.482782 -0.073230
0.110484 1.481545 -0.079973
0.110474 1.478067 -0.075669
0.117799 1.478125 -0.082824
0.117719 1.481776 -0.087187
0.117697 1.473860 -0.078135
0.126150 1.474141 -0.085540
0.135006 1.470393 -0.088415
0.125734 1.470023 -0.080832
0.126228 1.478395 -0.090251
0.135379 1.474990 -0.093400
0.144225 1.470469 -0.095547
0.153866 1.463035 -0.095447
0.143720 1.466091 -0.090647
0.144707 1.475055 -0.100552
0.154701 1.467026 -0.100221
0.155523 1.470604 -0.104437
0.156165 1.473535 -0.107846
0.142949 1.461575 -0.085507
0.152640 1.459450 -0.090919
0.151221 1.455427 -0.085764
0.160544 1.451340 -0.089227
0.162159 1.454467 -0.093669
0.167151 1.442256 -0.086134
0.158755 1.447778 -0.084261
0.156707 1.443999 -0.078794
0.164819 1.439394 -0.081370
0.162416 1.436148 -0.076157
0.170177 1.429896 -0.077369
0.175218 1.419991 -0.072576
0.167649 1.426944 -0.072114
0.164841 1.423806 -0.066474
0.172518 1.417204 -0.067261
0.169716 1.414363 -0.061818
0.177300 1.407515 -0.062359
0.181754 1.397761 -0.057466
0.174301 1.404649 -0.056758
0.171018 1.401632 -0.050940
0.178812 1.395080 -0.051921
0.175351 1.391845 -0.045805
0.183144 1.385326 -0.046881
0.171604 1.388499 -0.039651
0.167378 1.398191 -0.044785
0.162621 1.393705 -0.038037
0.162717 1.407452 -0.049397
0.158205 1.402833 -0.042585
0.158067 1.416010 -0.053449
0.166586 1.411279 -0.055900
0.161764 1.420155 -0.060283
0.156737 1.428433 -0.063898
0.151186 1.435738 -0.066464
0.152919 1.423886 -0.057005
0.159714 1.432296 -0.070145
0.154275 1.440091 -0.072806
0.147910 1.446934 -0.074634
0.140353 1.452392 -0.074435
0.145177 1.442032 -0.067865
0.149765 1.451282 -0.080384
0.141765 1.456707 -0.079767
0.133575 1.461472 -0.078386
0.132206 1.456973 -0.072998
0.125183 1.465894 -0.076035
0.134563 1.466136 -0.083725
0.124036 1.461602 -0.071024
0.117317 1.470329 -0.073751
0.110106 1.475260 -0.071718
0.116400 1.466872 -0.069267
0.109544 1.472377 -0.067571
0.115074 1.463551 -0.064923
0.113389 1.460346 -0.060215
0.122592 1.457979 -0.066199
0.108415 1.469619 -0.063478
0.106742 1.466820 -0.059283
0.102705 1.475672 -0.062254
0.093699 1.482239 -0.061220
0.101191 1.473222 -0.058417
0.103531 1.478104 -0.066074
0.103700 1.480342 -0.069677
0.093786 1.484086 -0.064440
0.093314 1.485840 -0.067432
0.099846 1.471130 -0.054692
0.093148 1.480323 -0.057843
0.091959 1.478585 -0.054754
0.090647 1.476861 -0.051617
0.097927 1.469164 -0.051313
0.089004 1.475042 -0.048378
0.086667 1.473215 -0.045325
0.095419 1.466907 -0.047831
0.100116 1.459266 -0.047625
0.092690 1.464704 -0.044340
0.096986 1.456507 -0.043779
0.089381 1.462515 -0.041255
0.085446 1.460021 -0.037904
0.084219 1.471240 -0.042078
0.093188 1.454017 -0.040475
0.097362 1.445778 -0.039586
0.088668 1.451281 -0.037074
0.092354 1.442797 -0.036237
0.083541 1.448639 -0.034107
0.080888 1.457653 -0.035064
0.077509 1.445931 -0.031669
0.086613 1.439697 -0.033258
0.080302 1.436796 -0.030941
0.090178 1.431235 -0.032247
0.083284 1.428052 -0.030012
0.096356 1.434407 -0.035068
0.093642 1.422781 -0.031168
0.097140 1.414487 -0.029720
0.086291 1.419427 -0.029089
0.100281 1.426188 -0.033810
0.104270 1.418192 -0.032341
0.106395 1.429886 -0.037375
0.110861 1.422058 -0.035784
0.101899 1.437671 -0.038571
0.111803 1.433464 -0.041467
0.116746 1.426001 -0.039993
0.116615 1.437075 -0.046102
0.106638 1.440897 -0.042560
0.101610 1.448605 -0.043277
0.110883 1.444305 -0.046915
0.114497 1.447692 -0.051536
0.105321 1.451605 -0.047345
0.108409 1.454664 -0.051563
0.102825 1.461862 -0.051419
0.111121 1.457585 -0.055875
0.104988 1.464307 -0.055238
0.117755 1.450836 -0.056133
0.120597 1.454222 -0.061005
0.124713 1.444524 -0.056224
0.131423 1.438597 -0.056175
0.127969 1.448673 -0.062107
0.120791 1.440712 -0.051064
0.127082 1.434244 -0.050194
0.132480 1.427648 -0.048561
0.122133 1.430077 -0.044717
0.127227 1.422999 -0.042858
0.132150 1.415697 -0.040480
0.121496 1.418573 -0.037838
0.125997 1.411117 -0.035593
0.115159 1.414408 -0.033739
0.119171 1.406705 -0.031671
0.108074 1.410246 -0.030628
0.111635 1.402349 -0.028607
0.100402 1.406285 -0.028217
0.092405 1.402828 -0.026636
0.103587 1.398257 -0.026544
0.083716 1.399693 -0.025652
0.089477 1.410959 -0.027959
0.081384 1.407853 -0.026772
0.078693 1.416394 -0.027674
0.072609 1.405195 -0.026054
0.063542 1.402899 -0.025540
0.074559 1.396950 -0.025100
0.070473 1.413637 -0.026721
0.061785 1.411258 -0.026195
0.068156 1.422180 -0.027383
0.075881 1.425002 -0.028469
0.065789 1.431222 -0.027858
0.059857 1.419876 -0.026639
0.058020 1.428861 -0.027007
0.051367 1.418030 -0.026098
0.049774 1.426917 -0.026401
0.042614 1.416447 -0.025762
0.052841 1.409336 -0.025830
0.054157 1.400886 -0.025321
0.043781 1.407797 -0.025550
0.034580 1.406521 -0.025444
0.044912 1.399258 -0.025222
0.035473 1.397905 -0.025239
0.045999 1.390800 -0.024820
0.036335 1.389309 -0.024862
0.055564 1.392545 -0.024806
0.047073 1.382263 -0.024110
0.037229 1.380652 -0.024217
0.048179 1.373619 -0.023029
0.056942 1.384109 -0.023921
0.066608 1.386325 -0.023965
0.065073 1.394652 -0.024970
0.038113 1.371944 -0.023233
0.028019 1.370628 -0.023432
0.038947 1.363054 -0.021836
0.027369 1.379455 -0.024418
0.017473 1.378462 -0.024496
0.026733 1.388191 -0.025017
0.017031 1.387259 -0.025023
0.026072 1.396798 -0.025252
0.025424 1.405494 -0.025374
0.016602 1.395987 -0.025309
0.016148 1.404749 -0.025392
0.007173 1.395369 -0.025251
0.007426 1.386624 -0.025045
0.006945 1.404185 -0.025323
-0.002226 1.395145 -0.025250
-0.002245 1.386313 -0.025041
-0.002206 1.403999 -0.025291
-0.011625 1.395405 -0.025176
-0.011917 1.386663 -0.024961
-0.021055 1.396057 -0.025159
-0.011357 1.404216 -0.025255
-0.020561 1.404811 -0.025256
-0.011117 1.413083 -0.025245
-0.010897 1.422199 -0.025215
-0.002186 1.412848 -0.025190
-0.020065 1.413570 -0.025247
-0.029093 1.414340 -0.025290
-0.019671 1.422562 -0.025215
-0.028304 1.423311 -0.025406
-0.019200 1.431859 -0.025207
-0.018823 1.441466 -0.025189
-0.010665 1.431466 -0.025126
-0.027618 1.432526 -0.025370
-0.036159 1.433422 -0.025588
-0.027045 1.442093 -0.025391
-0.035318 1.442977 -0.025649
-0.026414 1.452122 -0.025607
-0.018393 1.451494 -0.025341
-0.034418 1.452998 -0.025897
-0.042183 1.454207 -0.026392
-0.043187 1.444011 -0.026106
-0.049668 1.455711 -0.026982
-0.051256 1.445635 -0.026652
-0.056971 1.457830 -0.027885
-0.064000 1.460106 -0.029183
-0.058750 1.447820 -0.027499
-0.060462 1.438243 -0.027091
-0.066007 1.450127 -0.028569
-0.072868 1.452662 -0.030083
-0.067953 1.440645 -0.028054
-0.070086 1.431367 -0.027516
-0.075048 1.443263 -0.029533
-0.077537 1.434125 -0.028781
-0.081730 1.446057 -0.031345
-0.087745 1.448762 -0.033780
-0.079296 1.455244 -0.032251
-0.084563 1.436941 -0.030577
-0.090853 1.439841 -0.032894
-0.087585 1.428224 -0.029605
-0.094454 1.431402 -0.031842
-0.080205 1.425174 -0.028067
-0.090637 1.419624 -0.028632
-0.083063 1.416592 -0.027223
-0.097960 1.422973 -0.030716
-0.093870 1.411185 -0.027448
-0.101501 1.414706 -0.029219
-0.096848 1.403085 -0.026069
-0.085802 1.408080 -0.026266
-0.077045 1.405417 -0.025568
-0.088186 1.399951 -0.025090
-0.079047 1.397201 -0.024560
-0.090337 1.391896 -0.023864
-0.099538 1.394966 -0.024551
-0.092376 1.383776 -0.022214
-0.080842 1.389094 -0.023425
-0.071156 1.386588 -0.023412
-0.082582 1.380846 -0.022040
-0.072734 1.378216 -0.022106
-0.084330 1.372446 -0.020343
-0.074292 1.369652 -0.020528
-0.094293 1.375469 -0.020339
-0.086006 1.363725 -0.018212
-0.075713 1.360801 -0.018403
-0.096203 1.366923 -0.018100
-0.087502 1.354775 -0.015732
-0.076989 1.351731 -0.016023
-0.097921 1.358005 -0.015424
-0.088867 1.345382 -0.012906
-0.078135 1.342298 -0.013359
-0.099494 1.348684 -0.012451
-0.090078 1.335702 -0.009947
-0.091168 1.325582 -0.006871
-0.079168 1.332606 -0.010577
-0.100915 1.339102 -0.009426
-0.111665 1.342768 -0.009051
-0.102225 1.329034 -0.006294
-0.113161 1.332741 -0.005731
-0.103371 1.318598 -0.003234
-0.114532 1.322368 -0.002656
-0.092105 1.315190 -0.003952
-0.104301 1.307822 -0.000450
-0.092886 1.304318 -0.001035
-0.115674 1.311633 0.000146
-0.105009 1.296721 0.002075
-0.105514 1.285297 0.004296
-0.093445 1.293193 0.001606
-0.116584 1.300580 0.002621
-0.128123 1.304946 0.002726
-0.117266 1.289270 0.004703
-0.117663 1.277599 0.006396
-0.128985 1.293613 0.004796
-0.140541 1.298384 0.004555
-0.129496 1.281934 0.006436
-0.141225 1.286667 0.006327
-0.129657 1.269992 0.007730
-0.141433 1.274659 0.007541
-0.117775 1.265666 0.007859
-0.129594 1.257712 0.008920
-0.141343 1.262238 0.008577
-0.141087 1.249519 0.009567
-0.152968 1.267036 0.008150
-0.164245 1.272085 0.007471
-0.153051 1.279585 0.007202
-0.152631 1.254180 0.008966
-0.152142 1.241199 0.009675
-0.163949 1.259054 0.008343
-0.175015 1.264152 0.007496
-0.163341 1.245911 0.008835
-0.162754 1.232713 0.009308
-0.174439 1.250853 0.007991
-0.184818 1.255974 0.006797
-0.173730 1.237552 0.008265
-0.173059 1.224190 0.008530
-0.184184 1.242530 0.007113
-0.194168 1.247638 0.005578
-0.183407 1.229037 0.007131
-0.182869 1.215594 0.007339
-0.193331 1.234068 0.005528
-0.202829 1.239180 0.003660
-0.203523 1.252766 0.003775
-0.211519 1.244200 0.001457
-0.219495 1.249147 -0.001083
-0.211946 1.257708 0.001464
-0.211944 1.270996 0.000874
-0.219414 1.262371 -0.001248
-0.218837 1.275354 -0.002090
-0.226072 1.266788 -0.004339
-0.225072 1.279512 -0.005452
-0.223268 1.291730 -0.007455
-0.220889 1.303608 -0.010530
-0.217681 1.287995 -0.003775
-0.228048 1.295124 -0.011366
-0.225158 1.306483 -0.014522
-0.221887 1.317771 -0.018759
-0.228611 1.308963 -0.018353
-0.225086 1.320008 -0.022607
-0.231694 1.311277 -0.022149
-0.227659 1.321789 -0.026133
-0.234339 1.313198 -0.025802
-0.236652 1.314925 -0.029286
-0.230129 1.323505 -0.029595
-0.226031 1.333709 -0.034026
-0.232477 1.325136 -0.033043
-0.228148 1.335032 -0.037399
-0.234493 1.326463 -0.036445
-0.230171 1.336316 -0.040732
-0.236462 1.327756 -0.039866
-0.238810 1.316639 -0.032715
-0.240737 1.318163 -0.036270
-0.242943 1.306520 -0.029621
-0.246552 1.296286 -0.027442
-0.245021 1.308228 -0.033099
-0.240660 1.304626 -0.026185
-0.246929 1.309761 -0.036625
-0.248805 1.298229 -0.030825
-0.250822 1.299922 -0.034394
-0.252191 1.287807 -0.029366
-0.255361 1.277344 -0.028494
-0.254382 1.289930 -0.032918
-0.249826 1.285543 -0.025870
-0.256406 1.291830 -0.036511
-0.257745 1.279638 -0.031973
-0.259931 1.281716 -0.035515
-0.260690 1.269271 -0.031715
-0.258158 1.266699 -0.028317
-0.263096 1.271638 -0.035162
-0.263558 1.258698 -0.031705
-0.260860 1.255990 -0.028388
-0.266136 1.261414 -0.035179
-0.266446 1.248279 -0.031957
-0.269474 1.237987 -0.032178
-0.269177 1.251179 -0.035402
-0.263589 1.245291 -0.028584
-0.260450 1.242136 -0.025331
-0.266432 1.234828 -0.028850
-0.262965 1.231300 -0.025613
-0.269438 1.224267 -0.029189
-0.272616 1.227639 -0.032478
-0.275651 1.231010 -0.035844
-0.275982 1.217448 -0.032764
-0.279136 1.221010 -0.036087
-0.282827 1.211112 -0.036194
-0.272352 1.241051 -0.035603
-0.275041 1.243990 -0.039135
-0.271698 1.253926 -0.038992
-0.268475 1.263905 -0.038788
-0.265327 1.273839 -0.038730
-0.267516 1.276094 -0.042408
-0.262025 1.283765 -0.039103
-0.258435 1.293696 -0.040142
-0.264057 1.285835 -0.042787
-0.265735 1.287541 -0.046668
-0.260321 1.295412 -0.043834
-0.256350 1.304906 -0.045505
-0.261854 1.296858 -0.047665
-0.263360 1.298217 -0.051405
-0.257838 1.306180 -0.049250
-0.253532 1.315152 -0.051247
-0.259220 1.307299 -0.052932
-0.260085 1.308080 -0.056628
-0.254736 1.316109 -0.054906
-0.250261 1.324878 -0.057372
-0.255681 1.316829 -0.058529
-0.256211 1.317297 -0.062272
-0.251183 1.325505 -0.060981
-0.246609 1.334095 -0.063948
-0.251734 1.325879 -0.064585
-0.251941 1.326040 -0.068191
-0.247248 1.334454 -0.067449
-0.242860 1.343261 -0.070970
-0.247402 1.334560 -0.070970
-0.247307 1.334501 -0.074423
-0.242996 1.343216 -0.074345
-0.238639 1.351969 -0.078250
-0.242808 1.343052 -0.077677
-0.242219 1.342727 -0.080816
-0.238459 1.351763 -0.081483
-0.234220 1.360643 -0.085749
-0.237744 1.351357 -0.084467
-0.236655 1.350816 -0.087226
-0.233505 1.360232 -0.088694
-0.229300 1.369138 -0.093132
-0.232321 1.359650 -0.091292
-0.230792 1.358866 -0.093556
-0.228129 1.368568 -0.095717
-0.225159 1.378487 -0.097938
-0.230073 1.369584 -0.090274
-0.230225 1.369824 -0.087150
-0.225914 1.378845 -0.095118
-0.221785 1.388695 -0.100329
-0.226120 1.379112 -0.092067
-0.225821 1.379256 -0.088980
-0.221990 1.388947 -0.097374
-0.217931 1.398876 -0.102680
-0.221667 1.389054 -0.094310
-0.217556 1.398995 -0.099730
-0.220891 1.389029 -0.091354
-0.216876 1.399061 -0.096814
-0.219943 1.388935 -0.088360
-0.224995 1.379142 -0.085950
-0.229250 1.369789 -0.080798
-0.224071 1.378983 -0.082904
-0.228399 1.369694 -0.077689
-0.222948 1.378753 -0.079852
-0.227213 1.369425 -0.074596
-0.221394 1.378299 -0.076941
-0.218730 1.388677 -0.085370
-0.214650 1.398812 -0.091025
-0.217315 1.388277 -0.082479
-0.213291 1.398590 -0.088144
-0.215722 1.387795 -0.079642
-0.211652 1.398205 -0.085407
-0.213996 1.387285 -0.076733
-0.219841 1.377868 -0.073949
-0.224195 1.368482 -0.068507
-0.218259 1.377391 -0.070957
-0.222628 1.367873 -0.065440
-0.216395 1.376694 -0.067884
-0.220766 1.367095 -0.062323
-0.214439 1.375887 -0.064802
-0.212174 1.386722 -0.073679
-0.207969 1.397084 -0.079599
-0.210170 1.385995 -0.070647
-0.205947 1.396410 -0.076539
-0.208130 1.385188 -0.067655
-0.203822 1.395651 -0.073558
-0.206035 1.384364 -0.064597
-0.212443 1.375069 -0.061680
-0.216958 1.365541 -0.055969
-0.210450 1.374173 -0.058557
-0.214924 1.364499 -0.052926
-0.208433 1.373171 -0.055435
-0.212893 1.363429 -0.049726
-0.206294 1.372133 -0.052193
-0.204024 1.383484 -0.061582
-0.199596 1.393817 -0.067425
-0.201801 1.382250 -0.058205
-0.197379 1.392528 -0.063920
-0.199458 1.380829 -0.054477
-0.195016 1.391052 -0.060269
-0.197020 1.379373 -0.050671
-0.203928 1.370904 -0.048866
-0.208434 1.360953 -0.043028
-0.201534 1.369471 -0.045048
-0.206041 1.359556 -0.039587
-0.198920 1.367821 -0.040977
-0.194553 1.377776 -0.046689
-0.195552 1.365434 -0.035876
-0.203098 1.357664 -0.035191
-0.199526 1.355319 -0.030393
-0.207045 1.347457 -0.029696
-0.210930 1.337036 -0.024236
-0.203327 1.344972 -0.024869
-0.210501 1.349611 -0.034085
-0.214638 1.339406 -0.028744
-0.212876 1.351028 -0.037503
-0.217193 1.340995 -0.032340
-0.215168 1.352373 -0.040894
-0.219541 1.342429 -0.035653
-0.210767 1.362277 -0.046370
-0.217368 1.353626 -0.044214
-0.221811 1.343778 -0.038930
-0.219409 1.354725 -0.047374
-0.223826 1.344882 -0.042135
-0.221419 1.355802 -0.050535
-0.225818 1.345982 -0.045380
-0.223387 1.356771 -0.053706
-0.227833 1.347189 -0.048660
-0.218883 1.366354 -0.059178
-0.225239 1.357601 -0.056968
-0.229742 1.348227 -0.052008
-0.227047 1.358429 -0.060160
-0.231526 1.349109 -0.055178
-0.228593 1.359123 -0.063337
-0.233037 1.349779 -0.058446
-0.230100 1.359728 -0.066435
-0.234510 1.350447 -0.061717
-0.225731 1.368981 -0.071546
-0.231442 1.360198 -0.069625
-0.235831 1.351067 -0.065004
-0.232609 1.360575 -0.072810
-0.236915 1.351504 -0.068316
-0.233443 1.360751 -0.076038
-0.234144 1.360896 -0.079306
-0.237769 1.351811 -0.071603
-0.238381 1.351958 -0.074947
-0.242234 1.343039 -0.067561
-0.241407 1.342685 -0.064145
-0.245769 1.333610 -0.060437
-0.240292 1.342147 -0.060809
-0.244601 1.332952 -0.057051
-0.238956 1.341437 -0.057470
-0.237454 1.340627 -0.054130
-0.243299 1.332194 -0.053639
-0.247633 1.323168 -0.050393
-0.241804 1.331293 -0.050248
-0.240266 1.330340 -0.046830
-0.246200 1.322129 -0.046813
-0.250602 1.312805 -0.043894
-0.244553 1.320921 -0.043233
-0.242660 1.319573 -0.039762
-0.248806 1.311301 -0.040212
-0.252794 1.301643 -0.038016
-0.254741 1.303417 -0.041695
-0.238372 1.329074 -0.043355
-0.234149 1.338782 -0.047446
-0.232170 1.337585 -0.044104
-0.235984 1.339777 -0.050733
-0.252073 1.313990 -0.047572
-0.249118 1.324144 -0.053779
-0.229933 1.369867 -0.083956
-0.234340 1.360834 -0.082550
-0.223722 1.332261 -0.030682
-0.221294 1.330664 -0.027299
-0.218387 1.328734 -0.023590
-0.214471 1.326146 -0.019138
-0.217895 1.315095 -0.014487
-0.210160 1.323351 -0.014720
-0.213160 1.311994 -0.010282
-0.204910 1.320011 -0.010360
-0.206798 1.334349 -0.019731
-0.202010 1.331258 -0.015020
-0.198680 1.341924 -0.019952
-0.196110 1.327497 -0.010353
-0.193225 1.338358 -0.014866
-0.189385 1.323416 -0.006217
-0.198771 1.316194 -0.006234
-0.191569 1.311877 -0.002472
-0.201148 1.304420 -0.002509
-0.207522 1.308365 -0.006253
-0.202835 1.292122 0.000351
-0.193329 1.299865 0.000650
-0.184595 1.295018 0.003259
-0.194536 1.287360 0.003059
-0.185272 1.282357 0.005122
-0.195047 1.274449 0.004632
-0.203712 1.279344 0.002319
-0.194796 1.261158 0.005332
-0.185301 1.269300 0.006234
-0.203787 1.266148 0.003321
-0.211186 1.283841 -0.000498
-0.209725 1.296339 -0.002819
-0.215692 1.300144 -0.006499
-0.175177 1.277250 0.006519
-0.174871 1.289952 0.005114
-0.173955 1.302152 0.002985
-0.164175 1.284747 0.006323
-0.163612 1.296909 0.004693
-0.162526 1.308668 0.002507
-0.152678 1.291698 0.005795
-0.151796 1.303432 0.003922
-0.150490 1.314647 0.001697
-0.148871 1.325451 -0.000878
-0.139473 1.309650 0.002589
-0.160951 1.319860 -0.000060
-0.159093 1.330517 -0.002771
-0.170737 1.325024 -0.002604
-0.179204 1.329833 -0.006102
-0.168480 1.335584 -0.005810
-0.172529 1.313844 0.000353
-0.181509 1.318827 -0.002614
-0.183345 1.307193 0.000575
-0.176688 1.340369 -0.009735
-0.165953 1.345719 -0.009202
-0.163284 1.355539 -0.012791
-0.156909 1.340790 -0.005929
-0.174007 1.350455 -0.013489
-0.180877 1.354858 -0.018587
-0.171168 1.360266 -0.017392
-0.177868 1.364810 -0.022984
-0.168143 1.369882 -0.021504
-0.164538 1.379338 -0.026245
-0.160473 1.365143 -0.016613
-0.174422 1.374634 -0.027796
-0.179390 1.378706 -0.034254
-0.170686 1.384265 -0.032761
-0.175707 1.388558 -0.039434
-0.166784 1.393809 -0.037733
-0.162353 1.402935 -0.042278
-0.160839 1.388788 -0.031018
-0.171470 1.398252 -0.044554
-0.175060 1.401664 -0.050760
-0.166804 1.407519 -0.049151
-0.170626 1.411320 -0.055699
-0.162150 1.416080 -0.053190
-0.157001 1.423961 -0.056732
-0.157488 1.411302 -0.046208
-0.165805 1.420203 -0.060062
-0.168849 1.423837 -0.066280
-0.160779 1.428488 -0.063659
-0.163726 1.432336 -0.069929
-0.155232 1.435800 -0.066208
-0.151673 1.430824 -0.059347
-0.158291 1.440139 -0.072572
-0.149229 1.442102 -0.067595
-0.145969 1.437250 -0.061059
-0.151935 1.446990 -0.074383
-0.142331 1.447675 -0.067986
-0.139331 1.443275 -0.061836
-0.144391 1.452457 -0.074167
-0.134632 1.452776 -0.067288
-0.132065 1.448765 -0.061797
-0.136257 1.457047 -0.072717
-0.126671 1.458064 -0.065902
-0.119155 1.463637 -0.064629
-0.124697 1.454317 -0.060695
-0.128098 1.461681 -0.070737
-0.120466 1.466952 -0.068981
-0.129228 1.465965 -0.075758
-0.137607 1.461537 -0.078116
-0.129764 1.470088 -0.080561
-0.121369 1.470401 -0.073472
-0.121737 1.473927 -0.077863
-0.114160 1.475332 -0.071443
-0.114519 1.478136 -0.075399
-0.107754 1.480413 -0.069409
-0.113610 1.472454 -0.067291
-0.107593 1.478178 -0.065802
-0.112493 1.469702 -0.063193
-0.106777 1.475749 -0.061978
-0.110833 1.466908 -0.058991
-0.117486 1.460439 -0.059912
-0.109093 1.464399 -0.054939
-0.105274 1.473302 -0.058137
-0.103940 1.471213 -0.054409
-0.097223 1.480397 -0.057581
-0.096042 1.478661 -0.054490
-0.097766 1.482312 -0.060960
-0.097848 1.484155 -0.064183
-0.097369 1.485908 -0.067178
-0.096502 1.487522 -0.070183
-0.095438 1.488958 -0.072996
-0.107580 1.482850 -0.072967
-0.106848 1.485095 -0.076387
-0.114518 1.481611 -0.079709
-0.105221 1.487550 -0.079992
-0.102458 1.489809 -0.083451
-0.093590 1.490175 -0.075798
-0.113649 1.484892 -0.083757
-0.121735 1.481836 -0.086925
-0.111944 1.488118 -0.087898
-0.120712 1.485834 -0.091504
-0.108676 1.491295 -0.092696
-0.103801 1.492990 -0.097990
-0.098622 1.491318 -0.086835
-0.118487 1.490143 -0.096339
-0.115297 1.493677 -0.101594
-0.128679 1.487502 -0.099549
-0.126533 1.491946 -0.104334
-0.138427 1.484300 -0.102553
-0.129864 1.483017 -0.094693
-0.139271 1.479659 -0.097964
-0.130234 1.478450 -0.089990
-0.130168 1.474200 -0.085275
-0.139371 1.475039 -0.093146
-0.148204 1.470510 -0.095304
-0.139010 1.470445 -0.088157
-0.147710 1.466136 -0.090401
-0.138579 1.466195 -0.083462
-0.146951 1.461625 -0.085257
-0.145784 1.456765 -0.079510
-0.155211 1.455467 -0.085531
-0.156615 1.459486 -0.090692
-0.162732 1.447808 -0.084051
-0.153770 1.451328 -0.080143
-0.160701 1.444037 -0.078574
-0.166403 1.436175 -0.075959
-0.168787 1.439413 -0.081183
-0.171631 1.426962 -0.071941
-0.174137 1.429903 -0.077210
-0.176494 1.417210 -0.067117
-0.173720 1.414383 -0.061649
-0.179169 1.419984 -0.072451
-0.181266 1.407506 -0.062250
-0.185710 1.397734 -0.057397
-0.183902 1.410194 -0.067686
-0.178302 1.404659 -0.056619
-0.182806 1.395074 -0.051814
-0.187130 1.385304 -0.046812
-0.179395 1.391868 -0.045649
-0.183569 1.382222 -0.040596
-0.187579 1.372402 -0.035509
-0.191516 1.362445 -0.030175
-0.183137 1.368768 -0.029099
-0.191379 1.375400 -0.041376
-0.186659 1.358907 -0.024329
-0.190045 1.348868 -0.019668
-0.183804 1.344796 -0.014464
-0.195178 1.352341 -0.025050
-0.186800 1.334348 -0.010188
-0.190153 1.387664 -0.052065
-0.192640 1.389444 -0.056343
-0.188408 1.399750 -0.062079
-0.190741 1.401316 -0.065760
-0.186284 1.411866 -0.071625
-0.193046 1.402715 -0.069357
-0.188448 1.413292 -0.075108
-0.195169 1.403932 -0.072687
-0.190663 1.414650 -0.078578
-0.197343 1.405192 -0.076115
-0.192925 1.415782 -0.081888
-0.199494 1.406295 -0.079443
-0.201724 1.394841 -0.070685
-0.195277 1.416944 -0.085313
-0.201630 1.407067 -0.082514
-0.197463 1.418057 -0.088549
-0.203751 1.407776 -0.085534
-0.199508 1.419073 -0.091599
-0.205738 1.408386 -0.088387
-0.201568 1.419968 -0.094549
-0.207590 1.408942 -0.091221
-0.209838 1.397685 -0.082566
-0.203410 1.420643 -0.097403
-0.209231 1.409445 -0.094064
-0.205090 1.421177 -0.100238
-0.210603 1.409809 -0.096995
-0.206599 1.421675 -0.103136
-0.211896 1.410090 -0.099861
-0.207728 1.422026 -0.106058
-0.212826 1.410257 -0.102783
-0.215942 1.399015 -0.093889
-0.208729 1.422297 -0.108978
-0.213598 1.410339 -0.105742
-0.209429 1.422391 -0.111936
-0.213970 1.410273 -0.108630
-0.209969 1.422387 -0.114851
-0.213795 1.410086 -0.111542
-0.209658 1.422246 -0.117668
-0.217820 1.398738 -0.105659
-0.213288 1.409760 -0.114295
-0.217223 1.398491 -0.108451
-0.212203 1.409310 -0.116763
-0.221110 1.388305 -0.103077
-0.203164 1.435010 -0.112167
-0.202164 1.434539 -0.109212
-0.196400 1.448420 -0.115239
-0.200469 1.433845 -0.106355
-0.195235 1.447592 -0.112441
-0.198828 1.433151 -0.103555
-0.193236 1.446422 -0.109388
-0.196906 1.432187 -0.100619
-0.191278 1.445091 -0.106387
-0.194947 1.431031 -0.097596
-0.189214 1.443511 -0.103191
-0.192853 1.429725 -0.094402
-0.187179 1.441834 -0.099955
-0.190655 1.428337 -0.091112
-0.185200 1.440119 -0.096707
-0.188449 1.426939 -0.087788
-0.183148 1.438385 -0.093355
-0.186179 1.425559 -0.084410
-0.180990 1.436797 -0.090055
-0.183855 1.424182 -0.080977
-0.178777 1.435223 -0.086712
-0.181683 1.422617 -0.077472
-0.176440 1.432735 -0.082138
-0.171103 1.442268 -0.085956
-0.164507 1.451364 -0.089022
-0.173119 1.445266 -0.090748
-0.174980 1.447978 -0.094976
-0.166111 1.454487 -0.093468
-0.167547 1.457923 -0.098099
-0.157830 1.463067 -0.095222
-0.158656 1.467056 -0.099997
-0.159471 1.470630 -0.104213
-0.148675 1.475094 -0.100310
-0.148986 1.478965 -0.104646
-0.148986 1.482238 -0.108327
-0.160107 1.473561 -0.107622
-0.137419 1.488439 -0.107028
-0.148952 1.485539 -0.112024
-0.160730 1.476654 -0.111319
-0.136608 1.492041 -0.110910
-0.148754 1.488819 -0.115725
-0.161379 1.479502 -0.115032
-0.135399 1.495596 -0.114801
-0.148623 1.491524 -0.119094
-0.161969 1.481786 -0.118346
-0.148356 1.493675 -0.122015
-0.134337 1.497571 -0.117755
-0.132861 1.499357 -0.121341
-0.120384 1.498754 -0.115965
-0.118805 1.499805 -0.119756
-0.122295 1.497438 -0.112549
-0.108798 1.497199 -0.114259
-0.110153 1.496657 -0.110678
-0.111303 1.495777 -0.106873
-0.097813 1.492763 -0.103410
-0.123959 1.495701 -0.108869
-0.088898 1.489245 -0.091822
-0.079077 1.488992 -0.082432
-0.080383 1.486108 -0.089635
-0.093892 1.490934 -0.089914
-0.083498 1.490731 -0.081928
-0.087491 1.491456 -0.080329
-0.090878 1.491313 -0.078309
-0.072850 1.482563 -0.086855
-0.073304 1.486693 -0.081268
-0.067567 1.484171 -0.079723
-0.060905 1.481458 -0.077249
-0.053924 1.478869 -0.074594
-0.065442 1.479134 -0.083497
-0.058203 1.475780 -0.080252
-0.046938 1.476336 -0.072067
-0.162406 1.483903 -0.121519
-0.162731 1.485924 -0.124464
-0.175065 1.472544 -0.119001
-0.185736 1.459702 -0.114576
-0.173891 1.470635 -0.115838
-0.175863 1.474206 -0.121964
-0.187151 1.461277 -0.117660
-0.188182 1.462520 -0.120552
-0.184173 1.458181 -0.111617
-0.172635 1.468512 -0.112573
-0.182240 1.456287 -0.108451
-0.171469 1.466149 -0.109123
-0.180496 1.454489 -0.105499
-0.170448 1.463317 -0.105529
-0.178707 1.452334 -0.102085
-0.169081 1.460724 -0.102024
-0.176723 1.450006 -0.098310
-0.121826 1.478188 -0.082557
-0.094738 1.476940 -0.051351
-0.102031 1.469253 -0.051027
-0.093104 1.475124 -0.048111
-0.090777 1.473299 -0.045057
-0.099536 1.466999 -0.047541
-0.096819 1.464801 -0.044047
-0.104250 1.459370 -0.047314
-0.106944 1.461960 -0.051114
-0.109474 1.451720 -0.047012
-0.101138 1.456616 -0.043462
-0.097356 1.454132 -0.040153
-0.105784 1.448727 -0.042933
-0.101557 1.445910 -0.039234
-0.110835 1.441035 -0.042189
-0.115052 1.444432 -0.046560
-0.116022 1.433617 -0.041069
-0.106123 1.437819 -0.038185
-0.100607 1.434564 -0.034670
-0.110647 1.430056 -0.036956
-0.104568 1.426369 -0.033371
-0.115146 1.422245 -0.035327
-0.120990 1.426168 -0.039567
-0.119478 1.414616 -0.033245
-0.108594 1.418398 -0.031859
-0.112440 1.410476 -0.030099
-0.104810 1.406532 -0.027661
-0.116045 1.402607 -0.028028
-0.108046 1.398535 -0.025932
-0.123526 1.406935 -0.031137
-0.119455 1.394643 -0.025714
-0.111050 1.390586 -0.023830
-0.127434 1.399113 -0.028550
-0.122628 1.386567 -0.023053
-0.113631 1.382458 -0.021515
-0.131023 1.391086 -0.025443
-0.125430 1.378227 -0.019980
-0.115993 1.374113 -0.018785
-0.134248 1.382794 -0.022238
-0.127993 1.369445 -0.016590
-0.137189 1.373954 -0.018457
-0.130328 1.360291 -0.012993
-0.118232 1.365295 -0.015683
-0.108195 1.361519 -0.015391
-0.120328 1.356127 -0.012354
-0.110050 1.352234 -0.012210
-0.122237 1.346722 -0.009046
-0.132569 1.350973 -0.009495
-0.124029 1.336790 -0.005608
-0.125587 1.326572 -0.002477
-0.134620 1.341205 -0.005970
-0.136470 1.331079 -0.002750
-0.144850 1.345877 -0.007199
-0.154474 1.350714 -0.009405
-0.142468 1.355539 -0.010891
-0.146978 1.335834 -0.003811
-0.139904 1.364904 -0.014653
-0.151819 1.360417 -0.013206
-0.148944 1.369720 -0.017237
-0.157352 1.374579 -0.021063
-0.145872 1.378760 -0.021408
-0.142443 1.387439 -0.025329
-0.153816 1.383779 -0.025573
-0.150013 1.392400 -0.029796
-0.156687 1.397587 -0.035476
-0.145893 1.400531 -0.033542
-0.138761 1.395665 -0.028951
-0.141289 1.408382 -0.037016
-0.152018 1.405754 -0.039350
-0.147069 1.413415 -0.042751
-0.152380 1.418797 -0.049504
-0.141883 1.420601 -0.045575
-0.136390 1.415866 -0.040051
-0.136653 1.427779 -0.048192
-0.147166 1.425707 -0.052177
-0.141743 1.432410 -0.054424
-0.135548 1.438704 -0.055845
-0.131244 1.434371 -0.049834
-0.128837 1.444631 -0.055894
-0.124947 1.440835 -0.050712
-0.121877 1.450941 -0.055809
-0.118641 1.447807 -0.051198
-0.115235 1.457684 -0.055562
-0.112541 1.454771 -0.051240
-0.120801 1.437213 -0.045727
-0.126335 1.430225 -0.044324
-0.131447 1.423156 -0.042447
-0.125766 1.418756 -0.037384
-0.130295 1.411317 -0.035110
-0.134727 1.403677 -0.032252
-0.138073 1.320569 0.000134
-0.126952 1.315983 0.000281
-0.106176 1.370417 -0.018295
-0.104077 1.378766 -0.020641
-0.101893 1.386920 -0.022685
-0.096572 1.442934 -0.035877
-0.092854 1.451402 -0.036748
-0.089603 1.460124 -0.037607
-0.085061 1.469196 -0.038776
-0.085060 1.457758 -0.034769
-0.093523 1.462615 -0.040960
-0.088339 1.471325 -0.041810
-0.081114 1.467006 -0.035995
-0.076361 1.464564 -0.033259
-0.070551 1.462284 -0.030945
-0.258752 1.227129 -0.022093
-0.219283 1.235745 -0.001288
-0.105879 1.273709 0.006231
-0.093816 1.281756 0.003976
-0.081946 1.290111 0.001033
-0.081485 1.301177 -0.001679
-0.080842 1.312037 -0.004606
-0.070087 1.298485 -0.002285
-0.069581 1.309305 -0.005297
-0.068953 1.319736 -0.008257
-0.058325 1.306958 -0.005872
-0.057827 1.317326 -0.008806
-0.057225 1.327485 -0.011746
-0.046720 1.315324 -0.009299
-0.068220 1.329808 -0.011136
-0.056531 1.337283 -0.014459
-0.067378 1.339627 -0.013921
-0.055741 1.346739 -0.016902
-0.066415 1.349087 -0.016524
-0.054859 1.355956 -0.019173
-0.065280 1.358227 -0.018787
-0.053858 1.365072 -0.021187
-0.044384 1.354185 -0.019600
-0.043577 1.363255 -0.021418
-0.042700 1.372130 -0.022847
-0.033315 1.361768 -0.021674
-0.032598 1.370769 -0.023138
-0.031906 1.379584 -0.024148
-0.022525 1.369643 -0.023315
-0.022005 1.378548 -0.024314
-0.021524 1.387338 -0.024857
-0.012199 1.377835 -0.024433
-0.002265 1.377493 -0.024443
0.007669 1.377791 -0.024526
-0.031228 1.388309 -0.024771
-0.040834 1.389461 -0.024541
-0.030526 1.396903 -0.025029
-0.029837 1.405586 -0.025174
-0.039928 1.398041 -0.024948
-0.049368 1.399423 -0.024869
-0.038993 1.406641 -0.025182
-0.048192 1.407943 -0.025233
-0.038014 1.415304 -0.025329
-0.037037 1.424235 -0.025539
-0.046982 1.416574 -0.025478
-0.055730 1.418174 -0.025771
-0.045701 1.425478 -0.025745
-0.044297 1.434659 -0.025973
-0.054093 1.427042 -0.026111
-0.052705 1.436294 -0.026380
-0.062330 1.428998 -0.026686
-0.064212 1.420035 -0.026277
-0.066185 1.411442 -0.025789
-0.072497 1.422348 -0.026996
-0.074861 1.413831 -0.026286
-0.057248 1.409503 -0.025464
-0.067990 1.403108 -0.025087
-0.069570 1.394885 -0.024468
-0.058611 1.401073 -0.024913
-0.060066 1.392757 -0.024355
-0.050500 1.390984 -0.024429
-0.061493 1.384345 -0.023423
-0.062814 1.375857 -0.022271
-0.051621 1.382467 -0.023680
-0.052774 1.373844 -0.022559
-0.041772 1.380820 -0.023864
-0.064075 1.367167 -0.020818
-0.080075 1.322492 -0.007594
-0.010269 1.451071 -0.025187
-0.010491 1.441054 -0.025060
-0.002111 1.450900 -0.025075
0.006048 1.451056 -0.025225
-0.002129 1.440825 -0.024933
0.006233 1.441036 -0.025103
-0.002148 1.431290 -0.025035
0.006370 1.431446 -0.025174
-0.002167 1.421942 -0.025109
0.006564 1.422174 -0.025269
0.006745 1.413057 -0.025306
0.015338 1.422515 -0.025324
0.015693 1.413515 -0.025368
0.023972 1.423242 -0.025565
0.014906 1.431817 -0.025303
0.023326 1.432466 -0.025511
0.014567 1.441429 -0.025274
0.014174 1.451462 -0.025416
0.022791 1.442042 -0.025516
0.022197 1.452078 -0.025718
0.031067 1.442909 -0.025812
0.030205 1.452941 -0.026041
0.031870 1.433345 -0.025772
0.038941 1.443931 -0.026303
0.037975 1.454139 -0.026567
0.047016 1.445545 -0.026879
0.040012 1.434565 -0.026196
0.041375 1.425369 -0.025997
0.048427 1.436186 -0.026636
0.056194 1.438125 -0.027374
0.054521 1.447721 -0.027750
0.063698 1.440521 -0.028357
0.061790 1.450022 -0.028838
0.070809 1.443138 -0.029850
0.073257 1.433977 -0.029137
0.068666 1.452556 -0.030365
0.075110 1.455136 -0.032542
0.066383 1.462194 -0.031196
0.059821 1.460019 -0.029422
0.072206 1.464474 -0.033520
0.076972 1.466915 -0.036259
0.080930 1.469107 -0.039043
0.052780 1.457747 -0.028106
0.045467 1.455635 -0.027182
0.032708 1.424144 -0.025747
0.033643 1.415199 -0.025562
0.024721 1.414260 -0.025469
0.123038 1.398858 -0.029128
0.130398 1.403458 -0.032765
0.137027 1.408203 -0.037462
0.134395 1.395427 -0.029500
0.141607 1.400341 -0.034007
0.145696 1.392196 -0.030284
0.147808 1.405609 -0.039735
0.153348 1.411199 -0.046522
0.152459 1.397436 -0.035867
0.142873 1.413273 -0.043132
0.148245 1.418690 -0.049825
0.137698 1.420463 -0.045951
0.143035 1.425600 -0.052503
0.137617 1.432303 -0.054752
0.147590 1.430744 -0.059633
0.141884 1.437165 -0.061354
0.135241 1.443184 -0.062140
0.138270 1.447599 -0.068269
0.130560 1.452694 -0.067581
0.156586 1.388629 -0.031421
0.144417 1.493642 -0.122261
0.144182 1.495728 -0.125505
0.158483 1.483879 -0.121748
0.158810 1.485901 -0.124696
0.171159 1.472534 -0.119202
0.171960 1.474198 -0.122166
0.181851 1.459712 -0.114736
0.189372 1.446454 -0.109499
0.183269 1.461289 -0.117821
0.191377 1.447626 -0.112551
0.184304 1.462530 -0.120714
0.172715 1.475777 -0.125185
0.192545 1.448454 -0.115349
0.185344 1.463681 -0.123641
0.173195 1.477005 -0.128257
0.193589 1.449158 -0.118309
0.185849 1.464429 -0.126709
0.173557 1.478006 -0.131233
0.194436 1.449686 -0.121285
0.186100 1.465050 -0.129823
0.173568 1.478629 -0.134177
0.194988 1.450107 -0.124355
0.185866 1.465268 -0.132851
0.173221 1.478945 -0.137219
0.194810 1.450178 -0.127259
0.185190 1.465116 -0.135785
0.172478 1.478680 -0.139920
0.194654 1.450214 -0.130107
0.184070 1.464619 -0.138204
0.171258 1.477891 -0.142265
0.182325 1.463636 -0.140131
0.193566 1.449806 -0.132692
0.200638 1.435505 -0.126849
0.192278 1.449269 -0.135077
0.199542 1.435065 -0.129300
0.190527 1.448522 -0.137009
0.180482 1.462581 -0.141694
0.197628 1.434397 -0.131179
0.188293 1.447607 -0.138273
0.178272 1.461274 -0.142640
0.185835 1.446541 -0.139024
0.195449 1.433684 -0.132497
0.200710 1.420573 -0.126520
0.192932 1.432903 -0.133484
0.198398 1.419928 -0.127579
0.190519 1.432085 -0.134122
0.195960 1.419304 -0.128465
0.187943 1.431138 -0.134430
0.193261 1.418592 -0.128838
0.185303 1.430126 -0.134196
0.190547 1.417795 -0.128963
0.182700 1.429174 -0.133713
0.187838 1.416968 -0.128582
0.192290 1.405169 -0.123338
0.196253 1.394358 -0.118031
0.194981 1.405962 -0.123426
0.199049 1.394939 -0.118094
0.197724 1.406705 -0.123325
0.201801 1.395516 -0.117970
0.200330 1.407317 -0.122878
0.204503 1.396074 -0.117345
0.202797 1.407889 -0.121948
0.205030 1.408449 -0.120730
0.206889 1.396616 -0.116352
0.209048 1.397167 -0.114970
0.210862 1.386401 -0.110857
0.214849 1.376367 -0.105396
0.208392 1.385915 -0.111905
0.212934 1.386945 -0.109533
0.217003 1.376976 -0.104143
0.214784 1.387439 -0.107612
0.218822 1.377680 -0.102479
0.216313 1.387942 -0.105360
0.210968 1.397734 -0.113136
0.212420 1.398250 -0.110862
0.206927 1.408967 -0.118865
0.208431 1.409415 -0.116708
0.202801 1.421197 -0.125111
0.204413 1.421718 -0.123006
0.205553 1.422134 -0.120505
0.209522 1.409871 -0.114232
0.205862 1.422328 -0.117666
0.206175 1.422473 -0.114845
0.201156 1.435754 -0.124021
0.210031 1.410200 -0.111473
0.210209 1.410389 -0.108555
0.214097 1.398886 -0.105516
0.213494 1.398634 -0.108317
0.214211 1.399027 -0.102530
0.218107 1.388879 -0.100108
0.217425 1.388485 -0.102866
0.222290 1.379073 -0.094808
0.218315 1.389136 -0.097144
0.222501 1.379346 -0.091747
0.217995 1.389247 -0.094075
0.213836 1.399149 -0.099576
0.217217 1.389222 -0.091116
0.222205 1.379494 -0.088654
0.221377 1.379381 -0.085620
0.226381 1.370152 -0.083532
0.225698 1.370077 -0.080368
0.230663 1.361232 -0.078778
0.226669 1.370106 -0.086735
0.226511 1.369857 -0.089870
0.230854 1.361165 -0.082033
0.235233 1.352354 -0.077625
0.230727 1.360967 -0.085246
0.230000 1.360547 -0.088208
0.235043 1.352140 -0.080873
0.239476 1.343482 -0.076958
0.234314 1.351723 -0.083876
0.238872 1.343147 -0.080117
0.233211 1.351172 -0.086655
0.231603 1.350280 -0.088634
0.237531 1.342464 -0.082670
0.228802 1.359955 -0.090824
0.224545 1.368827 -0.095345
0.227258 1.359159 -0.093107
0.225451 1.358261 -0.094775
0.222992 1.368160 -0.097620
0.221247 1.367488 -0.099370
0.218938 1.366913 -0.100687
0.223043 1.357504 -0.096114
0.216187 1.366492 -0.101774
0.220638 1.357112 -0.097033
0.212084 1.375951 -0.106531
0.213844 1.365781 -0.102055
0.211249 1.364904 -0.102249
0.218159 1.356392 -0.097334
0.209618 1.375380 -0.107136
0.205607 1.385382 -0.112576
0.207047 1.374637 -0.107464
0.204336 1.373935 -0.107357
0.203035 1.384606 -0.112773
0.200292 1.383834 -0.112730
0.208477 1.364179 -0.101971
0.215549 1.355676 -0.097478
0.222535 1.347137 -0.092866
0.225167 1.347746 -0.092417
0.229564 1.338782 -0.088270
0.227474 1.348261 -0.091672
0.229726 1.349256 -0.090340
0.231902 1.339413 -0.087385
0.236388 1.331085 -0.084225
0.234049 1.340710 -0.086466
0.235954 1.341724 -0.084780
0.238448 1.332381 -0.083153
0.242954 1.323828 -0.080245
0.240430 1.333317 -0.081603
0.242145 1.334044 -0.079464
0.244983 1.324789 -0.078863
0.249484 1.316281 -0.076678
0.246658 1.325577 -0.076690
0.247953 1.326211 -0.073943
0.251184 1.317131 -0.074518
0.255640 1.308672 -0.072862
0.252396 1.317726 -0.071680
0.253248 1.318141 -0.068464
0.256957 1.309349 -0.070063
0.261371 1.300849 -0.068895
0.257703 1.309654 -0.066751
0.257949 1.309661 -0.063129
0.262215 1.301183 -0.065604
0.266499 1.292660 -0.065007
0.270728 1.284075 -0.064612
0.274714 1.275561 -0.064078
0.253401 1.318141 -0.064889
0.253176 1.317902 -0.061190
0.248802 1.326587 -0.067232
0.248609 1.326437 -0.063604
0.248581 1.326492 -0.070698
0.244172 1.335056 -0.070119
0.239675 1.343656 -0.073607
0.244063 1.334986 -0.073593
0.244030 1.334959 -0.066579
0.243399 1.334608 -0.063063
0.239549 1.343709 -0.070216
0.238928 1.343494 -0.066794
0.234980 1.352349 -0.074308
0.234372 1.352209 -0.070954
0.229963 1.361093 -0.075502
0.233518 1.351903 -0.067660
0.229129 1.360918 -0.072268
0.238103 1.343145 -0.063368
0.232432 1.351470 -0.064343
0.231105 1.350849 -0.061056
0.227958 1.360542 -0.069082
0.236986 1.342609 -0.060027
0.235644 1.341900 -0.056686
0.241396 1.333474 -0.056144
0.242563 1.334129 -0.059538
0.247155 1.325452 -0.056357
0.248069 1.326072 -0.059981
0.252661 1.317445 -0.057424
0.234134 1.341087 -0.053348
0.229621 1.350178 -0.057789
0.228098 1.349504 -0.054528
0.225091 1.359463 -0.062799
0.220617 1.368767 -0.068082
0.226608 1.360071 -0.065894
0.223532 1.358765 -0.059630
0.221706 1.357928 -0.056451
0.219037 1.368153 -0.065022
0.214604 1.377621 -0.070641
0.217159 1.367367 -0.061917
0.212725 1.376917 -0.067579
0.215257 1.366616 -0.058787
0.210752 1.376101 -0.064511
0.213311 1.365793 -0.055597
0.219834 1.357088 -0.053205
0.217841 1.356107 -0.050055
0.215802 1.355016 -0.046920
0.211251 1.364738 -0.052577
0.209191 1.363654 -0.049403
0.206720 1.374366 -0.058302
0.208735 1.375274 -0.061406
0.202259 1.384516 -0.064428
0.204679 1.373351 -0.055203
0.202512 1.372297 -0.051988
0.200226 1.383626 -0.061433
0.195763 1.393923 -0.067347
0.197978 1.382378 -0.058079
0.197911 1.394956 -0.070591
0.191308 1.404009 -0.072672
0.193498 1.405278 -0.076087
0.189057 1.415841 -0.081917
0.195665 1.406388 -0.079404
0.191423 1.417009 -0.085331
0.197815 1.407167 -0.082464
0.200025 1.395776 -0.073450
0.202166 1.396544 -0.076418
0.204374 1.385350 -0.067468
0.206432 1.386166 -0.070445
0.208452 1.386900 -0.073465
0.204203 1.397223 -0.079467
0.210286 1.387470 -0.076510
0.206083 1.397829 -0.082425
0.212023 1.387984 -0.079411
0.207907 1.398354 -0.085260
0.216198 1.378103 -0.073626
0.213626 1.388469 -0.082243
0.209555 1.398741 -0.087992
0.217760 1.378536 -0.076612
0.215048 1.388870 -0.085131
0.210921 1.398965 -0.090870
0.216265 1.389130 -0.088120
0.219323 1.378993 -0.079520
0.220451 1.379224 -0.082572
0.223654 1.369714 -0.074162
0.222163 1.369269 -0.071116
0.224845 1.369983 -0.077255
0.212218 1.399169 -0.093732
0.208131 1.410209 -0.099781
0.213155 1.399216 -0.096658
0.209064 1.410376 -0.102703
0.209838 1.410456 -0.105664
0.204933 1.422386 -0.108968
0.205634 1.422478 -0.111928
0.203929 1.422113 -0.106048
0.200120 1.435441 -0.115234
0.199337 1.435069 -0.112219
0.200789 1.435702 -0.118224
0.201248 1.435827 -0.121125
0.198334 1.434597 -0.109264
0.202797 1.421762 -0.103126
0.196634 1.433902 -0.106409
0.201283 1.421262 -0.100230
0.194987 1.433207 -0.103611
0.199596 1.420725 -0.097398
0.193058 1.432239 -0.100678
0.197746 1.420048 -0.094547
0.191091 1.431081 -0.097657
0.187407 1.445121 -0.106500
0.188988 1.429772 -0.094468
0.195676 1.419149 -0.091604
0.193621 1.418128 -0.088560
0.199949 1.407881 -0.085474
0.201946 1.408496 -0.088320
0.203807 1.409057 -0.091148
0.205456 1.409561 -0.093986
0.206833 1.409926 -0.096916
0.186780 1.428379 -0.091184
0.184562 1.426977 -0.087867
0.226295 1.348614 -0.051372
0.243337 1.334603 -0.076682
0.225727 1.369405 -0.092743
0.220352 1.378262 -0.100282
0.221526 1.378708 -0.097641
0.193387 1.393696 -0.117509
0.166063 1.473422 -0.145874
0.152007 1.483199 -0.147446
0.167951 1.475093 -0.145108
0.169674 1.476640 -0.143865
0.153513 1.485221 -0.146686
0.138350 1.492302 -0.146929
0.154769 1.486996 -0.145626
0.139141 1.494388 -0.146152
0.156082 1.488620 -0.144212
0.140001 1.496175 -0.144788
0.157154 1.489721 -0.142147
0.158057 1.490455 -0.139793
0.140878 1.497633 -0.142818
0.141512 1.498675 -0.140433
0.124895 1.500695 -0.141434
0.124487 1.499150 -0.143295
0.125266 1.501671 -0.138962
0.111102 1.499897 -0.139293
0.110904 1.498778 -0.141365
0.111314 1.500725 -0.136886
0.111629 1.500947 -0.134245
0.111949 1.500994 -0.131580
0.125687 1.501866 -0.136370
0.142179 1.499050 -0.137862
0.126231 1.502077 -0.133655
0.142872 1.498978 -0.134835
0.126744 1.501856 -0.130735
0.127309 1.501285 -0.127783
0.112417 1.500977 -0.128703
0.143365 1.498284 -0.131787
0.143789 1.497124 -0.128623
0.159130 1.489112 -0.130977
0.159027 1.487669 -0.127892
0.158942 1.489995 -0.134149
0.158651 1.490397 -0.136975
0.110614 1.497293 -0.143095
0.110530 1.495193 -0.144466
0.124055 1.497500 -0.144981
0.123774 1.495466 -0.146057
0.123570 1.492748 -0.146621
0.123080 1.490221 -0.146903
0.137424 1.489808 -0.147529
0.110666 1.492987 -0.145196
0.110797 1.490530 -0.145712
0.136547 1.487442 -0.147686
0.122699 1.487319 -0.146772
0.207118 1.337226 -0.023963
0.210920 1.339649 -0.028370
0.210695 1.326366 -0.018802
0.214721 1.329017 -0.023135
0.206257 1.323498 -0.014525
0.231059 1.313699 -0.024912
0.235089 1.303314 -0.021722
0.233422 1.315454 -0.028347
0.237545 1.305212 -0.025121
0.235620 1.317186 -0.031739
0.239869 1.307127 -0.028518
0.243583 1.296942 -0.026231
0.241977 1.308850 -0.031969
0.245866 1.298897 -0.029586
0.243906 1.310391 -0.035479
0.247903 1.300601 -0.033140
0.251545 1.290641 -0.031583
0.249887 1.302327 -0.036756
0.253579 1.292546 -0.035171
0.251839 1.304101 -0.040436
0.255611 1.294411 -0.038805
0.254963 1.280365 -0.030589
0.249337 1.288510 -0.028045
0.252560 1.278061 -0.027125
0.246943 1.286230 -0.024575
0.249978 1.275571 -0.023739
0.244428 1.283959 -0.021196
0.241230 1.294831 -0.022822
0.247161 1.272943 -0.020409
0.241262 1.281253 -0.017671
0.243698 1.269942 -0.016898
0.238462 1.292392 -0.019262
0.245538 1.258343 -0.016708
0.249531 1.261856 -0.020298
0.247306 1.246579 -0.016817
0.251605 1.250412 -0.020373
0.249079 1.235011 -0.017152
0.253647 1.239142 -0.020637
0.250922 1.223269 -0.017398
0.252894 1.211461 -0.017507
0.255197 1.253864 -0.023809
0.258051 1.256678 -0.027038
0.252692 1.264749 -0.023624
0.255370 1.267410 -0.026941
0.298826 1.017175 0.009410
0.305487 1.006460 0.010359
0.312113 0.995933 0.011361
0.324269 1.001558 0.003007
0.396974 1.066976 -0.034666
0.406672 1.061524 -0.038335
0.405326 1.080086 -0.039144
0.406490 1.044234 -0.036910
0.221512 1.279861 -0.004848
0.041500 1.325185 -0.012697
0.053013 1.317017 -0.009450
0.041943 1.315076 -0.009817
0.053503 1.306652 -0.006515
0.064714 1.308941 -0.006064
0.053912 1.295879 -0.003433
0.042331 1.304697 -0.006829
0.042659 1.293914 -0.003662
0.042899 1.282942 -0.000561
0.043060 1.271756 0.002478
0.031547 1.281517 -0.000677
0.054230 1.284876 -0.000468
0.054452 1.273584 0.002519
0.065585 1.287115 -0.000156
0.065222 1.298130 -0.003039
0.077044 1.289721 0.000190
0.065844 1.275778 0.002652
0.066027 1.264275 0.005254
0.077385 1.278345 0.002745
0.088888 1.281346 0.003074
0.077550 1.266827 0.005207
0.077744 1.255014 0.007616
0.089164 1.269814 0.005210
0.100941 1.273295 0.005302
0.089395 1.258020 0.007295
0.089515 1.246121 0.009237
0.101141 1.261464 0.007084
0.112850 1.265269 0.006943
0.101187 1.249445 0.008756
0.101290 1.237156 0.010608
0.112907 1.253214 0.008351
0.124714 1.257353 0.008061
0.112966 1.240844 0.009907
0.112978 1.228413 0.011431
0.124643 1.244867 0.009342
0.136290 1.249219 0.008815
0.124546 1.232275 0.010612
0.124511 1.219617 0.011951
0.136011 1.236467 0.009807
0.147467 1.240977 0.009073
0.135803 1.223686 0.010879
0.135854 1.210826 0.012132
0.147109 1.228013 0.009892
0.158239 1.232581 0.008893
0.146949 1.215025 0.010847
0.147068 1.202127 0.012063
0.157932 1.219471 0.009610
0.168727 1.224154 0.008324
0.157841 1.206420 0.010468
0.158124 1.193479 0.011699
0.168404 1.210938 0.008895
0.168465 1.197828 0.009790
0.178726 1.215655 0.007345
0.179151 1.229040 0.007008
0.178656 1.202475 0.007899
0.188603 1.220605 0.005567
0.188417 1.207347 0.005872
0.198276 1.225781 0.003736
0.197934 1.212376 0.003774
0.198039 1.199124 0.004109
0.188731 1.194195 0.006506
0.198749 1.186088 0.004760
0.189521 1.181181 0.007445
0.200063 1.173242 0.005732
0.190899 1.168383 0.008684
0.201977 1.160531 0.006963
0.192896 1.155712 0.010225
0.204482 1.147906 0.008454
0.195392 1.143175 0.011994
0.207448 1.135386 0.010154
0.198463 1.130660 0.013952
0.210977 1.123010 0.011988
0.215040 1.110611 0.013935
0.201996 1.118298 0.016049
0.192471 1.114027 0.020123
0.205935 1.106098 0.018235
0.210295 1.093865 0.020489
0.196330 1.101883 0.022582
0.186365 1.098048 0.026880
0.200576 1.089815 0.025071
0.190362 1.086122 0.029644
0.205022 1.077935 0.027620
0.194604 1.074340 0.032445
0.209773 1.066102 0.030188
0.214772 1.054345 0.032773
0.199010 1.062640 0.035307
0.187788 1.059536 0.040364
0.203461 1.051118 0.038283
0.191805 1.048244 0.043581
0.207968 1.039752 0.041288
0.212343 1.028653 0.044484
0.195902 1.037067 0.046916
0.183512 1.034671 0.052281
0.199890 1.026146 0.050341
0.187139 1.023940 0.055959
0.203602 1.015523 0.054104
0.190553 1.013422 0.059930
0.207173 1.005007 0.058057
0.193775 1.003109 0.064220
0.210589 0.994692 0.062028
0.196832 0.992995 0.068430
0.213885 0.984457 0.066080
0.199804 0.982946 0.072710
0.216895 0.974409 0.069962
0.202511 0.973008 0.076763
0.219542 0.964436 0.073663
0.204847 0.963169 0.080550
0.221818 0.954549 0.076740
0.206775 0.953500 0.083588
0.223547 0.945061 0.078273
0.208194 0.944136 0.085159
0.224647 0.936224 0.078291
0.225410 0.928141 0.077474
0.209070 0.935503 0.085436
0.209588 0.927424 0.084712
0.193103 0.935179 0.091884
0.176863 0.935070 0.097815
0.192456 0.943675 0.091525
0.193449 0.927161 0.091261
0.177130 0.927123 0.097197
0.193622 0.919772 0.089790
0.177267 0.919682 0.095901
0.160862 0.919725 0.101084
0.177303 0.912712 0.094028
0.160876 0.912841 0.099243
0.160747 0.906783 0.096603
0.144481 0.913202 0.103304
0.128146 0.913587 0.106688
0.144467 0.919901 0.105088
0.144375 0.907158 0.100828
0.128053 0.907597 0.104440
0.144187 0.901988 0.097707
0.127901 0.902434 0.101462
0.143877 0.897814 0.093879
0.127633 0.898313 0.097718
0.143461 0.894548 0.089571
0.127250 0.895095 0.093491
0.142964 0.892227 0.084804
0.126780 0.892797 0.088839
0.142395 0.890904 0.079720
0.126221 0.891497 0.083854
0.141771 0.890543 0.074447
0.125601 0.891149 0.078678
0.141127 0.891238 0.069131
0.124961 0.891859 0.073451
0.140463 0.893018 0.063886
0.124286 0.893577 0.068292
0.156639 0.892435 0.059086
0.139807 0.895815 0.058860
0.123616 0.896345 0.063379
0.156021 0.895327 0.053959
0.139167 0.899735 0.053977
0.155398 0.899258 0.048911
0.138552 0.904607 0.049480
0.108113 0.894104 0.072381
0.108762 0.892351 0.077450
0.109372 0.891690 0.082612
0.109958 0.892025 0.087715
0.110500 0.893273 0.092616
0.110971 0.895533 0.097172
0.111358 0.898714 0.101308
0.111626 0.902826 0.104877
0.111778 0.907973 0.107744
0.111869 0.913912 0.109854
0.111886 0.920410 0.111293
0.111798 0.927546 0.111960
0.128133 0.920176 0.108264
0.128013 0.927389 0.109176
0.127793 0.935089 0.109328
0.144328 0.927215 0.106230
0.144060 0.935038 0.106523
0.160737 0.927104 0.102372
0.160467 0.935018 0.102812
0.159981 0.943427 0.102228
0.176312 0.943504 0.097335
0.143651 0.943397 0.105832
0.159287 0.952304 0.100471
0.175409 0.952415 0.095604
0.143156 0.952204 0.104140
0.158506 0.961533 0.097571
0.174291 0.961747 0.092703
0.142628 0.961335 0.101343
0.157438 0.970809 0.093588
0.172820 0.971148 0.088735
0.141857 0.970488 0.097421
0.155908 0.980079 0.089008
0.170865 0.980646 0.084215
0.140612 0.979597 0.092971
0.153984 0.989497 0.084193
0.168586 0.990358 0.079559
0.139011 0.988873 0.088171
0.151812 0.999151 0.079457
0.166214 1.000108 0.074926
0.137215 0.998302 0.083534
0.149436 1.008994 0.074796
0.163494 1.010145 0.070339
0.135134 1.007972 0.078912
0.146954 1.018976 0.070430
0.160697 1.020289 0.066048
0.132869 1.017830 0.074436
0.144323 1.029221 0.066323
0.157758 1.030752 0.061952
0.130522 1.027902 0.070215
0.141592 1.039671 0.062362
0.128141 1.038165 0.066168
0.138840 1.050339 0.058435
0.154715 1.041370 0.058118
0.151623 1.052227 0.054307
0.167453 1.043366 0.053597
0.170832 1.032537 0.057322
0.164067 1.054323 0.049953
0.179797 1.045624 0.048727
0.176049 1.056815 0.045251
0.172404 1.068161 0.041853
0.160676 1.065522 0.046360
0.168790 1.079645 0.038553
0.183675 1.071059 0.037241
0.179761 1.082734 0.034159
0.176065 1.094531 0.031108
0.172531 1.106458 0.028143
0.165279 1.091293 0.035279
0.154222 1.088343 0.039343
0.161977 1.103096 0.032056
0.158907 1.115051 0.028918
0.151166 1.099966 0.035905
0.148245 1.111830 0.032515
0.139880 1.097190 0.039598
0.128356 1.094725 0.043063
0.137194 1.108894 0.036023
0.142740 1.085683 0.043270
0.130834 1.083363 0.046881
0.145632 1.074358 0.046955
0.148593 1.063199 0.050610
0.157390 1.076867 0.042844
0.133451 1.072178 0.050778
0.136161 1.061150 0.054595
0.120918 1.070247 0.054199
0.118595 1.081293 0.050230
0.107999 1.068629 0.057285
0.123287 1.059420 0.058163
0.110092 1.057901 0.061370
0.125691 1.048742 0.062143
0.112254 1.047268 0.065501
0.098446 1.046131 0.068481
0.114342 1.036919 0.069627
0.100266 1.035871 0.072808
0.116436 1.026752 0.073846
0.102070 1.025810 0.077113
0.118496 1.016862 0.078168
0.103865 1.016026 0.081553
0.120463 1.007077 0.082569
0.105510 1.006444 0.086033
0.122237 0.997697 0.087187
0.107005 0.997170 0.090660
0.123800 0.988416 0.091821
0.108407 0.987955 0.095208
0.125137 0.979211 0.096367
0.109535 0.978850 0.099536
0.126161 0.970171 0.100687
0.110381 0.969791 0.103529
0.126731 0.961126 0.104247
0.110854 0.960909 0.106895
0.127079 0.952114 0.106887
0.111134 0.952010 0.109436
0.127459 0.943379 0.108562
0.111394 0.943354 0.111071
0.111634 0.935131 0.111966
0.096649 1.056508 0.064232
0.105993 1.079456 0.053216
0.116356 1.092511 0.046281
0.114118 1.103892 0.042401
0.125854 1.106276 0.039300
0.123496 1.117970 0.035614
0.134701 1.120759 0.032494
0.132414 1.132704 0.029112
0.145538 1.123799 0.029242
0.143119 1.135868 0.026097
0.156126 1.127142 0.025877
0.166474 1.130732 0.022456
0.153693 1.139329 0.022977
0.151549 1.151676 0.020266
0.163951 1.143037 0.019829
0.161842 1.155496 0.017389
0.173902 1.146999 0.016651
0.171758 1.159547 0.014505
0.183553 1.151192 0.013461
0.176452 1.134582 0.018999
0.186063 1.138726 0.015509
0.179383 1.122294 0.021513
0.189101 1.126302 0.017745
0.182720 1.110140 0.024140
0.169330 1.118553 0.025238
0.181486 1.163817 0.011618
0.180032 1.176558 0.010055
0.170204 1.172154 0.012634
0.179061 1.189466 0.008792
0.169111 1.184912 0.011056
0.158890 1.180616 0.013318
0.160145 1.167992 0.015206
0.148579 1.176624 0.015594
0.149832 1.164095 0.017783
0.137837 1.172893 0.017801
0.147609 1.189328 0.013641
0.136802 1.185435 0.015575
0.125945 1.181829 0.017525
0.136180 1.198111 0.013695
0.125156 1.194315 0.015389
0.113972 1.190822 0.017051
0.124705 1.206909 0.013568
0.113447 1.203344 0.014939
0.102133 1.200072 0.016367
0.113120 1.215877 0.013087
0.101695 1.212487 0.014286
0.090254 1.209388 0.015549
0.101432 1.224854 0.012379
0.089887 1.221732 0.013334
0.078381 1.218869 0.014415
0.089706 1.233931 0.011299
0.078131 1.231045 0.012103
0.066588 1.228551 0.012887
0.077896 1.243154 0.009767
0.066325 1.240577 0.010365
0.054890 1.238454 0.010922
0.066180 1.252479 0.007881
0.054738 1.250369 0.008176
0.043327 1.248615 0.008482
0.054614 1.262079 0.005396
0.043183 1.260306 0.005486
0.031801 1.258902 0.005591
0.031688 1.270315 0.002475
0.020439 1.257845 0.005725
0.031902 1.247224 0.008692
0.020524 1.246251 0.008863
0.032040 1.235382 0.011747
0.043475 1.236738 0.011382
0.043658 1.224742 0.014272
0.055098 1.226450 0.013614
0.055395 1.214353 0.016349
0.066926 1.216447 0.015407
0.067380 1.204268 0.018035
0.078770 1.206646 0.016832
0.079277 1.194365 0.019321
0.090776 1.197083 0.017892
0.091486 1.184809 0.020460
0.102797 1.187676 0.018753
0.103784 1.175293 0.021521
0.114841 1.178388 0.019502
0.116096 1.166097 0.022292
0.127087 1.169366 0.020036
0.128540 1.157077 0.022833
0.130320 1.144831 0.025875
0.139239 1.160463 0.020310
0.141051 1.148129 0.023092
0.009162 1.245597 0.009086
0.009060 1.257161 0.005892
-0.002264 1.245267 0.009332
-0.002290 1.256838 0.006032
0.020367 1.269234 0.002522
0.174122 1.021960 0.061287
0.177183 1.011657 0.065433
0.180113 1.001461 0.069778
0.182838 0.991514 0.074311
0.185454 0.981684 0.078784
0.187865 0.971844 0.082972
0.189792 0.962256 0.086929
0.191301 0.952771 0.089856
0.240934 0.929477 0.069612
0.169268 1.237447 0.007910
0.158690 1.245702 0.008262
0.147831 1.253880 0.008210
0.136436 1.261864 0.007686
0.124691 1.269570 0.006754
0.112673 1.277151 0.005386
0.100530 1.284843 0.003296
0.088488 1.292754 0.000654
0.076568 1.300768 -0.002551
0.387939 0.963357 -0.018001
0.406022 0.966666 -0.030814
0.422206 0.974228 -0.044195
0.426536 1.130597 -0.068477
0.416572 1.143149 -0.074598
0.392666 1.153982 -0.079149
0.381731 1.154561 -0.083674
0.369998 1.153516 -0.086608
0.358767 1.152015 -0.088283
0.347585 1.150633 -0.088428
0.336644 1.150590 -0.088095
0.325894 1.152124 -0.087371
0.315236 1.154287 -0.086041
0.304553 1.157126 -0.083893
0.282986 1.179209 -0.079118
0.264747 1.204200 -0.074368
0.256458 1.210597 -0.071273
0.248304 1.217368 -0.067877
0.240564 1.225129 -0.064788
0.233034 1.232990 -0.061799
0.225058 1.241149 -0.058727
0.216876 1.249662 -0.056050
0.208525 1.258543 -0.054086
0.200023 1.267450 -0.052911
0.190934 1.276554 -0.052851
0.181796 1.285727 -0.053902
0.171807 1.294887 -0.055876
0.160621 1.303641 -0.058691
0.148914 1.312202 -0.062343
0.137250 1.320762 -0.066449
0.125311 1.329288 -0.071202
0.162520 1.408173 -0.119980
0.165696 1.409302 -0.121251
0.165777 1.397521 -0.114475
0.168940 1.387091 -0.108722
0.168950 1.398550 -0.115741
0.172421 1.388111 -0.110119
0.172072 1.399575 -0.117010
0.175738 1.389065 -0.111450
0.168658 1.410338 -0.122438
0.175079 1.400560 -0.118244
0.178801 1.389900 -0.112633
0.171458 1.411403 -0.123556
0.178066 1.401423 -0.119378
0.181815 1.390712 -0.113808
0.174170 1.412503 -0.124643
0.176817 1.413528 -0.125683
0.169615 1.423727 -0.129598
0.172039 1.424814 -0.130578
0.185897 1.380456 -0.108335
0.190061 1.370407 -0.102889
0.182915 1.379717 -0.107135
0.187131 1.369681 -0.101623
0.179921 1.378957 -0.105941
0.184200 1.368941 -0.100375
0.176615 1.378070 -0.104601
0.191205 1.359760 -0.095963
0.194187 1.360555 -0.097304
0.198358 1.350745 -0.091849
0.197072 1.361268 -0.098567
0.201332 1.351664 -0.093235
0.192928 1.371110 -0.104147
0.205763 1.342029 -0.088087
0.208628 1.342937 -0.089470
0.213203 1.333535 -0.084814
0.216018 1.334455 -0.086054
0.220621 1.325279 -0.082010
0.223453 1.326376 -0.083426
0.228048 1.317166 -0.079951
0.230754 1.318339 -0.080718
0.235281 1.309232 -0.078381
0.238016 1.310574 -0.079189
0.242381 1.301458 -0.077321
0.244869 1.302743 -0.077441
0.249182 1.293821 -0.076434
0.251745 1.295297 -0.076719
0.255960 1.286331 -0.075982
0.258331 1.287847 -0.075499
0.262483 1.278933 -0.075077
0.142570 1.448933 -0.137195
0.134393 1.452946 -0.137625
0.126708 1.455086 -0.137553
0.125566 1.451580 -0.135841
0.080150 1.490120 -0.113258
0.069352 1.485447 -0.109897
0.080607 1.489385 -0.109626
0.070180 1.484369 -0.105386
0.061389 1.479681 -0.101493
0.070881 1.483275 -0.100428
0.071038 1.482473 -0.094158
0.062562 1.478632 -0.096125
0.063060 1.478259 -0.090152
0.054923 1.474554 -0.092200
0.055453 1.474502 -0.086390
0.053564 1.475491 -0.097879
0.059657 1.480830 -0.106325
0.068897 1.486284 -0.113501
0.039197 1.486748 -0.138784
0.029772 1.484530 -0.138136
0.039470 1.486439 -0.141873
0.029830 1.484691 -0.141586
0.039822 1.485579 -0.144552
0.030122 1.483788 -0.144322
0.044387 0.895358 0.084534
0.044636 0.893505 0.089609
0.044906 0.892780 0.094877
0.045176 0.892956 0.100105
0.045423 0.894178 0.105170
0.045714 0.896477 0.109918
0.045997 0.899788 0.114110
0.046307 0.904004 0.117557
0.046620 0.908962 0.120460
0.046916 0.914685 0.122711
0.047171 0.921108 0.124159
0.047351 0.928134 0.124892
0.047462 0.935802 0.124748
0.047559 0.943936 0.123781
0.047613 0.952391 0.122099
0.047504 0.961089 0.119481
0.047232 0.969927 0.116196
0.046796 0.978717 0.112321
0.046193 0.987584 0.107926
0.045453 0.996444 0.103100
0.044658 1.005337 0.097878
0.043885 1.014395 0.092508
0.043116 1.023573 0.087131
0.042348 1.033052 0.081838
0.041588 1.042884 0.076959
0.040820 1.052901 0.072177
0.040074 1.063187 0.067550
0.039337 1.073621 0.062972
0.053003 1.074379 0.061570
0.052002 1.085077 0.057154
0.051030 1.095918 0.052831
0.050097 1.106902 0.048645
0.064065 1.096996 0.051370
0.062879 1.108074 0.047189
0.061812 1.119329 0.043161
0.049166 1.118058 0.044517
0.060698 1.130736 0.039244
0.048237 1.129416 0.040595
0.059595 1.142331 0.035417
0.072887 1.132361 0.037641
0.071681 1.144024 0.033900
0.047443 1.140959 0.036825
0.058695 1.154058 0.031799
0.046727 1.152609 0.033176
0.034595 1.151525 0.034219
0.046008 1.164445 0.029640
0.034075 1.163260 0.030662
0.021978 1.162441 0.031206
0.033512 1.175131 0.027267
0.021730 1.174310 0.027776
0.009809 1.173790 0.028184
0.021406 1.186332 0.024543
0.009658 1.185753 0.024880
-0.002114 1.185407 0.025088
0.009499 1.197818 0.021690
-0.002087 1.173469 0.028383
-0.002061 1.161617 0.031817
-0.013984 1.173794 0.028202
0.010012 1.161933 0.031610
0.010195 1.150162 0.035188
0.010393 1.138592 0.039009
0.022367 1.150681 0.034829
0.022793 1.139096 0.038559
0.035157 1.139857 0.037848
0.035818 1.128377 0.041683
-0.106169 1.212623 0.014661
-0.094425 1.221903 0.013773
-0.082718 1.231240 0.012575
-0.070946 1.240782 0.010843
-0.059385 1.250569 0.008632
-0.047845 1.260490 0.005893
-0.002349 1.300890 -0.007103
-0.002351 1.311153 -0.010207
-0.002348 1.321209 -0.013072
-0.002341 1.331079 -0.015755
-0.002330 1.340762 -0.018172
-0.013217 1.331581 -0.015726
0.008341 1.341131 -0.018260
-0.140996 1.185411 0.015631
-0.152667 1.176542 0.015519
-0.244273 1.254053 -0.014376
-0.292029 1.176732 -0.032223
0.006432 1.470099 -0.112819
0.014261 1.473869 -0.118899
0.006116 1.472288 -0.118042
0.022234 1.476445 -0.120584
-0.002036 1.471597 -0.117480
0.005931 1.473823 -0.122554
-0.002031 1.473408 -0.122204
-0.002041 1.469521 -0.112350
-0.010185 1.472297 -0.118016
-0.018326 1.473885 -0.118848
-0.010513 1.470108 -0.112791
-0.026290 1.476466 -0.120510
-0.002048 1.466808 -0.106548
0.089475 0.941377 0.045820
0.073786 0.950301 0.045862
-0.001888 0.988170 0.039551
-0.001886 0.978642 0.042992
-0.015476 1.083145 0.060275
-0.169941 0.999828 0.074119
-0.178010 0.961483 0.091818
-0.180845 0.926880 0.096268
-0.180677 0.900977 0.087497
-0.357681 1.023877 -0.015214
-0.446727 1.040438 -0.096289
-0.443349 1.059865 -0.097387
-0.447090 1.062185 -0.092376
-0.450276 1.064582 -0.087012
-0.442570 1.082238 -0.092882
-0.436995 1.101837 -0.093237
-0.445486 1.085240 -0.087418
-0.447335 1.087943 -0.081360
-0.439828 1.105546 -0.087852
-0.429069 1.119863 -0.093359
-0.282005 1.159876 -0.075902
-0.073798 1.485130 -0.142812
-0.052868 1.487783 -0.135486
-0.303735 1.062962 -0.068934
-0.319534 1.061142 -0.075475
-0.335691 1.060895 -0.081846
-0.351884 1.062463 -0.087607
-0.368011 1.065551 -0.092964
-0.383659 1.068099 -0.097848
0.012147 1.037468 0.021401
-0.001915 1.047779 0.017953
-0.028835 1.079005 0.006364
-0.015252 1.089638 0.003300
-0.028534 1.089670 0.002714
-0.041825 1.089872 0.002014
-0.042288 1.079149 0.005483
-0.054968 1.090288 0.000857
-0.041329 1.100714 -0.001774
-0.054317 1.101193 -0.002870
-0.053659 1.112182 -0.006726
-0.067223 1.101870 -0.004357
-0.068044 1.090923 -0.000669
-0.080042 1.102646 -0.006329
-0.066398 1.112906 -0.008198
-0.079098 1.113789 -0.009976
-0.065627 1.124083 -0.011941
-0.053028 1.123345 -0.010615
-0.092699 1.103715 -0.008498
-0.081008 1.091683 -0.002767
-0.082052 1.080852 0.000868
-0.093869 1.092713 -0.004921
-0.106552 1.093876 -0.007393
-0.095082 1.081815 -0.001280
-0.096288 1.070975 0.002177
-0.107901 1.082896 -0.003864
-0.120532 1.084167 -0.006638
-0.109272 1.071999 -0.000405
-0.110638 1.061214 0.003026
-0.122071 1.073207 -0.003234
-0.134715 1.074584 -0.006476
-0.123648 1.062316 0.000065
-0.125186 1.051569 0.003154
-0.136450 1.063606 -0.003312
-0.148976 1.065198 -0.007132
-0.138214 1.052765 -0.000127
-0.139935 1.042052 0.002706
-0.150978 1.054310 -0.003965
-0.163546 1.056166 -0.008160
-0.152990 1.043509 -0.000900
-0.165755 1.045285 -0.005405
-0.154919 1.032821 0.001573
-0.167942 1.034518 -0.002873
-0.156836 1.022211 0.004042
-0.141682 1.031438 0.005569
-0.128261 1.030342 0.009161
-0.143390 1.020921 0.008301
-0.129771 1.019894 0.012085
-0.145101 1.010478 0.010884
-0.158730 1.011712 0.006439
-0.146800 1.000088 0.013420
-0.131310 1.009513 0.014897
-0.132798 0.999200 0.017653
-0.117296 1.008802 0.018420
-0.103114 1.008327 0.021551
-0.118550 0.998691 0.021368
-0.115982 1.019108 0.015416
-0.102024 1.018494 0.018378
-0.114666 1.029467 0.012350
-0.113316 1.039936 0.009247
-0.100881 1.028792 0.015167
-0.086945 1.028269 0.017691
-0.099723 1.039170 0.011953
-0.098569 1.049669 0.008721
-0.085986 1.038562 0.014350
-0.072114 1.038108 0.016443
-0.085015 1.048979 0.011003
-0.084050 1.059481 0.007673
-0.071327 1.048419 0.013015
-0.057530 1.048016 0.014717
-0.070527 1.058859 0.009607
-0.069721 1.069433 0.006147
-0.056927 1.058391 0.011221
-0.056300 1.068861 0.007760
-0.055624 1.079501 0.004297
-0.042728 1.068571 0.008990
-0.068877 1.080112 0.002762
-0.083103 1.070083 0.004308
-0.058147 1.037745 0.018209
-0.058774 1.027569 0.021715
-0.072909 1.027864 0.019872
-0.059369 1.017526 0.025231
-0.044555 1.027418 0.023195
-0.044994 1.017419 0.026768
-0.030625 1.017377 0.027879
-0.045399 1.007551 0.030293
-0.059896 1.007633 0.028705
-0.074366 1.007775 0.026697
-0.060423 0.997797 0.032107
-0.060907 0.988046 0.035459
-0.075042 0.997896 0.030015
-0.089628 0.998065 0.027521
-0.075673 0.988098 0.033279
-0.076235 0.978420 0.036450
-0.090423 0.988207 0.030675
-0.105116 0.988399 0.027671
-0.091155 0.978457 0.033717
-0.106041 0.978556 0.030588
-0.091789 0.968834 0.036697
-0.106866 0.968844 0.033396
-0.076731 0.968849 0.039506
-0.077159 0.959400 0.042445
-0.120841 0.978728 0.027029
-0.135505 0.979121 0.022946
-0.119715 0.988688 0.024242
-0.134172 0.989112 0.020351
-0.148450 0.989831 0.015935
-0.162496 0.990909 0.011118
-0.160618 1.001280 0.008800
-0.104139 0.998301 0.024650
-0.061317 0.978417 0.038732
-0.088789 1.008000 0.024301
-0.087900 1.018031 0.021021
-0.073679 1.017742 0.023309
-0.097428 1.060262 0.005445
-0.111976 1.050523 0.006144
-0.126740 1.040881 0.006185
-0.233357 1.075589 -0.039973
-0.075356 1.171144 -0.026655
-0.088147 1.160710 -0.024716
-0.100984 1.150459 -0.023238
-0.114130 1.140483 -0.022293
-0.127172 1.130684 -0.021817
-0.140359 1.121187 -0.021812
-0.153683 1.111934 -0.022366
-0.167082 1.102896 -0.023408
-0.180610 1.094245 -0.025040
-0.194349 1.085989 -0.027331
3 0 3 5
3 0 5 1
3 0 1 334
3 0 334 2
3 0 2 4
3 0 4 3
3 8 6 3
3 8 3 4
3 6 9 5
3 6 5 3
3 6 7 10
3 6 10 9
3 8 322 7
3 8 7 6
3 9 10 12
3 9 12 11
3 9 11 13
3 9 13 5
3 17 14 11
3 17 11 12
3 13 11 14
3 13 14 15
3 15 14 16
3 15 16 342
3 17 19 16
3 17 16 14
3 17 18 21
3 17 21 19
3 315 18 17
3 315 17 12
3 345 16 19
3 345 19 20
3 21 23 20
3 21 20 19
3 21 18 312
3 21 312 22
3 21 22 25
3 21 25 23
3 348 20 23
3 348 23 24
3 25 27 24
3 25 24 23
3 25 22 309
3 25 309 26
3 25 26 29
3 25 29 27
3 351 24 27
3 351 27 28
3 29 31 28
3 29 28 27
3 29 26 306
3 29 306 30
3 29 30 33
3 29 33 31
3 354 28 31
3 354 31 32
3 33 35 32
3 33 32 31
3 33 30 303
3 33 303 34
3 33 34 37
3 33 37 35
3 357 32 35
3 357 35 36
3 37 39 36
3 37 36 35
3 37 34 300
3 37 300 38
3 37 38 41
3 37 41 39
3 360 36 39
3 360 39 40
3 41 43 40
3 41 40 39
3 41 38 297
3 41 297 42
3 41 42 45
3 41 45 43
3 363 40 43
3 363 43 44
3 45 47 44
3 45 44 43
3 45 42 294
3 45 294 46
3 45 46 49
3 45 49 47
3 366 44 47
3 366 47 48
3 49 51 48
3 49 48 47
3 49 46 291
3 49 291 50
3 49 50 52
3 49 52 51
3 51 52 54
3 51 54 53
3 51 53 55
3 51 55 48
3 53 54 59
3 53 59 56
3 53 56 57
3 53 57 55
3 373 57 56
3 373 56 58
3 59 61 58
3 59 58 56
3 59 54 187
3 59 187 60
3 59 60 62
3 59 62 61
3 61 62 64
3 61 64 63
3 61 63 65
3 61 65 58
3 63 64 69
3 63 69 66
3 63 66 67
3 63 67 65
3 380 67 66
3 380 66 68
3 69 71 68
3 69 68 66
3 69 64 181
3 69 181 70
3 69 70 73
3 69 73 71
3 383 68 71
3 383 71 72
3 73 75 72
3 73 72 71
3 73 70 178
3 73 178 74
3 73 74 77
3 73 77 75
3 386 72 75
3 386 75 76
3 77 79 76
3 77 76 75
3 77 74 175
3 77 175 78
3 77 78 81
3 77 81 79
3 389 76 79
3 389 79 80
3 81 83 80
3 81 80 79
3 81 78 172
3 81 172 82
3 81 82 85
3 81 85 83
3 392 80 83
3 392 83 84
3 85 87 84
3 85 84 83
3 85 82 169
3 85 169 86
3 85 86 89
3 85 89 87
3 395 84 87
3 395 87 88
3 89 91 88
3 89 88 87
3 89 86 166
3 89 166 90
3 89 90 93
3 89 93 91
3 398 88 91
3 398 91 92
3 93 95 92
3 93 92 91
3 93 90 163
3 93 163 94
3 93 94 97
3 93 97 95
3 401 92 95
3 401 95 96
3 97 99 96
3 97 96 95
3 97 94 160
3 97 160 98
3 97 98 101
3 97 101 99
3 404 96 99
3 404 99 100
3 101 103 100
3 101 100 99
3 101 98 157
3 101 157 102
3 101 102 105
3 101 105 103
3 407 100 103
3 407 103 104
3 105 107 104
3 105 104 103
3 105 102 154
3 105 154 106
3 105 106 109
3 105 109 107
3 410 104 107
3 410 107 108
3 109 111 108
3 109 108 107
3 109 106 151
3 109 151 110
3 109 110 113
3 109 113 111
3 413 108 111
3 413 111 112
3 113 115 112
3 113 112 111
3 113 110 148
3 113 148 114
3 113 114 117
3 113 117 115
3 416 112 115
3 416 115 116
3 117 119 116
3 117 116 115
3 117 114 145
3 117 145 118
3 117 118 121
3 117 121 119
3 419 116 119
3 419 119 120
3 121 123 120
3 121 120 119
3 121 118 142
3 121 142 122
3 121 122 125
3 121 125 123
3 422 120 123
3 422 123 124
3 125 127 124
3 125 124 123
3 125 122 139
3 125 139 126
3 125 126 129
3 125 129 127
3 425 124 127
3 425 127 128
3 129 130 128
3 129 128 127
3 131 129 126
3 131 126 134
3 131 132 130
3 131 130 129
3 132 131 133
3 132 133 440
3 135 133 131
3 135 131 134
3 135 134 136
3 135 136 138
3 126 139 136
3 126 136 134
3 137 136 139
3 137 139 140
3 136 137 567
3 136 567 138
3 140 139 122
3 140 122 142
3 137 140 141
3 137 141 568
3 143 141 140
3 143 140 142
3 143 142 118
3 143 118 145
3 143 144 230
3 143 230 141
3 146 144 143
3 146 143 145
3 146 145 114
3 146 114 148
3 146 147 228
3 146 228 144
3 149 147 146
3 149 146 148
3 149 148 110
3 149 110 151
3 149 150 225
3 149 225 147
3 152 150 149
3 152 149 151
3 152 151 106
3 152 106 154
3 152 153 222
3 152 222 150
3 155 153 152
3 155 152 154
3 155 154 102
3 155 102 157
3 155 156 219
3 155 219 153
3 158 156 155
3 158 155 157
3 158 157 98
3 158 98 160
3 158 159 216
3 158 216 156
3 161 159 158
3 161 158 160
3 161 160 94
3 161 94 163
3 161 162 213
3 161 213 159
3 164 162 161
3 164 161 163
3 164 163 90
3 164 90 166
3 164 165 210
3 164 210 162
3 167 165 164
3 167 164 166
3 167 166 86
3 167 86 169
3 167 168 207
3 167 207 165
3 170 168 167
3 170 167 169
3 170 169 82
3 170 82 172
3 170 171 204
3 170 204 168
3 173 171 170
3 173 170 172
3 173 172 78
3 173 78 175
3 173 174 201
3 173 201 171
3 176 174 173
3 176 173 175
3 176 175 74
3 176 74 178
3 176 177 198
3 176 198 174
3 179 177 176
3 179 176 178
3 179 178 70
3 179 70 181
3 179 180 195
3 179 195 177
3 182 180 179
3 182 179 181
3 182 181 64
3 182 64 62
3 183 184 180
3 183 180 182
3 183 182 62
3 183 62 60
3 185 188 184
3 185 184 183
3 185 183 60
3 185 60 187
3 185 186 189
3 185 189 188
3 289 186 185
3 289 185 187
3 192 190 188
3 192 188 189
3 190 193 184
3 190 184 188
3 190 191 194
3 190 194 193
3 192 274 191
3 192 191 190
3 193 194 196
3 193 196 195
3 193 195 180
3 193 180 184
3 196 198 177
3 196 177 195
3 196 194 269
3 196 269 197
3 196 197 199
3 196 199 198
3 199 201 174
3 199 174 198
3 199 197 266
3 199 266 200
3 199 200 202
3 199 202 201
3 202 204 171
3 202 171 201
3 202 200 263
3 202 263 203
3 202 203 205
3 202 205 204
3 205 207 168
3 205 168 204
3 205 203 260
3 205 260 206
3 205 206 208
3 205 208 207
3 208 210 165
3 208 165 207
3 208 206 257
3 208 257 209
3 208 209 211
3 208 211 210
3 211 213 162
3 211 162 210
3 211 209 254
3 211 254 212
3 211 212 214
3 211 214 213
3 214 216 159
3 214 159 213
3 214 212 251
3 214 251 215
3 214 215 217
3 214 217 216
3 217 219 156
3 217 156 216
3 217 215 248
3 217 248 218
3 217 218 220
3 217 220 219
3 220 222 153
3 220 153 219
3 220 218 245
3 220 245 221
3 220 221 223
3 220 223 222
3 223 225 150
3 223 150 222
3 223 221 242
3 223 242 224
3 223 224 226
3 223 226 225
3 226 228 147
3 226 147 225
3 226 224 239
3 226 239 227
3 226 227 229
3 226 229 228
3 229 230 144
3 229 144 228
3 231 229 227
3 231 227 234
3 231 232 230
3 231 230 229
3 232 231 233
3 232 233 565
3 235 233 231
3 235 231 234
3 235 234 236
3 235 236 238
3 227 239 236
3 227 236 234
3 237 236 239
3 237 239 240
3 236 237 576
3 236 576 238
3 240 239 224
3 240 224 242
3 237 240 241
3 237 241 578
3 243 241 240
3 243 240 242
3 243 242 221
3 243 221 245
3 243 244 584
3 243 584 241
3 246 244 243
3 246 243 245
3 246 245 218
3 246 218 248
3 246 247 587
3 246 587 244
3 249 247 246
3 249 246 248
3 249 248 215
3 249 215 251
3 249 250 590
3 249 590 247
3 252 250 249
3 252 249 251
3 252 251 212
3 252 212 254
3 252 253 593
3 252 593 250
3 255 253 252
3 255 252 254
3 255 254 209
3 255 209 257
3 255 256 596
3 255 596 253
3 258 256 255
3 258 255 257
3 258 257 206
3 258 206 260
3 258 259 599
3 258 599 256
3 261 259 258
3 261 258 260
3 261 260 203
3 261 203 263
3 261 262 602
3 261 602 259
3 264 262 261
3 264 261 263
3 264 263 200
3 264 200 266
3 264 265 605
3 264 605 262
3 267 265 264
3 267 264 266
3 267 266 197
3 267 197 269
3 267 268 608
3 267 608 265
3 270 268 267
3 270 267 269
3 270 269 194
3 270 194 191
3 271 272 268
3 271 268 270
3 271 270 191
3 271 191 274
3 273 613 272
3 273 272 271
3 273 271 274
3 273 274 275
3 192 276 275
3 192 275 274
3 277 275 276
3 277 276 280
3 277 278 273
3 277 273 275
3 279 618 278
3 279 278 277
3 279 277 280
3 279 280 281
3 283 281 280
3 283 280 282
3 282 280 276
3 282 276 285
3 283 282 284
3 283 284 670
3 282 285 286
3 282 286 284
3 285 276 192
3 285 192 189
3 285 189 186
3 285 186 286
3 288 284 286
3 288 286 287
3 287 286 186
3 287 186 289
3 288 287 50
3 288 50 291
3 287 289 52
3 287 52 50
3 289 187 54
3 289 54 52
3 288 290 670
3 288 670 284
3 292 290 288
3 292 288 291
3 292 291 46
3 292 46 294
3 292 293 668
3 292 668 290
3 295 293 292
3 295 292 294
3 295 294 42
3 295 42 297
3 295 296 666
3 295 666 293
3 298 296 295
3 298 295 297
3 298 297 38
3 298 38 300
3 298 299 664
3 298 664 296
3 301 299 298
3 301 298 300
3 301 300 34
3 301 34 303
3 301 302 662
3 301 662 299
3 304 302 301
3 304 301 303
3 304 303 30
3 304 30 306
3 304 305 660
3 304 660 302
3 307 305 304
3 307 304 306
3 307 306 26
3 307 26 309
3 307 308 658
3 307 658 305
3 310 308 307
3 310 307 309
3 310 309 22
3 310 22 312
3 311 657 308
3 311 308 310
3 311 310 312
3 311 312 313
3 315 313 312
3 315 312 18
3 672 311 313
3 672 313 314
3 316 314 313
3 316 313 315
3 316 315 12
3 316 12 10
3 317 318 314
3 317 314 316
3 317 316 10
3 317 10 7
3 319 320 318
3 319 318 317
3 319 317 7
3 319 7 322
3 321 678 320
3 321 320 319
3 321 319 322
3 321 322 323
3 8 325 323
3 8 323 322
3 321 323 324
3 321 324 713
3 326 324 323
3 326 323 325
3 326 325 327
3 326 327 328
3 327 325 8
3 327 8 4
3 327 329 330
3 327 330 328
3 327 4 2
3 327 2 329
3 332 330 329
3 332 329 331
3 331 329 2
3 331 2 334
3 332 331 333
3 332 333 728
3 333 331 334
3 333 334 335
3 337 335 334
3 337 334 1
3 333 335 336
3 333 336 731
3 336 335 337
3 336 337 338
3 13 15 338
3 13 338 337
3 13 337 1
3 13 1 5
3 336 338 339
3 336 339 340
3 15 342 339
3 15 339 338
3 340 339 341
3 340 341 736
3 342 343 341
3 342 341 339
3 342 16 345
3 342 345 343
3 739 341 343
3 739 343 344
3 345 346 344
3 345 344 343
3 345 20 348
3 345 348 346
3 742 344 346
3 742 346 347
3 348 349 347
3 348 347 346
3 348 24 351
3 348 351 349
3 745 347 349
3 745 349 350
3 351 352 350
3 351 350 349
3 351 28 354
3 351 354 352
3 748 350 352
3 748 352 353
3 354 355 353
3 354 353 352
3 354 32 357
3 354 357 355
3 751 353 355
3 751 355 356
3 357 358 356
3 357 356 355
3 357 36 360
3 357 360 358
3 754 356 358
3 754 358 359
3 360 361 359
3 360 359 358
3 360 40 363
3 360 363 361
3 757 359 361
3 757 361 362
3 363 364 362
3 363 362 361
3 363 44 366
3 363 366 364
3 760 362 364
3 760 364 365
3 366 367 365
3 366 365 364
3 366 48 55
3 366 55 367
3 367 55 57
3 367 57 368
3 367 368 369
3 367 369 365
3 368 57 373
3 368 373 370
3 368 370 371
3 368 371 369
3 767 371 370
3 767 370 372
3 373 374 372
3 373 372 370
3 373 58 65
3 373 65 374
3 374 65 67
3 374 67 375
3 374 375 376
3 374 376 372
3 375 67 380
3 375 380 377
3 375 377 378
3 375 378 376
3 774 378 377
3 774 377 379
3 380 381 379
3 380 379 377
3 380 68 383
3 380 383 381
3 777 379 381
3 777 381 382
3 383 384 382
3 383 382 381
3 383 72 386
3 383 386 384
3 780 382 384
3 780 384 385
3 386 387 385
3 386 385 384
3 386 76 389
3 386 389 387
3 783 385 387
3 783 387 388
3 389 390 388
3 389 388 387
3 389 80 392
3 389 392 390
3 786 388 390
3 786 390 391
3 392 393 391
3 392 391 390
3 392 84 395
3 392 395 393
3 789 391 393
3 789 393 394
3 395 396 394
3 395 394 393
3 395 88 398
3 395 398 396
3 792 394 396
3 792 396 397
3 398 399 397
3 398 397 396
3 398 92 401
3 398 401 399
3 795 397 399
3 795 399 400
3 401 402 400
3 401 400 399
3 401 96 404
3 401 404 402
3 798 400 402
3 798 402 403
3 404 405 403
3 404 403 402
3 404 100 407
3 404 407 405
3 801 403 405
3 801 405 406
3 407 408 406
3 407 406 405
3 407 104 410
3 407 410 408
3 804 406 408
3 804 408 409
3 410 411 409
3 410 409 408
3 410 108 413
3 410 413 411
3 807 409 411
3 807 411 412
3 413 414 412
3 413 412 411
3 413 112 416
3 413 416 414
3 810 412 414
3 810 414 415
3 416 417 415
3 416 415 414
3 416 116 419
3 416 419 417
3 813 415 417
3 813 417 418
3 419 420 418
3 419 418 417
3 419 120 422
3 419 422 420
3 816 418 420
3 816 420 421
3 422 423 421
3 422 421 420
3 422 124 425
3 422 425 423
3 819 421 423
3 819 423 424
3 425 426 424
3 425 424 423
3 425 128 428
3 425 428 426
3 822 424 426
3 822 426 427
3 428 430 427
3 428 427 426
3 428 128 130
3 428 130 429
3 428 429 432
3 428 432 430
3 825 427 430
3 825 430 431
3 432 433 431
3 432 431 430
3 434 432 429
3 434 429 437
3 434 435 433
3 434 433 432
3 435 434 436
3 435 436 840
3 438 436 434
3 438 434 437
3 438 437 132
3 438 132 440
3 429 130 132
3 429 132 437
3 436 438 439
3 436 439 843
3 441 439 438
3 441 438 440
3 441 440 133
3 441 133 443
3 439 441 442
3 439 442 846
3 444 442 441
3 444 441 443
3 444 443 445
3 444 445 447
3 133 135 445
3 133 445 443
3 446 445 135
3 446 135 138
3 445 446 449
3 445 449 447
3 448 851 444
3 448 444 447
3 448 447 449
3 448 449 451
3 450 449 446
3 450 446 569
3 449 450 453
3 449 453 451
3 452 854 448
3 452 448 451
3 452 451 453
3 452 453 455
3 454 453 450
3 454 450 570
3 453 454 457
3 453 457 455
3 456 857 452
3 456 452 455
3 456 455 457
3 456 457 459
3 458 457 454
3 458 454 571
3 457 458 461
3 457 461 459
3 460 860 456
3 460 456 459
3 460 459 461
3 460 461 463
3 462 461 458
3 462 458 9617
3 461 462 465
3 461 465 463
3 464 863 460
3 464 460 463
3 464 463 465
3 464 465 467
3 466 465 462
3 466 462 9618
3 465 466 469
3 465 469 467
3 468 866 464
3 468 464 467
3 468 467 469
3 468 469 471
3 470 469 466
3 470 466 9619
3 469 470 473
3 469 473 471
3 472 869 468
3 472 468 471
3 472 471 473
3 472 473 475
3 474 473 470
3 474 470 9620
3 473 474 477
3 473 477 475
3 476 872 472
3 476 472 475
3 476 475 477
3 476 477 479
3 478 477 474
3 478 474 9621
3 477 478 481
3 477 481 479
3 480 875 476
3 480 476 479
3 480 479 481
3 480 481 483
3 482 481 478
3 482 478 9622
3 481 482 485
3 481 485 483
3 484 878 480
3 484 480 483
3 484 483 485
3 484 485 487
3 486 485 482
3 486 482 9623
3 485 486 489
3 485 489 487
3 488 881 484
3 488 484 487
3 488 487 489
3 488 489 491
3 490 489 486
3 490 486 9624
3 489 490 493
3 489 493 491
3 492 884 488
3 492 488 491
3 492 491 493
3 492 493 495
3 494 493 490
3 494 490 9625
3 493 494 497
3 493 497 495
3 496 887 492
3 496 492 495
3 496 495 497
3 496 497 499
3 498 497 494
3 498 494 9626
3 497 498 501
3 497 501 499
3 500 890 496
3 500 496 499
3 500 499 501
3 500 501 502
3 502 501 503
3 502 503 504
3 503 501 498
3 503 498 506
3 504 503 505
3 504 505 9616
3 505 503 506
3 505 506 508
3 498 9626 507
3 498 507 506
3 506 507 509
3 506 509 508
3 508 509 513
3 508 513 510
3 511 505 508
3 511 508 510
3 511 510 512
3 511 512 918
3 513 514 512
3 513 512 510
3 514 513 515
3 514 515 517
3 513 509 518
3 513 518 515
3 518 519 516
3 518 516 515
3 515 516 928
3 515 928 517
3 520 522 519
3 520 519 518
3 509 507 520
3 509 520 518
3 520 521 524
3 520 524 522
3 521 520 507
3 521 507 9626
3 523 9537 519
3 523 519 522
3 524 526 523
3 524 523 522
3 524 525 528
3 524 528 526
3 525 524 521
3 525 521 9625
3 527 9533 523
3 527 523 526
3 528 530 527
3 528 527 526
3 528 529 532
3 528 532 530
3 529 528 525
3 529 525 9624
3 531 9529 527
3 531 527 530
3 532 534 531
3 532 531 530
3 532 533 536
3 532 536 534
3 533 532 529
3 533 529 9623
3 535 9525 531
3 535 531 534
3 536 538 535
3 536 535 534
3 536 537 540
3 536 540 538
3 537 536 533
3 537 533 9622
3 539 9521 535
3 539 535 538
3 540 542 539
3 540 539 538
3 540 541 544
3 540 544 542
3 541 540 537
3 541 537 9621
3 543 9517 539
3 543 539 542
3 544 546 543
3 544 543 542
3 544 545 548
3 544 548 546
3 545 544 541
3 545 541 9620
3 547 9514 543
3 547 543 546
3 548 550 547
3 548 547 546
3 548 549 552
3 548 552 550
3 549 548 545
3 549 545 9619
3 551 9515 547
3 551 547 550
3 552 554 551
3 552 551 550
3 552 553 556
3 552 556 554
3 553 552 549
3 553 549 9618
3 555 574 551
3 555 551 554
3 556 558 555
3 556 555 554
3 556 557 560
3 556 560 558
3 557 556 553
3 557 553 9617
3 559 572 555
3 559 555 558
3 560 562 559
3 560 559 558
3 560 561 563
3 560 563 562
3 561 560 557
3 561 557 571
3 233 235 559
3 233 559 562
3 563 565 233
3 563 233 562
3 563 564 566
3 563 566 565
3 564 563 561
3 564 561 570
3 566 568 232
3 566 232 565
3 566 567 137
3 566 137 568
3 567 566 564
3 567 564 569
3 141 230 232
3 141 232 568
3 446 138 567
3 446 567 569
3 450 569 564
3 450 564 570
3 454 570 561
3 454 561 571
3 458 571 557
3 458 557 9617
3 572 559 235
3 572 235 238
3 574 555 572
3 574 572 573
3 572 238 576
3 572 576 573
3 574 573 575
3 574 575 9516
3 576 577 575
3 576 575 573
3 577 576 237
3 577 237 578
3 580 575 577
3 580 577 579
3 577 578 582
3 577 582 579
3 580 579 581
3 580 581 9507
3 582 583 581
3 582 581 579
3 583 582 584
3 583 584 585
3 241 584 582
3 241 582 578
3 585 584 244
3 585 244 587
3 583 585 586
3 583 586 9502
3 588 586 585
3 588 585 587
3 588 587 247
3 588 247 590
3 588 589 1067
3 588 1067 586
3 591 589 588
3 591 588 590
3 591 590 250
3 591 250 593
3 591 592 1066
3 591 1066 589
3 594 592 591
3 594 591 593
3 594 593 253
3 594 253 596
3 594 595 1070
3 594 1070 592
3 597 595 594
3 597 594 596
3 597 596 256
3 597 256 599
3 597 598 1073
3 597 1073 595
3 600 598 597
3 600 597 599
3 600 599 259
3 600 259 602
3 600 601 1076
3 600 1076 598
3 603 601 600
3 603 600 602
3 603 602 262
3 603 262 605
3 603 604 1079
3 603 1079 601
3 606 604 603
3 606 603 605
3 606 605 265
3 606 265 608
3 606 607 1082
3 606 1082 604
3 609 607 606
3 609 606 608
3 609 608 268
3 609 268 272
3 610 611 607
3 610 607 609
3 610 609 272
3 610 272 613
3 612 1087 611
3 612 611 610
3 612 610 613
3 612 613 614
3 273 278 614
3 273 614 613
3 615 614 278
3 615 278 618
3 615 616 612
3 615 612 614
3 617 1092 616
3 617 616 615
3 617 615 618
3 617 618 619
3 621 619 618
3 621 618 279
3 1095 617 619
3 1095 619 620
3 621 622 620
3 621 620 619
3 625 622 621
3 625 621 623
3 621 279 281
3 621 281 623
3 625 623 624
3 625 624 627
3 283 624 623
3 283 623 281
3 625 626 1100
3 625 1100 622
3 629 626 625
3 629 625 627
3 629 627 628
3 629 628 631
3 669 628 627
3 669 627 624
3 629 630 1103
3 629 1103 626
3 633 630 629
3 633 629 631
3 633 631 632
3 633 632 635
3 667 632 631
3 667 631 628
3 633 634 1106
3 633 1106 630
3 637 634 633
3 637 633 635
3 637 635 636
3 637 636 639
3 665 636 635
3 665 635 632
3 637 638 1109
3 637 1109 634
3 641 638 637
3 641 637 639
3 641 639 640
3 641 640 643
3 663 640 639
3 663 639 636
3 641 642 1112
3 641 1112 638
3 645 642 641
3 645 641 643
3 645 643 644
3 645 644 647
3 661 644 643
3 661 643 640
3 645 646 1115
3 645 1115 642
3 649 646 645
3 649 645 647
3 649 647 648
3 649 648 651
3 659 648 647
3 659 647 644
3 1118 646 649
3 1118 649 650
3 649 651 652
3 649 652 650
3 654 652 651
3 654 651 653
3 653 651 648
3 653 648 656
3 654 653 655
3 654 655 671
3 653 656 657
3 653 657 655
3 656 648 659
3 656 659 658
3 656 658 308
3 656 308 657
3 659 660 305
3 659 305 658
3 659 644 661
3 659 661 660
3 661 662 302
3 661 302 660
3 661 640 663
3 661 663 662
3 663 664 299
3 663 299 662
3 663 636 665
3 663 665 664
3 665 666 296
3 665 296 664
3 665 632 667
3 665 667 666
3 667 668 293
3 667 293 666
3 667 628 669
3 667 669 668
3 669 670 290
3 669 290 668
3 669 624 283
3 669 283 670
3 672 655 657
3 672 657 311
3 673 671 655
3 673 655 672
3 673 672 314
3 673 314 318
3 674 675 671
3 674 671 673
3 674 673 318
3 674 318 320
3 679 675 674
3 679 674 676
3 674 320 678
3 674 678 676
3 679 676 677
3 679 677 681
3 712 677 676
3 712 676 678
3 679 680 1125
3 679 1125 675
3 683 680 679
3 683 679 681
3 683 681 682
3 683 682 685
3 709 682 681
3 709 681 677
3 683 684 1124
3 683 1124 680
3 687 684 683
3 687 683 685
3 687 685 686
3 687 686 689
3 706 686 685
3 706 685 682
3 687 688 1126
3 687 1126 684
3 691 688 687
3 691 687 689
3 693 691 689
3 693 689 690
3 703 690 689
3 703 689 686
3 691 692 1129
3 691 1129 688
3 693 694 692
3 693 692 691
3 695 696 694
3 695 694 693
3 695 693 690
3 695 690 698
3 1150 696 695
3 1150 695 697
3 695 698 699
3 695 699 697
3 701 699 698
3 701 698 700
3 700 698 690
3 700 690 703
3 701 700 702
3 701 702 1159
3 700 703 704
3 700 704 702
3 703 686 706
3 703 706 704
3 1162 702 704
3 1162 704 705
3 706 707 705
3 706 705 704
3 706 682 709
3 706 709 707
3 1165 705 707
3 1165 707 708
3 709 710 708
3 709 708 707
3 709 677 712
3 709 712 710
3 714 708 710
3 714 710 711
3 712 713 711
3 712 711 710
3 712 678 321
3 712 321 713
3 715 711 713
3 715 713 324
3 714 711 715
3 714 715 716
3 715 717 718
3 715 718 716
3 715 324 326
3 715 326 717
3 720 718 717
3 720 717 719
3 326 328 719
3 326 719 717
3 720 719 721
3 720 721 722
3 721 719 328
3 721 328 330
3 721 723 724
3 721 724 722
3 721 330 332
3 721 332 723
3 726 724 723
3 726 723 725
3 332 728 725
3 332 725 723
3 726 725 727
3 726 727 1182
3 727 725 728
3 727 728 729
3 333 731 729
3 333 729 728
3 727 729 730
3 727 730 1185
3 730 729 731
3 730 731 732
3 336 340 732
3 336 732 731
3 730 732 733
3 730 733 734
3 340 736 733
3 340 733 732
3 734 733 735
3 734 735 1190
3 736 737 735
3 736 735 733
3 736 341 739
3 736 739 737
3 1193 735 737
3 1193 737 738
3 739 740 738
3 739 738 737
3 739 344 742
3 739 742 740
3 1196 738 740
3 1196 740 741
3 742 743 741
3 742 741 740
3 742 347 745
3 742 745 743
3 1199 741 743
3 1199 743 744
3 745 746 744
3 745 744 743
3 745 350 748
3 745 748 746
3 1202 744 746
3 1202 746 747
3 748 749 747
3 748 747 746
3 748 353 751
3 748 751 749
3 1205 747 749
3 1205 749 750
3 751 752 750
3 751 750 749
3 751 356 754
3 751 754 752
3 1208 750 752
3 1208 752 753
3 754 755 753
3 754 753 752
3 754 359 757
3 754 757 755
3 1211 753 755
3 1211 755 756
3 757 758 756
3 757 756 755
3 757 362 760
3 757 760 758
3 1214 756 758
3 1214 758 759
3 760 761 759
3 760 759 758
3 760 365 369
3 760 369 761
3 761 369 371
3 761 371 762
3 761 762 763
3 761 763 759
3 762 371 767
3 762 767 764
3 762 764 765
3 762 765 763
3 1221 765 764
3 1221 764 766
3 767 768 766
3 767 766 764
3 767 372 376
3 767 376 768
3 768 376 378
3 768 378 769
3 768 769 770
3 768 770 766
3 769 378 774
3 769 774 771
3 769 771 772
3 769 772 770
3 1228 772 771
3 1228 771 773
3 774 775 773
3 774 773 771
3 774 379 777
3 774 777 775
3 1231 773 775
3 1231 775 776
3 777 778 776
3 777 776 775
3 777 382 780
3 777 780 778
3 1234 776 778
3 1234 778 779
3 780 781 779
3 780 779 778
3 780 385 783
3 780 783 781
3 1237 779 781
3 1237 781 782
3 783 784 782
3 783 782 781
3 783 388 786
3 783 786 784
3 1240 782 784
3 1240 784 785
3 786 787 785
3 786 785 784
3 786 391 789
3 786 789 787
3 1243 785 787
3 1243 787 788
3 789 790 788
3 789 788 787
3 789 394 792
3 789 792 790
3 1246 788 790
3 1246 790 791
3 792 793 791
3 792 791 790
3 792 397 795
3 792 795 793
3 1249 791 793
3 1249 793 794
3 795 796 794
3 795 794 793
3 795 400 798
3 795 798 796
3 1252 794 796
3 1252 796 797
3 798 799 797
3 798 797 796
3 798 403 801
3 798 801 799
3 1255 797 799
3 1255 799 800
3 801 802 800
3 801 800 799
3 801 406 804
3 801 804 802
3 1258 800 802
3 1258 802 803
3 804 805 803
3 804 803 802
3 804 409 807
3 804 807 805
3 1261 803 805
3 1261 805 806
3 807 808 806
3 807 806 805
3 807 412 810
3 807 810 808
3 1264 806 808
3 1264 808 809
3 810 811 809
3 810 809 808
3 810 415 813
3 810 813 811
3 1267 809 811
3 1267 811 812
3 813 814 812
3 813 812 811
3 813 418 816
3 813 816 814
3 1270 812 814
3 1270 814 815
3 816 817 815
3 816 815 814
3 816 421 819
3 816 819 817
3 1273 815 817
3 1273 817 818
3 819 820 818
3 819 818 817
3 819 424 822
3 819 822 820
3 1276 818 820
3 1276 820 821
3 822 823 821
3 822 821 820
3 822 427 825
3 822 825 823
3 1279 821 823
3 1279 823 824
3 825 826 824
3 825 824 823
3 825 431 828
3 825 828 826
3 1282 824 826
3 1282 826 827
3 828 830 827
3 828 827 826
3 828 431 433
3 828 433 829
3 828 829 832
3 828 832 830
3 1285 827 830
3 1285 830 831
3 832 833 831
3 832 831 830
3 834 832 829
3 834 829 837
3 834 835 833
3 834 833 832
3 835 834 836
3 835 836 1300
3 838 836 834
3 838 834 837
3 838 837 435
3 838 435 840
3 829 433 435
3 829 435 837
3 836 838 839
3 836 839 1303
3 841 839 838
3 841 838 840
3 841 840 436
3 841 436 843
3 839 841 842
3 839 842 1306
3 844 842 841
3 844 841 843
3 844 843 439
3 844 439 846
3 842 844 845
3 842 845 1309
3 847 845 844
3 847 844 846
3 847 846 442
3 847 442 849
3 845 847 848
3 845 848 1312
3 850 848 847
3 850 847 849
3 850 849 851
3 850 851 852
3 442 444 851
3 442 851 849
3 851 448 854
3 851 854 852
3 853 1317 850
3 853 850 852
3 853 852 854
3 853 854 855
3 854 452 857
3 854 857 855
3 856 1320 853
3 856 853 855
3 856 855 857
3 856 857 858
3 857 456 860
3 857 860 858
3 859 1323 856
3 859 856 858
3 859 858 860
3 859 860 861
3 860 460 863
3 860 863 861
3 862 1326 859
3 862 859 861
3 862 861 863
3 862 863 864
3 863 464 866
3 863 866 864
3 865 1329 862
3 865 862 864
3 865 864 866
3 865 866 867
3 866 468 869
3 866 869 867
3 868 1332 865
3 868 865 867
3 868 867 869
3 868 869 870
3 869 472 872
3 869 872 870
3 871 1335 868
3 871 868 870
3 871 870 872
3 871 872 873
3 872 476 875
3 872 875 873
3 874 1338 871
3 874 871 873
3 874 873 875
3 874 875 876
3 875 480 878
3 875 878 876
3 877 1341 874
3 877 874 876
3 877 876 878
3 877 878 879
3 878 484 881
3 878 881 879
3 880 1344 877
3 880 877 879
3 880 879 881
3 880 881 882
3 881 488 884
3 881 884 882
3 883 1347 880
3 883 880 882
3 883 882 884
3 883 884 885
3 884 492 887
3 884 887 885
3 886 1350 883
3 886 883 885
3 886 885 887
3 886 887 888
3 887 496 890
3 887 890 888
3 889 1353 886
3 889 886 888
3 889 888 890
3 889 890 891
3 890 500 893
3 890 893 891
3 892 1356 889
3 892 889 891
3 892 891 893
3 892 893 894
3 894 893 895
3 894 895 896
3 895 893 500
3 895 500 502
3 896 895 897
3 896 897 899
3 897 895 502
3 897 502 504
3 898 897 504
3 898 504 9616
3 897 898 901
3 897 901 899
3 900 1363 896
3 900 896 899
3 900 899 901
3 900 901 902
3 902 901 903
3 902 903 904
3 903 901 898
3 903 898 906
3 904 903 905
3 904 905 1449
3 905 903 906
3 905 906 908
3 898 9616 907
3 898 907 906
3 906 907 909
3 906 909 908
3 908 909 913
3 908 913 910
3 911 905 908
3 911 908 910
3 911 910 912
3 911 912 1447
3 913 914 912
3 913 912 910
3 914 913 915
3 914 915 917
3 913 909 918
3 913 918 915
3 918 512 916
3 918 916 915
3 915 916 920
3 915 920 917
3 909 907 511
3 909 511 918
3 914 917 919
3 914 919 1452
3 920 921 919
3 920 919 917
3 921 920 922
3 921 922 924
3 920 916 925
3 920 925 922
3 925 926 923
3 925 923 922
3 922 923 935
3 922 935 924
3 514 517 926
3 514 926 925
3 916 512 514
3 916 514 925
3 923 926 927
3 923 927 930
3 928 927 926
3 928 926 517
3 927 928 9541
3 927 9541 929
3 927 929 931
3 927 931 930
3 930 931 933
3 930 933 932
3 935 923 930
3 935 930 932
3 932 933 944
3 932 944 934
3 936 935 932
3 936 932 934
3 935 936 937
3 935 937 924
3 939 937 936
3 939 936 938
3 936 934 941
3 936 941 938
3 939 938 940
3 939 940 1463
3 941 942 940
3 941 940 938
3 942 941 943
3 942 943 946
3 944 943 941
3 944 941 934
3 943 944 9606
3 943 9606 945
3 943 945 948
3 943 948 946
3 942 946 947
3 942 947 1470
3 948 949 947
3 948 947 946
3 949 948 950
3 949 950 953
3 951 950 948
3 951 948 945
3 950 951 9602
3 950 9602 952
3 950 952 955
3 950 955 953
3 949 953 954
3 949 954 1476
3 955 956 954
3 955 954 953
3 956 955 957
3 956 957 960
3 958 957 955
3 958 955 952
3 957 958 9598
3 957 9598 959
3 957 959 962
3 957 962 960
3 956 960 961
3 956 961 1482
3 962 963 961
3 962 961 960
3 963 962 964
3 963 964 967
3 965 964 962
3 965 962 959
3 964 965 9600
3 964 9600 966
3 964 966 969
3 964 969 967
3 963 967 968
3 963 968 1488
3 969 970 968
3 969 968 967
3 970 969 971
3 970 971 974
3 972 971 969
3 972 969 966
3 971 972 1024
3 971 1024 973
3 971 973 976
3 971 976 974
3 970 974 975
3 970 975 1494
3 976 977 975
3 976 975 974
3 977 976 978
3 977 978 981
3 979 978 976
3 979 976 973
3 978 979 1022
3 978 1022 980
3 978 980 983
3 978 983 981
3 977 981 982
3 977 982 3144
3 983 984 982
3 983 982 981
3 984 983 985
3 984 985 988
3 987 985 983
3 987 983 980
3 988 985 986
3 988 986 990
3 1007 986 985
3 1007 985 987
3 984 988 989
3 984 989 3147
3 992 989 988
3 992 988 990
3 992 990 991
3 992 991 994
3 1004 991 990
3 1004 990 986
3 993 3149 989
3 993 989 992
3 993 992 994
3 993 994 995
3 997 995 994
3 997 994 996
3 999 996 994
3 999 994 991
3 997 996 998
3 997 998 3360
3 998 996 999
3 998 999 1000
3 999 1001 1002
3 999 1002 1000
3 999 991 1004
3 999 1004 1001
3 3372 1002 1001
3 3372 1001 1003
3 1004 1005 1003
3 1004 1003 1001
3 1004 986 1007
3 1004 1007 1005
3 3375 1003 1005
3 3375 1005 1006
3 1007 1008 1006
3 1007 1006 1005
3 1007 987 1009
3 1007 1009 1008
3 1008 1009 1011
3 1008 1011 1010
3 1008 1010 1012
3 1008 1012 1006
3 1010 1011 1016
3 1010 1016 1013
3 1010 1013 1014
3 1010 1014 1012
3 3382 1014 1013
3 3382 1013 1015
3 1016 1017 1015
3 1016 1015 1013
3 1018 1016 1011
3 1018 1011 1021
3 1018 1019 1017
3 1018 1017 1016
3 1019 1018 1020
3 1019 1020 1030
3 1023 1020 1018
3 1023 1018 1021
3 1021 1011 1009
3 1021 1009 1022
3 979 1023 1021
3 979 1021 1022
3 1025 1020 1023
3 1025 1023 1024
3 1024 1023 979
3 1024 979 973
3 972 1026 1025
3 972 1025 1024
3 1027 1030 1020
3 1027 1020 1025
3 1026 1029 1027
3 1026 1027 1025
3 1027 1028 1031
3 1027 1031 1030
3 1028 1027 1029
3 1028 1029 9609
3 1031 1032 1019
3 1031 1019 1030
3 1033 1034 1032
3 1033 1032 1031
3 1028 1035 1033
3 1028 1033 1031
3 1036 1039 1034
3 1036 1034 1033
3 1035 1038 1036
3 1035 1036 1033
3 1036 1037 1041
3 1036 1041 1039
3 1037 1036 1038
3 1037 1038 9584
3 1040 9472 1034
3 1040 1034 1039
3 1041 1043 1040
3 1041 1040 1039
3 1041 1042 1045
3 1041 1045 1043
3 1042 1041 1037
3 1042 1037 9583
3 3391 1040 1043
3 3391 1043 1044
3 1043 1045 1046
3 1043 1046 1044
3 1048 1046 1045
3 1048 1045 1047
3 1047 1045 1042
3 1047 1042 1050
3 1048 1047 1049
3 1048 1049 9499
3 1052 1049 1047
3 1052 1047 1050
3 1051 1054 1052
3 1051 1052 1050
3 1051 1050 1042
3 1051 1042 9583
3 1052 1053 9500
3 1052 9500 1049
3 1053 1052 1054
3 1053 1054 1056
3 1054 1051 9581
3 1054 9581 1055
3 1057 1056 1054
3 1057 1054 1055
3 1057 1060 1058
3 1057 1058 1056
3 1058 1061 1053
3 1058 1053 1056
3 1058 1059 1063
3 1058 1063 1061
3 1059 1058 1060
3 1059 1060 9574
3 1062 9500 1053
3 1062 1053 1061
3 1063 1065 1062
3 1063 1062 1061
3 1063 1064 1067
3 1063 1067 1065
3 1064 1063 1059
3 1064 1059 9501
3 1068 1062 1065
3 1068 1065 1066
3 1065 1067 589
3 1065 589 1066
3 586 1067 1064
3 586 1064 9502
3 1068 1066 592
3 1068 592 1070
3 1068 1069 9500
3 1068 9500 1062
3 1071 1069 1068
3 1071 1068 1070
3 1071 1070 595
3 1071 595 1073
3 1071 1072 9499
3 1071 9499 1069
3 1074 1072 1071
3 1074 1071 1073
3 1074 1073 598
3 1074 598 1076
3 1074 1075 3395
3 1074 3395 1072
3 1077 1075 1074
3 1077 1074 1076
3 1077 1076 601
3 1077 601 1079
3 1077 1078 3394
3 1077 3394 1075
3 1080 1078 1077
3 1080 1077 1079
3 1080 1079 604
3 1080 604 1082
3 1080 1081 3396
3 1080 3396 1078
3 1083 1081 1080
3 1083 1080 1082
3 1083 1082 607
3 1083 607 611
3 1084 1085 1081
3 1084 1081 1083
3 1084 1083 611
3 1084 611 1087
3 1086 3400 1085
3 1086 1085 1084
3 1086 1084 1087
3 1086 1087 1088
3 612 616 1088
3 612 1088 1087
3 1089 1088 616
3 1089 616 1092
3 1089 1090 1086
3 1089 1086 1088
3 1091 3404 1090
3 1091 1090 1089
3 1091 1089 1092
3 1091 1092 1093
3 1095 1093 1092
3 1095 1092 617
3 3407 1091 1093
3 3407 1093 1094
3 1095 1096 1094
3 1095 1094 1093
3 1098 1096 1095
3 1098 1095 620
3 3410 1094 1096
3 3410 1096 1097
3 1098 1099 1097
3 1098 1097 1096
3 1101 1099 1098
3 1101 1098 1100
3 1098 620 622
3 1098 622 1100
3 1101 1100 626
3 1101 626 1103
3 1101 1102 3415
3 1101 3415 1099
3 1104 1102 1101
3 1104 1101 1103
3 1104 1103 630
3 1104 630 1106
3 1104 1105 3418
3 1104 3418 1102
3 1107 1105 1104
3 1107 1104 1106
3 1107 1106 634
3 1107 634 1109
3 1107 1108 3421
3 1107 3421 1105
3 1110 1108 1107
3 1110 1107 1109
3 1110 1109 638
3 1110 638 1112
3 1110 1111 3424
3 1110 3424 1108
3 1113 1111 1110
3 1113 1110 1112
3 1113 1112 642
3 1113 642 1115
3 3427 1111 1113
3 3427 1113 1114
3 1113 1115 1116
3 1113 1116 1114
3 1118 1116 1115
3 1118 1115 646
3 1117 3430 1114
3 1117 1114 1116
3 1117 1116 1118
3 1117 1118 1119
3 1118 650 1121
3 1118 1121 1119
3 1117 1119 1120
3 1117 1120 3433
3 1122 1120 1119
3 1122 1119 1121
3 1122 1121 1123
3 1122 1123 1124
3 1123 1121 650
3 1123 650 652
3 1123 1125 680
3 1123 680 1124
3 1123 652 654
3 1123 654 1125
3 654 671 675
3 654 675 1125
3 1122 1124 684
3 1122 684 1126
3 1127 1120 1122
3 1127 1122 1126
3 1127 1126 688
3 1127 688 1129
3 1127 1128 3433
3 1127 3433 1120
3 1130 1128 1127
3 1130 1127 1129
3 1132 1130 1129
3 1132 1129 692
3 1130 1131 3432
3 1130 3432 1128
3 1132 1133 1131
3 1132 1131 1130
3 1134 1135 1133
3 1134 1133 1132
3 1134 1132 692
3 1134 692 694
3 1138 1135 1134
3 1138 1134 1136
3 1134 694 696
3 1134 696 1136
3 1140 1138 1136
3 1140 1136 1137
3 1150 1137 1136
3 1150 1136 696
3 1138 1139 3440
3 1138 3440 1135
3 1140 1141 1139
3 1140 1139 1138
3 1142 1143 1141
3 1142 1141 1140
3 1142 1140 1137
3 1142 1137 1145
3 1144 3452 1143
3 1144 1143 1142
3 1144 1142 1145
3 1144 1145 1146
3 1148 1146 1145
3 1148 1145 1147
3 1147 1145 1137
3 1147 1137 1150
3 1148 1147 1149
3 1148 1149 1151
3 1147 1150 697
3 1147 697 1149
3 1153 1151 1149
3 1153 1149 1152
3 1152 1149 697
3 1152 697 699
3 1153 1152 1154
3 1153 1154 1155
3 1152 699 701
3 1152 701 1154
3 1157 1155 1154
3 1157 1154 1156
3 701 1159 1156
3 701 1156 1154
3 1157 1156 1158
3 1157 1158 3472
3 1158 1156 1159
3 1158 1159 1160
3 1160 1159 702
3 1160 702 1162
3 1158 1160 1161
3 1158 1161 3475
3 1160 1162 1163
3 1160 1163 1161
3 1162 705 1165
3 1162 1165 1163
3 3478 1161 1163
3 3478 1163 1164
3 1165 1166 1164
3 1165 1164 1163
3 1165 708 714
3 1165 714 1166
3 1168 1164 1166
3 1168 1166 1167
3 714 716 1167
3 714 1167 1166
3 1168 1167 1169
3 1168 1169 1170
3 1169 1167 716
3 1169 716 718
3 1169 1171 1172
3 1169 1172 1170
3 1169 718 720
3 1169 720 1171
3 1174 1172 1171
3 1174 1171 1173
3 720 722 1173
3 720 1173 1171
3 1174 1173 1175
3 1174 1175 1176
3 1175 1173 722
3 1175 722 724
3 1175 1177 1178
3 1175 1178 1176
3 1175 724 726
3 1175 726 1177
3 1180 1178 1177
3 1180 1177 1179
3 726 1182 1179
3 726 1179 1177
3 1180 1179 1181
3 1180 1181 3495
3 1181 1179 1182
3 1181 1182 1183
3 727 1185 1183
3 727 1183 1182
3 1181 1183 1184
3 1181 1184 3498
3 1184 1183 1185
3 1184 1185 1186
3 730 734 1186
3 730 1186 1185
3 1184 1186 1187
3 1184 1187 1188
3 734 1190 1187
3 734 1187 1186
3 1188 1187 1189
3 1188 1189 3503
3 1190 1191 1189
3 1190 1189 1187
3 1190 735 1193
3 1190 1193 1191
3 3506 1189 1191
3 3506 1191 1192
3 1193 1194 1192
3 1193 1192 1191
3 1193 738 1196
3 1193 1196 1194
3 3509 1192 1194
3 3509 1194 1195
3 1196 1197 1195
3 1196 1195 1194
3 1196 741 1199
3 1196 1199 1197
3 3512 1195 1197
3 3512 1197 1198
3 1199 1200 1198
3 1199 1198 1197
3 1199 744 1202
3 1199 1202 1200
3 3515 1198 1200
3 3515 1200 1201
3 1202 1203 1201
3 1202 1201 1200
3 1202 747 1205
3 1202 1205 1203
3 3518 1201 1203
3 3518 1203 1204
3 1205 1206 1204
3 1205 1204 1203
3 1205 750 1208
3 1205 1208 1206
3 3521 1204 1206
3 3521 1206 1207
3 1208 1209 1207
3 1208 1207 1206
3 1208 753 1211
3 1208 1211 1209
3 3524 1207 1209
3 3524 1209 1210
3 1211 1212 1210
3 1211 1210 1209
3 1211 756 1214
3 1211 1214 1212
3 3527 1210 1212
3 3527 1212 1213
3 1214 1215 1213
3 1214 1213 1212
3 1214 759 763
3 1214 763 1215
3 1215 763 765
3 1215 765 1216
3 1215 1216 1217
3 1215 1217 1213
3 1216 765 1221
3 1216 1221 1218
3 1216 1218 1219
3 1216 1219 1217
3 3534 1219 1218
3 3534 1218 1220
3 1221 1222 1220
3 1221 1220 1218
3 1221 766 770
3 1221 770 1222
3 1222 770 772
3 1222 772 1223
3 1222 1223 1224
3 1222 1224 1220
3 1223 772 1228
3 1223 1228 1225
3 1223 1225 1226
3 1223 1226 1224
3 3541 1226 1225
3 3541 1225 1227
3 1228 1229 1227
3 1228 1227 1225
3 1228 773 1231
3 1228 1231 1229
3 3544 1227 1229
3 3544 1229 1230
3 1231 1232 1230
3 1231 1230 1229
3 1231 776 1234
3 1231 1234 1232
3 3547 1230 1232
3 3547 1232 1233
3 1234 1235 1233
3 1234 1233 1232
3 1234 779 1237
3 1234 1237 1235
3 3550 1233 1235
3 3550 1235 1236
3 1237 1238 1236
3 1237 1236 1235
3 1237 782 1240
3 1237 1240 1238
3 3553 1236 1238
3 3553 1238 1239
3 1240 1241 1239
3 1240 1239 1238
3 1240 785 1243
3 1240 1243 1241
3 3556 1239 1241
3 3556 1241 1242
3 1243 1244 1242
3 1243 1242 1241
3 1243 788 1246
3 1243 1246 1244
3 3559 1242 1244
3 3559 1244 1245
3 1246 1247 1245
3 1246 1245 1244
3 1246 791 1249
3 1246 1249 1247
3 3562 1245 1247
3 3562 1247 1248
3 1249 1250 1248
3 1249 1248 1247
3 1249 794 1252
3 1249 1252 1250
3 3565 1248 1250
3 3565 1250 1251
3 1252 1253 1251
3 1252 1251 1250
3 1252 797 1255
3 1252 1255 1253
3 3568 1251 1253
3 3568 1253 1254
3 1255 1256 1254
3 1255 1254 1253
3 1255 800 1258
3 1255 1258 1256
3 3571 1254 1256
3 3571 1256 1257
3 1258 1259 1257
3 1258 1257 1256
3 1258 803 1261
3 1258 1261 1259
3 3574 1257 1259
3 3574 1259 1260
3 1261 1262 1260
3 1261 1260 1259
3 1261 806 1264
3 1261 1264 1262
3 3577 1260 1262
3 3577 1262 1263
3 1264 1265 1263
3 1264 1263 1262
3 1264 809 1267
3 1264 1267 1265
3 3580 1263 1265
3 3580 1265 1266
3 1267 1268 1266
3 1267 1266 1265
3 1267 812 1270
3 1267 1270 1268
3 3583 1266 1268
3 3583 1268 1269
3 1270 1271 1269
3 1270 1269 1268
3 1270 815 1273
3 1270 1273 1271
3 3586 1269 1271
3 3586 1271 1272
3 1273 1274 1272
3 1273 1272 1271
3 1273 818 1276
3 1273 1276 1274
3 3589 1272 1274
3 3589 1274 1275
3 1276 1277 1275
3 1276 1275 1274
3 1276 821 1279
3 1276 1279 1277
3 3592 1275 1277
3 3592 1277 1278
3 1279 1280 1278
3 1279 1278 1277
3 1279 824 1282
3 1279 1282 1280
3 3595 1278 1280
3 3595 1280 1281
3 1282 1283 1281
3 1282 1281 1280
3 1282 827 1285
3 1282 1285 1283
3 3598 1281 1283
3 3598 1283 1284
3 1285 1286 1284
3 1285 1284 1283
3 1285 831 1288
3 1285 1288 1286
3 3601 1284 1286
3 3601 1286 1287
3 1288 1290 1287
3 1288 1287 1286
3 1288 831 833
3 1288 833 1289
3 1288 1289 1292
3 1288 1292 1290
3 3604 1287 1290
3 3604 1290 1291
3 1292 1293 1291
3 1292 1291 1290
3 1294 1292 1289
3 1294 1289 1297
3 1294 1295 1293
3 1294 1293 1292
3 1295 1294 1296
3 1295 1296 1742
3 1298 1296 1294
3 1298 1294 1297
3 1298 1297 835
3 1298 835 1300
3 1289 833 835
3 1289 835 1297
3 1296 1298 1299
3 1296 1299 1739
3 1301 1299 1298
3 1301 1298 1300
3 1301 1300 836
3 1301 836 1303
3 1299 1301 1302
3 1299 1302 1736
3 1304 1302 1301
3 1304 1301 1303
3 1304 1303 839
3 1304 839 1306
3 1302 1304 1305
3 1302 1305 1733
3 1307 1305 1304
3 1307 1304 1306
3 1307 1306 842
3 1307 842 1309
3 1305 1307 1308
3 1305 1308 1730
3 1310 1308 1307
3 1310 1307 1309
3 1310 1309 845
3 1310 845 1312
3 1308 1310 1311
3 1308 1311 1727
3 1313 1311 1310
3 1313 1310 1312
3 1313 1312 848
3 1313 848 1315
3 1311 1313 1314
3 1311 1314 1724
3 1316 1314 1313
3 1316 1313 1315
3 1316 1315 1317
3 1316 1317 1318
3 848 850 1317
3 848 1317 1315
3 1317 853 1320
3 1317 1320 1318
3 1319 1718 1316
3 1319 1316 1318
3 1319 1318 1320
3 1319 1320 1321
3 1320 856 1323
3 1320 1323 1321
3 1322 1714 1319
3 1322 1319 1321
3 1322 1321 1323
3 1322 1323 1324
3 1323 859 1326
3 1323 1326 1324
3 1325 1710 1322
3 1325 1322 1324
3 1325 1324 1326
3 1325 1326 1327
3 1326 862 1329
3 1326 1329 1327
3 1328 1706 1325
3 1328 1325 1327
3 1328 1327 1329
3 1328 1329 1330
3 1329 865 1332
3 1329 1332 1330
3 1331 1702 1328
3 1331 1328 1330
3 1331 1330 1332
3 1331 1332 1333
3 1332 868 1335
3 1332 1335 1333
3 1334 1698 1331
3 1334 1331 1333
3 1334 1333 1335
3 1334 1335 1336
3 1335 871 1338
3 1335 1338 1336
3 1337 1694 1334
3 1337 1334 1336
3 1337 1336 1338
3 1337 1338 1339
3 1338 874 1341
3 1338 1341 1339
3 1340 1690 1337
3 1340 1337 1339
3 1340 1339 1341
3 1340 1341 1342
3 1341 877 1344
3 1341 1344 1342
3 1343 1686 1340
3 1343 1340 1342
3 1343 1342 1344
3 1343 1344 1345
3 1344 880 1347
3 1344 1347 1345
3 1346 1682 1343
3 1346 1343 1345
3 1346 1345 1347
3 1346 1347 1348
3 1347 883 1350
3 1347 1350 1348
3 1349 1678 1346
3 1349 1346 1348
3 1349 1348 1350
3 1349 1350 1351
3 1350 886 1353
3 1350 1353 1351
3 1352 1674 1349
3 1352 1349 1351
3 1352 1351 1353
3 1352 1353 1354
3 1353 889 1356
3 1353 1356 1354
3 1355 1670 1352
3 1355 1352 1354
3 1355 1354 1356
3 1355 1356 1357
3 1356 892 1359
3 1356 1359 1357
3 1358 1666 1355
3 1358 1355 1357
3 1358 1357 1359
3 1358 1359 1360
3 1360 1359 1361
3 1360 1361 1362
3 1361 1359 892
3 1361 892 894
3 1362 1361 1363
3 1362 1363 1364
3 1363 1361 894
3 1363 894 896
3 1363 900 1366
3 1363 1366 1364
3 1365 1656 1362
3 1365 1362 1364
3 1365 1364 1366
3 1365 1366 1367
3 1367 1366 1368
3 1367 1368 1369
3 1368 1366 900
3 1368 900 902
3 1369 1368 1370
3 1369 1370 1372
3 1370 1368 902
3 1370 902 904
3 1371 1370 904
3 1371 904 1449
3 1370 1371 1374
3 1370 1374 1372
3 1373 1646 1369
3 1373 1369 1372
3 1373 1372 1374
3 1373 1374 1376
3 1375 1374 1371
3 1375 1371 1448
3 1374 1375 1378
3 1374 1378 1376
3 1377 1642 1373
3 1377 1373 1376
3 1377 1376 1378
3 1377 1378 1380
3 1379 1378 1375
3 1379 1375 9493
3 1378 1379 1382
3 1378 1382 1380
3 1381 1638 1377
3 1381 1377 1380
3 1381 1380 1382
3 1381 1382 1384
3 1383 1382 1379
3 1383 1379 9494
3 1382 1383 1386
3 1382 1386 1384
3 1385 1634 1381
3 1385 1381 1384
3 1385 1384 1386
3 1385 1386 1388
3 1387 1386 1383
3 1387 1383 9495
3 1386 1387 1390
3 1386 1390 1388
3 1389 1630 1385
3 1389 1385 1388
3 1389 1388 1390
3 1389 1390 1392
3 1391 1390 1387
3 1391 1387 9496
3 1390 1391 1394
3 1390 1394 1392
3 1393 1626 1389
3 1393 1389 1392
3 1393 1392 1394
3 1393 1394 1396
3 1395 1394 1391
3 1395 1391 9497
3 1394 1395 1398
3 1394 1398 1396
3 1397 1622 1393
3 1397 1393 1396
3 1397 1396 1398
3 1397 1398 1400
3 1399 1398 1395
3 1399 1395 9498
3 1398 1399 1402
3 1398 1402 1400
3 1401 1618 1397
3 1401 1397 1400
3 1401 1400 1402
3 1401 1402 1403
3 1403 1402 1404
3 1403 1404 1405
3 1404 1402 1399
3 1404 1399 1407
3 1405 1404 1406
3 1405 1406 1604
3 1406 1404 1407
3 1406 1407 1409
3 1399 9498 1408
3 1399 1408 1407
3 1407 1408 1410
3 1407 1410 1409
3 1409 1410 1414
3 1409 1414 1411
3 1412 1406 1409
3 1412 1409 1411
3 1412 1411 1413
3 1412 1413 1593
3 1414 1415 1413
3 1414 1413 1411
3 1415 1414 1416
3 1415 1416 1418
3 1414 1410 1419
3 1414 1419 1416
3 1419 1420 1417
3 1419 1417 1416
3 1416 1417 1567
3 1416 1567 1418
3 1421 1423 1420
3 1421 1420 1419
3 1410 1408 1421
3 1410 1421 1419
3 1421 1422 1425
3 1421 1425 1423
3 1422 1421 1408
3 1422 1408 9498
3 1424 1562 1420
3 1424 1420 1423
3 1425 1427 1424
3 1425 1424 1423
3 1425 1426 1429
3 1425 1429 1427
3 1426 1425 1422
3 1426 1422 9497
3 1428 1558 1424
3 1428 1424 1427
3 1429 1431 1428
3 1429 1428 1427
3 1429 1430 1433
3 1429 1433 1431
3 1430 1429 1426
3 1430 1426 9496
3 1432 1554 1428
3 1432 1428 1431
3 1433 1435 1432
3 1433 1432 1431
3 1433 1434 1437
3 1433 1437 1435
3 1434 1433 1430
3 1434 1430 9495
3 1436 1550 1432
3 1436 1432 1435
3 1437 1439 1436
3 1437 1436 1435
3 1437 1438 1441
3 1437 1441 1439
3 1438 1437 1434
3 1438 1434 9494
3 1440 1549 1436
3 1440 1436 1439
3 1441 1443 1440
3 1441 1440 1439
3 1441 1442 1445
3 1441 1445 1443
3 1442 1441 1438
3 1442 1438 9493
3 1444 1450 1440
3 1444 1440 1443
3 1445 1447 1444
3 1445 1444 1443
3 1445 1446 911
3 1445 911 1447
3 1446 1445 1442
3 1446 1442 1448
3 912 1451 1444
3 912 1444 1447
3 1371 1449 1446
3 1371 1446 1448
3 905 911 1446
3 905 1446 1449
3 1375 1448 1442
3 1375 1442 9493
3 1450 1444 1451
3 1450 1451 1453
3 1451 912 914
3 1451 914 1452
3 1451 1452 1455
3 1451 1455 1453
3 1450 1453 1454
3 1450 1454 1548
3 1455 1456 1454
3 1455 1454 1453
3 1456 1455 1457
3 1456 1457 1459
3 919 1457 1455
3 919 1455 1452
3 1457 919 921
3 1457 921 1458
3 1457 1458 1461
3 1457 1461 1459
3 1456 1459 1460
3 1456 1460 1546
3 1461 1462 1460
3 1461 1460 1459
3 1462 1461 939
3 1462 939 1463
3 937 939 1461
3 937 1461 1458
3 1465 1460 1462
3 1465 1462 1464
3 1462 1463 1467
3 1462 1467 1464
3 1465 1464 1466
3 1465 1466 1536
3 1467 1468 1466
3 1467 1466 1464
3 1468 1467 1469
3 1468 1469 1471
3 940 1469 1467
3 940 1467 1463
3 1469 940 942
3 1469 942 1470
3 1469 1470 1473
3 1469 1473 1471
3 1468 1471 1472
3 1468 1472 1531
3 1473 1474 1472
3 1473 1472 1471
3 1474 1473 1475
3 1474 1475 1477
3 947 1475 1473
3 947 1473 1470
3 1475 947 949
3 1475 949 1476
3 1475 1476 1479
3 1475 1479 1477
3 1474 1477 1478
3 1474 1478 1526
3 1479 1480 1478
3 1479 1478 1477
3 1480 1479 1481
3 1480 1481 1483
3 954 1481 1479
3 954 1479 1476
3 1481 954 956
3 1481 956 1482
3 1481 1482 1485
3 1481 1485 1483
3 1480 1483 1484
3 1480 1484 1521
3 1485 1486 1484
3 1485 1484 1483
3 1486 1485 1487
3 1486 1487 1489
3 961 1487 1485
3 961 1485 1482
3 1487 961 963
3 1487 963 1488
3 1487 1488 1491
3 1487 1491 1489
3 1486 1489 1490
3 1486 1490 1516
3 1491 1492 1490
3 1491 1490 1489
3 1492 1491 1493
3 1492 1493 1495
3 968 1493 1491
3 968 1491 1488
3 1493 968 970
3 1493 970 1494
3 1493 1494 1496
3 1493 1496 1495
3 1495 1496 1498
3 1495 1498 1497
3 1500 1492 1495
3 1500 1495 1497
3 1497 1498 3138
3 1497 3138 1499
3 1502 1500 1497
3 1502 1497 1499
3 1490 1492 1500
3 1490 1500 1501
3 1501 1500 1502
3 1501 1502 1503
3 1503 1502 1504
3 1503 1504 1507
3 1505 1504 1502
3 1505 1502 1499
3 1504 1505 3130
3 1504 3130 1506
3 1508 1507 1504
3 1508 1504 1506
3 1508 1511 1509
3 1508 1509 1507
3 1509 1512 1503
3 1509 1503 1507
3 1513 1512 1509
3 1513 1509 1510
3 1510 1509 1511
3 1510 1511 2992
3 1515 1514 1512
3 1515 1512 1513
3 1512 1514 1501
3 1512 1501 1503
3 1514 1515 1517
3 1514 1517 1516
3 1514 1516 1490
3 1514 1490 1501
3 1517 1484 1486
3 1517 1486 1516
3 1484 1517 1518
3 1484 1518 1521
3 1518 1517 1515
3 1518 1515 1519
3 2832 1520 1518
3 2832 1518 1519
3 1522 1521 1518
3 1522 1518 1520
3 1522 1478 1480
3 1522 1480 1521
3 1478 1522 1523
3 1478 1523 1526
3 1524 1523 1522
3 1524 1522 1520
3 1523 1524 2828
3 1523 2828 1525
3 1527 1526 1523
3 1527 1523 1525
3 1527 1472 1474
3 1527 1474 1526
3 1472 1527 1528
3 1472 1528 1531
3 1529 1528 1527
3 1529 1527 1525
3 1528 1529 2796
3 1528 2796 1530
3 1532 1531 1528
3 1532 1528 1530
3 1532 1466 1468
3 1532 1468 1531
3 1466 1532 1533
3 1466 1533 1536
3 1534 1533 1532
3 1534 1532 1530
3 1533 1534 2797
3 1533 2797 1535
3 1537 1536 1533
3 1537 1533 1535
3 1537 1538 1465
3 1537 1465 1536
3 1538 1537 1539
3 1538 1539 1542
3 1540 1539 1537
3 1540 1537 1535
3 1539 1540 2803
3 1539 2803 1541
3 1543 1542 1539
3 1543 1539 1541
3 1543 1545 1544
3 1543 1544 1542
3 1544 1546 1538
3 1544 1538 1542
3 1544 1454 1456
3 1544 1456 1546
3 1454 1544 1545
3 1454 1545 1548
3 1460 1465 1538
3 1460 1538 1546
3 1545 1543 1551
3 1545 1551 1547
3 1549 1548 1545
3 1549 1545 1547
3 1549 1440 1450
3 1549 1450 1548
3 1550 1436 1549
3 1550 1549 1547
3 1550 1547 1551
3 1550 1551 1553
3 1552 1551 1543
3 1552 1543 1541
3 1551 1552 1555
3 1551 1555 1553
3 1554 1432 1550
3 1554 1550 1553
3 1554 1553 1555
3 1554 1555 1557
3 1556 1555 1552
3 1556 1552 2807
3 1555 1556 1559
3 1555 1559 1557
3 1558 1428 1554
3 1558 1554 1557
3 1558 1557 1559
3 1558 1559 1561
3 1560 1559 1556
3 1560 1556 2805
3 1559 1560 1563
3 1559 1563 1561
3 1562 1424 1558
3 1562 1558 1561
3 1562 1561 1563
3 1562 1563 1565
3 1563 1560 2825
3 1563 2825 1564
3 1566 1565 1563
3 1566 1563 1564
3 1566 1567 1417
3 1566 1417 1565
3 1417 1420 1562
3 1417 1562 1565
3 1567 1566 1568
3 1567 1568 1569
3 1568 1566 1564
3 1568 1564 1571
3 1569 1568 1570
3 1569 1570 1583
3 1570 1568 1571
3 1570 1571 1573
3 1564 2825 1572
3 1564 1572 1571
3 1571 1572 1574
3 1571 1574 1573
3 1573 1574 1576
3 1573 1576 1575
3 1578 1570 1573
3 1578 1573 1575
3 1575 1576 2820
3 1575 2820 1577
3 1579 1578 1575
3 1579 1575 1577
3 1578 1579 1582
3 1578 1582 1580
3 1583 1570 1578
3 1583 1578 1580
3 1581 1584 1583
3 1581 1583 1580
3 1581 1580 1582
3 1581 1582 2636
3 1584 1586 1569
3 1584 1569 1583
3 1584 1581 1589
3 1584 1589 1585
3 1587 1586 1584
3 1587 1584 1585
3 1586 1587 1415
3 1586 1415 1418
3 1586 1418 1567
3 1586 1567 1569
3 1587 1588 1413
3 1587 1413 1415
3 1589 1588 1587
3 1589 1587 1585
3 1588 1589 1591
3 1588 1591 1590
3 1413 1588 1590
3 1413 1590 1593
3 1590 1591 2635
3 1590 2635 1592
3 1594 1593 1590
3 1594 1590 1592
3 1594 1595 1412
3 1594 1412 1593
3 1595 1594 1596
3 1595 1596 1599
3 1597 1596 1594
3 1597 1594 1592
3 1596 1597 2628
3 1596 2628 1598
3 1600 1599 1596
3 1600 1596 1598
3 1600 1603 1601
3 1600 1601 1599
3 1601 1604 1595
3 1601 1595 1599
3 1601 1602 1405
3 1601 1405 1604
3 1602 1601 1603
3 1602 1603 1606
3 1406 1412 1595
3 1406 1595 1604
3 1603 1600 9481
3 1603 9481 1605
3 1607 1606 1603
3 1607 1603 1605
3 1607 1610 1608
3 1607 1608 1606
3 1608 1609 1602
3 1608 1602 1606
3 1611 1612 1609
3 1611 1609 1608
3 1610 1613 1611
3 1610 1611 1608
3 1614 1617 1612
3 1614 1612 1611
3 1613 1616 1614
3 1613 1614 1611
3 1614 1615 1619
3 1614 1619 1617
3 1615 1614 1616
3 1615 1616 2563
3 1618 1401 1612
3 1618 1612 1617
3 1619 1621 1618
3 1619 1618 1617
3 1619 1620 1623
3 1619 1623 1621
3 1620 1619 1615
3 1620 1615 2560
3 1622 1397 1618
3 1622 1618 1621
3 1623 1625 1622
3 1623 1622 1621
3 1623 1624 1627
3 1623 1627 1625
3 1624 1623 1620
3 1624 1620 2557
3 1626 1393 1622
3 1626 1622 1625
3 1627 1629 1626
3 1627 1626 1625
3 1627 1628 1631
3 1627 1631 1629
3 1628 1627 1624
3 1628 1624 2554
3 1630 1389 1626
3 1630 1626 1629
3 1631 1633 1630
3 1631 1630 1629
3 1631 1632 1635
3 1631 1635 1633
3 1632 1631 1628
3 1632 1628 2551
3 1634 1385 1630
3 1634 1630 1633
3 1635 1637 1634
3 1635 1634 1633
3 1635 1636 1639
3 1635 1639 1637
3 1636 1635 1632
3 1636 1632 2548
3 1638 1381 1634
3 1638 1634 1637
3 1639 1641 1638
3 1639 1638 1637
3 1639 1640 1643
3 1639 1643 1641
3 1640 1639 1636
3 1640 1636 2545
3 1642 1377 1638
3 1642 1638 1641
3 1643 1645 1642
3 1643 1642 1641
3 1643 1644 1647
3 1643 1647 1645
3 1644 1643 1640
3 1644 1640 2542
3 1646 1373 1642
3 1646 1642 1645
3 1647 1648 1646
3 1647 1646 1645
3 1649 1650 1648
3 1649 1648 1647
3 1644 1651 1649
3 1644 1649 1647
3 1652 1655 1650
3 1652 1650 1649
3 1651 1654 1652
3 1651 1652 1649
3 1652 1653 1657
3 1652 1657 1655
3 1653 1652 1654
3 1653 1654 9490
3 1656 1365 1650
3 1656 1650 1655
3 1657 1658 1656
3 1657 1656 1655
3 1659 1660 1658
3 1659 1658 1657
3 1653 1661 1659
3 1653 1659 1657
3 1662 1665 1660
3 1662 1660 1659
3 1661 1664 1662
3 1661 1662 1659
3 1662 1663 1667
3 1662 1667 1665
3 1663 1662 1664
3 1663 1664 2524
3 1666 1358 1660
3 1666 1660 1665
3 1667 1669 1666
3 1667 1666 1665
3 1667 1668 1671
3 1667 1671 1669
3 1668 1667 1663
3 1668 1663 2521
3 1670 1355 1666
3 1670 1666 1669
3 1671 1673 1670
3 1671 1670 1669
3 1671 1672 1675
3 1671 1675 1673
3 1672 1671 1668
3 1672 1668 2518
3 1674 1352 1670
3 1674 1670 1673
3 1675 1677 1674
3 1675 1674 1673
3 1675 1676 1679
3 1675 1679 1677
3 1676 1675 1672
3 1676 1672 2515
3 1678 1349 1674
3 1678 1674 1677
3 1679 1681 1678
3 1679 1678 1677
3 1679 1680 1683
3 1679 1683 1681
3 1680 1679 1676
3 1680 1676 2512
3 1682 1346 1678
3 1682 1678 1681
3 1683 1685 1682
3 1683 1682 1681
3 1683 1684 1687
3 1683 1687 1685
3 1684 1683 1680
3 1684 1680 2509
3 1686 1343 1682
3 1686 1682 1685
3 1687 1689 1686
3 1687 1686 1685
3 1687 1688 1691
3 1687 1691 1689
3 1688 1687 1684
3 1688 1684 2506
3 1690 1340 1686
3 1690 1686 1689
3 1691 1693 1690
3 1691 1690 1689
3 1691 1692 1695
3 1691 1695 1693
3 1692 1691 1688
3 1692 1688 2503
3 1694 1337 1690
3 1694 1690 1693
3 1695 1697 1694
3 1695 1694 1693
3 1695 1696 1699
3 1695 1699 1697
3 1696 1695 1692
3 1696 1692 2500
3 1698 1334 1694
3 1698 1694 1697
3 1699 1701 1698
3 1699 1698 1697
3 1699 1700 1703
3 1699 1703 1701
3 1700 1699 1696
3 1700 1696 2497
3 1702 1331 1698
3 1702 1698 1701
3 1703 1705 1702
3 1703 1702 1701
3 1703 1704 1707
3 1703 1707 1705
3 1704 1703 1700
3 1704 1700 2494
3 1706 1328 1702
3 1706 1702 1705
3 1707 1709 1706
3 1707 1706 1705
3 1707 1708 1711
3 1707 1711 1709
3 1708 1707 1704
3 1708 1704 2491
3 1710 1325 1706
3 1710 1706 1709
3 1711 1713 1710
3 1711 1710 1709
3 1711 1712 1715
3 1711 1715 1713
3 1712 1711 1708
3 1712 1708 2172
3 1714 1322 1710
3 1714 1710 1713
3 1715 1717 1714
3 1715 1714 1713
3 1715 1716 1719
3 1715 1719 1717
3 1716 1715 1712
3 1716 1712 2171
3 1718 1319 1714
3 1718 1714 1717
3 1719 1721 1718
3 1719 1718 1717
3 1719 1720 1722
3 1719 1722 1721
3 1720 1719 1716
3 1720 1716 2175
3 1314 1316 1718
3 1314 1718 1721
3 1722 1724 1314
3 1722 1314 1721
3 1722 1723 1725
3 1722 1725 1724
3 1723 1722 1720
3 1723 1720 2178
3 1725 1727 1311
3 1725 1311 1724
3 1725 1726 1728
3 1725 1728 1727
3 1726 1725 1723
3 1726 1723 2181
3 1728 1730 1308
3 1728 1308 1727
3 1728 1729 1731
3 1728 1731 1730
3 1729 1728 1726
3 1729 1726 2184
3 1731 1733 1305
3 1731 1305 1730
3 1731 1732 1734
3 1731 1734 1733
3 1732 1731 1729
3 1732 1729 2187
3 1734 1736 1302
3 1734 1302 1733
3 1734 1735 1737
3 1734 1737 1736
3 1735 1734 1732
3 1735 1732 2190
3 1737 1739 1299
3 1737 1299 1736
3 1737 1738 1740
3 1737 1740 1739
3 1738 1737 1735
3 1738 1735 2193
3 1740 1742 1296
3 1740 1296 1739
3 1740 1741 1743
3 1740 1743 1742
3 1741 1740 1738
3 1741 1738 2196
3 1743 1745 1295
3 1743 1295 1742
3 1743 1744 1747
3 1743 1747 1745
3 1744 1743 1741
3 1744 1741 2199
3 1746 1293 1295
3 1746 1295 1745
3 1747 1749 1746
3 1747 1746 1745
3 1747 1748 1751
3 1747 1751 1749
3 1748 1747 1744
3 1748 1744 2202
3 3607 1746 1749
3 3607 1749 1750
3 1749 1751 1752
3 1749 1752 1750
3 1754 1752 1751
3 1754 1751 1753
3 1753 1751 1748
3 1753 1748 1756
3 1754 1753 1755
3 1754 1755 3616
3 1758 1755 1753
3 1758 1753 1756
3 1757 1759 1758
3 1757 1758 1756
3 1757 1756 1748
3 1757 1748 2202
3 1760 1761 1755
3 1760 1755 1758
3 1759 1762 1760
3 1759 1760 1758
3 1763 1766 1761
3 1763 1761 1760
3 1762 1765 1763
3 1762 1763 1760
3 1763 1764 1768
3 1763 1768 1766
3 1764 1763 1765
3 1764 1765 2213
3 3617 1761 1766
3 3617 1766 1767
3 1766 1768 1769
3 1766 1769 1767
3 1768 1770 1771
3 1768 1771 1769
3 1764 1773 1770
3 1764 1770 1768
3 1772 1783 1771
3 1772 1771 1770
3 1770 1773 1775
3 1770 1775 1772
3 1776 1775 1773
3 1776 1773 1774
3 1774 1773 1764
3 1774 1764 2213
3 1778 1777 1775
3 1778 1775 1776
3 1772 1775 1777
3 1772 1777 1780
3 2262 1779 1777
3 2262 1777 1778
3 1777 1779 1781
3 1777 1781 1780
3 1780 1781 1785
3 1780 1785 1782
3 1780 1782 1783
3 1780 1783 1772
3 3625 1783 1782
3 3625 1782 1784
3 1784 1782 1785
3 1784 1785 1786
3 1786 1785 1787
3 1786 1787 1788
3 1781 1790 1787
3 1781 1787 1785
3 1788 1787 1789
3 1788 1789 3637
3 1790 1791 1789
3 1790 1789 1787
3 1779 1792 1790
3 1779 1790 1781
3 1792 1794 1791
3 1792 1791 1790
3 1795 1794 1792
3 1795 1792 1793
3 1793 1792 1779
3 1793 1779 2262
3 1797 1796 1794
3 1797 1794 1795
3 1794 1796 1799
3 1794 1799 1791
3 2260 1798 1796
3 2260 1796 1797
3 1796 1798 1801
3 1796 1801 1799
3 1791 1799 1800
3 1791 1800 1789
3 1799 1801 1802
3 1799 1802 1800
3 1804 1802 1801
3 1804 1801 1803
3 1803 1801 1798
3 1803 1798 1806
3 1804 1803 1805
3 1804 1805 3646
3 1808 1805 1803
3 1808 1803 1806
3 1807 1809 1808
3 1807 1808 1806
3 1807 1806 1798
3 1807 1798 2260
3 1810 1811 1805
3 1810 1805 1808
3 1809 1812 1810
3 1809 1810 1808
3 1813 1816 1811
3 1813 1811 1810
3 1812 1815 1813
3 1812 1813 1810
3 1813 1814 1818
3 1813 1818 1816
3 1814 1813 1815
3 1814 1815 2250
3 3647 1811 1816
3 3647 1816 1817
3 1816 1818 1819
3 1816 1819 1817
3 1818 1820 1821
3 1818 1821 1819
3 1814 1823 1820
3 1814 1820 1818
3 1822 3656 1821
3 1822 1821 1820
3 1820 1823 1825
3 1820 1825 1822
3 1826 1825 1823
3 1826 1823 1824
3 1824 1823 1814
3 1824 1814 2250
3 1828 1827 1825
3 1828 1825 1826
3 1825 1827 1830
3 1825 1830 1822
3 2256 1829 1827
3 2256 1827 1828
3 1830 1827 1829
3 1830 1829 1832
3 1822 1830 1831
3 1822 1831 3656
3 1832 1833 1831
3 1832 1831 1830
3 1835 1833 1832
3 1835 1832 1834
3 1834 1832 1829
3 1834 1829 1837
3 1835 1834 1836
3 1835 1836 3666
3 1839 1836 1834
3 1839 1834 1837
3 1838 1841 1839
3 1838 1839 1837
3 1838 1837 1829
3 1838 1829 2256
3 1836 1839 1840
3 1836 1840 9463
3 1840 1839 1841
3 1840 1841 1842
3 1841 1843 1844
3 1841 1844 1842
3 1841 1838 1845
3 1841 1845 1843
3 1846 1847 1844
3 1846 1844 1843
3 1845 1848 1846
3 1845 1846 1843
3 1852 1847 1846
3 1852 1846 1849
3 1850 1849 1846
3 1850 1846 1848
3 9492 1851 1849
3 9492 1849 1850
3 1851 1853 1852
3 1851 1852 1849
3 1854 1855 1847
3 1854 1847 1852
3 1853 1856 1854
3 1853 1854 1852
3 1857 1858 1855
3 1857 1855 1854
3 1856 1859 1857
3 1856 1857 1854
3 1860 1863 1858
3 1860 1858 1857
3 1859 1862 1860
3 1859 1860 1857
3 1860 1861 1864
3 1860 1864 1863
3 1861 1860 1862
3 1861 1862 1905
3 1865 1866 1858
3 1865 1858 1863
3 1864 1867 1865
3 1864 1865 1863
3 1868 1869 1866
3 1868 1866 1865
3 1871 1868 1865
3 1871 1865 1867
3 1869 1868 1870
3 1869 1870 9467
3 1873 1870 1868
3 1873 1868 1871
3 1896 1872 1871
3 1896 1871 1867
3 1875 1873 1871
3 1875 1871 1872
3 1870 1873 1874
3 1870 1874 9469
3 1877 1874 1873
3 1877 1873 1875
3 1898 1876 1875
3 1898 1875 1872
3 1876 1879 1877
3 1876 1877 1875
3 1878 3696 1874
3 1878 1874 1877
3 1878 1877 1879
3 1878 1879 1880
3 1882 1880 1879
3 1882 1879 1881
3 1881 1879 1876
3 1881 1876 1884
3 1882 1881 1883
3 1882 1883 3705
3 1886 1883 1881
3 1886 1881 1884
3 1884 1876 1898
3 1884 1898 1885
3 1888 1886 1884
3 1888 1884 1885
3 3708 1883 1886
3 3708 1886 1887
3 1887 1886 1888
3 1887 1888 1889
3 1889 1888 1890
3 1889 1890 1891
3 1890 1888 1885
3 1890 1885 1893
3 1891 1890 1892
3 1891 1892 3720
3 1894 1892 1890
3 1894 1890 1893
3 1894 1893 1895
3 1894 1895 1897
3 1885 1898 1895
3 1885 1895 1893
3 1896 1895 1898
3 1896 1898 1872
3 1895 1896 1900
3 1895 1900 1897
3 1899 3725 1894
3 1899 1894 1897
3 1899 1897 1900
3 1899 1900 1901
3 1864 1900 1896
3 1864 1896 1867
3 1900 1864 1861
3 1900 1861 1901
3 1902 1903 1899
3 1902 1899 1901
3 1902 1901 1861
3 1902 1861 1905
3 1903 1902 1904
3 1903 1904 3729
3 1906 1904 1902
3 1906 1902 1905
3 1906 1905 1862
3 1906 1862 1908
3 1904 1906 1907
3 1904 1907 3743
3 1910 1907 1906
3 1910 1906 1908
3 1908 1862 1859
3 1908 1859 1909
3 1912 1910 1908
3 1912 1908 1909
3 3749 1907 1910
3 3749 1910 1911
3 1911 1910 1912
3 1911 1912 1913
3 1913 1912 1914
3 1913 1914 1915
3 1914 1912 1909
3 1914 1909 1917
3 1915 1914 1916
3 1915 1916 2048
3 1916 1914 1917
3 1916 1917 1918
3 1909 1859 1856
3 1909 1856 1917
3 1917 1856 1853
3 1917 1853 1918
3 1918 1853 1851
3 1918 1851 1919
3 1921 1916 1918
3 1921 1918 1919
3 1919 1851 9492
3 1919 9492 1920
3 1923 1921 1919
3 1923 1919 1920
3 2048 1916 1921
3 2048 1921 1922
3 1922 1921 1923
3 1922 1923 1924
3 1924 1923 1925
3 1924 1925 1926
3 1925 1923 1920
3 1925 1920 1928
3 1926 1925 1927
3 1926 1927 2020
3 1927 1925 1928
3 1927 1928 1930
3 1920 9492 1929
3 1920 1929 1928
3 1928 1929 1931
3 1928 1931 1930
3 1930 1931 1935
3 1930 1935 1932
3 1933 1927 1930
3 1933 1930 1932
3 1933 1932 1934
3 1933 1934 9491
3 1935 1936 1934
3 1935 1934 1932
3 1940 1936 1935
3 1940 1935 1937
3 1935 1931 1939
3 1935 1939 1937
3 1938 1941 1940
3 1938 1940 1937
3 1938 1937 1939
3 1938 1939 2253
3 1943 1942 1940
3 1943 1940 1941
3 1945 1936 1940
3 1945 1940 1942
3 1943 2247 1944
3 1943 1944 1942
3 1944 1946 1945
3 1944 1945 1942
3 1947 1934 1936
3 1947 1936 1945
3 1949 1947 1945
3 1949 1945 1946
3 9491 1934 1947
3 9491 1947 1948
3 1948 1947 1949
3 1948 1949 1951
3 2259 1950 1949
3 2259 1949 1946
3 1949 1950 1953
3 1949 1953 1951
3 1952 2010 1948
3 1952 1948 1951
3 1952 1951 1953
3 1952 1953 1954
3 1954 1953 1955
3 1954 1955 1956
3 1955 1953 1950
3 1955 1950 1958
3 1956 1955 1957
3 1956 1957 2000
3 1957 1955 1958
3 1957 1958 1960
3 1958 1950 2259
3 1958 2259 1959
3 1961 1960 1958
3 1961 1958 1959
3 1961 1963 1962
3 1961 1962 1960
3 1962 1964 1957
3 1962 1957 1960
3 1966 1965 1962
3 1966 1962 1963
3 1968 1964 1962
3 1968 1962 1965
3 1966 2261 1967
3 1966 1967 1965
3 1967 1970 1968
3 1967 1968 1965
3 1999 1964 1968
3 1999 1968 1969
3 1969 1968 1970
3 1969 1970 1971
3 1971 1970 1972
3 1971 1972 1973
3 1972 1970 1967
3 1972 1967 1975
3 1973 1972 1974
3 1973 1974 1987
3 1977 1974 1972
3 1977 1972 1975
3 1976 1978 1977
3 1976 1977 1975
3 1976 1975 1967
3 1976 1967 2261
3 1980 1979 1977
3 1980 1977 1978
3 1982 1974 1977
3 1982 1977 1979
3 1980 2263 1981
3 1980 1981 1979
3 1981 1983 1982
3 1981 1982 1979
3 1982 1983 1986
3 1982 1986 1984
3 1987 1974 1982
3 1987 1982 1984
3 1985 1988 1987
3 1985 1987 1984
3 1985 1984 1986
3 1985 1986 2479
3 1988 1990 1973
3 1988 1973 1987
3 1988 1985 2419
3 1988 2419 1989
3 1991 1990 1988
3 1991 1988 1989
3 1993 1992 1990
3 1993 1990 1991
3 1990 1992 1971
3 1990 1971 1973
3 1995 1994 1992
3 1995 1992 1993
3 1992 1994 1969
3 1992 1969 1971
3 1997 1996 1994
3 1997 1994 1995
3 1994 1996 1999
3 1994 1999 1969
3 2001 1998 1996
3 2001 1996 1997
3 1996 1998 2000
3 1996 2000 1999
3 2000 1957 1964
3 2000 1964 1999
3 1998 2002 1956
3 1998 1956 2000
3 2003 2002 1998
3 2003 1998 2001
3 2005 2004 2002
3 2005 2002 2003
3 2002 2004 1954
3 2002 1954 1956
3 2007 2006 2004
3 2007 2004 2005
3 2004 2006 1952
3 2004 1952 1954
3 2009 2008 2006
3 2009 2006 2007
3 2010 1952 2006
3 2010 2006 2008
3 2009 2013 2011
3 2009 2011 2008
3 2011 2012 2010
3 2011 2010 2008
3 2014 2015 2012
3 2014 2012 2011
3 2013 2016 2014
3 2013 2014 2011
3 2017 2020 2015
3 2017 2015 2014
3 2016 2019 2017
3 2016 2017 2014
3 2017 2018 1926
3 2017 1926 2020
3 2018 2017 2019
3 2018 2019 2021
3 1927 1933 2015
3 1927 2015 2020
3 2019 2022 2023
3 2019 2023 2021
3 2019 2016 2024
3 2019 2024 2022
3 2025 2026 2023
3 2025 2023 2022
3 2024 2027 2025
3 2024 2025 2022
3 2026 2025 2028
3 2026 2028 2031
3 2029 2028 2025
3 2029 2025 2027
3 2028 2029 2415
3 2028 2415 2030
3 2028 2030 2032
3 2028 2032 2031
3 2031 2032 2034
3 2031 2034 2033
3 2036 2026 2031
3 2036 2031 2033
3 2033 2034 2065
3 2033 2065 2035
3 2037 2036 2033
3 2037 2033 2035
3 2036 2037 2040
3 2036 2040 2038
3 2023 2026 2036
3 2023 2036 2038
3 2039 2021 2023
3 2039 2023 2038
3 2039 2038 2040
3 2039 2040 2042
3 2040 2037 2059
3 2040 2059 2041
3 2043 2042 2040
3 2043 2040 2041
3 2043 2046 2044
3 2043 2044 2042
3 2044 2045 2039
3 2044 2039 2042
3 2045 2044 1922
3 2045 1922 1924
3 2044 2046 2048
3 2044 2048 1922
3 2046 2047 1915
3 2046 1915 2048
3 2047 2046 2043
3 2047 2043 2049
3 2052 2050 2047
3 2052 2047 2049
3 2047 2050 1913
3 2047 1913 1915
3 2050 2051 1911
3 2050 1911 1913
3 2051 2050 2052
3 2051 2052 2053
3 2052 2054 2055
3 2052 2055 2053
3 2052 2049 2057
3 2052 2057 2054
3 2056 3754 2055
3 2056 2055 2054
3 2057 2058 2056
3 2057 2056 2054
3 2059 2058 2057
3 2059 2057 2041
3 2043 2041 2057
3 2043 2057 2049
3 2056 2058 2060
3 2056 2060 2062
3 2058 2059 2063
3 2058 2063 2060
3 2063 2064 2061
3 2063 2061 2060
3 2060 2061 3760
3 2060 3760 2062
3 2035 2065 2064
3 2035 2064 2063
3 2059 2037 2035
3 2059 2035 2063
3 2061 2064 2066
3 2061 2066 2068
3 2064 2065 2069
3 2064 2069 2066
3 2069 2070 2067
3 2069 2067 2066
3 2066 2067 3766
3 2066 3766 2068
3 2071 2072 2070
3 2071 2070 2069
3 2065 2034 2071
3 2065 2071 2069
3 2073 2075 2072
3 2073 2072 2071
3 2034 2032 2073
3 2034 2073 2071
3 2073 2074 2077
3 2073 2077 2075
3 2074 2073 2032
3 2074 2032 2030
3 2076 3776 2072
3 2076 2072 2075
3 2077 2078 2076
3 2077 2076 2075
3 2079 2080 2078
3 2079 2078 2077
3 2074 2081 2079
3 2074 2079 2077
3 2082 2085 2080
3 2082 2080 2079
3 2081 2084 2082
3 2081 2082 2079
3 2082 2083 2087
3 2082 2087 2085
3 2083 2082 2084
3 2083 2084 2413
3 2086 3783 2080
3 2086 2080 2085
3 2087 2088 2086
3 2087 2086 2085
3 2089 2090 2088
3 2089 2088 2087
3 2083 2091 2089
3 2083 2089 2087
3 2092 2093 2090
3 2092 2090 2089
3 2091 2094 2092
3 2091 2092 2089
3 2095 2096 2093
3 2095 2093 2092
3 2094 2097 2095
3 2094 2095 2092
3 2098 2099 2096
3 2098 2096 2095
3 2097 2100 2098
3 2097 2098 2095
3 2101 2102 2099
3 2101 2099 2098
3 2100 2103 2101
3 2100 2101 2098
3 2104 2105 2102
3 2104 2102 2101
3 2103 2106 2104
3 2103 2104 2101
3 2107 2108 2105
3 2107 2105 2104
3 2106 2109 2107
3 2106 2107 2104
3 2110 2113 2108
3 2110 2108 2107
3 2109 2112 2110
3 2109 2110 2107
3 2110 2111 2115
3 2110 2115 2113
3 2111 2110 2112
3 2111 2112 2481
3 2114 3802 2108
3 2114 2108 2113
3 2115 2116 2114
3 2115 2114 2113
3 2117 2118 2116
3 2117 2116 2115
3 2111 2119 2117
3 2111 2117 2115
3 2120 2123 2118
3 2120 2118 2117
3 2119 2122 2120
3 2119 2120 2117
3 2120 2121 2125
3 2120 2125 2123
3 2121 2120 2122
3 2121 2122 2351
3 2124 3808 2118
3 2124 2118 2123
3 2125 2126 2124
3 2125 2124 2123
3 2126 2125 2127
3 2126 2127 2130
3 2121 2128 2127
3 2121 2127 2125
3 2127 2128 2353
3 2127 2353 2129
3 2131 2130 2127
3 2131 2127 2129
3 2131 2133 2132
3 2131 2132 2130
3 2132 2134 2126
3 2132 2126 2130
3 2135 2132 2133
3 2135 2133 2137
3 2132 2135 2136
3 2132 2136 2134
3 2139 2136 2135
3 2139 2135 2138
3 2135 2137 2141
3 2135 2141 2138
3 2139 2138 2140
3 2139 2140 4426
3 2141 2142 2140
3 2141 2140 2138
3 2142 2141 2143
3 2142 2143 2145
3 2144 2143 2141
3 2144 2141 2137
3 2143 2144 2147
3 2143 2147 2146
3 2145 2143 2146
3 2145 2146 2149
3 2146 2147 2317
3 2146 2317 2148
3 2150 2149 2146
3 2150 2146 2148
3 2150 2152 2151
3 2150 2151 2149
3 2151 2153 2145
3 2151 2145 2149
3 2154 2151 2152
3 2154 2152 2156
3 2151 2154 2155
3 2151 2155 2153
3 2158 2155 2154
3 2158 2154 2157
3 2154 2156 2160
3 2154 2160 2157
3 2158 2157 2159
3 2158 2159 4097
3 2160 2161 2159
3 2160 2159 2157
3 2161 2160 2162
3 2161 2162 2165
3 2163 2162 2160
3 2163 2160 2156
3 2162 2163 2310
3 2162 2310 2164
3 2162 2164 2167
3 2162 2167 2165
3 2161 2165 2166
3 2161 2166 4454
3 2167 2168 2166
3 2167 2166 2165
3 2168 2167 2169
3 2168 2169 2172
3 2170 2169 2167
3 2170 2167 2164
3 2169 2170 2173
3 2169 2173 2171
3 2169 2171 1712
3 2169 1712 2172
3 2168 2172 1708
3 2168 1708 2491
3 2173 2175 1716
3 2173 1716 2171
3 2173 2174 2176
3 2173 2176 2175
3 2174 2173 2170
3 2174 2170 2312
3 2176 2178 1720
3 2176 1720 2175
3 2176 2177 2179
3 2176 2179 2178
3 2177 2176 2174
3 2177 2174 2483
3 2179 2181 1723
3 2179 1723 2178
3 2179 2180 2182
3 2179 2182 2181
3 2180 2179 2177
3 2180 2177 2484
3 2182 2184 1726
3 2182 1726 2181
3 2182 2183 2185
3 2182 2185 2184
3 2183 2182 2180
3 2183 2180 2485
3 2185 2187 1729
3 2185 1729 2184
3 2185 2186 2188
3 2185 2188 2187
3 2186 2185 2183
3 2186 2183 2486
3 2188 2190 1732
3 2188 1732 2187
3 2188 2189 2191
3 2188 2191 2190
3 2189 2188 2186
3 2189 2186 2487
3 2191 2193 1735
3 2191 1735 2190
3 2191 2192 2194
3 2191 2194 2193
3 2192 2191 2189
3 2192 2189 2488
3 2194 2196 1738
3 2194 1738 2193
3 2194 2195 2197
3 2194 2197 2196
3 2195 2194 2192
3 2195 2192 2489
3 2197 2199 1741
3 2197 1741 2196
3 2197 2198 2200
3 2197 2200 2199
3 2198 2197 2195
3 2198 2195 2490
3 2200 2202 1744
3 2200 1744 2199
3 2200 2201 1757
3 2200 1757 2202
3 2201 2200 2198
3 2201 2198 2203
3 2205 2204 2201
3 2205 2201 2203
3 1759 1757 2201
3 1759 2201 2204
3 2205 2207 2206
3 2205 2206 2204
3 2206 1762 1759
3 2206 1759 2204
3 2208 1765 1762
3 2208 1762 2206
3 2207 2209 2208
3 2207 2208 2206
3 2210 2213 1765
3 2210 1765 2208
3 2209 2212 2210
3 2209 2210 2208
3 2210 2211 1774
3 2210 1774 2213
3 2211 2210 2212
3 2211 2212 2215
3 2216 2215 2212
3 2216 2212 2214
3 2214 2212 2209
3 2214 2209 2271
3 2216 2219 2217
3 2216 2217 2215
3 2217 2218 2211
3 2217 2211 2215
3 2220 2221 2218
3 2220 2218 2217
3 2219 2222 2220
3 2219 2220 2217
3 2223 2224 2221
3 2223 2221 2220
3 2222 2225 2223
3 2222 2223 2220
3 2226 2227 2224
3 2226 2224 2223
3 2225 2228 2226
3 2225 2226 2223
3 2229 2230 2227
3 2229 2227 2226
3 2228 2231 2229
3 2228 2229 2226
3 2232 2233 2230
3 2232 2230 2229
3 2231 2234 2232
3 2231 2232 2229
3 2235 2236 2233
3 2235 2233 2232
3 2234 2237 2235
3 2234 2235 2232
3 2238 2239 2236
3 2238 2236 2235
3 2237 2240 2238
3 2237 2238 2235
3 2241 2244 2239
3 2241 2239 2238
3 2240 2243 2241
3 2240 2241 2238
3 2241 2242 2245
3 2241 2245 2244
3 2242 2241 2243
3 2242 2243 2258
3 1809 1807 2239
3 1809 2239 2244
3 2245 1812 1809
3 2245 1809 2244
3 2246 1815 1812
3 2246 1812 2245
3 2242 2247 2246
3 2242 2246 2245
3 2248 2250 1815
3 2248 1815 2246
3 2247 1943 2248
3 2247 2248 2246
3 2248 2249 1824
3 2248 1824 2250
3 2249 2248 1943
3 2249 1943 1941
3 1938 2251 2249
3 1938 2249 1941
3 2249 2251 1826
3 2249 1826 1824
3 2251 2252 1828
3 2251 1828 1826
3 2252 2251 1938
3 2252 1938 2253
3 2255 2254 2252
3 2255 2252 2253
3 2252 2254 2256
3 2252 2256 1828
3 2254 1845 1838
3 2254 1838 2256
3 1845 2254 2255
3 1845 2255 1848
3 2255 2257 1850
3 2255 1850 1848
3 2255 2253 1939
3 2255 1939 2257
3 1929 9492 1850
3 1929 1850 2257
3 1939 1931 1929
3 1939 1929 2257
3 1944 2247 2242
3 1944 2242 2258
3 2243 1959 2259
3 2243 2259 2258
3 2243 2240 1961
3 2243 1961 1959
3 1944 2258 2259
3 1944 2259 1946
3 1961 2240 2237
3 1961 2237 1963
3 2236 2239 1807
3 2236 1807 2260
3 2237 2234 1966
3 2237 1966 1963
3 2233 2236 2260
3 2233 2260 1797
3 1966 2234 2231
3 1966 2231 2261
3 2230 2233 1797
3 2230 1797 1795
3 2231 2228 1976
3 2231 1976 2261
3 2227 2230 1795
3 2227 1795 1793
3 1976 2228 2225
3 1976 2225 1978
3 2224 2227 1793
3 2224 1793 2262
3 2225 2222 1980
3 2225 1980 1978
3 2221 2224 2262
3 2221 2262 1778
3 1980 2222 2219
3 1980 2219 2263
3 2218 2221 1778
3 2218 1778 1776
3 2219 2216 2264
3 2219 2264 2263
3 2264 2265 1981
3 2264 1981 2263
3 2266 2264 2216
3 2266 2216 2214
3 2264 2266 2267
3 2264 2267 2265
3 2267 2266 2268
3 2267 2268 2270
3 2268 2266 2214
3 2268 2214 2271
3 2269 2268 2271
3 2269 2271 2272
3 2268 2269 2474
3 2268 2474 2270
3 2271 2209 2207
3 2271 2207 2272
3 2269 2272 2273
3 2269 2273 2275
3 2207 2205 2273
3 2207 2273 2272
3 2274 2273 2205
3 2274 2205 2203
3 2273 2274 2277
3 2273 2277 2275
3 2276 2474 2269
3 2276 2269 2275
3 2276 2275 2277
3 2276 2277 2279
3 2278 2277 2274
3 2278 2274 2490
3 2277 2278 2281
3 2277 2281 2279
3 2280 2447 2276
3 2280 2276 2279
3 2280 2279 2281
3 2280 2281 2283
3 2282 2281 2278
3 2282 2278 2489
3 2281 2282 2285
3 2281 2285 2283
3 2284 2448 2280
3 2284 2280 2283
3 2284 2283 2285
3 2284 2285 2287
3 2286 2285 2282
3 2286 2282 2488
3 2285 2286 2289
3 2285 2289 2287
3 2288 2473 2284
3 2288 2284 2287
3 2288 2287 2289
3 2288 2289 2291
3 2290 2289 2286
3 2290 2286 2487
3 2289 2290 2293
3 2289 2293 2291
3 2292 2469 2288
3 2292 2288 2291
3 2292 2291 2293
3 2292 2293 2295
3 2294 2293 2290
3 2294 2290 2486
3 2293 2294 2297
3 2293 2297 2295
3 2296 2468 2292
3 2296 2292 2295
3 2296 2295 2297
3 2296 2297 2299
3 2298 2297 2294
3 2298 2294 2485
3 2297 2298 2301
3 2297 2301 2299
3 2300 2467 2296
3 2300 2296 2299
3 2300 2299 2301
3 2300 2301 2303
3 2302 2301 2298
3 2302 2298 2484
3 2301 2302 2305
3 2301 2305 2303
3 2304 2315 2300
3 2304 2300 2303
3 2304 2303 2305
3 2304 2305 2307
3 2306 2305 2302
3 2306 2302 2483
3 2305 2306 2309
3 2305 2309 2307
3 2308 2313 2304
3 2308 2304 2307
3 2308 2307 2309
3 2308 2309 2311
3 2310 2309 2306
3 2310 2306 2312
3 2309 2310 2163
3 2309 2163 2311
3 2152 2150 2308
3 2152 2308 2311
3 2152 2311 2163
3 2152 2163 2156
3 2310 2312 2170
3 2310 2170 2164
3 2306 2483 2174
3 2306 2174 2312
3 2313 2308 2150
3 2313 2150 2148
3 2315 2304 2313
3 2315 2313 2314
3 2313 2148 2317
3 2313 2317 2314
3 2315 2314 2316
3 2315 2316 2465
3 2317 2318 2316
3 2317 2316 2314
3 2147 2320 2318
3 2147 2318 2317
3 2318 2319 2466
3 2318 2466 2316
3 2319 2318 2320
3 2319 2320 2322
3 2320 2147 2144
3 2320 2144 2321
3 2323 2322 2320
3 2323 2320 2321
3 2323 2326 2324
3 2323 2324 2322
3 2324 2327 2319
3 2324 2319 2322
3 2324 2325 2329
3 2324 2329 2327
3 2325 2324 2326
3 2325 2326 2355
3 2328 2466 2319
3 2328 2319 2327
3 2329 2330 2328
3 2329 2328 2327
3 2331 2334 2330
3 2331 2330 2329
3 2325 2333 2331
3 2325 2331 2329
3 2331 2332 2336
3 2331 2336 2334
3 2332 2331 2333
3 2332 2333 2482
3 2335 2461 2330
3 2335 2330 2334
3 2336 2337 2335
3 2336 2335 2334
3 2338 2339 2337
3 2338 2337 2336
3 2332 2341 2338
3 2332 2338 2336
3 2428 2339 2338
3 2428 2338 2340
3 2338 2341 2343
3 2338 2343 2340
3 2341 2342 2344
3 2341 2344 2343
3 2342 2341 2332
3 2342 2332 2482
3 2343 2344 2348
3 2343 2348 2345
3 2346 2340 2343
3 2346 2343 2345
3 2346 2345 2347
3 2346 2347 2426
3 2348 2349 2347
3 2348 2347 2345
3 2349 2348 2350
3 2349 2350 2351
3 2348 2344 2352
3 2348 2352 2350
3 2352 2353 2128
3 2352 2128 2350
3 2350 2128 2121
3 2350 2121 2351
3 2354 2355 2353
3 2354 2353 2352
3 2344 2342 2354
3 2344 2354 2352
3 2354 2333 2325
3 2354 2325 2355
3 2333 2354 2342
3 2333 2342 2482
3 2326 2129 2353
3 2326 2353 2355
3 2349 2351 2122
3 2349 2122 2356
3 2358 2347 2349
3 2358 2349 2356
3 2356 2122 2119
3 2356 2119 2357
3 2360 2358 2356
3 2360 2356 2357
3 2347 2358 2359
3 2347 2359 2426
3 2359 2358 2360
3 2359 2360 2362
3 2361 2360 2357
3 2361 2357 2481
3 2360 2361 2364
3 2360 2364 2362
3 2363 2424 2359
3 2363 2359 2362
3 2363 2362 2364
3 2363 2364 2366
3 2365 2364 2361
3 2365 2361 2390
3 2364 2365 2368
3 2364 2368 2366
3 2367 2421 2363
3 2367 2363 2366
3 2367 2366 2368
3 2367 2368 2370
3 2368 2365 2386
3 2368 2386 2369
3 2371 2370 2368
3 2371 2368 2369
3 2371 2374 2372
3 2371 2372 2370
3 2372 2373 2367
3 2372 2367 2370
3 2373 2372 1991
3 2373 1991 1989
3 2372 2374 1993
3 2372 1993 1991
3 2374 2375 1995
3 2374 1995 1993
3 2375 2374 2371
3 2375 2371 2376
3 2379 2377 2375
3 2379 2375 2376
3 2375 2377 1997
3 2375 1997 1995
3 2377 2378 2001
3 2377 2001 1997
3 2378 2377 2379
3 2378 2379 2380
3 2379 2381 2382
3 2379 2382 2380
3 2379 2376 2384
3 2379 2384 2381
3 2383 2393 2382
3 2383 2382 2381
3 2384 2385 2383
3 2384 2383 2381
3 2386 2385 2384
3 2386 2384 2369
3 2371 2369 2384
3 2371 2384 2376
3 2383 2385 2387
3 2383 2387 2388
3 2385 2386 2389
3 2385 2389 2387
3 2389 2109 2106
3 2389 2106 2387
3 2387 2106 2103
3 2387 2103 2388
3 2390 2112 2109
3 2390 2109 2389
3 2386 2365 2390
3 2386 2390 2389
3 2361 2481 2112
3 2361 2112 2390
3 2388 2103 2100
3 2388 2100 2391
3 2393 2383 2388
3 2393 2388 2391
3 2391 2100 2097
3 2391 2097 2392
3 2394 2393 2391
3 2394 2391 2392
3 2382 2393 2394
3 2382 2394 2396
3 2395 2394 2392
3 2395 2392 2417
3 2394 2395 2398
3 2394 2398 2396
3 2397 2380 2382
3 2397 2382 2396
3 2397 2396 2398
3 2397 2398 2400
3 2398 2395 2412
3 2398 2412 2399
3 2401 2400 2398
3 2401 2398 2399
3 2401 2404 2402
3 2401 2402 2400
3 2402 2403 2397
3 2402 2397 2400
3 2403 2402 2005
3 2403 2005 2003
3 2402 2404 2007
3 2402 2007 2005
3 2404 2405 2009
3 2404 2009 2007
3 2405 2404 2401
3 2405 2401 2407
3 2013 2009 2405
3 2013 2405 2406
3 2405 2407 2408
3 2405 2408 2406
3 2409 2410 2408
3 2409 2408 2407
3 2401 2399 2409
3 2401 2409 2407
3 2410 2409 2411
3 2410 2411 2414
3 2412 2411 2409
3 2412 2409 2399
3 2411 2412 2416
3 2411 2416 2413
3 2411 2413 2084
3 2411 2084 2414
3 2414 2084 2081
3 2414 2081 2415
3 2029 2410 2414
3 2029 2414 2415
3 2415 2081 2074
3 2415 2074 2030
3 2416 2091 2083
3 2416 2083 2413
3 2417 2094 2091
3 2417 2091 2416
3 2412 2395 2417
3 2412 2417 2416
3 2392 2097 2094
3 2392 2094 2417
3 2408 2410 2029
3 2408 2029 2027
3 2024 2406 2408
3 2024 2408 2027
3 2024 2016 2013
3 2024 2013 2406
3 2397 2403 2378
3 2397 2378 2380
3 2378 2403 2003
3 2378 2003 2001
3 2421 2367 2373
3 2421 2373 2418
3 2373 1989 2419
3 2373 2419 2418
3 2418 2419 2480
3 2418 2480 2420
3 2422 2421 2418
3 2422 2418 2420
3 2363 2421 2422
3 2363 2422 2424
3 2423 2422 2420
3 2423 2420 2433
3 2422 2423 2425
3 2422 2425 2424
3 2425 2426 2359
3 2425 2359 2424
3 2427 2425 2423
3 2427 2423 2429
3 2425 2427 2346
3 2425 2346 2426
3 2346 2427 2428
3 2346 2428 2340
3 2427 2429 2430
3 2427 2430 2428
3 2431 2432 2430
3 2431 2430 2429
3 2423 2433 2431
3 2423 2431 2429
3 2432 2431 2434
3 2432 2434 2437
3 2435 2434 2431
3 2435 2431 2433
3 2434 2435 2478
3 2434 2478 2436
3 2434 2436 2439
3 2434 2439 2437
3 2432 2437 2438
3 2432 2438 2472
3 2439 2440 2438
3 2439 2438 2437
3 2440 2439 2441
3 2440 2441 2444
3 2442 2441 2439
3 2442 2439 2436
3 2443 2441 2442
3 2443 2442 2475
3 2444 2441 2443
3 2444 2443 2445
3 2447 2446 2444
3 2447 2444 2445
3 2449 2440 2444
3 2449 2444 2446
3 2447 2280 2448
3 2447 2448 2446
3 2448 2450 2449
3 2448 2449 2446
3 2451 2438 2440
3 2451 2440 2449
3 2453 2451 2449
3 2453 2449 2450
3 2438 2451 2452
3 2438 2452 2472
3 2455 2452 2451
3 2455 2451 2453
3 2473 2454 2453
3 2473 2453 2450
3 2457 2455 2453
3 2457 2453 2454
3 2452 2455 2456
3 2452 2456 2470
3 2456 2455 2457
3 2456 2457 2459
3 2469 2458 2457
3 2469 2457 2454
3 2460 2459 2457
3 2460 2457 2458
3 2461 2459 2460
3 2461 2460 2462
3 2461 2335 2456
3 2461 2456 2459
3 2328 2330 2461
3 2328 2461 2462
3 2466 2328 2462
3 2466 2462 2463
3 2463 2462 2460
3 2463 2460 2464
3 2467 2465 2463
3 2467 2463 2464
3 2316 2466 2463
3 2316 2463 2465
3 2467 2300 2315
3 2467 2315 2465
3 2468 2296 2467
3 2468 2467 2464
3 2468 2464 2460
3 2468 2460 2458
3 2469 2292 2468
3 2469 2468 2458
3 2473 2288 2469
3 2473 2469 2454
3 2470 2456 2335
3 2470 2335 2337
3 2339 2471 2470
3 2339 2470 2337
3 2471 2472 2452
3 2471 2452 2470
3 2471 2430 2432
3 2471 2432 2472
3 2430 2471 2339
3 2430 2339 2428
3 2448 2284 2473
3 2448 2473 2450
3 2474 2276 2447
3 2474 2447 2445
3 2474 2445 2443
3 2474 2443 2270
3 2267 2270 2443
3 2267 2443 2475
3 2267 2475 2476
3 2267 2476 2265
3 2442 2477 2476
3 2442 2476 2475
3 2477 1986 1983
3 2477 1983 2476
3 2476 1983 1981
3 2476 1981 2265
3 2479 1986 2477
3 2479 2477 2478
3 2478 2477 2442
3 2478 2442 2436
3 2435 2480 2479
3 2435 2479 2478
3 2480 2419 1985
3 2480 1985 2479
3 2420 2480 2435
3 2420 2435 2433
3 2357 2119 2111
3 2357 2111 2481
3 2326 2323 2131
3 2326 2131 2129
3 2133 2131 2323
3 2133 2323 2321
3 2133 2321 2144
3 2133 2144 2137
3 2302 2484 2177
3 2302 2177 2483
3 2298 2485 2180
3 2298 2180 2484
3 2294 2486 2183
3 2294 2183 2485
3 2290 2487 2186
3 2290 2186 2486
3 2286 2488 2189
3 2286 2189 2487
3 2282 2489 2192
3 2282 2192 2488
3 2278 2490 2195
3 2278 2195 2489
3 2274 2203 2198
3 2274 2198 2490
3 2211 2218 1776
3 2211 1776 1774
3 2492 2166 2168
3 2492 2168 2491
3 2492 2491 1704
3 2492 1704 2494
3 2166 2492 2493
3 2166 2493 4454
3 2495 2493 2492
3 2495 2492 2494
3 2495 2494 1700
3 2495 1700 2497
3 2493 2495 2496
3 2493 2496 4455
3 2498 2496 2495
3 2498 2495 2497
3 2498 2497 1696
3 2498 1696 2500
3 2496 2498 2499
3 2496 2499 4456
3 2501 2499 2498
3 2501 2498 2500
3 2501 2500 1692
3 2501 1692 2503
3 2499 2501 2502
3 2499 2502 4458
3 2504 2502 2501
3 2504 2501 2503
3 2504 2503 1688
3 2504 1688 2506
3 2502 2504 2505
3 2502 2505 4460
3 2507 2505 2504
3 2507 2504 2506
3 2507 2506 1684
3 2507 1684 2509
3 2505 2507 2508
3 2505 2508 4462
3 2510 2508 2507
3 2510 2507 2509
3 2510 2509 1680
3 2510 1680 2512
3 2508 2510 2511
3 2508 2511 4464
3 2513 2511 2510
3 2513 2510 2512
3 2513 2512 1676
3 2513 1676 2515
3 2511 2513 2514
3 2511 2514 4466
3 2516 2514 2513
3 2516 2513 2515
3 2516 2515 1672
3 2516 1672 2518
3 2514 2516 2517
3 2514 2517 4468
3 2519 2517 2516
3 2519 2516 2518
3 2519 2518 1668
3 2519 1668 2521
3 2517 2519 2520
3 2517 2520 4470
3 2522 2520 2519
3 2522 2519 2521
3 2522 2521 1663
3 2522 1663 2524
3 2520 2522 2523
3 2520 2523 4472
3 2525 2523 2522
3 2525 2522 2524
3 2525 2524 1664
3 2525 1664 2527
3 2523 2525 2526
3 2523 2526 4474
3 2529 2526 2525
3 2529 2525 2527
3 2527 1664 1661
3 2527 1661 2528
3 2531 2529 2527
3 2531 2527 2528
3 4476 2526 2529
3 4476 2529 2530
3 2530 2529 2531
3 2530 2531 2533
3 2532 2531 2528
3 2532 2528 9490
3 2531 2532 2535
3 2531 2535 2533
3 2534 4044 2530
3 2534 2530 2533
3 2534 2533 2535
3 2534 2535 2536
3 2536 2535 2537
3 2536 2537 2538
3 2537 2535 2532
3 2537 2532 2540
3 2538 2537 2539
3 2538 2539 4478
3 2539 2537 2540
3 2539 2540 2541
3 2532 9490 1654
3 2532 1654 2540
3 2540 1654 1651
3 2540 1651 2541
3 2541 1651 1644
3 2541 1644 2542
3 2543 2539 2541
3 2543 2541 2542
3 2543 2542 1640
3 2543 1640 2545
3 2539 2543 2544
3 2539 2544 4478
3 2546 2544 2543
3 2546 2543 2545
3 2546 2545 1636
3 2546 1636 2548
3 2544 2546 2547
3 2544 2547 4479
3 2549 2547 2546
3 2549 2546 2548
3 2549 2548 1632
3 2549 1632 2551
3 2547 2549 2550
3 2547 2550 4481
3 2552 2550 2549
3 2552 2549 2551
3 2552 2551 1628
3 2552 1628 2554
3 2550 2552 2553
3 2550 2553 4483
3 2555 2553 2552
3 2555 2552 2554
3 2555 2554 1624
3 2555 1624 2557
3 2553 2555 2556
3 2553 2556 4485
3 2558 2556 2555
3 2558 2555 2557
3 2558 2557 1620
3 2558 1620 2560
3 2556 2558 2559
3 2556 2559 4487
3 2561 2559 2558
3 2561 2558 2560
3 2561 2560 1615
3 2561 1615 2563
3 2559 2561 2562
3 2559 2562 4489
3 2564 2562 2561
3 2564 2561 2563
3 2564 2563 1616
3 2564 1616 2566
3 2562 2564 2565
3 2562 2565 4491
3 2568 2565 2564
3 2568 2564 2566
3 2566 1616 1613
3 2566 1613 2567
3 2570 2568 2566
3 2570 2566 2567
3 4493 2565 2568
3 4493 2568 2569
3 2569 2568 2570
3 2569 2570 2572
3 2571 2570 2567
3 2571 2567 9489
3 2570 2571 2574
3 2570 2574 2572
3 2573 4495 2569
3 2573 2569 2572
3 2573 2572 2574
3 2573 2574 2576
3 2575 2574 2571
3 2575 2571 9488
3 2574 2575 2578
3 2574 2578 2576
3 2577 4494 2573
3 2577 2573 2576
3 2577 2576 2578
3 2577 2578 2580
3 2579 2578 2575
3 2579 2575 9487
3 2578 2579 2582
3 2578 2582 2580
3 2581 4498 2577
3 2581 2577 2580
3 2581 2580 2582
3 2581 2582 2584
3 2583 2582 2579
3 2583 2579 2612
3 2582 2583 2585
3 2582 2585 2584
3 2584 2585 2587
3 2584 2587 2586
3 2589 2581 2584
3 2589 2584 2586
3 2586 2587 2601
3 2586 2601 2588
3 2591 2589 2586
3 2591 2586 2588
3 4498 2581 2589
3 4498 2589 2590
3 2590 2589 2591
3 2590 2591 2592
3 2591 2593 2594
3 2591 2594 2592
3 2596 2593 2591
3 2596 2591 2588
3 3981 2594 2593
3 3981 2593 2595
3 2593 2596 2597
3 2593 2597 2595
3 2597 2596 2598
3 2597 2598 2600
3 2596 2588 2601
3 2596 2601 2598
3 2601 2602 2599
3 2601 2599 2598
3 2598 2599 3970
3 2598 3970 2600
3 2602 2601 2587
3 2602 2587 2604
3 2599 2602 2603
3 2599 2603 3971
3 2602 2604 2605
3 2602 2605 2603
3 2606 2607 2605
3 2606 2605 2604
3 2587 2585 2606
3 2587 2606 2604
3 2608 2609 2607
3 2608 2607 2606
3 2585 2583 2608
3 2585 2608 2606
3 2610 2611 2609
3 2610 2609 2608
3 2583 2612 2610
3 2583 2610 2608
3 2611 2610 2613
3 2611 2613 2616
3 2614 2613 2610
3 2614 2610 2612
3 2613 2614 9483
3 2613 9483 2615
3 2613 2615 2618
3 2613 2618 2616
3 2611 2616 2617
3 2611 2617 2681
3 2618 2619 2617
3 2618 2617 2616
3 2619 2618 2620
3 2619 2620 2623
3 2621 2620 2618
3 2621 2618 2615
3 2620 2621 9480
3 2620 9480 2622
3 2620 2622 2625
3 2620 2625 2623
3 2619 2623 2624
3 2619 2624 2678
3 2625 2626 2624
3 2625 2624 2623
3 2626 2625 2627
3 2626 2627 2630
3 2628 2627 2625
3 2628 2625 2622
3 2627 2628 1597
3 2627 1597 2629
3 2627 2629 2632
3 2627 2632 2630
3 2626 2630 2631
3 2626 2631 2677
3 2632 2633 2631
3 2632 2631 2630
3 2633 2632 2634
3 2633 2634 2637
3 2635 2634 2632
3 2635 2632 2629
3 2634 2635 1591
3 2634 1591 2636
3 2634 2636 1582
3 2634 1582 2637
3 2633 2637 2638
3 2633 2638 2640
3 1582 1579 2638
3 1582 2638 2637
3 2639 2638 1579
3 2639 1579 1577
3 2638 2639 2642
3 2638 2642 2640
3 2641 2631 2633
3 2641 2633 2640
3 2641 2640 2642
3 2641 2642 2644
3 2643 2642 2639
3 2643 2639 2824
3 2642 2643 2646
3 2642 2646 2644
3 2645 2675 2641
3 2645 2641 2644
3 2645 2644 2646
3 2645 2646 2648
3 2647 2646 2643
3 2647 2643 2823
3 2646 2647 2650
3 2646 2650 2648
3 2649 2674 2645
3 2649 2645 2648
3 2649 2648 2650
3 2649 2650 2652
3 2651 2650 2647
3 2651 2647 2772
3 2650 2651 2653
3 2650 2653 2652
3 2652 2653 2655
3 2652 2655 2654
3 2657 2649 2652
3 2657 2652 2654
3 2654 2655 2761
3 2654 2761 2656
3 2659 2657 2654
3 2659 2654 2656
3 2674 2649 2657
3 2674 2657 2658
3 2658 2657 2659
3 2658 2659 2660
3 2660 2659 2661
3 2660 2661 2664
3 2662 2661 2659
3 2662 2659 2656
3 2661 2662 2753
3 2661 2753 2663
3 2665 2664 2661
3 2665 2661 2663
3 2665 2668 2666
3 2665 2666 2664
3 2666 2669 2660
3 2666 2660 2664
3 2670 2669 2666
3 2670 2666 2667
3 2667 2666 2668
3 2667 2668 2685
3 2672 2671 2669
3 2672 2669 2670
3 2669 2671 2658
3 2669 2658 2660
3 2671 2672 2676
3 2671 2676 2673
3 2671 2673 2674
3 2671 2674 2658
3 2675 2645 2674
3 2675 2674 2673
3 2676 2677 2675
3 2676 2675 2673
3 2676 2624 2626
3 2676 2626 2677
3 2624 2676 2672
3 2624 2672 2678
3 2631 2641 2675
3 2631 2675 2677
3 2679 2678 2672
3 2679 2672 2670
3 2679 2617 2619
3 2679 2619 2678
3 2617 2679 2680
3 2617 2680 2681
3 2680 2679 2670
3 2680 2670 2667
3 2681 2680 2682
3 2681 2682 2683
3 2682 2680 2667
3 2682 2667 2685
3 2683 2682 2684
3 2683 2684 3976
3 2686 2684 2682
3 2686 2682 2685
3 2686 2685 2668
3 2686 2668 2688
3 2684 2686 2687
3 2684 2687 3975
3 2687 2686 2688
3 2687 2688 2690
3 2668 2665 2689
3 2668 2689 2688
3 2688 2689 2691
3 2688 2691 2690
3 2690 2691 2693
3 2690 2693 2692
3 2695 2687 2690
3 2695 2690 2692
3 2692 2693 2746
3 2692 2746 2694
3 2697 2695 2692
3 2697 2692 2694
3 3975 2687 2695
3 3975 2695 2696
3 2696 2695 2697
3 2696 2697 2698
3 2698 2697 2699
3 2698 2699 2700
3 2699 2697 2694
3 2699 2694 2702
3 2700 2699 2701
3 2700 2701 3977
3 2701 2699 2702
3 2701 2702 2704
3 2694 2746 2703
3 2694 2703 2702
3 2702 2703 2705
3 2702 2705 2704
3 2704 2705 2707
3 2704 2707 2706
3 2709 2701 2704
3 2709 2704 2706
3 2706 2707 2737
3 2706 2737 2708
3 2711 2709 2706
3 2711 2706 2708
3 3977 2701 2709
3 3977 2709 2710
3 2710 2709 2711
3 2710 2711 2713
3 2712 2711 2708
3 2712 2708 9479
3 2711 2712 2715
3 2711 2715 2713
3 2714 3965 2710
3 2714 2710 2713
3 2714 2713 2715
3 2714 2715 2716
3 2716 2715 2717
3 2716 2717 2719
3 2717 2715 2712
3 2717 2712 2720
3 2718 2717 2720
3 2718 2720 2722
3 2717 2718 3950
3 2717 3950 2719
3 2712 9479 2721
3 2712 2721 2720
3 2720 2721 2724
3 2720 2724 2722
3 2718 2722 2723
3 2718 2723 4499
3 2724 2725 2723
3 2724 2723 2722
3 2725 2724 2726
3 2725 2726 2728
3 2724 2721 2729
3 2724 2729 2726
3 2729 2731 2727
3 2729 2727 2726
3 2726 2727 4513
3 2726 4513 2728
3 2729 2730 2733
3 2729 2733 2731
3 2730 2729 2721
3 2730 2721 9479
3 2732 5108 2727
3 2732 2727 2731
3 2733 2734 2732
3 2733 2732 2731
3 2735 2736 2734
3 2735 2734 2733
3 2730 2737 2735
3 2730 2735 2733
3 2738 2739 2736
3 2738 2736 2735
3 2737 2707 2738
3 2737 2738 2735
3 2740 2741 2739
3 2740 2739 2738
3 2707 2705 2740
3 2707 2740 2738
3 2742 2743 2741
3 2742 2741 2740
3 2705 2703 2742
3 2705 2742 2740
3 2744 2745 2743
3 2744 2743 2742
3 2703 2746 2744
3 2703 2744 2742
3 2747 2748 2745
3 2747 2745 2744
3 2746 2693 2747
3 2746 2747 2744
3 2749 2750 2748
3 2749 2748 2747
3 2693 2691 2749
3 2693 2749 2747
3 2751 2752 2750
3 2751 2750 2749
3 2691 2689 2751
3 2691 2751 2749
3 2663 2753 2752
3 2663 2752 2751
3 2689 2665 2663
3 2689 2663 2751
3 2750 2752 2754
3 2750 2754 2756
3 2752 2753 2757
3 2752 2757 2754
3 2757 2758 2755
3 2757 2755 2754
3 2754 2755 5087
3 2754 5087 2756
3 2759 2760 2758
3 2759 2758 2757
3 2753 2662 2759
3 2753 2759 2757
3 2761 2762 2760
3 2761 2760 2759
3 2662 2656 2761
3 2662 2761 2759
3 2762 2761 2655
3 2762 2655 2764
3 2760 2762 2763
3 2760 2763 5092
3 2762 2764 2765
3 2762 2765 2763
3 2766 2767 2765
3 2766 2765 2764
3 2655 2653 2766
3 2655 2766 2764
3 2768 2769 2767
3 2768 2767 2766
3 2653 2651 2768
3 2653 2768 2766
3 2770 2771 2769
3 2770 2769 2768
3 2651 2772 2770
3 2651 2770 2768
3 2771 2770 2773
3 2771 2773 2776
3 2774 2773 2770
3 2774 2770 2772
3 2773 2774 2822
3 2773 2822 2775
3 2773 2775 2778
3 2773 2778 2776
3 2771 2776 2777
3 2771 2777 2866
3 2778 2779 2777
3 2778 2777 2776
3 2779 2778 2780
3 2779 2780 2783
3 2781 2780 2778
3 2781 2778 2775
3 2780 2781 2814
3 2780 2814 2782
3 2780 2782 2785
3 2780 2785 2783
3 2779 2783 2784
3 2779 2784 2863
3 2785 2786 2784
3 2785 2784 2783
3 2786 2785 2787
3 2786 2787 2790
3 2788 2787 2785
3 2788 2785 2782
3 2787 2788 2800
3 2787 2800 2789
3 2787 2789 2792
3 2787 2792 2790
3 2786 2790 2791
3 2786 2791 2862
3 2792 2793 2791
3 2792 2791 2790
3 2796 2793 2792
3 2796 2792 2794
3 2795 2794 2792
3 2795 2792 2789
3 2795 2797 1534
3 2795 1534 2794
3 1534 1530 2796
3 1534 2796 2794
3 2793 2796 1529
3 2793 1529 2826
3 2797 2795 2798
3 2797 2798 2801
3 2800 2798 2795
3 2800 2795 2789
3 2802 2801 2798
3 2802 2798 2799
3 2799 2798 2800
3 2799 2800 2812
3 2802 2803 1540
3 2802 1540 2801
3 1540 1535 2797
3 1540 2797 2801
3 2803 2802 2804
3 2803 2804 2807
3 2806 2804 2802
3 2806 2802 2799
3 1556 2807 2804
3 1556 2804 2805
3 2805 2804 2806
3 2805 2806 2808
3 1552 1541 2803
3 1552 2803 2807
3 2808 2806 2809
3 2808 2809 2810
3 2809 2806 2799
3 2809 2799 2812
3 2810 2809 2811
3 2810 2811 2819
3 2811 2809 2812
3 2811 2812 2813
3 2812 2800 2788
3 2812 2788 2813
3 2814 2815 2811
3 2814 2811 2813
3 2814 2813 2788
3 2814 2788 2782
3 2815 2814 2781
3 2815 2781 2816
3 2818 2817 2815
3 2818 2815 2816
3 2819 2811 2815
3 2819 2815 2817
3 2818 2820 1576
3 2818 1576 2817
3 1576 1574 2819
3 1576 2819 2817
3 1574 1572 2810
3 1574 2810 2819
3 2820 2818 2821
3 2820 2821 2824
3 2822 2821 2818
3 2822 2818 2816
3 2821 2822 2774
3 2821 2774 2823
3 2643 2824 2821
3 2643 2821 2823
3 2639 1577 2820
3 2639 2820 2824
3 2647 2823 2774
3 2647 2774 2772
3 2822 2816 2781
3 2822 2781 2775
3 1572 2825 2808
3 1572 2808 2810
3 2825 1560 2805
3 2825 2805 2808
3 2827 2791 2793
3 2827 2793 2826
3 2827 2826 2828
3 2827 2828 2829
3 1529 1525 2828
3 1529 2828 2826
3 2828 1524 2831
3 2828 2831 2829
3 2830 2860 2827
3 2830 2827 2829
3 2830 2829 2831
3 2830 2831 2833
3 2832 2831 1524
3 2832 1524 1520
3 2831 2832 2835
3 2831 2835 2833
3 2834 2859 2830
3 2834 2830 2833
3 2834 2833 2835
3 2834 2835 2837
3 2836 2835 2832
3 2836 2832 1519
3 2835 2836 2838
3 2835 2838 2837
3 2837 2838 2840
3 2837 2840 2839
3 2842 2834 2837
3 2842 2837 2839
3 2839 2840 2989
3 2839 2989 2841
3 2844 2842 2839
3 2844 2839 2841
3 2859 2834 2842
3 2859 2842 2843
3 2843 2842 2844
3 2843 2844 2845
3 2845 2844 2846
3 2845 2846 2849
3 2847 2846 2844
3 2847 2844 2841
3 2846 2847 2981
3 2846 2981 2848
3 2850 2849 2846
3 2850 2846 2848
3 2850 2853 2851
3 2850 2851 2849
3 2851 2854 2845
3 2851 2845 2849
3 2855 2854 2851
3 2855 2851 2852
3 2852 2851 2853
3 2852 2853 2870
3 2857 2856 2854
3 2857 2854 2855
3 2854 2856 2843
3 2854 2843 2845
3 2856 2857 2861
3 2856 2861 2858
3 2856 2858 2859
3 2856 2859 2843
3 2860 2830 2859
3 2860 2859 2858
3 2861 2862 2860
3 2861 2860 2858
3 2861 2784 2786
3 2861 2786 2862
3 2784 2861 2857
3 2784 2857 2863
3 2791 2827 2860
3 2791 2860 2862
3 2864 2863 2857
3 2864 2857 2855
3 2864 2777 2779
3 2864 2779 2863
3 2777 2864 2865
3 2777 2865 2866
3 2865 2864 2855
3 2865 2855 2852
3 2866 2865 2867
3 2866 2867 2868
3 2867 2865 2852
3 2867 2852 2870
3 2868 2867 2869
3 2868 2869 5097
3 2871 2869 2867
3 2871 2867 2870
3 2871 2870 2853
3 2871 2853 2873
3 2869 2871 2872
3 2869 2872 5096
3 2872 2871 2873
3 2872 2873 2875
3 2853 2850 2874
3 2853 2874 2873
3 2873 2874 2876
3 2873 2876 2875
3 2875 2876 2878
3 2875 2878 2877
3 2880 2872 2875
3 2880 2875 2877
3 2877 2878 2974
3 2877 2974 2879
3 2882 2880 2877
3 2882 2877 2879
3 5096 2872 2880
3 5096 2880 2881
3 2881 2880 2882
3 2881 2882 2883
3 2883 2882 2884
3 2883 2884 2885
3 2884 2882 2879
3 2884 2879 2887
3 2885 2884 2886
3 2885 2886 5098
3 2886 2884 2887
3 2886 2887 2889
3 2879 2974 2888
3 2879 2888 2887
3 2887 2888 2890
3 2887 2890 2889
3 2889 2890 2892
3 2889 2892 2891
3 2894 2886 2889
3 2894 2889 2891
3 2891 2892 2965
3 2891 2965 2893
3 2896 2894 2891
3 2896 2891 2893
3 5098 2886 2894
3 5098 2894 2895
3 2895 2894 2896
3 2895 2896 2897
3 2897 2896 2898
3 2897 2898 2899
3 2898 2896 2893
3 2898 2893 2901
3 2899 2898 2900
3 2899 2900 5123
3 2900 2898 2901
3 2900 2901 2903
3 2893 2965 2902
3 2893 2902 2901
3 2901 2902 2904
3 2901 2904 2903
3 2903 2904 2906
3 2903 2906 2905
3 2908 2900 2903
3 2908 2903 2905
3 2905 2906 2956
3 2905 2956 2907
3 2910 2908 2905
3 2910 2905 2907
3 5123 2900 2908
3 5123 2908 2909
3 2909 2908 2910
3 2909 2910 2911
3 2911 2910 2912
3 2911 2912 2913
3 2912 2910 2907
3 2912 2907 2915
3 2913 2912 2914
3 2913 2914 5124
3 2914 2912 2915
3 2914 2915 2917
3 2907 2956 2916
3 2907 2916 2915
3 2915 2916 2918
3 2915 2918 2917
3 2917 2918 2920
3 2917 2920 2919
3 2922 2914 2917
3 2922 2917 2919
3 2919 2920 2947
3 2919 2947 2921
3 2924 2922 2919
3 2924 2919 2921
3 5124 2914 2922
3 5124 2922 2923
3 2923 2922 2924
3 2923 2924 2925
3 2925 2924 2926
3 2925 2926 2927
3 2926 2924 2921
3 2926 2921 2929
3 2927 2926 2928
3 2927 2928 5050
3 2928 2926 2929
3 2928 2929 2931
3 2921 2947 2930
3 2921 2930 2929
3 2929 2930 2932
3 2929 2932 2931
3 2931 2932 2936
3 2931 2936 2933
3 2934 2928 2931
3 2934 2931 2933
3 2934 2933 2935
3 2934 2935 5045
3 2936 2937 2935
3 2936 2935 2933
3 2937 2936 2938
3 2937 2938 2940
3 2936 2932 2941
3 2936 2941 2938
3 2941 2942 2939
3 2941 2939 2938
3 2938 2939 5016
3 2938 5016 2940
3 2943 2944 2942
3 2943 2942 2941
3 2932 2930 2943
3 2932 2943 2941
3 2945 2946 2944
3 2945 2944 2943
3 2930 2947 2945
3 2930 2945 2943
3 2948 2949 2946
3 2948 2946 2945
3 2947 2920 2948
3 2947 2948 2945
3 2950 2951 2949
3 2950 2949 2948
3 2920 2918 2950
3 2920 2950 2948
3 2952 2953 2951
3 2952 2951 2950
3 2918 2916 2952
3 2918 2952 2950
3 2954 2955 2953
3 2954 2953 2952
3 2916 2956 2954
3 2916 2954 2952
3 2957 2958 2955
3 2957 2955 2954
3 2956 2906 2957
3 2956 2957 2954
3 2959 2960 2958
3 2959 2958 2957
3 2906 2904 2959
3 2906 2959 2957
3 2961 2962 2960
3 2961 2960 2959
3 2904 2902 2961
3 2904 2961 2959
3 2963 2964 2962
3 2963 2962 2961
3 2902 2965 2963
3 2902 2963 2961
3 2966 2967 2964
3 2966 2964 2963
3 2965 2892 2966
3 2965 2966 2963
3 2968 2969 2967
3 2968 2967 2966
3 2892 2890 2968
3 2892 2968 2966
3 2970 2971 2969
3 2970 2969 2968
3 2890 2888 2970
3 2890 2970 2968
3 2972 2973 2971
3 2972 2971 2970
3 2888 2974 2972
3 2888 2972 2970
3 2975 2976 2973
3 2975 2973 2972
3 2974 2878 2975
3 2974 2975 2972
3 2977 2978 2976
3 2977 2976 2975
3 2878 2876 2977
3 2878 2977 2975
3 2979 2980 2978
3 2979 2978 2977
3 2876 2874 2979
3 2876 2979 2977
3 2848 2981 2980
3 2848 2980 2979
3 2874 2850 2848
3 2874 2848 2979
3 2978 2980 2982
3 2978 2982 2984
3 2980 2981 2985
3 2980 2985 2982
3 2985 2986 2983
3 2985 2983 2982
3 2982 2983 3003
3 2982 3003 2984
3 2987 2988 2986
3 2987 2986 2985
3 2981 2847 2987
3 2981 2987 2985
3 2989 2990 2988
3 2989 2988 2987
3 2847 2841 2989
3 2847 2989 2987
3 2990 2989 2840
3 2990 2840 2992
3 2988 2990 2991
3 2988 2991 2994
3 2990 2992 1511
3 2990 1511 2991
3 2840 2838 1510
3 2840 1510 2992
3 1511 1508 2993
3 1511 2993 2991
3 2991 2993 2995
3 2991 2995 2994
3 2994 2995 2997
3 2994 2997 2996
3 2986 2988 2994
3 2986 2994 2996
3 2996 2997 2999
3 2996 2999 2998
3 2983 2986 2996
3 2983 2996 2998
3 2998 2999 3001
3 2998 3001 3000
3 3003 2983 2998
3 3003 2998 3000
3 3000 3001 3119
3 3000 3119 3002
3 3004 3003 3000
3 3004 3000 3002
3 2984 3003 3004
3 2984 3004 3005
3 3005 3004 3006
3 3005 3006 3007
3 3006 3004 3002
3 3006 3002 3009
3 3007 3006 3008
3 3007 3008 9478
3 3008 3006 3009
3 3008 3009 3011
3 3002 3119 3010
3 3002 3010 3009
3 3009 3010 3012
3 3009 3012 3011
3 3011 3012 3014
3 3011 3014 3013
3 3016 3008 3011
3 3016 3011 3013
3 3013 3014 3110
3 3013 3110 3015
3 3018 3016 3013
3 3018 3013 3015
3 9478 3008 3016
3 9478 3016 3017
3 3017 3016 3018
3 3017 3018 3019
3 3019 3018 3020
3 3019 3020 3021
3 3020 3018 3015
3 3020 3015 3023
3 3021 3020 3022
3 3021 3022 9477
3 3022 3020 3023
3 3022 3023 3025
3 3015 3110 3024
3 3015 3024 3023
3 3023 3024 3026
3 3023 3026 3025
3 3025 3026 3028
3 3025 3028 3027
3 3030 3022 3025
3 3030 3025 3027
3 3027 3028 3101
3 3027 3101 3029
3 3032 3030 3027
3 3032 3027 3029
3 9477 3022 3030
3 9477 3030 3031
3 3031 3030 3032
3 3031 3032 3033
3 3033 3032 3034
3 3033 3034 3035
3 3034 3032 3029
3 3034 3029 3037
3 3035 3034 3036
3 3035 3036 9476
3 3036 3034 3037
3 3036 3037 3039
3 3029 3101 3038
3 3029 3038 3037
3 3037 3038 3040
3 3037 3040 3039
3 3039 3040 3042
3 3039 3042 3041
3 3044 3036 3039
3 3044 3039 3041
3 3041 3042 3092
3 3041 3092 3043
3 3046 3044 3041
3 3046 3041 3043
3 9476 3036 3044
3 9476 3044 3045
3 3045 3044 3046
3 3045 3046 3047
3 3047 3046 3048
3 3047 3048 3049
3 3048 3046 3043
3 3048 3043 3051
3 3049 3048 3050
3 3049 3050 9475
3 3050 3048 3051
3 3050 3051 3053
3 3043 3092 3052
3 3043 3052 3051
3 3051 3052 3054
3 3051 3054 3053
3 3053 3054 3056
3 3053 3056 3055
3 3058 3050 3053
3 3058 3053 3055
3 3055 3056 3083
3 3055 3083 3057
3 3060 3058 3055
3 3060 3055 3057
3 9475 3050 3058
3 9475 3058 3059
3 3059 3058 3060
3 3059 3060 3061
3 3061 3060 3062
3 3061 3062 3063
3 3062 3060 3057
3 3062 3057 3065
3 3063 3062 3064
3 3063 3064 5014
3 3064 3062 3065
3 3064 3065 3067
3 3057 3083 3066
3 3057 3066 3065
3 3065 3066 3068
3 3065 3068 3067
3 3067 3068 3072
3 3067 3072 3069
3 3070 3064 3067
3 3070 3067 3069
3 3070 3069 3071
3 3070 3071 5009
3 3072 3073 3071
3 3072 3071 3069
3 3073 3072 3074
3 3073 3074 3076
3 3072 3068 3077
3 3072 3077 3074
3 3077 3078 3075
3 3077 3075 3074
3 3074 3075 4942
3 3074 4942 3076
3 3079 3080 3078
3 3079 3078 3077
3 3068 3066 3079
3 3068 3079 3077
3 3081 3082 3080
3 3081 3080 3079
3 3066 3083 3081
3 3066 3081 3079
3 3084 3085 3082
3 3084 3082 3081
3 3083 3056 3084
3 3083 3084 3081
3 3086 3087 3085
3 3086 3085 3084
3 3056 3054 3086
3 3056 3086 3084
3 3088 3089 3087
3 3088 3087 3086
3 3054 3052 3088
3 3054 3088 3086
3 3090 3091 3089
3 3090 3089 3088
3 3052 3092 3090
3 3052 3090 3088
3 3093 3094 3091
3 3093 3091 3090
3 3092 3042 3093
3 3092 3093 3090
3 3095 3096 3094
3 3095 3094 3093
3 3042 3040 3095
3 3042 3095 3093
3 3097 3098 3096
3 3097 3096 3095
3 3040 3038 3097
3 3040 3097 3095
3 3099 3100 3098
3 3099 3098 3097
3 3038 3101 3099
3 3038 3099 3097
3 3102 3103 3100
3 3102 3100 3099
3 3101 3028 3102
3 3101 3102 3099
3 3104 3105 3103
3 3104 3103 3102
3 3028 3026 3104
3 3028 3104 3102
3 3106 3107 3105
3 3106 3105 3104
3 3026 3024 3106
3 3026 3106 3104
3 3108 3109 3107
3 3108 3107 3106
3 3024 3110 3108
3 3024 3108 3106
3 3111 3112 3109
3 3111 3109 3108
3 3110 3014 3111
3 3110 3111 3108
3 3113 3114 3112
3 3113 3112 3111
3 3014 3012 3113
3 3014 3113 3111
3 3115 3116 3114
3 3115 3114 3113
3 3012 3010 3115
3 3012 3115 3113
3 3117 3118 3116
3 3117 3116 3115
3 3010 3119 3117
3 3010 3117 3115
3 3120 3121 3118
3 3120 3118 3117
3 3119 3001 3120
3 3119 3120 3117
3 3122 3123 3121
3 3122 3121 3120
3 3001 2999 3122
3 3001 3122 3120
3 3124 3125 3123
3 3124 3123 3122
3 2999 2997 3124
3 2999 3124 3122
3 3126 3127 3125
3 3126 3125 3124
3 2997 2995 3126
3 2997 3126 3124
3 3128 3129 3127
3 3128 3127 3126
3 2995 2993 3128
3 2995 3128 3126
3 1506 3130 3129
3 1506 3129 3128
3 2993 1508 1506
3 2993 1506 3128
3 3127 3129 3131
3 3127 3131 3133
3 3129 3130 3134
3 3129 3134 3131
3 3134 3135 3132
3 3134 3132 3131
3 3131 3132 4994
3 3131 4994 3133
3 3136 3137 3135
3 3136 3135 3134
3 3130 1505 3136
3 3130 3136 3134
3 3138 3139 3137
3 3138 3137 3136
3 1505 1499 3138
3 1505 3138 3136
3 3139 3138 1498
3 3139 1498 3141
3 3137 3139 3140
3 3137 3140 3154
3 3139 3141 3142
3 3139 3142 3140
3 3143 3144 3142
3 3143 3142 3141
3 1498 1496 3143
3 1498 3143 3141
3 3143 975 977
3 3143 977 3144
3 975 3143 1496
3 975 1496 1494
3 982 3145 3142
3 982 3142 3144
3 3142 3145 3146
3 3142 3146 3140
3 3146 3145 3147
3 3146 3147 3148
3 3145 982 984
3 3145 984 3147
3 3147 989 3149
3 3147 3149 3148
3 3148 3149 3151
3 3148 3151 3150
3 3153 3146 3148
3 3153 3148 3150
3 3150 3151 3351
3 3150 3351 3152
3 3155 3153 3150
3 3155 3150 3152
3 3140 3146 3153
3 3140 3153 3154
3 3154 3153 3155
3 3154 3155 3156
3 3156 3155 3157
3 3156 3157 3158
3 3157 3155 3152
3 3157 3152 3160
3 3158 3157 3159
3 3158 3159 4995
3 3159 3157 3160
3 3159 3160 3162
3 3152 3351 3161
3 3152 3161 3160
3 3160 3161 3163
3 3160 3163 3162
3 3162 3163 3165
3 3162 3165 3164
3 3167 3159 3162
3 3167 3162 3164
3 3164 3165 3342
3 3164 3342 3166
3 3169 3167 3164
3 3169 3164 3166
3 4995 3159 3167
3 4995 3167 3168
3 3168 3167 3169
3 3168 3169 3170
3 3170 3169 3171
3 3170 3171 3172
3 3171 3169 3166
3 3171 3166 3174
3 3172 3171 3173
3 3172 3173 4996
3 3173 3171 3174
3 3173 3174 3176
3 3166 3342 3175
3 3166 3175 3174
3 3174 3175 3177
3 3174 3177 3176
3 3176 3177 3179
3 3176 3179 3178
3 3181 3173 3176
3 3181 3176 3178
3 3178 3179 3333
3 3178 3333 3180
3 3183 3181 3178
3 3183 3178 3180
3 4996 3173 3181
3 4996 3181 3182
3 3182 3181 3183
3 3182 3183 3184
3 3184 3183 3185
3 3184 3185 3186
3 3185 3183 3180
3 3185 3180 3188
3 3186 3185 3187
3 3186 3187 4997
3 3187 3185 3188
3 3187 3188 3190
3 3180 3333 3189
3 3180 3189 3188
3 3188 3189 3191
3 3188 3191 3190
3 3190 3191 3193
3 3190 3193 3192
3 3195 3187 3190
3 3195 3190 3192
3 3192 3193 3324
3 3192 3324 3194
3 3197 3195 3192
3 3197 3192 3194
3 4997 3187 3195
3 4997 3195 3196
3 3196 3195 3197
3 3196 3197 3198
3 3198 3197 3199
3 3198 3199 3200
3 3199 3197 3194
3 3199 3194 3202
3 3200 3199 3201
3 3200 3201 4998
3 3201 3199 3202
3 3201 3202 3204
3 3194 3324 3203
3 3194 3203 3202
3 3202 3203 3205
3 3202 3205 3204
3 3204 3205 3207
3 3204 3207 3206
3 3209 3201 3204
3 3209 3204 3206
3 3206 3207 3315
3 3206 3315 3208
3 3211 3209 3206
3 3211 3206 3208
3 4998 3201 3209
3 4998 3209 3210
3 3210 3209 3211
3 3210 3211 3212
3 3212 3211 3213
3 3212 3213 3214
3 3213 3211 3208
3 3213 3208 3216
3 3214 3213 3215
3 3214 3215 4999
3 3215 3213 3216
3 3215 3216 3218
3 3208 3315 3217
3 3208 3217 3216
3 3216 3217 3219
3 3216 3219 3218
3 3218 3219 3221
3 3218 3221 3220
3 3223 3215 3218
3 3223 3218 3220
3 3220 3221 3306
3 3220 3306 3222
3 3225 3223 3220
3 3225 3220 3222
3 4999 3215 3223
3 4999 3223 3224
3 3224 3223 3225
3 3224 3225 3226
3 3226 3225 3227
3 3226 3227 3228
3 3227 3225 3222
3 3227 3222 3230
3 3228 3227 3229
3 3228 3229 5000
3 3229 3227 3230
3 3229 3230 3232
3 3222 3306 3231
3 3222 3231 3230
3 3230 3231 3233
3 3230 3233 3232
3 3232 3233 3235
3 3232 3235 3234
3 3237 3229 3232
3 3237 3232 3234
3 3234 3235 3297
3 3234 3297 3236
3 3239 3237 3234
3 3239 3234 3236
3 5000 3229 3237
3 5000 3237 3238
3 3238 3237 3239
3 3238 3239 3240
3 3240 3239 3241
3 3240 3241 3242
3 3241 3239 3236
3 3241 3236 3244
3 3242 3241 3243
3 3242 3243 5001
3 3243 3241 3244
3 3243 3244 3246
3 3236 3297 3245
3 3236 3245 3244
3 3244 3245 3247
3 3244 3247 3246
3 3246 3247 3249
3 3246 3249 3248
3 3251 3243 3246
3 3251 3246 3248
3 3248 3249 3289
3 3248 3289 3250
3 3253 3251 3248
3 3253 3248 3250
3 5001 3243 3251
3 5001 3251 3252
3 3252 3251 3253
3 3252 3253 3255
3 3254 3253 3250
3 3254 3250 9474
3 3253 3254 3257
3 3253 3257 3255
3 3256 4945 3252
3 3256 3252 3255
3 3256 3255 3257
3 3256 3257 3258
3 3258 3257 3259
3 3258 3259 3261
3 3259 3257 3254
3 3259 3254 3262
3 3260 3259 3262
3 3260 3262 3264
3 3259 3260 4930
3 3259 4930 3261
3 3254 9474 3263
3 3254 3263 3262
3 3262 3263 3266
3 3262 3266 3264
3 3260 3264 3265
3 3260 3265 5126
3 3266 3267 3265
3 3266 3265 3264
3 3268 3271 3267
3 3268 3267 3266
3 3268 3266 3263
3 3268 3263 3270
3 3269 3273 3271
3 3269 3271 3268
3 3270 3281 3269
3 3270 3269 3268
3 5131 3267 3271
3 5131 3271 3272
3 3272 3271 3273
3 3272 3273 3274
3 3275 3276 3274
3 3275 3274 3273
3 3278 3275 3273
3 3278 3273 3269
3 9439 3276 3275
3 9439 3275 3277
3 3277 3275 3278
3 3277 3278 3279
3 3278 3280 3282
3 3278 3282 3279
3 3278 3269 3281
3 3278 3281 3280
3 3280 3281 3286
3 3280 3286 3283
3 3280 3283 3284
3 3280 3284 3282
3 9402 3284 3283
3 9402 3283 3285
3 3286 3288 3285
3 3286 3285 3283
3 3286 3281 3270
3 3286 3270 3287
3 3286 3287 3289
3 3286 3289 3288
3 3288 3289 3249
3 3288 3249 3290
3 3288 3290 3291
3 3288 3291 3285
3 3290 3249 3247
3 3290 3247 3292
3 3290 3292 3293
3 3290 3293 3291
3 3292 3247 3245
3 3292 3245 3294
3 3292 3294 3295
3 3292 3295 3293
3 3294 3245 3297
3 3294 3297 3296
3 3294 3296 3298
3 3294 3298 3295
3 3296 3297 3235
3 3296 3235 3299
3 3296 3299 3300
3 3296 3300 3298
3 3299 3235 3233
3 3299 3233 3301
3 3299 3301 3302
3 3299 3302 3300
3 3301 3233 3231
3 3301 3231 3303
3 3301 3303 3304
3 3301 3304 3302
3 3303 3231 3306
3 3303 3306 3305
3 3303 3305 3307
3 3303 3307 3304
3 3305 3306 3221
3 3305 3221 3308
3 3305 3308 3309
3 3305 3309 3307
3 3308 3221 3219
3 3308 3219 3310
3 3308 3310 3311
3 3308 3311 3309
3 3310 3219 3217
3 3310 3217 3312
3 3310 3312 3313
3 3310 3313 3311
3 3312 3217 3315
3 3312 3315 3314
3 3312 3314 3316
3 3312 3316 3313
3 3314 3315 3207
3 3314 3207 3317
3 3314 3317 3318
3 3314 3318 3316
3 3317 3207 3205
3 3317 3205 3319
3 3317 3319 3320
3 3317 3320 3318
3 3319 3205 3203
3 3319 3203 3321
3 3319 3321 3322
3 3319 3322 3320
3 3321 3203 3324
3 3321 3324 3323
3 3321 3323 3325
3 3321 3325 3322
3 3323 3324 3193
3 3323 3193 3326
3 3323 3326 3327
3 3323 3327 3325
3 3326 3193 3191
3 3326 3191 3328
3 3326 3328 3329
3 3326 3329 3327
3 3328 3191 3189
3 3328 3189 3330
3 3328 3330 3331
3 3328 3331 3329
3 3330 3189 3333
3 3330 3333 3332
3 3330 3332 3334
3 3330 3334 3331
3 3332 3333 3179
3 3332 3179 3335
3 3332 3335 3336
3 3332 3336 3334
3 3335 3179 3177
3 3335 3177 3337
3 3335 3337 3338
3 3335 3338 3336
3 3337 3177 3175
3 3337 3175 3339
3 3337 3339 3340
3 3337 3340 3338
3 3339 3175 3342
3 3339 3342 3341
3 3339 3341 3343
3 3339 3343 3340
3 3341 3342 3165
3 3341 3165 3344
3 3341 3344 3345
3 3341 3345 3343
3 3344 3165 3163
3 3344 3163 3346
3 3344 3346 3347
3 3344 3347 3345
3 3346 3163 3161
3 3346 3161 3348
3 3346 3348 3349
3 3346 3349 3347
3 3348 3161 3351
3 3348 3351 3350
3 3348 3350 3352
3 3348 3352 3349
3 3350 3351 3151
3 3350 3151 3353
3 3350 3353 3354
3 3350 3354 3352
3 3353 3151 3149
3 3353 3149 993
3 3353 993 995
3 3353 995 3354
3 3356 3352 3354
3 3356 3354 3355
3 3355 3354 995
3 3355 995 997
3 3356 3355 3357
3 3356 3357 3358
3 3355 997 3360
3 3355 3360 3357
3 5304 3358 3357
3 5304 3357 3359
3 3359 3357 3360
3 3359 3360 3361
3 998 3363 3361
3 998 3361 3360
3 3359 3361 3362
3 3359 3362 5307
3 3362 3361 3363
3 3362 3363 3364
3 3364 3363 3365
3 3364 3365 3366
3 998 1000 3365
3 998 3365 3363
3 3366 3365 3367
3 3366 3367 3368
3 3367 3365 1000
3 3367 1000 1002
3 3367 3369 3370
3 3367 3370 3368
3 3367 1002 3372
3 3367 3372 3369
3 9470 3370 3369
3 9470 3369 3371
3 3372 3373 3371
3 3372 3371 3369
3 3372 1003 3375
3 3372 3375 3373
3 9471 3371 3373
3 9471 3373 3374
3 3375 3376 3374
3 3375 3374 3373
3 3375 1006 1012
3 3375 1012 3376
3 3376 1012 1014
3 3376 1014 3377
3 3376 3377 3378
3 3376 3378 3374
3 3377 1014 3382
3 3377 3382 3379
3 3377 3379 3380
3 3377 3380 3378
3 3399 3380 3379
3 3399 3379 3381
3 3382 3383 3381
3 3382 3381 3379
3 3382 1015 3384
3 3382 3384 3383
3 3383 3384 3386
3 3383 3386 3385
3 3383 3385 3387
3 3383 3387 3381
3 3385 3386 3391
3 3385 3391 3388
3 3385 3388 3389
3 3385 3389 3387
3 3392 3389 3388
3 3392 3388 3390
3 3391 1044 3390
3 3391 3390 3388
3 3391 3386 9472
3 3391 9472 1040
3 3392 3390 3393
3 3392 3393 3394
3 3393 3390 1044
3 3393 1044 1046
3 3393 3395 1075
3 3393 1075 3394
3 3393 1046 1048
3 3393 1048 3395
3 1048 9499 1072
3 1048 1072 3395
3 3392 3394 1078
3 3392 1078 3396
3 3397 3389 3392
3 3397 3392 3396
3 3397 3396 1081
3 3397 1081 1085
3 3398 3387 3389
3 3398 3389 3397
3 3398 3397 1085
3 3398 1085 3400
3 3399 3381 3387
3 3399 3387 3398
3 3399 3398 3400
3 3399 3400 3401
3 1086 1090 3401
3 1086 3401 3400
3 3402 3401 1090
3 3402 1090 3404
3 3402 3380 3399
3 3402 3399 3401
3 3403 3378 3380
3 3403 3380 3402
3 3403 3402 3404
3 3403 3404 3405
3 3407 3405 3404
3 3407 3404 1091
3 9471 3403 3405
3 9471 3405 3406
3 3407 3408 3406
3 3407 3406 3405
3 3410 3408 3407
3 3410 3407 1094
3 9470 3406 3408
3 9470 3408 3409
3 3410 3411 3409
3 3410 3409 3408
3 3413 3411 3410
3 3413 3410 1097
3 5318 3409 3411
3 5318 3411 3412
3 3413 3414 3412
3 3413 3412 3411
3 3416 3414 3413
3 3416 3413 3415
3 3413 1097 1099
3 3413 1099 3415
3 3416 3415 1102
3 3416 1102 3418
3 3416 3417 5319
3 3416 5319 3414
3 3419 3417 3416
3 3419 3416 3418
3 3419 3418 1105
3 3419 1105 3421
3 3419 3420 5322
3 3419 5322 3417
3 3422 3420 3419
3 3422 3419 3421
3 3422 3421 1108
3 3422 1108 3424
3 5325 3420 3422
3 5325 3422 3423
3 3422 3424 3425
3 3422 3425 3423
3 3427 3425 3424
3 3427 3424 1111
3 3426 5328 3423
3 3426 3423 3425
3 3426 3425 3427
3 3426 3427 3428
3 3427 1114 3430
3 3427 3430 3428
3 3426 3428 3429
3 3426 3429 5331
3 3431 3429 3428
3 3431 3428 3430
3 3431 3430 1117
3 3431 1117 3433
3 3434 3429 3431
3 3434 3431 3432
3 3431 3433 1128
3 3431 1128 3432
3 3436 3434 3432
3 3436 3432 1131
3 3434 3435 5331
3 3434 5331 3429
3 3436 3437 3435
3 3436 3435 3434
3 3438 3439 3437
3 3438 3437 3436
3 3438 3436 1131
3 3438 1131 1133
3 3441 3439 3438
3 3441 3438 3440
3 3438 1133 1135
3 3438 1135 3440
3 3443 3441 3440
3 3443 3440 1139
3 3441 3442 5335
3 3441 5335 3439
3 3443 3444 3442
3 3443 3442 3441
3 3445 3446 3444
3 3445 3444 3443
3 3445 3443 1139
3 3445 1139 1141
3 3447 3448 3446
3 3447 3446 3445
3 3447 3445 1141
3 3447 1141 1143
3 3449 3450 3448
3 3449 3448 3447
3 3449 3447 1143
3 3449 1143 3452
3 3451 5351 3450
3 3451 3450 3449
3 3451 3449 3452
3 3451 3452 3453
3 3455 3453 3452
3 3455 3452 1144
3 5354 3451 3453
3 5354 3453 3454
3 3456 3454 3453
3 3456 3453 3455
3 3456 3455 3457
3 3456 3457 3458
3 3455 1144 1146
3 3455 1146 3457
3 3460 3458 3457
3 3460 3457 3459
3 3459 3457 1146
3 3459 1146 1148
3 3460 3459 3461
3 3460 3461 3462
3 3459 1148 1151
3 3459 1151 3461
3 3464 3462 3461
3 3464 3461 3463
3 3463 3461 1151
3 3463 1151 1153
3 3464 3463 3465
3 3464 3465 3466
3 3463 1153 1155
3 3463 1155 3465
3 3468 3466 3465
3 3468 3465 3467
3 3467 3465 1155
3 3467 1155 1157
3 3468 3467 3469
3 3468 3469 3470
3 3467 1157 3472
3 3467 3472 3469
3 5378 3470 3469
3 5378 3469 3471
3 3471 3469 3472
3 3471 3472 3473
3 1158 3475 3473
3 1158 3473 3472
3 3471 3473 3474
3 3471 3474 5381
3 3474 3473 3475
3 3474 3475 3476
3 3476 3475 1161
3 3476 1161 3478
3 3474 3476 3477
3 3474 3477 5384
3 3476 3478 3479
3 3476 3479 3477
3 3478 1164 1168
3 3478 1168 3479
3 3481 3477 3479
3 3481 3479 3480
3 1168 1170 3480
3 1168 3480 3479
3 3481 3480 3482
3 3481 3482 3483
3 3482 3480 1170
3 3482 1170 1172
3 3482 3484 3485
3 3482 3485 3483
3 3482 1172 1174
3 3482 1174 3484
3 3487 3485 3484
3 3487 3484 3486
3 1174 1176 3486
3 1174 3486 3484
3 3487 3486 3488
3 3487 3488 3489
3 3488 3486 1176
3 3488 1176 1178
3 3488 3490 3491
3 3488 3491 3489
3 3488 1178 1180
3 3488 1180 3490
3 3493 3491 3490
3 3493 3490 3492
3 1180 3495 3492
3 1180 3492 3490
3 3493 3492 3494
3 3493 3494 5401
3 3494 3492 3495
3 3494 3495 3496
3 1181 3498 3496
3 1181 3496 3495
3 3494 3496 3497
3 3494 3497 5404
3 3497 3496 3498
3 3497 3498 3499
3 1184 1188 3499
3 1184 3499 3498
3 3497 3499 3500
3 3497 3500 3501
3 1188 3503 3500
3 1188 3500 3499
3 3501 3500 3502
3 3501 3502 5409
3 3503 3504 3502
3 3503 3502 3500
3 3503 1189 3506
3 3503 3506 3504
3 5412 3502 3504
3 5412 3504 3505
3 3506 3507 3505
3 3506 3505 3504
3 3506 1192 3509
3 3506 3509 3507
3 5415 3505 3507
3 5415 3507 3508
3 3509 3510 3508
3 3509 3508 3507
3 3509 1195 3512
3 3509 3512 3510
3 5418 3508 3510
3 5418 3510 3511
3 3512 3513 3511
3 3512 3511 3510
3 3512 1198 3515
3 3512 3515 3513
3 5421 3511 3513
3 5421 3513 3514
3 3515 3516 3514
3 3515 3514 3513
3 3515 1201 3518
3 3515 3518 3516
3 5424 3514 3516
3 5424 3516 3517
3 3518 3519 3517
3 3518 3517 3516
3 3518 1204 3521
3 3518 3521 3519
3 5427 3517 3519
3 5427 3519 3520
3 3521 3522 3520
3 3521 3520 3519
3 3521 1207 3524
3 3521 3524 3522
3 5430 3520 3522
3 5430 3522 3523
3 3524 3525 3523
3 3524 3523 3522
3 3524 1210 3527
3 3524 3527 3525
3 5433 3523 3525
3 5433 3525 3526
3 3527 3528 3526
3 3527 3526 3525
3 3527 1213 1217
3 3527 1217 3528
3 3528 1217 1219
3 3528 1219 3529
3 3528 3529 3530
3 3528 3530 3526
3 3529 1219 3534
3 3529 3534 3531
3 3529 3531 3532
3 3529 3532 3530
3 5440 3532 3531
3 5440 3531 3533
3 3534 3535 3533
3 3534 3533 3531
3 3534 1220 1224
3 3534 1224 3535
3 3535 1224 1226
3 3535 1226 3536
3 3535 3536 3537
3 3535 3537 3533
3 3536 1226 3541
3 3536 3541 3538
3 3536 3538 3539
3 3536 3539 3537
3 5447 3539 3538
3 5447 3538 3540
3 3541 3542 3540
3 3541 3540 3538
3 3541 1227 3544
3 3541 3544 3542
3 5450 3540 3542
3 5450 3542 3543
3 3544 3545 3543
3 3544 3543 3542
3 3544 1230 3547
3 3544 3547 3545
3 5453 3543 3545
3 5453 3545 3546
3 3547 3548 3546
3 3547 3546 3545
3 3547 1233 3550
3 3547 3550 3548
3 5456 3546 3548
3 5456 3548 3549
3 3550 3551 3549
3 3550 3549 3548
3 3550 1236 3553
3 3550 3553 3551
3 5459 3549 3551
3 5459 3551 3552
3 3553 3554 3552
3 3553 3552 3551
3 3553 1239 3556
3 3553 3556 3554
3 5462 3552 3554
3 5462 3554 3555
3 3556 3557 3555
3 3556 3555 3554
3 3556 1242 3559
3 3556 3559 3557
3 5465 3555 3557
3 5465 3557 3558
3 3559 3560 3558
3 3559 3558 3557
3 3559 1245 3562
3 3559 3562 3560
3 5468 3558 3560
3 5468 3560 3561
3 3562 3563 3561
3 3562 3561 3560
3 3562 1248 3565
3 3562 3565 3563
3 5471 3561 3563
3 5471 3563 3564
3 3565 3566 3564
3 3565 3564 3563
3 3565 1251 3568
3 3565 3568 3566
3 5474 3564 3566
3 5474 3566 3567
3 3568 3569 3567
3 3568 3567 3566
3 3568 1254 3571
3 3568 3571 3569
3 5477 3567 3569
3 5477 3569 3570
3 3571 3572 3570
3 3571 3570 3569
3 3571 1257 3574
3 3571 3574 3572
3 5480 3570 3572
3 5480 3572 3573
3 3574 3575 3573
3 3574 3573 3572
3 3574 1260 3577
3 3574 3577 3575
3 5483 3573 3575
3 5483 3575 3576
3 3577 3578 3576
3 3577 3576 3575
3 3577 1263 3580
3 3577 3580 3578
3 5486 3576 3578
3 5486 3578 3579
3 3580 3581 3579
3 3580 3579 3578
3 3580 1266 3583
3 3580 3583 3581
3 5489 3579 3581
3 5489 3581 3582
3 3583 3584 3582
3 3583 3582 3581
3 3583 1269 3586
3 3583 3586 3584
3 5492 3582 3584
3 5492 3584 3585
3 3586 3587 3585
3 3586 3585 3584
3 3586 1272 3589
3 3586 3589 3587
3 5495 3585 3587
3 5495 3587 3588
3 3589 3590 3588
3 3589 3588 3587
3 3589 1275 3592
3 3589 3592 3590
3 5498 3588 3590
3 5498 3590 3591
3 3592 3593 3591
3 3592 3591 3590
3 3592 1278 3595
3 3592 3595 3593
3 5501 3591 3593
3 5501 3593 3594
3 3595 3596 3594
3 3595 3594 3593
3 3595 1281 3598
3 3595 3598 3596
3 5504 3594 3596
3 5504 3596 3597
3 3598 3599 3597
3 3598 3597 3596
3 3598 1284 3601
3 3598 3601 3599
3 5507 3597 3599
3 5507 3599 3600
3 3601 3602 3600
3 3601 3600 3599
3 3601 1287 3604
3 3601 3604 3602
3 5510 3600 3602
3 5510 3602 3603
3 3604 3605 3603
3 3604 3603 3602
3 3604 1291 3607
3 3604 3607 3605
3 3608 3603 3605
3 3608 3605 3606
3 3607 1750 3606
3 3607 3606 3605
3 3607 1291 1293
3 3607 1293 1746
3 3608 3606 3609
3 3608 3609 3610
3 3609 3606 1750
3 3609 1750 1752
3 3609 3611 3612
3 3609 3612 3610
3 3609 1752 1754
3 3609 1754 3611
3 3614 3612 3611
3 3614 3611 3613
3 1754 3616 3613
3 1754 3613 3611
3 3614 3613 3615
3 3614 3615 3618
3 3616 3617 3615
3 3616 3615 3613
3 3616 1755 1761
3 3616 1761 3617
3 3617 1767 3619
3 3617 3619 3615
3 3618 3615 3619
3 3618 3619 3620
3 3620 3619 3621
3 3620 3621 3622
3 3621 3619 1767
3 3621 1767 1769
3 3621 3623 3624
3 3621 3624 3622
3 3621 1769 1771
3 3621 1771 3623
3 3623 1771 1783
3 3623 1783 3625
3 3623 3625 3626
3 3623 3626 3624
3 3625 1784 3628
3 3625 3628 3626
3 5524 3624 3626
3 5524 3626 3627
3 3627 3626 3628
3 3627 3628 3629
3 3629 3628 3630
3 3629 3630 3631
3 1784 1786 3630
3 1784 3630 3628
3 3631 3630 3632
3 3631 3632 3633
3 1786 1788 3632
3 1786 3632 3630
3 3633 3632 3634
3 3633 3634 3635
3 1788 3637 3634
3 1788 3634 3632
3 3635 3634 3636
3 3635 3636 5540
3 3637 3638 3636
3 3637 3636 3634
3 3637 1789 1800
3 3637 1800 3638
3 3638 1800 1802
3 3638 1802 3639
3 3638 3639 3640
3 3638 3640 3636
3 3639 1802 1804
3 3639 1804 3641
3 3639 3641 3642
3 3639 3642 3640
3 3644 3642 3641
3 3644 3641 3643
3 1804 3646 3643
3 1804 3643 3641
3 3644 3643 3645
3 3644 3645 3648
3 3646 3647 3645
3 3646 3645 3643
3 3646 1805 1811
3 3646 1811 3647
3 3647 1817 3649
3 3647 3649 3645
3 3648 3645 3649
3 3648 3649 3650
3 3650 3649 3651
3 3650 3651 3652
3 3651 3649 1817
3 3651 1817 1819
3 3651 3653 3654
3 3651 3654 3652
3 3651 1819 1821
3 3651 1821 3653
3 3653 1821 3656
3 3653 3656 3655
3 3653 3655 3657
3 3653 3657 3654
3 3655 3656 1831
3 3655 1831 3658
3 3655 3658 3659
3 3655 3659 3657
3 3658 1831 1833
3 3658 1833 3660
3 3658 3660 3661
3 3658 3661 3659
3 3660 1833 1835
3 3660 1835 3662
3 3660 3662 3663
3 3660 3663 3661
3 3667 3663 3662
3 3667 3662 3664
3 1835 3666 3664
3 1835 3664 3662
3 3665 3668 3667
3 3665 3667 3664
3 3665 3664 3666
3 3665 3666 9462
3 3667 3668 3670
3 3667 3670 3669
3 3667 3669 3671
3 3667 3671 3663
3 3672 3669 3670
3 3672 3670 3675
3 3671 3669 3672
3 3671 3672 3673
3 3673 3672 3674
3 3673 3674 5572
3 3672 3675 3676
3 3672 3676 3674
3 3675 3670 3678
3 3675 3678 3677
3 3675 3677 3679
3 3675 3679 3676
3 3677 3678 3681
3 3677 3681 3680
3 3677 3680 3682
3 3677 3682 3679
3 3680 3681 3686
3 3680 3686 3683
3 3680 3683 3684
3 3680 3684 3682
3 5587 3684 3683
3 5587 3683 3685
3 3686 3687 3685
3 3686 3685 3683
3 3686 3681 3689
3 3686 3689 3688
3 3686 3688 3690
3 3686 3690 3687
3 3688 3689 3693
3 3688 3693 3691
3 3690 3688 3691
3 3690 3691 3694
3 3694 3691 3692
3 3694 3692 3696
3 9457 3692 3691
3 9457 3691 3693
3 3690 3694 3695
3 3690 3695 3697
3 3695 3694 3696
3 3695 3696 1878
3 9469 1874 3696
3 9469 3696 3692
3 3695 3698 3699
3 3695 3699 3697
3 3695 1878 1880
3 3695 1880 3698
3 3701 3699 3698
3 3701 3698 3700
3 3700 3698 1880
3 3700 1880 1882
3 3701 3700 3702
3 3701 3702 3703
3 3700 1882 3705
3 3700 3705 3702
3 5601 3703 3702
3 5601 3702 3704
3 3704 3702 3705
3 3704 3705 3706
3 3706 3705 1883
3 3706 1883 3708
3 3704 3706 3707
3 3704 3707 5604
3 3706 3708 3709
3 3706 3709 3707
3 3711 3709 3708
3 3711 3708 1887
3 5607 3707 3709
3 5607 3709 3710
3 3710 3709 3711
3 3710 3711 3712
3 3712 3711 3713
3 3712 3713 3714
3 3713 3711 1887
3 3713 1887 1889
3 3714 3713 3715
3 3714 3715 3716
3 3715 3713 1889
3 3715 1889 1891
3 3716 3715 3717
3 3716 3717 3718
3 3717 3715 1891
3 3717 1891 3720
3 3718 3717 3719
3 3718 3719 8250
3 3721 3719 3717
3 3721 3717 3720
3 3721 3720 1892
3 3721 1892 3723
3 8249 3719 3721
3 8249 3721 3722
3 3724 3722 3721
3 3724 3721 3723
3 3724 3723 3725
3 3724 3725 3726
3 1892 1894 3725
3 1892 3725 3723
3 3725 1899 1903
3 3725 1903 3726
3 3727 3730 3724
3 3727 3724 3726
3 3727 3726 1903
3 3727 1903 3729
3 3730 3727 3728
3 3730 3728 3732
3 3742 3728 3727
3 3742 3727 3729
3 3724 3730 3731
3 3724 3731 3722
3 3730 3732 3733
3 3730 3733 3731
3 3734 3735 3733
3 3734 3733 3732
3 3728 3737 3734
3 3728 3734 3732
3 3735 3734 3736
3 3735 3736 8234
3 3738 3736 3734
3 3738 3734 3737
3 3738 3737 3739
3 3738 3739 3741
3 3742 3739 3737
3 3742 3737 3728
3 3740 3739 3742
3 3740 3742 3743
3 3739 3740 3745
3 3739 3745 3741
3 3742 3729 1904
3 3742 1904 3743
3 3740 3743 1907
3 3740 1907 3749
3 3738 3741 3744
3 3738 3744 8231
3 3745 3746 3744
3 3745 3744 3741
3 3747 3745 3740
3 3747 3740 3749
3 3745 3747 3748
3 3745 3748 3746
3 3748 3747 2051
3 3748 2051 2053
3 2051 3747 3749
3 2051 3749 1911
3 3748 3750 3751
3 3748 3751 3746
3 3748 2053 2055
3 3748 2055 3750
3 3752 3753 3751
3 3752 3751 3750
3 2055 3754 3752
3 2055 3752 3750
3 3753 3752 3755
3 3753 3755 3757
3 3752 3754 3758
3 3752 3758 3755
3 3758 3759 3756
3 3758 3756 3755
3 3755 3756 8252
3 3755 8252 3757
3 2062 3760 3759
3 2062 3759 3758
3 3754 2056 2062
3 3754 2062 3758
3 3756 3759 3761
3 3756 3761 3763
3 3759 3760 3764
3 3759 3764 3761
3 3764 3765 3762
3 3764 3762 3761
3 3761 3762 8258
3 3761 8258 3763
3 2068 3766 3765
3 2068 3765 3764
3 3760 2061 2068
3 3760 2068 3764
3 3762 3765 3767
3 3762 3767 3769
3 3765 3766 3770
3 3765 3770 3767
3 3770 3771 3768
3 3770 3768 3767
3 3767 3768 8180
3 3767 8180 3769
3 3772 3773 3771
3 3772 3771 3770
3 3766 2067 3772
3 3766 3772 3770
3 3774 3775 3773
3 3774 3773 3772
3 2067 2070 3774
3 2067 3774 3772
3 3776 3777 3775
3 3776 3775 3774
3 2070 2072 3776
3 2070 3776 3774
3 3776 2076 3779
3 3776 3779 3777
3 3778 8174 3775
3 3778 3775 3777
3 3779 3780 3778
3 3779 3778 3777
3 3781 3782 3780
3 3781 3780 3779
3 2076 2078 3781
3 2076 3781 3779
3 3783 3784 3782
3 3783 3782 3781
3 2078 2080 3783
3 2078 3783 3781
3 3783 2086 3786
3 3783 3786 3784
3 3785 3838 3782
3 3785 3782 3784
3 3786 3787 3785
3 3786 3785 3784
3 3788 3789 3787
3 3788 3787 3786
3 2086 2088 3788
3 2086 3788 3786
3 3790 3791 3789
3 3790 3789 3788
3 2088 2090 3790
3 2088 3790 3788
3 3792 3793 3791
3 3792 3791 3790
3 2090 2093 3792
3 2090 3792 3790
3 3794 3795 3793
3 3794 3793 3792
3 2093 2096 3794
3 2093 3794 3792
3 3796 3797 3795
3 3796 3795 3794
3 2096 2099 3796
3 2096 3796 3794
3 3798 3799 3797
3 3798 3797 3796
3 2099 2102 3798
3 2099 3798 3796
3 3800 3801 3799
3 3800 3799 3798
3 2102 2105 3800
3 2102 3800 3798
3 3802 3803 3801
3 3802 3801 3800
3 2105 2108 3802
3 2105 3802 3800
3 3802 2114 3805
3 3802 3805 3803
3 3804 3821 3801
3 3804 3801 3803
3 3805 3806 3804
3 3805 3804 3803
3 3806 3805 3807
3 3806 3807 3809
3 2114 2116 3807
3 2114 3807 3805
3 3807 2116 2118
3 3807 2118 3808
3 3810 3809 3807
3 3810 3807 3808
3 3810 3813 3811
3 3810 3811 3809
3 3811 3814 3806
3 3811 3806 3809
3 3811 3812 3815
3 3811 3815 3814
3 3812 3811 3813
3 3812 3813 4428
3 3816 3804 3806
3 3816 3806 3814
3 3815 3817 3816
3 3815 3816 3814
3 3804 3816 3818
3 3804 3818 3821
3 3819 3818 3816
3 3819 3816 3817
3 3818 3819 4342
3 3818 4342 3820
3 3818 3820 3822
3 3818 3822 3821
3 3822 3799 3801
3 3822 3801 3821
3 3797 3799 3822
3 3797 3822 3823
3 3824 3823 3822
3 3824 3822 3820
3 3823 3824 3826
3 3823 3826 3825
3 3795 3797 3823
3 3795 3823 3825
3 3825 3826 3828
3 3825 3828 3827
3 3793 3795 3825
3 3793 3825 3827
3 3827 3828 3830
3 3827 3830 3829
3 3791 3793 3827
3 3791 3827 3829
3 3829 3830 3832
3 3829 3832 3831
3 3789 3791 3829
3 3789 3829 3831
3 3831 3832 3834
3 3831 3834 3833
3 3787 3789 3831
3 3787 3831 3833
3 3833 3834 3836
3 3833 3836 3835
3 3785 3787 3833
3 3785 3833 3835
3 3835 3836 3840
3 3835 3840 3837
3 3838 3785 3835
3 3838 3835 3837
3 3838 3837 3839
3 3838 3839 8178
3 3840 3841 3839
3 3840 3839 3837
3 3841 3840 3842
3 3841 3842 3844
3 3840 3836 3845
3 3840 3845 3842
3 3845 3846 3843
3 3845 3843 3842
3 3842 3843 7831
3 3842 7831 3844
3 3847 3848 3846
3 3847 3846 3845
3 3836 3834 3847
3 3836 3847 3845
3 3848 3847 3849
3 3848 3849 3851
3 3834 3832 3849
3 3834 3849 3847
3 3849 3832 3830
3 3849 3830 3850
3 3852 3851 3849
3 3852 3849 3850
3 3852 3855 3853
3 3852 3853 3851
3 3853 3856 3848
3 3853 3848 3851
3 3853 3854 3858
3 3853 3858 3856
3 3854 3853 3855
3 3854 3855 4438
3 3857 3846 3848
3 3857 3848 3856
3 3858 3860 3857
3 3858 3857 3856
3 3858 3859 3862
3 3858 3862 3860
3 3859 3858 3854
3 3859 3854 4439
3 3861 7830 3857
3 3861 3857 3860
3 3862 3864 3861
3 3862 3861 3860
3 3862 3863 3866
3 3862 3866 3864
3 3863 3862 3859
3 3863 3859 4440
3 3865 7826 3861
3 3865 3861 3864
3 3866 3868 3865
3 3866 3865 3864
3 3866 3867 3870
3 3866 3870 3868
3 3867 3866 3863
3 3867 3863 4441
3 3869 7822 3865
3 3869 3865 3868
3 3870 3872 3869
3 3870 3869 3868
3 3870 3871 3874
3 3870 3874 3872
3 3871 3870 3867
3 3871 3867 4442
3 3873 7818 3869
3 3873 3869 3872
3 3874 3876 3873
3 3874 3873 3872
3 3874 3875 3878
3 3874 3878 3876
3 3875 3874 3871
3 3875 3871 4443
3 3877 7814 3873
3 3877 3873 3876
3 3878 3880 3877
3 3878 3877 3876
3 3878 3879 3882
3 3878 3882 3880
3 3879 3878 3875
3 3879 3875 4444
3 3881 7810 3877
3 3881 3877 3880
3 3882 3884 3881
3 3882 3881 3880
3 3882 3883 3886
3 3882 3886 3884
3 3883 3882 3879
3 3883 3879 4445
3 3885 7806 3881
3 3885 3881 3884
3 3886 3888 3885
3 3886 3885 3884
3 3886 3887 3890
3 3886 3890 3888
3 3887 3886 3883
3 3887 3883 4446
3 3889 7802 3885
3 3889 3885 3888
3 3890 3892 3889
3 3890 3889 3888
3 3890 3891 3894
3 3890 3894 3892
3 3891 3890 3887
3 3891 3887 4447
3 3893 7798 3889
3 3893 3889 3892
3 3894 3896 3893
3 3894 3893 3892
3 3894 3895 3898
3 3894 3898 3896
3 3895 3894 3891
3 3895 3891 4448
3 3897 7794 3893
3 3897 3893 3896
3 3898 3899 3897
3 3898 3897 3896
3 3900 3901 3899
3 3900 3899 3898
3 3895 3902 3900
3 3895 3900 3898
3 3903 3906 3901
3 3903 3901 3900
3 3902 3905 3903
3 3902 3903 3900
3 3903 3904 3908
3 3903 3908 3906
3 3904 3903 3905
3 3904 3905 4226
3 3907 7790 3901
3 3907 3901 3906
3 3908 3909 3907
3 3908 3907 3906
3 3910 3911 3909
3 3910 3909 3908
3 3904 3912 3910
3 3904 3910 3908
3 3913 3916 3911
3 3913 3911 3910
3 3912 3915 3913
3 3912 3913 3910
3 3913 3914 3918
3 3913 3918 3916
3 3914 3913 3915
3 3914 3915 4230
3 3917 7788 3911
3 3917 3911 3916
3 3918 3919 3917
3 3918 3917 3916
3 3920 3921 3919
3 3920 3919 3918
3 3914 3922 3920
3 3914 3920 3918
3 3923 3924 3921
3 3923 3921 3920
3 3922 3925 3923
3 3922 3923 3920
3 3926 3927 3924
3 3926 3924 3923
3 3925 3928 3926
3 3925 3926 3923
3 3929 3930 3927
3 3929 3927 3926
3 3928 3931 3929
3 3928 3929 3926
3 3932 3933 3930
3 3932 3930 3929
3 3931 3934 3932
3 3931 3932 3929
3 3935 3936 3933
3 3935 3933 3932
3 3934 3937 3935
3 3934 3935 3932
3 3938 3941 3936
3 3938 3936 3935
3 3937 3940 3938
3 3937 3938 3935
3 3938 3939 3943
3 3938 3943 3941
3 3939 3938 3940
3 3939 3940 4247
3 3942 4642 3936
3 3942 3936 3941
3 3943 3945 3942
3 3943 3942 3941
3 3943 3944 3947
3 3943 3947 3945
3 3944 3943 3939
3 3944 3939 4250
3 3946 4503 3942
3 3946 3942 3945
3 3947 3948 3946
3 3947 3946 3945
3 3949 3950 3948
3 3949 3948 3947
3 3944 3951 3949
3 3944 3949 3947
3 3952 2719 3950
3 3952 3950 3949
3 3951 3954 3952
3 3951 3952 3949
3 3952 3953 2716
3 3952 2716 2719
3 3953 3952 3954
3 3953 3954 3956
3 3957 3956 3954
3 3957 3954 3955
3 3955 3954 3951
3 3955 3951 4251
3 3957 3960 3958
3 3957 3958 3956
3 3958 3959 3953
3 3958 3953 3956
3 3961 3964 3959
3 3961 3959 3958
3 3960 3963 3961
3 3960 3961 3958
3 3961 3962 3966
3 3961 3966 3964
3 3962 3961 3963
3 3962 3963 3979
3 3965 2714 3959
3 3965 3959 3964
3 3966 3967 3965
3 3966 3965 3964
3 3968 3969 3967
3 3968 3967 3966
3 3962 3970 3968
3 3962 3968 3966
3 3971 3972 3969
3 3971 3969 3968
3 3970 2599 3971
3 3970 3971 3968
3 2603 3973 3972
3 2603 3972 3971
3 3969 3972 2698
3 3969 2698 2700
3 3972 3973 2696
3 3972 2696 2698
3 2605 3974 3973
3 2605 3973 2603
3 3973 3974 3975
3 3973 3975 2696
3 3974 2605 2607
3 3974 2607 3976
3 3974 3976 2684
3 3974 2684 3975
3 2607 2609 2683
3 2607 2683 3976
3 2600 3970 3962
3 2600 3962 3979
3 3967 3969 2700
3 3967 2700 3977
3 3965 3967 3977
3 3965 3977 2710
3 3980 3979 3963
3 3980 3963 3978
3 3978 3963 3960
3 3978 3960 4257
3 3980 2597 2600
3 3980 2600 3979
3 2597 3980 3981
3 2597 3981 2595
3 3982 3981 3980
3 3982 3980 3978
3 2594 3981 3982
3 2594 3982 3984
3 3983 3982 3978
3 3983 3978 4257
3 3982 3983 3986
3 3982 3986 3984
3 3985 2592 2594
3 3985 2594 3984
3 3985 3984 3986
3 3985 3986 3988
3 3987 3986 3983
3 3987 3983 4256
3 3986 3987 3990
3 3986 3990 3988
3 3989 4497 3985
3 3989 3985 3988
3 3989 3988 3990
3 3989 3990 3992
3 3990 3987 4258
3 3990 4258 3991
3 3993 3992 3990
3 3993 3990 3991
3 3993 3996 3994
3 3993 3994 3992
3 3994 3995 3989
3 3994 3989 3992
3 3995 3994 3997
3 3995 3997 3999
3 3994 3996 4000
3 3994 4000 3997
3 4000 4001 3998
3 4000 3998 3997
3 3997 3998 4495
3 3997 4495 3999
3 4002 4005 4001
3 4002 4001 4000
3 3996 4004 4002
3 3996 4002 4000
3 4002 4003 4007
3 4002 4007 4005
3 4003 4002 4004
3 4003 4004 4283
3 4006 4492 4001
3 4006 4001 4005
3 4007 4009 4006
3 4007 4006 4005
3 4007 4008 4011
3 4007 4011 4009
3 4008 4007 4003
3 4008 4003 4282
3 4010 4490 4006
3 4010 4006 4009
3 4011 4013 4010
3 4011 4010 4009
3 4011 4012 4015
3 4011 4015 4013
3 4012 4011 4008
3 4012 4008 4281
3 4014 4488 4010
3 4014 4010 4013
3 4015 4017 4014
3 4015 4014 4013
3 4015 4016 4019
3 4015 4019 4017
3 4016 4015 4012
3 4016 4012 4182
3 4018 4486 4014
3 4018 4014 4017
3 4019 4021 4018
3 4019 4018 4017
3 4019 4020 4023
3 4019 4023 4021
3 4020 4019 4016
3 4020 4016 4178
3 4022 4484 4018
3 4022 4018 4021
3 4023 4025 4022
3 4023 4022 4021
3 4023 4024 4027
3 4023 4027 4025
3 4024 4023 4020
3 4024 4020 4173
3 4026 4482 4022
3 4026 4022 4025
3 4027 4029 4026
3 4027 4026 4025
3 4027 4028 4031
3 4027 4031 4029
3 4028 4027 4024
3 4028 4024 4171
3 4030 4480 4026
3 4030 4026 4029
3 4031 4033 4030
3 4031 4030 4029
3 4031 4032 4035
3 4031 4035 4033
3 4032 4031 4028
3 4032 4028 4169
3 4034 4477 4030
3 4034 4030 4033
3 4035 4036 4034
3 4035 4034 4033
3 4037 4038 4036
3 4037 4036 4035
3 4032 4039 4037
3 4032 4037 4035
3 4040 4043 4038
3 4040 4038 4037
3 4039 4042 4040
3 4039 4040 4037
3 4040 4041 4045
3 4040 4045 4043
3 4041 4040 4042
3 4041 4042 4450
3 4044 2534 4038
3 4044 4038 4043
3 4045 4046 4044
3 4045 4044 4043
3 4047 4048 4046
3 4047 4046 4045
3 4041 4049 4047
3 4041 4047 4045
3 4050 4053 4048
3 4050 4048 4047
3 4049 4052 4050
3 4049 4050 4047
3 4050 4051 4055
3 4050 4055 4053
3 4051 4050 4052
3 4051 4052 4144
3 4054 4475 4048
3 4054 4048 4053
3 4055 4057 4054
3 4055 4054 4053
3 4055 4056 4059
3 4055 4059 4057
3 4056 4055 4051
3 4056 4051 4140
3 4058 4473 4054
3 4058 4054 4057
3 4059 4061 4058
3 4059 4058 4057
3 4059 4060 4063
3 4059 4063 4061
3 4060 4059 4056
3 4060 4056 4136
3 4062 4471 4058
3 4062 4058 4061
3 4063 4065 4062
3 4063 4062 4061
3 4063 4064 4067
3 4063 4067 4065
3 4064 4063 4060
3 4064 4060 4132
3 4066 4469 4062
3 4066 4062 4065
3 4067 4069 4066
3 4067 4066 4065
3 4067 4068 4071
3 4067 4071 4069
3 4068 4067 4064
3 4068 4064 4128
3 4070 4467 4066
3 4070 4066 4069
3 4071 4073 4070
3 4071 4070 4069
3 4071 4072 4075
3 4071 4075 4073
3 4072 4071 4068
3 4072 4068 4124
3 4074 4465 4070
3 4074 4070 4073
3 4075 4077 4074
3 4075 4074 4073
3 4075 4076 4079
3 4075 4079 4077
3 4076 4075 4072
3 4076 4072 4120
3 4078 4463 4074
3 4078 4074 4077
3 4079 4081 4078
3 4079 4078 4077
3 4079 4080 4083
3 4079 4083 4081
3 4080 4079 4076
3 4080 4076 4116
3 4082 4461 4078
3 4082 4078 4081
3 4083 4085 4082
3 4083 4082 4081
3 4083 4084 4087
3 4083 4087 4085
3 4084 4083 4080
3 4084 4080 4112
3 4086 4459 4082
3 4086 4082 4085
3 4087 4089 4086
3 4087 4086 4085
3 4087 4088 4091
3 4087 4091 4089
3 4088 4087 4084
3 4088 4084 4108
3 4090 4457 4086
3 4090 4086 4089
3 4091 4093 4090
3 4091 4090 4089
3 4091 4092 4095
3 4091 4095 4093
3 4092 4091 4088
3 4092 4088 4103
3 4094 4452 4090
3 4094 4090 4093
3 4095 4097 4094
3 4095 4094 4093
3 4095 4096 2158
3 4095 2158 4097
3 4096 4095 4092
3 4096 4092 4099
3 2159 4453 4094
3 2159 4094 4097
3 2155 2158 4096
3 2155 4096 4098
3 4096 4099 4100
3 4096 4100 4098
3 4101 4102 4100
3 4101 4100 4099
3 4092 4103 4101
3 4092 4101 4099
3 4104 4105 4102
3 4104 4102 4101
3 4107 4104 4101
3 4107 4101 4103
3 4105 4104 4106
3 4105 4106 4419
3 4109 4106 4104
3 4109 4104 4107
3 4088 4108 4107
3 4088 4107 4103
3 4111 4109 4107
3 4111 4107 4108
3 4106 4109 4110
3 4106 4110 4355
3 4113 4110 4109
3 4113 4109 4111
3 4084 4112 4111
3 4084 4111 4108
3 4115 4113 4111
3 4115 4111 4112
3 4110 4113 4114
3 4110 4114 4356
3 4117 4114 4113
3 4117 4113 4115
3 4080 4116 4115
3 4080 4115 4112
3 4119 4117 4115
3 4119 4115 4116
3 4114 4117 4118
3 4114 4118 4359
3 4121 4118 4117
3 4121 4117 4119
3 4076 4120 4119
3 4076 4119 4116
3 4123 4121 4119
3 4123 4119 4120
3 4118 4121 4122
3 4118 4122 4362
3 4125 4122 4121
3 4125 4121 4123
3 4072 4124 4123
3 4072 4123 4120
3 4127 4125 4123
3 4127 4123 4124
3 4122 4125 4126
3 4122 4126 4365
3 4129 4126 4125
3 4129 4125 4127
3 4068 4128 4127
3 4068 4127 4124
3 4131 4129 4127
3 4131 4127 4128
3 4126 4129 4130
3 4126 4130 4368
3 4133 4130 4129
3 4133 4129 4131
3 4064 4132 4131
3 4064 4131 4128
3 4135 4133 4131
3 4135 4131 4132
3 4130 4133 4134
3 4130 4134 4371
3 4137 4134 4133
3 4137 4133 4135
3 4060 4136 4135
3 4060 4135 4132
3 4139 4137 4135
3 4139 4135 4136
3 4134 4137 4138
3 4134 4138 4374
3 4141 4138 4137
3 4141 4137 4139
3 4056 4140 4139
3 4056 4139 4136
3 4143 4141 4139
3 4143 4139 4140
3 4138 4141 4142
3 4138 4142 4377
3 4145 4142 4141
3 4145 4141 4143
3 4051 4144 4143
3 4051 4143 4140
3 4147 4145 4143
3 4147 4143 4144
3 4142 4145 4146
3 4142 4146 4380
3 4149 4146 4145
3 4149 4145 4147
3 4052 4148 4147
3 4052 4147 4144
3 4151 4149 4147
3 4151 4147 4148
3 4146 4149 4150
3 4146 4150 4383
3 4153 4150 4149
3 4153 4149 4151
3 4451 4152 4151
3 4451 4151 4148
3 4155 4153 4151
3 4155 4151 4152
3 4386 4150 4153
3 4386 4153 4154
3 4154 4153 4155
3 4154 4155 4157
3 4449 4156 4155
3 4449 4155 4152
3 4155 4156 4159
3 4155 4159 4157
3 4158 4389 4154
3 4158 4154 4157
3 4158 4157 4159
3 4158 4159 4160
3 4160 4159 4161
3 4160 4161 4162
3 4161 4159 4156
3 4161 4156 4164
3 4162 4161 4163
3 4162 4163 4199
3 4163 4161 4164
3 4163 4164 4166
3 4164 4156 4449
3 4164 4449 4165
3 4167 4166 4164
3 4167 4164 4165
3 4167 4169 4168
3 4167 4168 4166
3 4168 4170 4163
3 4168 4163 4166
3 4028 4171 4168
3 4028 4168 4169
3 4172 4170 4168
3 4172 4168 4171
3 4024 4173 4172
3 4024 4172 4171
3 4174 4175 4170
3 4174 4170 4172
3 4177 4174 4172
3 4177 4172 4173
3 4175 4174 4176
3 4175 4176 4196
3 4179 4176 4174
3 4179 4174 4177
3 4020 4178 4177
3 4020 4177 4173
3 4181 4179 4177
3 4181 4177 4178
3 4176 4179 4180
3 4176 4180 4193
3 4180 4179 4181
3 4180 4181 4183
3 4016 4182 4181
3 4016 4181 4178
3 4184 4183 4181
3 4184 4181 4182
3 4183 4184 4186
3 4183 4186 4185
3 4188 4180 4183
3 4188 4183 4185
3 4185 4186 4271
3 4185 4271 4187
3 4189 4188 4185
3 4189 4185 4187
3 4188 4189 4192
3 4188 4192 4190
3 4193 4180 4188
3 4193 4188 4190
3 4191 4194 4193
3 4191 4193 4190
3 4191 4190 4192
3 4191 4192 4212
3 4194 4196 4176
3 4194 4176 4193
3 4194 4195 4197
3 4194 4197 4196
3 4195 4194 4191
3 4195 4191 4210
3 4197 4199 4175
3 4197 4175 4196
3 4197 4198 4162
3 4197 4162 4199
3 4198 4197 4195
3 4198 4195 4200
3 4163 4170 4175
3 4163 4175 4199
3 4203 4201 4198
3 4203 4198 4200
3 4198 4201 4160
3 4198 4160 4162
3 4201 4202 4158
3 4201 4158 4160
3 4202 4201 4203
3 4202 4203 4204
3 4203 4205 4206
3 4203 4206 4204
3 4203 4200 4208
3 4203 4208 4205
3 4207 4221 4206
3 4207 4206 4205
3 4208 4209 4207
3 4208 4207 4205
3 4211 4209 4208
3 4211 4208 4210
3 4195 4210 4208
3 4195 4208 4200
3 4191 4212 4211
3 4191 4211 4210
3 4209 4211 4213
3 4209 4213 4216
3 4214 4213 4211
3 4214 4211 4212
3 4213 4214 4278
3 4213 4278 4215
3 4213 4215 4217
3 4213 4217 4216
3 4216 4217 4219
3 4216 4219 4218
3 4207 4209 4216
3 4207 4216 4218
3 4218 4219 4223
3 4218 4223 4220
3 4221 4207 4218
3 4221 4218 4220
3 4221 4220 4222
3 4221 4222 4418
3 4223 4224 4222
3 4223 4222 4220
3 4224 4223 4225
3 4224 4225 4226
3 4223 4219 4227
3 4223 4227 4225
3 4227 3915 3912
3 4227 3912 4225
3 4225 3912 3904
3 4225 3904 4226
3 4228 4230 3915
3 4228 3915 4227
3 4219 4217 4228
3 4219 4228 4227
3 4228 4229 4231
3 4228 4231 4230
3 4229 4228 4217
3 4229 4217 4215
3 4231 3922 3914
3 4231 3914 4230
3 4232 3925 3922
3 4232 3922 4231
3 4229 4233 4232
3 4229 4232 4231
3 4234 3928 3925
3 4234 3925 4232
3 4233 4235 4234
3 4233 4234 4232
3 4236 3931 3928
3 4236 3928 4234
3 4235 4237 4236
3 4235 4236 4234
3 4238 3934 3931
3 4238 3931 4236
3 4237 4239 4238
3 4237 4238 4236
3 3934 4238 4240
3 3934 4240 3937
3 4241 4240 4238
3 4241 4238 4239
3 4243 4242 4240
3 4243 4240 4241
3 3940 3937 4240
3 3940 4240 4242
3 4243 4246 4244
3 4243 4244 4242
3 4244 4247 3940
3 4244 3940 4242
3 4244 4245 4248
3 4244 4248 4247
3 4245 4244 4246
3 4245 4246 4261
3 4248 4250 3939
3 4248 3939 4247
3 4248 4249 4251
3 4248 4251 4250
3 4249 4248 4245
3 4249 4245 4252
3 4251 3951 3944
3 4251 3944 4250
3 4249 4253 3955
3 4249 3955 4251
3 4254 4253 4249
3 4254 4249 4252
3 4256 4255 4253
3 4256 4253 4254
3 4253 4255 3957
3 4253 3957 3955
3 3983 4257 4255
3 3983 4255 4256
3 3960 3957 4255
3 3960 4255 4257
3 4258 3987 4256
3 4258 4256 4254
3 4259 4258 4254
3 4259 4254 4252
3 4258 4259 4260
3 4258 4260 3991
3 4262 4260 4259
3 4262 4259 4261
3 4259 4252 4245
3 4259 4245 4261
3 4262 4261 4246
3 4262 4246 4264
3 4260 4262 4263
3 4260 4263 4284
3 4265 4263 4262
3 4265 4262 4264
3 4265 4264 4266
3 4265 4266 4268
3 4246 4243 4266
3 4246 4266 4264
3 4267 4266 4243
3 4267 4243 4241
3 4266 4267 4270
3 4266 4270 4268
3 4269 4279 4265
3 4269 4265 4268
3 4269 4268 4270
3 4269 4270 4271
3 4271 4270 4272
3 4271 4272 4187
3 4273 4272 4270
3 4273 4270 4267
3 4272 4273 4276
3 4272 4276 4274
3 4189 4187 4272
3 4189 4272 4274
3 4275 4192 4189
3 4275 4189 4274
3 4275 4274 4276
3 4275 4276 4277
3 4237 4276 4273
3 4237 4273 4239
3 4276 4237 4235
3 4276 4235 4277
3 4277 4235 4233
3 4277 4233 4278
3 4214 4275 4277
3 4214 4277 4278
3 4278 4233 4229
3 4278 4229 4215
3 4192 4275 4214
3 4192 4214 4212
3 4273 4267 4241
3 4273 4241 4239
3 4186 4280 4269
3 4186 4269 4271
3 4279 4269 4280
3 4279 4280 4282
3 4280 4186 4184
3 4280 4184 4281
3 4008 4282 4280
3 4008 4280 4281
3 4003 4283 4279
3 4003 4279 4282
3 4012 4281 4184
3 4012 4184 4182
3 4263 4265 4279
3 4263 4279 4283
3 4004 4284 4263
3 4004 4263 4283
3 4004 3996 3993
3 4004 3993 4284
3 3993 3991 4260
3 3993 4260 4284
3 4224 4226 3905
3 4224 3905 4285
3 4287 4222 4224
3 4287 4224 4285
3 4285 3905 3902
3 4285 3902 4286
3 4289 4287 4285
3 4289 4285 4286
3 4418 4222 4287
3 4418 4287 4288
3 4288 4287 4289
3 4288 4289 4291
3 4290 4289 4286
3 4290 4286 4448
3 4289 4290 4293
3 4289 4293 4291
3 4292 4395 4288
3 4292 4288 4291
3 4292 4291 4293
3 4292 4293 4295
3 4294 4293 4290
3 4294 4290 4447
3 4293 4294 4297
3 4293 4297 4295
3 4296 4394 4292
3 4296 4292 4295
3 4296 4295 4297
3 4296 4297 4299
3 4298 4297 4294
3 4298 4294 4446
3 4297 4298 4301
3 4297 4301 4299
3 4300 4397 4296
3 4300 4296 4299
3 4300 4299 4301
3 4300 4301 4303
3 4302 4301 4298
3 4302 4298 4445
3 4301 4302 4305
3 4301 4305 4303
3 4304 4399 4300
3 4304 4300 4303
3 4304 4303 4305
3 4304 4305 4307
3 4306 4305 4302
3 4306 4302 4444
3 4305 4306 4309
3 4305 4309 4307
3 4308 4401 4304
3 4308 4304 4307
3 4308 4307 4309
3 4308 4309 4311
3 4310 4309 4306
3 4310 4306 4443
3 4309 4310 4313
3 4309 4313 4311
3 4312 4403 4308
3 4312 4308 4311
3 4312 4311 4313
3 4312 4313 4315
3 4314 4313 4310
3 4314 4310 4442
3 4313 4314 4317
3 4313 4317 4315
3 4316 4405 4312
3 4316 4312 4315
3 4316 4315 4317
3 4316 4317 4319
3 4318 4317 4314
3 4318 4314 4441
3 4317 4318 4321
3 4317 4321 4319
3 4320 4407 4316
3 4320 4316 4319
3 4320 4319 4321
3 4320 4321 4323
3 4322 4321 4318
3 4322 4318 4440
3 4321 4322 4325
3 4321 4325 4323
3 4324 4409 4320
3 4324 4320 4323
3 4324 4323 4325
3 4324 4325 4327
3 4326 4325 4322
3 4326 4322 4439
3 4325 4326 4329
3 4325 4329 4327
3 4328 4411 4324
3 4328 4324 4327
3 4328 4327 4329
3 4328 4329 4331
3 4330 4329 4326
3 4330 4326 4438
3 4329 4330 4333
3 4329 4333 4331
3 4332 4413 4328
3 4332 4328 4331
3 4332 4331 4333
3 4332 4333 4335
3 4334 4333 4330
3 4334 4330 4437
3 4333 4334 4337
3 4333 4337 4335
3 4336 4415 4332
3 4336 4332 4335
3 4336 4335 4337
3 4336 4337 4339
3 4338 4337 4334
3 4338 4334 4434
3 4337 4338 4341
3 4337 4341 4339
3 4340 4417 4336
3 4340 4336 4339
3 4340 4339 4341
3 4340 4341 4343
3 4342 4341 4338
3 4342 4338 4432
3 4341 4342 3819
3 4341 3819 4343
3 4344 4345 4340
3 4344 4340 4343
3 4344 4343 3819
3 4344 3819 3817
3 4345 4344 4346
3 4345 4346 4348
3 3815 4346 4344
3 3815 4344 3817
3 4346 3815 3812
3 4346 3812 4347
3 4349 4348 4346
3 4349 4346 4347
3 4349 4351 4350
3 4349 4350 4348
3 4350 4352 4345
3 4350 4345 4348
3 4353 4350 4351
3 4353 4351 4355
3 4350 4353 4354
3 4350 4354 4352
3 4357 4354 4353
3 4357 4353 4356
3 4353 4355 4110
3 4353 4110 4356
3 4357 4356 4114
3 4357 4114 4359
3 4354 4357 4358
3 4354 4358 4416
3 4360 4358 4357
3 4360 4357 4359
3 4360 4359 4118
3 4360 4118 4362
3 4358 4360 4361
3 4358 4361 4414
3 4363 4361 4360
3 4363 4360 4362
3 4363 4362 4122
3 4363 4122 4365
3 4361 4363 4364
3 4361 4364 4412
3 4366 4364 4363
3 4366 4363 4365
3 4366 4365 4126
3 4366 4126 4368
3 4364 4366 4367
3 4364 4367 4410
3 4369 4367 4366
3 4369 4366 4368
3 4369 4368 4130
3 4369 4130 4371
3 4367 4369 4370
3 4367 4370 4408
3 4372 4370 4369
3 4372 4369 4371
3 4372 4371 4134
3 4372 4134 4374
3 4370 4372 4373
3 4370 4373 4406
3 4375 4373 4372
3 4375 4372 4374
3 4375 4374 4138
3 4375 4138 4377
3 4373 4375 4376
3 4373 4376 4404
3 4378 4376 4375
3 4378 4375 4377
3 4378 4377 4142
3 4378 4142 4380
3 4376 4378 4379
3 4376 4379 4402
3 4381 4379 4378
3 4381 4378 4380
3 4381 4380 4146
3 4381 4146 4383
3 4379 4381 4382
3 4379 4382 4400
3 4384 4382 4381
3 4384 4381 4383
3 4384 4383 4150
3 4384 4150 4386
3 4382 4384 4385
3 4382 4385 4398
3 4387 4385 4384
3 4387 4384 4386
3 4389 4387 4386
3 4389 4386 4154
3 4385 4387 4388
3 4385 4388 4396
3 4388 4387 4389
3 4388 4389 4390
3 4389 4158 4202
3 4389 4202 4390
3 4388 4390 4391
3 4388 4391 4393
3 4202 4204 4391
3 4202 4391 4390
3 4206 4392 4391
3 4206 4391 4204
3 4391 4392 4395
3 4391 4395 4393
3 4388 4393 4394
3 4388 4394 4396
3 4395 4292 4394
3 4395 4394 4393
3 4395 4392 4418
3 4395 4418 4288
3 4394 4296 4397
3 4394 4397 4396
3 4385 4396 4397
3 4385 4397 4398
3 4397 4300 4399
3 4397 4399 4398
3 4382 4398 4399
3 4382 4399 4400
3 4399 4304 4401
3 4399 4401 4400
3 4379 4400 4401
3 4379 4401 4402
3 4401 4308 4403
3 4401 4403 4402
3 4376 4402 4403
3 4376 4403 4404
3 4403 4312 4405
3 4403 4405 4404
3 4373 4404 4405
3 4373 4405 4406
3 4405 4316 4407
3 4405 4407 4406
3 4370 4406 4407
3 4370 4407 4408
3 4407 4320 4409
3 4407 4409 4408
3 4367 4408 4409
3 4367 4409 4410
3 4409 4324 4411
3 4409 4411 4410
3 4364 4410 4411
3 4364 4411 4412
3 4411 4328 4413
3 4411 4413 4412
3 4361 4412 4413
3 4361 4413 4414
3 4413 4332 4415
3 4413 4415 4414
3 4358 4414 4415
3 4358 4415 4416
3 4415 4336 4417
3 4415 4417 4416
3 4354 4416 4417
3 4354 4417 4352
3 4417 4340 4345
3 4417 4345 4352
3 4392 4206 4221
3 4392 4221 4418
3 4351 4419 4106
3 4351 4106 4355
3 4351 4349 4420
3 4351 4420 4419
3 4420 4422 4105
3 4420 4105 4419
3 4420 4421 4424
3 4420 4424 4422
3 4421 4420 4349
3 4421 4349 4347
3 4423 4102 4105
3 4423 4105 4422
3 4424 4426 4423
3 4424 4423 4422
3 4424 4425 2139
3 4424 2139 4426
3 4425 4424 4421
3 4425 4421 4428
3 2140 4430 4423
3 2140 4423 4426
3 2136 2139 4425
3 2136 4425 4427
3 4425 4428 3813
3 4425 3813 4427
3 4421 4347 3812
3 4421 3812 4428
3 2136 4427 4429
3 2136 4429 2134
3 3813 3810 4429
3 3813 4429 4427
3 2124 4429 3810
3 2124 3810 3808
3 4429 2124 2126
3 4429 2126 2134
3 4102 4423 4430
3 4102 4430 4100
3 4430 2140 2142
3 4430 2142 4431
3 4100 4430 4431
3 4100 4431 4098
3 4431 2142 2145
3 4431 2145 2153
3 2155 4098 4431
3 2155 4431 2153
3 4342 4432 3824
3 4342 3824 3820
3 4433 3826 3824
3 4433 3824 4432
3 4338 4434 4433
3 4338 4433 4432
3 3826 4433 4435
3 3826 4435 3828
3 4436 4435 4433
3 4436 4433 4434
3 4435 4436 3852
3 4435 3852 3850
3 4435 3850 3830
3 4435 3830 3828
3 4334 4437 4436
3 4334 4436 4434
3 3855 3852 4436
3 3855 4436 4437
3 4330 4438 3855
3 4330 3855 4437
3 4326 4439 3854
3 4326 3854 4438
3 4322 4440 3859
3 4322 3859 4439
3 4318 4441 3863
3 4318 3863 4440
3 4314 4442 3867
3 4314 3867 4441
3 4310 4443 3871
3 4310 3871 4442
3 4306 4444 3875
3 4306 3875 4443
3 4302 4445 3879
3 4302 3879 4444
3 4298 4446 3883
3 4298 3883 4445
3 4294 4447 3887
3 4294 3887 4446
3 4290 4448 3891
3 4290 3891 4447
3 4286 3902 3895
3 4286 3895 4448
3 4167 4039 4032
3 4167 4032 4169
3 4042 4039 4167
3 4042 4167 4165
3 4042 4165 4449
3 4042 4449 4450
3 4451 4450 4449
3 4451 4449 4152
3 4451 4049 4041
3 4451 4041 4450
3 4052 4049 4451
3 4052 4451 4148
3 4452 4094 4453
3 4452 4453 4455
3 4453 2159 2161
3 4453 2161 4454
3 4453 4454 2493
3 4453 2493 4455
3 4452 4455 2496
3 4452 2496 4456
3 4457 4090 4452
3 4457 4452 4456
3 4457 4456 2499
3 4457 2499 4458
3 4459 4086 4457
3 4459 4457 4458
3 4459 4458 2502
3 4459 2502 4460
3 4461 4082 4459
3 4461 4459 4460
3 4461 4460 2505
3 4461 2505 4462
3 4463 4078 4461
3 4463 4461 4462
3 4463 4462 2508
3 4463 2508 4464
3 4465 4074 4463
3 4465 4463 4464
3 4465 4464 2511
3 4465 2511 4466
3 4467 4070 4465
3 4467 4465 4466
3 4467 4466 2514
3 4467 2514 4468
3 4469 4066 4467
3 4469 4467 4468
3 4469 4468 2517
3 4469 2517 4470
3 4471 4062 4469
3 4471 4469 4470
3 4471 4470 2520
3 4471 2520 4472
3 4473 4058 4471
3 4473 4471 4472
3 4473 4472 2523
3 4473 2523 4474
3 4475 4054 4473
3 4475 4473 4474
3 4475 4474 2526
3 4475 2526 4476
3 4046 4048 4475
3 4046 4475 4476
3 4044 4046 4476
3 4044 4476 2530
3 4036 4038 2534
3 4036 2534 2536
3 4034 4036 2536
3 4034 2536 2538
3 4477 4034 2538
3 4477 2538 4478
3 4480 4030 4477
3 4480 4477 4479
3 4477 4478 2544
3 4477 2544 4479
3 4480 4479 2547
3 4480 2547 4481
3 4482 4026 4480
3 4482 4480 4481
3 4482 4481 2550
3 4482 2550 4483
3 4484 4022 4482
3 4484 4482 4483
3 4484 4483 2553
3 4484 2553 4485
3 4486 4018 4484
3 4486 4484 4485
3 4486 4485 2556
3 4486 2556 4487
3 4488 4014 4486
3 4488 4486 4487
3 4488 4487 2559
3 4488 2559 4489
3 4490 4010 4488
3 4490 4488 4489
3 4490 4489 2562
3 4490 2562 4491
3 4492 4006 4490
3 4492 4490 4491
3 4492 4491 2565
3 4492 2565 4493
3 3998 4001 4492
3 3998 4492 4493
3 4495 3998 4493
3 4495 4493 2569
3 3995 3999 4494
3 3995 4494 4496
3 4495 2573 4494
3 4495 4494 3999
3 4494 2577 4498
3 4494 4498 4496
3 4497 3989 3995
3 4497 3995 4496
3 4497 4496 4498
3 4497 4498 2590
3 3985 4497 2590
3 3985 2590 2592
3 3953 3959 2714
3 3953 2714 2716
3 3948 3950 2718
3 3948 2718 4499
3 3946 3948 4499
3 3946 4499 4500
3 4499 2723 4501
3 4499 4501 4500
3 4500 4501 4505
3 4500 4505 4502
3 4503 3946 4500
3 4503 4500 4502
3 4503 4502 4504
3 4503 4504 4641
3 4505 4506 4504
3 4505 4504 4502
3 4506 4505 4507
3 4506 4507 4509
3 4505 4501 4510
3 4505 4510 4507
3 4510 4511 4508
3 4510 4508 4507
3 4507 4508 4520
3 4507 4520 4509
3 2725 2728 4511
3 2725 4511 4510
3 4501 2723 2725
3 4501 2725 4510
3 4508 4511 4512
3 4508 4512 4515
3 4513 4512 4511
3 4513 4511 2728
3 4512 4513 5110
3 4512 5110 4514
3 4512 4514 4516
3 4512 4516 4515
3 4515 4516 4518
3 4515 4518 4517
3 4520 4508 4515
3 4520 4515 4517
3 4517 4518 4529
3 4517 4529 4519
3 4521 4520 4517
3 4521 4517 4519
3 4520 4521 4522
3 4520 4522 4509
3 4524 4522 4521
3 4524 4521 4523
3 4521 4519 4526
3 4521 4526 4523
3 4524 4523 4525
3 4524 4525 4631
3 4526 4527 4525
3 4526 4525 4523
3 4527 4526 4528
3 4527 4528 4531
3 4529 4528 4526
3 4529 4526 4519
3 4528 4529 5116
3 4528 5116 4530
3 4528 4530 4533
3 4528 4533 4531
3 4527 4531 4532
3 4527 4532 4626
3 4533 4534 4532
3 4533 4532 4531
3 4534 4533 4535
3 4534 4535 4538
3 4536 4535 4533
3 4536 4533 4530
3 4535 4536 5120
3 4535 5120 4537
3 4535 4537 4540
3 4535 4540 4538
3 4534 4538 4539
3 4534 4539 4621
3 4540 4541 4539
3 4540 4539 4538
3 4541 4540 4542
3 4541 4542 4545
3 4543 4542 4540
3 4543 4540 4537
3 4542 4543 5039
3 4542 5039 4544
3 4542 4544 4547
3 4542 4547 4545
3 4541 4545 4546
3 4541 4546 4616
3 4547 4548 4546
3 4547 4546 4545
3 4548 4547 4549
3 4548 4549 4552
3 4550 4549 4547
3 4550 4547 4544
3 4549 4550 5026
3 4549 5026 4551
3 4549 4551 4554
3 4549 4554 4552
3 4548 4552 4553
3 4548 4553 4611
3 4554 4555 4553
3 4554 4553 4552
3 4555 4554 4556
3 4555 4556 4559
3 4557 4556 4554
3 4557 4554 4551
3 4556 4557 5029
3 4556 5029 4558
3 4556 4558 4561
3 4556 4561 4559
3 4555 4559 4560
3 4555 4560 4606
3 4561 4562 4560
3 4561 4560 4559
3 4562 4561 4563
3 4562 4563 4566
3 4564 4563 4561
3 4564 4561 4558
3 4563 4564 5032
3 4563 5032 4565
3 4563 4565 4568
3 4563 4568 4566
3 4562 4566 4567
3 4562 4567 4601
3 4568 4569 4567
3 4568 4567 4566
3 4569 4568 4570
3 4569 4570 4573
3 4571 4570 4568
3 4571 4568 4565
3 4570 4571 5036
3 4570 5036 4572
3 4570 4572 4575
3 4570 4575 4573
3 4569 4573 4574
3 4569 4574 4595
3 4575 4576 4574
3 4575 4574 4573
3 4576 4575 4577
3 4576 4577 4580
3 4578 4577 4575
3 4578 4575 4572
3 4577 4578 5125
3 4577 5125 4579
3 4577 4579 4581
3 4577 4581 4580
3 4580 4581 4584
3 4580 4584 4582
3 4585 4576 4580
3 4585 4580 4582
3 4583 4587 4585
3 4583 4585 4582
3 4583 4582 4584
3 4583 4584 4914
3 4585 4586 4574
3 4585 4574 4576
3 4586 4585 4587
3 4586 4587 4589
3 4587 4583 4908
3 4587 4908 4588
3 4590 4589 4587
3 4590 4587 4588
3 4590 4593 4591
3 4590 4591 4589
3 4591 4594 4586
3 4591 4586 4589
3 4591 4592 4596
3 4591 4596 4594
3 4592 4591 4593
3 4592 4593 9453
3 4595 4574 4586
3 4595 4586 4594
3 4596 4598 4595
3 4596 4595 4594
3 4599 4598 4596
3 4599 4596 4597
3 4597 4596 4592
3 4597 4592 9454
3 4601 4567 4598
3 4601 4598 4599
3 4598 4567 4569
3 4598 4569 4595
3 4762 4600 4599
3 4762 4599 4597
3 4600 4602 4601
3 4600 4601 4599
3 4602 4560 4562
3 4602 4562 4601
3 4606 4560 4602
3 4606 4602 4603
3 4603 4602 4600
3 4603 4600 4604
3 4760 4605 4603
3 4760 4603 4604
3 4605 4607 4606
3 4605 4606 4603
3 4607 4553 4555
3 4607 4555 4606
3 4611 4553 4607
3 4611 4607 4608
3 4608 4607 4605
3 4608 4605 4609
3 4740 4610 4608
3 4740 4608 4609
3 4610 4612 4611
3 4610 4611 4608
3 4612 4546 4548
3 4612 4548 4611
3 4616 4546 4612
3 4616 4612 4613
3 4613 4612 4610
3 4613 4610 4614
3 4738 4615 4613
3 4738 4613 4614
3 4615 4617 4616
3 4615 4616 4613
3 4617 4539 4541
3 4617 4541 4616
3 4621 4539 4617
3 4621 4617 4618
3 4618 4617 4615
3 4618 4615 4619
3 4679 4620 4618
3 4679 4618 4619
3 4620 4622 4621
3 4620 4621 4618
3 4622 4532 4534
3 4622 4534 4621
3 4626 4532 4622
3 4626 4622 4623
3 4623 4622 4620
3 4623 4620 4624
3 4677 4625 4623
3 4677 4623 4624
3 4625 4627 4626
3 4625 4626 4623
3 4627 4525 4527
3 4627 4527 4626
3 4631 4525 4627
3 4631 4627 4628
3 4628 4627 4625
3 4628 4625 4629
3 4651 4630 4628
3 4651 4628 4629
3 4630 4632 4631
3 4630 4631 4628
3 4632 4634 4524
3 4632 4524 4631
3 4635 4634 4632
3 4635 4632 4633
3 4633 4632 4630
3 4633 4630 4649
3 4637 4636 4634
3 4637 4634 4635
3 4522 4524 4634
3 4522 4634 4636
3 4637 4504 4506
3 4637 4506 4636
3 4506 4509 4522
3 4506 4522 4636
3 4504 4637 4638
3 4504 4638 4641
3 4640 4638 4637
3 4640 4637 4635
3 4642 4641 4638
3 4642 4638 4639
3 4639 4638 4640
3 4639 4640 4643
3 4642 3942 4503
3 4642 4503 4641
3 3933 3936 4642
3 3933 4642 4639
3 4643 4640 4644
3 4643 4644 4645
3 4644 4640 4635
3 4644 4635 4633
3 4645 4644 4646
3 4645 4646 4647
3 4646 4644 4633
3 4646 4633 4649
3 4647 4646 4648
3 4647 4648 9456
3 4648 4646 4649
3 4648 4649 4650
3 4649 4630 4651
3 4649 4651 4650
3 4650 4651 4653
3 4650 4653 4652
3 4655 4648 4650
3 4655 4650 4652
3 4652 4653 4675
3 4652 4675 4654
3 4657 4655 4652
3 4657 4652 4654
3 9456 4648 4655
3 9456 4655 4656
3 4656 4655 4657
3 4656 4657 4658
3 4658 4657 4659
3 4658 4659 4661
3 4659 4657 4654
3 4659 4654 4662
3 4660 4659 4662
3 4660 4662 4664
3 4659 4660 7786
3 4659 7786 4661
3 4654 4675 4663
3 4654 4663 4662
3 4662 4663 4666
3 4662 4666 4664
3 4660 4664 4665
3 4660 4665 7783
3 4666 4667 4665
3 4666 4665 4664
3 4667 4666 4668
3 4667 4668 4670
3 4666 4663 4671
3 4666 4671 4668
3 4671 4672 4669
3 4671 4669 4668
3 4668 4669 4687
3 4668 4687 4670
3 4673 4674 4672
3 4673 4672 4671
3 4663 4675 4673
3 4663 4673 4671
3 4676 4677 4674
3 4676 4674 4673
3 4675 4653 4676
3 4675 4676 4673
3 4629 4625 4677
3 4629 4677 4676
3 4653 4651 4629
3 4653 4629 4676
3 4674 4677 4624
3 4674 4624 4678
3 4672 4674 4678
3 4672 4678 4680
3 4624 4620 4679
3 4624 4679 4678
3 4678 4679 4681
3 4678 4681 4680
3 4680 4681 4683
3 4680 4683 4682
3 4669 4672 4680
3 4669 4680 4682
3 4682 4683 4685
3 4682 4685 4684
3 4687 4669 4682
3 4687 4682 4684
3 4684 4685 4728
3 4684 4728 4686
3 4688 4687 4684
3 4688 4684 4686
3 4687 4688 4689
3 4687 4689 4670
3 4693 4689 4688
3 4693 4688 4690
3 4688 4686 4691
3 4688 4691 4690
3 4690 4691 4726
3 4690 4726 4692
3 4695 4693 4690
3 4695 4690 4692
3 8373 4689 4693
3 8373 4693 4694
3 4694 4693 4695
3 4694 4695 4697
3 4696 4695 4692
3 4696 4692 9455
3 4695 4696 4699
3 4695 4699 4697
3 4698 7780 4694
3 4698 4694 4697
3 4698 4697 4699
3 4698 4699 4700
3 4700 4699 4701
3 4700 4701 4702
3 4701 4699 4696
3 4701 4696 4704
3 4702 4701 4703
3 4702 4703 7766
3 4703 4701 4704
3 4703 4704 4706
3 4696 9455 4705
3 4696 4705 4704
3 4704 4705 4707
3 4704 4707 4706
3 4706 4707 4711
3 4706 4711 4708
3 4709 4703 4706
3 4709 4706 4708
3 4709 4708 4710
3 4709 4710 7759
3 4711 4712 4710
3 4711 4710 4708
3 4712 4711 4713
3 4712 4713 4715
3 4711 4707 4716
3 4711 4716 4713
3 4716 4717 4714
3 4716 4714 4713
3 4713 4714 7738
3 4713 7738 4715
3 4718 4720 4717
3 4718 4717 4716
3 4707 4705 4718
3 4707 4718 4716
3 4718 4719 4722
3 4718 4722 4720
3 4719 4718 4705
3 4719 4705 9455
3 4721 7733 4717
3 4721 4717 4720
3 4722 4723 4721
3 4722 4721 4720
3 4724 4725 4723
3 4724 4723 4722
3 4719 4726 4724
3 4719 4724 4722
3 4727 4729 4725
3 4727 4725 4724
3 4726 4691 4727
3 4726 4727 4724
3 4727 4728 4731
3 4727 4731 4729
3 4728 4727 4691
3 4728 4691 4686
3 4730 4748 4725
3 4730 4725 4729
3 4731 4732 4730
3 4731 4730 4729
3 4733 4734 4732
3 4733 4732 4731
3 4728 4685 4733
3 4728 4733 4731
3 4735 4736 4734
3 4735 4734 4733
3 4685 4683 4735
3 4685 4735 4733
3 4737 4738 4736
3 4737 4736 4735
3 4683 4681 4737
3 4683 4737 4735
3 4619 4615 4738
3 4619 4738 4737
3 4681 4679 4619
3 4681 4619 4737
3 4736 4738 4614
3 4736 4614 4739
3 4734 4736 4739
3 4734 4739 4741
3 4614 4610 4740
3 4614 4740 4739
3 4739 4740 4742
3 4739 4742 4741
3 4741 4742 4744
3 4741 4744 4743
3 4732 4734 4741
3 4732 4741 4743
3 4743 4744 4746
3 4743 4746 4745
3 4730 4732 4743
3 4730 4743 4745
3 4745 4746 4750
3 4745 4750 4747
3 4748 4730 4745
3 4748 4745 4747
3 4748 4747 4749
3 4748 4749 8374
3 4750 4751 4749
3 4750 4749 4747
3 4751 4750 4752
3 4751 4752 4754
3 4750 4746 4755
3 4750 4755 4752
3 4755 4756 4753
3 4755 4753 4752
3 4752 4753 7723
3 4752 7723 4754
3 4757 4758 4756
3 4757 4756 4755
3 4746 4744 4757
3 4746 4757 4755
3 4759 4760 4758
3 4759 4758 4757
3 4744 4742 4759
3 4744 4759 4757
3 4609 4605 4760
3 4609 4760 4759
3 4742 4740 4609
3 4742 4609 4759
3 4758 4760 4604
3 4758 4604 4761
3 4756 4758 4761
3 4756 4761 4763
3 4604 4600 4762
3 4604 4762 4761
3 4761 4762 4764
3 4761 4764 4763
3 4763 4764 4767
3 4763 4767 4765
3 4753 4756 4763
3 4753 4763 4765
3 4766 7723 4753
3 4766 4753 4765
3 4766 4765 4767
3 4766 4767 4769
3 4768 4767 4764
3 4768 4764 9454
3 4767 4768 4771
3 4767 4771 4769
3 4770 7719 4766
3 4770 4766 4769
3 4770 4769 4771
3 4770 4771 4773
3 4772 4771 4768
3 4772 4768 9453
3 4771 4772 4775
3 4771 4775 4773
3 4774 7715 4770
3 4774 4770 4773
3 4774 4773 4775
3 4774 4775 4777
3 4776 4775 4772
3 4776 4772 4912
3 4775 4776 4779
3 4775 4779 4777
3 4778 7711 4774
3 4778 4774 4777
3 4778 4777 4779
3 4778 4779 4781
3 4780 4779 4776
3 4780 4776 4911
3 4779 4780 4783
3 4779 4783 4781
3 4782 7706 4778
3 4782 4778 4781
3 4782 4781 4783
3 4782 4783 4785
3 4784 4783 4780
3 4784 4780 9440
3 4783 4784 4787
3 4783 4787 4785
3 4786 7704 4782
3 4786 4782 4785
3 4786 4785 4787
3 4786 4787 4789
3 4788 4787 4784
3 4788 4784 9441
3 4787 4788 4791
3 4787 4791 4789
3 4790 7703 4786
3 4790 4786 4789
3 4790 4789 4791
3 4790 4791 4793
3 4792 4791 4788
3 4792 4788 9442
3 4791 4792 4795
3 4791 4795 4793
3 4794 8375 4790
3 4794 4790 4793
3 4794 4793 4795
3 4794 4795 4797
3 4796 4795 4792
3 4796 4792 9443
3 4795 4796 4799
3 4795 4799 4797
3 4798 8376 4794
3 4798 4794 4797
3 4798 4797 4799
3 4798 4799 4801
3 4800 4799 4796
3 4800 4796 9444
3 4799 4800 4803
3 4799 4803 4801
3 4802 8377 4798
3 4802 4798 4801
3 4802 4801 4803
3 4802 4803 4805
3 4804 4803 4800
3 4804 4800 9445
3 4803 4804 4807
3 4803 4807 4805
3 4806 8380 4802
3 4806 4802 4805
3 4806 4805 4807
3 4806 4807 4809
3 4808 4807 4804
3 4808 4804 4878
3 4807 4808 4811
3 4807 4811 4809
3 4810 8383 4806
3 4810 4806 4809
3 4810 4809 4811
3 4810 4811 4813
3 4812 4811 4808
3 4812 4808 4876
3 4811 4812 4815
3 4811 4815 4813
3 4814 8386 4810
3 4814 4810 4813
3 4814 4813 4815
3 4814 4815 4817
3 4816 4815 4812
3 4816 4812 4875
3 4815 4816 4818
3 4815 4818 4817
3 4817 4818 4820
3 4817 4820 4819
3 4822 4814 4817
3 4822 4817 4819
3 4819 4820 9451
3 4819 9451 4821
3 4824 4822 4819
3 4824 4819 4821
3 8386 4814 4822
3 8386 4822 4823
3 4823 4822 4824
3 4823 4824 4825
3 4825 4824 4826
3 4825 4826 4827
3 4826 4824 4821
3 4826 4821 4829
3 4827 4826 4828
3 4827 4828 8395
3 4828 4826 4829
3 4828 4829 4831
3 4821 9451 4830
3 4821 4830 4829
3 4829 4830 4833
3 4829 4833 4831
3 4832 8398 4828
3 4832 4828 4831
3 4832 4831 4833
3 4832 4833 4835
3 4834 4833 4830
3 4834 4830 9450
3 4833 4834 4837
3 4833 4837 4835
3 4836 8401 4832
3 4836 4832 4835
3 4836 4835 4837
3 4836 4837 4838
3 4838 4837 4839
3 4838 4839 4840
3 4839 4837 4834
3 4839 4834 4841
3 4839 4842 4843
3 4839 4843 4840
3 4839 4841 4845
3 4839 4845 4842
3 7588 4843 4842
3 7588 4842 4844
3 4845 4847 4844
3 4845 4844 4842
3 4845 4841 9452
3 4845 9452 4846
3 4845 4846 4849
3 4845 4849 4847
3 7589 4844 4847
3 7589 4847 4848
3 4848 4847 4849
3 4848 4849 4850
3 4850 4849 4851
3 4850 4851 4852
3 4846 4854 4851
3 4846 4851 4849
3 4852 4851 4853
3 4852 4853 8896
3 4854 4856 4853
3 4854 4853 4851
3 4854 4855 4857
3 4854 4857 4856
3 4846 9452 4855
3 4846 4855 4854
3 4856 4857 4859
3 4856 4859 4858
3 4856 4858 4860
3 4856 4860 4853
3 4858 4859 4862
3 4858 4862 4861
3 4858 4861 4863
3 4858 4863 4860
3 4867 4864 4861
3 4867 4861 4862
3 4863 4861 4864
3 4863 4864 4865
3 4866 8906 4865
3 4866 4865 4864
3 4869 4866 4864
3 4869 4864 4867
3 4869 4867 4868
3 4869 4868 4871
3 9446 4868 4867
3 9446 4867 4862
3 4869 4870 9253
3 4869 9253 4866
3 4872 4870 4869
3 4872 4869 4871
3 4871 4873 4874
3 4871 4874 4872
3 4871 4868 4875
3 4871 4875 4873
3 4876 4877 4874
3 4876 4874 4873
3 4875 4812 4876
3 4875 4876 4873
3 4808 4878 4877
3 4808 4877 4876
3 4881 4874 4877
3 4881 4877 4879
3 4880 4879 4877
3 4880 4877 4878
3 4879 4880 4885
3 4879 4885 4882
3 4881 4879 4882
3 4881 4882 4884
3 4885 4887 4883
3 4885 4883 4882
3 4882 4883 5162
3 4882 5162 4884
3 4885 4886 4889
3 4885 4889 4887
3 4886 4885 4880
3 4886 4880 9445
3 4888 5164 4883
3 4888 4883 4887
3 4889 4891 4888
3 4889 4888 4887
3 4889 4890 4893
3 4889 4893 4891
3 4890 4889 4886
3 4890 4886 9444
3 4892 5153 4888
3 4892 4888 4891
3 4893 4895 4892
3 4893 4892 4891
3 4893 4894 4897
3 4893 4897 4895
3 4894 4893 4890
3 4894 4890 9443
3 4896 5149 4892
3 4896 4892 4895
3 4897 4899 4896
3 4897 4896 4895
3 4897 4898 4901
3 4897 4901 4899
3 4898 4897 4894
3 4898 4894 9442
3 4900 5148 4896
3 4900 4896 4899
3 4901 4903 4900
3 4901 4900 4899
3 4901 4902 4905
3 4901 4905 4903
3 4902 4901 4898
3 4902 4898 9441
3 4904 4916 4900
3 4904 4900 4903
3 4905 4907 4904
3 4905 4904 4903
3 4905 4906 4909
3 4905 4909 4907
3 4906 4905 4902
3 4906 4902 9440
3 4908 4913 4904
3 4908 4904 4907
3 4909 4588 4908
3 4909 4908 4907
3 4909 4910 4590
3 4909 4590 4588
3 4910 4909 4906
3 4910 4906 4911
3 4776 4912 4910
3 4776 4910 4911
3 4593 4590 4910
3 4593 4910 4912
3 4772 9453 4593
3 4772 4593 4912
3 4780 4911 4906
3 4780 4906 9440
3 4913 4908 4583
3 4913 4583 4914
3 4916 4904 4913
3 4916 4913 4915
3 4913 4914 4918
3 4913 4918 4915
3 4916 4915 4917
3 4916 4917 5147
3 4918 4919 4917
3 4918 4917 4915
3 4919 4918 4920
3 4919 4920 4922
3 4584 4920 4918
3 4584 4918 4914
3 4920 4584 4581
3 4920 4581 4921
3 4920 4921 4924
3 4920 4924 4922
3 4919 4922 4923
3 4919 4923 5145
3 4924 4925 4923
3 4924 4923 4922
3 4926 4927 4925
3 4926 4925 4924
3 4921 4928 4926
3 4921 4926 4924
3 4929 4930 4927
3 4929 4927 4926
3 4928 4931 4929
3 4928 4929 4926
3 4932 3261 4930
3 4932 4930 4929
3 4931 4934 4932
3 4931 4932 4929
3 4932 4933 3258
3 4932 3258 3261
3 4933 4932 4934
3 4933 4934 4936
3 4937 4936 4934
3 4937 4934 4935
3 4935 4934 4931
3 4935 4931 5125
3 4937 4940 4938
3 4937 4938 4936
3 4938 4939 4933
3 4938 4933 4936
3 4941 4944 4939
3 4941 4939 4938
3 4940 4943 4941
3 4940 4941 4938
3 4941 4942 4946
3 4941 4946 4944
3 4942 4941 4943
3 4942 4943 3076
3 4945 3256 4939
3 4945 4939 4944
3 4946 4947 4945
3 4946 4945 4944
3 4948 4949 4947
3 4948 4947 4946
3 4942 3075 4948
3 4942 4948 4946
3 4950 4951 4949
3 4950 4949 4948
3 3075 3078 4950
3 3075 4950 4948
3 4952 4953 4951
3 4952 4951 4950
3 3078 3080 4952
3 3078 4952 4950
3 4954 4955 4953
3 4954 4953 4952
3 3080 3082 4954
3 3080 4954 4952
3 4956 4957 4955
3 4956 4955 4954
3 3082 3085 4956
3 3082 4956 4954
3 4958 4959 4957
3 4958 4957 4956
3 3085 3087 4958
3 3085 4958 4956
3 4960 4961 4959
3 4960 4959 4958
3 3087 3089 4960
3 3087 4960 4958
3 4962 4963 4961
3 4962 4961 4960
3 3089 3091 4962
3 3089 4962 4960
3 4964 4965 4963
3 4964 4963 4962
3 3091 3094 4964
3 3091 4964 4962
3 4966 4967 4965
3 4966 4965 4964
3 3094 3096 4966
3 3094 4966 4964
3 4968 4969 4967
3 4968 4967 4966
3 3096 3098 4968
3 3096 4968 4966
3 4970 4971 4969
3 4970 4969 4968
3 3098 3100 4970
3 3098 4970 4968
3 4972 4973 4971
3 4972 4971 4970
3 3100 3103 4972
3 3100 4972 4970
3 4974 4975 4973
3 4974 4973 4972
3 3103 3105 4974
3 3103 4974 4972
3 4976 4977 4975
3 4976 4975 4974
3 3105 3107 4976
3 3105 4976 4974
3 4978 4979 4977
3 4978 4977 4976
3 3107 3109 4978
3 3107 4978 4976
3 4980 4981 4979
3 4980 4979 4978
3 3109 3112 4980
3 3109 4980 4978
3 4982 4983 4981
3 4982 4981 4980
3 3112 3114 4982
3 3112 4982 4980
3 4984 4985 4983
3 4984 4983 4982
3 3114 3116 4984
3 3114 4984 4982
3 4986 4987 4985
3 4986 4985 4984
3 3116 3118 4986
3 3116 4986 4984
3 4988 4989 4987
3 4988 4987 4986
3 3118 3121 4988
3 3118 4988 4986
3 4990 4991 4989
3 4990 4989 4988
3 3121 3123 4990
3 3121 4990 4988
3 4992 4993 4991
3 4992 4991 4990
3 3123 3125 4992
3 3123 4992 4990
3 3133 4994 4993
3 3133 4993 4992
3 3125 3127 3133
3 3125 3133 4992
3 4991 4993 3168
3 4991 3168 3170
3 4993 4994 4995
3 4993 4995 3168
3 4994 3132 3158
3 4994 3158 4995
3 4989 4991 3170
3 4989 3170 3172
3 4987 4989 3172
3 4987 3172 4996
3 4985 4987 4996
3 4985 4996 3182
3 4983 4985 3182
3 4983 3182 3184
3 4981 4983 3184
3 4981 3184 3186
3 4979 4981 3186
3 4979 3186 4997
3 4977 4979 4997
3 4977 4997 3196
3 4975 4977 3196
3 4975 3196 3198
3 4973 4975 3198
3 4973 3198 3200
3 4971 4973 3200
3 4971 3200 4998
3 4969 4971 4998
3 4969 4998 3210
3 4967 4969 3210
3 4967 3210 3212
3 4965 4967 3212
3 4965 3212 3214
3 4963 4965 3214
3 4963 3214 4999
3 4961 4963 4999
3 4961 4999 3224
3 4959 4961 3224
3 4959 3224 3226
3 4957 4959 3226
3 4957 3226 3228
3 4955 4957 3228
3 4955 3228 5000
3 4953 4955 5000
3 4953 5000 3238
3 4951 4953 3238
3 4951 3238 3240
3 4949 4951 3240
3 4949 3240 3242
3 4947 4949 3242
3 4947 3242 5001
3 4945 4947 5001
3 4945 5001 3252
3 3073 3076 4943
3 3073 4943 5002
3 5002 4943 4940
3 5002 4940 5003
3 5005 5004 5002
3 5005 5002 5003
3 5004 3071 3073
3 5004 3073 5002
3 5004 5005 5008
3 5004 5008 5006
3 5009 3071 5004
3 5009 5004 5006
3 5007 5010 5009
3 5007 5009 5006
3 5007 5006 5008
3 5007 5008 5031
3 5010 5012 3070
3 5010 3070 5009
3 5010 5007 5028
3 5010 5028 5011
3 5013 5012 5010
3 5013 5010 5011
3 5015 5014 5012
3 5015 5012 5013
3 3064 3070 5012
3 3064 5012 5014
3 5015 5016 3063
3 5015 3063 5014
3 5016 5015 5017
3 5016 5017 2940
3 5019 5017 5015
3 5019 5015 5013
3 2937 2940 5017
3 2937 5017 5018
3 5018 5017 5019
3 5018 5019 5021
3 5020 5019 5013
3 5020 5013 5011
3 5019 5020 5023
3 5019 5023 5021
3 5022 5044 5018
3 5022 5018 5021
3 5022 5021 5023
3 5022 5023 5024
3 5024 5023 5025
3 5024 5025 5026
3 5025 5023 5020
3 5025 5020 5027
3 5026 5025 4557
3 5026 4557 4551
3 4557 5025 5027
3 4557 5027 5029
3 5020 5011 5028
3 5020 5028 5027
3 5027 5028 5030
3 5027 5030 5029
3 5029 5030 4564
3 5029 4564 4558
3 4564 5030 5031
3 4564 5031 5032
3 5030 5028 5007
3 5030 5007 5031
3 5031 5008 5033
3 5031 5033 5032
3 5032 5033 4571
3 5032 4571 4565
3 4571 5033 5034
3 4571 5034 5036
3 5033 5008 5005
3 5033 5005 5034
3 5005 5003 5035
3 5005 5035 5034
3 5034 5035 5037
3 5034 5037 5036
3 5036 5037 4578
3 5036 4578 4572
3 4578 5037 4935
3 4578 4935 5125
3 5037 5035 4937
3 5037 4937 4935
3 4940 4937 5035
3 4940 5035 5003
3 4550 5038 5024
3 4550 5024 5026
3 5038 5040 5022
3 5038 5022 5024
3 5041 5040 5038
3 5041 5038 5039
3 5039 5038 4550
3 5039 4550 4544
3 5043 5042 5040
3 5043 5040 5041
3 5044 5022 5040
3 5044 5040 5042
3 5043 5046 5045
3 5043 5045 5042
3 5045 2935 5044
3 5045 5044 5042
3 5046 5048 2934
3 5046 2934 5045
3 5046 5043 5119
3 5046 5119 5047
3 5049 5048 5046
3 5049 5046 5047
3 5051 5050 5048
3 5051 5048 5049
3 2928 2934 5048
3 2928 5048 5050
3 5051 5052 2927
3 5051 2927 5050
3 5052 5051 5053
3 5052 5053 5056
3 5055 5053 5051
3 5055 5051 5049
3 5057 5056 5053
3 5057 5053 5054
3 5054 5053 5055
3 5054 5055 5113
3 5057 5060 5058
3 5057 5058 5056
3 5058 5059 5052
3 5058 5052 5056
3 5061 5062 5059
3 5061 5059 5058
3 5060 5063 5061
3 5060 5061 5058
3 5064 5065 5062
3 5064 5062 5061
3 5063 5066 5064
3 5063 5064 5061
3 5067 5068 5065
3 5067 5065 5064
3 5066 5069 5067
3 5066 5067 5064
3 5070 5071 5068
3 5070 5068 5067
3 5069 5072 5070
3 5069 5070 5067
3 5073 5074 5071
3 5073 5071 5070
3 5072 5075 5073
3 5072 5073 5070
3 5076 5077 5074
3 5076 5074 5073
3 5075 5078 5076
3 5075 5076 5073
3 5079 5080 5077
3 5079 5077 5076
3 5078 5081 5079
3 5078 5079 5076
3 5082 5083 5080
3 5082 5080 5079
3 5081 5084 5082
3 5081 5082 5079
3 5085 5086 5083
3 5085 5083 5082
3 5084 5087 5085
3 5084 5085 5082
3 5088 5089 5086
3 5088 5086 5085
3 5087 2755 5088
3 5087 5088 5085
3 5090 5091 5089
3 5090 5089 5088
3 2755 2758 5090
3 2755 5090 5088
3 5092 5093 5091
3 5092 5091 5090
3 2758 2760 5092
3 2758 5092 5090
3 2763 5094 5093
3 2763 5093 5092
3 5091 5093 2883
3 5091 2883 2885
3 5093 5094 2881
3 5093 2881 2883
3 2765 5095 5094
3 2765 5094 2763
3 5094 5095 5096
3 5094 5096 2881
3 5095 2765 2767
3 5095 2767 5097
3 5095 5097 2869
3 5095 2869 5096
3 2767 2769 2868
3 2767 2868 5097
3 5089 5091 2885
3 5089 2885 5098
3 5086 5089 5098
3 5086 5098 2895
3 2756 5087 5084
3 2756 5084 5099
3 5083 5086 2895
3 5083 2895 2897
3 5099 5084 5081
3 5099 5081 5100
3 2745 2748 5099
3 2745 5099 5100
3 2748 2750 2756
3 2748 2756 5099
3 5100 5081 5078
3 5100 5078 5101
3 2743 2745 5100
3 2743 5100 5101
3 5101 5078 5075
3 5101 5075 5102
3 2741 2743 5101
3 2741 5101 5102
3 5102 5075 5072
3 5102 5072 5103
3 2739 2741 5102
3 2739 5102 5103
3 5103 5072 5069
3 5103 5069 5104
3 2736 2739 5103
3 2736 5103 5104
3 5104 5069 5066
3 5104 5066 5105
3 2734 2736 5104
3 2734 5104 5105
3 5105 5066 5063
3 5105 5063 5106
3 2732 2734 5105
3 2732 5105 5106
3 5106 5063 5060
3 5106 5060 5107
3 5108 2732 5106
3 5108 5106 5107
3 5108 5107 5109
3 5108 5109 5110
3 5060 5057 5109
3 5060 5109 5107
3 5110 5109 5111
3 5110 5111 4514
3 5111 5109 5057
3 5111 5057 5054
3 5112 5111 5054
3 5112 5054 5113
3 5111 5112 4516
3 5111 4516 4514
3 4518 4516 5112
3 4518 5112 5114
3 5112 5113 5115
3 5112 5115 5114
3 5114 5115 5117
3 5114 5117 5116
3 4529 4518 5114
3 4529 5114 5116
3 5116 5117 4536
3 5116 4536 4530
3 4536 5117 5118
3 4536 5118 5120
3 5117 5115 5121
3 5117 5121 5118
3 5121 5047 5119
3 5121 5119 5118
3 5118 5119 5122
3 5118 5122 5120
3 5121 5055 5049
3 5121 5049 5047
3 5055 5121 5115
3 5055 5115 5113
3 5120 5122 4543
3 5120 4543 4537
3 4543 5122 5041
3 4543 5041 5039
3 5122 5119 5043
3 5122 5043 5041
3 4513 2727 5108
3 4513 5108 5110
3 5080 5083 2897
3 5080 2897 2899
3 5077 5080 2899
3 5077 2899 5123
3 5074 5077 5123
3 5074 5123 2909
3 5071 5074 2909
3 5071 2909 2911
3 5068 5071 2911
3 5068 2911 2913
3 5065 5068 2913
3 5065 2913 5124
3 5062 5065 5124
3 5062 5124 2923
3 5059 5062 2923
3 5059 2923 2925
3 5052 5059 2925
3 5052 2925 2927
3 5044 2935 2937
3 5044 2937 5018
3 5016 2939 3061
3 5016 3061 3063
3 4933 4939 3256
3 4933 3256 3258
3 5125 4931 4928
3 5125 4928 4579
3 4927 4930 3260
3 4927 3260 5126
3 4928 4921 4581
3 4928 4581 4579
3 4925 4927 5126
3 4925 5126 5127
3 5126 3265 5129
3 5126 5129 5127
3 5128 4923 4925
3 5128 4925 5127
3 5128 5127 5129
3 5128 5129 5130
3 5130 5129 5131
3 5130 5131 5132
3 3267 5131 5129
3 3267 5129 3265
3 5133 5132 5131
3 5133 5131 3272
3 5133 5136 5134
3 5133 5134 5132
3 5134 5137 5130
3 5134 5130 5132
3 5134 5135 5139
3 5134 5139 5137
3 5135 5134 5136
3 5135 5136 9431
3 5137 5138 5128
3 5137 5128 5130
3 5138 5137 5139
3 5138 5139 5141
3 5142 5141 5139
3 5142 5139 5140
3 5140 5139 5135
3 5140 5135 9432
3 5142 5144 5143
3 5142 5143 5141
3 5143 5145 5138
3 5143 5138 5141
3 5143 4917 4919
3 5143 4919 5145
3 4917 5143 5144
3 4917 5144 5147
3 4923 5128 5138
3 4923 5138 5145
3 5144 5142 5150
3 5144 5150 5146
3 5148 5147 5144
3 5148 5144 5146
3 5148 4900 4916
3 5148 4916 5147
3 5149 4896 5148
3 5149 5148 5146
3 5149 5146 5150
3 5149 5150 5152
3 5151 5150 5142
3 5151 5142 5140
3 5150 5151 5154
3 5150 5154 5152
3 5153 4892 5149
3 5153 5149 5152
3 5153 5152 5154
3 5153 5154 5155
3 5155 5154 5156
3 5155 5156 5159
3 5157 5156 5154
3 5157 5154 5151
3 5156 5157 9428
3 5156 9428 5158
3 5160 5159 5156
3 5160 5156 5158
3 5160 5163 5161
3 5160 5161 5159
3 5161 5164 5155
3 5161 5155 5159
3 5161 5162 4883
3 5161 4883 5164
3 5162 5161 5163
3 5162 5163 5165
3 5164 4888 5153
3 5164 5153 5155
3 5165 5163 5166
3 5165 5166 5167
3 5168 5166 5163
3 5168 5163 5160
3 5169 5170 5167
3 5169 5167 5166
3 5168 5172 5169
3 5168 5169 5166
3 9229 5170 5169
3 9229 5169 5171
3 5172 5174 5171
3 5172 5171 5169
3 5172 5173 5176
3 5172 5176 5174
3 5168 9429 5173
3 5168 5173 5172
3 9231 5171 5174
3 9231 5174 5175
3 5176 5178 5175
3 5176 5175 5174
3 5176 5173 9426
3 5176 9426 5177
3 5176 5177 5180
3 5176 5180 5178
3 9233 5175 5178
3 9233 5178 5179
3 5180 5182 5179
3 5180 5179 5178
3 5180 5177 9423
3 5180 9423 5181
3 5180 5181 5184
3 5180 5184 5182
3 9235 5179 5182
3 9235 5182 5183
3 5184 5186 5183
3 5184 5183 5182
3 5184 5181 9420
3 5184 9420 5185
3 5184 5185 5188
3 5184 5188 5186
3 9237 5183 5186
3 9237 5186 5187
3 5188 5190 5187
3 5188 5187 5186
3 5188 5185 9417
3 5188 9417 5189
3 5188 5189 5192
3 5188 5192 5190
3 9239 5187 5190
3 9239 5190 5191
3 5192 5194 5191
3 5192 5191 5190
3 5192 5189 9415
3 5192 9415 5193
3 5192 5193 5196
3 5192 5196 5194
3 9241 5191 5194
3 9241 5194 5195
3 5196 5198 5195
3 5196 5195 5194
3 5196 5193 5208
3 5196 5208 5197
3 5196 5197 5200
3 5196 5200 5198
3 9243 5195 5198
3 9243 5198 5199
3 5200 5201 5199
3 5200 5199 5198
3 5203 5201 5200
3 5203 5200 5202
3 5197 5205 5202
3 5197 5202 5200
3 5203 5202 5204
3 5203 5204 9168
3 5204 5202 5205
3 5204 5205 5206
3 5207 5210 5206
3 5207 5206 5205
3 5197 5208 5207
3 5197 5207 5205
3 5207 5208 9414
3 5207 9414 5209
3 5207 5209 5211
3 5207 5211 5210
3 5210 5211 5213
3 5210 5213 5212
3 5210 5212 5214
3 5210 5214 5206
3 5212 5213 5218
3 5212 5218 5215
3 5212 5215 5216
3 5212 5216 5214
3 9164 5216 5215
3 9164 5215 5217
3 5218 5220 5217
3 5218 5217 5215
3 5218 5213 9407
3 5218 9407 5219
3 5218 5219 5221
3 5218 5221 5220
3 5220 5221 5225
3 5220 5225 5222
3 5220 5222 5223
3 5220 5223 5217
3 9163 5223 5222
3 9163 5222 5224
3 5225 5227 5224
3 5225 5224 5222
3 5225 5221 9403
3 5225 9403 5226
3 5225 5226 5228
3 5225 5228 5227
3 5227 5228 5230
3 5227 5230 5229
3 5227 5229 5231
3 5227 5231 5224
3 5229 5230 5233
3 5229 5233 5232
3 5229 5232 5234
3 5229 5234 5231
3 5232 5233 5236
3 5232 5236 5235
3 5232 5235 5237
3 5232 5237 5234
3 5235 5236 5239
3 5235 5239 5238
3 5235 5238 5240
3 5235 5240 5237
3 5238 5239 5242
3 5238 5242 5241
3 5238 5241 5243
3 5238 5243 5240
3 5241 5242 5245
3 5241 5245 5244
3 5241 5244 5246
3 5241 5246 5243
3 5244 5245 5248
3 5244 5248 5247
3 5244 5247 5249
3 5244 5249 5246
3 5247 5248 5251
3 5247 5251 5250
3 5247 5250 5252
3 5247 5252 5249
3 5250 5251 5254
3 5250 5254 5253
3 5250 5253 5255
3 5250 5255 5252
3 5253 5254 5257
3 5253 5257 5256
3 5253 5256 5258
3 5253 5258 5255
3 5256 5257 5260
3 5256 5260 5259
3 5256 5259 5261
3 5256 5261 5258
3 5259 5260 5263
3 5259 5263 5262
3 5259 5262 5264
3 5259 5264 5261
3 5262 5263 5266
3 5262 5266 5265
3 5262 5265 5267
3 5262 5267 5264
3 5265 5266 5269
3 5265 5269 5268
3 5265 5268 5270
3 5265 5270 5267
3 5268 5269 5272
3 5268 5272 5271
3 5268 5271 5273
3 5268 5273 5270
3 5271 5272 5275
3 5271 5275 5274
3 5271 5274 5276
3 5271 5276 5273
3 5274 5275 5278
3 5274 5278 5277
3 5274 5277 5279
3 5274 5279 5276
3 5277 5278 5281
3 5277 5281 5280
3 5277 5280 5282
3 5277 5282 5279
3 5280 5281 5284
3 5280 5284 5283
3 5280 5283 5285
3 5280 5285 5282
3 5283 5284 5287
3 5283 5287 5286
3 5283 5286 5288
3 5283 5288 5285
3 5286 5287 5290
3 5286 5290 5289
3 5286 5289 5291
3 5286 5291 5288
3 5289 5290 5293
3 5289 5293 5292
3 5289 5292 5294
3 5289 5294 5291
3 5292 5293 5296
3 5292 5296 5295
3 5292 5295 5297
3 5292 5297 5294
3 5295 5296 5299
3 5295 5299 5298
3 5295 5298 5300
3 5295 5300 5297
3 5298 5299 5302
3 5298 5302 5301
3 5298 5301 5303
3 5298 5303 5300
3 5301 5302 3358
3 5301 3358 5304
3 5301 5304 5305
3 5301 5305 5303
3 5304 3359 5307
3 5304 5307 5305
3 9050 5303 5305
3 9050 5305 5306
3 5306 5305 5307
3 5306 5307 5308
3 3362 5310 5308
3 3362 5308 5307
3 5306 5308 5309
3 5306 5309 9045
3 5309 5308 5310
3 5309 5310 5311
3 5311 5310 5312
3 5311 5312 5313
3 3362 3364 5312
3 3362 5312 5310
3 5313 5312 5314
3 5313 5314 5315
3 3364 3366 5314
3 3364 5314 5312
3 5317 5315 5314
3 5317 5314 5316
3 3366 3368 5316
3 3366 5316 5314
3 5317 5316 5318
3 5317 5318 3412
3 5318 5316 3368
3 5318 3368 3370
3 5318 3370 9470
3 5318 9470 3409
3 5320 5315 5317
3 5320 5317 5319
3 5317 3412 3414
3 5317 3414 5319
3 5320 5319 3417
3 5320 3417 5322
3 5313 5315 5320
3 5313 5320 5321
3 5320 5322 5323
3 5320 5323 5321
3 5325 5323 5322
3 5325 5322 3420
3 5324 9049 5321
3 5324 5321 5323
3 5324 5323 5325
3 5324 5325 5326
3 5325 3423 5328
3 5325 5328 5326
3 9048 5324 5326
3 9048 5326 5327
3 5329 5327 5326
3 5329 5326 5328
3 5329 5328 3426
3 5329 3426 5331
3 5330 5332 5327
3 5330 5327 5329
3 5330 5329 5331
3 5330 5331 3435
3 5333 5334 5332
3 5333 5332 5330
3 5333 5330 3435
3 5333 3435 3437
3 5336 5334 5333
3 5336 5333 5335
3 5333 3437 3439
3 5333 3439 5335
3 5338 5336 5335
3 5338 5335 3442
3 5336 5337 9043
3 5336 9043 5334
3 5338 5339 5337
3 5338 5337 5336
3 5340 5341 5339
3 5340 5339 5338
3 5340 5338 3442
3 5340 3442 3444
3 5342 5343 5341
3 5342 5341 5340
3 5342 5340 3444
3 5342 3444 3446
3 5344 5345 5343
3 5344 5343 5342
3 5344 5342 3446
3 5344 3446 3448
3 5346 5347 5345
3 5346 5345 5344
3 5346 5344 3448
3 5346 3448 3450
3 5348 5349 5347
3 5348 5347 5346
3 5348 5346 3450
3 5348 3450 5351
3 5350 9021 5349
3 5350 5349 5348
3 5350 5348 5351
3 5350 5351 5352
3 5354 5352 5351
3 5354 5351 3451
3 9019 5350 5352
3 9019 5352 5353
3 5355 5353 5352
3 5355 5352 5354
3 5355 5354 3454
3 5355 3454 5357
3 5356 9016 5353
3 5356 5353 5355
3 5356 5355 5357
3 5356 5357 5358
3 5360 5358 5357
3 5360 5357 5359
3 5359 5357 3454
3 5359 3454 3456
3 5360 5359 5361
3 5360 5361 5362
3 5359 3456 3458
3 5359 3458 5361
3 5364 5362 5361
3 5364 5361 5363
3 5363 5361 3458
3 5363 3458 3460
3 5364 5363 5365
3 5364 5365 5366
3 5363 3460 3462
3 5363 3462 5365
3 5368 5366 5365
3 5368 5365 5367
3 5367 5365 3462
3 5367 3462 3464
3 5368 5367 5369
3 5368 5369 5370
3 5367 3464 3466
3 5367 3466 5369
3 5372 5370 5369
3 5372 5369 5371
3 5371 5369 3466
3 5371 3466 3468
3 5372 5371 5373
3 5372 5373 5374
3 5371 3468 3470
3 5371 3470 5373
3 5376 5374 5373
3 5376 5373 5375
3 5375 5373 3470
3 5375 3470 5378
3 5376 5375 5377
3 5376 5377 9272
3 5375 5378 5379
3 5375 5379 5377
3 5378 3471 5381
3 5378 5381 5379
3 9273 5377 5379
3 9273 5379 5380
3 5380 5379 5381
3 5380 5381 5382
3 3474 5384 5382
3 3474 5382 5381
3 5380 5382 5383
3 5380 5383 9274
3 5383 5382 5384
3 5383 5384 5385
3 5385 5384 3477
3 5385 3477 3481
3 5383 5385 5386
3 5383 5386 5387
3 5385 3481 3483
3 5385 3483 5386
3 5389 5387 5386
3 5389 5386 5388
3 5388 5386 3483
3 5388 3483 3485
3 5389 5388 5390
3 5389 5390 5391
3 5388 3485 3487
3 5388 3487 5390
3 5393 5391 5390
3 5393 5390 5392
3 3487 3489 5392
3 3487 5392 5390
3 5393 5392 5394
3 5393 5394 5395
3 5394 5392 3489
3 5394 3489 3491
3 5394 5396 5397
3 5394 5397 5395
3 5394 3491 3493
3 5394 3493 5396
3 5399 5397 5396
3 5399 5396 5398
3 3493 5401 5398
3 3493 5398 5396
3 5399 5398 5400
3 5399 5400 9275
3 5400 5398 5401
3 5400 5401 5402
3 3494 5404 5402
3 3494 5402 5401
3 5400 5402 5403
3 5400 5403 9276
3 5403 5402 5404
3 5403 5404 5405
3 3497 3501 5405
3 3497 5405 5404
3 5403 5405 5406
3 5403 5406 5407
3 3501 5409 5406
3 3501 5406 5405
3 5407 5406 5408
3 5407 5408 9277
3 5409 5410 5408
3 5409 5408 5406
3 5409 3502 5412
3 5409 5412 5410
3 9278 5408 5410
3 9278 5410 5411
3 5412 5413 5411
3 5412 5411 5410
3 5412 3505 5415
3 5412 5415 5413
3 9279 5411 5413
3 9279 5413 5414
3 5415 5416 5414
3 5415 5414 5413
3 5415 3508 5418
3 5415 5418 5416
3 9280 5414 5416
3 9280 5416 5417
3 5418 5419 5417
3 5418 5417 5416
3 5418 3511 5421
3 5418 5421 5419
3 9281 5417 5419
3 9281 5419 5420
3 5421 5422 5420
3 5421 5420 5419
3 5421 3514 5424
3 5421 5424 5422
3 9282 5420 5422
3 9282 5422 5423
3 5424 5425 5423
3 5424 5423 5422
3 5424 3517 5427
3 5424 5427 5425
3 9283 5423 5425
3 9283 5425 5426
3 5427 5428 5426
3 5427 5426 5425
3 5427 3520 5430
3 5427 5430 5428
3 9284 5426 5428
3 9284 5428 5429
3 5430 5431 5429
3 5430 5429 5428
3 5430 3523 5433
3 5430 5433 5431
3 9285 5429 5431
3 9285 5431 5432
3 5433 5434 5432
3 5433 5432 5431
3 5433 3526 3530
3 5433 3530 5434
3 5434 3530 3532
3 5434 3532 5435
3 5434 5435 5436
3 5434 5436 5432
3 5435 3532 5440
3 5435 5440 5437
3 5435 5437 5438
3 5435 5438 5436
3 9286 5438 5437
3 9286 5437 5439
3 5440 5441 5439
3 5440 5439 5437
3 5440 3533 3537
3 5440 3537 5441
3 5441 3537 3539
3 5441 3539 5442
3 5441 5442 5443
3 5441 5443 5439
3 5442 3539 5447
3 5442 5447 5444
3 5442 5444 5445
3 5442 5445 5443
3 9287 5445 5444
3 9287 5444 5446
3 5447 5448 5446
3 5447 5446 5444
3 5447 3540 5450
3 5447 5450 5448
3 9288 5446 5448
3 9288 5448 5449
3 5450 5451 5449
3 5450 5449 5448
3 5450 3543 5453
3 5450 5453 5451
3 9289 5449 5451
3 9289 5451 5452
3 5453 5454 5452
3 5453 5452 5451
3 5453 3546 5456
3 5453 5456 5454
3 9290 5452 5454
3 9290 5454 5455
3 5456 5457 5455
3 5456 5455 5454
3 5456 3549 5459
3 5456 5459 5457
3 9291 5455 5457
3 9291 5457 5458
3 5459 5460 5458
3 5459 5458 5457
3 5459 3552 5462
3 5459 5462 5460
3 9292 5458 5460
3 9292 5460 5461
3 5462 5463 5461
3 5462 5461 5460
3 5462 3555 5465
3 5462 5465 5463
3 9293 5461 5463
3 9293 5463 5464
3 5465 5466 5464
3 5465 5464 5463
3 5465 3558 5468
3 5465 5468 5466
3 9294 5464 5466
3 9294 5466 5467
3 5468 5469 5467
3 5468 5467 5466
3 5468 3561 5471
3 5468 5471 5469
3 9295 5467 5469
3 9295 5469 5470
3 5471 5472 5470
3 5471 5470 5469
3 5471 3564 5474
3 5471 5474 5472
3 9296 5470 5472
3 9296 5472 5473
3 5474 5475 5473
3 5474 5473 5472
3 5474 3567 5477
3 5474 5477 5475
3 9297 5473 5475
3 9297 5475 5476
3 5477 5478 5476
3 5477 5476 5475
3 5477 3570 5480
3 5477 5480 5478
3 9298 5476 5478
3 9298 5478 5479
3 5480 5481 5479
3 5480 5479 5478
3 5480 3573 5483
3 5480 5483 5481
3 9299 5479 5481
3 9299 5481 5482
3 5483 5484 5482
3 5483 5482 5481
3 5483 3576 5486
3 5483 5486 5484
3 9300 5482 5484
3 9300 5484 5485
3 5486 5487 5485
3 5486 5485 5484
3 5486 3579 5489
3 5486 5489 5487
3 9301 5485 5487
3 9301 5487 5488
3 5489 5490 5488
3 5489 5488 5487
3 5489 3582 5492
3 5489 5492 5490
3 9302 5488 5490
3 9302 5490 5491
3 5492 5493 5491
3 5492 5491 5490
3 5492 3585 5495
3 5492 5495 5493
3 6249 5491 5493
3 6249 5493 5494
3 5495 5496 5494
3 5495 5494 5493
3 5495 3588 5498
3 5495 5498 5496
3 6247 5494 5496
3 6247 5496 5497
3 5498 5499 5497
3 5498 5497 5496
3 5498 3591 5501
3 5498 5501 5499
3 6245 5497 5499
3 6245 5499 5500
3 5501 5502 5500
3 5501 5500 5499
3 5501 3594 5504
3 5501 5504 5502
3 6243 5500 5502
3 6243 5502 5503
3 5504 5505 5503
3 5504 5503 5502
3 5504 3597 5507
3 5504 5507 5505
3 6241 5503 5505
3 6241 5505 5506
3 5507 5508 5506
3 5507 5506 5505
3 5507 3600 5510
3 5507 5510 5508
3 6239 5506 5508
3 6239 5508 5509
3 5510 5511 5509
3 5510 5509 5508
3 5510 3603 3608
3 5510 3608 5511
3 5513 5509 5511
3 5513 5511 5512
3 3608 3610 5512
3 3608 5512 5511
3 5513 5512 5514
3 5513 5514 5515
3 5514 5512 3610
3 5514 3610 3612
3 5514 5516 5517
3 5514 5517 5515
3 5514 3612 3614
3 5514 3614 5516
3 5519 5517 5516
3 5519 5516 5518
3 3614 3618 5518
3 3614 5518 5516
3 5519 5518 5520
3 5519 5520 5521
3 3618 3620 5520
3 3618 5520 5518
3 5521 5520 5522
3 5521 5522 5523
3 3620 3622 5522
3 3620 5522 5520
3 5523 5522 5524
3 5523 5524 5525
3 5524 5522 3622
3 5524 3622 3624
3 5524 3627 5527
3 5524 5527 5525
3 5523 5525 5526
3 5523 5526 6237
3 5528 5526 5525
3 5528 5525 5527
3 5528 5527 5529
3 5528 5529 5530
3 3627 3629 5529
3 3627 5529 5527
3 5532 5530 5529
3 5532 5529 5531
3 3629 3631 5531
3 3629 5531 5529
3 5532 5531 5533
3 5532 5533 5534
3 3631 3633 5533
3 3631 5533 5531
3 5536 5534 5533
3 5536 5533 5535
3 3633 3635 5535
3 3633 5535 5533
3 5536 5535 5537
3 5536 5537 5538
3 3635 5540 5537
3 3635 5537 5535
3 6233 5538 5537
3 6233 5537 5539
3 5540 5541 5539
3 5540 5539 5537
3 5540 3636 3640
3 5540 3640 5541
3 5541 3640 3642
3 5541 3642 5542
3 5541 5542 5543
3 5541 5543 5539
3 5542 3642 3644
3 5542 3644 5544
3 5542 5544 5545
3 5542 5545 5543
3 5547 5545 5544
3 5547 5544 5546
3 3644 3648 5546
3 3644 5546 5544
3 5547 5546 5548
3 5547 5548 5549
3 3648 3650 5548
3 3648 5548 5546
3 5552 5549 5548
3 5552 5548 5550
3 3650 3652 5550
3 3650 5550 5548
3 5551 5553 5552
3 5551 5552 5550
3 5551 5550 3652
3 5551 3652 3654
3 5552 5553 5555
3 5552 5555 5554
3 5552 5554 5556
3 5552 5556 5549
3 5554 5555 5560
3 5554 5560 5557
3 5556 5554 5557
3 5556 5557 5558
3 6227 5558 5557
3 6227 5557 5559
3 5559 5557 5560
3 5559 5560 5561
3 5561 5560 5562
3 5561 5562 5563
3 5562 5560 5555
3 5562 5555 5564
3 5562 5565 5567
3 5562 5567 5563
3 5562 5564 5566
3 5562 5566 5565
3 5565 5566 5569
3 5565 5569 5568
3 5565 5568 5570
3 5565 5570 5567
3 5568 5569 5572
3 5568 5572 5571
3 5568 5571 5573
3 5568 5573 5570
3 5571 5572 3674
3 5571 3674 5574
3 5571 5574 5575
3 5571 5575 5573
3 5574 3674 3676
3 5574 3676 5576
3 5574 5576 5577
3 5574 5577 5575
3 5576 3676 3679
3 5576 3679 5578
3 5576 5578 5579
3 5576 5579 5577
3 5578 3679 3682
3 5578 3682 5580
3 5578 5580 5581
3 5578 5581 5579
3 5580 3682 3684
3 5580 3684 5582
3 5580 5582 5583
3 5580 5583 5581
3 5582 3684 5587
3 5582 5587 5584
3 5582 5584 5585
3 5582 5585 5583
3 9368 5585 5584
3 9368 5584 5586
3 5587 5588 5586
3 5587 5586 5584
3 5587 3685 5590
3 5587 5590 5588
3 9367 5586 5588
3 9367 5588 5589
3 5590 5591 5589
3 5590 5589 5588
3 5590 3685 3687
3 5590 3687 5592
3 5590 5592 5593
3 5590 5593 5591
3 3690 3697 5592
3 3690 5592 3687
3 5593 5592 3697
3 5593 3697 3699
3 5593 5594 5595
3 5593 5595 5591
3 5593 3699 3701
3 5593 3701 5594
3 5597 5595 5594
3 5597 5594 5596
3 3701 3703 5596
3 3701 5596 5594
3 5597 5596 5598
3 5597 5598 5599
3 5598 5596 3703
3 5598 3703 5601
3 5598 5600 5761
3 5598 5761 5599
3 5598 5601 5602
3 5598 5602 5600
3 5601 3704 5604
3 5601 5604 5602
3 5759 5600 5602
3 5759 5602 5603
3 5603 5602 5604
3 5603 5604 5605
3 5605 5604 3707
3 5605 3707 5607
3 5603 5605 5606
3 5603 5606 5758
3 5605 5607 5608
3 5605 5608 5606
3 5607 3710 5609
3 5607 5609 5608
3 5611 5606 5608
3 5611 5608 5610
3 5610 5608 5609
3 5610 5609 5612
3 5612 5609 5614
3 5612 5614 5613
3 5613 5614 5616
3 5613 5616 5615
3 5615 5616 5618
3 5615 5618 5617
3 5617 5618 5620
3 5617 5620 5619
3 5619 5620 5622
3 5619 5622 5621
3 5621 5622 5624
3 5621 5624 5623
3 5623 5624 5626
3 5623 5626 5625
3 5626 5628 5627
3 5626 5627 5625
3 5629 5627 5628
3 5629 5628 5630
3 5629 5630 5632
3 5629 5632 5631
3 5632 5634 5633
3 5632 5633 5631
3 5635 5633 5634
3 5635 5634 5636
3 5635 5636 5638
3 5635 5638 5637
3 5638 5640 5639
3 5638 5639 5637
3 5641 5639 5640
3 5641 5640 5642
3 5641 5642 5644
3 5641 5644 5643
3 5644 5646 5645
3 5644 5645 5643
3 5647 5645 5646
3 5647 5646 5648
3 5647 5648 5650
3 5647 5650 5649
3 5650 5652 5651
3 5650 5651 5649
3 5653 5651 5652
3 5653 5652 5654
3 5653 5654 5656
3 5653 5656 5655
3 5656 5658 5657
3 5656 5657 5655
3 5659 5657 5658
3 5659 5658 5660
3 5659 5660 5662
3 5659 5662 5661
3 5662 5664 5663
3 5662 5663 5661
3 5665 5663 5664
3 5665 5664 5666
3 5665 5666 5668
3 5665 5668 5667
3 5668 5670 5669
3 5668 5669 5667
3 5671 5669 5670
3 5671 5670 5672
3 5671 5672 5674
3 5671 5674 5673
3 5674 5676 5675
3 5674 5675 5673
3 5675 5676 5678
3 5675 5678 5677
3 5678 5680 5679
3 5678 5679 5677
3 5679 5680 5682
3 5679 5682 5681
3 5682 5684 5683
3 5682 5683 5681
3 5683 5684 5686
3 5683 5686 5685
3 5685 5686 5688
3 5685 5688 5687
3 5687 5688 5690
3 5687 5690 5689
3 5689 5690 5692
3 5689 5692 5691
3 5693 5691 5692
3 5693 5692 5694
3 5693 5694 5696
3 5693 5696 5695
3 5697 5695 5696
3 5697 5696 5698
3 5697 5698 5700
3 5697 5700 5699
3 5701 5699 5700
3 5701 5700 5702
3 5701 5702 5704
3 5701 5704 5703
3 5704 5706 5705
3 5704 5705 5703
3 5707 5705 5706
3 5707 5706 5708
3 5707 5708 5710
3 5707 5710 5709
3 5710 5712 5711
3 5710 5711 5709
3 5713 5711 5712
3 5713 5712 5714
3 5713 5714 5716
3 5713 5716 5715
3 5716 5718 5717
3 5716 5717 5715
3 5719 5717 5718
3 5719 5718 5720
3 5719 5720 5722
3 5719 5722 5721
3 5722 5724 5723
3 5722 5723 5721
3 5725 5723 5724
3 5725 5724 5726
3 5725 5726 5728
3 5725 5728 5727
3 5728 5730 5729
3 5728 5729 5727
3 5731 5729 5730
3 5731 5730 5732
3 5731 5732 5734
3 5731 5734 5733
3 5734 5736 5735
3 5734 5735 5733
3 5737 5735 5736
3 5737 5736 5738
3 5737 5738 5740
3 5737 5740 5739
3 5740 5742 5741
3 5740 5741 5739
3 5743 5741 5742
3 5743 5742 5744
3 5743 5744 5746
3 5743 5746 5745
3 5746 5748 5747
3 5746 5747 5745
3 5749 5747 5748
3 5749 5748 5750
3 5749 5750 5752
3 5749 5752 5751
3 5751 5752 5754
3 5751 5754 5753
3 5753 5754 5756
3 5753 5756 5755
3 5755 5756 5758
3 5755 5758 5757
3 5757 5758 5606
3 5757 5606 5611
3 5759 5603 5758
3 5759 5758 5756
3 5760 5759 5756
3 5760 5756 5754
3 5760 5761 5600
3 5760 5600 5759
3 5762 5763 5761
3 5762 5761 5760
3 5762 5760 5754
3 5762 5754 5752
3 5764 5765 5763
3 5764 5763 5762
3 5764 5762 5752
3 5764 5752 5750
3 5766 5767 5765
3 5766 5765 5764
3 5766 5764 5750
3 5766 5750 5748
3 5766 5768 5769
3 5766 5769 5767
3 5746 5768 5766
3 5746 5766 5748
3 5768 5770 5772
3 5768 5772 5769
3 5746 5744 5770
3 5746 5770 5768
3 5771 5773 5772
3 5771 5772 5770
3 5771 5770 5744
3 5771 5744 5742
3 5774 5775 5769
3 5774 5769 5772
3 5774 5772 5773
3 5774 5773 5776
3 5774 5778 5779
3 5774 5779 5775
3 5774 5776 7397
3 5774 7397 5777
3 5774 5777 5781
3 5774 5781 5778
3 9357 5779 5778
3 9357 5778 5780
3 5782 5780 5778
3 5782 5778 5781
3 5783 5786 5782
3 5783 5782 5781
3 5785 5783 5781
3 5785 5781 5777
3 5783 5784 5787
3 5783 5787 5786
3 5785 7386 5784
3 5785 5784 5783
3 5789 5788 5786
3 5789 5786 5787
3 5782 5786 5788
3 5782 5788 5790
3 5789 5793 5791
3 5789 5791 5788
3 5794 5790 5788
3 5794 5788 5791
3 5794 5791 5792
3 5794 5792 5795
3 5792 5791 5793
3 5792 5793 8824
3 5794 5795 5799
3 5794 5799 5796
3 5798 5790 5794
3 5798 5794 5796
3 5800 5797 5796
3 5800 5796 5799
3 5798 5796 5797
3 5798 5797 9355
3 5802 5800 5799
3 5802 5799 5801
3 5803 5801 5799
3 5803 5799 5795
3 5805 5802 5801
3 5805 5801 5804
3 5803 5806 5804
3 5803 5804 5801
3 5808 5805 5804
3 5808 5804 5807
3 5809 5807 5804
3 5809 5804 5806
3 5811 5808 5807
3 5811 5807 5810
3 5809 5812 5810
3 5809 5810 5807
3 5814 5811 5810
3 5814 5810 5813
3 5815 5813 5810
3 5815 5810 5812
3 5817 5814 5813
3 5817 5813 5816
3 5815 5818 5816
3 5815 5816 5813
3 5820 5817 5816
3 5820 5816 5819
3 5821 5819 5816
3 5821 5816 5818
3 5823 5820 5819
3 5823 5819 5822
3 5821 5824 5822
3 5821 5822 5819
3 5825 5826 5823
3 5825 5823 5822
3 5825 5822 5824
3 5825 5824 5827
3 5828 5829 5826
3 5828 5826 5825
3 5828 5825 5827
3 5828 5827 5830
3 5831 5832 5829
3 5831 5829 5828
3 5831 5828 5830
3 5831 5830 5833
3 5831 5834 5835
3 5831 5835 5832
3 5837 5834 5831
3 5837 5831 5833
3 6224 5835 5834
3 6224 5834 5836
3 5838 5836 5834
3 5838 5834 5837
3 5838 5837 5839
3 5838 5839 5842
3 5837 5833 5841
3 5837 5841 5839
3 8842 5840 5839
3 8842 5839 5841
3 5844 5842 5839
3 5844 5839 5840
3 5900 5838 5842
3 5900 5842 5843
3 5844 5845 5843
3 5844 5843 5842
3 5844 5846 5847
3 5844 5847 5845
3 5848 5846 5844
3 5848 5844 5840
3 5847 5846 5849
3 5847 5849 5850
3 5848 5852 5849
3 5848 5849 5846
3 5851 5869 5850
3 5851 5850 5849
3 5853 5851 5849
3 5853 5849 5852
3 5857 5853 5852
3 5857 5852 5854
3 5848 5856 5854
3 5848 5854 5852
3 5855 5854 5856
3 5855 5856 8841
3 5855 5858 5857
3 5855 5857 5854
3 5857 5859 5862
3 5857 5862 5853
3 5857 5858 5860
3 5857 5860 5859
3 8548 5861 5859
3 8548 5859 5860
3 5861 5863 5862
3 5861 5862 5859
3 5863 5865 5864
3 5863 5864 5862
3 5853 5862 5864
3 5853 5864 5851
3 5865 5867 5866
3 5865 5866 5864
3 5851 5864 5866
3 5851 5866 5869
3 5867 5962 5868
3 5867 5868 5866
3 5869 5866 5868
3 5869 5868 5870
3 5869 5870 5872
3 5869 5872 5850
3 5870 5868 5960
3 5870 5960 5871
3 5870 5871 5874
3 5870 5874 5872
3 5847 5850 5872
3 5847 5872 5873
3 5875 5873 5872
3 5875 5872 5874
3 5871 5877 5876
3 5871 5876 5874
3 5875 5874 5876
3 5875 5876 5878
3 5877 5880 5879
3 5877 5879 5876
3 5881 5878 5876
3 5881 5876 5879
3 5880 5883 5882
3 5880 5882 5879
3 5881 5879 5882
3 5881 5882 5885
3 5883 5954 5884
3 5883 5884 5882
3 5886 5885 5882
3 5886 5882 5884
3 5887 5885 5886
3 5887 5886 5888
3 5881 5885 5887
3 5881 5887 5890
3 5887 5888 5912
3 5887 5912 5889
3 5887 5889 5891
3 5887 5891 5890
3 5892 5890 5891
3 5892 5891 5893
3 5892 5878 5881
3 5892 5881 5890
3 5892 5893 5895
3 5892 5895 5894
3 5875 5878 5892
3 5875 5892 5894
3 5896 5894 5895
3 5896 5895 5897
3 5896 5873 5875
3 5896 5875 5894
3 5896 5897 5843
3 5896 5843 5845
3 5847 5873 5896
3 5847 5896 5845
3 5901 5898 5897
3 5901 5897 5895
3 5898 5900 5843
3 5898 5843 5897
3 5901 5902 5899
3 5901 5899 5898
3 5898 5899 6223
3 5898 6223 5900
3 5903 5904 5902
3 5903 5902 5901
3 5903 5901 5895
3 5903 5895 5893
3 5905 5906 5904
3 5905 5904 5903
3 5905 5903 5893
3 5905 5893 5891
3 5907 5908 5906
3 5907 5906 5905
3 5907 5905 5891
3 5907 5891 5889
3 5909 5911 5908
3 5909 5908 5907
3 5909 5907 5889
3 5909 5889 5912
3 5913 5910 5909
3 5913 5909 5912
3 5909 5910 6199
3 5909 6199 5911
3 5913 5912 5888
3 5913 5888 5914
3 5915 5916 5910
3 5915 5910 5913
3 5915 5913 5914
3 5915 5914 5917
3 5918 5920 5916
3 5918 5916 5915
3 5918 5915 5917
3 5918 5917 5921
3 5923 5919 5918
3 5923 5918 5921
3 5918 5919 6193
3 5918 6193 5920
3 9354 5922 5921
3 9354 5921 5917
3 5923 5921 5922
3 5923 5922 5924
3 5928 5925 5923
3 5928 5923 5924
3 5923 5925 5926
3 5923 5926 5919
3 6170 5926 5925
3 6170 5925 5927
3 5928 5929 5927
3 5928 5927 5925
3 5930 5928 5924
3 5930 5924 5933
3 5930 5931 5929
3 5930 5929 5928
3 5930 5932 6183
3 5930 6183 5931
3 5934 5932 5930
3 5934 5930 5933
3 5935 5937 5934
3 5935 5934 5933
3 5935 5933 5924
3 5935 5924 5922
3 5935 5936 5938
3 5935 5938 5937
3 9354 5936 5935
3 9354 5935 5922
3 5934 5937 5939
3 5934 5939 5940
3 5941 5939 5937
3 5941 5937 5938
3 5942 5943 5940
3 5942 5940 5939
3 5941 5945 5942
3 5941 5942 5939
3 5942 5944 6107
3 5942 6107 5943
3 5942 5945 5946
3 5942 5946 5944
3 5948 5946 5945
3 5948 5945 5947
3 5949 5947 5945
3 5949 5945 5941
3 5952 5948 5947
3 5952 5947 5950
3 5953 5950 5947
3 5953 5947 5949
3 5953 5955 5951
3 5953 5951 5950
3 9319 5952 5950
3 9319 5950 5951
3 5883 5955 5953
3 5883 5953 5954
3 5953 5949 9351
3 5953 9351 5954
3 5957 5951 5955
3 5957 5955 5956
3 5880 5956 5955
3 5880 5955 5883
3 5959 5957 5956
3 5959 5956 5958
3 5877 5958 5956
3 5877 5956 5880
3 5961 5959 5958
3 5961 5958 5960
3 5871 5960 5958
3 5871 5958 5877
3 5962 5961 5960
3 5962 5960 5868
3 5961 5963 5964
3 5961 5964 5959
3 5962 5965 5963
3 5962 5963 5961
3 5966 5967 5964
3 5966 5964 5963
3 5968 5966 5963
3 5968 5963 5965
3 5966 5969 5972
3 5966 5972 5967
3 5968 5971 5969
3 5968 5969 5966
3 8796 5970 5969
3 8796 5969 5971
3 5974 5972 5969
3 5974 5969 5970
3 5973 5972 5974
3 5973 5974 5975
3 5967 5972 5973
3 5967 5973 9318
3 5974 5976 5978
3 5974 5978 5975
3 5974 5970 5979
3 5974 5979 5976
3 9333 5978 5976
3 9333 5976 5977
3 5979 5981 5977
3 5979 5977 5976
3 5979 5970 8796
3 5979 8796 5980
3 5979 5980 5982
3 5979 5982 5981
3 5982 5984 5983
3 5982 5983 5981
3 5985 5977 5981
3 5985 5981 5983
3 5986 5983 5984
3 5986 5984 5989
3 5985 5983 5986
3 5985 5986 5987
3 5986 5988 9335
3 5986 9335 5987
3 5986 5989 5991
3 5986 5991 5988
3 8643 5990 5989
3 8643 5989 5984
3 5991 5989 5990
3 5991 5990 5993
3 5991 5992 9337
3 5991 9337 5988
3 5991 5993 5995
3 5991 5995 5992
3 8644 5994 5993
3 8644 5993 5990
3 5995 5993 5994
3 5995 5994 5997
3 5995 5996 9339
3 5995 9339 5992
3 5995 5997 5999
3 5995 5999 5996
3 8645 5998 5997
3 8645 5997 5994
3 5999 5997 5998
3 5999 5998 6001
3 5999 6000 9341
3 5999 9341 5996
3 5999 6001 6003
3 5999 6003 6000
3 8647 6002 6001
3 8647 6001 5998
3 6003 6001 6002
3 6003 6002 6005
3 6003 6004 9343
3 6003 9343 6000
3 6003 6005 6007
3 6003 6007 6004
3 8651 6006 6005
3 8651 6005 6002
3 6007 6005 6006
3 6007 6006 6009
3 6007 6008 9345
3 6007 9345 6004
3 6007 6009 6011
3 6007 6011 6008
3 8655 6010 6009
3 8655 6009 6006
3 6011 6009 6010
3 6011 6010 6013
3 6011 6012 9347
3 6011 9347 6008
3 6011 6013 6015
3 6011 6015 6012
3 8659 6014 6013
3 8659 6013 6010
3 6015 6013 6014
3 6015 6014 6017
3 6015 6016 9349
3 6015 9349 6012
3 6015 6017 6019
3 6015 6019 6016
3 8663 6018 6017
3 8663 6017 6014
3 6019 6017 6018
3 6019 6018 6021
3 6019 6020 6031
3 6019 6031 6016
3 6019 6021 6023
3 6019 6023 6020
3 8667 6022 6021
3 8667 6021 6018
3 6023 6021 6022
3 6023 6022 6024
3 6023 6025 6028
3 6023 6028 6020
3 6023 6024 6027
3 6023 6027 6025
3 6027 6958 6026
3 6027 6026 6025
3 6029 6028 6025
3 6029 6025 6026
3 6030 6028 6029
3 6030 6029 6033
3 6030 6031 6020
3 6030 6020 6028
3 9350 6031 6030
3 9350 6030 6032
3 6030 6033 6035
3 6030 6035 6032
3 6029 6954 6034
3 6029 6034 6033
3 6036 6035 6033
3 6036 6033 6034
3 6036 6038 6037
3 6036 6037 6035
3 6037 6040 6032
3 6037 6032 6035
3 6037 6038 6941
3 6037 6941 6039
3 6037 6039 6042
3 6037 6042 6040
3 9350 6032 6040
3 9350 6040 6041
3 6042 6044 6041
3 6042 6041 6040
3 6042 6039 6940
3 6042 6940 6043
3 6042 6043 6046
3 6042 6046 6044
3 9348 6041 6044
3 9348 6044 6045
3 6046 6048 6045
3 6046 6045 6044
3 6046 6043 6939
3 6046 6939 6047
3 6046 6047 6050
3 6046 6050 6048
3 9346 6045 6048
3 9346 6048 6049
3 6050 6052 6049
3 6050 6049 6048
3 6050 6047 6938
3 6050 6938 6051
3 6050 6051 6054
3 6050 6054 6052
3 9344 6049 6052
3 9344 6052 6053
3 6054 6056 6053
3 6054 6053 6052
3 6054 6051 6937
3 6054 6937 6055
3 6054 6055 6058
3 6054 6058 6056
3 9342 6053 6056
3 9342 6056 6057
3 6058 6060 6057
3 6058 6057 6056
3 6058 6055 6936
3 6058 6936 6059
3 6058 6059 6062
3 6058 6062 6060
3 9340 6057 6060
3 9340 6060 6061
3 6062 6064 6061
3 6062 6061 6060
3 6062 6059 6935
3 6062 6935 6063
3 6062 6063 6066
3 6062 6066 6064
3 9338 6061 6064
3 9338 6064 6065
3 6066 6068 6065
3 6066 6065 6064
3 6066 6063 6934
3 6066 6934 6067
3 6066 6067 6070
3 6066 6070 6068
3 9336 6065 6068
3 9336 6068 6069
3 6070 6072 6069
3 6070 6069 6068
3 6070 6067 6933
3 6070 6933 6071
3 6070 6071 6074
3 6070 6074 6072
3 9334 6069 6072
3 9334 6072 6073
3 6074 6076 6073
3 6074 6073 6072
3 6074 6071 6932
3 6074 6932 6075
3 6074 6075 6078
3 6074 6078 6076
3 9330 6073 6076
3 9330 6076 6077
3 6078 6080 6077
3 6078 6077 6076
3 6078 6075 6931
3 6078 6931 6079
3 6078 6079 6082
3 6078 6082 6080
3 9328 6077 6080
3 9328 6080 6081
3 6082 6084 6081
3 6082 6081 6080
3 6082 6079 6930
3 6082 6930 6083
3 6082 6083 6086
3 6082 6086 6084
3 9326 6081 6084
3 9326 6084 6085
3 6086 6088 6085
3 6086 6085 6084
3 6086 6083 6929
3 6086 6929 6087
3 6086 6087 6090
3 6086 6090 6088
3 9327 6085 6088
3 9327 6088 6089
3 6090 6092 6089
3 6090 6089 6088
3 6090 6087 6928
3 6090 6928 6091
3 6090 6091 6094
3 6090 6094 6092
3 9306 6089 6092
3 9306 6092 6093
3 6094 6096 6093
3 6094 6093 6092
3 6094 6091 6927
3 6094 6927 6095
3 6094 6095 6097
3 6094 6097 6096
3 6097 6099 6098
3 6097 6098 6096
3 6100 6093 6096
3 6100 6096 6098
3 6101 6098 6099
3 6101 6099 6102
3 6101 6103 6100
3 6101 6100 6098
3 6106 6104 6101
3 6106 6101 6102
3 6101 6104 6107
3 6101 6107 6103
3 5943 6107 6104
3 5943 6104 6105
3 6105 6104 6106
3 6105 6106 6108
3 9303 6103 6107
3 9303 6107 5944
3 6106 6109 6111
3 6106 6111 6108
3 6106 6102 6112
3 6106 6112 6109
3 6113 6110 6109
3 6113 6109 6112
3 6110 6180 6111
3 6110 6111 6109
3 6114 6116 6113
3 6114 6113 6112
3 6114 6112 6102
3 6114 6102 6099
3 6097 6115 6114
3 6097 6114 6099
3 6114 6115 6117
3 6114 6117 6116
3 6113 6116 6118
3 6113 6118 6119
3 6120 6118 6116
3 6120 6116 6117
3 6121 6122 6119
3 6121 6119 6118
3 6123 6121 6118
3 6123 6118 6120
3 6124 6125 6122
3 6124 6122 6121
3 6124 6121 6123
3 6124 6123 6127
3 6190 6125 6124
3 6190 6124 6126
3 6124 6127 6129
3 6124 6129 6126
3 6123 6925 6128
3 6123 6128 6127
3 6130 6129 6127
3 6130 6127 6128
3 6130 6132 6131
3 6130 6131 6129
3 6131 6134 6126
3 6131 6126 6129
3 6131 6132 6246
3 6131 6246 6133
3 6131 6133 6136
3 6131 6136 6134
3 6190 6126 6134
3 6190 6134 6135
3 6136 6138 6135
3 6136 6135 6134
3 6136 6133 6244
3 6136 6244 6137
3 6136 6137 6140
3 6136 6140 6138
3 6189 6135 6138
3 6189 6138 6139
3 6140 6142 6139
3 6140 6139 6138
3 6140 6137 6242
3 6140 6242 6141
3 6140 6141 6144
3 6140 6144 6142
3 6192 6139 6142
3 6192 6142 6143
3 6144 6146 6143
3 6144 6143 6142
3 6144 6141 6240
3 6144 6240 6145
3 6144 6145 6148
3 6144 6148 6146
3 6164 6143 6146
3 6164 6146 6147
3 6148 6150 6147
3 6148 6147 6146
3 6148 6145 6238
3 6148 6238 6149
3 6148 6149 6151
3 6148 6151 6150
3 6151 6153 6152
3 6151 6152 6150
3 6154 6147 6150
3 6154 6150 6152
3 6155 6152 6153
3 6155 6153 6156
3 6155 6158 6154
3 6155 6154 6152
3 6155 6156 6237
3 6155 6237 6157
3 6159 6158 6155
3 6159 6155 6157
3 6159 6161 6160
3 6159 6160 6158
3 6154 6158 6160
3 6154 6160 6163
3 6194 6162 6160
3 6194 6160 6161
3 6163 6160 6162
3 6163 6162 6165
3 6154 6163 6164
3 6154 6164 6147
3 6164 6163 6165
3 6164 6165 6166
3 6166 6165 6167
3 6166 6167 6168
3 6169 6167 6165
3 6169 6165 6162
3 6170 6171 6168
3 6170 6168 6167
3 6170 6167 6169
3 6170 6169 5926
3 6173 6171 6170
3 6173 6170 5927
3 6191 6168 6171
3 6191 6171 6172
3 6173 6174 6172
3 6173 6172 6171
3 6175 6173 5927
3 6175 5927 5929
3 6175 6177 6174
3 6175 6174 6173
3 6179 6177 6175
3 6179 6175 6176
3 6176 6175 5929
3 6176 5929 5931
3 6187 6174 6177
3 6187 6177 6178
3 6179 6181 6178
3 6179 6178 6177
3 6110 6181 6179
3 6110 6179 6180
3 6179 6176 6182
3 6179 6182 6180
3 6122 6178 6181
3 6122 6181 6119
3 6113 6119 6181
3 6113 6181 6110
3 6184 6111 6180
3 6184 6180 6182
3 6176 5931 6183
3 6176 6183 6182
3 6184 6182 6183
3 6184 6183 6185
3 6184 6185 6108
3 6184 6108 6111
3 5932 6186 6185
3 5932 6185 6183
3 6105 6108 6185
3 6105 6185 6186
3 5934 5940 6186
3 5934 6186 5932
3 5943 6105 6186
3 5943 6186 5940
3 6122 6125 6187
3 6122 6187 6178
3 6187 6188 6172
3 6187 6172 6174
3 6190 6188 6187
3 6190 6187 6125
3 6189 6191 6172
3 6189 6172 6188
3 6189 6188 6190
3 6189 6190 6135
3 6192 6191 6189
3 6192 6189 6139
3 6192 6166 6168
3 6192 6168 6191
3 6164 6166 6192
3 6164 6192 6143
3 6169 6193 5919
3 6169 5919 5926
3 6169 6162 6194
3 6169 6194 6193
3 6194 6195 5920
3 6194 5920 6193
3 6194 6161 6196
3 6194 6196 6195
3 6195 6196 6198
3 6195 6198 6197
3 6195 6197 5916
3 6195 5916 5920
3 6197 6198 6200
3 6197 6200 6199
3 6197 6199 5910
3 6197 5910 5916
3 6200 6201 5911
3 6200 5911 6199
3 6200 6198 6203
3 6200 6203 6202
3 6200 6202 6205
3 6200 6205 6201
3 6204 6202 6203
3 6204 6203 6234
3 6204 6206 6205
3 6204 6205 6202
3 6210 6207 6205
3 6210 6205 6206
3 6201 6205 6207
3 6201 6207 6208
3 6208 6207 6209
3 6208 6209 6217
3 6210 6211 6209
3 6210 6209 6207
3 6210 6206 5532
3 6210 5532 5534
3 5536 6211 6210
3 5536 6210 5534
3 6212 6214 6209
3 6212 6209 6211
3 6212 6211 5536
3 6212 5536 5538
3 6212 6213 6215
3 6212 6215 6214
3 6233 6213 6212
3 6233 6212 5538
3 6217 6209 6214
3 6217 6214 6216
3 6216 6214 6215
3 6216 6215 6218
3 6217 6216 5904
3 6217 5904 5906
3 6216 6218 5902
3 6216 5902 5904
3 6218 6215 6220
3 6218 6220 6219
3 6218 6219 5899
3 6218 5899 5902
3 6219 6220 6222
3 6219 6222 6221
3 6219 6221 6223
3 6219 6223 5899
3 6221 6222 6225
3 6221 6225 6224
3 6221 6224 5836
3 6221 5836 6223
3 6224 6225 6227
3 6224 6227 5835
3 6228 6226 6225
3 6228 6225 6222
3 6227 6225 6226
3 6227 6226 5558
3 6227 5559 5832
3 6227 5832 5835
3 6230 6229 6226
3 6230 6226 6228
3 5556 5558 6226
3 5556 6226 6229
3 5547 6229 6230
3 5547 6230 5545
3 5556 6229 5547
3 5556 5547 5549
3 6230 6228 6232
3 6230 6232 6231
3 6230 6231 5543
3 6230 5543 5545
3 6233 5539 5543
3 6233 5543 6231
3 6232 6213 6233
3 6232 6233 6231
3 6232 6220 6215
3 6232 6215 6213
3 6232 6228 6222
3 6232 6222 6220
3 5900 6223 5836
3 5900 5836 5838
3 6208 6217 5906
3 6208 5906 5908
3 6201 6208 5908
3 6201 5908 5911
3 5532 6206 6204
3 5532 6204 5530
3 6204 6234 5528
3 6204 5528 5530
3 6235 6234 6203
3 6235 6203 6236
3 5528 6234 6235
3 5528 6235 5526
3 6235 6157 6237
3 6235 6237 5526
3 6235 6236 6159
3 6235 6159 6157
3 6159 6236 6196
3 6159 6196 6161
3 6236 6203 6198
3 6236 6198 6196
3 5521 5523 6237
3 5521 6237 6156
3 5519 5521 6156
3 5519 6156 6153
3 6151 5517 5519
3 6151 5519 6153
3 6151 6149 5515
3 6151 5515 5517
3 5513 5515 6149
3 5513 6149 6238
3 6239 6238 6145
3 6239 6145 6240
3 6239 5509 5513
3 6239 5513 6238
3 6241 5506 6239
3 6241 6239 6240
3 6241 6240 6141
3 6241 6141 6242
3 6243 5503 6241
3 6243 6241 6242
3 6243 6242 6137
3 6243 6137 6244
3 6245 5500 6243
3 6245 6243 6244
3 6245 6244 6133
3 6245 6133 6246
3 6247 5497 6245
3 6247 6245 6246
3 6247 6246 6132
3 6247 6132 6248
3 6249 5494 6247
3 6249 6247 6248
3 6249 6248 6250
3 6249 6250 6251
3 6130 6250 6248
3 6130 6248 6132
3 6252 6254 6251
3 6252 6251 6250
3 6252 6250 6130
3 6252 6130 6128
3 6256 6254 6252
3 6256 6252 6253
3 6252 6128 6925
3 6252 6925 6253
3 6256 6258 6255
3 6256 6255 6254
3 9302 6251 6254
3 9302 6254 6255
3 6260 6258 6256
3 6260 6256 6257
3 6256 6253 6923
3 6256 6923 6257
3 6260 6262 6259
3 6260 6259 6258
3 9301 6255 6258
3 9301 6258 6259
3 6264 6262 6260
3 6264 6260 6261
3 6260 6257 6920
3 6260 6920 6261
3 6264 6266 6263
3 6264 6263 6262
3 9300 6259 6262
3 9300 6262 6263
3 6268 6266 6264
3 6268 6264 6265
3 6264 6261 6917
3 6264 6917 6265
3 6268 6270 6267
3 6268 6267 6266
3 9299 6263 6266
3 9299 6266 6267
3 6272 6270 6268
3 6272 6268 6269
3 6268 6265 6914
3 6268 6914 6269
3 6272 6274 6271
3 6272 6271 6270
3 9298 6267 6270
3 9298 6270 6271
3 6276 6274 6272
3 6276 6272 6273
3 6272 6269 6911
3 6272 6911 6273
3 6276 6278 6275
3 6276 6275 6274
3 9297 6271 6274
3 9297 6274 6275
3 6280 6278 6276
3 6280 6276 6277
3 6276 6273 6908
3 6276 6908 6277
3 6280 6282 6279
3 6280 6279 6278
3 9296 6275 6278
3 9296 6278 6279
3 6284 6282 6280
3 6284 6280 6281
3 6280 6277 6905
3 6280 6905 6281
3 6284 6286 6283
3 6284 6283 6282
3 9295 6279 6282
3 9295 6282 6283
3 6288 6286 6284
3 6288 6284 6285
3 6284 6281 6902
3 6284 6902 6285
3 6288 6290 6287
3 6288 6287 6286
3 9294 6283 6286
3 9294 6286 6287
3 6292 6290 6288
3 6292 6288 6289
3 6288 6285 6899
3 6288 6899 6289
3 6292 6294 6291
3 6292 6291 6290
3 9293 6287 6290
3 9293 6290 6291
3 6296 6294 6292
3 6296 6292 6293
3 6292 6289 6896
3 6292 6896 6293
3 6296 6298 6295
3 6296 6295 6294
3 9292 6291 6294
3 9292 6294 6295
3 6300 6298 6296
3 6300 6296 6297
3 6296 6293 6893
3 6296 6893 6297
3 6300 6302 6299
3 6300 6299 6298
3 9291 6295 6298
3 9291 6298 6299
3 6304 6302 6300
3 6304 6300 6301
3 6300 6297 6890
3 6300 6890 6301
3 6304 6306 6303
3 6304 6303 6302
3 9290 6299 6302
3 9290 6302 6303
3 6308 6306 6304
3 6308 6304 6305
3 6304 6301 6887
3 6304 6887 6305
3 6308 6310 6307
3 6308 6307 6306
3 9289 6303 6306
3 9289 6306 6307
3 6312 6310 6308
3 6312 6308 6309
3 6308 6305 6884
3 6308 6884 6309
3 6312 6314 6311
3 6312 6311 6310
3 9288 6307 6310
3 9288 6310 6311
3 6316 6314 6312
3 6316 6312 6313
3 6312 6309 6881
3 6312 6881 6313
3 6316 6318 6315
3 6316 6315 6314
3 9287 6311 6314
3 9287 6314 6315
3 6319 6318 6316
3 6319 6316 6317
3 6316 6313 6878
3 6316 6878 6317
3 6321 6315 6318
3 6321 6318 6320
3 6322 6320 6318
3 6322 6318 6319
3 6325 6321 6320
3 6325 6320 6323
3 6326 6323 6320
3 6326 6320 6322
3 6326 6328 6324
3 6326 6324 6323
3 9286 6325 6323
3 9286 6323 6324
3 6329 6328 6326
3 6329 6326 6327
3 6326 6322 6871
3 6326 6871 6327
3 6331 6324 6328
3 6331 6328 6330
3 6332 6330 6328
3 6332 6328 6329
3 6335 6331 6330
3 6335 6330 6333
3 6336 6333 6330
3 6336 6330 6332
3 6336 6338 6334
3 6336 6334 6333
3 9285 6335 6333
3 9285 6333 6334
3 6340 6338 6336
3 6340 6336 6337
3 6336 6332 6864
3 6336 6864 6337
3 6340 6342 6339
3 6340 6339 6338
3 9284 6334 6338
3 9284 6338 6339
3 6344 6342 6340
3 6344 6340 6341
3 6340 6337 6861
3 6340 6861 6341
3 6344 6346 6343
3 6344 6343 6342
3 9283 6339 6342
3 9283 6342 6343
3 6348 6346 6344
3 6348 6344 6345
3 6344 6341 6858
3 6344 6858 6345
3 6348 6350 6347
3 6348 6347 6346
3 9282 6343 6346
3 9282 6346 6347
3 6352 6350 6348
3 6352 6348 6349
3 6348 6345 6855
3 6348 6855 6349
3 6352 6354 6351
3 6352 6351 6350
3 9281 6347 6350
3 9281 6350 6351
3 6356 6354 6352
3 6356 6352 6353
3 6352 6349 6852
3 6352 6852 6353
3 6356 6358 6355
3 6356 6355 6354
3 9280 6351 6354
3 9280 6354 6355
3 6360 6358 6356
3 6360 6356 6357
3 6356 6353 6849
3 6356 6849 6357
3 6360 6362 6359
3 6360 6359 6358
3 9279 6355 6358
3 9279 6358 6359
3 6364 6362 6360
3 6364 6360 6361
3 6360 6357 6846
3 6360 6846 6361
3 6364 6366 6363
3 6364 6363 6362
3 9278 6359 6362
3 9278 6362 6363
3 6368 6366 6364
3 6368 6364 6365
3 6364 6361 6843
3 6364 6843 6365
3 6370 6367 6366
3 6370 6366 6368
3 9277 6363 6366
3 9277 6366 6367
3 6370 6368 6369
3 6370 6369 6371
3 6368 6365 6840
3 6368 6840 6369
3 6372 6374 6367
3 6372 6367 6370
3 6372 6370 6371
3 6372 6371 6375
3 6377 6373 6372
3 6377 6372 6375
3 6372 6373 9276
3 6372 9276 6374
3 6835 6376 6375
3 6835 6375 6371
3 6377 6375 6376
3 6377 6376 6379
3 6381 6378 6377
3 6381 6377 6379
3 6377 6378 9275
3 6377 9275 6373
3 6833 6380 6379
3 6833 6379 6376
3 6382 6381 6379
3 6382 6379 6380
3 6381 6383 6384
3 6381 6384 6378
3 6382 6385 6383
3 6382 6383 6381
3 6386 6387 6384
3 6386 6384 6383
3 6388 6386 6383
3 6388 6383 6385
3 6386 6389 6390
3 6386 6390 6387
3 6388 6391 6389
3 6388 6389 6386
3 6392 6393 6390
3 6392 6390 6389
3 6392 6389 6391
3 6392 6391 6394
3 6392 6395 6396
3 6392 6396 6393
3 6397 6395 6392
3 6397 6392 6394
3 6399 6396 6395
3 6399 6395 6398
3 6397 6400 6398
3 6397 6398 6395
3 6401 6403 6399
3 6401 6399 6398
3 6404 6401 6398
3 6404 6398 6400
3 6404 6406 6402
3 6404 6402 6401
3 6401 6402 9274
3 6401 9274 6403
3 6405 6408 6406
3 6405 6406 6404
3 6405 6404 6400
3 6405 6400 6804
3 6410 6407 6406
3 6410 6406 6408
3 6407 9273 6402
3 6407 6402 6406
3 6412 6410 6408
3 6412 6408 6409
3 6801 6409 6408
3 6801 6408 6405
3 6412 6414 6411
3 6412 6411 6410
3 6410 6411 9272
3 6410 9272 6407
3 6413 6415 6414
3 6413 6414 6412
3 6413 6412 6409
3 6413 6409 6798
3 6416 6417 6411
3 6416 6411 6414
3 6418 6416 6414
3 6418 6414 6415
3 6416 6419 6420
3 6416 6420 6417
3 6418 6421 6419
3 6418 6419 6416
3 6422 6423 6420
3 6422 6420 6419
3 6424 6422 6419
3 6424 6419 6421
3 6422 6425 6426
3 6422 6426 6423
3 6424 6427 6425
3 6424 6425 6422
3 6428 6429 6426
3 6428 6426 6425
3 6430 6428 6425
3 6430 6425 6427
3 6428 6431 6432
3 6428 6432 6429
3 6430 6433 6431
3 6430 6431 6428
3 6434 6435 6432
3 6434 6432 6431
3 6436 6434 6431
3 6436 6431 6433
3 6434 6437 6439
3 6434 6439 6435
3 6436 6440 6437
3 6436 6437 6434
3 6441 6438 6437
3 6441 6437 6440
3 6438 9262 6439
3 6438 6439 6437
3 6443 6441 6440
3 6443 6440 6442
3 6444 6442 6440
3 6444 6440 6436
3 6446 6443 6442
3 6446 6442 6445
3 6447 6445 6442
3 6447 6442 6444
3 6449 6446 6445
3 6449 6445 6448
3 6450 6448 6445
3 6450 6445 6447
3 6452 6449 6448
3 6452 6448 6451
3 6453 6451 6448
3 6453 6448 6450
3 6455 6452 6451
3 6455 6451 6454
3 6456 6454 6451
3 6456 6451 6453
3 6458 6455 6454
3 6458 6454 6457
3 6459 6457 6454
3 6459 6454 6456
3 6462 6458 6457
3 6462 6457 6460
3 6463 6460 6457
3 6463 6457 6459
3 6463 6465 6461
3 6463 6461 6460
3 8986 6462 6460
3 8986 6460 6461
3 6466 6465 6463
3 6466 6463 6464
3 6463 6459 6770
3 6463 6770 6464
3 6469 6461 6465
3 6469 6465 6467
3 6470 6467 6465
3 6470 6465 6466
3 6470 6472 6468
3 6470 6468 6467
3 8980 6469 6467
3 8980 6467 6468
3 6473 6472 6470
3 6473 6470 6471
3 6470 6466 6762
3 6470 6762 6471
3 6475 6468 6472
3 6475 6472 6474
3 6476 6474 6472
3 6476 6472 6473
3 6479 6475 6474
3 6479 6474 6477
3 6480 6477 6474
3 6480 6474 6476
3 6480 6482 6478
3 6480 6478 6477
3 8972 6479 6477
3 8972 6477 6478
3 6484 6482 6480
3 6484 6480 6481
3 6480 6476 6756
3 6480 6756 6481
3 6484 6486 6483
3 6484 6483 6482
3 8968 6478 6482
3 8968 6482 6483
3 6487 6486 6484
3 6487 6484 6485
3 6484 6481 6753
3 6484 6753 6485
3 6489 6483 6486
3 6489 6486 6488
3 6490 6488 6486
3 6490 6486 6487
3 6492 6489 6488
3 6492 6488 6491
3 6493 6491 6488
3 6493 6488 6490
3 6495 6492 6491
3 6495 6491 6494
3 6496 6494 6491
3 6496 6491 6493
3 6498 6495 6494
3 6498 6494 6497
3 6499 6497 6494
3 6499 6494 6496
3 6501 6498 6497
3 6501 6497 6500
3 6502 6500 6497
3 6502 6497 6499
3 6504 6501 6500
3 6504 6500 6503
3 6505 6503 6500
3 6505 6500 6502
3 6507 6504 6503
3 6507 6503 6506
3 6508 6506 6503
3 6508 6503 6505
3 6510 6507 6506
3 6510 6506 6509
3 6508 6511 6509
3 6508 6509 6506
3 6512 6513 6510
3 6512 6510 6509
3 6512 6509 6511
3 6512 6511 6514
3 6515 6516 6513
3 6515 6513 6512
3 6515 6512 6514
3 6515 6514 6517
3 6518 6521 6516
3 6518 6516 6515
3 6518 6515 6517
3 6518 6517 6520
3 6522 6521 6518
3 6522 6518 6519
3 6519 6518 6520
3 6519 6520 8895
3 6524 6516 6521
3 6524 6521 6523
3 6525 6523 6521
3 6525 6521 6522
3 6528 6524 6523
3 6528 6523 6526
3 6529 6526 6523
3 6529 6523 6525
3 6529 6531 6527
3 6529 6527 6526
3 8949 6528 6526
3 8949 6526 6527
3 6533 6531 6529
3 6533 6529 6530
3 6529 6525 6692
3 6529 6692 6530
3 6533 6535 6532
3 6533 6532 6531
3 9263 6527 6531
3 9263 6531 6532
3 6537 6535 6533
3 6537 6533 6534
3 6533 6530 6649
3 6533 6649 6534
3 6537 6539 6536
3 6537 6536 6535
3 9264 6532 6535
3 9264 6535 6536
3 6541 6539 6537
3 6541 6537 6538
3 6537 6534 6648
3 6537 6648 6538
3 6541 6543 6540
3 6541 6540 6539
3 9265 6536 6539
3 9265 6539 6540
3 6545 6543 6541
3 6545 6541 6542
3 6541 6538 6651
3 6541 6651 6542
3 6545 6547 6544
3 6545 6544 6543
3 9266 6540 6543
3 9266 6543 6544
3 6549 6547 6545
3 6549 6545 6546
3 6545 6542 6655
3 6545 6655 6546
3 6549 6551 6548
3 6549 6548 6547
3 9267 6544 6547
3 9267 6547 6548
3 6553 6551 6549
3 6553 6549 6550
3 6549 6546 6659
3 6549 6659 6550
3 6553 6555 6552
3 6553 6552 6551
3 9268 6548 6551
3 9268 6551 6552
3 6557 6555 6553
3 6557 6553 6554
3 6553 6550 6663
3 6553 6663 6554
3 6557 6559 6556
3 6557 6556 6555
3 9269 6552 6555
3 9269 6555 6556
3 6561 6559 6557
3 6561 6557 6558
3 6557 6554 6667
3 6557 6667 6558
3 6561 6563 6560
3 6561 6560 6559
3 9270 6556 6559
3 9270 6559 6560
3 6565 6563 6561
3 6565 6561 6562
3 6561 6558 6671
3 6561 6671 6562
3 6565 6567 6564
3 6565 6564 6563
3 9271 6560 6563
3 9271 6563 6564
3 6569 6567 6565
3 6569 6565 6566
3 6565 6562 6675
3 6565 6675 6566
3 6569 6571 6568
3 6569 6568 6567
3 8900 6564 6567
3 8900 6567 6568
3 6569 6566 6679
3 6569 6679 6570
3 6573 6571 6569
3 6573 6569 6570
3 6573 6574 6572
3 6573 6572 6571
3 8897 6568 6571
3 8897 6571 6572
3 6575 6576 6574
3 6575 6574 6573
3 6575 6573 6570
3 6575 6570 6577
3 6578 6579 6576
3 6578 6576 6575
3 6578 6575 6577
3 6578 6577 6580
3 6581 6582 6579
3 6581 6579 6578
3 6581 6578 6580
3 6581 6580 6584
3 6583 7583 6582
3 6583 6582 6581
3 6583 6581 6584
3 6583 6584 6585
3 6589 6585 6584
3 6589 6584 6586
3 6586 6584 6580
3 6586 6580 6588
3 6586 6588 6681
3 6586 6681 6587
3 6589 6586 6587
3 6589 6587 6591
3 6590 7585 6585
3 6590 6585 6589
3 6590 6589 6591
3 6590 6591 6592
3 6594 6592 6591
3 6594 6591 6593
3 6593 6591 6587
3 6593 6587 6596
3 6594 6593 6595
3 6594 6595 7554
3 6593 6596 6598
3 6593 6598 6595
3 6596 6587 6681
3 6596 6681 6597
3 6596 6597 6599
3 6596 6599 6598
3 6600 6598 6599
3 6600 6599 6603
3 6602 6595 6598
3 6602 6598 6600
3 6600 6603 6605
3 6600 6605 6601
3 6602 6600 6601
3 6602 6601 8488
3 6683 6604 6603
3 6683 6603 6599
3 6605 6603 6604
3 6605 6604 6607
3 6605 6607 6609
3 6605 6609 6606
3 6605 6606 8491
3 6605 8491 6601
3 6684 6608 6607
3 6684 6607 6604
3 6609 6607 6608
3 6609 6608 6611
3 6609 6611 6613
3 6609 6613 6610
3 6609 6610 8493
3 6609 8493 6606
3 6685 6612 6611
3 6685 6611 6608
3 6613 6611 6612
3 6613 6612 6615
3 6613 6614 8507
3 6613 8507 6610
3 6613 6615 6617
3 6613 6617 6614
3 6686 6616 6615
3 6686 6615 6612
3 6617 6615 6616
3 6617 6616 6618
3 6617 6619 6621
3 6617 6621 6614
3 6617 6618 6622
3 6617 6622 6619
3 6622 6624 6620
3 6622 6620 6619
3 7450 6621 6619
3 7450 6619 6620
3 6622 6618 6688
3 6622 6688 6623
3 6622 6623 6625
3 6622 6625 6624
3 6625 6629 6626
3 6625 6626 6624
3 6628 6620 6624
3 6628 6624 6626
3 6627 6626 6629
3 6627 6629 6630
3 6628 6626 6627
3 6628 6627 7449
3 6631 6632 6630
3 6631 6630 6629
3 6625 6633 6631
3 6625 6631 6629
3 6631 6634 6636
3 6631 6636 6632
3 6631 6633 6635
3 6631 6635 6634
3 6640 6637 6634
3 6640 6634 6635
3 6636 6634 6637
3 6636 6637 6638
3 6639 8847 6638
3 6639 6638 6637
3 6640 6642 6639
3 6640 6639 6637
3 6640 6641 6643
3 6640 6643 6642
3 6691 6641 6640
3 6691 6640 6635
3 6647 6644 6642
3 6647 6642 6643
3 6639 6642 6644
3 6639 6644 6645
3 6646 6693 6645
3 6646 6645 6644
3 6647 6649 6646
3 6647 6646 6644
3 6647 6648 6534
3 6647 6534 6649
3 6650 6648 6647
3 6650 6647 6643
3 6646 6649 6530
3 6646 6530 6692
3 6650 6651 6538
3 6650 6538 6648
3 6650 6643 6641
3 6650 6641 6652
3 6654 6651 6650
3 6654 6650 6652
3 6654 6652 6653
3 6654 6653 6656
3 6691 6653 6652
3 6691 6652 6641
3 6654 6655 6542
3 6654 6542 6651
3 6658 6655 6654
3 6658 6654 6656
3 6658 6656 6657
3 6658 6657 6660
3 6689 6657 6656
3 6689 6656 6653
3 6658 6659 6546
3 6658 6546 6655
3 6662 6659 6658
3 6662 6658 6660
3 6662 6660 6661
3 6662 6661 6664
3 6687 6661 6660
3 6687 6660 6657
3 6662 6663 6550
3 6662 6550 6659
3 6666 6663 6662
3 6666 6662 6664
3 6666 6664 6665
3 6666 6665 6668
3 6686 6665 6664
3 6686 6664 6661
3 6666 6667 6554
3 6666 6554 6663
3 6670 6667 6666
3 6670 6666 6668
3 6670 6668 6669
3 6670 6669 6672
3 6685 6669 6668
3 6685 6668 6665
3 6670 6671 6558
3 6670 6558 6667
3 6674 6671 6670
3 6674 6670 6672
3 6674 6672 6673
3 6674 6673 6676
3 6684 6673 6672
3 6684 6672 6669
3 6674 6675 6562
3 6674 6562 6671
3 6678 6675 6674
3 6678 6674 6676
3 6678 6676 6677
3 6678 6677 6680
3 6683 6677 6676
3 6683 6676 6673
3 6678 6679 6566
3 6678 6566 6675
3 6682 6679 6678
3 6682 6678 6680
3 6588 6682 6680
3 6588 6680 6681
3 6597 6681 6680
3 6597 6680 6677
3 6588 6580 6577
3 6588 6577 6682
3 6682 6577 6570
3 6682 6570 6679
3 6597 6677 6683
3 6597 6683 6599
3 6683 6673 6684
3 6683 6684 6604
3 6684 6669 6685
3 6684 6685 6608
3 6685 6665 6686
3 6685 6686 6612
3 6686 6661 6687
3 6686 6687 6616
3 6687 6688 6618
3 6687 6618 6616
3 6687 6657 6689
3 6687 6689 6688
3 6689 6690 6623
3 6689 6623 6688
3 6689 6653 6691
3 6689 6691 6690
3 6625 6623 6690
3 6625 6690 6633
3 6691 6635 6633
3 6691 6633 6690
3 6646 6692 6694
3 6646 6694 6693
3 6693 6694 6696
3 6693 6696 6695
3 6693 6695 6697
3 6693 6697 6645
3 6695 6696 6699
3 6695 6699 6698
3 6695 6698 6700
3 6695 6700 6697
3 6698 6699 6702
3 6698 6702 6701
3 6698 6701 6703
3 6698 6703 6700
3 6701 6702 6707
3 6701 6707 6704
3 6701 6704 6706
3 6701 6706 6703
3 6704 6707 6708
3 6704 6708 6705
3 6704 6705 7326
3 6704 7326 6706
3 6707 6709 6711
3 6707 6711 6708
3 6707 6702 6710
3 6707 6710 6709
3 6709 6710 6713
3 6709 6713 6712
3 6709 6712 6714
3 6709 6714 6711
3 6712 6713 6716
3 6712 6716 6715
3 6712 6715 6717
3 6712 6717 6714
3 6716 6719 6718
3 6716 6718 6715
3 6720 6717 6715
3 6720 6715 6718
3 6719 6722 6721
3 6719 6721 6718
3 6720 6718 6721
3 6720 6721 6723
3 6722 6725 6724
3 6722 6724 6721
3 6723 6721 6724
3 6723 6724 6726
3 6727 6724 6725
3 6727 6725 6729
3 6726 6724 6727
3 6726 6727 6728
3 6727 6730 6732
3 6727 6732 6728
3 6727 6729 6731
3 6727 6731 6730
3 6730 6731 6734
3 6730 6734 6733
3 6730 6733 6735
3 6730 6735 6732
3 6733 6734 6737
3 6733 6737 6736
3 6733 6736 6738
3 6733 6738 6735
3 6736 6737 6740
3 6736 6740 6739
3 6736 6739 6741
3 6736 6741 6738
3 6739 6740 6743
3 6739 6743 6742
3 6739 6742 6744
3 6739 6744 6741
3 6742 6743 6748
3 6742 6748 6745
3 6742 6745 6747
3 6742 6747 6744
3 6745 6748 6749
3 6745 6749 6746
3 6745 6746 7135
3 6745 7135 6747
3 6490 6487 6748
3 6490 6748 6743
3 6487 6485 6749
3 6487 6749 6748
3 6750 6749 6485
3 6750 6485 6753
3 6746 6749 6750
3 6746 6750 6752
3 6750 6751 7131
3 6750 7131 6752
3 6750 6753 6754
3 6750 6754 6751
3 6754 6753 6481
3 6754 6481 6756
3 6754 6756 6757
3 6754 6757 6755
3 6754 6755 7130
3 6754 7130 6751
3 6476 6473 6757
3 6476 6757 6756
3 6473 6471 6758
3 6473 6758 6757
3 6755 6757 6758
3 6755 6758 6759
3 6760 6758 6471
3 6760 6471 6762
3 6759 6758 6760
3 6759 6760 6761
3 6760 6763 6765
3 6760 6765 6761
3 6760 6762 6764
3 6760 6764 6763
3 6763 6764 6769
3 6763 6769 6766
3 6763 6766 6767
3 6763 6767 6765
3 8887 6767 6766
3 8887 6766 6768
3 6769 6771 6768
3 6769 6768 6766
3 6769 6764 6464
3 6769 6464 6770
3 6769 6770 6772
3 6769 6772 6771
3 6771 6772 6774
3 6771 6774 6773
3 6771 6773 6775
3 6771 6775 6768
3 6773 6774 6777
3 6773 6777 6776
3 6773 6776 6778
3 6773 6778 6775
3 6776 6777 6780
3 6776 6780 6779
3 6776 6779 6781
3 6776 6781 6778
3 6779 6780 6784
3 6779 6784 6782
3 6779 6782 6783
3 6779 6783 6781
3 6782 6784 6433
3 6782 6433 6430
3 6782 6430 6427
3 6782 6427 6783
3 6447 6444 6784
3 6447 6784 6780
3 6444 6436 6433
3 6444 6433 6784
3 6785 6783 6427
3 6785 6427 6424
3 6786 6781 6783
3 6786 6783 6785
3 6785 6424 6421
3 6785 6421 6787
3 6786 6785 6787
3 6786 6787 6788
3 6789 6787 6421
3 6789 6421 6418
3 6790 6788 6787
3 6790 6787 6789
3 6789 6418 6415
3 6789 6415 6791
3 6790 6789 6791
3 6790 6791 6792
3 6793 6791 6415
3 6793 6415 6413
3 6794 6792 6791
3 6794 6791 6793
3 6793 6413 6798
3 6793 6798 6795
3 6794 6793 6795
3 6794 6795 6797
3 6796 6795 6798
3 6796 6798 6799
3 7087 6797 6795
3 7087 6795 6796
3 6799 6798 6409
3 6799 6409 6801
3 6796 6799 6800
3 6796 6800 7086
3 6799 6801 6802
3 6799 6802 6800
3 6801 6405 6804
3 6801 6804 6802
3 6803 6802 6804
3 6803 6804 6805
3 8894 6800 6802
3 8894 6802 6803
3 6805 6804 6400
3 6805 6400 6397
3 6805 6397 6394
3 6805 6394 6806
3 6803 6805 6806
3 6803 6806 6807
3 6808 6806 6394
3 6808 6394 6391
3 6809 6807 6806
3 6809 6806 6808
3 6808 6391 6388
3 6808 6388 6810
3 6809 6808 6810
3 6809 6810 6812
3 6388 6385 6811
3 6388 6811 6810
3 6814 6812 6810
3 6814 6810 6811
3 6814 6815 6813
3 6814 6813 6812
3 8893 6809 6812
3 8893 6812 6813
3 6814 6811 6816
3 6814 6816 6815
3 6818 6817 6815
3 6818 6815 6816
3 6820 6813 6815
3 6820 6815 6817
3 6818 6832 6819
3 6818 6819 6817
3 6822 6820 6817
3 6822 6817 6819
3 6820 6821 8893
3 6820 8893 6813
3 6822 6823 6821
3 6822 6821 6820
3 6822 6824 6825
3 6822 6825 6823
3 6827 6824 6822
3 6827 6822 6819
3 7017 6825 6824
3 7017 6824 6826
3 6828 6826 6824
3 6828 6824 6827
3 6828 6827 6829
3 6828 6829 6830
3 6827 6819 6832
3 6827 6832 6829
3 6834 6830 6829
3 6834 6829 6831
3 6833 6831 6829
3 6833 6829 6832
3 6833 6832 6818
3 6833 6818 6380
3 6835 6831 6833
3 6835 6833 6376
3 6834 6831 6835
3 6834 6835 6836
3 6835 6371 6369
3 6835 6369 6836
3 6837 6836 6369
3 6837 6369 6840
3 6837 6838 6834
3 6837 6834 6836
3 6837 6839 7024
3 6837 7024 6838
3 6841 6839 6837
3 6841 6837 6840
3 6841 6840 6365
3 6841 6365 6843
3 6841 6842 7026
3 6841 7026 6839
3 6844 6842 6841
3 6844 6841 6843
3 6844 6843 6361
3 6844 6361 6846
3 6844 6845 7029
3 6844 7029 6842
3 6847 6845 6844
3 6847 6844 6846
3 6847 6846 6357
3 6847 6357 6849
3 6847 6848 7032
3 6847 7032 6845
3 6850 6848 6847
3 6850 6847 6849
3 6850 6849 6353
3 6850 6353 6852
3 6850 6851 7035
3 6850 7035 6848
3 6853 6851 6850
3 6853 6850 6852
3 6853 6852 6349
3 6853 6349 6855
3 6853 6854 7038
3 6853 7038 6851
3 6856 6854 6853
3 6856 6853 6855
3 6856 6855 6345
3 6856 6345 6858
3 6856 6857 7041
3 6856 7041 6854
3 6859 6857 6856
3 6859 6856 6858
3 6859 6858 6341
3 6859 6341 6861
3 6859 6860 7044
3 6859 7044 6857
3 6862 6860 6859
3 6862 6859 6861
3 6862 6861 6337
3 6862 6337 6864
3 7047 6860 6862
3 7047 6862 6863
3 6862 6864 6865
3 6862 6865 6863
3 6332 6329 6865
3 6332 6865 6864
3 6329 6327 6866
3 6329 6866 6865
3 6867 6863 6865
3 6867 6865 6866
3 6868 6866 6327
3 6868 6327 6871
3 6868 6869 6867
3 6868 6867 6866
3 6945 6869 6868
3 6945 6868 6870
3 6868 6871 6872
3 6868 6872 6870
3 6322 6319 6872
3 6322 6872 6871
3 6319 6317 6873
3 6319 6873 6872
3 6874 6870 6872
3 6874 6872 6873
3 6875 6873 6317
3 6875 6317 6878
3 6875 6877 6874
3 6875 6874 6873
3 6879 6876 6875
3 6879 6875 6878
3 6875 6876 6941
3 6875 6941 6877
3 6879 6878 6313
3 6879 6313 6881
3 6882 6880 6879
3 6882 6879 6881
3 6879 6880 6940
3 6879 6940 6876
3 6882 6881 6309
3 6882 6309 6884
3 6885 6883 6882
3 6885 6882 6884
3 6882 6883 6939
3 6882 6939 6880
3 6885 6884 6305
3 6885 6305 6887
3 6888 6886 6885
3 6888 6885 6887
3 6885 6886 6938
3 6885 6938 6883
3 6888 6887 6301
3 6888 6301 6890
3 6891 6889 6888
3 6891 6888 6890
3 6888 6889 6937
3 6888 6937 6886
3 6891 6890 6297
3 6891 6297 6893
3 6894 6892 6891
3 6894 6891 6893
3 6891 6892 6936
3 6891 6936 6889
3 6894 6893 6293
3 6894 6293 6896
3 6897 6895 6894
3 6897 6894 6896
3 6894 6895 6935
3 6894 6935 6892
3 6897 6896 6289
3 6897 6289 6899
3 6900 6898 6897
3 6900 6897 6899
3 6897 6898 6934
3 6897 6934 6895
3 6900 6899 6285
3 6900 6285 6902
3 6903 6901 6900
3 6903 6900 6902
3 6900 6901 6933
3 6900 6933 6898
3 6903 6902 6281
3 6903 6281 6905
3 6906 6904 6903
3 6906 6903 6905
3 6903 6904 6932
3 6903 6932 6901
3 6906 6905 6277
3 6906 6277 6908
3 6909 6907 6906
3 6909 6906 6908
3 6906 6907 6931
3 6906 6931 6904
3 6909 6908 6273
3 6909 6273 6911
3 6912 6910 6909
3 6912 6909 6911
3 6909 6910 6930
3 6909 6930 6907
3 6912 6911 6269
3 6912 6269 6914
3 6915 6913 6912
3 6915 6912 6914
3 6912 6913 6929
3 6912 6929 6910
3 6915 6914 6265
3 6915 6265 6917
3 6918 6916 6915
3 6918 6915 6917
3 6915 6916 6928
3 6915 6928 6913
3 6918 6917 6261
3 6918 6261 6920
3 6921 6919 6918
3 6921 6918 6920
3 6918 6919 6927
3 6918 6927 6916
3 6921 6920 6257
3 6921 6257 6923
3 6924 6922 6921
3 6924 6921 6923
3 6921 6922 6926
3 6921 6926 6919
3 6924 6923 6253
3 6924 6253 6925
3 6924 6120 6117
3 6924 6117 6922
3 6123 6120 6924
3 6123 6924 6925
3 6922 6117 6115
3 6922 6115 6926
3 6097 6095 6926
3 6097 6926 6115
3 6919 6926 6095
3 6919 6095 6927
3 6916 6927 6091
3 6916 6091 6928
3 6913 6928 6087
3 6913 6087 6929
3 6910 6929 6083
3 6910 6083 6930
3 6907 6930 6079
3 6907 6079 6931
3 6904 6931 6075
3 6904 6075 6932
3 6901 6932 6071
3 6901 6071 6933
3 6898 6933 6067
3 6898 6067 6934
3 6895 6934 6063
3 6895 6063 6935
3 6892 6935 6059
3 6892 6059 6936
3 6889 6936 6055
3 6889 6055 6937
3 6886 6937 6051
3 6886 6051 6938
3 6883 6938 6047
3 6883 6047 6939
3 6880 6939 6043
3 6880 6043 6940
3 6876 6940 6039
3 6876 6039 6941
3 6877 6941 6038
3 6877 6038 6942
3 6874 6877 6942
3 6874 6942 6944
3 6944 6942 6943
3 6944 6943 6946
3 6036 6943 6942
3 6036 6942 6038
3 6874 6944 6945
3 6874 6945 6870
3 6945 6944 6946
3 6945 6946 6947
3 6949 6947 6946
3 6949 6946 6948
3 6948 6946 6943
3 6948 6943 6951
3 6949 6948 6950
3 6949 6950 7054
3 6948 6951 6952
3 6948 6952 6950
3 6951 6943 6036
3 6951 6036 6034
3 6951 6034 6954
3 6951 6954 6952
3 6955 6953 6952
3 6955 6952 6954
3 7056 6950 6952
3 7056 6952 6953
3 6029 6026 6955
3 6029 6955 6954
3 6955 6956 6957
3 6955 6957 6953
3 6955 6026 6958
3 6955 6958 6956
3 6957 6956 6959
3 6957 6959 6960
3 6961 6959 6956
3 6961 6956 6958
3 6962 6963 6960
3 6962 6960 6959
3 6961 6964 6962
3 6961 6962 6959
3 6962 6965 6968
3 6962 6968 6963
3 6962 6964 6966
3 6962 6966 6965
3 7194 6967 6965
3 7194 6965 6966
3 6967 6969 6968
3 6967 6968 6965
3 6969 6971 6970
3 6969 6970 6968
3 6963 6968 6970
3 6963 6970 6972
3 6973 6970 6971
3 6973 6971 6975
3 6972 6970 6973
3 6972 6973 6974
3 6973 6976 6978
3 6973 6978 6974
3 6973 6975 6977
3 6973 6977 6976
3 6976 6977 6980
3 6976 6980 6979
3 6976 6979 6981
3 6976 6981 6978
3 6979 6980 6985
3 6979 6985 6982
3 6979 6982 6983
3 6979 6983 6981
3 7069 6983 6982
3 7069 6982 6984
3 6985 6987 6984
3 6985 6984 6982
3 6985 6980 7275
3 6985 7275 6986
3 6985 6986 6988
3 6985 6988 6987
3 6987 6988 6990
3 6987 6990 6989
3 6987 6989 6991
3 6987 6991 6984
3 6989 6990 6993
3 6989 6993 6992
3 6989 6992 6994
3 6989 6994 6991
3 6998 6995 6992
3 6998 6992 6993
3 6994 6992 6995
3 6994 6995 6996
3 6997 7028 6996
3 6997 6996 6995
3 6998 7000 6997
3 6998 6997 6995
3 7224 6999 6998
3 7224 6998 6993
3 6998 6999 7001
3 6998 7001 7000
3 7000 7001 7005
3 7000 7005 7002
3 7000 7002 7004
3 7000 7004 6997
3 7005 7006 7003
3 7005 7003 7002
3 7025 7004 7002
3 7025 7002 7003
3 7005 7001 7008
3 7005 7008 7007
3 7005 7007 7010
3 7005 7010 7006
3 7228 7009 7007
3 7228 7007 7008
3 7010 7007 7009
3 7010 7009 7012
3 7010 7012 7014
3 7010 7014 7011
3 7010 7011 7022
3 7010 7022 7006
3 7233 7013 7012
3 7233 7012 7009
3 7014 7012 7013
3 7014 7013 7015
3 7014 7015 7018
3 7014 7018 7016
3 7014 7016 7019
3 7014 7019 7011
3 7016 7018 7076
3 7016 7076 7017
3 7016 7017 6826
3 7016 6826 7019
3 7020 7019 6826
3 7020 6826 6828
3 7020 7022 7011
3 7020 7011 7019
3 7020 6828 6830
3 7020 6830 7021
3 7023 7022 7020
3 7023 7020 7021
3 7023 7003 7006
3 7023 7006 7022
3 7025 7003 7023
3 7025 7023 7024
3 7023 7021 6838
3 7023 6838 7024
3 7025 7024 6839
3 7025 6839 7026
3 7027 7004 7025
3 7027 7025 7026
3 7027 7026 6842
3 7027 6842 7029
3 7027 7028 6997
3 7027 6997 7004
3 7030 7028 7027
3 7030 7027 7029
3 7030 7029 6845
3 7030 6845 7032
3 7031 6996 7028
3 7031 7028 7030
3 7031 7030 7032
3 7031 7032 7033
3 7033 7032 6848
3 7033 6848 7035
3 7031 7033 7034
3 7031 7034 7072
3 7033 7035 7036
3 7033 7036 7034
3 7035 6851 7038
3 7035 7038 7036
3 7070 7034 7036
3 7070 7036 7037
3 7037 7036 7038
3 7037 7038 7039
3 6854 7041 7039
3 6854 7039 7038
3 7037 7039 7040
3 7037 7040 7068
3 7040 7039 7041
3 7040 7041 7042
3 6857 7044 7042
3 6857 7042 7041
3 7040 7042 7043
3 7040 7043 7073
3 7043 7042 7044
3 7043 7044 7045
3 7047 7045 7044
3 7047 7044 6860
3 7047 7048 7046
3 7047 7046 7045
3 7043 7045 7046
3 7043 7046 7052
3 6867 7048 7047
3 6867 7047 6863
3 6867 6869 7049
3 6867 7049 7048
3 7048 7049 7050
3 7048 7050 7046
3 6949 7050 7049
3 6949 7049 6947
3 6945 6947 7049
3 6945 7049 6869
3 7052 7046 7050
3 7052 7050 7051
3 7051 7050 6949
3 7051 6949 7054
3 7052 7051 7053
3 7052 7053 7074
3 7051 7054 7055
3 7051 7055 7053
3 7056 7055 7054
3 7056 7054 6950
3 7056 7058 7057
3 7056 7057 7055
3 7057 7059 7053
3 7057 7053 7055
3 7057 7058 7061
3 7057 7061 7060
3 7057 7060 7062
3 7057 7062 7059
3 6972 6974 7060
3 6972 7060 7061
3 7062 7060 6974
3 7062 6974 6978
3 7062 7063 7064
3 7062 7064 7059
3 7062 6978 6981
3 7062 6981 7063
3 7064 7063 7065
3 7064 7065 7066
3 7065 7063 6981
3 7065 6981 6983
3 7065 7067 7068
3 7065 7068 7066
3 7065 6983 7069
3 7065 7069 7067
3 7070 7037 7068
3 7070 7068 7067
3 7069 7071 7070
3 7069 7070 7067
3 7070 7071 7072
3 7070 7072 7034
3 7069 6984 6991
3 7069 6991 7071
3 6994 7072 7071
3 6994 7071 6991
3 6994 6996 7031
3 6994 7031 7072
3 7040 7073 7066
3 7040 7066 7068
3 7064 7066 7073
3 7064 7073 7074
3 7043 7052 7074
3 7043 7074 7073
3 7064 7074 7053
3 7064 7053 7059
3 6963 6972 7061
3 6963 7061 6960
3 6957 6960 7061
3 6957 7061 7058
3 6957 7058 7056
3 6957 7056 6953
3 6834 6838 7021
3 6834 7021 6830
3 7241 7075 7018
3 7241 7018 7015
3 7075 7078 7076
3 7075 7076 7018
3 7077 7076 7078
3 7077 7078 7080
3 7017 7076 7077
3 7017 7077 6825
3 7075 7242 7079
3 7075 7079 7078
3 7079 7081 7080
3 7079 7080 7078
3 7081 7085 7082
3 7081 7082 7080
3 7077 7080 7082
3 7077 7082 7084
3 7083 7082 7085
3 7083 7085 7086
3 7084 7082 7083
3 7084 7083 8891
3 7087 6796 7086
3 7087 7086 7085
3 7081 7088 7087
3 7081 7087 7085
3 7087 7088 7090
3 7087 7090 6797
3 7092 7090 7088
3 7092 7088 7089
3 7079 7089 7088
3 7079 7088 7081
3 7091 6794 6797
3 7091 6797 7090
3 7092 7094 7091
3 7092 7091 7090
3 7093 7095 7094
3 7093 7094 7092
3 7093 7092 7089
3 7093 7089 7243
3 7091 7094 7096
3 7091 7096 7097
3 7098 7096 7094
3 7098 7094 7095
3 7099 7100 7097
3 7099 7097 7096
3 7098 7102 7099
3 7098 7099 7096
3 7099 7101 8890
3 7099 8890 7100
3 7099 7102 7103
3 7099 7103 7101
3 7105 7103 7102
3 7105 7102 7104
3 7107 7104 7102
3 7107 7102 7098
3 7129 7105 7104
3 7129 7104 7106
3 7107 7108 7106
3 7107 7106 7104
3 7110 7108 7107
3 7110 7107 7109
3 7107 7098 7095
3 7107 7095 7109
3 7093 7111 7109
3 7093 7109 7095
3 7110 7109 7111
3 7110 7111 7113
3 7112 7111 7093
3 7112 7093 7243
3 7114 7113 7111
3 7114 7111 7112
3 7116 7115 7113
3 7116 7113 7114
3 7118 7110 7113
3 7118 7113 7115
3 7116 7245 7117
3 7116 7117 7115
3 7120 7118 7115
3 7120 7115 7117
3 7118 7119 7108
3 7118 7108 7110
3 7120 7122 7119
3 7120 7119 7118
3 7120 7121 7123
3 7120 7123 7122
3 7247 7121 7120
3 7247 7120 7117
3 7126 7124 7122
3 7126 7122 7123
3 7124 7127 7119
3 7124 7119 7122
3 7124 7125 7128
3 7124 7128 7127
3 7126 7130 7125
3 7126 7125 7124
3 7127 7128 7129
3 7127 7129 7106
3 7127 7106 7108
3 7127 7108 7119
3 6759 6761 7128
3 6759 7128 7125
3 7129 7128 6761
3 7129 6761 6765
3 7129 6765 6767
3 7129 6767 7105
3 7126 7131 6751
3 7126 6751 7130
3 7132 7131 7126
3 7132 7126 7123
3 7132 7134 6752
3 7132 6752 7131
3 7136 7134 7132
3 7136 7132 7133
3 7132 7123 7121
3 7132 7121 7133
3 6746 6752 7134
3 6746 7134 7135
3 7137 7135 7134
3 7137 7134 7136
3 7137 7136 7138
3 7137 7138 7141
3 7136 7133 7139
3 7136 7139 7138
3 7140 7138 7139
3 7140 7139 7248
3 7142 7141 7138
3 7142 7138 7140
3 7146 7137 7141
3 7146 7141 7143
3 7144 7143 7141
3 7144 7141 7142
3 7263 7145 7143
3 7263 7143 7144
3 7147 7146 7143
3 7147 7143 7145
3 7146 6747 7135
3 7146 7135 7137
3 7147 6744 6747
3 7147 6747 7146
3 7148 6741 6744
3 7148 6744 7147
3 7148 7147 7145
3 7148 7145 7150
3 7149 6738 6741
3 7149 6741 7148
3 7149 7148 7150
3 7149 7150 7152
3 7151 7150 7145
3 7151 7145 7263
3 7153 7152 7150
3 7153 7150 7151
3 7157 7154 7152
3 7157 7152 7153
3 7155 7149 7152
3 7155 7152 7154
3 8882 7155 7154
3 8882 7154 7156
3 7157 7159 7156
3 7157 7156 7154
3 7157 7153 7266
3 7157 7266 7158
3 7160 7159 7157
3 7160 7157 7158
3 7164 7161 7159
3 7164 7159 7160
3 7162 7156 7159
3 7162 7159 7161
3 8880 7162 7161
3 8880 7161 7163
3 7165 7163 7161
3 7165 7161 7164
3 7164 7160 7167
3 7164 7167 7166
3 7165 7164 7166
3 7165 7166 7168
3 7169 7166 7167
3 7169 7167 7170
3 7169 7172 7168
3 7169 7168 7166
3 7169 7170 7273
3 7169 7273 7171
3 7173 7172 7169
3 7173 7169 7171
3 7175 7174 7172
3 7175 7172 7173
3 7176 7168 7172
3 7176 7172 7174
3 7180 7177 7174
3 7180 7174 7175
3 7178 7176 7174
3 7178 7174 7177
3 8864 7178 7177
3 8864 7177 7179
3 7180 7181 7179
3 7180 7179 7177
3 7180 7175 7183
3 7180 7183 7182
3 7184 7181 7180
3 7184 7180 7182
3 7186 7185 7182
3 7186 7182 7183
3 7184 7182 7185
3 7184 7185 7187
3 7188 7185 7186
3 7188 7186 7191
3 7188 7189 7187
3 7188 7187 7185
3 7283 7189 7188
3 7283 7188 7190
3 7188 7191 7192
3 7188 7192 7190
3 7186 7195 7193
3 7186 7193 7191
3 7194 7192 7191
3 7194 7191 7193
3 7194 7193 7196
3 7194 7196 6967
3 7195 7197 7196
3 7195 7196 7193
3 6967 7196 7198
3 6967 7198 6969
3 7197 7200 7198
3 7197 7198 7196
3 6969 7198 7199
3 6969 7199 6971
3 7199 7198 7200
3 7199 7200 7202
3 7201 7203 7202
3 7201 7202 7200
3 7197 7276 7201
3 7197 7201 7200
3 7199 7202 7204
3 7199 7204 7205
3 7203 7206 7204
3 7203 7204 7202
3 7205 7204 7207
3 7205 7207 7208
3 7206 7210 7207
3 7206 7207 7204
3 7208 7207 7209
3 7208 7209 7275
3 7209 7207 7210
3 7209 7210 7212
3 7211 7213 7212
3 7211 7212 7210
3 7206 7271 7211
3 7206 7211 7210
3 7209 7212 7214
3 7209 7214 7215
3 7213 7216 7214
3 7213 7214 7212
3 7215 7214 7217
3 7215 7217 7218
3 7216 7219 7217
3 7216 7217 7214
3 7218 7217 7220
3 7218 7220 7221
3 7219 7222 7220
3 7219 7220 7217
3 7221 7220 7223
3 7221 7223 7224
3 7222 7225 7223
3 7222 7223 7220
3 7224 7223 7226
3 7224 7226 6999
3 7225 7227 7226
3 7225 7226 7223
3 7008 7001 6999
3 7008 6999 7226
3 7227 7228 7008
3 7227 7008 7226
3 7227 7229 7232
3 7227 7232 7228
3 7225 7231 7229
3 7225 7229 7227
3 7230 7234 7232
3 7230 7232 7229
3 7251 7230 7229
3 7251 7229 7231
3 7228 7232 7233
3 7228 7233 7009
3 7233 7232 7234
3 7233 7234 7236
3 7230 7244 7235
3 7230 7235 7234
3 7235 7238 7236
3 7235 7236 7234
3 7233 7236 7237
3 7233 7237 7013
3 7237 7236 7238
3 7237 7238 7239
3 7116 7114 7239
3 7116 7239 7238
3 7235 7245 7116
3 7235 7116 7238
3 7237 7239 7240
3 7237 7240 7241
3 7114 7112 7240
3 7114 7240 7239
3 7241 7240 7242
3 7241 7242 7075
3 7112 7243 7242
3 7112 7242 7240
3 7079 7242 7243
3 7079 7243 7089
3 7237 7241 7015
3 7237 7015 7013
3 7235 7244 7246
3 7235 7246 7245
3 7247 7117 7245
3 7247 7245 7246
3 7248 7139 7247
3 7248 7247 7246
3 7248 7246 7244
3 7248 7244 7249
3 7140 7248 7249
3 7140 7249 7250
3 7251 7249 7244
3 7251 7244 7230
3 7252 7250 7249
3 7252 7249 7251
3 7252 7251 7231
3 7252 7231 7254
3 7253 7274 7250
3 7253 7250 7252
3 7253 7252 7254
3 7253 7254 7255
3 7222 7254 7231
3 7222 7231 7225
3 7219 7255 7254
3 7219 7254 7222
3 7216 7256 7255
3 7216 7255 7219
3 7257 7253 7255
3 7257 7255 7256
3 7213 7258 7256
3 7213 7256 7216
3 7260 7257 7256
3 7260 7256 7258
3 7211 7259 7258
3 7211 7258 7213
3 7261 7260 7258
3 7261 7258 7259
3 7261 7265 7262
3 7261 7262 7260
3 7260 7262 7264
3 7260 7264 7257
3 7263 7144 7264
3 7263 7264 7262
3 7151 7263 7262
3 7151 7262 7265
3 7267 7266 7265
3 7267 7265 7261
3 7153 7151 7265
3 7153 7265 7266
3 7267 7268 7158
3 7267 7158 7266
3 7267 7261 7259
3 7267 7259 7269
3 7270 7268 7267
3 7270 7267 7269
3 7211 7271 7269
3 7211 7269 7259
3 7270 7269 7271
3 7270 7271 7272
3 7203 7272 7271
3 7203 7271 7206
3 7170 7270 7272
3 7170 7272 7273
3 7201 7273 7272
3 7201 7272 7203
3 7201 7276 7171
3 7201 7171 7273
3 7170 7167 7268
3 7170 7268 7270
3 7160 7158 7268
3 7160 7268 7167
3 7257 7264 7274
3 7257 7274 7253
3 7144 7142 7274
3 7144 7274 7264
3 7142 7140 7250
3 7142 7250 7274
3 7247 7139 7133
3 7247 7133 7121
3 7221 7224 6993
3 7221 6993 6990
3 7218 7221 6990
3 7218 6990 6988
3 7215 7218 6988
3 7215 6988 6986
3 7209 7215 6986
3 7209 6986 7275
3 7208 7275 6980
3 7208 6980 6977
3 7205 7208 6977
3 7205 6977 6975
3 7199 7205 6975
3 7199 6975 6971
3 7195 7277 7276
3 7195 7276 7197
3 7173 7171 7276
3 7173 7276 7277
3 7186 7183 7277
3 7186 7277 7195
3 7175 7173 7277
3 7175 7277 7183
3 7278 7192 7194
3 7278 7194 6966
3 7278 7280 7190
3 7278 7190 7192
3 7281 7280 7278
3 7281 7278 7279
3 7278 6966 6964
3 7278 6964 7279
3 7281 7284 7282
3 7281 7282 7280
3 7283 7190 7280
3 7283 7280 7282
3 7285 7288 7283
3 7285 7283 7282
3 7285 7282 7284
3 7285 7284 7287
3 7285 7286 7289
3 7285 7289 7288
3 8669 7286 7285
3 8669 7285 7287
3 7283 7288 7290
3 7283 7290 7189
3 7291 7290 7288
3 7291 7288 7289
3 7292 7187 7189
3 7292 7189 7290
3 7291 7294 7292
3 7291 7292 7290
3 7292 7294 7295
3 7292 7295 7293
3 7292 7293 7184
3 7292 7184 7187
3 7299 7295 7294
3 7299 7294 7296
3 7291 7298 7296
3 7291 7296 7294
3 7297 7301 7299
3 7297 7299 7296
3 7297 7296 7298
3 7297 7298 8699
3 7299 7301 7303
3 7299 7303 7300
3 7299 7300 8862
3 7299 8862 7295
3 7297 8697 7302
3 7297 7302 7301
3 7304 7303 7301
3 7304 7301 7302
3 7305 7307 7300
3 7305 7300 7303
3 7304 7308 7305
3 7304 7305 7303
3 7305 7308 7310
3 7305 7310 7306
3 7305 7306 8857
3 7305 8857 7307
3 7311 7310 7308
3 7311 7308 7309
3 7304 8702 7309
3 7304 7309 7308
3 7312 7314 7306
3 7312 7306 7310
3 7315 7312 7310
3 7315 7310 7311
3 7317 7313 7312
3 7317 7312 7315
3 7312 7313 8852
3 7312 8852 7314
3 7317 7315 7316
3 7317 7316 7318
3 7315 7311 8791
3 7315 8791 7316
3 7319 7320 7313
3 7319 7313 7317
3 7319 7317 7318
3 7319 7318 7321
3 7322 7323 7320
3 7322 7320 7319
3 7322 7319 7321
3 7322 7321 7324
3 7325 7326 7323
3 7325 7323 7322
3 7325 7322 7324
3 7325 7324 7328
3 7327 6706 7326
3 7327 7326 7325
3 7327 7325 7328
3 7327 7328 7329
3 7333 7329 7328
3 7333 7328 7330
3 7330 7328 7324
3 7330 7324 7332
3 7330 7332 8721
3 7330 8721 7331
3 7333 7330 7331
3 7333 7331 7335
3 7334 8844 7329
3 7334 7329 7333
3 7334 7333 7335
3 7334 7335 7337
3 7336 7335 7331
3 7336 7331 8726
3 7338 7337 7335
3 7338 7335 7336
3 7341 7339 7337
3 7341 7337 7338
3 7340 7334 7337
3 7340 7337 7339
3 7341 6630 6632
3 7341 6632 7339
3 6636 7340 7339
3 6636 7339 6632
3 7341 7338 7344
3 7341 7344 7342
3 6627 6630 7341
3 6627 7341 7342
3 6627 7342 7343
3 6627 7343 7449
3 7346 7343 7342
3 7346 7342 7344
3 7346 7344 7345
3 7346 7345 7348
3 7338 7336 7345
3 7338 7345 7344
3 7346 7348 7350
3 7346 7350 7347
3 7444 7343 7346
3 7444 7346 7347
3 7348 7345 8729
3 7348 8729 7349
3 7348 7349 7351
3 7348 7351 7350
3 7352 7354 7347
3 7352 7347 7350
3 7352 7350 7351
3 7352 7351 7355
3 7352 7355 7357
3 7352 7357 7353
3 7438 7354 7352
3 7438 7352 7353
3 7355 7356 7358
3 7355 7358 7357
3 7355 7351 8731
3 7355 8731 7356
3 7359 7361 7353
3 7359 7353 7357
3 7359 7357 7358
3 7359 7358 7362
3 7359 7362 7364
3 7359 7364 7360
3 7432 7361 7359
3 7432 7359 7360
3 7362 7358 8790
3 7362 8790 7363
3 7362 7363 7366
3 7362 7366 7364
3 7365 7431 7360
3 7365 7360 7364
3 7365 7364 7366
3 7365 7366 7367
3 7367 7366 7368
3 7367 7368 7369
3 7363 7370 7368
3 7363 7368 7366
3 7369 7368 7371
3 7369 7371 7372
3 7370 7373 7371
3 7370 7371 7368
3 7372 7371 7374
3 7372 7374 7377
3 7373 7376 7374
3 7373 7374 7371
3 7376 8780 7375
3 7376 7375 7374
3 7377 7374 7375
3 7377 7375 7378
3 7377 7378 7380
3 7377 7380 7379
3 7372 7377 7379
3 7372 7379 7381
3 7382 7379 7380
3 7382 7380 7383
3 7384 7381 7379
3 7384 7379 7382
3 7382 7383 5787
3 7382 5787 5784
3 7384 7382 5784
3 7384 5784 7386
3 7385 7384 7386
3 7385 7386 7387
3 7385 7426 7381
3 7385 7381 7384
3 7388 7387 7386
3 7388 7386 5785
3 7388 7392 7389
3 7388 7389 7387
3 7391 7385 7387
3 7391 7387 7389
3 7390 7389 7392
3 7390 7392 7393
3 7390 7423 7391
3 7390 7391 7389
3 7394 7392 7388
3 7394 7388 7397
3 7394 7395 7393
3 7394 7393 7392
3 7396 7399 7395
3 7396 7395 7394
3 7396 7394 7397
3 7396 7397 5776
3 7388 5785 5777
3 7388 5777 7397
3 7398 7401 7399
3 7398 7399 7396
3 7398 7396 5776
3 7398 5776 5773
3 7400 7413 7395
3 7400 7395 7399
3 7402 7400 7399
3 7402 7399 7401
3 7405 7402 7401
3 7405 7401 7403
3 7398 7404 7403
3 7398 7403 7401
3 7405 7403 5738
3 7405 5738 5736
3 5740 5738 7403
3 5740 7403 7404
3 7405 7406 7408
3 7405 7408 7402
3 5734 7406 7405
3 5734 7405 5736
3 5734 5732 7407
3 5734 7407 7406
3 7409 7408 7406
3 7409 7406 7407
3 7402 7408 7410
3 7402 7410 7400
3 7409 7411 7410
3 7409 7410 7408
3 7400 7410 7412
3 7400 7412 7413
3 7411 7414 7412
3 7411 7412 7410
3 7413 7412 7415
3 7413 7415 7418
3 7414 7417 7415
3 7414 7415 7412
3 7417 7471 7416
3 7417 7416 7415
3 7418 7415 7416
3 7418 7416 7419
3 7418 7419 7390
3 7418 7390 7393
3 7413 7418 7393
3 7413 7393 7395
3 7422 7420 7419
3 7422 7419 7416
3 7390 7419 7420
3 7390 7420 7423
3 7421 7424 7423
3 7421 7423 7420
3 7422 7428 7421
3 7422 7421 7420
3 7391 7423 7424
3 7391 7424 7425
3 7365 7367 7425
3 7365 7425 7424
3 7421 7431 7365
3 7421 7365 7424
3 7367 7369 7426
3 7367 7426 7425
3 7391 7425 7426
3 7391 7426 7385
3 7369 7372 7381
3 7369 7381 7426
3 7422 7427 7429
3 7422 7429 7428
3 7471 7427 7422
3 7471 7422 7416
3 7421 7428 7430
3 7421 7430 7431
3 7433 7430 7428
3 7433 7428 7429
3 7432 7360 7431
3 7432 7431 7430
3 7433 7435 7432
3 7433 7432 7430
3 7433 7434 7436
3 7433 7436 7435
3 7466 7434 7433
3 7466 7433 7429
3 7432 7435 7437
3 7432 7437 7361
3 7439 7437 7435
3 7439 7435 7436
3 7438 7353 7361
3 7438 7361 7437
3 7439 7441 7438
3 7439 7438 7437
3 7439 7440 7442
3 7439 7442 7441
3 7461 7440 7439
3 7461 7439 7436
3 7438 7441 7443
3 7438 7443 7354
3 7445 7443 7441
3 7445 7441 7442
3 7444 7347 7354
3 7444 7354 7443
3 7445 7447 7444
3 7445 7444 7443
3 7445 7446 7448
3 7445 7448 7447
3 7456 7446 7445
3 7456 7445 7442
3 7444 7447 7449
3 7444 7449 7343
3 6628 7449 7447
3 6628 7447 7448
3 7450 6620 6628
3 7450 6628 7448
3 7450 7448 7446
3 7450 7446 7451
3 7452 6621 7450
3 7452 7450 7451
3 7456 7453 7451
3 7456 7451 7446
3 7452 7451 7453
3 7452 7453 7454
3 7455 8495 7454
3 7455 7454 7453
3 7455 7453 7456
3 7455 7456 7457
3 7456 7442 7440
3 7456 7440 7457
3 7461 7458 7457
3 7461 7457 7440
3 7455 7457 7458
3 7455 7458 7460
3 7459 8502 7460
3 7459 7460 7458
3 7459 7458 7461
3 7459 7461 7462
3 7461 7436 7434
3 7461 7434 7462
3 7466 7463 7462
3 7466 7462 7434
3 7459 7462 7463
3 7459 7463 7465
3 7464 8505 7465
3 7464 7465 7463
3 7464 7463 7466
3 7464 7466 7467
3 7466 7429 7427
3 7466 7427 7467
3 7471 7468 7467
3 7471 7467 7427
3 7469 7464 7467
3 7469 7467 7468
3 7472 7469 7468
3 7472 7468 7470
3 7417 7470 7468
3 7417 7468 7471
3 7475 7472 7470
3 7475 7470 7473
3 7414 7473 7470
3 7414 7470 7417
3 7411 7474 7473
3 7411 7473 7414
3 7476 7475 7473
3 7476 7473 7474
3 7476 7480 7477
3 7476 7477 7475
3 7475 7477 7479
3 7475 7479 7472
3 7478 7536 7479
3 7478 7479 7477
3 7478 7477 7480
3 7478 7480 7481
3 7482 7480 7476
3 7482 7476 7485
3 7482 7484 7481
3 7482 7481 7480
3 7490 7484 7482
3 7490 7482 7483
3 7482 7485 7487
3 7482 7487 7483
3 7488 7487 7485
3 7488 7485 7486
3 7476 7474 7486
3 7476 7486 7485
3 5728 7487 7488
3 5728 7488 5730
3 5728 5726 7483
3 5728 7483 7487
3 7488 7407 5732
3 7488 5732 5730
3 7488 7486 7409
3 7488 7409 7407
3 7409 7486 7474
3 7409 7474 7411
3 7534 7481 7484
3 7534 7484 7489
3 7490 7491 7489
3 7490 7489 7484
3 5722 7491 7490
3 5722 7490 5724
3 7490 7483 5726
3 7490 5726 5724
3 7493 7489 7491
3 7493 7491 7492
3 5722 5720 7492
3 5722 7492 7491
3 7494 7496 7493
3 7494 7493 7492
3 7494 7492 5720
3 7494 5720 5718
3 7494 7495 7498
3 7494 7498 7496
3 5716 7495 7494
3 5716 7494 5718
3 7493 7496 7497
3 7493 7497 7532
3 7499 7497 7496
3 7499 7496 7498
3 7500 7503 7499
3 7500 7499 7498
3 7500 7498 7495
3 7500 7495 7502
3 7500 7501 7505
3 7500 7505 7503
3 8482 7501 7500
3 8482 7500 7502
3 7499 7503 7504
3 7499 7504 7527
3 7506 7504 7503
3 7506 7503 7505
3 7507 7510 7506
3 7507 7506 7505
3 7507 7505 7501
3 7507 7501 7508
3 8477 7509 7507
3 8477 7507 7508
3 7507 7509 7511
3 7507 7511 7510
3 7513 7512 7510
3 7513 7510 7511
3 7506 7510 7512
3 7506 7512 7514
3 7513 7517 7515
3 7513 7515 7512
3 7515 7518 7514
3 7515 7514 7512
3 7515 7517 7556
3 7515 7556 7516
3 7515 7516 7519
3 7515 7519 7518
3 7519 7521 7520
3 7519 7520 7518
3 7522 7514 7518
3 7522 7518 7520
3 7523 7520 7521
3 7523 7521 7524
3 7522 7520 7523
3 7522 7523 7526
3 7523 7524 7543
3 7523 7543 7525
3 7523 7525 7528
3 7523 7528 7526
3 7522 7526 7527
3 7522 7527 7504
3 7530 7527 7526
3 7530 7526 7528
3 7529 7528 7525
3 7529 7525 7540
3 7530 7528 7529
3 7530 7529 7531
3 7530 7531 7532
3 7530 7532 7497
3 7499 7527 7530
3 7499 7530 7497
3 7529 7535 7533
3 7529 7533 7531
3 7534 7532 7531
3 7534 7531 7533
3 7478 7533 7535
3 7478 7535 7536
3 7534 7533 7478
3 7534 7478 7481
3 7536 7535 7537
3 7536 7537 7539
3 7529 7540 7537
3 7529 7537 7535
3 7540 7541 7538
3 7540 7538 7537
3 7539 7537 7538
3 7539 7538 8504
3 7540 7525 7543
3 7540 7543 7541
3 7541 7543 7544
3 7541 7544 7542
3 7541 7542 8501
3 7541 8501 7538
3 7524 7546 7544
3 7524 7544 7543
3 7546 7547 7545
3 7546 7545 7544
3 7542 7544 7545
3 7542 7545 8499
3 7546 7548 7549
3 7546 7549 7547
3 7524 7521 7548
3 7524 7548 7546
3 7550 7551 7549
3 7550 7549 7548
3 7519 7550 7548
3 7519 7548 7521
3 7550 7552 7554
3 7550 7554 7551
3 7519 7516 7552
3 7519 7552 7550
3 7553 6594 7554
3 7553 7554 7552
3 7553 7552 7516
3 7553 7516 7556
3 7551 7554 6595
3 7551 6595 6602
3 7553 7555 6592
3 7553 6592 6594
3 7557 7555 7553
3 7557 7553 7556
3 7557 7556 7517
3 7557 7517 7558
3 7562 7559 7557
3 7562 7557 7558
3 7557 7559 7561
3 7557 7561 7555
3 7562 7563 7560
3 7562 7560 7559
3 7586 7561 7559
3 7586 7559 7560
3 7562 7558 7565
3 7562 7565 7564
3 7567 7563 7562
3 7567 7562 7564
3 8475 7566 7564
3 8475 7564 7565
3 7567 7564 7566
3 7567 7566 7568
3 7570 7569 7567
3 7570 7567 7568
3 7567 7569 7572
3 7567 7572 7563
3 7570 8468 7571
3 7570 7571 7569
3 7574 7572 7569
3 7574 7569 7571
3 7573 7560 7563
3 7573 7563 7572
3 7574 7576 7573
3 7574 7573 7572
3 7574 7575 7577
3 7574 7577 7576
3 8486 7575 7574
3 8486 7574 7571
3 7579 7578 7576
3 7579 7576 7577
3 7573 7576 7578
3 7573 7578 7580
3 7579 7582 7581
3 7579 7581 7578
3 7581 7584 7580
3 7581 7580 7578
3 7581 7582 7587
3 7581 7587 7583
3 7581 7583 6583
3 7581 6583 7584
3 7586 7580 7584
3 7586 7584 7585
3 6583 6585 7585
3 6583 7585 7584
3 7586 7585 6590
3 7586 6590 7561
3 7573 7580 7586
3 7573 7586 7560
3 7589 6582 7583
3 7589 7583 7587
3 7588 7587 7582
3 7588 7582 7590
3 7588 4844 7589
3 7588 7589 7587
3 7589 4848 6579
3 7589 6579 6582
3 7591 4843 7588
3 7591 7588 7590
3 7591 7590 7592
3 7591 7592 7593
3 7579 7592 7590
3 7579 7590 7582
3 7594 7596 7593
3 7594 7593 7592
3 7594 7592 7579
3 7594 7579 7577
3 7597 7596 7594
3 7597 7594 7595
3 7594 7577 7575
3 7594 7575 7595
3 7599 7593 7596
3 7599 7596 7598
3 7597 7600 7598
3 7597 7598 7596
3 7601 7602 7599
3 7601 7599 7598
3 7601 7598 7600
3 7601 7600 7603
3 7604 7605 7602
3 7604 7602 7601
3 7603 7607 7604
3 7603 7604 7601
3 7604 7606 8403
3 7604 8403 7605
3 7606 7604 7607
3 7606 7607 7608
3 7612 7608 7607
3 7612 7607 7609
3 7607 7603 7611
3 7607 7611 7609
3 7610 7614 7612
3 7610 7612 7609
3 7610 7609 7611
3 7610 7611 8449
3 7612 7613 8410
3 7612 8410 7608
3 7613 7612 7614
3 7613 7614 7615
3 7619 7615 7614
3 7619 7614 7616
3 7614 7610 7618
3 7614 7618 7616
3 7617 7621 7619
3 7617 7619 7616
3 7617 7616 7618
3 7617 7618 8442
3 7619 7620 8416
3 7619 8416 7615
3 7620 7619 7621
3 7620 7621 7622
3 7625 7622 7621
3 7625 7621 7623
3 7621 7617 7624
3 7621 7624 7623
3 7623 7624 5684
3 7623 5684 5682
3 5680 7625 7623
3 5680 7623 5682
3 7626 7625 5680
3 7626 5680 5678
3 7625 7626 7627
3 7625 7627 7622
3 7629 7627 7626
3 7629 7626 7628
3 5676 7628 7626
3 5676 7626 5678
3 5676 5674 7630
3 5676 7630 7628
3 7630 7632 7629
3 7630 7629 7628
3 7630 7631 7634
3 7630 7634 7632
3 7631 7630 5674
3 7631 5674 5672
3 7633 8422 7629
3 7633 7629 7632
3 7634 7636 7633
3 7634 7633 7632
3 7634 7635 7638
3 7634 7638 7636
3 7635 7634 7631
3 7635 7631 8372
3 7637 8423 7633
3 7637 7633 7636
3 7638 7639 7637
3 7638 7637 7636
3 7638 7640 7643
3 7638 7643 7639
3 7640 7638 7635
3 7640 7635 7642
3 8367 7641 7640
3 8367 7640 7642
3 7644 7643 7640
3 7644 7640 7641
3 7643 7644 7646
3 7643 7646 7645
3 7643 7645 7647
3 7643 7647 7639
3 7646 7650 7648
3 7646 7648 7645
3 7648 7649 7647
3 7648 7647 7645
3 7649 7648 7651
3 7649 7651 7654
3 7652 7651 7648
3 7652 7648 7650
3 7651 7652 8294
3 7651 8294 7653
3 7651 7653 7656
3 7651 7656 7654
3 7649 7654 7655
3 7649 7655 8427
3 7656 7657 7655
3 7656 7655 7654
3 7657 7656 7658
3 7657 7658 7661
3 7659 7658 7656
3 7659 7656 7653
3 8362 7660 7658
3 8362 7658 7659
3 7658 7660 7663
3 7658 7663 7661
3 7657 7661 7662
3 7657 7662 8430
3 7663 7664 7662
3 7663 7662 7661
3 7665 7666 7664
3 7665 7664 7663
3 7660 7667 7665
3 7660 7665 7663
3 7668 7669 7666
3 7668 7666 7665
3 7667 7670 7668
3 7667 7668 7665
3 7671 7672 7669
3 7671 7669 7668
3 7670 7673 7671
3 7670 7671 7668
3 7674 7675 7672
3 7674 7672 7671
3 7673 7676 7674
3 7673 7674 7671
3 7675 7674 7677
3 7675 7677 7679
3 7680 7677 7674
3 7680 7674 7676
3 7677 7680 7682
3 7677 7682 7678
3 7677 7678 8440
3 7677 8440 7679
3 8313 7681 7680
3 8313 7680 7676
3 7683 7682 7680
3 7683 7680 7681
3 7682 7683 7685
3 7682 7685 7684
3 7682 7684 7686
3 7682 7686 7678
3 7685 7689 7687
3 7685 7687 7684
3 7687 7688 7686
3 7687 7686 7684
3 7688 7687 7690
3 7688 7690 7692
3 7693 7690 7687
3 7693 7687 7689
3 7690 7693 7695
3 7690 7695 7691
3 7690 7691 8376
3 7690 8376 7692
3 8359 7694 7693
3 8359 7693 7689
3 7697 7695 7693
3 7697 7693 7694
3 7695 7697 7699
3 7695 7699 7696
3 7695 7696 8375
3 7695 8375 7691
3 8000 7698 7697
3 8000 7697 7694
3 7700 7699 7697
3 7700 7697 7698
3 7699 7700 7702
3 7699 7702 7701
3 7699 7701 7703
3 7699 7703 7696
3 7702 7705 7704
3 7702 7704 7701
3 7704 4786 7703
3 7704 7703 7701
3 7706 4782 7704
3 7706 7704 7705
3 7702 7709 7707
3 7702 7707 7705
3 7707 7710 7706
3 7707 7706 7705
3 7707 7708 7712
3 7707 7712 7710
3 7708 7707 7709
3 7708 7709 7993
3 7711 4778 7706
3 7711 7706 7710
3 7712 7714 7711
3 7712 7711 7710
3 7712 7713 7716
3 7712 7716 7714
3 7713 7712 7708
3 7713 7708 7990
3 7715 4774 7711
3 7715 7711 7714
3 7716 7718 7715
3 7716 7715 7714
3 7716 7717 7720
3 7716 7720 7718
3 7717 7716 7713
3 7717 7713 7985
3 7719 4770 7715
3 7719 7715 7718
3 7720 7722 7719
3 7720 7719 7718
3 7720 7721 7724
3 7720 7724 7722
3 7721 7720 7717
3 7721 7717 7984
3 7723 4766 7719
3 7723 7719 7722
3 7724 4754 7723
3 7724 7723 7722
3 7725 4751 4754
3 7725 4754 7724
3 7721 7726 7725
3 7721 7725 7724
3 7727 4749 4751
3 7727 4751 7725
3 7726 7729 7727
3 7726 7727 7725
3 8374 4749 7727
3 8374 7727 7728
3 7728 7727 7729
3 7728 7729 7731
3 7732 7731 7729
3 7732 7729 7730
3 7730 7729 7726
3 7730 7726 7986
3 7734 7733 7731
3 7734 7731 7732
3 7733 4721 7728
3 7733 7728 7731
3 4714 4717 7733
3 4714 7733 7734
3 7737 7735 7734
3 7737 7734 7732
3 7735 7738 4714
3 7735 4714 7734
3 7739 7738 7735
3 7739 7735 7736
3 7736 7735 7737
3 7736 7737 7989
3 7741 4715 7738
3 7741 7738 7739
3 7963 7740 7739
3 7963 7739 7736
3 7740 7742 7741
3 7740 7741 7739
3 7743 4712 4715
3 7743 4715 7741
3 7742 7744 7743
3 7742 7743 7741
3 7745 4710 4712
3 7745 4712 7743
3 7744 7747 7745
3 7744 7745 7743
3 4710 7745 7746
3 4710 7746 7759
3 7747 7749 7746
3 7747 7746 7745
3 7750 7749 7747
3 7750 7747 7748
3 7748 7747 7744
3 7748 7744 7959
3 7752 7751 7749
3 7752 7749 7750
3 7746 7749 7751
3 7746 7751 7754
3 7953 7753 7751
3 7953 7751 7752
3 7755 7754 7751
3 7755 7751 7753
3 7755 7758 7756
3 7755 7756 7754
3 7756 7759 7746
3 7756 7746 7754
3 7756 7757 4709
3 7756 4709 7759
3 7757 7756 7758
3 7757 7758 7761
3 7758 7755 7947
3 7758 7947 7760
3 7762 7761 7758
3 7762 7758 7760
3 7762 7765 7763
3 7762 7763 7761
3 7763 7766 7757
3 7763 7757 7761
3 7763 7764 4702
3 7763 4702 7766
3 7764 7763 7765
3 7764 7765 7768
3 4703 4709 7757
3 4703 7757 7766
3 7765 7762 7949
3 7765 7949 7767
3 7769 7768 7765
3 7769 7765 7767
3 7769 7772 7770
3 7769 7770 7768
3 7770 7771 7764
3 7770 7764 7768
3 7773 7774 7771
3 7773 7771 7770
3 7772 7775 7773
3 7772 7773 7770
3 7776 7779 7774
3 7776 7774 7773
3 7775 7778 7776
3 7775 7776 7773
3 7776 7777 7781
3 7776 7781 7779
3 7777 7776 7778
3 7777 7778 7789
3 7780 4698 7774
3 7780 7774 7779
3 7781 7782 7780
3 7781 7780 7779
3 7783 4665 7782
3 7783 7782 7781
3 7777 7784 7783
3 7777 7783 7781
3 7784 7786 4660
3 7784 4660 7783
3 7787 7786 7784
3 7787 7784 7785
3 7785 7784 7777
3 7785 7777 7789
3 7788 4661 7786
3 7788 7786 7787
3 3907 3909 7787
3 3907 7787 7785
3 3909 3911 7788
3 3909 7788 7787
3 7788 3917 4658
3 7788 4658 4661
3 7790 3907 7785
3 7790 7785 7789
3 7790 7789 7778
3 7790 7778 7791
3 3899 3901 7790
3 3899 7790 7791
3 7791 7778 7775
3 7791 7775 7792
3 3897 3899 7791
3 3897 7791 7792
3 7792 7775 7772
3 7792 7772 7793
3 7794 3897 7792
3 7794 7792 7793
3 7794 7793 7795
3 7794 7795 7797
3 7772 7769 7795
3 7772 7795 7793
3 7796 7795 7769
3 7796 7769 7767
3 7795 7796 7799
3 7795 7799 7797
3 7798 3893 7794
3 7798 7794 7797
3 7798 7797 7799
3 7798 7799 7801
3 7800 7799 7796
3 7800 7796 7950
3 7799 7800 7803
3 7799 7803 7801
3 7802 3889 7798
3 7802 7798 7801
3 7802 7801 7803
3 7802 7803 7805
3 7804 7803 7800
3 7804 7800 7955
3 7803 7804 7807
3 7803 7807 7805
3 7806 3885 7802
3 7806 7802 7805
3 7806 7805 7807
3 7806 7807 7809
3 7808 7807 7804
3 7808 7804 7956
3 7807 7808 7811
3 7807 7811 7809
3 7810 3881 7806
3 7810 7806 7809
3 7810 7809 7811
3 7810 7811 7813
3 7812 7811 7808
3 7812 7808 7935
3 7811 7812 7815
3 7811 7815 7813
3 7814 3877 7810
3 7814 7810 7813
3 7814 7813 7815
3 7814 7815 7817
3 7816 7815 7812
3 7816 7812 7933
3 7815 7816 7819
3 7815 7819 7817
3 7818 3873 7814
3 7818 7814 7817
3 7818 7817 7819
3 7818 7819 7821
3 7820 7819 7816
3 7820 7816 7932
3 7819 7820 7823
3 7819 7823 7821
3 7822 3869 7818
3 7822 7818 7821
3 7822 7821 7823
3 7822 7823 7825
3 7824 7823 7820
3 7824 7820 7958
3 7823 7824 7827
3 7823 7827 7825
3 7826 3865 7822
3 7826 7822 7825
3 7826 7825 7827
3 7826 7827 7829
3 7828 7827 7824
3 7828 7824 7833
3 7827 7828 7831
3 7827 7831 7829
3 7830 3861 7826
3 7830 7826 7829
3 7830 7829 7831
3 7830 7831 3843
3 7831 7828 7832
3 7831 7832 3844
3 3846 3857 7830
3 3846 7830 3843
3 7835 7832 7828
3 7835 7828 7833
3 7833 7824 7958
3 7833 7958 7834
3 7837 7835 7833
3 7837 7833 7834
3 8179 7832 7835
3 8179 7835 7836
3 7836 7835 7837
3 7836 7837 7839
3 7838 7837 7834
3 7838 7834 7957
3 7837 7838 7841
3 7837 7841 7839
3 7840 8175 7836
3 7840 7836 7839
3 7840 7839 7841
3 7840 7841 7842
3 7842 7841 7843
3 7842 7843 7844
3 7843 7841 7838
3 7843 7838 7846
3 7844 7843 7845
3 7844 7845 8167
3 7845 7843 7846
3 7845 7846 7848
3 7838 7957 7847
3 7838 7847 7846
3 7846 7847 7849
3 7846 7849 7848
3 7848 7849 7851
3 7848 7851 7850
3 7853 7845 7848
3 7853 7848 7850
3 7850 7851 7924
3 7850 7924 7852
3 7855 7853 7850
3 7855 7850 7852
3 8167 7845 7853
3 8167 7853 7854
3 7854 7853 7855
3 7854 7855 7856
3 7856 7855 7857
3 7856 7857 7858
3 7857 7855 7852
3 7857 7852 7860
3 7858 7857 7859
3 7858 7859 8158
3 7859 7857 7860
3 7859 7860 7862
3 7852 7924 7861
3 7852 7861 7860
3 7860 7861 7863
3 7860 7863 7862
3 7862 7863 7865
3 7862 7865 7864
3 7867 7859 7862
3 7867 7862 7864
3 7864 7865 7915
3 7864 7915 7866
3 7869 7867 7864
3 7869 7864 7866
3 8158 7859 7867
3 8158 7867 7868
3 7868 7867 7869
3 7868 7869 7870
3 7870 7869 7871
3 7870 7871 7872
3 7871 7869 7866
3 7871 7866 7874
3 7872 7871 7873
3 7872 7873 8149
3 7873 7871 7874
3 7873 7874 7876
3 7866 7915 7875
3 7866 7875 7874
3 7874 7875 7877
3 7874 7877 7876
3 7876 7877 7879
3 7876 7879 7878
3 7881 7873 7876
3 7881 7876 7878
3 7878 7879 7906
3 7878 7906 7880
3 7883 7881 7878
3 7883 7878 7880
3 8149 7873 7881
3 8149 7881 7882
3 7882 7881 7883
3 7882 7883 7884
3 7884 7883 7885
3 7884 7885 7886
3 7885 7883 7880
3 7885 7880 7888
3 7886 7885 7887
3 7886 7887 8138
3 7887 7885 7888
3 7887 7888 7890
3 7880 7906 7889
3 7880 7889 7888
3 7888 7889 7891
3 7888 7891 7890
3 7890 7891 7895
3 7890 7895 7892
3 7893 7887 7890
3 7893 7890 7892
3 7893 7892 7894
3 7893 7894 8131
3 7895 7896 7894
3 7895 7894 7892
3 7896 7895 7897
3 7896 7897 7899
3 7895 7891 7900
3 7895 7900 7897
3 7900 7901 7898
3 7900 7898 7897
3 7897 7898 7967
3 7897 7967 7899
3 7902 7903 7901
3 7902 7901 7900
3 7891 7889 7902
3 7891 7902 7900
3 7904 7905 7903
3 7904 7903 7902
3 7889 7906 7904
3 7889 7904 7902
3 7907 7908 7905
3 7907 7905 7904
3 7906 7879 7907
3 7906 7907 7904
3 7909 7910 7908
3 7909 7908 7907
3 7879 7877 7909
3 7879 7909 7907
3 7911 7912 7910
3 7911 7910 7909
3 7877 7875 7911
3 7877 7911 7909
3 7913 7914 7912
3 7913 7912 7911
3 7875 7915 7913
3 7875 7913 7911
3 7916 7917 7914
3 7916 7914 7913
3 7915 7865 7916
3 7915 7916 7913
3 7918 7919 7917
3 7918 7917 7916
3 7865 7863 7918
3 7865 7918 7916
3 7920 7921 7919
3 7920 7919 7918
3 7863 7861 7920
3 7863 7920 7918
3 7922 7923 7921
3 7922 7921 7920
3 7861 7924 7922
3 7861 7922 7920
3 7925 7926 7923
3 7925 7923 7922
3 7924 7851 7925
3 7924 7925 7922
3 7927 7928 7926
3 7927 7926 7925
3 7851 7849 7927
3 7851 7927 7925
3 7929 7931 7928
3 7929 7928 7927
3 7849 7847 7929
3 7849 7929 7927
3 7931 7929 7930
3 7931 7930 7932
3 7930 7929 7847
3 7930 7847 7957
3 7816 7933 7931
3 7816 7931 7932
3 7934 7928 7931
3 7934 7931 7933
3 7812 7935 7934
3 7812 7934 7933
3 7928 7934 7936
3 7928 7936 7926
3 7937 7936 7934
3 7937 7934 7935
3 7936 7937 7940
3 7936 7940 7938
3 7936 7938 7923
3 7936 7923 7926
3 7939 7921 7923
3 7939 7923 7938
3 7940 7942 7939
3 7940 7939 7938
3 7940 7941 7944
3 7940 7944 7942
3 7941 7940 7937
3 7941 7937 7956
3 7943 7954 7939
3 7943 7939 7942
3 7944 7946 7943
3 7944 7943 7942
3 7944 7945 7948
3 7944 7948 7946
3 7945 7944 7941
3 7945 7941 7955
3 7947 7951 7943
3 7947 7943 7946
3 7948 7760 7947
3 7948 7947 7946
3 7948 7949 7762
3 7948 7762 7760
3 7949 7948 7945
3 7949 7945 7950
3 7796 7767 7949
3 7796 7949 7950
3 7800 7950 7945
3 7800 7945 7955
3 7951 7947 7755
3 7951 7755 7753
3 7954 7943 7951
3 7954 7951 7952
3 7952 7951 7753
3 7952 7753 7953
3 7914 7917 7952
3 7914 7952 7953
3 7917 7919 7954
3 7917 7954 7952
3 7919 7921 7939
3 7919 7939 7954
3 7912 7914 7953
3 7912 7953 7752
3 7804 7955 7941
3 7804 7941 7956
3 7808 7956 7937
3 7808 7937 7935
3 7820 7932 7930
3 7820 7930 7958
3 7834 7958 7930
3 7834 7930 7957
3 7910 7912 7752
3 7910 7752 7750
3 7908 7910 7750
3 7908 7750 7748
3 7905 7908 7748
3 7905 7748 7959
3 7903 7905 7959
3 7903 7959 7960
3 7959 7744 7742
3 7959 7742 7960
3 7960 7742 7740
3 7960 7740 7961
3 7901 7903 7960
3 7901 7960 7961
3 7961 7740 7963
3 7961 7963 7962
3 7898 7901 7961
3 7898 7961 7962
3 7962 7963 7965
3 7962 7965 7964
3 7967 7898 7962
3 7967 7962 7964
3 7964 7965 7976
3 7964 7976 7966
3 7968 7967 7964
3 7968 7964 7966
3 7967 7968 7969
3 7967 7969 7899
3 7971 7969 7968
3 7971 7968 7970
3 7968 7966 7973
3 7968 7973 7970
3 7971 7970 7972
3 7971 7972 8136
3 7973 7974 7972
3 7973 7972 7970
3 7974 7973 7975
3 7974 7975 7978
3 7976 7975 7973
3 7976 7973 7966
3 7975 7976 7988
3 7975 7988 7977
3 7975 7977 7980
3 7975 7980 7978
3 7974 7978 7979
3 7974 7979 8008
3 7980 7981 7979
3 7980 7979 7978
3 7981 7980 7982
3 7981 7982 7985
3 7983 7982 7980
3 7983 7980 7977
3 7982 7983 7986
3 7982 7986 7984
3 7982 7984 7717
3 7982 7717 7985
3 7981 7985 7713
3 7981 7713 7990
3 7986 7726 7721
3 7986 7721 7984
3 7983 7987 7730
3 7983 7730 7986
3 7988 7987 7983
3 7988 7983 7977
3 7989 7737 7987
3 7989 7987 7988
3 7987 7737 7732
3 7987 7732 7730
3 7976 7965 7989
3 7976 7989 7988
3 7965 7963 7736
3 7965 7736 7989
3 7991 7979 7981
3 7991 7981 7990
3 7991 7990 7708
3 7991 7708 7993
3 7979 7991 7992
3 7979 7992 8008
3 7994 7992 7991
3 7994 7991 7993
3 7994 7993 7709
3 7994 7709 7996
3 7992 7994 7995
3 7992 7995 8006
3 7997 7995 7994
3 7997 7994 7996
3 7997 7996 7700
3 7997 7700 7698
3 7709 7702 7700
3 7709 7700 7996
3 8000 7998 7997
3 8000 7997 7698
3 7995 7997 7998
3 7995 7998 8001
3 8002 8001 7998
3 8002 7998 7999
3 7998 8000 8358
3 7998 8358 7999
3 8002 8005 8003
3 8002 8003 8001
3 8003 8006 7995
3 8003 7995 8001
3 8003 8004 8007
3 8003 8007 8006
3 8004 8003 8005
3 8004 8005 8009
3 8007 8008 7992
3 8007 7992 8006
3 8007 7972 7974
3 8007 7974 8008
3 7972 8007 8004
3 7972 8004 8136
3 8005 8002 8012
3 8005 8012 8010
3 8013 8009 8005
3 8013 8005 8010
3 8011 8015 8013
3 8011 8013 8010
3 8011 8010 8012
3 8011 8012 8321
3 8013 8014 8134
3 8013 8134 8009
3 8014 8013 8015
3 8014 8015 8016
3 8015 8011 8019
3 8015 8019 8017
3 8020 8016 8015
3 8020 8015 8017
3 8018 8022 8020
3 8018 8020 8017
3 8018 8017 8019
3 8018 8019 8327
3 8021 8020 8022
3 8021 8022 8023
3 8020 8021 8130
3 8020 8130 8016
3 8022 8018 8026
3 8022 8026 8024
3 8027 8023 8022
3 8027 8022 8024
3 8025 8029 8027
3 8025 8027 8024
3 8025 8024 8026
3 8025 8026 8332
3 8028 8027 8029
3 8028 8029 8030
3 8027 8028 8126
3 8027 8126 8023
3 8029 8025 8033
3 8029 8033 8031
3 8034 8030 8029
3 8034 8029 8031
3 8032 8036 8034
3 8032 8034 8031
3 8032 8031 8033
3 8032 8033 8338
3 8034 8035 8118
3 8034 8118 8030
3 8035 8034 8036
3 8035 8036 8037
3 8036 8032 8039
3 8036 8039 8038
3 8040 8037 8036
3 8040 8036 8038
3 8041 8038 8039
3 8041 8039 8042
3 8041 8043 8040
3 8041 8040 8038
3 8044 8041 8042
3 8044 8042 8045
3 8043 8041 8044
3 8043 8044 8046
3 8047 8044 8045
3 8047 8045 8048
3 8046 8044 8047
3 8046 8047 8049
3 8050 8047 8048
3 8050 8048 8052
3 8049 8047 8050
3 8049 8050 8053
3 8053 8050 8051
3 8053 8051 8054
3 8051 8050 8052
3 8051 8052 8068
3 8055 8056 8049
3 8055 8049 8053
3 8058 8055 8053
3 8058 8053 8054
3 8105 8056 8055
3 8105 8055 8057
3 8057 8055 8058
3 8057 8058 8059
3 8059 8058 8060
3 8059 8060 8061
3 8060 8058 8054
3 8060 8054 8063
3 8061 8060 8062
3 8061 8062 8079
3 8064 8062 8060
3 8064 8060 8063
3 8064 8063 8065
3 8064 8065 8066
3 8054 8051 8065
3 8054 8065 8063
3 8065 8067 8070
3 8065 8070 8066
3 8067 8065 8051
3 8067 8051 8068
3 8067 8068 8350
3 8067 8350 8069
3 8071 8070 8067
3 8071 8067 8069
3 8074 8066 8070
3 8074 8070 8072
3 8070 8071 8073
3 8070 8073 8072
3 5652 8072 8073
3 5652 8073 5654
3 5652 5650 8074
3 5652 8074 8072
3 8075 8074 5650
3 8075 5650 5648
3 8074 8075 8064
3 8074 8064 8066
3 5646 8076 8075
3 5646 8075 5648
3 8062 8064 8075
3 8062 8075 8076
3 5646 5644 8077
3 5646 8077 8076
3 8077 8079 8062
3 8077 8062 8076
3 8077 8078 8080
3 8077 8080 8079
3 8078 8077 5644
3 8078 5644 5642
3 8080 8081 8061
3 8080 8061 8079
3 8085 8081 8080
3 8085 8080 8082
3 8082 8080 8078
3 8082 8078 8084
3 8083 8087 8085
3 8083 8085 8082
3 8242 8083 8082
3 8242 8082 8084
3 8086 8268 8081
3 8086 8081 8085
3 8087 8088 8086
3 8087 8086 8085
3 8092 8088 8087
3 8092 8087 8089
3 8089 8087 8083
3 8089 8083 8091
3 8239 8090 8089
3 8239 8089 8091
3 8090 8093 8092
3 8090 8092 8089
3 8094 8097 8088
3 8094 8088 8092
3 8093 8095 8094
3 8093 8094 8092
3 8216 8096 8094
3 8216 8094 8095
3 8097 8094 8096
3 8097 8096 8098
3 8097 8098 8101
3 8097 8101 8099
3 8088 8097 8099
3 8088 8099 8086
3 8099 8100 8268
3 8099 8268 8086
3 8101 8103 8100
3 8101 8100 8099
3 8212 8102 8101
3 8212 8101 8098
3 8103 8101 8102
3 8103 8102 8104
3 8103 8104 8106
3 8103 8106 8105
3 8100 8103 8105
3 8100 8105 8057
3 8106 8107 8056
3 8106 8056 8105
3 8109 8108 8106
3 8109 8106 8104
3 8107 8106 8108
3 8107 8108 8111
3 8108 8109 8204
3 8108 8204 8110
3 8108 8110 8112
3 8108 8112 8111
3 8112 8040 8043
3 8112 8043 8111
3 8107 8111 8043
3 8107 8043 8046
3 8114 8113 8112
3 8114 8112 8110
3 8040 8112 8113
3 8040 8113 8037
3 8113 8114 8116
3 8113 8116 8115
3 8113 8115 8035
3 8113 8035 8037
3 8116 8119 8117
3 8116 8117 8115
3 8117 8118 8035
3 8117 8035 8115
3 8118 8117 8120
3 8118 8120 8123
3 8122 8120 8117
3 8122 8117 8119
3 8120 8121 8124
3 8120 8124 8123
3 8120 8122 8139
3 8120 8139 8121
3 8124 8126 8028
3 8124 8028 8123
3 8118 8123 8028
3 8118 8028 8030
3 8137 8125 8124
3 8137 8124 8121
3 8126 8124 8125
3 8126 8125 8127
3 8126 8127 8021
3 8126 8021 8023
3 8128 8130 8021
3 8128 8021 8127
3 8125 8131 8128
3 8125 8128 8127
3 8130 8128 8129
3 8130 8129 8132
3 7894 8129 8128
3 7894 8128 8131
3 8125 8137 7893
3 8125 7893 8131
3 8130 8132 8014
3 8130 8014 8016
3 8133 8134 8014
3 8133 8014 8132
3 8129 8135 8133
3 8129 8133 8132
3 8134 8133 7971
3 8134 7971 8136
3 7969 7971 8133
3 7969 8133 8135
3 8129 7894 7896
3 8129 7896 8135
3 7896 7899 7969
3 7896 7969 8135
3 8134 8136 8004
3 8134 8004 8009
3 8139 8138 8137
3 8139 8137 8121
3 7887 7893 8137
3 7887 8137 8138
3 8139 8140 7886
3 8139 7886 8138
3 8140 8139 8122
3 8140 8122 8141
3 8143 8142 8140
3 8143 8140 8141
3 8140 8142 7884
3 8140 7884 7886
3 8145 8144 8142
3 8145 8142 8143
3 8142 8144 7882
3 8142 7882 7884
3 8147 8146 8144
3 8147 8144 8145
3 8144 8146 8149
3 8144 8149 7882
3 8150 8148 8146
3 8150 8146 8147
3 8146 8148 7872
3 8146 7872 8149
3 8152 8151 8148
3 8152 8148 8150
3 8148 8151 7870
3 8148 7870 7872
3 8154 8153 8151
3 8154 8151 8152
3 8151 8153 7868
3 8151 7868 7870
3 8156 8155 8153
3 8156 8153 8154
3 8153 8155 8158
3 8153 8158 7868
3 8159 8157 8155
3 8159 8155 8156
3 8155 8157 7858
3 8155 7858 8158
3 8161 8160 8157
3 8161 8157 8159
3 8157 8160 7856
3 8157 7856 7858
3 8163 8162 8160
3 8163 8160 8161
3 8160 8162 7854
3 8160 7854 7856
3 8165 8164 8162
3 8165 8162 8163
3 8162 8164 8167
3 8162 8167 7854
3 8168 8166 8164
3 8168 8164 8165
3 8164 8166 7844
3 8164 7844 8167
3 8170 8169 8166
3 8170 8166 8168
3 8166 8169 7842
3 8166 7842 7844
3 8172 8171 8169
3 8172 8169 8170
3 8169 8171 7840
3 8169 7840 7842
3 8174 8173 8171
3 8174 8171 8172
3 8175 7840 8171
3 8175 8171 8173
3 8174 3778 8176
3 8174 8176 8173
3 8176 8177 8175
3 8176 8175 8173
3 8178 3839 8177
3 8178 8177 8176
3 3778 3780 8178
3 3778 8178 8176
3 3780 3782 3838
3 3780 3838 8178
3 8175 8177 8179
3 8175 8179 7836
3 8177 3839 3841
3 8177 3841 8179
3 3841 3844 7832
3 3841 7832 8179
3 3773 3775 8174
3 3773 8174 8172
3 3771 3773 8172
3 3771 8172 8170
3 3768 3771 8170
3 3768 8170 8168
3 8180 3768 8168
3 8180 8168 8165
3 8181 8180 8165
3 8181 8165 8163
3 3769 8180 8181
3 3769 8181 8182
3 8183 8181 8163
3 8183 8163 8161
3 8182 8181 8183
3 8182 8183 8184
3 8185 8183 8161
3 8185 8161 8159
3 8184 8183 8185
3 8184 8185 8186
3 8187 8185 8159
3 8187 8159 8156
3 8186 8185 8187
3 8186 8187 8188
3 8189 8187 8156
3 8189 8156 8154
3 8188 8187 8189
3 8188 8189 8190
3 8191 8189 8154
3 8191 8154 8152
3 8190 8189 8191
3 8190 8191 8192
3 8193 8191 8152
3 8193 8152 8150
3 8192 8191 8193
3 8192 8193 8194
3 8195 8193 8150
3 8195 8150 8147
3 8194 8193 8195
3 8194 8195 8196
3 8197 8195 8147
3 8197 8147 8145
3 8196 8195 8197
3 8196 8197 8198
3 8199 8197 8145
3 8199 8145 8143
3 8198 8197 8199
3 8198 8199 8200
3 8201 8199 8143
3 8201 8143 8141
3 8199 8201 8202
3 8199 8202 8200
3 8201 8141 8122
3 8201 8122 8119
3 8116 8202 8201
3 8116 8201 8119
3 8202 8116 8114
3 8202 8114 8203
3 8205 8200 8202
3 8205 8202 8203
3 8204 8207 8205
3 8204 8205 8203
3 8204 8203 8114
3 8204 8114 8110
3 8205 8206 8198
3 8205 8198 8200
3 8206 8205 8207
3 8206 8207 8208
3 8210 8208 8207
3 8210 8207 8209
3 8207 8204 8109
3 8207 8109 8209
3 8102 8212 8210
3 8102 8210 8209
3 8102 8209 8109
3 8102 8109 8104
3 8210 8211 8266
3 8210 8266 8208
3 8211 8210 8212
3 8211 8212 8213
3 8096 8213 8212
3 8096 8212 8098
3 8214 8215 8211
3 8214 8211 8213
3 8096 8216 8214
3 8096 8214 8213
3 8217 8218 8215
3 8217 8215 8214
3 8216 8219 8217
3 8216 8217 8214
3 8220 8221 8218
3 8220 8218 8217
3 8219 8222 8220
3 8219 8220 8217
3 8223 8224 8221
3 8223 8221 8220
3 8222 8226 8223
3 8222 8223 8220
3 8225 8251 8224
3 8225 8224 8223
3 8226 8227 8225
3 8226 8225 8223
3 8226 8228 8229
3 8226 8229 8227
3 8228 8226 8222
3 8228 8222 8230
3 3744 8229 8228
3 3744 8228 8231
3 8232 8231 8228
3 8232 8228 8230
3 8232 3736 3738
3 8232 3738 8231
3 3736 8232 8233
3 3736 8233 8234
3 8233 8232 8230
3 8233 8230 8235
3 8233 8093 8090
3 8233 8090 8234
3 8093 8233 8235
3 8093 8235 8095
3 8230 8222 8219
3 8230 8219 8235
3 8235 8219 8216
3 8235 8216 8095
3 8236 8238 3735
3 8236 3735 8234
3 8090 8239 8236
3 8090 8236 8234
3 8237 8236 8239
3 8237 8239 8240
3 8238 8236 8237
3 8238 8237 8244
3 8239 8091 8241
3 8239 8241 8240
3 5634 8240 8241
3 5634 8241 5636
3 5634 5632 8237
3 5634 8237 8240
3 8241 8242 5638
3 8241 5638 5636
3 8083 8242 8241
3 8083 8241 8091
3 5640 5638 8242
3 5640 8242 8084
3 3735 8238 8243
3 3735 8243 3733
3 8243 8238 8244
3 8243 8244 8245
3 8244 8237 5632
3 8244 5632 5630
3 5628 8245 8244
3 5628 8244 5630
3 8246 8248 8243
3 8246 8243 8245
3 5628 5626 8246
3 5628 8246 8245
3 8247 8249 8248
3 8247 8248 8246
3 5626 5624 8247
3 5626 8247 8246
3 3733 8243 8248
3 3733 8248 3731
3 3731 8248 8249
3 3731 8249 3722
3 8250 3719 8249
3 8250 8249 8247
3 5624 5622 8250
3 5624 8250 8247
3 5622 5620 3718
3 5622 3718 8250
3 8229 3751 3753
3 8229 3753 8227
3 3751 8229 3744
3 3751 3744 3746
3 3753 3757 8225
3 3753 8225 8227
3 8252 8251 8225
3 8252 8225 3757
3 8224 8251 8253
3 8224 8253 8255
3 8251 8252 8256
3 8251 8256 8253
3 8256 8257 8254
3 8256 8254 8253
3 8253 8254 8259
3 8253 8259 8255
3 3763 8258 8257
3 3763 8257 8256
3 8252 3756 3763
3 8252 3763 8256
3 8257 8258 8182
3 8257 8182 8184
3 8254 8257 8184
3 8254 8184 8186
3 8258 3762 3769
3 8258 3769 8182
3 8221 8224 8255
3 8221 8255 8260
3 8255 8259 8261
3 8255 8261 8260
3 8260 8261 8263
3 8260 8263 8262
3 8218 8221 8260
3 8218 8260 8262
3 8262 8263 8265
3 8262 8265 8264
3 8215 8218 8262
3 8215 8262 8264
3 8264 8265 8267
3 8264 8267 8266
3 8211 8215 8264
3 8211 8264 8266
3 8266 8267 8206
3 8266 8206 8208
3 8267 8265 8194
3 8267 8194 8196
3 8206 8267 8196
3 8206 8196 8198
3 8265 8263 8192
3 8265 8192 8194
3 8263 8261 8190
3 8263 8190 8192
3 8261 8259 8188
3 8261 8188 8190
3 8259 8254 8186
3 8259 8186 8188
3 8056 8107 8046
3 8056 8046 8049
3 8268 8100 8057
3 8268 8057 8059
3 8081 8268 8059
3 8081 8059 8061
3 5640 8084 8078
3 5640 8078 5642
3 8073 8269 5656
3 8073 5656 5654
3 8269 8073 8071
3 8269 8071 8270
3 5658 5656 8269
3 5658 8269 8271
3 8269 8270 8273
3 8269 8273 8271
3 5658 8271 8272
3 5658 8272 5660
3 8273 8274 8272
3 8273 8272 8271
3 8274 8273 8275
3 8274 8275 8278
3 8276 8275 8273
3 8276 8273 8270
3 8275 8276 8351
3 8275 8351 8277
3 8275 8277 8280
3 8275 8280 8278
3 8274 8278 8279
3 8274 8279 8368
3 8280 8281 8279
3 8280 8279 8278
3 8281 8280 8282
3 8281 8282 8285
3 8283 8282 8280
3 8283 8280 8277
3 8282 8283 8352
3 8282 8352 8284
3 8282 8284 8287
3 8282 8287 8285
3 8281 8285 8286
3 8281 8286 8363
3 8287 8288 8286
3 8287 8286 8285
3 8288 8287 8289
3 8288 8289 8292
3 8290 8289 8287
3 8290 8287 8284
3 8355 8291 8289
3 8355 8289 8290
3 8289 8291 8293
3 8289 8293 8292
3 8288 8292 7652
3 8288 7652 7650
3 8293 8294 7652
3 8293 7652 8292
3 8295 8296 8294
3 8295 8294 8293
3 8291 8297 8295
3 8291 8295 8293
3 8298 8299 8296
3 8298 8296 8295
3 8297 8300 8298
3 8297 8298 8295
3 8301 8302 8299
3 8301 8299 8298
3 8300 8303 8301
3 8300 8301 8298
3 8304 8305 8302
3 8304 8302 8301
3 8303 8306 8304
3 8303 8304 8301
3 8305 8304 8307
3 8305 8307 8310
3 8308 8307 8304
3 8308 8304 8306
3 8307 8308 8324
3 8307 8324 8309
3 8307 8309 8312
3 8307 8312 8310
3 8305 8310 8311
3 8305 8311 8360
3 8312 8313 8311
3 8312 8311 8310
3 8313 8312 8314
3 8313 8314 7681
3 8315 8314 8312
3 8315 8312 8309
3 8314 8315 8318
3 8314 8318 8316
3 8314 8316 7683
3 8314 7683 7681
3 8317 7685 7683
3 8317 7683 8316
3 8318 8319 8317
3 8318 8317 8316
3 8318 8320 8323
3 8318 8323 8319
3 8320 8318 8315
3 8320 8315 8322
3 8325 8321 8320
3 8325 8320 8322
3 8012 8323 8320
3 8012 8320 8321
3 8323 8012 8002
3 8323 8002 7999
3 8323 7999 8358
3 8323 8358 8319
3 8324 8322 8315
3 8324 8315 8309
3 8324 8326 8325
3 8324 8325 8322
3 8019 8325 8326
3 8019 8326 8327
3 8325 8019 8011
3 8325 8011 8321
3 8330 8327 8326
3 8330 8326 8328
3 8326 8324 8308
3 8326 8308 8328
3 8329 8328 8308
3 8329 8308 8306
3 8329 8331 8330
3 8329 8330 8328
3 8026 8330 8331
3 8026 8331 8332
3 8330 8026 8018
3 8330 8018 8327
3 8336 8332 8331
3 8336 8331 8333
3 8331 8329 8334
3 8331 8334 8333
3 8335 8333 8334
3 8335 8334 8357
3 8335 8337 8336
3 8335 8336 8333
3 8033 8336 8337
3 8033 8337 8338
3 8336 8033 8025
3 8336 8025 8332
3 8342 8338 8337
3 8342 8337 8339
3 8337 8335 8340
3 8337 8340 8339
3 8339 8340 8354
3 8339 8354 8341
3 8343 8342 8339
3 8343 8339 8341
3 8039 8342 8343
3 8039 8343 8042
3 8342 8039 8032
3 8342 8032 8338
3 8042 8343 8344
3 8042 8344 8045
3 8344 8343 8341
3 8344 8341 8345
3 8045 8344 8346
3 8045 8346 8048
3 8346 8344 8345
3 8346 8345 8347
3 8048 8346 8348
3 8048 8348 8052
3 8348 8346 8347
3 8348 8347 8349
3 8052 8348 8350
3 8052 8350 8068
3 8351 8350 8348
3 8351 8348 8349
3 8350 8351 8276
3 8350 8276 8069
3 8351 8349 8283
3 8351 8283 8277
3 8347 8352 8283
3 8347 8283 8349
3 8345 8353 8352
3 8345 8352 8347
3 8352 8353 8290
3 8352 8290 8284
3 8353 8354 8355
3 8353 8355 8290
3 8341 8354 8353
3 8341 8353 8345
3 8354 8340 8356
3 8354 8356 8355
3 8356 8297 8291
3 8356 8291 8355
3 8340 8335 8357
3 8340 8357 8356
3 8357 8300 8297
3 8357 8297 8356
3 8334 8303 8300
3 8334 8300 8357
3 8303 8334 8329
3 8303 8329 8306
3 8358 8359 8317
3 8358 8317 8319
3 8359 8358 8000
3 8359 8000 7694
3 7685 8317 8359
3 7685 8359 7689
3 7673 8311 8313
3 7673 8313 7676
3 8311 7673 7670
3 8311 7670 8360
3 8360 7670 7667
3 8360 7667 8361
3 8302 8305 8360
3 8302 8360 8361
3 8361 7667 7660
3 8361 7660 8362
3 8299 8302 8361
3 8299 8361 8362
3 8296 8299 8362
3 8296 8362 7659
3 8294 8296 7659
3 8294 7659 7653
3 7646 8286 8288
3 7646 8288 7650
3 8286 7646 7644
3 8286 7644 8363
3 8364 8279 8281
3 8364 8281 8363
3 8364 8363 7644
3 8364 7644 7641
3 8367 8365 8364
3 8367 8364 7641
3 8279 8364 8365
3 8279 8365 8368
3 8369 8368 8365
3 8369 8365 8366
3 8365 8367 8370
3 8365 8370 8366
3 8369 8272 8274
3 8369 8274 8368
3 5664 5662 8369
3 5664 8369 8366
3 8272 8369 5662
3 8272 5662 5660
3 8371 8370 8367
3 8371 8367 7642
3 5664 8366 8370
3 5664 8370 5666
3 8370 8371 5668
3 8370 5668 5666
3 8371 7642 7635
3 8371 7635 8372
3 5670 5668 8371
3 5670 8371 8372
3 5670 8372 7631
3 5670 7631 5672
3 8071 8069 8276
3 8071 8276 8270
3 7780 7782 8373
3 7780 8373 4694
3 7782 4665 4667
3 7782 4667 8373
3 4667 4670 4689
3 4667 4689 8373
3 7771 7774 4698
3 7771 4698 4700
3 7764 7771 4700
3 7764 4700 4702
3 4721 4723 8374
3 4721 8374 7728
3 4723 4725 4748
3 4723 4748 8374
3 7703 4790 8375
3 7703 8375 7696
3 8375 4794 8376
3 8375 8376 7691
3 8376 4798 8377
3 8376 8377 7692
3 7688 7692 8377
3 7688 8377 8378
3 8377 4802 8380
3 8377 8380 8378
3 8379 7686 7688
3 8379 7688 8378
3 8379 8378 8380
3 8379 8380 8381
3 8380 4806 8383
3 8380 8383 8381
3 8382 8440 8379
3 8382 8379 8381
3 8382 8381 8383
3 8382 8383 8384
3 8383 4810 8386
3 8383 8386 8384
3 8385 8387 8382
3 8385 8382 8384
3 8385 8384 8386
3 8385 8386 4823
3 8387 8385 8388
3 8387 8388 8389
3 8388 8385 4823
3 8388 4823 4825
3 8389 8388 8390
3 8389 8390 8391
3 8390 8388 4825
3 8390 4825 4827
3 8391 8390 8392
3 8391 8392 8393
3 8392 8390 4827
3 8392 4827 8395
3 8393 8392 8394
3 8393 8394 8439
3 8394 8392 8395
3 8394 8395 8396
3 8395 4828 8398
3 8395 8398 8396
3 8397 8437 8394
3 8397 8394 8396
3 8397 8396 8398
3 8397 8398 8399
3 8398 4832 8401
3 8398 8401 8399
3 8400 8438 8397
3 8400 8397 8399
3 8400 8399 8401
3 8400 8401 8402
3 8401 4836 8404
3 8401 8404 8402
3 8403 8407 8400
3 8403 8400 8402
3 8403 8402 8404
3 8403 8404 7605
3 8405 8404 4836
3 8405 4836 4838
3 8404 8405 7602
3 8404 7602 7605
3 7599 7602 8405
3 7599 8405 8406
3 4838 4840 8406
3 4838 8406 8405
3 7599 8406 7591
3 7599 7591 7593
3 7591 8406 4840
3 7591 4840 4843
3 8407 8403 7606
3 8407 7606 8409
3 8438 8400 8407
3 8438 8407 8408
3 8411 8408 8407
3 8411 8407 8409
3 8410 8413 8411
3 8410 8411 8409
3 8410 8409 7606
3 8410 7606 7608
3 8411 8412 8433
3 8411 8433 8408
3 8412 8411 8413
3 8412 8413 8414
3 8417 8414 8413
3 8417 8413 8415
3 8413 8410 7613
3 8413 7613 8415
3 8416 8419 8417
3 8416 8417 8415
3 8416 8415 7613
3 8416 7613 7615
3 8417 8418 8428
3 8417 8428 8414
3 8418 8417 8419
3 8418 8419 8421
3 8419 8416 7620
3 8419 7620 8420
3 8422 8421 8419
3 8422 8419 8420
3 8422 7633 8423
3 8422 8423 8421
3 8423 8424 8418
3 8423 8418 8421
3 8423 7637 8426
3 8423 8426 8424
3 8425 8428 8418
3 8425 8418 8424
3 8426 8427 8425
3 8426 8425 8424
3 8426 7647 7649
3 8426 7649 8427
3 7647 8426 7637
3 7647 7637 7639
3 7655 8429 8425
3 7655 8425 8427
3 8428 8425 8429
3 8428 8429 8431
3 8429 7655 7657
3 8429 7657 8430
3 8429 8430 8432
3 8429 8432 8431
3 8432 8433 8412
3 8432 8412 8431
3 8428 8431 8412
3 8428 8412 8414
3 7662 8434 8432
3 7662 8432 8430
3 8433 8432 8434
3 8433 8434 8436
3 8434 7662 7664
3 8434 7664 8435
3 8434 8435 8437
3 8434 8437 8436
3 8437 8397 8438
3 8437 8438 8436
3 8433 8436 8438
3 8433 8438 8408
3 8439 8394 8437
3 8439 8437 8435
3 7664 7666 8439
3 7664 8439 8435
3 7666 7669 8393
3 7666 8393 8439
3 7627 7629 8422
3 7627 8422 8420
3 7627 8420 7620
3 7627 7620 7622
3 7669 7672 8391
3 7669 8391 8393
3 7672 7675 8389
3 7672 8389 8391
3 7675 7679 8387
3 7675 8387 8389
3 8440 8382 8387
3 8440 8387 7679
3 7686 8379 8440
3 7686 8440 7678
3 7624 7617 8442
3 7624 8442 8441
3 5684 7624 8441
3 5684 8441 5686
3 8442 8445 8443
3 8442 8443 8441
3 8441 8443 5688
3 8441 5688 5686
3 8444 8443 8445
3 8444 8445 8446
3 5690 5688 8443
3 5690 8443 8444
3 7618 8447 8445
3 7618 8445 8442
3 8446 8445 8447
3 8446 8447 8448
3 8447 7618 7610
3 8447 7610 8449
3 8449 8450 8448
3 8449 8448 8447
3 8449 7611 8451
3 8449 8451 8450
3 8451 8453 8452
3 8451 8452 8450
3 8455 8448 8450
3 8455 8450 8452
3 8454 8452 8453
3 8454 8453 8487
3 8455 8452 8454
3 8455 8454 8456
3 8455 8456 8459
3 8455 8459 8457
3 8446 8448 8455
3 8446 8455 8457
3 8444 8446 8457
3 8444 8457 8458
3 8460 8458 8457
3 8460 8457 8459
3 8461 8459 8456
3 8461 8456 8463
3 8460 8459 8461
3 8460 8461 8462
3 8461 8464 8465
3 8461 8465 8462
3 8461 8463 8467
3 8461 8467 8464
3 8484 8465 8464
3 8484 8464 8466
3 8467 8469 8466
3 8467 8466 8464
3 8467 8463 8485
3 8467 8485 8468
3 8467 8468 7570
3 8467 7570 8469
3 8471 8466 8469
3 8471 8469 8470
3 7570 7568 8470
3 7570 8470 8469
3 8471 8470 8472
3 8471 8472 8473
3 8472 8470 7568
3 8472 7568 7566
3 8472 8474 8476
3 8472 8476 8473
3 8472 7566 8475
3 8472 8475 8474
3 8477 8476 8474
3 8477 8474 7509
3 8475 7511 7509
3 8475 7509 8474
3 8478 8479 8473
3 8478 8473 8476
3 8478 8476 8477
3 8478 8477 8480
3 8478 8480 5708
3 8478 5708 5706
3 5704 8479 8478
3 5704 8478 5706
3 5710 5708 8480
3 5710 8480 8481
3 8477 7508 8481
3 8477 8481 8480
3 8482 8481 7508
3 8482 7508 7501
3 5710 8481 8482
3 5710 8482 5712
3 8482 7502 5714
3 8482 5714 5712
3 5704 5702 8483
3 5704 8483 8479
3 8471 8473 8479
3 8471 8479 8483
3 8484 8466 8471
3 8484 8471 8483
3 8484 8483 5702
3 8484 5702 5700
3 5698 8465 8484
3 5698 8484 5700
3 8475 7565 7513
3 8475 7513 7511
3 8486 7571 8468
3 8486 8468 8485
3 8454 8487 8486
3 8454 8486 8485
3 8454 8485 8463
3 8454 8463 8456
3 8486 8487 7595
3 8486 7595 7575
3 7597 7595 8487
3 7597 8487 8453
3 5698 5696 8462
3 5698 8462 8465
3 5694 8460 8462
3 5694 8462 5696
3 5694 5692 8458
3 5694 8458 8460
3 5690 8444 8458
3 5690 8458 5692
3 8451 7600 7597
3 8451 7597 8453
3 8451 7611 7603
3 8451 7603 7600
3 7513 7565 7558
3 7513 7558 7517
3 6590 6592 7555
3 6590 7555 7561
3 7551 6602 8488
3 7551 8488 7549
3 7547 7549 8488
3 7547 8488 8489
3 8489 8488 6601
3 8489 6601 8491
3 7547 8489 8490
3 7547 8490 7545
3 8489 8491 8492
3 8489 8492 8490
3 8492 8491 6606
3 8492 6606 8493
3 8492 8494 8497
3 8492 8497 8490
3 8492 8493 8496
3 8492 8496 8494
3 8498 8497 8494
3 8498 8494 8495
3 8496 7454 8495
3 8496 8495 8494
3 8499 8497 8498
3 8499 8498 8500
3 8499 7545 8490
3 8499 8490 8497
3 7542 8499 8500
3 7542 8500 8501
3 8498 7460 8502
3 8498 8502 8500
3 8503 8501 8500
3 8503 8500 8502
3 8503 8502 7459
3 8503 7459 7465
3 8504 8503 7465
3 8504 7465 8505
3 8504 7538 8501
3 8504 8501 8503
3 7539 8504 8505
3 7539 8505 8506
3 7469 8506 8505
3 7469 8505 7464
3 7472 7479 8506
3 7472 8506 7469
3 7536 7539 8506
3 7536 8506 7479
3 8498 8495 7455
3 8498 7455 7460
3 8496 8507 7452
3 8496 7452 7454
3 8496 8493 6610
3 8496 6610 8507
3 7452 8507 6614
3 7452 6614 6621
3 7493 7532 7534
3 7493 7534 7489
3 7506 7514 7522
3 7506 7522 7504
3 5716 5714 7502
3 5716 7502 7495
3 5771 7404 7398
3 5771 7398 5773
3 5740 7404 5771
3 5740 5771 5742
3 7383 7380 8510
3 7383 8510 8508
3 7383 8508 5789
3 7383 5789 5787
3 8509 8508 8510
3 8509 8510 8511
3 5789 8508 8509
3 5789 8509 5793
3 8512 8513 8511
3 8512 8511 8510
3 7378 8512 8510
3 7378 8510 7380
3 8512 8514 8516
3 8512 8516 8513
3 7378 7375 8514
3 7378 8514 8512
3 8515 8517 8516
3 8515 8516 8514
3 8780 8515 8514
3 8780 8514 7375
3 8513 8516 8518
3 8513 8518 8519
3 8517 8520 8518
3 8517 8518 8516
3 8519 8518 8521
3 8519 8521 8522
3 8520 8523 8521
3 8520 8521 8518
3 8522 8521 8524
3 8522 8524 8525
3 8523 8526 8524
3 8523 8524 8521
3 8525 8524 8527
3 8525 8527 8528
3 8526 8529 8527
3 8526 8527 8524
3 8528 8527 8530
3 8528 8530 8531
3 8529 8532 8530
3 8529 8530 8527
3 8531 8530 8533
3 8531 8533 8534
3 8532 8535 8533
3 8532 8533 8530
3 8534 8533 8536
3 8534 8536 8537
3 8535 8539 8536
3 8535 8536 8533
3 8537 8536 8538
3 8537 8538 8800
3 8538 8536 8539
3 8538 8539 8541
3 8540 8542 8541
3 8540 8541 8539
3 8535 8591 8540
3 8535 8540 8539
3 8538 8541 8543
3 8538 8543 8544
3 8542 8545 8543
3 8542 8543 8541
3 8544 8543 8546
3 8544 8546 8547
3 8545 8549 8546
3 8545 8546 8543
3 8547 8546 8548
3 8547 8548 5860
3 8548 8546 8549
3 8548 8549 8551
3 8550 8552 8551
3 8550 8551 8549
3 8545 8585 8550
3 8545 8550 8549
3 8548 8551 8553
3 8548 8553 5861
3 8552 8554 8553
3 8552 8553 8551
3 5861 8553 8555
3 5861 8555 5863
3 8554 8556 8555
3 8554 8555 8553
3 5863 8555 8557
3 5863 8557 5865
3 8556 8558 8557
3 8556 8557 8555
3 5865 8557 8559
3 5865 8559 5867
3 8558 8560 8559
3 8558 8559 8557
3 5867 8559 5965
3 5867 5965 5962
3 8560 5968 5965
3 8560 5965 8559
3 8560 8561 5971
3 8560 5971 5968
3 8558 8563 8561
3 8558 8561 8560
3 8564 8562 8561
3 8564 8561 8563
3 8562 8796 5971
3 8562 5971 8561
3 8556 8565 8563
3 8556 8563 8558
3 8566 8564 8563
3 8566 8563 8565
3 8554 8567 8565
3 8554 8565 8556
3 8568 8566 8565
3 8568 8565 8567
3 8552 8569 8567
3 8552 8567 8554
3 8571 8568 8567
3 8571 8567 8569
3 8550 8570 8569
3 8550 8569 8552
3 8572 8571 8569
3 8572 8569 8570
3 8572 8576 8573
3 8572 8573 8571
3 8571 8573 8575
3 8571 8575 8568
3 8574 8633 8575
3 8574 8575 8573
3 8577 8574 8573
3 8577 8573 8576
3 8581 8578 8576
3 8581 8576 8572
3 8579 8577 8576
3 8579 8576 8578
3 8794 8579 8578
3 8794 8578 8580
3 8581 8582 8580
3 8581 8580 8578
3 8581 8572 8570
3 8581 8570 8583
3 8584 8582 8581
3 8584 8581 8583
3 8550 8585 8583
3 8550 8583 8570
3 8584 8583 8585
3 8584 8585 8586
3 8542 8586 8585
3 8542 8585 8545
3 8588 8584 8586
3 8588 8586 8587
3 8540 8587 8586
3 8540 8586 8542
3 8592 8588 8587
3 8592 8587 8589
3 8540 8591 8589
3 8540 8589 8587
3 8590 8593 8592
3 8590 8592 8589
3 8590 8589 8591
3 8590 8591 8770
3 8592 8594 8595
3 8592 8595 8588
3 8592 8593 8596
3 8592 8596 8594
3 8597 8598 8595
3 8597 8595 8594
3 8600 8597 8594
3 8600 8594 8596
3 8597 8599 8795
3 8597 8795 8598
3 8600 8601 8599
3 8600 8599 8597
3 8600 8602 8605
3 8600 8605 8601
3 8603 8602 8600
3 8603 8600 8596
3 8761 8604 8602
3 8761 8602 8603
3 8606 8605 8602
3 8606 8602 8604
3 8607 8610 8601
3 8607 8601 8605
3 8606 8608 8607
3 8606 8607 8605
3 8607 8608 8688
3 8607 8688 8609
3 8607 8609 8612
3 8607 8612 8610
3 8610 8612 8614
3 8610 8614 8611
3 8610 8611 8599
3 8610 8599 8601
3 8612 8609 8686
3 8612 8686 8613
3 8612 8613 8616
3 8612 8616 8614
3 8611 8614 8615
3 8611 8615 8793
3 8618 8615 8614
3 8618 8614 8616
3 8617 8616 8613
3 8617 8613 8680
3 8618 8616 8617
3 8618 8617 8619
3 8618 8619 8622
3 8618 8622 8620
3 8623 8615 8618
3 8623 8618 8620
3 8653 8621 8620
3 8653 8620 8622
3 8623 8620 8621
3 8623 8621 8625
3 8623 8624 8793
3 8623 8793 8615
3 8627 8624 8623
3 8627 8623 8625
3 8649 8626 8625
3 8649 8625 8621
3 8627 8625 8626
3 8627 8626 8628
3 8579 8627 8628
3 8579 8628 8577
3 8794 8624 8627
3 8794 8627 8579
3 8577 8628 8629
3 8577 8629 8574
3 8630 8629 8628
3 8630 8628 8626
3 8631 8629 8630
3 8631 8630 8632
3 8631 8633 8574
3 8631 8574 8629
3 8631 8632 8636
3 8631 8636 8634
3 8637 8633 8631
3 8637 8631 8634
3 8644 8635 8634
3 8644 8634 8636
3 8637 8634 8635
3 8637 8635 8639
3 8637 8638 8575
3 8637 8575 8633
3 8641 8638 8637
3 8641 8637 8639
3 8643 8640 8639
3 8643 8639 8635
3 8641 8639 8640
3 8641 8640 8642
3 8566 8638 8641
3 8566 8641 8564
3 8564 8641 8642
3 8564 8642 8562
3 8562 8642 5980
3 8562 5980 8796
3 5982 5980 8642
3 5982 8642 8640
3 5982 8640 8643
3 5982 8643 5984
3 8643 8635 8644
3 8643 8644 5990
3 8568 8575 8638
3 8568 8638 8566
3 8644 8636 8645
3 8644 8645 5994
3 8645 8636 8632
3 8645 8632 8646
3 8645 8646 8647
3 8645 8647 5998
3 8647 8646 8648
3 8647 8648 8650
3 8630 8648 8646
3 8630 8646 8632
3 8649 8652 8650
3 8649 8650 8648
3 8630 8626 8649
3 8630 8649 8648
3 8647 8650 8651
3 8647 8651 6002
3 8651 8650 8652
3 8651 8652 8654
3 8653 8656 8654
3 8653 8654 8652
3 8649 8621 8653
3 8649 8653 8652
3 8651 8654 8655
3 8651 8655 6006
3 8655 8654 8656
3 8655 8656 8658
3 8657 8660 8658
3 8657 8658 8656
3 8653 8622 8657
3 8653 8657 8656
3 8655 8658 8659
3 8655 8659 6010
3 8659 8658 8660
3 8659 8660 8662
3 8661 8664 8662
3 8661 8662 8660
3 8657 8792 8661
3 8657 8661 8660
3 8659 8662 8663
3 8659 8663 6014
3 8663 8662 8664
3 8663 8664 8666
3 8665 8668 8666
3 8665 8666 8664
3 8661 8678 8665
3 8661 8665 8664
3 8663 8666 8667
3 8663 8667 6018
3 8667 8666 8668
3 8667 8668 8670
3 8669 7287 8670
3 8669 8670 8668
3 8665 8674 8669
3 8665 8669 8668
3 8667 8670 8671
3 8667 8671 6022
3 8671 8670 7287
3 8671 7287 7284
3 8671 8672 6024
3 8671 6024 6022
3 8671 7284 7281
3 8671 7281 8672
3 6027 6024 8672
3 6027 8672 8673
3 7281 7279 8673
3 7281 8673 8672
3 6961 8673 7279
3 6961 7279 6964
3 6027 8673 6961
3 6027 6961 6958
3 8669 8674 8675
3 8669 8675 7286
3 8665 8678 8676
3 8665 8676 8674
3 8677 8675 8674
3 8677 8674 8676
3 8679 8682 8677
3 8679 8677 8676
3 8679 8676 8678
3 8679 8678 8681
3 8679 8680 8684
3 8679 8684 8682
3 8617 8680 8679
3 8617 8679 8681
3 8677 8682 8683
3 8677 8683 8700
3 8685 8683 8682
3 8685 8682 8684
3 8686 8687 8685
3 8686 8685 8684
3 8686 8684 8680
3 8686 8680 8613
3 8686 8609 8688
3 8686 8688 8687
3 8690 8689 8687
3 8690 8687 8688
3 8685 8687 8689
3 8685 8689 8691
3 8694 8692 8689
3 8694 8689 8690
3 8692 8695 8691
3 8692 8691 8689
3 8707 8693 8692
3 8707 8692 8694
3 8692 8693 8696
3 8692 8696 8695
3 8696 7302 8697
3 8696 8697 8695
3 8698 8691 8695
3 8698 8695 8697
3 8698 8697 7297
3 8698 7297 8699
3 8685 8691 8698
3 8685 8698 8683
3 8698 8699 8700
3 8698 8700 8683
3 8701 8700 8699
3 8701 8699 7298
3 8677 8700 8701
3 8677 8701 8675
3 8701 7298 7291
3 8701 7291 7289
3 8701 7289 7286
3 8701 7286 8675
3 8696 8693 8703
3 8696 8703 8702
3 8696 8702 7304
3 8696 7304 7302
3 7309 8702 8703
3 7309 8703 8704
3 8708 8704 8703
3 8708 8703 8705
3 8705 8703 8693
3 8705 8693 8707
3 8705 8707 8757
3 8705 8757 8706
3 8708 8705 8706
3 8708 8706 8710
3 8709 8791 8704
3 8709 8704 8708
3 8709 8708 8710
3 8709 8710 8712
3 8711 8710 8706
3 8711 8706 8747
3 8713 8712 8710
3 8713 8710 8711
3 8715 8714 8712
3 8715 8712 8713
3 8717 8709 8712
3 8717 8712 8714
3 8723 8716 8714
3 8723 8714 8715
3 8718 8717 8714
3 8718 8714 8716
3 8718 7318 7316
3 8718 7316 8717
3 8717 7316 8791
3 8717 8791 8709
3 8719 7321 7318
3 8719 7318 8718
3 8719 8718 8716
3 8719 8716 8720
3 7332 7324 7321
3 7332 7321 8719
3 7332 8719 8720
3 7332 8720 8721
3 8725 8721 8720
3 8725 8720 8722
3 8722 8720 8716
3 8722 8716 8723
3 8722 8723 8739
3 8722 8739 8724
3 8725 8722 8724
3 8725 8724 8727
3 8726 7331 8721
3 8726 8721 8725
3 8726 8725 8727
3 8726 8727 8729
3 8728 8727 8724
3 8728 8724 8730
3 7349 8729 8727
3 7349 8727 8728
3 7336 8726 8729
3 7336 8729 7345
3 8728 8730 8732
3 8728 8732 8731
3 7349 8728 8731
3 7349 8731 7351
3 7356 8731 8732
3 7356 8732 8733
3 8733 8732 8734
3 8733 8734 8735
3 8730 8737 8734
3 8730 8734 8732
3 8735 8734 8736
3 8735 8736 8783
3 8737 8738 8736
3 8737 8736 8734
3 8737 8739 8740
3 8737 8740 8738
3 8730 8724 8739
3 8730 8739 8737
3 8723 8715 8740
3 8723 8740 8739
3 8738 8740 8741
3 8738 8741 8742
3 8715 8713 8741
3 8715 8741 8740
3 8742 8741 8743
3 8742 8743 8744
3 8713 8711 8743
3 8713 8743 8741
3 8744 8743 8745
3 8744 8745 8746
3 8711 8747 8745
3 8711 8745 8743
3 8746 8745 8748
3 8746 8748 8749
3 8747 8750 8748
3 8747 8748 8745
3 8749 8748 8751
3 8749 8751 8752
3 8750 8754 8751
3 8750 8751 8748
3 8752 8751 8753
3 8752 8753 8759
3 8754 8755 8753
3 8754 8753 8751
3 8754 8756 8758
3 8754 8758 8755
3 8750 8757 8756
3 8750 8756 8754
3 8694 8690 8758
3 8694 8758 8756
3 8707 8694 8756
3 8707 8756 8757
3 8755 8758 8608
3 8755 8608 8606
3 8690 8688 8608
3 8690 8608 8758
3 8747 8706 8757
3 8747 8757 8750
3 8755 8606 8604
3 8755 8604 8753
3 8759 8753 8604
3 8759 8604 8761
3 8752 8759 8760
3 8752 8760 8788
3 8759 8761 8762
3 8759 8762 8760
3 8761 8603 8763
3 8761 8763 8762
3 8764 8762 8763
3 8764 8763 8765
3 8766 8760 8762
3 8766 8762 8764
3 8764 8765 8769
3 8764 8769 8767
3 8766 8764 8767
3 8766 8767 8768
3 8526 8767 8769
3 8526 8769 8529
3 8523 8768 8767
3 8523 8767 8526
3 8529 8769 8770
3 8529 8770 8532
3 8765 8590 8770
3 8765 8770 8769
3 8532 8770 8591
3 8532 8591 8535
3 8520 8771 8768
3 8520 8768 8523
3 8772 8766 8768
3 8772 8768 8771
3 8517 8773 8771
3 8517 8771 8520
3 8774 8772 8771
3 8774 8771 8773
3 8515 8775 8773
3 8515 8773 8517
3 8776 8774 8773
3 8776 8773 8775
3 8780 8777 8775
3 8780 8775 8515
3 8778 8776 8775
3 8778 8775 8777
3 8782 8778 8777
3 8782 8777 8779
3 7376 8779 8777
3 7376 8777 8780
3 8783 8782 8779
3 8783 8779 8781
3 7373 8781 8779
3 7373 8779 7376
3 8782 8784 8785
3 8782 8785 8778
3 8783 8736 8784
3 8783 8784 8782
3 8738 8742 8784
3 8738 8784 8736
3 8742 8744 8785
3 8742 8785 8784
3 8778 8785 8786
3 8778 8786 8776
3 8744 8746 8786
3 8744 8786 8785
3 8776 8786 8787
3 8776 8787 8774
3 8746 8749 8787
3 8746 8787 8786
3 8774 8787 8788
3 8774 8788 8772
3 8749 8752 8788
3 8749 8788 8787
3 8772 8788 8760
3 8772 8760 8766
3 8735 8783 8781
3 8735 8781 8789
3 7370 8789 8781
3 7370 8781 7373
3 7363 8790 8789
3 7363 8789 7370
3 8733 8735 8789
3 8733 8789 8790
3 7356 8733 8790
3 7356 8790 7358
3 8765 8763 8593
3 8765 8593 8590
3 8603 8596 8593
3 8603 8593 8763
3 7311 7309 8704
3 7311 8704 8791
3 8661 8792 8681
3 8661 8681 8678
3 8617 8681 8792
3 8617 8792 8619
3 8657 8622 8619
3 8657 8619 8792
3 8794 8795 8793
3 8794 8793 8624
3 8598 8795 8794
3 8598 8794 8580
3 8611 8793 8795
3 8611 8795 8599
3 8598 8580 8582
3 8598 8582 8595
3 8588 8595 8582
3 8588 8582 8584
3 8544 8547 8797
3 8544 8797 8799
3 8547 5860 5858
3 8547 5858 8797
3 8798 8797 5858
3 8798 5858 5855
3 8801 8799 8797
3 8801 8797 8798
3 8801 8803 8800
3 8801 8800 8799
3 8538 8544 8799
3 8538 8799 8800
3 8801 8798 8838
3 8801 8838 8802
3 8804 8803 8801
3 8804 8801 8802
3 8806 8805 8803
3 8806 8803 8804
3 8537 8800 8803
3 8537 8803 8805
3 8809 8807 8805
3 8809 8805 8806
3 8534 8537 8805
3 8534 8805 8807
3 8531 8534 8807
3 8531 8807 8808
3 8810 8808 8807
3 8810 8807 8809
3 8809 8806 8812
3 8809 8812 8811
3 8810 8809 8811
3 8810 8811 8813
3 8815 8814 8811
3 8815 8811 8812
3 8816 8813 8811
3 8816 8811 8814
3 5815 8814 8815
3 5815 8815 5818
3 8816 8814 5815
3 8816 5815 5812
3 5809 8817 8816
3 5809 8816 5812
3 8816 8817 8819
3 8816 8819 8813
3 8818 8821 8819
3 8818 8819 8817
3 8818 8817 5809
3 8818 5809 5806
3 8820 8810 8813
3 8820 8813 8819
3 8822 8820 8819
3 8822 8819 8821
3 8826 8822 8821
3 8826 8821 8823
3 8818 8825 8823
3 8818 8823 8821
3 5792 8824 8823
3 5792 8823 8825
3 8827 8826 8823
3 8827 8823 8824
3 8826 8828 8830
3 8826 8830 8822
3 8827 8829 8828
3 8827 8828 8826
3 8519 8522 8828
3 8519 8828 8829
3 8522 8525 8830
3 8522 8830 8828
3 8822 8830 8831
3 8822 8831 8820
3 8525 8528 8831
3 8525 8831 8830
3 8820 8831 8808
3 8820 8808 8810
3 8528 8531 8808
3 8528 8808 8831
3 8509 8511 8829
3 8509 8829 8827
3 8513 8519 8829
3 8513 8829 8511
3 8509 8827 8824
3 8509 8824 5793
3 5803 8825 8818
3 5803 8818 5806
3 5792 8825 5803
3 5792 5803 5795
3 8815 8812 8834
3 8815 8834 8832
3 8815 8832 5821
3 8815 5821 5818
3 5821 8832 8833
3 5821 8833 5824
3 8833 8832 8834
3 8833 8834 8835
3 8804 8802 8835
3 8804 8835 8834
3 8806 8804 8834
3 8806 8834 8812
3 8833 8835 8836
3 8833 8836 8839
3 8836 8835 8802
3 8836 8802 8838
3 8836 8838 8841
3 8836 8841 8837
3 8836 8837 8840
3 8836 8840 8839
3 8840 5830 5827
3 8840 5827 8839
3 8833 8839 5827
3 8833 5827 5824
3 8840 5841 5833
3 8840 5833 5830
3 8840 8837 8842
3 8840 8842 5841
3 8798 5855 8841
3 8798 8841 8838
3 8842 8837 8841
3 8842 8841 5856
3 8842 5856 5848
3 8842 5848 5840
3 7340 8843 8844
3 7340 8844 7334
3 6636 6638 8843
3 6636 8843 7340
3 8847 8845 8843
3 8847 8843 6638
3 8845 8846 8844
3 8845 8844 8843
3 8845 6700 6703
3 8845 6703 8846
3 8847 6697 6700
3 8847 6700 8845
3 6639 6645 6697
3 6639 6697 8847
3 8846 6703 6706
3 8846 6706 7327
3 8846 7327 7329
3 8846 7329 8844
3 6705 8848 7323
3 6705 7323 7326
3 8848 8850 7320
3 8848 7320 7323
3 8851 8850 8848
3 8851 8848 8849
3 6705 6708 8849
3 6705 8849 8848
3 8852 8850 8851
3 8852 8851 8853
3 8852 7313 7320
3 8852 7320 8850
3 8852 8853 8855
3 8852 8855 7314
3 8856 8855 8853
3 8856 8853 8854
3 8851 8870 8854
3 8851 8854 8853
3 8857 8855 8856
3 8857 8856 8858
3 8857 7306 7314
3 8857 7314 8855
3 8857 8858 8860
3 8857 8860 7307
3 8861 8860 8858
3 8861 8858 8859
3 8856 8865 8859
3 8856 8859 8858
3 8862 8860 8861
3 8862 8861 8863
3 8862 7300 7307
3 8862 7307 8860
3 8862 8863 7293
3 8862 7293 7295
3 8861 7179 7181
3 8861 7181 8863
3 7184 7293 8863
3 7184 8863 7181
3 8861 8859 8864
3 8861 8864 7179
3 8864 8859 8865
3 8864 8865 8866
3 8867 8868 8866
3 8867 8866 8865
3 8856 8854 8867
3 8856 8867 8865
3 8867 8854 8870
3 8867 8870 8869
3 8867 8869 8871
3 8867 8871 8868
3 8874 8872 8869
3 8874 8869 8870
3 8872 8873 8871
3 8872 8871 8869
3 8874 6711 6714
3 8874 6714 8872
3 8872 6714 6717
3 8872 6717 8873
3 8851 8849 8874
3 8851 8874 8870
3 8874 8849 6708
3 8874 6708 6711
3 8873 6717 6720
3 8873 6720 8875
3 8873 8875 8876
3 8873 8876 8871
3 6720 6723 8877
3 6720 8877 8875
3 8878 8876 8875
3 8878 8875 8877
3 6723 6726 8879
3 6723 8879 8877
3 8878 8877 8879
3 8878 8879 8880
3 6726 6728 8881
3 6726 8881 8879
3 8880 8879 8881
3 8880 8881 7162
3 8882 8881 6728
3 8882 6728 6732
3 7162 8881 8882
3 7162 8882 7156
3 8882 6732 6735
3 8882 6735 7155
3 8878 8880 7163
3 8878 7163 8883
3 8885 8876 8878
3 8885 8878 8883
3 7165 8884 8883
3 7165 8883 7163
3 8885 8883 8884
3 8885 8884 8886
3 8868 8871 8876
3 8868 8876 8885
3 8868 8885 8886
3 8868 8886 8866
3 7178 8886 8884
3 7178 8884 7176
3 8864 8866 8886
3 8864 8886 7178
3 7176 8884 7165
3 7176 7165 7168
3 7155 6735 6738
3 7155 6738 7149
3 6755 6759 7125
3 6755 7125 7130
3 7105 6767 8887
3 7105 8887 7103
3 8887 8888 7101
3 8887 7101 7103
3 8887 6768 6775
3 8887 6775 8888
3 8888 6775 6778
3 8888 6778 8889
3 8888 8889 8890
3 8888 8890 7101
3 8889 6786 6788
3 8889 6788 8890
3 8889 6778 6781
3 8889 6781 6786
3 7100 8890 6788
3 7100 6788 6790
3 7100 6790 6792
3 7100 6792 7097
3 7091 7097 6792
3 7091 6792 6794
3 7083 7086 6800
3 7083 6800 8894
3 7077 7084 6823
3 7077 6823 6825
3 7084 8891 6821
3 7084 6821 6823
3 7083 8894 8892
3 7083 8892 8891
3 8893 6821 8891
3 8893 8891 8892
3 8893 8892 6807
3 8893 6807 6809
3 8894 6803 6807
3 8894 6807 8892
3 6818 6816 6382
3 6818 6382 6380
3 6382 6816 6811
3 6382 6811 6385
3 6450 6447 6780
3 6450 6780 6777
3 6453 6450 6777
3 6453 6777 6774
3 6456 6453 6774
3 6456 6774 6772
3 6459 6456 6772
3 6459 6772 6770
3 6466 6464 6764
3 6466 6764 6762
3 6493 6490 6743
3 6493 6743 6740
3 6496 6493 6740
3 6496 6740 6737
3 6499 6496 6737
3 6499 6737 6734
3 6502 6499 6734
3 6502 6734 6731
3 6505 6502 6731
3 6505 6731 6729
3 6508 6505 6729
3 6508 6729 6725
3 6722 6511 6508
3 6722 6508 6725
3 6719 6514 6511
3 6719 6511 6722
3 6716 6517 6514
3 6716 6514 6719
3 6716 6713 6520
3 6716 6520 6517
3 8895 6520 6713
3 8895 6713 6710
3 8895 6710 6702
3 8895 6702 6699
3 6519 8895 6699
3 6519 6699 6696
3 6522 6519 6696
3 6522 6696 6694
3 6525 6522 6694
3 6525 6694 6692
3 4848 4850 6576
3 4848 6576 6579
3 4850 4852 6574
3 4850 6574 6576
3 4852 8896 6572
3 4852 6572 6574
3 8896 8898 8897
3 8896 8897 6572
3 8897 8898 8902
3 8897 8902 8899
3 8897 8899 8900
3 8897 8900 6568
3 8900 8899 8901
3 8900 8901 8910
3 8903 8901 8899
3 8903 8899 8902
3 4863 4865 8903
3 4863 8903 8902
3 4863 8902 8898
3 4863 8898 4860
3 8903 4865 8906
3 8903 8906 8904
3 8903 8904 8907
3 8903 8907 8901
3 9225 8905 8904
3 9225 8904 8906
3 8907 8904 8905
3 8907 8905 8908
3 8907 8909 8910
3 8907 8910 8901
3 8907 8908 8912
3 8907 8912 8909
3 9271 8910 8909
3 9271 8909 8911
3 8912 8914 8911
3 8912 8911 8909
3 8912 8908 9222
3 8912 9222 8913
3 8912 8913 8916
3 8912 8916 8914
3 9270 8911 8914
3 9270 8914 8915
3 8916 8918 8915
3 8916 8915 8914
3 8916 8913 9219
3 8916 9219 8917
3 8916 8917 8920
3 8916 8920 8918
3 9269 8915 8918
3 9269 8918 8919
3 8920 8922 8919
3 8920 8919 8918
3 8920 8917 9216
3 8920 9216 8921
3 8920 8921 8924
3 8920 8924 8922
3 9268 8919 8922
3 9268 8922 8923
3 8924 8926 8923
3 8924 8923 8922
3 8924 8921 9213
3 8924 9213 8925
3 8924 8925 8928
3 8924 8928 8926
3 9267 8923 8926
3 9267 8926 8927
3 8928 8930 8927
3 8928 8927 8926
3 8928 8925 9210
3 8928 9210 8929
3 8928 8929 8932
3 8928 8932 8930
3 9266 8927 8930
3 9266 8930 8931
3 8932 8934 8931
3 8932 8931 8930
3 8932 8929 9207
3 8932 9207 8933
3 8932 8933 8936
3 8932 8936 8934
3 9265 8931 8934
3 9265 8934 8935
3 8936 8938 8935
3 8936 8935 8934
3 8936 8933 9204
3 8936 9204 8937
3 8936 8937 8940
3 8936 8940 8938
3 9264 8935 8938
3 9264 8938 8939
3 8940 8942 8939
3 8940 8939 8938
3 8940 8937 9201
3 8940 9201 8941
3 8940 8941 8944
3 8940 8944 8942
3 9263 8939 8942
3 9263 8942 8943
3 8944 8946 8943
3 8944 8943 8942
3 8944 8941 9198
3 8944 9198 8945
3 8944 8945 8947
3 8944 8947 8946
3 8947 8950 8948
3 8947 8948 8946
3 8949 8943 8946
3 8949 8946 8948
3 8949 8948 8951
3 8949 8951 6528
3 8951 8948 8950
3 8951 8950 8952
3 6528 8951 8953
3 6528 8953 6524
3 8951 8952 8954
3 8951 8954 8953
3 6524 8953 6513
3 6524 6513 6516
3 6510 6513 8953
3 6510 8953 8954
3 6510 8954 8955
3 6510 8955 6507
3 8952 8956 8955
3 8952 8955 8954
3 6507 8955 8957
3 6507 8957 6504
3 8956 8958 8957
3 8956 8957 8955
3 6504 8957 8959
3 6504 8959 6501
3 8958 8960 8959
3 8958 8959 8957
3 6501 8959 8961
3 6501 8961 6498
3 8960 8962 8961
3 8960 8961 8959
3 6498 8961 8963
3 6498 8963 6495
3 8962 8964 8963
3 8962 8963 8961
3 6495 8963 8965
3 6495 8965 6492
3 8964 8966 8965
3 8964 8965 8963
3 6492 8965 8967
3 6492 8967 6489
3 8966 8969 8967
3 8966 8967 8965
3 6489 8967 8968
3 6489 8968 6483
3 8968 8967 8969
3 8968 8969 8971
3 8966 9185 8970
3 8966 8970 8969
3 8970 8973 8971
3 8970 8971 8969
3 8968 8971 8972
3 8968 8972 6478
3 8972 8971 8973
3 8972 8973 8975
3 8974 8976 8975
3 8974 8975 8973
3 8970 9186 8974
3 8970 8974 8973
3 8972 8975 8977
3 8972 8977 6479
3 8976 8978 8977
3 8976 8977 8975
3 6479 8977 8979
3 6479 8979 6475
3 8978 8981 8979
3 8978 8979 8977
3 6475 8979 8980
3 6475 8980 6468
3 8980 8979 8981
3 8980 8981 8983
3 8978 9112 8982
3 8978 8982 8981
3 8982 8984 8983
3 8982 8983 8981
3 8980 8983 8985
3 8980 8985 6469
3 8984 8987 8985
3 8984 8985 8983
3 6469 8985 8986
3 6469 8986 6461
3 8986 8985 8987
3 8986 8987 8989
3 8988 8990 8989
3 8988 8989 8987
3 8984 9107 8988
3 8984 8988 8987
3 8986 8989 8991
3 8986 8991 6462
3 8990 8992 8991
3 8990 8991 8989
3 6462 8991 8993
3 6462 8993 6458
3 8992 8994 8993
3 8992 8993 8991
3 6458 8993 8995
3 6458 8995 6455
3 8994 8996 8995
3 8994 8995 8993
3 6455 8995 8997
3 6455 8997 6452
3 8996 8998 8997
3 8996 8997 8995
3 6452 8997 8999
3 6452 8999 6449
3 8998 9000 8999
3 8998 8999 8997
3 6449 8999 9001
3 6449 9001 6446
3 9000 9002 9001
3 9000 9001 8999
3 6446 9001 9003
3 6446 9003 6443
3 9002 9004 9003
3 9002 9003 9001
3 6443 9003 9005
3 6443 9005 6441
3 9004 9006 9005
3 9004 9005 9003
3 6441 9005 9007
3 6441 9007 6438
3 9006 9009 9007
3 9006 9007 9005
3 6438 9007 9008
3 6438 9008 9262
3 9009 9010 9008
3 9009 9008 9007
3 9009 9011 9014
3 9009 9014 9010
3 9006 9013 9011
3 9006 9011 9009
3 9070 9012 9011
3 9070 9011 9013
3 9012 9015 9014
3 9012 9014 9011
3 9010 9014 9016
3 9010 9016 5356
3 9015 9017 9016
3 9015 9016 9014
3 9017 9019 5353
3 9017 5353 9016
3 9015 9067 9018
3 9015 9018 9017
3 9017 9018 9020
3 9017 9020 9019
3 9019 9020 9021
3 9019 9021 5350
3 9024 9022 9020
3 9024 9020 9018
3 9022 9025 9021
3 9022 9021 9020
3 9022 9023 9026
3 9022 9026 9025
3 9024 9062 9023
3 9024 9023 9022
3 9025 9026 9028
3 9025 9028 9027
3 9025 9027 5349
3 9025 5349 9021
3 9027 9028 9030
3 9027 9030 9029
3 9027 9029 5347
3 9027 5347 5349
3 9029 9030 9032
3 9029 9032 9031
3 9029 9031 5345
3 9029 5345 5347
3 9031 9032 9034
3 9031 9034 9033
3 9031 9033 5343
3 9031 5343 5345
3 9033 9034 9036
3 9033 9036 9035
3 9033 9035 5341
3 9033 5341 5343
3 9035 9036 9038
3 9035 9038 9037
3 9035 9037 5339
3 9035 5339 5341
3 9037 9038 9040
3 9037 9040 9039
3 9037 9039 5337
3 9037 5337 5339
3 9039 9040 9042
3 9039 9042 9041
3 9039 9041 9043
3 9039 9043 5337
3 9041 9042 9045
3 9041 9045 9044
3 9041 9044 9046
3 9041 9046 9043
3 5309 9047 9044
3 5309 9044 9045
3 9046 9044 9047
3 9046 9047 9048
3 9048 9047 9049
3 9048 9049 5324
3 5309 5311 9049
3 5309 9049 9047
3 5311 5313 5321
3 5311 5321 9049
3 9046 9048 5327
3 9046 5327 5332
3 9046 5332 5334
3 9046 5334 9043
3 9050 5306 9045
3 9050 9045 9042
3 9051 9050 9042
3 9051 9042 9040
3 9051 5300 5303
3 9051 5303 9050
3 9052 5297 5300
3 9052 5300 9051
3 9052 9051 9040
3 9052 9040 9038
3 9053 5294 5297
3 9053 5297 9052
3 9053 9052 9038
3 9053 9038 9036
3 9054 5291 5294
3 9054 5294 9053
3 9054 9053 9036
3 9054 9036 9034
3 9055 5288 5291
3 9055 5291 9054
3 9055 9054 9034
3 9055 9034 9032
3 9056 5285 5288
3 9056 5288 9055
3 9056 9055 9032
3 9056 9032 9030
3 9057 5282 5285
3 9057 5285 9056
3 9057 9056 9030
3 9057 9030 9028
3 9058 5279 5282
3 9058 5282 9057
3 9058 9057 9028
3 9058 9028 9026
3 9059 5276 5279
3 9059 5279 9058
3 9059 9058 9026
3 9059 9026 9023
3 9060 5273 5276
3 9060 5276 9059
3 9060 9059 9023
3 9060 9023 9062
3 9061 5270 5273
3 9061 5273 9060
3 9061 9060 9062
3 9061 9062 9063
3 9065 9063 9062
3 9065 9062 9024
3 9162 9061 9063
3 9162 9063 9064
3 9066 9064 9063
3 9066 9063 9065
3 9066 9065 9067
3 9066 9067 9068
3 9065 9024 9018
3 9065 9018 9067
3 9012 9068 9067
3 9012 9067 9015
3 9070 9069 9068
3 9070 9068 9012
3 9071 9066 9068
3 9071 9068 9069
3 9073 9072 9069
3 9073 9069 9070
3 9074 9071 9069
3 9074 9069 9072
3 9076 9075 9072
3 9076 9072 9073
3 9077 9074 9072
3 9077 9072 9075
3 9079 9078 9075
3 9079 9075 9076
3 9080 9077 9075
3 9080 9075 9078
3 9082 9081 9078
3 9082 9078 9079
3 9083 9080 9078
3 9083 9078 9081
3 9085 9084 9081
3 9085 9081 9082
3 9086 9083 9081
3 9086 9081 9084
3 9088 9087 9084
3 9088 9084 9085
3 9089 9086 9084
3 9089 9084 9087
3 9091 9090 9087
3 9091 9087 9088
3 9092 9089 9087
3 9092 9087 9090
3 9094 9093 9090
3 9094 9090 9091
3 9095 9092 9090
3 9095 9090 9093
3 9097 9096 9093
3 9097 9093 9094
3 9098 9095 9093
3 9098 9093 9096
3 9102 9099 9096
3 9102 9096 9097
3 9100 9098 9096
3 9100 9096 9099
3 9137 9100 9099
3 9137 9099 9101
3 9102 9103 9101
3 9102 9101 9099
3 9102 9097 9105
3 9102 9105 9104
3 9106 9103 9102
3 9106 9102 9104
3 8988 9107 9104
3 8988 9104 9105
3 9106 9104 9107
3 9106 9107 9108
3 8982 9108 9107
3 8982 9107 8984
3 9110 9106 9108
3 9110 9108 9109
3 8982 9112 9109
3 8982 9109 9108
3 9111 9129 9110
3 9111 9110 9109
3 9111 9109 9112
3 9111 9112 9113
3 8976 9113 9112
3 8976 9112 8978
3 8974 9114 9113
3 8974 9113 8976
3 9116 9111 9113
3 9116 9113 9114
3 8974 9186 9115
3 8974 9115 9114
3 9118 9116 9114
3 9118 9114 9115
3 9116 9117 9129
3 9116 9129 9111
3 9118 9120 9117
3 9118 9117 9116
3 9118 9119 9121
3 9118 9121 9120
3 9187 9119 9118
3 9187 9118 9115
3 9124 9122 9120
3 9124 9120 9121
3 9122 9125 9117
3 9122 9117 9120
3 9122 9123 9126
3 9122 9126 9125
3 9124 9167 9123
3 9124 9123 9122
3 9125 9126 9130
3 9125 9130 9127
3 9125 9127 9129
3 9125 9129 9117
3 9130 9131 9128
3 9130 9128 9127
3 9110 9129 9127
3 9110 9127 9128
3 9130 9132 9135
3 9130 9135 9131
3 9130 9126 9133
3 9130 9133 9132
3 9164 9134 9132
3 9164 9132 9133
3 9134 9136 9135
3 9134 9135 9132
3 9131 9135 9137
3 9131 9137 9101
3 9137 9135 9136
3 9137 9136 9138
3 9137 9138 9140
3 9137 9140 9100
3 9163 9139 9138
3 9163 9138 9136
3 9139 9141 9140
3 9139 9140 9138
3 9100 9140 9142
3 9100 9142 9098
3 9141 9143 9142
3 9141 9142 9140
3 9098 9142 9144
3 9098 9144 9095
3 9143 9145 9144
3 9143 9144 9142
3 9095 9144 9146
3 9095 9146 9092
3 9145 9147 9146
3 9145 9146 9144
3 9092 9146 9148
3 9092 9148 9089
3 9147 9149 9148
3 9147 9148 9146
3 9089 9148 9150
3 9089 9150 9086
3 9149 9151 9150
3 9149 9150 9148
3 9086 9150 9152
3 9086 9152 9083
3 9151 9153 9152
3 9151 9152 9150
3 9083 9152 9154
3 9083 9154 9080
3 9153 9155 9154
3 9153 9154 9152
3 9080 9154 9156
3 9080 9156 9077
3 9155 9157 9156
3 9155 9156 9154
3 9077 9156 9158
3 9077 9158 9074
3 9157 9159 9158
3 9157 9158 9156
3 9074 9158 9160
3 9074 9160 9071
3 9159 9161 9160
3 9159 9160 9158
3 9071 9160 9064
3 9071 9064 9066
3 9161 9162 9064
3 9161 9064 9160
3 9159 5261 5264
3 9159 5264 9161
3 9161 5264 5267
3 9161 5267 9162
3 9162 5267 5270
3 9162 5270 9061
3 9157 5258 5261
3 9157 5261 9159
3 9155 5255 5258
3 9155 5258 9157
3 9153 5252 5255
3 9153 5255 9155
3 9151 5249 5252
3 9151 5252 9153
3 9149 5246 5249
3 9149 5249 9151
3 9147 5243 5246
3 9147 5246 9149
3 9145 5240 5243
3 9145 5243 9147
3 9143 5237 5240
3 9143 5240 9145
3 9141 5234 5237
3 9141 5237 9143
3 9139 5231 5234
3 9139 5234 9141
3 9163 5224 5231
3 9163 5231 9139
3 9134 5223 9163
3 9134 9163 9136
3 9164 5217 5223
3 9164 5223 9134
3 9165 5216 9164
3 9165 9164 9133
3 9165 9133 9126
3 9165 9126 9123
3 9166 5214 5216
3 9166 5216 9165
3 9166 9165 9123
3 9166 9123 9167
3 5204 5206 5214
3 5204 5214 9166
3 5204 9166 9167
3 5204 9167 9168
3 9124 9169 9168
3 9124 9168 9167
3 5203 9168 9169
3 5203 9169 9170
3 9171 9172 9170
3 9171 9170 9169
3 9171 9169 9124
3 9171 9124 9121
3 9175 9172 9171
3 9175 9171 9173
3 9171 9121 9119
3 9171 9119 9173
3 9175 9173 9174
3 9175 9174 9177
3 9187 9174 9173
3 9187 9173 9119
3 9176 9248 9172
3 9176 9172 9175
3 9176 9175 9177
3 9176 9177 9178
3 9180 9178 9177
3 9180 9177 9179
3 9179 9177 9174
3 9179 9174 9182
3 9180 9179 9181
3 9180 9181 9188
3 9179 9182 9183
3 9179 9183 9181
3 9182 9174 9187
3 9182 9187 9184
3 9182 9184 9185
3 9182 9185 9183
3 8970 9185 9184
3 8970 9184 9186
3 9187 9115 9186
3 9187 9186 9184
3 8964 9183 9185
3 8964 9185 8966
3 8962 9181 9183
3 8962 9183 8964
3 8960 9188 9181
3 8960 9181 8962
3 8958 9189 9188
3 8958 9188 8960
3 9190 9180 9188
3 9190 9188 9189
3 8956 9191 9189
3 8956 9189 8958
3 9192 9190 9189
3 9192 9189 9191
3 8952 8950 9191
3 8952 9191 8956
3 8947 9192 9191
3 8947 9191 8950
3 8947 8945 9193
3 8947 9193 9192
3 9192 9193 9194
3 9192 9194 9190
3 9195 9196 9194
3 9195 9194 9193
3 9195 9193 8945
3 9195 8945 9198
3 9195 9197 9247
3 9195 9247 9196
3 9199 9197 9195
3 9199 9195 9198
3 9199 9198 8941
3 9199 8941 9201
3 9199 9200 9244
3 9199 9244 9197
3 9202 9200 9199
3 9202 9199 9201
3 9202 9201 8937
3 9202 8937 9204
3 9202 9203 9242
3 9202 9242 9200
3 9205 9203 9202
3 9205 9202 9204
3 9205 9204 8933
3 9205 8933 9207
3 9205 9206 9240
3 9205 9240 9203
3 9208 9206 9205
3 9208 9205 9207
3 9208 9207 8929
3 9208 8929 9210
3 9208 9209 9238
3 9208 9238 9206
3 9211 9209 9208
3 9211 9208 9210
3 9211 9210 8925
3 9211 8925 9213
3 9211 9212 9236
3 9211 9236 9209
3 9214 9212 9211
3 9214 9211 9213
3 9214 9213 8921
3 9214 8921 9216
3 9214 9215 9234
3 9214 9234 9212
3 9217 9215 9214
3 9217 9214 9216
3 9217 9216 8917
3 9217 8917 9219
3 9217 9218 9232
3 9217 9232 9215
3 9220 9218 9217
3 9220 9217 9219
3 9220 9219 8913
3 9220 8913 9222
3 9220 9221 9230
3 9220 9230 9218
3 9223 9221 9220
3 9223 9220 9222
3 9223 9222 8908
3 9223 8908 8905
3 9223 9224 9227
3 9223 9227 9221
3 9225 9224 9223
3 9225 9223 8905
3 9225 9253 9226
3 9225 9226 9224
3 9228 9227 9224
3 9228 9224 9226
3 9228 5170 9229
3 9228 9229 9227
3 9229 9230 9221
3 9229 9221 9227
3 9229 5171 9231
3 9229 9231 9230
3 9231 9232 9218
3 9231 9218 9230
3 9231 5175 9233
3 9231 9233 9232
3 9233 9234 9215
3 9233 9215 9232
3 9233 5179 9235
3 9233 9235 9234
3 9235 9236 9212
3 9235 9212 9234
3 9235 5183 9237
3 9235 9237 9236
3 9237 9238 9209
3 9237 9209 9236
3 9237 5187 9239
3 9237 9239 9238
3 9239 9240 9206
3 9239 9206 9238
3 9239 5191 9241
3 9239 9241 9240
3 9241 9242 9203
3 9241 9203 9240
3 9241 5195 9243
3 9241 9243 9242
3 9243 9244 9200
3 9243 9200 9242
3 9243 5199 9245
3 9243 9245 9244
3 9245 9247 9197
3 9245 9197 9244
3 9245 5199 5201
3 9245 5201 9246
3 9245 9246 9248
3 9245 9248 9247
3 9196 9247 9248
3 9196 9248 9176
3 9246 9170 9172
3 9246 9172 9248
3 9246 5201 5203
3 9246 5203 9170
3 9249 9228 9226
3 9249 9226 9250
3 9249 5167 5170
3 9249 5170 9228
3 9249 9250 9252
3 9249 9252 9251
3 5165 5167 9249
3 5165 9249 9251
3 9251 4884 5162
3 9251 5162 5165
3 9251 9252 4881
3 9251 4881 4884
3 4872 9252 9250
3 4872 9250 4870
3 4874 4881 9252
3 4874 9252 4872
3 9226 9253 4870
3 9226 4870 9250
3 4866 9253 9225
3 4866 9225 8906
3 9196 9176 9178
3 9196 9178 9194
3 9190 9194 9178
3 9190 9178 9180
3 9131 9101 9103
3 9131 9103 9128
3 9110 9128 9103
3 9110 9103 9106
3 8988 9105 9254
3 8988 9254 8990
3 9097 9094 9254
3 9097 9254 9105
3 8990 9254 9255
3 8990 9255 8992
3 9094 9091 9255
3 9094 9255 9254
3 8992 9255 9256
3 8992 9256 8994
3 9091 9088 9256
3 9091 9256 9255
3 8994 9256 9257
3 8994 9257 8996
3 9088 9085 9257
3 9088 9257 9256
3 8996 9257 9258
3 8996 9258 8998
3 9085 9082 9258
3 9085 9258 9257
3 8998 9258 9259
3 8998 9259 9000
3 9082 9079 9259
3 9082 9259 9258
3 9000 9259 9260
3 9000 9260 9002
3 9079 9076 9260
3 9079 9260 9259
3 9002 9260 9261
3 9002 9261 9004
3 9076 9073 9261
3 9076 9261 9260
3 9004 9261 9013
3 9004 9013 9006
3 9073 9070 9013
3 9073 9013 9261
3 9010 5356 5358
3 9010 5358 9008
3 9262 9008 5358
3 9262 5358 5360
3 9262 5360 5362
3 9262 5362 6439
3 9263 8943 8949
3 9263 8949 6527
3 9264 8939 9263
3 9264 9263 6532
3 9265 8935 9264
3 9265 9264 6536
3 9266 8931 9265
3 9266 9265 6540
3 9267 8927 9266
3 9267 9266 6544
3 9268 8923 9267
3 9268 9267 6548
3 9269 8919 9268
3 9269 9268 6552
3 9270 8915 9269
3 9270 9269 6556
3 9271 8911 9270
3 9271 9270 6560
3 8900 8910 9271
3 8900 9271 6564
3 8896 4853 4860
3 8896 4860 8898
3 6435 6439 5362
3 6435 5362 5364
3 6435 5364 5366
3 6435 5366 6432
3 6429 6432 5366
3 6429 5366 5368
3 6429 5368 5370
3 6429 5370 6426
3 6423 6426 5370
3 6423 5370 5372
3 6423 5372 5374
3 6423 5374 6420
3 6417 6420 5374
3 6417 5374 5376
3 6417 5376 9272
3 6417 9272 6411
3 6407 9272 5377
3 6407 5377 9273
3 9273 5380 9274
3 9273 9274 6402
3 5383 5387 6403
3 5383 6403 9274
3 6399 6403 5387
3 6399 5387 5389
3 6399 5389 5391
3 6399 5391 6396
3 6393 6396 5391
3 6393 5391 5393
3 6393 5393 5395
3 6393 5395 6390
3 6387 6390 5395
3 6387 5395 5397
3 6387 5397 5399
3 6387 5399 6384
3 5399 9275 6378
3 5399 6378 6384
3 5400 9276 6373
3 5400 6373 9275
3 5403 5407 6374
3 5403 6374 9276
3 5407 9277 6367
3 5407 6367 6374
3 9277 5408 9278
3 9277 9278 6363
3 9278 5411 9279
3 9278 9279 6359
3 9279 5414 9280
3 9279 9280 6355
3 9280 5417 9281
3 9280 9281 6351
3 9281 5420 9282
3 9281 9282 6347
3 9282 5423 9283
3 9282 9283 6343
3 9283 5426 9284
3 9283 9284 6339
3 9284 5429 9285
3 9284 9285 6334
3 9285 5432 5436
3 9285 5436 6335
3 6335 5436 5438
3 6335 5438 6331
3 6331 5438 9286
3 6331 9286 6324
3 9286 5439 5443
3 9286 5443 6325
3 6325 5443 5445
3 6325 5445 6321
3 6321 5445 9287
3 6321 9287 6315
3 9287 5446 9288
3 9287 9288 6311
3 9288 5449 9289
3 9288 9289 6307
3 9289 5452 9290
3 9289 9290 6303
3 9290 5455 9291
3 9290 9291 6299
3 9291 5458 9292
3 9291 9292 6295
3 9292 5461 9293
3 9292 9293 6291
3 9293 5464 9294
3 9293 9294 6287
3 9294 5467 9295
3 9294 9295 6283
3 9295 5470 9296
3 9295 9296 6279
3 9296 5473 9297
3 9296 9297 6275
3 9297 5476 9298
3 9297 9298 6271
3 9298 5479 9299
3 9298 9299 6267
3 9299 5482 9300
3 9299 9300 6263
3 9300 5485 9301
3 9300 9301 6259
3 9301 5488 9302
3 9301 9302 6255
3 9302 5491 6249
3 9302 6249 6251
3 6100 6103 9303
3 6100 9303 9305
3 9304 9303 5944
3 9304 5944 5946
3 9304 9307 9305
3 9304 9305 9303
3 6100 9305 9306
3 6100 9306 6093
3 9306 9305 9307
3 9306 9307 9308
3 9309 9310 9308
3 9309 9308 9307
3 9304 9311 9309
3 9304 9309 9307
3 9309 9312 9313
3 9309 9313 9310
3 9309 9311 9314
3 9309 9314 9312
3 9313 9312 9315
3 9313 9315 9316
3 9315 9312 9314
3 9315 9314 9317
3 5973 5975 9316
3 5973 9316 9315
3 5973 9315 9317
3 5973 9317 9318
3 9319 9320 9318
3 9319 9318 9317
3 9319 9317 9314
3 9319 9314 5952
3 5957 9320 9319
3 5957 9319 5951
3 5967 9318 9320
3 5967 9320 5964
3 5959 5964 9320
3 5959 9320 5957
3 9313 9316 9321
3 9313 9321 9323
3 9321 9316 5975
3 9321 5975 5978
3 9321 9322 9324
3 9321 9324 9323
3 9321 5978 9333
3 9321 9333 9322
3 9313 9323 9325
3 9313 9325 9310
3 9326 9325 9323
3 9326 9323 9324
3 9327 9308 9310
3 9327 9310 9325
3 9327 9325 9326
3 9327 9326 6085
3 9306 9308 9327
3 9306 9327 6089
3 9326 9324 9328
3 9326 9328 6081
3 9328 9324 9322
3 9328 9322 9329
3 9328 9329 9330
3 9328 9330 6077
3 9330 9329 9331
3 9330 9331 9332
3 9333 9331 9329
3 9333 9329 9322
3 5985 5987 9332
3 5985 9332 9331
3 9333 5977 5985
3 9333 5985 9331
3 9334 9332 5987
3 9334 5987 9335
3 9330 9332 9334
3 9330 9334 6073
3 9334 9335 9336
3 9334 9336 6069
3 9336 9335 5988
3 9336 5988 9337
3 9336 9337 9338
3 9336 9338 6065
3 9338 9337 5992
3 9338 5992 9339
3 9338 9339 9340
3 9338 9340 6061
3 9340 9339 5996
3 9340 5996 9341
3 9340 9341 9342
3 9340 9342 6057
3 9342 9341 6000
3 9342 6000 9343
3 9342 9343 9344
3 9342 9344 6053
3 9344 9343 6004
3 9344 6004 9345
3 9344 9345 9346
3 9344 9346 6049
3 9346 9345 6008
3 9346 6008 9347
3 9346 9347 9348
3 9346 9348 6045
3 9348 9347 6012
3 9348 6012 9349
3 9348 9349 9350
3 9348 9350 6041
3 9350 9349 6016
3 9350 6016 6031
3 5952 9314 9311
3 5952 9311 5948
3 5948 9311 9304
3 5948 9304 5946
3 9352 5884 5954
3 9352 5954 9351
3 5949 5941 5938
3 5949 5938 9351
3 9352 9351 5938
3 9352 5938 5936
3 9352 5936 9354
3 9352 9354 9353
3 5886 5884 9352
3 5886 9352 9353
3 5886 9353 5914
3 5886 5914 5888
3 9354 5917 5914
3 9354 5914 9353
3 5559 5561 5829
3 5559 5829 5832
3 5561 5563 5826
3 5561 5826 5829
3 5823 5826 5563
3 5823 5563 5567
3 5823 5567 5570
3 5823 5570 5820
3 5820 5570 5573
3 5820 5573 5817
3 5817 5573 5575
3 5817 5575 5814
3 5814 5575 5577
3 5814 5577 5811
3 5811 5577 5579
3 5811 5579 5808
3 5808 5579 5581
3 5808 5581 5805
3 5805 5581 5583
3 5805 5583 5802
3 5802 5583 5585
3 5802 5585 5800
3 5800 5585 9368
3 5800 9368 5797
3 5782 5790 5798
3 5782 5798 5780
3 5798 9355 9357
3 5798 9357 5780
3 9368 9356 9355
3 9368 9355 5797
3 9358 9357 9355
3 9358 9355 9356
3 9360 5779 9357
3 9360 9357 9358
3 9367 9359 9358
3 9367 9358 9356
3 9360 9358 9359
3 9360 9359 9362
3 9360 9361 5775
3 9360 5775 5779
3 9363 9361 9360
3 9363 9360 9362
3 9365 9363 9362
3 9365 9362 9364
3 9366 9364 9362
3 9366 9362 9359
3 5597 5599 9365
3 5597 9365 9364
3 9366 5595 5597
3 9366 5597 9364
3 9366 5589 5591
3 9366 5591 5595
3 9367 5589 9366
3 9367 9366 9359
3 9365 5763 5765
3 9365 5765 9363
3 9365 5599 5761
3 9365 5761 5763
3 9363 5765 5767
3 9363 5767 9361
3 9361 5767 5769
3 9361 5769 5775
3 9368 5586 9367
3 9368 9367 9356
3 5620 5618 3716
3 5620 3716 3718
3 5618 5616 3714
3 5618 3714 3716
3 5616 5614 3712
3 5616 3712 3714
3 5614 5609 3710
3 5614 3710 3712
3 9369 3673 5572
3 9369 5572 5569
3 9369 5569 5566
3 9369 5566 9371
3 3671 3673 9369
3 3671 9369 9370
3 9369 9371 9372
3 9369 9372 9370
3 9372 9371 9373
3 9372 9373 9374
3 9373 9371 5566
3 9373 5566 5564
3 9373 5553 5551
3 9373 5551 9374
3 9373 5564 5555
3 9373 5555 5553
3 9372 9374 3657
3 9372 3657 3659
3 5551 3654 3657
3 5551 3657 9374
3 9372 3659 3661
3 9372 3661 9370
3 3671 9370 3661
3 3671 3661 3663
3 9376 9375 5302
3 9376 5302 5299
3 9375 3356 3358
3 9375 3358 5302
3 9375 3349 3352
3 9375 3352 3356
3 9376 3347 3349
3 9376 3349 9375
3 9377 3345 3347
3 9377 3347 9376
3 9377 9376 5299
3 9377 5299 5296
3 9378 3343 3345
3 9378 3345 9377
3 9378 9377 5296
3 9378 5296 5293
3 9379 3340 3343
3 9379 3343 9378
3 9379 9378 5293
3 9379 5293 5290
3 9380 3338 3340
3 9380 3340 9379
3 9380 9379 5290
3 9380 5290 5287
3 9381 3336 3338
3 9381 3338 9380
3 9381 9380 5287
3 9381 5287 5284
3 9382 3334 3336
3 9382 3336 9381
3 9382 9381 5284
3 9382 5284 5281
3 9383 3331 3334
3 9383 3334 9382
3 9383 9382 5281
3 9383 5281 5278
3 9384 3329 3331
3 9384 3331 9383
3 9384 9383 5278
3 9384 5278 5275
3 9385 3327 3329
3 9385 3329 9384
3 9385 9384 5275
3 9385 5275 5272
3 9386 3325 3327
3 9386 3327 9385
3 9386 9385 5272
3 9386 5272 5269
3 9387 3322 3325
3 9387 3325 9386
3 9387 9386 5269
3 9387 5269 5266
3 9388 3320 3322
3 9388 3322 9387
3 9388 9387 5266
3 9388 5266 5263
3 9389 3318 3320
3 9389 3320 9388
3 9389 9388 5263
3 9389 5263 5260
3 9390 3316 3318
3 9390 3318 9389
3 9390 9389 5260
3 9390 5260 5257
3 9391 3313 3316
3 9391 3316 9390
3 9391 9390 5257
3 9391 5257 5254
3 9392 3311 3313
3 9392 3313 9391
3 9392 9391 5254
3 9392 5254 5251
3 9393 3309 3311
3 9393 3311 9392
3 9393 9392 5251
3 9393 5251 5248
3 9394 3307 3309
3 9394 3309 9393
3 9394 9393 5248
3 9394 5248 5245
3 9395 3304 3307
3 9395 3307 9394
3 9395 9394 5245
3 9395 5245 5242
3 9396 3302 3304
3 9396 3304 9395
3 9396 9395 5242
3 9396 5242 5239
3 9397 3300 3302
3 9397 3302 9396
3 9397 9396 5239
3 9397 5239 5236
3 9398 3298 3300
3 9398 3300 9397
3 9398 9397 5236
3 9398 5236 5233
3 9399 3295 3298
3 9399 3298 9398
3 9399 9398 5233
3 9399 5233 5230
3 9400 3293 3295
3 9400 3295 9399
3 9400 9399 5230
3 9400 5230 5228
3 9401 3291 3293
3 9401 3293 9400
3 9401 9400 5228
3 9401 5228 5226
3 9402 3285 3291
3 9402 3291 9401
3 9402 9401 5226
3 9402 5226 9403
3 9404 3284 9402
3 9404 9402 9403
3 9404 9403 5221
3 9404 5221 5219
3 9405 3282 3284
3 9405 3284 9404
3 9405 9404 5219
3 9405 5219 9407
3 9405 9406 3279
3 9405 3279 3282
3 9408 9406 9405
3 9408 9405 9407
3 9408 9407 5213
3 9408 5213 5211
3 9409 9410 9406
3 9409 9406 9408
3 9409 9408 5211
3 9409 5211 5209
3 9411 9412 9410
3 9411 9410 9409
3 9411 9409 5209
3 9411 5209 9414
3 9413 9416 9412
3 9413 9412 9411
3 9413 9411 9414
3 9413 9414 9415
3 9414 5208 5193
3 9414 5193 9415
3 9413 9415 5189
3 9413 5189 9417
3 9418 9416 9413
3 9418 9413 9417
3 9418 9417 5185
3 9418 5185 9420
3 9418 9419 9438
3 9418 9438 9416
3 9421 9419 9418
3 9421 9418 9420
3 9421 9420 5181
3 9421 5181 9423
3 9421 9422 9436
3 9421 9436 9419
3 9424 9422 9421
3 9424 9421 9423
3 9424 9423 5177
3 9424 5177 9426
3 9425 9433 9422
3 9425 9422 9424
3 9425 9424 9426
3 9425 9426 9427
3 9426 5173 9429
3 9426 9429 9427
3 9425 9427 9428
3 9425 9428 9430
3 5158 9428 9427
3 5158 9427 9429
3 5158 9429 5168
3 5158 5168 5160
3 9430 9428 5157
3 9430 5157 9432
3 9431 9433 9425
3 9431 9425 9430
3 9430 9432 5135
3 9430 5135 9431
3 5157 5151 5140
3 5157 5140 9432
3 9431 5136 9434
3 9431 9434 9433
3 9436 9422 9433
3 9436 9433 9434
3 9435 9434 5136
3 9435 5136 5133
3 9435 9437 9436
3 9435 9436 9434
3 9437 9438 9419
3 9437 9419 9436
3 9437 3276 9439
3 9437 9439 9438
3 9435 3274 3276
3 9435 3276 9437
3 9439 9412 9416
3 9439 9416 9438
3 9439 3277 9410
3 9439 9410 9412
3 3272 3274 9435
3 3272 9435 5133
3 3277 3279 9406
3 3277 9406 9410
3 4784 9440 4902
3 4784 4902 9441
3 4788 9441 4898
3 4788 4898 9442
3 4792 9442 4894
3 4792 4894 9443
3 4796 9443 4890
3 4796 4890 9444
3 4800 9444 4886
3 4800 4886 9445
3 4804 9445 4880
3 4804 4880 4878
3 4816 4875 4868
3 4816 4868 9446
3 4818 4816 9446
3 4818 9446 9447
3 9447 9446 4862
3 9447 4862 4859
3 4820 4818 9447
3 4820 9447 9448
3 9448 9447 4859
3 9448 4859 4857
3 9451 4820 9448
3 9451 9448 9449
3 9449 9448 4857
3 9449 4857 4855
3 4830 9451 9449
3 4830 9449 9450
3 9450 9449 4855
3 9450 4855 9452
3 9450 9452 4841
3 9450 4841 4834
3 4768 9454 4592
3 4768 4592 9453
3 4764 4762 4597
3 4764 4597 9454
3 4692 4726 4719
3 4692 4719 9455
3 3917 3919 4656
3 3917 4656 4658
3 3919 3921 9456
3 3919 9456 4656
3 3921 3924 4647
3 3921 4647 9456
3 3924 3927 4645
3 3924 4645 4647
3 3927 3930 4643
3 3927 4643 4645
3 3930 3933 4639
3 3930 4639 4643
3 9457 3693 9458
3 9457 9458 9459
3 9458 3693 3689
3 9458 3689 9460
3 9458 3665 9462
3 9458 9462 9459
3 9458 9460 3668
3 9458 3668 3665
3 3681 3678 9460
3 3681 9460 3689
3 3678 3670 3668
3 3678 3668 9460
3 9457 9459 9461
3 9457 9461 9464
3 9463 9461 9459
3 9463 9459 9462
3 9463 9462 3666
3 9463 3666 1836
3 1840 9465 9461
3 1840 9461 9463
3 9464 9461 9465
3 9464 9465 9467
3 9465 1840 1842
3 9465 1842 9466
3 9465 9466 1869
3 9465 1869 9467
3 9464 9467 1870
3 9464 1870 9469
3 9468 1866 1869
3 9468 1869 9466
3 1842 1844 9468
3 1842 9468 9466
3 1866 9468 1855
3 1866 1855 1858
3 9468 1844 1847
3 9468 1847 1855
3 9469 3692 9457
3 9469 9457 9464
3 9470 3371 9471
3 9470 9471 3406
3 9471 3374 3378
3 9471 3378 3403
3 9473 9472 3386
3 9473 3386 3384
3 1032 1034 9472
3 1032 9472 9473
3 1019 1032 9473
3 1019 9473 1017
3 1017 9473 3384
3 1017 3384 1015
3 3250 3289 3287
3 3250 3287 9474
3 3287 3270 3263
3 3287 3263 9474
3 3132 3135 3156
3 3132 3156 3158
3 3135 3137 3154
3 3135 3154 3156
3 2939 2942 3059
3 2939 3059 3061
3 2942 2944 9475
3 2942 9475 3059
3 2944 2946 3049
3 2944 3049 9475
3 2946 2949 3047
3 2946 3047 3049
3 2949 2951 3045
3 2949 3045 3047
3 2951 2953 9476
3 2951 9476 3045
3 2953 2955 3035
3 2953 3035 9476
3 2955 2958 3033
3 2955 3033 3035
3 2958 2960 3031
3 2958 3031 3033
3 2960 2962 9477
3 2960 9477 3031
3 2962 2964 3021
3 2962 3021 9477
3 2964 2967 3019
3 2964 3019 3021
3 2967 2969 3017
3 2967 3017 3019
3 2969 2971 9478
3 2969 9478 3017
3 2971 2973 3007
3 2971 3007 9478
3 2973 2976 3005
3 2973 3005 3007
3 2976 2978 2984
3 2976 2984 3005
3 2769 2771 2866
3 2769 2866 2868
3 2838 2836 1513
3 2838 1513 1510
3 2836 1519 1515
3 2836 1515 1513
3 2708 2737 2730
3 2708 2730 9479
3 2609 2611 2681
3 2609 2681 2683
3 1591 1589 1581
3 1591 1581 2636
3 1597 1592 2635
3 1597 2635 2629
3 9480 1598 2628
3 9480 2628 2622
3 9480 9481 1600
3 9480 1600 1598
3 9481 9480 2621
3 9481 2621 9482
3 9484 1605 9481
3 9484 9481 9482
3 9483 9486 9484
3 9483 9484 9482
3 9483 9482 2621
3 9483 2621 2615
3 9484 9485 1607
3 9484 1607 1605
3 9485 9484 9486
3 9485 9486 9488
3 9486 9483 2614
3 9486 2614 9487
3 2575 9488 9486
3 2575 9486 9487
3 2571 9489 9485
3 2571 9485 9488
3 2579 9487 2614
3 2579 2614 2612
3 1610 1607 9485
3 1610 9485 9489
3 2567 1613 1610
3 2567 1610 9489
3 2528 1661 1653
3 2528 1653 9490
3 2039 2045 2018
3 2039 2018 2021
3 2018 2045 1924
3 2018 1924 1926
3 2012 2015 1933
3 2012 1933 9491
3 2010 2012 9491
3 2010 9491 1948
3 1658 1660 1358
3 1658 1358 1360
3 1656 1658 1360
3 1656 1360 1362
3 1648 1650 1365
3 1648 1365 1367
3 1646 1648 1367
3 1646 1367 1369
3 1609 1612 1401
3 1609 1401 1403
3 1602 1609 1403
3 1602 1403 1405
3 921 924 937
3 921 937 1458
3 1379 9493 1438
3 1379 1438 9494
3 1383 9494 1434
3 1383 1434 9495
3 1387 9495 1430
3 1387 1430 9496
3 1391 9496 1426
3 1391 1426 9497
3 1395 9497 1422
3 1395 1422 9498
3 1049 9500 1069
3 1049 1069 9499
3 9503 9502 1064
3 9503 1064 9501
3 9503 581 583
3 9503 583 9502
3 581 9503 9504
3 581 9504 9507
3 9505 9504 9503
3 9505 9503 9501
3 9504 9505 9573
3 9504 9573 9506
3 9508 9507 9504
3 9508 9504 9506
3 9508 9509 580
3 9508 580 9507
3 9509 9508 9510
3 9509 9510 9513
3 9511 9510 9508
3 9511 9508 9506
3 9510 9511 9518
3 9510 9518 9512
3 9514 9513 9510
3 9514 9510 9512
3 9514 547 9515
3 9514 9515 9513
3 9515 9516 9509
3 9515 9509 9513
3 9515 551 574
3 9515 574 9516
3 575 580 9509
3 575 9509 9516
3 9517 543 9514
3 9517 9514 9512
3 9517 9512 9518
3 9517 9518 9520
3 9519 9518 9511
3 9519 9511 9575
3 9518 9519 9522
3 9518 9522 9520
3 9521 539 9517
3 9521 9517 9520
3 9521 9520 9522
3 9521 9522 9524
3 9523 9522 9519
3 9523 9519 9576
3 9522 9523 9526
3 9522 9526 9524
3 9525 535 9521
3 9525 9521 9524
3 9525 9524 9526
3 9525 9526 9528
3 9527 9526 9523
3 9527 9523 9613
3 9526 9527 9530
3 9526 9530 9528
3 9529 531 9525
3 9529 9525 9528
3 9529 9528 9530
3 9529 9530 9532
3 9531 9530 9527
3 9531 9527 9614
3 9530 9531 9534
3 9530 9534 9532
3 9533 527 9529
3 9533 9529 9532
3 9533 9532 9534
3 9533 9534 9536
3 9535 9534 9531
3 9535 9531 9615
3 9534 9535 9538
3 9534 9538 9536
3 9537 523 9533
3 9537 9533 9536
3 9537 9536 9538
3 9537 9538 9539
3 9539 9538 9540
3 9539 9540 9541
3 9540 9538 9535
3 9540 9535 9543
3 9541 9540 9542
3 9541 9542 929
3 9542 9540 9543
3 9542 9543 9545
3 9535 9615 9544
3 9535 9544 9543
3 9543 9544 9546
3 9543 9546 9545
3 9545 9546 9550
3 9545 9550 9547
3 9548 9542 9545
3 9548 9545 9547
3 9548 9547 9549
3 9548 9549 9607
3 9550 9551 9549
3 9550 9549 9547
3 9551 9550 9552
3 9551 9552 9554
3 9550 9546 9555
3 9550 9555 9552
3 9555 9556 9553
3 9555 9553 9552
3 9552 9553 9608
3 9552 9608 9554
3 9557 9559 9556
3 9557 9556 9555
3 9546 9544 9557
3 9546 9557 9555
3 9557 9558 9561
3 9557 9561 9559
3 9558 9557 9544
3 9558 9544 9615
3 9560 9611 9556
3 9560 9556 9559
3 9561 9563 9560
3 9561 9560 9559
3 9561 9562 9565
3 9561 9565 9563
3 9562 9561 9558
3 9562 9558 9614
3 9564 9579 9560
3 9564 9560 9563
3 9565 9567 9564
3 9565 9564 9563
3 9565 9566 9569
3 9565 9569 9567
3 9566 9565 9562
3 9566 9562 9613
3 9568 9577 9564
3 9568 9564 9567
3 9569 9571 9568
3 9569 9568 9567
3 9569 9570 9572
3 9569 9572 9571
3 9570 9569 9566
3 9570 9566 9576
3 1060 1057 9568
3 1060 9568 9571
3 9572 9574 1060
3 9572 1060 9571
3 9572 9573 9505
3 9572 9505 9574
3 9573 9572 9570
3 9573 9570 9575
3 9505 9501 1059
3 9505 1059 9574
3 9511 9506 9573
3 9511 9573 9575
3 9519 9575 9570
3 9519 9570 9576
3 9523 9576 9566
3 9523 9566 9613
3 9577 9568 1057
3 9577 1057 1055
3 9579 9564 9577
3 9579 9577 9578
3 9577 1055 9581
3 9577 9581 9578
3 9579 9578 9580
3 9579 9580 9612
3 9581 9582 9580
3 9581 9580 9578
3 9582 9581 1051
3 9582 1051 9583
3 9585 9580 9582
3 9585 9582 9584
3 9582 9583 1037
3 9582 1037 9584
3 9585 9584 1038
3 9585 1038 9587
3 9580 9585 9586
3 9580 9586 9612
3 9589 9586 9585
3 9589 9585 9587
3 9587 1038 1035
3 9587 1035 9588
3 9591 9589 9587
3 9591 9587 9588
3 9610 9586 9589
3 9610 9589 9590
3 9590 9589 9591
3 9590 9591 9593
3 9592 9591 9588
3 9592 9588 9609
3 9591 9592 9595
3 9591 9595 9593
3 9594 9608 9590
3 9594 9590 9593
3 9594 9593 9595
3 9594 9595 9596
3 9596 9595 9597
3 9596 9597 9598
3 9597 9595 9592
3 9597 9592 9599
3 9598 9597 965
3 9598 965 959
3 965 9597 9599
3 965 9599 9600
3 9592 9609 1029
3 9592 1029 9599
3 9599 1029 1026
3 9599 1026 9600
3 9600 1026 972
3 9600 972 966
3 958 9601 9596
3 958 9596 9598
3 9601 9603 9594
3 9601 9594 9596
3 9604 9603 9601
3 9604 9601 9602
3 9602 9601 958
3 9602 958 952
3 9551 9554 9603
3 9551 9603 9604
3 9608 9594 9603
3 9608 9603 9554
3 951 9605 9604
3 951 9604 9602
3 9605 9549 9551
3 9605 9551 9604
3 9607 9549 9605
3 9607 9605 9606
3 9606 9605 951
3 9606 951 945
3 944 933 9607
3 944 9607 9606
3 933 931 9548
3 933 9548 9607
3 9608 9553 9610
3 9608 9610 9590
3 9588 1035 1028
3 9588 1028 9609
3 9611 9612 9586
3 9611 9586 9610
3 9553 9556 9611
3 9553 9611 9610
3 9611 9560 9579
3 9611 9579 9612
3 9527 9613 9562
3 9527 9562 9614
3 9531 9614 9558
3 9531 9558 9615
3 9542 9548 931
3 9542 931 929
3 928 516 9539
3 928 9539 9541
3 516 519 9537
3 516 9537 9539
3 1022 1009 987
3 1022 987 980
3 505 511 907
3 505 907 9616
3 462 9617 553
3 462 553 9618
3 466 9618 549
3 466 549 9619
3 470 9619 545
3 470 545 9620
3 474 9620 541
3 474 541 9621
3 478 9621 537
3 478 537 9622
3 482 9622 533
3 482 533 9623
3 486 9623 529
3 486 529 9624
3 490 9624 525
3 490 525 9625
3 494 9625 521
3 494 521 9626
