ply
format ascii 1.0
element vertex 6150
property float x
property float y
property float z
element face 12296
property list uchar int vertex_index
end_header
-0.120268 4.552281 0.237378
-0.112459 4.550787 0.237199
-0.128679 4.552866 0.238980
-0.120726 4.563723 0.244849
-0.119431 4.544431 0.230124
-0.111976 4.542808 0.229902
-0.127396 4.544972 0.231521
-0.135699 4.544253 0.234174
-0.137488 4.552054 0.242799
-0.143840 4.541805 0.238109
-0.146208 4.549564 0.248021
-0.152025 4.538113 0.242531
-0.155300 4.546239 0.253950
-0.154647 4.535811 0.242989
-0.160232 4.533006 0.246179
-0.158926 4.531201 0.241834
-0.165561 4.523658 0.240482
-0.169972 4.528744 0.251634
-0.166498 4.521843 0.239511
-0.173393 4.517015 0.243355
-0.171221 4.515758 0.237990
-0.176092 4.507398 0.236153
-0.182554 4.511162 0.248507
-0.176222 4.506401 0.235314
-0.183804 4.500731 0.239806
-0.176792 4.498360 0.227213
-0.176773 4.497433 0.226290
-0.183631 4.491308 0.230382
-0.177052 4.489528 0.218629
-0.177032 4.488082 0.217194
-0.183308 4.482083 0.220981
-0.177404 4.480671 0.210068
-0.177694 4.479088 0.208570
-0.184977 4.473277 0.212472
-0.179577 4.471748 0.201431
-0.179929 4.470902 0.200649
-0.188477 4.464626 0.204537
-0.184156 4.463341 0.194091
-0.184626 4.462570 0.193258
-0.192701 4.456422 0.196110
-0.190359 4.455461 0.189293
-0.193739 4.451640 0.186875
-0.197949 4.448439 0.188040
-0.197198 4.448078 0.185006
-0.204679 4.440761 0.181784
-0.207410 4.442099 0.189788
-0.205950 4.439257 0.180689
-0.213053 4.433871 0.182351
-0.212484 4.433308 0.177782
-0.216659 4.428653 0.175276
-0.220316 4.425383 0.176561
-0.220644 4.425011 0.173515
-0.225817 4.419803 0.170951
-0.228927 4.416743 0.172106
-0.229648 4.416388 0.169322
-0.233805 4.411513 0.166961
-0.236867 4.407538 0.168172
-0.238737 4.406911 0.164747
-0.240868 4.403782 0.163252
-0.243784 4.397289 0.163956
-0.246393 4.396188 0.159339
-0.245213 4.386924 0.157871
-0.243675 4.388160 0.163374
-0.239484 4.379235 0.155551
-0.239575 4.379977 0.162243
-0.231622 4.371912 0.155040
-0.233495 4.372821 0.162574
-0.223408 4.364900 0.156196
-0.226905 4.366235 0.164353
-0.216424 4.359200 0.159387
-0.220321 4.360448 0.167214
-0.210070 4.354070 0.163419
-0.214052 4.355388 0.170997
-0.203644 4.349893 0.168391
-0.207636 4.351360 0.175661
-0.197111 4.346189 0.174343
-0.201116 4.347935 0.181131
-0.189966 4.343536 0.180720
-0.193948 4.345502 0.187047
-0.181815 4.342103 0.187320
-0.185932 4.344248 0.193348
-0.173161 4.341581 0.193718
-0.177369 4.343799 0.199700
-0.163612 4.341918 0.200065
-0.167932 4.344255 0.206061
-0.153512 4.343102 0.206170
-0.157981 4.345560 0.212279
-0.143045 4.345185 0.211739
-0.147776 4.347667 0.218295
-0.132621 4.347936 0.216907
-0.137556 4.350547 0.224195
-0.122444 4.351063 0.221605
-0.127265 4.354038 0.229710
-0.112789 4.354472 0.225485
-0.117274 4.358001 0.234602
-0.103435 4.357842 0.228581
-0.107613 4.362364 0.238550
-0.095377 4.360713 0.230184
-0.098466 4.366675 0.240875
-0.088336 4.362904 0.230619
-0.090577 4.370110 0.241328
-0.081502 4.365074 0.230256
-0.083523 4.372850 0.240677
-0.074943 4.367433 0.229273
-0.076439 4.375663 0.239407
-0.068748 4.369829 0.227534
-0.070026 4.378489 0.237172
-0.063027 4.372595 0.224873
-0.064013 4.381535 0.234003
-0.058501 4.375789 0.221042
-0.058997 4.384724 0.230019
-0.054949 4.379321 0.216430
-0.055189 4.388214 0.225078
-0.052960 4.383091 0.211153
-0.053093 4.392099 0.219198
-0.052750 4.389896 0.207353
-0.052653 4.396112 0.212585
-0.053799 4.396985 0.203158
-0.053971 4.400230 0.205626
-0.055519 4.403996 0.199356
-0.055821 4.405389 0.199329
-0.056755 4.414261 0.205454
-0.058567 4.417588 0.199521
-0.059159 4.420261 0.199461
-0.060052 4.427849 0.204585
-0.061331 4.430477 0.199815
-0.062514 4.436768 0.199845
-0.063073 4.440821 0.202576
-0.063115 4.441077 0.202145
-0.064416 4.449905 0.207109
-0.064223 4.449073 0.208565
-0.065874 4.458461 0.212141
-0.065325 4.457071 0.214789
-0.067560 4.466933 0.217364
-0.066467 4.464967 0.221661
-0.069157 4.475606 0.222820
-0.067321 4.473208 0.228616
-0.069395 4.476732 0.223012
-0.069957 4.484233 0.230448
-0.071100 4.486114 0.226934
-0.071749 4.489865 0.228531
-0.071902 4.495275 0.234947
-0.073211 4.497250 0.231824
-0.073669 4.500153 0.233163
-0.073552 4.506547 0.240436
-0.075412 4.508814 0.237203
-0.075577 4.509937 0.237758
-0.074633 4.519107 0.246690
-0.077650 4.515914 0.237483
-0.077368 4.521441 0.243208
-0.080433 4.521532 0.237298
-0.080529 4.523919 0.240115
-0.083549 4.526667 0.237458
-0.083893 4.527762 0.237970
-0.083233 4.537290 0.246336
-0.088156 4.531154 0.235511
-0.087896 4.540298 0.243847
-0.093063 4.534494 0.233373
-0.092998 4.543172 0.241436
-0.098815 4.537618 0.231692
-0.098901 4.545969 0.239472
-0.105145 4.540407 0.230508
-0.105348 4.548611 0.238030
-0.104628 4.560844 0.245736
-0.097979 4.558515 0.247641
-0.112287 4.562599 0.244628
-0.103996 4.570371 0.250613
-0.112028 4.570868 0.248857
-0.103251 4.579867 0.254410
-0.097032 4.568429 0.253102
-0.095868 4.577741 0.256930
-0.090938 4.565796 0.255523
-0.089540 4.575231 0.259665
-0.092048 4.555849 0.249933
-0.085084 4.563118 0.257943
-0.086358 4.553160 0.252300
-0.083752 4.572657 0.262437
-0.080072 4.560453 0.260600
-0.078548 4.570129 0.265236
-0.075556 4.557833 0.263304
-0.081358 4.550417 0.254888
-0.077268 4.547768 0.257634
-0.079470 4.534742 0.249235
-0.073397 4.545322 0.260559
-0.071650 4.555265 0.266163
-0.069871 4.542850 0.263592
-0.075553 4.533237 0.252667
-0.072337 4.531755 0.256295
-0.069461 4.529889 0.259894
-0.067074 4.527661 0.263467
-0.071926 4.517550 0.250435
-0.067134 4.540186 0.266764
-0.064927 4.537677 0.270058
-0.064806 4.550120 0.272339
-0.067782 4.552652 0.269087
-0.062579 4.547668 0.276017
-0.062624 4.560177 0.277747
-0.065929 4.562601 0.274342
-0.060817 4.570372 0.282861
-0.060211 4.557827 0.281444
-0.058058 4.568188 0.286561
-0.058405 4.555591 0.285433
-0.057432 4.553488 0.289647
-0.060893 4.545315 0.279828
-0.056124 4.566013 0.290618
-0.054322 4.576498 0.295492
-0.055029 4.563947 0.294915
-0.053282 4.574478 0.299839
-0.055475 4.562064 0.299509
-0.053920 4.572671 0.304364
-0.057805 4.560596 0.303978
-0.057601 4.551534 0.294260
-0.059411 4.549969 0.299007
-0.060240 4.541153 0.288449
-0.059980 4.543101 0.284006
-0.062861 4.530963 0.282377
-0.061841 4.539501 0.293161
-0.064944 4.538336 0.297806
-0.064171 4.529245 0.287020
-0.066758 4.527826 0.291893
-0.066000 4.519068 0.280477
-0.068180 4.517478 0.285424
-0.066411 4.508788 0.273288
-0.064655 4.520920 0.275618
-0.064517 4.523003 0.271175
-0.065498 4.510734 0.268151
-0.065356 4.500737 0.260202
-0.065691 4.512782 0.263312
-0.067424 4.514395 0.258603
-0.066684 4.502383 0.254478
-0.068606 4.503534 0.249465
-0.067197 4.492015 0.245454
-0.067551 4.482440 0.236819
-0.069657 4.493377 0.239758
-0.064947 4.490788 0.251934
-0.064406 4.488947 0.258349
-0.064873 4.481029 0.243552
-0.064584 4.471611 0.235813
-0.063083 4.479450 0.251029
-0.063874 4.477135 0.258140
-0.062090 4.470118 0.243939
-0.061136 4.461078 0.237272
-0.061903 4.467748 0.251771
-0.064443 4.464942 0.259260
-0.060332 4.458519 0.245473
-0.058787 4.449335 0.239295
-0.062287 4.455517 0.253202
-0.066239 4.452554 0.260269
-0.060259 4.446183 0.247098
-0.063665 4.442984 0.254347
-0.057908 4.436641 0.241097
-0.057020 4.439981 0.233134
-0.055791 4.426901 0.234785
-0.061129 4.433326 0.248421
-0.065750 4.430094 0.255084
-0.058634 4.423335 0.242224
-0.056007 4.413233 0.235421
-0.062885 4.420007 0.248733
-0.068271 4.416893 0.254465
-0.059577 4.409692 0.241812
-0.064547 4.406416 0.247423
-0.056187 4.399063 0.234227
-0.053208 4.402739 0.227977
-0.060624 4.395542 0.239712
-0.066399 4.392359 0.244123
-0.070790 4.403328 0.252354
-0.073135 4.389323 0.247715
-0.077755 4.400424 0.256617
-0.080191 4.386359 0.250383
-0.085164 4.397553 0.259957
-0.087430 4.383222 0.252301
-0.095270 4.379213 0.253518
-0.092930 4.394239 0.262489
-0.097862 4.405203 0.271761
-0.101931 4.389102 0.264357
-0.112772 4.380030 0.263279
-0.111042 4.399291 0.275860
-0.113688 4.411736 0.283888
-0.129156 4.397477 0.285217
-0.122773 4.385277 0.273010
-0.133262 4.374539 0.268777
-0.136796 4.385755 0.281613
-0.145548 4.375568 0.276689
-0.151188 4.384782 0.289413
-0.165205 4.383581 0.296716
-0.145391 4.395225 0.293258
-0.158387 4.375534 0.284189
-0.171534 4.375031 0.291516
-0.165978 4.368064 0.277786
-0.154055 4.367584 0.270269
-0.173732 4.362022 0.270922
-0.178323 4.367847 0.285195
-0.190641 4.367400 0.292429
-0.185452 4.362145 0.278441
-0.192832 4.357479 0.271437
-0.197285 4.361825 0.285790
-0.204336 4.357199 0.278850
-0.209013 4.361313 0.292927
-0.220656 4.360476 0.300030
-0.202755 4.366635 0.299538
-0.215600 4.356718 0.286093
-0.226937 4.356061 0.293275
-0.222463 4.352882 0.279262
-0.229585 4.349870 0.272387
-0.211627 4.353270 0.272029
-0.233527 4.352332 0.286447
-0.240229 4.349325 0.279621
-0.244550 4.351606 0.293579
-0.238254 4.355148 0.300401
-0.250984 4.348762 0.286836
-0.255646 4.350685 0.300671
-0.249532 4.354107 0.307421
-0.261778 4.347994 0.293996
-0.266663 4.349668 0.307695
-0.272598 4.347030 0.301096
-0.260757 4.353049 0.314368
-0.277637 4.348630 0.314653
-0.271872 4.351851 0.321250
-0.283392 4.346065 0.308123
-0.288581 4.347474 0.321555
-0.283002 4.350566 0.328085
-0.294166 4.345075 0.315063
-0.299485 4.346264 0.328413
-0.294010 4.349244 0.334887
-0.304899 4.344050 0.321915
-0.310241 4.345087 0.335163
-0.321085 4.343745 0.341857
-0.315495 4.343018 0.328675
-0.304974 4.347975 0.341619
-0.316040 4.346409 0.348304
-0.299951 4.351453 0.347899
-0.288716 4.353015 0.341207
-0.295189 4.355585 0.353895
-0.311195 4.349853 0.354528
-0.322384 4.347914 0.361154
-0.306577 4.353753 0.360505
-0.317982 4.351847 0.367075
-0.302280 4.358603 0.366003
-0.290742 4.360577 0.359466
-0.313819 4.356552 0.372520
-0.298373 4.364216 0.370901
-0.286748 4.366314 0.364454
-0.309992 4.361990 0.377348
-0.294914 4.370637 0.375059
-0.306596 4.368279 0.381393
-0.283239 4.372942 0.368696
-0.292064 4.377625 0.378258
-0.289695 4.384953 0.380828
-0.303771 4.374948 0.384531
-0.280356 4.380102 0.372007
-0.268635 4.382631 0.365686
-0.277985 4.387758 0.374714
-0.276398 4.395746 0.377281
-0.266245 4.390486 0.368534
-0.254323 4.393141 0.362318
-0.264687 4.398692 0.371243
-0.264082 4.406756 0.373931
-0.252825 4.401624 0.365085
-0.241033 4.404534 0.358677
-0.252436 4.409986 0.367992
-0.252930 4.418208 0.371195
-0.240773 4.413205 0.361886
-0.228850 4.416389 0.355530
-0.241238 4.421670 0.365309
-0.242367 4.429950 0.369114
-0.229400 4.425182 0.359278
-0.217572 4.428636 0.353119
-0.230524 4.433712 0.363326
-0.232435 4.441930 0.367703
-0.218714 4.437504 0.357379
-0.206977 4.441343 0.351359
-0.220673 4.446008 0.361996
-0.223085 4.454301 0.366851
-0.208784 4.450202 0.356144
-0.196988 4.454489 0.350303
-0.211299 4.458684 0.361254
-0.214170 4.466963 0.366564
-0.199506 4.463294 0.355657
-0.187752 4.468028 0.350071
-0.202459 4.471694 0.361178
-0.205893 4.479794 0.366855
-0.190892 4.476672 0.355917
-0.179395 4.481850 0.350833
-0.194421 4.484981 0.361951
-0.198215 4.492496 0.367698
-0.182880 4.490291 0.357017
-0.171467 4.495927 0.352425
-0.186886 4.498151 0.363142
-0.191630 4.505667 0.369175
-0.175821 4.504074 0.358978
-0.164477 4.510314 0.354950
-0.180661 4.511739 0.365342
-0.186503 4.519526 0.371045
-0.170095 4.518153 0.361822
-0.159516 4.524940 0.358729
-0.176541 4.525995 0.368264
-0.183297 4.533889 0.372500
-0.166881 4.532762 0.365755
-0.157737 4.539786 0.363750
-0.174470 4.540859 0.370962
-0.181520 4.548341 0.372485
-0.165850 4.548055 0.369446
-0.157766 4.555644 0.368415
-0.173509 4.555907 0.371793
-0.180349 4.562757 0.371323
-0.165975 4.563640 0.371275
-0.158600 4.571578 0.370726
-0.173120 4.570758 0.371118
-0.179430 4.576872 0.368870
-0.165966 4.578914 0.370879
-0.158731 4.587001 0.369871
-0.172380 4.585127 0.368394
-0.177783 4.590156 0.364165
-0.165105 4.593220 0.367304
-0.157788 4.601229 0.365837
-0.170490 4.598232 0.363011
-0.174946 4.602357 0.357712
-0.163157 4.606224 0.361563
-0.156297 4.614311 0.360125
-0.167786 4.610350 0.356438
-0.171572 4.613670 0.350478
-0.161007 4.618310 0.355007
-0.154720 4.626420 0.353721
-0.164920 4.621549 0.349199
-0.167864 4.623906 0.342673
-0.158709 4.629630 0.348156
-0.152718 4.637755 0.347049
-0.161662 4.631885 0.341744
-0.163334 4.633021 0.334459
-0.155954 4.640056 0.340977
-0.150212 4.648205 0.340211
-0.157610 4.641148 0.333896
-0.157862 4.641022 0.326308
-0.152252 4.649444 0.333549
-0.146664 4.657579 0.333341
-0.152501 4.649274 0.326258
-0.151348 4.648001 0.318950
-0.147241 4.657704 0.326640
-0.142390 4.666722 0.327689
-0.146688 4.657278 0.320004
-0.144760 4.656533 0.313715
-0.141839 4.666545 0.321477
-0.136894 4.675478 0.323053
-0.140348 4.666041 0.315553
-0.138311 4.665646 0.309889
-0.135676 4.675581 0.317970
-0.130590 4.684972 0.320629
-0.133607 4.675331 0.312620
-0.131064 4.675054 0.307671
-0.128685 4.684821 0.315937
-0.123253 4.693930 0.319497
-0.126304 4.684629 0.311542
-0.123363 4.684122 0.307427
-0.121379 4.694041 0.315428
-0.118522 4.693500 0.311897
-0.115619 4.701993 0.319270
-0.117308 4.701849 0.323061
-0.109658 4.708836 0.323111
-0.113284 4.701593 0.315984
-0.110213 4.700504 0.313155
-0.107525 4.708284 0.320221
-0.101605 4.713726 0.324391
-0.104813 4.707122 0.317542
-0.102205 4.705600 0.315650
-0.099267 4.712769 0.321884
-0.093494 4.718093 0.325955
-0.097016 4.711486 0.320111
-0.091491 4.717117 0.324413
-0.094568 4.710069 0.318443
-0.091804 4.708313 0.317153
-0.099174 4.703753 0.313914
-0.089294 4.715983 0.322789
-0.086887 4.714256 0.321347
-0.083870 4.719973 0.326344
-0.085663 4.721250 0.327905
-0.078704 4.722407 0.329099
-0.081890 4.718454 0.324957
-0.077269 4.720360 0.327579
-0.080065 4.716947 0.323777
-0.079109 4.714322 0.322253
-0.084809 4.712271 0.320188
-0.076112 4.718263 0.325935
-0.072527 4.717782 0.327112
-0.076101 4.713930 0.323366
-0.078212 4.707489 0.319649
-0.072990 4.712258 0.324055
-0.074609 4.705614 0.320393
-0.069407 4.710789 0.325256
-0.065844 4.709668 0.326726
-0.071060 4.704100 0.321699
-0.068993 4.717047 0.328521
-0.069554 4.720623 0.330748
-0.065619 4.716190 0.329998
-0.066209 4.720142 0.332532
-0.062267 4.715323 0.331610
-0.062959 4.719808 0.334470
-0.059546 4.714960 0.333760
-0.062523 4.708741 0.328675
-0.059251 4.708055 0.330696
-0.063315 4.701439 0.325514
-0.059860 4.700633 0.327547
-0.064470 4.693732 0.322185
-0.066854 4.702404 0.323515
-0.068488 4.695039 0.320168
-0.070199 4.687668 0.316574
-0.073011 4.696824 0.318173
-0.077017 4.698711 0.316598
-0.074755 4.689621 0.314545
-0.076473 4.682563 0.310557
-0.079398 4.691635 0.312537
-0.084080 4.694147 0.311591
-0.081462 4.684775 0.308507
-0.083432 4.677872 0.304487
-0.086862 4.687551 0.307362
-0.091280 4.690145 0.306946
-0.089147 4.680537 0.302958
-0.091096 4.672970 0.298177
-0.094297 4.683186 0.302243
-0.099266 4.685556 0.302480
-0.096885 4.675547 0.297318
-0.098917 4.667662 0.292394
-0.102159 4.677723 0.297411
-0.106877 4.679522 0.298221
-0.104732 4.669681 0.292310
-0.106837 4.660987 0.287195
-0.110193 4.671095 0.293023
-0.112588 4.662147 0.287939
-0.115212 4.672163 0.294526
-0.111585 4.681160 0.299800
-0.118188 4.662934 0.289384
-0.119827 4.672978 0.296688
-0.123421 4.663291 0.291583
-0.124093 4.673635 0.299435
-0.115779 4.682354 0.301811
-0.119908 4.683280 0.304295
-0.111369 4.691152 0.306554
-0.115164 4.692599 0.308870
-0.107579 4.689514 0.304574
-0.106886 4.699013 0.311041
-0.103336 4.697123 0.309330
-0.099751 4.695056 0.308079
-0.095918 4.701755 0.312602
-0.103502 4.687769 0.303308
-0.095609 4.692653 0.307204
-0.092115 4.699376 0.311700
-0.088768 4.706110 0.316051
-0.088225 4.696865 0.311336
-0.085052 4.703337 0.315367
-0.081803 4.709679 0.319282
-0.081144 4.700797 0.315694
-0.127906 4.674391 0.303242
-0.127972 4.663618 0.294813
-0.131437 4.653228 0.291429
-0.132133 4.664388 0.299382
-0.135474 4.665016 0.304341
-0.135575 4.653971 0.296441
-0.138572 4.643308 0.294117
-0.139222 4.654857 0.301921
-0.142280 4.655780 0.307879
-0.142443 4.644249 0.299907
-0.145719 4.633540 0.298282
-0.146108 4.645462 0.306042
-0.148995 4.646539 0.312017
-0.149982 4.635272 0.304730
-0.154143 4.625309 0.303854
-0.153669 4.637312 0.311195
-0.156408 4.639602 0.318611
-0.158581 4.628379 0.311064
-0.163680 4.619710 0.310880
-0.161642 4.631198 0.318625
-0.163338 4.632825 0.326573
-0.167135 4.622899 0.318739
-0.172665 4.614537 0.319045
-0.169000 4.624588 0.326972
-0.169249 4.624944 0.335093
-0.174761 4.616383 0.327428
-0.180983 4.608225 0.327860
-0.175315 4.616914 0.335774
-0.174161 4.615937 0.343573
-0.181944 4.608941 0.336458
-0.188707 4.600855 0.336970
-0.181039 4.608026 0.344537
-0.178636 4.605753 0.351665
-0.188066 4.600029 0.345296
-0.195219 4.591936 0.345956
-0.185866 4.597788 0.352653
-0.182320 4.594388 0.358902
-0.193014 4.589598 0.353413
-0.199967 4.581266 0.353888
-0.189324 4.586143 0.359598
-0.184845 4.581936 0.364863
-0.196306 4.577837 0.360092
-0.203214 4.569511 0.360404
-0.191753 4.573631 0.365134
-0.186506 4.568718 0.369084
-0.198814 4.565380 0.365399
-0.206157 4.557425 0.365934
-0.193701 4.560553 0.369268
-0.187836 4.554862 0.371616
-0.201350 4.552805 0.370027
-0.209445 4.545350 0.371027
-0.195836 4.547204 0.372440
-0.189918 4.541005 0.373738
-0.204252 4.540000 0.373790
-0.213333 4.533373 0.375961
-0.198666 4.533963 0.375262
-0.192735 4.527093 0.374486
-0.208078 4.527355 0.377440
-0.218005 4.521308 0.380582
-0.202475 4.520594 0.376859
-0.196837 4.513301 0.374103
-0.212789 4.514502 0.380070
-0.223382 4.508831 0.383569
-0.207642 4.507280 0.377584
-0.202622 4.499882 0.373104
-0.218518 4.501692 0.381324
-0.229826 4.496426 0.385332
-0.213948 4.494303 0.377243
-0.209726 4.487026 0.372270
-0.225371 4.489102 0.381438
-0.236873 4.484056 0.385978
-0.221272 4.481825 0.376867
-0.217601 4.474653 0.371836
-0.232768 4.476866 0.381651
-0.244384 4.471925 0.386191
-0.229101 4.469771 0.376750
-0.225929 4.462425 0.371911
-0.240822 4.464947 0.381733
-0.252503 4.460216 0.386618
-0.237651 4.457839 0.377187
-0.234728 4.450073 0.372283
-0.249454 4.453229 0.382237
-0.260745 4.448495 0.387026
-0.246583 4.445746 0.377610
-0.244170 4.438025 0.373251
-0.258009 4.441516 0.382758
-0.269672 4.436895 0.387792
-0.255737 4.433969 0.378675
-0.254014 4.426219 0.374802
-0.267348 4.429840 0.383973
-0.278876 4.425396 0.389183
-0.265688 4.422368 0.380368
-0.264728 4.414637 0.377107
-0.277353 4.418403 0.385900
-0.289002 4.414210 0.391269
-0.276350 4.411080 0.382786
-0.275915 4.403472 0.379880
-0.287897 4.407148 0.388279
-0.299756 4.403104 0.393920
-0.287625 4.400128 0.385664
-0.288143 4.392642 0.383281
-0.299744 4.396329 0.391609
-0.311085 4.392684 0.397248
-0.299805 4.389245 0.389164
-0.301321 4.382092 0.386941
-0.311695 4.385853 0.395091
-0.323476 4.382724 0.401011
-0.313362 4.379150 0.393026
-0.315618 4.372301 0.390646
-0.325050 4.376186 0.398992
-0.336530 4.373405 0.404846
-0.327418 4.369657 0.396557
-0.330260 4.363475 0.393707
-0.339153 4.367003 0.402480
-0.350901 4.364727 0.408277
-0.342103 4.361135 0.399700
-0.345385 4.355476 0.396023
-0.353941 4.358968 0.405509
-0.365444 4.357230 0.411176
-0.357157 4.353477 0.401909
-0.360617 4.348325 0.397356
-0.368793 4.351793 0.407556
-0.380056 4.350558 0.412864
-0.372235 4.346643 0.403022
-0.375679 4.341789 0.397475
-0.383589 4.345364 0.408229
-0.394656 4.344348 0.413066
-0.387006 4.340285 0.402636
-0.390299 4.335737 0.396309
-0.398052 4.339079 0.407427
-0.408860 4.338263 0.411909
-0.401415 4.334226 0.401053
-0.404770 4.329975 0.394217
-0.412179 4.333017 0.405529
-0.422741 4.331940 0.409737
-0.415736 4.328454 0.398567
-0.419537 4.325087 0.391514
-0.426420 4.327035 0.402742
-0.436838 4.325892 0.406891
-0.430359 4.323467 0.395599
-0.434592 4.321147 0.388565
-0.441100 4.322182 0.399754
-0.451471 4.321234 0.404040
-0.445550 4.319870 0.392835
-0.450220 4.318587 0.386209
-0.456190 4.318917 0.397222
-0.466676 4.318269 0.401851
-0.461073 4.317719 0.390831
-0.465868 4.317588 0.384951
-0.471739 4.317122 0.395657
-0.481862 4.316468 0.400652
-0.476524 4.316955 0.389938
-0.481062 4.317724 0.384756
-0.486803 4.316521 0.395157
-0.496626 4.315742 0.400301
-0.491311 4.317221 0.390083
-0.495462 4.318620 0.385440
-0.501166 4.316641 0.395465
-0.510687 4.315768 0.400864
-0.505407 4.318035 0.391006
-0.509218 4.320074 0.387098
-0.514877 4.317259 0.396533
-0.524206 4.316241 0.401922
-0.518746 4.319339 0.392722
-0.522109 4.322134 0.389764
-0.527957 4.318386 0.398273
-0.537037 4.316897 0.403301
-0.531328 4.321156 0.395358
-0.534241 4.324586 0.393323
-0.540306 4.319761 0.400458
-0.549202 4.318195 0.405398
-0.543212 4.323135 0.398275
-0.545541 4.327108 0.397159
-0.552005 4.321597 0.403265
-0.560818 4.319834 0.407875
-0.554271 4.325607 0.402137
-0.555888 4.330131 0.402090
-0.562984 4.323951 0.406830
-0.571782 4.322036 0.410987
-0.564669 4.328424 0.406662
-0.565663 4.333153 0.407719
-0.573413 4.326508 0.410801
-0.582365 4.324309 0.414137
-0.574457 4.331262 0.411726
-0.575000 4.336133 0.413818
-0.583526 4.329061 0.415020
-0.592685 4.326524 0.417756
-0.584265 4.333865 0.417112
-0.584743 4.338472 0.420068
-0.593708 4.331172 0.419674
-0.603424 4.328084 0.421811
-0.594524 4.335705 0.422464
-0.594905 4.340088 0.426384
-0.604325 4.332623 0.424653
-0.614326 4.329232 0.426251
-0.604916 4.336935 0.428563
-0.605291 4.340872 0.433274
-0.615235 4.333487 0.430046
-0.626149 4.329342 0.430751
-0.615850 4.337159 0.434879
-0.616234 4.340405 0.440375
-0.626908 4.332946 0.435665
-0.638793 4.328170 0.435790
-0.627342 4.336012 0.441354
-0.627391 4.338712 0.448039
-0.638997 4.331046 0.442035
-0.650964 4.325245 0.442574
-0.638837 4.333461 0.448870
-0.638747 4.335820 0.456000
-0.650611 4.327551 0.449674
-0.662052 4.321333 0.451072
-0.650206 4.329952 0.456925
-0.661315 4.323779 0.458407
-0.649804 4.331967 0.464489
-0.638887 4.338058 0.463585
-0.660380 4.325956 0.466118
-0.649740 4.333645 0.473161
-0.639272 4.339756 0.472050
-0.659898 4.327543 0.474767
-0.649798 4.334798 0.482969
-0.660146 4.328185 0.484343
-0.650022 4.335927 0.493502
-0.639417 4.341043 0.481780
-0.639159 4.342797 0.492360
-0.628643 4.347171 0.480389
-0.628415 4.345466 0.470946
-0.627894 4.349628 0.490424
-0.617674 4.353191 0.478147
-0.617263 4.351009 0.469274
-0.616504 4.356186 0.487443
-0.606106 4.359130 0.475289
-0.594296 4.364795 0.471794
-0.604941 4.362337 0.483669
-0.605981 4.356507 0.467101
-0.605556 4.353498 0.458975
-0.594642 4.361491 0.464090
-0.594618 4.358176 0.456280
-0.583300 4.366317 0.460257
-0.582796 4.369902 0.467827
-0.583525 4.362690 0.453013
-0.571913 4.371083 0.456208
-0.571253 4.374796 0.463276
-0.561003 4.375300 0.451461
-0.572429 4.367022 0.449124
-0.573071 4.362940 0.442534
-0.562076 4.370851 0.444785
-0.551771 4.374322 0.439624
-0.562932 4.366417 0.438336
-0.563705 4.361718 0.432256
-0.552906 4.369436 0.433534
-0.542706 4.372073 0.428171
-0.553874 4.364428 0.427759
-0.554870 4.359477 0.422285
-0.543817 4.366850 0.422785
-0.533502 4.369042 0.417661
-0.544983 4.361659 0.417650
-0.546086 4.356584 0.412645
-0.534815 4.363741 0.412563
-0.524648 4.365571 0.407392
-0.536139 4.358558 0.407775
-0.537385 4.353449 0.403325
-0.526037 4.360307 0.402807
-0.515506 4.361959 0.397575
-0.527444 4.355093 0.398349
-0.528525 4.349829 0.394281
-0.517171 4.356588 0.393155
-0.506371 4.357990 0.388023
-0.518539 4.351223 0.389083
-0.519407 4.345907 0.385636
-0.507765 4.352534 0.383937
-0.496424 4.353807 0.378961
-0.508680 4.347171 0.380479
-0.497463 4.348398 0.375523
-0.509019 4.341802 0.377824
-0.497876 4.343009 0.372844
-0.508588 4.336699 0.376357
-0.519675 4.340621 0.382955
-0.529343 4.339372 0.388155
-0.518986 4.335530 0.381555
-0.528681 4.334321 0.386809
-0.517557 4.330745 0.381198
-0.507408 4.331873 0.375877
-0.515390 4.326547 0.382089
-0.527261 4.329670 0.386642
-0.525012 4.325569 0.387644
-0.536561 4.328536 0.392174
-0.538119 4.333092 0.392230
-0.547160 4.331662 0.397250
-0.538846 4.338051 0.393566
-0.538864 4.343179 0.396037
-0.548030 4.336630 0.398596
-0.556811 4.334981 0.403272
-0.548135 4.341680 0.400989
-0.547775 4.346717 0.404253
-0.557204 4.339971 0.405508
-0.566085 4.338072 0.409883
-0.557040 4.344913 0.408697
-0.556524 4.349803 0.412620
-0.566104 4.342966 0.413023
-0.575174 4.340862 0.416887
-0.565873 4.347692 0.416928
-0.565317 4.352320 0.421474
-0.575142 4.345387 0.420737
-0.584897 4.342912 0.423902
-0.574794 4.349847 0.425359
-0.574315 4.354290 0.430534
-0.584712 4.347140 0.428555
-0.594907 4.344147 0.431240
-0.584488 4.351293 0.433808
-0.584204 4.355174 0.439647
-0.594952 4.348037 0.436529
-0.605489 4.344466 0.438563
-0.594886 4.351667 0.442341
-0.594666 4.354918 0.449122
-0.605588 4.347750 0.444735
-0.616418 4.343405 0.446531
-0.605612 4.350583 0.451571
-0.616417 4.346032 0.453626
-0.627463 4.341193 0.455052
-0.616644 4.348779 0.461109
-0.627766 4.343522 0.462539
-0.583911 4.359023 0.446185
-0.573781 4.358766 0.436281
-0.564513 4.357069 0.426635
-0.555779 4.354557 0.417164
-0.547072 4.351649 0.408103
-0.538303 4.348321 0.399425
-0.529222 4.344566 0.390775
-0.512621 4.322937 0.384068
-0.505366 4.327496 0.376614
-0.494573 4.328634 0.371543
-0.502595 4.323774 0.378556
-0.499227 4.320765 0.381560
-0.492042 4.324665 0.373258
-0.481046 4.325654 0.368156
-0.488778 4.321479 0.376180
-0.485163 4.319221 0.380089
-0.477933 4.322325 0.370945
-0.466698 4.323517 0.366083
-0.474253 4.319944 0.374894
-0.470261 4.318397 0.379627
-0.463111 4.320897 0.369902
-0.451580 4.322433 0.365443
-0.459081 4.319272 0.374745
-0.454792 4.318433 0.380169
-0.447600 4.320663 0.370224
-0.436006 4.322442 0.365795
-0.443400 4.319743 0.375646
-0.439015 4.319930 0.381854
-0.431867 4.321475 0.371373
-0.420361 4.323562 0.367116
-0.427646 4.321587 0.377570
-0.423502 4.322829 0.384400
-0.416346 4.323732 0.373401
-0.405126 4.326252 0.369263
-0.412376 4.324845 0.380244
-0.408464 4.326852 0.387187
-0.401247 4.327147 0.375812
-0.390172 4.329752 0.371033
-0.397328 4.329048 0.382614
-0.393652 4.331933 0.389555
-0.386251 4.331495 0.377771
-0.375200 4.334117 0.372596
-0.382514 4.334102 0.384565
-0.379017 4.337580 0.391211
-0.371310 4.336393 0.379226
-0.360132 4.338809 0.373596
-0.367695 4.339647 0.385754
-0.364137 4.343611 0.391914
-0.356296 4.341830 0.379967
-0.344884 4.344104 0.373832
-0.352570 4.345649 0.386031
-0.348875 4.350268 0.391452
-0.340948 4.347856 0.379845
-0.329460 4.349874 0.373558
-0.337155 4.352347 0.385319
-0.333581 4.357669 0.389962
-0.325442 4.354467 0.378986
-0.321734 4.359809 0.383715
-0.318436 4.365849 0.387620
-0.333633 4.346019 0.367593
-0.338075 4.342874 0.361293
-0.342665 4.340452 0.354921
-0.327021 4.344792 0.354852
-0.349089 4.341091 0.367584
-0.353461 4.338690 0.361138
-0.357859 4.337255 0.354590
-0.364288 4.336565 0.367045
-0.368491 4.335207 0.360556
-0.372529 4.334749 0.354501
-0.379241 4.332585 0.366011
-0.383236 4.332035 0.359846
-0.394097 4.328948 0.364657
-0.387275 4.332010 0.353755
-0.391112 4.333018 0.348279
-0.376618 4.334656 0.348460
-0.398186 4.328934 0.358484
-0.402083 4.329966 0.352934
-0.409131 4.326092 0.362913
-0.413133 4.327174 0.357316
-0.416904 4.329148 0.352474
-0.424489 4.324613 0.361493
-0.428295 4.326577 0.356765
-0.431572 4.329464 0.352938
-0.439937 4.324276 0.360986
-0.443285 4.327123 0.357257
-0.445990 4.330655 0.354517
-0.455125 4.325078 0.361487
-0.457893 4.328539 0.358745
-0.460021 4.332654 0.357006
-0.469718 4.326886 0.363240
-0.471796 4.331011 0.361715
-0.473367 4.335589 0.361009
-0.483342 4.329738 0.366550
-0.484944 4.334269 0.365988
-0.486005 4.339134 0.366304
-0.496403 4.333080 0.370935
-0.497547 4.337863 0.371250
-0.474227 4.340643 0.361585
-0.486259 4.344329 0.367972
-0.474447 4.345946 0.363193
-0.485785 4.349767 0.370661
-0.473892 4.351447 0.365864
-0.484619 4.355262 0.374109
-0.472614 4.357062 0.369249
-0.482846 4.360795 0.378243
-0.494842 4.359323 0.383023
-0.480798 4.366422 0.382632
-0.470659 4.362647 0.373403
-0.468374 4.368275 0.377888
-0.458119 4.364697 0.368856
-0.455669 4.370392 0.373276
-0.445564 4.367235 0.363947
-0.460203 4.359035 0.364803
-0.447806 4.361414 0.360043
-0.461685 4.353408 0.361400
-0.449459 4.355740 0.356752
-0.462368 4.347867 0.358794
-0.450234 4.350167 0.354266
-0.462339 4.342467 0.357014
-0.461408 4.337412 0.356636
-0.450244 4.344709 0.352655
-0.438256 4.347255 0.348005
-0.449421 4.339605 0.352297
-0.448122 4.334796 0.352721
-0.437531 4.342063 0.347698
-0.425804 4.344769 0.342817
-0.436280 4.337233 0.348270
-0.434235 4.333055 0.350104
-0.424562 4.339936 0.343627
-0.413128 4.342607 0.338602
-0.422645 4.335632 0.345548
-0.420133 4.331997 0.348556
-0.411229 4.338373 0.340947
-0.400174 4.340882 0.335622
-0.408703 4.334812 0.344117
-0.405661 4.331988 0.348088
-0.397686 4.337420 0.339052
-0.386938 4.339805 0.333447
-0.394631 4.334786 0.343318
-0.383977 4.337110 0.337816
-0.380436 4.335475 0.342939
-0.373727 4.338904 0.331732
-0.370122 4.337225 0.336884
-0.376924 4.341329 0.326917
-0.363882 4.339975 0.324922
-0.360156 4.338337 0.330233
-0.367066 4.342471 0.319956
-0.353938 4.340934 0.318008
-0.350148 4.339453 0.323486
-0.357044 4.343476 0.312895
-0.343886 4.341763 0.311109
-0.340147 4.340253 0.316650
-0.347010 4.344379 0.305929
-0.333812 4.342591 0.304103
-0.330032 4.341080 0.309813
-0.336890 4.345244 0.298876
-0.323631 4.343356 0.297195
-0.319786 4.341927 0.302989
-0.326732 4.346005 0.291781
-0.313395 4.344093 0.290256
-0.309470 4.342785 0.296076
-0.316594 4.346676 0.284746
-0.303242 4.344814 0.283267
-0.299143 4.343612 0.289168
-0.306602 4.347321 0.277741
-0.293207 4.345504 0.276311
-0.288879 4.344385 0.282176
-0.296827 4.347889 0.270731
-0.283241 4.346171 0.269280
-0.278705 4.345077 0.275139
-0.287174 4.348417 0.263662
-0.273455 4.346715 0.262213
-0.268641 4.345694 0.268039
-0.277740 4.348775 0.256618
-0.263852 4.347172 0.255081
-0.258748 4.346181 0.260835
-0.268447 4.349083 0.249445
-0.254601 4.347389 0.247732
-0.248976 4.346511 0.253456
-0.259576 4.349376 0.242333
-0.245683 4.347452 0.240290
-0.239620 4.346745 0.246048
-0.251038 4.349439 0.234873
-0.237067 4.347432 0.232772
-0.230719 4.346653 0.238460
-0.243089 4.349342 0.227303
-0.229280 4.347222 0.225111
-0.222290 4.346493 0.230952
-0.235562 4.349255 0.219707
-0.221752 4.346961 0.217465
-0.214363 4.346199 0.223373
-0.228289 4.349181 0.211989
-0.214772 4.346456 0.209817
-0.207104 4.345641 0.215784
-0.221779 4.348647 0.204233
-0.208170 4.345813 0.202097
-0.200182 4.344818 0.208202
-0.215373 4.347951 0.196404
-0.200701 4.345845 0.194398
-0.192677 4.344706 0.200534
-0.207972 4.347996 0.188690
-0.214642 4.351293 0.183474
-0.220749 4.355479 0.178954
-0.221708 4.351321 0.191397
-0.227625 4.355642 0.187069
-0.227833 4.351943 0.199379
-0.233484 4.356086 0.195154
-0.234313 4.352267 0.207155
-0.241137 4.352360 0.214790
-0.239541 4.356421 0.203001
-0.246040 4.356449 0.210599
-0.244017 4.361550 0.199373
-0.238508 4.361293 0.191627
-0.250076 4.361723 0.206920
-0.247607 4.367548 0.196277
-0.242725 4.367290 0.188649
-0.252864 4.367963 0.203875
-0.249908 4.374677 0.193890
-0.254240 4.375226 0.201565
-0.250697 4.382849 0.192215
-0.246132 4.374102 0.186208
-0.241934 4.373613 0.178271
-0.247678 4.381970 0.184502
-0.246440 4.391026 0.183509
-0.244547 4.381289 0.176917
-0.242067 4.380461 0.169614
-0.244787 4.390022 0.176294
-0.244093 4.388931 0.169745
-0.240842 4.399414 0.175661
-0.242073 4.400260 0.182448
-0.235421 4.408391 0.174292
-0.241507 4.398532 0.169706
-0.236220 4.409242 0.180926
-0.228704 4.417613 0.178928
-0.238336 4.410226 0.188216
-0.231014 4.418752 0.186331
-0.244369 4.401098 0.189801
-0.242020 4.411315 0.196147
-0.245862 4.412421 0.204469
-0.234676 4.420088 0.194562
-0.247698 4.401982 0.197610
-0.251617 4.392626 0.198761
-0.251353 4.402877 0.205476
-0.255997 4.403780 0.213475
-0.255387 4.393398 0.206460
-0.260195 4.394150 0.214049
-0.257938 4.384272 0.207582
-0.263050 4.384942 0.214982
-0.253948 4.383574 0.199909
-0.259021 4.375801 0.209113
-0.264394 4.376433 0.216473
-0.258268 4.368448 0.211518
-0.264147 4.368896 0.218730
-0.256134 4.361938 0.214391
-0.262701 4.362173 0.221626
-0.252581 4.356512 0.218085
-0.259766 4.356650 0.225465
-0.248282 4.352425 0.222402
-0.255660 4.352514 0.230006
-0.263929 4.352401 0.237210
-0.272383 4.352323 0.244323
-0.267313 4.356731 0.232608
-0.275631 4.356769 0.239650
-0.269649 4.362438 0.228748
-0.277554 4.362508 0.235884
-0.270855 4.369230 0.225880
-0.270802 4.376918 0.223632
-0.278228 4.369466 0.233057
-0.285741 4.369658 0.240320
-0.277658 4.377320 0.230920
-0.284759 4.377614 0.238466
-0.275605 4.386157 0.229838
-0.282430 4.386549 0.237673
-0.269095 4.385585 0.222329
-0.272294 4.395508 0.229508
-0.278988 4.395982 0.237653
-0.267985 4.405399 0.229613
-0.265991 4.394895 0.221599
-0.261795 4.404684 0.221350
-0.256491 4.414554 0.221368
-0.250796 4.413525 0.212726
-0.249915 4.424065 0.221725
-0.262617 4.415481 0.230350
-0.255769 4.425069 0.231530
-0.268959 4.416083 0.239518
-0.275873 4.416398 0.249147
-0.261917 4.425882 0.241832
-0.274634 4.405880 0.238245
-0.281600 4.406169 0.247134
-0.289096 4.406005 0.256168
-0.286031 4.396170 0.246015
-0.289508 4.386750 0.245634
-0.293574 4.396027 0.254455
-0.297283 4.386682 0.253802
-0.301597 4.395544 0.262938
-0.310297 4.394614 0.271463
-0.296879 4.405467 0.264957
-0.305429 4.386296 0.262038
-0.308491 4.377554 0.261850
-0.314054 4.385558 0.270351
-0.317187 4.377022 0.269827
-0.323366 4.384496 0.278600
-0.326569 4.376143 0.277857
-0.333245 4.383052 0.286765
-0.319567 4.393281 0.280023
-0.329444 4.391529 0.288531
-0.314670 4.402658 0.283015
-0.324732 4.400501 0.291897
-0.309074 4.412165 0.288047
-0.305551 4.404254 0.274136
-0.299820 4.414168 0.278686
-0.292766 4.423340 0.284914
-0.291251 4.415607 0.268857
-0.283290 4.416297 0.259040
-0.284186 4.424798 0.274388
-0.276245 4.433493 0.279605
-0.276113 4.425821 0.263242
-0.268322 4.434219 0.268032
-0.268766 4.426005 0.252450
-0.260715 4.434550 0.255825
-0.252576 4.442103 0.258214
-0.254066 4.434370 0.244022
-0.247912 4.433589 0.232920
-0.245570 4.441701 0.245541
-0.237206 4.448706 0.246491
-0.239390 4.441065 0.233842
-0.233529 4.440186 0.222514
-0.230616 4.447997 0.234105
-0.221752 4.454642 0.233561
-0.224363 4.447046 0.222040
-0.219137 4.446020 0.210988
-0.215345 4.453695 0.221446
-0.206018 4.460456 0.219901
-0.209365 4.452526 0.209783
-0.202462 4.450393 0.198155
-0.199064 4.458664 0.207739
-0.212698 4.444091 0.199588
-0.222483 4.437472 0.201035
-0.231531 4.429988 0.202152
-0.228151 4.438973 0.211737
-0.217080 4.435534 0.191244
-0.226217 4.428183 0.192901
-0.222127 4.426698 0.184341
-0.236542 4.431326 0.212099
-0.244266 4.422869 0.212230
-0.242107 4.432598 0.222230
-0.239455 4.421571 0.203264
-0.212423 4.461366 0.232153
-0.195540 4.466875 0.216846
-0.202982 4.468493 0.229683
-0.210386 4.469590 0.242582
-0.192991 4.475577 0.225638
-0.201587 4.477452 0.239300
-0.209463 4.478903 0.252053
-0.192391 4.484697 0.235071
-0.201222 4.487044 0.248691
-0.192668 4.494514 0.244487
-0.209110 4.489259 0.260825
-0.200982 4.497544 0.257660
-0.217425 4.480963 0.264131
-0.216574 4.492000 0.272043
-0.207988 4.500478 0.268761
-0.225108 4.483457 0.275455
-0.223367 4.495126 0.282357
-0.214426 4.503848 0.278988
-0.232261 4.486367 0.285943
-0.229864 4.498497 0.292218
-0.220544 4.507393 0.288755
-0.239035 4.489656 0.295825
-0.236052 4.502163 0.301603
-0.226375 4.511072 0.297979
-0.245547 4.493289 0.305255
-0.241706 4.506133 0.310364
-0.231745 4.514965 0.306648
-0.251633 4.497377 0.314141
-0.246574 4.510405 0.318354
-0.236389 4.518977 0.314452
-0.250473 4.514579 0.325748
-0.256907 4.501919 0.322277
-0.261028 4.506378 0.329705
-0.267174 4.493322 0.326302
-0.261373 4.488527 0.317878
-0.277159 4.484626 0.330292
-0.271690 4.498196 0.333879
-0.275313 4.502978 0.341287
-0.282290 4.489899 0.338209
-0.292415 4.481360 0.342499
-0.286419 4.495049 0.345556
-0.289393 4.499825 0.352699
-0.297082 4.486671 0.350139
-0.307417 4.478217 0.354659
-0.300447 4.491788 0.357195
-0.302308 4.495992 0.364180
-0.311263 4.483421 0.361869
-0.321887 4.474942 0.366455
-0.313325 4.487775 0.368548
-0.314069 4.490926 0.375238
-0.324010 4.479363 0.372969
-0.334674 4.471092 0.377365
-0.324685 4.482531 0.379365
-0.323989 4.484282 0.385630
-0.335244 4.474255 0.383537
-0.345776 4.466237 0.387642
-0.334543 4.476028 0.389488
-0.332747 4.476499 0.395060
-0.345165 4.468119 0.393336
-0.355744 4.460573 0.397188
-0.343539 4.468874 0.398699
-0.340948 4.468390 0.403511
-0.354199 4.461526 0.402367
-0.364648 4.454363 0.406067
-0.351667 4.461294 0.407029
-0.348306 4.459885 0.410996
-0.362139 4.454356 0.410566
-0.372274 4.447625 0.414133
-0.358812 4.453108 0.414405
-0.355014 4.450937 0.417610
-0.369004 4.446541 0.417840
-0.378914 4.440127 0.421289
-0.365232 4.444532 0.420904
-0.361088 4.441463 0.423106
-0.375170 4.438237 0.424242
-0.384705 4.432503 0.427842
-0.371029 4.435519 0.426523
-0.366662 4.432294 0.428243
-0.380570 4.430113 0.430168
-0.389873 4.424760 0.433799
-0.376249 4.426998 0.431814
-0.372008 4.423297 0.432738
-0.385674 4.422124 0.435625
-0.394932 4.417743 0.439754
-0.381550 4.418625 0.436579
-0.377721 4.414493 0.436787
-0.390871 4.414704 0.440978
-0.399880 4.411598 0.446063
-0.387147 4.410859 0.441440
-0.384164 4.406618 0.441275
-0.396235 4.407940 0.446658
-0.404812 4.405501 0.452252
-0.393096 4.403871 0.446706
-0.390634 4.399396 0.446184
-0.401641 4.401514 0.452509
-0.410228 4.399777 0.458783
-0.399264 4.397180 0.452186
-0.397695 4.392615 0.451386
-0.407866 4.395477 0.458616
-0.416372 4.394187 0.465416
-0.406291 4.390914 0.457895
-0.405503 4.386224 0.456789
-0.414739 4.389553 0.464789
-0.423179 4.388441 0.471812
-0.414042 4.384791 0.463673
-0.414226 4.380092 0.462156
-0.422542 4.383543 0.470639
-0.431798 4.382448 0.477156
-0.422946 4.378725 0.468932
-0.424134 4.374254 0.466692
-0.432155 4.377658 0.475303
-0.441620 4.376691 0.481377
-0.433447 4.373183 0.472724
-0.435396 4.369240 0.469582
-0.442922 4.372243 0.478634
-0.452518 4.371458 0.484462
-0.444869 4.368473 0.475291
-0.447362 4.364715 0.471613
-0.454436 4.367529 0.480927
-0.463918 4.366637 0.486558
-0.456820 4.363914 0.477007
-0.459601 4.360323 0.472691
-0.466242 4.363021 0.482410
-0.475595 4.362064 0.487899
-0.468955 4.359412 0.477965
-0.471630 4.355731 0.473522
-0.478218 4.358245 0.483380
-0.487159 4.356756 0.489101
-0.480857 4.354354 0.478845
-0.483509 4.349747 0.473997
-0.489735 4.352353 0.484364
-0.497958 4.349900 0.490243
-0.492252 4.347601 0.479518
-0.494577 4.342001 0.474285
-0.500226 4.344777 0.485295
-0.507750 4.341598 0.491258
-0.502308 4.339020 0.480073
-0.504404 4.332793 0.474474
-0.509761 4.335789 0.486026
-0.517131 4.332355 0.492085
-0.511877 4.329461 0.480352
-0.514385 4.323156 0.474401
-0.519322 4.325987 0.486351
-0.526923 4.322248 0.492378
-0.522361 4.319582 0.480213
-0.527333 4.313874 0.473653
-0.530600 4.315879 0.486052
-0.539164 4.312191 0.492124
-0.536091 4.310280 0.479465
-0.542525 4.305809 0.472729
-0.545061 4.306623 0.485486
-0.554058 4.302789 0.491469
-0.551606 4.302243 0.478458
-0.558074 4.299330 0.471262
-0.560853 4.298295 0.484109
-0.570140 4.294222 0.489819
-0.567410 4.295170 0.476594
-0.576703 4.290831 0.481576
-0.573414 4.293498 0.469119
-0.579328 4.292908 0.461538
-0.564283 4.297530 0.464338
-0.582739 4.289002 0.473559
-0.592072 4.284232 0.477683
-0.588575 4.288363 0.465496
-0.593945 4.288757 0.457801
-0.597796 4.283568 0.468880
-0.607001 4.278597 0.471893
-0.603164 4.284106 0.460737
-0.612571 4.279150 0.463141
-0.608333 4.285369 0.452974
-0.617810 4.280546 0.455179
-0.612881 4.287126 0.445874
-0.598939 4.289886 0.450427
-0.589493 4.294003 0.447449
-0.603308 4.291499 0.443690
-0.593866 4.295550 0.441046
-0.607204 4.293712 0.437521
-0.597607 4.297710 0.435441
-0.616970 4.289142 0.438914
-0.610582 4.296211 0.431893
-0.600818 4.300385 0.430579
-0.620713 4.291685 0.432912
-0.613436 4.299360 0.427598
-0.603637 4.303510 0.426618
-0.615987 4.303037 0.424489
-0.623798 4.294558 0.428040
-0.634566 4.289127 0.427976
-0.626602 4.298093 0.424042
-0.629114 4.302192 0.421402
-0.637519 4.292750 0.423773
-0.648696 4.286434 0.424266
-0.640124 4.296830 0.420765
-0.642685 4.301232 0.419147
-0.652072 4.290204 0.421292
-0.664221 4.282352 0.424666
-0.655158 4.294296 0.419689
-0.657978 4.298759 0.419830
-0.667902 4.286110 0.423333
-0.679933 4.277577 0.430758
-0.671021 4.290463 0.423716
-0.673449 4.295086 0.425836
-0.683308 4.281692 0.431291
-0.693691 4.273503 0.442553
-0.685749 4.286301 0.433318
-0.686959 4.291211 0.436993
-0.695893 4.278223 0.444563
-0.704630 4.270998 0.457576
-0.696661 4.283278 0.447917
-0.696378 4.288257 0.452098
-0.705215 4.276207 0.460409
-0.712656 4.270162 0.474026
-0.704636 4.281483 0.464053
-0.703100 4.286734 0.468257
-0.711945 4.275716 0.477013
-0.717877 4.270927 0.490863
-0.710033 4.281274 0.480580
-0.715739 4.276744 0.493569
-0.707099 4.286665 0.484470
-0.700634 4.291669 0.472937
-0.703119 4.291980 0.488628
-0.712384 4.282331 0.496700
-0.716274 4.279401 0.509453
-0.707782 4.288244 0.499819
-0.701827 4.294465 0.503096
-0.711229 4.285480 0.511575
-0.713989 4.283384 0.523846
-0.705277 4.291844 0.514043
-0.698093 4.299091 0.516371
-0.708121 4.289631 0.524968
-0.709676 4.288938 0.536539
-0.700649 4.297280 0.526343
-0.691412 4.306530 0.527676
-0.702334 4.296379 0.536390
-0.703761 4.296064 0.547397
-0.693613 4.305377 0.537304
-0.695472 4.304882 0.547507
-0.683398 4.315916 0.538270
-0.680688 4.317011 0.528900
-0.672020 4.327314 0.539805
-0.685763 4.315288 0.547829
-0.687902 4.314988 0.557660
-0.675369 4.326279 0.549104
-0.678431 4.325673 0.558756
-0.664968 4.337060 0.552783
-0.660265 4.338648 0.543758
-0.668992 4.335943 0.562485
-0.655537 4.346831 0.560095
-0.649796 4.349150 0.551800
-0.647356 4.354818 0.569255
-0.660727 4.344811 0.569466
-0.653233 4.351985 0.577981
-0.665752 4.342530 0.579215
-0.658503 4.349226 0.587205
-0.673101 4.334600 0.572605
-0.670379 4.340040 0.589575
-0.677200 4.332885 0.583670
-0.674449 4.337108 0.600441
-0.663205 4.346110 0.596846
-0.667417 4.342707 0.606590
-0.655555 4.350904 0.604040
-0.650682 4.354306 0.594777
-0.659718 4.347106 0.613323
-0.647254 4.354418 0.610022
-0.642426 4.357972 0.601029
-0.651500 4.350598 0.619275
-0.638725 4.356710 0.614618
-0.642997 4.352789 0.623921
-0.630436 4.358009 0.617980
-0.633981 4.360253 0.605586
-0.628721 4.363638 0.596693
-0.625694 4.361555 0.608881
-0.617669 4.362013 0.611217
-0.620456 4.364872 0.599974
-0.614721 4.368355 0.591512
-0.612522 4.365285 0.602320
-0.606845 4.368830 0.593888
-0.604926 4.365037 0.603916
-0.599352 4.368405 0.595388
-0.609944 4.361813 0.612805
-0.597384 4.364093 0.604862
-0.602368 4.360828 0.613779
-0.590031 4.362402 0.605030
-0.592019 4.367360 0.596236
-0.584870 4.365584 0.596420
-0.586023 4.370697 0.588109
-0.593159 4.371946 0.587328
-0.578979 4.368829 0.588327
-0.579500 4.373940 0.580236
-0.586387 4.375515 0.579638
-0.572883 4.371652 0.580330
-0.572311 4.377231 0.572813
-0.579052 4.378922 0.572129
-0.566128 4.374557 0.572762
-0.564424 4.380375 0.565638
-0.558688 4.377398 0.565562
-0.571057 4.382347 0.564861
-0.556094 4.383493 0.558615
-0.550554 4.380247 0.558443
-0.547041 4.386439 0.551480
-0.562305 4.385602 0.557683
-0.569040 4.386655 0.555982
-0.552869 4.388645 0.550399
-0.559218 4.389890 0.548541
-0.543172 4.391346 0.543136
-0.548902 4.392890 0.541196
-0.537494 4.388962 0.544466
-0.532717 4.393730 0.535870
-0.538226 4.395564 0.533823
-0.527611 4.390960 0.537238
-0.522208 4.395599 0.528504
-0.527262 4.397747 0.526316
-0.517558 4.392713 0.529997
-0.511762 4.396962 0.521235
-0.516441 4.399087 0.518863
-0.507405 4.394149 0.522857
-0.501319 4.398095 0.513912
-0.497209 4.395327 0.515758
-0.505717 4.400213 0.511459
-0.491019 4.398654 0.506610
-0.487164 4.395974 0.508672
-0.481154 4.399023 0.499698
-0.495210 4.400705 0.504053
-0.499871 4.402171 0.501020
-0.485158 4.401159 0.497077
-0.475448 4.401699 0.490478
-0.489629 4.402698 0.493998
-0.494446 4.403796 0.490586
-0.479714 4.403491 0.487476
-0.470073 4.404596 0.481355
-0.484250 4.404808 0.484080
-0.489195 4.405417 0.480104
-0.474578 4.405903 0.477888
-0.465261 4.407101 0.471974
-0.479454 4.406614 0.473901
-0.484684 4.406795 0.469407
-0.469996 4.407898 0.468009
-0.460886 4.409200 0.462437
-0.474952 4.407911 0.463511
-0.479849 4.407423 0.458801
-0.465643 4.409192 0.458024
-0.456407 4.410525 0.452685
-0.470244 4.408638 0.453294
-0.474442 4.407713 0.448325
-0.460711 4.410047 0.448095
-0.451188 4.411814 0.443164
-0.464592 4.409102 0.443248
-0.468016 4.407622 0.438064
-0.454795 4.410874 0.438348
-0.445090 4.412923 0.433768
-0.457854 4.409246 0.433350
-0.460560 4.407200 0.427977
-0.447802 4.411315 0.428750
-0.437755 4.413927 0.424406
-0.450025 4.409162 0.423524
-0.451823 4.406301 0.417936
-0.439383 4.411607 0.419264
-0.428791 4.414644 0.415081
-0.440612 4.408546 0.413763
-0.441563 4.404760 0.408108
-0.429467 4.411324 0.409681
-0.417961 4.414977 0.405555
-0.429644 4.407533 0.404114
-0.429586 4.403341 0.398307
-0.417597 4.411054 0.399990
-0.405688 4.415224 0.395678
-0.417156 4.406683 0.394303
-0.417509 4.402072 0.388658
-0.404897 4.410462 0.389974
-0.392573 4.414980 0.385201
-0.404931 4.405615 0.384207
-0.405861 4.400645 0.378701
-0.392084 4.409761 0.379363
-0.379220 4.414450 0.374220
-0.392735 4.404661 0.373593
-0.394259 4.399436 0.367677
-0.379371 4.409102 0.368141
-0.365910 4.414402 0.362463
-0.380730 4.403855 0.362018
-0.383374 4.398426 0.355895
-0.367175 4.408685 0.355872
-0.353683 4.414003 0.349568
-0.369984 4.403014 0.349424
-0.356585 4.407882 0.342631
-0.373884 4.397190 0.343287
-0.360997 4.401597 0.336124
-0.378538 4.390912 0.337610
-0.387197 4.392850 0.350160
-0.400361 4.388871 0.356488
-0.391379 4.386942 0.344765
-0.404266 4.383162 0.351343
-0.395200 4.380613 0.340263
-0.407794 4.376986 0.346948
-0.398415 4.374099 0.336652
-0.382744 4.384306 0.332986
-0.386128 4.377555 0.329551
-0.370482 4.387911 0.325281
-0.365898 4.395078 0.330053
-0.358358 4.391478 0.317304
-0.374141 4.380828 0.321913
-0.377217 4.373873 0.319246
-0.362358 4.383988 0.313796
-0.350894 4.386927 0.305386
-0.365732 4.376688 0.311224
-0.368240 4.369657 0.309739
-0.354495 4.379257 0.302972
-0.343684 4.381265 0.294930
-0.357389 4.371778 0.301561
-0.359478 4.364700 0.301266
-0.346788 4.373480 0.293655
-0.349042 4.366129 0.293512
-0.336372 4.374990 0.285736
-0.338799 4.367356 0.285766
-0.340125 4.360291 0.287310
-0.328997 4.368328 0.278057
-0.330196 4.361168 0.279828
-0.319556 4.369053 0.270325
-0.320559 4.361841 0.272325
-0.310601 4.369517 0.262694
-0.311355 4.362298 0.264881
-0.301983 4.369731 0.255106
-0.302510 4.362487 0.257515
-0.300194 4.377827 0.253934
-0.293543 4.369811 0.247610
-0.293846 4.362607 0.250123
-0.292108 4.377867 0.246061
-0.292659 4.356629 0.253898
-0.285654 4.362610 0.243023
-0.284009 4.356741 0.246742
-0.281228 4.352180 0.251437
-0.290261 4.352039 0.258559
-0.299590 4.351651 0.265675
-0.301650 4.356450 0.261129
-0.309104 4.351171 0.272718
-0.310733 4.356158 0.268315
-0.318969 4.350548 0.279840
-0.320344 4.355622 0.275608
-0.328956 4.349862 0.286957
-0.330184 4.354942 0.282837
-0.339125 4.349047 0.294082
-0.340270 4.354064 0.290103
-0.349377 4.348102 0.301142
-0.350552 4.353061 0.297373
-0.359551 4.347052 0.308209
-0.360813 4.351912 0.304670
-0.369509 4.345991 0.315550
-0.370882 4.350731 0.312177
-0.379420 4.344800 0.322808
-0.380930 4.349298 0.319731
-0.389451 4.343192 0.329672
-0.391233 4.347463 0.326779
-0.391905 4.352664 0.325090
-0.401964 4.345157 0.333127
-0.402872 4.350247 0.331832
-0.402980 4.355699 0.331397
-0.414235 4.347538 0.337503
-0.414589 4.352917 0.337536
-0.414036 4.358649 0.338549
-0.426305 4.350051 0.343028
-0.426083 4.355618 0.344279
-0.424964 4.361422 0.346383
-0.438126 4.352742 0.349433
-0.437150 4.358440 0.351781
-0.435417 4.364211 0.354888
-0.432997 4.370194 0.358706
-0.423042 4.367363 0.349290
-0.410666 4.370714 0.343192
-0.420345 4.373460 0.353096
-0.417138 4.379567 0.357445
-0.430022 4.376116 0.363115
-0.413608 4.385149 0.362323
-0.426745 4.381693 0.367863
-0.410186 4.390465 0.367595
-0.407528 4.395511 0.372905
-0.423577 4.386984 0.372770
-0.396781 4.394314 0.361997
-0.436868 4.383935 0.377731
-0.420672 4.392118 0.377929
-0.418715 4.397034 0.383294
-0.434031 4.389137 0.382637
-0.447441 4.386563 0.387190
-0.431889 4.393996 0.387676
-0.430315 4.398955 0.392970
-0.445071 4.391536 0.392015
-0.458278 4.389480 0.396453
-0.443222 4.396360 0.397111
-0.442167 4.400673 0.402333
-0.456203 4.394161 0.401370
-0.469098 4.392360 0.406083
-0.454584 4.398534 0.406545
-0.453241 4.402663 0.412163
-0.466940 4.396775 0.411153
-0.479229 4.395491 0.416088
-0.464856 4.400865 0.416638
-0.462766 4.404442 0.422272
-0.476690 4.399474 0.421552
-0.488510 4.398345 0.426896
-0.474024 4.402862 0.427109
-0.471124 4.405551 0.432653
-0.485299 4.401629 0.432333
-0.496767 4.400536 0.438156
-0.482012 4.404233 0.437931
-0.478368 4.406208 0.443208
-0.492894 4.403069 0.443536
-0.504064 4.401725 0.449762
-0.488897 4.404998 0.448791
-0.484574 4.406416 0.453887
-0.499589 4.403600 0.454878
-0.510452 4.402068 0.461473
-0.494825 4.405216 0.459926
-0.489942 4.406372 0.464764
-0.505388 4.403896 0.466407
-0.516231 4.402068 0.473347
-0.500127 4.404896 0.471136
-0.494584 4.405469 0.475786
-0.510601 4.403398 0.477915
-0.521830 4.401448 0.485116
-0.504962 4.404121 0.482429
-0.499398 4.404220 0.486759
-0.515909 4.402687 0.489540
-0.527411 4.400913 0.497051
-0.510325 4.403121 0.493904
-0.505077 4.403036 0.497690
-0.521602 4.401893 0.501276
-0.533163 4.400117 0.508856
-0.515880 4.402112 0.505075
-0.510525 4.401509 0.508402
-0.527115 4.400684 0.512662
-0.538608 4.398499 0.520217
-0.521511 4.400371 0.515945
-0.532696 4.398577 0.523515
-0.544028 4.396221 0.531079
-0.550201 4.395811 0.527731
-0.555108 4.393289 0.538540
-0.561538 4.392457 0.535137
-0.565634 4.390123 0.546010
-0.572369 4.389030 0.542482
-0.575937 4.386622 0.553398
-0.582909 4.385332 0.549838
-0.585360 4.382993 0.560694
-0.577910 4.383190 0.563278
-0.593779 4.379374 0.568103
-0.592595 4.381487 0.557173
-0.600218 4.378661 0.552693
-0.601384 4.377824 0.564653
-0.609169 4.374964 0.560027
-0.609312 4.374245 0.572278
-0.617340 4.371432 0.567638
-0.616444 4.370678 0.580170
-0.601468 4.375720 0.575683
-0.608417 4.372023 0.583448
-0.593757 4.376135 0.578154
-0.586310 4.379681 0.570606
-0.600633 4.372412 0.585817
-0.622860 4.367108 0.588265
-0.624691 4.368067 0.575521
-0.632873 4.363800 0.569237
-0.631220 4.364699 0.583652
-0.639464 4.360720 0.577382
-0.637107 4.361328 0.592148
-0.645413 4.357564 0.585936
-0.625408 4.367149 0.561552
-0.641011 4.357622 0.561224
-0.633744 4.360886 0.553799
-0.642924 4.352202 0.544022
-0.625553 4.364613 0.546866
-0.616004 4.369185 0.540441
-0.617238 4.370663 0.554215
-0.635007 4.356070 0.537334
-0.624096 4.362118 0.531922
-0.647187 4.343987 0.525086
-0.649396 4.339626 0.513351
-0.631881 4.354251 0.521829
-0.654399 4.340901 0.534692
-0.664587 4.329457 0.521550
-0.663311 4.329011 0.512631
-0.668018 4.328540 0.530495
-0.678055 4.318069 0.520038
-0.675695 4.319135 0.511274
-0.689032 4.307918 0.518352
-0.686403 4.309620 0.509193
-0.683848 4.311199 0.500673
-0.695071 4.301290 0.506329
-0.691837 4.303799 0.497200
-0.687891 4.306911 0.488347
-0.698024 4.297680 0.492946
-0.693286 4.301548 0.483224
-0.697403 4.296602 0.477969
-0.687720 4.305875 0.474530
-0.680442 4.311241 0.466733
-0.683904 4.309928 0.480692
-0.690667 4.301847 0.468263
-0.682537 4.308008 0.459943
-0.693165 4.297533 0.462381
-0.684514 4.304321 0.453565
-0.695116 4.293012 0.456998
-0.686045 4.300342 0.447455
-0.675275 4.308128 0.440699
-0.686933 4.295950 0.441863
-0.675553 4.304129 0.434687
-0.663188 4.312310 0.430784
-0.674996 4.299730 0.429615
-0.662198 4.308064 0.425656
-0.649198 4.315095 0.424889
-0.660377 4.303473 0.421998
-0.647429 4.310567 0.421360
-0.635212 4.316174 0.422453
-0.645164 4.305836 0.419342
-0.633426 4.311372 0.420451
-0.622102 4.316208 0.421746
-0.631397 4.306652 0.420276
-0.620315 4.311578 0.421433
-0.610306 4.315517 0.421225
-0.618329 4.307084 0.422248
-0.608361 4.311159 0.421955
-0.598861 4.314580 0.420270
-0.606120 4.307210 0.423877
-0.596615 4.310681 0.422221
-0.587464 4.313379 0.419246
-0.594116 4.307015 0.424802
-0.591330 4.303940 0.428457
-0.584951 4.309767 0.421842
-0.575919 4.312158 0.418243
-0.582102 4.306590 0.425107
-0.578830 4.304235 0.429404
-0.572986 4.309134 0.421434
-0.563944 4.311347 0.417314
-0.569631 4.306857 0.425538
-0.565833 4.305037 0.430229
-0.560531 4.309039 0.421117
-0.551418 4.311140 0.416683
-0.556642 4.307436 0.425809
-0.552341 4.306335 0.430883
-0.547452 4.309677 0.421180
-0.538291 4.311592 0.416300
-0.543128 4.308710 0.426049
-0.538360 4.308451 0.431453
-0.533977 4.310734 0.421103
-0.524726 4.312462 0.416087
-0.529139 4.310505 0.426372
-0.523999 4.310971 0.431875
-0.519888 4.312289 0.421204
-0.510592 4.313721 0.416004
-0.514663 4.312855 0.426715
-0.509265 4.314239 0.432601
-0.505323 4.314340 0.421549
-0.495811 4.315627 0.416503
-0.499888 4.315871 0.427433
-0.494567 4.318598 0.433675
-0.490408 4.317276 0.422531
-0.480874 4.318729 0.417765
-0.485339 4.320167 0.428855
-0.480675 4.324829 0.435438
-0.475982 4.321767 0.424263
-0.466477 4.323163 0.419750
-0.471629 4.326563 0.430862
-0.468044 4.332361 0.437171
-0.462323 4.328044 0.426404
-0.452833 4.329205 0.422120
-0.458806 4.333827 0.432740
-0.455552 4.339852 0.438752
-0.449380 4.335093 0.428437
-0.439532 4.335917 0.424361
-0.446087 4.341142 0.434417
-0.442727 4.346672 0.440119
-0.436255 4.341905 0.430277
-0.426138 4.342365 0.426171
-0.432833 4.347287 0.435877
-0.429595 4.351994 0.440671
-0.422804 4.347883 0.431631
-0.412598 4.348455 0.427301
-0.419698 4.352526 0.436192
-0.416702 4.356785 0.440012
-0.409461 4.353343 0.431573
-0.398768 4.354048 0.426843
-0.406498 4.357574 0.435197
-0.403933 4.361733 0.438171
-0.395944 4.358629 0.430036
-0.384909 4.359827 0.424747
-0.393523 4.362965 0.432755
-0.391432 4.367369 0.435240
-0.382398 4.364557 0.427286
-0.370957 4.366562 0.421853
-0.380473 4.369326 0.429444
-0.379032 4.373849 0.431420
-0.369268 4.371479 0.423880
-0.357906 4.373811 0.418268
-0.368147 4.376426 0.425711
-0.367566 4.381174 0.427508
-0.356977 4.378960 0.420160
-0.345726 4.382022 0.414375
-0.356695 4.384125 0.421870
-0.356874 4.389254 0.423657
-0.345437 4.387473 0.416285
-0.334364 4.391453 0.410756
-0.346099 4.392987 0.418316
-0.346799 4.398048 0.420245
-0.335074 4.396811 0.412823
-0.323308 4.401034 0.407277
-0.335863 4.402040 0.414883
-0.337284 4.407471 0.417068
-0.324516 4.406531 0.409578
-0.313365 4.411238 0.404469
-0.326196 4.412033 0.412057
-0.328213 4.417531 0.414604
-0.315087 4.417013 0.407129
-0.303789 4.421971 0.402239
-0.317221 4.422637 0.409882
-0.320188 4.428452 0.412955
-0.306204 4.428070 0.405453
-0.295110 4.433358 0.400910
-0.309243 4.433851 0.408550
-0.312656 4.439789 0.411571
-0.298070 4.439363 0.404266
-0.286746 4.444759 0.399973
-0.301609 4.445446 0.407544
-0.305421 4.451502 0.410113
-0.290374 4.451090 0.403533
-0.279044 4.456616 0.399439
-0.294268 4.457351 0.406333
-0.298474 4.463479 0.408007
-0.282911 4.463124 0.402606
-0.271442 4.468652 0.398666
-0.287055 4.469450 0.404510
-0.291521 4.475486 0.404948
-0.275606 4.475294 0.400850
-0.264151 4.480813 0.396977
-0.280109 4.481673 0.401614
-0.284713 4.487426 0.400810
-0.268566 4.487498 0.398149
-0.257087 4.492999 0.394471
-0.273171 4.493486 0.397417
-0.277707 4.498761 0.395264
-0.261663 4.499314 0.393978
-0.250318 4.504838 0.390495
-0.266231 4.504703 0.391848
-0.270498 4.509220 0.388343
-0.254899 4.510449 0.388458
-0.243803 4.515996 0.385095
-0.259104 4.515127 0.384962
-0.262893 4.518601 0.380185
-0.248101 4.520809 0.381634
-0.237510 4.526445 0.378352
-0.251882 4.524515 0.376862
-0.254821 4.526602 0.370786
-0.241557 4.530418 0.373762
-0.231795 4.536403 0.370901
-0.244680 4.532827 0.367755
-0.246794 4.533878 0.360912
-0.235069 4.539257 0.365125
-0.225811 4.545822 0.362860
-0.237218 4.540707 0.358348
-0.238365 4.540927 0.350896
-0.228237 4.547782 0.356270
-0.220360 4.555481 0.354913
-0.229616 4.548503 0.348806
-0.229661 4.547999 0.340637
-0.222017 4.556660 0.347452
-0.215167 4.565597 0.346845
-0.222262 4.556720 0.339220
-0.220467 4.555291 0.330521
-0.215470 4.565762 0.338402
-0.208823 4.574753 0.337790
-0.213610 4.564400 0.329508
-0.210169 4.561802 0.320841
-0.206999 4.573600 0.328883
-0.200540 4.582815 0.328624
-0.203466 4.571185 0.320222
-0.197085 4.580441 0.319885
-0.198815 4.567778 0.311988
-0.192197 4.576821 0.311531
-0.205762 4.558663 0.312608
-0.193143 4.563768 0.303571
-0.186711 4.559662 0.294527
-0.186321 4.572526 0.303038
-0.200360 4.554974 0.304431
-0.208577 4.545786 0.306009
-0.194444 4.551077 0.295753
-0.188072 4.546935 0.286247
-0.203081 4.542046 0.297634
-0.212309 4.533023 0.300110
-0.197380 4.538116 0.288585
-0.206949 4.529121 0.291377
-0.191643 4.533998 0.279151
-0.181737 4.542608 0.276068
-0.201379 4.525240 0.282231
-0.186133 4.529895 0.269241
-0.175981 4.537450 0.265389
-0.195833 4.521430 0.272516
-0.180042 4.523984 0.257116
-0.190038 4.517400 0.261898
-0.199239 4.509167 0.265513
-0.205368 4.512640 0.275748
-0.192065 4.504935 0.253531
-0.211072 4.516311 0.285421
-0.216624 4.520084 0.294550
-0.221905 4.523861 0.303220
-0.226485 4.527617 0.310934
-0.217082 4.536674 0.308047
-0.230619 4.531509 0.318669
-0.221605 4.540308 0.316029
-0.240177 4.522993 0.321977
-0.234038 4.534903 0.326551
-0.225378 4.543646 0.324046
-0.243397 4.526543 0.329617
-0.236542 4.537715 0.334638
-0.228180 4.546290 0.332183
-0.245937 4.529635 0.337576
-0.238034 4.539845 0.342823
-0.247415 4.532109 0.345452
-0.257698 4.524942 0.348605
-0.247850 4.533664 0.353384
-0.257974 4.526992 0.356391
-0.268892 4.520503 0.359829
-0.256948 4.527533 0.363949
-0.267923 4.521308 0.367323
-0.279110 4.514855 0.370732
-0.265859 4.520577 0.374167
-0.277050 4.514327 0.377489
-0.288538 4.507601 0.380894
-0.274218 4.512564 0.383537
-0.285689 4.506128 0.386855
-0.297024 4.498963 0.390028
-0.281980 4.503163 0.391730
-0.293383 4.496287 0.394858
-0.304612 4.489083 0.397985
-0.289197 4.492395 0.398526
-0.300490 4.485574 0.401611
-0.311688 4.478419 0.404601
-0.296061 4.480877 0.403882
-0.307366 4.474213 0.407009
-0.318520 4.467288 0.410014
-0.302856 4.469150 0.408153
-0.314120 4.462632 0.411394
-0.325123 4.456244 0.414676
-0.309668 4.457345 0.411488
-0.320697 4.451160 0.414935
-0.331521 4.445151 0.418430
-0.316501 4.445623 0.413897
-0.327308 4.439839 0.417622
-0.337819 4.434161 0.421354
-0.323543 4.434187 0.415565
-0.334061 4.428733 0.419660
-0.344381 4.423423 0.423608
-0.330847 4.423143 0.417268
-0.341378 4.418092 0.421618
-0.351889 4.413500 0.426200
-0.339038 4.412737 0.419328
-0.349617 4.408190 0.424082
-0.360161 4.404214 0.429155
-0.348054 4.403372 0.422315
-0.358656 4.399354 0.427454
-0.368707 4.395781 0.432787
-0.357598 4.394362 0.425590
-0.367869 4.390964 0.431074
-0.377808 4.387949 0.436673
-0.367511 4.385970 0.429272
-0.377686 4.383118 0.434930
-0.387490 4.380908 0.440823
-0.378185 4.378454 0.433184
-0.388331 4.376323 0.439101
-0.397753 4.374714 0.445254
-0.389749 4.371839 0.437241
-0.399269 4.370261 0.443262
-0.408861 4.368989 0.449261
-0.401469 4.365986 0.440891
-0.411258 4.364710 0.446584
-0.420868 4.363513 0.451975
-0.413836 4.360646 0.443395
-0.423688 4.359726 0.448548
-0.433425 4.358995 0.453416
-0.426642 4.355940 0.444736
-0.436411 4.355218 0.449353
-0.446002 4.354556 0.454196
-0.439446 4.351426 0.445147
-0.449090 4.350473 0.449630
-0.458567 4.349420 0.454181
-0.452275 4.345452 0.444432
-0.461698 4.344182 0.448850
-0.471024 4.342829 0.453424
-0.464873 4.338447 0.443145
-0.473939 4.336721 0.447713
-0.482461 4.334531 0.452664
-0.476975 4.330573 0.441783
-0.485494 4.328382 0.446647
-0.493858 4.325982 0.451697
-0.489544 4.322816 0.440199
-0.498242 4.320437 0.445134
-0.507004 4.317871 0.450298
-0.503729 4.316648 0.438735
-0.512796 4.314334 0.443978
-0.521782 4.311790 0.449278
-0.518590 4.312191 0.437780
-0.527742 4.309809 0.443030
-0.536924 4.307277 0.448425
-0.533278 4.308784 0.437105
-0.542516 4.306325 0.442308
-0.551733 4.303468 0.447446
-0.547624 4.306046 0.436436
-0.556924 4.303363 0.441381
-0.566121 4.300425 0.446010
-0.561675 4.303874 0.435516
-0.570917 4.301034 0.439893
-0.580094 4.297762 0.443908
-0.575143 4.302390 0.434440
-0.584422 4.299212 0.437978
-0.588163 4.301241 0.432726
-0.575417 4.297024 0.450307
-0.584750 4.293195 0.454253
-0.570209 4.296938 0.457246
-0.560918 4.300293 0.452492
-0.555131 4.301048 0.459092
-0.548966 4.302795 0.465831
-0.545968 4.304332 0.453764
-0.539794 4.306060 0.460277
-0.533510 4.309155 0.466918
-0.530797 4.309100 0.454754
-0.524584 4.312341 0.461268
-0.518627 4.317137 0.467943
-0.515714 4.315274 0.455687
-0.510229 4.320331 0.462273
-0.506567 4.326538 0.468704
-0.502069 4.323215 0.456880
-0.498885 4.329568 0.463154
-0.496755 4.335911 0.468811
-0.490823 4.332211 0.457793
-0.488536 4.338565 0.463414
-0.486182 4.344464 0.468797
-0.479851 4.340776 0.458351
-0.477252 4.346450 0.463662
-0.474438 4.351461 0.468767
-0.468011 4.348166 0.458799
-0.465110 4.352814 0.463744
-0.462289 4.356778 0.468366
-0.455583 4.353855 0.458974
-0.452798 4.357583 0.463336
-0.450098 4.361112 0.467515
-0.443067 4.358243 0.458365
-0.440324 4.361772 0.462411
-0.437726 4.365451 0.466164
-0.430645 4.362659 0.457275
-0.428115 4.366388 0.460715
-0.425925 4.370218 0.463841
-0.418414 4.367631 0.455136
-0.416578 4.371517 0.457847
-0.414990 4.375603 0.460292
-0.407082 4.373159 0.451558
-0.405989 4.377370 0.453681
-0.405436 4.381715 0.455424
-0.396802 4.379187 0.447102
-0.396441 4.383464 0.448752
-0.396681 4.387983 0.450246
-0.387161 4.385456 0.442528
-0.387554 4.390134 0.444198
-0.388856 4.394784 0.445302
-0.378403 4.392733 0.438358
-0.379659 4.397413 0.439675
-0.381539 4.402092 0.440722
-0.370095 4.400581 0.434314
-0.372074 4.405346 0.435579
-0.374602 4.410022 0.436400
-0.362227 4.409163 0.430606
-0.364814 4.414040 0.431928
-0.368059 4.418859 0.432725
-0.354588 4.418553 0.427672
-0.358146 4.423625 0.428792
-0.362344 4.428258 0.428964
-0.348185 4.428670 0.425035
-0.352455 4.433547 0.425364
-0.356797 4.437865 0.424727
-0.342034 4.439334 0.421945
-0.346423 4.443909 0.421382
-0.350776 4.447756 0.419850
-0.335950 4.449913 0.417953
-0.340310 4.454000 0.416461
-0.344474 4.457448 0.414206
-0.329529 4.460611 0.413237
-0.333729 4.464111 0.410849
-0.337606 4.466769 0.407595
-0.322763 4.471219 0.407667
-0.326676 4.474008 0.404241
-0.330075 4.475780 0.400011
-0.315682 4.481614 0.401076
-0.319216 4.483664 0.396641
-0.322016 4.484565 0.391461
-0.308284 4.491463 0.393339
-0.311254 4.492626 0.387917
-0.313274 4.492486 0.381810
-0.299927 4.500272 0.384338
-0.302055 4.500436 0.377993
-0.302926 4.499052 0.371168
-0.290591 4.507946 0.374289
-0.291607 4.506845 0.367189
-0.291161 4.503954 0.359891
-0.280130 4.513891 0.363416
-0.279795 4.511217 0.355882
-0.278134 4.507409 0.348518
-0.268654 4.518137 0.352149
-0.267029 4.514735 0.344620
-0.264350 4.510818 0.337154
-0.256160 4.521920 0.340954
-0.253643 4.518447 0.333241
-0.217477 4.552744 0.322118
-0.213369 4.549421 0.313992
-0.165402 4.542702 0.259904
-0.171505 4.551076 0.272789
-0.179272 4.555532 0.284367
-0.160349 4.559898 0.268989
-0.155722 4.571080 0.273332
-0.171190 4.564151 0.283142
-0.148529 4.562310 0.259401
-0.138995 4.563597 0.251722
-0.146897 4.571233 0.264440
-0.138454 4.572392 0.256830
-0.143951 4.580644 0.267635
-0.136524 4.581592 0.260416
-0.141399 4.590263 0.270362
-0.151662 4.580291 0.275904
-0.148102 4.589731 0.277912
-0.159753 4.581937 0.284899
-0.155211 4.591201 0.286202
-0.167351 4.585423 0.294038
-0.164976 4.573007 0.283744
-0.173113 4.576715 0.293666
-0.179493 4.568199 0.293779
-0.180060 4.581128 0.302809
-0.174112 4.589705 0.302767
-0.185994 4.585572 0.311292
-0.190771 4.589215 0.319737
-0.179963 4.594175 0.311142
-0.184549 4.597845 0.319512
-0.174182 4.602670 0.311058
-0.168917 4.611173 0.310916
-0.178394 4.606204 0.319299
-0.168676 4.598246 0.302731
-0.163693 4.606893 0.302890
-0.162103 4.594218 0.294522
-0.157349 4.603263 0.295173
-0.151141 4.600727 0.287379
-0.153018 4.612825 0.295976
-0.149274 4.623070 0.297047
-0.158788 4.615847 0.303259
-0.147342 4.610864 0.288795
-0.144124 4.621540 0.290365
-0.142265 4.610382 0.282016
-0.136831 4.610724 0.275335
-0.139656 4.621060 0.284108
-0.144894 4.599954 0.279776
-0.139097 4.600348 0.272861
-0.132531 4.601113 0.266445
-0.134534 4.591187 0.263523
-0.130421 4.611253 0.269256
-0.125016 4.601395 0.262052
-0.123194 4.611554 0.265666
-0.118017 4.601058 0.260249
-0.126886 4.590976 0.258371
-0.119640 4.590229 0.256149
-0.128552 4.581588 0.255027
-0.129582 4.573243 0.251465
-0.120006 4.581770 0.252964
-0.120554 4.572030 0.249032
-0.111580 4.581131 0.252900
-0.110729 4.590894 0.256575
-0.109158 4.600694 0.260273
-0.102054 4.589290 0.258177
-0.101071 4.598782 0.261876
-0.094737 4.587215 0.260838
-0.093681 4.596851 0.264625
-0.088210 4.584785 0.263634
-0.087046 4.594460 0.267658
-0.082464 4.582339 0.266709
-0.081466 4.592066 0.270897
-0.076988 4.579880 0.269768
-0.075916 4.589724 0.274238
-0.072426 4.577454 0.272884
-0.071211 4.587425 0.277560
-0.073898 4.567623 0.268199
-0.068055 4.575036 0.276055
-0.066744 4.585072 0.280815
-0.069836 4.565106 0.271213
-0.064278 4.572628 0.279368
-0.062789 4.582880 0.284195
-0.061729 4.593138 0.288913
-0.059298 4.580742 0.287708
-0.058147 4.591039 0.292471
-0.056252 4.578605 0.291435
-0.055170 4.588984 0.296239
-0.054202 4.599319 0.300912
-0.053058 4.586977 0.300212
-0.052076 4.597450 0.304882
-0.052104 4.585025 0.304488
-0.051097 4.595582 0.309058
-0.052794 4.583262 0.308958
-0.051522 4.593779 0.313450
-0.054900 4.581798 0.313381
-0.056400 4.571258 0.308834
-0.058370 4.580787 0.317399
-0.053368 4.592310 0.317761
-0.051639 4.602506 0.321959
-0.056625 4.591246 0.321689
-0.061008 4.590614 0.325091
-0.054703 4.601460 0.325830
-0.058895 4.600883 0.329134
-0.052653 4.611724 0.329813
-0.056726 4.611160 0.332913
-0.049880 4.612772 0.326017
-0.050945 4.621985 0.333324
-0.048722 4.622961 0.329662
-0.049511 4.632128 0.336716
-0.054533 4.621424 0.336445
-0.052482 4.631537 0.339784
-0.058880 4.621355 0.338974
-0.061427 4.611119 0.335496
-0.056510 4.631366 0.342334
-0.063729 4.621652 0.341021
-0.066565 4.611511 0.337749
-0.061152 4.631719 0.344210
-0.068708 4.622268 0.342890
-0.071811 4.612011 0.340032
-0.065707 4.632408 0.345762
-0.073721 4.623137 0.345018
-0.070495 4.633377 0.347460
-0.077062 4.612760 0.342606
-0.078799 4.624072 0.347633
-0.082437 4.613575 0.346034
-0.075363 4.634365 0.349651
-0.083932 4.625225 0.350744
-0.087833 4.614974 0.349957
-0.080366 4.635695 0.351796
-0.088896 4.627629 0.354081
-0.093336 4.618252 0.354966
-0.085416 4.637502 0.354363
-0.095103 4.632139 0.358566
-0.099363 4.623292 0.359609
-0.091152 4.640886 0.357833
-0.101973 4.637696 0.361158
-0.106525 4.629095 0.362438
-0.097919 4.645970 0.360032
-0.109350 4.643100 0.361267
-0.113990 4.634682 0.362530
-0.105001 4.651210 0.360085
-0.116130 4.648285 0.359422
-0.121096 4.639671 0.360858
-0.111703 4.656162 0.358618
-0.122237 4.652492 0.356703
-0.127357 4.644013 0.357866
-0.127615 4.656263 0.353272
-0.117667 4.660500 0.355969
-0.113341 4.668181 0.355568
-0.122944 4.664186 0.352812
-0.127734 4.667577 0.349104
-0.118487 4.672008 0.352555
-0.113913 4.679493 0.352410
-0.122993 4.675449 0.349057
-0.126635 4.678380 0.344840
-0.117948 4.682811 0.349111
-0.112424 4.689496 0.349431
-0.121320 4.685697 0.345197
-0.123718 4.688336 0.341196
-0.115407 4.692449 0.345923
-0.109150 4.698654 0.346731
-0.117361 4.694950 0.342437
-0.118531 4.697262 0.338681
-0.111069 4.701367 0.343649
-0.105101 4.706493 0.344825
-0.112093 4.703351 0.340351
-0.112534 4.705252 0.336979
-0.105747 4.708533 0.342168
-0.106120 4.710351 0.339091
-0.099529 4.713408 0.343733
-0.099090 4.711203 0.346204
-0.093852 4.717537 0.345099
-0.099830 4.715367 0.341088
-0.093845 4.719139 0.342813
-0.099631 4.716610 0.338396
-0.105955 4.711882 0.336020
-0.099261 4.717865 0.335707
-0.093528 4.720656 0.340751
-0.087904 4.723366 0.342727
-0.093119 4.722047 0.338447
-0.091925 4.722322 0.336162
-0.087470 4.724311 0.340918
-0.082081 4.726238 0.343376
-0.086422 4.724861 0.338805
-0.085161 4.725192 0.336586
-0.081125 4.726832 0.341344
-0.076918 4.727621 0.343681
-0.080022 4.727176 0.339254
-0.078750 4.726668 0.337273
-0.075909 4.727744 0.341697
-0.072295 4.727831 0.343982
-0.074669 4.727561 0.339641
-0.073314 4.726579 0.337497
-0.071083 4.727446 0.341915
-0.067762 4.727056 0.344111
-0.069775 4.726593 0.339745
-0.066503 4.726433 0.341970
-0.068388 4.725404 0.337446
-0.071925 4.725490 0.335298
-0.067224 4.723416 0.335104
-0.065253 4.724885 0.339626
-0.063980 4.723259 0.337226
-0.062681 4.724237 0.341795
-0.061454 4.722550 0.339372
-0.063793 4.725471 0.344056
-0.060166 4.723501 0.343956
-0.061199 4.724425 0.346078
-0.057874 4.722363 0.345939
-0.059112 4.721851 0.341607
-0.058075 4.719393 0.339070
-0.057123 4.721187 0.343834
-0.055426 4.720123 0.345866
-0.056312 4.719086 0.341545
-0.054839 4.718679 0.343864
-0.054918 4.714547 0.338305
-0.057125 4.714764 0.336034
-0.053342 4.714741 0.340882
-0.054074 4.707663 0.335298
-0.056628 4.707845 0.332975
-0.051576 4.707439 0.337634
-0.053367 4.699601 0.332483
-0.056307 4.699995 0.330024
-0.050697 4.699266 0.334935
-0.053291 4.691317 0.329781
-0.056886 4.692007 0.327158
-0.050464 4.690969 0.332321
-0.053668 4.683130 0.327135
-0.050620 4.682639 0.329899
-0.057395 4.684042 0.324123
-0.054214 4.675063 0.324304
-0.050859 4.674326 0.327376
-0.054902 4.666971 0.321288
-0.057950 4.676025 0.321201
-0.062187 4.676996 0.318242
-0.058783 4.668071 0.318103
-0.059761 4.659692 0.314568
-0.063115 4.669158 0.314858
-0.067971 4.670779 0.311769
-0.064165 4.661148 0.311372
-0.065330 4.653039 0.307556
-0.069134 4.663050 0.308021
-0.074341 4.665219 0.304713
-0.070185 4.655028 0.304099
-0.071273 4.646807 0.300230
-0.075449 4.657274 0.300680
-0.081018 4.659800 0.297582
-0.076510 4.649097 0.296673
-0.077529 4.640292 0.292608
-0.082089 4.651721 0.293382
-0.087994 4.654529 0.290565
-0.083230 4.642748 0.289222
-0.084293 4.633546 0.285063
-0.089336 4.645453 0.286209
-0.095842 4.648117 0.283767
-0.090462 4.636131 0.281978
-0.091433 4.626515 0.277669
-0.097139 4.638539 0.279358
-0.103911 4.640563 0.277594
-0.098189 4.628679 0.275018
-0.105352 4.630569 0.273140
-0.099189 4.618603 0.270575
-0.106356 4.620365 0.268816
-0.100125 4.608535 0.265945
-0.092195 4.616523 0.273192
-0.092879 4.606595 0.268749
-0.085764 4.614264 0.276419
-0.086338 4.604355 0.272031
-0.085136 4.624149 0.280846
-0.079902 4.611945 0.279744
-0.079308 4.621772 0.284177
-0.080604 4.602055 0.275313
-0.074482 4.609652 0.283158
-0.075166 4.599738 0.278689
-0.073858 4.619420 0.287622
-0.069578 4.607442 0.286632
-0.070308 4.597480 0.282126
-0.068945 4.617220 0.291114
-0.065035 4.605317 0.290114
-0.064363 4.615179 0.294588
-0.065780 4.595262 0.285510
-0.060923 4.603293 0.293581
-0.060229 4.613148 0.298151
-0.057262 4.601266 0.297197
-0.056558 4.611224 0.301743
-0.055891 4.620896 0.306035
-0.053368 4.609367 0.305373
-0.052645 4.619163 0.309674
-0.051091 4.607539 0.309235
-0.050254 4.617479 0.313548
-0.049819 4.605715 0.313373
-0.048651 4.615805 0.317535
-0.049987 4.603965 0.317732
-0.048736 4.614209 0.321799
-0.047822 4.624225 0.325615
-0.047992 4.625696 0.321444
-0.046904 4.634140 0.329305
-0.047362 4.635479 0.325317
-0.046093 4.643832 0.332451
-0.047567 4.633009 0.333123
-0.046436 4.642893 0.336259
-0.045615 4.652500 0.338983
-0.047997 4.642102 0.339811
-0.046841 4.651816 0.342516
-0.050595 4.641504 0.342955
-0.048951 4.651283 0.345669
-0.054218 4.641327 0.345448
-0.052132 4.651055 0.348107
-0.058562 4.641694 0.347180
-0.056087 4.651266 0.350013
-0.063057 4.642282 0.348655
-0.060549 4.651951 0.351414
-0.067561 4.643134 0.349912
-0.064868 4.652850 0.352554
-0.072152 4.644182 0.351571
-0.069261 4.653786 0.353728
-0.077058 4.645518 0.353266
-0.074150 4.654933 0.354974
-0.082095 4.647042 0.355169
-0.079042 4.656262 0.355933
-0.087476 4.649399 0.357398
-0.084054 4.657873 0.357173
-0.094077 4.653955 0.359261
-0.090388 4.661539 0.358635
-0.100880 4.658972 0.359127
-0.097013 4.666451 0.358627
-0.107419 4.663846 0.357873
-0.103274 4.671197 0.357526
-0.099206 4.678276 0.357330
-0.108949 4.675588 0.355247
-0.104488 4.682544 0.355093
-0.099702 4.689294 0.355093
-0.108893 4.686264 0.352408
-0.103530 4.692897 0.352525
-0.098446 4.698998 0.352903
-0.106798 4.695908 0.349846
-0.101278 4.701746 0.350482
-0.095975 4.706756 0.351393
-0.103492 4.704049 0.347675
-0.098167 4.709085 0.348752
-0.092516 4.713814 0.350082
-0.093230 4.715684 0.347581
-0.090703 4.711703 0.352322
-0.087084 4.717696 0.351078
-0.081929 4.721620 0.351302
-0.088084 4.719274 0.348760
-0.085600 4.716289 0.352829
-0.083881 4.714780 0.354561
-0.080401 4.720439 0.352913
-0.078941 4.719158 0.354560
-0.078104 4.722828 0.352170
-0.079970 4.723655 0.350382
-0.076556 4.721616 0.353807
-0.076459 4.724656 0.350894
-0.079034 4.724920 0.348879
-0.074516 4.724116 0.352777
-0.075374 4.726050 0.349401
-0.078487 4.726027 0.347278
-0.072986 4.725669 0.351373
-0.074564 4.727132 0.347731
-0.077870 4.727085 0.345638
-0.071492 4.726852 0.349873
-0.073470 4.727721 0.345911
-0.070221 4.727343 0.348081
-0.067405 4.726337 0.349995
-0.068981 4.727600 0.346190
-0.066069 4.726639 0.348226
-0.063478 4.725205 0.350034
-0.064917 4.726197 0.346179
-0.062244 4.725181 0.348200
-0.059760 4.723436 0.349921
-0.060961 4.723374 0.351725
-0.057467 4.721372 0.351488
-0.058762 4.723169 0.348006
-0.056603 4.721360 0.349701
-0.054155 4.718585 0.351270
-0.055824 4.720987 0.347788
-0.053705 4.718719 0.349490
-0.051155 4.714943 0.350604
-0.053542 4.718663 0.347625
-0.051209 4.715301 0.348823
-0.053189 4.717825 0.345844
-0.051149 4.715499 0.347053
-0.052116 4.715060 0.343502
-0.050682 4.713647 0.344836
-0.049470 4.707487 0.340036
-0.048260 4.707438 0.342741
-0.048346 4.699076 0.337438
-0.046209 4.698951 0.340034
-0.047687 4.690784 0.335211
-0.045623 4.690576 0.338186
-0.047797 4.682303 0.332933
-0.045683 4.681869 0.335940
-0.048206 4.673784 0.330402
-0.045912 4.673199 0.333485
-0.048800 4.665001 0.327687
-0.049656 4.656085 0.324583
-0.051422 4.665943 0.324405
-0.046529 4.664193 0.330800
-0.047359 4.655187 0.327855
-0.045243 4.663391 0.334286
-0.045916 4.654224 0.331546
-0.044649 4.672562 0.336822
-0.044682 4.662668 0.337944
-0.045364 4.653283 0.335268
-0.044035 4.671877 0.340291
-0.044881 4.662024 0.341515
-0.044133 4.671276 0.343732
-0.045672 4.661488 0.344953
-0.044892 4.670864 0.346991
-0.047662 4.661104 0.347977
-0.046421 4.670530 0.350121
-0.050363 4.660824 0.350673
-0.048827 4.670333 0.352843
-0.053924 4.660921 0.352619
-0.051989 4.670331 0.354961
-0.058022 4.661382 0.354008
-0.055836 4.670601 0.356267
-0.062399 4.662132 0.355021
-0.060045 4.671119 0.357118
-0.066792 4.662960 0.355799
-0.071457 4.664029 0.356826
-0.064457 4.671789 0.357649
-0.062225 4.680153 0.359305
-0.068985 4.672774 0.358205
-0.066655 4.680888 0.359338
-0.073629 4.673861 0.358391
-0.071306 4.681862 0.359454
-0.076138 4.665322 0.357149
-0.078838 4.675318 0.358850
-0.076409 4.683464 0.359555
-0.084403 4.677782 0.358778
-0.081227 4.667152 0.357910
-0.087130 4.669826 0.358426
-0.093324 4.673737 0.358278
-0.089691 4.681330 0.358350
-0.086189 4.688357 0.358551
-0.095219 4.685328 0.357142
-0.091060 4.692199 0.357259
-0.086947 4.698740 0.357601
-0.094957 4.695635 0.355363
-0.090437 4.701642 0.355844
-0.086119 4.707686 0.356195
-0.093566 4.704554 0.353578
-0.088557 4.709749 0.354222
-0.082778 4.705238 0.357984
-0.081812 4.713015 0.356317
-0.078851 4.710965 0.357978
-0.077349 4.717914 0.356243
-0.074965 4.716485 0.357708
-0.075002 4.720425 0.355431
-0.072645 4.718975 0.356844
-0.072554 4.722917 0.354443
-0.070152 4.721449 0.355919
-0.070510 4.724703 0.353156
-0.067868 4.723534 0.354956
-0.068873 4.725680 0.351659
-0.066287 4.724454 0.353456
-0.063725 4.722437 0.354834
-0.064684 4.725225 0.351843
-0.062242 4.723126 0.353417
-0.059865 4.720685 0.354669
-0.061201 4.720003 0.356029
-0.057240 4.717638 0.355759
-0.058525 4.721276 0.353289
-0.056021 4.718108 0.354405
-0.054869 4.718482 0.352969
-0.053212 4.713698 0.355510
-0.054359 4.713200 0.356920
-0.052108 4.714218 0.354122
-0.049505 4.706527 0.356614
-0.047901 4.697853 0.356372
-0.051350 4.705978 0.358105
-0.048158 4.706960 0.354913
-0.046090 4.698237 0.354361
-0.047089 4.707288 0.352669
-0.044746 4.698539 0.351896
-0.046755 4.707417 0.350490
-0.051181 4.714664 0.352507
-0.044242 4.698721 0.349100
-0.046554 4.707528 0.348113
-0.047248 4.707455 0.345477
-0.044143 4.698799 0.346249
-0.044842 4.698812 0.343224
-0.043408 4.690004 0.344510
-0.043490 4.681000 0.342499
-0.043355 4.689741 0.347587
-0.043997 4.690300 0.341324
-0.044179 4.681409 0.339191
-0.043403 4.680556 0.345868
-0.044095 4.689479 0.350598
-0.044190 4.680223 0.348951
-0.045489 4.689201 0.353335
-0.045743 4.679915 0.351878
-0.047492 4.688899 0.355658
-0.047874 4.679692 0.354473
-0.050131 4.688598 0.357555
-0.050066 4.697472 0.358256
-0.050723 4.679555 0.356528
-0.053219 4.688409 0.358819
-0.052751 4.697086 0.359264
-0.056671 4.688281 0.359673
-0.054188 4.679564 0.357933
-0.058042 4.679714 0.358688
-0.055891 4.696697 0.360132
-0.060438 4.688391 0.360154
-0.058999 4.696504 0.360615
-0.064351 4.688792 0.360361
-0.062519 4.696687 0.360865
-0.068925 4.689747 0.360473
-0.066447 4.697364 0.361034
-0.073709 4.691169 0.360141
-0.070995 4.698662 0.360694
-0.078347 4.693223 0.359613
-0.081241 4.685440 0.359129
-0.075300 4.700624 0.360043
-0.082539 4.695553 0.358838
-0.079042 4.702734 0.359196
-0.075495 4.709216 0.359269
-0.072201 4.707681 0.360276
-0.071861 4.714993 0.358592
-0.068713 4.713633 0.359439
-0.069721 4.717533 0.358004
-0.066623 4.716063 0.358882
-0.067340 4.719870 0.357156
-0.064587 4.717781 0.358189
-0.065401 4.721383 0.356108
-0.062851 4.718956 0.357175
-0.060184 4.715954 0.358082
-0.057714 4.712033 0.359015
-0.058538 4.716939 0.357054
-0.061951 4.715110 0.358899
-0.059601 4.711640 0.359793
-0.063684 4.714195 0.359744
-0.065593 4.712150 0.360311
-0.061399 4.711226 0.360546
-0.061096 4.703926 0.360851
-0.063546 4.709820 0.361035
-0.064523 4.704368 0.361037
-0.068473 4.705880 0.360818
-0.058350 4.704262 0.360491
-0.055752 4.704792 0.360094
-0.053358 4.705398 0.359160
-0.055789 4.712608 0.358146
-0.046625 4.644948 0.328557
-0.048191 4.646142 0.324876
-0.050468 4.647273 0.321231
-0.048871 4.636804 0.321383
-0.051334 4.638196 0.317632
-0.049560 4.627256 0.317572
-0.052001 4.628822 0.313801
-0.055154 4.630413 0.310187
-0.054309 4.639569 0.314025
-0.058768 4.632076 0.306625
-0.059583 4.622729 0.302554
-0.057828 4.641082 0.310490
-0.062814 4.633806 0.303172
-0.063703 4.624711 0.299024
-0.061845 4.642702 0.307125
-0.067345 4.635768 0.299651
-0.068298 4.626757 0.295549
-0.066370 4.644658 0.303712
-0.072256 4.637957 0.296152
-0.073172 4.628886 0.292026
-0.078507 4.631145 0.288456
-0.060840 4.651361 0.310918
-0.056876 4.649880 0.314289
-0.055843 4.658355 0.317818
-0.053426 4.648561 0.317667
-0.052407 4.657257 0.321032
-0.082458 4.725336 0.345059
-0.082690 4.724448 0.346713
-0.088157 4.722334 0.344499
-0.083012 4.723488 0.348420
-0.088358 4.720944 0.346503
-0.084094 4.721973 0.349760
-0.107528 4.610270 0.264434
-0.115510 4.611255 0.264151
-0.113804 4.621416 0.268292
-0.112302 4.631735 0.272487
-0.121279 4.621802 0.269478
-0.119247 4.632164 0.273441
-0.128273 4.621611 0.272424
-0.126045 4.632063 0.275837
-0.134603 4.621113 0.277761
-0.132068 4.631719 0.280434
-0.136961 4.631884 0.286168
-0.129244 4.642383 0.283453
-0.134440 4.642706 0.288429
-0.123444 4.642473 0.280081
-0.126283 4.652967 0.287212
-0.120844 4.652972 0.284499
-0.114829 4.652590 0.282854
-0.108749 4.651723 0.282131
-0.117085 4.642499 0.277967
-0.110590 4.641859 0.277172
-0.102352 4.650189 0.282504
-0.100734 4.659418 0.287455
-0.094294 4.657263 0.288563
-0.092830 4.665143 0.293316
-0.086758 4.662472 0.295069
-0.085202 4.670242 0.299785
-0.079695 4.667573 0.302027
-0.078102 4.675373 0.306605
-0.073082 4.673026 0.308890
-0.071716 4.680484 0.312703
-0.066649 4.678319 0.315405
-0.065522 4.685959 0.318889
-0.061453 4.684960 0.321496
-0.060744 4.692841 0.324552
-0.141321 4.632392 0.292123
-0.060459 4.719533 0.336730
-0.070538 4.723542 0.333068
-0.074636 4.723063 0.331169
-0.073307 4.720889 0.329217
-0.076033 4.724754 0.333178
-0.080466 4.723547 0.330821
-0.077398 4.726079 0.335204
-0.082206 4.724463 0.332619
-0.087438 4.721997 0.329655
-0.083760 4.725016 0.334532
-0.089178 4.722556 0.331515
-0.095356 4.718618 0.328122
-0.090686 4.722611 0.333841
-0.097042 4.718937 0.330568
-0.103417 4.714214 0.326949
-0.098388 4.718865 0.333053
-0.104760 4.713959 0.329804
-0.111167 4.708564 0.326513
-0.105589 4.713203 0.332804
-0.112051 4.707761 0.329919
-0.118443 4.701316 0.326931
-0.112286 4.706498 0.333535
-0.118965 4.700222 0.330917
-0.125513 4.692767 0.328238
-0.119104 4.699100 0.334573
-0.125577 4.691801 0.332559
-0.131747 4.683744 0.330562
-0.124966 4.690435 0.336946
-0.131174 4.682668 0.335437
-0.136689 4.674487 0.334558
-0.129484 4.680784 0.340181
-0.134513 4.672750 0.339821
-0.139538 4.664619 0.339511
-0.131594 4.670411 0.344631
-0.136433 4.662359 0.344572
-0.141552 4.654175 0.345216
-0.132389 4.659598 0.349281
-0.137480 4.651341 0.350119
-0.142802 4.642987 0.351113
-0.132729 4.647951 0.354185
-0.138060 4.639397 0.355572
-0.143818 4.630935 0.357097
-0.132682 4.635318 0.359423
-0.126254 4.630765 0.362388
-0.138168 4.626602 0.360981
-0.144264 4.617936 0.362685
-0.131846 4.621727 0.363981
-0.124652 4.616193 0.365300
-0.137976 4.612691 0.365595
-0.144458 4.603721 0.367124
-0.130710 4.606740 0.366669
-0.122647 4.600321 0.365467
-0.137178 4.597405 0.368016
-0.144096 4.588210 0.368864
-0.129001 4.590623 0.366314
-0.120399 4.583827 0.362201
-0.135844 4.581192 0.366808
-0.142964 4.572143 0.367278
-0.126894 4.574082 0.361871
-0.117487 4.566782 0.354922
-0.133739 4.564590 0.361662
-0.140862 4.555808 0.361711
-0.123548 4.556483 0.353825
-0.130394 4.547074 0.353247
-0.112339 4.548603 0.344232
-0.117755 4.535325 0.341368
-0.102205 4.545724 0.335022
-0.107808 4.560713 0.346406
-0.103425 4.571549 0.347632
-0.099217 4.557867 0.337936
-0.096031 4.569358 0.340040
-0.091911 4.557125 0.330736
-0.093963 4.545493 0.327390
-0.089248 4.568593 0.333254
-0.084977 4.557467 0.324632
-0.086653 4.546211 0.320971
-0.078394 4.558096 0.319653
-0.082868 4.568784 0.327866
-0.076481 4.569052 0.323601
-0.080334 4.579988 0.331065
-0.074283 4.579926 0.327413
-0.086415 4.580008 0.335815
-0.077635 4.590964 0.334348
-0.071968 4.590694 0.331064
-0.074828 4.601539 0.337199
-0.083563 4.591465 0.338252
-0.080470 4.602169 0.340288
-0.089508 4.592492 0.343308
-0.092703 4.581071 0.341748
-0.086119 4.603060 0.344660
-0.095657 4.594060 0.349567
-0.099212 4.582859 0.348524
-0.091930 4.604919 0.350164
-0.101876 4.597508 0.355847
-0.097541 4.608242 0.355601
-0.108886 4.603765 0.361351
-0.106660 4.587217 0.355813
-0.114330 4.594005 0.362106
-0.111827 4.576966 0.355580
-0.103757 4.613691 0.360697
-0.116741 4.610266 0.364621
-0.111300 4.619939 0.363631
-0.119054 4.625769 0.363929
-0.069394 4.601128 0.334514
-0.063983 4.600807 0.332019
-0.066278 4.590476 0.328239
-0.068437 4.579933 0.324328
-0.062992 4.580173 0.320977
-0.070329 4.569211 0.320246
-0.064720 4.569584 0.316711
-0.072132 4.558443 0.315899
-0.066345 4.558873 0.312235
-0.073682 4.547594 0.311380
-0.079865 4.546975 0.315610
-0.067903 4.548230 0.307524
-0.074885 4.536608 0.306530
-0.075858 4.525613 0.301328
-0.069396 4.537393 0.302309
-0.080999 4.535789 0.311042
-0.081632 4.524562 0.306144
-0.087673 4.534805 0.316633
-0.088236 4.523459 0.311825
-0.095138 4.533871 0.323188
-0.095567 4.522408 0.318412
-0.104124 4.533618 0.331270
-0.104211 4.521780 0.326023
-0.103471 4.509502 0.319992
-0.114415 4.521132 0.333018
-0.112630 4.508542 0.326176
-0.125564 4.518014 0.337390
-0.122487 4.506270 0.330290
-0.130783 4.529089 0.345297
-0.137029 4.513052 0.340957
-0.148534 4.507346 0.344333
-0.142296 4.522934 0.348365
-0.133451 4.502280 0.334036
-0.131072 4.490941 0.327560
-0.144821 4.497511 0.337738
-0.156320 4.492486 0.341709
-0.142109 4.486838 0.331388
-0.139670 4.475767 0.325228
-0.153276 4.482417 0.335358
-0.164800 4.477695 0.339833
-0.150837 4.471852 0.329419
-0.148710 4.460897 0.323679
-0.162120 4.467698 0.333924
-0.173640 4.463308 0.338934
-0.159991 4.457310 0.328369
-0.158325 4.446635 0.322967
-0.171555 4.453488 0.333571
-0.183202 4.449367 0.339271
-0.169985 4.443172 0.328444
-0.169016 4.432788 0.323583
-0.181827 4.439609 0.334437
-0.193704 4.435891 0.340562
-0.181028 4.429553 0.329795
-0.180828 4.419375 0.325595
-0.193005 4.426249 0.336236
-0.205069 4.422845 0.342735
-0.192930 4.416380 0.332223
-0.193835 4.406648 0.328709
-0.205212 4.413462 0.338982
-0.217193 4.410458 0.345601
-0.206181 4.404021 0.335608
-0.208286 4.394700 0.332341
-0.218175 4.401263 0.342407
-0.230271 4.398548 0.349142
-0.220539 4.392302 0.339235
-0.223987 4.383821 0.335794
-0.232716 4.389905 0.346120
-0.244801 4.387507 0.352802
-0.236098 4.381738 0.342540
-0.240049 4.374208 0.338182
-0.247972 4.379607 0.349221
-0.259793 4.377434 0.355754
-0.251801 4.372334 0.344826
-0.263478 4.370409 0.351400
-0.256183 4.365991 0.339654
-0.261007 4.360432 0.333960
-0.267728 4.364214 0.346301
-0.244622 4.367609 0.332985
-0.249607 4.361925 0.327179
-0.232840 4.369212 0.326258
-0.238092 4.363285 0.320362
-0.228121 4.375967 0.331504
-0.221106 4.370644 0.319488
-0.209102 4.372039 0.312495
-0.216182 4.377676 0.324739
-0.226474 4.364578 0.313546
-0.214663 4.365763 0.306556
-0.232233 4.359490 0.307083
-0.243655 4.358348 0.314035
-0.255033 4.357145 0.320921
-0.266285 4.355729 0.327782
-0.277524 4.354357 0.334550
-0.272461 4.358891 0.340624
-0.283809 4.357267 0.347280
-0.279247 4.362470 0.352883
-0.275120 4.368396 0.357962
-0.271565 4.375185 0.362249
-0.211814 4.385890 0.328874
-0.203939 4.379426 0.317732
-0.191466 4.381042 0.310710
-0.199502 4.387931 0.321857
-0.196022 4.397074 0.325362
-0.186832 4.389812 0.314847
-0.183324 4.399221 0.318330
-0.173791 4.391540 0.307844
-0.178584 4.382344 0.303818
-0.170549 4.401325 0.311370
-0.160060 4.393270 0.300676
-0.156979 4.403516 0.304290
-0.143042 4.405607 0.297243
-0.155979 4.414050 0.308254
-0.143164 4.416484 0.302006
-0.156255 4.424958 0.312833
-0.169021 4.411702 0.315004
-0.168547 4.422266 0.319046
-0.181483 4.409280 0.321776
-0.143955 4.427580 0.306976
-0.157037 4.435866 0.317762
-0.145322 4.438740 0.312350
-0.134060 4.441346 0.307638
-0.146943 4.449845 0.318066
-0.135795 4.452812 0.313417
-0.125100 4.455434 0.309041
-0.137638 4.464313 0.319240
-0.127113 4.467214 0.315113
-0.128985 4.479110 0.321293
-0.117268 4.469543 0.310938
-0.119087 4.481643 0.317245
-0.115371 4.457741 0.304746
-0.107952 4.471541 0.306528
-0.109599 4.483496 0.312916
-0.105889 4.460012 0.300292
-0.099377 4.473667 0.301282
-0.101082 4.485266 0.307475
-0.097256 4.462428 0.295314
-0.091800 4.475914 0.295350
-0.093540 4.487204 0.301430
-0.089592 4.464916 0.289581
-0.085069 4.478057 0.289504
-0.086788 4.489085 0.295312
-0.082759 4.467251 0.283872
-0.079015 4.480221 0.283655
-0.076571 4.469627 0.277958
-0.073732 4.482334 0.277598
-0.080549 4.490954 0.289454
-0.081664 4.502052 0.295199
-0.075444 4.492842 0.283644
-0.076300 4.503561 0.289795
-0.070901 4.494762 0.277769
-0.067481 4.496628 0.271866
-0.069242 4.484442 0.271427
-0.071838 4.505284 0.284247
-0.068495 4.506997 0.278708
-0.071796 4.515945 0.290724
-0.076549 4.514620 0.295640
-0.070891 4.526680 0.296765
-0.081926 4.513282 0.300851
-0.088368 4.511962 0.306636
-0.087839 4.500450 0.301104
-0.095483 4.510661 0.313074
-0.094835 4.498836 0.307368
-0.102393 4.497283 0.313747
-0.111025 4.495888 0.319393
-0.120638 4.494013 0.323593
-0.066960 4.474549 0.265249
-0.065865 4.486713 0.264853
-0.071310 4.472029 0.271837
-0.068685 4.462187 0.266123
-0.073950 4.459469 0.272426
-0.080170 4.456779 0.278320
-0.071227 4.449535 0.266702
-0.077379 4.446513 0.272854
-0.068481 4.439819 0.260934
-0.074570 4.436661 0.267139
-0.081490 4.433708 0.272591
-0.071497 4.426884 0.261122
-0.078285 4.423817 0.266517
-0.085817 4.420897 0.271335
-0.074861 4.413811 0.259792
-0.082022 4.410943 0.264438
-0.089794 4.408154 0.268360
-0.093833 4.417989 0.275645
-0.097592 4.427849 0.282004
-0.102251 4.415110 0.279266
-0.106384 4.425032 0.285784
-0.117232 4.422205 0.290220
-0.110027 4.435374 0.292400
-0.100946 4.438002 0.288270
-0.112976 4.446293 0.298762
-0.120509 4.432762 0.296827
-0.122962 4.443861 0.303122
-0.132148 4.430096 0.301811
-0.130138 4.419165 0.295928
-0.128465 4.408270 0.290379
-0.103603 4.448802 0.294315
-0.094834 4.451444 0.289478
-0.092206 4.440862 0.283668
-0.087184 4.454144 0.283965
-0.084469 4.443713 0.278442
-0.089187 4.430751 0.277691
-0.065763 4.498675 0.265771
-0.184335 4.374188 0.298566
-0.196852 4.373279 0.305526
-0.256700 4.385056 0.359347
-0.242303 4.395886 0.355803
-0.229149 4.407539 0.352209
-0.216951 4.419597 0.349176
-0.205706 4.432206 0.346868
-0.195050 4.445340 0.345239
-0.185253 4.458870 0.344496
-0.176309 4.472805 0.344777
-0.167852 4.487082 0.346007
-0.160036 4.501629 0.348132
-0.153409 4.516544 0.351394
-0.149363 4.532020 0.356301
-0.139511 4.539406 0.354427
-0.148770 4.547683 0.362289
-0.063038 4.549055 0.303336
-0.061555 4.559602 0.308213
-0.060009 4.570242 0.312948
-0.150251 4.563614 0.367734
-0.151275 4.579688 0.369897
-0.151543 4.595077 0.368524
-0.150771 4.609491 0.364320
-0.149855 4.622560 0.358563
-0.148718 4.634735 0.352438
-0.146971 4.645967 0.346080
-0.144715 4.656390 0.339665
-0.141725 4.666141 0.333860
-0.137358 4.675207 0.328775
-0.131461 4.684569 0.325574
-0.124684 4.693576 0.323673
-0.129557 4.564130 0.246748
-0.187383 4.600008 0.328191
-0.194044 4.591610 0.328469
-0.195527 4.592607 0.337381
-0.202147 4.583774 0.337565
-0.201917 4.583221 0.346145
-0.208600 4.574429 0.346400
-0.206576 4.572588 0.354051
-0.213292 4.563971 0.354332
-0.210121 4.561091 0.360650
-0.217588 4.553174 0.361420
-0.213973 4.549815 0.366900
-0.222430 4.542734 0.368431
-0.218170 4.538483 0.372794
-0.227633 4.532379 0.375522
-0.222993 4.527256 0.378733
-0.233071 4.521562 0.381782
-0.228356 4.515643 0.383806
-0.239197 4.510275 0.387099
-0.234427 4.503508 0.387268
-0.245688 4.498301 0.390706
-0.241194 4.491228 0.389236
-0.252623 4.486072 0.393144
-0.248429 4.479061 0.390263
-0.259929 4.473954 0.394476
-0.255948 4.467014 0.390810
-0.267634 4.461962 0.395271
-0.264044 4.455279 0.391253
-0.275336 4.450166 0.395615
-0.272238 4.443600 0.391665
-0.283621 4.438535 0.396351
-0.281053 4.432173 0.392696
-0.292630 4.427077 0.397514
-0.290423 4.420866 0.394265
-0.301943 4.415950 0.399318
-0.300289 4.410016 0.396529
-0.311722 4.405504 0.401880
-0.311166 4.399204 0.399507
-0.322737 4.395524 0.405186
-0.322655 4.389082 0.403006
-0.334007 4.385635 0.408611
-0.334808 4.379732 0.406729
-0.346518 4.376534 0.412569
-0.348081 4.370878 0.410607
-0.359481 4.368709 0.416295
-0.362287 4.362879 0.413916
-0.373567 4.361291 0.419410
-0.376611 4.355955 0.416529
-0.387771 4.354982 0.421792
-0.391140 4.349679 0.417915
-0.401979 4.349017 0.422665
-0.405399 4.343646 0.417669
-0.415935 4.343013 0.422007
-0.419307 4.337467 0.416174
-0.429538 4.336714 0.420264
-0.433015 4.330932 0.413873
-0.443003 4.330112 0.417939
-0.446991 4.325055 0.411107
-0.456837 4.324200 0.415390
-0.461570 4.320469 0.408468
-0.471177 4.319515 0.413108
-0.476518 4.317458 0.406643
-0.486196 4.316686 0.411561
-0.491578 4.315789 0.405757
-0.501130 4.314909 0.410892
-0.506133 4.315045 0.405658
-0.515442 4.313937 0.410938
-0.520002 4.314791 0.406224
-0.529162 4.313339 0.411360
-0.533325 4.314787 0.407027
-0.542325 4.313105 0.411956
-0.545985 4.315288 0.408273
-0.554971 4.313330 0.412818
-0.558129 4.316251 0.409852
-0.567029 4.314256 0.414204
-0.569634 4.317898 0.412122
-0.578523 4.315743 0.415842
-0.580705 4.319831 0.414406
-0.589681 4.317391 0.417520
-0.591446 4.321830 0.416959
-0.600755 4.318904 0.419499
-0.602217 4.323461 0.420083
-0.611932 4.320070 0.421674
-0.613244 4.324675 0.423455
-0.623677 4.320810 0.423657
-0.625058 4.325267 0.426699
-0.636763 4.320664 0.425736
-0.638042 4.324685 0.430345
-0.650387 4.319218 0.429859
-0.650979 4.322682 0.435846
-0.663408 4.315921 0.436857
-0.662917 4.318763 0.443779
-0.674234 4.311677 0.447316
-0.672867 4.314821 0.454135
-0.671255 4.317636 0.461181
-0.669627 4.319995 0.468740
-0.678083 4.314095 0.473620
-0.668697 4.321607 0.477145
-0.675384 4.316896 0.479157
-0.669812 4.321564 0.486164
-0.678341 4.314901 0.485609
-0.671647 4.320696 0.493921
-0.661089 4.328520 0.494119
-0.680983 4.313093 0.492439
-0.673577 4.319993 0.502578
-0.662175 4.328760 0.503570
-0.650055 4.337404 0.503691
-0.638440 4.345088 0.502286
-0.636496 4.348612 0.512056
-0.626571 4.352543 0.499827
-0.614528 4.359690 0.496446
-0.623966 4.356433 0.508776
-0.611630 4.363584 0.504814
-0.619334 4.361783 0.517944
-0.607214 4.368374 0.513045
-0.612853 4.368043 0.526639
-0.601246 4.373848 0.520934
-0.605394 4.374117 0.534052
-0.594194 4.379057 0.527739
-0.597712 4.379067 0.540274
-0.586775 4.383452 0.533454
-0.607981 4.374724 0.547205
-0.590175 4.382729 0.545491
-0.579450 4.386796 0.538325
-0.568285 4.390626 0.531102
-0.575267 4.387799 0.526501
-0.556693 4.394313 0.523779
-0.563395 4.391926 0.519369
-0.544882 4.397485 0.516334
-0.551336 4.395563 0.512069
-0.557946 4.392877 0.507476
-0.539281 4.398555 0.504604
-0.545538 4.396335 0.500099
-0.551815 4.393553 0.495382
-0.533509 4.399158 0.492595
-0.539573 4.396898 0.488003
-0.545391 4.394124 0.483171
-0.527725 4.399891 0.480652
-0.533306 4.397427 0.475818
-0.538442 4.394483 0.470788
-0.521688 4.399990 0.468523
-0.526803 4.397468 0.463519
-0.531282 4.394506 0.458241
-0.515348 4.399818 0.456465
-0.519779 4.397176 0.451234
-0.523647 4.393850 0.445654
-0.508278 4.399181 0.444507
-0.512127 4.395950 0.439026
-0.515406 4.391868 0.433381
-0.500361 4.397279 0.432756
-0.503556 4.393195 0.427268
-0.506249 4.388561 0.421899
-0.491506 4.394355 0.421506
-0.494180 4.389913 0.416282
-0.496726 4.385124 0.411128
-0.481784 4.391135 0.411004
-0.484221 4.386278 0.406067
-0.486551 4.381213 0.401245
-0.471391 4.387703 0.401200
-0.473745 4.382669 0.396467
-0.476193 4.377424 0.391790
-0.460731 4.384527 0.391707
-0.463355 4.379318 0.387012
-0.465907 4.373858 0.382459
-0.450204 4.381430 0.382442
-0.452985 4.376039 0.377807
-0.439947 4.378652 0.372968
-0.442810 4.373027 0.368401
-0.478610 4.371997 0.387140
-0.490908 4.370383 0.391967
-0.488810 4.375921 0.396550
-0.492958 4.364880 0.387425
-0.502812 4.368960 0.396904
-0.504704 4.363539 0.392341
-0.500841 4.374413 0.401588
-0.513968 4.367369 0.402046
-0.512223 4.372715 0.406922
-0.510465 4.378155 0.411726
-0.523107 4.370988 0.412418
-0.521731 4.376417 0.417302
-0.520080 4.381813 0.422432
-0.532426 4.374424 0.422900
-0.531132 4.379871 0.428309
-0.529243 4.385011 0.433991
-0.541473 4.377310 0.434045
-0.539991 4.382275 0.440181
-0.537938 4.386954 0.446447
-0.550487 4.378964 0.446113
-0.548875 4.383533 0.452835
-0.546389 4.387623 0.459315
-0.559863 4.379457 0.458336
-0.557970 4.383504 0.465456
-0.554908 4.387392 0.472211
-0.569501 4.378761 0.470651
-0.581363 4.373642 0.475420
-0.566831 4.382683 0.478001
-0.562812 4.386402 0.484491
-0.578884 4.377493 0.483018
-0.590910 4.372049 0.487743
-0.575186 4.381490 0.490254
-0.570323 4.385515 0.496784
-0.587448 4.376001 0.495426
-0.599589 4.370124 0.500318
-0.582737 4.380334 0.502562
-0.595001 4.374639 0.508046
-0.576941 4.384643 0.509004
-0.589261 4.379366 0.515001
-0.570267 4.388619 0.514505
-0.564448 4.389404 0.502481
-0.582432 4.384017 0.521248
-0.602666 4.366117 0.492200
-0.557709 4.390158 0.490277
-0.593114 4.368183 0.479654
-0.550552 4.390950 0.478004
-0.542995 4.391221 0.465316
-0.535023 4.390997 0.452521
-0.526770 4.389763 0.439869
-0.517995 4.387030 0.427837
-0.508526 4.383498 0.416692
-0.498856 4.379840 0.406299
-0.412742 4.364578 0.340381
-0.400743 4.367708 0.333980
-0.402196 4.361550 0.332233
-0.388853 4.370848 0.326913
-0.390579 4.364433 0.325373
-0.391748 4.358300 0.324508
-0.379348 4.367153 0.317731
-0.380840 4.360690 0.316970
-0.381254 4.354752 0.317826
-0.370047 4.362878 0.309226
-0.370884 4.356516 0.310120
-0.360646 4.357972 0.302404
-0.350357 4.359197 0.294800
-0.339890 4.389421 0.297002
-0.335343 4.397877 0.300417
-0.346632 4.394823 0.308955
-0.329967 4.406469 0.305761
-0.341519 4.402944 0.314118
-0.323646 4.414727 0.312589
-0.319171 4.409562 0.297107
-0.312311 4.418474 0.303897
-0.303788 4.428557 0.311365
-0.302175 4.421272 0.294713
-0.293485 4.431055 0.301263
-0.284013 4.442301 0.306816
-0.284598 4.432528 0.290808
-0.276045 4.442122 0.295492
-0.267454 4.451008 0.297112
-0.267910 4.442118 0.283418
-0.259595 4.450327 0.285030
-0.260041 4.442225 0.270900
-0.251775 4.449784 0.272277
-0.243170 4.457010 0.271797
-0.244361 4.449223 0.259361
-0.235726 4.456170 0.259023
-0.226879 4.463371 0.257639
-0.228525 4.455438 0.246134
-0.219479 4.462320 0.244871
-0.218055 4.471004 0.255118
-0.234549 4.464644 0.270108
-0.242416 4.466390 0.282085
-0.225921 4.472728 0.267356
-0.233691 4.474853 0.278983
-0.241158 4.477540 0.289576
-0.248200 4.480604 0.299623
-0.249931 4.468625 0.293177
-0.257144 4.471449 0.303236
-0.258701 4.459717 0.295961
-0.266006 4.461982 0.306490
-0.251073 4.458164 0.284407
-0.272951 4.465181 0.315914
-0.275204 4.452210 0.308374
-0.282151 4.454972 0.318360
-0.289068 4.460526 0.328970
-0.294306 4.442598 0.319891
-0.310335 4.434063 0.328160
-0.298827 4.451186 0.332656
-0.311200 4.442038 0.337915
-0.305454 4.457921 0.342566
-0.315952 4.449152 0.347201
-0.311883 4.464165 0.351224
-0.295844 4.466732 0.338329
-0.302150 4.472764 0.346801
-0.286565 4.475640 0.334197
-0.280001 4.469867 0.325382
-0.270697 4.479222 0.321486
-0.263947 4.474938 0.312594
-0.254874 4.484266 0.308881
-0.317728 4.469693 0.359270
-0.321916 4.455540 0.355641
-0.332444 4.447176 0.360343
-0.327868 4.461256 0.363657
-0.332378 4.466606 0.370942
-0.338027 4.453104 0.367941
-0.348404 4.445179 0.372360
-0.342659 4.458436 0.375245
-0.345185 4.463138 0.381627
-0.352811 4.450736 0.379482
-0.363071 4.443432 0.383673
-0.355584 4.455370 0.385789
-0.356370 4.458670 0.391669
-0.365724 4.447984 0.389912
-0.375858 4.440984 0.394019
-0.366708 4.451292 0.395684
-0.366125 4.453209 0.401040
-0.376797 4.444231 0.399709
-0.386827 4.437470 0.403706
-0.376222 4.446188 0.404873
-0.374743 4.447481 0.409768
-0.386150 4.439368 0.408716
-0.396030 4.433200 0.412615
-0.384580 4.440761 0.413441
-0.382161 4.441085 0.417690
-0.394294 4.434525 0.417188
-0.403932 4.428927 0.421053
-0.391795 4.434848 0.421305
-0.388487 4.434025 0.424816
-0.401250 4.429313 0.425122
-0.410566 4.424422 0.429120
-0.397830 4.428674 0.428631
-0.393959 4.427014 0.431480
-0.407006 4.423798 0.432587
-0.416126 4.419821 0.436939
-0.403125 4.422515 0.435572
-0.399068 4.420370 0.437956
-0.412193 4.418652 0.440011
-0.421143 4.415765 0.444982
-0.408146 4.416898 0.442553
-0.404020 4.414505 0.444586
-0.417014 4.414113 0.447657
-0.425548 4.411859 0.453027
-0.412701 4.411980 0.449813
-0.408513 4.409067 0.451382
-0.421166 4.409834 0.455310
-0.429672 4.408246 0.461090
-0.416979 4.407037 0.457044
-0.413321 4.403674 0.458222
-0.425627 4.405560 0.463014
-0.434475 4.404296 0.469013
-0.421993 4.402341 0.464500
-0.418879 4.398489 0.465336
-0.430735 4.401218 0.470757
-0.439717 4.400079 0.476891
-0.427371 4.397585 0.471969
-0.424843 4.393163 0.472277
-0.436543 4.396380 0.478156
-0.445845 4.395237 0.484283
-0.434070 4.392042 0.478611
-0.432398 4.387324 0.478331
-0.443492 4.390981 0.484759
-0.453055 4.389984 0.490877
-0.441879 4.386273 0.484495
-0.441269 4.381444 0.483329
-0.451474 4.385359 0.490650
-0.460976 4.384599 0.497019
-0.450856 4.380512 0.489478
-0.451221 4.375783 0.487385
-0.460422 4.379705 0.495714
-0.469910 4.379050 0.502215
-0.460732 4.374968 0.493525
-0.461960 4.370507 0.490372
-0.470304 4.374159 0.499638
-0.479523 4.373086 0.505617
-0.471491 4.369649 0.496199
-0.473356 4.365691 0.492178
-0.480648 4.368481 0.502017
-0.489886 4.367327 0.507852
-0.482499 4.364454 0.497864
-0.484689 4.360680 0.493572
-0.491494 4.363051 0.503723
-0.500029 4.361294 0.509823
-0.493552 4.359024 0.499425
-0.495539 4.354681 0.495077
-0.501881 4.356937 0.505514
-0.509655 4.354542 0.511747
-0.503631 4.352307 0.501165
-0.505739 4.347277 0.496365
-0.511292 4.349747 0.507431
-0.518567 4.347072 0.513882
-0.513154 4.344290 0.502601
-0.515078 4.338473 0.497502
-0.520396 4.341280 0.508958
-0.527530 4.338281 0.515482
-0.522303 4.335268 0.503844
-0.524398 4.328857 0.498326
-0.529526 4.332008 0.510267
-0.536648 4.328914 0.516795
-0.531752 4.325351 0.504582
-0.534754 4.318559 0.498453
-0.539146 4.321866 0.510788
-0.546799 4.318583 0.517329
-0.542682 4.315018 0.504794
-0.547798 4.308443 0.498375
-0.550818 4.311488 0.511388
-0.558640 4.308161 0.518167
-0.556280 4.304706 0.504753
-0.563181 4.298830 0.497526
-0.564559 4.300984 0.511266
-0.572421 4.297393 0.517825
-0.572003 4.294711 0.503506
-0.580439 4.290717 0.509451
-0.579435 4.289779 0.494887
-0.588810 4.285040 0.499790
-0.585984 4.286192 0.486312
-0.595250 4.281387 0.490423
-0.604304 4.276479 0.493872
-0.601012 4.279328 0.481146
-0.610202 4.274132 0.484170
-0.620173 4.268422 0.487272
-0.616067 4.273323 0.474457
-0.625727 4.267561 0.477308
-0.621955 4.273863 0.465425
-0.631379 4.268093 0.468002
-0.627431 4.275183 0.457230
-0.636852 4.269400 0.459573
-0.632360 4.276735 0.449285
-0.622572 4.282219 0.447505
-0.636973 4.278538 0.441511
-0.641936 4.270916 0.451546
-0.651506 4.264575 0.455180
-0.646858 4.272558 0.444049
-0.651556 4.274256 0.437125
-0.656738 4.266018 0.448339
-0.666519 4.259119 0.455205
-0.661909 4.267348 0.442327
-0.666653 4.269059 0.437574
-0.671801 4.260323 0.450427
-0.680953 4.253603 0.461321
-0.676763 4.261912 0.446719
-0.681627 4.263783 0.444000
-0.686101 4.254785 0.458445
-0.693881 4.248495 0.472338
-0.690729 4.256609 0.456675
-0.695321 4.258983 0.455533
-0.698581 4.250185 0.470961
-0.704565 4.245057 0.486176
-0.703123 4.252443 0.470015
-0.707109 4.255653 0.469790
-0.709113 4.247223 0.485494
-0.713031 4.243568 0.501170
-0.713193 4.250338 0.485285
-0.716307 4.254509 0.485730
-0.717351 4.246450 0.501099
-0.719391 4.244389 0.516882
-0.720597 4.250563 0.501546
-0.722696 4.255582 0.502431
-0.723057 4.248148 0.517354
-0.724041 4.247162 0.532799
-0.725474 4.253056 0.518111
-0.726089 4.258811 0.519099
-0.726542 4.251953 0.533597
-0.726218 4.252153 0.548405
-0.727332 4.257690 0.534346
-0.727160 4.257806 0.549022
-0.726620 4.263759 0.535007
-0.725171 4.264897 0.520212
-0.724443 4.269839 0.535559
-0.726692 4.263854 0.549409
-0.725880 4.264719 0.563033
-0.724881 4.270091 0.549540
-0.721534 4.276200 0.549347
-0.724428 4.270946 0.562899
-0.723390 4.272018 0.575687
-0.721439 4.277152 0.562334
-0.716783 4.283299 0.561311
-0.720762 4.278274 0.574745
-0.719756 4.279612 0.586618
-0.716586 4.284610 0.573192
-0.711064 4.291123 0.571592
-0.716107 4.285987 0.584891
-0.715408 4.286929 0.596208
-0.711153 4.292517 0.583015
-0.711280 4.293614 0.594368
-0.705448 4.299356 0.581200
-0.704865 4.297983 0.569933
-0.699257 4.306804 0.579992
-0.706225 4.300387 0.592662
-0.706901 4.300715 0.604467
-0.700551 4.307583 0.591351
-0.694090 4.315506 0.590909
-0.702009 4.307645 0.602955
-0.703129 4.306460 0.615642
-0.696301 4.314759 0.603165
-0.690430 4.321779 0.604377
-0.698321 4.312788 0.615944
-0.699624 4.309654 0.628621
-0.692840 4.319057 0.617171
-0.686975 4.324640 0.619823
-0.694546 4.315363 0.629894
-0.695488 4.310728 0.642289
-0.688776 4.320506 0.632233
-0.689890 4.315708 0.644407
-0.682437 4.325213 0.635346
-0.680542 4.329611 0.623680
-0.683686 4.320025 0.647096
-0.675461 4.329511 0.639324
-0.673485 4.334352 0.628284
-0.677010 4.323915 0.650548
-0.668154 4.332917 0.643855
-0.665881 4.338349 0.633403
-0.670263 4.326766 0.654289
-0.660721 4.335508 0.648527
-0.658022 4.341204 0.638506
-0.663126 4.328794 0.658578
-0.653261 4.337130 0.652728
-0.650224 4.343116 0.642863
-0.656024 4.330074 0.662524
-0.645989 4.337854 0.656126
-0.642571 4.344096 0.646461
-0.649130 4.330561 0.665688
-0.638998 4.337765 0.658728
-0.635191 4.344273 0.649160
-0.642373 4.330533 0.668270
-0.632115 4.337225 0.660753
-0.635819 4.329806 0.670073
-0.625628 4.336011 0.661984
-0.628116 4.343838 0.651106
-0.621370 4.342578 0.652332
-0.623865 4.349451 0.641436
-0.631183 4.349840 0.639586
-0.619425 4.354160 0.631678
-0.616890 4.348305 0.642606
-0.612176 4.353097 0.632810
-0.610343 4.346159 0.643028
-0.615032 4.340437 0.652726
-0.604305 4.343225 0.642745
-0.605322 4.351118 0.633309
-0.599212 4.348171 0.632991
-0.600226 4.355445 0.623640
-0.595223 4.359051 0.614203
-0.593838 4.352529 0.623204
-0.607299 4.357293 0.623215
-0.614778 4.358203 0.622070
-0.622432 4.358528 0.620483
-0.626941 4.354599 0.629992
-0.634790 4.354054 0.627408
-0.638823 4.349472 0.636923
-0.646847 4.348293 0.633283
-0.655054 4.346175 0.628688
-0.663134 4.342941 0.623219
-0.670874 4.338735 0.617257
-0.677845 4.333672 0.611955
-0.684325 4.328107 0.607247
-0.681092 4.330741 0.595542
-0.687502 4.323462 0.592177
-0.684448 4.324578 0.580801
-0.692017 4.315423 0.579665
-0.681458 4.325149 0.569443
-0.690010 4.315096 0.568453
-0.697996 4.305703 0.568676
-0.696893 4.304941 0.557885
-0.704550 4.296559 0.558654
-0.710946 4.289822 0.559945
-0.710565 4.288984 0.548089
-0.716674 4.282405 0.548920
-0.715796 4.282396 0.536575
-0.720811 4.276031 0.536025
-0.718929 4.277172 0.522647
-0.722755 4.271019 0.521377
-0.720039 4.273317 0.507306
-0.722328 4.267282 0.505371
-0.723231 4.261282 0.503735
-0.718762 4.265140 0.488620
-0.718199 4.259552 0.486877
-0.712150 4.264725 0.471777
-0.710253 4.259753 0.470325
-0.702671 4.266172 0.455810
-0.699468 4.262100 0.455157
-0.690315 4.269513 0.441968
-0.686335 4.266213 0.442326
-0.675848 4.274154 0.431701
-0.671421 4.271319 0.433979
-0.660257 4.279035 0.427488
-0.656038 4.276335 0.431525
-0.645095 4.283286 0.428571
-0.641169 4.280618 0.434588
-0.631095 4.286283 0.433491
-0.626979 4.284062 0.440135
-0.588573 4.348853 0.621813
-0.588567 4.356359 0.613695
-0.582946 4.352774 0.612091
-0.583233 4.359825 0.604409
-0.577475 4.356115 0.602761
-0.578013 4.362935 0.595831
-0.572297 4.359107 0.594009
-0.572509 4.365823 0.587491
-0.567058 4.361907 0.585559
-0.566608 4.368581 0.579577
-0.561875 4.364395 0.577246
-0.560584 4.371124 0.571823
-0.555844 4.366936 0.569746
-0.553380 4.373826 0.564633
-0.549620 4.369273 0.562369
-0.545936 4.376403 0.557497
-0.542237 4.371607 0.555534
-0.537581 4.378781 0.550679
-0.534369 4.373889 0.548849
-0.528821 4.380973 0.543884
-0.541823 4.383001 0.551535
-0.532727 4.385345 0.544693
-0.523283 4.387385 0.537659
-0.519952 4.383004 0.537103
-0.513772 4.389073 0.530619
-0.510610 4.384823 0.530522
-0.503718 4.390632 0.523830
-0.501129 4.386268 0.523898
-0.493727 4.391798 0.517043
-0.491314 4.387337 0.517387
-0.483857 4.392532 0.510285
-0.481620 4.388131 0.510700
-0.474309 4.392896 0.503420
-0.471975 4.388682 0.503991
-0.464862 4.393418 0.496700
-0.477480 4.396314 0.501858
-0.467970 4.396824 0.495212
-0.458475 4.397626 0.488868
-0.471554 4.399510 0.493055
-0.462000 4.400548 0.486886
-0.452589 4.401824 0.480971
-0.465867 4.402882 0.484410
-0.456511 4.404154 0.478499
-0.447326 4.405533 0.472657
-0.460741 4.405853 0.475501
-0.451671 4.407168 0.469702
-0.442803 4.408626 0.464033
-0.456235 4.408434 0.466308
-0.447358 4.409901 0.460753
-0.438582 4.411496 0.455291
-0.451906 4.410630 0.456995
-0.442983 4.412261 0.451689
-0.434141 4.414285 0.446591
-0.447338 4.412249 0.447562
-0.438189 4.414347 0.442628
-0.429050 4.417133 0.437942
-0.441898 4.414080 0.438413
-0.432434 4.416825 0.433798
-0.422963 4.419999 0.429339
-0.435285 4.415605 0.429287
-0.425640 4.418779 0.424869
-0.415796 4.422854 0.420615
-0.427503 4.416969 0.420104
-0.417283 4.420913 0.415812
-0.407034 4.425830 0.411763
-0.418063 4.418632 0.410818
-0.407306 4.423217 0.406591
-0.396594 4.428492 0.402342
-0.406628 4.419444 0.401250
-0.395367 4.424592 0.396757
-0.384061 4.430156 0.392300
-0.393766 4.419913 0.391115
-0.381922 4.425241 0.386406
-0.370348 4.431349 0.381594
-0.380172 4.419850 0.380364
-0.367738 4.425529 0.375253
-0.355521 4.431844 0.370147
-0.366077 4.419805 0.368850
-0.353117 4.425929 0.363377
-0.340154 4.432806 0.357865
-0.352550 4.419956 0.356589
-0.338630 4.426460 0.350254
-0.324713 4.433795 0.343849
-0.339972 4.419880 0.342946
-0.325395 4.426469 0.335694
-0.343147 4.413074 0.335414
-0.348100 4.406117 0.328573
-0.329619 4.418570 0.328006
-0.335516 4.410612 0.320743
-0.316399 4.423820 0.320018
-0.353605 4.399026 0.322220
-0.327711 4.440662 0.352385
-0.343735 4.439138 0.365180
-0.359296 4.437984 0.376908
-0.373354 4.436552 0.387902
-0.386086 4.434462 0.398145
-0.396897 4.431307 0.407695
-0.405901 4.427667 0.416566
-0.413580 4.424119 0.425102
-0.419803 4.420427 0.433406
-0.425229 4.416805 0.441662
-0.429924 4.413405 0.450074
-0.434107 4.410220 0.458540
-0.438401 4.406816 0.466864
-0.443335 4.403160 0.475036
-0.449030 4.398842 0.482907
-0.455394 4.394132 0.490303
-0.462481 4.389270 0.497314
-0.470515 4.383987 0.503580
-0.480101 4.383308 0.510118
-0.479349 4.378210 0.508424
-0.489723 4.382352 0.516465
-0.488889 4.377213 0.514447
-0.499304 4.381142 0.522756
-0.508469 4.379697 0.529174
-0.498072 4.375906 0.520664
-0.497962 4.370718 0.517603
-0.507193 4.374469 0.526867
-0.515942 4.372687 0.533167
-0.506721 4.369170 0.523728
-0.507113 4.364070 0.520054
-0.515050 4.367349 0.530073
-0.523432 4.365283 0.536366
-0.515284 4.362142 0.526318
-0.515934 4.357065 0.522332
-0.523112 4.359943 0.532679
-0.530847 4.357608 0.539006
-0.523432 4.354677 0.528724
-0.524538 4.349580 0.524560
-0.531132 4.352316 0.535039
-0.538606 4.349843 0.541582
-0.531789 4.346868 0.531037
-0.533049 4.341337 0.526776
-0.539189 4.344306 0.537507
-0.546330 4.341777 0.544080
-0.540212 4.338664 0.533255
-0.541715 4.332601 0.528658
-0.547182 4.336067 0.539933
-0.554020 4.333611 0.546967
-0.548426 4.330024 0.535423
-0.550690 4.322851 0.529973
-0.555222 4.327452 0.542493
-0.561465 4.324979 0.550048
-0.557351 4.320344 0.537223
-0.560975 4.312746 0.531491
-0.563498 4.318077 0.544885
-0.569245 4.315632 0.552778
-0.566976 4.310235 0.538976
-0.572293 4.302098 0.532532
-0.572539 4.307883 0.547040
-0.577721 4.305680 0.555494
-0.578043 4.299591 0.540495
-0.583242 4.297400 0.549127
-0.585420 4.291446 0.532669
-0.579330 4.294188 0.524908
-0.590874 4.289212 0.541824
-0.594734 4.283691 0.522675
-0.588048 4.286942 0.515562
-0.600158 4.281579 0.533586
-0.608063 4.274806 0.511069
-0.597444 4.280509 0.504058
-0.614370 4.270886 0.497566
-0.624297 4.265244 0.512366
-0.611373 4.273870 0.526452
-0.614407 4.273199 0.539808
-0.624434 4.266016 0.525282
-0.625711 4.266368 0.537826
-0.636920 4.258786 0.526751
-0.648872 4.252521 0.529197
-0.637416 4.257754 0.515459
-0.637217 4.259641 0.538285
-0.648574 4.253544 0.539778
-0.637983 4.260155 0.549502
-0.638942 4.260119 0.560412
-0.648578 4.254398 0.550283
-0.627415 4.266183 0.549885
-0.629272 4.265668 0.561254
-0.617326 4.272463 0.552038
-0.620061 4.271245 0.563399
-0.608133 4.278841 0.556406
-0.604479 4.280080 0.545078
-0.599668 4.285889 0.561838
-0.611430 4.277381 0.567228
-0.614429 4.275652 0.577739
-0.603512 4.284173 0.571975
-0.607062 4.282034 0.581986
-0.596897 4.291634 0.577423
-0.600938 4.289057 0.587109
-0.592350 4.299065 0.583064
-0.592593 4.293639 0.567805
-0.587598 4.301504 0.573698
-0.588102 4.295465 0.558209
-0.582731 4.303628 0.564430
-0.595551 4.287486 0.551637
-0.579990 4.311201 0.569917
-0.585136 4.308882 0.579169
-0.578781 4.317886 0.574820
-0.574707 4.313354 0.561094
-0.573319 4.320144 0.566023
-0.572134 4.326473 0.570617
-0.567702 4.322465 0.557665
-0.566424 4.328786 0.562241
-0.565172 4.334836 0.566672
-0.560298 4.331238 0.554441
-0.559496 4.337180 0.558658
-0.558380 4.342902 0.562877
-0.553207 4.339455 0.551039
-0.552288 4.345186 0.555180
-0.551950 4.350804 0.559240
-0.545828 4.347475 0.548203
-0.545512 4.353033 0.552228
-0.545933 4.358552 0.555931
-0.538399 4.355288 0.545500
-0.538864 4.360774 0.549204
-0.540053 4.366272 0.552598
-0.531259 4.363027 0.542754
-0.532386 4.368505 0.546081
-0.524464 4.370659 0.539556
-0.526203 4.375994 0.542134
-0.517455 4.377969 0.535600
-0.547265 4.364030 0.559335
-0.553106 4.361825 0.566635
-0.551926 4.356329 0.563120
-0.558711 4.359481 0.574223
-0.557294 4.354074 0.570763
-0.563585 4.357003 0.582545
-0.562035 4.351615 0.579082
-0.568467 4.354302 0.591132
-0.566576 4.348993 0.587679
-0.573489 4.351430 0.600097
-0.571281 4.346144 0.596609
-0.578840 4.348212 0.609529
-0.576647 4.342949 0.606053
-0.584787 4.344274 0.619181
-0.590450 4.339880 0.628982
-0.582465 4.339185 0.615778
-0.581464 4.333848 0.611917
-0.588283 4.334842 0.625569
-0.587042 4.329630 0.621717
-0.594066 4.329823 0.635151
-0.592915 4.324687 0.631196
-0.596218 4.334665 0.638620
-0.599634 4.324053 0.644534
-0.604860 4.317652 0.653639
-0.601611 4.328815 0.648021
-0.598422 4.319154 0.640588
-0.597384 4.314185 0.636504
-0.603586 4.312914 0.649736
-0.608228 4.306071 0.658274
-0.602523 4.308081 0.645615
-0.601506 4.303094 0.641259
-0.606977 4.301407 0.654138
-0.605806 4.296497 0.649874
-0.610859 4.294295 0.662327
-0.609508 4.289606 0.657929
-0.614067 4.286960 0.669940
-0.612245 4.298769 0.666433
-0.613682 4.303166 0.670423
-0.615567 4.291273 0.674132
-0.617140 4.295482 0.678228
-0.618086 4.283651 0.681499
-0.619715 4.287667 0.685544
-0.616588 4.279449 0.677311
-0.619760 4.275975 0.688573
-0.620448 4.268299 0.695549
-0.618170 4.271947 0.684415
-0.621537 4.279823 0.692674
-0.623436 4.283410 0.696449
-0.621947 4.271891 0.699539
-0.623964 4.275301 0.703303
-0.621469 4.264047 0.706349
-0.623198 4.267366 0.710133
-0.618948 4.256567 0.713504
-0.619801 4.260581 0.702541
-0.617232 4.253244 0.709806
-0.617873 4.257119 0.698758
-0.618790 4.264506 0.691530
-0.615957 4.253447 0.694852
-0.615200 4.249960 0.706188
-0.610597 4.243201 0.713995
-0.613074 4.246543 0.702506
-0.610949 4.242969 0.698744
-0.608498 4.239920 0.710415
-0.602215 4.233465 0.718740
-0.606434 4.236451 0.706763
-0.604694 4.232867 0.703167
-0.600375 4.230058 0.715135
-0.593800 4.223702 0.723565
-0.598918 4.226458 0.711485
-0.598734 4.222548 0.708153
-0.592697 4.220199 0.719996
-0.586728 4.213493 0.728834
-0.592699 4.216220 0.716834
-0.594337 4.212225 0.713829
-0.586868 4.209772 0.725733
-0.580809 4.203345 0.734593
-0.588107 4.205909 0.722623
-0.590746 4.202121 0.719636
-0.581985 4.199506 0.731365
-0.575543 4.193017 0.739664
-0.584393 4.195809 0.728246
-0.587816 4.192269 0.725415
-0.577863 4.189276 0.736409
-0.571349 4.182643 0.744286
-0.581190 4.185761 0.733361
-0.585499 4.182410 0.730740
-0.574601 4.179105 0.741204
-0.568162 4.172284 0.748654
-0.579023 4.175891 0.738464
-0.584398 4.172967 0.736195
-0.572763 4.169165 0.745825
-0.566584 4.162228 0.752776
-0.578091 4.166379 0.743573
-0.583818 4.163807 0.741678
-0.571880 4.159525 0.750506
-0.565734 4.152491 0.757056
-0.577588 4.157013 0.748617
-0.583526 4.154872 0.747267
-0.571362 4.150019 0.755187
-0.565215 4.142865 0.761487
-0.577182 4.147810 0.753730
-0.583067 4.145882 0.752662
-0.570973 4.140660 0.760061
-0.564666 4.133271 0.765917
-0.576612 4.138588 0.758839
-0.582158 4.136807 0.758109
-0.570198 4.131248 0.764872
-0.563622 4.123747 0.770625
-0.575486 4.129378 0.764181
-0.580761 4.127621 0.763749
-0.568776 4.121925 0.770080
-0.562134 4.114590 0.775927
-0.573973 4.120160 0.769726
-0.579047 4.118604 0.769760
-0.567238 4.112780 0.775613
-0.560546 4.105531 0.781400
-0.572049 4.111185 0.775660
-0.576794 4.109707 0.776109
-0.565343 4.103835 0.781450
-0.558754 4.096860 0.787087
-0.569842 4.102394 0.781988
-0.573987 4.101128 0.782791
-0.563051 4.095440 0.787718
-0.556545 4.088583 0.793228
-0.566980 4.094314 0.788573
-0.570541 4.093598 0.789873
-0.560151 4.087559 0.794296
-0.554060 4.080948 0.799677
-0.563503 4.086877 0.795674
-0.566506 4.086460 0.797282
-0.557263 4.080299 0.801027
-0.551710 4.073833 0.806032
-0.560164 4.079931 0.802556
-0.554448 4.073523 0.807686
-0.562638 4.080034 0.804533
-0.569034 4.086532 0.799308
-0.556670 4.073641 0.809565
-0.564608 4.080390 0.806746
-0.571206 4.086919 0.801635
-0.558813 4.073981 0.811544
-0.566036 4.081161 0.809333
-0.572767 4.087821 0.804331
-0.560184 4.074883 0.813950
-0.567080 4.082284 0.812096
-0.574127 4.088828 0.807075
-0.561377 4.075857 0.816570
-0.567853 4.083493 0.814918
-0.574890 4.090160 0.810084
-0.561854 4.077107 0.819264
-0.568067 4.084970 0.817782
-0.562153 4.078494 0.822098
-0.575225 4.091662 0.813105
-0.568037 4.086567 0.820711
-0.561939 4.079932 0.824865
-0.567496 4.088398 0.823571
-0.575311 4.093410 0.816134
-0.583278 4.100585 0.811196
-0.574737 4.095529 0.819015
-0.582716 4.102777 0.814280
-0.573815 4.097708 0.821922
-0.581375 4.105140 0.817311
-0.566550 4.090364 0.826349
-0.572151 4.099994 0.824619
-0.579422 4.107544 0.820195
-0.564913 4.092459 0.828876
-0.570060 4.102303 0.827158
-0.576956 4.110075 0.822788
-0.563290 4.094533 0.831337
-0.567310 4.104642 0.829398
-0.574285 4.112592 0.824846
-0.560808 4.096803 0.833599
-0.564261 4.107099 0.831349
-0.557864 4.099052 0.835567
-0.571213 4.115161 0.826679
-0.561019 4.109306 0.832976
-0.567616 4.117651 0.828443
-0.554757 4.101182 0.837210
-0.557377 4.111454 0.834557
-0.553241 4.113384 0.835997
-0.563743 4.119817 0.829960
-0.551322 4.103187 0.838656
-0.545779 4.095076 0.842176
-0.547546 4.104882 0.840046
-0.543591 4.106486 0.841408
-0.542133 4.096675 0.843520
-0.536902 4.088569 0.846870
-0.538359 4.098187 0.844896
-0.534372 4.099783 0.846275
-0.533229 4.090043 0.848215
-0.528758 4.082168 0.850861
-0.529498 4.091463 0.849585
-0.525530 4.092559 0.850603
-0.525280 4.083343 0.852068
-0.521392 4.075312 0.853853
-0.521515 4.084344 0.852995
-0.517616 4.085270 0.853947
-0.518033 4.076262 0.854869
-0.514513 4.068179 0.856582
-0.514344 4.077122 0.855754
-0.511416 4.069014 0.857378
-0.510852 4.077772 0.856491
-0.508172 4.069691 0.857942
-0.507156 4.078288 0.856913
-0.513822 4.085946 0.854533
-0.509918 4.086478 0.854967
-0.517318 4.094242 0.852229
-0.513187 4.094842 0.852620
-0.521690 4.102805 0.848961
-0.521421 4.093521 0.851518
-0.525984 4.101962 0.848374
-0.530823 4.110406 0.844862
-0.530140 4.100965 0.847396
-0.535106 4.109304 0.843897
-0.540443 4.117992 0.839846
-0.539472 4.108003 0.842738
-0.544867 4.116692 0.838709
-0.550680 4.125459 0.834267
-0.549234 4.115052 0.837340
-0.555321 4.123721 0.832842
-0.561774 4.132627 0.828135
-0.559489 4.121921 0.831485
-0.566256 4.130692 0.826715
-0.573295 4.139515 0.821502
-0.570479 4.128405 0.825198
-0.574559 4.126015 0.823597
-0.577727 4.137109 0.819772
-0.585030 4.145973 0.814329
-0.581997 4.134698 0.818114
-0.585681 4.132129 0.816246
-0.589534 4.143411 0.812582
-0.597066 4.152268 0.806744
-0.593439 4.140700 0.810633
-0.597161 4.137945 0.808616
-0.601377 4.149549 0.804627
-0.609162 4.158429 0.798730
-0.605241 4.146800 0.802494
-0.608622 4.144010 0.800142
-0.613258 4.155696 0.796429
-0.621181 4.164873 0.790156
-0.616786 4.153050 0.793913
-0.619810 4.150297 0.791121
-0.624824 4.162304 0.787586
-0.632667 4.171564 0.780727
-0.627822 4.159600 0.784670
-0.630121 4.156835 0.781476
-0.635652 4.168835 0.777804
-0.643309 4.177712 0.770525
-0.637848 4.165959 0.774514
-0.639375 4.163089 0.771063
-0.645158 4.174709 0.767038
-0.652179 4.183182 0.759309
-0.646300 4.171805 0.763570
-0.646863 4.169052 0.760135
-0.652985 4.180298 0.755786
-0.659750 4.188787 0.747846
-0.653307 4.177559 0.752451
-0.652837 4.174955 0.749158
-0.659782 4.185851 0.744500
-0.666720 4.193535 0.736363
-0.659234 4.183067 0.741376
-0.658203 4.180314 0.738307
-0.665973 4.190534 0.733137
-0.672563 4.197550 0.724721
-0.664808 4.187566 0.730128
-0.663057 4.184750 0.727319
-0.671308 4.194340 0.721631
-0.677300 4.200881 0.713069
-0.669501 4.191210 0.718804
-0.666972 4.188074 0.716054
-0.675336 4.197327 0.710113
-0.680464 4.203377 0.701467
-0.672724 4.194027 0.707390
-0.669315 4.191210 0.704954
-0.677801 4.199810 0.698634
-0.682043 4.205789 0.690249
-0.674394 4.196860 0.696166
-0.670423 4.194525 0.694025
-0.678798 4.202513 0.687532
-0.682698 4.208457 0.679159
-0.674935 4.200031 0.685286
-0.670641 4.198297 0.683379
-0.678952 4.205733 0.676707
-0.682575 4.211226 0.668360
-0.674705 4.203665 0.674621
-0.670005 4.202418 0.672919
-0.678329 4.209029 0.665988
-0.681570 4.214539 0.657776
-0.673645 4.207662 0.664124
-0.668648 4.207084 0.662761
-0.676916 4.213197 0.655739
-0.679857 4.218868 0.647925
-0.671949 4.212732 0.654238
-0.666781 4.212735 0.652997
-0.674872 4.218389 0.646259
-0.677541 4.224128 0.638512
-0.669777 4.218566 0.645036
-0.664456 4.219195 0.644060
-0.672439 4.224357 0.637152
-0.674683 4.229723 0.629378
-0.667027 4.225111 0.636079
-0.661261 4.226318 0.635330
-0.669158 4.230488 0.628075
-0.670891 4.235219 0.620095
-0.663203 4.231930 0.627144
-0.657066 4.233634 0.626515
-0.664717 4.236671 0.618962
-0.665775 4.240450 0.610473
-0.658167 4.238539 0.618125
-0.651243 4.240898 0.617822
-0.658841 4.242499 0.609501
-0.659023 4.245617 0.600407
-0.651529 4.245007 0.608969
-0.643907 4.248170 0.609190
-0.651301 4.248430 0.599881
-0.650756 4.251061 0.590497
-0.643330 4.251904 0.600117
-0.635590 4.255867 0.601202
-0.642543 4.255065 0.590793
-0.641468 4.257480 0.581116
-0.634463 4.259501 0.591969
-0.626765 4.264447 0.594108
-0.632934 4.262339 0.582267
-0.631201 4.264380 0.572129
-0.624762 4.267534 0.584395
-0.617171 4.273184 0.587623
-0.622573 4.269768 0.574308
-0.619545 4.269808 0.597202
-0.610304 4.279212 0.591632
-0.613201 4.275491 0.600924
-0.604732 4.285715 0.596579
-0.608144 4.281644 0.605690
-0.601058 4.292227 0.601944
-0.596984 4.296004 0.592549
-0.598144 4.298368 0.607462
-0.604554 4.287772 0.611046
-0.607467 4.282518 0.619830
-0.601489 4.293416 0.616520
-0.604459 4.287858 0.625350
-0.598474 4.298779 0.622312
-0.601847 4.292987 0.631242
-0.597016 4.303881 0.627514
-0.595097 4.303877 0.613038
-0.592926 4.309129 0.618219
-0.591600 4.308342 0.603579
-0.589401 4.313647 0.608418
-0.594353 4.302481 0.598076
-0.587769 4.312182 0.593907
-0.589892 4.305977 0.588658
-0.583463 4.315270 0.584174
-0.585698 4.317589 0.598530
-0.583488 4.322960 0.603099
-0.581558 4.321018 0.588795
-0.579301 4.326462 0.593339
-0.577093 4.323956 0.579502
-0.574879 4.329530 0.584029
-0.570389 4.332318 0.575185
-0.572389 4.335017 0.588518
-0.568100 4.337808 0.579597
-0.570913 4.340540 0.592659
-0.577022 4.331906 0.597890
-0.581829 4.328362 0.607618
-0.575906 4.337434 0.602147
-0.587015 4.324333 0.617436
-0.592072 4.319545 0.627130
-0.587682 4.318954 0.613016
-0.592041 4.314318 0.622793
-0.596788 4.309050 0.632222
-0.566601 4.343376 0.583782
-0.562239 4.345975 0.575217
-0.557422 4.348457 0.566937
-0.563592 4.340429 0.570997
-0.601098 4.298094 0.636680
-0.604935 4.291626 0.645328
-0.605047 4.286715 0.639721
-0.608194 4.284772 0.653167
-0.611100 4.277786 0.660972
-0.607870 4.280139 0.647910
-0.610327 4.273183 0.655882
-0.609422 4.275377 0.642331
-0.612161 4.270520 0.637120
-0.611287 4.268717 0.650608
-0.607098 4.281778 0.633867
-0.610063 4.276687 0.628587
-0.613269 4.271475 0.623628
-0.610793 4.276913 0.614588
-0.615293 4.265645 0.632280
-0.617372 4.266209 0.619052
-0.618983 4.260586 0.627816
-0.622736 4.260876 0.615103
-0.615328 4.271176 0.610119
-0.621285 4.265608 0.606245
-0.628125 4.260431 0.603184
-0.629197 4.256109 0.612162
-0.636474 4.251899 0.610295
-0.630084 4.251135 0.621105
-0.636960 4.247249 0.619206
-0.623821 4.255572 0.623994
-0.630122 4.245325 0.629795
-0.624244 4.249747 0.632763
-0.636663 4.241719 0.627869
-0.629475 4.239166 0.638446
-0.628333 4.232880 0.647221
-0.635713 4.235537 0.636424
-0.624280 4.243553 0.641572
-0.620650 4.248206 0.645379
-0.623839 4.237275 0.650460
-0.620462 4.241861 0.654244
-0.622610 4.230946 0.659409
-0.620608 4.224672 0.668515
-0.626792 4.226552 0.656190
-0.619593 4.235371 0.663037
-0.616949 4.239653 0.666872
-0.617642 4.229042 0.672020
-0.615012 4.233140 0.675459
-0.614513 4.222773 0.681034
-0.610373 4.216541 0.690026
-0.611806 4.226743 0.684315
-0.617715 4.218658 0.677759
-0.621660 4.214610 0.674833
-0.613928 4.212724 0.687052
-0.609351 4.206843 0.696380
-0.618196 4.208894 0.684314
-0.623161 4.205420 0.682312
-0.614093 4.203414 0.694016
-0.609138 4.197756 0.703334
-0.619114 4.200181 0.691998
-0.624495 4.197441 0.690441
-0.614511 4.194855 0.701525
-0.609001 4.189203 0.710551
-0.619917 4.192201 0.699942
-0.625478 4.190102 0.698957
-0.614570 4.186668 0.709023
-0.608616 4.180754 0.717512
-0.620139 4.184646 0.707955
-0.625841 4.183277 0.707446
-0.614407 4.178914 0.716552
-0.608260 4.172759 0.724525
-0.620081 4.177643 0.716051
-0.625580 4.176495 0.715708
-0.613962 4.171394 0.723959
-0.607755 4.164926 0.731477
-0.619515 4.170328 0.723685
-0.624851 4.169525 0.723626
-0.613327 4.163870 0.731246
-0.607032 4.157135 0.738483
-0.618703 4.162950 0.731169
-0.623849 4.162433 0.731392
-0.612462 4.156075 0.738335
-0.606076 4.148916 0.745153
-0.617635 4.155406 0.738484
-0.622744 4.155125 0.738879
-0.611288 4.148079 0.745261
-0.604881 4.140424 0.751677
-0.616421 4.147594 0.745610
-0.621003 4.147561 0.746476
-0.609819 4.139871 0.752203
-0.602802 4.131950 0.758595
-0.614309 4.139581 0.753053
-0.618565 4.139674 0.754362
-0.607253 4.131491 0.759557
-0.600110 4.123472 0.765904
-0.611483 4.131420 0.760947
-0.615244 4.131826 0.762752
-0.604149 4.123347 0.767396
-0.596319 4.115292 0.773824
-0.607567 4.123566 0.769332
-0.610408 4.124406 0.771873
-0.599596 4.115394 0.775829
-0.591907 4.107466 0.781947
-0.602480 4.116020 0.778303
-0.604850 4.116871 0.781042
-0.594451 4.107933 0.784522
-0.586529 4.100509 0.790386
-0.596535 4.108808 0.787374
-0.598083 4.110108 0.790486
-0.588316 4.101410 0.793239
-0.589896 4.102492 0.796349
-0.580400 4.094609 0.798836
-0.581797 4.095630 0.801823
-0.578795 4.093711 0.796019
-0.576475 4.093300 0.793551
-0.573781 4.093260 0.791555
-0.584106 4.100063 0.787825
-0.581172 4.100071 0.785789
-0.577751 4.100434 0.784140
-0.588718 4.107504 0.779883
-0.585133 4.107877 0.778225
-0.581176 4.108629 0.776951
-0.592682 4.115586 0.772156
-0.588474 4.116287 0.771012
-0.583837 4.117271 0.770187
-0.595694 4.124034 0.764914
-0.590908 4.124912 0.764153
-0.585927 4.126117 0.763792
-0.598021 4.132686 0.757953
-0.592878 4.133809 0.757661
-0.587568 4.135146 0.757642
-0.599535 4.141341 0.751439
-0.594165 4.142586 0.751482
-0.588671 4.144144 0.751910
-0.600700 4.149964 0.745180
-0.595118 4.151302 0.745520
-0.589390 4.152945 0.746203
-0.601477 4.158220 0.738671
-0.595718 4.159768 0.739320
-0.589788 4.161619 0.740297
-0.602001 4.166350 0.732077
-0.596109 4.168207 0.733100
-0.590119 4.170372 0.734400
-0.602401 4.174583 0.725494
-0.596520 4.176847 0.726878
-0.590798 4.179460 0.728650
-0.602847 4.183138 0.718956
-0.597209 4.185789 0.720675
-0.592080 4.188805 0.722777
-0.603529 4.191955 0.712310
-0.598359 4.194992 0.714301
-0.594144 4.198455 0.716810
-0.604294 4.201071 0.705580
-0.600209 4.204570 0.708101
-0.596822 4.208319 0.710915
-0.605563 4.210499 0.699126
-0.602435 4.214366 0.702052
-0.600068 4.218406 0.705017
-0.607485 4.220478 0.693122
-0.605279 4.224667 0.696345
-0.604162 4.228790 0.699588
-0.609740 4.230947 0.687639
-0.612942 4.237296 0.679099
-0.608849 4.235147 0.691213
-0.609074 4.239218 0.695021
-0.611766 4.241568 0.683030
-0.613563 4.248055 0.674875
-0.612190 4.245668 0.686954
-0.613954 4.249691 0.690972
-0.613769 4.252341 0.679092
-0.613797 4.259123 0.671383
-0.615256 4.256574 0.683348
-0.616934 4.260612 0.687499
-0.614886 4.263566 0.675837
-0.613377 4.270706 0.668473
-0.616334 4.267913 0.680312
-0.614984 4.275160 0.673078
-0.612533 4.282476 0.665616
-0.612351 4.266160 0.663539
-0.612693 4.261749 0.658667
-0.613928 4.254765 0.666766
-0.614975 4.257392 0.653839
-0.615405 4.250554 0.662326
-0.617570 4.252902 0.649548
-0.613809 4.264117 0.645482
-0.616754 4.259399 0.640899
-0.620128 4.254587 0.636613
-0.617703 4.246276 0.658215
-0.614788 4.243827 0.670787
-0.582648 4.097003 0.804854
-0.590835 4.104015 0.799493
-0.583278 4.098666 0.808153
-0.591464 4.105745 0.802861
-0.599661 4.113528 0.797107
-0.591328 4.107841 0.806154
-0.599540 4.115812 0.800436
-0.590764 4.110127 0.809488
-0.598738 4.118352 0.803622
-0.589306 4.112802 0.812371
-0.597465 4.120972 0.806710
-0.587315 4.115502 0.815170
-0.584676 4.118184 0.817587
-0.595317 4.123762 0.809520
-0.592635 4.126543 0.811980
-0.603294 4.132286 0.803645
-0.600557 4.135111 0.806268
-0.605664 4.129422 0.800733
-0.611491 4.141186 0.797446
-0.613722 4.138411 0.794402
-0.615240 4.135763 0.791122
-0.622002 4.147559 0.787995
-0.623673 4.144805 0.784698
-0.624566 4.142171 0.781253
-0.631886 4.154049 0.778108
-0.632848 4.151345 0.774565
-0.633126 4.148717 0.770917
-0.640135 4.160341 0.767569
-0.640274 4.157750 0.763965
-0.639724 4.155350 0.760445
-0.646527 4.166468 0.756756
-0.645850 4.163982 0.753384
-0.644336 4.161577 0.750184
-0.651890 4.172362 0.746000
-0.650224 4.169927 0.743058
-0.648040 4.167804 0.740300
-0.656597 4.177695 0.735403
-0.654445 4.175325 0.732740
-0.651467 4.173092 0.730241
-0.660743 4.181985 0.724631
-0.657634 4.179516 0.722203
-0.653941 4.177638 0.720144
-0.663765 4.185526 0.713675
-0.659889 4.183459 0.711629
-0.655802 4.181978 0.709950
-0.665392 4.189008 0.702840
-0.661229 4.187485 0.701177
-0.656666 4.186469 0.699867
-0.666135 4.192890 0.692274
-0.661578 4.191851 0.690948
-0.656684 4.191204 0.689962
-0.665970 4.197111 0.681900
-0.661104 4.196415 0.680835
-0.656045 4.196216 0.680088
-0.665041 4.201646 0.671640
-0.659927 4.201404 0.670757
-0.654785 4.201733 0.670232
-0.663583 4.207083 0.661806
-0.658271 4.207316 0.660961
-0.652825 4.208177 0.660596
-0.661535 4.213298 0.652186
-0.656000 4.214243 0.651666
-0.650187 4.215597 0.651502
-0.658837 4.220291 0.643412
-0.652840 4.221748 0.643101
-0.646849 4.223798 0.643148
-0.655270 4.227885 0.634781
-0.648912 4.230008 0.634735
-0.642300 4.232521 0.635285
-0.650355 4.235903 0.626316
-0.643518 4.238578 0.626748
-0.644099 4.243818 0.618133
-0.640463 4.226266 0.643796
-0.634175 4.229239 0.645076
-0.638069 4.219879 0.652559
-0.635211 4.213597 0.661686
-0.644212 4.217490 0.651807
-0.632088 4.222883 0.653979
-0.629451 4.216485 0.663105
-0.624440 4.220357 0.665442
-0.626648 4.210794 0.672657
-0.632080 4.207761 0.671243
-0.637831 4.205357 0.670320
-0.628574 4.202552 0.680927
-0.634291 4.200188 0.679965
-0.639989 4.198486 0.679503
-0.630139 4.195112 0.689446
-0.635740 4.193434 0.688993
-0.641243 4.192200 0.688854
-0.631050 4.188442 0.698408
-0.636501 4.187317 0.698181
-0.641785 4.186482 0.698207
-0.631291 4.182166 0.707207
-0.636523 4.181383 0.707193
-0.641561 4.180830 0.707365
-0.630840 4.175798 0.715727
-0.635903 4.175296 0.715909
-0.640789 4.175076 0.716331
-0.629944 4.169117 0.723896
-0.634880 4.168869 0.724296
-0.639611 4.169151 0.725151
-0.628862 4.162221 0.731790
-0.633615 4.162479 0.732692
-0.637978 4.163117 0.733958
-0.627488 4.155303 0.739724
-0.631842 4.155750 0.741025
-0.635675 4.156552 0.742721
-0.625305 4.147736 0.747753
-0.629323 4.148400 0.749499
-0.632867 4.149540 0.751549
-0.622476 4.140150 0.756200
-0.625926 4.141118 0.758419
-0.628819 4.142642 0.761099
-0.618436 4.132689 0.765138
-0.620931 4.133981 0.767993
-0.623083 4.135524 0.770976
-0.612889 4.125490 0.774618
-0.614799 4.126889 0.777663
-0.615962 4.128745 0.780957
-0.606414 4.118334 0.784178
-0.607605 4.120049 0.787485
-0.607994 4.122106 0.790846
-0.599250 4.111569 0.793731
-0.616382 4.130883 0.784373
-0.607724 4.124396 0.794210
-0.616117 4.133230 0.787766
-0.606885 4.126874 0.797525
-0.624798 4.139711 0.777775
-0.624340 4.137458 0.774283
-0.632479 4.146391 0.767429
-0.631006 4.144351 0.764080
-0.638234 4.153169 0.757095
-0.635903 4.151216 0.754093
-0.641993 4.159502 0.747272
-0.639178 4.157727 0.744702
-0.645286 4.165972 0.737796
-0.641891 4.164393 0.735670
-0.647856 4.171353 0.728189
-0.643914 4.170012 0.726493
-0.649921 4.176261 0.718474
-0.645510 4.175462 0.717241
-0.651270 4.181145 0.708751
-0.646481 4.180816 0.707947
-0.651855 4.186087 0.699034
-0.646845 4.185981 0.698430
-0.651676 4.191102 0.689386
-0.646549 4.191401 0.689009
-0.650901 4.196445 0.679621
-0.645532 4.197184 0.679376
-0.649367 4.202484 0.669954
-0.643665 4.203636 0.669942
-0.647112 4.209476 0.660550
-0.641202 4.211218 0.660870
-0.589420 4.129361 0.814277
-0.581813 4.120814 0.819880
-0.578224 4.123409 0.821728
-0.640241 4.259171 0.571085
-0.649426 4.254426 0.571125
-0.658529 4.250368 0.572055
-0.648826 4.254853 0.560775
-0.650123 4.253126 0.580975
-0.658733 4.249362 0.581708
-0.667238 4.246542 0.583194
-0.658943 4.247879 0.591128
-0.666930 4.245277 0.592502
-0.674161 4.243492 0.594240
-0.666442 4.243252 0.601537
-0.673273 4.241551 0.603102
-0.679528 4.240626 0.605016
-0.672183 4.238809 0.611720
-0.678161 4.238085 0.613490
-0.683685 4.237875 0.615494
-0.676583 4.234480 0.621606
-0.681895 4.234040 0.623330
-0.686907 4.234221 0.625367
-0.679858 4.229392 0.630877
-0.684811 4.229799 0.632792
-0.689461 4.230979 0.635142
-0.682480 4.224563 0.640239
-0.687052 4.225937 0.642416
-0.691201 4.228086 0.645060
-0.684480 4.220240 0.650040
-0.688576 4.222464 0.652578
-0.692184 4.225609 0.655456
-0.685725 4.216840 0.660288
-0.689379 4.219988 0.663140
-0.692428 4.223587 0.666078
-0.686220 4.214274 0.671052
-0.689274 4.217827 0.673878
-0.691772 4.221715 0.676834
-0.685909 4.211816 0.681988
-0.688348 4.215645 0.684888
-0.690366 4.219735 0.687785
-0.684647 4.209505 0.693172
-0.686660 4.213483 0.696088
-0.688159 4.217486 0.699089
-0.682445 4.207200 0.704464
-0.683874 4.210982 0.707492
-0.684777 4.214815 0.710620
-0.678509 4.204323 0.716163
-0.679439 4.207957 0.719358
-0.679693 4.211628 0.722538
-0.673402 4.200909 0.727992
-0.673433 4.204257 0.731244
-0.672977 4.207610 0.734562
-0.666719 4.196646 0.739726
-0.666091 4.199788 0.743109
-0.664978 4.203002 0.746578
-0.659113 4.191728 0.751322
-0.657827 4.194670 0.754875
-0.655663 4.197578 0.758282
-0.650604 4.186195 0.762796
-0.648332 4.189244 0.766224
-0.644720 4.191971 0.769138
-0.640496 4.180538 0.773598
-0.636876 4.183324 0.776594
-0.632571 4.185536 0.779118
-0.629021 4.174081 0.783436
-0.624645 4.176477 0.785986
-0.619748 4.179055 0.788379
-0.616882 4.167439 0.792470
-0.612133 4.170112 0.794757
-0.606964 4.172714 0.796903
-0.604596 4.161167 0.800829
-0.599643 4.163824 0.802881
-0.594218 4.166395 0.804870
-0.592359 4.154904 0.808692
-0.587172 4.157471 0.810692
-0.581798 4.159719 0.812455
-0.580245 4.148468 0.816193
-0.574958 4.150733 0.817955
-0.569842 4.152680 0.819630
-0.568211 4.141698 0.823228
-0.563314 4.143497 0.824803
-0.558067 4.145008 0.826178
-0.556866 4.134444 0.829648
-0.552112 4.135912 0.831055
-0.547158 4.136998 0.832046
-0.546130 4.126884 0.835555
-0.541456 4.127950 0.836568
-0.536794 4.128861 0.837428
-0.535986 4.119132 0.840846
-0.531510 4.120012 0.841490
-0.527035 4.120777 0.842012
-0.526421 4.111283 0.845405
-0.522128 4.112045 0.845839
-0.517982 4.112498 0.845703
-0.517532 4.103437 0.849254
-0.513571 4.103860 0.849202
-0.509773 4.104108 0.848585
-0.509525 4.095205 0.852349
-0.506190 4.086793 0.854943
-0.505756 4.095519 0.851897
-0.502262 4.095674 0.850979
-0.502403 4.087010 0.854689
-0.499807 4.078790 0.856761
-0.498947 4.087096 0.853818
-0.495668 4.087122 0.852608
-0.496387 4.078784 0.856069
-0.494803 4.070497 0.857937
-0.493207 4.078670 0.855248
-0.490621 4.078377 0.853611
-0.491767 4.070360 0.857180
-0.491788 4.062590 0.857882
-0.489360 4.070086 0.855593
-0.487129 4.069697 0.853789
-0.489278 4.062160 0.856929
-0.490321 4.054673 0.857405
-0.487214 4.061687 0.855313
-0.485603 4.061196 0.853621
-0.488472 4.054182 0.856223
-0.490598 4.047520 0.856777
-0.486780 4.053598 0.854855
-0.485617 4.052965 0.853450
-0.489242 4.047008 0.855613
-0.491764 4.043613 0.855609
-0.488189 4.046436 0.854388
-0.491016 4.042939 0.854284
-0.487385 4.045774 0.852916
-0.490497 4.042319 0.852919
-0.487187 4.045225 0.851347
-0.484811 4.052199 0.851571
-0.484207 4.051402 0.849676
-0.483445 4.059678 0.849335
-0.483184 4.058778 0.846825
-0.483479 4.067379 0.846402
-0.484367 4.060488 0.851468
-0.484241 4.068303 0.849036
-0.485910 4.076320 0.845921
-0.485440 4.069168 0.851582
-0.486631 4.077269 0.848832
-0.489487 4.085510 0.845496
-0.488600 4.077904 0.851382
-0.491054 4.086300 0.848338
-0.494207 4.094663 0.844790
-0.492923 4.086899 0.850862
-0.496323 4.095305 0.847404
-0.500127 4.103739 0.843717
-0.498983 4.095645 0.849510
-0.502866 4.104156 0.846001
-0.506959 4.112647 0.842280
-0.506157 4.104254 0.847589
-0.510255 4.112877 0.844133
-0.514712 4.121600 0.840251
-0.513990 4.112724 0.845101
-0.518687 4.121481 0.841206
-0.523548 4.130416 0.837170
-0.522811 4.121206 0.841736
-0.527794 4.130060 0.837659
-0.532995 4.139172 0.833263
-0.532219 4.129550 0.837869
-0.537648 4.138658 0.833216
-0.543183 4.147841 0.828449
-0.542316 4.137974 0.832912
-0.548003 4.147173 0.828218
-0.553854 4.156535 0.822990
-0.553024 4.146131 0.827253
-0.559091 4.155573 0.822247
-0.565145 4.164924 0.816772
-0.564319 4.154315 0.821099
-0.570734 4.163522 0.815632
-0.577299 4.172636 0.809894
-0.576361 4.161788 0.814156
-0.583077 4.170814 0.808384
-0.590000 4.179767 0.802374
-0.588688 4.168747 0.806709
-0.595824 4.177616 0.800713
-0.603107 4.186409 0.794427
-0.601555 4.175308 0.798973
-0.608913 4.184063 0.792508
-0.616569 4.192791 0.785944
-0.614514 4.181599 0.790545
-0.622224 4.190400 0.783847
-0.630202 4.199152 0.776911
-0.627632 4.187996 0.781597
-0.635599 4.196814 0.774644
-0.643585 4.205496 0.767343
-0.640556 4.194451 0.772019
-0.648523 4.203123 0.764516
-0.656243 4.211589 0.756777
-0.652559 4.200481 0.761479
-0.660202 4.208856 0.753468
-0.667572 4.217166 0.745116
-0.663090 4.205986 0.750032
-0.670080 4.214144 0.741579
-0.676693 4.222084 0.732802
-0.671877 4.210943 0.738033
-0.678329 4.218706 0.729316
-0.684110 4.226335 0.720517
-0.679313 4.215237 0.725890
-0.684838 4.222660 0.717196
-0.689603 4.229942 0.708580
-0.685091 4.218738 0.713860
-0.689685 4.225737 0.705386
-0.693506 4.232583 0.697037
-0.689170 4.221554 0.702215
-0.692925 4.228227 0.693924
-0.696464 4.234726 0.685862
-0.691814 4.223940 0.690816
-0.695382 4.230237 0.682864
-0.698555 4.236480 0.674979
-0.693892 4.225835 0.679828
-0.696940 4.231941 0.672041
-0.699702 4.237892 0.664416
-0.694869 4.227624 0.669065
-0.697656 4.233459 0.661409
-0.700244 4.238928 0.653978
-0.695174 4.229347 0.658402
-0.697789 4.234747 0.651058
-0.700238 4.239590 0.643684
-0.694680 4.231158 0.648026
-0.697182 4.236039 0.640802
-0.699471 4.240108 0.633265
-0.693631 4.233079 0.637885
-0.695836 4.237273 0.630475
-0.697930 4.240666 0.622802
-0.691602 4.235344 0.627797
-0.693585 4.238978 0.620169
-0.695660 4.241306 0.612168
-0.688846 4.238024 0.617696
-0.690766 4.240541 0.609643
-0.692642 4.241942 0.601292
-0.685367 4.240321 0.607229
-0.687077 4.241867 0.598747
-0.688682 4.242527 0.590016
-0.680854 4.242393 0.596339
-0.682099 4.243199 0.587444
-0.683408 4.243434 0.578273
-0.674955 4.244549 0.585088
-0.675864 4.244983 0.575855
-0.676873 4.244596 0.566466
-0.667464 4.247196 0.573708
-0.667952 4.246940 0.564142
-0.668791 4.245805 0.554279
-0.658526 4.250311 0.562135
-0.658822 4.249495 0.552034
-0.659417 4.248402 0.541791
-0.660342 4.247289 0.531839
-0.669774 4.244586 0.544321
-0.670959 4.243383 0.534411
-0.679360 4.242090 0.546873
-0.680631 4.240839 0.536727
-0.678087 4.243443 0.556706
-0.687881 4.240561 0.549240
-0.686400 4.241888 0.559216
-0.695502 4.240036 0.551429
-0.689138 4.239399 0.538626
-0.696817 4.238869 0.540510
-0.690006 4.238748 0.527455
-0.697620 4.238267 0.528597
-0.690478 4.238640 0.515791
-0.681685 4.240015 0.526176
-0.672194 4.242489 0.524464
-0.682498 4.239697 0.515525
-0.673316 4.241824 0.514569
-0.682704 4.239894 0.504390
-0.674215 4.241551 0.504713
-0.690064 4.239349 0.503594
-0.681523 4.241575 0.493094
-0.687929 4.241820 0.490503
-0.677407 4.246189 0.480829
-0.674269 4.242277 0.495678
-0.671501 4.245750 0.485638
-0.665623 4.245071 0.496114
-0.664100 4.244864 0.503413
-0.666005 4.246400 0.489259
-0.655431 4.250104 0.490969
-0.652678 4.249900 0.499485
-0.659091 4.250654 0.483010
-0.645381 4.255898 0.485456
-0.641693 4.256009 0.495082
-0.650092 4.256373 0.476136
-0.635507 4.261699 0.480808
-0.630980 4.262266 0.491062
-0.640702 4.262096 0.471158
-0.646187 4.263253 0.462746
-0.655423 4.257118 0.467942
-0.664376 4.251175 0.475863
-0.661018 4.258017 0.461066
-0.670009 4.251848 0.469713
-0.675558 4.252580 0.464888
-0.683132 4.246632 0.477211
-0.688690 4.247308 0.474376
-0.694056 4.242331 0.488558
-0.696822 4.239304 0.502538
-0.699594 4.243418 0.487175
-0.702805 4.240176 0.501870
-0.704067 4.238850 0.516092
-0.708207 4.241446 0.501392
-0.709663 4.239929 0.516289
-0.710007 4.239490 0.530319
-0.714849 4.241706 0.516557
-0.715410 4.241075 0.531188
-0.714994 4.241403 0.545004
-0.720208 4.243561 0.532027
-0.719748 4.243913 0.546314
-0.718311 4.245145 0.559471
-0.723626 4.247447 0.547504
-0.722263 4.248576 0.561114
-0.720308 4.249892 0.573662
-0.725040 4.253146 0.562269
-0.723220 4.254416 0.575071
-0.726188 4.258687 0.562882
-0.724520 4.259913 0.575800
-0.722361 4.261041 0.587760
-0.724649 4.265853 0.576048
-0.722701 4.266922 0.588103
-0.720487 4.267451 0.598827
-0.721850 4.273154 0.587752
-0.720029 4.273833 0.598822
-0.718059 4.273691 0.609250
-0.718421 4.280447 0.597986
-0.716792 4.280361 0.608690
-0.715096 4.279365 0.618865
-0.714493 4.287287 0.607257
-0.713299 4.286165 0.618253
-0.711170 4.293827 0.605892
-0.710797 4.292908 0.617508
-0.710332 4.290272 0.628617
-0.707268 4.299682 0.616346
-0.707514 4.296996 0.628282
-0.707407 4.292949 0.640028
-0.704024 4.303483 0.628179
-0.704310 4.299125 0.640344
-0.704187 4.294087 0.652277
-0.700323 4.305284 0.640993
-0.700523 4.300314 0.653098
-0.700433 4.294703 0.664809
-0.696080 4.305705 0.654475
-0.696042 4.299726 0.666281
-0.690546 4.310273 0.656409
-0.690698 4.303970 0.668053
-0.684548 4.314156 0.658849
-0.684960 4.307331 0.670189
-0.678223 4.317402 0.661804
-0.679024 4.309987 0.672671
-0.671939 4.319811 0.664976
-0.672962 4.312027 0.675505
-0.665082 4.321445 0.668580
-0.666567 4.313222 0.678555
-0.658391 4.322316 0.672019
-0.660132 4.313935 0.681645
-0.651824 4.322607 0.674916
-0.654050 4.314084 0.684055
-0.645398 4.322364 0.677264
-0.647754 4.313782 0.686196
-0.639055 4.321625 0.679033
-0.633001 4.320364 0.680100
-0.641629 4.313045 0.687702
-0.643577 4.304248 0.696158
-0.635812 4.311793 0.688537
-0.630262 4.309855 0.688572
-0.637976 4.303023 0.696591
-0.639179 4.294233 0.704449
-0.632559 4.301168 0.696329
-0.627825 4.298539 0.695032
-0.633971 4.292337 0.703817
-0.634149 4.283495 0.711097
-0.629499 4.289873 0.702301
-0.625900 4.286890 0.699831
-0.630029 4.281283 0.709312
-0.629211 4.272748 0.716243
-0.626638 4.278451 0.706652
-0.625639 4.270304 0.713543
-0.623529 4.262381 0.720421
-0.626641 4.264599 0.723333
-0.619143 4.254896 0.727683
-0.621003 4.259680 0.717077
-0.616703 4.252355 0.724387
-0.610884 4.245231 0.732072
-0.614802 4.249365 0.720956
-0.608554 4.242509 0.728894
-0.612801 4.246270 0.717454
-0.606378 4.239605 0.725574
-0.598968 4.233057 0.733921
-0.604210 4.236584 0.722181
-0.597099 4.230095 0.730525
-0.589211 4.223348 0.739214
-0.595181 4.227044 0.727104
-0.587997 4.220275 0.735780
-0.580487 4.213517 0.744545
-0.587244 4.217026 0.732271
-0.580444 4.210366 0.741030
-0.572733 4.203292 0.749829
-0.580501 4.207040 0.737757
-0.573401 4.200126 0.746543
-0.565403 4.192673 0.754712
-0.574387 4.196712 0.743106
-0.567184 4.189442 0.751240
-0.559750 4.181938 0.758728
-0.568949 4.186114 0.747674
-0.561829 4.178728 0.755220
-0.555028 4.171174 0.762268
-0.564787 4.175524 0.751988
-0.558253 4.168171 0.758826
-0.551810 4.160490 0.765203
-0.561952 4.165145 0.755564
-0.555895 4.157794 0.762099
-0.549699 4.150037 0.768182
-0.560459 4.155113 0.759336
-0.554448 4.147617 0.765552
-0.548513 4.139937 0.771430
-0.559704 4.145226 0.763345
-0.553717 4.137671 0.769270
-0.547639 4.129890 0.774738
-0.559154 4.135493 0.767505
-0.553026 4.127825 0.773058
-0.546932 4.120181 0.778671
-0.558332 4.125825 0.771747
-0.552043 4.118305 0.777406
-0.545908 4.110860 0.782993
-0.557183 4.116341 0.776383
-0.550862 4.109029 0.782147
-0.544786 4.101820 0.787659
-0.555745 4.107294 0.781694
-0.549694 4.100091 0.787080
-0.543730 4.092968 0.792471
-0.554254 4.098500 0.786881
-0.548165 4.091461 0.792329
-0.542499 4.084461 0.797619
-0.552441 4.090005 0.792602
-0.546591 4.083141 0.798008
-0.541533 4.076466 0.802708
-0.550468 4.081874 0.798618
-0.545246 4.075388 0.803432
-0.540218 4.068903 0.808250
-0.548711 4.074497 0.804559
-0.543584 4.068087 0.809374
-0.538845 4.061996 0.813818
-0.546555 4.067510 0.810715
-0.541783 4.061349 0.814999
-0.549169 4.067191 0.812322
-0.544359 4.061011 0.816458
-0.551486 4.067200 0.814139
-0.546771 4.060881 0.818307
-0.553515 4.067606 0.816074
-0.548841 4.061106 0.820282
-0.555015 4.068443 0.818388
-0.550318 4.061845 0.822514
-0.556217 4.069296 0.820810
-0.551501 4.062563 0.824788
-0.556720 4.070466 0.823412
-0.552209 4.063569 0.827393
-0.557061 4.071691 0.826090
-0.556887 4.073086 0.828780
-0.552474 4.064751 0.830063
-0.552247 4.066111 0.832708
-0.547718 4.057948 0.833830
-0.547670 4.056774 0.831272
-0.542414 4.051369 0.837276
-0.547391 4.059278 0.836414
-0.546507 4.060741 0.838762
-0.541747 4.052682 0.839516
-0.535440 4.046498 0.842695
-0.541070 4.053935 0.841606
-0.539730 4.055417 0.843668
-0.534622 4.047723 0.844388
-0.533772 4.048910 0.846015
-0.527706 4.042401 0.847010
-0.523340 4.040765 0.848358
-0.526814 4.043117 0.848465
-0.528447 4.041933 0.845382
-0.523759 4.039981 0.846995
-0.529048 4.041375 0.843753
-0.535758 4.045513 0.840759
-0.529202 4.040685 0.842065
-0.523984 4.039162 0.845716
-0.519675 4.038185 0.847146
-0.523990 4.038669 0.844278
-0.523936 4.038359 0.842809
-0.519695 4.037763 0.845791
-0.516296 4.037200 0.846941
-0.519719 4.037342 0.844436
-0.519693 4.036945 0.843026
-0.516075 4.036674 0.845681
-0.513253 4.036411 0.846591
-0.515861 4.036153 0.844427
-0.515661 4.035623 0.843138
-0.513024 4.035874 0.845307
-0.510282 4.035607 0.846167
-0.512856 4.035635 0.843814
-0.512857 4.036048 0.841404
-0.510140 4.035734 0.844469
-0.507418 4.035839 0.845069
-0.510143 4.036173 0.841881
-0.510399 4.036864 0.839120
-0.507386 4.036286 0.842458
-0.504644 4.036510 0.843013
-0.507604 4.037238 0.839487
-0.508656 4.039610 0.835424
-0.504831 4.037587 0.840058
-0.502098 4.037939 0.840643
-0.505668 4.039972 0.835731
-0.507369 4.043513 0.831275
-0.502758 4.040306 0.836311
-0.499867 4.040859 0.837266
-0.504150 4.044278 0.831704
-0.506266 4.049538 0.826932
-0.500912 4.045188 0.832786
-0.497977 4.046000 0.834001
-0.502632 4.050468 0.827950
-0.505080 4.056484 0.823133
-0.499189 4.051378 0.829163
-0.496043 4.052207 0.830558
-0.501265 4.057543 0.824435
-0.503963 4.064070 0.819640
-0.497679 4.058482 0.825857
-0.494046 4.059436 0.827576
-0.499890 4.065170 0.821098
-0.502593 4.071958 0.816646
-0.496263 4.066267 0.823094
-0.492665 4.067425 0.825430
-0.498720 4.073189 0.818765
-0.502078 4.080625 0.814208
-0.495137 4.074507 0.821063
-0.492258 4.076034 0.823641
-0.498487 4.082072 0.816479
-0.502302 4.089622 0.811808
-0.495535 4.083685 0.819110
-0.493116 4.085373 0.822178
-0.499407 4.091429 0.814560
-0.503679 4.099206 0.809915
-0.496994 4.093286 0.817657
-0.495557 4.094975 0.821014
-0.501279 4.101091 0.813004
-0.505753 4.108955 0.808298
-0.499874 4.102981 0.816569
-0.498988 4.104714 0.820149
-0.504341 4.110950 0.811974
-0.508975 4.118969 0.807296
-0.503523 4.112764 0.815716
-0.503377 4.114467 0.819455
-0.508307 4.120899 0.811140
-0.513165 4.129150 0.806415
-0.508121 4.122690 0.814893
-0.508450 4.124323 0.818497
-0.513169 4.131006 0.810201
-0.518297 4.139355 0.805407
-0.513418 4.132667 0.813820
-0.513940 4.134247 0.817405
-0.518509 4.141207 0.809091
-0.523510 4.149934 0.804160
-0.518925 4.142931 0.812699
-0.519772 4.144535 0.816209
-0.524036 4.151732 0.807827
-0.529128 4.160633 0.802594
-0.524863 4.153366 0.811397
-0.526006 4.154935 0.814917
-0.529878 4.162466 0.806253
-0.535224 4.171689 0.800669
-0.530981 4.164081 0.809771
-0.533027 4.165514 0.812941
-0.536362 4.173445 0.804186
-0.542296 4.182775 0.798072
-0.538616 4.174927 0.807190
-0.542056 4.175935 0.809448
-0.544565 4.184319 0.801117
-0.551574 4.193634 0.794060
-0.548288 4.185291 0.803069
-0.552489 4.185946 0.804570
-0.555138 4.194707 0.796193
-0.563080 4.203701 0.788524
-0.559457 4.195203 0.797643
-0.564057 4.195345 0.798639
-0.567311 4.204265 0.790130
-0.576158 4.212610 0.781930
-0.571985 4.204216 0.791077
-0.576788 4.203857 0.791759
-0.580720 4.212780 0.783208
-0.589940 4.220507 0.774727
-0.585480 4.212251 0.783831
-0.590402 4.211418 0.784258
-0.594601 4.220168 0.775585
-0.603827 4.227945 0.767285
-0.599352 4.219431 0.776187
-0.604519 4.218328 0.776422
-0.608474 4.227329 0.767975
-0.617509 4.235226 0.759815
-0.613424 4.226368 0.768298
-0.618814 4.225198 0.768140
-0.622232 4.234422 0.760135
-0.630750 4.242484 0.751959
-0.627564 4.233306 0.759959
-0.633023 4.232093 0.759548
-0.635804 4.241558 0.751808
-0.643343 4.250196 0.743487
-0.641137 4.240525 0.751332
-0.646588 4.239182 0.750405
-0.648503 4.249199 0.742903
-0.654901 4.258176 0.734331
-0.653866 4.247906 0.741918
-0.659153 4.246301 0.740522
-0.660186 4.256960 0.733241
-0.665409 4.266235 0.724320
-0.665454 4.255232 0.731619
-0.670494 4.253231 0.729726
-0.670699 4.264572 0.722606
-0.674656 4.274207 0.713478
-0.675636 4.262443 0.720612
-0.680210 4.259898 0.718406
-0.679669 4.272007 0.711354
-0.682520 4.281538 0.701756
-0.684333 4.269392 0.709219
-0.688435 4.266128 0.706895
-0.687332 4.278837 0.699723
-0.689306 4.287935 0.689652
-0.691639 4.275343 0.697587
-0.695279 4.271136 0.695374
-0.693929 4.284312 0.687846
-0.695323 4.292626 0.677406
-0.697773 4.279675 0.685831
-0.700716 4.274436 0.683608
-0.699586 4.287664 0.675777
-0.702544 4.281976 0.673920
-0.704408 4.275717 0.671686
-0.703738 4.288638 0.663428
-0.705900 4.282007 0.661764
-0.707189 4.275920 0.659892
-0.706892 4.287777 0.651478
-0.708650 4.281359 0.650140
-0.709624 4.275345 0.648845
-0.709677 4.286367 0.639674
-0.711091 4.280100 0.639232
-0.711783 4.273578 0.638270
-0.712329 4.283598 0.628909
-0.713479 4.277197 0.628946
-0.713813 4.270517 0.628322
-0.713288 4.264350 0.626985
-0.716021 4.272621 0.619030
-0.711565 4.267430 0.636856
-0.709369 4.263478 0.645364
-0.710758 4.261505 0.635151
-0.708418 4.257916 0.643312
-0.709431 4.256052 0.633130
-0.707024 4.252748 0.641089
-0.711924 4.258648 0.625082
-0.707452 4.251144 0.630828
-0.704818 4.246872 0.628239
-0.704939 4.248017 0.638647
-0.709996 4.253627 0.623034
-0.712664 4.255300 0.614898
-0.707367 4.249313 0.620508
-0.704042 4.245811 0.617661
-0.710088 4.250952 0.612497
-0.712671 4.251863 0.603910
-0.706688 4.247442 0.609699
-0.702450 4.244812 0.606705
-0.709138 4.248360 0.601386
-0.711586 4.248153 0.592083
-0.704778 4.245685 0.598419
-0.699937 4.243703 0.595509
-0.707211 4.245587 0.589369
-0.709506 4.244818 0.579832
-0.702160 4.243615 0.586537
-0.696611 4.242623 0.583711
-0.704338 4.243133 0.577244
-0.706504 4.242211 0.566926
-0.698593 4.242379 0.574541
-0.692088 4.242334 0.571798
-0.700535 4.241355 0.564358
-0.702256 4.240177 0.553597
-0.693876 4.241279 0.561808
-0.703615 4.239020 0.542197
-0.708272 4.241012 0.555765
-0.709519 4.239885 0.543618
-0.713659 4.242580 0.557743
-0.711776 4.243826 0.569472
-0.716401 4.246437 0.571835
-0.714112 4.247433 0.582258
-0.717983 4.250927 0.584644
-0.720853 4.255536 0.586581
-0.715425 4.251592 0.594610
-0.718152 4.256186 0.596681
-0.719798 4.261526 0.598044
-0.715323 4.256155 0.606042
-0.717191 4.261402 0.607729
-0.718145 4.267119 0.608834
-0.714428 4.260571 0.616891
-0.715718 4.266271 0.618298
-0.704185 4.238599 0.529528
-0.684797 4.243080 0.569060
-0.690324 4.242536 0.580938
-0.694607 4.242650 0.592678
-0.697795 4.242884 0.603967
-0.700139 4.243163 0.614854
-0.701714 4.243292 0.625516
-0.702458 4.243684 0.636021
-0.702722 4.243893 0.646419
-0.704562 4.248501 0.648936
-0.705970 4.253561 0.651409
-0.702186 4.243526 0.656649
-0.703731 4.248313 0.659309
-0.704794 4.253341 0.661956
-0.701266 4.242549 0.667200
-0.702340 4.247377 0.670008
-0.703047 4.252351 0.672754
-0.699516 4.241151 0.677906
-0.700232 4.246034 0.680808
-0.700598 4.251007 0.683718
-0.697210 4.239451 0.688880
-0.697417 4.244122 0.691911
-0.697102 4.248913 0.695215
-0.693652 4.237031 0.700177
-0.693452 4.241434 0.703440
-0.692213 4.245673 0.706843
-0.689118 4.233920 0.711878
-0.687835 4.237811 0.715400
-0.685693 4.241423 0.718748
-0.682658 4.229934 0.724025
-0.680379 4.233332 0.727436
-0.677315 4.236480 0.730742
-0.674294 4.225238 0.736266
-0.670933 4.228142 0.739558
-0.666991 4.230926 0.742690
-0.663894 4.219936 0.748391
-0.659626 4.222563 0.751379
-0.654668 4.225025 0.753929
-0.651614 4.214116 0.759722
-0.646489 4.216419 0.762034
-0.641073 4.218566 0.763993
-0.638256 4.207771 0.769734
-0.632693 4.209946 0.771677
-0.627016 4.211946 0.773193
-0.624519 4.201398 0.778901
-0.618707 4.203547 0.780707
-0.612960 4.205466 0.782016
-0.610747 4.195020 0.787702
-0.604884 4.197056 0.789198
-0.598989 4.198996 0.790531
-0.597244 4.188495 0.795999
-0.591274 4.190429 0.797396
-0.585448 4.191958 0.798296
-0.584131 4.181646 0.803830
-0.578287 4.183227 0.804930
-0.572570 4.184434 0.805537
-0.571562 4.174141 0.810997
-0.566083 4.175291 0.811742
-0.560677 4.176131 0.812142
-0.559874 4.165947 0.817560
-0.554671 4.166714 0.818029
-0.549650 4.167176 0.818081
-0.548853 4.157229 0.823380
-0.543894 4.157800 0.823656
-0.539258 4.157906 0.823071
-0.538369 4.148433 0.828601
-0.533823 4.148640 0.828132
-0.529570 4.148583 0.827124
-0.528572 4.139485 0.832906
-0.524472 4.139423 0.831713
-0.520826 4.139063 0.830027
-0.519511 4.130466 0.836090
-0.515943 4.130172 0.834324
-0.513233 4.129470 0.831791
-0.511323 4.121345 0.838420
-0.508552 4.120807 0.835958
-0.506638 4.119961 0.833000
-0.504119 4.112200 0.839971
-0.502184 4.111462 0.837113
-0.500628 4.110533 0.834089
-0.498127 4.103071 0.840968
-0.496594 4.102202 0.838077
-0.495606 4.100995 0.834854
-0.492753 4.093860 0.841981
-0.491838 4.092766 0.838792
-0.491172 4.091514 0.835533
-0.488480 4.084541 0.842498
-0.487817 4.083419 0.839429
-0.487452 4.082115 0.836175
-0.485197 4.075368 0.843019
-0.484881 4.074238 0.840012
-0.484927 4.072971 0.837005
-0.483095 4.066359 0.843655
-0.483327 4.065295 0.840800
-0.483020 4.057841 0.844377
-0.483995 4.064125 0.837909
-0.483848 4.056925 0.841744
-0.485547 4.062836 0.834899
-0.485635 4.071469 0.833873
-0.487183 4.069959 0.830808
-0.488178 4.079062 0.829715
-0.491605 4.086963 0.825383
-0.489796 4.077537 0.826534
-0.487531 4.080694 0.832983
-0.490962 4.088636 0.828754
-0.494741 4.096631 0.824535
-0.490828 4.090184 0.832243
-0.494598 4.098248 0.828133
-0.498901 4.106360 0.823827
-0.494893 4.099709 0.831566
-0.499202 4.107876 0.827373
-0.503718 4.116021 0.823032
-0.499719 4.109281 0.830784
-0.504158 4.117520 0.826498
-0.508919 4.125875 0.822024
-0.505080 4.118876 0.829836
-0.509833 4.127253 0.825404
-0.514852 4.135724 0.820863
-0.511286 4.128491 0.828739
-0.516148 4.137120 0.824309
-0.521010 4.146019 0.819737
-0.518176 4.138216 0.827451
-0.522985 4.147275 0.822925
-0.527911 4.156357 0.818065
-0.525843 4.148181 0.825433
-0.530953 4.157340 0.820649
-0.536378 4.166601 0.815241
-0.534830 4.157839 0.822231
-0.540329 4.167192 0.816818
-0.546161 4.176552 0.811014
-0.544887 4.167296 0.817619
-0.550721 4.176758 0.811908
-0.557112 4.186102 0.805494
-0.555649 4.176587 0.812209
-0.561967 4.185946 0.806018
-0.569012 4.195067 0.799095
-0.567144 4.185403 0.806047
-0.574214 4.194453 0.799283
-0.581922 4.203104 0.792004
-0.579680 4.193424 0.799039
-0.587427 4.201989 0.791861
-0.595780 4.210219 0.784235
-0.593231 4.200513 0.791196
-0.601498 4.208737 0.783695
-0.610036 4.217012 0.776113
-0.607210 4.207226 0.783038
-0.615669 4.215473 0.775472
-0.624428 4.223754 0.767517
-0.621323 4.213801 0.774515
-0.630016 4.222240 0.766755
-0.638477 4.230634 0.758695
-0.635580 4.220417 0.765381
-0.643957 4.228961 0.757412
-0.651904 4.237609 0.749181
-0.649314 4.227152 0.755902
-0.657143 4.235689 0.747389
-0.664270 4.244329 0.738769
-0.662277 4.233469 0.745299
-0.669128 4.241971 0.736578
-0.675148 4.250800 0.727524
-0.673494 4.239348 0.733863
-0.679252 4.248044 0.724953
-0.684176 4.256806 0.715966
-0.682822 4.244814 0.721938
-0.687599 4.253418 0.713214
-0.691798 4.262205 0.704361
-0.690362 4.249642 0.710098
-0.694451 4.258026 0.701523
-0.697903 4.266420 0.692686
-0.696291 4.253600 0.698352
-0.699594 4.261299 0.689821
-0.702296 4.268887 0.680910
-0.700441 4.256055 0.686777
-0.703182 4.263119 0.678148
-0.705394 4.269756 0.669204
-0.703361 4.257676 0.675433
-0.705791 4.264058 0.666825
-0.707654 4.269973 0.657911
-0.705485 4.258625 0.664436
-0.707665 4.264357 0.655946
-0.709718 4.269355 0.647111
-0.707033 4.258805 0.653751
-0.489557 4.068669 0.828028
-0.487732 4.061638 0.832189
-0.490665 4.060472 0.829620
-0.487119 4.055012 0.836489
-0.485075 4.055897 0.838994
-0.489799 4.054038 0.834180
-0.487665 4.048726 0.840932
-0.488849 4.044475 0.844309
-0.485971 4.049395 0.843210
-0.489719 4.048018 0.838842
-0.490523 4.043056 0.843731
-0.492206 4.047433 0.836932
-0.492686 4.053076 0.832203
-0.495102 4.046723 0.835267
-0.492399 4.042650 0.841811
-0.492326 4.040464 0.845279
-0.494450 4.042174 0.839874
-0.497072 4.041536 0.838465
-0.494412 4.039768 0.843698
-0.494553 4.038978 0.846373
-0.496765 4.038944 0.842345
-0.499360 4.038307 0.841284
-0.496910 4.038052 0.845474
-0.497041 4.037764 0.847702
-0.499339 4.037347 0.844358
-0.501974 4.036897 0.843575
-0.499405 4.036795 0.846975
-0.499577 4.036663 0.849006
-0.501954 4.036051 0.846290
-0.504685 4.035944 0.845672
-0.502232 4.036253 0.848253
-0.504871 4.035874 0.847539
-0.502602 4.036666 0.850051
-0.499990 4.037078 0.850814
-0.503047 4.037340 0.851608
-0.505227 4.036304 0.849286
-0.507853 4.036078 0.848436
-0.505639 4.036938 0.850830
-0.506129 4.038013 0.852182
-0.508236 4.036909 0.849832
-0.510839 4.036882 0.848839
-0.508660 4.037817 0.851208
-0.509171 4.039083 0.852491
-0.511214 4.037693 0.850207
-0.511674 4.038872 0.851510
-0.513811 4.037668 0.849217
-0.513500 4.036954 0.847888
-0.516536 4.037742 0.848240
-0.514194 4.038671 0.850531
-0.514476 4.040085 0.851662
-0.516789 4.038505 0.849573
-0.519690 4.038622 0.848505
-0.516968 4.039922 0.850662
-0.517140 4.041512 0.851730
-0.519612 4.039888 0.849702
-0.519625 4.041333 0.850722
-0.522571 4.041567 0.849706
-0.519975 4.042928 0.851730
-0.522486 4.042868 0.850799
-0.517817 4.043574 0.852827
-0.522538 4.047361 0.852814
-0.527037 4.054117 0.851785
-0.524034 4.045947 0.851763
-0.520655 4.048473 0.853792
-0.524828 4.055366 0.853041
-0.518641 4.049501 0.854702
-0.522620 4.056532 0.854164
-0.515918 4.044570 0.854011
-0.516662 4.050604 0.855540
-0.514049 4.045644 0.855090
-0.520249 4.057591 0.855101
-0.514556 4.051718 0.856423
-0.517547 4.058613 0.855966
-0.512135 4.046729 0.855952
-0.512076 4.052673 0.857358
-0.514698 4.059653 0.856824
-0.510069 4.047680 0.856797
-0.509593 4.053390 0.857998
-0.507773 4.048168 0.857509
-0.511856 4.060609 0.857670
-0.507154 4.054042 0.858534
-0.509040 4.061282 0.858213
-0.505481 4.048750 0.857984
-0.504512 4.054710 0.858962
-0.506050 4.061926 0.858790
-0.503193 4.049175 0.858403
-0.501991 4.055103 0.859188
-0.503191 4.062451 0.859149
-0.501018 4.049075 0.858492
-0.499656 4.055307 0.859216
-0.500301 4.062803 0.859225
-0.498932 4.048823 0.858547
-0.497399 4.055444 0.859197
-0.496935 4.048783 0.858640
-0.494840 4.055387 0.858843
-0.497514 4.063010 0.859195
-0.498015 4.070682 0.858469
-0.494542 4.062857 0.858605
-0.501335 4.070550 0.858525
-0.503515 4.078596 0.856975
-0.504826 4.070215 0.858380
-0.495232 4.050120 0.858665
-0.492280 4.055052 0.858335
-0.493913 4.048364 0.858164
-0.495805 4.046544 0.858027
-0.492303 4.047897 0.857473
-0.494405 4.045409 0.857220
-0.493020 4.044552 0.856452
-0.496385 4.044184 0.857217
-0.497779 4.046011 0.857845
-0.498467 4.043536 0.856921
-0.495098 4.042898 0.856297
-0.497363 4.041873 0.855883
-0.494090 4.041928 0.855205
-0.496403 4.040532 0.854816
-0.493353 4.041128 0.853916
-0.495633 4.039495 0.853505
-0.492864 4.040577 0.852482
-0.495203 4.039056 0.851976
-0.492471 4.040094 0.851004
-0.492559 4.040026 0.849304
-0.490210 4.041837 0.851392
-0.494766 4.038615 0.850426
-0.494691 4.038719 0.848485
-0.497186 4.037603 0.849699
-0.497525 4.037887 0.851434
-0.498100 4.038659 0.852907
-0.498741 4.039719 0.854234
-0.500569 4.037993 0.852249
-0.501160 4.039081 0.853601
-0.503615 4.038454 0.852977
-0.501833 4.040335 0.854906
-0.499580 4.041092 0.855384
-0.504190 4.039656 0.854287
-0.502795 4.042095 0.856041
-0.504064 4.044872 0.857159
-0.500598 4.042859 0.856503
-0.504981 4.041326 0.855566
-0.506378 4.044613 0.856500
-0.507206 4.040697 0.854675
-0.508537 4.044078 0.855778
-0.506670 4.039283 0.853465
-0.509609 4.040483 0.853670
-0.510531 4.043108 0.854941
-0.512014 4.040274 0.852669
-0.512494 4.042209 0.853800
-0.514742 4.041720 0.852727
-0.501789 4.045250 0.857587
-0.499738 4.045642 0.857720
-0.490416 4.041729 0.849813
-0.490595 4.041643 0.848207
-0.487368 4.044596 0.849699
-0.487948 4.044034 0.848168
-0.484607 4.050787 0.847560
-0.485028 4.050142 0.845511
-0.488472 4.043563 0.846639
-0.490590 4.041739 0.846404
-0.492565 4.040135 0.847392
-0.517628 4.067236 0.855584
-0.520711 4.066310 0.854596
-0.523781 4.065353 0.853609
-0.524559 4.074349 0.852843
-0.527976 4.073112 0.851614
-0.531132 4.071654 0.850298
-0.532319 4.080831 0.849577
-0.535545 4.079317 0.848146
-0.538586 4.077705 0.846748
-0.540460 4.087002 0.845525
-0.543456 4.085234 0.844019
-0.546375 4.083430 0.842530
-0.548989 4.093229 0.840688
-0.552000 4.091283 0.839123
-0.554796 4.089101 0.837365
-0.549112 4.081574 0.840840
-0.557017 4.087005 0.835325
-0.551422 4.079764 0.838905
-0.558936 4.085064 0.833047
-0.553719 4.077921 0.836599
-0.560253 4.083279 0.830391
-0.561264 4.081541 0.827668
-0.555179 4.076313 0.834060
-0.556210 4.074672 0.831460
-0.550223 4.069285 0.837643
-0.545239 4.062321 0.841077
-0.551470 4.067700 0.835283
-0.548636 4.070953 0.840022
-0.546268 4.072758 0.841981
-0.543519 4.063885 0.843018
-0.541405 4.065471 0.844711
-0.538040 4.056890 0.845382
-0.532760 4.050036 0.847714
-0.536285 4.058453 0.847196
-0.534154 4.059838 0.848611
-0.531062 4.051649 0.849320
-0.529141 4.052873 0.850582
-0.526413 4.046262 0.850611
-0.525924 4.043954 0.849775
-0.531873 4.061125 0.849877
-0.539062 4.067097 0.846377
-0.536617 4.068610 0.847688
-0.543984 4.074371 0.843770
-0.541416 4.076026 0.845294
-0.534104 4.070083 0.848963
-0.529483 4.062536 0.851099
-0.526863 4.063993 0.852382
-0.510531 4.036167 0.847508
-0.507558 4.035661 0.846852
-0.690322 4.296543 0.679194
-0.684866 4.299437 0.681143
-0.679269 4.301816 0.683433
-0.684188 4.290794 0.691670
-0.678863 4.292912 0.693766
-0.673264 4.294548 0.696078
-0.677399 4.283714 0.703848
-0.672014 4.285284 0.705915
-0.666458 4.286420 0.707901
-0.669376 4.275795 0.715408
-0.663921 4.277010 0.717110
-0.658464 4.277820 0.718520
-0.659994 4.267438 0.725762
-0.654740 4.268337 0.726860
-0.649714 4.268653 0.727506
-0.649690 4.259068 0.735204
-0.644799 4.259588 0.735635
-0.639853 4.259774 0.735583
-0.638426 4.250926 0.743770
-0.633588 4.251219 0.743521
-0.628827 4.251338 0.743030
-0.625990 4.243095 0.751655
-0.621370 4.243423 0.750976
-0.616979 4.243352 0.749837
-0.612952 4.235622 0.759007
-0.608529 4.235744 0.757903
-0.604486 4.235434 0.756276
-0.599278 4.228178 0.766268
-0.595046 4.228097 0.764831
-0.591434 4.227610 0.762830
-0.585427 4.220444 0.773467
-0.581474 4.220055 0.771666
-0.578379 4.218966 0.769197
-0.571835 4.212187 0.780349
-0.568407 4.211136 0.778024
-0.565597 4.209611 0.775290
-0.559296 4.202703 0.786457
-0.556744 4.201008 0.783618
-0.554773 4.198999 0.780503
-0.548897 4.192037 0.791275
-0.547460 4.190072 0.787910
-0.546791 4.187794 0.784281
-0.540914 4.180928 0.794670
-0.540361 4.178848 0.790986
-0.539920 4.176647 0.787231
-0.534589 4.169825 0.796984
-0.534181 4.167776 0.793265
-0.534388 4.165517 0.789524
-0.528704 4.158699 0.798990
-0.528714 4.156623 0.795244
-0.529095 4.154470 0.791431
-0.523316 4.148002 0.800414
-0.523515 4.145918 0.796650
-0.524474 4.143685 0.792789
-0.518223 4.137461 0.801640
-0.519029 4.135325 0.797714
-0.520698 4.133062 0.793826
-0.513870 4.127118 0.802533
-0.515426 4.124933 0.798678
-0.517982 4.122827 0.795327
-0.510471 4.116911 0.803488
-0.512962 4.114898 0.800284
-0.516344 4.112829 0.797366
-0.508176 4.106971 0.805176
-0.511364 4.105023 0.802324
-0.515619 4.103082 0.799950
-0.506716 4.097311 0.807110
-0.510727 4.095459 0.804743
-0.515104 4.093788 0.802712
-0.506157 4.088008 0.809504
-0.510449 4.086414 0.807487
-0.514942 4.084874 0.805854
-0.506228 4.079113 0.812098
-0.510617 4.077688 0.810423
-0.515107 4.076323 0.809063
-0.506903 4.070666 0.814932
-0.511177 4.069423 0.813429
-0.515549 4.068120 0.812172
-0.508049 4.062892 0.818274
-0.512005 4.061727 0.817090
-0.516161 4.060594 0.816480
-0.508885 4.055383 0.822058
-0.512637 4.054273 0.821310
-0.516188 4.053297 0.821091
-0.509804 4.048645 0.826278
-0.513014 4.047868 0.826014
-0.516264 4.047063 0.825852
-0.510430 4.042809 0.831029
-0.513424 4.042305 0.830847
-0.516333 4.041788 0.830942
-0.511589 4.039184 0.835233
-0.514143 4.038814 0.835475
-0.516595 4.038445 0.836003
-0.513030 4.036794 0.839229
-0.515715 4.036866 0.839173
-0.518487 4.037032 0.838844
-0.515627 4.036168 0.841191
-0.518807 4.036649 0.840418
-0.522751 4.037752 0.838732
-0.519463 4.036663 0.841636
-0.523558 4.037796 0.839854
-0.527973 4.039283 0.837407
-0.523804 4.038088 0.841277
-0.528451 4.039609 0.838993
-0.534862 4.043512 0.834776
-0.528883 4.040138 0.840502
-0.535593 4.043972 0.836778
-0.541708 4.049580 0.832757
-0.535789 4.044716 0.838830
-0.542185 4.050392 0.834984
-0.546886 4.055855 0.828763
-0.540548 4.049065 0.830552
-0.539101 4.048808 0.828566
-0.545614 4.055169 0.826548
-0.544147 4.054673 0.824365
-0.542100 4.054639 0.822388
-0.537281 4.048859 0.826678
-0.539658 4.054864 0.820727
-0.534989 4.049172 0.825089
-0.537091 4.055202 0.819254
-0.532530 4.049584 0.823725
-0.534156 4.055949 0.818204
-0.530923 4.056726 0.817268
-0.529667 4.050139 0.822636
-0.526566 4.050721 0.821759
-0.525491 4.045237 0.827244
-0.521692 4.040864 0.831997
-0.528181 4.044652 0.828376
-0.522648 4.045773 0.826580
-0.519623 4.046281 0.826012
-0.519087 4.041282 0.831431
-0.523236 4.051553 0.821294
-0.527355 4.057575 0.816658
-0.519731 4.052370 0.820980
-0.523753 4.058438 0.816230
-0.528051 4.064569 0.811631
-0.519922 4.059541 0.816234
-0.523964 4.065751 0.811489
-0.528564 4.072288 0.806839
-0.519892 4.066875 0.811629
-0.524201 4.073610 0.807121
-0.528679 4.080451 0.802694
-0.519708 4.074965 0.807847
-0.524074 4.081874 0.803439
-0.529015 4.089078 0.798644
-0.519482 4.083361 0.804533
-0.524355 4.090629 0.799680
-0.529554 4.097911 0.794737
-0.519724 4.092167 0.801035
-0.524837 4.099527 0.796115
-0.530257 4.106986 0.790926
-0.520096 4.101212 0.797795
-0.525299 4.108847 0.792703
-0.530820 4.116489 0.787504
-0.520699 4.110783 0.794854
-0.525995 4.118467 0.789622
-0.531578 4.126235 0.784362
-0.521628 4.120645 0.792305
-0.527208 4.128505 0.787187
-0.533167 4.136565 0.782042
-0.523448 4.130797 0.790319
-0.529435 4.138968 0.785324
-0.535686 4.147099 0.780242
-0.526500 4.141340 0.788923
-0.532637 4.149606 0.783849
-0.538939 4.157912 0.778245
-0.530254 4.152089 0.787560
-0.536425 4.160541 0.781934
-0.542938 4.168914 0.776069
-0.534880 4.163112 0.785770
-0.541182 4.171601 0.779669
-0.548032 4.179995 0.773064
-0.540362 4.174217 0.783410
-0.546818 4.182733 0.776823
-0.554251 4.191028 0.769630
-0.546280 4.185361 0.780657
-0.553705 4.193854 0.773296
-0.562530 4.201860 0.765201
-0.554010 4.196546 0.776998
-0.562738 4.204826 0.768787
-0.572615 4.212311 0.760137
-0.563825 4.207425 0.772157
-0.573940 4.215050 0.763364
-0.583750 4.222211 0.754513
-0.575877 4.217226 0.766358
-0.585796 4.224488 0.757466
-0.595061 4.231473 0.748708
-0.588319 4.226333 0.760268
-0.597582 4.233371 0.751531
-0.605976 4.240348 0.743193
-0.600724 4.234735 0.754192
-0.609017 4.241937 0.746007
-0.616321 4.249215 0.738092
-0.612840 4.242842 0.748148
-0.619999 4.250406 0.740370
-0.626066 4.258165 0.732766
-0.624179 4.251182 0.742099
-0.630319 4.259064 0.734288
-0.634867 4.267416 0.726764
-0.634999 4.259637 0.735259
-0.639705 4.268277 0.727536
-0.642634 4.277246 0.719981
-0.644586 4.268585 0.727791
-0.647936 4.277831 0.719901
-0.649641 4.286984 0.712029
-0.653156 4.278023 0.719440
-0.655162 4.287317 0.711076
-0.655671 4.296337 0.702355
-0.660816 4.287132 0.709641
-0.661645 4.296151 0.700515
-0.667453 4.295599 0.698388
-0.661334 4.305143 0.691134
-0.655331 4.305345 0.693346
-0.667433 4.304583 0.688540
-0.673473 4.303523 0.685928
-0.649439 4.305027 0.694906
-0.650170 4.296124 0.703702
-0.644521 4.295359 0.704384
-0.644155 4.286330 0.712347
-0.639021 4.285228 0.712077
-0.637747 4.276270 0.719464
-0.633167 4.274749 0.718213
-0.630417 4.266309 0.725527
-0.622206 4.256866 0.730586
-0.613360 4.247530 0.735231
-0.603314 4.238402 0.740324
-0.601053 4.235840 0.737186
-0.592810 4.229052 0.745739
-0.590792 4.226330 0.742613
-0.582228 4.219475 0.751336
-0.581032 4.216575 0.747983
-0.572040 4.209379 0.756721
-0.572244 4.206388 0.753256
-0.562864 4.198864 0.761708
-0.563894 4.195766 0.758178
-0.555424 4.188042 0.765943
-0.557448 4.184980 0.762286
-0.549942 4.177072 0.769405
-0.552395 4.174067 0.765835
-0.545488 4.166141 0.772333
-0.548389 4.163296 0.768692
-0.541905 4.155264 0.774639
-0.545550 4.152607 0.771218
-0.539338 4.144620 0.776867
-0.543721 4.142215 0.773929
-0.537546 4.134229 0.779140
-0.542454 4.132073 0.776835
-0.536540 4.124216 0.782221
-0.541658 4.122139 0.780196
-0.535875 4.114513 0.785596
-0.540932 4.112659 0.784126
-0.535113 4.105205 0.789522
-0.540031 4.103477 0.788474
-0.534378 4.096213 0.793574
-0.539002 4.094644 0.792957
-0.533628 4.087516 0.797986
-0.538145 4.085942 0.797630
-0.533233 4.079040 0.802280
-0.537513 4.077737 0.802306
-0.532661 4.071054 0.806992
-0.536557 4.069901 0.807478
-0.531786 4.063644 0.812125
-0.535495 4.062736 0.812825
-0.530495 4.043977 0.829647
-0.524261 4.040569 0.832868
-0.526201 4.040190 0.834207
-0.521418 4.038246 0.836220
-0.521825 4.037743 0.837677
-0.518961 4.038114 0.836465
-0.527125 4.039736 0.835779
-0.532470 4.043524 0.831076
-0.533891 4.043272 0.832847
-0.624129 4.295256 0.692676
-0.621691 4.291559 0.689343
-0.621495 4.303665 0.685284
-0.618154 4.311846 0.677392
-0.619048 4.299584 0.681982
-0.625352 4.307132 0.687583
-0.622199 4.315503 0.679328
-0.618353 4.323493 0.670757
-0.627303 4.318301 0.680180
-0.623659 4.326435 0.671469
-0.619574 4.333757 0.662216
-0.629560 4.328506 0.671214
-0.614056 4.330857 0.661722
-0.609676 4.326717 0.659977
-0.609307 4.337428 0.652376
-0.604736 4.333356 0.650807
-0.599447 4.339211 0.641363
-0.594007 4.344329 0.631585
-0.614139 4.319576 0.668954
-0.606739 4.322228 0.657143
-0.611347 4.315096 0.666052
-0.615529 4.307533 0.674181
-0.609561 4.310606 0.662311
-0.697678 4.238425 0.515947
-0.627085 4.263648 0.501328
-0.639054 4.256700 0.505083
-0.650895 4.250441 0.508818
-0.649569 4.251366 0.518830
-0.662681 4.245405 0.512404
-0.661420 4.246258 0.522005
-0.565725 4.304974 0.525230
-0.554007 4.315558 0.524252
-0.543796 4.325778 0.523230
-0.534729 4.335297 0.522019
-0.525772 4.344180 0.520288
-0.517035 4.352045 0.518170
-0.508138 4.359291 0.516026
-0.498695 4.365832 0.513898
-0.488948 4.372059 0.511566
-0.248794 4.391821 0.191023
-0.237546 4.373301 0.170394
-0.232654 4.366508 0.172363
-0.226870 4.360542 0.175224
-0.238035 4.366793 0.180447
-0.233211 4.360721 0.183376
-0.184055 4.344387 0.206898
-0.174726 4.345026 0.213362
-0.191668 4.344747 0.214583
-0.182448 4.345681 0.221165
-0.198800 4.345600 0.222158
-0.189897 4.346744 0.228699
-0.206551 4.346335 0.229635
-0.198144 4.347490 0.236222
-0.215027 4.346597 0.237186
-0.207085 4.347790 0.243690
-0.223915 4.346759 0.244642
-0.216503 4.347939 0.251140
-0.233238 4.346860 0.252030
-0.226323 4.347973 0.258457
-0.242999 4.346598 0.259405
-0.236483 4.347728 0.265763
-0.253021 4.346175 0.266754
-0.246833 4.347222 0.273035
-0.263204 4.345651 0.274027
-0.257283 4.346683 0.280283
-0.273512 4.344975 0.281175
-0.267817 4.345951 0.287466
-0.283906 4.344253 0.288258
-0.278420 4.345143 0.294602
-0.294376 4.343461 0.295267
-0.289054 4.344266 0.301628
-0.304860 4.342583 0.302163
-0.299690 4.343356 0.308562
-0.315271 4.341709 0.309047
-0.310228 4.342428 0.315426
-0.325589 4.340825 0.315912
-0.320634 4.341584 0.322264
-0.335720 4.339960 0.322717
-0.330968 4.340584 0.329008
-0.345901 4.338892 0.329429
-0.341342 4.339334 0.335640
-0.356060 4.337656 0.335988
-0.366212 4.336478 0.342462
-0.351734 4.337937 0.342098
-0.362075 4.336583 0.348446
-0.347317 4.338846 0.348372
-0.336685 4.340421 0.341943
-0.331864 4.342178 0.348451
-0.326107 4.341805 0.335366
-0.219015 4.350197 0.265083
-0.208787 4.350242 0.257793
-0.198932 4.350059 0.250351
-0.200803 4.353476 0.264528
-0.190665 4.353151 0.257182
-0.182178 4.357148 0.264057
-0.180639 4.352555 0.249604
-0.171497 4.351581 0.242066
-0.171682 4.356393 0.256475
-0.189527 4.349570 0.242835
-0.180799 4.348761 0.235338
-0.172819 4.347430 0.227779
-0.162956 4.350125 0.234388
-0.164915 4.346416 0.219842
-0.154964 4.348631 0.226319
-0.144780 4.351766 0.232761
-0.153015 4.353654 0.241105
-0.134466 4.355708 0.239004
-0.142817 4.358154 0.247605
-0.124205 4.360722 0.245176
-0.114109 4.366979 0.250134
-0.132761 4.363922 0.254077
-0.122821 4.371454 0.259851
-0.142715 4.366313 0.262414
-0.152259 4.360162 0.255629
-0.162655 4.361347 0.263407
-0.161921 4.355307 0.248807
-0.104525 4.373378 0.252909
-0.052131 4.406445 0.220838
-0.053708 4.416930 0.228135
-0.053651 4.410277 0.213137
-0.054374 4.420421 0.220263
-0.055407 4.430467 0.226927
-0.056958 4.424006 0.212188
-0.057516 4.433707 0.218819
-0.058860 4.442979 0.224944
-0.060663 4.436946 0.210629
-0.061784 4.445683 0.216564
-0.062861 4.454236 0.222688
-0.063765 4.462861 0.229063
-0.060143 4.452056 0.230962
-0.071221 4.504813 0.244613
-0.069455 4.515831 0.254331
-0.065454 4.525349 0.267071
-0.063309 4.535283 0.273745
-0.062585 4.532943 0.277997
3 4 0 1
3 4 1 5
3 0 3 165
3 0 165 1
3 4 6 2
3 4 2 0
3 0 2 3162
3 0 3162 3
3 6 4 5
3 5 161 159
3 159 157 155
3 155 153 152
3 152 150 148
3 148 146 145
3 145 143 142
3 142 140 139
3 137 135 133
3 142 139 137
3 148 145 142
3 155 152 148
3 5 159 155
3 7 6 5
3 11 9 7
3 15 13 11
3 18 16 15
3 21 20 18
3 25 23 21
3 29 28 26
3 26 25 21
3 21 18 15
3 15 11 7
3 7 5 155
3 155 148 142
3 142 137 133
3 133 131 129
3 129 128 126
3 133 129 126
3 155 142 133
3 15 7 155
3 26 21 15
3 29 26 15
3 15 155 133
3 15 133 126
3 31 29 15
3 32 31 15
3 15 126 125
3 123 122 120
3 15 125 123
3 34 32 15
3 34 15 123
3 123 120 119
3 119 117 115
3 115 113 111
3 111 109 107
3 107 105 103
3 103 101 99
3 103 99 97
3 111 107 103
3 119 115 111
3 34 123 119
3 35 34 119
3 119 111 103
3 119 103 97
3 37 35 119
3 38 37 119
3 119 97 95
3 95 93 91
3 91 89 87
3 87 85 83
3 83 81 79
3 79 77 75
3 75 73 71
3 71 69 67
3 67 65 63
3 63 61 60
3 58 57 55
3 63 60 58
3 71 67 63
3 79 75 71
3 87 83 79
3 95 91 87
3 38 119 95
3 40 38 95
3 95 87 79
3 79 71 63
3 63 58 55
3 55 54 52
3 52 51 49
3 49 48 46
3 46 44 43
3 41 40 95
3 43 41 95
3 95 79 63
3 63 55 52
3 63 52 49
3 43 95 63
3 63 49 46
3 63 46 43
3 8 2 6
3 8 6 7
3 9 10 8
3 9 8 7
3 9 11 12
3 9 12 10
3 13 14 2221
3 2221 12 11
3 2221 11 13
3 15 14 13
3 16 17 14
3 16 14 15
3 2006 17 16
3 16 18 19
3 16 19 2006
3 20 19 18
3 21 22 19
3 21 19 20
3 2010 22 21
3 21 23 24
3 21 24 2010
3 23 25 24
3 24 25 26
3 26 27 1227
3 26 1227 24
3 28 27 26
3 29 30 1225
3 1225 27 28
3 1225 28 29
3 31 30 29
3 1222 30 31
3 31 32 33
3 31 33 1222
3 32 34 33
3 36 1219 33
3 33 34 35
3 33 35 36
3 37 36 35
3 38 39 1206
3 1206 36 37
3 1206 37 38
3 39 38 40
3 1205 39 40
3 40 41 42
3 40 42 1205
3 43 42 41
3 45 42 43
3 45 43 44
3 1211 45 44
3 44 46 47
3 44 47 1211
3 48 47 46
3 50 1213 47
3 47 48 49
3 47 49 50
3 51 50 49
3 52 53 1104
3 1104 50 51
3 1104 51 52
3 54 53 52
3 1101 53 54
3 54 55 56
3 54 56 1101
3 57 56 55
3 59 1102 56
3 56 57 58
3 56 58 59
3 60 59 58
3 61 62 59
3 61 59 60
3 64 62 61
3 64 61 63
3 64 63 65
3 64 65 66
3 67 68 66
3 67 66 65
3 70 68 67
3 70 67 69
3 70 69 71
3 70 71 72
3 73 74 72
3 73 72 71
3 76 74 73
3 76 73 75
3 76 75 77
3 76 77 78
3 80 78 77
3 80 77 79
3 80 79 81
3 80 81 82
3 84 82 81
3 84 81 83
3 84 83 85
3 84 85 86
3 88 86 85
3 88 85 87
3 88 87 89
3 88 89 90
3 91 92 90
3 91 90 89
3 91 93 94
3 91 94 92
3 96 94 93
3 96 93 95
3 97 98 96
3 97 96 95
3 97 99 100
3 97 100 98
3 102 100 99
3 102 99 101
3 102 101 103
3 102 103 104
3 103 105 106
3 103 106 104
3 108 106 105
3 108 105 107
3 109 110 108
3 109 108 107
3 109 111 112
3 109 112 110
3 114 112 111
3 114 111 113
3 114 113 115
3 114 115 116
3 117 118 116
3 117 116 115
3 119 118 117
3 6134 118 119
3 119 120 121
3 119 121 6134
3 122 121 120
3 124 6137 121
3 121 122 123
3 121 123 124
3 125 124 123
3 127 6140 124
3 124 125 126
3 124 126 127
3 128 127 126
3 130 127 128
3 130 128 129
3 130 129 131
3 130 131 132
3 133 134 132
3 133 132 131
3 136 134 133
3 136 133 135
3 232 136 135
3 135 137 138
3 135 138 232
3 138 137 139
3 233 138 139
3 139 140 141
3 139 141 233
3 141 140 142
3 6145 141 142
3 142 143 144
3 142 144 6145
3 144 143 145
3 190 144 145
3 145 146 147
3 145 147 190
3 147 146 148
3 147 148 149
3 150 151 149
3 150 149 148
3 152 151 150
3 151 152 153
3 153 154 182
3 153 182 151
3 153 155 156
3 153 156 154
3 156 155 157
3 156 157 158
3 159 160 158
3 159 158 157
3 159 161 162
3 159 162 160
3 162 161 5
3 162 5 1
3 162 163 164
3 162 164 160
3 162 1 165
3 162 165 163
3 164 163 166
3 164 166 169
3 167 166 163
3 167 163 165
3 167 2278 168
3 167 168 166
3 168 170 169
3 168 169 166
3 171 169 170
3 171 170 172
3 164 169 171
3 164 171 173
3 171 172 176
3 171 176 174
3 171 174 175
3 171 175 173
3 180 175 174
3 180 174 177
3 176 178 177
3 176 177 174
3 179 177 178
3 179 178 2293
3 180 177 179
3 180 179 181
3 156 175 180
3 156 180 154
3 180 181 182
3 180 182 154
3 186 182 181
3 186 181 183
3 179 184 183
3 179 183 181
3 185 183 184
3 185 184 194
3 186 183 185
3 186 185 187
3 147 149 186
3 147 186 187
3 186 149 151
3 186 151 182
3 147 187 188
3 147 188 190
3 185 191 188
3 185 188 187
3 189 188 191
3 189 191 192
3 189 6146 190
3 189 190 188
3 193 195 192
3 193 192 191
3 185 194 193
3 185 193 191
3 193 194 197
3 193 197 196
3 193 196 199
3 193 199 195
3 2297 198 196
3 2297 196 197
3 199 196 198
3 199 198 200
3 199 201 203
3 199 203 195
3 199 200 204
3 199 204 201
3 204 206 202
3 204 202 201
3 214 203 201
3 214 201 202
3 204 200 2302
3 204 2302 205
3 204 205 207
3 204 207 206
3 207 209 208
3 207 208 206
3 211 202 206
3 211 206 208
3 210 208 209
3 210 209 2312
3 211 208 210
3 211 210 212
3 211 212 216
3 211 216 213
3 214 202 211
3 214 211 213
3 214 213 215
3 214 215 6149
3 218 215 213
3 218 213 216
3 3147 217 216
3 3147 216 212
3 217 219 218
3 217 218 216
3 218 219 221
3 218 221 220
3 218 220 223
3 218 223 215
3 3082 222 220
3 3082 220 221
3 223 220 222
3 223 222 225
3 223 224 6149
3 223 6149 215
3 223 225 227
3 223 227 224
3 3130 226 225
3 3130 225 222
3 227 225 226
3 227 226 229
3 227 229 230
3 227 230 228
3 227 228 6147
3 227 6147 224
3 229 231 233
3 229 233 230
3 234 231 229
3 234 229 226
3 138 233 231
3 138 231 232
3 234 236 232
3 234 232 231
3 238 236 234
3 238 234 235
3 234 226 3130
3 234 3130 235
3 136 232 236
3 136 236 237
3 238 240 237
3 238 237 236
3 242 240 238
3 242 238 239
3 238 235 3095
3 238 3095 239
3 6143 237 240
3 6143 240 241
3 242 244 241
3 242 241 240
3 3094 243 242
3 3094 242 239
3 242 243 246
3 242 246 244
3 6144 241 244
3 6144 244 245
3 244 246 248
3 244 248 245
3 247 246 243
3 247 243 3097
3 247 249 248
3 247 248 246
3 249 253 250
3 249 250 248
3 251 245 248
3 251 248 250
3 252 6136 251
3 252 251 250
3 253 255 252
3 253 252 250
3 249 3102 254
3 249 254 253
3 253 254 257
3 253 257 255
3 255 256 6133
3 255 6133 252
3 255 257 259
3 255 259 256
3 258 257 254
3 258 254 3105
3 258 260 259
3 258 259 257
3 256 259 261
3 256 261 262
3 263 261 259
3 263 259 260
3 262 261 112
3 262 112 114
3 263 110 112
3 263 112 261
3 263 260 265
3 263 265 264
3 108 110 263
3 108 263 264
3 265 267 266
3 265 266 264
3 108 264 266
3 108 266 106
3 269 268 266
3 269 266 267
3 106 266 268
3 106 268 104
3 269 272 270
3 269 270 268
3 270 102 104
3 270 104 268
3 270 271 100
3 270 100 102
3 270 272 274
3 270 274 271
3 3110 273 272
3 3110 272 269
3 276 274 272
3 276 272 273
3 271 274 275
3 271 275 6131
3 276 279 275
3 276 275 274
3 276 273 3113
3 276 3113 277
3 276 277 3123
3 276 3123 278
3 276 278 281
3 276 281 279
3 280 6126 275
3 280 275 279
3 280 279 281
3 280 281 282
3 283 281 278
3 283 278 285
3 282 281 283
3 282 283 286
3 283 284 287
3 283 287 286
3 283 285 3037
3 283 3037 284
3 291 288 286
3 291 286 287
3 288 289 282
3 288 282 286
3 288 290 6129
3 288 6129 289
3 291 293 290
3 291 290 288
3 292 295 293
3 292 293 291
3 292 291 287
3 292 287 3131
3 6109 290 293
3 6109 293 294
3 296 294 293
3 296 293 295
3 296 295 297
3 296 297 300
3 299 297 295
3 299 295 292
3 3016 298 297
3 3016 297 299
3 301 300 297
3 301 297 298
3 296 300 302
3 296 302 304
3 302 300 301
3 302 301 305
3 302 303 6104
3 302 6104 304
3 302 305 306
3 302 306 303
3 301 308 307
3 301 307 305
3 307 309 306
3 307 306 305
3 307 308 311
3 307 311 310
3 307 310 312
3 307 312 309
3 311 315 313
3 311 313 310
3 313 314 312
3 313 312 310
3 313 316 318
3 313 318 314
3 313 315 317
3 313 317 316
3 317 320 319
3 317 319 316
3 319 321 318
3 319 318 316
3 319 320 323
3 319 323 322
3 319 322 324
3 319 324 321
3 323 328 325
3 323 325 322
3 325 327 324
3 325 324 322
3 325 328 329
3 325 329 326
3 325 326 6103
3 325 6103 327
3 323 331 330
3 323 330 328
3 329 328 330
3 329 330 333
3 332 330 331
3 332 331 3023
3 333 330 332
3 333 332 335
3 333 335 336
3 333 336 334
3 329 333 334
3 329 334 933
3 332 338 337
3 332 337 335
3 335 337 339
3 335 339 336
3 338 341 340
3 338 340 337
3 342 339 337
3 342 337 340
3 343 340 341
3 343 341 345
3 343 344 342
3 343 342 340
3 343 346 348
3 343 348 344
3 349 346 343
3 349 343 345
3 349 351 347
3 349 347 346
3 654 348 346
3 654 346 347
3 349 345 3026
3 349 3026 350
3 353 351 349
3 353 349 350
3 353 355 352
3 353 352 351
3 650 347 351
3 650 351 352
3 353 350 3133
3 353 3133 354
3 357 355 353
3 357 353 354
3 357 359 356
3 357 356 355
3 646 352 355
3 646 355 356
3 357 354 3134
3 357 3134 358
3 361 359 357
3 361 357 358
3 361 363 360
3 361 360 359
3 642 356 359
3 642 359 360
3 361 358 3135
3 361 3135 362
3 365 363 361
3 365 361 362
3 365 367 364
3 365 364 363
3 638 360 363
3 638 363 364
3 365 362 3136
3 365 3136 366
3 369 367 365
3 369 365 366
3 369 371 368
3 369 368 367
3 634 364 367
3 634 367 368
3 369 366 3137
3 369 3137 370
3 373 371 369
3 373 369 370
3 373 375 372
3 373 372 371
3 630 368 371
3 630 371 372
3 373 370 3138
3 373 3138 374
3 377 375 373
3 377 373 374
3 377 379 376
3 377 376 375
3 626 372 375
3 626 375 376
3 377 374 3139
3 377 3139 378
3 381 379 377
3 381 377 378
3 381 383 380
3 381 380 379
3 622 376 379
3 622 379 380
3 381 378 3140
3 381 3140 382
3 385 383 381
3 385 381 382
3 385 387 384
3 385 384 383
3 618 380 383
3 618 383 384
3 385 382 3141
3 385 3141 386
3 389 387 385
3 389 385 386
3 389 391 388
3 389 388 387
3 614 384 387
3 614 387 388
3 389 386 3142
3 389 3142 390
3 393 391 389
3 393 389 390
3 393 395 392
3 393 392 391
3 610 388 391
3 610 391 392
3 393 390 3143
3 393 3143 394
3 397 395 393
3 397 393 394
3 397 399 396
3 397 396 395
3 606 392 395
3 606 395 396
3 397 394 3144
3 397 3144 398
3 401 399 397
3 401 397 398
3 401 403 400
3 401 400 399
3 602 396 399
3 602 399 400
3 401 398 3146
3 401 3146 402
3 405 403 401
3 405 401 402
3 405 407 404
3 405 404 403
3 598 400 403
3 598 403 404
3 405 402 3150
3 405 3150 406
3 409 407 405
3 409 405 406
3 409 411 408
3 409 408 407
3 594 404 407
3 594 407 408
3 409 406 3151
3 409 3151 410
3 413 411 409
3 413 409 410
3 413 415 412
3 413 412 411
3 590 408 411
3 590 411 412
3 413 410 3152
3 413 3152 414
3 417 415 413
3 417 413 414
3 417 419 416
3 417 416 415
3 586 412 415
3 586 415 416
3 417 414 3153
3 417 3153 418
3 421 419 417
3 421 417 418
3 421 423 420
3 421 420 419
3 582 416 419
3 582 419 420
3 421 418 3154
3 421 3154 422
3 425 423 421
3 425 421 422
3 425 427 424
3 425 424 423
3 578 420 423
3 578 423 424
3 425 422 3155
3 425 3155 426
3 429 427 425
3 429 425 426
3 429 431 428
3 429 428 427
3 574 424 427
3 574 427 428
3 429 426 3156
3 429 3156 430
3 433 431 429
3 433 429 430
3 433 435 432
3 433 432 431
3 570 428 431
3 570 431 432
3 433 430 3157
3 433 3157 434
3 437 435 433
3 437 433 434
3 437 439 436
3 437 436 435
3 566 432 435
3 566 435 436
3 437 434 3158
3 437 3158 438
3 441 439 437
3 441 437 438
3 441 443 440
3 441 440 439
3 562 436 439
3 562 439 440
3 441 438 3159
3 441 3159 442
3 445 443 441
3 445 441 442
3 445 447 444
3 445 444 443
3 558 440 443
3 558 443 444
3 445 442 3160
3 445 3160 446
3 449 447 445
3 449 445 446
3 449 451 448
3 449 448 447
3 554 444 447
3 554 447 448
3 449 446 3161
3 449 3161 450
3 453 451 449
3 453 449 450
3 453 454 452
3 453 452 451
3 550 448 451
3 550 451 452
3 458 454 453
3 458 453 455
3 453 450 456
3 453 456 455
3 2844 457 455
3 2844 455 456
3 458 455 457
3 458 457 460
3 462 459 458
3 462 458 460
3 458 459 536
3 458 536 454
3 2841 461 460
3 2841 460 457
3 462 460 461
3 462 461 464
3 462 463 538
3 462 538 459
3 466 463 462
3 466 462 464
3 2838 465 464
3 2838 464 461
3 466 464 465
3 466 465 467
3 466 468 470
3 466 470 463
3 471 468 466
3 471 466 467
3 471 472 469
3 471 469 468
3 541 470 468
3 541 468 469
3 476 472 471
3 476 471 473
3 471 467 474
3 471 474 473
3 474 2832 475
3 474 475 473
3 477 476 473
3 477 473 475
3 477 481 478
3 477 478 476
3 476 478 480
3 476 480 472
3 479 478 481
3 479 481 483
3 479 548 480
3 479 480 478
3 2830 482 481
3 2830 481 477
3 485 483 481
3 485 481 482
3 479 483 484
3 479 484 548
3 485 486 484
3 485 484 483
3 485 487 489
3 485 489 486
3 490 487 485
3 490 485 482
3 502 489 487
3 502 487 488
3 490 492 488
3 490 488 487
3 2830 491 490
3 2830 490 482
3 490 491 493
3 490 493 492
3 495 494 492
3 495 492 493
3 494 497 488
3 494 488 492
3 495 2827 496
3 495 496 494
3 494 496 498
3 494 498 497
3 497 499 502
3 497 502 488
3 497 498 500
3 497 500 499
3 2825 501 499
3 2825 499 500
3 502 499 501
3 502 501 503
3 502 503 505
3 502 505 489
3 2823 504 503
3 2823 503 501
3 505 503 504
3 505 504 507
3 505 506 486
3 505 486 489
3 505 507 509
3 505 509 506
3 2821 508 507
3 2821 507 504
3 509 507 508
3 509 508 511
3 509 510 549
3 509 549 506
3 509 511 513
3 509 513 510
3 2819 512 511
3 2819 511 508
3 513 511 512
3 513 512 515
3 513 514 546
3 513 546 510
3 513 515 517
3 513 517 514
3 2817 516 515
3 2817 515 512
3 517 515 516
3 517 516 519
3 517 518 543
3 517 543 514
3 517 519 521
3 517 521 518
3 2815 520 519
3 2815 519 516
3 521 519 520
3 521 520 523
3 521 522 542
3 521 542 518
3 521 523 525
3 521 525 522
3 2813 524 523
3 2813 523 520
3 525 523 524
3 525 524 526
3 525 527 528
3 525 528 522
3 525 526 529
3 525 529 527
3 533 528 527
3 533 527 530
3 529 531 530
3 529 530 527
3 532 530 531
3 532 531 551
3 534 533 530
3 534 530 532
3 534 536 535
3 534 535 533
3 535 537 528
3 535 528 533
3 535 536 459
3 535 459 538
3 535 538 539
3 535 539 537
3 539 538 463
3 539 463 470
3 539 540 542
3 539 542 537
3 539 470 541
3 539 541 540
3 541 544 543
3 541 543 540
3 540 543 518
3 540 518 542
3 544 546 514
3 544 514 543
3 541 469 545
3 541 545 544
3 545 547 546
3 545 546 544
3 547 549 510
3 547 510 546
3 545 480 548
3 545 548 547
3 547 548 484
3 547 484 549
3 549 484 486
3 549 486 506
3 545 469 472
3 545 472 480
3 537 542 522
3 537 522 528
3 534 452 454
3 534 454 536
3 550 452 534
3 550 534 532
3 550 532 551
3 550 551 553
3 2806 552 551
3 2806 551 531
3 553 551 552
3 553 552 555
3 554 448 550
3 554 550 553
3 554 553 555
3 554 555 557
3 2804 556 555
3 2804 555 552
3 557 555 556
3 557 556 559
3 558 444 554
3 558 554 557
3 558 557 559
3 558 559 561
3 2826 560 559
3 2826 559 556
3 561 559 560
3 561 560 563
3 562 440 558
3 562 558 561
3 562 561 563
3 562 563 565
3 564 567 565
3 564 565 563
3 2257 564 563
3 2257 563 560
3 566 436 562
3 566 562 565
3 566 565 567
3 566 567 569
3 568 571 569
3 568 569 567
3 564 2258 568
3 564 568 567
3 570 432 566
3 570 566 569
3 570 569 571
3 570 571 573
3 568 2249 572
3 568 572 571
3 572 575 573
3 572 573 571
3 574 428 570
3 574 570 573
3 574 573 575
3 574 575 577
3 572 2250 576
3 572 576 575
3 576 579 577
3 576 577 575
3 578 424 574
3 578 574 577
3 578 577 579
3 578 579 581
3 576 3163 580
3 576 580 579
3 580 583 581
3 580 581 579
3 582 420 578
3 582 578 581
3 582 581 583
3 582 583 585
3 580 3165 584
3 580 584 583
3 584 587 585
3 584 585 583
3 586 416 582
3 586 582 585
3 586 585 587
3 586 587 589
3 584 3167 588
3 584 588 587
3 588 591 589
3 588 589 587
3 590 412 586
3 590 586 589
3 590 589 591
3 590 591 593
3 588 3169 592
3 588 592 591
3 592 595 593
3 592 593 591
3 594 408 590
3 594 590 593
3 594 593 595
3 594 595 597
3 592 3171 596
3 592 596 595
3 596 599 597
3 596 597 595
3 598 404 594
3 598 594 597
3 598 597 599
3 598 599 601
3 596 3173 600
3 596 600 599
3 600 603 601
3 600 601 599
3 602 400 598
3 602 598 601
3 602 601 603
3 602 603 605
3 600 3175 604
3 600 604 603
3 604 607 605
3 604 605 603
3 606 396 602
3 606 602 605
3 606 605 607
3 606 607 609
3 604 3177 608
3 604 608 607
3 608 611 609
3 608 609 607
3 610 392 606
3 610 606 609
3 610 609 611
3 610 611 613
3 608 3179 612
3 608 612 611
3 612 615 613
3 612 613 611
3 614 388 610
3 614 610 613
3 614 613 615
3 614 615 617
3 612 3181 616
3 612 616 615
3 616 619 617
3 616 617 615
3 618 384 614
3 618 614 617
3 618 617 619
3 618 619 621
3 616 3183 620
3 616 620 619
3 620 623 621
3 620 621 619
3 622 380 618
3 622 618 621
3 622 621 623
3 622 623 625
3 620 3185 624
3 620 624 623
3 624 627 625
3 624 625 623
3 626 376 622
3 626 622 625
3 626 625 627
3 626 627 629
3 624 3187 628
3 624 628 627
3 628 631 629
3 628 629 627
3 630 372 626
3 630 626 629
3 630 629 631
3 630 631 633
3 628 3189 632
3 628 632 631
3 632 635 633
3 632 633 631
3 634 368 630
3 634 630 633
3 634 633 635
3 634 635 637
3 632 3191 636
3 632 636 635
3 636 639 637
3 636 637 635
3 638 364 634
3 638 634 637
3 638 637 639
3 638 639 641
3 636 3193 640
3 636 640 639
3 640 643 641
3 640 641 639
3 642 360 638
3 642 638 641
3 642 641 643
3 642 643 645
3 640 3195 644
3 640 644 643
3 644 647 645
3 644 645 643
3 646 356 642
3 646 642 645
3 646 645 647
3 646 647 649
3 644 3197 648
3 644 648 647
3 648 651 649
3 648 649 647
3 650 352 646
3 650 646 649
3 650 649 651
3 650 651 653
3 648 3199 652
3 648 652 651
3 652 655 653
3 652 653 651
3 654 347 650
3 654 650 653
3 654 653 655
3 654 655 657
3 652 3201 656
3 652 656 655
3 656 659 657
3 656 657 655
3 658 348 654
3 658 654 657
3 658 657 659
3 658 659 661
3 656 3203 660
3 656 660 659
3 660 663 661
3 660 661 659
3 662 929 658
3 662 658 661
3 662 661 663
3 662 663 665
3 660 3205 664
3 660 664 663
3 664 667 665
3 664 665 663
3 666 926 662
3 666 662 665
3 666 665 667
3 666 667 669
3 664 3207 668
3 664 668 667
3 668 671 669
3 668 669 667
3 670 922 666
3 670 666 669
3 670 669 671
3 670 671 673
3 668 3209 672
3 668 672 671
3 672 675 673
3 672 673 671
3 674 918 670
3 674 670 673
3 674 673 675
3 674 675 677
3 672 3211 676
3 672 676 675
3 676 679 677
3 676 677 675
3 678 914 674
3 678 674 677
3 678 677 679
3 678 679 681
3 676 3213 680
3 676 680 679
3 680 683 681
3 680 681 679
3 682 910 678
3 682 678 681
3 682 681 683
3 682 683 685
3 680 3215 684
3 680 684 683
3 684 687 685
3 684 685 683
3 686 906 682
3 686 682 685
3 686 685 687
3 686 687 689
3 684 3217 688
3 684 688 687
3 688 691 689
3 688 689 687
3 690 902 686
3 690 686 689
3 690 689 691
3 690 691 693
3 688 3219 692
3 688 692 691
3 692 695 693
3 692 693 691
3 694 898 690
3 694 690 693
3 694 693 695
3 694 695 697
3 692 3221 696
3 692 696 695
3 696 699 697
3 696 697 695
3 698 894 694
3 698 694 697
3 698 697 699
3 698 699 701
3 696 3223 700
3 696 700 699
3 700 703 701
3 700 701 699
3 702 890 698
3 702 698 701
3 702 701 703
3 702 703 705
3 700 3225 704
3 700 704 703
3 704 707 705
3 704 705 703
3 706 886 702
3 706 702 705
3 706 705 707
3 706 707 709
3 704 3227 708
3 704 708 707
3 708 711 709
3 708 709 707
3 882 706 709
3 882 709 710
3 711 713 710
3 711 710 709
3 708 3229 712
3 708 712 711
3 711 712 715
3 711 715 713
3 878 710 713
3 878 713 714
3 715 717 714
3 715 714 713
3 715 712 3231
3 715 3231 716
3 715 716 719
3 715 719 717
3 834 714 717
3 834 717 718
3 719 721 718
3 719 718 717
3 719 716 3233
3 719 3233 720
3 719 720 723
3 719 723 721
3 835 718 721
3 835 721 722
3 723 725 722
3 723 722 721
3 723 720 3235
3 723 3235 724
3 723 724 727
3 723 727 725
3 837 722 725
3 837 725 726
3 727 729 726
3 727 726 725
3 727 724 3237
3 727 3237 728
3 727 728 731
3 727 731 729
3 841 726 729
3 841 729 730
3 731 733 730
3 731 730 729
3 731 728 3239
3 731 3239 732
3 731 732 735
3 731 735 733
3 845 730 733
3 845 733 734
3 735 737 734
3 735 734 733
3 735 732 3241
3 735 3241 736
3 735 736 739
3 735 739 737
3 849 734 737
3 849 737 738
3 739 741 738
3 739 738 737
3 739 736 3243
3 739 3243 740
3 739 740 743
3 739 743 741
3 853 738 741
3 853 741 742
3 743 745 742
3 743 742 741
3 743 740 3245
3 743 3245 744
3 743 744 747
3 743 747 745
3 857 742 745
3 857 745 746
3 747 749 746
3 747 746 745
3 747 744 3247
3 747 3247 748
3 747 748 751
3 747 751 749
3 861 746 749
3 861 749 750
3 751 753 750
3 751 750 749
3 751 748 3249
3 751 3249 752
3 751 752 755
3 751 755 753
3 865 750 753
3 865 753 754
3 755 757 754
3 755 754 753
3 755 752 3251
3 755 3251 756
3 755 756 759
3 755 759 757
3 868 754 757
3 868 757 758
3 759 761 758
3 759 758 757
3 759 756 3253
3 759 3253 760
3 759 760 762
3 759 762 761
3 764 758 761
3 764 761 763
3 762 765 763
3 762 763 761
3 764 763 766
3 764 766 767
3 765 768 766
3 765 766 763
3 769 772 767
3 769 767 766
3 768 770 769
3 768 769 766
3 770 3264 771
3 770 771 769
3 769 771 773
3 769 773 772
3 772 774 775
3 772 775 767
3 772 773 776
3 772 776 774
3 774 777 778
3 774 778 775
3 774 776 779
3 774 779 777
3 783 778 777
3 783 777 780
3 779 782 780
3 779 780 777
3 783 780 781
3 783 781 785
3 781 780 782
3 781 782 3374
3 869 778 783
3 869 783 784
3 783 785 786
3 783 786 784
3 781 788 787
3 781 787 785
3 787 789 786
3 787 786 785
3 787 788 791
3 787 791 790
3 787 790 793
3 787 793 789
3 3352 792 790
3 3352 790 791
3 793 790 792
3 793 792 795
3 793 794 871
3 793 871 789
3 793 795 797
3 793 797 794
3 3349 796 795
3 3349 795 792
3 797 795 796
3 797 796 799
3 797 798 872
3 797 872 794
3 797 799 801
3 797 801 798
3 3346 800 799
3 3346 799 796
3 801 799 800
3 801 800 803
3 801 802 873
3 801 873 798
3 801 803 805
3 801 805 802
3 3343 804 803
3 3343 803 800
3 805 803 804
3 805 804 807
3 805 806 874
3 805 874 802
3 805 807 809
3 805 809 806
3 3340 808 807
3 3340 807 804
3 809 807 808
3 809 808 811
3 809 810 875
3 809 875 806
3 809 811 813
3 809 813 810
3 3337 812 811
3 3337 811 808
3 813 811 812
3 813 812 815
3 813 814 876
3 813 876 810
3 813 815 817
3 813 817 814
3 3335 816 815
3 3335 815 812
3 817 815 816
3 817 816 819
3 817 818 877
3 817 877 814
3 817 819 821
3 817 821 818
3 820 822 821
3 820 821 819
3 976 820 819
3 976 819 816
3 822 824 823
3 822 823 821
3 818 821 823
3 818 823 826
3 824 967 825
3 824 825 823
3 826 823 825
3 826 825 828
3 829 827 826
3 829 826 828
3 818 826 827
3 818 827 877
3 830 833 829
3 830 829 828
3 830 828 825
3 830 825 831
3 879 832 830
3 879 830 831
3 830 832 834
3 830 834 833
3 835 833 834
3 835 834 718
3 829 833 835
3 829 835 836
3 837 836 835
3 837 835 722
3 838 836 837
3 838 837 840
3 829 836 838
3 829 838 827
3 838 840 842
3 838 842 839
3 838 839 877
3 838 877 827
3 841 840 837
3 841 837 726
3 842 840 841
3 842 841 844
3 842 844 846
3 842 846 843
3 842 843 876
3 842 876 839
3 845 844 841
3 845 841 730
3 846 844 845
3 846 845 848
3 846 848 850
3 846 850 847
3 846 847 875
3 846 875 843
3 849 848 845
3 849 845 734
3 850 848 849
3 850 849 852
3 850 852 854
3 850 854 851
3 850 851 874
3 850 874 847
3 853 852 849
3 853 849 738
3 854 852 853
3 854 853 856
3 854 856 858
3 854 858 855
3 854 855 873
3 854 873 851
3 857 856 853
3 857 853 742
3 858 856 857
3 858 857 860
3 858 860 862
3 858 862 859
3 858 859 872
3 858 872 855
3 861 860 857
3 861 857 746
3 862 860 861
3 862 861 864
3 862 864 866
3 862 866 863
3 862 863 871
3 862 871 859
3 865 864 861
3 865 861 750
3 866 864 865
3 866 865 867
3 866 867 869
3 866 869 784
3 866 784 786
3 866 786 863
3 868 867 865
3 868 865 754
3 869 867 868
3 869 868 870
3 869 870 775
3 869 775 778
3 868 758 764
3 868 764 870
3 764 767 775
3 764 775 870
3 789 871 863
3 789 863 786
3 794 872 859
3 794 859 871
3 798 873 855
3 798 855 872
3 802 874 851
3 802 851 873
3 806 875 847
3 806 847 874
3 810 876 843
3 810 843 875
3 814 877 839
3 814 839 876
3 834 832 878
3 834 878 714
3 879 881 878
3 879 878 832
3 879 831 966
3 879 966 880
3 883 881 879
3 883 879 880
3 883 885 882
3 883 882 881
3 878 881 882
3 878 882 710
3 883 880 963
3 883 963 884
3 887 885 883
3 887 883 884
3 887 889 886
3 887 886 885
3 882 885 886
3 882 886 706
3 887 884 960
3 887 960 888
3 891 889 887
3 891 887 888
3 891 893 890
3 891 890 889
3 702 886 889
3 702 889 890
3 891 888 957
3 891 957 892
3 895 893 891
3 895 891 892
3 895 897 894
3 895 894 893
3 698 890 893
3 698 893 894
3 895 892 954
3 895 954 896
3 899 897 895
3 899 895 896
3 899 901 898
3 899 898 897
3 694 894 897
3 694 897 898
3 899 896 951
3 899 951 900
3 903 901 899
3 903 899 900
3 903 905 902
3 903 902 901
3 690 898 901
3 690 901 902
3 903 900 948
3 903 948 904
3 907 905 903
3 907 903 904
3 907 909 906
3 907 906 905
3 686 902 905
3 686 905 906
3 907 904 942
3 907 942 908
3 911 909 907
3 911 907 908
3 911 913 910
3 911 910 909
3 682 906 909
3 682 909 910
3 911 908 940
3 911 940 912
3 915 913 911
3 915 911 912
3 915 917 914
3 915 914 913
3 678 910 913
3 678 913 914
3 915 912 937
3 915 937 916
3 919 917 915
3 919 915 916
3 919 921 918
3 919 918 917
3 674 914 917
3 674 917 918
3 919 916 934
3 919 934 920
3 923 921 919
3 923 919 920
3 923 925 922
3 923 922 921
3 670 918 921
3 670 921 922
3 923 920 930
3 923 930 924
3 927 925 923
3 927 923 924
3 927 928 926
3 927 926 925
3 666 922 925
3 666 925 926
3 927 924 336
3 927 336 339
3 342 928 927
3 342 927 339
3 342 344 929
3 342 929 928
3 662 926 928
3 662 928 929
3 658 929 344
3 658 344 348
3 334 336 924
3 334 924 930
3 931 930 920
3 931 920 934
3 931 933 334
3 931 334 930
3 6102 933 931
3 6102 931 932
3 931 934 935
3 931 935 932
3 935 934 916
3 935 916 937
3 935 937 938
3 935 938 936
3 935 936 6100
3 935 6100 932
3 938 937 912
3 938 912 940
3 939 6099 936
3 939 936 938
3 941 939 938
3 941 938 940
3 942 941 940
3 942 940 908
3 941 943 945
3 941 945 939
3 942 946 943
3 942 943 941
3 947 944 943
3 947 943 946
3 944 1011 945
3 944 945 943
3 947 946 948
3 947 948 949
3 904 948 946
3 904 946 942
3 900 951 949
3 900 949 948
3 950 949 951
3 950 951 952
3 950 1006 947
3 950 947 949
3 896 954 952
3 896 952 951
3 953 952 954
3 953 954 955
3 953 1002 950
3 953 950 952
3 892 957 955
3 892 955 954
3 956 955 957
3 956 957 958
3 956 998 953
3 956 953 955
3 888 960 958
3 888 958 957
3 959 958 960
3 959 960 961
3 959 994 956
3 959 956 958
3 884 963 961
3 884 961 960
3 962 961 963
3 962 963 964
3 962 990 959
3 962 959 961
3 880 966 964
3 880 964 963
3 965 968 962
3 965 962 964
3 965 964 966
3 965 966 967
3 831 825 967
3 831 967 966
3 824 969 965
3 824 965 967
3 965 969 970
3 965 970 968
3 972 970 969
3 972 969 971
3 822 971 969
3 822 969 824
3 974 972 971
3 974 971 973
3 820 973 971
3 820 971 822
3 978 974 973
3 978 973 975
3 976 975 973
3 976 973 820
3 976 3333 977
3 976 977 975
3 979 978 975
3 979 975 977
3 979 981 980
3 979 980 978
3 978 980 983
3 978 983 974
3 3329 982 980
3 3329 980 981
3 982 984 983
3 982 983 980
3 984 986 985
3 984 985 983
3 974 983 985
3 974 985 972
3 972 985 987
3 972 987 970
3 987 985 986
3 987 986 988
3 987 989 968
3 987 968 970
3 987 988 991
3 987 991 989
3 962 968 989
3 962 989 990
3 991 993 990
3 991 990 989
3 991 992 995
3 991 995 993
3 991 988 1678
3 991 1678 992
3 959 990 993
3 959 993 994
3 995 997 994
3 995 994 993
3 995 996 999
3 995 999 997
3 995 992 1675
3 995 1675 996
3 956 994 997
3 956 997 998
3 999 1001 998
3 999 998 997
3 999 1000 1003
3 999 1003 1001
3 999 996 1672
3 999 1672 1000
3 953 998 1001
3 953 1001 1002
3 1003 1005 1002
3 1003 1002 1001
3 1003 1004 1007
3 1003 1007 1005
3 1003 1000 1669
3 1003 1669 1004
3 950 1002 1005
3 950 1005 1006
3 1007 1009 1006
3 1007 1006 1005
3 1007 1008 1010
3 1007 1010 1009
3 1007 1004 1666
3 1007 1666 1008
3 947 1006 1009
3 947 1009 944
3 944 1009 1010
3 944 1010 1011
3 1011 1010 1012
3 1011 1012 1013
3 1008 1014 1012
3 1008 1012 1010
3 1013 1012 1015
3 1013 1015 1016
3 1014 1017 1015
3 1014 1015 1012
3 1016 1015 1018
3 1016 1018 1019
3 1017 1020 1018
3 1017 1018 1015
3 1019 1018 1021
3 1019 1021 1022
3 1020 1023 1021
3 1020 1021 1018
3 1022 1021 1024
3 1022 1024 1025
3 1023 1026 1024
3 1023 1024 1021
3 1025 1024 1027
3 1025 1027 1028
3 1026 1029 1027
3 1026 1027 1024
3 1028 1027 1030
3 1028 1030 1031
3 1029 1032 1030
3 1029 1030 1027
3 1031 1030 1033
3 1031 1033 1034
3 1032 1035 1033
3 1032 1033 1030
3 1034 1033 1036
3 1034 1036 1037
3 1035 1038 1036
3 1035 1036 1033
3 1037 1036 1039
3 1037 1039 1040
3 1038 1041 1039
3 1038 1039 1036
3 1040 1039 1042
3 1040 1042 1043
3 1041 1044 1042
3 1041 1042 1039
3 1043 1042 1045
3 1043 1045 1046
3 1044 1047 1045
3 1044 1045 1042
3 1046 1045 1048
3 1046 1048 1049
3 1050 1048 1045
3 1050 1045 1047
3 1049 1048 1051
3 1049 1051 1052
3 1050 1053 1051
3 1050 1051 1048
3 1052 1051 1054
3 1052 1054 1055
3 1053 1056 1054
3 1053 1054 1051
3 1055 1054 1057
3 1055 1057 1058
3 1056 1059 1057
3 1056 1057 1054
3 1058 1057 1060
3 1058 1060 1061
3 1059 1062 1060
3 1059 1060 1057
3 1061 1060 1063
3 1061 1063 1064
3 1062 1065 1063
3 1062 1063 1060
3 1064 1063 1066
3 1064 1066 1067
3 1065 1068 1066
3 1065 1066 1063
3 1067 1066 1069
3 1067 1069 1070
3 1068 1071 1069
3 1068 1069 1066
3 1070 1069 78
3 1070 78 80
3 1071 76 78
3 1071 78 1069
3 1071 1072 74
3 1071 74 76
3 1068 1074 1072
3 1068 1072 1071
3 1075 1073 1072
3 1075 1072 1074
3 1073 72 74
3 1073 74 1072
3 1077 1075 1074
3 1077 1074 1076
3 1065 1076 1074
3 1065 1074 1068
3 1080 1077 1076
3 1080 1076 1078
3 1062 1078 1076
3 1062 1076 1065
3 1059 1079 1078
3 1059 1078 1062
3 1081 1080 1078
3 1081 1078 1079
3 1080 1082 1083
3 1080 1083 1077
3 1081 1084 1082
3 1081 1082 1080
3 1085 1086 1083
3 1085 1083 1082
3 1087 1085 1082
3 1087 1082 1084
3 1085 1088 1091
3 1085 1091 1086
3 1087 1089 1088
3 1087 1088 1085
3 1119 1090 1088
3 1119 1088 1089
3 1090 1093 1091
3 1090 1091 1088
3 1086 1091 1092
3 1086 1092 6058
3 1093 1095 1092
3 1093 1092 1091
3 1090 6054 1094
3 1090 1094 1093
3 1093 1094 1097
3 1093 1097 1095
3 6055 1092 1095
3 6055 1095 1096
3 1097 1098 1096
3 1097 1096 1095
3 1097 1094 1100
3 1097 1100 1099
3 1097 1099 1102
3 1097 1102 1098
3 1103 1101 1099
3 1103 1099 1100
3 1102 1099 1101
3 1102 1101 56
3 1102 59 62
3 1102 62 1098
3 53 1101 1103
3 53 1103 1104
3 1103 1105 1106
3 1103 1106 1104
3 1103 1100 1107
3 1103 1107 1105
3 1108 1110 1106
3 1108 1106 1105
3 1107 1111 1108
3 1107 1108 1105
3 1108 1111 1113
3 1108 1113 1109
3 1108 1109 1217
3 1108 1217 1110
3 1107 6054 1112
3 1107 1112 1111
3 1113 1111 1112
3 1113 1112 1115
3 1113 1115 1116
3 1113 1116 1114
3 1113 1114 1151
3 1113 1151 1109
3 1115 1112 1119
3 1115 1119 1117
3 1115 1117 1118
3 1115 1118 1116
3 1121 1118 1117
3 1121 1117 1120
3 1119 1089 1120
3 1119 1120 1117
3 1122 1120 1089
3 1122 1089 1087
3 1121 1120 1122
3 1121 1122 1123
3 1122 1087 1084
3 1122 1084 1124
3 1122 1124 1125
3 1122 1125 1123
3 1126 1124 1084
3 1126 1084 1081
3 1127 1125 1124
3 1127 1124 1126
3 1126 1081 1079
3 1126 1079 1128
3 1127 1126 1128
3 1127 1128 1129
3 1056 1128 1079
3 1056 1079 1059
3 1053 1129 1128
3 1053 1128 1056
3 1127 1129 1130
3 1127 1130 1132
3 1050 1130 1129
3 1050 1129 1053
3 1131 1133 1132
3 1131 1132 1130
3 1131 1130 1050
3 1131 1050 1047
3 1135 1134 1132
3 1135 1132 1133
3 1134 1125 1127
3 1134 1127 1132
3 1134 1136 1123
3 1134 1123 1125
3 1135 1138 1136
3 1135 1136 1134
3 1121 1123 1136
3 1121 1136 1137
3 1136 1138 1140
3 1136 1140 1137
3 1141 1140 1138
3 1141 1138 1139
3 1644 1139 1138
3 1644 1138 1135
3 1141 1143 1142
3 1141 1142 1140
3 1142 1144 1137
3 1142 1137 1140
3 1142 1143 1146
3 1142 1146 1145
3 1142 1145 1148
3 1142 1148 1144
3 1158 1147 1145
3 1158 1145 1146
3 1148 1145 1147
3 1148 1147 1149
3 1148 1116 1118
3 1148 1118 1144
3 1148 1149 1114
3 1148 1114 1116
3 1153 1150 1149
3 1153 1149 1147
3 1114 1149 1150
3 1114 1150 1151
3 1152 1215 1151
3 1152 1151 1150
3 1153 1154 1152
3 1153 1152 1150
3 1153 1155 1157
3 1153 1157 1154
3 1158 1155 1153
3 1158 1153 1147
3 1189 1157 1155
3 1189 1155 1156
3 1158 1159 1156
3 1158 1156 1155
3 1161 1159 1158
3 1161 1158 1146
3 1184 1156 1159
3 1184 1159 1160
3 1163 1160 1159
3 1163 1159 1161
3 1163 1161 1162
3 1163 1162 1164
3 1161 1146 1143
3 1161 1143 1162
3 1168 1165 1163
3 1168 1163 1164
3 1163 1165 1167
3 1163 1167 1160
3 1180 1167 1165
3 1180 1165 1166
3 1170 1166 1165
3 1170 1165 1168
3 1170 1168 1169
3 1170 1169 1171
3 1168 1164 1639
3 1168 1639 1169
3 1172 1170 1171
3 1172 1171 1173
3 1172 1175 1166
3 1172 1166 1170
3 1174 1172 1173
3 1174 1173 1628
3 1174 1176 1175
3 1174 1175 1172
3 1178 1177 1175
3 1178 1175 1176
3 1177 1180 1166
3 1177 1166 1175
3 1178 3401 1179
3 1178 1179 1177
3 1177 1179 1181
3 1177 1181 1180
3 1180 1181 1183
3 1180 1183 1167
3 3404 1182 1181
3 3404 1181 1179
3 1183 1181 1182
3 1183 1182 1185
3 1183 1184 1160
3 1183 1160 1167
3 1183 1185 1187
3 1183 1187 1184
3 3407 1186 1185
3 3407 1185 1182
3 1186 1188 1187
3 1186 1187 1185
3 1189 1187 1188
3 1189 1188 1190
3 1184 1187 1189
3 1184 1189 1156
3 1189 1190 1192
3 1189 1192 1157
3 3412 1191 1190
3 3412 1190 1188
3 1192 1190 1191
3 1192 1191 1194
3 1192 1193 1154
3 1192 1154 1157
3 1192 1194 1196
3 1192 1196 1193
3 3415 1195 1194
3 3415 1194 1191
3 1196 1194 1195
3 1196 1195 1198
3 1196 1197 1216
3 1196 1216 1193
3 1196 1198 1200
3 1196 1200 1197
3 3418 1199 1198
3 3418 1198 1195
3 1200 1198 1199
3 1200 1199 1202
3 1200 1201 1210
3 1200 1210 1197
3 1200 1202 1204
3 1200 1204 1201
3 1218 1203 1202
3 1218 1202 1199
3 1204 1202 1203
3 1204 1203 1206
3 1204 1205 1207
3 1204 1207 1201
3 1204 1206 39
3 1204 39 1205
3 1219 36 1206
3 1219 1206 1203
3 45 1207 1205
3 45 1205 42
3 1208 1207 45
3 1208 45 1211
3 1208 1210 1201
3 1208 1201 1207
3 1208 1211 1212
3 1208 1212 1209
3 1214 1210 1208
3 1214 1208 1209
3 1213 1212 1211
3 1213 1211 47
3 1110 1217 1209
3 1110 1209 1212
3 1110 1212 1213
3 1110 1213 1106
3 1213 50 1104
3 1213 1104 1106
3 1214 1216 1197
3 1214 1197 1210
3 1214 1209 1217
3 1214 1217 1215
3 1152 1216 1214
3 1152 1214 1215
3 1152 1154 1193
3 1152 1193 1216
3 1109 1151 1215
3 1109 1215 1217
3 1218 1220 1219
3 1218 1219 1203
3 1219 1220 1222
3 1219 1222 33
3 1218 3419 1221
3 1218 1221 1220
3 1223 1222 1220
3 1223 1220 1221
3 30 1222 1223
3 30 1223 1225
3 1223 1224 1226
3 1223 1226 1225
3 1223 1221 3420
3 1223 3420 1224
3 1227 27 1225
3 1227 1225 1226
3 1227 1226 1228
3 1227 1228 1229
3 1228 1226 1224
3 1228 1224 1230
3 1228 1231 1232
3 1228 1232 1229
3 1228 1230 1233
3 1228 1233 1231
3 1235 1232 1231
3 1235 1231 1234
3 1233 1236 1234
3 1233 1234 1231
3 1235 1234 1237
3 1235 1237 1238
3 1237 1234 1236
3 1237 1236 1239
3 1237 1240 1241
3 1237 1241 1238
3 1237 1239 1242
3 1237 1242 1240
3 1240 1243 1244
3 1240 1244 1241
3 1240 1242 1245
3 1240 1245 1243
3 1243 1246 1247
3 1243 1247 1244
3 1243 1245 1249
3 1243 1249 1246
3 1246 1248 2018
3 1246 2018 1247
3 1246 1249 1250
3 1246 1250 1248
3 1251 1254 1250
3 1251 1250 1249
3 1252 1251 1249
3 1252 1249 1245
3 1252 3447 1253
3 1252 1253 1251
3 1251 1253 1256
3 1251 1256 1254
3 1256 1258 1255
3 1256 1255 1254
3 2216 1250 1254
3 2216 1254 1255
3 1256 1253 3445
3 1256 3445 1257
3 1256 1257 1260
3 1256 1260 1258
3 1260 1262 1259
3 1260 1259 1258
3 2213 1255 1258
3 2213 1258 1259
3 1260 1257 3444
3 1260 3444 1261
3 1260 1261 1264
3 1260 1264 1262
3 1264 1266 1263
3 1264 1263 1262
3 2210 1259 1262
3 2210 1262 1263
3 1264 1261 3450
3 1264 3450 1265
3 1264 1265 1268
3 1264 1268 1266
3 1268 1270 1267
3 1268 1267 1266
3 2207 1263 1266
3 2207 1266 1267
3 1268 1265 3454
3 1268 3454 1269
3 1268 1269 1272
3 1268 1272 1270
3 1272 1274 1271
3 1272 1271 1270
3 2204 1267 1270
3 2204 1270 1271
3 1272 1269 3458
3 1272 3458 1273
3 1272 1273 1276
3 1272 1276 1274
3 1276 1278 1275
3 1276 1275 1274
3 2201 1271 1274
3 2201 1274 1275
3 1276 1273 3462
3 1276 3462 1277
3 1276 1277 1280
3 1276 1280 1278
3 1280 1282 1279
3 1280 1279 1278
3 2198 1275 1278
3 2198 1278 1279
3 1280 1277 3466
3 1280 3466 1281
3 1280 1281 1284
3 1280 1284 1282
3 1284 1286 1283
3 1284 1283 1282
3 2195 1279 1282
3 2195 1282 1283
3 1284 1281 3470
3 1284 3470 1285
3 1284 1285 1288
3 1284 1288 1286
3 1288 1290 1287
3 1288 1287 1286
3 2192 1283 1286
3 2192 1286 1287
3 1288 1285 3474
3 1288 3474 1289
3 1288 1289 1292
3 1288 1292 1290
3 1292 1294 1291
3 1292 1291 1290
3 2189 1287 1290
3 2189 1290 1291
3 1292 1289 3478
3 1292 3478 1293
3 1292 1293 1296
3 1292 1296 1294
3 1296 1298 1295
3 1296 1295 1294
3 2186 1291 1294
3 2186 1294 1295
3 1296 1293 3482
3 1296 3482 1297
3 1296 1297 1300
3 1296 1300 1298
3 1300 1302 1299
3 1300 1299 1298
3 2183 1295 1298
3 2183 1298 1299
3 1300 1297 3486
3 1300 3486 1301
3 1300 1301 1304
3 1300 1304 1302
3 1304 1306 1303
3 1304 1303 1302
3 2180 1299 1302
3 2180 1302 1303
3 1304 1301 3490
3 1304 3490 1305
3 1304 1305 1308
3 1304 1308 1306
3 1308 1310 1307
3 1308 1307 1306
3 2177 1303 1306
3 2177 1306 1307
3 1308 1305 3494
3 1308 3494 1309
3 1308 1309 1312
3 1308 1312 1310
3 1312 1314 1311
3 1312 1311 1310
3 2174 1307 1310
3 2174 1310 1311
3 1312 1309 3498
3 1312 3498 1313
3 1312 1313 1316
3 1312 1316 1314
3 1316 1318 1315
3 1316 1315 1314
3 2171 1311 1314
3 2171 1314 1315
3 1316 1313 3502
3 1316 3502 1317
3 1316 1317 1320
3 1316 1320 1318
3 1320 1322 1319
3 1320 1319 1318
3 2168 1315 1318
3 2168 1318 1319
3 1320 1317 3506
3 1320 3506 1321
3 1320 1321 1324
3 1320 1324 1322
3 1324 1326 1323
3 1324 1323 1322
3 2165 1319 1322
3 2165 1322 1323
3 1324 1321 3510
3 1324 3510 1325
3 1324 1325 1328
3 1324 1328 1326
3 1328 1330 1327
3 1328 1327 1326
3 2162 1323 1326
3 2162 1326 1327
3 1328 1325 3514
3 1328 3514 1329
3 1328 1329 1332
3 1328 1332 1330
3 1332 1334 1331
3 1332 1331 1330
3 2159 1327 1330
3 2159 1330 1331
3 1332 1329 3518
3 1332 3518 1333
3 1332 1333 1336
3 1332 1336 1334
3 1336 1338 1335
3 1336 1335 1334
3 2156 1331 1334
3 2156 1334 1335
3 1336 1333 3522
3 1336 3522 1337
3 1336 1337 1340
3 1336 1340 1338
3 1340 1342 1339
3 1340 1339 1338
3 2153 1335 1338
3 2153 1338 1339
3 1340 1337 3526
3 1340 3526 1341
3 1340 1341 1344
3 1340 1344 1342
3 1344 1346 1343
3 1344 1343 1342
3 2150 1339 1342
3 2150 1342 1343
3 1344 1341 3530
3 1344 3530 1345
3 1344 1345 1348
3 1344 1348 1346
3 1348 1350 1347
3 1348 1347 1346
3 2147 1343 1346
3 2147 1346 1347
3 1348 1345 3534
3 1348 3534 1349
3 1348 1349 1352
3 1348 1352 1350
3 1352 1354 1351
3 1352 1351 1350
3 2144 1347 1350
3 2144 1350 1351
3 1352 1349 3538
3 1352 3538 1353
3 1352 1353 1356
3 1352 1356 1354
3 1356 1358 1355
3 1356 1355 1354
3 2141 1351 1354
3 2141 1354 1355
3 1356 1353 3542
3 1356 3542 1357
3 1356 1357 1360
3 1356 1360 1358
3 1360 1362 1359
3 1360 1359 1358
3 2138 1355 1358
3 2138 1358 1359
3 1360 1357 3546
3 1360 3546 1361
3 1360 1361 1364
3 1360 1364 1362
3 1364 1366 1363
3 1364 1363 1362
3 2135 1359 1362
3 2135 1362 1363
3 1364 1361 3550
3 1364 3550 1365
3 1364 1365 1368
3 1364 1368 1366
3 1368 1370 1367
3 1368 1367 1366
3 2132 1363 1366
3 2132 1366 1367
3 1368 1365 3554
3 1368 3554 1369
3 1368 1369 1372
3 1368 1372 1370
3 1372 1374 1371
3 1372 1371 1370
3 2129 1367 1370
3 2129 1370 1371
3 1372 1369 3558
3 1372 3558 1373
3 1372 1373 1375
3 1372 1375 1374
3 1378 1371 1374
3 1378 1374 1376
3 1375 1379 1376
3 1375 1376 1374
3 1379 1381 1377
3 1379 1377 1376
3 1378 1376 1377
3 1378 1377 2126
3 1375 3565 1380
3 1375 1380 1379
3 1379 1380 1383
3 1379 1383 1381
3 1383 1385 1382
3 1383 1382 1381
3 2125 1377 1381
3 2125 1381 1382
3 1383 1380 3568
3 1383 3568 1384
3 1383 1384 1386
3 1383 1386 1385
3 1386 1388 1387
3 1386 1387 1385
3 1390 1382 1385
3 1390 1385 1387
3 1389 1387 1388
3 1389 1388 3578
3 1390 1387 1389
3 1390 1389 1392
3 1390 1392 1393
3 1390 1393 1391
3 2125 1382 1390
3 2125 1390 1391
3 1395 1393 1392
3 1395 1392 1394
3 1389 1396 1394
3 1389 1394 1392
3 1395 1394 1397
3 1395 1397 1398
3 1397 1394 1396
3 1397 1396 1399
3 1397 1400 1401
3 1397 1401 1398
3 1397 1399 1403
3 1397 1403 1400
3 1833 1401 1400
3 1833 1400 1402
3 1403 1405 1402
3 1403 1402 1400
3 1403 1399 3738
3 1403 3738 1404
3 1403 1404 1407
3 1403 1407 1405
3 1830 1402 1405
3 1830 1405 1406
3 1407 1409 1406
3 1407 1406 1405
3 1407 1404 3736
3 1407 3736 1408
3 1407 1408 1411
3 1407 1411 1409
3 1827 1406 1409
3 1827 1409 1410
3 1411 1413 1410
3 1411 1410 1409
3 1411 1408 3734
3 1411 3734 1412
3 1411 1412 1415
3 1411 1415 1413
3 1824 1410 1413
3 1824 1413 1414
3 1415 1417 1414
3 1415 1414 1413
3 1415 1412 3732
3 1415 3732 1416
3 1415 1416 1419
3 1415 1419 1417
3 1821 1414 1417
3 1821 1417 1418
3 1419 1421 1418
3 1419 1418 1417
3 1419 1416 3730
3 1419 3730 1420
3 1419 1420 1423
3 1419 1423 1421
3 1818 1418 1421
3 1818 1421 1422
3 1423 1425 1422
3 1423 1422 1421
3 1423 1420 3728
3 1423 3728 1424
3 1423 1424 1427
3 1423 1427 1425
3 1815 1422 1425
3 1815 1425 1426
3 1427 1429 1426
3 1427 1426 1425
3 1427 1424 3726
3 1427 3726 1428
3 1427 1428 1431
3 1427 1431 1429
3 1812 1426 1429
3 1812 1429 1430
3 1431 1433 1430
3 1431 1430 1429
3 1431 1428 3724
3 1431 3724 1432
3 1431 1432 1434
3 1431 1434 1433
3 1436 1430 1433
3 1436 1433 1435
3 1434 1438 1435
3 1434 1435 1433
3 1436 1435 1437
3 1436 1437 1804
3 1437 1435 1438
3 1437 1438 1440
3 1434 3721 1439
3 1434 1439 1438
3 1439 1442 1440
3 1439 1440 1438
3 1437 1440 1441
3 1437 1441 1802
3 1441 1440 1442
3 1441 1442 1444
3 1439 3719 1443
3 1439 1443 1442
3 1443 1446 1444
3 1443 1444 1442
3 1441 1444 1445
3 1441 1445 1799
3 1445 1444 1446
3 1445 1446 1448
3 1443 3717 1447
3 1443 1447 1446
3 1447 1450 1448
3 1447 1448 1446
3 1445 1448 1449
3 1445 1449 1796
3 1449 1448 1450
3 1449 1450 1452
3 1447 3715 1451
3 1447 1451 1450
3 1451 1453 1452
3 1451 1452 1450
3 1449 1452 1454
3 1449 1454 1455
3 1454 1452 1453
3 1454 1453 1457
3 1454 1456 1793
3 1454 1793 1455
3 1454 1457 1459
3 1454 1459 1456
3 3712 1458 1457
3 3712 1457 1453
3 1459 1457 1458
3 1459 1458 1460
3 1459 1461 1462
3 1459 1462 1456
3 1459 1460 1463
3 1459 1463 1461
3 1465 1462 1461
3 1465 1461 1464
3 1463 1467 1464
3 1463 1464 1461
3 1779 1465 1464
3 1779 1464 1466
3 1466 1464 1467
3 1466 1467 1468
3 1469 1470 1468
3 1469 1468 1467
3 1463 1471 1469
3 1463 1469 1467
3 1469 1472 1475
3 1469 1475 1470
3 1469 1471 1473
3 1469 1473 1472
3 3705 1474 1472
3 3705 1472 1473
3 1475 1472 1474
3 1475 1474 1476
3 1475 1477 1478
3 1475 1478 1470
3 1475 1476 1479
3 1475 1479 1477
3 1481 1478 1477
3 1481 1477 1480
3 1479 1482 1480
3 1479 1480 1477
3 1486 1481 1480
3 1486 1480 1483
3 1483 1480 1482
3 1483 1482 1484
3 1485 1483 1484
3 1485 1484 3697
3 1485 1488 1486
3 1485 1486 1483
3 1486 1487 1776
3 1486 1776 1481
3 1486 1488 1490
3 1486 1490 1487
3 1485 3695 1489
3 1485 1489 1488
3 1492 1490 1488
3 1492 1488 1489
3 1491 1771 1487
3 1491 1487 1490
3 1491 1490 1492
3 1491 1492 1493
3 1492 1494 1495
3 1492 1495 1493
3 1492 1489 1496
3 1492 1496 1494
3 1500 1495 1494
3 1500 1494 1497
3 1496 1498 1497
3 1496 1497 1494
3 1499 1497 1498
3 1499 1498 3691
3 1501 1500 1497
3 1501 1497 1499
3 1502 1503 1495
3 1502 1495 1500
3 1501 1504 1502
3 1501 1502 1500
3 1502 1505 1506
3 1502 1506 1503
3 1502 1504 1507
3 1502 1507 1505
3 1506 1505 1508
3 1506 1508 1509
3 1510 1508 1505
3 1510 1505 1507
3 1511 1513 1509
3 1511 1509 1508
3 1510 1512 1511
3 1510 1511 1508
3 1511 1512 1515
3 1511 1515 1514
3 1511 1514 1517
3 1511 1517 1513
3 3760 1516 1514
3 3760 1514 1515
3 1517 1514 1516
3 1517 1516 1519
3 1517 1518 1757
3 1517 1757 1513
3 1517 1519 1520
3 1517 1520 1518
3 1520 1519 1521
3 1520 1521 1522
3 1523 1521 1519
3 1523 1519 1516
3 1524 1525 1522
3 1524 1522 1521
3 1523 1526 1524
3 1523 1524 1521
3 1524 1527 1528
3 1524 1528 1525
3 1524 1526 1529
3 1524 1529 1527
3 1528 1527 1530
3 1528 1530 1531
3 1532 1530 1527
3 1532 1527 1529
3 1533 1535 1531
3 1533 1531 1530
3 1532 1534 1533
3 1532 1533 1530
3 1533 1534 1537
3 1533 1537 1536
3 1533 1536 1539
3 1533 1539 1535
3 3775 1538 1536
3 3775 1536 1537
3 1539 1536 1538
3 1539 1538 1541
3 1539 1540 1743
3 1539 1743 1535
3 1539 1541 1543
3 1539 1543 1540
3 3778 1542 1541
3 3778 1541 1538
3 1543 1541 1542
3 1543 1542 1545
3 1543 1544 1739
3 1543 1739 1540
3 1543 1545 1547
3 1543 1547 1544
3 3781 1546 1545
3 3781 1545 1542
3 1547 1545 1546
3 1547 1546 1549
3 1547 1548 1735
3 1547 1735 1544
3 1547 1549 1551
3 1547 1551 1548
3 3784 1550 1549
3 3784 1549 1546
3 1551 1549 1550
3 1551 1550 1553
3 1551 1552 1731
3 1551 1731 1548
3 1551 1553 1555
3 1551 1555 1552
3 3787 1554 1553
3 3787 1553 1550
3 1555 1553 1554
3 1555 1554 1557
3 1555 1556 1727
3 1555 1727 1552
3 1555 1557 1559
3 1555 1559 1556
3 3790 1558 1557
3 3790 1557 1554
3 1559 1557 1558
3 1559 1558 1561
3 1559 1560 1723
3 1559 1723 1556
3 1559 1561 1563
3 1559 1563 1560
3 3793 1562 1561
3 3793 1561 1558
3 1563 1561 1562
3 1563 1562 1565
3 1563 1564 1719
3 1563 1719 1560
3 1563 1565 1567
3 1563 1567 1564
3 3796 1566 1565
3 3796 1565 1562
3 1567 1565 1566
3 1567 1566 1569
3 1567 1568 1715
3 1567 1715 1564
3 1567 1569 1571
3 1567 1571 1568
3 3799 1570 1569
3 3799 1569 1566
3 1571 1569 1570
3 1571 1570 1573
3 1571 1572 1711
3 1571 1711 1568
3 1571 1573 1575
3 1571 1575 1572
3 3802 1574 1573
3 3802 1573 1570
3 1575 1573 1574
3 1575 1574 1577
3 1575 1576 1707
3 1575 1707 1572
3 1575 1577 1579
3 1575 1579 1576
3 3805 1578 1577
3 3805 1577 1574
3 1579 1577 1578
3 1579 1578 1581
3 1579 1580 1703
3 1579 1703 1576
3 1579 1581 1583
3 1579 1583 1580
3 3808 1582 1581
3 3808 1581 1578
3 1583 1581 1582
3 1583 1582 1585
3 1583 1584 1699
3 1583 1699 1580
3 1583 1585 1587
3 1583 1587 1584
3 3811 1586 1585
3 3811 1585 1582
3 1587 1585 1586
3 1587 1586 1589
3 1587 1588 1695
3 1587 1695 1584
3 1587 1589 1591
3 1587 1591 1588
3 3814 1590 1589
3 3814 1589 1586
3 1591 1589 1590
3 1591 1590 1593
3 1591 1592 1690
3 1591 1690 1588
3 1591 1593 1595
3 1591 1595 1592
3 3817 1594 1593
3 3817 1593 1590
3 1595 1593 1594
3 1595 1594 1597
3 1595 1596 1692
3 1595 1692 1592
3 1595 1597 1599
3 1595 1599 1596
3 3820 1598 1597
3 3820 1597 1594
3 1598 1600 1599
3 1598 1599 1597
3 1600 1602 1601
3 1600 1601 1599
3 1596 1599 1601
3 1596 1601 1604
3 1602 1614 1603
3 1602 1603 1601
3 1604 1601 1603
3 1604 1603 1606
3 1596 1604 1605
3 1596 1605 1692
3 1604 1606 1607
3 1604 1607 1605
3 1606 1608 1609
3 1606 1609 1607
3 1606 1603 1611
3 1606 1611 1608
3 1683 1609 1608
3 1683 1608 1610
3 1611 1612 1610
3 1611 1610 1608
3 1611 1603 1614
3 1611 1614 1613
3 1611 1613 1616
3 1611 1616 1612
3 3830 1615 1613
3 3830 1613 1614
3 1616 1613 1615
3 1616 1615 1618
3 1616 1617 3385
3 1616 3385 1612
3 1616 1618 1620
3 1616 1620 1617
3 3397 1619 1618
3 3397 1618 1615
3 1620 1618 1619
3 1620 1619 1622
3 1620 1621 3388
3 1620 3388 1617
3 1620 1622 1624
3 1620 1624 1621
3 1622 1623 1626
3 1622 1626 1624
3 1622 1619 3395
3 1622 3395 1623
3 3391 1621 1624
3 3391 1624 1625
3 1625 1624 1626
3 1625 1626 1627
3 1627 1626 1628
3 1627 1628 1629
3 1623 1174 1628
3 1623 1628 1626
3 1629 1628 1173
3 1629 1173 1631
3 1627 1629 1630
3 1627 1630 3394
3 1629 1631 1632
3 1629 1632 1630
3 1631 1633 1634
3 1631 1634 1632
3 1631 1173 1171
3 1631 1171 1633
3 1633 1635 1636
3 1633 1636 1634
3 1633 1171 1169
3 1633 1169 1635
3 1635 1637 1638
3 1635 1638 1636
3 1635 1169 1639
3 1635 1639 1637
3 1637 1640 1641
3 1637 1641 1638
3 1637 1639 1642
3 1637 1642 1640
3 1644 1641 1640
3 1644 1640 1139
3 1642 1141 1139
3 1642 1139 1640
3 1642 1639 1164
3 1642 1164 1162
3 1642 1162 1143
3 1642 1143 1141
3 1649 1638 1641
3 1649 1641 1643
3 1643 1641 1644
3 1643 1644 1645
3 1644 1135 1133
3 1644 1133 1645
3 1643 1645 1646
3 1643 1646 1647
3 1131 1646 1645
3 1131 1645 1133
3 1044 1646 1131
3 1044 1131 1047
3 1041 1647 1646
3 1041 1646 1044
3 1649 1643 1647
3 1649 1647 1648
3 1038 1648 1647
3 1038 1647 1041
3 1651 1649 1648
3 1651 1648 1650
3 1035 1650 1648
3 1035 1648 1038
3 1653 1651 1650
3 1653 1650 1652
3 1032 1652 1650
3 1032 1650 1035
3 1655 1653 1652
3 1655 1652 1654
3 1029 1654 1652
3 1029 1652 1032
3 1657 1655 1654
3 1657 1654 1656
3 1026 1656 1654
3 1026 1654 1029
3 1659 1657 1656
3 1659 1656 1658
3 1023 1658 1656
3 1023 1656 1026
3 1661 1659 1658
3 1661 1658 1660
3 1020 1660 1658
3 1020 1658 1023
3 1663 1661 1660
3 1663 1660 1662
3 1017 1662 1660
3 1017 1660 1020
3 1665 1663 1662
3 1665 1662 1664
3 1014 1664 1662
3 1014 1662 1017
3 1667 1665 1664
3 1667 1664 1666
3 1008 1666 1664
3 1008 1664 1014
3 1667 1666 1004
3 1667 1004 1669
3 1670 1668 1667
3 1670 1667 1669
3 1667 1668 3390
3 1667 3390 1665
3 1670 1669 1000
3 1670 1000 1672
3 1673 1671 1670
3 1673 1670 1672
3 1670 1671 3387
3 1670 3387 1668
3 1673 1672 996
3 1673 996 1675
3 1676 1674 1673
3 1676 1673 1675
3 1673 1674 3384
3 1673 3384 1671
3 1676 1675 992
3 1676 992 1678
3 1679 1677 1676
3 1679 1676 1678
3 1676 1677 3382
3 1676 3382 1674
3 1679 1678 988
3 1679 988 986
3 1679 1680 1682
3 1679 1682 1677
3 984 1680 1679
3 984 1679 986
3 1684 1682 1680
3 1684 1680 1681
3 982 1681 1680
3 982 1680 984
3 1683 3382 1677
3 1683 1677 1682
3 1684 1609 1683
3 1684 1683 1682
3 1685 1684 1681
3 1685 1681 1686
3 1685 1607 1609
3 1685 1609 1684
3 1687 1685 1686
3 1687 1686 1688
3 1687 1605 1607
3 1687 1607 1685
3 1689 1687 1688
3 1689 1688 1691
3 1689 1692 1605
3 1689 1605 1687
3 1694 1690 1689
3 1694 1689 1691
3 1689 1690 1592
3 1689 1592 1692
3 1694 1691 1693
3 1694 1693 1696
3 3328 1693 1691
3 3328 1691 1688
3 1698 1695 1694
3 1698 1694 1696
3 1694 1695 1588
3 1694 1588 1690
3 1698 1696 1697
3 1698 1697 1700
3 3326 1697 1696
3 3326 1696 1693
3 1702 1699 1698
3 1702 1698 1700
3 1698 1699 1584
3 1698 1584 1695
3 1702 1700 1701
3 1702 1701 1704
3 3323 1701 1700
3 3323 1700 1697
3 1706 1703 1702
3 1706 1702 1704
3 1702 1703 1580
3 1702 1580 1699
3 1706 1704 1705
3 1706 1705 1708
3 3320 1705 1704
3 3320 1704 1701
3 1710 1707 1706
3 1710 1706 1708
3 1706 1707 1576
3 1706 1576 1703
3 1710 1708 1709
3 1710 1709 1712
3 3317 1709 1708
3 3317 1708 1705
3 1714 1711 1710
3 1714 1710 1712
3 1710 1711 1572
3 1710 1572 1707
3 1714 1712 1713
3 1714 1713 1716
3 3314 1713 1712
3 3314 1712 1709
3 1718 1715 1714
3 1718 1714 1716
3 1714 1715 1568
3 1714 1568 1711
3 1718 1716 1717
3 1718 1717 1720
3 3311 1717 1716
3 3311 1716 1713
3 1722 1719 1718
3 1722 1718 1720
3 1718 1719 1564
3 1718 1564 1715
3 1722 1720 1721
3 1722 1721 1724
3 3308 1721 1720
3 3308 1720 1717
3 1726 1723 1722
3 1726 1722 1724
3 1722 1723 1560
3 1722 1560 1719
3 1726 1724 1725
3 1726 1725 1728
3 3305 1725 1724
3 3305 1724 1721
3 1730 1727 1726
3 1730 1726 1728
3 1726 1727 1556
3 1726 1556 1723
3 1730 1728 1729
3 1730 1729 1732
3 3302 1729 1728
3 3302 1728 1725
3 1734 1731 1730
3 1734 1730 1732
3 1730 1731 1552
3 1730 1552 1727
3 1734 1732 1733
3 1734 1733 1736
3 3299 1733 1732
3 3299 1732 1729
3 1738 1735 1734
3 1738 1734 1736
3 1734 1735 1548
3 1734 1548 1731
3 1738 1736 1737
3 1738 1737 1740
3 3296 1737 1736
3 3296 1736 1733
3 1742 1739 1738
3 1742 1738 1740
3 1738 1739 1544
3 1738 1544 1735
3 1742 1740 1741
3 1742 1741 1744
3 3293 1741 1740
3 3293 1740 1737
3 1746 1743 1742
3 1746 1742 1744
3 1742 1743 1540
3 1742 1540 1739
3 1746 1744 1745
3 1746 1745 1747
3 3290 1745 1744
3 3290 1744 1741
3 1528 1531 1746
3 1528 1746 1747
3 1746 1531 1535
3 1746 1535 1743
3 1749 1748 1747
3 1749 1747 1745
3 1528 1747 1748
3 1528 1748 1525
3 1750 1748 1749
3 1750 1749 1751
3 1750 1522 1525
3 1750 1525 1748
3 1750 1751 1753
3 1750 1753 1752
3 1520 1522 1750
3 1520 1750 1752
3 1755 1754 1752
3 1755 1752 1753
3 1520 1752 1754
3 1520 1754 1518
3 1756 1754 1755
3 1756 1755 1759
3 1756 1757 1518
3 1756 1518 1754
3 1769 1757 1756
3 1769 1756 1758
3 1756 1759 1761
3 1756 1761 1758
3 1759 1760 1762
3 1759 1762 1761
3 1755 3284 1760
3 1755 1760 1759
3 1758 1761 1763
3 1758 1763 1766
3 1764 1763 1761
3 1764 1761 1762
3 1764 1772 1765
3 1764 1765 1763
3 1765 1767 1766
3 1765 1766 1763
3 1769 1758 1766
3 1769 1766 1768
3 1768 1766 1767
3 1768 1767 1770
3 1506 1768 1770
3 1506 1770 1503
3 1506 1509 1769
3 1506 1769 1768
3 1491 1493 1770
3 1491 1770 1767
3 1503 1770 1493
3 1503 1493 1495
3 1769 1509 1513
3 1769 1513 1757
3 1765 1771 1491
3 1765 1491 1767
3 1765 1772 1774
3 1765 1774 1771
3 1764 1778 1773
3 1764 1773 1772
3 1775 1774 1772
3 1775 1772 1773
3 1776 1774 1775
3 1776 1775 1777
3 1776 1487 1771
3 1776 1771 1774
3 1776 1777 1478
3 1776 1478 1481
3 1775 1466 1468
3 1775 1468 1777
3 1777 1468 1470
3 1777 1470 1478
3 1775 1773 1779
3 1775 1779 1466
3 1779 1773 1778
3 1779 1778 1780
3 1779 1780 1781
3 1779 1781 1465
3 1780 1782 1785
3 1780 1785 1781
3 1784 1782 1780
3 1784 1780 1778
3 1783 1786 1785
3 1783 1785 1782
3 1783 1782 1784
3 1783 1784 3283
3 1787 1785 1786
3 1787 1786 1789
3 1787 1790 1781
3 1787 1781 1785
3 1787 1788 1792
3 1787 1792 1791
3 1787 1789 3270
3 1787 3270 1788
3 1787 1791 1793
3 1787 1793 1790
3 1795 1794 1791
3 1795 1791 1792
3 1455 1793 1791
3 1455 1791 1794
3 1795 1797 1796
3 1795 1796 1794
3 1449 1455 1794
3 1449 1794 1796
3 1445 1796 1797
3 1445 1797 1799
3 1798 1800 1799
3 1798 1799 1797
3 1798 1797 1795
3 1798 1795 3266
3 1441 1799 1800
3 1441 1800 1802
3 1801 1803 1802
3 1801 1802 1800
3 1801 1800 1798
3 1801 1798 3265
3 1437 1802 1803
3 1437 1803 1804
3 1805 1803 1801
3 1805 1801 1807
3 1805 1808 1804
3 1805 1804 1803
3 1809 1808 1805
3 1809 1805 1806
3 1805 1807 3258
3 1805 3258 1806
3 1809 1811 1810
3 1809 1810 1808
3 1436 1804 1808
3 1436 1808 1810
3 1812 1810 1811
3 1812 1811 1813
3 1812 1430 1436
3 1812 1436 1810
3 1815 1426 1812
3 1815 1812 1813
3 1815 1813 1814
3 1815 1814 1816
3 3254 1814 1813
3 3254 1813 1811
3 1818 1422 1815
3 1818 1815 1816
3 1818 1816 1817
3 1818 1817 1819
3 3252 1817 1816
3 3252 1816 1814
3 1821 1418 1818
3 1821 1818 1819
3 1821 1819 1820
3 1821 1820 1822
3 3250 1820 1819
3 3250 1819 1817
3 1824 1414 1821
3 1824 1821 1822
3 1824 1822 1823
3 1824 1823 1825
3 3248 1823 1822
3 3248 1822 1820
3 1827 1410 1824
3 1827 1824 1825
3 1827 1825 1826
3 1827 1826 1828
3 3246 1826 1825
3 3246 1825 1823
3 1830 1406 1827
3 1830 1827 1828
3 1830 1828 1829
3 1830 1829 1831
3 3244 1829 1828
3 3244 1828 1826
3 1833 1402 1830
3 1833 1830 1831
3 1833 1831 1832
3 1833 1832 1834
3 3242 1832 1831
3 3242 1831 1829
3 1836 1401 1833
3 1836 1833 1834
3 1836 1834 1835
3 1836 1835 1838
3 3240 1835 1834
3 3240 1834 1832
3 1840 1837 1836
3 1840 1836 1838
3 1836 1837 1398
3 1836 1398 1401
3 1840 1838 1839
3 1840 1839 1842
3 3238 1839 1838
3 3238 1838 1835
3 1844 1841 1840
3 1844 1840 1842
3 1840 1841 2123
3 1840 2123 1837
3 1844 1842 1843
3 1844 1843 1846
3 3236 1843 1842
3 3236 1842 1839
3 1848 1845 1844
3 1848 1844 1846
3 1844 1845 2121
3 1844 2121 1841
3 1848 1846 1847
3 1848 1847 1850
3 3234 1847 1846
3 3234 1846 1843
3 1852 1849 1848
3 1852 1848 1850
3 1848 1849 2118
3 1848 2118 1845
3 1852 1850 1851
3 1852 1851 1854
3 3232 1851 1850
3 3232 1850 1847
3 1853 1852 1854
3 1853 1854 1856
3 1853 2115 1849
3 1853 1849 1852
3 1855 1858 1856
3 1855 1856 1854
3 1855 1854 1851
3 1855 1851 3230
3 1857 1856 1858
3 1857 1858 1860
3 1857 2112 1853
3 1857 1853 1856
3 1859 1862 1860
3 1859 1860 1858
3 1859 1858 1855
3 1859 1855 3228
3 1861 1860 1862
3 1861 1862 1864
3 1861 2109 1857
3 1861 1857 1860
3 1863 1866 1864
3 1863 1864 1862
3 1863 1862 1859
3 1863 1859 3226
3 1865 1864 1866
3 1865 1866 1868
3 1865 2106 1861
3 1865 1861 1864
3 1867 1870 1868
3 1867 1868 1866
3 1867 1866 1863
3 1867 1863 3224
3 1869 1868 1870
3 1869 1870 1872
3 1869 2103 1865
3 1869 1865 1868
3 1871 1874 1872
3 1871 1872 1870
3 1871 1870 1867
3 1871 1867 3222
3 1873 1872 1874
3 1873 1874 1876
3 1873 2100 1869
3 1873 1869 1872
3 1875 1878 1876
3 1875 1876 1874
3 1875 1874 1871
3 1875 1871 3220
3 1877 1876 1878
3 1877 1878 1880
3 1877 2097 1873
3 1877 1873 1876
3 1879 1882 1880
3 1879 1880 1878
3 1879 1878 1875
3 1879 1875 3218
3 1881 1880 1882
3 1881 1882 1884
3 1881 2094 1877
3 1881 1877 1880
3 1883 1886 1884
3 1883 1884 1882
3 1883 1882 1879
3 1883 1879 3216
3 1885 1884 1886
3 1885 1886 1888
3 1885 2091 1881
3 1885 1881 1884
3 1887 1890 1888
3 1887 1888 1886
3 1887 1886 1883
3 1887 1883 3214
3 1889 1888 1890
3 1889 1890 1892
3 1889 2088 1885
3 1889 1885 1888
3 1891 1894 1892
3 1891 1892 1890
3 1891 1890 1887
3 1891 1887 3212
3 1893 1892 1894
3 1893 1894 1896
3 1893 2085 1889
3 1893 1889 1892
3 1895 1898 1896
3 1895 1896 1894
3 1895 1894 1891
3 1895 1891 3210
3 1897 1896 1898
3 1897 1898 1900
3 1897 2082 1893
3 1897 1893 1896
3 1899 1902 1900
3 1899 1900 1898
3 1899 1898 1895
3 1899 1895 3208
3 1901 1900 1902
3 1901 1902 1904
3 1901 2079 1897
3 1901 1897 1900
3 1903 1906 1904
3 1903 1904 1902
3 1903 1902 1899
3 1903 1899 3206
3 1905 1904 1906
3 1905 1906 1908
3 1905 2076 1901
3 1905 1901 1904
3 1907 1910 1908
3 1907 1908 1906
3 1907 1906 1903
3 1907 1903 3204
3 1909 1908 1910
3 1909 1910 1912
3 1909 2073 1905
3 1909 1905 1908
3 1911 1914 1912
3 1911 1912 1910
3 1911 1910 1907
3 1911 1907 3202
3 1913 1912 1914
3 1913 1914 1916
3 1913 2070 1909
3 1913 1909 1912
3 1915 1918 1916
3 1915 1916 1914
3 1915 1914 1911
3 1915 1911 3200
3 1917 1916 1918
3 1917 1918 1920
3 1917 2067 1913
3 1917 1913 1916
3 1919 1922 1920
3 1919 1920 1918
3 1919 1918 1915
3 1919 1915 3198
3 1921 1920 1922
3 1921 1922 1924
3 1921 2064 1917
3 1921 1917 1920
3 1923 1926 1924
3 1923 1924 1922
3 1923 1922 1919
3 1923 1919 3196
3 1925 1924 1926
3 1925 1926 1928
3 1925 2061 1921
3 1925 1921 1924
3 1927 1930 1928
3 1927 1928 1926
3 1927 1926 1923
3 1927 1923 3194
3 1929 1928 1930
3 1929 1930 1932
3 1929 2058 1925
3 1929 1925 1928
3 1931 1934 1932
3 1931 1932 1930
3 1931 1930 1927
3 1931 1927 3192
3 1933 1932 1934
3 1933 1934 1936
3 1933 2055 1929
3 1933 1929 1932
3 1935 1938 1936
3 1935 1936 1934
3 1935 1934 1931
3 1935 1931 3190
3 1937 1936 1938
3 1937 1938 1940
3 1937 2052 1933
3 1937 1933 1936
3 1939 1942 1940
3 1939 1940 1938
3 1939 1938 1935
3 1939 1935 3188
3 1941 1940 1942
3 1941 1942 1944
3 1941 2049 1937
3 1941 1937 1940
3 1943 1946 1944
3 1943 1944 1942
3 1943 1942 1939
3 1943 1939 3186
3 1945 1944 1946
3 1945 1946 1948
3 1945 2046 1941
3 1945 1941 1944
3 1947 1950 1948
3 1947 1948 1946
3 1947 1946 1943
3 1947 1943 3184
3 1949 1948 1950
3 1949 1950 1952
3 1949 2043 1945
3 1949 1945 1948
3 1951 1954 1952
3 1951 1952 1950
3 1951 1950 1947
3 1951 1947 3182
3 1953 1952 1954
3 1953 1954 1956
3 1953 2040 1949
3 1953 1949 1952
3 1955 1958 1956
3 1955 1956 1954
3 1955 1954 1951
3 1955 1951 3180
3 1957 1956 1958
3 1957 1958 1960
3 1957 2037 1953
3 1957 1953 1956
3 1959 1962 1960
3 1959 1960 1958
3 1959 1958 1955
3 1959 1955 3178
3 1961 1960 1962
3 1961 1962 1964
3 1961 2034 1957
3 1961 1957 1960
3 1963 1966 1964
3 1963 1964 1962
3 1963 1962 1959
3 1963 1959 3176
3 1965 1964 1966
3 1965 1966 1968
3 1965 2031 1961
3 1965 1961 1964
3 1967 1970 1968
3 1967 1968 1966
3 1967 1966 1963
3 1967 1963 3174
3 1969 1968 1970
3 1969 1970 1972
3 1969 2028 1965
3 1969 1965 1968
3 1971 1974 1972
3 1971 1972 1970
3 1971 1970 1967
3 1971 1967 3172
3 1973 1972 1974
3 1973 1974 1976
3 1973 2025 1969
3 1973 1969 1972
3 1975 1978 1976
3 1975 1976 1974
3 1975 1974 1971
3 1975 1971 3170
3 1977 1976 1978
3 1977 1978 1980
3 1977 2023 1973
3 1977 1973 1976
3 1979 1982 1980
3 1979 1980 1978
3 1979 1978 1975
3 1979 1975 3168
3 1981 1980 1982
3 1981 1982 1984
3 1981 2219 1977
3 1981 1977 1980
3 1983 1985 1984
3 1983 1984 1982
3 1983 1982 1979
3 1983 1979 3166
3 1986 1984 1985
3 1986 1985 1987
3 1986 1988 1981
3 1986 1981 1984
3 1991 1989 1986
3 1991 1986 1987
3 1986 1989 1992
3 1986 1992 1988
3 1991 2241 1990
3 1991 1990 1989
3 1994 1992 1989
3 1994 1989 1990
3 1993 1992 1994
3 1993 1994 1996
3 2220 1988 1992
3 2220 1992 1993
3 1994 1995 1998
3 1994 1998 1996
3 1994 1990 2223
3 1994 2223 1995
3 1996 1998 1999
3 1996 1999 1997
3 1993 1996 1997
3 1993 1997 2015
3 1995 2001 2000
3 1995 2000 1998
3 2002 1999 1998
3 2002 1998 2000
3 2003 2000 2001
3 2003 2001 2004
3 2003 2005 2002
3 2003 2002 2000
3 17 2006 2003
3 17 2003 2004
3 2003 2006 2007
3 2003 2007 2005
3 22 2007 2006
3 22 2006 19
3 22 2010 2008
3 22 2008 2007
3 2008 2009 2005
3 2008 2005 2007
3 2008 2010 1229
3 2008 1229 1232
3 2008 1232 1235
3 2008 1235 2009
3 1227 1229 2010
3 1227 2010 24
3 2002 2005 2009
3 2002 2009 2011
3 1235 1238 2011
3 1235 2011 2009
3 2002 2011 2012
3 2002 2012 1999
3 2012 2011 1238
3 2012 1238 1241
3 2012 2013 1997
3 2012 1997 1999
3 2012 1241 1244
3 2012 1244 2013
3 2013 2014 2015
3 2013 2015 1997
3 2013 1244 1247
3 2013 1247 2014
3 2014 1247 2018
3 2014 2018 2016
3 2014 2016 2017
3 2014 2017 2015
3 2016 2019 2020
3 2016 2020 2017
3 2016 2018 2021
3 2016 2021 2019
3 2019 2022 2023
3 2019 2023 2020
3 2019 2021 2024
3 2019 2024 2022
3 1973 2023 2022
3 1973 2022 2025
3 2024 2026 2025
3 2024 2025 2022
3 1969 2025 2026
3 1969 2026 2028
3 2024 2217 2027
3 2024 2027 2026
3 2027 2029 2028
3 2027 2028 2026
3 1965 2028 2029
3 1965 2029 2031
3 2027 2214 2030
3 2027 2030 2029
3 2030 2032 2031
3 2030 2031 2029
3 1961 2031 2032
3 1961 2032 2034
3 2030 2211 2033
3 2030 2033 2032
3 2033 2035 2034
3 2033 2034 2032
3 1957 2034 2035
3 1957 2035 2037
3 2033 2208 2036
3 2033 2036 2035
3 2036 2038 2037
3 2036 2037 2035
3 1953 2037 2038
3 1953 2038 2040
3 2036 2205 2039
3 2036 2039 2038
3 2039 2041 2040
3 2039 2040 2038
3 1949 2040 2041
3 1949 2041 2043
3 2039 2202 2042
3 2039 2042 2041
3 2042 2044 2043
3 2042 2043 2041
3 1945 2043 2044
3 1945 2044 2046
3 2042 2199 2045
3 2042 2045 2044
3 2045 2047 2046
3 2045 2046 2044
3 1941 2046 2047
3 1941 2047 2049
3 2045 2196 2048
3 2045 2048 2047
3 2048 2050 2049
3 2048 2049 2047
3 1937 2049 2050
3 1937 2050 2052
3 2048 2193 2051
3 2048 2051 2050
3 2051 2053 2052
3 2051 2052 2050
3 1933 2052 2053
3 1933 2053 2055
3 2051 2190 2054
3 2051 2054 2053
3 2054 2056 2055
3 2054 2055 2053
3 1929 2055 2056
3 1929 2056 2058
3 2054 2187 2057
3 2054 2057 2056
3 2057 2059 2058
3 2057 2058 2056
3 1925 2058 2059
3 1925 2059 2061
3 2057 2184 2060
3 2057 2060 2059
3 2060 2062 2061
3 2060 2061 2059
3 1921 2061 2062
3 1921 2062 2064
3 2060 2181 2063
3 2060 2063 2062
3 2063 2065 2064
3 2063 2064 2062
3 1917 2064 2065
3 1917 2065 2067
3 2063 2178 2066
3 2063 2066 2065
3 2066 2068 2067
3 2066 2067 2065
3 1913 2067 2068
3 1913 2068 2070
3 2066 2175 2069
3 2066 2069 2068
3 2069 2071 2070
3 2069 2070 2068
3 1909 2070 2071
3 1909 2071 2073
3 2069 2172 2072
3 2069 2072 2071
3 2072 2074 2073
3 2072 2073 2071
3 1905 2073 2074
3 1905 2074 2076
3 2072 2169 2075
3 2072 2075 2074
3 2075 2077 2076
3 2075 2076 2074
3 1901 2076 2077
3 1901 2077 2079
3 2075 2166 2078
3 2075 2078 2077
3 2078 2080 2079
3 2078 2079 2077
3 1897 2079 2080
3 1897 2080 2082
3 2078 2163 2081
3 2078 2081 2080
3 2081 2083 2082
3 2081 2082 2080
3 1893 2082 2083
3 1893 2083 2085
3 2081 2160 2084
3 2081 2084 2083
3 2084 2086 2085
3 2084 2085 2083
3 1889 2085 2086
3 1889 2086 2088
3 2084 2157 2087
3 2084 2087 2086
3 2087 2089 2088
3 2087 2088 2086
3 1885 2088 2089
3 1885 2089 2091
3 2087 2154 2090
3 2087 2090 2089
3 2090 2092 2091
3 2090 2091 2089
3 1881 2091 2092
3 1881 2092 2094
3 2090 2151 2093
3 2090 2093 2092
3 2093 2095 2094
3 2093 2094 2092
3 1877 2094 2095
3 1877 2095 2097
3 2093 2148 2096
3 2093 2096 2095
3 2096 2098 2097
3 2096 2097 2095
3 1873 2097 2098
3 1873 2098 2100
3 2096 2145 2099
3 2096 2099 2098
3 2099 2101 2100
3 2099 2100 2098
3 1869 2100 2101
3 1869 2101 2103
3 2099 2142 2102
3 2099 2102 2101
3 2102 2104 2103
3 2102 2103 2101
3 1865 2103 2104
3 1865 2104 2106
3 2102 2139 2105
3 2102 2105 2104
3 2105 2107 2106
3 2105 2106 2104
3 1861 2106 2107
3 1861 2107 2109
3 2105 2136 2108
3 2105 2108 2107
3 2108 2110 2109
3 2108 2109 2107
3 1857 2109 2110
3 1857 2110 2112
3 2108 2133 2111
3 2108 2111 2110
3 2111 2113 2112
3 2111 2112 2110
3 1853 2112 2113
3 1853 2113 2115
3 2111 2130 2114
3 2111 2114 2113
3 2114 2116 2115
3 2114 2115 2113
3 2116 2118 1849
3 2116 1849 2115
3 2114 2127 2117
3 2114 2117 2116
3 2116 2117 2119
3 2116 2119 2118
3 2119 2121 1845
3 2119 1845 2118
3 2119 2117 2124
3 2119 2124 2120
3 2119 2120 2122
3 2119 2122 2121
3 2122 2123 1841
3 2122 1841 2121
3 2122 2120 1391
3 2122 1391 1393
3 2122 1393 1395
3 2122 1395 2123
3 1395 1398 1837
3 1395 1837 2123
3 2125 1391 2120
3 2125 2120 2124
3 2126 2124 2117
3 2126 2117 2127
3 2126 1377 2125
3 2126 2125 2124
3 1378 2126 2127
3 1378 2127 2128
3 2114 2130 2128
3 2114 2128 2127
3 2129 1371 1378
3 2129 1378 2128
3 2129 2128 2130
3 2129 2130 2131
3 2111 2133 2131
3 2111 2131 2130
3 2132 1367 2129
3 2132 2129 2131
3 2132 2131 2133
3 2132 2133 2134
3 2108 2136 2134
3 2108 2134 2133
3 2135 1363 2132
3 2135 2132 2134
3 2135 2134 2136
3 2135 2136 2137
3 2105 2139 2137
3 2105 2137 2136
3 2138 1359 2135
3 2138 2135 2137
3 2138 2137 2139
3 2138 2139 2140
3 2102 2142 2140
3 2102 2140 2139
3 2141 1355 2138
3 2141 2138 2140
3 2141 2140 2142
3 2141 2142 2143
3 2099 2145 2143
3 2099 2143 2142
3 2144 1351 2141
3 2144 2141 2143
3 2144 2143 2145
3 2144 2145 2146
3 2096 2148 2146
3 2096 2146 2145
3 2147 1347 2144
3 2147 2144 2146
3 2147 2146 2148
3 2147 2148 2149
3 2093 2151 2149
3 2093 2149 2148
3 2150 1343 2147
3 2150 2147 2149
3 2150 2149 2151
3 2150 2151 2152
3 2090 2154 2152
3 2090 2152 2151
3 2153 1339 2150
3 2153 2150 2152
3 2153 2152 2154
3 2153 2154 2155
3 2087 2157 2155
3 2087 2155 2154
3 2156 1335 2153
3 2156 2153 2155
3 2156 2155 2157
3 2156 2157 2158
3 2084 2160 2158
3 2084 2158 2157
3 2159 1331 2156
3 2159 2156 2158
3 2159 2158 2160
3 2159 2160 2161
3 2081 2163 2161
3 2081 2161 2160
3 2162 1327 2159
3 2162 2159 2161
3 2162 2161 2163
3 2162 2163 2164
3 2078 2166 2164
3 2078 2164 2163
3 2165 1323 2162
3 2165 2162 2164
3 2165 2164 2166
3 2165 2166 2167
3 2075 2169 2167
3 2075 2167 2166
3 2168 1319 2165
3 2168 2165 2167
3 2168 2167 2169
3 2168 2169 2170
3 2072 2172 2170
3 2072 2170 2169
3 2171 1315 2168
3 2171 2168 2170
3 2171 2170 2172
3 2171 2172 2173
3 2069 2175 2173
3 2069 2173 2172
3 2174 1311 2171
3 2174 2171 2173
3 2174 2173 2175
3 2174 2175 2176
3 2066 2178 2176
3 2066 2176 2175
3 2177 1307 2174
3 2177 2174 2176
3 2177 2176 2178
3 2177 2178 2179
3 2063 2181 2179
3 2063 2179 2178
3 2180 1303 2177
3 2180 2177 2179
3 2180 2179 2181
3 2180 2181 2182
3 2060 2184 2182
3 2060 2182 2181
3 2183 1299 2180
3 2183 2180 2182
3 2183 2182 2184
3 2183 2184 2185
3 2057 2187 2185
3 2057 2185 2184
3 2186 1295 2183
3 2186 2183 2185
3 2186 2185 2187
3 2186 2187 2188
3 2054 2190 2188
3 2054 2188 2187
3 2189 1291 2186
3 2189 2186 2188
3 2189 2188 2190
3 2189 2190 2191
3 2051 2193 2191
3 2051 2191 2190
3 2192 1287 2189
3 2192 2189 2191
3 2192 2191 2193
3 2192 2193 2194
3 2048 2196 2194
3 2048 2194 2193
3 2195 1283 2192
3 2195 2192 2194
3 2195 2194 2196
3 2195 2196 2197
3 2045 2199 2197
3 2045 2197 2196
3 2198 1279 2195
3 2198 2195 2197
3 2198 2197 2199
3 2198 2199 2200
3 2042 2202 2200
3 2042 2200 2199
3 2201 1275 2198
3 2201 2198 2200
3 2201 2200 2202
3 2201 2202 2203
3 2039 2205 2203
3 2039 2203 2202
3 2204 1271 2201
3 2204 2201 2203
3 2204 2203 2205
3 2204 2205 2206
3 2036 2208 2206
3 2036 2206 2205
3 2207 1267 2204
3 2207 2204 2206
3 2207 2206 2208
3 2207 2208 2209
3 2033 2211 2209
3 2033 2209 2208
3 2210 1263 2207
3 2210 2207 2209
3 2210 2209 2211
3 2210 2211 2212
3 2030 2214 2212
3 2030 2212 2211
3 2213 1259 2210
3 2213 2210 2212
3 2213 2212 2214
3 2213 2214 2215
3 2027 2217 2215
3 2027 2215 2214
3 2216 1255 2213
3 2216 2213 2215
3 2216 2215 2217
3 2216 2217 2218
3 2024 2021 2218
3 2024 2218 2217
3 1248 1250 2216
3 1248 2216 2218
3 1248 2218 2021
3 1248 2021 2018
3 1977 2219 2020
3 1977 2020 2023
3 2220 2017 2020
3 2220 2020 2219
3 1981 1988 2220
3 1981 2220 2219
3 2220 1993 2015
3 2220 2015 2017
3 2001 2222 2221
3 2001 2221 2004
3 17 2004 2221
3 17 2221 14
3 2224 12 2221
3 2224 2221 2222
3 1995 2223 2222
3 1995 2222 2001
3 2224 2222 2223
3 2224 2223 2226
3 2224 2227 10
3 2224 10 12
3 2224 2226 2239
3 2224 2239 2225
3 2224 2225 2229
3 2224 2229 2227
3 8 10 2227
3 8 2227 2228
3 2228 2227 2229
3 2228 2229 2230
3 2230 2229 2231
3 2230 2231 2232
3 2234 2231 2229
3 2234 2229 2225
3 2233 2267 2232
3 2233 2232 2231
3 2233 2231 2234
3 2233 2234 2235
3 2234 2236 2237
3 2234 2237 2235
3 2234 2225 2239
3 2234 2239 2236
3 2236 2238 2253
3 2236 2253 2237
3 2236 2239 2240
3 2236 2240 2238
3 2240 2239 2226
3 2240 2226 2241
3 2240 2241 1991
3 2240 1991 2242
3 2240 2242 2243
3 2240 2243 2238
3 1991 1987 2244
3 1991 2244 2242
3 2246 2243 2242
3 2246 2242 2244
3 2245 2244 1987
3 2245 1987 1985
3 2246 2244 2245
3 2246 2245 2247
3 2246 2247 2250
3 2246 2250 2248
3 2251 2243 2246
3 2251 2246 2248
3 2251 2248 2249
3 2251 2249 2252
3 572 2249 2248
3 572 2248 2250
3 2254 2253 2251
3 2254 2251 2252
3 2251 2253 2238
3 2251 2238 2243
3 2255 2237 2253
3 2255 2253 2254
3 2255 2254 2256
3 2255 2256 2259
3 2254 2252 2258
3 2254 2258 2256
3 2257 2256 2258
3 2257 2258 564
3 2257 2260 2259
3 2257 2259 2256
3 2261 2264 2255
3 2261 2255 2259
3 2261 2259 2260
3 2261 2260 2263
3 2800 2262 2261
3 2800 2261 2263
3 2261 2262 2265
3 2261 2265 2264
3 2233 2235 2264
3 2233 2264 2265
3 2255 2264 2235
3 2255 2235 2237
3 2266 2267 2233
3 2266 2233 2265
3 2266 2265 2262
3 2266 2262 2268
3 2266 2269 2272
3 2266 2272 2267
3 2270 2269 2266
3 2270 2266 2268
3 2270 2793 2271
3 2270 2271 2269
3 2273 2272 2269
3 2273 2269 2271
3 2274 2232 2267
3 2274 2267 2272
3 2274 2272 2273
3 2274 2273 2276
3 2230 2232 2274
3 2230 2274 2275
3 2274 2276 2277
3 2274 2277 2275
3 167 2277 2276
3 167 2276 2278
3 2273 2279 2278
3 2273 2278 2276
3 168 2278 2279
3 168 2279 2281
3 2273 2271 2280
3 2273 2280 2279
3 2280 2282 2281
3 2280 2281 2279
3 168 2281 2283
3 168 2283 170
3 2283 2281 2282
3 2283 2282 2284
3 2283 2285 172
3 2283 172 170
3 2283 2284 2286
3 2283 2286 2285
3 176 172 2285
3 176 2285 2287
3 2286 2288 2287
3 2286 2287 2285
3 2289 2287 2288
3 2289 2288 2290
3 176 2287 2289
3 176 2289 178
3 2289 2290 2292
3 2289 2292 2291
3 2289 2291 2293
3 2289 2293 178
3 2292 2295 2294
3 2292 2294 2291
3 2296 2293 2291
3 2296 2291 2294
3 2297 2294 2295
3 2297 2295 2298
3 2296 2294 2297
3 2296 2297 197
3 2297 2298 2300
3 2297 2300 198
3 2496 2299 2298
3 2496 2298 2295
3 2300 2298 2299
3 2300 2299 2301
3 2300 2302 200
3 2300 200 198
3 2300 2301 2303
3 2300 2303 2302
3 2303 2305 205
3 2303 205 2302
3 2303 2301 2499
3 2303 2499 2304
3 2303 2304 2306
3 2303 2306 2305
3 207 205 2305
3 207 2305 2307
3 2306 2308 2307
3 2306 2307 2305
3 207 2307 2309
3 207 2309 209
3 2309 2307 2308
3 2309 2308 2310
3 2309 2311 2312
3 2309 2312 209
3 2309 2310 2314
3 2309 2314 2311
3 3149 2312 2311
3 3149 2311 2313
3 2314 2316 2313
3 2314 2313 2311
3 2314 2310 2508
3 2314 2508 2315
3 2314 2315 2318
3 2314 2318 2316
3 2318 2319 2317
3 2318 2317 2316
3 2934 2313 2316
3 2934 2316 2317
3 2318 2320 2321
3 2318 2321 2319
3 2318 2315 2322
3 2318 2322 2320
3 2321 2320 2323
3 2321 2323 2326
3 2324 2323 2320
3 2324 2320 2322
3 2324 2515 2325
3 2324 2325 2323
3 2325 2327 2326
3 2325 2326 2323
3 2321 2326 2328
3 2321 2328 2329
3 2328 2326 2327
3 2328 2327 2330
3 2328 2331 2332
3 2328 2332 2329
3 2328 2330 2333
3 2328 2333 2331
3 2331 2334 2335
3 2331 2335 2332
3 2331 2333 2336
3 2331 2336 2334
3 2334 2337 2339
3 2334 2339 2335
3 2334 2336 2338
3 2334 2338 2337
3 2337 2338 2342
3 2337 2342 2340
3 2337 2340 2341
3 2337 2341 2339
3 2340 2343 2344
3 2340 2344 2341
3 2340 2342 2345
3 2340 2345 2343
3 2343 2346 2347
3 2343 2347 2344
3 2343 2345 2348
3 2343 2348 2346
3 2346 2349 2350
3 2346 2350 2347
3 2346 2348 2351
3 2346 2351 2349
3 2349 2352 2353
3 2349 2353 2350
3 2349 2351 2354
3 2349 2354 2352
3 2352 2355 2356
3 2352 2356 2353
3 2352 2354 2357
3 2352 2357 2355
3 2355 2358 2359
3 2355 2359 2356
3 2355 2357 2360
3 2355 2360 2358
3 2358 2361 2362
3 2358 2362 2359
3 2358 2360 2364
3 2358 2364 2361
3 2361 2363 2866
3 2361 2866 2362
3 2361 2364 2366
3 2361 2366 2363
3 2542 2365 2364
3 2542 2364 2360
3 2366 2364 2365
3 2366 2365 2368
3 2366 2367 2863
3 2366 2863 2363
3 2366 2368 2370
3 2366 2370 2367
3 2545 2369 2368
3 2545 2368 2365
3 2370 2368 2369
3 2370 2369 2372
3 2370 2371 2860
3 2370 2860 2367
3 2370 2372 2374
3 2370 2374 2371
3 2548 2373 2372
3 2548 2372 2369
3 2374 2372 2373
3 2374 2373 2376
3 2374 2375 2857
3 2374 2857 2371
3 2374 2376 2378
3 2374 2378 2375
3 2551 2377 2376
3 2551 2376 2373
3 2378 2376 2377
3 2378 2377 2380
3 2378 2379 2854
3 2378 2854 2375
3 2378 2380 2382
3 2378 2382 2379
3 2554 2381 2380
3 2554 2380 2377
3 2382 2380 2381
3 2382 2381 2384
3 2382 2383 2851
3 2382 2851 2379
3 2382 2384 2385
3 2382 2385 2383
3 2384 2381 2387
3 2384 2387 2386
3 2384 2386 2389
3 2384 2389 2385
3 2557 2388 2386
3 2557 2386 2387
3 2388 2390 2389
3 2388 2389 2386
3 2391 2389 2390
3 2391 2390 2394
3 2385 2389 2391
3 2385 2391 2392
3 2391 2393 2845
3 2391 2845 2392
3 2391 2394 2396
3 2391 2396 2393
3 2788 2395 2394
3 2788 2394 2390
3 2396 2394 2395
3 2396 2395 2398
3 2396 2397 2842
3 2396 2842 2393
3 2396 2398 2400
3 2396 2400 2397
3 2786 2399 2398
3 2786 2398 2395
3 2399 2402 2400
3 2399 2400 2398
3 2397 2400 2401
3 2397 2401 2839
3 2402 2404 2401
3 2402 2401 2400
3 2399 2576 2403
3 2399 2403 2402
3 2402 2403 2406
3 2402 2406 2404
3 2404 2405 2836
3 2404 2836 2401
3 2404 2406 2408
3 2404 2408 2405
3 2578 2407 2406
3 2578 2406 2403
3 2407 2410 2408
3 2407 2408 2406
3 2405 2408 2409
3 2405 2409 2833
3 2410 2412 2409
3 2410 2409 2408
3 2407 2581 2411
3 2407 2411 2410
3 2410 2411 2413
3 2410 2413 2412
3 2412 2414 2415
3 2412 2415 2409
3 2412 2413 2417
3 2412 2417 2414
3 2414 2416 2828
3 2414 2828 2415
3 2414 2417 2418
3 2414 2418 2416
3 2419 2420 2418
3 2419 2418 2417
3 2421 2419 2417
3 2421 2417 2413
3 2419 2422 2425
3 2419 2425 2420
3 2421 2423 2422
3 2421 2422 2419
3 2589 2424 2422
3 2589 2422 2423
3 2425 2422 2424
3 2425 2424 2427
3 2425 2426 2827
3 2425 2827 2420
3 2425 2427 2429
3 2425 2429 2426
3 2592 2428 2427
3 2592 2427 2424
3 2430 2429 2427
3 2430 2427 2428
3 2426 2429 2431
3 2426 2431 2432
3 2430 2433 2431
3 2430 2431 2429
3 2432 2431 2434
3 2432 2434 2435
3 2433 2436 2434
3 2433 2434 2431
3 2435 2434 2437
3 2435 2437 2438
3 2436 2439 2437
3 2436 2437 2434
3 2438 2437 2440
3 2438 2440 2441
3 2442 2440 2437
3 2442 2437 2439
3 2443 2445 2441
3 2443 2441 2440
3 2442 2444 2443
3 2442 2443 2440
3 2443 2444 2447
3 2443 2447 2446
3 2443 2446 2449
3 2443 2449 2445
3 2613 2448 2446
3 2613 2446 2447
3 2449 2446 2448
3 2449 2448 2451
3 2449 2450 2824
3 2449 2824 2445
3 2449 2451 2453
3 2449 2453 2450
3 2783 2452 2451
3 2783 2451 2448
3 2453 2451 2452
3 2453 2452 2455
3 2453 2454 2822
3 2453 2822 2450
3 2453 2455 2457
3 2453 2457 2454
3 2781 2456 2455
3 2781 2455 2452
3 2457 2455 2456
3 2457 2456 2459
3 2457 2458 2820
3 2457 2820 2454
3 2457 2459 2461
3 2457 2461 2458
3 2777 2460 2459
3 2777 2459 2456
3 2461 2459 2460
3 2461 2460 2463
3 2461 2462 2818
3 2461 2818 2458
3 2461 2463 2465
3 2461 2465 2462
3 2778 2464 2463
3 2778 2463 2460
3 2465 2463 2464
3 2465 2464 2467
3 2465 2466 2816
3 2465 2816 2462
3 2465 2467 2469
3 2465 2469 2466
3 2780 2468 2467
3 2780 2467 2464
3 2469 2467 2468
3 2469 2468 2471
3 2469 2470 2814
3 2469 2814 2466
3 2469 2471 2473
3 2469 2473 2470
3 2484 2472 2471
3 2484 2471 2468
3 2473 2471 2472
3 2473 2472 2475
3 2473 2474 2812
3 2473 2812 2470
3 2473 2475 2476
3 2473 2476 2474
3 2476 2475 2477
3 2476 2477 2478
3 2480 2477 2475
3 2480 2475 2472
3 2479 2792 2478
3 2479 2478 2477
3 2479 2477 2480
3 2479 2480 2481
3 2480 2482 2483
3 2480 2483 2481
3 2480 2472 2484
3 2480 2484 2482
3 2487 2483 2482
3 2487 2482 2485
3 2484 2486 2485
3 2484 2485 2482
3 2488 2485 2486
3 2488 2486 2490
3 2487 2485 2488
3 2487 2488 2489
3 2488 2491 2492
3 2488 2492 2489
3 2488 2490 2493
3 2488 2493 2491
3 2496 2492 2491
3 2496 2491 2494
3 2493 2495 2494
3 2493 2494 2491
3 2497 2494 2495
3 2497 2495 2498
3 2496 2494 2497
3 2496 2497 2299
3 2497 2499 2301
3 2497 2301 2299
3 2497 2498 2500
3 2497 2500 2499
3 2500 2502 2304
3 2500 2304 2499
3 2500 2498 2770
3 2500 2770 2501
3 2500 2501 2503
3 2500 2503 2502
3 2306 2304 2502
3 2306 2502 2504
3 2503 2505 2504
3 2503 2504 2502
3 2306 2504 2506
3 2306 2506 2308
3 2506 2504 2505
3 2506 2505 2507
3 2506 2508 2310
3 2506 2310 2308
3 2506 2507 2509
3 2506 2509 2508
3 2509 2322 2315
3 2509 2315 2508
3 2509 2510 2324
3 2509 2324 2322
3 2509 2507 2511
3 2509 2511 2510
3 2324 2510 2512
3 2324 2512 2515
3 2513 2512 2510
3 2513 2510 2511
3 2513 2760 2514
3 2513 2514 2512
3 2514 2516 2515
3 2514 2515 2512
3 2325 2515 2516
3 2325 2516 2518
3 2514 2620 2517
3 2514 2517 2516
3 2517 2519 2518
3 2517 2518 2516
3 2325 2518 2520
3 2325 2520 2327
3 2520 2518 2519
3 2520 2519 2521
3 2520 2522 2330
3 2520 2330 2327
3 2520 2521 2523
3 2520 2523 2522
3 2333 2330 2522
3 2333 2522 2524
3 2523 2525 2524
3 2523 2524 2522
3 2526 2336 2333
3 2526 2333 2524
3 2525 2527 2526
3 2525 2526 2524
3 2526 2528 2338
3 2526 2338 2336
3 2526 2527 2529
3 2526 2529 2528
3 2528 2530 2342
3 2528 2342 2338
3 2528 2529 2531
3 2528 2531 2530
3 2530 2531 2533
3 2530 2533 2532
3 2530 2532 2345
3 2530 2345 2342
3 2532 2534 2348
3 2532 2348 2345
3 2532 2533 2535
3 2532 2535 2534
3 2534 2536 2351
3 2534 2351 2348
3 2534 2535 2537
3 2534 2537 2536
3 2536 2538 2354
3 2536 2354 2351
3 2536 2537 2539
3 2536 2539 2538
3 2538 2540 2357
3 2538 2357 2354
3 2538 2539 2541
3 2538 2541 2540
3 2540 2542 2360
3 2540 2360 2357
3 2540 2541 2543
3 2540 2543 2542
3 2542 2543 2545
3 2542 2545 2365
3 2650 2544 2543
3 2650 2543 2541
3 2545 2543 2544
3 2545 2544 2546
3 2545 2546 2548
3 2545 2548 2369
3 2653 2547 2546
3 2653 2546 2544
3 2548 2546 2547
3 2548 2547 2549
3 2548 2549 2551
3 2548 2551 2373
3 2656 2550 2549
3 2656 2549 2547
3 2551 2549 2550
3 2551 2550 2552
3 2551 2552 2554
3 2551 2554 2377
3 2659 2553 2552
3 2659 2552 2550
3 2554 2552 2553
3 2554 2553 2555
3 2554 2555 2387
3 2554 2387 2381
3 2555 2553 2558
3 2555 2558 2556
3 2555 2556 2557
3 2555 2557 2387
3 2556 2559 2561
3 2556 2561 2557
3 2556 2558 2562
3 2556 2562 2559
3 2791 2561 2559
3 2791 2559 2560
3 2564 2560 2559
3 2564 2559 2562
3 2660 2563 2562
3 2660 2562 2558
3 2563 2565 2564
3 2563 2564 2562
3 2564 2565 2568
3 2564 2568 2566
3 2564 2566 2567
3 2564 2567 2560
3 2566 2569 2570
3 2566 2570 2567
3 2566 2568 2571
3 2566 2571 2569
3 2569 2572 2573
3 2569 2573 2570
3 2569 2571 2574
3 2569 2574 2572
3 2572 2575 2576
3 2572 2576 2573
3 2572 2574 2577
3 2572 2577 2575
3 2575 2578 2403
3 2575 2403 2576
3 2575 2577 2579
3 2575 2579 2578
3 2578 2579 2581
3 2578 2581 2407
3 2672 2580 2579
3 2672 2579 2577
3 2580 2582 2581
3 2580 2581 2579
3 2582 2584 2411
3 2582 2411 2581
3 2580 2675 2583
3 2580 2583 2582
3 2582 2583 2585
3 2582 2585 2584
3 2584 2421 2413
3 2584 2413 2411
3 2584 2585 2423
3 2584 2423 2421
3 2586 2589 2423
3 2586 2423 2585
3 2587 2586 2585
3 2587 2585 2583
3 2587 2680 2588
3 2587 2588 2586
3 2586 2588 2590
3 2586 2590 2589
3 2589 2590 2592
3 2589 2592 2424
3 2682 2591 2590
3 2682 2590 2588
3 2592 2590 2591
3 2592 2591 2593
3 2592 2593 2595
3 2592 2595 2428
3 2694 2594 2593
3 2694 2593 2591
3 2595 2593 2594
3 2595 2594 2596
3 2595 2597 2430
3 2595 2430 2428
3 2595 2596 2598
3 2595 2598 2597
3 2430 2597 2599
3 2430 2599 2433
3 2600 2599 2597
3 2600 2597 2598
3 2433 2599 2601
3 2433 2601 2436
3 2600 2602 2601
3 2600 2601 2599
3 2436 2601 2603
3 2436 2603 2439
3 2603 2601 2602
3 2603 2602 2604
3 2603 2605 2442
3 2603 2442 2439
3 2603 2604 2606
3 2603 2606 2605
3 2442 2605 2607
3 2442 2607 2444
3 2608 2607 2605
3 2608 2605 2606
3 2609 2447 2444
3 2609 2444 2607
3 2609 2607 2608
3 2609 2608 2610
3 2609 2610 2614
3 2609 2614 2611
3 2613 2447 2609
3 2613 2609 2611
3 2613 2611 2612
3 2613 2612 2785
3 2615 2612 2611
3 2615 2611 2614
3 2616 2614 2610
3 2616 2610 2618
3 2615 2614 2616
3 2615 2616 2617
3 2616 2619 2620
3 2616 2620 2617
3 2616 2618 2621
3 2616 2621 2619
3 2517 2620 2619
3 2517 2619 2622
3 2621 2623 2622
3 2621 2622 2619
3 2517 2622 2624
3 2517 2624 2519
3 2624 2622 2623
3 2624 2623 2625
3 2624 2626 2521
3 2624 2521 2519
3 2624 2625 2627
3 2624 2627 2626
3 2523 2521 2626
3 2523 2626 2628
3 2627 2629 2628
3 2627 2628 2626
3 2523 2628 2630
3 2523 2630 2525
3 2630 2628 2629
3 2630 2629 2631
3 2525 2630 2632
3 2525 2632 2527
3 2633 2632 2630
3 2633 2630 2631
3 2634 2529 2527
3 2634 2527 2632
3 2633 2635 2634
3 2633 2634 2632
3 2634 2636 2531
3 2634 2531 2529
3 2634 2635 2638
3 2634 2638 2636
3 2636 2637 2533
3 2636 2533 2531
3 2636 2638 2640
3 2636 2640 2637
3 2639 2638 2635
3 2639 2635 2719
3 2639 2641 2640
3 2639 2640 2638
3 2641 2643 2642
3 2641 2642 2640
3 2637 2640 2642
3 2637 2642 2644
3 2643 2646 2645
3 2643 2645 2642
3 2644 2642 2645
3 2644 2645 2648
3 2646 2730 2647
3 2646 2647 2645
3 2648 2645 2647
3 2648 2647 2649
3 2648 2649 2539
3 2648 2539 2537
3 2644 2648 2537
3 2644 2537 2535
3 2649 2647 2651
3 2649 2651 2650
3 2649 2650 2541
3 2649 2541 2539
3 2650 2651 2653
3 2650 2653 2544
3 2730 2652 2651
3 2730 2651 2647
3 2653 2651 2652
3 2653 2652 2654
3 2653 2654 2656
3 2653 2656 2547
3 2732 2655 2654
3 2732 2654 2652
3 2656 2654 2655
3 2656 2655 2657
3 2656 2657 2659
3 2656 2659 2550
3 2661 2658 2657
3 2661 2657 2655
3 2659 2657 2658
3 2659 2658 2660
3 2659 2660 2558
3 2659 2558 2553
3 2660 2658 2662
3 2660 2662 2563
3 2661 2663 2662
3 2661 2662 2658
3 2663 2665 2664
3 2663 2664 2662
3 2563 2662 2664
3 2563 2664 2565
3 2665 2667 2666
3 2665 2666 2664
3 2666 2568 2565
3 2666 2565 2664
3 2666 2667 2669
3 2666 2669 2668
3 2666 2668 2571
3 2666 2571 2568
3 2668 2670 2574
3 2668 2574 2571
3 2668 2669 2671
3 2668 2671 2670
3 2670 2672 2577
3 2670 2577 2574
3 2670 2671 2673
3 2670 2673 2672
3 2672 2673 2675
3 2672 2675 2580
3 2742 2674 2673
3 2742 2673 2671
3 2674 2676 2675
3 2674 2675 2673
3 2676 2587 2583
3 2676 2583 2675
3 2676 2677 2680
3 2676 2680 2587
3 2674 2678 2677
3 2674 2677 2676
3 2679 2677 2678
3 2679 2678 2746
3 2679 2681 2680
3 2679 2680 2677
3 2682 2588 2680
3 2682 2680 2681
3 2683 2681 2679
3 2683 2679 2684
3 2682 2681 2683
3 2682 2683 2685
3 2683 2684 2688
3 2683 2688 2686
3 2683 2686 2689
3 2683 2689 2685
3 2690 2689 2686
3 2690 2686 2687
3 2687 2686 2688
3 2687 2688 2713
3 2690 2692 2691
3 2690 2691 2689
3 2694 2685 2689
3 2694 2689 2691
3 2693 2691 2692
3 2693 2692 2695
3 2693 2594 2694
3 2693 2694 2691
3 2694 2591 2682
3 2694 2682 2685
3 2693 2696 2596
3 2693 2596 2594
3 2698 2696 2693
3 2698 2693 2695
3 2596 2696 2697
3 2596 2697 2598
3 2698 2699 2697
3 2698 2697 2696
3 2703 2699 2698
3 2703 2698 2700
3 2698 2695 2702
3 2698 2702 2700
3 2705 2701 2700
3 2705 2700 2702
3 2703 2700 2701
3 2703 2701 2704
3 2703 2606 2604
3 2703 2604 2699
3 2608 2606 2703
3 2608 2703 2704
3 2621 2618 2704
3 2621 2704 2701
3 2608 2704 2618
3 2608 2618 2610
3 2706 2702 2695
3 2706 2695 2692
3 2705 2702 2706
3 2705 2706 2707
3 2706 2692 2690
3 2706 2690 2708
3 2706 2708 2709
3 2706 2709 2707
3 2690 2687 2710
3 2690 2710 2708
3 2711 2709 2708
3 2711 2708 2710
3 2687 2713 2712
3 2687 2712 2710
3 2711 2710 2712
3 2711 2712 2714
3 2713 2716 2715
3 2713 2715 2712
3 2714 2712 2715
3 2714 2715 2718
3 2716 2720 2717
3 2716 2717 2715
3 2717 2719 2718
3 2717 2718 2715
3 2633 2718 2719
3 2633 2719 2635
3 2714 2718 2633
3 2714 2633 2631
3 2717 2721 2639
3 2717 2639 2719
3 2717 2720 2722
3 2717 2722 2721
3 2724 2723 2721
3 2724 2721 2722
3 2639 2721 2723
3 2639 2723 2641
3 2641 2723 2725
3 2641 2725 2643
3 2724 2726 2725
3 2724 2725 2723
3 2643 2725 2727
3 2643 2727 2646
3 2726 2728 2727
3 2726 2727 2725
3 2646 2727 2729
3 2646 2729 2730
3 2728 2731 2729
3 2728 2729 2727
3 2730 2729 2732
3 2730 2732 2652
3 2732 2729 2731
3 2732 2731 2733
3 2732 2733 2661
3 2732 2661 2655
3 2735 2734 2733
3 2735 2733 2731
3 2661 2733 2734
3 2661 2734 2663
3 2735 2737 2736
3 2735 2736 2734
3 2663 2734 2736
3 2663 2736 2665
3 2737 2739 2738
3 2737 2738 2736
3 2665 2736 2738
3 2665 2738 2667
3 2739 2741 2740
3 2739 2740 2738
3 2740 2669 2667
3 2740 2667 2738
3 2740 2741 2743
3 2740 2743 2742
3 2740 2742 2671
3 2740 2671 2669
3 2742 2743 2678
3 2742 2678 2674
3 2744 2746 2678
3 2744 2678 2743
3 2744 2743 2741
3 2744 2741 2747
3 2759 2746 2744
3 2759 2744 2745
3 2744 2747 2748
3 2744 2748 2745
3 2739 2749 2747
3 2739 2747 2741
3 2748 2747 2749
3 2748 2749 2751
3 2753 2751 2749
3 2753 2749 2750
3 2737 2750 2749
3 2737 2749 2739
3 2753 2754 2752
3 2753 2752 2751
3 2748 2751 2752
3 2748 2752 2756
3 2753 2750 2755
3 2753 2755 2754
3 2726 2754 2755
3 2726 2755 2728
3 2724 2752 2754
3 2724 2754 2726
3 2735 2755 2750
3 2735 2750 2737
3 2728 2755 2735
3 2728 2735 2731
3 2756 2752 2724
3 2756 2724 2722
3 2756 2722 2720
3 2756 2720 2757
3 2748 2756 2757
3 2748 2757 2745
3 2716 2758 2757
3 2716 2757 2720
3 2759 2745 2757
3 2759 2757 2758
3 2713 2688 2758
3 2713 2758 2716
3 2759 2758 2688
3 2759 2688 2684
3 2679 2746 2759
3 2679 2759 2684
3 2711 2714 2631
3 2711 2631 2629
3 2627 2709 2711
3 2627 2711 2629
3 2627 2625 2707
3 2627 2707 2709
3 2705 2707 2625
3 2705 2625 2623
3 2621 2701 2705
3 2621 2705 2623
3 2604 2602 2697
3 2604 2697 2699
3 2600 2598 2697
3 2600 2697 2602
3 2637 2644 2535
3 2637 2535 2533
3 2514 2760 2617
3 2514 2617 2620
3 2615 2617 2760
3 2615 2760 2761
3 2513 2763 2761
3 2513 2761 2760
3 2762 2761 2763
3 2762 2763 2764
3 2762 2612 2615
3 2762 2615 2761
3 2765 2763 2513
3 2765 2513 2511
3 2765 2766 2764
3 2765 2764 2763
3 2503 2766 2765
3 2503 2765 2505
3 2765 2511 2507
3 2765 2507 2505
3 2503 2501 2767
3 2503 2767 2766
3 2768 2764 2766
3 2768 2766 2767
3 2769 2767 2501
3 2769 2501 2770
3 2769 2771 2768
3 2769 2768 2767
3 2773 2772 2769
3 2773 2769 2770
3 2769 2772 2774
3 2769 2774 2771
3 2773 2776 2775
3 2773 2775 2772
3 2777 2774 2772
3 2777 2772 2775
3 2778 2775 2776
3 2778 2776 2779
3 2778 2460 2777
3 2778 2777 2775
3 2780 2464 2778
3 2780 2778 2779
3 2780 2779 2490
3 2780 2490 2486
3 2493 2490 2779
3 2493 2779 2776
3 2484 2468 2780
3 2484 2780 2486
3 2777 2456 2781
3 2777 2781 2774
3 2493 2776 2773
3 2493 2773 2495
3 2781 2782 2771
3 2781 2771 2774
3 2781 2452 2783
3 2781 2783 2782
3 2783 2785 2784
3 2783 2784 2782
3 2768 2771 2782
3 2768 2782 2784
3 2762 2784 2785
3 2762 2785 2612
3 2768 2784 2762
3 2768 2762 2764
3 2783 2448 2613
3 2783 2613 2785
3 2773 2770 2498
3 2773 2498 2495
3 2786 2573 2576
3 2786 2576 2399
3 2787 2570 2573
3 2787 2573 2786
3 2788 2787 2786
3 2788 2786 2395
3 2787 2789 2567
3 2787 2567 2570
3 2788 2790 2789
3 2788 2789 2787
3 2791 2789 2790
3 2791 2790 2561
3 2791 2560 2567
3 2791 2567 2789
3 2557 2561 2790
3 2557 2790 2388
3 2388 2790 2788
3 2388 2788 2390
3 2292 2492 2496
3 2292 2496 2295
3 2292 2290 2489
3 2292 2489 2492
3 2487 2489 2290
3 2487 2290 2288
3 2286 2483 2487
3 2286 2487 2288
3 2286 2284 2481
3 2286 2481 2483
3 2479 2481 2284
3 2479 2284 2282
3 2280 2792 2479
3 2280 2479 2282
3 2280 2271 2793
3 2280 2793 2792
3 2794 2478 2792
3 2794 2792 2793
3 2794 2793 2270
3 2794 2270 2796
3 2476 2478 2794
3 2476 2794 2795
3 2794 2796 2797
3 2794 2797 2795
3 2799 2797 2796
3 2799 2796 2798
3 2270 2268 2798
3 2270 2798 2796
3 2799 2798 2800
3 2799 2800 2801
3 2800 2798 2268
3 2800 2268 2262
3 2800 2263 2802
3 2800 2802 2801
3 2804 2803 2801
3 2804 2801 2802
3 2799 2801 2803
3 2799 2803 2805
3 2806 2803 2804
3 2806 2804 552
3 2806 2807 2805
3 2806 2805 2803
3 529 2807 2806
3 529 2806 531
3 2810 2805 2807
3 2810 2807 2808
3 529 526 2808
3 529 2808 2807
3 2809 2808 526
3 2809 526 524
3 2809 2811 2810
3 2809 2810 2808
3 2810 2811 2795
3 2810 2795 2797
3 2810 2797 2799
3 2810 2799 2805
3 2809 2812 2474
3 2809 2474 2811
3 2476 2795 2811
3 2476 2811 2474
3 2813 2812 2809
3 2813 2809 524
3 2813 2814 2470
3 2813 2470 2812
3 2815 2814 2813
3 2815 2813 520
3 2815 2816 2466
3 2815 2466 2814
3 2817 2816 2815
3 2817 2815 516
3 2817 2818 2462
3 2817 2462 2816
3 2819 2818 2817
3 2819 2817 512
3 2819 2820 2458
3 2819 2458 2818
3 2821 2820 2819
3 2821 2819 508
3 2821 2822 2454
3 2821 2454 2820
3 2823 2822 2821
3 2823 2821 504
3 2823 2824 2450
3 2823 2450 2822
3 2825 2824 2823
3 2825 2823 501
3 2825 2441 2445
3 2825 2445 2824
3 2438 2441 2825
3 2438 2825 500
3 2804 2802 2826
3 2804 2826 556
3 2826 2802 2263
3 2826 2263 2260
3 2826 2260 2257
3 2826 2257 560
3 2435 2438 500
3 2435 500 498
3 2432 2435 498
3 2432 498 496
3 2426 2432 496
3 2426 496 2827
3 495 2418 2420
3 495 2420 2827
3 2416 2418 495
3 2416 495 493
3 2416 493 491
3 2416 491 2828
3 2831 2415 2828
3 2831 2828 2829
3 2829 2828 491
3 2829 491 2830
3 2831 2829 475
3 2831 475 2832
3 2829 2830 477
3 2829 477 475
3 2833 2831 2832
3 2833 2832 2834
3 2833 2409 2415
3 2833 2415 2831
3 2405 2833 2834
3 2405 2834 2836
3 2837 2836 2834
3 2837 2834 2835
3 2835 2834 2832
3 2835 2832 474
3 2839 2401 2836
3 2839 2836 2837
3 2839 2837 2838
3 2839 2838 2840
3 2837 2835 465
3 2837 465 2838
3 2397 2839 2840
3 2397 2840 2842
3 2838 461 2841
3 2838 2841 2840
3 2841 2843 2842
3 2841 2842 2840
3 2843 2845 2393
3 2843 2393 2842
3 2841 457 2844
3 2841 2844 2843
3 2844 2846 2845
3 2844 2845 2843
3 2846 2848 2392
3 2846 2392 2845
3 2844 456 2847
3 2844 2847 2846
3 2847 2849 2848
3 2847 2848 2846
3 2849 2851 2383
3 2849 2383 2848
3 2385 2392 2848
3 2385 2848 2383
3 2847 3161 2850
3 2847 2850 2849
3 2850 2852 2851
3 2850 2851 2849
3 2852 2854 2379
3 2852 2379 2851
3 2850 3160 2853
3 2850 2853 2852
3 2853 2855 2854
3 2853 2854 2852
3 2855 2857 2375
3 2855 2375 2854
3 2853 3159 2856
3 2853 2856 2855
3 2856 2858 2857
3 2856 2857 2855
3 2858 2860 2371
3 2858 2371 2857
3 2856 3158 2859
3 2856 2859 2858
3 2859 2861 2860
3 2859 2860 2858
3 2861 2863 2367
3 2861 2367 2860
3 2859 3157 2862
3 2859 2862 2861
3 2862 2864 2863
3 2862 2863 2861
3 2864 2866 2363
3 2864 2363 2863
3 2862 3156 2865
3 2862 2865 2864
3 2865 2867 2866
3 2865 2866 2864
3 2869 2362 2866
3 2869 2866 2867
3 2865 3155 2868
3 2865 2868 2867
3 2868 2871 2869
3 2868 2869 2867
3 2870 2869 2871
3 2870 2871 2873
3 2870 2359 2362
3 2870 2362 2869
3 2868 3154 2872
3 2868 2872 2871
3 2872 2875 2873
3 2872 2873 2871
3 2874 2873 2875
3 2874 2875 2877
3 2929 2870 2873
3 2929 2873 2874
3 2872 3153 2876
3 2872 2876 2875
3 2876 2879 2877
3 2876 2877 2875
3 2878 2877 2879
3 2878 2879 2881
3 2874 2877 2878
3 2874 2878 2927
3 2876 3152 2880
3 2876 2880 2879
3 2880 2883 2881
3 2880 2881 2879
3 2882 2881 2883
3 2882 2883 2885
3 2878 2881 2882
3 2878 2882 2924
3 2880 3151 2884
3 2880 2884 2883
3 2884 2887 2885
3 2884 2885 2883
3 2886 2925 2882
3 2886 2882 2885
3 2887 2889 2886
3 2887 2886 2885
3 2884 3150 2888
3 2884 2888 2887
3 2888 2890 2889
3 2888 2889 2887
3 2886 2889 2891
3 2886 2891 2894
3 2892 2891 2889
3 2892 2889 2890
3 2892 2951 2893
3 2892 2893 2891
3 2894 2891 2893
3 2894 2893 2896
3 2886 2894 2895
3 2886 2895 2925
3 2894 2896 2897
3 2894 2897 2895
3 2896 2893 2899
3 2896 2899 2898
3 2896 2898 2900
3 2896 2900 2897
3 2899 2902 2901
3 2899 2901 2898
3 2904 2900 2898
3 2904 2898 2901
3 2903 2901 2902
3 2903 2902 2940
3 2903 2905 2904
3 2903 2904 2901
3 2904 2905 2907
3 2904 2907 2906
3 2904 2906 2908
3 2904 2908 2900
3 2910 2909 2906
3 2910 2906 2907
3 2908 2906 2909
3 2908 2909 2912
3 2911 2909 2910
3 2911 2910 2930
3 2913 2912 2909
3 2913 2909 2911
3 2914 2912 2913
3 2914 2913 2916
3 2908 2912 2914
3 2908 2914 2915
3 2914 2917 2918
3 2914 2918 2915
3 2914 2916 2919
3 2914 2919 2917
3 2923 2918 2917
3 2923 2917 2920
3 2919 2921 2920
3 2919 2920 2917
3 2921 2926 2922
3 2921 2922 2920
3 2924 2923 2920
3 2924 2920 2922
3 2924 2882 2925
3 2924 2925 2923
3 2923 2925 2895
3 2923 2895 2918
3 2878 2924 2922
3 2878 2922 2927
3 2926 2928 2927
3 2926 2927 2922
3 2928 2929 2874
3 2928 2874 2927
3 2928 2353 2356
3 2928 2356 2929
3 2926 2350 2353
3 2926 2353 2928
3 2929 2356 2359
3 2929 2359 2870
3 2921 2347 2350
3 2921 2350 2926
3 2919 2344 2347
3 2919 2347 2921
3 2919 2916 2341
3 2919 2341 2344
3 2918 2895 2897
3 2918 2897 2915
3 2913 2339 2341
3 2913 2341 2916
3 2908 2915 2897
3 2908 2897 2900
3 2913 2911 2335
3 2913 2335 2339
3 2911 2930 2332
3 2911 2332 2335
3 2910 2932 2931
3 2910 2931 2930
3 2930 2931 2329
3 2930 2329 2332
3 2932 2317 2319
3 2932 2319 2931
3 2321 2329 2931
3 2321 2931 2319
3 2910 2907 2933
3 2910 2933 2932
3 2933 2934 2317
3 2933 2317 2932
3 2933 2907 2905
3 2933 2905 2935
3 2933 2935 2936
3 2933 2936 2934
3 2903 2937 2935
3 2903 2935 2905
3 2936 2935 2937
3 2936 2937 2938
3 2939 2937 2903
3 2939 2903 2940
3 2939 2941 2938
3 2939 2938 2937
3 2945 2942 2939
3 2945 2939 2940
3 2939 2942 2944
3 2939 2944 2941
3 2943 3085 2944
3 2943 2944 2942
3 2943 2942 2945
3 2943 2945 2946
3 2945 2947 2948
3 2945 2948 2946
3 2945 2940 2902
3 2945 2902 2947
3 2949 2950 2948
3 2949 2948 2947
3 2899 2949 2947
3 2899 2947 2902
3 2949 2951 2952
3 2949 2952 2950
3 2899 2893 2951
3 2899 2951 2949
3 2892 2954 2952
3 2892 2952 2951
3 2950 2952 2953
3 2950 2953 3089
3 2953 2952 2954
3 2953 2954 2955
3 2955 2954 2956
3 2955 2956 2957
3 2892 2958 2956
3 2892 2956 2954
3 2957 2956 2959
3 2957 2959 2962
3 2959 2956 2958
3 2959 2958 2961
3 2959 2961 3143
3 2959 3143 2960
3 2959 2960 2964
3 2959 2964 2962
3 2957 2962 2963
3 2957 2963 3093
3 2964 2966 2963
3 2964 2963 2962
3 2964 2960 3142
3 2964 3142 2965
3 2964 2965 2968
3 2964 2968 2966
3 2970 2967 2966
3 2970 2966 2968
3 2967 3055 2963
3 2967 2963 2966
3 2972 2970 2968
3 2972 2968 2969
3 2965 3141 2969
3 2965 2969 2968
3 2972 2974 2971
3 2972 2971 2970
3 2970 2971 3053
3 2970 3053 2967
3 2976 2974 2972
3 2976 2972 2973
3 2972 2969 3140
3 2972 3140 2973
3 2976 2978 2975
3 2976 2975 2974
3 3050 2971 2974
3 3050 2974 2975
3 2980 2978 2976
3 2980 2976 2977
3 2976 2973 3139
3 2976 3139 2977
3 2980 2982 2979
3 2980 2979 2978
3 3047 2975 2978
3 3047 2978 2979
3 2984 2982 2980
3 2984 2980 2981
3 2980 2977 3138
3 2980 3138 2981
3 3044 2979 2982
3 3044 2982 2983
3 2984 2986 2983
3 2984 2983 2982
3 2988 2986 2984
3 2988 2984 2985
3 2984 2981 3137
3 2984 3137 2985
3 2988 2990 2987
3 2988 2987 2986
3 3045 2983 2986
3 3045 2986 2987
3 2992 2990 2988
3 2992 2988 2989
3 2988 2985 3136
3 2988 3136 2989
3 3031 2987 2990
3 3031 2990 2991
3 2992 2994 2991
3 2992 2991 2990
3 2996 2994 2992
3 2996 2992 2993
3 2992 2989 3135
3 2992 3135 2993
3 3027 2991 2994
3 3027 2994 2995
3 2998 2995 2994
3 2998 2994 2996
3 2998 2996 2997
3 2998 2997 3000
3 2996 2993 3134
3 2996 3134 2997
3 3011 2995 2998
3 3011 2998 2999
3 2998 3000 3002
3 2998 3002 2999
3 3002 3000 3001
3 3002 3001 3003
3 3001 3000 2997
3 3001 2997 3133
3 3002 3004 3007
3 3002 3007 2999
3 3002 3003 3006
3 3002 3006 3004
3 3005 3008 3007
3 3005 3007 3004
3 3022 3005 3004
3 3022 3004 3006
3 3008 3010 3009
3 3008 3009 3007
3 3011 2999 3007
3 3011 3007 3009
3 3010 3015 3012
3 3010 3012 3009
3 3011 3009 3012
3 3011 3012 3014
3 3015 3016 3013
3 3015 3013 3012
3 3014 3012 3013
3 3014 3013 3028
3 3015 3017 298
3 3015 298 3016
3 3010 3018 3017
3 3010 3017 3015
3 301 298 3017
3 301 3017 308
3 311 308 3017
3 311 3017 3018
3 311 3018 3019
3 311 3019 315
3 3008 3019 3018
3 3008 3018 3010
3 3005 3020 3019
3 3005 3019 3008
3 317 315 3019
3 317 3019 3020
3 3022 3021 3020
3 3022 3020 3005
3 317 3020 3021
3 317 3021 320
3 323 320 3021
3 323 3021 331
3 3023 331 3021
3 3023 3021 3022
3 3023 3022 3006
3 3023 3006 3024
3 332 3023 3024
3 332 3024 338
3 3025 341 338
3 3025 338 3024
3 3025 3024 3006
3 3025 3006 3003
3 3025 3026 345
3 3025 345 341
3 3001 3026 3025
3 3001 3025 3003
3 3001 3133 350
3 3001 350 3026
3 3016 299 3132
3 3016 3132 3013
3 3027 3014 3028
3 3027 3028 3030
3 3027 2995 3011
3 3027 3011 3014
3 3028 3029 3032
3 3028 3032 3030
3 3028 3013 3132
3 3028 3132 3029
3 3031 3030 3032
3 3031 3032 3033
3 3031 2991 3027
3 3031 3027 3030
3 3029 3035 3034
3 3029 3034 3032
3 3034 3036 3033
3 3034 3033 3032
3 3035 284 3037
3 3035 3037 3034
3 3034 3037 3038
3 3034 3038 3036
3 285 3039 3038
3 285 3038 3037
3 3039 3041 3040
3 3039 3040 3038
3 3036 3038 3040
3 3036 3040 3043
3 3042 3040 3041
3 3042 3041 3046
3 3044 3043 3040
3 3044 3040 3042
3 3044 2983 3045
3 3044 3045 3043
3 3045 3033 3036
3 3045 3036 3043
3 3045 2987 3031
3 3045 3031 3033
3 3047 2979 3044
3 3047 3044 3042
3 3047 3042 3046
3 3047 3046 3048
3 3050 2975 3047
3 3050 3047 3048
3 3049 3048 3046
3 3049 3046 3121
3 3049 3051 3050
3 3049 3050 3048
3 3050 3051 3053
3 3050 3053 2971
3 3052 3051 3049
3 3052 3049 3120
3 3052 3054 3053
3 3052 3053 3051
3 2967 3053 3054
3 2967 3054 3055
3 3055 3054 3056
3 3055 3056 3057
3 3052 3058 3056
3 3052 3056 3054
3 3057 3056 3059
3 3057 3059 3060
3 3061 3059 3056
3 3061 3056 3058
3 3060 3059 3062
3 3060 3062 3063
3 3061 3064 3062
3 3061 3062 3059
3 3063 3062 3065
3 3063 3065 3066
3 3065 3062 3064
3 3065 3064 3067
3 3065 3068 3069
3 3065 3069 3066
3 3065 3067 3070
3 3065 3070 3068
3 3074 3069 3068
3 3074 3068 3071
3 3070 3072 3071
3 3070 3071 3068
3 3073 3071 3072
3 3073 3072 3096
3 3074 3071 3073
3 3074 3073 3076
3 3088 3069 3074
3 3088 3074 3075
3 3074 3076 3077
3 3074 3077 3075
3 3081 3077 3076
3 3081 3076 3078
3 3073 3080 3078
3 3073 3078 3076
3 3082 3081 3078
3 3082 3078 3079
3 3079 3078 3080
3 3079 3080 3095
3 3083 3084 3077
3 3083 3077 3081
3 3082 221 3083
3 3082 3083 3081
3 3083 3085 2943
3 3083 2943 3084
3 3083 221 219
3 3083 219 3085
3 217 2944 3085
3 217 3085 219
3 3084 3086 3075
3 3084 3075 3077
3 2943 2946 3086
3 2943 3086 3084
3 3088 3075 3086
3 3088 3086 3087
3 2946 2948 3087
3 2946 3087 3086
3 3089 3090 3088
3 3089 3088 3087
3 2950 3089 3087
3 2950 3087 2948
3 2953 3091 3090
3 2953 3090 3089
3 3063 3066 3090
3 3063 3090 3091
3 3088 3090 3066
3 3088 3066 3069
3 3060 3063 3091
3 3060 3091 3092
3 2953 2955 3092
3 2953 3092 3091
3 3057 3060 3092
3 3057 3092 3093
3 2955 2957 3093
3 2955 3093 3092
3 3055 3057 3093
3 3055 3093 2963
3 3130 222 3082
3 3130 3082 3079
3 3073 3096 3094
3 3073 3094 3080
3 3094 239 3095
3 3094 3095 3080
3 3130 3079 3095
3 3130 3095 235
3 3094 3096 3097
3 3094 3097 243
3 3098 3097 3096
3 3098 3096 3072
3 3098 3100 247
3 3098 247 3097
3 3070 3099 3098
3 3070 3098 3072
3 3098 3099 3101
3 3098 3101 3100
3 3103 3102 3100
3 3103 3100 3101
3 247 3100 3102
3 247 3102 249
3 3103 3105 254
3 3103 254 3102
3 3103 3101 3128
3 3103 3128 3104
3 3106 3105 3103
3 3106 3103 3104
3 258 3105 3106
3 258 3106 3108
3 3106 3104 3129
3 3106 3129 3107
3 3106 3107 3109
3 3106 3109 3108
3 265 260 258
3 265 258 3108
3 265 3108 3109
3 265 3109 267
3 3110 269 267
3 3110 267 3109
3 3111 3110 3109
3 3111 3109 3107
3 3111 3113 273
3 3111 273 3110
3 3114 3113 3111
3 3114 3111 3112
3 3111 3107 3129
3 3111 3129 3112
3 3115 277 3113
3 3115 3113 3114
3 3115 3114 3116
3 3115 3116 3119
3 3114 3112 3117
3 3114 3117 3116
3 3118 3116 3117
3 3118 3117 3124
3 3118 3120 3119
3 3118 3119 3116
3 3049 3121 3119
3 3049 3119 3120
3 3122 3115 3119
3 3122 3119 3121
3 3122 3121 3046
3 3122 3046 3041
3 3039 3123 3122
3 3039 3122 3041
3 3122 3123 277
3 3122 277 3115
3 285 278 3123
3 285 3123 3039
3 3118 3058 3052
3 3118 3052 3120
3 3061 3058 3118
3 3061 3118 3124
3 3125 3124 3117
3 3125 3117 3126
3 3125 3064 3061
3 3125 3061 3124
3 3128 3127 3125
3 3128 3125 3126
3 3125 3127 3067
3 3125 3067 3064
3 3128 3101 3099
3 3128 3099 3127
3 3070 3067 3127
3 3070 3127 3099
3 3128 3126 3129
3 3128 3129 3104
3 3126 3117 3112
3 3126 3112 3129
3 3035 3131 287
3 3035 287 284
3 3029 3132 3131
3 3029 3131 3035
3 299 292 3131
3 299 3131 3132
3 2997 3134 354
3 2997 354 3133
3 2993 3135 358
3 2993 358 3134
3 2989 3136 362
3 2989 362 3135
3 2985 3137 366
3 2985 366 3136
3 2981 3138 370
3 2981 370 3137
3 2977 3139 374
3 2977 374 3138
3 2973 3140 378
3 2973 378 3139
3 2969 3141 382
3 2969 382 3140
3 2965 3142 386
3 2965 386 3141
3 2960 3143 390
3 2960 390 3142
3 2961 3144 394
3 2961 394 3143
3 2961 2958 3145
3 2961 3145 3144
3 3144 3145 3146
3 3144 3146 398
3 2892 2890 3145
3 2892 3145 2958
3 2888 3146 3145
3 2888 3145 2890
3 2888 3150 402
3 2888 402 3146
3 3147 2941 2944
3 3147 2944 217
3 3148 2938 2941
3 3148 2941 3147
3 3148 3147 212
3 3148 212 210
3 3148 210 2312
3 3148 2312 3149
3 2936 2938 3148
3 2936 3148 3149
3 2936 3149 2313
3 2936 2313 2934
3 2884 3151 406
3 2884 406 3150
3 2880 3152 410
3 2880 410 3151
3 2876 3153 414
3 2876 414 3152
3 2872 3154 418
3 2872 418 3153
3 2868 3155 422
3 2868 422 3154
3 2865 3156 426
3 2865 426 3155
3 2862 3157 430
3 2862 430 3156
3 2859 3158 434
3 2859 434 3157
3 2856 3159 438
3 2856 438 3158
3 2853 3160 442
3 2853 442 3159
3 2850 3161 446
3 2850 446 3160
3 2847 456 450
3 2847 450 3161
3 2835 474 467
3 2835 467 465
3 2296 197 194
3 2296 194 184
3 179 2293 2296
3 179 2296 184
3 3 2277 167
3 3 167 165
3 3 3162 2275
3 3 2275 2277
3 2228 2230 2275
3 2228 2275 3162
3 8 2228 3162
3 8 3162 2
3 568 2258 2252
3 568 2252 2249
3 576 2250 2247
3 576 2247 3163
3 2245 3164 3163
3 2245 3163 2247
3 580 3163 3164
3 580 3164 3165
3 2245 1985 1983
3 2245 1983 3164
3 1983 3166 3165
3 1983 3165 3164
3 584 3165 3166
3 584 3166 3167
3 1979 3168 3167
3 1979 3167 3166
3 588 3167 3168
3 588 3168 3169
3 1975 3170 3169
3 1975 3169 3168
3 592 3169 3170
3 592 3170 3171
3 1971 3172 3171
3 1971 3171 3170
3 596 3171 3172
3 596 3172 3173
3 1967 3174 3173
3 1967 3173 3172
3 600 3173 3174
3 600 3174 3175
3 1963 3176 3175
3 1963 3175 3174
3 604 3175 3176
3 604 3176 3177
3 1959 3178 3177
3 1959 3177 3176
3 608 3177 3178
3 608 3178 3179
3 1955 3180 3179
3 1955 3179 3178
3 612 3179 3180
3 612 3180 3181
3 1951 3182 3181
3 1951 3181 3180
3 616 3181 3182
3 616 3182 3183
3 1947 3184 3183
3 1947 3183 3182
3 620 3183 3184
3 620 3184 3185
3 1943 3186 3185
3 1943 3185 3184
3 624 3185 3186
3 624 3186 3187
3 1939 3188 3187
3 1939 3187 3186
3 628 3187 3188
3 628 3188 3189
3 1935 3190 3189
3 1935 3189 3188
3 632 3189 3190
3 632 3190 3191
3 1931 3192 3191
3 1931 3191 3190
3 636 3191 3192
3 636 3192 3193
3 1927 3194 3193
3 1927 3193 3192
3 640 3193 3194
3 640 3194 3195
3 1923 3196 3195
3 1923 3195 3194
3 644 3195 3196
3 644 3196 3197
3 1919 3198 3197
3 1919 3197 3196
3 648 3197 3198
3 648 3198 3199
3 1915 3200 3199
3 1915 3199 3198
3 652 3199 3200
3 652 3200 3201
3 1911 3202 3201
3 1911 3201 3200
3 656 3201 3202
3 656 3202 3203
3 1907 3204 3203
3 1907 3203 3202
3 660 3203 3204
3 660 3204 3205
3 1903 3206 3205
3 1903 3205 3204
3 664 3205 3206
3 664 3206 3207
3 1899 3208 3207
3 1899 3207 3206
3 668 3207 3208
3 668 3208 3209
3 1895 3210 3209
3 1895 3209 3208
3 672 3209 3210
3 672 3210 3211
3 1891 3212 3211
3 1891 3211 3210
3 676 3211 3212
3 676 3212 3213
3 1887 3214 3213
3 1887 3213 3212
3 680 3213 3214
3 680 3214 3215
3 1883 3216 3215
3 1883 3215 3214
3 684 3215 3216
3 684 3216 3217
3 1879 3218 3217
3 1879 3217 3216
3 688 3217 3218
3 688 3218 3219
3 1875 3220 3219
3 1875 3219 3218
3 692 3219 3220
3 692 3220 3221
3 1871 3222 3221
3 1871 3221 3220
3 696 3221 3222
3 696 3222 3223
3 1867 3224 3223
3 1867 3223 3222
3 700 3223 3224
3 700 3224 3225
3 1863 3226 3225
3 1863 3225 3224
3 704 3225 3226
3 704 3226 3227
3 1859 3228 3227
3 1859 3227 3226
3 708 3227 3228
3 708 3228 3229
3 1855 3230 3229
3 1855 3229 3228
3 3230 3231 712
3 3230 712 3229
3 3230 1851 3232
3 3230 3232 3231
3 3232 3233 716
3 3232 716 3231
3 3232 1847 3234
3 3232 3234 3233
3 3234 3235 720
3 3234 720 3233
3 3234 1843 3236
3 3234 3236 3235
3 3236 3237 724
3 3236 724 3235
3 3236 1839 3238
3 3236 3238 3237
3 3238 3239 728
3 3238 728 3237
3 3238 1835 3240
3 3238 3240 3239
3 3240 3241 732
3 3240 732 3239
3 3240 1832 3242
3 3240 3242 3241
3 3242 3243 736
3 3242 736 3241
3 3242 1829 3244
3 3242 3244 3243
3 3244 3245 740
3 3244 740 3243
3 3244 1826 3246
3 3244 3246 3245
3 3246 3247 744
3 3246 744 3245
3 3246 1823 3248
3 3246 3248 3247
3 3248 3249 748
3 3248 748 3247
3 3248 1820 3250
3 3248 3250 3249
3 3250 3251 752
3 3250 752 3249
3 3250 1817 3252
3 3250 3252 3251
3 3252 3253 756
3 3252 756 3251
3 3252 1814 3254
3 3252 3254 3253
3 3254 3255 760
3 3254 760 3253
3 3254 1811 1809
3 3254 1809 3255
3 762 760 3255
3 762 3255 3256
3 1809 1806 3256
3 1809 3256 3255
3 762 3256 3257
3 762 3257 765
3 1806 3258 3257
3 1806 3257 3256
3 765 3257 3259
3 765 3259 768
3 3260 3259 3257
3 3260 3257 3258
3 768 3259 3261
3 768 3261 770
3 3260 3262 3261
3 3260 3261 3259
3 770 3261 3263
3 770 3263 3264
3 3263 3261 3262
3 3263 3262 3265
3 3267 3264 3263
3 3267 3263 3266
3 1798 3266 3263
3 1798 3263 3265
3 1795 1792 3267
3 1795 3267 3266
3 3267 3268 771
3 3267 771 3264
3 3267 1792 1788
3 3267 1788 3268
3 3268 3269 773
3 3268 773 771
3 3268 1788 3270
3 3268 3270 3269
3 3269 3271 776
3 3269 776 773
3 3269 3270 3273
3 3269 3273 3271
3 779 776 3271
3 779 3271 3272
3 3273 3274 3272
3 3273 3272 3271
3 3273 3270 1789
3 3273 1789 3275
3 3273 3275 3276
3 3273 3276 3274
3 3275 3277 3278
3 3275 3278 3276
3 3275 1789 1786
3 3275 1786 3277
3 3277 3279 3280
3 3277 3280 3278
3 3277 1786 1783
3 3277 1783 3279
3 3282 3280 3279
3 3282 3279 3281
3 1783 3283 3281
3 1783 3281 3279
3 3285 3282 3281
3 3285 3281 3284
3 3284 3281 3283
3 3284 3283 1760
3 1755 1753 3285
3 1755 3285 3284
3 3285 3286 3287
3 3285 3287 3282
3 3285 1753 1751
3 3285 1751 3286
3 3287 3286 3288
3 3287 3288 3289
3 1749 3288 3286
3 1749 3286 1751
3 3290 3291 3289
3 3290 3289 3288
3 1749 1745 3290
3 1749 3290 3288
3 3290 1741 3293
3 3290 3293 3291
3 3369 3289 3291
3 3369 3291 3292
3 3293 3294 3292
3 3293 3292 3291
3 3293 1737 3296
3 3293 3296 3294
3 3370 3292 3294
3 3370 3294 3295
3 3296 3297 3295
3 3296 3295 3294
3 3296 1733 3299
3 3296 3299 3297
3 3373 3295 3297
3 3373 3297 3298
3 3299 3300 3298
3 3299 3298 3297
3 3299 1729 3302
3 3299 3302 3300
3 3375 3298 3300
3 3375 3300 3301
3 3302 3303 3301
3 3302 3301 3300
3 3302 1725 3305
3 3302 3305 3303
3 3376 3301 3303
3 3376 3303 3304
3 3305 3306 3304
3 3305 3304 3303
3 3305 1721 3308
3 3305 3308 3306
3 3377 3304 3306
3 3377 3306 3307
3 3308 3309 3307
3 3308 3307 3306
3 3308 1717 3311
3 3308 3311 3309
3 3378 3307 3309
3 3378 3309 3310
3 3311 3312 3310
3 3311 3310 3309
3 3311 1713 3314
3 3311 3314 3312
3 3379 3310 3312
3 3379 3312 3313
3 3314 3315 3313
3 3314 3313 3312
3 3314 1709 3317
3 3314 3317 3315
3 3380 3313 3315
3 3380 3315 3316
3 3317 3318 3316
3 3317 3316 3315
3 3317 1705 3320
3 3317 3320 3318
3 3381 3316 3318
3 3381 3318 3319
3 3320 3321 3319
3 3320 3319 3318
3 3320 1701 3323
3 3320 3323 3321
3 3332 3319 3321
3 3332 3321 3322
3 3323 3324 3322
3 3323 3322 3321
3 3323 1697 3326
3 3323 3326 3324
3 3330 3322 3324
3 3330 3324 3325
3 3326 3327 3325
3 3326 3325 3324
3 3326 1693 3328
3 3326 3328 3327
3 979 3325 3327
3 979 3327 981
3 3328 3329 981
3 3328 981 3327
3 3328 1688 1686
3 3328 1686 3329
3 3329 1686 1681
3 3329 1681 982
3 3330 3325 979
3 3330 979 977
3 3332 3322 3330
3 3332 3330 3331
3 3330 977 3333
3 3330 3333 3331
3 3332 3331 3334
3 3332 3334 3336
3 3335 3334 3331
3 3335 3331 3333
3 3337 3334 3335
3 3337 3335 812
3 3337 3338 3336
3 3337 3336 3334
3 3340 3338 3337
3 3340 3337 808
3 3381 3336 3338
3 3381 3338 3339
3 3340 3341 3339
3 3340 3339 3338
3 3343 3341 3340
3 3343 3340 804
3 3380 3339 3341
3 3380 3341 3342
3 3343 3344 3342
3 3343 3342 3341
3 3346 3344 3343
3 3346 3343 800
3 3379 3342 3344
3 3379 3344 3345
3 3346 3347 3345
3 3346 3345 3344
3 3349 3347 3346
3 3349 3346 796
3 3378 3345 3347
3 3378 3347 3348
3 3349 3350 3348
3 3349 3348 3347
3 3352 3350 3349
3 3352 3349 792
3 3377 3348 3350
3 3377 3350 3351
3 3352 3353 3351
3 3352 3351 3350
3 3355 3353 3352
3 3355 3352 791
3 3376 3351 3353
3 3376 3353 3354
3 3355 3357 3354
3 3355 3354 3353
3 3359 3357 3355
3 3359 3355 3356
3 3355 791 788
3 3355 788 3356
3 3375 3354 3357
3 3375 3357 3358
3 3359 3361 3358
3 3359 3358 3357
3 3363 3361 3359
3 3363 3359 3360
3 3359 3356 3374
3 3359 3374 3360
3 3373 3358 3361
3 3373 3361 3362
3 3363 3365 3362
3 3363 3362 3361
3 3372 3364 3363
3 3372 3363 3360
3 3364 3366 3365
3 3364 3365 3363
3 3366 3368 3367
3 3366 3367 3365
3 3370 3362 3365
3 3370 3365 3367
3 3369 3367 3368
3 3369 3368 3371
3 3369 3292 3370
3 3369 3370 3367
3 3370 3295 3373
3 3370 3373 3362
3 3287 3289 3369
3 3287 3369 3371
3 3368 3278 3280
3 3368 3280 3371
3 3287 3371 3280
3 3287 3280 3282
3 3366 3276 3278
3 3366 3278 3368
3 3364 3274 3276
3 3364 3276 3366
3 3372 3272 3274
3 3372 3274 3364
3 779 3272 3372
3 779 3372 782
3 3372 3360 3374
3 3372 3374 782
3 3373 3298 3375
3 3373 3375 3358
3 781 3374 3356
3 781 3356 788
3 3375 3301 3376
3 3375 3376 3354
3 3376 3304 3377
3 3376 3377 3351
3 3377 3307 3378
3 3377 3378 3348
3 3378 3310 3379
3 3378 3379 3345
3 3379 3313 3380
3 3379 3380 3342
3 3380 3316 3381
3 3380 3381 3339
3 3381 3319 3332
3 3381 3332 3336
3 3335 3333 976
3 3335 976 816
3 1784 1762 1760
3 1784 1760 3283
3 1801 3265 3262
3 1801 3262 1807
3 3260 3258 1807
3 3260 1807 3262
3 1990 2241 2226
3 1990 2226 2223
3 1462 1790 1793
3 1462 1793 1456
3 1465 1781 1790
3 1465 1790 1462
3 1784 1778 1764
3 1784 1764 1762
3 1683 1610 3383
3 1683 3383 3382
3 3383 3384 1674
3 3383 1674 3382
3 3383 1610 1612
3 3383 1612 3385
3 3383 3385 3386
3 3383 3386 3384
3 3386 3385 1617
3 3386 1617 3388
3 3386 3387 1671
3 3386 1671 3384
3 3386 3388 3389
3 3386 3389 3387
3 3389 3388 1621
3 3389 1621 3391
3 3389 3390 1668
3 3389 1668 3387
3 3389 3391 3392
3 3389 3392 3390
3 3391 1625 3393
3 3391 3393 3392
3 1665 3390 3392
3 1665 3392 1663
3 1663 3392 3393
3 1663 3393 1661
3 1661 3393 3394
3 1661 3394 1659
3 1625 1627 3394
3 1625 3394 3393
3 1659 3394 1630
3 1659 1630 1657
3 1657 1630 1632
3 1657 1632 1655
3 1655 1632 1634
3 1655 1634 1653
3 1653 1634 1636
3 1653 1636 1651
3 1651 1636 1638
3 1651 1638 1649
3 1623 3395 1176
3 1623 1176 1174
3 3397 3396 3395
3 3397 3395 1619
3 3396 1178 1176
3 3396 1176 3395
3 3397 3399 3398
3 3397 3398 3396
3 3396 3398 3401
3 3396 3401 1178
3 3400 3398 3399
3 3400 3399 3828
3 3400 3402 3401
3 3400 3401 3398
3 3402 3404 1179
3 3402 1179 3401
3 3400 3829 3403
3 3400 3403 3402
3 3402 3403 3405
3 3402 3405 3404
3 3404 3405 3407
3 3404 3407 1182
3 3436 3406 3405
3 3436 3405 3403
3 3407 3405 3406
3 3407 3406 3408
3 3407 3408 3410
3 3407 3410 1186
3 3409 3411 3410
3 3409 3410 3408
3 3409 3408 3406
3 3409 3406 3433
3 3412 3410 3411
3 3412 3411 3413
3 1186 3410 3412
3 1186 3412 1188
3 3412 3413 3415
3 3412 3415 1191
3 3431 3414 3413
3 3431 3413 3411
3 3415 3413 3414
3 3415 3414 3416
3 3415 3416 3418
3 3415 3418 1195
3 3421 3417 3416
3 3421 3416 3414
3 3418 3416 3417
3 3418 3417 3419
3 3418 3419 1218
3 3418 1218 1199
3 3420 1221 3419
3 3420 3419 3417
3 3420 3417 3421
3 3420 3421 3423
3 3421 3422 3424
3 3421 3424 3423
3 3421 3414 3431
3 3421 3431 3422
3 1233 1230 3423
3 1233 3423 3424
3 3420 3423 1230
3 3420 1230 1224
3 1233 3424 3425
3 1233 3425 1236
3 3425 3424 3422
3 3425 3422 3427
3 3425 3427 3428
3 3425 3428 3426
3 3425 3426 1239
3 3425 1239 1236
3 3430 3428 3427
3 3430 3427 3429
3 3431 3429 3427
3 3431 3427 3422
3 3409 3433 3430
3 3409 3430 3429
3 3431 3411 3409
3 3431 3409 3429
3 3430 3432 3448
3 3430 3448 3428
3 3430 3433 3434
3 3430 3434 3432
3 3436 3434 3433
3 3436 3433 3406
3 3436 3438 3435
3 3436 3435 3434
3 3432 3434 3435
3 3432 3435 3446
3 3436 3403 3829
3 3436 3829 3437
3 3436 3437 3439
3 3436 3439 3438
3 3441 3440 3438
3 3441 3438 3439
3 3443 3435 3438
3 3443 3438 3440
3 3442 3440 3441
3 3442 3441 3451
3 3443 3440 3442
3 3443 3442 3444
3 3443 3444 1257
3 3443 1257 3445
3 3446 3435 3443
3 3446 3443 3445
3 3446 3445 1253
3 3446 1253 3447
3 3432 3446 3447
3 3432 3447 3448
3 3449 3448 3447
3 3449 3447 1252
3 3426 3428 3448
3 3426 3448 3449
3 3426 3449 1242
3 3426 1242 1239
3 3449 1252 1245
3 3449 1245 1242
3 3442 3450 1261
3 3442 1261 3444
3 3442 3451 3453
3 3442 3453 3450
3 3831 3452 3451
3 3831 3451 3441
3 3453 3451 3452
3 3453 3452 3455
3 3453 3454 1265
3 3453 1265 3450
3 3453 3455 3457
3 3453 3457 3454
3 3832 3456 3455
3 3832 3455 3452
3 3457 3455 3456
3 3457 3456 3459
3 3457 3458 1269
3 3457 1269 3454
3 3457 3459 3461
3 3457 3461 3458
3 3833 3460 3459
3 3833 3459 3456
3 3461 3459 3460
3 3461 3460 3463
3 3461 3462 1273
3 3461 1273 3458
3 3461 3463 3465
3 3461 3465 3462
3 3834 3464 3463
3 3834 3463 3460
3 3465 3463 3464
3 3465 3464 3467
3 3465 3466 1277
3 3465 1277 3462
3 3465 3467 3469
3 3465 3469 3466
3 3835 3468 3467
3 3835 3467 3464
3 3469 3467 3468
3 3469 3468 3471
3 3469 3470 1281
3 3469 1281 3466
3 3469 3471 3473
3 3469 3473 3470
3 3836 3472 3471
3 3836 3471 3468
3 3473 3471 3472
3 3473 3472 3475
3 3473 3474 1285
3 3473 1285 3470
3 3473 3475 3477
3 3473 3477 3474
3 3837 3476 3475
3 3837 3475 3472
3 3477 3475 3476
3 3477 3476 3479
3 3477 3478 1289
3 3477 1289 3474
3 3477 3479 3481
3 3477 3481 3478
3 3838 3480 3479
3 3838 3479 3476
3 3481 3479 3480
3 3481 3480 3483
3 3481 3482 1293
3 3481 1293 3478
3 3481 3483 3485
3 3481 3485 3482
3 3839 3484 3483
3 3839 3483 3480
3 3485 3483 3484
3 3485 3484 3487
3 3485 3486 1297
3 3485 1297 3482
3 3485 3487 3489
3 3485 3489 3486
3 3840 3488 3487
3 3840 3487 3484
3 3489 3487 3488
3 3489 3488 3491
3 3489 3490 1301
3 3489 1301 3486
3 3489 3491 3493
3 3489 3493 3490
3 3841 3492 3491
3 3841 3491 3488
3 3493 3491 3492
3 3493 3492 3495
3 3493 3494 1305
3 3493 1305 3490
3 3493 3495 3497
3 3493 3497 3494
3 3842 3496 3495
3 3842 3495 3492
3 3497 3495 3496
3 3497 3496 3499
3 3497 3498 1309
3 3497 1309 3494
3 3497 3499 3501
3 3497 3501 3498
3 3843 3500 3499
3 3843 3499 3496
3 3501 3499 3500
3 3501 3500 3503
3 3501 3502 1313
3 3501 1313 3498
3 3501 3503 3505
3 3501 3505 3502
3 3844 3504 3503
3 3844 3503 3500
3 3505 3503 3504
3 3505 3504 3507
3 3505 3506 1317
3 3505 1317 3502
3 3505 3507 3509
3 3505 3509 3506
3 3845 3508 3507
3 3845 3507 3504
3 3509 3507 3508
3 3509 3508 3511
3 3509 3510 1321
3 3509 1321 3506
3 3509 3511 3513
3 3509 3513 3510
3 3846 3512 3511
3 3846 3511 3508
3 3513 3511 3512
3 3513 3512 3515
3 3513 3514 1325
3 3513 1325 3510
3 3513 3515 3517
3 3513 3517 3514
3 3847 3516 3515
3 3847 3515 3512
3 3517 3515 3516
3 3517 3516 3519
3 3517 3518 1329
3 3517 1329 3514
3 3517 3519 3521
3 3517 3521 3518
3 3848 3520 3519
3 3848 3519 3516
3 3521 3519 3520
3 3521 3520 3523
3 3521 3522 1333
3 3521 1333 3518
3 3521 3523 3525
3 3521 3525 3522
3 3850 3524 3523
3 3850 3523 3520
3 3525 3523 3524
3 3525 3524 3527
3 3525 3526 1337
3 3525 1337 3522
3 3525 3527 3529
3 3525 3529 3526
3 6053 3528 3527
3 6053 3527 3524
3 3529 3527 3528
3 3529 3528 3531
3 3529 3530 1341
3 3529 1341 3526
3 3529 3531 3533
3 3529 3533 3530
3 6052 3532 3531
3 6052 3531 3528
3 3533 3531 3532
3 3533 3532 3535
3 3533 3534 1345
3 3533 1345 3530
3 3533 3535 3537
3 3533 3537 3534
3 6051 3536 3535
3 6051 3535 3532
3 3537 3535 3536
3 3537 3536 3539
3 3537 3538 1349
3 3537 1349 3534
3 3537 3539 3541
3 3537 3541 3538
3 6050 3540 3539
3 6050 3539 3536
3 3541 3539 3540
3 3541 3540 3543
3 3541 3542 1353
3 3541 1353 3538
3 3541 3543 3545
3 3541 3545 3542
3 6049 3544 3543
3 6049 3543 3540
3 3545 3543 3544
3 3545 3544 3547
3 3545 3546 1357
3 3545 1357 3542
3 3545 3547 3549
3 3545 3549 3546
3 6048 3548 3547
3 6048 3547 3544
3 3549 3547 3548
3 3549 3548 3551
3 3549 3550 1361
3 3549 1361 3546
3 3549 3551 3553
3 3549 3553 3550
3 6047 3552 3551
3 6047 3551 3548
3 3553 3551 3552
3 3553 3552 3555
3 3553 3554 1365
3 3553 1365 3550
3 3553 3555 3557
3 3553 3557 3554
3 6046 3556 3555
3 6046 3555 3552
3 3557 3555 3556
3 3557 3556 3559
3 3557 3558 1369
3 3557 1369 3554
3 3557 3559 3561
3 3557 3561 3558
3 6045 3560 3559
3 6045 3559 3556
3 3561 3559 3560
3 3561 3560 3562
3 3561 3563 1373
3 3561 1373 3558
3 3561 3562 3564
3 3561 3564 3563
3 3564 3566 3565
3 3564 3565 3563
3 1375 1373 3563
3 1375 3563 3565
3 3566 3568 1380
3 3566 1380 3565
3 3564 3900 3567
3 3564 3567 3566
3 3566 3567 3569
3 3566 3569 3568
3 3569 3571 1384
3 3569 1384 3568
3 3569 3567 3901
3 3569 3901 3570
3 3569 3570 3572
3 3569 3572 3571
3 1386 1384 3571
3 1386 3571 3573
3 3572 3574 3573
3 3572 3573 3571
3 1386 3573 3575
3 1386 3575 1388
3 3575 3573 3574
3 3575 3574 3576
3 3575 3577 3578
3 3575 3578 1388
3 3575 3576 3580
3 3575 3580 3577
3 3739 3578 3577
3 3739 3577 3579
3 3580 3582 3579
3 3580 3579 3577
3 3580 3576 4950
3 3580 4950 3581
3 3580 3581 3584
3 3580 3584 3582
3 3737 3579 3582
3 3737 3582 3583
3 3584 3586 3583
3 3584 3583 3582
3 3584 3581 4953
3 3584 4953 3585
3 3584 3585 3588
3 3584 3588 3586
3 3735 3583 3586
3 3735 3586 3587
3 3588 3590 3587
3 3588 3587 3586
3 3588 3585 4955
3 3588 4955 3589
3 3588 3589 3592
3 3588 3592 3590
3 3733 3587 3590
3 3733 3590 3591
3 3592 3594 3591
3 3592 3591 3590
3 3592 3589 4957
3 3592 4957 3593
3 3592 3593 3596
3 3592 3596 3594
3 3731 3591 3594
3 3731 3594 3595
3 3596 3598 3595
3 3596 3595 3594
3 3596 3593 4960
3 3596 4960 3597
3 3596 3597 3600
3 3596 3600 3598
3 3729 3595 3598
3 3729 3598 3599
3 3600 3602 3599
3 3600 3599 3598
3 3600 3597 4963
3 3600 4963 3601
3 3600 3601 3604
3 3600 3604 3602
3 3727 3599 3602
3 3727 3602 3603
3 3604 3606 3603
3 3604 3603 3602
3 3604 3601 4966
3 3604 4966 3605
3 3604 3605 3608
3 3604 3608 3606
3 3725 3603 3606
3 3725 3606 3607
3 3608 3610 3607
3 3608 3607 3606
3 3608 3605 4969
3 3608 4969 3609
3 3608 3609 3612
3 3608 3612 3610
3 3723 3607 3610
3 3723 3610 3611
3 3612 3614 3611
3 3612 3611 3610
3 3612 3609 4972
3 3612 4972 3613
3 3612 3613 3615
3 3612 3615 3614
3 3617 3611 3614
3 3617 3614 3616
3 3615 3619 3616
3 3615 3616 3614
3 3617 3616 3618
3 3617 3618 3720
3 3618 3616 3619
3 3618 3619 3621
3 3615 4977 3620
3 3615 3620 3619
3 3620 3623 3621
3 3620 3621 3619
3 3618 3621 3622
3 3618 3622 3718
3 3622 3621 3623
3 3622 3623 3625
3 3620 4980 3624
3 3620 3624 3623
3 3624 3627 3625
3 3624 3625 3623
3 3622 3625 3626
3 3622 3626 3716
3 3626 3625 3627
3 3626 3627 3629
3 3624 4983 3628
3 3624 3628 3627
3 3628 3631 3629
3 3628 3629 3627
3 3626 3629 3630
3 3626 3630 3714
3 3630 3629 3631
3 3630 3631 3633
3 3628 4986 3632
3 3628 3632 3631
3 3632 3634 3633
3 3632 3633 3631
3 3630 3633 3635
3 3630 3635 3636
3 3635 3633 3634
3 3635 3634 3638
3 3635 3637 3711
3 3635 3711 3636
3 3635 3638 3640
3 3635 3640 3637
3 4991 3639 3638
3 4991 3638 3634
3 3640 3638 3639
3 3640 3639 3642
3 3640 3641 3708
3 3640 3708 3637
3 3640 3642 3644
3 3640 3644 3641
3 4994 3643 3642
3 4994 3642 3639
3 3644 3642 3643
3 3644 3643 3646
3 3644 3645 3706
3 3644 3706 3641
3 3644 3646 3648
3 3644 3648 3645
3 4997 3647 3646
3 4997 3646 3643
3 3648 3646 3647
3 3648 3647 3650
3 3648 3649 3704
3 3648 3704 3645
3 3648 3650 3652
3 3648 3652 3649
3 5000 3651 3650
3 5000 3650 3647
3 3652 3650 3651
3 3652 3651 3653
3 3652 3654 3655
3 3652 3655 3649
3 3652 3653 3656
3 3652 3656 3654
3 3658 3655 3654
3 3658 3654 3657
3 3656 3659 3657
3 3656 3657 3654
3 3658 3657 3660
3 3658 3660 3661
3 3660 3657 3659
3 3660 3659 3662
3 3660 3663 3664
3 3660 3664 3661
3 3660 3662 3665
3 3660 3665 3663
3 3667 3664 3663
3 3667 3663 3666
3 3665 3668 3666
3 3665 3666 3663
3 3667 3666 3669
3 3667 3669 3670
3 3669 3666 3668
3 3669 3668 3671
3 3669 3672 3673
3 3669 3673 3670
3 3669 3671 3674
3 3669 3674 3672
3 3678 3673 3672
3 3678 3672 3675
3 3674 3676 3675
3 3674 3675 3672
3 3677 3675 3676
3 3677 3676 6026
3 3679 3678 3675
3 3679 3675 3677
3 3680 3681 3673
3 3680 3673 3678
3 3679 3683 3680
3 3679 3680 3678
3 3680 3682 3696
3 3680 3696 3681
3 3680 3683 3684
3 3680 3684 3682
3 3688 3684 3683
3 3688 3683 3685
3 3679 3686 3685
3 3679 3685 3683
3 3687 3685 3686
3 3687 3686 6029
3 3688 3685 3687
3 3688 3687 3689
3 3693 3684 3688
3 3693 3688 3690
3 3688 3689 3692
3 3688 3692 3690
3 3693 3690 3691
3 3693 3691 1498
3 3741 3691 3690
3 3741 3690 3692
3 1496 3694 3693
3 1496 3693 1498
3 3693 3694 3682
3 3693 3682 3684
3 1496 1489 3695
3 1496 3695 3694
3 3696 3682 3694
3 3696 3694 3695
3 3696 3695 1485
3 3696 1485 3697
3 3696 3697 3698
3 3696 3698 3681
3 3697 1484 3699
3 3697 3699 3698
3 3667 3670 3698
3 3667 3698 3699
3 3681 3698 3670
3 3681 3670 3673
3 3700 3699 1484
3 3700 1484 1482
3 3700 3664 3667
3 3700 3667 3699
3 1479 3701 3700
3 1479 3700 1482
3 3700 3701 3661
3 3700 3661 3664
3 1479 1476 3702
3 1479 3702 3701
3 3658 3661 3701
3 3658 3701 3702
3 3703 3702 1476
3 3703 1476 1474
3 3703 3655 3658
3 3703 3658 3702
3 3705 3704 3703
3 3705 3703 1474
3 3703 3704 3649
3 3703 3649 3655
3 3705 3706 3645
3 3705 3645 3704
3 3707 3706 3705
3 3707 3705 1473
3 3707 3708 3641
3 3707 3641 3706
3 3707 1473 1471
3 3707 1471 3709
3 3710 3708 3707
3 3710 3707 3709
3 3710 3709 1460
3 3710 1460 1458
3 1463 1460 3709
3 1463 3709 1471
3 3712 3711 3710
3 3712 3710 1458
3 3710 3711 3637
3 3710 3637 3708
3 3712 3713 3636
3 3712 3636 3711
3 1451 3713 3712
3 1451 3712 1453
3 1451 3715 3714
3 1451 3714 3713
3 3630 3636 3713
3 3630 3713 3714
3 3626 3714 3715
3 3626 3715 3716
3 1447 3717 3716
3 1447 3716 3715
3 3622 3716 3717
3 3622 3717 3718
3 1443 3719 3718
3 1443 3718 3717
3 3618 3718 3719
3 3618 3719 3720
3 1439 3721 3720
3 1439 3720 3719
3 3617 3720 3721
3 3617 3721 3722
3 1434 1432 3722
3 1434 3722 3721
3 3723 3722 1432
3 3723 1432 3724
3 3723 3611 3617
3 3723 3617 3722
3 3725 3607 3723
3 3725 3723 3724
3 3725 3724 1428
3 3725 1428 3726
3 3727 3603 3725
3 3727 3725 3726
3 3727 3726 1424
3 3727 1424 3728
3 3729 3599 3727
3 3729 3727 3728
3 3729 3728 1420
3 3729 1420 3730
3 3731 3595 3729
3 3731 3729 3730
3 3731 3730 1416
3 3731 1416 3732
3 3733 3591 3731
3 3733 3731 3732
3 3733 3732 1412
3 3733 1412 3734
3 3735 3587 3733
3 3735 3733 3734
3 3735 3734 1408
3 3735 1408 3736
3 3737 3583 3735
3 3737 3735 3736
3 3737 3736 1404
3 3737 1404 3738
3 3739 3579 3737
3 3739 3737 3738
3 3739 3738 1399
3 3739 1399 1396
3 1389 3578 3739
3 1389 3739 1396
3 3740 3692 3689
3 3740 3689 6032
3 3742 3741 3692
3 3742 3692 3740
3 3743 1499 3691
3 3743 3691 3741
3 3742 3744 3743
3 3742 3743 3741
3 3743 3745 1501
3 3743 1501 1499
3 3743 3744 3746
3 3743 3746 3745
3 1501 3745 3747
3 1501 3747 1504
3 3748 3747 3745
3 3748 3745 3746
3 3749 1507 1504
3 3749 1504 3747
3 3748 3750 3749
3 3748 3749 3747
3 3749 3751 1510
3 3749 1510 1507
3 3749 3750 3752
3 3749 3752 3751
3 1510 3751 3753
3 1510 3753 1512
3 3754 3753 3751
3 3754 3751 3752
3 3755 1515 1512
3 3755 1512 3753
3 3754 3756 3755
3 3754 3755 3753
3 3755 3756 3758
3 3755 3758 3757
3 3755 3757 3760
3 3755 3760 1515
3 3958 3759 3757
3 3958 3757 3758
3 3760 3757 3759
3 3760 3759 3761
3 3760 3761 1523
3 3760 1523 1516
3 1523 3761 3762
3 1523 3762 1526
3 3763 3762 3761
3 3763 3761 3759
3 3764 1529 1526
3 3764 1526 3762
3 3763 3765 3764
3 3763 3764 3762
3 3764 3766 1532
3 3764 1532 1529
3 3764 3765 3767
3 3764 3767 3766
3 1532 3766 3768
3 1532 3768 1534
3 3769 3768 3766
3 3769 3766 3767
3 3770 1537 1534
3 3770 1534 3768
3 3769 3771 3770
3 3769 3770 3768
3 3770 3771 3773
3 3770 3773 3772
3 3770 3772 3775
3 3770 3775 1537
3 3847 3774 3772
3 3847 3772 3773
3 3775 3772 3774
3 3775 3774 3776
3 3775 3776 3778
3 3775 3778 1538
3 3846 3777 3776
3 3846 3776 3774
3 3778 3776 3777
3 3778 3777 3779
3 3778 3779 3781
3 3778 3781 1542
3 3845 3780 3779
3 3845 3779 3777
3 3781 3779 3780
3 3781 3780 3782
3 3781 3782 3784
3 3781 3784 1546
3 3844 3783 3782
3 3844 3782 3780
3 3784 3782 3783
3 3784 3783 3785
3 3784 3785 3787
3 3784 3787 1550
3 3843 3786 3785
3 3843 3785 3783
3 3787 3785 3786
3 3787 3786 3788
3 3787 3788 3790
3 3787 3790 1554
3 3842 3789 3788
3 3842 3788 3786
3 3790 3788 3789
3 3790 3789 3791
3 3790 3791 3793
3 3790 3793 1558
3 3841 3792 3791
3 3841 3791 3789
3 3793 3791 3792
3 3793 3792 3794
3 3793 3794 3796
3 3793 3796 1562
3 3840 3795 3794
3 3840 3794 3792
3 3796 3794 3795
3 3796 3795 3797
3 3796 3797 3799
3 3796 3799 1566
3 3839 3798 3797
3 3839 3797 3795
3 3799 3797 3798
3 3799 3798 3800
3 3799 3800 3802
3 3799 3802 1570
3 3838 3801 3800
3 3838 3800 3798
3 3802 3800 3801
3 3802 3801 3803
3 3802 3803 3805
3 3802 3805 1574
3 3837 3804 3803
3 3837 3803 3801
3 3805 3803 3804
3 3805 3804 3806
3 3805 3806 3808
3 3805 3808 1578
3 3836 3807 3806
3 3836 3806 3804
3 3808 3806 3807
3 3808 3807 3809
3 3808 3809 3811
3 3808 3811 1582
3 3835 3810 3809
3 3835 3809 3807
3 3811 3809 3810
3 3811 3810 3812
3 3811 3812 3814
3 3811 3814 1586
3 3834 3813 3812
3 3834 3812 3810
3 3814 3812 3813
3 3814 3813 3815
3 3814 3815 3817
3 3814 3817 1590
3 3833 3816 3815
3 3833 3815 3813
3 3817 3815 3816
3 3817 3816 3818
3 3817 3818 3820
3 3817 3820 1594
3 3832 3819 3818
3 3832 3818 3816
3 3820 3818 3819
3 3820 3819 3821
3 3820 3821 3823
3 3820 3823 1598
3 3831 3822 3821
3 3831 3821 3819
3 3822 3824 3823
3 3822 3823 3821
3 3824 3827 3825
3 3824 3825 3823
3 1598 3823 3825
3 1598 3825 1600
3 3827 3828 3826
3 3827 3826 3825
3 1600 3825 3826
3 1600 3826 1602
3 3827 3829 3400
3 3827 3400 3828
3 3824 3437 3829
3 3824 3829 3827
3 3830 3826 3828
3 3830 3828 3399
3 1602 3826 3830
3 1602 3830 1614
3 3830 3399 3397
3 3830 3397 1615
3 3822 3439 3437
3 3822 3437 3824
3 3831 3441 3439
3 3831 3439 3822
3 3832 3452 3831
3 3832 3831 3819
3 3833 3456 3832
3 3833 3832 3816
3 3834 3460 3833
3 3834 3833 3813
3 3835 3464 3834
3 3835 3834 3810
3 3836 3468 3835
3 3836 3835 3807
3 3837 3472 3836
3 3837 3836 3804
3 3838 3476 3837
3 3838 3837 3801
3 3839 3480 3838
3 3839 3838 3798
3 3840 3484 3839
3 3840 3839 3795
3 3841 3488 3840
3 3841 3840 3792
3 3842 3492 3841
3 3842 3841 3789
3 3843 3496 3842
3 3843 3842 3786
3 3844 3500 3843
3 3844 3843 3783
3 3845 3504 3844
3 3845 3844 3780
3 3846 3508 3845
3 3846 3845 3777
3 3847 3512 3846
3 3847 3846 3774
3 3848 3516 3847
3 3848 3847 3773
3 3848 3773 3771
3 3848 3771 3849
3 3850 3520 3848
3 3850 3848 3849
3 3850 3849 3851
3 3850 3851 3852
3 3769 3851 3849
3 3769 3849 3771
3 3853 3851 3769
3 3853 3769 3767
3 3853 3855 3852
3 3853 3852 3851
3 3853 3767 3765
3 3853 3765 3854
3 3857 3855 3853
3 3857 3853 3854
3 6053 3852 3855
3 6053 3855 3856
3 3857 3859 3856
3 3857 3856 3855
3 3861 3859 3857
3 3861 3857 3858
3 3857 3854 3959
3 3857 3959 3858
3 6052 3856 3859
3 6052 3859 3860
3 3861 3863 3860
3 3861 3860 3859
3 3865 3863 3861
3 3865 3861 3862
3 3861 3858 3957
3 3861 3957 3862
3 6051 3860 3863
3 6051 3863 3864
3 3865 3867 3864
3 3865 3864 3863
3 3869 3867 3865
3 3869 3865 3866
3 3865 3862 3955
3 3865 3955 3866
3 6050 3864 3867
3 6050 3867 3868
3 3869 3871 3868
3 3869 3868 3867
3 3873 3871 3869
3 3873 3869 3870
3 3869 3866 3952
3 3869 3952 3870
3 6049 3868 3871
3 6049 3871 3872
3 3873 3875 3872
3 3873 3872 3871
3 3877 3875 3873
3 3877 3873 3874
3 3873 3870 3949
3 3873 3949 3874
3 6048 3872 3875
3 6048 3875 3876
3 3877 3879 3876
3 3877 3876 3875
3 3881 3879 3877
3 3881 3877 3878
3 3877 3874 3946
3 3877 3946 3878
3 6047 3876 3879
3 6047 3879 3880
3 3881 3883 3880
3 3881 3880 3879
3 3885 3883 3881
3 3885 3881 3882
3 3881 3878 3943
3 3881 3943 3882
3 6046 3880 3883
3 6046 3883 3884
3 3885 3887 3884
3 3885 3884 3883
3 3889 3887 3885
3 3889 3885 3886
3 3885 3882 3940
3 3885 3940 3886
3 6045 3884 3887
3 6045 3887 3888
3 3889 3891 3888
3 3889 3888 3887
3 3890 3889 3886
3 3890 3886 3937
3 3890 3892 3891
3 3890 3891 3889
3 3895 3893 3891
3 3895 3891 3892
3 3893 3894 3888
3 3893 3888 3891
3 3893 3896 3897
3 3893 3897 3894
3 3895 3898 3896
3 3895 3896 3893
3 3899 3900 3897
3 3899 3897 3896
3 3899 3896 3898
3 3899 3898 3903
3 3899 3901 3567
3 3899 3567 3900
3 3899 3902 6039
3 3899 6039 3901
3 3899 3903 3905
3 3899 3905 3902
3 3904 3903 3898
3 3904 3898 3920
3 3906 3905 3903
3 3906 3903 3904
3 3910 3907 3905
3 3910 3905 3906
3 3907 3909 3902
3 3907 3902 3905
3 6042 3909 3907
3 6042 3907 3908
3 3910 3911 3908
3 3910 3908 3907
3 3910 3906 3915
3 3910 3915 3912
3 3914 3911 3910
3 3914 3910 3912
3 3916 3913 3912
3 3916 3912 3915
3 3914 3912 3913
3 3914 3913 4674
3 3906 3904 3917
3 3906 3917 3915
3 3916 3915 3917
3 3916 3917 3918
3 3904 3920 3919
3 3904 3919 3917
3 3918 3917 3919
3 3918 3919 3922
3 3920 3933 3921
3 3920 3921 3919
3 3922 3919 3921
3 3922 3921 3924
3 3918 3922 3923
3 3918 3923 4285
3 3922 3924 3925
3 3922 3925 3923
3 3924 3926 3927
3 3924 3927 3925
3 3924 3921 3929
3 3924 3929 3926
3 4292 3927 3926
3 4292 3926 3928
3 3929 3930 3928
3 3929 3928 3926
3 3929 3931 3932
3 3929 3932 3930
3 3929 3921 3933
3 3929 3933 3931
3 3895 3892 3931
3 3895 3931 3933
3 3932 3931 3892
3 3932 3892 3890
3 3920 3898 3895
3 3920 3895 3933
3 3932 3934 3935
3 3932 3935 3930
3 3932 3890 3937
3 3932 3937 3934
3 4308 3935 3934
3 4308 3934 3936
3 3936 3934 3937
3 3936 3937 3938
3 3938 3937 3886
3 3938 3886 3940
3 3936 3938 3939
3 3936 3939 4313
3 3938 3940 3941
3 3938 3941 3939
3 3941 3940 3882
3 3941 3882 3943
3 3941 3942 4315
3 3941 4315 3939
3 3941 3943 3944
3 3941 3944 3942
3 3944 3943 3878
3 3944 3878 3946
3 3944 3945 4330
3 3944 4330 3942
3 3944 3946 3947
3 3944 3947 3945
3 3947 3946 3874
3 3947 3874 3949
3 3947 3948 4329
3 3947 4329 3945
3 3947 3949 3950
3 3947 3950 3948
3 3950 3949 3870
3 3950 3870 3952
3 3950 3951 3962
3 3950 3962 3948
3 3950 3952 3953
3 3950 3953 3951
3 3953 3952 3866
3 3953 3866 3955
3 3953 3954 3960
3 3953 3960 3951
3 3953 3955 3956
3 3953 3956 3954
3 3956 3955 3862
3 3956 3862 3957
3 3956 3758 3756
3 3956 3756 3954
3 3956 3957 3958
3 3956 3958 3758
3 3958 3957 3858
3 3958 3858 3959
3 3958 3959 3763
3 3958 3763 3759
3 3763 3959 3854
3 3763 3854 3765
3 3754 3960 3954
3 3754 3954 3756
3 3961 3960 3754
3 3961 3754 3752
3 3961 3962 3951
3 3961 3951 3960
3 3961 3752 3750
3 3961 3750 3963
3 3964 3962 3961
3 3964 3961 3963
3 3748 3965 3963
3 3748 3963 3750
3 3964 3963 3965
3 3964 3965 3966
3 3967 3965 3748
3 3967 3748 3746
3 3967 3968 3966
3 3967 3966 3965
3 3967 3746 3744
3 3967 3744 3969
3 3970 3968 3967
3 3970 3967 3969
3 3742 3971 3969
3 3742 3969 3744
3 3970 3969 3971
3 3970 3971 3972
3 3973 3971 3742
3 3973 3742 3740
3 3973 3975 3972
3 3973 3972 3971
3 3974 3973 3740
3 3974 3740 6032
3 3974 3977 3975
3 3974 3975 3973
3 3978 3976 3975
3 3978 3975 3977
3 3976 4321 3972
3 3976 3972 3975
3 3978 3977 3979
3 3978 3979 3980
3 3981 3979 3977
3 3981 3977 3974
3 3982 3985 3980
3 3982 3980 3979
3 3982 3979 3981
3 3982 3981 3984
3 6034 3983 3982
3 6034 3982 3984
3 3987 3985 3982
3 3987 3982 3983
3 4323 3980 3985
3 4323 3985 3986
3 3987 3989 3986
3 3987 3986 3985
3 6037 3988 3987
3 6037 3987 3983
3 3991 3989 3987
3 3991 3987 3988
3 4326 3986 3989
3 4326 3989 3990
3 3991 3992 3990
3 3991 3990 3989
3 3994 3992 3991
3 3994 3991 3993
3 3996 3993 3991
3 3996 3991 3988
3 3995 4503 3994
3 3995 3994 3993
3 3996 3998 3995
3 3996 3995 3993
3 6037 3997 3996
3 6037 3996 3988
3 3996 3997 3999
3 3996 3999 3998
3 4001 4000 3998
3 4001 3998 3999
3 3995 3998 4000
3 3995 4000 4002
3 4003 4000 4001
3 4003 4001 4006
3 4003 4005 4002
3 4003 4002 4000
3 4016 4005 4003
3 4016 4003 4004
3 4003 4006 4008
3 4003 4008 4004
3 4001 6016 4007
3 4001 4007 4006
3 4006 4007 4009
3 4006 4009 4008
3 4011 4010 4008
3 4011 4008 4009
3 4004 4008 4010
3 4004 4010 4013
3 4011 5042 4012
3 4011 4012 4010
3 4012 4014 4013
3 4012 4013 4010
3 4015 4013 4014
3 4015 4014 4018
3 4016 4004 4013
3 4016 4013 4015
3 4017 4498 4016
3 4017 4016 4015
3 4017 4015 4018
3 4017 4018 4020
3 5047 4019 4018
3 5047 4018 4014
3 4020 4018 4019
3 4020 4019 4022
3 4021 4494 4017
3 4021 4017 4020
3 4021 4020 4022
3 4021 4022 4024
3 5050 4023 4022
3 5050 4022 4019
3 4024 4022 4023
3 4024 4023 4026
3 4025 4490 4021
3 4025 4021 4024
3 4025 4024 4026
3 4025 4026 4028
3 5053 4027 4026
3 5053 4026 4023
3 4028 4026 4027
3 4028 4027 4030
3 4029 4486 4025
3 4029 4025 4028
3 4029 4028 4030
3 4029 4030 4032
3 5056 4031 4030
3 5056 4030 4027
3 4032 4030 4031
3 4032 4031 4034
3 4033 4483 4029
3 4033 4029 4032
3 4033 4032 4034
3 4033 4034 4036
3 5059 4035 4034
3 5059 4034 4031
3 4036 4034 4035
3 4036 4035 4038
3 4037 4480 4033
3 4037 4033 4036
3 4037 4036 4038
3 4037 4038 4040
3 5062 4039 4038
3 5062 4038 4035
3 4040 4038 4039
3 4040 4039 4042
3 4041 4477 4037
3 4041 4037 4040
3 4041 4040 4042
3 4041 4042 4044
3 5065 4043 4042
3 5065 4042 4039
3 4044 4042 4043
3 4044 4043 4046
3 4045 4474 4041
3 4045 4041 4044
3 4045 4044 4046
3 4045 4046 4048
3 5068 4047 4046
3 5068 4046 4043
3 4048 4046 4047
3 4048 4047 4050
3 4049 4471 4045
3 4049 4045 4048
3 4049 4048 4050
3 4049 4050 4052
3 5071 4051 4050
3 5071 4050 4047
3 4052 4050 4051
3 4052 4051 4054
3 4053 4468 4049
3 4053 4049 4052
3 4053 4052 4054
3 4053 4054 4056
3 5074 4055 4054
3 5074 4054 4051
3 4056 4054 4055
3 4056 4055 4058
3 4057 4465 4053
3 4057 4053 4056
3 4057 4056 4058
3 4057 4058 4060
3 5077 4059 4058
3 5077 4058 4055
3 4060 4058 4059
3 4060 4059 4062
3 4061 4462 4057
3 4061 4057 4060
3 4061 4060 4062
3 4061 4062 4064
3 5080 4063 4062
3 5080 4062 4059
3 4064 4062 4063
3 4064 4063 4066
3 4065 4459 4061
3 4065 4061 4064
3 4065 4064 4066
3 4065 4066 4068
3 5083 4067 4066
3 5083 4066 4063
3 4068 4066 4067
3 4068 4067 4070
3 4069 4456 4065
3 4069 4065 4068
3 4069 4068 4070
3 4069 4070 4072
3 5086 4071 4070
3 5086 4070 4067
3 4072 4070 4071
3 4072 4071 4074
3 4073 4453 4069
3 4073 4069 4072
3 4073 4072 4074
3 4073 4074 4076
3 5089 4075 4074
3 5089 4074 4071
3 4076 4074 4075
3 4076 4075 4078
3 4077 4450 4073
3 4077 4073 4076
3 4077 4076 4078
3 4077 4078 4080
3 5092 4079 4078
3 5092 4078 4075
3 4080 4078 4079
3 4080 4079 4082
3 4081 4447 4077
3 4081 4077 4080
3 4081 4080 4082
3 4081 4082 4084
3 5095 4083 4082
3 5095 4082 4079
3 4084 4082 4083
3 4084 4083 4086
3 4085 4444 4081
3 4085 4081 4084
3 4085 4084 4086
3 4085 4086 4088
3 5098 4087 4086
3 5098 4086 4083
3 4088 4086 4087
3 4088 4087 4090
3 4441 4085 4088
3 4441 4088 4089
3 4088 4090 4092
3 4088 4092 4089
3 5101 4091 4090
3 5101 4090 4087
3 4093 4092 4090
3 4093 4090 4091
3 4094 4095 4089
3 4094 4089 4092
3 4093 4096 4094
3 4093 4094 4092
3 4094 4097 4098
3 4094 4098 4095
3 4094 4096 4099
3 4094 4099 4097
3 4098 4097 4100
3 4098 4100 4101
3 4102 4100 4097
3 4102 4097 4099
3 4101 4100 4103
3 4101 4103 4104
3 4102 4105 4103
3 4102 4103 4100
3 4104 4103 4106
3 4104 4106 4107
3 4105 4108 4106
3 4105 4106 4103
3 4109 4111 4107
3 4109 4107 4106
3 4108 4110 4109
3 4108 4109 4106
3 4109 4110 4113
3 4109 4113 4112
3 4109 4112 4115
3 4109 4115 4111
3 5715 4114 4112
3 5715 4112 4113
3 4115 4112 4114
3 4115 4114 4117
3 4115 4116 4517
3 4115 4517 4111
3 4115 4117 4118
3 4115 4118 4116
3 4117 4119 4120
3 4117 4120 4118
3 4117 4114 4121
3 4117 4121 4119
3 4119 4122 4123
3 4119 4123 4120
3 4119 4121 4124
3 4119 4124 4122
3 4122 4125 4126
3 4122 4126 4123
3 4122 4124 4127
3 4122 4127 4125
3 4125 4128 4129
3 4125 4129 4126
3 4125 4127 4130
3 4125 4130 4128
3 4128 4131 4133
3 4128 4133 4129
3 4128 4130 4132
3 4128 4132 4131
3 4131 4132 4136
3 4131 4136 4134
3 4131 4134 4135
3 4131 4135 4133
3 4134 4137 4139
3 4134 4139 4135
3 4134 4136 4140
3 4134 4140 4137
3 4180 4139 4137
3 4180 4137 4138
3 4137 4140 4142
3 4137 4142 4138
3 5706 4141 4140
3 5706 4140 4136
3 4142 4140 4141
3 4142 4141 4144
3 4177 4138 4142
3 4177 4142 4143
3 4142 4144 4146
3 4142 4146 4143
3 5703 4145 4144
3 5703 4144 4141
3 4146 4144 4145
3 4146 4145 4148
3 4174 4143 4146
3 4174 4146 4147
3 4146 4148 4150
3 4146 4150 4147
3 5700 4149 4148
3 5700 4148 4145
3 4150 4148 4149
3 4150 4149 4152
3 4171 4147 4150
3 4171 4150 4151
3 4150 4152 4154
3 4150 4154 4151
3 5697 4153 4152
3 5697 4152 4149
3 4154 4152 4153
3 4154 4153 4156
3 4168 4151 4154
3 4168 4154 4155
3 4154 4156 4158
3 4154 4158 4155
3 5694 4157 4156
3 5694 4156 4153
3 4157 4159 4158
3 4157 4158 4156
3 4159 4161 4160
3 4159 4160 4158
3 4163 4155 4158
3 4163 4158 4160
3 4161 5636 4162
3 4161 4162 4160
3 4162 4164 4163
3 4162 4163 4160
3 4163 4164 4166
3 4163 4166 4165
3 4163 4165 4168
3 4163 4168 4155
3 4762 4167 4165
3 4762 4165 4166
3 4168 4165 4167
3 4168 4167 4169
3 4168 4169 4171
3 4168 4171 4151
3 4759 4170 4169
3 4759 4169 4167
3 4171 4169 4170
3 4171 4170 4172
3 4171 4172 4174
3 4171 4174 4147
3 4756 4173 4172
3 4756 4172 4170
3 4174 4172 4173
3 4174 4173 4175
3 4174 4175 4177
3 4174 4177 4143
3 4753 4176 4175
3 4753 4175 4173
3 4177 4175 4176
3 4177 4176 4178
3 4177 4178 4180
3 4177 4180 4138
3 4750 4179 4178
3 4750 4178 4176
3 4180 4178 4179
3 4180 4179 4181
3 4180 4181 4183
3 4180 4183 4139
3 4747 4182 4181
3 4747 4181 4179
3 4183 4181 4182
3 4183 4182 4185
3 4183 4184 4135
3 4183 4135 4139
3 4183 4185 4187
3 4183 4187 4184
3 4744 4186 4185
3 4744 4185 4182
3 4187 4185 4186
3 4187 4186 4189
3 4187 4188 4670
3 4187 4670 4184
3 4187 4189 4191
3 4187 4191 4188
3 4741 4190 4189
3 4741 4189 4186
3 4191 4189 4190
3 4191 4190 4193
3 4191 4192 4668
3 4191 4668 4188
3 4191 4193 4195
3 4191 4195 4192
3 4738 4194 4193
3 4738 4193 4190
3 4195 4193 4194
3 4195 4194 4197
3 4195 4196 4531
3 4195 4531 4192
3 4195 4197 4199
3 4195 4199 4196
3 4735 4198 4197
3 4735 4197 4194
3 4199 4197 4198
3 4199 4198 4201
3 4199 4200 4533
3 4199 4533 4196
3 4199 4201 4203
3 4199 4203 4200
3 4732 4202 4201
3 4732 4201 4198
3 4203 4201 4202
3 4203 4202 4205
3 4203 4204 4536
3 4203 4536 4200
3 4203 4205 4207
3 4203 4207 4204
3 4729 4206 4205
3 4729 4205 4202
3 4207 4205 4206
3 4207 4206 4209
3 4207 4208 4539
3 4207 4539 4204
3 4207 4209 4211
3 4207 4211 4208
3 4726 4210 4209
3 4726 4209 4206
3 4211 4209 4210
3 4211 4210 4213
3 4211 4212 4542
3 4211 4542 4208
3 4211 4213 4215
3 4211 4215 4212
3 4723 4214 4213
3 4723 4213 4210
3 4215 4213 4214
3 4215 4214 4217
3 4215 4216 4545
3 4215 4545 4212
3 4215 4217 4219
3 4215 4219 4216
3 4720 4218 4217
3 4720 4217 4214
3 4219 4217 4218
3 4219 4218 4221
3 4219 4220 4548
3 4219 4548 4216
3 4219 4221 4223
3 4219 4223 4220
3 4717 4222 4221
3 4717 4221 4218
3 4223 4221 4222
3 4223 4222 4225
3 4223 4224 4551
3 4223 4551 4220
3 4223 4225 4227
3 4223 4227 4224
3 4714 4226 4225
3 4714 4225 4222
3 4227 4225 4226
3 4227 4226 4229
3 4227 4228 4554
3 4227 4554 4224
3 4227 4229 4231
3 4227 4231 4228
3 4711 4230 4229
3 4711 4229 4226
3 4231 4229 4230
3 4231 4230 4233
3 4231 4232 4557
3 4231 4557 4228
3 4231 4233 4235
3 4231 4235 4232
3 4708 4234 4233
3 4708 4233 4230
3 4235 4233 4234
3 4235 4234 4237
3 4235 4236 4560
3 4235 4560 4232
3 4235 4237 4239
3 4235 4239 4236
3 4705 4238 4237
3 4705 4237 4234
3 4239 4237 4238
3 4239 4238 4241
3 4239 4240 4563
3 4239 4563 4236
3 4239 4241 4243
3 4239 4243 4240
3 4702 4242 4241
3 4702 4241 4238
3 4243 4241 4242
3 4243 4242 4245
3 4243 4244 4566
3 4243 4566 4240
3 4243 4245 4247
3 4243 4247 4244
3 4699 4246 4245
3 4699 4245 4242
3 4247 4245 4246
3 4247 4246 4249
3 4247 4248 4569
3 4247 4569 4244
3 4247 4249 4251
3 4247 4251 4248
3 4696 4250 4249
3 4696 4249 4246
3 4251 4249 4250
3 4251 4250 4253
3 4251 4252 4572
3 4251 4572 4248
3 4251 4253 4255
3 4251 4255 4252
3 4693 4254 4253
3 4693 4253 4250
3 4255 4253 4254
3 4255 4254 4257
3 4255 4256 4575
3 4255 4575 4252
3 4255 4257 4259
3 4255 4259 4256
3 4690 4258 4257
3 4690 4257 4254
3 4259 4257 4258
3 4259 4258 4261
3 4259 4260 4578
3 4259 4578 4256
3 4259 4261 4263
3 4259 4263 4260
3 4687 4262 4261
3 4687 4261 4258
3 4263 4261 4262
3 4263 4262 4265
3 4263 4264 4581
3 4263 4581 4260
3 4263 4265 4267
3 4263 4267 4264
3 4684 4266 4265
3 4684 4265 4262
3 4267 4265 4266
3 4267 4266 4269
3 4267 4268 4584
3 4267 4584 4264
3 4267 4269 4271
3 4267 4271 4268
3 4681 4270 4269
3 4681 4269 4266
3 4271 4269 4270
3 4271 4270 4273
3 4271 4272 4586
3 4271 4586 4268
3 4271 4273 4275
3 4271 4275 4272
3 4678 4274 4273
3 4678 4273 4270
3 4275 4273 4274
3 4275 4274 4277
3 4275 4276 4353
3 4275 4353 4272
3 4275 4277 4279
3 4275 4279 4276
3 4675 4278 4277
3 4675 4277 4274
3 4279 4277 4278
3 4279 4278 4281
3 4279 4280 4351
3 4279 4351 4276
3 4279 4281 4283
3 4279 4283 4280
3 4671 4282 4281
3 4671 4281 4278
3 4283 4281 4282
3 4283 4282 4285
3 4283 4284 4286
3 4283 4286 4280
3 4283 4285 3923
3 4283 3923 4284
3 3916 3918 4285
3 3916 4285 4282
3 4284 4287 4288
3 4284 4288 4286
3 4284 3923 3925
3 4284 3925 4287
3 4287 4289 4290
3 4287 4290 4288
3 4287 3925 3927
3 4287 3927 4289
3 4289 4291 4294
3 4289 4294 4290
3 4289 3927 4292
3 4289 4292 4291
3 4292 4305 4293
3 4292 4293 4291
3 4296 4294 4291
3 4296 4291 4293
3 4344 4290 4294
3 4344 4294 4295
3 4295 4294 4296
3 4295 4296 4297
3 4296 4298 4299
3 4296 4299 4297
3 4296 4293 4301
3 4296 4301 4298
3 4331 4299 4298
3 4331 4298 4300
3 4301 4302 4300
3 4301 4300 4298
3 4301 4303 4304
3 4301 4304 4302
3 4301 4293 4305
3 4301 4305 4303
3 4304 4303 4306
3 4304 4306 4309
3 4307 4306 4303
3 4307 4303 4305
3 4307 3935 4308
3 4307 4308 4306
3 4308 4311 4309
3 4308 4309 4306
3 4310 4309 4311
3 4310 4311 4312
3 4304 4309 4310
3 4304 4310 4324
3 4308 3936 4313
3 4308 4313 4311
3 4312 4311 4313
3 4312 4313 4314
3 4314 4313 3939
3 4314 3939 4315
3 4314 4315 4317
3 4314 4317 4316
3 4312 4314 4316
3 4312 4316 4319
3 4317 4327 4318
3 4317 4318 4316
3 4321 4319 4316
3 4321 4316 4318
3 4310 4312 4319
3 4310 4319 4320
3 3976 4320 4319
3 3976 4319 4321
3 4321 4318 3970
3 4321 3970 3972
3 4310 4320 4322
3 4310 4322 4324
3 3978 4322 4320
3 3978 4320 3976
3 4323 4322 3978
3 4323 3978 3980
3 4323 4325 4324
3 4323 4324 4322
3 4304 4324 4325
3 4304 4325 4302
3 4326 4325 4323
3 4326 4323 3986
3 4326 4300 4302
3 4326 4302 4325
3 4331 4300 4326
3 4331 4326 3990
3 3970 4318 4327
3 3970 4327 3968
3 4317 4330 4328
3 4317 4328 4327
3 4328 3966 3968
3 4328 3968 4327
3 4328 4329 3964
3 4328 3964 3966
3 4328 4330 3945
3 4328 3945 4329
3 4317 4315 3942
3 4317 3942 4330
3 3964 4329 3948
3 3964 3948 3962
3 4292 3928 4307
3 4292 4307 4305
3 4307 3928 3930
3 4307 3930 3935
3 4333 4299 4331
3 4333 4331 4332
3 4331 3990 3992
3 4331 3992 4332
3 4333 4332 4334
3 4333 4334 4336
3 3994 4334 4332
3 3994 4332 3992
3 4335 4334 3994
3 4335 3994 4503
3 4335 4337 4336
3 4335 4336 4334
3 4338 4341 4333
3 4338 4333 4336
3 4338 4336 4337
3 4338 4337 4340
3 4339 4338 4340
3 4339 4340 4510
3 4339 4342 4341
3 4339 4341 4338
3 4295 4297 4341
3 4295 4341 4342
3 4333 4341 4297
3 4333 4297 4299
3 4344 4295 4342
3 4344 4342 4343
3 4345 4343 4342
3 4345 4342 4339
3 4349 4344 4343
3 4349 4343 4346
3 4347 4346 4343
3 4347 4343 4345
3 4347 4356 4348
3 4347 4348 4346
3 4350 4349 4346
3 4350 4346 4348
3 4350 4286 4288
3 4350 4288 4349
3 4349 4288 4290
3 4349 4290 4344
3 4352 4351 4350
3 4352 4350 4348
3 4350 4351 4280
3 4350 4280 4286
3 4352 4353 4276
3 4352 4276 4351
3 4355 4353 4352
3 4355 4352 4354
3 4352 4348 4356
3 4352 4356 4354
3 4355 4354 4357
3 4355 4357 4359
3 4358 4357 4354
3 4358 4354 4356
3 4360 4357 4358
3 4360 4358 4363
3 4360 4362 4359
3 4360 4359 4357
3 4588 4362 4360
3 4588 4360 4361
3 4360 4363 4365
3 4360 4365 4361
3 4358 4512 4364
3 4358 4364 4363
3 4366 4365 4363
3 4366 4363 4364
3 4367 4365 4366
3 4367 4366 4370
3 4367 4369 4361
3 4367 4361 4365
3 4594 4369 4367
3 4594 4367 4368
3 4367 4370 4372
3 4367 4372 4368
3 4366 4513 4371
3 4366 4371 4370
3 4371 4373 4372
3 4371 4372 4370
3 4372 4374 4377
3 4372 4377 4368
3 4372 4373 4376
3 4372 4376 4374
3 4484 4375 4374
3 4484 4374 4376
3 4377 4374 4375
3 4377 4375 4379
3 4594 4368 4377
3 4594 4377 4378
3 4377 4379 4381
3 4377 4381 4378
3 4481 4380 4379
3 4481 4379 4375
3 4381 4379 4380
3 4381 4380 4383
3 4595 4378 4381
3 4595 4381 4382
3 4381 4383 4385
3 4381 4385 4382
3 4478 4384 4383
3 4478 4383 4380
3 4385 4383 4384
3 4385 4384 4387
3 4598 4382 4385
3 4598 4385 4386
3 4385 4387 4389
3 4385 4389 4386
3 4475 4388 4387
3 4475 4387 4384
3 4389 4387 4388
3 4389 4388 4391
3 4601 4386 4389
3 4601 4389 4390
3 4389 4391 4393
3 4389 4393 4390
3 4472 4392 4391
3 4472 4391 4388
3 4393 4391 4392
3 4393 4392 4395
3 4604 4390 4393
3 4604 4393 4394
3 4393 4395 4397
3 4393 4397 4394
3 4469 4396 4395
3 4469 4395 4392
3 4397 4395 4396
3 4397 4396 4399
3 4607 4394 4397
3 4607 4397 4398
3 4397 4399 4401
3 4397 4401 4398
3 4466 4400 4399
3 4466 4399 4396
3 4401 4399 4400
3 4401 4400 4403
3 4610 4398 4401
3 4610 4401 4402
3 4401 4403 4405
3 4401 4405 4402
3 4463 4404 4403
3 4463 4403 4400
3 4405 4403 4404
3 4405 4404 4407
3 4613 4402 4405
3 4613 4405 4406
3 4405 4407 4409
3 4405 4409 4406
3 4460 4408 4407
3 4460 4407 4404
3 4409 4407 4408
3 4409 4408 4411
3 4616 4406 4409
3 4616 4409 4410
3 4409 4411 4413
3 4409 4413 4410
3 4457 4412 4411
3 4457 4411 4408
3 4413 4411 4412
3 4413 4412 4415
3 4619 4410 4413
3 4619 4413 4414
3 4413 4415 4417
3 4413 4417 4414
3 4454 4416 4415
3 4454 4415 4412
3 4417 4415 4416
3 4417 4416 4419
3 4622 4414 4417
3 4622 4417 4418
3 4417 4419 4421
3 4417 4421 4418
3 4451 4420 4419
3 4451 4419 4416
3 4421 4419 4420
3 4421 4420 4423
3 4625 4418 4421
3 4625 4421 4422
3 4421 4423 4425
3 4421 4425 4422
3 4448 4424 4423
3 4448 4423 4420
3 4425 4423 4424
3 4425 4424 4427
3 4628 4422 4425
3 4628 4425 4426
3 4425 4427 4429
3 4425 4429 4426
3 4445 4428 4427
3 4445 4427 4424
3 4429 4427 4428
3 4429 4428 4431
3 4631 4426 4429
3 4631 4429 4430
3 4429 4431 4433
3 4429 4433 4430
3 4432 4435 4433
3 4432 4433 4431
3 4442 4432 4431
3 4442 4431 4428
3 4435 4436 4434
3 4435 4434 4433
3 4434 4634 4430
3 4434 4430 4433
3 4435 4437 4438
3 4435 4438 4436
3 4432 4439 4437
3 4432 4437 4435
3 4098 4101 4437
3 4098 4437 4439
3 4101 4104 4438
3 4101 4438 4437
3 4098 4439 4440
3 4098 4440 4095
3 4442 4440 4439
3 4442 4439 4432
3 4442 4443 4441
3 4442 4441 4440
3 4441 4089 4095
3 4441 4095 4440
3 4445 4443 4442
3 4445 4442 4428
3 4445 4446 4444
3 4445 4444 4443
3 4441 4443 4444
3 4441 4444 4085
3 4448 4446 4445
3 4448 4445 4424
3 4448 4449 4447
3 4448 4447 4446
3 4081 4444 4446
3 4081 4446 4447
3 4451 4449 4448
3 4451 4448 4420
3 4451 4452 4450
3 4451 4450 4449
3 4077 4447 4449
3 4077 4449 4450
3 4454 4452 4451
3 4454 4451 4416
3 4454 4455 4453
3 4454 4453 4452
3 4073 4450 4452
3 4073 4452 4453
3 4457 4455 4454
3 4457 4454 4412
3 4457 4458 4456
3 4457 4456 4455
3 4069 4453 4455
3 4069 4455 4456
3 4460 4458 4457
3 4460 4457 4408
3 4460 4461 4459
3 4460 4459 4458
3 4065 4456 4458
3 4065 4458 4459
3 4463 4461 4460
3 4463 4460 4404
3 4463 4464 4462
3 4463 4462 4461
3 4061 4459 4461
3 4061 4461 4462
3 4466 4464 4463
3 4466 4463 4400
3 4466 4467 4465
3 4466 4465 4464
3 4057 4462 4464
3 4057 4464 4465
3 4469 4467 4466
3 4469 4466 4396
3 4469 4470 4468
3 4469 4468 4467
3 4053 4465 4467
3 4053 4467 4468
3 4472 4470 4469
3 4472 4469 4392
3 4472 4473 4471
3 4472 4471 4470
3 4049 4468 4470
3 4049 4470 4471
3 4475 4473 4472
3 4475 4472 4388
3 4475 4476 4474
3 4475 4474 4473
3 4045 4471 4473
3 4045 4473 4474
3 4478 4476 4475
3 4478 4475 4384
3 4478 4479 4477
3 4478 4477 4476
3 4041 4474 4476
3 4041 4476 4477
3 4481 4479 4478
3 4481 4478 4380
3 4481 4482 4480
3 4481 4480 4479
3 4037 4477 4479
3 4037 4479 4480
3 4484 4482 4481
3 4484 4481 4375
3 4484 4485 4483
3 4484 4483 4482
3 4033 4480 4482
3 4033 4482 4483
3 4487 4485 4484
3 4487 4484 4376
3 4487 4489 4486
3 4487 4486 4485
3 4029 4483 4485
3 4029 4485 4486
3 4487 4376 4373
3 4487 4373 4488
3 4491 4489 4487
3 4491 4487 4488
3 4491 4493 4490
3 4491 4490 4489
3 4025 4486 4489
3 4025 4489 4490
3 4491 4488 4514
3 4491 4514 4492
3 4495 4493 4491
3 4495 4491 4492
3 4495 4497 4494
3 4495 4494 4493
3 4021 4490 4493
3 4021 4493 4494
3 4495 4492 4506
3 4495 4506 4496
3 4499 4497 4495
3 4499 4495 4496
3 4499 4501 4498
3 4499 4498 4497
3 4017 4494 4497
3 4017 4497 4498
3 4499 4496 4504
3 4499 4504 4500
3 4502 4501 4499
3 4502 4499 4500
3 4502 4002 4005
3 4502 4005 4501
3 4016 4498 4501
3 4016 4501 4005
3 3995 4002 4502
3 3995 4502 4503
3 4502 4500 4335
3 4502 4335 4503
3 4504 4337 4335
3 4504 4335 4500
3 4505 4340 4337
3 4505 4337 4504
3 4505 4504 4496
3 4505 4496 4506
3 4507 4505 4506
3 4507 4506 4508
3 4507 4510 4340
3 4507 4340 4505
3 4509 4507 4508
3 4509 4508 4513
3 4509 4511 4510
3 4509 4510 4507
3 4345 4339 4510
3 4345 4510 4511
3 4347 4345 4511
3 4347 4511 4512
3 4509 4364 4512
3 4509 4512 4511
3 4358 4356 4347
3 4358 4347 4512
3 4366 4364 4509
3 4366 4509 4513
3 4508 4514 4371
3 4508 4371 4513
3 4508 4506 4492
3 4508 4492 4514
3 4371 4514 4488
3 4371 4488 4373
3 4104 4107 4515
3 4104 4515 4438
3 4515 4516 4436
3 4515 4436 4438
3 4515 4107 4111
3 4515 4111 4517
3 4515 4517 4518
3 4515 4518 4516
3 4518 4517 4116
3 4518 4116 4520
3 4518 4519 4637
3 4518 4637 4516
3 4518 4520 4521
3 4518 4521 4519
3 4520 4522 4523
3 4520 4523 4521
3 4520 4116 4118
3 4520 4118 4522
3 4522 4524 4525
3 4522 4525 4523
3 4522 4118 4120
3 4522 4120 4524
3 4524 4526 4528
3 4524 4528 4525
3 4524 4120 4123
3 4524 4123 4526
3 4529 4528 4526
3 4529 4526 4527
3 4526 4123 4126
3 4526 4126 4527
3 4529 4531 4530
3 4529 4530 4528
3 4530 4532 4525
3 4530 4525 4528
3 4530 4531 4196
3 4530 4196 4533
3 4530 4533 4534
3 4530 4534 4532
3 4534 4533 4200
3 4534 4200 4536
3 4534 4535 4641
3 4534 4641 4532
3 4534 4536 4537
3 4534 4537 4535
3 4537 4536 4204
3 4537 4204 4539
3 4537 4538 4640
3 4537 4640 4535
3 4537 4539 4540
3 4537 4540 4538
3 4540 4539 4208
3 4540 4208 4542
3 4540 4541 4642
3 4540 4642 4538
3 4540 4542 4543
3 4540 4543 4541
3 4543 4542 4212
3 4543 4212 4545
3 4543 4544 4644
3 4543 4644 4541
3 4543 4545 4546
3 4543 4546 4544
3 4546 4545 4216
3 4546 4216 4548
3 4546 4547 4646
3 4546 4646 4544
3 4546 4548 4549
3 4546 4549 4547
3 4549 4548 4220
3 4549 4220 4551
3 4549 4550 4648
3 4549 4648 4547
3 4549 4551 4552
3 4549 4552 4550
3 4552 4551 4224
3 4552 4224 4554
3 4552 4553 4650
3 4552 4650 4550
3 4552 4554 4555
3 4552 4555 4553
3 4555 4554 4228
3 4555 4228 4557
3 4555 4556 4652
3 4555 4652 4553
3 4555 4557 4558
3 4555 4558 4556
3 4558 4557 4232
3 4558 4232 4560
3 4558 4559 4654
3 4558 4654 4556
3 4558 4560 4561
3 4558 4561 4559
3 4561 4560 4236
3 4561 4236 4563
3 4561 4562 4656
3 4561 4656 4559
3 4561 4563 4564
3 4561 4564 4562
3 4564 4563 4240
3 4564 4240 4566
3 4564 4565 4658
3 4564 4658 4562
3 4564 4566 4567
3 4564 4567 4565
3 4567 4566 4244
3 4567 4244 4569
3 4567 4568 4660
3 4567 4660 4565
3 4567 4569 4570
3 4567 4570 4568
3 4570 4569 4248
3 4570 4248 4572
3 4570 4571 4662
3 4570 4662 4568
3 4570 4572 4573
3 4570 4573 4571
3 4573 4572 4252
3 4573 4252 4575
3 4573 4574 4664
3 4573 4664 4571
3 4573 4575 4576
3 4573 4576 4574
3 4576 4575 4256
3 4576 4256 4578
3 4576 4577 4666
3 4576 4666 4574
3 4576 4578 4579
3 4576 4579 4577
3 4579 4578 4260
3 4579 4260 4581
3 4579 4580 4591
3 4579 4591 4577
3 4579 4581 4582
3 4579 4582 4580
3 4582 4581 4264
3 4582 4264 4584
3 4582 4583 4587
3 4582 4587 4580
3 4582 4584 4585
3 4582 4585 4583
3 4585 4584 4268
3 4585 4268 4586
3 4585 4359 4362
3 4585 4362 4583
3 4585 4586 4355
3 4585 4355 4359
3 4355 4586 4272
3 4355 4272 4353
3 4588 4587 4583
3 4588 4583 4362
3 4589 4587 4588
3 4589 4588 4592
3 4589 4591 4580
3 4589 4580 4587
3 4667 4591 4589
3 4667 4589 4590
3 4589 4592 4593
3 4589 4593 4590
3 4588 4361 4369
3 4588 4369 4592
3 4594 4593 4592
3 4594 4592 4369
3 4595 4593 4594
3 4595 4594 4378
3 4595 4596 4590
3 4595 4590 4593
3 4598 4596 4595
3 4598 4595 4382
3 4667 4590 4596
3 4667 4596 4597
3 4598 4599 4597
3 4598 4597 4596
3 4601 4599 4598
3 4601 4598 4386
3 4665 4597 4599
3 4665 4599 4600
3 4601 4602 4600
3 4601 4600 4599
3 4604 4602 4601
3 4604 4601 4390
3 4663 4600 4602
3 4663 4602 4603
3 4604 4605 4603
3 4604 4603 4602
3 4607 4605 4604
3 4607 4604 4394
3 4661 4603 4605
3 4661 4605 4606
3 4607 4608 4606
3 4607 4606 4605
3 4610 4608 4607
3 4610 4607 4398
3 4659 4606 4608
3 4659 4608 4609
3 4610 4611 4609
3 4610 4609 4608
3 4613 4611 4610
3 4613 4610 4402
3 4657 4609 4611
3 4657 4611 4612
3 4613 4614 4612
3 4613 4612 4611
3 4616 4614 4613
3 4616 4613 4406
3 4655 4612 4614
3 4655 4614 4615
3 4616 4617 4615
3 4616 4615 4614
3 4619 4617 4616
3 4619 4616 4410
3 4653 4615 4617
3 4653 4617 4618
3 4619 4620 4618
3 4619 4618 4617
3 4622 4620 4619
3 4622 4619 4414
3 4651 4618 4620
3 4651 4620 4621
3 4622 4623 4621
3 4622 4621 4620
3 4625 4623 4622
3 4625 4622 4418
3 4649 4621 4623
3 4649 4623 4624
3 4625 4626 4624
3 4625 4624 4623
3 4628 4626 4625
3 4628 4625 4422
3 4647 4624 4626
3 4647 4626 4627
3 4628 4629 4627
3 4628 4627 4626
3 4631 4629 4628
3 4631 4628 4426
3 4645 4627 4629
3 4645 4629 4630
3 4631 4632 4630
3 4631 4630 4629
3 4634 4632 4631
3 4634 4631 4430
3 4643 4630 4632
3 4643 4632 4633
3 4634 4635 4633
3 4634 4633 4632
3 4434 4637 4635
3 4434 4635 4634
3 4638 4633 4635
3 4638 4635 4636
3 4635 4637 4519
3 4635 4519 4636
3 4434 4436 4516
3 4434 4516 4637
3 4639 4640 4638
3 4639 4638 4636
3 4639 4636 4519
3 4639 4519 4521
3 4639 4641 4535
3 4639 4535 4640
3 4523 4641 4639
3 4523 4639 4521
3 4523 4525 4532
3 4523 4532 4641
3 4638 4640 4538
3 4638 4538 4642
3 4638 4642 4643
3 4638 4643 4633
3 4643 4642 4541
3 4643 4541 4644
3 4643 4644 4645
3 4643 4645 4630
3 4645 4644 4544
3 4645 4544 4646
3 4645 4646 4647
3 4645 4647 4627
3 4647 4646 4547
3 4647 4547 4648
3 4647 4648 4649
3 4647 4649 4624
3 4649 4648 4550
3 4649 4550 4650
3 4649 4650 4651
3 4649 4651 4621
3 4651 4650 4553
3 4651 4553 4652
3 4651 4652 4653
3 4651 4653 4618
3 4653 4652 4556
3 4653 4556 4654
3 4653 4654 4655
3 4653 4655 4615
3 4655 4654 4559
3 4655 4559 4656
3 4655 4656 4657
3 4655 4657 4612
3 4657 4656 4562
3 4657 4562 4658
3 4657 4658 4659
3 4657 4659 4609
3 4659 4658 4565
3 4659 4565 4660
3 4659 4660 4661
3 4659 4661 4606
3 4661 4660 4568
3 4661 4568 4662
3 4661 4662 4663
3 4661 4663 4603
3 4663 4662 4571
3 4663 4571 4664
3 4663 4664 4665
3 4663 4665 4600
3 4665 4664 4574
3 4665 4574 4666
3 4665 4666 4667
3 4665 4667 4597
3 4667 4666 4577
3 4667 4577 4591
3 4529 4668 4192
3 4529 4192 4531
3 4669 4668 4529
3 4669 4529 4527
3 4669 4670 4188
3 4669 4188 4668
3 4669 4527 4126
3 4669 4126 4129
3 4133 4670 4669
3 4133 4669 4129
3 4133 4135 4184
3 4133 4184 4670
3 4671 3913 3916
3 4671 3916 4282
3 4671 4672 4674
3 4671 4674 3913
3 4675 4672 4671
3 4675 4671 4278
3 4909 4674 4672
3 4909 4672 4673
3 4675 4676 4673
3 4675 4673 4672
3 4678 4676 4675
3 4678 4675 4274
3 4906 4673 4676
3 4906 4676 4677
3 4678 4679 4677
3 4678 4677 4676
3 4681 4679 4678
3 4681 4678 4270
3 4903 4677 4679
3 4903 4679 4680
3 4681 4682 4680
3 4681 4680 4679
3 4684 4682 4681
3 4684 4681 4266
3 4900 4680 4682
3 4900 4682 4683
3 4684 4685 4683
3 4684 4683 4682
3 4687 4685 4684
3 4687 4684 4262
3 4897 4683 4685
3 4897 4685 4686
3 4687 4688 4686
3 4687 4686 4685
3 4690 4688 4687
3 4690 4687 4258
3 4894 4686 4688
3 4894 4688 4689
3 4690 4691 4689
3 4690 4689 4688
3 4693 4691 4690
3 4693 4690 4254
3 4891 4689 4691
3 4891 4691 4692
3 4693 4694 4692
3 4693 4692 4691
3 4696 4694 4693
3 4696 4693 4250
3 4888 4692 4694
3 4888 4694 4695
3 4696 4697 4695
3 4696 4695 4694
3 4699 4697 4696
3 4699 4696 4246
3 4885 4695 4697
3 4885 4697 4698
3 4699 4700 4698
3 4699 4698 4697
3 4702 4700 4699
3 4702 4699 4242
3 4882 4698 4700
3 4882 4700 4701
3 4702 4703 4701
3 4702 4701 4700
3 4705 4703 4702
3 4705 4702 4238
3 4879 4701 4703
3 4879 4703 4704
3 4705 4706 4704
3 4705 4704 4703
3 4708 4706 4705
3 4708 4705 4234
3 4876 4704 4706
3 4876 4706 4707
3 4708 4709 4707
3 4708 4707 4706
3 4711 4709 4708
3 4711 4708 4230
3 4873 4707 4709
3 4873 4709 4710
3 4711 4712 4710
3 4711 4710 4709
3 4714 4712 4711
3 4714 4711 4226
3 4870 4710 4712
3 4870 4712 4713
3 4714 4715 4713
3 4714 4713 4712
3 4717 4715 4714
3 4717 4714 4222
3 4867 4713 4715
3 4867 4715 4716
3 4717 4718 4716
3 4717 4716 4715
3 4720 4718 4717
3 4720 4717 4218
3 4864 4716 4718
3 4864 4718 4719
3 4720 4721 4719
3 4720 4719 4718
3 4723 4721 4720
3 4723 4720 4214
3 4861 4719 4721
3 4861 4721 4722
3 4723 4724 4722
3 4723 4722 4721
3 4726 4724 4723
3 4726 4723 4210
3 4858 4722 4724
3 4858 4724 4725
3 4726 4727 4725
3 4726 4725 4724
3 4729 4727 4726
3 4729 4726 4206
3 4855 4725 4727
3 4855 4727 4728
3 4729 4730 4728
3 4729 4728 4727
3 4732 4730 4729
3 4732 4729 4202
3 4852 4728 4730
3 4852 4730 4731
3 4732 4733 4731
3 4732 4731 4730
3 4735 4733 4732
3 4735 4732 4198
3 4849 4731 4733
3 4849 4733 4734
3 4735 4736 4734
3 4735 4734 4733
3 4738 4736 4735
3 4738 4735 4194
3 4846 4734 4736
3 4846 4736 4737
3 4738 4739 4737
3 4738 4737 4736
3 4741 4739 4738
3 4741 4738 4190
3 4843 4737 4739
3 4843 4739 4740
3 4741 4742 4740
3 4741 4740 4739
3 4744 4742 4741
3 4744 4741 4186
3 4840 4740 4742
3 4840 4742 4743
3 4744 4745 4743
3 4744 4743 4742
3 4747 4745 4744
3 4747 4744 4182
3 4837 4743 4745
3 4837 4745 4746
3 4747 4748 4746
3 4747 4746 4745
3 4750 4748 4747
3 4750 4747 4179
3 4834 4746 4748
3 4834 4748 4749
3 4750 4751 4749
3 4750 4749 4748
3 4753 4751 4750
3 4753 4750 4176
3 4831 4749 4751
3 4831 4751 4752
3 4753 4754 4752
3 4753 4752 4751
3 4756 4754 4753
3 4756 4753 4173
3 4828 4752 4754
3 4828 4754 4755
3 4756 4757 4755
3 4756 4755 4754
3 4759 4757 4756
3 4759 4756 4170
3 4825 4755 4757
3 4825 4757 4758
3 4759 4760 4758
3 4759 4758 4757
3 4762 4760 4759
3 4762 4759 4167
3 4822 4758 4760
3 4822 4760 4761
3 4762 4763 4761
3 4762 4761 4760
3 4765 4763 4762
3 4765 4762 4166
3 4819 4761 4763
3 4819 4763 4764
3 4765 4767 4764
3 4765 4764 4763
3 4769 4767 4765
3 4769 4765 4766
3 4765 4166 4164
3 4765 4164 4766
3 4816 4764 4767
3 4816 4767 4768
3 4769 4771 4768
3 4769 4768 4767
3 4773 4771 4769
3 4773 4769 4770
3 4769 4766 5635
3 4769 5635 4770
3 4813 4768 4771
3 4813 4771 4772
3 4773 4775 4772
3 4773 4772 4771
3 4777 4775 4773
3 4777 4773 4774
3 4773 4770 5632
3 4773 5632 4774
3 4810 4772 4775
3 4810 4775 4776
3 4777 4779 4776
3 4777 4776 4775
3 5633 4778 4777
3 5633 4777 4774
3 4778 4781 4779
3 4778 4779 4777
3 4807 4776 4779
3 4807 4779 4780
3 4781 4783 4780
3 4781 4780 4779
3 4778 5638 4782
3 4778 4782 4781
3 4782 4785 4783
3 4782 4783 4781
3 4804 4780 4783
3 4804 4783 4784
3 4785 4787 4784
3 4785 4784 4783
3 4782 5641 4786
3 4782 4786 4785
3 4786 4789 4787
3 4786 4787 4785
3 4801 4784 4787
3 4801 4787 4788
3 4789 4791 4788
3 4789 4788 4787
3 4786 5643 4790
3 4786 4790 4789
3 4789 4790 4792
3 4789 4792 4791
3 4794 4793 4791
3 4794 4791 4792
3 4793 4796 4788
3 4793 4788 4791
3 4794 5657 4795
3 4794 4795 4793
3 4793 4795 4797
3 4793 4797 4796
3 4796 4798 4801
3 4796 4801 4788
3 4796 4797 4799
3 4796 4799 4798
3 5446 4800 4798
3 5446 4798 4799
3 4801 4798 4800
3 4801 4800 4802
3 4801 4802 4804
3 4801 4804 4784
3 5443 4803 4802
3 5443 4802 4800
3 4804 4802 4803
3 4804 4803 4805
3 4804 4805 4807
3 4804 4807 4780
3 5440 4806 4805
3 5440 4805 4803
3 4807 4805 4806
3 4807 4806 4808
3 4807 4808 4810
3 4807 4810 4776
3 5437 4809 4808
3 5437 4808 4806
3 4810 4808 4809
3 4810 4809 4811
3 4810 4811 4813
3 4810 4813 4772
3 5434 4812 4811
3 5434 4811 4809
3 4813 4811 4812
3 4813 4812 4814
3 4813 4814 4816
3 4813 4816 4768
3 5431 4815 4814
3 5431 4814 4812
3 4816 4814 4815
3 4816 4815 4817
3 4816 4817 4819
3 4816 4819 4764
3 5428 4818 4817
3 5428 4817 4815
3 4819 4817 4818
3 4819 4818 4820
3 4819 4820 4822
3 4819 4822 4761
3 5425 4821 4820
3 5425 4820 4818
3 4822 4820 4821
3 4822 4821 4823
3 4822 4823 4825
3 4822 4825 4758
3 5422 4824 4823
3 5422 4823 4821
3 4825 4823 4824
3 4825 4824 4826
3 4825 4826 4828
3 4825 4828 4755
3 5419 4827 4826
3 5419 4826 4824
3 4828 4826 4827
3 4828 4827 4829
3 4828 4829 4831
3 4828 4831 4752
3 5416 4830 4829
3 5416 4829 4827
3 4831 4829 4830
3 4831 4830 4832
3 4831 4832 4834
3 4831 4834 4749
3 5413 4833 4832
3 5413 4832 4830
3 4834 4832 4833
3 4834 4833 4835
3 4834 4835 4837
3 4834 4837 4746
3 5410 4836 4835
3 5410 4835 4833
3 4837 4835 4836
3 4837 4836 4838
3 4837 4838 4840
3 4837 4840 4743
3 5407 4839 4838
3 5407 4838 4836
3 4840 4838 4839
3 4840 4839 4841
3 4840 4841 4843
3 4840 4843 4740
3 5404 4842 4841
3 5404 4841 4839
3 4843 4841 4842
3 4843 4842 4844
3 4843 4844 4846
3 4843 4846 4737
3 5401 4845 4844
3 5401 4844 4842
3 4846 4844 4845
3 4846 4845 4847
3 4846 4847 4849
3 4846 4849 4734
3 5398 4848 4847
3 5398 4847 4845
3 4849 4847 4848
3 4849 4848 4850
3 4849 4850 4852
3 4849 4852 4731
3 5395 4851 4850
3 5395 4850 4848
3 4852 4850 4851
3 4852 4851 4853
3 4852 4853 4855
3 4852 4855 4728
3 5392 4854 4853
3 5392 4853 4851
3 4855 4853 4854
3 4855 4854 4856
3 4855 4856 4858
3 4855 4858 4725
3 5389 4857 4856
3 5389 4856 4854
3 4858 4856 4857
3 4858 4857 4859
3 4858 4859 4861
3 4858 4861 4722
3 5386 4860 4859
3 5386 4859 4857
3 4861 4859 4860
3 4861 4860 4862
3 4861 4862 4864
3 4861 4864 4719
3 5383 4863 4862
3 5383 4862 4860
3 4864 4862 4863
3 4864 4863 4865
3 4864 4865 4867
3 4864 4867 4716
3 5380 4866 4865
3 5380 4865 4863
3 4867 4865 4866
3 4867 4866 4868
3 4867 4868 4870
3 4867 4870 4713
3 5377 4869 4868
3 5377 4868 4866
3 4870 4868 4869
3 4870 4869 4871
3 4870 4871 4873
3 4870 4873 4710
3 5374 4872 4871
3 5374 4871 4869
3 4873 4871 4872
3 4873 4872 4874
3 4873 4874 4876
3 4873 4876 4707
3 5371 4875 4874
3 5371 4874 4872
3 4876 4874 4875
3 4876 4875 4877
3 4876 4877 4879
3 4876 4879 4704
3 5368 4878 4877
3 5368 4877 4875
3 4879 4877 4878
3 4879 4878 4880
3 4879 4880 4882
3 4879 4882 4701
3 5365 4881 4880
3 5365 4880 4878
3 4882 4880 4881
3 4882 4881 4883
3 4882 4883 4885
3 4882 4885 4698
3 5362 4884 4883
3 5362 4883 4881
3 4885 4883 4884
3 4885 4884 4886
3 4885 4886 4888
3 4885 4888 4695
3 5361 4887 4886
3 5361 4886 4884
3 4888 4886 4887
3 4888 4887 4889
3 4888 4889 4891
3 4888 4891 4692
3 5360 4890 4889
3 5360 4889 4887
3 4891 4889 4890
3 4891 4890 4892
3 4891 4892 4894
3 4891 4894 4689
3 5359 4893 4892
3 5359 4892 4890
3 4894 4892 4893
3 4894 4893 4895
3 4894 4895 4897
3 4894 4897 4686
3 5358 4896 4895
3 5358 4895 4893
3 4897 4895 4896
3 4897 4896 4898
3 4897 4898 4900
3 4897 4900 4683
3 5357 4899 4898
3 5357 4898 4896
3 4900 4898 4899
3 4900 4899 4901
3 4900 4901 4903
3 4900 4903 4680
3 5356 4902 4901
3 5356 4901 4899
3 4903 4901 4902
3 4903 4902 4904
3 4903 4904 4906
3 4903 4906 4677
3 5355 4905 4904
3 5355 4904 4902
3 4906 4904 4905
3 4906 4905 4907
3 4906 4907 4909
3 4906 4909 4673
3 4917 4908 4907
3 4917 4907 4905
3 4909 4907 4908
3 4909 4908 4910
3 4909 4910 3914
3 4909 3914 4674
3 4913 4911 4910
3 4913 4910 4908
3 3914 4910 4911
3 3914 4911 3911
3 4912 3908 3911
3 4912 3911 4911
3 4912 4911 4913
3 4912 4913 4914
3 4913 4915 4916
3 4913 4916 4914
3 4913 4908 4917
3 4913 4917 4915
3 4918 4921 4916
3 4918 4916 4915
3 4917 4919 4918
3 4917 4918 4915
3 5336 4920 4918
3 5336 4918 4919
3 4918 4920 4922
3 4918 4922 4921
3 4924 4923 4921
3 4924 4921 4922
3 4916 4921 4923
3 4916 4923 4926
3 4924 6038 4925
3 4924 4925 4923
3 4925 4928 4926
3 4925 4926 4923
3 4916 4926 4927
3 4916 4927 4914
3 4927 4926 4928
3 4927 4928 4929
3 4930 4931 4929
3 4930 4929 4928
3 4925 4932 4930
3 4925 4930 4928
3 4930 4933 4936
3 4930 4936 4931
3 4930 4932 4934
3 4930 4934 4933
3 4956 4935 4933
3 4956 4933 4934
3 4933 4935 4937
3 4933 4937 4936
3 4931 4936 4938
3 4931 4938 4939
3 4940 4938 4936
3 4940 4936 4937
3 4939 4938 4941
3 4939 4941 4942
3 4940 4943 4941
3 4940 4941 4938
3 4942 4941 4944
3 4942 4944 4945
3 4944 4941 4943
3 4944 4943 4946
3 4945 4944 4947
3 4945 4947 4948
3 4949 4947 4944
3 4949 4944 4946
3 3572 3570 4948
3 3572 4948 4947
3 3572 4947 4949
3 3572 4949 3574
3 4949 4950 3576
3 4949 3576 3574
3 4949 4946 4951
3 4949 4951 4950
3 4951 4953 3581
3 4951 3581 4950
3 4951 4946 4943
3 4951 4943 4952
3 4951 4952 4954
3 4951 4954 4953
3 4954 4955 3585
3 4954 3585 4953
3 4954 4952 4937
3 4954 4937 4935
3 4954 4935 4956
3 4954 4956 4955
3 4956 4957 3589
3 4956 3589 4955
3 4956 4934 4958
3 4956 4958 4957
3 4958 4960 3593
3 4958 3593 4957
3 4958 4934 4932
3 4958 4932 4959
3 4958 4959 4961
3 4958 4961 4960
3 4961 4963 3597
3 4961 3597 4960
3 4961 4959 6038
3 4961 6038 4962
3 4961 4962 4964
3 4961 4964 4963
3 4964 4966 3601
3 4964 3601 4963
3 4964 4962 5354
3 4964 5354 4965
3 4964 4965 4967
3 4964 4967 4966
3 4967 4969 3605
3 4967 3605 4966
3 4967 4965 5339
3 4967 5339 4968
3 4967 4968 4970
3 4967 4970 4969
3 4970 4972 3609
3 4970 3609 4969
3 4970 4968 5340
3 4970 5340 4971
3 4970 4971 4973
3 4970 4973 4972
3 4973 4975 3613
3 4973 3613 4972
3 4973 4971 5342
3 4973 5342 4974
3 4973 4974 4976
3 4973 4976 4975
3 3615 3613 4975
3 3615 4975 4977
3 4976 4978 4977
3 4976 4977 4975
3 3620 4977 4978
3 3620 4978 4980
3 4979 4981 4980
3 4979 4980 4978
3 4976 5345 4979
3 4976 4979 4978
3 3624 4980 4981
3 3624 4981 4983
3 4982 4984 4983
3 4982 4983 4981
3 4979 5348 4982
3 4979 4982 4981
3 3628 4983 4984
3 3628 4984 4986
3 4985 4987 4986
3 4985 4986 4984
3 4982 5351 4985
3 4982 4985 4984
3 3632 4986 4987
3 3632 4987 4989
3 4988 4990 4989
3 4988 4989 4987
3 4985 5303 4988
3 4985 4988 4987
3 3632 4989 4991
3 3632 4991 3634
3 4991 4989 4990
3 4991 4990 4992
3 4991 4992 4994
3 4991 4994 3639
3 5299 4993 4992
3 5299 4992 4990
3 4994 4992 4993
3 4994 4993 4995
3 4994 4995 4997
3 4994 4997 3643
3 5296 4996 4995
3 5296 4995 4993
3 4997 4995 4996
3 4997 4996 4998
3 4997 4998 5000
3 4997 5000 3647
3 5293 4999 4998
3 5293 4998 4996
3 5000 4998 4999
3 5000 4999 5001
3 5000 5001 5003
3 5000 5003 3651
3 5290 5002 5001
3 5290 5001 4999
3 5003 5001 5002
3 5003 5002 5004
3 5003 5005 3653
3 5003 3653 3651
3 5003 5004 5006
3 5003 5006 5005
3 3656 3653 5005
3 3656 5005 5007
3 5006 5008 5007
3 5006 5007 5005
3 3656 5007 5009
3 3656 5009 3659
3 5009 5007 5008
3 5009 5008 5010
3 5009 5011 3662
3 5009 3662 3659
3 5009 5010 5012
3 5009 5012 5011
3 3665 3662 5011
3 3665 5011 5013
3 5012 5014 5013
3 5012 5013 5011
3 3665 5013 5015
3 3665 5015 3668
3 5015 5013 5014
3 5015 5014 5016
3 5015 5017 3671
3 5015 3671 3668
3 5015 5016 5018
3 5015 5018 5017
3 3674 3671 5017
3 3674 5017 5019
3 5018 5020 5019
3 5018 5019 5017
3 3674 5019 5021
3 3674 5021 3676
3 5021 5019 5020
3 5021 5020 5023
3 5021 5022 6026
3 5021 6026 3676
3 5021 5023 5025
3 5021 5025 5022
3 5958 5024 5023
3 5958 5023 5020
3 5025 5023 5024
3 5025 5024 5027
3 5025 5026 6023
3 5025 6023 5022
3 5025 5027 5029
3 5025 5029 5026
3 5960 5028 5027
3 5960 5027 5024
3 5029 5027 5028
3 5029 5028 5031
3 5029 5030 6020
3 5029 6020 5026
3 5029 5031 5033
3 5029 5033 5030
3 5962 5032 5031
3 5962 5031 5028
3 5033 5031 5032
3 5033 5032 5035
3 5033 5034 6015
3 5033 6015 5030
3 5033 5035 5037
3 5033 5037 5034
3 5964 5036 5035
3 5964 5035 5032
3 5037 5035 5036
3 5037 5036 5038
3 5037 4009 4007
3 5037 4007 5034
3 5037 5038 4011
3 5037 4011 4009
3 5040 5039 5038
3 5040 5038 5036
3 4011 5038 5039
3 4011 5039 5042
3 5040 5966 5041
3 5040 5041 5039
3 5041 5043 5042
3 5041 5042 5039
3 4012 5042 5043
3 4012 5043 5045
3 5041 5967 5044
3 5041 5044 5043
3 5044 5046 5045
3 5044 5045 5043
3 5047 5045 5046
3 5047 5046 5048
3 4012 5045 5047
3 4012 5047 4014
3 5047 5048 5050
3 5047 5050 4019
3 5969 5049 5048
3 5969 5048 5046
3 5050 5048 5049
3 5050 5049 5051
3 5050 5051 5053
3 5050 5053 4023
3 5971 5052 5051
3 5971 5051 5049
3 5053 5051 5052
3 5053 5052 5054
3 5053 5054 5056
3 5053 5056 4027
3 5973 5055 5054
3 5973 5054 5052
3 5056 5054 5055
3 5056 5055 5057
3 5056 5057 5059
3 5056 5059 4031
3 5975 5058 5057
3 5975 5057 5055
3 5059 5057 5058
3 5059 5058 5060
3 5059 5060 5062
3 5059 5062 4035
3 5977 5061 5060
3 5977 5060 5058
3 5062 5060 5061
3 5062 5061 5063
3 5062 5063 5065
3 5062 5065 4039
3 5979 5064 5063
3 5979 5063 5061
3 5065 5063 5064
3 5065 5064 5066
3 5065 5066 5068
3 5065 5068 4043
3 5981 5067 5066
3 5981 5066 5064
3 5068 5066 5067
3 5068 5067 5069
3 5068 5069 5071
3 5068 5071 4047
3 5983 5070 5069
3 5983 5069 5067
3 5071 5069 5070
3 5071 5070 5072
3 5071 5072 5074
3 5071 5074 4051
3 5985 5073 5072
3 5985 5072 5070
3 5074 5072 5073
3 5074 5073 5075
3 5074 5075 5077
3 5074 5077 4055
3 5987 5076 5075
3 5987 5075 5073
3 5077 5075 5076
3 5077 5076 5078
3 5077 5078 5080
3 5077 5080 4059
3 5989 5079 5078
3 5989 5078 5076
3 5080 5078 5079
3 5080 5079 5081
3 5080 5081 5083
3 5080 5083 4063
3 5991 5082 5081
3 5991 5081 5079
3 5083 5081 5082
3 5083 5082 5084
3 5083 5084 5086
3 5083 5086 4067
3 5993 5085 5084
3 5993 5084 5082
3 5086 5084 5085
3 5086 5085 5087
3 5086 5087 5089
3 5086 5089 4071
3 5995 5088 5087
3 5995 5087 5085
3 5089 5087 5088
3 5089 5088 5090
3 5089 5090 5092
3 5089 5092 4075
3 5997 5091 5090
3 5997 5090 5088
3 5092 5090 5091
3 5092 5091 5093
3 5092 5093 5095
3 5092 5095 4079
3 5999 5094 5093
3 5999 5093 5091
3 5095 5093 5094
3 5095 5094 5096
3 5095 5096 5098
3 5095 5098 4083
3 6001 5097 5096
3 6001 5096 5094
3 5098 5096 5097
3 5098 5097 5099
3 5098 5099 5101
3 5098 5101 4087
3 6003 5100 5099
3 6003 5099 5097
3 5101 5099 5100
3 5101 5100 5102
3 5101 5102 5104
3 5101 5104 4091
3 6005 5103 5102
3 6005 5102 5100
3 5104 5102 5103
3 5104 5103 5105
3 5104 5106 4093
3 5104 4093 4091
3 5104 5105 5107
3 5104 5107 5106
3 4093 5106 5108
3 4093 5108 4096
3 5109 5108 5106
3 5109 5106 5107
3 5110 4099 4096
3 5110 4096 5108
3 5109 5111 5110
3 5109 5110 5108
3 5110 5112 4102
3 5110 4102 4099
3 5110 5111 5113
3 5110 5113 5112
3 4102 5112 5114
3 4102 5114 4105
3 5115 5114 5112
3 5115 5112 5113
3 4105 5114 5116
3 4105 5116 4108
3 5115 5117 5116
3 5115 5116 5114
3 4108 5116 5118
3 4108 5118 4110
3 5117 5120 5118
3 5117 5118 5116
3 5119 4113 4110
3 5119 4110 5118
3 5120 5121 5119
3 5120 5119 5118
3 5120 5122 5125
3 5120 5125 5121
3 5117 5123 5122
3 5117 5122 5120
3 5852 5124 5122
3 5852 5122 5123
3 5124 5127 5125
3 5124 5125 5122
3 5127 5129 5126
3 5127 5126 5125
3 5126 5720 5121
3 5126 5121 5125
3 5124 5139 5128
3 5124 5128 5127
3 5127 5128 5131
3 5127 5131 5129
3 5132 5130 5129
3 5132 5129 5131
3 5126 5129 5130
3 5126 5130 5719
3 5133 5135 5132
3 5133 5132 5131
3 5133 5131 5128
3 5133 5128 5136
3 5137 5134 5133
3 5137 5133 5136
3 5133 5134 5592
3 5133 5592 5135
3 5138 5141 5137
3 5138 5137 5136
3 5138 5136 5128
3 5138 5128 5139
3 5138 5139 5851
3 5138 5851 5140
3 5143 5141 5138
3 5143 5138 5140
3 5143 5145 5142
3 5143 5142 5141
3 5137 5141 5142
3 5137 5142 5587
3 5143 5140 5848
3 5143 5848 5144
3 5147 5145 5143
3 5147 5143 5144
3 5147 5149 5146
3 5147 5146 5145
3 5583 5142 5145
3 5583 5145 5146
3 5147 5144 5845
3 5147 5845 5148
3 5151 5149 5147
3 5151 5147 5148
3 5151 5153 5150
3 5151 5150 5149
3 5582 5146 5149
3 5582 5149 5150
3 5151 5148 5842
3 5151 5842 5152
3 5155 5153 5151
3 5155 5151 5152
3 5155 5157 5154
3 5155 5154 5153
3 5741 5150 5153
3 5741 5153 5154
3 5155 5152 5839
3 5155 5839 5156
3 5159 5157 5155
3 5159 5155 5156
3 5159 5161 5158
3 5159 5158 5157
3 5742 5154 5157
3 5742 5157 5158
3 5159 5156 5836
3 5159 5836 5160
3 5163 5161 5159
3 5163 5159 5160
3 5163 5165 5162
3 5163 5162 5161
3 5565 5158 5161
3 5565 5161 5162
3 5163 5160 5833
3 5163 5833 5164
3 5167 5165 5163
3 5167 5163 5164
3 5167 5169 5166
3 5167 5166 5165
3 5561 5162 5165
3 5561 5165 5166
3 5167 5164 5830
3 5167 5830 5168
3 5171 5169 5167
3 5171 5167 5168
3 5171 5173 5170
3 5171 5170 5169
3 5557 5166 5169
3 5557 5169 5170
3 5171 5168 5827
3 5171 5827 5172
3 5175 5173 5171
3 5175 5171 5172
3 5175 5177 5174
3 5175 5174 5173
3 5553 5170 5173
3 5553 5173 5174
3 5175 5172 5824
3 5175 5824 5176
3 5179 5177 5175
3 5179 5175 5176
3 5179 5181 5178
3 5179 5178 5177
3 5549 5174 5177
3 5549 5177 5178
3 5179 5176 5821
3 5179 5821 5180
3 5183 5181 5179
3 5183 5179 5180
3 5183 5185 5182
3 5183 5182 5181
3 5548 5178 5181
3 5548 5181 5182
3 5183 5180 5818
3 5183 5818 5184
3 5187 5185 5183
3 5187 5183 5184
3 5187 5189 5186
3 5187 5186 5185
3 5538 5182 5185
3 5538 5185 5186
3 5187 5184 5815
3 5187 5815 5188
3 5191 5189 5187
3 5191 5187 5188
3 5191 5193 5190
3 5191 5190 5189
3 5536 5186 5189
3 5536 5189 5190
3 5191 5188 5812
3 5191 5812 5192
3 5195 5193 5191
3 5195 5191 5192
3 5195 5197 5194
3 5195 5194 5193
3 5456 5190 5193
3 5456 5193 5194
3 5195 5192 5809
3 5195 5809 5196
3 5199 5197 5195
3 5199 5195 5196
3 5199 5201 5198
3 5199 5198 5197
3 5455 5194 5197
3 5455 5197 5198
3 5199 5196 5806
3 5199 5806 5200
3 5203 5201 5199
3 5203 5199 5200
3 5203 5205 5202
3 5203 5202 5201
3 5459 5198 5201
3 5459 5201 5202
3 5203 5200 5803
3 5203 5803 5204
3 5207 5205 5203
3 5207 5203 5204
3 5207 5209 5206
3 5207 5206 5205
3 5462 5202 5205
3 5462 5205 5206
3 5207 5204 5800
3 5207 5800 5208
3 5211 5209 5207
3 5211 5207 5208
3 5211 5213 5210
3 5211 5210 5209
3 5465 5206 5209
3 5465 5209 5210
3 5211 5208 5797
3 5211 5797 5212
3 5215 5213 5211
3 5215 5211 5212
3 5215 5217 5214
3 5215 5214 5213
3 5468 5210 5213
3 5468 5213 5214
3 5215 5212 5794
3 5215 5794 5216
3 5219 5217 5215
3 5219 5215 5216
3 5219 5221 5218
3 5219 5218 5217
3 5471 5214 5217
3 5471 5217 5218
3 5219 5216 5791
3 5219 5791 5220
3 5223 5221 5219
3 5223 5219 5220
3 5223 5225 5222
3 5223 5222 5221
3 5474 5218 5221
3 5474 5221 5222
3 5223 5220 5788
3 5223 5788 5224
3 5227 5225 5223
3 5227 5223 5224
3 5227 5229 5226
3 5227 5226 5225
3 5477 5222 5225
3 5477 5225 5226
3 5227 5224 5785
3 5227 5785 5228
3 5231 5229 5227
3 5231 5227 5228
3 5231 5233 5230
3 5231 5230 5229
3 5480 5226 5229
3 5480 5229 5230
3 5231 5228 5782
3 5231 5782 5232
3 5235 5233 5231
3 5235 5231 5232
3 5235 5237 5234
3 5235 5234 5233
3 5483 5230 5233
3 5483 5233 5234
3 5235 5232 5779
3 5235 5779 5236
3 5239 5237 5235
3 5239 5235 5236
3 5239 5241 5238
3 5239 5238 5237
3 5486 5234 5237
3 5486 5237 5238
3 5239 5236 5776
3 5239 5776 5240
3 5243 5241 5239
3 5243 5239 5240
3 5243 5245 5242
3 5243 5242 5241
3 5489 5238 5241
3 5489 5241 5242
3 5243 5240 5773
3 5243 5773 5244
3 5247 5245 5243
3 5247 5243 5244
3 5247 5249 5246
3 5247 5246 5245
3 5492 5242 5245
3 5492 5245 5246
3 5247 5244 5770
3 5247 5770 5248
3 5251 5249 5247
3 5251 5247 5248
3 5251 5253 5250
3 5251 5250 5249
3 5495 5246 5249
3 5495 5249 5250
3 5251 5248 5767
3 5251 5767 5252
3 5255 5253 5251
3 5255 5251 5252
3 5255 5257 5254
3 5255 5254 5253
3 5498 5250 5253
3 5498 5253 5254
3 5255 5252 5764
3 5255 5764 5256
3 5259 5257 5255
3 5259 5255 5256
3 5259 5261 5258
3 5259 5258 5257
3 5501 5254 5257
3 5501 5257 5258
3 5259 5256 5761
3 5259 5761 5260
3 5263 5261 5259
3 5263 5259 5260
3 5263 5265 5262
3 5263 5262 5261
3 5504 5258 5261
3 5504 5261 5262
3 5263 5260 5758
3 5263 5758 5264
3 5267 5265 5263
3 5267 5263 5264
3 5267 5269 5266
3 5267 5266 5265
3 5507 5262 5265
3 5507 5265 5266
3 5267 5264 5755
3 5267 5755 5268
3 5271 5269 5267
3 5271 5267 5268
3 5271 5273 5270
3 5271 5270 5269
3 5510 5266 5269
3 5510 5269 5270
3 5271 5268 5752
3 5271 5752 5272
3 5275 5273 5271
3 5275 5271 5272
3 5275 5277 5274
3 5275 5274 5273
3 5513 5270 5273
3 5513 5273 5274
3 5275 5272 5749
3 5275 5749 5276
3 5279 5277 5275
3 5279 5275 5276
3 5279 5281 5278
3 5279 5278 5277
3 5516 5274 5277
3 5516 5277 5278
3 5279 5276 5746
3 5279 5746 5280
3 5283 5281 5279
3 5283 5279 5280
3 5283 5285 5282
3 5283 5282 5281
3 5519 5278 5281
3 5519 5281 5282
3 5283 5280 5743
3 5283 5743 5284
3 5287 5285 5283
3 5287 5283 5284
3 5287 5288 5286
3 5287 5286 5285
3 5522 5282 5285
3 5522 5285 5286
3 5287 5284 5004
3 5287 5004 5002
3 5290 5288 5287
3 5290 5287 5002
3 5290 5291 5289
3 5290 5289 5288
3 5525 5286 5288
3 5525 5288 5289
3 5293 5291 5290
3 5293 5290 4999
3 5293 5294 5292
3 5293 5292 5291
3 5528 5289 5291
3 5528 5291 5292
3 5296 5294 5293
3 5296 5293 4996
3 5296 5297 5295
3 5296 5295 5294
3 5531 5292 5294
3 5531 5294 5295
3 5299 5297 5296
3 5299 5296 4993
3 5299 5300 5298
3 5299 5298 5297
3 5534 5295 5297
3 5534 5297 5298
3 4988 5300 5299
3 4988 5299 4990
3 4988 5303 5301
3 4988 5301 5300
3 5304 5298 5300
3 5304 5300 5301
3 5302 5301 5303
3 5302 5303 5353
3 5304 5301 5302
3 5304 5302 5306
3 5534 5298 5304
3 5534 5304 5305
3 5304 5306 5307
3 5304 5307 5305
3 5302 5310 5308
3 5302 5308 5306
3 5309 5307 5306
3 5309 5306 5308
3 5309 5308 5311
3 5309 5311 5313
3 5311 5308 5310
3 5311 5310 5314
3 5361 5313 5311
3 5361 5311 5312
3 5311 5314 5316
3 5311 5316 5312
3 5352 5315 5314
3 5352 5314 5310
3 5316 5314 5315
3 5316 5315 5318
3 5360 5312 5316
3 5360 5316 5317
3 5316 5318 5320
3 5316 5320 5317
3 5349 5319 5318
3 5349 5318 5315
3 5320 5318 5319
3 5320 5319 5322
3 5359 5317 5320
3 5359 5320 5321
3 5320 5322 5324
3 5320 5324 5321
3 5346 5323 5322
3 5346 5322 5319
3 5324 5322 5323
3 5324 5323 5326
3 5358 5321 5324
3 5358 5324 5325
3 5324 5326 5328
3 5324 5328 5325
3 5343 5327 5326
3 5343 5326 5323
3 5328 5326 5327
3 5328 5327 5330
3 5357 5325 5328
3 5357 5328 5329
3 5328 5330 5332
3 5328 5332 5329
3 5341 5331 5330
3 5341 5330 5327
3 5332 5330 5331
3 5332 5331 5334
3 5356 5329 5332
3 5356 5332 5333
3 5332 5334 5336
3 5332 5336 5333
3 5338 5335 5334
3 5338 5334 5331
3 5336 5334 5335
3 5336 5335 4920
3 5355 5333 5336
3 5355 5336 4919
3 5338 5339 5337
3 5338 5337 5335
3 5337 4922 4920
3 5337 4920 5335
3 5338 5340 4968
3 5338 4968 5339
3 5341 5340 5338
3 5341 5338 5331
3 5341 5342 4971
3 5341 4971 5340
3 5343 5342 5341
3 5343 5341 5327
3 5343 5344 4974
3 5343 4974 5342
3 5346 5344 5343
3 5346 5343 5323
3 4976 4974 5344
3 4976 5344 5345
3 5346 5347 5345
3 5346 5345 5344
3 5349 5347 5346
3 5349 5346 5319
3 4979 5345 5347
3 4979 5347 5348
3 5349 5350 5348
3 5349 5348 5347
3 5352 5350 5349
3 5352 5349 5315
3 4982 5348 5350
3 4982 5350 5351
3 5352 5353 5351
3 5352 5351 5350
3 5302 5353 5352
3 5302 5352 5310
3 4985 5351 5353
3 4985 5353 5303
3 5337 5339 4965
3 5337 4965 5354
3 5337 5354 4924
3 5337 4924 4922
3 4924 5354 4962
3 4924 4962 6038
3 5355 4902 5356
3 5355 5356 5333
3 5356 4899 5357
3 5356 5357 5329
3 4917 4905 5355
3 4917 5355 4919
3 5357 4896 5358
3 5357 5358 5325
3 5358 4893 5359
3 5358 5359 5321
3 5359 4890 5360
3 5359 5360 5317
3 5360 4887 5361
3 5360 5361 5312
3 5362 5363 5309
3 5362 5309 5313
3 5361 4884 5362
3 5361 5362 5313
3 5362 4881 5365
3 5362 5365 5363
3 5365 5366 5364
3 5365 5364 5363
3 5364 5307 5309
3 5364 5309 5363
3 5365 4878 5368
3 5365 5368 5366
3 5368 5369 5367
3 5368 5367 5366
3 5367 5535 5364
3 5367 5364 5366
3 5368 4875 5371
3 5368 5371 5369
3 5371 5372 5370
3 5371 5370 5369
3 5370 5532 5367
3 5370 5367 5369
3 5371 4872 5374
3 5371 5374 5372
3 5374 5375 5373
3 5374 5373 5372
3 5373 5529 5370
3 5373 5370 5372
3 5374 4869 5377
3 5374 5377 5375
3 5377 5378 5376
3 5377 5376 5375
3 5376 5526 5373
3 5376 5373 5375
3 5377 4866 5380
3 5377 5380 5378
3 5380 5381 5379
3 5380 5379 5378
3 5379 5523 5376
3 5379 5376 5378
3 5380 4863 5383
3 5380 5383 5381
3 5383 5384 5382
3 5383 5382 5381
3 5382 5520 5379
3 5382 5379 5381
3 5383 4860 5386
3 5383 5386 5384
3 5386 5387 5385
3 5386 5385 5384
3 5385 5517 5382
3 5385 5382 5384
3 5386 4857 5389
3 5386 5389 5387
3 5389 5390 5388
3 5389 5388 5387
3 5388 5514 5385
3 5388 5385 5387
3 5389 4854 5392
3 5389 5392 5390
3 5392 5393 5391
3 5392 5391 5390
3 5391 5511 5388
3 5391 5388 5390
3 5392 4851 5395
3 5392 5395 5393
3 5395 5396 5394
3 5395 5394 5393
3 5394 5508 5391
3 5394 5391 5393
3 5395 4848 5398
3 5395 5398 5396
3 5398 5399 5397
3 5398 5397 5396
3 5397 5505 5394
3 5397 5394 5396
3 5398 4845 5401
3 5398 5401 5399
3 5401 5402 5400
3 5401 5400 5399
3 5400 5502 5397
3 5400 5397 5399
3 5401 4842 5404
3 5401 5404 5402
3 5404 5405 5403
3 5404 5403 5402
3 5403 5499 5400
3 5403 5400 5402
3 5404 4839 5407
3 5404 5407 5405
3 5407 5408 5406
3 5407 5406 5405
3 5406 5496 5403
3 5406 5403 5405
3 5407 4836 5410
3 5407 5410 5408
3 5410 5411 5409
3 5410 5409 5408
3 5409 5493 5406
3 5409 5406 5408
3 5410 4833 5413
3 5410 5413 5411
3 5413 5414 5412
3 5413 5412 5411
3 5412 5490 5409
3 5412 5409 5411
3 5413 4830 5416
3 5413 5416 5414
3 5416 5417 5415
3 5416 5415 5414
3 5415 5487 5412
3 5415 5412 5414
3 5416 4827 5419
3 5416 5419 5417
3 5419 5420 5418
3 5419 5418 5417
3 5418 5484 5415
3 5418 5415 5417
3 5419 4824 5422
3 5419 5422 5420
3 5422 5423 5421
3 5422 5421 5420
3 5421 5481 5418
3 5421 5418 5420
3 5422 4821 5425
3 5422 5425 5423
3 5425 5426 5424
3 5425 5424 5423
3 5424 5478 5421
3 5424 5421 5423
3 5425 4818 5428
3 5425 5428 5426
3 5428 5429 5427
3 5428 5427 5426
3 5427 5475 5424
3 5427 5424 5426
3 5428 4815 5431
3 5428 5431 5429
3 5431 5432 5430
3 5431 5430 5429
3 5430 5472 5427
3 5430 5427 5429
3 5431 4812 5434
3 5431 5434 5432
3 5434 5435 5433
3 5434 5433 5432
3 5433 5469 5430
3 5433 5430 5432
3 5434 4809 5437
3 5434 5437 5435
3 5437 5438 5436
3 5437 5436 5435
3 5436 5466 5433
3 5436 5433 5435
3 5437 4806 5440
3 5437 5440 5438
3 5440 5441 5439
3 5440 5439 5438
3 5439 5463 5436
3 5439 5436 5438
3 5440 4803 5443
3 5440 5443 5441
3 5443 5444 5442
3 5443 5442 5441
3 5442 5460 5439
3 5442 5439 5441
3 5443 4800 5446
3 5443 5446 5444
3 5446 5447 5445
3 5446 5445 5444
3 5445 5457 5442
3 5445 5442 5444
3 5446 4799 5448
3 5446 5448 5447
3 5448 5450 5449
3 5448 5449 5447
3 5449 5452 5445
3 5449 5445 5447
3 5540 5451 5449
3 5540 5449 5450
3 5449 5451 5453
3 5449 5453 5452
3 5456 5454 5452
3 5456 5452 5453
3 5445 5452 5454
3 5445 5454 5457
3 5456 5194 5455
3 5456 5455 5454
3 5455 5458 5457
3 5455 5457 5454
3 5442 5457 5458
3 5442 5458 5460
3 5455 5198 5459
3 5455 5459 5458
3 5459 5461 5460
3 5459 5460 5458
3 5439 5460 5461
3 5439 5461 5463
3 5459 5202 5462
3 5459 5462 5461
3 5462 5464 5463
3 5462 5463 5461
3 5436 5463 5464
3 5436 5464 5466
3 5462 5206 5465
3 5462 5465 5464
3 5465 5467 5466
3 5465 5466 5464
3 5433 5466 5467
3 5433 5467 5469
3 5465 5210 5468
3 5465 5468 5467
3 5468 5470 5469
3 5468 5469 5467
3 5430 5469 5470
3 5430 5470 5472
3 5468 5214 5471
3 5468 5471 5470
3 5471 5473 5472
3 5471 5472 5470
3 5427 5472 5473
3 5427 5473 5475
3 5471 5218 5474
3 5471 5474 5473
3 5474 5476 5475
3 5474 5475 5473
3 5424 5475 5476
3 5424 5476 5478
3 5474 5222 5477
3 5474 5477 5476
3 5477 5479 5478
3 5477 5478 5476
3 5421 5478 5479
3 5421 5479 5481
3 5477 5226 5480
3 5477 5480 5479
3 5480 5482 5481
3 5480 5481 5479
3 5418 5481 5482
3 5418 5482 5484
3 5480 5230 5483
3 5480 5483 5482
3 5483 5485 5484
3 5483 5484 5482
3 5415 5484 5485
3 5415 5485 5487
3 5483 5234 5486
3 5483 5486 5485
3 5486 5488 5487
3 5486 5487 5485
3 5412 5487 5488
3 5412 5488 5490
3 5486 5238 5489
3 5486 5489 5488
3 5489 5491 5490
3 5489 5490 5488
3 5409 5490 5491
3 5409 5491 5493
3 5489 5242 5492
3 5489 5492 5491
3 5492 5494 5493
3 5492 5493 5491
3 5406 5493 5494
3 5406 5494 5496
3 5492 5246 5495
3 5492 5495 5494
3 5495 5497 5496
3 5495 5496 5494
3 5403 5496 5497
3 5403 5497 5499
3 5495 5250 5498
3 5495 5498 5497
3 5498 5500 5499
3 5498 5499 5497
3 5400 5499 5500
3 5400 5500 5502
3 5498 5254 5501
3 5498 5501 5500
3 5501 5503 5502
3 5501 5502 5500
3 5397 5502 5503
3 5397 5503 5505
3 5501 5258 5504
3 5501 5504 5503
3 5504 5506 5505
3 5504 5505 5503
3 5394 5505 5506
3 5394 5506 5508
3 5504 5262 5507
3 5504 5507 5506
3 5507 5509 5508
3 5507 5508 5506
3 5391 5508 5509
3 5391 5509 5511
3 5507 5266 5510
3 5507 5510 5509
3 5510 5512 5511
3 5510 5511 5509
3 5388 5511 5512
3 5388 5512 5514
3 5510 5270 5513
3 5510 5513 5512
3 5513 5515 5514
3 5513 5514 5512
3 5385 5514 5515
3 5385 5515 5517
3 5513 5274 5516
3 5513 5516 5515
3 5516 5518 5517
3 5516 5517 5515
3 5382 5517 5518
3 5382 5518 5520
3 5516 5278 5519
3 5516 5519 5518
3 5519 5521 5520
3 5519 5520 5518
3 5379 5520 5521
3 5379 5521 5523
3 5519 5282 5522
3 5519 5522 5521
3 5522 5524 5523
3 5522 5523 5521
3 5376 5523 5524
3 5376 5524 5526
3 5522 5286 5525
3 5522 5525 5524
3 5525 5527 5526
3 5525 5526 5524
3 5373 5526 5527
3 5373 5527 5529
3 5525 5289 5528
3 5525 5528 5527
3 5528 5530 5529
3 5528 5529 5527
3 5370 5529 5530
3 5370 5530 5532
3 5528 5292 5531
3 5528 5531 5530
3 5531 5533 5532
3 5531 5532 5530
3 5367 5532 5533
3 5367 5533 5535
3 5531 5295 5534
3 5531 5534 5533
3 5534 5305 5535
3 5534 5535 5533
3 5364 5535 5305
3 5364 5305 5307
3 5536 5190 5456
3 5536 5456 5453
3 5536 5453 5451
3 5536 5451 5537
3 5538 5186 5536
3 5538 5536 5537
3 5538 5537 5539
3 5538 5539 5541
3 5540 5539 5537
3 5540 5537 5451
3 5540 5544 5542
3 5540 5542 5539
3 5539 5542 5545
3 5539 5545 5541
3 5543 5546 5545
3 5543 5545 5542
3 5543 5542 5544
3 5543 5544 5691
3 5547 5545 5546
3 5547 5546 5550
3 5548 5541 5545
3 5548 5545 5547
3 5549 5178 5548
3 5549 5548 5547
3 5549 5547 5550
3 5549 5550 5552
3 5551 5554 5552
3 5551 5552 5550
3 5551 5550 5546
3 5551 5546 5692
3 5553 5174 5549
3 5553 5549 5552
3 5553 5552 5554
3 5553 5554 5556
3 5555 5558 5556
3 5555 5556 5554
3 5555 5554 5551
3 5555 5551 5693
3 5557 5170 5553
3 5557 5553 5556
3 5557 5556 5558
3 5557 5558 5560
3 5559 5562 5560
3 5559 5560 5558
3 5559 5558 5555
3 5559 5555 5659
3 5561 5166 5557
3 5561 5557 5560
3 5561 5560 5562
3 5561 5562 5564
3 5563 5562 5559
3 5563 5559 5660
3 5563 5566 5564
3 5563 5564 5562
3 5565 5162 5561
3 5565 5561 5564
3 5565 5564 5566
3 5565 5566 5567
3 5568 5566 5563
3 5568 5563 5569
3 5568 5571 5567
3 5568 5567 5566
3 5664 5570 5568
3 5664 5568 5569
3 5573 5571 5568
3 5573 5568 5570
3 5742 5567 5571
3 5742 5571 5572
3 5573 5575 5572
3 5573 5572 5571
3 5666 5574 5573
3 5666 5573 5570
3 5574 5577 5575
3 5574 5575 5573
3 5741 5572 5575
3 5741 5575 5576
3 5575 5577 5579
3 5575 5579 5576
3 5580 5579 5577
3 5580 5577 5578
3 5574 5677 5578
3 5574 5578 5577
3 5580 5584 5581
3 5580 5581 5579
3 5582 5576 5579
3 5582 5579 5581
3 5583 5146 5582
3 5583 5582 5581
3 5584 5586 5583
3 5584 5583 5581
3 5580 5680 5585
3 5580 5585 5584
3 5584 5585 5588
3 5584 5588 5586
3 5586 5587 5142
3 5586 5142 5583
3 5588 5590 5587
3 5588 5587 5586
3 5588 5585 5682
3 5588 5682 5589
3 5588 5589 5591
3 5588 5591 5590
3 5137 5587 5590
3 5137 5590 5134
3 5591 5592 5134
3 5591 5134 5590
3 5591 5593 5594
3 5591 5594 5592
3 5591 5589 5595
3 5591 5595 5593
3 5593 5596 5598
3 5593 5598 5594
3 5599 5596 5593
3 5599 5593 5595
3 5597 5730 5598
3 5597 5598 5596
3 5597 5596 5599
3 5597 5599 5600
3 5599 5601 5602
3 5599 5602 5600
3 5599 5595 5603
3 5599 5603 5601
3 5606 5602 5601
3 5606 5601 5604
3 5603 5605 5604
3 5603 5604 5601
3 5607 5604 5605
3 5607 5605 5609
3 5606 5604 5607
3 5606 5607 5608
3 5607 5610 5611
3 5607 5611 5608
3 5607 5609 5612
3 5607 5612 5610
3 5613 5615 5611
3 5613 5611 5610
3 5612 5614 5613
3 5612 5613 5610
3 5613 5614 5618
3 5613 5618 5616
3 5613 5616 5617
3 5613 5617 5615
3 5616 5619 5620
3 5616 5620 5617
3 5616 5618 5621
3 5616 5621 5619
3 5619 5622 5623
3 5619 5623 5620
3 5619 5621 5624
3 5619 5624 5622
3 5622 5625 5626
3 5622 5626 5623
3 5622 5624 5627
3 5622 5627 5625
3 5625 5628 5631
3 5625 5631 5626
3 5627 5629 5628
3 5627 5628 5625
3 5637 5630 5628
3 5637 5628 5629
3 5631 5628 5630
3 5631 5630 5633
3 5631 5632 5634
3 5631 5634 5626
3 5631 5633 4774
3 5631 4774 5632
3 5633 5630 5638
3 5633 5638 4778
3 5635 5634 5632
3 5635 5632 4770
3 5636 5623 5626
3 5636 5626 5634
3 5636 5634 5635
3 5636 5635 4162
3 4161 5620 5623
3 4161 5623 5636
3 4162 5635 4766
3 4162 4766 4164
3 5637 5639 5638
3 5637 5638 5630
3 4782 5638 5639
3 4782 5639 5641
3 5637 5629 5640
3 5637 5640 5639
3 5642 5641 5639
3 5642 5639 5640
3 4786 5641 5642
3 4786 5642 5643
3 5642 5644 5647
3 5642 5647 5643
3 5642 5640 5645
3 5642 5645 5644
3 5646 5644 5645
3 5646 5645 5684
3 5646 5648 5647
3 5646 5647 5644
3 5648 5650 5649
3 5648 5649 5647
3 5643 5647 5649
3 5643 5649 4790
3 5650 5652 5651
3 5650 5651 5649
3 5651 4792 4790
3 5651 4790 5649
3 5651 5652 5654
3 5651 5654 5653
3 5651 5653 4794
3 5651 4794 4792
3 5658 5655 5653
3 5658 5653 5654
3 4794 5653 5655
3 4794 5655 5657
3 5656 5685 5657
3 5656 5657 5655
3 5656 5655 5658
3 5656 5658 5659
3 5658 5660 5559
3 5658 5559 5659
3 5658 5654 5661
3 5658 5661 5660
3 5661 5569 5563
3 5661 5563 5660
3 5661 5654 5652
3 5661 5652 5662
3 5661 5662 5664
3 5661 5664 5569
3 5664 5662 5663
3 5664 5663 5665
3 5650 5663 5662
3 5650 5662 5652
3 5664 5665 5666
3 5664 5666 5570
3 5667 5665 5663
3 5667 5663 5668
3 5666 5665 5667
3 5666 5667 5669
3 5667 5668 5672
3 5667 5672 5670
3 5667 5670 5673
3 5667 5673 5669
3 5673 5670 5671
3 5673 5671 5674
3 5671 5670 5672
3 5671 5672 5683
3 5673 5674 5676
3 5673 5676 5675
3 5673 5675 5677
3 5673 5677 5669
3 5678 5675 5676
3 5678 5676 5679
3 5678 5578 5677
3 5678 5677 5675
3 5681 5680 5678
3 5681 5678 5679
3 5678 5680 5580
3 5678 5580 5578
3 5681 5682 5585
3 5681 5585 5680
3 5603 5682 5681
3 5603 5681 5605
3 5681 5679 5609
3 5681 5609 5605
3 5603 5595 5589
3 5603 5589 5682
3 5612 5609 5679
3 5612 5679 5676
3 5666 5669 5677
3 5666 5677 5574
3 5612 5676 5674
3 5612 5674 5614
3 5671 5618 5614
3 5671 5614 5674
3 5683 5672 5646
3 5683 5646 5684
3 5646 5672 5668
3 5646 5668 5648
3 5671 5683 5621
3 5671 5621 5618
3 5683 5684 5624
3 5683 5624 5621
3 5627 5624 5684
3 5627 5684 5645
3 5648 5668 5663
3 5648 5663 5650
3 5656 5659 5555
3 5656 5555 5693
3 5687 4795 5657
3 5687 5657 5685
3 5687 5685 5686
3 5687 5686 5688
3 5686 5685 5656
3 5686 5656 5693
3 5690 5689 5687
3 5690 5687 5688
3 5687 5689 4797
3 5687 4797 4795
3 5448 4799 4797
3 5448 4797 5689
3 5448 5689 5690
3 5448 5690 5450
3 5690 5688 5691
3 5690 5691 5544
3 5690 5544 5540
3 5690 5540 5450
3 5686 5692 5691
3 5686 5691 5688
3 5543 5691 5692
3 5543 5692 5546
3 5686 5693 5551
3 5686 5551 5692
3 5627 5645 5640
3 5627 5640 5629
3 4159 5617 5620
3 4159 5620 4161
3 4157 5615 5617
3 4157 5617 4159
3 5694 5611 5615
3 5694 5615 4157
3 5694 5695 5608
3 5694 5608 5611
3 5697 5695 5694
3 5697 5694 4153
3 5606 5608 5695
3 5606 5695 5696
3 5697 5698 5696
3 5697 5696 5695
3 5700 5698 5697
3 5700 5697 4149
3 5740 5696 5698
3 5740 5698 5699
3 5700 5701 5699
3 5700 5699 5698
3 5703 5701 5700
3 5703 5700 4145
3 5738 5699 5701
3 5738 5701 5702
3 5703 5704 5702
3 5703 5702 5701
3 5706 5704 5703
3 5706 5703 4141
3 5737 5702 5704
3 5737 5704 5705
3 5707 5705 5704
3 5707 5704 5706
3 5707 5706 4136
3 5707 4136 4132
3 5708 5707 4132
3 5708 4132 4130
3 5708 5709 5705
3 5708 5705 5707
3 5710 5708 4130
3 5710 4130 4127
3 5710 5711 5709
3 5710 5709 5708
3 5712 5710 4127
3 5712 4127 4124
3 5712 5713 5711
3 5712 5711 5710
3 5714 5712 4124
3 5714 4124 4121
3 5714 5716 5713
3 5714 5713 5712
3 5715 5714 4121
3 5715 4121 4114
3 5715 5717 5716
3 5715 5716 5714
3 5718 5716 5717
3 5718 5717 5720
3 5718 5721 5713
3 5718 5713 5716
3 5718 5719 5723
3 5718 5723 5721
3 5126 5719 5718
3 5126 5718 5720
3 5721 5722 5711
3 5721 5711 5713
3 5721 5723 5724
3 5721 5724 5722
3 5725 5723 5719
3 5725 5719 5130
3 5725 5727 5724
3 5725 5724 5723
3 5725 5726 5729
3 5725 5729 5727
3 5132 5726 5725
3 5132 5725 5130
3 5727 5728 5734
3 5727 5734 5724
3 5727 5729 5730
3 5727 5730 5728
3 5731 5598 5730
3 5731 5730 5729
3 5731 5729 5726
3 5731 5726 5732
3 5731 5732 5594
3 5731 5594 5598
3 5592 5594 5732
3 5592 5732 5135
3 5132 5135 5732
3 5132 5732 5726
3 5728 5730 5597
3 5728 5597 5733
3 5728 5733 5735
3 5728 5735 5734
3 5736 5734 5735
3 5736 5735 5737
3 5722 5724 5734
3 5722 5734 5736
3 5736 5737 5705
3 5736 5705 5709
3 5722 5736 5709
3 5722 5709 5711
3 5737 5735 5738
3 5737 5738 5702
3 5738 5735 5733
3 5738 5733 5739
3 5738 5739 5740
3 5738 5740 5699
3 5597 5600 5739
3 5597 5739 5733
3 5740 5739 5600
3 5740 5600 5602
3 5740 5602 5606
3 5740 5606 5696
3 5119 5121 5720
3 5119 5720 5717
3 5119 5717 5715
3 5119 5715 4113
3 5582 5150 5741
3 5582 5741 5576
3 5741 5154 5742
3 5741 5742 5572
3 5742 5158 5565
3 5742 5565 5567
3 5548 5182 5538
3 5548 5538 5541
3 5006 5004 5284
3 5006 5284 5743
3 5744 5743 5280
3 5744 5280 5746
3 5006 5743 5744
3 5006 5744 5008
3 5744 5745 5010
3 5744 5010 5008
3 5744 5746 5747
3 5744 5747 5745
3 5747 5746 5276
3 5747 5276 5749
3 5747 5749 5750
3 5747 5750 5748
3 5747 5748 5957
3 5747 5957 5745
3 5750 5749 5272
3 5750 5272 5752
3 5750 5752 5753
3 5750 5753 5751
3 5750 5751 5953
3 5750 5953 5748
3 5753 5752 5268
3 5753 5268 5755
3 5753 5755 5756
3 5753 5756 5754
3 5753 5754 5951
3 5753 5951 5751
3 5756 5755 5264
3 5756 5264 5758
3 5756 5758 5759
3 5756 5759 5757
3 5756 5757 5948
3 5756 5948 5754
3 5759 5758 5260
3 5759 5260 5761
3 5759 5761 5762
3 5759 5762 5760
3 5759 5760 5945
3 5759 5945 5757
3 5762 5761 5256
3 5762 5256 5764
3 5762 5764 5765
3 5762 5765 5763
3 5762 5763 5942
3 5762 5942 5760
3 5765 5764 5252
3 5765 5252 5767
3 5765 5767 5768
3 5765 5768 5766
3 5765 5766 5939
3 5765 5939 5763
3 5768 5767 5248
3 5768 5248 5770
3 5768 5770 5771
3 5768 5771 5769
3 5768 5769 5936
3 5768 5936 5766
3 5771 5770 5244
3 5771 5244 5773
3 5771 5773 5774
3 5771 5774 5772
3 5771 5772 5933
3 5771 5933 5769
3 5774 5773 5240
3 5774 5240 5776
3 5774 5776 5777
3 5774 5777 5775
3 5774 5775 5930
3 5774 5930 5772
3 5777 5776 5236
3 5777 5236 5779
3 5777 5779 5780
3 5777 5780 5778
3 5777 5778 5927
3 5777 5927 5775
3 5780 5779 5232
3 5780 5232 5782
3 5780 5782 5783
3 5780 5783 5781
3 5780 5781 5924
3 5780 5924 5778
3 5783 5782 5228
3 5783 5228 5785
3 5783 5785 5786
3 5783 5786 5784
3 5783 5784 5921
3 5783 5921 5781
3 5786 5785 5224
3 5786 5224 5788
3 5786 5788 5789
3 5786 5789 5787
3 5786 5787 5918
3 5786 5918 5784
3 5789 5788 5220
3 5789 5220 5791
3 5789 5791 5792
3 5789 5792 5790
3 5789 5790 5915
3 5789 5915 5787
3 5792 5791 5216
3 5792 5216 5794
3 5792 5794 5795
3 5792 5795 5793
3 5792 5793 5912
3 5792 5912 5790
3 5795 5794 5212
3 5795 5212 5797
3 5795 5797 5798
3 5795 5798 5796
3 5795 5796 5909
3 5795 5909 5793
3 5798 5797 5208
3 5798 5208 5800
3 5798 5800 5801
3 5798 5801 5799
3 5798 5799 5906
3 5798 5906 5796
3 5801 5800 5204
3 5801 5204 5803
3 5801 5803 5804
3 5801 5804 5802
3 5801 5802 5903
3 5801 5903 5799
3 5804 5803 5200
3 5804 5200 5806
3 5804 5806 5807
3 5804 5807 5805
3 5804 5805 5900
3 5804 5900 5802
3 5807 5806 5196
3 5807 5196 5809
3 5807 5809 5810
3 5807 5810 5808
3 5807 5808 5897
3 5807 5897 5805
3 5810 5809 5192
3 5810 5192 5812
3 5810 5812 5813
3 5810 5813 5811
3 5810 5811 5894
3 5810 5894 5808
3 5813 5812 5188
3 5813 5188 5815
3 5813 5815 5816
3 5813 5816 5814
3 5813 5814 5891
3 5813 5891 5811
3 5816 5815 5184
3 5816 5184 5818
3 5816 5818 5819
3 5816 5819 5817
3 5816 5817 5888
3 5816 5888 5814
3 5819 5818 5180
3 5819 5180 5821
3 5819 5821 5822
3 5819 5822 5820
3 5819 5820 5885
3 5819 5885 5817
3 5822 5821 5176
3 5822 5176 5824
3 5822 5824 5825
3 5822 5825 5823
3 5822 5823 5882
3 5822 5882 5820
3 5825 5824 5172
3 5825 5172 5827
3 5825 5827 5828
3 5825 5828 5826
3 5825 5826 5879
3 5825 5879 5823
3 5828 5827 5168
3 5828 5168 5830
3 5828 5830 5831
3 5828 5831 5829
3 5828 5829 5876
3 5828 5876 5826
3 5831 5830 5164
3 5831 5164 5833
3 5831 5833 5834
3 5831 5834 5832
3 5831 5832 5872
3 5831 5872 5829
3 5834 5833 5160
3 5834 5160 5836
3 5834 5836 5837
3 5834 5837 5835
3 5834 5835 5873
3 5834 5873 5832
3 5837 5836 5156
3 5837 5156 5839
3 5837 5839 5840
3 5837 5840 5838
3 5837 5838 6011
3 5837 6011 5835
3 5840 5839 5152
3 5840 5152 5842
3 5840 5842 5843
3 5840 5843 5841
3 5840 5841 6010
3 5840 6010 5838
3 5843 5842 5148
3 5843 5148 5845
3 5843 5845 5846
3 5843 5846 5844
3 5843 5844 6012
3 5843 6012 5841
3 5846 5845 5144
3 5846 5144 5848
3 5846 5848 5849
3 5846 5849 5847
3 5846 5847 6014
3 5846 6014 5844
3 5849 5848 5140
3 5849 5140 5851
3 5849 5850 5854
3 5849 5854 5847
3 5849 5851 5852
3 5849 5852 5850
3 5852 5851 5139
3 5852 5139 5124
3 5852 5123 5853
3 5852 5853 5850
3 5856 5854 5850
3 5856 5850 5853
3 5855 6014 5847
3 5855 5847 5854
3 5855 5854 5856
3 5855 5856 5857
3 5856 5113 5111
3 5856 5111 5857
3 5856 5853 5115
3 5856 5115 5113
3 5109 5858 5857
3 5109 5857 5111
3 5855 5857 5858
3 5855 5858 5859
3 5860 5858 5109
3 5860 5109 5107
3 5860 5861 5859
3 5860 5859 5858
3 5862 5860 5107
3 5862 5107 5105
3 5862 5863 5861
3 5862 5861 5860
3 5864 5862 5105
3 5864 5105 5103
3 5864 5866 5863
3 5864 5863 5862
3 6005 5865 5864
3 6005 5864 5103
3 5864 5865 5867
3 5864 5867 5866
3 5871 5868 5866
3 5871 5866 5867
3 5868 5870 5863
3 5868 5863 5866
3 5868 5869 6007
3 5868 6007 5870
3 5871 5873 5869
3 5871 5869 5868
3 5874 5872 5871
3 5874 5871 5867
3 5871 5872 5832
3 5871 5832 5873
3 5835 6011 5869
3 5835 5869 5873
3 5874 5876 5829
3 5874 5829 5872
3 5877 5876 5874
3 5877 5874 5875
3 5874 5867 5865
3 5874 5865 5875
3 5877 5879 5826
3 5877 5826 5876
3 5880 5879 5877
3 5880 5877 5878
3 5877 5875 6004
3 5877 6004 5878
3 5880 5882 5823
3 5880 5823 5879
3 5883 5882 5880
3 5883 5880 5881
3 5880 5878 6002
3 5880 6002 5881
3 5883 5885 5820
3 5883 5820 5882
3 5886 5885 5883
3 5886 5883 5884
3 5883 5881 6000
3 5883 6000 5884
3 5886 5888 5817
3 5886 5817 5885
3 5889 5888 5886
3 5889 5886 5887
3 5886 5884 5998
3 5886 5998 5887
3 5889 5891 5814
3 5889 5814 5888
3 5892 5891 5889
3 5892 5889 5890
3 5889 5887 5996
3 5889 5996 5890
3 5892 5894 5811
3 5892 5811 5891
3 5895 5894 5892
3 5895 5892 5893
3 5892 5890 5994
3 5892 5994 5893
3 5895 5897 5808
3 5895 5808 5894
3 5898 5897 5895
3 5898 5895 5896
3 5895 5893 5992
3 5895 5992 5896
3 5898 5900 5805
3 5898 5805 5897
3 5901 5900 5898
3 5901 5898 5899
3 5898 5896 5990
3 5898 5990 5899
3 5901 5903 5802
3 5901 5802 5900
3 5904 5903 5901
3 5904 5901 5902
3 5901 5899 5988
3 5901 5988 5902
3 5904 5906 5799
3 5904 5799 5903
3 5907 5906 5904
3 5907 5904 5905
3 5904 5902 5986
3 5904 5986 5905
3 5907 5909 5796
3 5907 5796 5906
3 5910 5909 5907
3 5910 5907 5908
3 5907 5905 5984
3 5907 5984 5908
3 5910 5912 5793
3 5910 5793 5909
3 5913 5912 5910
3 5913 5910 5911
3 5910 5908 5982
3 5910 5982 5911
3 5913 5915 5790
3 5913 5790 5912
3 5916 5915 5913
3 5916 5913 5914
3 5913 5911 5980
3 5913 5980 5914
3 5916 5918 5787
3 5916 5787 5915
3 5919 5918 5916
3 5919 5916 5917
3 5916 5914 5978
3 5916 5978 5917
3 5919 5921 5784
3 5919 5784 5918
3 5922 5921 5919
3 5922 5919 5920
3 5919 5917 5976
3 5919 5976 5920
3 5922 5924 5781
3 5922 5781 5921
3 5925 5924 5922
3 5925 5922 5923
3 5922 5920 5974
3 5922 5974 5923
3 5925 5927 5778
3 5925 5778 5924
3 5928 5927 5925
3 5928 5925 5926
3 5925 5923 5972
3 5925 5972 5926
3 5928 5930 5775
3 5928 5775 5927
3 5931 5930 5928
3 5931 5928 5929
3 5928 5926 5970
3 5928 5970 5929
3 5931 5933 5772
3 5931 5772 5930
3 5934 5933 5931
3 5934 5931 5932
3 5931 5929 5968
3 5931 5968 5932
3 5934 5936 5769
3 5934 5769 5933
3 5937 5936 5934
3 5937 5934 5935
3 5934 5932 5967
3 5934 5967 5935
3 5937 5939 5766
3 5937 5766 5936
3 5940 5939 5937
3 5940 5937 5938
3 5937 5935 5966
3 5937 5966 5938
3 5940 5942 5763
3 5940 5763 5939
3 5943 5942 5940
3 5943 5940 5941
3 5940 5938 5965
3 5940 5965 5941
3 5943 5945 5760
3 5943 5760 5942
3 5946 5945 5943
3 5946 5943 5944
3 5943 5941 5963
3 5943 5963 5944
3 5946 5948 5757
3 5946 5757 5945
3 5949 5948 5946
3 5949 5946 5947
3 5946 5944 5961
3 5946 5961 5947
3 5949 5951 5754
3 5949 5754 5948
3 5952 5951 5949
3 5952 5949 5950
3 5949 5947 5959
3 5949 5959 5950
3 5952 5953 5751
3 5952 5751 5951
3 5956 5953 5952
3 5956 5952 5954
3 5952 5950 5955
3 5952 5955 5954
3 5956 5954 5016
3 5956 5016 5014
3 5018 5016 5954
3 5018 5954 5955
3 5012 5957 5956
3 5012 5956 5014
3 5956 5957 5748
3 5956 5748 5953
3 5012 5010 5745
3 5012 5745 5957
3 5018 5955 5958
3 5018 5958 5020
3 5958 5955 5950
3 5958 5950 5959
3 5958 5959 5960
3 5958 5960 5024
3 5960 5959 5947
3 5960 5947 5961
3 5960 5961 5962
3 5960 5962 5028
3 5962 5961 5944
3 5962 5944 5963
3 5962 5963 5964
3 5962 5964 5032
3 5964 5963 5941
3 5964 5941 5965
3 5964 5965 5040
3 5964 5040 5036
3 5040 5965 5938
3 5040 5938 5966
3 5041 5966 5935
3 5041 5935 5967
3 5044 5967 5932
3 5044 5932 5968
3 5969 5968 5929
3 5969 5929 5970
3 5044 5968 5969
3 5044 5969 5046
3 5969 5970 5971
3 5969 5971 5049
3 5971 5970 5926
3 5971 5926 5972
3 5971 5972 5973
3 5971 5973 5052
3 5973 5972 5923
3 5973 5923 5974
3 5973 5974 5975
3 5973 5975 5055
3 5975 5974 5920
3 5975 5920 5976
3 5975 5976 5977
3 5975 5977 5058
3 5977 5976 5917
3 5977 5917 5978
3 5977 5978 5979
3 5977 5979 5061
3 5979 5978 5914
3 5979 5914 5980
3 5979 5980 5981
3 5979 5981 5064
3 5981 5980 5911
3 5981 5911 5982
3 5981 5982 5983
3 5981 5983 5067
3 5983 5982 5908
3 5983 5908 5984
3 5983 5984 5985
3 5983 5985 5070
3 5985 5984 5905
3 5985 5905 5986
3 5985 5986 5987
3 5985 5987 5073
3 5987 5986 5902
3 5987 5902 5988
3 5987 5988 5989
3 5987 5989 5076
3 5989 5988 5899
3 5989 5899 5990
3 5989 5990 5991
3 5989 5991 5079
3 5991 5990 5896
3 5991 5896 5992
3 5991 5992 5993
3 5991 5993 5082
3 5993 5992 5893
3 5993 5893 5994
3 5993 5994 5995
3 5993 5995 5085
3 5995 5994 5890
3 5995 5890 5996
3 5995 5996 5997
3 5995 5997 5088
3 5997 5996 5887
3 5997 5887 5998
3 5997 5998 5999
3 5997 5999 5091
3 5999 5998 5884
3 5999 5884 6000
3 5999 6000 6001
3 5999 6001 5094
3 6001 6000 5881
3 6001 5881 6002
3 6001 6002 6003
3 6001 6003 5097
3 6003 6002 5878
3 6003 5878 6004
3 6003 6004 6005
3 6003 6005 5100
3 6005 6004 5875
3 6005 5875 5865
3 5870 6006 5861
3 5870 5861 5863
3 5870 6007 6008
3 5870 6008 6006
3 6009 6010 6008
3 6009 6008 6007
3 6009 6007 5869
3 6009 5869 6011
3 6009 6011 5838
3 6009 5838 6010
3 6012 6008 6010
3 6012 6010 5841
3 6006 6008 6012
3 6006 6012 6013
3 6013 6012 5844
3 6013 5844 6014
3 6006 6013 5859
3 6006 5859 5861
3 6013 6014 5855
3 6013 5855 5859
3 5115 5853 5123
3 5115 5123 5117
3 6016 6015 5034
3 6016 5034 4007
3 6017 6020 5030
3 6017 5030 6015
3 6019 6017 6015
3 6019 6015 6016
3 6019 6036 6018
3 6019 6018 6017
3 6018 6021 6020
3 6018 6020 6017
3 6021 6023 5026
3 6021 5026 6020
3 6018 6033 6022
3 6018 6022 6021
3 6022 6024 6023
3 6022 6023 6021
3 6024 6026 5022
3 6024 5022 6023
3 6022 6027 6025
3 6022 6025 6024
3 6025 3677 6026
3 6025 6026 6024
3 6025 3686 3679
3 6025 3679 3677
3 6025 6027 6029
3 6025 6029 3686
3 6030 6029 6027
3 6030 6027 6028
3 6022 6033 6028
3 6022 6028 6027
3 3687 6029 6030
3 3687 6030 6031
3 6030 6028 6034
3 6030 6034 3984
3 6030 3984 3981
3 6030 3981 6031
3 3687 6031 6032
3 3687 6032 3689
3 3981 3974 6032
3 3981 6032 6031
3 6034 6028 6033
3 6034 6033 6035
3 6034 6035 6037
3 6034 6037 3983
3 6018 6036 6035
3 6018 6035 6033
3 6037 6035 6036
3 6037 6036 3997
3 6019 3999 3997
3 6019 3997 6036
3 4001 3999 6019
3 4001 6019 6016
3 4925 6038 4959
3 4925 4959 4932
3 4940 4937 4952
3 4940 4952 4943
3 4945 4948 6039
3 4945 6039 6040
3 4948 3570 3901
3 4948 3901 6039
3 6040 6039 3902
3 6040 3902 3909
3 6040 3909 6042
3 6040 6042 6041
3 4942 4945 6040
3 4942 6040 6041
3 6042 6044 6043
3 6042 6043 6041
3 4939 4942 6041
3 4939 6041 6043
3 4927 4929 6043
3 4927 6043 6044
3 4931 4939 6043
3 4931 6043 4929
3 6042 3908 4912
3 6042 4912 6044
3 4912 4914 4927
3 4912 4927 6044
3 3564 3562 3897
3 3564 3897 3900
3 3894 3897 3562
3 3894 3562 3560
3 3894 3560 6045
3 3894 6045 3888
3 6045 3556 6046
3 6045 6046 3884
3 6046 3552 6047
3 6046 6047 3880
3 6047 3548 6048
3 6047 6048 3876
3 6048 3544 6049
3 6048 6049 3872
3 6049 3540 6050
3 6049 6050 3868
3 6050 3536 6051
3 6050 6051 3864
3 6051 3532 6052
3 6051 6052 3860
3 6052 3528 6053
3 6052 6053 3856
3 6053 3524 3850
3 6053 3850 3852
3 1144 1118 1121
3 1144 1121 1137
3 1119 1112 6054
3 1119 6054 1090
3 1107 1100 1094
3 1107 1094 6054
3 64 1096 1098
3 64 1098 62
3 6055 1096 64
3 6055 64 66
3 6058 1092 6055
3 6058 6055 6056
3 6055 66 68
3 6055 68 6056
3 70 6057 6056
3 70 6056 68
3 6058 6056 6057
3 6058 6057 6059
3 1086 6058 6059
3 1086 6059 1083
3 1075 6059 6057
3 1075 6057 1073
3 1077 1083 6059
3 1077 6059 1075
3 1073 6057 70
3 1073 70 72
3 1067 1070 6060
3 1067 6060 6062
3 1070 80 82
3 1070 82 6060
3 6063 6062 6060
3 6063 6060 6061
3 6061 6060 82
3 6061 82 84
3 6065 6064 6062
3 6065 6062 6063
3 1064 1067 6062
3 1064 6062 6064
3 6067 6066 6064
3 6067 6064 6065
3 1061 1064 6064
3 1061 6064 6066
3 6069 6068 6066
3 6069 6066 6067
3 1058 1061 6066
3 1058 6066 6068
3 6071 6070 6068
3 6071 6068 6069
3 1055 1058 6068
3 1055 6068 6070
3 6073 6072 6070
3 6073 6070 6071
3 1052 1055 6070
3 1052 6070 6072
3 6075 6074 6072
3 6075 6072 6073
3 1049 1052 6072
3 1049 6072 6074
3 6077 6076 6074
3 6077 6074 6075
3 1046 1049 6074
3 1046 6074 6076
3 6079 6078 6076
3 6079 6076 6077
3 1043 1046 6076
3 1043 6076 6078
3 6081 6080 6078
3 6081 6078 6079
3 1040 1043 6078
3 1040 6078 6080
3 6083 6082 6080
3 6083 6080 6081
3 1037 1040 6080
3 1037 6080 6082
3 6085 6084 6082
3 6085 6082 6083
3 1034 1037 6082
3 1034 6082 6084
3 6087 6086 6084
3 6087 6084 6085
3 1031 1034 6084
3 1031 6084 6086
3 6089 6088 6086
3 6089 6086 6087
3 1028 1031 6086
3 1028 6086 6088
3 6091 6090 6088
3 6091 6088 6089
3 1025 1028 6088
3 1025 6088 6090
3 6093 6092 6090
3 6093 6090 6091
3 1022 1025 6090
3 1022 6090 6092
3 6095 6094 6092
3 6095 6092 6093
3 1019 1022 6092
3 1019 6092 6094
3 6098 6096 6094
3 6098 6094 6095
3 1016 1019 6094
3 1016 6094 6096
3 1013 1016 6096
3 1013 6096 6097
3 6099 6097 6096
3 6099 6096 6098
3 6098 6095 6101
3 6098 6101 6100
3 6099 6098 6100
3 6099 6100 936
3 6102 932 6100
3 6102 6100 6101
3 6102 6101 6103
3 6102 6103 326
3 6095 6093 6103
3 6095 6103 6101
3 6093 6091 327
3 6093 327 6103
3 329 933 6102
3 329 6102 326
3 939 945 6097
3 939 6097 6099
3 1011 1013 6097
3 1011 6097 945
3 6091 6089 324
3 6091 324 327
3 6089 6087 321
3 6089 321 324
3 6087 6085 318
3 6087 318 321
3 6085 6083 314
3 6085 314 318
3 6083 6081 312
3 6083 312 314
3 6081 6079 309
3 6081 309 312
3 6079 6077 306
3 6079 306 309
3 6077 6075 303
3 6077 303 306
3 6075 6073 6104
3 6075 6104 303
3 6073 6071 6105
3 6073 6105 6104
3 6107 304 6104
3 6107 6104 6105
3 6071 6069 6106
3 6071 6106 6105
3 6107 6105 6106
3 6107 6106 6108
3 6109 294 6107
3 6109 6107 6108
3 6107 294 296
3 6107 296 304
3 6110 6112 6109
3 6110 6109 6108
3 6110 6108 6106
3 6110 6106 6113
3 6130 6112 6110
3 6130 6110 6111
3 6110 6113 6114
3 6110 6114 6111
3 6069 6067 6113
3 6069 6113 6106
3 6067 6065 6114
3 6067 6114 6113
3 6065 6063 6115
3 6065 6115 6114
3 6111 6114 6115
3 6111 6115 6116
3 6063 6061 6117
3 6063 6117 6115
3 6116 6115 6117
3 6116 6117 6118
3 6061 84 86
3 6061 86 6117
3 6118 6117 86
3 6118 86 88
3 6118 88 90
3 6118 90 6119
3 6116 6118 6119
3 6116 6119 6120
3 6122 6120 6119
3 6122 6119 6121
3 90 92 6121
3 90 6121 6119
3 6123 6125 6122
3 6123 6122 6121
3 6123 6121 92
3 6123 92 94
3 96 6124 6123
3 96 6123 94
3 6123 6124 6126
3 6123 6126 6125
3 280 6127 6125
3 280 6125 6126
3 6122 6125 6127
3 6122 6127 6128
3 289 6127 280
3 289 280 282
3 289 6129 6128
3 289 6128 6127
3 6130 6128 6129
3 6130 6129 6112
3 6122 6128 6130
3 6122 6130 6120
3 6130 6111 6116
3 6130 6116 6120
3 6109 6112 6129
3 6109 6129 290
3 6126 6124 6131
3 6126 6131 275
3 96 98 6131
3 96 6131 6124
3 271 6131 98
3 271 98 100
3 256 262 6132
3 256 6132 6133
3 262 114 116
3 262 116 6132
3 6134 6135 6133
3 6134 6133 6132
3 118 6134 6132
3 118 6132 116
3 6134 121 6137
3 6134 6137 6135
3 6137 6138 6136
3 6137 6136 6135
3 252 6133 6135
3 252 6135 6136
3 6137 124 6140
3 6137 6140 6138
3 6140 6141 6139
3 6140 6139 6138
3 251 6136 6138
3 251 6138 6139
3 6140 127 130
3 6140 130 6141
3 130 132 6142
3 130 6142 6141
3 6144 6139 6141
3 6144 6141 6142
3 6143 6142 132
3 6143 132 134
3 6144 6142 6143
3 6144 6143 241
3 251 6139 6144
3 251 6144 245
3 6143 134 136
3 6143 136 237
3 141 6145 230
3 141 230 233
3 228 230 6145
3 228 6145 6146
3 144 190 6146
3 144 6146 6145
3 6147 228 6146
3 6147 6146 189
3 6147 189 192
3 6147 192 6148
3 6147 6148 6149
3 6147 6149 224
3 6148 203 214
3 6148 214 6149
3 6148 192 195
3 6148 195 203
3 156 158 173
3 156 173 175
3 164 173 158
3 164 158 160
