ply
format ascii 1.0
element vertex 3150
property float x
property float y
property float z
element face 6200
property list uchar int vertex_index
end_header
-0.100978 1.955001 -0.213113
-0.095820 1.955706 -0.213927
-0.105973 1.954464 -0.211871
-0.108105 1.966412 -0.216724
-0.095313 1.946136 -0.209546
-0.099964 1.945722 -0.208422
-0.090195 1.946678 -0.210188
-0.084910 1.947224 -0.210360
-0.090273 1.956429 -0.214135
-0.079277 1.947805 -0.210168
-0.084476 1.957193 -0.214096
-0.073518 1.948521 -0.209816
-0.078390 1.958087 -0.213672
-0.067492 1.949289 -0.209094
-0.072225 1.959245 -0.213020
-0.061200 1.950076 -0.208129
-0.065915 1.960629 -0.212030
-0.054065 1.951013 -0.206660
-0.058916 1.962621 -0.210875
-0.046737 1.951587 -0.204910
-0.052417 1.965211 -0.209630
-0.038412 1.953560 -0.202820
-0.045814 1.968312 -0.208002
-0.033977 1.963817 -0.202448
-0.040419 1.974613 -0.206652
-0.030282 1.971637 -0.201600
-0.036112 1.980588 -0.205302
-0.027026 1.978217 -0.200427
-0.032221 1.986417 -0.203784
-0.023992 1.983897 -0.199026
-0.028629 1.991599 -0.202138
-0.021240 1.988858 -0.197255
-0.025371 1.995991 -0.199985
-0.019099 1.992892 -0.194994
-0.022871 1.999486 -0.197489
-0.017537 1.996436 -0.192281
-0.021167 2.002975 -0.194563
-0.016584 1.999405 -0.188945
-0.020052 2.006107 -0.190960
-0.016232 2.001454 -0.184790
-0.019616 2.008281 -0.186562
-0.016871 2.002435 -0.180217
-0.020176 2.009248 -0.181784
-0.018180 2.002188 -0.175642
-0.021789 2.009244 -0.176891
-0.020327 2.000694 -0.171552
-0.024026 2.008336 -0.172645
-0.023188 1.998312 -0.168301
-0.027241 2.005991 -0.169014
-0.026439 1.995061 -0.165273
-0.030728 2.003466 -0.165958
-0.030190 1.991112 -0.162908
-0.034591 2.000441 -0.163482
-0.034210 1.986965 -0.161562
-0.039009 1.996499 -0.161832
-0.038559 1.982304 -0.160685
-0.043630 1.992318 -0.161081
-0.042961 1.977965 -0.160315
-0.048360 1.988400 -0.160570
-0.047980 1.973990 -0.160212
-0.053616 1.984458 -0.160448
-0.053617 1.970320 -0.160501
-0.059364 1.980590 -0.160799
-0.060186 1.966933 -0.161158
-0.065439 1.976990 -0.161375
-0.066995 1.963941 -0.161969
-0.072159 1.973673 -0.162246
-0.073791 1.961319 -0.163002
-0.078904 1.970875 -0.163411
-0.080285 1.959214 -0.164278
-0.085492 1.968695 -0.164822
-0.086262 1.957523 -0.165870
-0.091776 1.966936 -0.166453
-0.091836 1.956026 -0.167695
-0.097718 1.965346 -0.168280
-0.097090 1.954621 -0.169622
-0.103283 1.963891 -0.170325
-0.101746 1.953308 -0.171819
-0.108035 1.962484 -0.172712
-0.105907 1.952046 -0.174245
-0.112290 1.961092 -0.175307
-0.109490 1.950792 -0.176993
-0.115969 1.959800 -0.178280
-0.112440 1.949597 -0.179979
-0.119086 1.958557 -0.181493
-0.114686 1.948492 -0.183271
-0.121501 1.957399 -0.184993
-0.116038 1.947496 -0.186901
-0.123135 1.956314 -0.188862
-0.116450 1.946600 -0.190703
-0.123667 1.955343 -0.192966
-0.115967 1.945805 -0.194575
-0.123175 1.954495 -0.197089
-0.114308 1.945292 -0.198320
-0.121500 1.953964 -0.201154
-0.111670 1.945112 -0.201702
-0.118565 1.953800 -0.204668
-0.108304 1.945190 -0.204442
-0.114814 1.953858 -0.207593
-0.104307 1.945424 -0.206722
-0.110586 1.954073 -0.209996
-0.118085 1.965299 -0.213460
-0.113282 1.965736 -0.215446
-0.122474 1.965026 -0.210998
-0.121907 1.975752 -0.215988
-0.117235 1.976243 -0.218003
-0.126359 1.975379 -0.213595
-0.124843 1.985968 -0.218337
-0.120187 1.986494 -0.220214
-0.129183 1.985641 -0.215790
-0.127530 1.996259 -0.220580
-0.131692 1.996018 -0.217907
-0.129923 2.006649 -0.222608
-0.122909 1.996803 -0.222428
-0.118018 1.997474 -0.223839
-0.125480 2.007126 -0.224590
-0.120736 2.007776 -0.226045
-0.127947 2.017455 -0.226761
-0.132244 2.017087 -0.224591
-0.130329 2.027693 -0.229072
-0.123221 2.018039 -0.228291
-0.118118 2.018858 -0.229164
-0.125583 2.028334 -0.230526
-0.120556 2.029118 -0.231569
-0.127913 2.038455 -0.232949
-0.122884 2.039275 -0.233963
-0.132635 2.037791 -0.231483
-0.130201 2.048557 -0.235324
-0.134871 2.047885 -0.233877
-0.132433 2.058610 -0.237628
-0.125206 2.049430 -0.236334
-0.127508 2.059481 -0.238607
-0.120119 2.050431 -0.236960
-0.117751 2.040250 -0.234601
-0.114886 2.051575 -0.237194
-0.122471 2.060486 -0.239234
-0.124850 2.070544 -0.241435
-0.117335 2.061681 -0.239390
-0.112034 2.063014 -0.239325
-0.119777 2.071740 -0.241629
-0.122268 2.081768 -0.243767
-0.114550 2.073141 -0.241457
-0.109190 2.074732 -0.240839
-0.117072 2.083224 -0.243529
-0.119678 2.093240 -0.245552
-0.111776 2.084852 -0.242871
-0.106493 2.086675 -0.241852
-0.114493 2.094939 -0.244838
-0.117312 2.104946 -0.246750
-0.109299 2.096779 -0.243773
-0.104230 2.098736 -0.242458
-0.112177 2.106843 -0.245667
-0.115272 2.116814 -0.247654
-0.107321 2.108803 -0.244305
-0.102545 2.110821 -0.242815
-0.110512 2.118802 -0.246217
-0.113761 2.128708 -0.248269
-0.105862 2.120808 -0.244660
-0.101358 2.122844 -0.243018
-0.109300 2.130744 -0.246630
-0.112799 2.140565 -0.248750
-0.104866 2.132764 -0.245012
-0.100708 2.134768 -0.243188
-0.108505 2.142575 -0.247084
-0.112191 2.152303 -0.249259
-0.104402 2.144574 -0.245283
-0.100362 2.146569 -0.243448
-0.108061 2.154294 -0.247513
-0.111629 2.163887 -0.249926
-0.104127 2.156252 -0.245646
-0.100323 2.158178 -0.243753
-0.107665 2.165859 -0.248074
-0.110994 2.175429 -0.250639
-0.103844 2.167822 -0.246137
-0.100512 2.169694 -0.244003
-0.107137 2.177383 -0.248720
-0.110304 2.186922 -0.251366
-0.103885 2.179245 -0.246526
-0.100831 2.181063 -0.244276
-0.106935 2.188766 -0.249273
-0.109800 2.198304 -0.252156
-0.103811 2.190568 -0.247114
-0.101355 2.192318 -0.244623
-0.106709 2.200095 -0.249968
-0.109477 2.209631 -0.252917
-0.104198 2.201829 -0.247558
-0.102293 2.203517 -0.244830
-0.107040 2.211367 -0.250446
-0.109867 2.220959 -0.253273
-0.105181 2.213081 -0.247662
-0.104144 2.214714 -0.244522
-0.107910 2.222688 -0.250528
-0.110640 2.232377 -0.253377
-0.106819 2.224366 -0.247388
-0.106459 2.225954 -0.244010
-0.109424 2.234086 -0.250263
-0.112186 2.243852 -0.253070
-0.109152 2.235685 -0.246864
-0.109781 2.237094 -0.243390
-0.111848 2.245464 -0.249707
-0.114383 2.255414 -0.252556
-0.112475 2.246909 -0.246237
-0.113965 2.248092 -0.242903
-0.114889 2.256883 -0.249105
-0.117440 2.266883 -0.251968
-0.116526 2.258047 -0.245768
-0.119202 2.258690 -0.243047
-0.119069 2.268044 -0.248651
-0.121492 2.278306 -0.251464
-0.121757 2.268722 -0.245922
-0.125066 2.269020 -0.243737
-0.124274 2.278958 -0.248747
-0.126727 2.289360 -0.251440
-0.127600 2.279222 -0.246627
-0.131334 2.279148 -0.245021
-0.130120 2.289582 -0.249319
-0.132663 2.300110 -0.251826
-0.133822 2.289531 -0.247612
-0.137733 2.289285 -0.246249
-0.136363 2.300020 -0.250124
-0.139022 2.310624 -0.252530
-0.140310 2.299713 -0.248769
-0.144660 2.299118 -0.247866
-0.143046 2.310270 -0.251161
-0.145901 2.320959 -0.253352
-0.147425 2.309662 -0.250142
-0.152075 2.308841 -0.249488
-0.150355 2.320318 -0.252291
-0.153472 2.331045 -0.254364
-0.155042 2.319451 -0.251590
-0.159887 2.318426 -0.251218
-0.158139 2.330136 -0.253647
-0.161436 2.340941 -0.255450
-0.162969 2.329061 -0.253212
-0.167995 2.327774 -0.253269
-0.166251 2.339825 -0.255014
-0.169615 2.350641 -0.256795
-0.171270 2.338470 -0.255034
-0.176410 2.336979 -0.255295
-0.174589 2.349266 -0.256781
-0.178058 2.360126 -0.258428
-0.179792 2.347703 -0.257056
-0.185159 2.345869 -0.257812
-0.183276 2.358412 -0.258813
-0.186943 2.369287 -0.260315
-0.188710 2.356501 -0.259595
-0.194229 2.354432 -0.260740
-0.192364 2.367268 -0.261196
-0.196170 2.378083 -0.262662
-0.197886 2.365031 -0.262464
-0.203376 2.362685 -0.264082
-0.201703 2.375810 -0.263922
-0.205565 2.386622 -0.265290
-0.207164 2.373396 -0.265523
-0.212528 2.370758 -0.267609
-0.211086 2.384073 -0.266832
-0.215159 2.394827 -0.267963
-0.216451 2.381305 -0.268939
-0.221464 2.378568 -0.271253
-0.220544 2.391943 -0.270131
-0.224760 2.402476 -0.271217
-0.225651 2.389039 -0.272453
-0.230219 2.386072 -0.275280
-0.229932 2.399415 -0.273638
-0.234269 2.409778 -0.274798
-0.234523 2.396345 -0.276536
-0.238648 2.393322 -0.279592
-0.238939 2.406563 -0.277743
-0.243427 2.416750 -0.278932
-0.243093 2.403476 -0.280868
-0.246646 2.400614 -0.284021
-0.247617 2.413620 -0.282059
-0.252241 2.423776 -0.283189
-0.251167 2.410700 -0.285262
-0.254099 2.407956 -0.288721
-0.255767 2.420871 -0.286440
-0.260423 2.431074 -0.287552
-0.258744 2.418074 -0.289905
-0.261137 2.415487 -0.293509
-0.263455 2.428296 -0.291015
-0.268215 2.438597 -0.292043
-0.265830 2.425737 -0.294656
-0.267607 2.423452 -0.298344
-0.270594 2.436113 -0.295714
-0.275403 2.446664 -0.296614
-0.272397 2.433918 -0.299384
-0.273623 2.431907 -0.303205
-0.277234 2.444551 -0.300265
-0.282086 2.455400 -0.300981
-0.278517 2.442610 -0.304059
-0.279141 2.440893 -0.308008
-0.283402 2.453482 -0.304771
-0.288159 2.464741 -0.305417
-0.284023 2.451831 -0.308732
-0.283898 2.450507 -0.312775
-0.288753 2.463138 -0.309363
-0.293320 2.474706 -0.310004
-0.288624 2.461787 -0.313437
-0.287641 2.460793 -0.317506
-0.293215 2.473409 -0.314026
-0.297698 2.485328 -0.314607
-0.292201 2.472504 -0.318020
-0.290301 2.472011 -0.321825
-0.296674 2.484412 -0.318553
-0.301144 2.496547 -0.319164
-0.294837 2.483901 -0.322332
-0.292319 2.483689 -0.325879
-0.299350 2.495948 -0.322940
-0.303799 2.508261 -0.323649
-0.296857 2.495686 -0.326473
-0.293563 2.495823 -0.329644
-0.301336 2.507946 -0.327174
-0.305635 2.520478 -0.327984
-0.298015 2.508040 -0.330391
-0.294103 2.508474 -0.333045
-0.302290 2.520521 -0.331261
-0.306260 2.533284 -0.332193
-0.298330 2.520917 -0.333942
-0.294003 2.521532 -0.336122
-0.302242 2.533658 -0.334926
-0.305629 2.546827 -0.335764
-0.297859 2.534284 -0.337098
-0.293209 2.535113 -0.338718
-0.301265 2.547379 -0.338004
-0.304008 2.560780 -0.338708
-0.296591 2.548124 -0.339776
-0.291795 2.549039 -0.341063
-0.299345 2.561466 -0.340577
-0.301311 2.575312 -0.340964
-0.294511 2.562385 -0.341810
-0.289506 2.563483 -0.342510
-0.296363 2.576275 -0.341978
-0.296702 2.591919 -0.340432
-0.291250 2.577360 -0.342544
-0.286094 2.578516 -0.342570
-0.291642 2.592950 -0.340827
-0.286589 2.594066 -0.340515
-0.291251 2.606077 -0.339046
-0.286141 2.607089 -0.338728
-0.296226 2.605163 -0.338719
-0.301015 2.604465 -0.337815
-0.301521 2.591049 -0.339292
-0.305278 2.604058 -0.336072
-0.305916 2.590518 -0.337483
-0.309114 2.603879 -0.333793
-0.309889 2.590307 -0.335063
-0.312527 2.603889 -0.331072
-0.313611 2.590248 -0.332315
-0.315414 2.604111 -0.327997
-0.316450 2.590438 -0.328955
-0.317631 2.604527 -0.324386
-0.318730 2.590819 -0.325227
-0.319326 2.605093 -0.320499
-0.320357 2.591400 -0.321211
-0.320147 2.605824 -0.316392
-0.321383 2.592165 -0.317037
-0.320136 2.606722 -0.312168
-0.321492 2.593143 -0.312731
-0.319205 2.607749 -0.307969
-0.320669 2.594264 -0.308551
-0.317492 2.608844 -0.303912
-0.318984 2.595426 -0.304441
-0.315098 2.609978 -0.300108
-0.316694 2.596621 -0.300563
-0.312050 2.611158 -0.296454
-0.313748 2.597845 -0.296893
-0.308601 2.612340 -0.293030
-0.310252 2.599139 -0.293456
-0.304547 2.613537 -0.289549
-0.306197 2.600444 -0.290072
-0.300175 2.614660 -0.286219
-0.301865 2.601631 -0.286820
-0.295472 2.615698 -0.283082
-0.297054 2.602733 -0.283736
-0.290159 2.616578 -0.280172
-0.291734 2.603788 -0.280895
-0.284409 2.617198 -0.277686
-0.286009 2.604699 -0.278453
-0.278566 2.617742 -0.276089
-0.280338 2.605331 -0.276923
-0.273019 2.617806 -0.275684
-0.274962 2.605696 -0.276437
-0.267875 2.617460 -0.276039
-0.269745 2.605653 -0.276609
-0.263234 2.616912 -0.276810
-0.265128 2.605376 -0.277358
-0.258753 2.616153 -0.277975
-0.260586 2.604983 -0.278344
-0.254580 2.615363 -0.279348
-0.256421 2.604485 -0.279818
-0.250579 2.614480 -0.280911
-0.252330 2.603885 -0.281444
-0.246953 2.613491 -0.282903
-0.248645 2.603274 -0.283441
-0.243643 2.612389 -0.285243
-0.245523 2.602613 -0.285924
-0.240752 2.611321 -0.287849
-0.242711 2.601826 -0.288542
-0.238399 2.610274 -0.290716
-0.240482 2.601115 -0.291524
-0.236726 2.609373 -0.293968
-0.238782 2.600419 -0.294710
-0.235738 2.608646 -0.297477
-0.237637 2.599761 -0.298104
-0.235325 2.608096 -0.301021
-0.237322 2.599251 -0.301575
-0.235624 2.607733 -0.304580
-0.237602 2.598845 -0.305030
-0.236897 2.607687 -0.307876
-0.238493 2.598533 -0.308407
-0.238615 2.607748 -0.310992
-0.240002 2.598346 -0.311660
-0.240576 2.607911 -0.314016
-0.241637 2.598082 -0.314912
-0.242834 2.608108 -0.316943
-0.243800 2.597962 -0.318011
-0.245479 2.608392 -0.319726
-0.246203 2.597862 -0.321029
-0.248602 2.608684 -0.322281
-0.249177 2.597892 -0.323909
-0.252103 2.608968 -0.324878
-0.252712 2.597909 -0.326716
-0.256147 2.609215 -0.327579
-0.256730 2.597901 -0.329683
-0.260569 2.609399 -0.330234
-0.261283 2.597922 -0.332407
-0.265433 2.609691 -0.332551
-0.266195 2.597671 -0.334843
-0.270647 2.609634 -0.334613
-0.271297 2.597005 -0.336888
-0.275897 2.609061 -0.336526
-0.276478 2.596118 -0.338736
-0.281030 2.608113 -0.337905
-0.281499 2.595122 -0.339953
-0.280972 2.579741 -0.342157
-0.279324 2.565902 -0.342495
-0.275777 2.580997 -0.341169
-0.274236 2.567164 -0.341808
-0.270571 2.582235 -0.339575
-0.265377 2.583122 -0.337601
-0.269089 2.568467 -0.340483
-0.263923 2.569827 -0.338874
-0.266710 2.555444 -0.340552
-0.261602 2.557218 -0.338876
-0.263460 2.542989 -0.339845
-0.271807 2.553921 -0.341534
-0.276794 2.552580 -0.342078
-0.268528 2.541191 -0.340830
-0.264690 2.528863 -0.340034
-0.273582 2.539632 -0.341423
-0.278598 2.538337 -0.341333
-0.269749 2.527226 -0.340530
-0.265509 2.515142 -0.339612
-0.274746 2.525770 -0.340474
-0.279712 2.524463 -0.340050
-0.270545 2.513619 -0.339660
-0.266122 2.501754 -0.338791
-0.275530 2.512264 -0.339231
-0.280438 2.511073 -0.338257
-0.271153 2.500277 -0.338440
-0.266671 2.488622 -0.337656
-0.276084 2.499017 -0.337539
-0.280871 2.497895 -0.336303
-0.271640 2.487260 -0.336819
-0.267143 2.475700 -0.336219
-0.276452 2.486012 -0.335708
-0.281002 2.485017 -0.333974
-0.271944 2.474334 -0.335136
-0.267382 2.462974 -0.334466
-0.276495 2.473284 -0.333438
-0.280708 2.472529 -0.331203
-0.271963 2.461796 -0.332872
-0.267330 2.450575 -0.332162
-0.276209 2.460898 -0.330769
-0.280000 2.460349 -0.328120
-0.271554 2.449660 -0.330084
-0.266870 2.438554 -0.329310
-0.275315 2.449087 -0.327442
-0.278510 2.448835 -0.324317
-0.270587 2.437965 -0.326669
-0.265764 2.427045 -0.325744
-0.273732 2.437696 -0.323573
-0.276264 2.437839 -0.319997
-0.268876 2.426762 -0.322659
-0.264046 2.416092 -0.321532
-0.271339 2.426965 -0.319063
-0.273148 2.427587 -0.315187
-0.266509 2.416304 -0.317988
-0.261803 2.405897 -0.316724
-0.268240 2.416989 -0.314110
-0.269193 2.418088 -0.310092
-0.263509 2.406656 -0.312898
-0.258939 2.396367 -0.311514
-0.264488 2.407777 -0.308884
-0.264596 2.409329 -0.304908
-0.259830 2.397554 -0.307535
-0.255317 2.387485 -0.306039
-0.259906 2.399119 -0.303577
-0.259404 2.400965 -0.299713
-0.255457 2.389089 -0.302091
-0.250978 2.379111 -0.300528
-0.254981 2.390942 -0.298227
-0.253706 2.393048 -0.294567
-0.250542 2.380958 -0.296676
-0.246120 2.371131 -0.295111
-0.249329 2.383091 -0.293025
-0.247494 2.385406 -0.289484
-0.244945 2.373202 -0.291449
-0.240578 2.363374 -0.289870
-0.243059 2.375498 -0.287942
-0.240648 2.377942 -0.284576
-0.238698 2.365635 -0.286409
-0.234708 2.355706 -0.284707
-0.236432 2.367993 -0.282975
-0.233398 2.370502 -0.279893
-0.232245 2.358034 -0.281398
-0.228428 2.348077 -0.279682
-0.229364 2.360461 -0.278234
-0.225896 2.362959 -0.275355
-0.225546 2.350373 -0.276496
-0.222012 2.340297 -0.274567
-0.222061 2.352735 -0.273636
-0.218165 2.355161 -0.270938
-0.218476 2.342551 -0.271739
-0.215201 2.332409 -0.269534
-0.214540 2.344912 -0.269085
-0.210015 2.347321 -0.266646
-0.211192 2.334707 -0.266927
-0.207952 2.324574 -0.264616
-0.206690 2.337091 -0.264477
-0.201695 2.339426 -0.262303
-0.203374 2.326876 -0.262275
-0.200177 2.316737 -0.259888
-0.198272 2.329134 -0.260227
-0.192830 2.331354 -0.258389
-0.195024 2.318942 -0.257917
-0.191763 2.308791 -0.255574
-0.189520 2.321069 -0.256243
-0.183901 2.323058 -0.254952
-0.186273 2.310860 -0.253993
-0.183021 2.300594 -0.251695
-0.180686 2.312701 -0.252845
-0.175307 2.314339 -0.251967
-0.177596 2.302388 -0.250548
-0.174510 2.292077 -0.248203
-0.172241 2.303958 -0.249746
-0.167040 2.305367 -0.249291
-0.169248 2.293633 -0.247416
-0.166271 2.283370 -0.244896
-0.164076 2.295017 -0.246997
-0.158916 2.296339 -0.246729
-0.161130 2.284740 -0.244537
-0.158208 2.274523 -0.241833
-0.156021 2.286025 -0.244303
-0.151153 2.287101 -0.244363
-0.153227 2.275726 -0.241709
-0.150437 2.265501 -0.238902
-0.148414 2.276780 -0.241794
-0.143807 2.277653 -0.242198
-0.145691 2.266566 -0.238982
-0.142979 2.256480 -0.235926
-0.141128 2.267453 -0.239360
-0.136806 2.268163 -0.239999
-0.138508 2.257329 -0.236376
-0.135835 2.247294 -0.233237
-0.134196 2.258058 -0.236995
-0.130055 2.258599 -0.237911
-0.131511 2.248042 -0.233902
-0.128705 2.238137 -0.230651
-0.127381 2.248583 -0.234900
-0.123470 2.248907 -0.236225
-0.124543 2.238707 -0.231709
-0.121629 2.228878 -0.228544
-0.120592 2.239100 -0.233036
-0.116932 2.239200 -0.234828
-0.117631 2.229308 -0.229915
-0.114611 2.219497 -0.226917
-0.113940 2.229465 -0.231718
-0.110887 2.229167 -0.234163
-0.110954 2.219643 -0.228866
-0.108011 2.209745 -0.226199
-0.107968 2.219376 -0.231373
-0.105643 2.218696 -0.234377
-0.104961 2.209560 -0.228663
-0.101949 2.199728 -0.225990
-0.102665 2.208963 -0.231639
-0.101169 2.207997 -0.234949
-0.099654 2.199198 -0.228933
-0.096624 2.189466 -0.226229
-0.098159 2.198313 -0.232209
-0.097730 2.197060 -0.235622
-0.095150 2.188636 -0.229475
-0.091832 2.178948 -0.226776
-0.094726 2.187422 -0.232861
-0.095129 2.185992 -0.236171
-0.091451 2.177800 -0.230215
-0.087581 2.168133 -0.227679
-0.091653 2.176478 -0.233576
-0.092934 2.174933 -0.236549
-0.087827 2.166847 -0.231116
-0.083951 2.157128 -0.228701
-0.089009 2.165327 -0.234247
-0.091033 2.163673 -0.236972
-0.085129 2.155651 -0.231933
-0.081268 2.145820 -0.229600
-0.087150 2.154033 -0.234755
-0.089939 2.152271 -0.237148
-0.083327 2.144217 -0.232526
-0.079671 2.134358 -0.230271
-0.086053 2.142480 -0.235052
-0.089262 2.140611 -0.237333
-0.082321 2.132622 -0.232885
-0.078702 2.122678 -0.230745
-0.085495 2.130763 -0.235266
-0.089149 2.128837 -0.237349
-0.081827 2.120822 -0.233261
-0.078327 2.110856 -0.231296
-0.085493 2.118874 -0.235477
-0.089407 2.116901 -0.237523
-0.081992 2.108886 -0.233647
-0.078631 2.098878 -0.231845
-0.085926 2.106879 -0.235739
-0.090204 2.104829 -0.237658
-0.082622 2.096815 -0.234030
-0.079420 2.086767 -0.232227
-0.086922 2.094743 -0.235948
-0.091507 2.092661 -0.237649
-0.083798 2.084637 -0.234138
-0.080830 2.074616 -0.232095
-0.088460 2.082525 -0.235811
-0.093403 2.080425 -0.237311
-0.085588 2.072418 -0.233787
-0.082727 2.062331 -0.231624
-0.090551 2.070284 -0.235306
-0.095762 2.068225 -0.236683
-0.087800 2.060096 -0.233102
-0.085136 2.050068 -0.230725
-0.093126 2.058006 -0.234425
-0.090371 2.047872 -0.232060
-0.098495 2.056098 -0.235664
-0.095868 2.045922 -0.233120
-0.104039 2.054400 -0.236465
-0.101147 2.066301 -0.237889
-0.106611 2.064573 -0.238743
-0.103783 2.076494 -0.239889
-0.098463 2.078420 -0.238686
-0.101266 2.088613 -0.240639
-0.096310 2.090601 -0.239212
-0.099335 2.100740 -0.241016
-0.094694 2.102770 -0.239393
-0.097990 2.112860 -0.241140
-0.093578 2.114894 -0.239381
-0.097082 2.124874 -0.241238
-0.092969 2.126885 -0.239350
-0.096637 2.136769 -0.241351
-0.092866 2.138708 -0.239349
-0.096657 2.148500 -0.241464
-0.093095 2.150394 -0.239452
-0.096859 2.160071 -0.241668
-0.093687 2.161903 -0.239475
-0.097391 2.171526 -0.241803
-0.094885 2.173295 -0.239237
-0.098174 2.182799 -0.241915
-0.096280 2.184458 -0.239183
-0.099408 2.193980 -0.241955
-0.098226 2.195569 -0.238917
-0.101160 2.205139 -0.241731
-0.100699 2.206670 -0.238405
-0.103726 2.216269 -0.241180
-0.104156 2.217649 -0.237729
-0.107102 2.227326 -0.240542
-0.108576 2.228431 -0.237182
-0.111392 2.238198 -0.240069
-0.113772 2.238955 -0.237109
-0.116607 2.248743 -0.240135
-0.119857 2.248983 -0.237934
-0.122517 2.258944 -0.240855
-0.126194 2.258867 -0.239245
-0.128779 2.268950 -0.242144
-0.132645 2.268701 -0.240853
-0.135212 2.278909 -0.243667
-0.139405 2.278356 -0.242849
-0.142003 2.288713 -0.245385
-0.146465 2.288002 -0.244719
-0.149209 2.298360 -0.247212
-0.153953 2.297406 -0.246934
-0.156882 2.307844 -0.249155
-0.161873 2.306705 -0.249036
-0.164911 2.317209 -0.251159
-0.170044 2.315834 -0.251437
-0.173152 2.326367 -0.253486
-0.178478 2.324831 -0.253979
-0.181698 2.335284 -0.255991
-0.187250 2.333411 -0.257010
-0.190664 2.343821 -0.259004
-0.196220 2.341696 -0.260456
-0.199709 2.352106 -0.262385
-0.205117 2.349732 -0.264307
-0.208721 2.360187 -0.266086
-0.213602 2.357663 -0.268451
-0.217374 2.368103 -0.270053
-0.221873 2.365482 -0.272708
-0.225991 2.375782 -0.274008
-0.229985 2.373096 -0.276878
-0.234232 2.383198 -0.278317
-0.237772 2.380494 -0.281328
-0.242159 2.390533 -0.282719
-0.245072 2.387919 -0.286020
-0.249558 2.397903 -0.287409
-0.251945 2.395347 -0.290948
-0.256517 2.405389 -0.292276
-0.258256 2.403072 -0.295942
-0.262888 2.413192 -0.297206
-0.264058 2.411127 -0.301011
-0.268787 2.421397 -0.302182
-0.269329 2.419602 -0.306111
-0.274192 2.430173 -0.307132
-0.274063 2.428715 -0.311149
-0.279021 2.439469 -0.312038
-0.278128 2.438386 -0.316104
-0.282855 2.449542 -0.316845
-0.281173 2.448876 -0.320826
-0.285749 2.460326 -0.321348
-0.283181 2.460204 -0.324873
-0.287774 2.471853 -0.325355
-0.284511 2.472008 -0.328542
-0.289045 2.483839 -0.329032
-0.285209 2.484306 -0.331706
-0.289689 2.496293 -0.332280
-0.285468 2.496970 -0.334541
-0.289819 2.509131 -0.335221
-0.285205 2.510005 -0.336968
-0.289364 2.522403 -0.337803
-0.284586 2.523376 -0.339101
-0.288421 2.536052 -0.340033
-0.283546 2.537112 -0.340932
-0.286844 2.550134 -0.341814
-0.281862 2.551310 -0.342112
-0.284426 2.564679 -0.342628
-0.101440 2.044221 -0.234049
-0.109553 2.052877 -0.237019
-0.107008 2.042717 -0.234595
-0.104348 2.032510 -0.232099
-0.112448 2.041404 -0.234767
-0.109929 2.031194 -0.232358
-0.115343 2.030079 -0.232161
-0.107263 2.020938 -0.229931
-0.112789 2.019809 -0.229804
-0.101591 2.022299 -0.229519
-0.104461 2.010666 -0.227428
-0.110123 2.009508 -0.227404
-0.098726 2.012025 -0.226926
-0.101596 2.000405 -0.224866
-0.095741 2.001750 -0.224406
-0.098464 1.990093 -0.222628
-0.107281 1.999233 -0.225010
-0.112862 1.998271 -0.224604
-0.104230 1.989000 -0.222664
-0.109879 1.987996 -0.222318
-0.100941 1.978763 -0.220259
-0.096917 1.968098 -0.217738
-0.106648 1.977791 -0.219959
-0.095120 1.979796 -0.220210
-0.090975 1.969006 -0.217722
-0.089011 1.981055 -0.219617
-0.084824 1.970264 -0.217175
-0.082844 1.982536 -0.218857
-0.092494 1.991414 -0.221998
-0.086480 1.992964 -0.221134
-0.089920 2.003448 -0.223532
-0.080611 1.995062 -0.220022
-0.084179 2.005408 -0.222426
-0.074845 1.997480 -0.218908
-0.076619 1.984541 -0.217747
-0.072379 1.973605 -0.215403
-0.070691 1.987081 -0.216548
-0.065961 1.976050 -0.214170
-0.064832 1.990198 -0.215210
-0.069091 2.000453 -0.217574
-0.059276 1.993381 -0.213884
-0.059855 1.979031 -0.212784
-0.053877 1.982500 -0.211391
-0.048439 1.986997 -0.210024
-0.054221 1.997228 -0.212491
-0.043272 1.991602 -0.208589
-0.049370 2.001544 -0.211107
-0.038522 1.996475 -0.207030
-0.044816 2.005865 -0.209438
-0.034242 2.001330 -0.205325
-0.030483 2.005667 -0.202985
-0.040581 2.010093 -0.207454
-0.045270 2.018256 -0.209561
-0.036909 2.014005 -0.205162
-0.033975 2.017545 -0.202348
-0.041844 2.021711 -0.207062
-0.046193 2.029603 -0.208932
-0.038882 2.024876 -0.204214
-0.036819 2.027641 -0.200757
-0.043414 2.032463 -0.206014
-0.047644 2.040369 -0.207944
-0.041340 2.035052 -0.202592
-0.039872 2.037387 -0.198808
-0.045581 2.042746 -0.204569
-0.049350 2.050748 -0.206797
-0.044357 2.044813 -0.200736
-0.043916 2.046500 -0.196535
-0.048198 2.052649 -0.202886
-0.051701 2.060868 -0.205238
-0.047817 2.054265 -0.198773
-0.048556 2.055419 -0.194526
-0.051423 2.062393 -0.201291
-0.054714 2.070939 -0.203797
-0.052185 2.063498 -0.197123
-0.053932 2.064037 -0.193093
-0.055388 2.072072 -0.199708
-0.058424 2.080930 -0.202264
-0.057098 2.072733 -0.195697
-0.059631 2.072868 -0.191966
-0.060150 2.081541 -0.198295
-0.062958 2.090817 -0.200843
-0.062616 2.081776 -0.194664
-0.065687 2.081683 -0.191319
-0.065420 2.091078 -0.197258
-0.068300 2.100502 -0.199856
-0.068402 2.091033 -0.193974
-0.071840 2.090727 -0.191056
-0.071179 2.100569 -0.196627
-0.074052 2.110353 -0.199200
-0.074521 2.100341 -0.193745
-0.078588 2.099668 -0.191303
-0.077408 2.110122 -0.196385
-0.080461 2.120057 -0.198930
-0.081456 2.109493 -0.193958
-0.085843 2.108692 -0.191820
-0.084467 2.119478 -0.196566
-0.087653 2.129617 -0.199108
-0.088756 2.118735 -0.194438
-0.093484 2.117746 -0.192692
-0.091893 2.128935 -0.196998
-0.095261 2.139106 -0.199729
-0.096613 2.127911 -0.195469
-0.101478 2.126813 -0.194137
-0.099927 2.138080 -0.198252
-0.103418 2.148254 -0.201109
-0.104666 2.137047 -0.196821
-0.109790 2.135672 -0.196131
-0.108165 2.147161 -0.199930
-0.111778 2.157236 -0.203057
-0.113218 2.145786 -0.199271
-0.118368 2.144345 -0.198748
-0.116764 2.155906 -0.202363
-0.120302 2.165891 -0.205745
-0.121844 2.154463 -0.201934
-0.127047 2.152755 -0.202068
-0.125380 2.164464 -0.205351
-0.128830 2.174472 -0.208709
-0.130530 2.162838 -0.205426
-0.135743 2.161057 -0.205784
-0.133967 2.172884 -0.208795
-0.137289 2.182852 -0.212202
-0.139140 2.171127 -0.209208
-0.144354 2.169228 -0.209889
-0.142436 2.181109 -0.212678
-0.145662 2.191138 -0.216098
-0.147638 2.179271 -0.213324
-0.152723 2.177264 -0.214326
-0.150790 2.189310 -0.216786
-0.153853 2.199349 -0.220306
-0.155857 2.187306 -0.217874
-0.160737 2.185192 -0.219231
-0.158878 2.197330 -0.221468
-0.161861 2.207420 -0.225014
-0.163808 2.195276 -0.222770
-0.168389 2.193126 -0.224456
-0.166802 2.205406 -0.226278
-0.169588 2.215483 -0.229962
-0.171360 2.203268 -0.228009
-0.175675 2.201092 -0.229974
-0.174180 2.213398 -0.231638
-0.176997 2.223533 -0.235170
-0.178474 2.211241 -0.233642
-0.182439 2.209035 -0.235923
-0.181334 2.221403 -0.237150
-0.184138 2.231547 -0.240650
-0.185352 2.219251 -0.239361
-0.188686 2.217014 -0.242116
-0.188067 2.229383 -0.242956
-0.190865 2.239523 -0.246426
-0.191426 2.227191 -0.245638
-0.194287 2.225030 -0.248519
-0.194242 2.237340 -0.249076
-0.197107 2.247460 -0.252441
-0.197081 2.235200 -0.251930
-0.199423 2.233117 -0.254965
-0.199929 2.245322 -0.255277
-0.202827 2.255395 -0.258580
-0.202183 2.243224 -0.258356
-0.203514 2.241225 -0.261734
-0.204945 2.253309 -0.261691
-0.207743 2.263387 -0.264977
-0.206320 2.251303 -0.265025
-0.206911 2.249411 -0.268547
-0.209149 2.261379 -0.268268
-0.212389 2.271417 -0.271275
-0.209755 2.259469 -0.271771
-0.209705 2.257688 -0.275367
-0.213017 2.269479 -0.274847
-0.216340 2.279527 -0.277829
-0.213021 2.267675 -0.278445
-0.211961 2.266129 -0.282113
-0.216287 2.277699 -0.281490
-0.219543 2.287757 -0.284445
-0.215151 2.276164 -0.285159
-0.213241 2.274946 -0.288676
-0.218367 2.286267 -0.288144
-0.221577 2.296313 -0.291044
-0.216431 2.285048 -0.291689
-0.213651 2.284241 -0.294893
-0.219586 2.295101 -0.294661
-0.222587 2.305267 -0.297383
-0.216829 2.294324 -0.297884
-0.213560 2.293890 -0.300729
-0.219936 2.304514 -0.300633
-0.222923 2.314729 -0.303158
-0.216808 2.304046 -0.303624
-0.213004 2.303933 -0.306038
-0.219831 2.314224 -0.306171
-0.222950 2.324525 -0.308557
-0.216086 2.314174 -0.308638
-0.211812 2.314744 -0.310282
-0.219225 2.324567 -0.310966
-0.222596 2.334965 -0.313139
-0.215071 2.325101 -0.312663
-0.210677 2.326013 -0.313906
-0.218622 2.335555 -0.314870
-0.222274 2.346086 -0.316927
-0.214288 2.336520 -0.316048
-0.209807 2.337765 -0.316818
-0.217993 2.347086 -0.318147
-0.222069 2.357460 -0.320221
-0.213612 2.348349 -0.318921
-0.209014 2.349926 -0.319157
-0.217650 2.358861 -0.320998
-0.221965 2.369234 -0.323004
-0.213121 2.360523 -0.321196
-0.208360 2.362509 -0.320834
-0.217421 2.371035 -0.323170
-0.221806 2.381441 -0.325103
-0.212637 2.373086 -0.322851
-0.207684 2.375396 -0.322051
-0.217001 2.383584 -0.324733
-0.221401 2.394036 -0.326472
-0.211950 2.385976 -0.323935
-0.206783 2.388535 -0.322710
-0.216263 2.396499 -0.325671
-0.220610 2.406966 -0.327220
-0.211031 2.399156 -0.324317
-0.205746 2.401962 -0.322604
-0.215312 2.409685 -0.325872
-0.219647 2.420134 -0.327355
-0.209964 2.412586 -0.324110
-0.204650 2.415544 -0.322066
-0.214225 2.423033 -0.325618
-0.218518 2.433397 -0.327122
-0.208807 2.426044 -0.323564
-0.203650 2.429046 -0.321318
-0.213070 2.436425 -0.325081
-0.217410 2.446676 -0.326655
-0.207910 2.439445 -0.322845
-0.203052 2.442439 -0.320442
-0.212203 2.449714 -0.324424
-0.216674 2.459922 -0.326031
-0.207426 2.452759 -0.321991
-0.203043 2.455792 -0.319346
-0.211950 2.462987 -0.323577
-0.216645 2.473177 -0.325120
-0.207577 2.466023 -0.320961
-0.203668 2.469046 -0.318068
-0.212436 2.476239 -0.322438
-0.217558 2.486396 -0.323790
-0.208620 2.479259 -0.319549
-0.205237 2.482170 -0.316466
-0.213882 2.489378 -0.320881
-0.219238 2.499424 -0.322208
-0.210596 2.492265 -0.317808
-0.207933 2.495078 -0.314661
-0.216045 2.502231 -0.319198
-0.221462 2.512294 -0.320548
-0.213548 2.504986 -0.316073
-0.211552 2.507597 -0.312756
-0.219076 2.514923 -0.317414
-0.224137 2.524752 -0.318519
-0.217135 2.517378 -0.314056
-0.215479 2.519623 -0.310708
-0.222078 2.527050 -0.315219
-0.226680 2.536741 -0.316251
-0.220919 2.529055 -0.311736
-0.220064 2.530856 -0.308146
-0.225319 2.538502 -0.312738
-0.229254 2.548128 -0.313495
-0.224450 2.540150 -0.309041
-0.224201 2.541596 -0.305274
-0.228431 2.549436 -0.309738
-0.231358 2.558576 -0.310007
-0.227879 2.550609 -0.305877
-0.228246 2.551524 -0.301888
-0.231022 2.559623 -0.306094
-0.233708 2.568708 -0.306125
-0.231331 2.560470 -0.302171
-0.232226 2.561143 -0.298330
-0.233873 2.569485 -0.302279
-0.235676 2.578554 -0.302206
-0.234739 2.570102 -0.298480
-0.236239 2.570554 -0.294811
-0.236225 2.579168 -0.298426
-0.237675 2.589456 -0.298377
-0.237657 2.579612 -0.294842
-0.239385 2.580051 -0.291405
-0.238776 2.590003 -0.294894
-0.240485 2.590568 -0.291615
-0.242758 2.591042 -0.288535
-0.245543 2.591372 -0.285687
-0.241728 2.580390 -0.288217
-0.244819 2.580490 -0.285429
-0.240483 2.571111 -0.288059
-0.243377 2.571151 -0.285168
-0.238125 2.570918 -0.291299
-0.238125 2.561800 -0.287753
-0.241055 2.561636 -0.284838
-0.235223 2.552745 -0.287510
-0.235725 2.561780 -0.291043
-0.233728 2.561594 -0.294602
-0.232776 2.552877 -0.290782
-0.229168 2.543939 -0.290391
-0.230691 2.552727 -0.294281
-0.229184 2.552257 -0.298020
-0.227062 2.543938 -0.293840
-0.222374 2.535093 -0.293076
-0.225598 2.543453 -0.297545
-0.224684 2.542669 -0.301391
-0.220838 2.534600 -0.296767
-0.215599 2.525712 -0.295761
-0.219864 2.533711 -0.300610
-0.219548 2.532469 -0.304417
-0.214624 2.524740 -0.299592
-0.208824 2.515720 -0.298324
-0.214304 2.523324 -0.303426
-0.214562 2.521580 -0.307170
-0.208538 2.514153 -0.302199
-0.202401 2.504627 -0.300685
-0.208878 2.512212 -0.305914
-0.209926 2.510016 -0.309427
-0.202853 2.502593 -0.304452
-0.196894 2.492698 -0.302925
-0.204079 2.500260 -0.307983
-0.205816 2.497762 -0.311364
-0.198192 2.490324 -0.306565
-0.192661 2.480105 -0.305070
-0.200092 2.487761 -0.309967
-0.202284 2.485090 -0.313252
-0.194519 2.477549 -0.308515
-0.189400 2.467123 -0.307096
-0.197021 2.474841 -0.311811
-0.200107 2.472018 -0.315018
-0.192087 2.464453 -0.310411
-0.187442 2.453804 -0.309005
-0.195237 2.461676 -0.313601
-0.198858 2.458809 -0.316605
-0.190663 2.451051 -0.312192
-0.186241 2.440352 -0.310772
-0.194412 2.448263 -0.315098
-0.198601 2.445406 -0.317832
-0.190191 2.437601 -0.313601
-0.185987 2.426795 -0.312160
-0.194321 2.434810 -0.316345
-0.198830 2.431954 -0.318927
-0.190231 2.424088 -0.314847
-0.186192 2.413202 -0.313381
-0.194711 2.421313 -0.317421
-0.199489 2.418459 -0.319864
-0.190723 2.410505 -0.315911
-0.186816 2.399568 -0.314362
-0.195437 2.407737 -0.318356
-0.200559 2.404859 -0.320534
-0.191518 2.396863 -0.316754
-0.187683 2.385890 -0.315029
-0.196487 2.394101 -0.318977
-0.201570 2.391283 -0.321061
-0.192519 2.383197 -0.317244
-0.188538 2.372292 -0.315411
-0.197519 2.380488 -0.319216
-0.202616 2.377851 -0.320868
-0.193523 2.369653 -0.317240
-0.189587 2.358761 -0.315127
-0.198502 2.367084 -0.318892
-0.203469 2.364691 -0.320115
-0.194435 2.356253 -0.316862
-0.190609 2.345480 -0.314519
-0.199401 2.353943 -0.318062
-0.204248 2.351874 -0.318773
-0.195467 2.343160 -0.315899
-0.191763 2.332437 -0.313516
-0.200340 2.341116 -0.316647
-0.205140 2.339290 -0.317061
-0.196635 2.330416 -0.314410
-0.193200 2.319776 -0.311884
-0.201450 2.328605 -0.314882
-0.206173 2.327189 -0.314608
-0.198130 2.318133 -0.312155
-0.194925 2.307656 -0.309351
-0.202837 2.316678 -0.312085
-0.207352 2.315568 -0.311396
-0.199641 2.306253 -0.309384
-0.196628 2.295993 -0.306312
-0.204261 2.305224 -0.308752
-0.208676 2.304437 -0.307634
-0.201210 2.294967 -0.305714
-0.198116 2.284808 -0.302633
-0.205563 2.294235 -0.304647
-0.209793 2.293820 -0.303020
-0.202445 2.284123 -0.301515
-0.199311 2.274077 -0.298355
-0.206586 2.283749 -0.299913
-0.210377 2.283792 -0.297692
-0.203437 2.273713 -0.296741
-0.200301 2.263679 -0.293636
-0.207200 2.273722 -0.294576
-0.210489 2.274160 -0.291819
-0.204036 2.263698 -0.291461
-0.200900 2.253738 -0.288284
-0.207325 2.264115 -0.288748
-0.210088 2.264889 -0.285629
-0.204206 2.254127 -0.285620
-0.201145 2.244175 -0.282431
-0.206953 2.254902 -0.282510
-0.208770 2.256136 -0.279014
-0.203846 2.244955 -0.279330
-0.200949 2.234901 -0.276140
-0.205599 2.246175 -0.275862
-0.206525 2.247707 -0.272219
-0.202766 2.236098 -0.272657
-0.199883 2.226061 -0.269379
-0.203723 2.237617 -0.268986
-0.204119 2.239321 -0.265279
-0.200946 2.227521 -0.265715
-0.198098 2.217413 -0.262390
-0.201336 2.229204 -0.261973
-0.200725 2.231108 -0.258396
-0.198366 2.219068 -0.258682
-0.195453 2.208932 -0.255306
-0.197892 2.220922 -0.255045
-0.196473 2.222933 -0.251641
-0.195054 2.210776 -0.251616
-0.192202 2.200556 -0.248124
-0.193649 2.212780 -0.248197
-0.191524 2.214852 -0.245033
-0.190853 2.202544 -0.244668
-0.188101 2.192314 -0.241068
-0.188806 2.204639 -0.241420
-0.186015 2.206804 -0.238490
-0.185855 2.194404 -0.237921
-0.182736 2.184188 -0.234463
-0.183141 2.196586 -0.234921
-0.179557 2.198859 -0.232340
-0.179962 2.186393 -0.231458
-0.176806 2.176210 -0.227969
-0.176573 2.188635 -0.228814
-0.172766 2.190937 -0.226326
-0.173522 2.178471 -0.225267
-0.170211 2.168350 -0.221922
-0.169588 2.180786 -0.222989
-0.165356 2.183015 -0.220908
-0.166416 2.170662 -0.219562
-0.162990 2.160537 -0.216341
-0.162150 2.172918 -0.217498
-0.157586 2.175141 -0.215696
-0.158875 2.162859 -0.214119
-0.155492 2.152706 -0.211032
-0.154251 2.165022 -0.212401
-0.149384 2.167166 -0.210985
-0.150944 2.154888 -0.209144
-0.147710 2.144711 -0.206022
-0.146056 2.157045 -0.207596
-0.140990 2.159153 -0.206387
-0.142812 2.146864 -0.204431
-0.139686 2.136610 -0.201506
-0.137647 2.148969 -0.203200
-0.132305 2.150941 -0.202424
-0.134424 2.138763 -0.200103
-0.131306 2.128489 -0.197355
-0.128969 2.140774 -0.199307
-0.123613 2.142641 -0.198830
-0.125725 2.130560 -0.196365
-0.122688 2.120308 -0.193488
-0.120303 2.132483 -0.195777
-0.115010 2.134162 -0.195735
-0.117178 2.122263 -0.192806
-0.114245 2.111937 -0.190140
-0.111860 2.123935 -0.192896
-0.106623 2.125443 -0.193403
-0.108854 2.113679 -0.190114
-0.106046 2.103384 -0.187438
-0.103599 2.115203 -0.190600
-0.098423 2.116580 -0.191426
-0.100739 2.105006 -0.187845
-0.098044 2.094780 -0.185161
-0.095561 2.106427 -0.188747
-0.090591 2.107659 -0.190060
-0.092846 2.096271 -0.186080
-0.090227 2.086232 -0.183303
-0.087801 2.097581 -0.187380
-0.083039 2.098730 -0.189154
-0.085111 2.087731 -0.184656
-0.082415 2.077968 -0.181931
-0.080319 2.088961 -0.186468
-0.075851 2.090000 -0.188604
-0.077614 2.079331 -0.183761
-0.074678 2.069943 -0.180904
-0.073164 2.080478 -0.185892
-0.069191 2.081269 -0.188378
-0.070273 2.071205 -0.183107
-0.067014 2.062223 -0.180166
-0.066337 2.072063 -0.185667
-0.062771 2.072620 -0.188665
-0.063103 2.063227 -0.182786
-0.059582 2.054564 -0.179953
-0.059441 2.063981 -0.185740
-0.056425 2.064175 -0.189233
-0.055905 2.055503 -0.182915
-0.051845 2.047304 -0.180138
-0.052834 2.055946 -0.186430
-0.050221 2.056004 -0.190373
-0.048702 2.047949 -0.183694
-0.044129 2.040606 -0.181060
-0.046255 2.048136 -0.187779
-0.044419 2.047727 -0.192106
-0.041644 2.040879 -0.185233
-0.036943 2.033864 -0.182891
-0.040179 2.040264 -0.189743
-0.039445 2.039169 -0.194531
-0.035447 2.033402 -0.187645
-0.030479 2.026603 -0.185512
-0.034753 2.032274 -0.192584
-0.035244 2.030260 -0.196911
-0.029821 2.025445 -0.190551
-0.023926 2.017800 -0.188503
-0.030220 2.023412 -0.195133
-0.031793 2.020676 -0.199076
-0.024294 2.015349 -0.193084
-0.025529 2.012371 -0.197100
-0.027556 2.009238 -0.200292
-0.024497 2.018988 -0.183425
-0.026167 2.019495 -0.178470
-0.031968 2.027181 -0.180687
-0.028747 2.018547 -0.173862
-0.034777 2.026598 -0.176047
-0.032143 2.016576 -0.170155
-0.036080 2.014345 -0.167140
-0.038198 2.024908 -0.172449
-0.042886 2.032252 -0.174739
-0.042202 2.022733 -0.169438
-0.046498 2.020279 -0.167077
-0.046840 2.030540 -0.172001
-0.051356 2.038294 -0.174557
-0.051075 2.028281 -0.169539
-0.055816 2.025504 -0.167628
-0.055555 2.036365 -0.171979
-0.059676 2.044716 -0.174516
-0.060131 2.034085 -0.170030
-0.064307 2.042769 -0.172494
-0.065092 2.031390 -0.168565
-0.070193 2.028480 -0.167610
-0.060761 2.022516 -0.166334
-0.069219 2.040403 -0.171016
-0.072984 2.049679 -0.173530
-0.074208 2.037861 -0.169829
-0.079664 2.034986 -0.169267
-0.078020 2.047382 -0.172175
-0.081449 2.056893 -0.174835
-0.083329 2.044726 -0.171454
-0.088924 2.041970 -0.171052
-0.086736 2.054660 -0.173881
-0.089832 2.064642 -0.176724
-0.092238 2.052196 -0.173512
-0.098012 2.049713 -0.173562
-0.095302 2.062424 -0.176216
-0.098178 2.072571 -0.179035
-0.101033 2.060025 -0.176220
-0.106789 2.057770 -0.176702
-0.103813 2.070474 -0.179034
-0.106378 2.080873 -0.181897
-0.109578 2.068301 -0.179474
-0.115290 2.066113 -0.180481
-0.112175 2.078787 -0.182398
-0.114734 2.089201 -0.185236
-0.117953 2.076622 -0.183402
-0.123470 2.074546 -0.184777
-0.120561 2.087075 -0.186234
-0.123102 2.097507 -0.189008
-0.126014 2.084996 -0.187693
-0.131111 2.083010 -0.189422
-0.128560 2.095398 -0.190477
-0.131156 2.105737 -0.193260
-0.133627 2.093383 -0.192225
-0.138243 2.091469 -0.194300
-0.136176 2.103676 -0.195012
-0.138854 2.113954 -0.197687
-0.140796 2.101694 -0.197078
-0.145003 2.099819 -0.199473
-0.143397 2.111943 -0.199759
-0.146153 2.122158 -0.202445
-0.147523 2.109993 -0.202190
-0.151161 2.108111 -0.204854
-0.150260 2.120107 -0.204854
-0.153186 2.130226 -0.207531
-0.154021 2.118128 -0.207423
-0.157068 2.116287 -0.210306
-0.156946 2.128184 -0.210039
-0.160129 2.138209 -0.212764
-0.160039 2.126255 -0.212907
-0.162580 2.124365 -0.216075
-0.163240 2.136154 -0.215603
-0.166645 2.146100 -0.218429
-0.165871 2.134184 -0.218695
-0.167910 2.132340 -0.222014
-0.169332 2.144016 -0.221495
-0.172797 2.153887 -0.224499
-0.171313 2.142104 -0.224824
-0.172471 2.140359 -0.228436
-0.174855 2.151935 -0.227756
-0.178283 2.161938 -0.230968
-0.176075 2.150152 -0.231384
-0.176588 2.148507 -0.235216
-0.179636 2.160028 -0.234491
-0.183099 2.170051 -0.237754
-0.180255 2.158266 -0.238262
-0.180126 2.156737 -0.242187
-0.183726 2.168251 -0.241535
-0.187180 2.178302 -0.244827
-0.183547 2.166660 -0.245400
-0.182501 2.165346 -0.249298
-0.186833 2.176703 -0.248743
-0.189713 2.186854 -0.252164
-0.185633 2.175388 -0.252605
-0.183909 2.174318 -0.256264
-0.188621 2.185502 -0.255941
-0.191456 2.195677 -0.259301
-0.186772 2.184459 -0.259545
-0.184311 2.183735 -0.262888
-0.189584 2.194612 -0.262838
-0.192351 2.204767 -0.266159
-0.187130 2.193850 -0.266132
-0.183947 2.193523 -0.268918
-0.189902 2.203978 -0.269384
-0.192686 2.214017 -0.272741
-0.186657 2.203673 -0.272049
-0.182932 2.203772 -0.274143
-0.189424 2.213682 -0.275408
-0.192190 2.223716 -0.278720
-0.185674 2.213727 -0.277537
-0.181728 2.214034 -0.279281
-0.188466 2.223729 -0.280870
-0.191260 2.233747 -0.284060
-0.184435 2.224042 -0.282565
-0.180183 2.224614 -0.283845
-0.187219 2.234063 -0.285748
-0.190081 2.244113 -0.288869
-0.182964 2.234622 -0.287052
-0.178401 2.235620 -0.287622
-0.185819 2.244666 -0.290177
-0.188789 2.254702 -0.293281
-0.181290 2.245677 -0.290713
-0.176610 2.246884 -0.290913
-0.184261 2.255661 -0.293920
-0.187316 2.265678 -0.297063
-0.179559 2.256895 -0.294097
-0.174704 2.258448 -0.293717
-0.182593 2.266946 -0.297215
-0.185678 2.277007 -0.300320
-0.177705 2.268516 -0.296839
-0.172754 2.270352 -0.295989
-0.180758 2.278624 -0.299918
-0.183838 2.288799 -0.302921
-0.175781 2.280487 -0.299080
-0.170723 2.282549 -0.297876
-0.178842 2.290673 -0.302127
-0.181903 2.300943 -0.305134
-0.173773 2.292769 -0.300941
-0.168764 2.294973 -0.299445
-0.176886 2.303046 -0.303938
-0.179972 2.313408 -0.306969
-0.171873 2.305277 -0.302461
-0.166979 2.307578 -0.300711
-0.175112 2.315709 -0.305289
-0.178470 2.326330 -0.308029
-0.170253 2.318034 -0.303545
-0.165471 2.320329 -0.301694
-0.173694 2.328701 -0.306210
-0.177173 2.339496 -0.308785
-0.168985 2.331089 -0.304238
-0.164356 2.333395 -0.302183
-0.172564 2.341908 -0.306682
-0.176266 2.352893 -0.308971
-0.168005 2.344333 -0.304529
-0.163666 2.346691 -0.302171
-0.171700 2.355347 -0.306755
-0.175418 2.366425 -0.308846
-0.167343 2.357735 -0.304364
-0.163099 2.360106 -0.301883
-0.171014 2.368876 -0.306451
-0.174794 2.380030 -0.308338
-0.166821 2.371293 -0.303845
-0.162985 2.373625 -0.301126
-0.170535 2.382505 -0.305732
-0.174301 2.393647 -0.307458
-0.166602 2.384888 -0.302998
-0.163234 2.387161 -0.300056
-0.170383 2.396094 -0.304697
-0.174300 2.407253 -0.306262
-0.166937 2.398417 -0.301814
-0.164032 2.400621 -0.298710
-0.170806 2.409625 -0.303378
-0.174831 2.420816 -0.304810
-0.167943 2.411873 -0.300280
-0.165507 2.414031 -0.296966
-0.171959 2.423106 -0.301700
-0.175982 2.434285 -0.303078
-0.169514 2.425315 -0.298374
-0.167779 2.427349 -0.294799
-0.173636 2.436536 -0.299713
-0.177939 2.447674 -0.301028
-0.171962 2.438606 -0.296123
-0.170916 2.440466 -0.292380
-0.176352 2.449781 -0.297421
-0.180906 2.460846 -0.298759
-0.175471 2.451635 -0.293620
-0.175128 2.453317 -0.289693
-0.180099 2.462752 -0.294926
-0.185011 2.473719 -0.296303
-0.179958 2.464390 -0.291005
-0.180688 2.465668 -0.286981
-0.185024 2.475370 -0.292331
-0.190443 2.486114 -0.293732
-0.185845 2.476629 -0.288302
-0.187559 2.477370 -0.284474
-0.191403 2.487296 -0.289752
-0.197380 2.497598 -0.291302
-0.193115 2.488030 -0.285907
-0.195576 2.488220 -0.282475
-0.199004 2.498387 -0.287485
-0.205272 2.507964 -0.289185
-0.201381 2.498593 -0.283987
-0.204383 2.498204 -0.280928
-0.207507 2.508160 -0.285718
-0.213521 2.517440 -0.287254
-0.210371 2.507800 -0.282661
-0.213859 2.506737 -0.280294
-0.216242 2.516979 -0.284217
-0.221923 2.525910 -0.285556
-0.219593 2.515865 -0.281827
-0.223328 2.514405 -0.279907
-0.225089 2.524894 -0.283020
-0.230049 2.534089 -0.283780
-0.228569 2.523607 -0.280956
-0.232596 2.522047 -0.279570
-0.233644 2.532789 -0.281926
-0.237902 2.542137 -0.282084
-0.237575 2.531472 -0.280310
-0.241791 2.529935 -0.279223
-0.241869 2.540966 -0.280604
-0.245350 2.550668 -0.280710
-0.246170 2.539560 -0.279536
-0.250530 2.537998 -0.278623
-0.249733 2.549361 -0.279516
-0.252503 2.559583 -0.279405
-0.254064 2.548196 -0.278537
-0.258741 2.546983 -0.278051
-0.257092 2.558697 -0.278423
-0.259371 2.569335 -0.278272
-0.261805 2.557547 -0.277940
-0.266811 2.556402 -0.277877
-0.264189 2.568724 -0.277651
-0.265541 2.579911 -0.277279
-0.269045 2.567911 -0.277520
-0.274272 2.566863 -0.277843
-0.270435 2.579505 -0.276938
-0.270592 2.592123 -0.276564
-0.275562 2.578757 -0.277270
-0.280892 2.577946 -0.277918
-0.275713 2.591790 -0.276566
-0.281161 2.591043 -0.277038
-0.287041 2.590091 -0.278690
-0.292792 2.589097 -0.281110
-0.286751 2.576808 -0.279554
-0.285259 2.564114 -0.280328
-0.292313 2.575518 -0.281926
-0.297432 2.574123 -0.284662
-0.290700 2.562600 -0.282589
-0.295767 2.561129 -0.285285
-0.288227 2.550186 -0.283028
-0.293134 2.548497 -0.285595
-0.284782 2.538211 -0.282986
-0.282767 2.551930 -0.280766
-0.277202 2.553658 -0.279090
-0.279433 2.540228 -0.280826
-0.275424 2.528713 -0.280853
-0.273949 2.542063 -0.279404
-0.270027 2.530872 -0.279427
-0.268745 2.543734 -0.278525
-0.271927 2.555186 -0.278212
-0.263631 2.545460 -0.277962
-0.264919 2.532858 -0.278613
-0.259729 2.534798 -0.277983
-0.260436 2.522152 -0.278598
-0.265613 2.520017 -0.279299
-0.255564 2.511821 -0.278202
-0.255396 2.524285 -0.277928
-0.250653 2.526224 -0.278089
-0.250499 2.514099 -0.277703
-0.245344 2.504292 -0.276836
-0.245697 2.516253 -0.277626
-0.240482 2.506596 -0.276809
-0.241112 2.518434 -0.277867
-0.246067 2.528142 -0.278411
-0.236817 2.520370 -0.278582
-0.235835 2.508851 -0.277086
-0.231561 2.510876 -0.277823
-0.230440 2.499305 -0.275812
-0.235191 2.496993 -0.275710
-0.225110 2.489728 -0.274504
-0.226044 2.501391 -0.276367
-0.221794 2.503414 -0.277175
-0.220534 2.491939 -0.274879
-0.215143 2.482153 -0.273382
-0.216227 2.493916 -0.275610
-0.210737 2.484065 -0.274117
-0.211991 2.495643 -0.276856
-0.217699 2.505240 -0.278459
-0.208039 2.497114 -0.278577
-0.206463 2.485773 -0.275253
-0.202339 2.487059 -0.277017
-0.201119 2.475368 -0.273902
-0.205491 2.473886 -0.272675
-0.196076 2.464825 -0.272570
-0.196973 2.476611 -0.275665
-0.193162 2.477406 -0.278027
-0.191918 2.465839 -0.274390
-0.187203 2.454916 -0.273108
-0.188207 2.466444 -0.276770
-0.183460 2.455426 -0.275574
-0.184987 2.466661 -0.279720
-0.190091 2.477609 -0.281038
-0.182454 2.466395 -0.283168
-0.180234 2.455578 -0.278497
-0.177744 2.455268 -0.281948
-0.175760 2.444413 -0.277301
-0.178922 2.444380 -0.274303
-0.171453 2.433223 -0.276082
-0.173187 2.444085 -0.280725
-0.171499 2.443295 -0.284501
-0.168967 2.432816 -0.279506
-0.164891 2.421512 -0.278245
-0.167307 2.431990 -0.283258
-0.163207 2.420688 -0.281942
-0.166571 2.430753 -0.287166
-0.170787 2.442051 -0.288433
-0.166683 2.429203 -0.291069
-0.162412 2.419468 -0.285812
-0.162657 2.417884 -0.289672
-0.158429 2.408152 -0.284351
-0.159148 2.409406 -0.280511
-0.154456 2.396851 -0.282796
-0.158643 2.406580 -0.288189
-0.159701 2.404764 -0.291909
-0.154640 2.395288 -0.286618
-0.150585 2.384018 -0.284921
-0.155660 2.393480 -0.290338
-0.151634 2.382213 -0.288632
-0.157597 2.391480 -0.293806
-0.161606 2.402749 -0.295403
-0.160168 2.389376 -0.297017
-0.153606 2.380214 -0.292102
-0.156267 2.378104 -0.295278
-0.149686 2.368967 -0.290228
-0.147716 2.370961 -0.286755
-0.145902 2.357738 -0.288213
-0.152380 2.366843 -0.293470
-0.155645 2.364646 -0.296411
-0.148647 2.355605 -0.291455
-0.145036 2.344412 -0.289301
-0.151853 2.353423 -0.294475
-0.148259 2.342257 -0.292294
-0.155539 2.351206 -0.297192
-0.159320 2.362389 -0.299177
-0.159416 2.348965 -0.299797
-0.151840 2.340120 -0.294998
-0.155787 2.337903 -0.297531
-0.148361 2.329086 -0.292620
-0.144753 2.331172 -0.289972
-0.145063 2.318191 -0.290001
-0.152236 2.326995 -0.295087
-0.156510 2.324806 -0.297386
-0.148912 2.316164 -0.292445
-0.145689 2.305463 -0.289731
-0.153130 2.314096 -0.294727
-0.149997 2.303483 -0.291864
-0.157651 2.311959 -0.296843
-0.160975 2.322577 -0.299563
-0.162253 2.309792 -0.298856
-0.154425 2.301416 -0.293969
-0.159101 2.299283 -0.295919
-0.151412 2.290979 -0.290960
-0.147004 2.292949 -0.288911
-0.148588 2.280576 -0.287865
-0.156078 2.288948 -0.292876
-0.160801 2.286839 -0.294746
-0.153128 2.278625 -0.289782
-0.150383 2.268348 -0.286613
-0.157867 2.276582 -0.291602
-0.155001 2.266367 -0.288426
-0.162724 2.274486 -0.293286
-0.165683 2.284703 -0.296401
-0.167730 2.272374 -0.294781
-0.159883 2.264287 -0.290094
-0.164780 2.262230 -0.291657
-0.157027 2.254140 -0.286995
-0.152185 2.256170 -0.285360
-0.154247 2.244009 -0.283846
-0.161882 2.252100 -0.288545
-0.166848 2.250189 -0.289688
-0.159068 2.242022 -0.285336
-0.156294 2.231988 -0.282137
-0.163992 2.240138 -0.286496
-0.161186 2.230121 -0.283308
-0.168930 2.238389 -0.287330
-0.171793 2.248406 -0.290536
-0.173763 2.236903 -0.287650
-0.166063 2.228385 -0.284168
-0.170936 2.226899 -0.284474
-0.163255 2.218420 -0.280976
-0.158413 2.220140 -0.280094
-0.160515 2.208499 -0.277709
-0.168110 2.216898 -0.281379
-0.172856 2.215625 -0.281250
-0.165349 2.206934 -0.278215
-0.162541 2.197021 -0.275035
-0.170110 2.205683 -0.278004
-0.167282 2.195706 -0.274906
-0.174722 2.204720 -0.277186
-0.177446 2.214645 -0.280550
-0.178988 2.204086 -0.275907
-0.171902 2.194714 -0.274118
-0.176232 2.194020 -0.272813
-0.169017 2.184751 -0.271067
-0.164415 2.185823 -0.271764
-0.166024 2.174895 -0.267965
-0.173395 2.183990 -0.269791
-0.177521 2.183485 -0.268096
-0.170385 2.174104 -0.266683
-0.167203 2.164334 -0.263531
-0.174534 2.173559 -0.264935
-0.171257 2.163786 -0.261690
-0.178172 2.173438 -0.262529
-0.181214 2.183396 -0.265766
-0.181351 2.173688 -0.259612
-0.174921 2.163638 -0.259241
-0.171547 2.153960 -0.256072
-0.178049 2.163861 -0.256344
-0.180603 2.164447 -0.252969
-0.174637 2.154115 -0.253128
-0.177190 2.154634 -0.249735
-0.171155 2.144496 -0.250078
-0.167809 2.134891 -0.247194
-0.168083 2.144352 -0.253077
-0.173684 2.144983 -0.246651
-0.170146 2.135368 -0.243695
-0.175406 2.145868 -0.242952
-0.178967 2.155569 -0.246063
-0.176455 2.147033 -0.239125
-0.171847 2.136183 -0.239961
-0.172766 2.137352 -0.236119
-0.168709 2.126671 -0.237258
-0.167066 2.125840 -0.241029
-0.169561 2.127808 -0.233326
-0.165594 2.117189 -0.234579
-0.164071 2.116360 -0.238390
-0.162808 2.107643 -0.232041
-0.166428 2.118248 -0.230641
-0.163540 2.108650 -0.228108
-0.166534 2.119514 -0.226743
-0.163665 2.109851 -0.224165
-0.165786 2.121007 -0.222999
-0.169670 2.129138 -0.229440
-0.173013 2.138765 -0.232230
-0.169086 2.130676 -0.225661
-0.164543 2.122606 -0.219426
-0.163036 2.111269 -0.220350
-0.160357 2.101528 -0.217852
-0.161617 2.112829 -0.216827
-0.159570 2.114543 -0.213497
-0.158861 2.103024 -0.214285
-0.156457 2.093142 -0.211752
-0.156800 2.104649 -0.210934
-0.154325 2.106332 -0.207706
-0.154417 2.094666 -0.208295
-0.151811 2.096305 -0.205083
-0.152215 2.084619 -0.205667
-0.150247 2.074478 -0.202858
-0.149517 2.086191 -0.202446
-0.154313 2.083126 -0.209173
-0.155801 2.081744 -0.212893
-0.152387 2.073018 -0.206425
-0.150476 2.062884 -0.203651
-0.153831 2.071713 -0.210278
-0.154658 2.070513 -0.214222
-0.151871 2.061564 -0.207645
-0.152735 2.060372 -0.211692
-0.149913 2.051362 -0.204966
-0.150805 2.050189 -0.209119
-0.148351 2.052633 -0.200991
-0.147659 2.041113 -0.202431
-0.148410 2.040021 -0.206668
-0.146019 2.042319 -0.198425
-0.144948 2.030792 -0.200129
-0.145860 2.029766 -0.204309
-0.143315 2.031960 -0.196115
-0.142427 2.020440 -0.197819
-0.143367 2.019448 -0.202040
-0.140801 2.021558 -0.193795
-0.140211 2.010004 -0.195552
-0.141239 2.009011 -0.199786
-0.138525 2.011122 -0.191450
-0.137867 1.999573 -0.193342
-0.135426 1.989210 -0.191126
-0.139097 1.998534 -0.197523
-0.136150 2.000735 -0.189146
-0.133551 2.002021 -0.185439
-0.133276 1.990462 -0.187204
-0.130329 1.980322 -0.185229
-0.130630 1.991773 -0.183483
-0.127006 1.993053 -0.180357
-0.127403 1.981600 -0.181655
-0.123548 1.971185 -0.179836
-0.123715 1.982947 -0.178714
-0.119743 1.972551 -0.176852
-0.119435 1.984387 -0.175720
-0.115490 1.974016 -0.173974
-0.122718 1.994366 -0.177326
-0.114451 1.985850 -0.173159
-0.110505 1.975466 -0.171506
-0.117732 1.995906 -0.174666
-0.108975 1.987342 -0.170881
-0.104890 1.977017 -0.169306
-0.112378 1.997384 -0.172309
-0.102932 1.989030 -0.168911
-0.098762 1.978765 -0.167430
-0.106578 1.999005 -0.170274
-0.096624 1.991008 -0.167215
-0.090317 1.993200 -0.165833
-0.092280 1.980606 -0.165654
-0.100498 2.000986 -0.168652
-0.094191 2.003219 -0.167286
-0.104314 2.011061 -0.169985
-0.108024 2.021587 -0.171933
-0.110090 2.009228 -0.171881
-0.098261 2.013389 -0.168844
-0.102300 2.023747 -0.170676
-0.092464 2.015948 -0.167891
-0.088149 2.005834 -0.166224
-0.096500 2.026187 -0.169713
-0.086555 2.018950 -0.167341
-0.082275 2.008921 -0.165535
-0.081060 2.022051 -0.167110
-0.090806 2.029036 -0.169221
-0.094595 2.039185 -0.171290
-0.085183 2.032080 -0.169116
-0.100215 2.036679 -0.171798
-0.103687 2.047232 -0.174059
-0.105945 2.034313 -0.172687
-0.111617 2.032210 -0.173948
-0.109377 2.044918 -0.174983
-0.112468 2.055551 -0.177681
-0.115031 2.042782 -0.176198
-0.120211 2.040972 -0.178025
-0.118055 2.053475 -0.178891
-0.120895 2.064029 -0.181758
-0.123263 2.051608 -0.180534
-0.128339 2.049868 -0.182468
-0.125978 2.062131 -0.183490
-0.128542 2.072612 -0.186525
-0.130913 2.060368 -0.185474
-0.135459 2.058668 -0.187927
-0.133363 2.070813 -0.188571
-0.135790 2.081135 -0.191476
-0.137807 2.069065 -0.190999
-0.141873 2.067384 -0.193640
-0.140160 2.079362 -0.193867
-0.142527 2.089633 -0.196758
-0.144090 2.077661 -0.196571
-0.147468 2.076025 -0.199570
-0.146295 2.087865 -0.199452
-0.148693 2.098024 -0.202152
-0.145423 2.065779 -0.196631
-0.143234 2.055450 -0.193715
-0.148277 2.064266 -0.199983
-0.146166 2.053997 -0.197168
-0.143737 2.043636 -0.194598
-0.140766 2.045058 -0.191043
-0.141051 2.033248 -0.192266
-0.138053 2.034613 -0.188688
-0.138425 2.022806 -0.189986
-0.135280 2.024138 -0.186355
-0.135993 2.012394 -0.187725
-0.132648 2.013687 -0.184098
-0.128705 2.015014 -0.180861
-0.130108 2.003295 -0.181892
-0.125923 2.004549 -0.178788
-0.121029 2.005990 -0.176198
-0.124105 2.016449 -0.178107
-0.115757 2.007608 -0.173837
-0.119059 2.017999 -0.175614
-0.113553 2.019719 -0.173706
-0.122265 2.028602 -0.177712
-0.127129 2.027014 -0.180152
-0.116982 2.030319 -0.175730
-0.125346 2.039226 -0.180016
-0.130085 2.037590 -0.182454
-0.134346 2.036038 -0.185388
-0.132891 2.048180 -0.185049
-0.137122 2.046576 -0.187834
-0.139607 2.057017 -0.190619
-0.131493 2.025518 -0.183100
-0.075575 2.025258 -0.167159
-0.076644 2.012258 -0.165322
-0.071176 2.015732 -0.165222
-0.071884 2.002563 -0.163486
-0.066710 1.992566 -0.161793
-0.077808 1.999056 -0.163834
-0.066413 2.006145 -0.163413
-0.060879 1.996324 -0.161513
-0.061213 2.009855 -0.163571
-0.055597 2.000235 -0.161652
-0.065923 2.019236 -0.165457
-0.056112 2.013573 -0.164100
-0.050411 2.004126 -0.162204
-0.051223 2.017084 -0.165267
-0.045278 2.007852 -0.163035
-0.040426 2.011310 -0.164654
-0.072698 1.988982 -0.162253
-0.083859 1.995919 -0.164690
-0.079079 1.985632 -0.163105
-0.085794 1.982746 -0.164240
-0.126658 1.969884 -0.183289
-0.129220 1.968642 -0.186968
-0.130915 1.967516 -0.191041
-0.132749 1.979083 -0.189004
-0.134255 1.977978 -0.193216
-0.134848 1.977002 -0.197611
-0.136967 1.988099 -0.195299
-0.137379 1.987252 -0.199788
-0.136751 1.986571 -0.204208
-0.139446 1.997696 -0.201916
-0.138886 1.997026 -0.206329
-0.141497 2.008144 -0.204090
-0.140960 2.007452 -0.208430
-0.143568 2.018588 -0.206326
-0.142980 2.017878 -0.210576
-0.145956 2.028870 -0.208602
-0.145358 2.028104 -0.212838
-0.148434 2.039064 -0.210964
-0.147752 2.038275 -0.215207
-0.150904 2.049186 -0.213354
-0.150168 2.048361 -0.217644
-0.152920 2.059329 -0.215829
-0.152134 2.058453 -0.220056
-0.154756 2.069451 -0.218343
-0.154040 2.068566 -0.222462
-0.156608 2.079426 -0.220809
-0.155911 2.078503 -0.224838
-0.156557 2.080516 -0.216768
-0.158585 2.089350 -0.223244
-0.161054 2.099012 -0.225659
-0.157768 2.088443 -0.227197
-0.158487 2.090513 -0.219307
-0.157783 2.091770 -0.215471
-0.161062 2.100189 -0.221721
-0.156225 2.087753 -0.231057
-0.160252 2.098058 -0.229614
-0.158699 2.097323 -0.233469
-0.156376 2.096889 -0.237055
-0.161192 2.106900 -0.235855
-0.158730 2.106509 -0.239327
-0.155658 2.106415 -0.242433
-0.161598 2.115950 -0.241890
-0.164589 2.125390 -0.244461
-0.158599 2.115826 -0.244994
-0.161547 2.125260 -0.247544
-0.154979 2.116091 -0.247463
-0.157957 2.125533 -0.250020
-0.152203 2.106576 -0.245086
-0.151090 2.116585 -0.249535
-0.148268 2.107086 -0.247048
-0.154079 2.126084 -0.251989
-0.146907 2.117423 -0.250875
-0.144080 2.107839 -0.248473
-0.142572 2.118408 -0.251883
-0.149913 2.126912 -0.253431
-0.153133 2.136362 -0.256202
-0.145566 2.127971 -0.254343
-0.140969 2.129283 -0.254837
-0.148722 2.137477 -0.257055
-0.151967 2.147006 -0.259768
-0.144130 2.138833 -0.257484
-0.139327 2.140498 -0.257361
-0.147367 2.148406 -0.260115
-0.150593 2.158024 -0.262813
-0.142573 2.150086 -0.259950
-0.137669 2.151968 -0.259257
-0.145804 2.159726 -0.262532
-0.148851 2.169353 -0.265546
-0.140923 2.161555 -0.261932
-0.136210 2.163540 -0.260803
-0.144087 2.171206 -0.264685
-0.147114 2.180907 -0.267564
-0.139354 2.173124 -0.263602
-0.134835 2.175124 -0.262173
-0.142342 2.182781 -0.266566
-0.145254 2.192483 -0.269593
-0.137784 2.184738 -0.265165
-0.133363 2.186743 -0.263594
-0.140703 2.194440 -0.268140
-0.143517 2.204192 -0.271184
-0.136218 2.196402 -0.266605
-0.132020 2.198368 -0.264808
-0.138935 2.206133 -0.269711
-0.141636 2.215945 -0.272792
-0.134620 2.208058 -0.267969
-0.130362 2.210005 -0.266141
-0.137208 2.217888 -0.271071
-0.139827 2.227802 -0.274146
-0.132889 2.219823 -0.269253
-0.128797 2.221723 -0.267301
-0.135416 2.229718 -0.272321
-0.137974 2.239695 -0.275460
-0.131368 2.231591 -0.270336
-0.127338 2.233458 -0.268358
-0.133875 2.241552 -0.273458
-0.136330 2.251638 -0.276603
-0.129894 2.243388 -0.271380
-0.126334 2.245163 -0.269208
-0.132357 2.253469 -0.274548
-0.134910 2.263664 -0.277621
-0.128727 2.255248 -0.272412
-0.125301 2.256994 -0.270163
-0.131101 2.265419 -0.275514
-0.133520 2.275756 -0.278603
-0.127641 2.267155 -0.273225
-0.124669 2.268934 -0.270678
-0.130058 2.277522 -0.276276
-0.132540 2.288005 -0.279265
-0.126975 2.279338 -0.273692
-0.124457 2.281122 -0.270881
-0.129424 2.289856 -0.276627
-0.132106 2.300509 -0.279450
-0.126874 2.291680 -0.273723
-0.124910 2.293504 -0.270532
-0.129557 2.302401 -0.276393
-0.132444 2.313288 -0.278979
-0.127497 2.304265 -0.273153
-0.126405 2.306042 -0.269703
-0.130426 2.315197 -0.275626
-0.133411 2.326234 -0.278064
-0.129254 2.316948 -0.272142
-0.129126 2.318517 -0.268539
-0.132235 2.328019 -0.274492
-0.135554 2.339158 -0.276771
-0.132297 2.329544 -0.270841
-0.133389 2.330762 -0.267270
-0.135540 2.340685 -0.273055
-0.138946 2.351904 -0.275197
-0.136646 2.341883 -0.269434
-0.138628 2.342734 -0.266107
-0.140006 2.353084 -0.271507
-0.143505 2.364349 -0.273498
-0.141936 2.353926 -0.268088
-0.144556 2.354371 -0.265171
-0.145315 2.365195 -0.269966
-0.149152 2.376379 -0.271923
-0.147968 2.365589 -0.266954
-0.151229 2.365641 -0.264463
-0.151687 2.376846 -0.268791
-0.155494 2.388116 -0.270505
-0.154861 2.376899 -0.266196
-0.158556 2.376603 -0.264040
-0.158691 2.388151 -0.267817
-0.162621 2.399414 -0.269286
-0.162413 2.387817 -0.265607
-0.166593 2.387202 -0.263825
-0.166345 2.399052 -0.267049
-0.170334 2.410291 -0.268376
-0.170519 2.398404 -0.265218
-0.175013 2.397383 -0.263956
-0.174508 2.409591 -0.266533
-0.178564 2.420769 -0.267778
-0.178998 2.408543 -0.265268
-0.183587 2.407288 -0.264423
-0.183056 2.419693 -0.266517
-0.187227 2.430772 -0.267698
-0.187694 2.418384 -0.265674
-0.192512 2.416810 -0.265339
-0.191905 2.429407 -0.266854
-0.196194 2.440386 -0.267981
-0.196727 2.427791 -0.266508
-0.201679 2.426010 -0.266415
-0.201002 2.438741 -0.267623
-0.205409 2.449446 -0.268860
-0.205982 2.436898 -0.267532
-0.211165 2.434737 -0.267825
-0.210399 2.447441 -0.268731
-0.214998 2.457836 -0.269948
-0.215657 2.445148 -0.269054
-0.221049 2.442627 -0.269810
-0.220219 2.455506 -0.270258
-0.224969 2.465517 -0.271594
-0.225656 2.452853 -0.271135
-0.231186 2.449978 -0.272253
-0.230360 2.462785 -0.272402
-0.235247 2.472578 -0.273765
-0.235889 2.459922 -0.273523
-0.241532 2.456857 -0.275121
-0.240716 2.469719 -0.274860
-0.245679 2.479479 -0.276173
-0.246334 2.466725 -0.276371
-0.251899 2.463582 -0.278387
-0.251244 2.476585 -0.277518
-0.256198 2.486504 -0.278657
-0.256793 2.473603 -0.279415
-0.262165 2.470591 -0.281605
-0.261727 2.483654 -0.280411
-0.266678 2.494040 -0.281194
-0.267000 2.480838 -0.282546
-0.271734 2.478055 -0.285261
-0.271814 2.491319 -0.283539
-0.276647 2.502070 -0.284212
-0.276354 2.488762 -0.286162
-0.280441 2.486365 -0.289063
-0.280993 2.499758 -0.287100
-0.285658 2.511010 -0.287606
-0.284968 2.497506 -0.289941
-0.288505 2.495379 -0.293007
-0.289532 2.508965 -0.290630
-0.293938 2.520698 -0.291083
-0.292959 2.507012 -0.293703
-0.295864 2.505132 -0.296983
-0.297277 2.518900 -0.294252
-0.301463 2.531148 -0.294514
-0.300247 2.517089 -0.297525
-0.302740 2.515420 -0.300843
-0.304482 2.529458 -0.297804
-0.308327 2.542129 -0.297883
-0.306994 2.527798 -0.301180
-0.308890 2.526277 -0.304720
-0.310877 2.540588 -0.301332
-0.314162 2.553675 -0.301306
-0.312886 2.539106 -0.304879
-0.314240 2.537681 -0.308747
-0.316135 2.552260 -0.304990
-0.318669 2.565711 -0.305022
-0.317631 2.550876 -0.308937
-0.318129 2.549660 -0.313100
-0.320015 2.564411 -0.309067
-0.321565 2.578472 -0.308926
-0.320598 2.563253 -0.313343
-0.320441 2.562209 -0.317631
-0.322210 2.577309 -0.313287
-0.322070 2.576299 -0.317658
-0.321120 2.575485 -0.321974
-0.319513 2.561350 -0.321876
-0.319475 2.574824 -0.326108
-0.317793 2.560696 -0.325977
-0.317061 2.574367 -0.329979
-0.315303 2.560298 -0.329808
-0.313934 2.574210 -0.333438
-0.310152 2.574341 -0.336473
-0.312207 2.560139 -0.333364
-0.308385 2.560309 -0.336368
-0.309522 2.546578 -0.332838
-0.312726 2.546669 -0.329437
-0.315202 2.547078 -0.325579
-0.309463 2.533403 -0.328782
-0.311946 2.533809 -0.325047
-0.313683 2.534448 -0.321062
-0.308063 2.520848 -0.324360
-0.309809 2.521480 -0.320495
-0.310838 2.522360 -0.316435
-0.305551 2.508854 -0.319840
-0.306557 2.509748 -0.315852
-0.306694 2.510922 -0.311859
-0.302160 2.497422 -0.315218
-0.302288 2.498595 -0.311256
-0.301550 2.500030 -0.307445
-0.297808 2.486576 -0.310640
-0.297113 2.488055 -0.306779
-0.295850 2.489686 -0.303070
-0.292645 2.476275 -0.306113
-0.291376 2.477970 -0.302370
-0.289463 2.479880 -0.298810
-0.286813 2.466592 -0.301673
-0.284933 2.468563 -0.297991
-0.282422 2.470674 -0.294597
-0.280216 2.457502 -0.297332
-0.277750 2.459742 -0.293823
-0.274683 2.462238 -0.290445
-0.273017 2.449060 -0.292974
-0.269887 2.451683 -0.289579
-0.266373 2.454383 -0.286355
-0.265140 2.441331 -0.288602
-0.261606 2.444142 -0.285341
-0.257475 2.447158 -0.282286
-0.256898 2.433941 -0.284285
-0.252715 2.437016 -0.281199
-0.247812 2.440325 -0.278358
-0.248032 2.426892 -0.280090
-0.243185 2.430201 -0.277197
-0.237888 2.433511 -0.274678
-0.238671 2.419996 -0.276033
-0.233417 2.423303 -0.273445
-0.227874 2.426537 -0.271257
-0.229065 2.412964 -0.272274
-0.223536 2.416076 -0.270169
-0.217880 2.419009 -0.268590
-0.219287 2.405519 -0.269062
-0.213693 2.408274 -0.267577
-0.208125 2.410781 -0.266406
-0.209577 2.397482 -0.266489
-0.204052 2.399907 -0.265216
-0.198600 2.402091 -0.264438
-0.200061 2.388960 -0.264007
-0.194605 2.391109 -0.263189
-0.189344 2.393040 -0.262790
-0.190707 2.380174 -0.261814
-0.185456 2.382025 -0.261402
-0.180524 2.383618 -0.261397
-0.181708 2.371038 -0.259960
-0.176730 2.372610 -0.259917
-0.171948 2.373963 -0.260322
-0.173102 2.361607 -0.258392
-0.168324 2.362895 -0.258751
-0.163660 2.363955 -0.259582
-0.164832 2.351859 -0.257112
-0.160136 2.352848 -0.257967
-0.155558 2.353694 -0.259098
-0.156752 2.341897 -0.256244
-0.152154 2.342692 -0.257365
-0.148063 2.343145 -0.258880
-0.148943 2.331750 -0.255455
-0.144879 2.332154 -0.256956
-0.141197 2.332309 -0.258832
-0.141832 2.321309 -0.254853
-0.138200 2.321419 -0.256661
-0.134959 2.321209 -0.258987
-0.135351 2.310733 -0.254267
-0.132094 2.310448 -0.256627
-0.129280 2.309889 -0.259381
-0.129351 2.299858 -0.254081
-0.126525 2.299253 -0.256829
-0.124486 2.298259 -0.260070
-0.123945 2.288707 -0.254196
-0.122045 2.287654 -0.257497
-0.121079 2.286257 -0.261028
-0.119697 2.277209 -0.254771
-0.118937 2.275771 -0.258261
-0.119190 2.274126 -0.261731
-0.116856 2.265439 -0.255391
-0.117051 2.263803 -0.258816
-0.118197 2.262116 -0.262028
-0.114628 2.253790 -0.255975
-0.115775 2.252077 -0.259168
-0.117619 2.250356 -0.262024
-0.113365 2.242150 -0.256203
-0.114966 2.240423 -0.259214
-0.117522 2.238732 -0.261703
-0.112410 2.230635 -0.256274
-0.114921 2.228925 -0.258728
-0.117882 2.227200 -0.261003
-0.112187 2.219226 -0.255867
-0.115168 2.217481 -0.258115
-0.118498 2.215690 -0.260262
-0.112537 2.207875 -0.255111
-0.115833 2.206070 -0.257258
-0.119636 2.204188 -0.259242
-0.113085 2.196470 -0.254316
-0.116842 2.194572 -0.256325
-0.120851 2.192627 -0.258226
-0.113983 2.184996 -0.253444
-0.118064 2.183046 -0.255255
-0.122162 2.181082 -0.257055
-0.114952 2.173443 -0.252532
-0.118936 2.171484 -0.254380
-0.123001 2.169528 -0.256177
-0.115626 2.161915 -0.251762
-0.119714 2.159941 -0.253531
-0.124075 2.157940 -0.255114
-0.116350 2.150312 -0.250994
-0.120674 2.148289 -0.252643
-0.125092 2.146270 -0.254218
-0.117244 2.138546 -0.250300
-0.121749 2.136536 -0.251846
-0.126447 2.134545 -0.253158
-0.118484 2.126713 -0.249646
-0.123319 2.124787 -0.250831
-0.128242 2.122898 -0.251872
-0.120259 2.114901 -0.248748
-0.125279 2.113104 -0.249660
-0.130239 2.111473 -0.250066
-0.122401 2.103200 -0.247611
-0.127414 2.101647 -0.247935
-0.132306 2.100300 -0.247754
-0.124798 2.091740 -0.245851
-0.129722 2.090442 -0.245662
-0.134452 2.089348 -0.245032
-0.127234 2.080521 -0.243529
-0.132084 2.079473 -0.242943
-0.136775 2.078593 -0.241946
-0.129802 2.069511 -0.240837
-0.134605 2.068637 -0.239813
-0.139052 2.067973 -0.238265
-0.143258 2.067549 -0.236195
-0.141124 2.077922 -0.240362
-0.136989 2.057943 -0.236111
-0.141284 2.057483 -0.234001
-0.145153 2.057306 -0.231364
-0.139193 2.047459 -0.231763
-0.143087 2.047249 -0.229047
-0.136968 2.037376 -0.229379
-0.140811 2.037215 -0.226612
-0.134637 2.027258 -0.226976
-0.138426 2.027099 -0.224207
-0.141564 2.027191 -0.220847
-0.136063 2.016905 -0.221925
-0.139087 2.017038 -0.218505
-0.133869 2.006470 -0.219898
-0.137115 2.006595 -0.216536
-0.135059 1.996130 -0.214515
-0.139425 2.006945 -0.212621
-0.141413 2.017364 -0.214683
-0.137402 1.996486 -0.210594
-0.135311 1.985982 -0.208500
-0.132855 1.985616 -0.212487
-0.132767 1.975628 -0.206338
-0.130016 1.975351 -0.210305
-0.134334 1.976176 -0.202080
-0.129341 1.965182 -0.204105
-0.126416 1.964963 -0.207927
-0.131083 1.965705 -0.199813
-0.131578 1.966542 -0.195377
-0.143892 2.027535 -0.216987
-0.146331 2.037645 -0.219366
-0.143971 2.037297 -0.223244
-0.148675 2.047718 -0.221803
-0.146294 2.047338 -0.225683
-0.150609 2.057812 -0.224175
-0.148268 2.057434 -0.228025
-0.152508 2.067928 -0.226513
-0.150146 2.067549 -0.230294
-0.154351 2.077836 -0.228785
-0.151989 2.077458 -0.232502
-0.148874 2.077348 -0.235699
-0.153943 2.087321 -0.234689
-0.150887 2.087204 -0.237825
-0.147218 2.087422 -0.240331
-0.153256 2.096802 -0.240157
-0.149632 2.097003 -0.242721
-0.145725 2.097440 -0.244788
-0.143271 2.087830 -0.242396
-0.141439 2.098200 -0.246158
-0.139006 2.088468 -0.243979
-0.136990 2.099172 -0.247119
-0.139729 2.108791 -0.249508
-0.135076 2.109990 -0.250061
-0.137956 2.119650 -0.252426
-0.133166 2.121162 -0.252425
-0.136187 2.130899 -0.254737
-0.131288 2.132625 -0.254244
-0.134483 2.142355 -0.256595
-0.129740 2.144300 -0.255451
-0.132971 2.153940 -0.258108
-0.128466 2.155936 -0.256698
-0.131707 2.165538 -0.259380
-0.127303 2.167540 -0.257813
-0.130442 2.177138 -0.260582
-0.126237 2.179119 -0.258867
-0.129149 2.188703 -0.261844
-0.124996 2.190649 -0.260046
-0.127815 2.200327 -0.263002
-0.123597 2.202270 -0.261194
-0.126189 2.211944 -0.264281
-0.122218 2.213845 -0.262301
-0.124824 2.223603 -0.265282
-0.121178 2.225423 -0.263198
-0.123724 2.235261 -0.266251
-0.120393 2.237015 -0.264044
-0.122944 2.246906 -0.267012
-0.120117 2.248638 -0.264578
-0.122437 2.258748 -0.267616
-0.119929 2.260440 -0.265020
-0.122187 2.270701 -0.267970
-0.120365 2.272442 -0.264963
-0.122587 2.282891 -0.267792
-0.121418 2.284603 -0.264496
-0.123719 2.295238 -0.267169
-0.123490 2.296860 -0.263647
-0.126266 2.307643 -0.266144
-0.127198 2.308980 -0.262582
-0.130197 2.319777 -0.265015
-0.132252 2.320666 -0.261788
-0.135378 2.331614 -0.264016
-0.137997 2.332124 -0.261195
-0.141225 2.343206 -0.263244
-0.144407 2.343332 -0.260804
-0.147771 2.354472 -0.262680
-0.151425 2.354233 -0.260735
-0.154932 2.365393 -0.262419
-0.159121 2.364832 -0.260756
-0.162785 2.375991 -0.262335
-0.167305 2.375102 -0.261115
-0.171101 2.386240 -0.262574
-0.175769 2.385037 -0.261721
-0.179642 2.396173 -0.263086
-0.184391 2.394704 -0.262786
-0.188392 2.405757 -0.264093
-0.193381 2.404041 -0.264072
-0.197476 2.415069 -0.265301
-0.202688 2.413065 -0.265643
-0.206877 2.423947 -0.266741
-0.212348 2.421557 -0.267499
-0.216655 2.432306 -0.268517
-0.222202 2.429542 -0.269753
-0.226628 2.439814 -0.270989
-0.232316 2.436735 -0.272586
-0.236859 2.446877 -0.273886
-0.242446 2.443665 -0.275907
-0.247142 2.453664 -0.277151
-0.252535 2.450413 -0.279519
-0.257295 2.460444 -0.280646
-0.262240 2.457340 -0.283330
-0.266983 2.467597 -0.284328
-0.271111 2.464833 -0.287301
-0.275799 2.475475 -0.288176
-0.279396 2.472987 -0.291286
-0.283967 2.484071 -0.292151
-0.286988 2.481902 -0.295423
-0.291459 2.493353 -0.296216
-0.293960 2.491454 -0.299579
-0.298342 2.503313 -0.300278
-0.300193 2.501621 -0.303796
-0.304628 2.513830 -0.304347
-0.306006 2.512312 -0.308001
-0.310214 2.524838 -0.308484
-0.310951 2.523496 -0.312399
-0.314797 2.536434 -0.312812
-0.314692 2.535322 -0.316913
-0.318073 2.548529 -0.317346
-0.317029 2.547684 -0.321535
-0.145166 2.077496 -0.238304
-0.147035 2.067421 -0.233578
-0.305922 2.574708 -0.338973
-0.320057 2.579728 -0.304847
-0.317881 2.581037 -0.300841
-0.315009 2.582411 -0.297100
-0.316555 2.567115 -0.301197
-0.313832 2.568484 -0.297478
-0.310471 2.569899 -0.294090
-0.311573 2.555162 -0.297754
-0.308312 2.556690 -0.294441
-0.305212 2.543729 -0.294604
-0.304560 2.558186 -0.291287
-0.301662 2.545311 -0.291473
-0.306586 2.571347 -0.290866
-0.300351 2.559664 -0.288178
-0.297630 2.546881 -0.288396
-0.302164 2.572765 -0.287665
-0.302965 2.586456 -0.286995
-0.307441 2.585108 -0.290243
-0.298097 2.587826 -0.283920
-0.311437 2.583787 -0.293623
-0.294207 2.534534 -0.288400
-0.289649 2.536285 -0.285528
-0.298037 2.532903 -0.291348
-0.290141 2.522596 -0.288085
-0.285693 2.524600 -0.285343
-0.281287 2.513171 -0.284841
-0.280706 2.526635 -0.282807
-0.276250 2.515443 -0.282573
-0.270947 2.517770 -0.280657
-0.271516 2.504523 -0.281993
-0.266097 2.507007 -0.280401
-0.260790 2.509473 -0.278894
-0.261212 2.496700 -0.279525
-0.255820 2.499272 -0.278240
-0.250749 2.489262 -0.277395
-0.250521 2.501794 -0.277382
-0.245381 2.491976 -0.276407
-0.240116 2.494557 -0.275913
-0.240255 2.482260 -0.275183
-0.234976 2.484966 -0.274475
-0.229953 2.487432 -0.274326
-0.229912 2.475315 -0.273031
-0.224778 2.477786 -0.272845
-0.219783 2.467941 -0.271376
-0.219880 2.480062 -0.272966
-0.214836 2.470130 -0.271506
-0.210002 2.472185 -0.271881
-0.210021 2.459914 -0.270081
-0.205160 2.461755 -0.270542
-0.200533 2.463397 -0.271308
-0.200609 2.451204 -0.269227
-0.195867 2.452783 -0.269946
-0.191503 2.441786 -0.268827
-0.191446 2.453954 -0.271328
-0.186969 2.442990 -0.270092
-0.182742 2.443881 -0.271899
-0.182696 2.431910 -0.268961
-0.178493 2.432709 -0.270796
-0.174669 2.433183 -0.273135
-0.174371 2.421510 -0.269625
-0.170574 2.421941 -0.271949
-0.166574 2.410677 -0.270663
-0.167317 2.421969 -0.274835
-0.163306 2.410691 -0.273479
-0.160854 2.410230 -0.276858
-0.159372 2.399404 -0.272077
-0.156885 2.398952 -0.275327
-0.155121 2.398137 -0.278928
-0.152993 2.387643 -0.273708
-0.151164 2.386856 -0.277253
-0.147212 2.375608 -0.275416
-0.150421 2.385595 -0.281073
-0.146361 2.374370 -0.279242
-0.146468 2.372808 -0.283090
-0.142619 2.363118 -0.277275
-0.142702 2.361563 -0.281071
-0.143828 2.359741 -0.284772
-0.138992 2.350357 -0.278976
-0.140200 2.348531 -0.282617
-0.136633 2.337358 -0.280416
-0.142263 2.346533 -0.286063
-0.138730 2.335383 -0.283813
-0.141515 2.333280 -0.287037
-0.135347 2.324290 -0.281509
-0.138165 2.322272 -0.284603
-0.141375 2.320222 -0.287478
-0.135079 2.311337 -0.282065
-0.138194 2.309408 -0.284844
-0.135259 2.298631 -0.282116
-0.141824 2.307457 -0.287332
-0.138831 2.296749 -0.284566
-0.142712 2.294887 -0.286807
-0.136086 2.286178 -0.281635
-0.139980 2.284355 -0.283798
-0.144149 2.282491 -0.285878
-0.137431 2.273976 -0.280695
-0.141433 2.272153 -0.282789
-0.138826 2.261867 -0.279696
-0.145881 2.270255 -0.284719
-0.143176 2.259995 -0.281656
-0.147649 2.258096 -0.283564
-0.140558 2.249779 -0.278575
-0.144985 2.247893 -0.280453
-0.149467 2.245976 -0.282252
-0.142402 2.237803 -0.277310
-0.146814 2.235880 -0.279116
-0.144246 2.225862 -0.275938
-0.151541 2.233947 -0.280626
-0.148893 2.223933 -0.277464
-0.153619 2.221997 -0.278884
-0.146219 2.214008 -0.274319
-0.150883 2.212084 -0.275754
-0.155673 2.210239 -0.276869
-0.148150 2.202254 -0.272576
-0.152901 2.200400 -0.273698
-0.150034 2.190602 -0.270617
-0.157666 2.198607 -0.274654
-0.154807 2.188785 -0.271553
-0.159631 2.187170 -0.271974
-0.151885 2.179031 -0.268500
-0.156701 2.177389 -0.268853
-0.161485 2.176013 -0.268623
-0.153714 2.167701 -0.265749
-0.158398 2.166278 -0.265557
-0.162898 2.165149 -0.264848
-0.155223 2.156621 -0.262508
-0.159691 2.155500 -0.261713
-0.163917 2.154677 -0.260404
-0.156425 2.145875 -0.258953
-0.160651 2.145061 -0.257595
-0.157348 2.135520 -0.254813
-0.164568 2.144552 -0.255619
-0.167902 2.154167 -0.258506
-0.161231 2.134986 -0.252832
-0.164791 2.134759 -0.250310
-0.180253 2.193598 -0.271117
-0.175592 2.225601 -0.284472
-0.169768 2.260262 -0.292851
-0.163783 2.297143 -0.297835
-0.160021 2.335645 -0.299904
-0.159462 2.375901 -0.298261
-0.163742 2.416055 -0.293393
-0.175979 2.454531 -0.285742
-0.198689 2.487915 -0.279457
-0.227391 2.512729 -0.278702
-0.255049 2.536373 -0.278176
-0.279578 2.565584 -0.278662
-0.265711 2.592211 -0.277150
-0.261015 2.592195 -0.277906
-0.256528 2.592065 -0.279323
-0.260629 2.580404 -0.277983
-0.256175 2.580561 -0.279142
-0.251774 2.580704 -0.280660
-0.254776 2.569915 -0.279277
-0.250593 2.570465 -0.280769
-0.246677 2.570965 -0.282572
-0.248226 2.560472 -0.280715
-0.244306 2.561248 -0.282499
-0.241606 2.551518 -0.282371
-0.238146 2.552254 -0.284598
-0.234356 2.543175 -0.284275
-0.231472 2.543744 -0.287099
-0.227130 2.534762 -0.286558
-0.224559 2.535110 -0.289659
-0.219383 2.526303 -0.288672
-0.217277 2.526214 -0.292090
-0.211416 2.517333 -0.290729
-0.209797 2.516783 -0.294458
-0.203586 2.507354 -0.292910
-0.202584 2.506253 -0.296822
-0.196495 2.496348 -0.295258
-0.196228 2.494764 -0.299171
-0.190483 2.484405 -0.297682
-0.191146 2.482453 -0.301464
-0.185887 2.471707 -0.300098
-0.187415 2.469491 -0.303653
-0.182513 2.458677 -0.302326
-0.184704 2.456292 -0.305754
-0.180205 2.445368 -0.304426
-0.183037 2.442911 -0.307662
-0.178877 2.431921 -0.306221
-0.182166 2.429420 -0.309279
-0.178230 2.418376 -0.307772
-0.181962 2.415837 -0.310681
-0.178100 2.404779 -0.309112
-0.182298 2.402213 -0.311834
-0.178543 2.391116 -0.310127
-0.182975 2.388544 -0.312673
-0.179172 2.377500 -0.310853
-0.183862 2.374903 -0.313169
-0.180066 2.363852 -0.311148
-0.184711 2.361313 -0.313265
-0.180905 2.350385 -0.311058
-0.185762 2.347882 -0.312888
-0.181999 2.337088 -0.310583
-0.186865 2.334697 -0.312170
-0.183321 2.324003 -0.309676
-0.188279 2.321808 -0.310903
-0.184967 2.311301 -0.308143
-0.189979 2.309351 -0.308965
-0.186904 2.299048 -0.305926
-0.191857 2.297341 -0.306403
-0.188789 2.287145 -0.303340
-0.193549 2.285817 -0.303243
-0.190428 2.275725 -0.300141
-0.194993 2.274735 -0.299514
-0.191866 2.264709 -0.296401
-0.196188 2.264057 -0.295240
-0.193098 2.254065 -0.292102
-0.197154 2.253739 -0.290428
-0.194108 2.243816 -0.287174
-0.197881 2.243771 -0.285102
-0.194983 2.233742 -0.281926
-0.198291 2.234110 -0.279276
-0.195493 2.224075 -0.276058
-0.198061 2.224890 -0.272876
-0.195186 2.214833 -0.269525
-0.197009 2.215997 -0.266025
-0.194221 2.205855 -0.262657
-0.195288 2.207248 -0.259007
-0.192507 2.197065 -0.255585
-0.192712 2.198717 -0.251828
-0.190013 2.188487 -0.248306
-0.189418 2.190331 -0.244579
-0.186483 2.180147 -0.241070
-0.185049 2.182114 -0.237583
-0.181750 2.171970 -0.234205
-0.179619 2.174032 -0.230948
-0.176179 2.163944 -0.227748
-0.173500 2.166067 -0.224695
-0.170090 2.156000 -0.221449
-0.166929 2.158266 -0.218509
-0.163509 2.148211 -0.215565
-0.159547 2.150442 -0.213218
-0.156258 2.140363 -0.210299
-0.152186 2.142530 -0.207998
-0.149110 2.132348 -0.205214
-0.144603 2.134485 -0.203168
-0.141633 2.124239 -0.200414
-0.136672 2.126341 -0.198782
-0.133813 2.116037 -0.196035
-0.128374 2.118169 -0.194635
-0.125698 2.107860 -0.191800
-0.119926 2.109956 -0.190777
-0.117289 2.099578 -0.188028
-0.111476 2.101605 -0.187460
-0.108877 2.091273 -0.184690
-0.103392 2.093106 -0.184686
-0.100803 2.082822 -0.181851
-0.095385 2.084645 -0.182344
-0.092674 2.074542 -0.179544
-0.087483 2.076327 -0.180576
-0.084498 2.066667 -0.177691
-0.079484 2.068393 -0.179031
-0.076358 2.058923 -0.176100
-0.071508 2.060719 -0.177933
-0.068074 2.051701 -0.175276
-0.063442 2.053416 -0.177294
-0.248087 2.580724 -0.282728
-0.248647 2.591747 -0.283108
-0.252357 2.592047 -0.280886
-0.055589 2.046200 -0.177121
-0.047469 2.039782 -0.177416
-0.039458 2.033480 -0.178440
-0.237161 2.588917 -0.301970
-0.237288 2.588385 -0.305544
-0.235517 2.577938 -0.305994
-0.237844 2.587835 -0.309153
-0.239061 2.587348 -0.312605
-0.235965 2.577275 -0.309739
-0.234024 2.567867 -0.309927
-0.237099 2.576567 -0.313430
-0.238412 2.575900 -0.316942
-0.235146 2.566868 -0.313729
-0.232562 2.557515 -0.313697
-0.236737 2.565987 -0.317259
-0.238718 2.564993 -0.320835
-0.234070 2.556112 -0.317396
-0.230808 2.546574 -0.317023
-0.236099 2.554689 -0.320903
-0.238775 2.553323 -0.324270
-0.232819 2.544734 -0.320436
-0.228593 2.534699 -0.319480
-0.235232 2.542736 -0.323711
-0.238225 2.540780 -0.326966
-0.231133 2.532444 -0.322776
-0.226619 2.522360 -0.321759
-0.234044 2.530324 -0.325969
-0.237532 2.528102 -0.328887
-0.229575 2.519956 -0.324775
-0.224509 2.509593 -0.323546
-0.233004 2.517499 -0.327691
-0.236898 2.514875 -0.330321
-0.227960 2.506951 -0.326387
-0.222793 2.496578 -0.325049
-0.231741 2.504122 -0.329073
-0.236125 2.501333 -0.331506
-0.226617 2.493680 -0.327826
-0.221609 2.483369 -0.326500
-0.231073 2.490725 -0.330325
-0.235954 2.487861 -0.332579
-0.226099 2.480311 -0.329047
-0.221314 2.470086 -0.327599
-0.231126 2.477358 -0.331211
-0.236438 2.474601 -0.333179
-0.226453 2.467073 -0.329722
-0.221851 2.456870 -0.328205
-0.231841 2.464230 -0.331666
-0.237306 2.461622 -0.333257
-0.227340 2.453943 -0.330111
-0.222889 2.443690 -0.328640
-0.232840 2.451189 -0.331793
-0.238212 2.448677 -0.333014
-0.228399 2.440850 -0.330315
-0.224001 2.430524 -0.328823
-0.233795 2.438217 -0.331542
-0.239072 2.435774 -0.332429
-0.229405 2.427832 -0.330099
-0.224981 2.417412 -0.328685
-0.234649 2.425281 -0.331048
-0.239563 2.423119 -0.331330
-0.230240 2.414843 -0.329616
-0.225835 2.404436 -0.328090
-0.235121 2.412650 -0.329920
-0.239778 2.410704 -0.329747
-0.230680 2.402228 -0.328415
-0.226233 2.391819 -0.326854
-0.235277 2.400301 -0.328224
-0.239778 2.398572 -0.327576
-0.230808 2.389917 -0.326654
-0.226378 2.379583 -0.324924
-0.235248 2.388233 -0.325982
-0.239459 2.386905 -0.324670
-0.230730 2.378007 -0.324202
-0.226327 2.367736 -0.322254
-0.234966 2.376697 -0.322943
-0.238973 2.375729 -0.321080
-0.230522 2.366519 -0.321050
-0.226300 2.356297 -0.319037
-0.234579 2.365590 -0.319270
-0.238220 2.365093 -0.316806
-0.230373 2.355468 -0.317276
-0.226290 2.345356 -0.315153
-0.233919 2.355068 -0.314891
-0.237032 2.355076 -0.311920
-0.229886 2.344990 -0.312824
-0.226283 2.334804 -0.310744
-0.232917 2.345177 -0.309860
-0.235357 2.345745 -0.306517
-0.229315 2.335129 -0.307783
-0.225977 2.324954 -0.305575
-0.231703 2.335838 -0.304460
-0.233447 2.336841 -0.300865
-0.228404 2.325737 -0.302224
-0.225487 2.315492 -0.299851
-0.230166 2.326815 -0.298672
-0.231124 2.328192 -0.294993
-0.227330 2.316583 -0.296277
-0.224559 2.306396 -0.293770
-0.228359 2.318026 -0.292552
-0.228563 2.319746 -0.288787
-0.225666 2.307895 -0.289965
-0.222794 2.297824 -0.287289
-0.225749 2.309655 -0.286223
-0.224909 2.311600 -0.282639
-0.222908 2.299625 -0.283544
-0.219682 2.289557 -0.280711
-0.221950 2.301586 -0.279974
-0.220493 2.303598 -0.276556
-0.218872 2.291528 -0.277134
-0.215626 2.281477 -0.274248
-0.217473 2.293550 -0.273714
-0.215529 2.295605 -0.270501
-0.214281 2.283476 -0.270845
-0.211023 2.273415 -0.267936
-0.212285 2.285549 -0.267658
-0.209630 2.287693 -0.264673
-0.209045 2.275499 -0.264745
-0.205801 2.265461 -0.261791
-0.206427 2.277640 -0.261755
-0.203204 2.279849 -0.258941
-0.203269 2.267631 -0.258715
-0.200134 2.257545 -0.255632
-0.200053 2.269840 -0.255949
-0.196226 2.272047 -0.253467
-0.196919 2.259748 -0.252863
-0.193799 2.249655 -0.249750
-0.193126 2.261978 -0.250376
-0.188798 2.264107 -0.248397
-0.190012 2.251859 -0.247300
-0.187032 2.241700 -0.244025
-0.185744 2.253968 -0.245263
-0.181064 2.256004 -0.243493
-0.182767 2.243821 -0.241975
-0.179850 2.233676 -0.238614
-0.178121 2.245846 -0.240291
-0.173116 2.247798 -0.238870
-0.175238 2.235716 -0.236926
-0.172386 2.225575 -0.233502
-0.170275 2.237665 -0.235553
-0.165087 2.239562 -0.234377
-0.167462 2.227559 -0.232144
-0.164669 2.217480 -0.228620
-0.162309 2.229465 -0.231013
-0.157083 2.231248 -0.230085
-0.159564 2.219405 -0.227490
-0.156799 2.209388 -0.223877
-0.154349 2.221215 -0.226591
-0.149183 2.222792 -0.226055
-0.151587 2.211202 -0.223037
-0.148710 2.201177 -0.219553
-0.146432 2.212817 -0.222497
-0.141390 2.214250 -0.222253
-0.143546 2.202801 -0.219044
-0.140533 2.192826 -0.215650
-0.138446 2.204284 -0.218861
-0.133487 2.205640 -0.218955
-0.135405 2.194355 -0.215476
-0.132148 2.184402 -0.212099
-0.130421 2.195714 -0.215620
-0.125563 2.196949 -0.216063
-0.127154 2.185801 -0.212285
-0.123785 2.175851 -0.209074
-0.122260 2.187056 -0.212867
-0.117667 2.188017 -0.213950
-0.118839 2.177146 -0.209661
-0.115330 2.167187 -0.206388
-0.114161 2.178159 -0.210718
-0.109690 2.179039 -0.212026
-0.110568 2.168297 -0.207431
-0.106988 2.158361 -0.204145
-0.106102 2.169163 -0.208882
-0.101942 2.169832 -0.210578
-0.102475 2.159233 -0.205665
-0.098800 2.149241 -0.202536
-0.098166 2.159980 -0.207405
-0.094374 2.160413 -0.209545
-0.094538 2.149929 -0.204476
-0.091042 2.139783 -0.201753
-0.090714 2.150374 -0.206733
-0.087235 2.150613 -0.209286
-0.087134 2.140274 -0.204062
-0.083666 2.130162 -0.201410
-0.083561 2.140592 -0.206560
-0.080807 2.140446 -0.209660
-0.080212 2.130408 -0.204145
-0.077028 2.120296 -0.201689
-0.077492 2.130256 -0.207276
-0.075232 2.129906 -0.210601
-0.074286 2.120168 -0.204835
-0.071263 2.110257 -0.202388
-0.072036 2.119817 -0.208238
-0.070380 2.119252 -0.211832
-0.068858 2.109981 -0.205796
-0.065865 2.100240 -0.203344
-0.067245 2.109385 -0.209475
-0.066463 2.108489 -0.213295
-0.064212 2.099666 -0.207100
-0.061294 2.090184 -0.204697
-0.063417 2.098766 -0.210984
-0.063562 2.097606 -0.214795
-0.060435 2.089236 -0.208656
-0.057543 2.079980 -0.206242
-0.060557 2.088030 -0.212532
-0.061488 2.086628 -0.216146
-0.057608 2.078662 -0.210199
-0.054722 2.069643 -0.207747
-0.058555 2.077172 -0.213860
-0.060364 2.075500 -0.217234
-0.055750 2.068049 -0.211460
-0.052926 2.059070 -0.208940
-0.057498 2.066259 -0.214897
-0.059816 2.064265 -0.218060
-0.054606 2.057189 -0.212441
-0.051362 2.048617 -0.210118
-0.056900 2.055104 -0.215610
-0.059906 2.052812 -0.218485
-0.053640 2.046412 -0.213335
-0.050100 2.037895 -0.211100
-0.056713 2.043884 -0.216141
-0.060455 2.041090 -0.218509
-0.053255 2.035162 -0.213805
-0.049532 2.026557 -0.211599
-0.057150 2.032164 -0.216173
-0.061584 2.029008 -0.218107
-0.053476 2.023217 -0.213898
-0.049488 2.014485 -0.211558
-0.057942 2.019805 -0.215701
-0.062787 2.016408 -0.217282
-0.054054 2.010718 -0.213336
-0.058931 2.006945 -0.214856
-0.063831 2.003589 -0.216237
-0.067804 2.013310 -0.218647
-0.071256 2.022840 -0.221222
-0.072875 2.010196 -0.219978
-0.078331 2.007471 -0.221263
-0.076387 2.020072 -0.222637
-0.079430 2.030099 -0.225400
-0.081602 2.017698 -0.223848
-0.084791 2.027785 -0.226586
-0.087242 2.015543 -0.225020
-0.090293 2.025665 -0.227747
-0.093040 2.013609 -0.226130
-0.095937 2.023857 -0.228730
-0.098741 2.034041 -0.231453
-0.093151 2.035789 -0.230503
-0.087602 2.037792 -0.229360
-0.082308 2.040008 -0.228095
-0.077153 2.042509 -0.226729
-0.079926 2.052326 -0.229326
-0.072230 2.045157 -0.225086
-0.074303 2.032782 -0.223972
-0.069296 2.035514 -0.222498
-0.066216 2.025852 -0.219808
-0.064772 2.038202 -0.220602
-0.067749 2.047738 -0.223177
-0.063610 2.050309 -0.220997
-0.070637 2.057263 -0.225629
-0.066546 2.059658 -0.223408
-0.073514 2.066924 -0.227941
-0.075129 2.054788 -0.227574
-0.077940 2.064628 -0.229941
-0.076415 2.076846 -0.230168
-0.069470 2.069227 -0.225695
-0.065786 2.071527 -0.223182
-0.072416 2.079022 -0.227881
-0.075382 2.088906 -0.229996
-0.068707 2.081175 -0.225387
-0.065655 2.083185 -0.222566
-0.071801 2.091005 -0.227378
-0.074997 2.100904 -0.229335
-0.068734 2.092948 -0.224601
-0.066240 2.094722 -0.221643
-0.071915 2.102801 -0.226648
-0.075232 2.112715 -0.228670
-0.069430 2.104554 -0.223767
-0.067664 2.106045 -0.220585
-0.072723 2.114429 -0.225862
-0.076151 2.124391 -0.228022
-0.070896 2.115932 -0.222768
-0.069728 2.117280 -0.219297
-0.074194 2.125891 -0.224986
-0.077587 2.135916 -0.227293
-0.072954 2.127256 -0.221595
-0.072908 2.128388 -0.217927
-0.076469 2.137274 -0.223977
-0.080095 2.147252 -0.226313
-0.076223 2.138505 -0.220311
-0.077024 2.139410 -0.216603
-0.079835 2.148518 -0.222723
-0.083716 2.158383 -0.225185
-0.080425 2.149573 -0.219012
-0.082019 2.150223 -0.215445
-0.084259 2.159440 -0.221536
-0.088072 2.169238 -0.224145
-0.085784 2.160146 -0.218014
-0.087925 2.160611 -0.214755
-0.089583 2.170003 -0.220719
-0.093263 2.179720 -0.223491
-0.091767 2.170469 -0.217583
-0.094765 2.170471 -0.214937
-0.095463 2.180191 -0.220446
-0.098913 2.189928 -0.223322
-0.098449 2.180254 -0.217861
-0.101756 2.180118 -0.215569
-0.101950 2.190005 -0.220851
-0.104999 2.199841 -0.223523
-0.105295 2.189892 -0.218602
-0.109168 2.189410 -0.216855
-0.108475 2.199746 -0.221360
-0.111582 2.209613 -0.224145
-0.112407 2.199324 -0.219623
-0.116501 2.198742 -0.218099
-0.115528 2.209231 -0.222420
-0.118603 2.219091 -0.225330
-0.119723 2.208632 -0.221062
-0.124190 2.207786 -0.220037
-0.122799 2.218506 -0.224076
-0.125798 2.228303 -0.227370
-0.127243 2.217659 -0.223293
-0.131762 2.216712 -0.222652
-0.130194 2.227476 -0.226636
-0.133047 2.237363 -0.229932
-0.134663 2.226605 -0.225980
-0.139338 2.225487 -0.225756
-0.137444 2.236516 -0.229378
-0.140235 2.246455 -0.232735
-0.142138 2.235399 -0.229252
-0.146928 2.234206 -0.229261
-0.144934 2.245337 -0.232662
-0.147703 2.255384 -0.235890
-0.149691 2.244186 -0.232662
-0.154708 2.242811 -0.232994
-0.152496 2.254223 -0.235948
-0.155326 2.264355 -0.238943
-0.157531 2.252844 -0.236316
-0.162648 2.251380 -0.236795
-0.160392 2.262939 -0.239447
-0.163305 2.273121 -0.242261
-0.165513 2.261453 -0.240023
-0.170752 2.259797 -0.240828
-0.168488 2.271619 -0.242879
-0.171487 2.281817 -0.245660
-0.173723 2.269964 -0.243775
-0.178963 2.268114 -0.245035
-0.176743 2.280125 -0.246652
-0.179835 2.290354 -0.249296
-0.182019 2.278275 -0.247918
-0.187165 2.276304 -0.249451
-0.185199 2.288441 -0.250677
-0.188476 2.298596 -0.253144
-0.190359 2.286416 -0.252291
-0.195095 2.284266 -0.254220
-0.193637 2.296497 -0.254926
-0.196921 2.306620 -0.257442
-0.198312 2.294326 -0.256989
-0.202548 2.292123 -0.259296
-0.201543 2.304402 -0.259630
-0.204778 2.314499 -0.262142
-0.205734 2.302182 -0.262003
-0.209576 2.299940 -0.264639
-0.208912 2.312234 -0.264605
-0.212062 2.322298 -0.267127
-0.212689 2.310013 -0.267299
-0.215881 2.307856 -0.270222
-0.215710 2.320099 -0.269898
-0.218824 2.330215 -0.272318
-0.218904 2.317953 -0.272830
-0.221552 2.315775 -0.275935
-0.221941 2.328046 -0.275307
-0.225100 2.338077 -0.277577
-0.224512 2.325848 -0.278489
-0.226373 2.323713 -0.281849
-0.227674 2.335826 -0.280759
-0.231048 2.345784 -0.282863
-0.229531 2.333686 -0.284129
-0.230748 2.331682 -0.287647
-0.232787 2.343654 -0.286291
-0.236577 2.353523 -0.288109
-0.234010 2.341646 -0.289811
-0.234503 2.339821 -0.293444
-0.237722 2.351502 -0.291707
-0.241682 2.361338 -0.293497
-0.238104 2.349711 -0.295441
-0.238122 2.348012 -0.299174
-0.242184 2.359474 -0.297234
-0.246608 2.369271 -0.298908
-0.242088 2.357826 -0.301041
-0.241103 2.356546 -0.304849
-0.246489 2.367614 -0.302759
-0.250890 2.377486 -0.304432
-0.245516 2.366331 -0.306649
-0.243886 2.365390 -0.310414
-0.249960 2.376229 -0.308357
-0.254434 2.386219 -0.309996
-0.248307 2.375339 -0.312165
-0.245727 2.375039 -0.315580
-0.252743 2.385406 -0.313822
-0.257239 2.395596 -0.315342
-0.250168 2.385159 -0.317255
-0.247027 2.385326 -0.320268
-0.254696 2.395357 -0.318813
-0.259311 2.405641 -0.320237
-0.251586 2.395546 -0.321853
-0.248001 2.396194 -0.324321
-0.256231 2.405858 -0.323298
-0.260953 2.416333 -0.324606
-0.252623 2.406549 -0.325763
-0.248630 2.407610 -0.327647
-0.257330 2.417028 -0.327077
-0.262109 2.427734 -0.328246
-0.253291 2.418088 -0.329024
-0.248898 2.419498 -0.330352
-0.257968 2.428714 -0.330262
-0.262642 2.439590 -0.331263
-0.253505 2.430078 -0.331644
-0.248852 2.431759 -0.332376
-0.258161 2.440857 -0.332751
-0.262794 2.451808 -0.333667
-0.253420 2.442423 -0.333626
-0.248549 2.444306 -0.333871
-0.258017 2.453340 -0.334625
-0.262590 2.464394 -0.335551
-0.253046 2.455103 -0.335034
-0.247947 2.456984 -0.335094
-0.257589 2.466061 -0.336092
-0.262135 2.477220 -0.336904
-0.252480 2.467893 -0.336158
-0.247200 2.469939 -0.335639
-0.256998 2.478866 -0.337214
-0.261579 2.490200 -0.337981
-0.251771 2.480826 -0.336799
-0.246494 2.482976 -0.335893
-0.256414 2.491959 -0.337820
-0.261036 2.503414 -0.338703
-0.251176 2.493959 -0.337013
-0.245981 2.496168 -0.335643
-0.255905 2.505314 -0.337963
-0.260458 2.516927 -0.338995
-0.250842 2.507394 -0.336776
-0.245880 2.509726 -0.334978
-0.255446 2.518896 -0.337858
-0.259656 2.530778 -0.338909
-0.250529 2.521086 -0.336182
-0.245785 2.523454 -0.334053
-0.254776 2.532821 -0.337288
-0.258511 2.544923 -0.338192
-0.250063 2.534971 -0.335209
-0.245634 2.537112 -0.332756
-0.253721 2.546773 -0.336111
-0.256660 2.558887 -0.336543
-0.249221 2.548481 -0.333603
-0.245155 2.550251 -0.330656
-0.252193 2.560340 -0.333789
-0.254357 2.572119 -0.333497
-0.248012 2.561496 -0.330838
-0.244644 2.562521 -0.327594
-0.250104 2.572999 -0.330347
-0.251587 2.585097 -0.328999
-0.246463 2.573661 -0.327076
-0.243391 2.574317 -0.323850
-0.247993 2.585422 -0.325844
-0.245144 2.585872 -0.322654
-0.242551 2.586310 -0.319423
-0.240799 2.575194 -0.320308
-0.240437 2.586823 -0.316098
-0.241435 2.563820 -0.324259
-0.255837 2.584806 -0.332168
-0.260417 2.583997 -0.335055
-0.258915 2.571123 -0.336339
-0.241855 2.551859 -0.327458
-0.241658 2.539107 -0.329893
-0.241464 2.525762 -0.331591
-0.241129 2.512251 -0.332773
-0.240947 2.498630 -0.333792
-0.241201 2.485300 -0.334433
-0.241829 2.472175 -0.334645
-0.242679 2.459203 -0.334398
-0.243503 2.446340 -0.333774
-0.244063 2.433646 -0.332652
-0.244297 2.421194 -0.331087
-0.244320 2.409002 -0.328986
-0.244013 2.397239 -0.326212
-0.243432 2.385907 -0.322771
-0.242573 2.375192 -0.318569
-0.241343 2.365022 -0.313823
-0.239530 2.355549 -0.308548
-0.237095 2.346716 -0.302903
-0.234283 2.338227 -0.297145
-0.231252 2.329854 -0.291283
-0.227802 2.321662 -0.285245
-0.223483 2.313643 -0.279244
-0.218587 2.305690 -0.273274
-0.212782 2.297759 -0.267501
-0.206372 2.289891 -0.261882
-0.199358 2.282069 -0.256457
-0.191929 2.274206 -0.251335
-0.184057 2.266177 -0.246549
-0.176026 2.257952 -0.242003
-0.167887 2.249675 -0.237681
-0.159841 2.241310 -0.233492
-0.151922 2.232820 -0.229544
-0.144166 2.224204 -0.225796
-0.136480 2.215595 -0.222246
-0.128742 2.206813 -0.219318
-0.120984 2.197908 -0.216943
-0.113178 2.188896 -0.215117
-0.105636 2.179631 -0.213760
-0.098096 2.170296 -0.212575
-0.090945 2.160632 -0.212003
-0.084199 2.150641 -0.212098
-0.078605 2.140051 -0.213031
-0.073650 2.129297 -0.214199
-0.069656 2.118371 -0.215593
-0.066614 2.107358 -0.217043
-0.064521 2.096256 -0.218393
-0.063214 2.085022 -0.219467
-0.062754 2.073620 -0.220373
-0.062836 2.062048 -0.220870
-0.078605 1.971725 -0.216491
-0.112091 1.976933 -0.219246
-0.102654 1.967246 -0.217514
-0.115137 1.987173 -0.221563
-0.115547 2.008573 -0.226945
3 3147 1 0
3 3147 0 3
3 1 6 4
3 1 4 0
3 102 3 0
3 102 0 2
3 2 0 4
3 2 4 5
3 1 8 7
3 1 7 6
3 10 9 7
3 10 7 8
3 10 12 11
3 10 11 9
3 14 13 11
3 14 11 12
3 14 16 15
3 14 15 13
3 18 17 15
3 18 15 16
3 18 20 19
3 18 19 17
3 21 19 20
3 21 20 22
3 21 22 24
3 21 24 23
3 25 23 24
3 25 24 26
3 28 27 25
3 28 25 26
3 28 30 29
3 28 29 27
3 31 29 30
3 31 30 32
3 34 33 31
3 34 31 32
3 34 36 35
3 34 35 33
3 37 35 36
3 37 36 38
3 40 39 37
3 40 37 38
3 40 42 41
3 40 41 39
3 43 41 42
3 43 42 44
3 43 44 46
3 43 46 45
3 46 48 47
3 46 47 45
3 49 47 48
3 49 48 50
3 49 50 52
3 49 52 51
3 52 54 53
3 52 53 51
3 55 53 54
3 55 54 56
3 55 56 58
3 55 58 57
3 58 60 59
3 58 59 57
3 61 59 60
3 61 60 62
3 64 63 61
3 64 61 62
3 64 66 65
3 64 65 63
3 67 65 66
3 67 66 68
3 67 68 70
3 67 70 69
3 70 72 71
3 70 71 69
3 73 71 72
3 73 72 74
3 73 74 76
3 73 76 75
3 76 78 77
3 76 77 75
3 79 77 78
3 79 78 80
3 79 80 82
3 79 82 81
3 82 84 83
3 82 83 81
3 85 83 84
3 85 84 86
3 85 86 88
3 85 88 87
3 88 90 89
3 88 89 87
3 91 89 90
3 91 90 92
3 91 92 94
3 91 94 93
3 94 96 95
3 94 95 93
3 98 97 95
3 98 95 96
3 98 100 99
3 98 99 97
3 2 5 99
3 2 99 100
3 102 2 100
3 102 100 101
3 103 101 100
3 103 100 98
3 105 102 101
3 105 101 104
3 106 104 101
3 106 101 103
3 108 105 104
3 108 104 107
3 106 109 107
3 106 107 104
3 113 108 107
3 113 107 110
3 107 109 111
3 107 111 110
3 2241 112 110
3 2241 110 111
3 113 110 112
3 113 112 115
3 113 114 3148
3 113 3148 108
3 116 114 113
3 116 113 115
3 120 116 115
3 120 115 117
3 118 117 115
3 118 115 112
3 118 2236 119
3 118 119 117
3 119 122 120
3 119 120 117
3 123 121 120
3 123 120 122
3 120 121 3149
3 120 3149 116
3 124 125 123
3 124 123 122
3 119 126 124
3 119 124 122
3 124 127 130
3 124 130 125
3 124 126 128
3 124 128 127
3 2229 129 127
3 2229 127 128
3 130 127 129
3 130 129 131
3 130 132 133
3 130 133 125
3 130 131 135
3 130 135 132
3 134 743 133
3 134 133 132
3 135 137 134
3 135 134 132
3 135 131 2224
3 135 2224 136
3 135 136 139
3 135 139 137
3 138 740 134
3 138 134 137
3 139 141 138
3 139 138 137
3 139 136 2221
3 139 2221 140
3 139 140 143
3 139 143 141
3 142 643 138
3 142 138 141
3 143 145 142
3 143 142 141
3 143 140 2218
3 143 2218 144
3 143 144 147
3 143 147 145
3 146 644 142
3 146 142 145
3 147 149 146
3 147 146 145
3 147 144 2215
3 147 2215 148
3 147 148 151
3 147 151 149
3 150 646 146
3 150 146 149
3 151 153 150
3 151 150 149
3 151 148 2212
3 151 2212 152
3 151 152 155
3 151 155 153
3 154 648 150
3 154 150 153
3 155 157 154
3 155 154 153
3 155 152 2209
3 155 2209 156
3 155 156 159
3 155 159 157
3 158 650 154
3 158 154 157
3 159 161 158
3 159 158 157
3 159 156 2206
3 159 2206 160
3 159 160 163
3 159 163 161
3 162 652 158
3 162 158 161
3 163 165 162
3 163 162 161
3 163 160 2203
3 163 2203 164
3 163 164 167
3 163 167 165
3 166 654 162
3 166 162 165
3 167 169 166
3 167 166 165
3 167 164 2200
3 167 2200 168
3 167 168 171
3 167 171 169
3 170 656 166
3 170 166 169
3 171 173 170
3 171 170 169
3 171 168 2197
3 171 2197 172
3 171 172 175
3 171 175 173
3 174 658 170
3 174 170 173
3 175 177 174
3 175 174 173
3 175 172 2194
3 175 2194 176
3 175 176 179
3 175 179 177
3 178 660 174
3 178 174 177
3 179 181 178
3 179 178 177
3 179 176 2191
3 179 2191 180
3 179 180 183
3 179 183 181
3 182 662 178
3 182 178 181
3 183 185 182
3 183 182 181
3 183 180 2188
3 183 2188 184
3 183 184 187
3 183 187 185
3 186 664 182
3 186 182 185
3 187 189 186
3 187 186 185
3 187 184 2185
3 187 2185 188
3 187 188 191
3 187 191 189
3 190 666 186
3 190 186 189
3 191 193 190
3 191 190 189
3 191 188 2182
3 191 2182 192
3 191 192 195
3 191 195 193
3 194 668 190
3 194 190 193
3 195 197 194
3 195 194 193
3 195 192 2179
3 195 2179 196
3 195 196 199
3 195 199 197
3 198 670 194
3 198 194 197
3 199 201 198
3 199 198 197
3 199 196 2176
3 199 2176 200
3 199 200 203
3 199 203 201
3 202 672 198
3 202 198 201
3 203 205 202
3 203 202 201
3 203 200 2173
3 203 2173 204
3 203 204 207
3 203 207 205
3 206 674 202
3 206 202 205
3 207 209 206
3 207 206 205
3 207 204 2170
3 207 2170 208
3 207 208 211
3 207 211 209
3 210 676 206
3 210 206 209
3 211 213 210
3 211 210 209
3 211 208 2167
3 211 2167 212
3 211 212 215
3 211 215 213
3 214 678 210
3 214 210 213
3 215 217 214
3 215 214 213
3 215 212 2164
3 215 2164 216
3 215 216 219
3 215 219 217
3 218 680 214
3 218 214 217
3 219 221 218
3 219 218 217
3 219 216 2161
3 219 2161 220
3 219 220 223
3 219 223 221
3 222 682 218
3 222 218 221
3 223 225 222
3 223 222 221
3 223 220 2158
3 223 2158 224
3 223 224 227
3 223 227 225
3 226 684 222
3 226 222 225
3 227 229 226
3 227 226 225
3 227 224 2155
3 227 2155 228
3 227 228 231
3 227 231 229
3 230 686 226
3 230 226 229
3 231 233 230
3 231 230 229
3 231 228 2152
3 231 2152 232
3 231 232 235
3 231 235 233
3 234 688 230
3 234 230 233
3 235 237 234
3 235 234 233
3 235 232 2149
3 235 2149 236
3 235 236 239
3 235 239 237
3 238 690 234
3 238 234 237
3 239 241 238
3 239 238 237
3 239 236 2146
3 239 2146 240
3 239 240 243
3 239 243 241
3 242 692 238
3 242 238 241
3 243 245 242
3 243 242 241
3 243 240 2143
3 243 2143 244
3 243 244 247
3 243 247 245
3 246 694 242
3 246 242 245
3 247 249 246
3 247 246 245
3 247 244 2140
3 247 2140 248
3 247 248 251
3 247 251 249
3 250 696 246
3 250 246 249
3 251 253 250
3 251 250 249
3 251 248 2137
3 251 2137 252
3 251 252 255
3 251 255 253
3 254 698 250
3 254 250 253
3 255 257 254
3 255 254 253
3 255 252 2134
3 255 2134 256
3 255 256 259
3 255 259 257
3 258 700 254
3 258 254 257
3 259 261 258
3 259 258 257
3 259 256 2131
3 259 2131 260
3 259 260 263
3 259 263 261
3 262 702 258
3 262 258 261
3 263 265 262
3 263 262 261
3 263 260 2128
3 263 2128 264
3 263 264 267
3 263 267 265
3 266 704 262
3 266 262 265
3 267 269 266
3 267 266 265
3 267 264 2125
3 267 2125 268
3 267 268 271
3 267 271 269
3 270 706 266
3 270 266 269
3 271 273 270
3 271 270 269
3 271 268 2122
3 271 2122 272
3 271 272 275
3 271 275 273
3 274 708 270
3 274 270 273
3 275 277 274
3 275 274 273
3 275 272 2119
3 275 2119 276
3 275 276 279
3 275 279 277
3 278 710 274
3 278 274 277
3 279 281 278
3 279 278 277
3 279 276 2116
3 279 2116 280
3 279 280 283
3 279 283 281
3 282 712 278
3 282 278 281
3 283 285 282
3 283 282 281
3 283 280 2113
3 283 2113 284
3 283 284 287
3 283 287 285
3 286 714 282
3 286 282 285
3 287 289 286
3 287 286 285
3 287 284 2110
3 287 2110 288
3 287 288 291
3 287 291 289
3 290 716 286
3 290 286 289
3 291 293 290
3 291 290 289
3 291 288 2107
3 291 2107 292
3 291 292 295
3 291 295 293
3 294 718 290
3 294 290 293
3 295 297 294
3 295 294 293
3 295 292 2104
3 295 2104 296
3 295 296 299
3 295 299 297
3 298 720 294
3 298 294 297
3 299 301 298
3 299 298 297
3 299 296 2101
3 299 2101 300
3 299 300 303
3 299 303 301
3 302 722 298
3 302 298 301
3 303 305 302
3 303 302 301
3 303 300 2098
3 303 2098 304
3 303 304 307
3 303 307 305
3 306 724 302
3 306 302 305
3 307 309 306
3 307 306 305
3 307 304 2095
3 307 2095 308
3 307 308 311
3 307 311 309
3 310 726 306
3 310 306 309
3 311 313 310
3 311 310 309
3 311 308 2092
3 311 2092 312
3 311 312 315
3 311 315 313
3 314 728 310
3 314 310 313
3 315 317 314
3 315 314 313
3 315 312 2089
3 315 2089 316
3 315 316 319
3 315 319 317
3 318 730 314
3 318 314 317
3 319 321 318
3 319 318 317
3 319 316 2086
3 319 2086 320
3 319 320 323
3 319 323 321
3 322 732 318
3 322 318 321
3 323 325 322
3 323 322 321
3 323 320 2085
3 323 2085 324
3 323 324 327
3 323 327 325
3 326 734 322
3 326 322 325
3 327 329 326
3 327 326 325
3 327 324 2366
3 327 2366 328
3 327 328 331
3 327 331 329
3 330 736 326
3 330 326 329
3 331 333 330
3 331 330 329
3 331 328 341
3 331 341 332
3 331 332 335
3 331 335 333
3 334 738 330
3 334 330 333
3 335 336 334
3 335 334 333
3 335 332 339
3 335 339 337
3 335 337 338
3 335 338 336
3 340 339 332
3 340 332 341
3 343 342 340
3 343 340 341
3 343 345 344
3 343 344 342
3 346 344 345
3 346 345 347
3 349 348 346
3 349 346 347
3 349 351 350
3 349 350 348
3 352 350 351
3 352 351 353
3 355 354 352
3 355 352 353
3 355 357 356
3 355 356 354
3 358 356 357
3 358 357 359
3 358 359 361
3 358 361 360
3 361 363 362
3 361 362 360
3 364 362 363
3 364 363 365
3 367 366 364
3 367 364 365
3 367 369 368
3 367 368 366
3 370 368 369
3 370 369 371
3 373 372 370
3 373 370 371
3 373 375 374
3 373 374 372
3 376 374 375
3 376 375 377
3 379 378 376
3 379 376 377
3 379 381 380
3 379 380 378
3 382 380 381
3 382 381 383
3 382 383 385
3 382 385 384
3 385 387 386
3 385 386 384
3 388 386 387
3 388 387 389
3 388 389 391
3 388 391 390
3 391 393 392
3 391 392 390
3 394 392 393
3 394 393 395
3 394 395 397
3 394 397 396
3 397 399 398
3 397 398 396
3 400 398 399
3 400 399 401
3 403 402 400
3 403 400 401
3 403 405 404
3 403 404 402
3 406 404 405
3 406 405 407
3 406 407 409
3 406 409 408
3 409 411 410
3 409 410 408
3 412 410 411
3 412 411 413
3 412 413 415
3 412 415 414
3 415 417 416
3 415 416 414
3 418 416 417
3 418 417 419
3 418 419 421
3 418 421 420
3 421 423 422
3 421 422 420
3 424 422 423
3 424 423 425
3 424 425 427
3 424 427 426
3 427 429 428
3 427 428 426
3 430 428 429
3 430 429 431
3 430 431 433
3 430 433 432
3 338 432 433
3 338 433 336
3 433 434 334
3 433 334 336
3 433 431 436
3 433 436 434
3 437 435 434
3 437 434 436
3 334 434 435
3 334 435 738
3 438 440 437
3 438 437 436
3 438 436 431
3 438 431 429
3 427 439 438
3 427 438 429
3 438 439 441
3 438 441 440
3 437 440 442
3 437 442 445
3 443 442 440
3 443 440 441
3 443 3072 444
3 443 444 442
3 444 447 445
3 444 445 442
3 437 445 446
3 437 446 435
3 446 445 447
3 446 447 449
3 444 3068 448
3 444 448 447
3 448 451 449
3 448 449 447
3 446 449 450
3 446 450 737
3 450 449 451
3 450 451 453
3 448 3064 452
3 448 452 451
3 452 455 453
3 452 453 451
3 450 453 454
3 450 454 735
3 454 453 455
3 454 455 457
3 452 3060 456
3 452 456 455
3 456 459 457
3 456 457 455
3 454 457 458
3 454 458 733
3 458 457 459
3 458 459 461
3 456 3056 460
3 456 460 459
3 460 463 461
3 460 461 459
3 458 461 462
3 458 462 731
3 462 461 463
3 462 463 465
3 460 3052 464
3 460 464 463
3 464 467 465
3 464 465 463
3 462 465 466
3 462 466 729
3 466 465 467
3 466 467 469
3 464 3048 468
3 464 468 467
3 468 471 469
3 468 469 467
3 466 469 470
3 466 470 727
3 470 469 471
3 470 471 473
3 468 3044 472
3 468 472 471
3 472 475 473
3 472 473 471
3 470 473 474
3 470 474 725
3 474 473 475
3 474 475 477
3 472 3040 476
3 472 476 475
3 476 479 477
3 476 477 475
3 474 477 478
3 474 478 723
3 478 477 479
3 478 479 481
3 476 3036 480
3 476 480 479
3 480 483 481
3 480 481 479
3 478 481 482
3 478 482 721
3 482 481 483
3 482 483 485
3 480 3032 484
3 480 484 483
3 484 487 485
3 484 485 483
3 482 485 486
3 482 486 719
3 486 485 487
3 486 487 489
3 484 3028 488
3 484 488 487
3 488 491 489
3 488 489 487
3 486 489 490
3 486 490 717
3 490 489 491
3 490 491 493
3 488 3024 492
3 488 492 491
3 492 495 493
3 492 493 491
3 490 493 494
3 490 494 715
3 494 493 495
3 494 495 497
3 492 3020 496
3 492 496 495
3 496 499 497
3 496 497 495
3 494 497 498
3 494 498 713
3 498 497 499
3 498 499 501
3 496 3016 500
3 496 500 499
3 500 503 501
3 500 501 499
3 498 501 502
3 498 502 711
3 502 501 503
3 502 503 505
3 500 3012 504
3 500 504 503
3 504 507 505
3 504 505 503
3 502 505 506
3 502 506 709
3 506 505 507
3 506 507 509
3 504 3008 508
3 504 508 507
3 508 511 509
3 508 509 507
3 506 509 510
3 506 510 707
3 510 509 511
3 510 511 513
3 508 3004 512
3 508 512 511
3 512 515 513
3 512 513 511
3 510 513 514
3 510 514 705
3 514 513 515
3 514 515 517
3 512 3000 516
3 512 516 515
3 516 519 517
3 516 517 515
3 514 517 518
3 514 518 703
3 518 517 519
3 518 519 521
3 516 2996 520
3 516 520 519
3 520 523 521
3 520 521 519
3 518 521 522
3 518 522 701
3 522 521 523
3 522 523 525
3 520 2992 524
3 520 524 523
3 524 527 525
3 524 525 523
3 522 525 526
3 522 526 699
3 526 525 527
3 526 527 529
3 524 2988 528
3 524 528 527
3 528 531 529
3 528 529 527
3 526 529 530
3 526 530 697
3 530 529 531
3 530 531 533
3 528 2984 532
3 528 532 531
3 532 535 533
3 532 533 531
3 530 533 534
3 530 534 695
3 534 533 535
3 534 535 537
3 532 2980 536
3 532 536 535
3 536 539 537
3 536 537 535
3 534 537 538
3 534 538 693
3 538 537 539
3 538 539 541
3 536 2976 540
3 536 540 539
3 540 543 541
3 540 541 539
3 538 541 542
3 538 542 691
3 542 541 543
3 542 543 545
3 540 2972 544
3 540 544 543
3 544 547 545
3 544 545 543
3 542 545 546
3 542 546 689
3 546 545 547
3 546 547 549
3 544 2968 548
3 544 548 547
3 548 551 549
3 548 549 547
3 546 549 550
3 546 550 687
3 550 549 551
3 550 551 553
3 548 2964 552
3 548 552 551
3 552 555 553
3 552 553 551
3 550 553 554
3 550 554 685
3 554 553 555
3 554 555 557
3 552 2960 556
3 552 556 555
3 556 559 557
3 556 557 555
3 554 557 558
3 554 558 683
3 558 557 559
3 558 559 561
3 556 2956 560
3 556 560 559
3 560 563 561
3 560 561 559
3 558 561 562
3 558 562 681
3 562 561 563
3 562 563 565
3 560 2952 564
3 560 564 563
3 564 567 565
3 564 565 563
3 562 565 566
3 562 566 679
3 566 565 567
3 566 567 569
3 564 2948 568
3 564 568 567
3 568 571 569
3 568 569 567
3 566 569 570
3 566 570 677
3 570 569 571
3 570 571 573
3 568 2944 572
3 568 572 571
3 572 575 573
3 572 573 571
3 570 573 574
3 570 574 675
3 574 573 575
3 574 575 577
3 572 2940 576
3 572 576 575
3 576 579 577
3 576 577 575
3 574 577 578
3 574 578 673
3 578 577 579
3 578 579 581
3 576 2936 580
3 576 580 579
3 580 583 581
3 580 581 579
3 578 581 582
3 578 582 671
3 582 581 583
3 582 583 585
3 580 2932 584
3 580 584 583
3 584 587 585
3 584 585 583
3 582 585 586
3 582 586 669
3 586 585 587
3 586 587 589
3 584 2928 588
3 584 588 587
3 588 591 589
3 588 589 587
3 586 589 590
3 586 590 667
3 590 589 591
3 590 591 593
3 588 2924 592
3 588 592 591
3 592 595 593
3 592 593 591
3 590 593 594
3 590 594 665
3 594 593 595
3 594 595 597
3 592 2920 596
3 592 596 595
3 596 599 597
3 596 597 595
3 594 597 598
3 594 598 663
3 598 597 599
3 598 599 601
3 596 2916 600
3 596 600 599
3 600 603 601
3 600 601 599
3 598 601 602
3 598 602 661
3 602 601 603
3 602 603 605
3 600 2912 604
3 600 604 603
3 604 607 605
3 604 605 603
3 602 605 606
3 602 606 659
3 606 605 607
3 606 607 609
3 604 2908 608
3 604 608 607
3 608 611 609
3 608 609 607
3 606 609 610
3 606 610 657
3 610 609 611
3 610 611 613
3 608 2904 612
3 608 612 611
3 612 615 613
3 612 613 611
3 610 613 614
3 610 614 655
3 614 613 615
3 614 615 617
3 612 2900 616
3 612 616 615
3 616 619 617
3 616 617 615
3 614 617 618
3 614 618 653
3 618 617 619
3 618 619 621
3 616 2896 620
3 616 620 619
3 620 623 621
3 620 621 619
3 618 621 622
3 618 622 651
3 622 621 623
3 622 623 625
3 620 2892 624
3 620 624 623
3 624 627 625
3 624 625 623
3 622 625 626
3 622 626 649
3 626 625 627
3 626 627 629
3 624 2888 628
3 624 628 627
3 628 631 629
3 628 629 627
3 626 629 630
3 626 630 647
3 630 629 631
3 630 631 633
3 628 2887 632
3 628 632 631
3 632 635 633
3 632 633 631
3 630 633 634
3 630 634 645
3 634 633 635
3 634 635 637
3 632 2875 636
3 632 636 635
3 636 638 637
3 636 637 635
3 634 637 639
3 634 639 642
3 639 637 638
3 639 638 640
3 639 640 739
3 639 739 641
3 639 641 643
3 639 643 642
3 142 644 642
3 142 642 643
3 634 642 644
3 634 644 645
3 146 646 645
3 146 645 644
3 630 645 646
3 630 646 647
3 150 648 647
3 150 647 646
3 626 647 648
3 626 648 649
3 154 650 649
3 154 649 648
3 622 649 650
3 622 650 651
3 158 652 651
3 158 651 650
3 618 651 652
3 618 652 653
3 162 654 653
3 162 653 652
3 614 653 654
3 614 654 655
3 166 656 655
3 166 655 654
3 610 655 656
3 610 656 657
3 170 658 657
3 170 657 656
3 606 657 658
3 606 658 659
3 174 660 659
3 174 659 658
3 602 659 660
3 602 660 661
3 178 662 661
3 178 661 660
3 598 661 662
3 598 662 663
3 182 664 663
3 182 663 662
3 594 663 664
3 594 664 665
3 186 666 665
3 186 665 664
3 590 665 666
3 590 666 667
3 190 668 667
3 190 667 666
3 586 667 668
3 586 668 669
3 194 670 669
3 194 669 668
3 582 669 670
3 582 670 671
3 198 672 671
3 198 671 670
3 578 671 672
3 578 672 673
3 202 674 673
3 202 673 672
3 574 673 674
3 574 674 675
3 206 676 675
3 206 675 674
3 570 675 676
3 570 676 677
3 210 678 677
3 210 677 676
3 566 677 678
3 566 678 679
3 214 680 679
3 214 679 678
3 562 679 680
3 562 680 681
3 218 682 681
3 218 681 680
3 558 681 682
3 558 682 683
3 222 684 683
3 222 683 682
3 554 683 684
3 554 684 685
3 226 686 685
3 226 685 684
3 550 685 686
3 550 686 687
3 230 688 687
3 230 687 686
3 546 687 688
3 546 688 689
3 234 690 689
3 234 689 688
3 542 689 690
3 542 690 691
3 238 692 691
3 238 691 690
3 538 691 692
3 538 692 693
3 242 694 693
3 242 693 692
3 534 693 694
3 534 694 695
3 246 696 695
3 246 695 694
3 530 695 696
3 530 696 697
3 250 698 697
3 250 697 696
3 526 697 698
3 526 698 699
3 254 700 699
3 254 699 698
3 522 699 700
3 522 700 701
3 258 702 701
3 258 701 700
3 518 701 702
3 518 702 703
3 262 704 703
3 262 703 702
3 514 703 704
3 514 704 705
3 266 706 705
3 266 705 704
3 510 705 706
3 510 706 707
3 270 708 707
3 270 707 706
3 506 707 708
3 506 708 709
3 274 710 709
3 274 709 708
3 502 709 710
3 502 710 711
3 278 712 711
3 278 711 710
3 498 711 712
3 498 712 713
3 282 714 713
3 282 713 712
3 494 713 714
3 494 714 715
3 286 716 715
3 286 715 714
3 490 715 716
3 490 716 717
3 290 718 717
3 290 717 716
3 486 717 718
3 486 718 719
3 294 720 719
3 294 719 718
3 482 719 720
3 482 720 721
3 298 722 721
3 298 721 720
3 478 721 722
3 478 722 723
3 302 724 723
3 302 723 722
3 474 723 724
3 474 724 725
3 306 726 725
3 306 725 724
3 470 725 726
3 470 726 727
3 310 728 727
3 310 727 726
3 466 727 728
3 466 728 729
3 314 730 729
3 314 729 728
3 462 729 730
3 462 730 731
3 318 732 731
3 318 731 730
3 458 731 732
3 458 732 733
3 322 734 733
3 322 733 732
3 454 733 734
3 454 734 735
3 326 736 735
3 326 735 734
3 450 735 736
3 450 736 737
3 330 738 737
3 330 737 736
3 446 737 738
3 446 738 435
3 138 643 641
3 138 641 740
3 739 741 740
3 739 740 641
3 134 740 741
3 134 741 743
3 739 2870 742
3 739 742 741
3 742 744 743
3 742 743 741
3 133 743 744
3 133 744 745
3 746 747 745
3 746 745 744
3 742 748 746
3 742 746 744
3 746 749 750
3 746 750 747
3 746 748 751
3 746 751 749
3 750 749 752
3 750 752 755
3 753 752 749
3 753 749 751
3 753 767 754
3 753 754 752
3 755 752 754
3 755 754 757
3 750 755 756
3 750 756 3149
3 755 757 758
3 755 758 756
3 758 757 759
3 758 759 761
3 762 759 757
3 762 757 754
3 761 759 760
3 761 760 3147
3 762 763 760
3 762 760 759
3 762 764 765
3 762 765 763
3 767 764 762
3 767 762 754
3 3145 765 764
3 3145 764 766
3 767 768 766
3 767 766 764
3 753 769 768
3 753 768 767
3 770 768 769
3 770 769 771
3 770 773 766
3 770 766 768
3 2861 772 770
3 2861 770 771
3 770 772 775
3 770 775 773
3 773 774 3145
3 773 3145 766
3 773 775 776
3 773 776 774
3 777 775 772
3 777 772 778
3 777 780 776
3 777 776 775
3 2857 779 777
3 2857 777 778
3 777 779 781
3 777 781 780
3 780 20 18
3 780 18 776
3 780 781 22
3 780 22 20
3 782 781 779
3 782 779 783
3 782 24 22
3 782 22 781
3 782 783 785
3 782 785 784
3 26 24 782
3 26 782 784
3 785 787 786
3 785 786 784
3 28 26 784
3 28 784 786
3 788 786 787
3 788 787 790
3 788 30 28
3 788 28 786
3 788 789 32
3 788 32 30
3 792 789 788
3 792 788 790
3 2852 791 790
3 2852 790 787
3 792 790 791
3 792 791 794
3 792 793 1250
3 792 1250 789
3 796 793 792
3 796 792 794
3 2848 795 794
3 2848 794 791
3 796 794 795
3 796 795 798
3 796 797 1247
3 796 1247 793
3 800 797 796
3 800 796 798
3 2844 799 798
3 2844 798 795
3 800 798 799
3 800 799 802
3 800 801 1243
3 800 1243 797
3 804 801 800
3 804 800 802
3 2840 803 802
3 2840 802 799
3 804 802 803
3 804 803 806
3 804 805 1239
3 804 1239 801
3 808 805 804
3 808 804 806
3 2836 807 806
3 2836 806 803
3 808 806 807
3 808 807 810
3 808 809 1235
3 808 1235 805
3 812 809 808
3 812 808 810
3 2832 811 810
3 2832 810 807
3 812 810 811
3 812 811 814
3 812 813 1231
3 812 1231 809
3 816 813 812
3 816 812 814
3 2828 815 814
3 2828 814 811
3 816 814 815
3 816 815 818
3 816 817 1227
3 816 1227 813
3 820 817 816
3 820 816 818
3 2824 819 818
3 2824 818 815
3 820 818 819
3 820 819 822
3 820 821 1223
3 820 1223 817
3 824 821 820
3 824 820 822
3 2820 823 822
3 2820 822 819
3 824 822 823
3 824 823 826
3 824 825 1219
3 824 1219 821
3 828 825 824
3 828 824 826
3 2816 827 826
3 2816 826 823
3 828 826 827
3 828 827 830
3 828 829 1215
3 828 1215 825
3 832 829 828
3 832 828 830
3 2812 831 830
3 2812 830 827
3 832 830 831
3 832 831 834
3 832 833 1211
3 832 1211 829
3 836 833 832
3 836 832 834
3 2808 835 834
3 2808 834 831
3 836 834 835
3 836 835 838
3 836 837 1207
3 836 1207 833
3 840 837 836
3 840 836 838
3 2804 839 838
3 2804 838 835
3 840 838 839
3 840 839 842
3 840 841 1203
3 840 1203 837
3 844 841 840
3 844 840 842
3 2800 843 842
3 2800 842 839
3 844 842 843
3 844 843 846
3 844 845 1199
3 844 1199 841
3 848 845 844
3 848 844 846
3 2796 847 846
3 2796 846 843
3 848 846 847
3 848 847 850
3 848 849 1195
3 848 1195 845
3 852 849 848
3 852 848 850
3 2792 851 850
3 2792 850 847
3 852 850 851
3 852 851 854
3 852 853 1191
3 852 1191 849
3 856 853 852
3 856 852 854
3 2788 855 854
3 2788 854 851
3 856 854 855
3 856 855 858
3 856 857 1187
3 856 1187 853
3 860 857 856
3 860 856 858
3 2784 859 858
3 2784 858 855
3 860 858 859
3 860 859 862
3 860 861 1183
3 860 1183 857
3 864 861 860
3 864 860 862
3 2780 863 862
3 2780 862 859
3 864 862 863
3 864 863 866
3 864 865 1179
3 864 1179 861
3 868 865 864
3 868 864 866
3 2776 867 866
3 2776 866 863
3 868 866 867
3 868 867 870
3 868 869 1175
3 868 1175 865
3 872 869 868
3 872 868 870
3 2772 871 870
3 2772 870 867
3 872 870 871
3 872 871 874
3 872 873 1171
3 872 1171 869
3 876 873 872
3 876 872 874
3 2768 875 874
3 2768 874 871
3 876 874 875
3 876 875 878
3 876 877 1167
3 876 1167 873
3 880 877 876
3 880 876 878
3 2764 879 878
3 2764 878 875
3 880 878 879
3 880 879 882
3 880 881 1163
3 880 1163 877
3 884 881 880
3 884 880 882
3 2760 883 882
3 2760 882 879
3 884 882 883
3 884 883 886
3 884 885 1159
3 884 1159 881
3 888 885 884
3 888 884 886
3 2756 887 886
3 2756 886 883
3 888 886 887
3 888 887 890
3 888 889 1155
3 888 1155 885
3 892 889 888
3 892 888 890
3 2752 891 890
3 2752 890 887
3 892 890 891
3 892 891 894
3 892 893 1151
3 892 1151 889
3 896 893 892
3 896 892 894
3 2748 895 894
3 2748 894 891
3 896 894 895
3 896 895 898
3 896 897 1147
3 896 1147 893
3 900 897 896
3 900 896 898
3 2744 899 898
3 2744 898 895
3 900 898 899
3 900 899 902
3 900 901 1143
3 900 1143 897
3 904 901 900
3 904 900 902
3 2740 903 902
3 2740 902 899
3 904 902 903
3 904 903 906
3 904 905 1139
3 904 1139 901
3 908 905 904
3 908 904 906
3 2736 907 906
3 2736 906 903
3 908 906 907
3 908 907 910
3 908 909 1135
3 908 1135 905
3 912 909 908
3 912 908 910
3 2732 911 910
3 2732 910 907
3 912 910 911
3 912 911 914
3 912 913 1131
3 912 1131 909
3 916 913 912
3 916 912 914
3 2728 915 914
3 2728 914 911
3 916 914 915
3 916 915 918
3 916 917 1127
3 916 1127 913
3 920 917 916
3 920 916 918
3 2724 919 918
3 2724 918 915
3 920 918 919
3 920 919 922
3 920 921 1123
3 920 1123 917
3 924 921 920
3 924 920 922
3 2720 923 922
3 2720 922 919
3 924 922 923
3 924 923 926
3 924 925 1119
3 924 1119 921
3 928 925 924
3 928 924 926
3 2716 927 926
3 2716 926 923
3 928 926 927
3 928 927 930
3 928 929 1115
3 928 1115 925
3 932 929 928
3 932 928 930
3 2712 931 930
3 2712 930 927
3 932 930 931
3 932 931 934
3 932 933 1111
3 932 1111 929
3 936 933 932
3 936 932 934
3 2708 935 934
3 2708 934 931
3 936 934 935
3 936 935 938
3 936 937 1107
3 936 1107 933
3 940 937 936
3 940 936 938
3 2704 939 938
3 2704 938 935
3 940 938 939
3 940 939 942
3 940 941 1103
3 940 1103 937
3 944 941 940
3 944 940 942
3 2700 943 942
3 2700 942 939
3 944 942 943
3 944 943 946
3 944 945 1099
3 944 1099 941
3 948 945 944
3 948 944 946
3 2696 947 946
3 2696 946 943
3 948 946 947
3 948 947 950
3 948 949 1095
3 948 1095 945
3 952 949 948
3 952 948 950
3 2692 951 950
3 2692 950 947
3 952 950 951
3 952 951 954
3 952 953 1091
3 952 1091 949
3 956 953 952
3 956 952 954
3 2688 955 954
3 2688 954 951
3 956 954 955
3 956 955 958
3 956 957 1087
3 956 1087 953
3 960 957 956
3 960 956 958
3 2684 959 958
3 2684 958 955
3 960 958 959
3 960 959 962
3 960 961 1083
3 960 1083 957
3 964 961 960
3 964 960 962
3 2680 963 962
3 2680 962 959
3 964 962 963
3 964 963 966
3 964 965 1079
3 964 1079 961
3 968 965 964
3 968 964 966
3 2676 967 966
3 2676 966 963
3 968 966 967
3 968 967 970
3 968 969 1075
3 968 1075 965
3 972 969 968
3 972 968 970
3 2672 971 970
3 2672 970 967
3 972 970 971
3 972 971 974
3 972 973 1071
3 972 1071 969
3 976 973 972
3 976 972 974
3 2668 975 974
3 2668 974 971
3 976 974 975
3 976 975 978
3 976 977 1067
3 976 1067 973
3 980 977 976
3 980 976 978
3 2664 979 978
3 2664 978 975
3 980 978 979
3 980 979 982
3 980 981 1063
3 980 1063 977
3 984 981 980
3 984 980 982
3 2660 983 982
3 2660 982 979
3 984 982 983
3 984 983 986
3 984 985 1059
3 984 1059 981
3 988 985 984
3 988 984 986
3 2656 987 986
3 2656 986 983
3 988 986 987
3 988 987 990
3 988 989 1055
3 988 1055 985
3 992 989 988
3 992 988 990
3 2652 991 990
3 2652 990 987
3 992 990 991
3 992 991 994
3 992 993 1051
3 992 1051 989
3 996 993 992
3 996 992 994
3 2648 995 994
3 2648 994 991
3 996 994 995
3 996 995 998
3 996 997 1047
3 996 1047 993
3 1000 997 996
3 1000 996 998
3 2644 999 998
3 2644 998 995
3 1000 998 999
3 1000 999 1002
3 1000 1001 1043
3 1000 1043 997
3 1004 1001 1000
3 1004 1000 1002
3 2640 1003 1002
3 2640 1002 999
3 1004 1002 1003
3 1004 1003 1006
3 1004 1005 1039
3 1004 1039 1001
3 1008 1005 1004
3 1008 1004 1006
3 2636 1007 1006
3 2636 1006 1003
3 1008 1006 1007
3 1008 1007 1010
3 1008 1009 1035
3 1008 1035 1005
3 1012 1009 1008
3 1012 1008 1010
3 2632 1011 1010
3 2632 1010 1007
3 1012 1010 1011
3 1012 1011 1014
3 1012 1013 1031
3 1012 1031 1009
3 1016 1013 1012
3 1016 1012 1014
3 2630 1015 1014
3 2630 1014 1011
3 1016 1014 1015
3 1016 1015 1018
3 1016 1017 1026
3 1016 1026 1013
3 1019 1017 1016
3 1019 1016 1018
3 403 401 1018
3 403 1018 1015
3 1019 1018 401
3 1019 401 399
3 1019 1020 1022
3 1019 1022 1017
3 397 1020 1019
3 397 1019 399
3 397 395 1021
3 397 1021 1020
3 1023 1022 1020
3 1023 1020 1021
3 1024 1026 1017
3 1024 1017 1022
3 1023 1025 1024
3 1023 1024 1022
3 1024 1025 1028
3 1024 1028 1027
3 1024 1027 1030
3 1024 1030 1026
3 2525 1029 1027
3 2525 1027 1028
3 1030 1027 1029
3 1030 1029 1032
3 1030 1031 1013
3 1030 1013 1026
3 1030 1032 1034
3 1030 1034 1031
3 2527 1033 1032
3 2527 1032 1029
3 1034 1032 1033
3 1034 1033 1036
3 1034 1035 1009
3 1034 1009 1031
3 1034 1036 1038
3 1034 1038 1035
3 2529 1037 1036
3 2529 1036 1033
3 1038 1036 1037
3 1038 1037 1040
3 1038 1039 1005
3 1038 1005 1035
3 1038 1040 1042
3 1038 1042 1039
3 2531 1041 1040
3 2531 1040 1037
3 1042 1040 1041
3 1042 1041 1044
3 1042 1043 1001
3 1042 1001 1039
3 1042 1044 1046
3 1042 1046 1043
3 2533 1045 1044
3 2533 1044 1041
3 1046 1044 1045
3 1046 1045 1048
3 1046 1047 997
3 1046 997 1043
3 1046 1048 1050
3 1046 1050 1047
3 2535 1049 1048
3 2535 1048 1045
3 1050 1048 1049
3 1050 1049 1052
3 1050 1051 993
3 1050 993 1047
3 1050 1052 1054
3 1050 1054 1051
3 2537 1053 1052
3 2537 1052 1049
3 1054 1052 1053
3 1054 1053 1056
3 1054 1055 989
3 1054 989 1051
3 1054 1056 1058
3 1054 1058 1055
3 2539 1057 1056
3 2539 1056 1053
3 1058 1056 1057
3 1058 1057 1060
3 1058 1059 985
3 1058 985 1055
3 1058 1060 1062
3 1058 1062 1059
3 2541 1061 1060
3 2541 1060 1057
3 1062 1060 1061
3 1062 1061 1064
3 1062 1063 981
3 1062 981 1059
3 1062 1064 1066
3 1062 1066 1063
3 2543 1065 1064
3 2543 1064 1061
3 1066 1064 1065
3 1066 1065 1068
3 1066 1067 977
3 1066 977 1063
3 1066 1068 1070
3 1066 1070 1067
3 2545 1069 1068
3 2545 1068 1065
3 1070 1068 1069
3 1070 1069 1072
3 1070 1071 973
3 1070 973 1067
3 1070 1072 1074
3 1070 1074 1071
3 2547 1073 1072
3 2547 1072 1069
3 1074 1072 1073
3 1074 1073 1076
3 1074 1075 969
3 1074 969 1071
3 1074 1076 1078
3 1074 1078 1075
3 2549 1077 1076
3 2549 1076 1073
3 1078 1076 1077
3 1078 1077 1080
3 1078 1079 965
3 1078 965 1075
3 1078 1080 1082
3 1078 1082 1079
3 2551 1081 1080
3 2551 1080 1077
3 1082 1080 1081
3 1082 1081 1084
3 1082 1083 961
3 1082 961 1079
3 1082 1084 1086
3 1082 1086 1083
3 2553 1085 1084
3 2553 1084 1081
3 1086 1084 1085
3 1086 1085 1088
3 1086 1087 957
3 1086 957 1083
3 1086 1088 1090
3 1086 1090 1087
3 2555 1089 1088
3 2555 1088 1085
3 1090 1088 1089
3 1090 1089 1092
3 1090 1091 953
3 1090 953 1087
3 1090 1092 1094
3 1090 1094 1091
3 2557 1093 1092
3 2557 1092 1089
3 1094 1092 1093
3 1094 1093 1096
3 1094 1095 949
3 1094 949 1091
3 1094 1096 1098
3 1094 1098 1095
3 2559 1097 1096
3 2559 1096 1093
3 1098 1096 1097
3 1098 1097 1100
3 1098 1099 945
3 1098 945 1095
3 1098 1100 1102
3 1098 1102 1099
3 2561 1101 1100
3 2561 1100 1097
3 1102 1100 1101
3 1102 1101 1104
3 1102 1103 941
3 1102 941 1099
3 1102 1104 1106
3 1102 1106 1103
3 2563 1105 1104
3 2563 1104 1101
3 1106 1104 1105
3 1106 1105 1108
3 1106 1107 937
3 1106 937 1103
3 1106 1108 1110
3 1106 1110 1107
3 2565 1109 1108
3 2565 1108 1105
3 1110 1108 1109
3 1110 1109 1112
3 1110 1111 933
3 1110 933 1107
3 1110 1112 1114
3 1110 1114 1111
3 2567 1113 1112
3 2567 1112 1109
3 1114 1112 1113
3 1114 1113 1116
3 1114 1115 929
3 1114 929 1111
3 1114 1116 1118
3 1114 1118 1115
3 2569 1117 1116
3 2569 1116 1113
3 1118 1116 1117
3 1118 1117 1120
3 1118 1119 925
3 1118 925 1115
3 1118 1120 1122
3 1118 1122 1119
3 2571 1121 1120
3 2571 1120 1117
3 1122 1120 1121
3 1122 1121 1124
3 1122 1123 921
3 1122 921 1119
3 1122 1124 1126
3 1122 1126 1123
3 2573 1125 1124
3 2573 1124 1121
3 1126 1124 1125
3 1126 1125 1128
3 1126 1127 917
3 1126 917 1123
3 1126 1128 1130
3 1126 1130 1127
3 2575 1129 1128
3 2575 1128 1125
3 1130 1128 1129
3 1130 1129 1132
3 1130 1131 913
3 1130 913 1127
3 1130 1132 1134
3 1130 1134 1131
3 2577 1133 1132
3 2577 1132 1129
3 1134 1132 1133
3 1134 1133 1136
3 1134 1135 909
3 1134 909 1131
3 1134 1136 1138
3 1134 1138 1135
3 2579 1137 1136
3 2579 1136 1133
3 1138 1136 1137
3 1138 1137 1140
3 1138 1139 905
3 1138 905 1135
3 1138 1140 1142
3 1138 1142 1139
3 2581 1141 1140
3 2581 1140 1137
3 1142 1140 1141
3 1142 1141 1144
3 1142 1143 901
3 1142 901 1139
3 1142 1144 1146
3 1142 1146 1143
3 2583 1145 1144
3 2583 1144 1141
3 1146 1144 1145
3 1146 1145 1148
3 1146 1147 897
3 1146 897 1143
3 1146 1148 1150
3 1146 1150 1147
3 2585 1149 1148
3 2585 1148 1145
3 1150 1148 1149
3 1150 1149 1152
3 1150 1151 893
3 1150 893 1147
3 1150 1152 1154
3 1150 1154 1151
3 2587 1153 1152
3 2587 1152 1149
3 1154 1152 1153
3 1154 1153 1156
3 1154 1155 889
3 1154 889 1151
3 1154 1156 1158
3 1154 1158 1155
3 2589 1157 1156
3 2589 1156 1153
3 1158 1156 1157
3 1158 1157 1160
3 1158 1159 885
3 1158 885 1155
3 1158 1160 1162
3 1158 1162 1159
3 2591 1161 1160
3 2591 1160 1157
3 1162 1160 1161
3 1162 1161 1164
3 1162 1163 881
3 1162 881 1159
3 1162 1164 1166
3 1162 1166 1163
3 2593 1165 1164
3 2593 1164 1161
3 1166 1164 1165
3 1166 1165 1168
3 1166 1167 877
3 1166 877 1163
3 1166 1168 1170
3 1166 1170 1167
3 2595 1169 1168
3 2595 1168 1165
3 1170 1168 1169
3 1170 1169 1172
3 1170 1171 873
3 1170 873 1167
3 1170 1172 1174
3 1170 1174 1171
3 2597 1173 1172
3 2597 1172 1169
3 1174 1172 1173
3 1174 1173 1176
3 1174 1175 869
3 1174 869 1171
3 1174 1176 1178
3 1174 1178 1175
3 2599 1177 1176
3 2599 1176 1173
3 1178 1176 1177
3 1178 1177 1180
3 1178 1179 865
3 1178 865 1175
3 1178 1180 1182
3 1178 1182 1179
3 2601 1181 1180
3 2601 1180 1177
3 1182 1180 1181
3 1182 1181 1184
3 1182 1183 861
3 1182 861 1179
3 1182 1184 1186
3 1182 1186 1183
3 2603 1185 1184
3 2603 1184 1181
3 1186 1184 1185
3 1186 1185 1188
3 1186 1187 857
3 1186 857 1183
3 1186 1188 1190
3 1186 1190 1187
3 2605 1189 1188
3 2605 1188 1185
3 1190 1188 1189
3 1190 1189 1192
3 1190 1191 853
3 1190 853 1187
3 1190 1192 1194
3 1190 1194 1191
3 2607 1193 1192
3 2607 1192 1189
3 1194 1192 1193
3 1194 1193 1196
3 1194 1195 849
3 1194 849 1191
3 1194 1196 1198
3 1194 1198 1195
3 2609 1197 1196
3 2609 1196 1193
3 1198 1196 1197
3 1198 1197 1200
3 1198 1199 845
3 1198 845 1195
3 1198 1200 1202
3 1198 1202 1199
3 2611 1201 1200
3 2611 1200 1197
3 1202 1200 1201
3 1202 1201 1204
3 1202 1203 841
3 1202 841 1199
3 1202 1204 1206
3 1202 1206 1203
3 2613 1205 1204
3 2613 1204 1201
3 1206 1204 1205
3 1206 1205 1208
3 1206 1207 837
3 1206 837 1203
3 1206 1208 1210
3 1206 1210 1207
3 2615 1209 1208
3 2615 1208 1205
3 1210 1208 1209
3 1210 1209 1212
3 1210 1211 833
3 1210 833 1207
3 1210 1212 1214
3 1210 1214 1211
3 2617 1213 1212
3 2617 1212 1209
3 1214 1212 1213
3 1214 1213 1216
3 1214 1215 829
3 1214 829 1211
3 1214 1216 1218
3 1214 1218 1215
3 2619 1217 1216
3 2619 1216 1213
3 1218 1216 1217
3 1218 1217 1220
3 1218 1219 825
3 1218 825 1215
3 1218 1220 1222
3 1218 1222 1219
3 2621 1221 1220
3 2621 1220 1217
3 1222 1220 1221
3 1222 1221 1224
3 1222 1223 821
3 1222 821 1219
3 1222 1224 1226
3 1222 1226 1223
3 2623 1225 1224
3 2623 1224 1221
3 1226 1224 1225
3 1226 1225 1228
3 1226 1227 817
3 1226 817 1223
3 1226 1228 1230
3 1226 1230 1227
3 2627 1229 1228
3 2627 1228 1225
3 1230 1228 1229
3 1230 1229 1232
3 1230 1231 813
3 1230 813 1227
3 1230 1232 1234
3 1230 1234 1231
3 2628 1233 1232
3 2628 1232 1229
3 1234 1232 1233
3 1234 1233 1236
3 1234 1235 809
3 1234 809 1231
3 1234 1236 1238
3 1234 1238 1235
3 2629 1237 1236
3 2629 1236 1233
3 1238 1236 1237
3 1238 1237 1240
3 1238 1239 805
3 1238 805 1235
3 1238 1240 1242
3 1238 1242 1239
3 1253 1241 1240
3 1253 1240 1237
3 1242 1240 1241
3 1242 1241 1244
3 1242 1243 801
3 1242 801 1239
3 1242 1244 1246
3 1242 1246 1243
3 1251 1245 1244
3 1251 1244 1241
3 1246 1244 1245
3 1246 1245 1248
3 1246 1247 797
3 1246 797 1243
3 1246 1248 1249
3 1246 1249 1247
3 40 38 1248
3 40 1248 1245
3 1249 1248 38
3 1249 38 36
3 1249 1250 793
3 1249 793 1247
3 1249 36 34
3 1249 34 1250
3 34 32 789
3 34 789 1250
3 1251 42 40
3 1251 40 1245
3 1251 1252 44
3 1251 44 42
3 1253 1252 1251
3 1253 1251 1241
3 1253 1255 1254
3 1253 1254 1252
3 46 44 1252
3 46 1252 1254
3 1256 1254 1255
3 1256 1255 1258
3 46 1254 1256
3 46 1256 48
3 1256 1257 50
3 1256 50 48
3 1256 1258 1260
3 1256 1260 1257
3 2629 1259 1258
3 2629 1258 1255
3 1260 1258 1259
3 1260 1259 1262
3 1260 1261 1847
3 1260 1847 1257
3 1260 1262 1264
3 1260 1264 1261
3 2628 1263 1262
3 2628 1262 1259
3 1264 1262 1263
3 1264 1263 1266
3 1264 1266 1268
3 1264 1268 1265
3 1264 1265 1845
3 1264 1845 1261
3 2627 1267 1266
3 2627 1266 1263
3 1268 1266 1267
3 1268 1267 1269
3 1268 1270 1272
3 1268 1272 1265
3 1268 1269 1273
3 1268 1273 1270
3 1842 1272 1270
3 1842 1270 1271
3 1273 1275 1271
3 1273 1271 1270
3 1273 1269 2622
3 1273 2622 1274
3 1273 1274 1277
3 1273 1277 1275
3 1832 1271 1275
3 1832 1275 1276
3 1277 1279 1276
3 1277 1276 1275
3 1277 1274 2620
3 1277 2620 1278
3 1277 1278 1281
3 1277 1281 1279
3 1775 1276 1279
3 1775 1279 1280
3 1281 1283 1280
3 1281 1280 1279
3 1281 1278 2618
3 1281 2618 1282
3 1281 1282 1285
3 1281 1285 1283
3 1774 1280 1283
3 1774 1283 1284
3 1285 1287 1284
3 1285 1284 1283
3 1285 1282 2616
3 1285 2616 1286
3 1285 1286 1289
3 1285 1289 1287
3 1777 1284 1287
3 1777 1287 1288
3 1289 1291 1288
3 1289 1288 1287
3 1289 1286 2614
3 1289 2614 1290
3 1289 1290 1293
3 1289 1293 1291
3 1781 1288 1291
3 1781 1291 1292
3 1293 1295 1292
3 1293 1292 1291
3 1293 1290 2612
3 1293 2612 1294
3 1293 1294 1297
3 1293 1297 1295
3 1785 1292 1295
3 1785 1295 1296
3 1297 1299 1296
3 1297 1296 1295
3 1297 1294 2610
3 1297 2610 1298
3 1297 1298 1301
3 1297 1301 1299
3 1789 1296 1299
3 1789 1299 1300
3 1301 1303 1300
3 1301 1300 1299
3 1301 1298 2608
3 1301 2608 1302
3 1301 1302 1305
3 1301 1305 1303
3 1793 1300 1303
3 1793 1303 1304
3 1305 1307 1304
3 1305 1304 1303
3 1305 1302 2606
3 1305 2606 1306
3 1305 1306 1309
3 1305 1309 1307
3 1797 1304 1307
3 1797 1307 1308
3 1309 1311 1308
3 1309 1308 1307
3 1309 1306 2604
3 1309 2604 1310
3 1309 1310 1313
3 1309 1313 1311
3 1801 1308 1311
3 1801 1311 1312
3 1313 1315 1312
3 1313 1312 1311
3 1313 1310 2602
3 1313 2602 1314
3 1313 1314 1317
3 1313 1317 1315
3 1703 1312 1315
3 1703 1315 1316
3 1317 1319 1316
3 1317 1316 1315
3 1317 1314 2600
3 1317 2600 1318
3 1317 1318 1321
3 1317 1321 1319
3 1699 1316 1319
3 1699 1319 1320
3 1321 1323 1320
3 1321 1320 1319
3 1321 1318 2598
3 1321 2598 1322
3 1321 1322 1325
3 1321 1325 1323
3 1695 1320 1323
3 1695 1323 1324
3 1325 1327 1324
3 1325 1324 1323
3 1325 1322 2596
3 1325 2596 1326
3 1325 1326 1329
3 1325 1329 1327
3 1694 1324 1327
3 1694 1327 1328
3 1329 1331 1328
3 1329 1328 1327
3 1329 1326 2594
3 1329 2594 1330
3 1329 1330 1333
3 1329 1333 1331
3 1693 1328 1331
3 1693 1331 1332
3 1333 1335 1332
3 1333 1332 1331
3 1333 1330 2592
3 1333 2592 1334
3 1333 1334 1337
3 1333 1337 1335
3 1678 1332 1335
3 1678 1335 1336
3 1337 1339 1336
3 1337 1336 1335
3 1337 1334 2590
3 1337 2590 1338
3 1337 1338 1341
3 1337 1341 1339
3 1677 1336 1339
3 1677 1339 1340
3 1341 1343 1340
3 1341 1340 1339
3 1341 1338 2588
3 1341 2588 1342
3 1341 1342 1345
3 1341 1345 1343
3 1668 1340 1343
3 1668 1343 1344
3 1345 1347 1344
3 1345 1344 1343
3 1345 1342 2586
3 1345 2586 1346
3 1345 1346 1349
3 1345 1349 1347
3 1664 1344 1347
3 1664 1347 1348
3 1349 1351 1348
3 1349 1348 1347
3 1349 1346 2584
3 1349 2584 1350
3 1349 1350 1353
3 1349 1353 1351
3 1663 1348 1351
3 1663 1351 1352
3 1353 1355 1352
3 1353 1352 1351
3 1353 1350 2582
3 1353 2582 1354
3 1353 1354 1357
3 1353 1357 1355
3 2501 1352 1355
3 2501 1355 1356
3 1357 1359 1356
3 1357 1356 1355
3 1357 1354 2580
3 1357 2580 1358
3 1357 1358 1361
3 1357 1361 1359
3 1650 1356 1359
3 1650 1359 1360
3 1361 1363 1360
3 1361 1360 1359
3 1361 1358 2578
3 1361 2578 1362
3 1361 1362 1365
3 1361 1365 1363
3 1649 1360 1363
3 1649 1363 1364
3 1365 1367 1364
3 1365 1364 1363
3 1365 1362 2576
3 1365 2576 1366
3 1365 1366 1369
3 1365 1369 1367
3 2502 1364 1367
3 2502 1367 1368
3 1369 1371 1368
3 1369 1368 1367
3 1369 1366 2574
3 1369 2574 1370
3 1369 1370 1373
3 1369 1373 1371
3 1636 1368 1371
3 1636 1371 1372
3 1373 1375 1372
3 1373 1372 1371
3 1373 1370 2572
3 1373 2572 1374
3 1373 1374 1377
3 1373 1377 1375
3 1635 1372 1375
3 1635 1375 1376
3 1377 1379 1376
3 1377 1376 1375
3 1377 1374 2570
3 1377 2570 1378
3 1377 1378 1381
3 1377 1381 1379
3 2503 1376 1379
3 2503 1379 1380
3 1381 1383 1380
3 1381 1380 1379
3 1381 1378 2568
3 1381 2568 1382
3 1381 1382 1385
3 1381 1385 1383
3 1622 1380 1383
3 1622 1383 1384
3 1385 1387 1384
3 1385 1384 1383
3 1385 1382 2566
3 1385 2566 1386
3 1385 1386 1389
3 1385 1389 1387
3 1621 1384 1387
3 1621 1387 1388
3 1389 1391 1388
3 1389 1388 1387
3 1389 1386 2564
3 1389 2564 1390
3 1389 1390 1393
3 1389 1393 1391
3 2504 1388 1391
3 2504 1391 1392
3 1393 1395 1392
3 1393 1392 1391
3 1393 1390 2562
3 1393 2562 1394
3 1393 1394 1397
3 1393 1397 1395
3 1608 1392 1395
3 1608 1395 1396
3 1397 1399 1396
3 1397 1396 1395
3 1397 1394 2560
3 1397 2560 1398
3 1397 1398 1401
3 1397 1401 1399
3 1607 1396 1399
3 1607 1399 1400
3 1401 1403 1400
3 1401 1400 1399
3 1401 1398 2558
3 1401 2558 1402
3 1401 1402 1405
3 1401 1405 1403
3 2505 1400 1403
3 2505 1403 1404
3 1405 1407 1404
3 1405 1404 1403
3 1405 1402 2556
3 1405 2556 1406
3 1405 1406 1409
3 1405 1409 1407
3 1594 1404 1407
3 1594 1407 1408
3 1409 1411 1408
3 1409 1408 1407
3 1409 1406 2554
3 1409 2554 1410
3 1409 1410 1413
3 1409 1413 1411
3 1593 1408 1411
3 1593 1411 1412
3 1413 1415 1412
3 1413 1412 1411
3 1413 1410 2552
3 1413 2552 1414
3 1413 1414 1417
3 1413 1417 1415
3 2506 1412 1415
3 2506 1415 1416
3 1417 1419 1416
3 1417 1416 1415
3 1417 1414 2550
3 1417 2550 1418
3 1417 1418 1421
3 1417 1421 1419
3 1580 1416 1419
3 1580 1419 1420
3 1421 1423 1420
3 1421 1420 1419
3 1421 1418 2548
3 1421 2548 1422
3 1421 1422 1425
3 1421 1425 1423
3 1579 1420 1423
3 1579 1423 1424
3 1425 1427 1424
3 1425 1424 1423
3 1425 1422 2546
3 1425 2546 1426
3 1425 1426 1429
3 1425 1429 1427
3 2507 1424 1427
3 2507 1427 1428
3 1429 1431 1428
3 1429 1428 1427
3 1429 1426 2544
3 1429 2544 1430
3 1429 1430 1433
3 1429 1433 1431
3 1566 1428 1431
3 1566 1431 1432
3 1433 1435 1432
3 1433 1432 1431
3 1433 1430 2542
3 1433 2542 1434
3 1433 1434 1437
3 1433 1437 1435
3 1565 1432 1435
3 1565 1435 1436
3 1437 1439 1436
3 1437 1436 1435
3 1437 1434 2540
3 1437 2540 1438
3 1437 1438 1441
3 1437 1441 1439
3 2508 1436 1439
3 2508 1439 1440
3 1441 1443 1440
3 1441 1440 1439
3 1441 1438 2538
3 1441 2538 1442
3 1441 1442 1445
3 1441 1445 1443
3 1552 1440 1443
3 1552 1443 1444
3 1445 1447 1444
3 1445 1444 1443
3 1445 1442 2536
3 1445 2536 1446
3 1445 1446 1449
3 1445 1449 1447
3 1551 1444 1447
3 1551 1447 1448
3 1449 1451 1448
3 1449 1448 1447
3 1449 1446 2534
3 1449 2534 1450
3 1449 1450 1453
3 1449 1453 1451
3 2509 1448 1451
3 2509 1451 1452
3 1453 1455 1452
3 1453 1452 1451
3 1453 1450 2532
3 1453 2532 1454
3 1453 1454 1457
3 1453 1457 1455
3 1538 1452 1455
3 1538 1455 1456
3 1457 1459 1456
3 1457 1456 1455
3 1457 1454 2530
3 1457 2530 1458
3 1457 1458 1461
3 1457 1461 1459
3 1537 1456 1459
3 1537 1459 1460
3 1461 1463 1460
3 1461 1460 1459
3 1461 1458 2528
3 1461 2528 1462
3 1461 1462 1465
3 1461 1465 1463
3 2510 1460 1463
3 2510 1463 1464
3 1465 1467 1464
3 1465 1464 1463
3 1465 1462 2526
3 1465 2526 1466
3 1465 1466 1469
3 1465 1469 1467
3 1524 1464 1467
3 1524 1467 1468
3 1469 1471 1468
3 1469 1468 1467
3 1469 1466 2524
3 1469 2524 1470
3 1469 1470 1473
3 1469 1473 1471
3 1523 1468 1471
3 1523 1471 1472
3 1473 1475 1472
3 1473 1472 1471
3 1473 1470 2522
3 1473 2522 1474
3 1473 1474 1477
3 1473 1477 1475
3 2511 1472 1475
3 2511 1475 1476
3 1477 1479 1476
3 1477 1476 1475
3 1477 1474 2519
3 1477 2519 1478
3 1477 1478 1481
3 1477 1481 1479
3 1510 1476 1479
3 1510 1479 1480
3 1481 1483 1480
3 1481 1480 1479
3 1481 1478 2516
3 1481 2516 1482
3 1481 1482 1485
3 1481 1485 1483
3 1509 1480 1483
3 1509 1483 1484
3 1485 1487 1484
3 1485 1484 1483
3 1485 1482 2513
3 1485 2513 1486
3 1485 1486 1489
3 1485 1489 1487
3 2512 1484 1487
3 2512 1487 1488
3 1489 1490 1488
3 1489 1488 1487
3 1489 1486 383
3 1489 383 381
3 1489 381 379
3 1489 379 1490
3 1493 1488 1490
3 1493 1490 1491
3 379 377 1491
3 379 1491 1490
3 1493 1491 1492
3 1493 1492 1495
3 1492 1491 377
3 1492 377 375
3 1493 1495 1497
3 1493 1497 1494
3 2512 1488 1493
3 2512 1493 1494
3 1492 2384 1496
3 1492 1496 1495
3 1498 1497 1495
3 1498 1495 1496
3 1499 1497 1498
3 1499 1498 1500
3 1499 1502 1494
3 1499 1494 1497
3 1499 1500 2387
3 1499 2387 1501
3 1504 1502 1499
3 1504 1499 1501
3 1504 1506 1503
3 1504 1503 1502
3 2512 1494 1502
3 2512 1502 1503
3 1507 1506 1504
3 1507 1504 1505
3 1504 1501 2392
3 1504 2392 1505
3 1507 1511 1508
3 1507 1508 1506
3 1509 1503 1506
3 1509 1506 1508
3 1510 1480 1509
3 1510 1509 1508
3 1510 1508 1511
3 1510 1511 1512
3 1513 1511 1507
3 1513 1507 1514
3 1513 1516 1512
3 1513 1512 1511
3 1513 1514 2397
3 1513 2397 1515
3 1518 1516 1513
3 1518 1513 1515
3 1518 1520 1517
3 1518 1517 1516
3 2511 1512 1516
3 2511 1516 1517
3 1521 1520 1518
3 1521 1518 1519
3 1518 1515 2401
3 1518 2401 1519
3 1521 1525 1522
3 1521 1522 1520
3 1523 1517 1520
3 1523 1520 1522
3 1524 1468 1523
3 1524 1523 1522
3 1524 1522 1525
3 1524 1525 1526
3 1527 1525 1521
3 1527 1521 1528
3 1527 1530 1526
3 1527 1526 1525
3 1527 1528 2406
3 1527 2406 1529
3 1532 1530 1527
3 1532 1527 1529
3 1532 1534 1531
3 1532 1531 1530
3 2510 1526 1530
3 2510 1530 1531
3 1535 1534 1532
3 1535 1532 1533
3 1532 1529 2410
3 1532 2410 1533
3 1535 1539 1536
3 1535 1536 1534
3 1537 1531 1534
3 1537 1534 1536
3 1538 1456 1537
3 1538 1537 1536
3 1538 1536 1539
3 1538 1539 1540
3 1541 1539 1535
3 1541 1535 1542
3 1541 1544 1540
3 1541 1540 1539
3 1541 1542 2415
3 1541 2415 1543
3 1546 1544 1541
3 1546 1541 1543
3 1546 1548 1545
3 1546 1545 1544
3 2509 1540 1544
3 2509 1544 1545
3 1549 1548 1546
3 1549 1546 1547
3 1546 1543 2419
3 1546 2419 1547
3 1549 1553 1550
3 1549 1550 1548
3 1551 1545 1548
3 1551 1548 1550
3 1552 1444 1551
3 1552 1551 1550
3 1552 1550 1553
3 1552 1553 1554
3 1555 1553 1549
3 1555 1549 1556
3 1555 1558 1554
3 1555 1554 1553
3 1555 1556 2424
3 1555 2424 1557
3 1560 1558 1555
3 1560 1555 1557
3 1560 1562 1559
3 1560 1559 1558
3 2508 1554 1558
3 2508 1558 1559
3 1563 1562 1560
3 1563 1560 1561
3 1560 1557 2428
3 1560 2428 1561
3 1563 1567 1564
3 1563 1564 1562
3 1565 1559 1562
3 1565 1562 1564
3 1566 1432 1565
3 1566 1565 1564
3 1566 1564 1567
3 1566 1567 1568
3 1569 1567 1563
3 1569 1563 1570
3 1569 1572 1568
3 1569 1568 1567
3 1569 1570 2433
3 1569 2433 1571
3 1574 1572 1569
3 1574 1569 1571
3 1574 1576 1573
3 1574 1573 1572
3 2507 1568 1572
3 2507 1572 1573
3 1577 1576 1574
3 1577 1574 1575
3 1574 1571 2437
3 1574 2437 1575
3 1577 1581 1578
3 1577 1578 1576
3 1579 1573 1576
3 1579 1576 1578
3 1580 1420 1579
3 1580 1579 1578
3 1580 1578 1581
3 1580 1581 1582
3 1583 1581 1577
3 1583 1577 1584
3 1583 1586 1582
3 1583 1582 1581
3 1583 1584 2442
3 1583 2442 1585
3 1588 1586 1583
3 1588 1583 1585
3 1588 1590 1587
3 1588 1587 1586
3 2506 1582 1586
3 2506 1586 1587
3 1591 1590 1588
3 1591 1588 1589
3 1588 1585 2446
3 1588 2446 1589
3 1591 1595 1592
3 1591 1592 1590
3 1593 1587 1590
3 1593 1590 1592
3 1594 1408 1593
3 1594 1593 1592
3 1594 1592 1595
3 1594 1595 1596
3 1597 1595 1591
3 1597 1591 1598
3 1597 1600 1596
3 1597 1596 1595
3 1597 1598 2451
3 1597 2451 1599
3 1602 1600 1597
3 1602 1597 1599
3 1602 1604 1601
3 1602 1601 1600
3 2505 1596 1600
3 2505 1600 1601
3 1605 1604 1602
3 1605 1602 1603
3 1602 1599 2455
3 1602 2455 1603
3 1605 1609 1606
3 1605 1606 1604
3 1607 1601 1604
3 1607 1604 1606
3 1608 1396 1607
3 1608 1607 1606
3 1608 1606 1609
3 1608 1609 1610
3 1611 1609 1605
3 1611 1605 1612
3 1611 1614 1610
3 1611 1610 1609
3 1611 1612 2460
3 1611 2460 1613
3 1616 1614 1611
3 1616 1611 1613
3 1616 1618 1615
3 1616 1615 1614
3 2504 1610 1614
3 2504 1614 1615
3 1619 1618 1616
3 1619 1616 1617
3 1616 1613 2464
3 1616 2464 1617
3 1619 1623 1620
3 1619 1620 1618
3 1621 1615 1618
3 1621 1618 1620
3 1622 1384 1621
3 1622 1621 1620
3 1622 1620 1623
3 1622 1623 1624
3 1625 1623 1619
3 1625 1619 1626
3 1625 1628 1624
3 1625 1624 1623
3 1625 1626 2469
3 1625 2469 1627
3 1630 1628 1625
3 1630 1625 1627
3 1630 1632 1629
3 1630 1629 1628
3 2503 1624 1628
3 2503 1628 1629
3 1633 1632 1630
3 1633 1630 1631
3 1630 1627 2473
3 1630 2473 1631
3 1633 1637 1634
3 1633 1634 1632
3 1635 1629 1632
3 1635 1632 1634
3 1636 1372 1635
3 1636 1635 1634
3 1636 1634 1637
3 1636 1637 1638
3 1639 1637 1633
3 1639 1633 1640
3 1639 1642 1638
3 1639 1638 1637
3 1639 1640 2478
3 1639 2478 1641
3 1644 1642 1639
3 1644 1639 1641
3 1644 1646 1643
3 1644 1643 1642
3 2502 1638 1642
3 2502 1642 1643
3 1647 1646 1644
3 1647 1644 1645
3 1644 1641 2482
3 1644 2482 1645
3 1647 1651 1648
3 1647 1648 1646
3 1649 1643 1646
3 1649 1646 1648
3 1650 1360 1649
3 1650 1649 1648
3 1650 1648 1651
3 1650 1651 1652
3 1653 1651 1647
3 1653 1647 1654
3 1653 1656 1652
3 1653 1652 1651
3 1653 1654 2487
3 1653 2487 1655
3 1658 1656 1653
3 1658 1653 1655
3 1658 1660 1657
3 1658 1657 1656
3 2501 1652 1656
3 2501 1656 1657
3 1658 1655 2490
3 1658 2490 1659
3 1661 1660 1658
3 1661 1658 1659
3 1661 1665 1662
3 1661 1662 1660
3 1663 1657 1660
3 1663 1660 1662
3 1664 1348 1663
3 1664 1663 1662
3 1664 1662 1665
3 1664 1665 1667
3 1666 1665 1661
3 1666 1661 2498
3 1666 1669 1667
3 1666 1667 1665
3 1668 1344 1664
3 1668 1664 1667
3 1668 1667 1669
3 1668 1669 1670
3 1671 1674 1670
3 1671 1670 1669
3 1671 1669 1666
3 1671 1666 1673
3 1671 1673 2500
3 1671 2500 1672
3 1675 1674 1671
3 1675 1671 1672
3 1675 1679 1676
3 1675 1676 1674
3 1677 1670 1674
3 1677 1674 1676
3 1678 1336 1677
3 1678 1677 1676
3 1678 1676 1679
3 1678 1679 1680
3 1681 1679 1675
3 1681 1675 1682
3 1681 1683 1680
3 1681 1680 1679
3 1681 1682 1685
3 1681 1685 1684
3 1687 1683 1681
3 1687 1681 1684
3 1890 1686 1684
3 1890 1684 1685
3 1687 1684 1686
3 1687 1686 1688
3 1690 1689 1687
3 1690 1687 1688
3 1687 1689 1692
3 1687 1692 1683
3 1690 1696 1691
3 1690 1691 1689
3 1694 1692 1689
3 1694 1689 1691
3 1693 1680 1683
3 1693 1683 1692
3 1694 1328 1693
3 1694 1693 1692
3 1695 1324 1694
3 1695 1694 1691
3 1693 1332 1678
3 1693 1678 1680
3 1695 1691 1696
3 1695 1696 1698
3 1697 1696 1690
3 1697 1690 1885
3 1697 1700 1698
3 1697 1698 1696
3 1699 1320 1695
3 1699 1695 1698
3 1699 1698 1700
3 1699 1700 1702
3 1701 1704 1702
3 1701 1702 1700
3 1701 1700 1697
3 1701 1697 1884
3 1703 1316 1699
3 1703 1699 1702
3 1703 1702 1704
3 1703 1704 1705
3 1706 1704 1701
3 1706 1701 1709
3 1706 1708 1705
3 1706 1705 1704
3 1706 1709 1711
3 1706 1711 1707
3 1799 1708 1706
3 1799 1706 1707
3 1701 1884 1710
3 1701 1710 1709
3 1713 1711 1709
3 1713 1709 1710
3 1713 1715 1712
3 1713 1712 1711
3 1712 1804 1707
3 1712 1707 1711
3 1879 1714 1713
3 1879 1713 1710
3 1713 1714 1716
3 1713 1716 1715
3 1718 1717 1715
3 1718 1715 1716
3 1712 1715 1717
3 1712 1717 1719
3 1720 1717 1718
3 1720 1718 1721
3 1720 1722 1719
3 1720 1719 1717
3 1720 1721 1724
3 1720 1724 1723
3 1725 1722 1720
3 1725 1720 1723
3 1727 1726 1723
3 1727 1723 1724
3 1725 1723 1726
3 1725 1726 1728
3 1729 1726 1727
3 1729 1727 1730
3 1729 1731 1728
3 1729 1728 1726
3 1729 1730 1734
3 1729 1734 1732
3 1735 1731 1729
3 1735 1729 1732
3 1858 1733 1732
3 1858 1732 1734
3 1735 1732 1733
3 1735 1733 1737
3 1735 1736 1812
3 1735 1812 1731
3 1739 1736 1735
3 1739 1735 1737
3 1855 1738 1737
3 1855 1737 1733
3 1739 1737 1738
3 1739 1738 1741
3 1739 1740 1815
3 1739 1815 1736
3 1743 1740 1739
3 1743 1739 1741
3 1852 1742 1741
3 1852 1741 1738
3 1743 1741 1742
3 1743 1742 1744
3 1746 1745 1743
3 1746 1743 1744
3 1743 1745 1747
3 1743 1747 1740
3 1746 1749 1748
3 1746 1748 1745
3 1750 1747 1745
3 1750 1745 1748
3 1751 1748 1749
3 1751 1749 1752
3 1751 1753 1750
3 1751 1750 1748
3 1755 1754 1751
3 1755 1751 1752
3 1751 1754 1756
3 1751 1756 1753
3 1755 1759 1757
3 1755 1757 1754
3 1760 1756 1754
3 1760 1754 1757
3 1758 1757 1759
3 1758 1759 1851
3 1760 1757 1758
3 1760 1758 1761
3 1760 1761 1765
3 1760 1765 1762
3 1764 1756 1760
3 1764 1760 1762
3 1764 1762 1763
3 1764 1763 1821
3 1766 1763 1762
3 1766 1762 1765
3 1767 1765 1761
3 1767 1761 1768
3 1767 1769 1766
3 1767 1766 1765
3 1771 1770 1767
3 1771 1767 1768
3 1767 1770 1773
3 1767 1773 1769
3 1771 1833 1772
3 1771 1772 1770
3 1775 1773 1770
3 1775 1770 1772
3 1774 1776 1769
3 1774 1769 1773
3 1775 1280 1774
3 1775 1774 1773
3 1832 1276 1775
3 1832 1775 1772
3 1774 1284 1777
3 1774 1777 1776
3 1777 1780 1778
3 1777 1778 1776
3 1766 1769 1776
3 1766 1776 1778
3 1766 1778 1779
3 1766 1779 1763
3 1779 1778 1780
3 1779 1780 1782
3 1781 1784 1782
3 1781 1782 1780
3 1777 1288 1781
3 1777 1781 1780
3 1779 1782 1783
3 1779 1783 1824
3 1783 1782 1784
3 1783 1784 1786
3 1785 1788 1786
3 1785 1786 1784
3 1781 1292 1785
3 1781 1785 1784
3 1783 1786 1787
3 1783 1787 1825
3 1787 1786 1788
3 1787 1788 1790
3 1789 1792 1790
3 1789 1790 1788
3 1785 1296 1789
3 1785 1789 1788
3 1787 1790 1791
3 1787 1791 1828
3 1791 1790 1792
3 1791 1792 1794
3 1793 1796 1794
3 1793 1794 1792
3 1789 1300 1793
3 1789 1793 1792
3 1791 1794 1795
3 1791 1795 1830
3 1795 1794 1796
3 1795 1796 1798
3 1797 1800 1798
3 1797 1798 1796
3 1793 1304 1797
3 1793 1797 1796
3 1795 1798 1799
3 1795 1799 1802
3 1799 1798 1800
3 1799 1800 1708
3 1801 1705 1708
3 1801 1708 1800
3 1797 1308 1801
3 1797 1801 1800
3 1801 1312 1703
3 1801 1703 1705
3 1799 1707 1804
3 1799 1804 1802
3 1795 1802 1803
3 1795 1803 1830
3 1805 1803 1802
3 1805 1802 1804
3 1712 1719 1805
3 1712 1805 1804
3 1805 1719 1722
3 1805 1722 1806
3 1805 1806 1807
3 1805 1807 1803
3 1725 1808 1806
3 1725 1806 1722
3 1807 1806 1808
3 1807 1808 1809
3 1810 1808 1725
3 1810 1725 1728
3 1810 1811 1809
3 1810 1809 1808
3 1810 1728 1731
3 1810 1731 1812
3 1813 1811 1810
3 1813 1810 1812
3 1813 1812 1736
3 1813 1736 1815
3 1816 1814 1813
3 1816 1813 1815
3 1813 1814 1831
3 1813 1831 1811
3 1816 1815 1740
3 1816 1740 1747
3 1750 1817 1816
3 1750 1816 1747
3 1816 1817 1818
3 1816 1818 1814
3 1750 1753 1819
3 1750 1819 1817
3 1820 1818 1817
3 1820 1817 1819
3 1764 1819 1753
3 1764 1753 1756
3 1820 1819 1764
3 1820 1764 1821
3 1820 1821 1824
3 1820 1824 1822
3 1823 1818 1820
3 1823 1820 1822
3 1823 1822 1825
3 1823 1825 1826
3 1783 1825 1822
3 1783 1822 1824
3 1787 1828 1826
3 1787 1826 1825
3 1827 1831 1823
3 1827 1823 1826
3 1827 1826 1828
3 1827 1828 1829
3 1791 1830 1829
3 1791 1829 1828
3 1807 1809 1827
3 1807 1827 1829
3 1807 1829 1830
3 1807 1830 1803
3 1827 1809 1811
3 1827 1811 1831
3 1823 1831 1814
3 1823 1814 1818
3 1779 1824 1821
3 1779 1821 1763
3 1832 1772 1833
3 1832 1833 1834
3 1835 1838 1834
3 1835 1834 1833
3 1835 1833 1771
3 1835 1771 1837
3 1835 1837 1848
3 1835 1848 1836
3 1839 1838 1835
3 1839 1835 1836
3 1839 1841 1840
3 1839 1840 1838
3 1842 1834 1838
3 1842 1838 1840
3 1843 1840 1841
3 1843 1841 1844
3 1843 1272 1842
3 1843 1842 1840
3 1846 1845 1843
3 1846 1843 1844
3 1843 1845 1265
3 1843 1265 1272
3 1846 1847 1261
3 1846 1261 1845
3 52 1847 1846
3 52 1846 54
3 1846 1844 56
3 1846 56 54
3 52 50 1257
3 52 1257 1847
3 58 56 1844
3 58 1844 1841
3 1842 1271 1832
3 1842 1832 1834
3 58 1841 1839
3 58 1839 60
3 1839 1836 62
3 1839 62 60
3 1850 1848 1837
3 1850 1837 1849
3 1771 1768 1849
3 1771 1849 1837
3 1758 1849 1768
3 1758 1768 1761
3 1758 1851 1850
3 1758 1850 1849
3 1850 66 64
3 1850 64 1848
3 1850 1851 68
3 1850 68 66
3 70 68 1851
3 70 1851 1759
3 64 62 1836
3 64 1836 1848
3 70 1759 1755
3 70 1755 72
3 1755 1752 74
3 1755 74 72
3 76 74 1752
3 76 1752 1749
3 76 1749 1746
3 76 1746 78
3 1746 1744 80
3 1746 80 78
3 82 80 1744
3 82 1744 1742
3 82 1742 1852
3 82 1852 84
3 1852 1853 86
3 1852 86 84
3 1852 1738 1855
3 1852 1855 1853
3 88 86 1853
3 88 1853 1854
3 1855 1856 1854
3 1855 1854 1853
3 1855 1733 1858
3 1855 1858 1856
3 2255 1854 1856
3 2255 1856 1857
3 1858 1859 1857
3 1858 1857 1856
3 1858 1734 1861
3 1858 1861 1859
3 2251 1857 1859
3 2251 1859 1860
3 1861 1862 1860
3 1861 1860 1859
3 1861 1863 1864
3 1861 1864 1862
3 1861 1734 1730
3 1861 1730 1863
3 1864 1863 1865
3 1864 1865 1866
3 1727 1865 1863
3 1727 1863 1730
3 1867 1868 1866
3 1867 1866 1865
3 1727 1724 1867
3 1727 1867 1865
3 1867 1869 1870
3 1867 1870 1868
3 1867 1724 1721
3 1867 1721 1869
3 1870 1869 1871
3 1870 1871 1872
3 1718 1871 1869
3 1718 1869 1721
3 1873 1874 1872
3 1873 1872 1871
3 1718 1716 1873
3 1718 1873 1871
3 1873 1875 1876
3 1873 1876 1874
3 1873 1716 1714
3 1873 1714 1875
3 1876 1875 1877
3 1876 1877 1878
3 1879 1877 1875
3 1879 1875 1714
3 1880 1882 1878
3 1880 1878 1877
3 1880 1877 1879
3 1880 1879 1883
3 1880 1883 1885
3 1880 1885 1881
3 1887 1882 1880
3 1887 1880 1881
3 1879 1710 1884
3 1879 1884 1883
3 1697 1885 1883
3 1697 1883 1884
3 1690 1688 1881
3 1690 1881 1885
3 2265 1878 1882
3 2265 1882 1886
3 1887 1888 1886
3 1887 1886 1882
3 1890 1888 1887
3 1890 1887 1686
3 1887 1881 1688
3 1887 1688 1686
3 2268 1886 1888
3 2268 1888 1889
3 1890 1891 1889
3 1890 1889 1888
3 1893 1891 1890
3 1893 1890 1685
3 2271 1889 1891
3 2271 1891 1892
3 1893 1895 1892
3 1893 1892 1891
3 1893 1685 1682
3 1893 1682 1894
3 1896 1895 1893
3 1896 1893 1894
3 1896 1898 1897
3 1896 1897 1895
3 1899 1892 1895
3 1899 1895 1897
3 1900 1897 1898
3 1900 1898 1902
3 1899 1897 1900
3 1899 1900 1901
3 1900 1903 1904
3 1900 1904 1901
3 1900 1902 1906
3 1900 1906 1903
3 2278 1904 1903
3 2278 1903 1905
3 1906 1908 1905
3 1906 1905 1903
3 1906 1902 2496
3 1906 2496 1907
3 1906 1907 1910
3 1906 1910 1908
3 2280 1905 1908
3 2280 1908 1909
3 1910 1912 1909
3 1910 1909 1908
3 1910 1911 1914
3 1910 1914 1912
3 1910 1907 2494
3 1910 2494 1911
3 2282 1909 1912
3 2282 1912 1913
3 1914 1916 1913
3 1914 1913 1912
3 1914 1911 2491
3 1914 2491 1915
3 1914 1915 1918
3 1914 1918 1916
3 2284 1913 1916
3 2284 1916 1917
3 1918 1920 1917
3 1918 1917 1916
3 1918 1915 2488
3 1918 2488 1919
3 1918 1919 1922
3 1918 1922 1920
3 2286 1917 1920
3 2286 1920 1921
3 1922 1924 1921
3 1922 1921 1920
3 1922 1923 1926
3 1922 1926 1924
3 1922 1919 2485
3 1922 2485 1923
3 2288 1921 1924
3 2288 1924 1925
3 1926 1928 1925
3 1926 1925 1924
3 1926 1923 2481
3 1926 2481 1927
3 1926 1927 1930
3 1926 1930 1928
3 2290 1925 1928
3 2290 1928 1929
3 1930 1932 1929
3 1930 1929 1928
3 1930 1927 2479
3 1930 2479 1931
3 1930 1931 1934
3 1930 1934 1932
3 2292 1929 1932
3 2292 1932 1933
3 1934 1936 1933
3 1934 1933 1932
3 1934 1935 1938
3 1934 1938 1936
3 1934 1931 2476
3 1934 2476 1935
3 2294 1933 1936
3 2294 1936 1937
3 1938 1940 1937
3 1938 1937 1936
3 1938 1935 2472
3 1938 2472 1939
3 1938 1939 1942
3 1938 1942 1940
3 2296 1937 1940
3 2296 1940 1941
3 1942 1944 1941
3 1942 1941 1940
3 1942 1939 2470
3 1942 2470 1943
3 1942 1943 1946
3 1942 1946 1944
3 2298 1941 1944
3 2298 1944 1945
3 1946 1948 1945
3 1946 1945 1944
3 1946 1947 1950
3 1946 1950 1948
3 1946 1943 2467
3 1946 2467 1947
3 2300 1945 1948
3 2300 1948 1949
3 1950 1952 1949
3 1950 1949 1948
3 1950 1947 2463
3 1950 2463 1951
3 1950 1951 1954
3 1950 1954 1952
3 2302 1949 1952
3 2302 1952 1953
3 1954 1956 1953
3 1954 1953 1952
3 1954 1951 2461
3 1954 2461 1955
3 1954 1955 1958
3 1954 1958 1956
3 2304 1953 1956
3 2304 1956 1957
3 1958 1960 1957
3 1958 1957 1956
3 1958 1959 1962
3 1958 1962 1960
3 1958 1955 2458
3 1958 2458 1959
3 2306 1957 1960
3 2306 1960 1961
3 1962 1964 1961
3 1962 1961 1960
3 1962 1959 2454
3 1962 2454 1963
3 1962 1963 1966
3 1962 1966 1964
3 2308 1961 1964
3 2308 1964 1965
3 1966 1968 1965
3 1966 1965 1964
3 1966 1963 2452
3 1966 2452 1967
3 1966 1967 1970
3 1966 1970 1968
3 2310 1965 1968
3 2310 1968 1969
3 1970 1972 1969
3 1970 1969 1968
3 1970 1971 1974
3 1970 1974 1972
3 1970 1967 2449
3 1970 2449 1971
3 2312 1969 1972
3 2312 1972 1973
3 1974 1976 1973
3 1974 1973 1972
3 1974 1971 2445
3 1974 2445 1975
3 1974 1975 1978
3 1974 1978 1976
3 2314 1973 1976
3 2314 1976 1977
3 1978 1980 1977
3 1978 1977 1976
3 1978 1975 2443
3 1978 2443 1979
3 1978 1979 1982
3 1978 1982 1980
3 2316 1977 1980
3 2316 1980 1981
3 1982 1984 1981
3 1982 1981 1980
3 1982 1983 1986
3 1982 1986 1984
3 1982 1979 2440
3 1982 2440 1983
3 2318 1981 1984
3 2318 1984 1985
3 1986 1988 1985
3 1986 1985 1984
3 1986 1983 2436
3 1986 2436 1987
3 1986 1987 1990
3 1986 1990 1988
3 2320 1985 1988
3 2320 1988 1989
3 1990 1992 1989
3 1990 1989 1988
3 1990 1987 2434
3 1990 2434 1991
3 1990 1991 1994
3 1990 1994 1992
3 2322 1989 1992
3 2322 1992 1993
3 1994 1996 1993
3 1994 1993 1992
3 1994 1995 1998
3 1994 1998 1996
3 1994 1991 2431
3 1994 2431 1995
3 2324 1993 1996
3 2324 1996 1997
3 1998 2000 1997
3 1998 1997 1996
3 1998 1995 2427
3 1998 2427 1999
3 1998 1999 2002
3 1998 2002 2000
3 2326 1997 2000
3 2326 2000 2001
3 2002 2004 2001
3 2002 2001 2000
3 2002 1999 2425
3 2002 2425 2003
3 2002 2003 2006
3 2002 2006 2004
3 2328 2001 2004
3 2328 2004 2005
3 2006 2008 2005
3 2006 2005 2004
3 2006 2007 2010
3 2006 2010 2008
3 2006 2003 2422
3 2006 2422 2007
3 2330 2005 2008
3 2330 2008 2009
3 2010 2012 2009
3 2010 2009 2008
3 2010 2007 2418
3 2010 2418 2011
3 2010 2011 2014
3 2010 2014 2012
3 2332 2009 2012
3 2332 2012 2013
3 2014 2016 2013
3 2014 2013 2012
3 2014 2011 2416
3 2014 2416 2015
3 2014 2015 2018
3 2014 2018 2016
3 2334 2013 2016
3 2334 2016 2017
3 2018 2020 2017
3 2018 2017 2016
3 2018 2019 2022
3 2018 2022 2020
3 2018 2015 2413
3 2018 2413 2019
3 2336 2017 2020
3 2336 2020 2021
3 2022 2024 2021
3 2022 2021 2020
3 2022 2019 2409
3 2022 2409 2023
3 2022 2023 2026
3 2022 2026 2024
3 2338 2021 2024
3 2338 2024 2025
3 2026 2028 2025
3 2026 2025 2024
3 2026 2023 2407
3 2026 2407 2027
3 2026 2027 2030
3 2026 2030 2028
3 2340 2025 2028
3 2340 2028 2029
3 2030 2032 2029
3 2030 2029 2028
3 2030 2031 2034
3 2030 2034 2032
3 2030 2027 2404
3 2030 2404 2031
3 2342 2029 2032
3 2342 2032 2033
3 2034 2036 2033
3 2034 2033 2032
3 2034 2031 2400
3 2034 2400 2035
3 2034 2035 2038
3 2034 2038 2036
3 2344 2033 2036
3 2344 2036 2037
3 2038 2040 2037
3 2038 2037 2036
3 2038 2035 2398
3 2038 2398 2039
3 2038 2039 2042
3 2038 2042 2040
3 2346 2037 2040
3 2346 2040 2041
3 2042 2044 2041
3 2042 2041 2040
3 2042 2043 2046
3 2042 2046 2044
3 2042 2039 2395
3 2042 2395 2043
3 2348 2041 2044
3 2348 2044 2045
3 2046 2048 2045
3 2046 2045 2044
3 2046 2043 2391
3 2046 2391 2047
3 2046 2047 2050
3 2046 2050 2048
3 2350 2045 2048
3 2350 2048 2049
3 2050 2052 2049
3 2050 2049 2048
3 2050 2047 2389
3 2050 2389 2051
3 2050 2051 2054
3 2050 2054 2052
3 2352 2049 2052
3 2352 2052 2053
3 2054 2056 2053
3 2054 2053 2052
3 2054 2055 2058
3 2054 2058 2056
3 2054 2051 2388
3 2054 2388 2055
3 2354 2053 2056
3 2354 2056 2057
3 2058 2060 2057
3 2058 2057 2056
3 2058 2055 2375
3 2058 2375 2059
3 2058 2059 2062
3 2058 2062 2060
3 2356 2057 2060
3 2356 2060 2061
3 2062 2064 2061
3 2062 2061 2060
3 2062 2059 2373
3 2062 2373 2063
3 2062 2063 2066
3 2062 2066 2064
3 2358 2061 2064
3 2358 2064 2065
3 2066 2068 2065
3 2066 2065 2064
3 2066 2067 2070
3 2066 2070 2068
3 2066 2063 2370
3 2066 2370 2067
3 2360 2065 2068
3 2360 2068 2069
3 2070 2072 2069
3 2070 2069 2068
3 2070 2067 2367
3 2070 2367 2071
3 2070 2071 2074
3 2070 2074 2072
3 2362 2069 2072
3 2362 2072 2073
3 2074 2075 2073
3 2074 2073 2072
3 2074 2071 359
3 2074 359 357
3 2074 357 355
3 2074 355 2075
3 2077 2073 2075
3 2077 2075 2076
3 355 353 2076
3 355 2076 2075
3 2077 2076 2078
3 2077 2078 2079
3 2078 2076 353
3 2078 353 351
3 2078 2080 2081
3 2078 2081 2079
3 2078 351 349
3 2078 349 2080
3 2084 2081 2080
3 2084 2080 2082
3 349 347 2082
3 349 2082 2080
3 2083 2082 347
3 2083 347 345
3 2084 2082 2083
3 2084 2083 2085
3 2084 2085 320
3 2084 320 2086
3 2087 2081 2084
3 2087 2084 2086
3 2087 2086 316
3 2087 316 2089
3 2090 2088 2087
3 2090 2087 2089
3 2087 2088 2079
3 2087 2079 2081
3 2090 2089 312
3 2090 312 2092
3 2093 2091 2090
3 2093 2090 2092
3 2090 2091 2363
3 2090 2363 2088
3 2093 2092 308
3 2093 308 2095
3 2096 2094 2093
3 2096 2093 2095
3 2093 2094 2361
3 2093 2361 2091
3 2096 2095 304
3 2096 304 2098
3 2099 2097 2096
3 2099 2096 2098
3 2096 2097 2359
3 2096 2359 2094
3 2099 2098 300
3 2099 300 2101
3 2102 2100 2099
3 2102 2099 2101
3 2099 2100 2357
3 2099 2357 2097
3 2102 2101 296
3 2102 296 2104
3 2105 2103 2102
3 2105 2102 2104
3 2102 2103 2355
3 2102 2355 2100
3 2105 2104 292
3 2105 292 2107
3 2108 2106 2105
3 2108 2105 2107
3 2105 2106 2353
3 2105 2353 2103
3 2108 2107 288
3 2108 288 2110
3 2111 2109 2108
3 2111 2108 2110
3 2108 2109 2351
3 2108 2351 2106
3 2111 2110 284
3 2111 284 2113
3 2114 2112 2111
3 2114 2111 2113
3 2111 2112 2349
3 2111 2349 2109
3 2114 2113 280
3 2114 280 2116
3 2117 2115 2114
3 2117 2114 2116
3 2114 2115 2347
3 2114 2347 2112
3 2117 2116 276
3 2117 276 2119
3 2120 2118 2117
3 2120 2117 2119
3 2117 2118 2345
3 2117 2345 2115
3 2120 2119 272
3 2120 272 2122
3 2123 2121 2120
3 2123 2120 2122
3 2120 2121 2343
3 2120 2343 2118
3 2123 2122 268
3 2123 268 2125
3 2126 2124 2123
3 2126 2123 2125
3 2123 2124 2341
3 2123 2341 2121
3 2126 2125 264
3 2126 264 2128
3 2129 2127 2126
3 2129 2126 2128
3 2126 2127 2339
3 2126 2339 2124
3 2129 2128 260
3 2129 260 2131
3 2132 2130 2129
3 2132 2129 2131
3 2129 2130 2337
3 2129 2337 2127
3 2132 2131 256
3 2132 256 2134
3 2135 2133 2132
3 2135 2132 2134
3 2132 2133 2335
3 2132 2335 2130
3 2135 2134 252
3 2135 252 2137
3 2138 2136 2135
3 2138 2135 2137
3 2135 2136 2333
3 2135 2333 2133
3 2138 2137 248
3 2138 248 2140
3 2141 2139 2138
3 2141 2138 2140
3 2138 2139 2331
3 2138 2331 2136
3 2141 2140 244
3 2141 244 2143
3 2144 2142 2141
3 2144 2141 2143
3 2141 2142 2329
3 2141 2329 2139
3 2144 2143 240
3 2144 240 2146
3 2147 2145 2144
3 2147 2144 2146
3 2144 2145 2327
3 2144 2327 2142
3 2147 2146 236
3 2147 236 2149
3 2150 2148 2147
3 2150 2147 2149
3 2147 2148 2325
3 2147 2325 2145
3 2150 2149 232
3 2150 232 2152
3 2153 2151 2150
3 2153 2150 2152
3 2150 2151 2323
3 2150 2323 2148
3 2153 2152 228
3 2153 228 2155
3 2156 2154 2153
3 2156 2153 2155
3 2153 2154 2321
3 2153 2321 2151
3 2156 2155 224
3 2156 224 2158
3 2159 2157 2156
3 2159 2156 2158
3 2156 2157 2319
3 2156 2319 2154
3 2159 2158 220
3 2159 220 2161
3 2162 2160 2159
3 2162 2159 2161
3 2159 2160 2317
3 2159 2317 2157
3 2162 2161 216
3 2162 216 2164
3 2165 2163 2162
3 2165 2162 2164
3 2162 2163 2315
3 2162 2315 2160
3 2165 2164 212
3 2165 212 2167
3 2168 2166 2165
3 2168 2165 2167
3 2165 2166 2313
3 2165 2313 2163
3 2168 2167 208
3 2168 208 2170
3 2171 2169 2168
3 2171 2168 2170
3 2168 2169 2311
3 2168 2311 2166
3 2171 2170 204
3 2171 204 2173
3 2174 2172 2171
3 2174 2171 2173
3 2171 2172 2309
3 2171 2309 2169
3 2174 2173 200
3 2174 200 2176
3 2177 2175 2174
3 2177 2174 2176
3 2174 2175 2307
3 2174 2307 2172
3 2177 2176 196
3 2177 196 2179
3 2180 2178 2177
3 2180 2177 2179
3 2177 2178 2305
3 2177 2305 2175
3 2180 2179 192
3 2180 192 2182
3 2183 2181 2180
3 2183 2180 2182
3 2180 2181 2303
3 2180 2303 2178
3 2183 2182 188
3 2183 188 2185
3 2186 2184 2183
3 2186 2183 2185
3 2183 2184 2301
3 2183 2301 2181
3 2186 2185 184
3 2186 184 2188
3 2189 2187 2186
3 2189 2186 2188
3 2186 2187 2299
3 2186 2299 2184
3 2189 2188 180
3 2189 180 2191
3 2192 2190 2189
3 2192 2189 2191
3 2189 2190 2297
3 2189 2297 2187
3 2192 2191 176
3 2192 176 2194
3 2195 2193 2192
3 2195 2192 2194
3 2192 2193 2295
3 2192 2295 2190
3 2195 2194 172
3 2195 172 2197
3 2198 2196 2195
3 2198 2195 2197
3 2195 2196 2293
3 2195 2293 2193
3 2198 2197 168
3 2198 168 2200
3 2201 2199 2198
3 2201 2198 2200
3 2198 2199 2291
3 2198 2291 2196
3 2201 2200 164
3 2201 164 2203
3 2204 2202 2201
3 2204 2201 2203
3 2201 2202 2289
3 2201 2289 2199
3 2204 2203 160
3 2204 160 2206
3 2207 2205 2204
3 2207 2204 2206
3 2204 2205 2287
3 2204 2287 2202
3 2207 2206 156
3 2207 156 2209
3 2210 2208 2207
3 2210 2207 2209
3 2207 2208 2285
3 2207 2285 2205
3 2210 2209 152
3 2210 152 2212
3 2213 2211 2210
3 2213 2210 2212
3 2210 2211 2283
3 2210 2283 2208
3 2213 2212 148
3 2213 148 2215
3 2216 2214 2213
3 2216 2213 2215
3 2213 2214 2281
3 2213 2281 2211
3 2216 2215 144
3 2216 144 2218
3 2219 2217 2216
3 2219 2216 2218
3 2216 2217 2279
3 2216 2279 2214
3 2219 2218 140
3 2219 140 2221
3 2222 2220 2219
3 2222 2219 2221
3 2219 2220 2277
3 2219 2277 2217
3 2222 2221 136
3 2222 136 2224
3 2225 2223 2222
3 2225 2222 2224
3 2222 2223 2276
3 2222 2276 2220
3 2225 2224 131
3 2225 131 129
3 2229 2226 2225
3 2229 2225 129
3 2225 2226 2228
3 2225 2228 2223
3 2229 2230 2227
3 2229 2227 2226
3 2364 2228 2226
3 2364 2226 2227
3 2232 2230 2229
3 2232 2229 128
3 2232 2233 2231
3 2232 2231 2230
3 2365 2227 2230
3 2365 2230 2231
3 2232 128 126
3 2232 126 2234
3 2235 2233 2232
3 2235 2232 2234
3 119 2236 2234
3 119 2234 126
3 2235 2234 2236
3 2235 2236 2237
3 118 2239 2237
3 118 2237 2236
3 2238 2258 2235
3 2238 2235 2237
3 2238 2237 2239
3 2238 2239 2240
3 2241 2242 2240
3 2241 2240 2239
3 2241 2239 118
3 2241 118 112
3 2243 2242 2241
3 2243 2241 111
3 2243 2246 2244
3 2243 2244 2242
3 2245 2240 2242
3 2245 2242 2244
3 1864 1866 2245
3 1864 2245 2244
3 1864 2244 2246
3 1864 2246 1862
3 2247 2246 2243
3 2247 2243 2248
3 2247 1860 1862
3 2247 1862 2246
3 2247 2248 2250
3 2247 2250 2249
3 2251 1860 2247
3 2251 2247 2249
3 2253 2252 2249
3 2253 2249 2250
3 2251 2249 2252
3 2251 2252 2254
3 94 2252 2253
3 94 2253 96
3 94 92 2254
3 94 2254 2252
3 2255 2254 92
3 2255 92 90
3 2255 1857 2251
3 2255 2251 2254
3 88 1854 2255
3 88 2255 90
3 2253 103 98
3 2253 98 96
3 2253 2250 106
3 2253 106 103
3 106 2250 2248
3 106 2248 109
3 2243 111 109
3 2243 109 2248
3 2245 2256 2238
3 2245 2238 2240
3 2245 1866 1868
3 2245 1868 2256
3 2238 2256 2257
3 2238 2257 2258
3 1870 2257 2256
3 1870 2256 1868
3 2259 2260 2258
3 2259 2258 2257
3 1870 1872 2259
3 1870 2259 2257
3 2259 2261 2262
3 2259 2262 2260
3 2259 1872 1874
3 2259 1874 2261
3 2262 2261 2263
3 2262 2263 2264
3 1876 2263 2261
3 1876 2261 1874
3 2265 2266 2264
3 2265 2264 2263
3 1876 1878 2265
3 1876 2265 2263
3 2265 1886 2268
3 2265 2268 2266
3 2365 2264 2266
3 2365 2266 2267
3 2268 2269 2267
3 2268 2267 2266
3 2268 1889 2271
3 2268 2271 2269
3 2364 2267 2269
3 2364 2269 2270
3 2271 2272 2270
3 2271 2270 2269
3 2271 1892 1899
3 2271 1899 2272
3 2274 2270 2272
3 2274 2272 2273
3 1899 1901 2273
3 1899 2273 2272
3 2274 2273 2275
3 2274 2275 2276
3 2275 2273 1901
3 2275 1901 1904
3 2275 2277 2220
3 2275 2220 2276
3 2275 1904 2278
3 2275 2278 2277
3 2278 2279 2217
3 2278 2217 2277
3 2278 1905 2280
3 2278 2280 2279
3 2280 2281 2214
3 2280 2214 2279
3 2280 1909 2282
3 2280 2282 2281
3 2282 2283 2211
3 2282 2211 2281
3 2282 1913 2284
3 2282 2284 2283
3 2284 2285 2208
3 2284 2208 2283
3 2284 1917 2286
3 2284 2286 2285
3 2286 2287 2205
3 2286 2205 2285
3 2286 1921 2288
3 2286 2288 2287
3 2288 2289 2202
3 2288 2202 2287
3 2288 1925 2290
3 2288 2290 2289
3 2290 2291 2199
3 2290 2199 2289
3 2290 1929 2292
3 2290 2292 2291
3 2292 2293 2196
3 2292 2196 2291
3 2292 1933 2294
3 2292 2294 2293
3 2294 2295 2193
3 2294 2193 2293
3 2294 1937 2296
3 2294 2296 2295
3 2296 2297 2190
3 2296 2190 2295
3 2296 1941 2298
3 2296 2298 2297
3 2298 2299 2187
3 2298 2187 2297
3 2298 1945 2300
3 2298 2300 2299
3 2300 2301 2184
3 2300 2184 2299
3 2300 1949 2302
3 2300 2302 2301
3 2302 2303 2181
3 2302 2181 2301
3 2302 1953 2304
3 2302 2304 2303
3 2304 2305 2178
3 2304 2178 2303
3 2304 1957 2306
3 2304 2306 2305
3 2306 2307 2175
3 2306 2175 2305
3 2306 1961 2308
3 2306 2308 2307
3 2308 2309 2172
3 2308 2172 2307
3 2308 1965 2310
3 2308 2310 2309
3 2310 2311 2169
3 2310 2169 2309
3 2310 1969 2312
3 2310 2312 2311
3 2312 2313 2166
3 2312 2166 2311
3 2312 1973 2314
3 2312 2314 2313
3 2314 2315 2163
3 2314 2163 2313
3 2314 1977 2316
3 2314 2316 2315
3 2316 2317 2160
3 2316 2160 2315
3 2316 1981 2318
3 2316 2318 2317
3 2318 2319 2157
3 2318 2157 2317
3 2318 1985 2320
3 2318 2320 2319
3 2320 2321 2154
3 2320 2154 2319
3 2320 1989 2322
3 2320 2322 2321
3 2322 2323 2151
3 2322 2151 2321
3 2322 1993 2324
3 2322 2324 2323
3 2324 2325 2148
3 2324 2148 2323
3 2324 1997 2326
3 2324 2326 2325
3 2326 2327 2145
3 2326 2145 2325
3 2326 2001 2328
3 2326 2328 2327
3 2328 2329 2142
3 2328 2142 2327
3 2328 2005 2330
3 2328 2330 2329
3 2330 2331 2139
3 2330 2139 2329
3 2330 2009 2332
3 2330 2332 2331
3 2332 2333 2136
3 2332 2136 2331
3 2332 2013 2334
3 2332 2334 2333
3 2334 2335 2133
3 2334 2133 2333
3 2334 2017 2336
3 2334 2336 2335
3 2336 2337 2130
3 2336 2130 2335
3 2336 2021 2338
3 2336 2338 2337
3 2338 2339 2127
3 2338 2127 2337
3 2338 2025 2340
3 2338 2340 2339
3 2340 2341 2124
3 2340 2124 2339
3 2340 2029 2342
3 2340 2342 2341
3 2342 2343 2121
3 2342 2121 2341
3 2342 2033 2344
3 2342 2344 2343
3 2344 2345 2118
3 2344 2118 2343
3 2344 2037 2346
3 2344 2346 2345
3 2346 2347 2115
3 2346 2115 2345
3 2346 2041 2348
3 2346 2348 2347
3 2348 2349 2112
3 2348 2112 2347
3 2348 2045 2350
3 2348 2350 2349
3 2350 2351 2109
3 2350 2109 2349
3 2350 2049 2352
3 2350 2352 2351
3 2352 2353 2106
3 2352 2106 2351
3 2352 2053 2354
3 2352 2354 2353
3 2354 2355 2103
3 2354 2103 2353
3 2354 2057 2356
3 2354 2356 2355
3 2356 2357 2100
3 2356 2100 2355
3 2356 2061 2358
3 2356 2358 2357
3 2358 2359 2097
3 2358 2097 2357
3 2358 2065 2360
3 2358 2360 2359
3 2360 2361 2094
3 2360 2094 2359
3 2360 2069 2362
3 2360 2362 2361
3 2362 2363 2091
3 2362 2091 2361
3 2362 2073 2077
3 2362 2077 2363
3 2077 2079 2088
3 2077 2088 2363
3 2274 2276 2223
3 2274 2223 2228
3 2364 2270 2274
3 2364 2274 2228
3 2365 2267 2364
3 2365 2364 2227
3 2262 2264 2365
3 2262 2365 2231
3 2262 2231 2233
3 2262 2233 2260
3 2235 2258 2260
3 2235 2260 2233
3 2083 2366 324
3 2083 324 2085
3 2083 345 343
3 2083 343 2366
3 343 341 328
3 343 328 2366
3 361 359 2071
3 361 2071 2367
3 2368 2367 2067
3 2368 2067 2370
3 361 2367 2368
3 361 2368 363
3 2368 2369 365
3 2368 365 363
3 2368 2370 2371
3 2368 2371 2369
3 2371 2370 2063
3 2371 2063 2373
3 2371 2372 2385
3 2371 2385 2369
3 2371 2373 2374
3 2371 2374 2372
3 2374 2373 2059
3 2374 2059 2375
3 2374 2375 2377
3 2374 2377 2376
3 2374 2376 2378
3 2374 2378 2372
3 2377 2380 2379
3 2377 2379 2376
3 2381 2378 2376
3 2381 2376 2379
3 1498 2379 2380
3 1498 2380 1500
3 1498 1496 2381
3 1498 2381 2379
3 2381 1496 2384
3 2381 2384 2382
3 2381 2382 2383
3 2381 2383 2378
3 2383 2382 371
3 2383 371 369
3 373 371 2382
3 373 2382 2384
3 1492 375 373
3 1492 373 2384
3 2383 369 367
3 2383 367 2385
3 2383 2385 2372
3 2383 2372 2378
3 367 365 2369
3 367 2369 2385
3 2386 2387 1500
3 2386 1500 2380
3 2377 2388 2386
3 2377 2386 2380
3 2386 2389 2390
3 2386 2390 2387
3 2386 2388 2051
3 2386 2051 2389
3 2390 2389 2047
3 2390 2047 2391
3 2390 2391 2393
3 2390 2393 2392
3 2390 2392 1501
3 2390 1501 2387
3 2393 2394 1505
3 2393 1505 2392
3 2393 2395 2396
3 2393 2396 2394
3 2393 2391 2043
3 2393 2043 2395
3 2396 2395 2039
3 2396 2039 2398
3 2396 2397 1514
3 2396 1514 2394
3 2396 2398 2399
3 2396 2399 2397
3 2399 2398 2035
3 2399 2035 2400
3 2399 2400 2402
3 2399 2402 2401
3 2399 2401 1515
3 2399 1515 2397
3 2402 2403 1519
3 2402 1519 2401
3 2402 2404 2405
3 2402 2405 2403
3 2402 2400 2031
3 2402 2031 2404
3 2405 2404 2027
3 2405 2027 2407
3 2405 2406 1528
3 2405 1528 2403
3 2405 2407 2408
3 2405 2408 2406
3 2408 2407 2023
3 2408 2023 2409
3 2408 2409 2411
3 2408 2411 2410
3 2408 2410 1529
3 2408 1529 2406
3 2411 2412 1533
3 2411 1533 2410
3 2411 2413 2414
3 2411 2414 2412
3 2411 2409 2019
3 2411 2019 2413
3 2414 2413 2015
3 2414 2015 2416
3 2414 2415 1542
3 2414 1542 2412
3 2414 2416 2417
3 2414 2417 2415
3 2417 2416 2011
3 2417 2011 2418
3 2417 2418 2420
3 2417 2420 2419
3 2417 2419 1543
3 2417 1543 2415
3 2420 2421 1547
3 2420 1547 2419
3 2420 2422 2423
3 2420 2423 2421
3 2420 2418 2007
3 2420 2007 2422
3 2423 2422 2003
3 2423 2003 2425
3 2423 2424 1556
3 2423 1556 2421
3 2423 2425 2426
3 2423 2426 2424
3 2426 2425 1999
3 2426 1999 2427
3 2426 2427 2429
3 2426 2429 2428
3 2426 2428 1557
3 2426 1557 2424
3 2429 2430 1561
3 2429 1561 2428
3 2429 2431 2432
3 2429 2432 2430
3 2429 2427 1995
3 2429 1995 2431
3 2432 2431 1991
3 2432 1991 2434
3 2432 2433 1570
3 2432 1570 2430
3 2432 2434 2435
3 2432 2435 2433
3 2435 2434 1987
3 2435 1987 2436
3 2435 2436 2438
3 2435 2438 2437
3 2435 2437 1571
3 2435 1571 2433
3 2438 2439 1575
3 2438 1575 2437
3 2438 2440 2441
3 2438 2441 2439
3 2438 2436 1983
3 2438 1983 2440
3 2441 2440 1979
3 2441 1979 2443
3 2441 2442 1584
3 2441 1584 2439
3 2441 2443 2444
3 2441 2444 2442
3 2444 2443 1975
3 2444 1975 2445
3 2444 2445 2447
3 2444 2447 2446
3 2444 2446 1585
3 2444 1585 2442
3 2447 2448 1589
3 2447 1589 2446
3 2447 2449 2450
3 2447 2450 2448
3 2447 2445 1971
3 2447 1971 2449
3 2450 2449 1967
3 2450 1967 2452
3 2450 2451 1598
3 2450 1598 2448
3 2450 2452 2453
3 2450 2453 2451
3 2453 2452 1963
3 2453 1963 2454
3 2453 2454 2456
3 2453 2456 2455
3 2453 2455 1599
3 2453 1599 2451
3 2456 2457 1603
3 2456 1603 2455
3 2456 2458 2459
3 2456 2459 2457
3 2456 2454 1959
3 2456 1959 2458
3 2459 2458 1955
3 2459 1955 2461
3 2459 2460 1612
3 2459 1612 2457
3 2459 2461 2462
3 2459 2462 2460
3 2462 2461 1951
3 2462 1951 2463
3 2462 2463 2465
3 2462 2465 2464
3 2462 2464 1613
3 2462 1613 2460
3 2465 2466 1617
3 2465 1617 2464
3 2465 2467 2468
3 2465 2468 2466
3 2465 2463 1947
3 2465 1947 2467
3 2468 2467 1943
3 2468 1943 2470
3 2468 2469 1626
3 2468 1626 2466
3 2468 2470 2471
3 2468 2471 2469
3 2471 2470 1939
3 2471 1939 2472
3 2471 2472 2474
3 2471 2474 2473
3 2471 2473 1627
3 2471 1627 2469
3 2474 2475 1631
3 2474 1631 2473
3 2474 2476 2477
3 2474 2477 2475
3 2474 2472 1935
3 2474 1935 2476
3 2477 2476 1931
3 2477 1931 2479
3 2477 2478 1640
3 2477 1640 2475
3 2477 2479 2480
3 2477 2480 2478
3 2480 2479 1927
3 2480 1927 2481
3 2480 2481 2483
3 2480 2483 2482
3 2480 2482 1641
3 2480 1641 2478
3 2483 2484 1645
3 2483 1645 2482
3 2483 2485 2486
3 2483 2486 2484
3 2483 2481 1923
3 2483 1923 2485
3 2486 2485 1919
3 2486 1919 2488
3 2486 2487 1654
3 2486 1654 2484
3 2486 2488 2489
3 2486 2489 2487
3 2489 2488 1915
3 2489 1915 2491
3 2489 2491 2492
3 2489 2492 2490
3 2489 2490 1655
3 2489 1655 2487
3 2492 2491 1911
3 2492 1911 2494
3 2492 2493 1659
3 2492 1659 2490
3 2492 2494 2495
3 2492 2495 2493
3 2495 2494 1907
3 2495 1907 2496
3 2495 2496 2499
3 2495 2499 2497
3 2495 2497 2498
3 2495 2498 2493
3 1666 2498 2497
3 1666 2497 1673
3 2499 2500 1673
3 2499 1673 2497
3 2499 1898 1896
3 2499 1896 2500
3 2499 2496 1902
3 2499 1902 1898
3 1896 1894 1672
3 1896 1672 2500
3 1661 1659 2493
3 1661 2493 2498
3 1647 1645 2484
3 1647 2484 1654
3 1633 1631 2475
3 1633 2475 1640
3 1619 1617 2466
3 1619 2466 1626
3 1605 1603 2457
3 1605 2457 1612
3 1591 1589 2448
3 1591 2448 1598
3 1577 1575 2439
3 1577 2439 1584
3 1563 1561 2430
3 1563 2430 1570
3 1549 1547 2421
3 1549 2421 1556
3 1535 1533 2412
3 1535 2412 1542
3 1521 1519 2403
3 1521 2403 1528
3 1507 1505 2394
3 1507 2394 1514
3 2377 2375 2055
3 2377 2055 2388
3 1675 1672 1894
3 1675 1894 1682
3 1677 1340 1668
3 1677 1668 1670
3 1663 1352 2501
3 1663 2501 1657
3 2501 1356 1650
3 2501 1650 1652
3 1649 1364 2502
3 1649 2502 1643
3 2502 1368 1636
3 2502 1636 1638
3 1635 1376 2503
3 1635 2503 1629
3 2503 1380 1622
3 2503 1622 1624
3 1621 1388 2504
3 1621 2504 1615
3 2504 1392 1608
3 2504 1608 1610
3 1607 1400 2505
3 1607 2505 1601
3 2505 1404 1594
3 2505 1594 1596
3 1593 1412 2506
3 1593 2506 1587
3 2506 1416 1580
3 2506 1580 1582
3 1579 1424 2507
3 1579 2507 1573
3 2507 1428 1566
3 2507 1566 1568
3 1565 1436 2508
3 1565 2508 1559
3 2508 1440 1552
3 2508 1552 1554
3 1551 1448 2509
3 1551 2509 1545
3 2509 1452 1538
3 2509 1538 1540
3 1537 1460 2510
3 1537 2510 1531
3 2510 1464 1524
3 2510 1524 1526
3 1523 1472 2511
3 1523 2511 1517
3 2511 1476 1510
3 2511 1510 1512
3 1509 1484 2512
3 1509 2512 1503
3 385 383 1486
3 385 1486 2513
3 385 2513 2514
3 385 2514 387
3 2514 2513 1482
3 2514 1482 2516
3 2514 2515 389
3 2514 389 387
3 2514 2516 2517
3 2514 2517 2515
3 2517 2516 1478
3 2517 1478 2519
3 2517 2518 2626
3 2517 2626 2515
3 2517 2519 2520
3 2517 2520 2518
3 2520 2519 1474
3 2520 1474 2522
3 2520 2521 2624
3 2520 2624 2518
3 2520 2522 2523
3 2520 2523 2521
3 2523 2522 1470
3 2523 1470 2524
3 2523 1028 1025
3 2523 1025 2521
3 2523 2524 2525
3 2523 2525 1028
3 2525 2524 1466
3 2525 1466 2526
3 2525 2526 2527
3 2525 2527 1029
3 2527 2526 1462
3 2527 1462 2528
3 2527 2528 2529
3 2527 2529 1033
3 2529 2528 1458
3 2529 1458 2530
3 2529 2530 2531
3 2529 2531 1037
3 2531 2530 1454
3 2531 1454 2532
3 2531 2532 2533
3 2531 2533 1041
3 2533 2532 1450
3 2533 1450 2534
3 2533 2534 2535
3 2533 2535 1045
3 2535 2534 1446
3 2535 1446 2536
3 2535 2536 2537
3 2535 2537 1049
3 2537 2536 1442
3 2537 1442 2538
3 2537 2538 2539
3 2537 2539 1053
3 2539 2538 1438
3 2539 1438 2540
3 2539 2540 2541
3 2539 2541 1057
3 2541 2540 1434
3 2541 1434 2542
3 2541 2542 2543
3 2541 2543 1061
3 2543 2542 1430
3 2543 1430 2544
3 2543 2544 2545
3 2543 2545 1065
3 2545 2544 1426
3 2545 1426 2546
3 2545 2546 2547
3 2545 2547 1069
3 2547 2546 1422
3 2547 1422 2548
3 2547 2548 2549
3 2547 2549 1073
3 2549 2548 1418
3 2549 1418 2550
3 2549 2550 2551
3 2549 2551 1077
3 2551 2550 1414
3 2551 1414 2552
3 2551 2552 2553
3 2551 2553 1081
3 2553 2552 1410
3 2553 1410 2554
3 2553 2554 2555
3 2553 2555 1085
3 2555 2554 1406
3 2555 1406 2556
3 2555 2556 2557
3 2555 2557 1089
3 2557 2556 1402
3 2557 1402 2558
3 2557 2558 2559
3 2557 2559 1093
3 2559 2558 1398
3 2559 1398 2560
3 2559 2560 2561
3 2559 2561 1097
3 2561 2560 1394
3 2561 1394 2562
3 2561 2562 2563
3 2561 2563 1101
3 2563 2562 1390
3 2563 1390 2564
3 2563 2564 2565
3 2563 2565 1105
3 2565 2564 1386
3 2565 1386 2566
3 2565 2566 2567
3 2565 2567 1109
3 2567 2566 1382
3 2567 1382 2568
3 2567 2568 2569
3 2567 2569 1113
3 2569 2568 1378
3 2569 1378 2570
3 2569 2570 2571
3 2569 2571 1117
3 2571 2570 1374
3 2571 1374 2572
3 2571 2572 2573
3 2571 2573 1121
3 2573 2572 1370
3 2573 1370 2574
3 2573 2574 2575
3 2573 2575 1125
3 2575 2574 1366
3 2575 1366 2576
3 2575 2576 2577
3 2575 2577 1129
3 2577 2576 1362
3 2577 1362 2578
3 2577 2578 2579
3 2577 2579 1133
3 2579 2578 1358
3 2579 1358 2580
3 2579 2580 2581
3 2579 2581 1137
3 2581 2580 1354
3 2581 1354 2582
3 2581 2582 2583
3 2581 2583 1141
3 2583 2582 1350
3 2583 1350 2584
3 2583 2584 2585
3 2583 2585 1145
3 2585 2584 1346
3 2585 1346 2586
3 2585 2586 2587
3 2585 2587 1149
3 2587 2586 1342
3 2587 1342 2588
3 2587 2588 2589
3 2587 2589 1153
3 2589 2588 1338
3 2589 1338 2590
3 2589 2590 2591
3 2589 2591 1157
3 2591 2590 1334
3 2591 1334 2592
3 2591 2592 2593
3 2591 2593 1161
3 2593 2592 1330
3 2593 1330 2594
3 2593 2594 2595
3 2593 2595 1165
3 2595 2594 1326
3 2595 1326 2596
3 2595 2596 2597
3 2595 2597 1169
3 2597 2596 1322
3 2597 1322 2598
3 2597 2598 2599
3 2597 2599 1173
3 2599 2598 1318
3 2599 1318 2600
3 2599 2600 2601
3 2599 2601 1177
3 2601 2600 1314
3 2601 1314 2602
3 2601 2602 2603
3 2601 2603 1181
3 2603 2602 1310
3 2603 1310 2604
3 2603 2604 2605
3 2603 2605 1185
3 2605 2604 1306
3 2605 1306 2606
3 2605 2606 2607
3 2605 2607 1189
3 2607 2606 1302
3 2607 1302 2608
3 2607 2608 2609
3 2607 2609 1193
3 2609 2608 1298
3 2609 1298 2610
3 2609 2610 2611
3 2609 2611 1197
3 2611 2610 1294
3 2611 1294 2612
3 2611 2612 2613
3 2611 2613 1201
3 2613 2612 1290
3 2613 1290 2614
3 2613 2614 2615
3 2613 2615 1205
3 2615 2614 1286
3 2615 1286 2616
3 2615 2616 2617
3 2615 2617 1209
3 2617 2616 1282
3 2617 1282 2618
3 2617 2618 2619
3 2617 2619 1213
3 2619 2618 1278
3 2619 1278 2620
3 2619 2620 2621
3 2619 2621 1217
3 2621 2620 1274
3 2621 1274 2622
3 2621 2622 2623
3 2621 2623 1221
3 2623 2622 1269
3 2623 1269 1267
3 2623 1267 2627
3 2623 2627 1225
3 1023 2624 2521
3 1023 2521 1025
3 2625 2624 1023
3 2625 1023 1021
3 2625 2626 2518
3 2625 2518 2624
3 391 2626 2625
3 391 2625 393
3 2625 1021 395
3 2625 395 393
3 391 389 2515
3 391 2515 2626
3 2627 1263 2628
3 2627 2628 1229
3 2628 1259 2629
3 2628 2629 1233
3 2629 1255 1253
3 2629 1253 1237
3 2630 405 403
3 2630 403 1015
3 2632 2631 2630
3 2632 2630 1011
3 2630 2631 407
3 2630 407 405
3 2632 2635 2633
3 2632 2633 2631
3 409 407 2631
3 409 2631 2633
3 409 2633 2634
3 409 2634 411
3 2634 2633 2635
3 2634 2635 2637
3 2636 2635 2632
3 2636 2632 1007
3 2636 2639 2637
3 2636 2637 2635
3 2634 2637 2638
3 2634 2638 3091
3 2638 2637 2639
3 2638 2639 2641
3 2640 2639 2636
3 2640 2636 1003
3 2640 2643 2641
3 2640 2641 2639
3 2638 2641 2642
3 2638 2642 3090
3 2642 2641 2643
3 2642 2643 2645
3 2644 2643 2640
3 2644 2640 999
3 2644 2647 2645
3 2644 2645 2643
3 2642 2645 2646
3 2642 2646 3092
3 2646 2645 2647
3 2646 2647 2649
3 2648 2647 2644
3 2648 2644 995
3 2648 2651 2649
3 2648 2649 2647
3 2646 2649 2650
3 2646 2650 3096
3 2650 2649 2651
3 2650 2651 2653
3 2652 2651 2648
3 2652 2648 991
3 2652 2655 2653
3 2652 2653 2651
3 2650 2653 2654
3 2650 2654 3097
3 2654 2653 2655
3 2654 2655 2657
3 2656 2655 2652
3 2656 2652 987
3 2656 2659 2657
3 2656 2657 2655
3 2654 2657 2658
3 2654 2658 3098
3 2658 2657 2659
3 2658 2659 2661
3 2660 2659 2656
3 2660 2656 983
3 2660 2663 2661
3 2660 2661 2659
3 2658 2661 2662
3 2658 2662 3099
3 2662 2661 2663
3 2662 2663 2665
3 2664 2663 2660
3 2664 2660 979
3 2664 2667 2665
3 2664 2665 2663
3 2662 2665 2666
3 2662 2666 3100
3 2666 2665 2667
3 2666 2667 2669
3 2668 2667 2664
3 2668 2664 975
3 2668 2671 2669
3 2668 2669 2667
3 2666 2669 2670
3 2666 2670 3101
3 2670 2669 2671
3 2670 2671 2673
3 2672 2671 2668
3 2672 2668 971
3 2672 2675 2673
3 2672 2673 2671
3 2670 2673 2674
3 2670 2674 3102
3 2674 2673 2675
3 2674 2675 2677
3 2676 2675 2672
3 2676 2672 967
3 2676 2679 2677
3 2676 2677 2675
3 2674 2677 2678
3 2674 2678 3103
3 2678 2677 2679
3 2678 2679 2681
3 2680 2679 2676
3 2680 2676 963
3 2680 2683 2681
3 2680 2681 2679
3 2678 2681 2682
3 2678 2682 3104
3 2682 2681 2683
3 2682 2683 2685
3 2684 2683 2680
3 2684 2680 959
3 2684 2687 2685
3 2684 2685 2683
3 2682 2685 2686
3 2682 2686 3105
3 2686 2685 2687
3 2686 2687 2689
3 2688 2687 2684
3 2688 2684 955
3 2688 2691 2689
3 2688 2689 2687
3 2686 2689 2690
3 2686 2690 3106
3 2690 2689 2691
3 2690 2691 2693
3 2692 2691 2688
3 2692 2688 951
3 2692 2695 2693
3 2692 2693 2691
3 2690 2693 2694
3 2690 2694 3107
3 2694 2693 2695
3 2694 2695 2697
3 2696 2695 2692
3 2696 2692 947
3 2696 2699 2697
3 2696 2697 2695
3 2694 2697 2698
3 2694 2698 3108
3 2698 2697 2699
3 2698 2699 2701
3 2700 2699 2696
3 2700 2696 943
3 2700 2703 2701
3 2700 2701 2699
3 2698 2701 2702
3 2698 2702 3109
3 2702 2701 2703
3 2702 2703 2705
3 2704 2703 2700
3 2704 2700 939
3 2704 2707 2705
3 2704 2705 2703
3 2702 2705 2706
3 2702 2706 3110
3 2706 2705 2707
3 2706 2707 2709
3 2708 2707 2704
3 2708 2704 935
3 2708 2711 2709
3 2708 2709 2707
3 2706 2709 2710
3 2706 2710 3111
3 2710 2709 2711
3 2710 2711 2713
3 2712 2711 2708
3 2712 2708 931
3 2712 2715 2713
3 2712 2713 2711
3 2710 2713 2714
3 2710 2714 3112
3 2714 2713 2715
3 2714 2715 2717
3 2716 2715 2712
3 2716 2712 927
3 2716 2719 2717
3 2716 2717 2715
3 2714 2717 2718
3 2714 2718 3113
3 2718 2717 2719
3 2718 2719 2721
3 2720 2719 2716
3 2720 2716 923
3 2720 2723 2721
3 2720 2721 2719
3 2718 2721 2722
3 2718 2722 3114
3 2722 2721 2723
3 2722 2723 2725
3 2724 2723 2720
3 2724 2720 919
3 2724 2727 2725
3 2724 2725 2723
3 2722 2725 2726
3 2722 2726 3115
3 2726 2725 2727
3 2726 2727 2729
3 2728 2727 2724
3 2728 2724 915
3 2728 2731 2729
3 2728 2729 2727
3 2726 2729 2730
3 2726 2730 3116
3 2730 2729 2731
3 2730 2731 2733
3 2732 2731 2728
3 2732 2728 911
3 2732 2735 2733
3 2732 2733 2731
3 2730 2733 2734
3 2730 2734 3117
3 2734 2733 2735
3 2734 2735 2737
3 2736 2735 2732
3 2736 2732 907
3 2736 2739 2737
3 2736 2737 2735
3 2734 2737 2738
3 2734 2738 3118
3 2738 2737 2739
3 2738 2739 2741
3 2740 2739 2736
3 2740 2736 903
3 2740 2743 2741
3 2740 2741 2739
3 2738 2741 2742
3 2738 2742 3119
3 2742 2741 2743
3 2742 2743 2745
3 2744 2743 2740
3 2744 2740 899
3 2744 2747 2745
3 2744 2745 2743
3 2742 2745 2746
3 2742 2746 3120
3 2746 2745 2747
3 2746 2747 2749
3 2748 2747 2744
3 2748 2744 895
3 2748 2751 2749
3 2748 2749 2747
3 2746 2749 2750
3 2746 2750 3121
3 2750 2749 2751
3 2750 2751 2753
3 2752 2751 2748
3 2752 2748 891
3 2752 2755 2753
3 2752 2753 2751
3 2750 2753 2754
3 2750 2754 3122
3 2754 2753 2755
3 2754 2755 2757
3 2756 2755 2752
3 2756 2752 887
3 2756 2759 2757
3 2756 2757 2755
3 2754 2757 2758
3 2754 2758 3123
3 2758 2757 2759
3 2758 2759 2761
3 2760 2759 2756
3 2760 2756 883
3 2760 2763 2761
3 2760 2761 2759
3 2758 2761 2762
3 2758 2762 3124
3 2762 2761 2763
3 2762 2763 2765
3 2764 2763 2760
3 2764 2760 879
3 2764 2767 2765
3 2764 2765 2763
3 2762 2765 2766
3 2762 2766 3125
3 2766 2765 2767
3 2766 2767 2769
3 2768 2767 2764
3 2768 2764 875
3 2768 2771 2769
3 2768 2769 2767
3 2766 2769 2770
3 2766 2770 3126
3 2770 2769 2771
3 2770 2771 2773
3 2772 2771 2768
3 2772 2768 871
3 2772 2775 2773
3 2772 2773 2771
3 2770 2773 2774
3 2770 2774 3127
3 2774 2773 2775
3 2774 2775 2777
3 2776 2775 2772
3 2776 2772 867
3 2776 2779 2777
3 2776 2777 2775
3 2774 2777 2778
3 2774 2778 3128
3 2778 2777 2779
3 2778 2779 2781
3 2780 2779 2776
3 2780 2776 863
3 2780 2783 2781
3 2780 2781 2779
3 2778 2781 2782
3 2778 2782 3129
3 2782 2781 2783
3 2782 2783 2785
3 2784 2783 2780
3 2784 2780 859
3 2784 2787 2785
3 2784 2785 2783
3 2782 2785 2786
3 2782 2786 3130
3 2786 2785 2787
3 2786 2787 2789
3 2788 2787 2784
3 2788 2784 855
3 2788 2791 2789
3 2788 2789 2787
3 2786 2789 2790
3 2786 2790 3131
3 2790 2789 2791
3 2790 2791 2793
3 2792 2791 2788
3 2792 2788 851
3 2792 2795 2793
3 2792 2793 2791
3 2790 2793 2794
3 2790 2794 3132
3 2794 2793 2795
3 2794 2795 2797
3 2796 2795 2792
3 2796 2792 847
3 2796 2799 2797
3 2796 2797 2795
3 2794 2797 2798
3 2794 2798 3133
3 2798 2797 2799
3 2798 2799 2801
3 2800 2799 2796
3 2800 2796 843
3 2800 2803 2801
3 2800 2801 2799
3 2798 2801 2802
3 2798 2802 3134
3 2802 2801 2803
3 2802 2803 2805
3 2804 2803 2800
3 2804 2800 839
3 2804 2807 2805
3 2804 2805 2803
3 2802 2805 2806
3 2802 2806 3135
3 2806 2805 2807
3 2806 2807 2809
3 2808 2807 2804
3 2808 2804 835
3 2808 2811 2809
3 2808 2809 2807
3 2806 2809 2810
3 2806 2810 3136
3 2810 2809 2811
3 2810 2811 2813
3 2812 2811 2808
3 2812 2808 831
3 2812 2815 2813
3 2812 2813 2811
3 2810 2813 2814
3 2810 2814 3137
3 2814 2813 2815
3 2814 2815 2817
3 2816 2815 2812
3 2816 2812 827
3 2816 2819 2817
3 2816 2817 2815
3 2814 2817 2818
3 2814 2818 3138
3 2818 2817 2819
3 2818 2819 2821
3 2820 2819 2816
3 2820 2816 823
3 2820 2823 2821
3 2820 2821 2819
3 2818 2821 2822
3 2818 2822 3139
3 2822 2821 2823
3 2822 2823 2825
3 2824 2823 2820
3 2824 2820 819
3 2824 2827 2825
3 2824 2825 2823
3 2822 2825 2826
3 2822 2826 3140
3 2826 2825 2827
3 2826 2827 2829
3 2828 2827 2824
3 2828 2824 815
3 2828 2831 2829
3 2828 2829 2827
3 2826 2829 2830
3 2826 2830 3141
3 2830 2829 2831
3 2830 2831 2833
3 2832 2831 2828
3 2832 2828 811
3 2832 2835 2833
3 2832 2833 2831
3 2830 2833 2834
3 2830 2834 3142
3 2834 2833 2835
3 2834 2835 2837
3 2836 2835 2832
3 2836 2832 807
3 2836 2839 2837
3 2836 2837 2835
3 2834 2837 2838
3 2834 2838 3143
3 2838 2837 2839
3 2838 2839 2841
3 2840 2839 2836
3 2840 2836 803
3 2840 2843 2841
3 2840 2841 2839
3 2838 2841 2842
3 2838 2842 3144
3 2842 2841 2843
3 2842 2843 2845
3 2844 2843 2840
3 2844 2840 799
3 2844 2847 2845
3 2844 2845 2843
3 2842 2845 2846
3 2842 2846 2882
3 2846 2845 2847
3 2846 2847 2849
3 2848 2847 2844
3 2848 2844 795
3 2848 2851 2849
3 2848 2849 2847
3 2846 2849 2850
3 2846 2850 2880
3 2850 2849 2851
3 2850 2851 2853
3 2852 2851 2848
3 2852 2848 791
3 2852 2855 2853
3 2852 2853 2851
3 2854 2853 2855
3 2854 2855 2856
3 2850 2853 2854
3 2850 2854 2879
3 785 2855 2852
3 785 2852 787
3 785 783 2856
3 785 2856 2855
3 2857 2856 783
3 2857 783 779
3 2854 2856 2857
3 2854 2857 2858
3 2857 778 2860
3 2857 2860 2858
3 2854 2858 2859
3 2854 2859 2879
3 2862 2859 2858
3 2862 2858 2860
3 2861 2860 778
3 2861 778 772
3 2862 2860 2861
3 2862 2861 2864
3 2877 2859 2862
3 2877 2862 2863
3 2862 2864 2865
3 2862 2865 2863
3 2861 771 2866
3 2861 2866 2864
3 2867 2865 2864
3 2867 2864 2866
3 2868 2866 771
3 2868 771 769
3 2867 2866 2868
3 2867 2868 2869
3 2868 769 753
3 2868 753 751
3 2868 751 748
3 2868 748 2869
3 742 2870 2869
3 742 2869 748
3 2867 2869 2870
3 2867 2870 2871
3 739 640 2871
3 739 2871 2870
3 2872 2865 2867
3 2872 2867 2871
3 2872 2871 640
3 2872 640 638
3 2872 2873 2863
3 2872 2863 2865
3 636 2873 2872
3 636 2872 638
3 636 2875 2874
3 636 2874 2873
3 2877 2863 2873
3 2877 2873 2874
3 2876 2874 2875
3 2876 2875 2886
3 2876 2878 2877
3 2876 2877 2874
3 2877 2878 2879
3 2877 2879 2859
3 2850 2879 2878
3 2850 2878 2880
3 2876 2881 2880
3 2876 2880 2878
3 2846 2880 2881
3 2846 2881 2882
3 2883 2884 2882
3 2883 2882 2881
3 2883 2881 2876
3 2883 2876 2886
3 2889 2884 2883
3 2889 2883 2885
3 2883 2886 2887
3 2883 2887 2885
3 632 2887 2886
3 632 2886 2875
3 628 2888 2885
3 628 2885 2887
3 2889 2885 2888
3 2889 2888 2891
3 2893 2890 2889
3 2893 2889 2891
3 2889 2890 3144
3 2889 3144 2884
3 624 2892 2891
3 624 2891 2888
3 2893 2891 2892
3 2893 2892 2895
3 2897 2894 2893
3 2897 2893 2895
3 2893 2894 3143
3 2893 3143 2890
3 620 2896 2895
3 620 2895 2892
3 2897 2895 2896
3 2897 2896 2899
3 2901 2898 2897
3 2901 2897 2899
3 2897 2898 3142
3 2897 3142 2894
3 616 2900 2899
3 616 2899 2896
3 2901 2899 2900
3 2901 2900 2903
3 2905 2902 2901
3 2905 2901 2903
3 2901 2902 3141
3 2901 3141 2898
3 612 2904 2903
3 612 2903 2900
3 2905 2903 2904
3 2905 2904 2907
3 2909 2906 2905
3 2909 2905 2907
3 2905 2906 3140
3 2905 3140 2902
3 608 2908 2907
3 608 2907 2904
3 2909 2907 2908
3 2909 2908 2911
3 2913 2910 2909
3 2913 2909 2911
3 2909 2910 3139
3 2909 3139 2906
3 604 2912 2911
3 604 2911 2908
3 2913 2911 2912
3 2913 2912 2915
3 2917 2914 2913
3 2917 2913 2915
3 2913 2914 3138
3 2913 3138 2910
3 600 2916 2915
3 600 2915 2912
3 2917 2915 2916
3 2917 2916 2919
3 2921 2918 2917
3 2921 2917 2919
3 2917 2918 3137
3 2917 3137 2914
3 596 2920 2919
3 596 2919 2916
3 2921 2919 2920
3 2921 2920 2923
3 2925 2922 2921
3 2925 2921 2923
3 2921 2922 3136
3 2921 3136 2918
3 592 2924 2923
3 592 2923 2920
3 2925 2923 2924
3 2925 2924 2927
3 2929 2926 2925
3 2929 2925 2927
3 2925 2926 3135
3 2925 3135 2922
3 588 2928 2927
3 588 2927 2924
3 2929 2927 2928
3 2929 2928 2931
3 2933 2930 2929
3 2933 2929 2931
3 2929 2930 3134
3 2929 3134 2926
3 584 2932 2931
3 584 2931 2928
3 2933 2931 2932
3 2933 2932 2935
3 2937 2934 2933
3 2937 2933 2935
3 2933 2934 3133
3 2933 3133 2930
3 580 2936 2935
3 580 2935 2932
3 2937 2935 2936
3 2937 2936 2939
3 2941 2938 2937
3 2941 2937 2939
3 2937 2938 3132
3 2937 3132 2934
3 576 2940 2939
3 576 2939 2936
3 2941 2939 2940
3 2941 2940 2943
3 2945 2942 2941
3 2945 2941 2943
3 2941 2942 3131
3 2941 3131 2938
3 572 2944 2943
3 572 2943 2940
3 2945 2943 2944
3 2945 2944 2947
3 2949 2946 2945
3 2949 2945 2947
3 2945 2946 3130
3 2945 3130 2942
3 568 2948 2947
3 568 2947 2944
3 2949 2947 2948
3 2949 2948 2951
3 2953 2950 2949
3 2953 2949 2951
3 2949 2950 3129
3 2949 3129 2946
3 564 2952 2951
3 564 2951 2948
3 2953 2951 2952
3 2953 2952 2955
3 2957 2954 2953
3 2957 2953 2955
3 2953 2954 3128
3 2953 3128 2950
3 560 2956 2955
3 560 2955 2952
3 2957 2955 2956
3 2957 2956 2959
3 2961 2958 2957
3 2961 2957 2959
3 2957 2958 3127
3 2957 3127 2954
3 556 2960 2959
3 556 2959 2956
3 2961 2959 2960
3 2961 2960 2963
3 2965 2962 2961
3 2965 2961 2963
3 2961 2962 3126
3 2961 3126 2958
3 552 2964 2963
3 552 2963 2960
3 2965 2963 2964
3 2965 2964 2967
3 2969 2966 2965
3 2969 2965 2967
3 2965 2966 3125
3 2965 3125 2962
3 548 2968 2967
3 548 2967 2964
3 2969 2967 2968
3 2969 2968 2971
3 2973 2970 2969
3 2973 2969 2971
3 2969 2970 3124
3 2969 3124 2966
3 544 2972 2971
3 544 2971 2968
3 2973 2971 2972
3 2973 2972 2975
3 2977 2974 2973
3 2977 2973 2975
3 2973 2974 3123
3 2973 3123 2970
3 540 2976 2975
3 540 2975 2972
3 2977 2975 2976
3 2977 2976 2979
3 2981 2978 2977
3 2981 2977 2979
3 2977 2978 3122
3 2977 3122 2974
3 536 2980 2979
3 536 2979 2976
3 2981 2979 2980
3 2981 2980 2983
3 2985 2982 2981
3 2985 2981 2983
3 2981 2982 3121
3 2981 3121 2978
3 532 2984 2983
3 532 2983 2980
3 2985 2983 2984
3 2985 2984 2987
3 2989 2986 2985
3 2989 2985 2987
3 2985 2986 3120
3 2985 3120 2982
3 528 2988 2987
3 528 2987 2984
3 2989 2987 2988
3 2989 2988 2991
3 2993 2990 2989
3 2993 2989 2991
3 2989 2990 3119
3 2989 3119 2986
3 524 2992 2991
3 524 2991 2988
3 2993 2991 2992
3 2993 2992 2995
3 2997 2994 2993
3 2997 2993 2995
3 2993 2994 3118
3 2993 3118 2990
3 520 2996 2995
3 520 2995 2992
3 2997 2995 2996
3 2997 2996 2999
3 3001 2998 2997
3 3001 2997 2999
3 2997 2998 3117
3 2997 3117 2994
3 516 3000 2999
3 516 2999 2996
3 3001 2999 3000
3 3001 3000 3003
3 3005 3002 3001
3 3005 3001 3003
3 3001 3002 3116
3 3001 3116 2998
3 512 3004 3003
3 512 3003 3000
3 3005 3003 3004
3 3005 3004 3007
3 3009 3006 3005
3 3009 3005 3007
3 3005 3006 3115
3 3005 3115 3002
3 508 3008 3007
3 508 3007 3004
3 3009 3007 3008
3 3009 3008 3011
3 3013 3010 3009
3 3013 3009 3011
3 3009 3010 3114
3 3009 3114 3006
3 504 3012 3011
3 504 3011 3008
3 3013 3011 3012
3 3013 3012 3015
3 3017 3014 3013
3 3017 3013 3015
3 3013 3014 3113
3 3013 3113 3010
3 500 3016 3015
3 500 3015 3012
3 3017 3015 3016
3 3017 3016 3019
3 3021 3018 3017
3 3021 3017 3019
3 3017 3018 3112
3 3017 3112 3014
3 496 3020 3019
3 496 3019 3016
3 3021 3019 3020
3 3021 3020 3023
3 3025 3022 3021
3 3025 3021 3023
3 3021 3022 3111
3 3021 3111 3018
3 492 3024 3023
3 492 3023 3020
3 3025 3023 3024
3 3025 3024 3027
3 3029 3026 3025
3 3029 3025 3027
3 3025 3026 3110
3 3025 3110 3022
3 488 3028 3027
3 488 3027 3024
3 3029 3027 3028
3 3029 3028 3031
3 3033 3030 3029
3 3033 3029 3031
3 3029 3030 3109
3 3029 3109 3026
3 484 3032 3031
3 484 3031 3028
3 3033 3031 3032
3 3033 3032 3035
3 3037 3034 3033
3 3037 3033 3035
3 3033 3034 3108
3 3033 3108 3030
3 480 3036 3035
3 480 3035 3032
3 3037 3035 3036
3 3037 3036 3039
3 3041 3038 3037
3 3041 3037 3039
3 3037 3038 3107
3 3037 3107 3034
3 476 3040 3039
3 476 3039 3036
3 3041 3039 3040
3 3041 3040 3043
3 3045 3042 3041
3 3045 3041 3043
3 3041 3042 3106
3 3041 3106 3038
3 472 3044 3043
3 472 3043 3040
3 3045 3043 3044
3 3045 3044 3047
3 3049 3046 3045
3 3049 3045 3047
3 3045 3046 3105
3 3045 3105 3042
3 468 3048 3047
3 468 3047 3044
3 3049 3047 3048
3 3049 3048 3051
3 3053 3050 3049
3 3053 3049 3051
3 3049 3050 3104
3 3049 3104 3046
3 464 3052 3051
3 464 3051 3048
3 3053 3051 3052
3 3053 3052 3055
3 3057 3054 3053
3 3057 3053 3055
3 3053 3054 3103
3 3053 3103 3050
3 460 3056 3055
3 460 3055 3052
3 3057 3055 3056
3 3057 3056 3059
3 3061 3058 3057
3 3061 3057 3059
3 3057 3058 3102
3 3057 3102 3054
3 456 3060 3059
3 456 3059 3056
3 3061 3059 3060
3 3061 3060 3063
3 3065 3062 3061
3 3065 3061 3063
3 3061 3062 3101
3 3061 3101 3058
3 452 3064 3063
3 452 3063 3060
3 3065 3063 3064
3 3065 3064 3067
3 3069 3066 3065
3 3069 3065 3067
3 3065 3066 3100
3 3065 3100 3062
3 448 3068 3067
3 448 3067 3064
3 3069 3067 3068
3 3069 3068 3071
3 3073 3070 3069
3 3073 3069 3071
3 3069 3070 3099
3 3069 3099 3066
3 444 3072 3071
3 444 3071 3068
3 3073 3071 3072
3 3073 3072 3075
3 3077 3074 3073
3 3077 3073 3075
3 3073 3074 3098
3 3073 3098 3070
3 443 3076 3075
3 443 3075 3072
3 3077 3075 3076
3 3077 3076 3079
3 3081 3078 3077
3 3081 3077 3079
3 3077 3078 3097
3 3077 3097 3074
3 3095 3080 3079
3 3095 3079 3076
3 3081 3079 3080
3 3081 3080 3083
3 3085 3082 3081
3 3085 3081 3083
3 3081 3082 3096
3 3081 3096 3078
3 3093 3084 3083
3 3093 3083 3080
3 3085 3083 3084
3 3085 3084 3087
3 3088 3086 3085
3 3088 3085 3087
3 3085 3086 3092
3 3085 3092 3082
3 421 419 3087
3 421 3087 3084
3 3088 3087 419
3 3088 419 417
3 415 3089 3088
3 415 3088 417
3 3088 3089 3090
3 3088 3090 3086
3 2638 3090 3089
3 2638 3089 3091
3 415 413 3091
3 415 3091 3089
3 2634 3091 413
3 2634 413 411
3 2642 3092 3086
3 2642 3086 3090
3 2646 3096 3082
3 2646 3082 3092
3 421 3084 3093
3 421 3093 423
3 3093 3094 425
3 3093 425 423
3 3093 3080 3095
3 3093 3095 3094
3 3095 441 439
3 3095 439 3094
3 427 425 3094
3 427 3094 439
3 3095 3076 443
3 3095 443 441
3 2650 3097 3078
3 2650 3078 3096
3 2654 3098 3074
3 2654 3074 3097
3 2658 3099 3070
3 2658 3070 3098
3 2662 3100 3066
3 2662 3066 3099
3 2666 3101 3062
3 2666 3062 3100
3 2670 3102 3058
3 2670 3058 3101
3 2674 3103 3054
3 2674 3054 3102
3 2678 3104 3050
3 2678 3050 3103
3 2682 3105 3046
3 2682 3046 3104
3 2686 3106 3042
3 2686 3042 3105
3 2690 3107 3038
3 2690 3038 3106
3 2694 3108 3034
3 2694 3034 3107
3 2698 3109 3030
3 2698 3030 3108
3 2702 3110 3026
3 2702 3026 3109
3 2706 3111 3022
3 2706 3022 3110
3 2710 3112 3018
3 2710 3018 3111
3 2714 3113 3014
3 2714 3014 3112
3 2718 3114 3010
3 2718 3010 3113
3 2722 3115 3006
3 2722 3006 3114
3 2726 3116 3002
3 2726 3002 3115
3 2730 3117 2998
3 2730 2998 3116
3 2734 3118 2994
3 2734 2994 3117
3 2738 3119 2990
3 2738 2990 3118
3 2742 3120 2986
3 2742 2986 3119
3 2746 3121 2982
3 2746 2982 3120
3 2750 3122 2978
3 2750 2978 3121
3 2754 3123 2974
3 2754 2974 3122
3 2758 3124 2970
3 2758 2970 3123
3 2762 3125 2966
3 2762 2966 3124
3 2766 3126 2962
3 2766 2962 3125
3 2770 3127 2958
3 2770 2958 3126
3 2774 3128 2954
3 2774 2954 3127
3 2778 3129 2950
3 2778 2950 3128
3 2782 3130 2946
3 2782 2946 3129
3 2786 3131 2942
3 2786 2942 3130
3 2790 3132 2938
3 2790 2938 3131
3 2794 3133 2934
3 2794 2934 3132
3 2798 3134 2930
3 2798 2930 3133
3 2802 3135 2926
3 2802 2926 3134
3 2806 3136 2922
3 2806 2922 3135
3 2810 3137 2918
3 2810 2918 3136
3 2814 3138 2914
3 2814 2914 3137
3 2818 3139 2910
3 2818 2910 3138
3 2822 3140 2906
3 2822 2906 3139
3 2826 3141 2902
3 2826 2902 3140
3 2830 3142 2898
3 2830 2898 3141
3 2834 3143 2894
3 2834 2894 3142
3 2838 3144 2890
3 2838 2890 3143
3 2842 2882 2884
3 2842 2884 3144
3 18 16 774
3 18 774 776
3 3145 774 16
3 3145 16 14
3 3145 14 12
3 3145 12 765
3 763 765 12
3 763 12 10
3 763 10 8
3 763 8 760
3 758 761 3146
3 758 3146 3148
3 761 3147 3
3 761 3 3146
3 3147 760 8
3 3147 8 1
3 105 3146 3
3 105 3 102
3 108 3148 3146
3 108 3146 105
3 758 3148 114
3 758 114 756
3 116 3149 756
3 116 756 114
3 750 3149 121
3 750 121 747
3 123 745 747
3 123 747 121
3 133 745 123
3 133 123 125
