ply
format ascii 1.0
element vertex 3128
property float x
property float y
property float z
element face 6248
property list uchar int vertex_index
end_header
0.082767 2.980353 -0.733855
0.087956 2.980759 -0.734250
0.079761 2.985044 -0.733589
0.080166 2.976320 -0.731481
0.070873 2.975225 -0.726976
0.081337 2.969517 -0.728191
0.091920 2.977673 -0.731962
0.075379 2.980804 -0.732007
0.066951 2.982831 -0.727784
0.071402 2.986944 -0.731320
0.060718 2.985618 -0.722869
0.062393 2.979279 -0.721938
0.063865 2.991290 -0.727828
0.059839 2.994054 -0.723432
0.068264 2.994694 -0.729745
0.062413 2.997421 -0.727327
0.079993 2.994671 -0.731870
0.068476 3.002535 -0.727801
0.062365 2.999138 -0.726945
0.080023 3.003738 -0.729298
0.072089 3.010985 -0.725737
0.064185 3.005083 -0.724897
0.059585 3.002018 -0.721565
0.068158 3.013605 -0.722619
0.059499 3.012254 -0.716858
0.080420 3.017049 -0.724339
0.068414 3.022151 -0.718808
0.080558 3.022726 -0.722039
0.068698 3.031568 -0.715787
0.060204 3.021777 -0.713877
0.056419 3.021576 -0.706803
0.060715 3.031289 -0.711713
0.057221 3.031132 -0.705082
0.060947 3.040778 -0.710147
0.057202 3.040655 -0.703564
0.069062 3.040978 -0.713859
0.060847 3.050277 -0.709110
0.056363 3.050187 -0.702274
0.069483 3.050400 -0.712822
0.060020 3.059836 -0.708618
0.054375 3.059782 -0.701222
0.069916 3.059875 -0.712668
0.057200 3.070081 -0.708139
0.052186 3.066573 -0.700640
0.070299 3.069478 -0.713315
0.057992 3.079376 -0.710072
0.051291 3.073752 -0.705322
0.050656 3.071462 -0.700316
0.050996 3.079401 -0.705560
0.049398 3.079357 -0.699969
0.050850 3.089374 -0.705711
0.048965 3.089318 -0.699802
0.051168 3.097287 -0.705440
0.058100 3.089373 -0.710837
0.070660 3.089280 -0.715375
0.056883 3.100183 -0.708639
0.070603 3.099401 -0.713862
0.059965 3.109644 -0.707788
0.051813 3.104034 -0.704519
0.050313 3.100111 -0.700628
0.053843 3.109281 -0.701006
0.060490 3.120060 -0.701040
0.052911 3.111082 -0.690908
0.051062 3.105683 -0.698048
0.050846 3.105998 -0.690681
0.051036 3.105328 -0.683932
0.049308 3.099358 -0.690487
0.050316 3.100052 -0.681160
0.048229 3.089322 -0.690412
0.048662 3.079380 -0.690609
0.049163 3.089440 -0.681529
0.049523 3.079520 -0.681756
0.050373 3.089616 -0.673174
0.050990 3.089800 -0.668887
0.050763 3.096809 -0.673166
0.050638 3.080692 -0.673460
0.050858 3.073927 -0.676611
0.050985 3.084557 -0.669145
0.051173 3.078103 -0.670936
0.051814 3.070430 -0.673964
0.051912 3.080886 -0.665916
0.052996 3.070253 -0.665816
0.055314 3.080499 -0.658050
0.052412 3.089982 -0.664616
0.056359 3.090178 -0.658191
0.053258 3.099269 -0.665879
0.051166 3.095136 -0.668979
0.058214 3.099731 -0.658810
0.056235 3.109672 -0.665687
0.051578 3.101914 -0.673047
0.051342 3.103865 -0.678103
0.053526 3.109798 -0.673337
0.052625 3.109070 -0.681421
0.057206 3.119587 -0.673882
0.056911 3.119749 -0.682426
0.059260 3.118814 -0.666456
0.061479 3.127245 -0.674485
0.069509 3.132866 -0.675199
0.062965 3.125404 -0.667207
0.061201 3.127352 -0.683062
0.061868 3.126573 -0.692086
0.066531 3.132566 -0.683652
0.072349 3.136775 -0.684283
0.069112 3.132480 -0.693697
0.082139 3.134656 -0.694520
0.072787 3.136867 -0.691785
0.069509 3.128113 -0.700561
0.062732 3.125658 -0.698278
0.069755 3.123845 -0.705138
0.081523 3.129258 -0.701319
0.090058 3.127374 -0.699885
0.081950 3.122932 -0.705736
0.093636 3.119822 -0.702708
0.082257 3.117690 -0.708077
0.070008 3.118706 -0.708052
0.082651 3.109541 -0.710438
0.089092 3.115560 -0.707493
0.091615 3.109478 -0.708270
0.095753 3.098969 -0.709192
0.097498 3.109494 -0.705837
0.104354 3.109624 -0.701662
0.100009 3.102472 -0.707174
0.106768 3.099603 -0.703557
0.113122 3.096964 -0.700116
0.101578 3.095546 -0.707949
0.108511 3.088905 -0.705579
0.111725 3.103902 -0.698854
0.114915 3.100231 -0.695547
0.109895 3.109910 -0.697122
0.112961 3.110189 -0.692859
0.104757 3.120163 -0.693961
0.106787 3.122206 -0.685615
0.111552 3.116245 -0.691136
0.100098 3.126562 -0.691189
0.097994 3.124229 -0.697052
0.101639 3.117144 -0.699969
0.093520 3.129239 -0.693904
0.092792 3.132060 -0.684948
0.085435 3.135577 -0.684769
0.092453 3.131136 -0.676129
0.100781 3.127364 -0.685306
0.100296 3.127425 -0.676576
0.106293 3.122298 -0.676858
0.099107 3.126699 -0.671046
0.104003 3.121072 -0.668749
0.091910 3.128109 -0.667979
0.096093 3.124771 -0.665260
0.080711 3.130037 -0.667671
0.088178 3.125705 -0.662902
0.092422 3.121052 -0.659419
0.080095 3.125917 -0.662359
0.080856 3.121112 -0.658101
0.071038 3.124711 -0.662400
0.070142 3.128960 -0.667429
0.065047 3.123354 -0.663177
0.070804 3.118810 -0.658203
0.073952 3.115098 -0.654956
0.063483 3.118141 -0.661259
0.067276 3.112902 -0.656408
0.061477 3.109662 -0.658993
0.071324 3.109174 -0.653272
0.081011 3.110402 -0.651804
0.071506 3.099822 -0.650206
0.065095 3.106214 -0.655058
0.063713 3.099173 -0.653893
0.061730 3.090232 -0.653018
0.068320 3.090442 -0.649294
0.060455 3.080684 -0.652488
0.067592 3.081047 -0.648833
0.060683 3.071087 -0.653056
0.055922 3.070568 -0.658233
0.069519 3.071537 -0.649548
0.061885 3.063591 -0.654487
0.058804 3.060277 -0.658648
0.068595 3.060822 -0.652931
0.063250 3.057018 -0.656099
0.080359 3.061543 -0.650889
0.070907 3.051469 -0.655078
0.064139 3.050645 -0.657324
0.080901 3.051796 -0.653893
0.072604 3.042781 -0.657192
0.065947 3.041800 -0.659216
0.081518 3.042585 -0.656456
0.074035 3.036073 -0.658912
0.068972 3.032376 -0.661166
0.081463 3.033471 -0.658922
0.076513 3.029485 -0.660542
0.084486 3.026533 -0.660752
0.092176 3.033477 -0.659135
0.102250 3.033964 -0.660373
0.091680 3.042697 -0.656891
0.092995 3.024208 -0.661535
0.088683 3.020185 -0.662774
0.103813 3.024576 -0.662651
0.096236 3.018808 -0.663372
0.092605 3.014581 -0.665031
0.101807 3.018991 -0.664006
0.104951 3.015019 -0.666660
0.116142 3.015340 -0.671414
0.108479 3.020821 -0.665133
0.104221 3.005170 -0.671297
0.113601 3.005813 -0.674383
0.104398 2.997127 -0.675609
0.092299 3.004416 -0.669575
0.091573 2.994017 -0.674843
0.080222 3.003835 -0.669254
0.066949 3.002394 -0.670535
0.080214 3.013453 -0.665372
0.081273 2.993738 -0.674120
0.086022 2.989684 -0.676490
0.070287 2.996079 -0.673032
0.077914 2.990021 -0.675905
0.066979 2.993088 -0.675283
0.081348 2.985627 -0.679269
0.080442 2.977861 -0.685687
0.067344 2.983366 -0.681961
0.091666 2.986159 -0.680119
0.087033 2.989734 -0.676577
0.104579 2.985978 -0.683466
0.095096 2.990498 -0.677355
0.092603 2.978544 -0.686803
0.092678 2.973783 -0.692699
0.104686 2.980246 -0.688545
0.111182 2.981452 -0.689698
0.104743 2.974995 -0.695669
0.100754 2.971161 -0.699551
0.108802 2.972444 -0.702049
0.115845 2.979317 -0.695449
0.116872 2.974208 -0.705892
0.124448 2.981175 -0.699183
0.119113 2.984713 -0.691545
0.115663 2.987261 -0.687378
0.125745 2.988030 -0.694536
0.132241 2.988262 -0.704774
0.122929 2.991326 -0.688545
0.128997 2.997235 -0.692560
0.133251 2.997654 -0.699750
0.123969 2.996820 -0.686247
0.130625 3.006852 -0.690332
0.133499 3.007129 -0.696165
0.125110 3.006405 -0.682549
0.131322 3.016360 -0.688148
0.133534 3.016558 -0.693217
0.125139 3.015955 -0.678686
0.131582 3.025793 -0.686123
0.133488 3.025942 -0.690809
0.126650 3.025470 -0.677428
0.131420 3.035137 -0.684304
0.126825 3.034900 -0.675625
0.130387 3.044354 -0.682665
0.133390 3.035259 -0.689748
0.133848 3.035271 -0.694190
0.132586 3.043743 -0.691464
0.132254 3.043649 -0.700430
0.133661 3.040325 -0.695019
0.130387 3.053349 -0.689998
0.128800 3.053477 -0.681248
0.128441 3.062348 -0.688811
0.129411 3.053091 -0.698884
0.125505 3.052702 -0.706814
0.127247 3.061973 -0.697657
0.124559 3.061653 -0.703886
0.124935 3.071287 -0.697144
0.123040 3.074392 -0.700164
0.123857 3.068248 -0.702101
0.126581 3.071462 -0.687903
0.124044 3.078401 -0.693953
0.122096 3.080847 -0.696358
0.124335 3.081451 -0.687651
0.123043 3.084893 -0.690681
0.123256 3.086982 -0.684784
0.124155 3.081312 -0.678602
0.122892 3.087358 -0.678275
0.122578 3.080970 -0.673075
0.125775 3.071887 -0.679239
0.127284 3.062634 -0.680113
0.123328 3.072148 -0.672560
0.119957 3.072438 -0.667629
0.124033 3.062951 -0.672462
0.120607 3.063785 -0.667710
0.124402 3.053945 -0.672167
0.121116 3.057077 -0.668087
0.121604 3.050657 -0.668443
0.126117 3.044232 -0.674033
0.122220 3.043725 -0.669050
0.116847 3.043940 -0.665009
0.122604 3.034726 -0.670182
0.122237 3.025532 -0.672010
0.116711 3.034437 -0.665871
0.110204 3.034861 -0.662493
0.115190 3.024372 -0.667241
0.110273 3.027550 -0.663742
0.109781 3.043772 -0.661303
0.101384 3.043225 -0.658533
0.109496 3.053168 -0.660140
0.100859 3.052739 -0.656631
0.117308 3.053576 -0.664798
0.109010 3.062842 -0.658699
0.100353 3.063171 -0.654274
0.109327 3.072189 -0.658041
0.115844 3.063079 -0.663246
0.115160 3.072340 -0.662597
0.114347 3.081561 -0.662383
0.109241 3.080861 -0.657824
0.119289 3.081471 -0.668165
0.112558 3.091197 -0.661977
0.118700 3.090597 -0.670063
0.108756 3.087776 -0.657856
0.111384 3.100646 -0.663098
0.107766 3.094781 -0.658038
0.103640 3.090959 -0.654484
0.106092 3.101915 -0.658355
0.099536 3.100224 -0.653391
0.104076 3.111455 -0.660044
0.096810 3.115317 -0.656799
0.108362 3.114516 -0.666425
0.098969 3.107978 -0.655134
0.109740 3.107836 -0.663886
0.100656 3.118507 -0.661927
0.111873 3.111024 -0.669300
0.115489 3.101079 -0.669408
0.110493 3.116755 -0.672281
0.114280 3.111032 -0.677309
0.118315 3.100866 -0.677603
0.114734 3.110579 -0.686026
0.111202 3.117273 -0.677185
0.111754 3.117120 -0.685947
0.118415 3.100293 -0.686238
0.121802 3.090131 -0.687146
0.118949 3.089685 -0.695306
0.121293 3.092217 -0.677991
0.114614 3.089233 -0.701491
0.116524 3.079533 -0.703410
0.110321 3.079176 -0.707523
0.117991 3.070560 -0.705431
0.111610 3.073058 -0.708853
0.119348 3.061193 -0.708075
0.112739 3.066953 -0.710062
0.107230 3.069699 -0.710560
0.113709 3.060823 -0.711259
0.115640 3.051970 -0.713337
0.106104 3.060410 -0.712660
0.105613 3.051358 -0.714956
0.094320 3.060043 -0.713796
0.082233 3.059914 -0.714202
0.093807 3.050875 -0.715311
0.094778 3.069343 -0.712739
0.082666 3.069367 -0.714032
0.095095 3.078884 -0.711884
0.095198 3.088752 -0.710863
0.104589 3.078983 -0.709555
0.082966 3.079045 -0.714212
0.070562 3.079278 -0.714608
0.083075 3.088982 -0.714093
0.082974 3.099159 -0.712767
0.102774 3.088779 -0.708574
0.081747 3.050589 -0.714955
0.093315 3.041738 -0.717303
0.081275 3.041312 -0.716473
0.105144 3.042339 -0.717673
0.092897 3.032567 -0.719723
0.080870 3.032034 -0.718790
0.092586 3.023338 -0.722573
0.104754 3.033260 -0.720468
0.116405 3.034107 -0.720071
0.104480 3.024084 -0.723030
0.104541 3.014861 -0.725445
0.116094 3.024938 -0.722689
0.116190 3.015708 -0.724660
0.125963 3.025715 -0.720092
0.127521 3.016701 -0.722412
0.131548 3.026567 -0.715515
0.125028 3.034688 -0.717515
0.123851 3.042109 -0.715266
0.131092 3.035390 -0.710972
0.133402 3.038659 -0.704441
0.133666 3.032554 -0.708189
0.126864 3.044711 -0.710172
0.122567 3.047973 -0.713048
0.117899 3.044052 -0.715846
0.121313 3.052388 -0.711202
0.133959 3.025927 -0.711092
0.134007 3.035446 -0.702059
0.133700 3.040318 -0.698002
0.134721 3.026123 -0.704106
0.135433 3.016888 -0.706584
0.134188 3.026006 -0.695330
0.134550 3.016681 -0.697851
0.134853 3.007298 -0.700857
0.136180 3.007555 -0.709150
0.134908 2.997865 -0.704523
0.136252 2.998139 -0.711751
0.134696 2.991791 -0.707465
0.135199 2.990636 -0.713705
0.133673 2.985758 -0.714870
0.134979 2.991325 -0.721258
0.129925 2.987670 -0.724584
0.135307 2.997912 -0.721868
0.133075 2.994221 -0.726288
0.133405 3.000805 -0.725146
0.135403 3.007671 -0.718175
0.133079 3.007571 -0.723205
0.134423 3.017130 -0.715655
0.132482 3.014005 -0.721080
0.132056 3.020162 -0.718397
0.126729 3.007134 -0.725275
0.116345 3.006312 -0.726735
0.127947 2.997736 -0.727138
0.125555 2.990686 -0.727636
0.116720 2.996867 -0.728386
0.105893 2.996159 -0.729715
0.116572 2.987476 -0.728896
0.113056 2.981010 -0.728363
0.105110 2.986718 -0.730717
0.121275 2.983866 -0.727242
0.116556 2.977645 -0.724261
0.119008 2.974141 -0.715846
0.126098 2.981112 -0.722609
0.111704 2.972304 -0.720688
0.107146 2.974445 -0.725969
0.103578 2.971011 -0.723361
0.103466 2.977554 -0.729479
0.099272 2.972301 -0.727893
0.091797 2.970949 -0.728520
0.092689 2.967586 -0.723122
0.092815 2.965826 -0.714437
0.081037 2.965533 -0.722483
0.071960 2.967844 -0.720831
0.080769 2.964259 -0.713446
0.070736 2.966976 -0.711655
0.080603 2.966478 -0.703492
0.071695 2.968236 -0.702119
0.080557 2.969366 -0.696808
0.092785 2.967530 -0.704605
0.092740 2.970158 -0.698096
0.104830 2.970501 -0.705193
0.104819 2.969383 -0.715063
0.112900 2.971923 -0.708935
0.113031 2.971967 -0.715545
0.073397 2.969471 -0.696748
0.080503 2.973084 -0.691427
0.068059 2.974927 -0.691086
0.061065 2.977803 -0.691880
0.065510 2.972156 -0.700524
0.070926 2.978244 -0.685353
0.062746 2.979519 -0.685832
0.058959 2.982939 -0.687928
0.055806 2.983384 -0.696911
0.060688 2.985817 -0.682530
0.054510 2.992977 -0.685797
0.052138 2.992789 -0.694401
0.059237 2.993261 -0.678951
0.052998 3.002508 -0.683596
0.051350 3.002335 -0.692177
0.058341 3.001987 -0.674924
0.053376 3.012116 -0.681631
0.052485 3.011953 -0.690187
0.056361 3.012381 -0.673502
0.054693 3.021756 -0.679868
0.054239 3.021589 -0.688391
0.056685 3.022006 -0.671762
0.055858 3.031378 -0.678281
0.055564 3.031197 -0.686765
0.057246 3.031631 -0.670238
0.056095 3.040977 -0.676863
0.057206 3.041250 -0.668826
0.055219 3.050582 -0.675629
0.055740 3.040772 -0.685310
0.055459 3.040641 -0.694170
0.054711 3.050350 -0.684051
0.054355 3.050203 -0.692891
0.052910 3.059981 -0.683022
0.051473 3.066989 -0.682439
0.052438 3.059823 -0.691854
0.053637 3.060228 -0.674615
0.054661 3.060513 -0.666569
0.056251 3.050871 -0.667595
0.059690 3.051078 -0.660793
0.060415 3.041520 -0.662756
0.060703 3.031894 -0.664845
0.060338 3.022248 -0.666657
0.068537 3.022576 -0.663900
0.060302 3.012631 -0.668559
0.068108 3.012932 -0.666576
0.060988 3.004785 -0.670628
0.079916 3.022679 -0.662269
0.051228 3.065040 -0.691407
0.050206 3.069917 -0.691066
0.050544 3.071871 -0.682119
0.055502 3.031092 -0.695661
0.054436 3.021510 -0.697335
0.052756 3.011892 -0.699182
0.055032 3.011990 -0.708703
0.051582 3.002284 -0.701222
0.053978 3.002400 -0.710798
0.052313 2.992752 -0.703503
0.055866 2.983359 -0.706073
0.054684 2.992889 -0.713137
0.058882 2.982715 -0.716895
0.061084 2.977488 -0.715738
0.060259 2.976406 -0.708204
0.065005 2.974392 -0.719504
0.064365 2.971885 -0.709761
0.060262 2.976666 -0.698930
0.062139 2.998413 -0.672700
0.073886 2.969567 -0.726381
0.127889 2.979605 -0.715698
0.126600 2.979799 -0.705978
0.095991 2.986381 -0.732618
0.097056 2.995649 -0.731001
0.089258 2.986346 -0.733843
0.089843 2.995227 -0.731863
0.089248 3.003954 -0.729337
0.087981 3.010691 -0.727109
0.096098 3.004873 -0.728580
0.092387 3.014229 -0.725655
0.105585 3.005536 -0.727768
0.080316 3.012114 -0.726396
0.091961 3.111381 -0.653009
0.088835 3.116773 -0.655065
0.090985 3.103354 -0.650323
0.081023 3.103065 -0.649250
0.089816 3.097019 -0.648671
0.081626 3.097137 -0.647533
0.095685 3.095839 -0.650663
0.089837 3.090004 -0.648153
0.089931 3.081832 -0.648195
0.096824 3.089768 -0.650747
0.081461 3.090243 -0.646785
0.081279 3.081589 -0.646737
0.074246 3.089976 -0.647173
0.073772 3.081668 -0.646983
0.075359 3.095987 -0.647808
0.074349 3.075295 -0.647507
0.081129 3.072671 -0.647686
0.090115 3.073582 -0.648777
0.084219 3.066520 -0.649130
0.076878 3.068662 -0.648813
0.090826 3.066720 -0.649994
0.090976 3.060588 -0.652093
0.096385 3.067756 -0.651452
0.096928 3.073928 -0.650945
0.102839 3.072701 -0.654020
0.097065 3.081845 -0.650703
0.103512 3.081642 -0.653962
0.091252 3.051843 -0.654582
0.080938 3.116305 -0.654500
0.122048 3.086613 -0.673792
0.121865 3.018924 -0.673816
0.121020 3.012529 -0.675731
0.119567 3.005924 -0.677854
0.115965 2.996402 -0.680958
0.104475 2.992353 -0.678482
0.111654 2.999417 -0.676581
0.080928 3.134426 -0.675732
0.077198 3.135956 -0.678516
0.073522 3.135793 -0.678354
0.079428 3.137027 -0.684595
0.078678 3.137064 -0.692059
0.070367 3.109650 -0.710974
0.062353 3.116908 -0.706918
0.057417 3.119720 -0.691464
0.147617 2.985104 -0.696174
0.147645 2.984345 -0.699812
0.142960 2.988752 -0.690911
0.152434 2.985712 -0.694780
0.148219 2.990328 -0.687479
0.159297 2.988842 -0.691865
0.154348 2.984466 -0.699751
0.161709 2.986596 -0.698015
0.154968 2.984107 -0.703513
0.162906 2.985579 -0.702729
0.155272 2.983925 -0.707177
0.147038 2.984716 -0.702841
0.146732 2.985273 -0.705916
0.139691 2.989578 -0.698366
0.140528 2.988818 -0.694831
0.139571 2.990512 -0.702155
0.134991 2.996951 -0.693046
0.136225 2.996339 -0.688747
0.130907 3.005972 -0.687568
0.134729 2.997958 -0.697506
0.130481 3.006973 -0.692481
0.135096 2.999126 -0.702125
0.139925 2.991504 -0.706100
0.130767 3.008319 -0.697674
0.136104 3.000370 -0.706840
0.131750 3.009674 -0.702953
0.137800 3.001713 -0.711716
0.140819 2.992664 -0.710202
0.147322 2.986947 -0.712910
0.142449 2.994002 -0.714356
0.148812 2.988552 -0.716162
0.144901 2.995611 -0.718360
0.150562 2.990273 -0.719080
0.148444 2.997937 -0.721832
0.140244 3.003271 -0.716400
0.136228 3.012684 -0.713410
0.144245 3.005690 -0.720309
0.140674 3.015252 -0.717290
0.149970 3.009188 -0.722158
0.146490 3.018413 -0.718990
0.156643 3.013296 -0.722275
0.153685 3.001518 -0.724186
0.157224 2.995450 -0.723270
0.160153 3.005833 -0.724186
0.163030 2.999616 -0.724017
0.167176 3.010941 -0.722252
0.175054 3.016799 -0.719616
0.170072 3.004961 -0.722758
0.163682 3.017583 -0.720573
0.159992 3.025054 -0.717679
0.171509 3.022574 -0.718134
0.167882 3.029020 -0.715985
0.179724 3.029154 -0.715169
0.175708 3.034243 -0.713720
0.183442 3.024430 -0.716315
0.187955 3.038571 -0.711485
0.192013 3.034625 -0.712120
0.196546 3.050652 -0.707068
0.183733 3.042156 -0.710593
0.191239 3.053525 -0.706709
0.178928 3.045720 -0.709474
0.175847 3.049224 -0.708167
0.172325 3.039804 -0.711664
0.185283 3.056087 -0.706006
0.178345 3.057694 -0.705335
0.190627 3.069641 -0.702673
0.182077 3.070732 -0.701773
0.198417 3.068131 -0.703333
0.196752 3.085244 -0.700253
0.187446 3.085949 -0.698923
0.205505 3.084385 -0.701387
0.205201 3.103358 -0.699561
0.215255 3.121715 -0.700474
0.195731 3.103712 -0.697706
0.214101 3.102664 -0.701097
0.222189 3.101549 -0.701998
0.223636 3.120772 -0.701858
0.234431 3.137868 -0.703023
0.231671 3.119669 -0.702913
0.242531 3.136757 -0.703941
0.239087 3.118373 -0.703466
0.250168 3.135494 -0.704333
0.245870 3.116821 -0.703509
0.229515 3.100203 -0.702268
0.220804 3.081625 -0.702114
0.236038 3.098571 -0.702253
0.227000 3.079736 -0.701750
0.241454 3.096570 -0.701528
0.232495 3.077724 -0.701279
0.246582 3.094651 -0.700397
0.252142 3.114963 -0.703110
0.257734 3.113009 -0.702089
0.263889 3.132334 -0.703894
0.257369 3.134002 -0.704500
0.269604 3.130565 -0.702425
0.276019 3.147593 -0.703475
0.269093 3.149094 -0.704374
0.282140 3.146156 -0.701570
0.286241 3.161774 -0.700903
0.292216 3.160635 -0.698902
0.295201 3.175877 -0.698386
0.279393 3.162953 -0.702045
0.272149 3.164182 -0.702709
0.288689 3.176944 -0.699834
0.281579 3.177882 -0.700739
0.296559 3.190763 -0.697869
0.302909 3.189921 -0.696094
0.304410 3.206399 -0.696820
0.289713 3.191642 -0.698937
0.282658 3.192559 -0.699531
0.297766 3.207181 -0.697923
0.290937 3.207968 -0.698408
0.305379 3.224259 -0.698083
0.312159 3.223643 -0.697553
0.312351 3.242678 -0.698659
0.298740 3.224861 -0.698561
0.292027 3.225476 -0.698715
0.305777 3.243069 -0.699201
0.299193 3.243471 -0.699312
0.311975 3.262103 -0.699801
0.318625 3.261671 -0.699112
0.317782 3.281990 -0.699692
0.305544 3.262446 -0.699776
0.299177 3.262747 -0.699625
0.311287 3.282206 -0.700012
0.304953 3.282320 -0.699876
0.317014 3.302505 -0.699773
0.323548 3.302442 -0.699456
0.322668 3.322758 -0.699713
0.310614 3.302448 -0.699957
0.304404 3.302271 -0.699738
0.316269 3.322576 -0.699752
0.309872 3.322204 -0.699741
0.322127 3.341774 -0.699202
0.328877 3.341813 -0.698905
0.315646 3.341374 -0.699099
0.329120 3.359020 -0.698411
0.322137 3.358799 -0.698467
0.337119 3.375081 -0.697270
0.336218 3.358851 -0.697972
0.344188 3.374978 -0.696563
0.343361 3.358457 -0.697082
0.351335 3.374622 -0.695347
0.350602 3.357854 -0.695911
0.335986 3.341510 -0.698346
0.329499 3.322658 -0.698935
0.343228 3.340987 -0.697198
0.336594 3.322331 -0.697998
0.350824 3.340206 -0.695824
0.358050 3.339134 -0.693372
0.343843 3.321777 -0.696296
0.357756 3.356981 -0.693649
0.365320 3.373192 -0.690642
0.364598 3.355911 -0.690804
0.372265 3.372169 -0.687596
0.371104 3.354698 -0.687496
0.378381 3.370941 -0.683750
0.376420 3.353401 -0.683597
0.364330 3.337901 -0.689769
0.357804 3.319851 -0.691297
0.369275 3.336687 -0.685678
0.362803 3.318695 -0.687247
0.372805 3.335554 -0.681242
0.374712 3.334558 -0.676550
0.366232 3.317618 -0.682578
0.380128 3.352134 -0.679135
0.387233 3.368524 -0.674928
0.381662 3.351121 -0.674385
0.389081 3.367539 -0.670363
0.382045 3.350314 -0.669775
0.389516 3.366707 -0.665985
0.380544 3.349790 -0.665447
0.374739 3.333771 -0.671802
0.367790 3.315987 -0.672721
0.372611 3.333316 -0.667306
0.366099 3.315434 -0.667917
0.369348 3.333050 -0.663163
0.364580 3.333047 -0.659780
0.361995 3.315230 -0.663818
0.376992 3.349654 -0.661623
0.385302 3.365775 -0.658290
0.372574 3.349652 -0.658337
0.381028 3.365720 -0.655406
0.367005 3.349916 -0.655868
0.375195 3.365994 -0.653460
0.360723 3.350355 -0.654216
0.359064 3.333173 -0.657094
0.351203 3.315203 -0.657764
0.352906 3.333509 -0.655196
0.345056 3.315371 -0.655672
0.346599 3.333903 -0.653864
0.340010 3.334176 -0.653033
0.338694 3.315641 -0.654418
0.354203 3.350777 -0.653144
0.362062 3.366957 -0.651547
0.347415 3.351132 -0.652350
0.355196 3.367334 -0.651139
0.340690 3.351425 -0.651934
0.333469 3.334301 -0.652385
0.348340 3.367670 -0.650948
0.334026 3.351634 -0.651708
0.341480 3.367990 -0.651141
0.327345 3.351820 -0.651862
0.326935 3.334394 -0.652034
0.319816 3.316148 -0.652478
0.320252 3.334461 -0.652023
0.313715 3.334491 -0.652300
0.313379 3.316184 -0.652387
0.306471 3.296953 -0.653418
0.306914 3.316117 -0.652652
0.300185 3.296950 -0.653567
0.300435 3.316055 -0.653154
0.293817 3.296957 -0.654143
0.307247 3.334553 -0.652795
0.294079 3.315996 -0.654005
0.287537 3.296953 -0.654950
0.300789 3.334614 -0.653543
0.287691 3.315884 -0.655148
0.281270 3.296968 -0.656192
0.294327 3.334597 -0.654664
0.281382 3.315799 -0.656935
0.274966 3.296966 -0.657745
0.287965 3.334574 -0.656246
0.275327 3.315769 -0.659199
0.268949 3.297047 -0.660073
0.281819 3.334569 -0.658386
0.269916 3.315819 -0.662198
0.263272 3.297119 -0.662806
0.276293 3.334602 -0.661148
0.265730 3.315893 -0.665876
0.258653 3.297217 -0.666346
0.271828 3.334642 -0.664815
0.262947 3.316078 -0.670038
0.255622 3.297453 -0.670747
0.268872 3.334750 -0.669006
0.261995 3.316329 -0.674458
0.254341 3.297733 -0.675406
0.267660 3.335026 -0.673566
0.262355 3.316682 -0.678810
0.254949 3.298090 -0.680014
0.268091 3.335389 -0.677977
0.263870 3.317109 -0.682943
0.269695 3.335809 -0.682102
0.266936 3.317632 -0.686520
0.257665 3.298544 -0.683980
0.261252 3.299005 -0.687413
0.252951 3.280398 -0.683936
0.250783 3.280069 -0.680031
0.256338 3.280710 -0.687311
0.246585 3.262786 -0.684088
0.244034 3.262571 -0.680344
0.250087 3.262905 -0.687222
0.239621 3.246130 -0.683865
0.242974 3.246116 -0.687070
0.237396 3.246055 -0.680172
0.232446 3.230780 -0.683244
0.230505 3.230875 -0.679677
0.224116 3.217422 -0.682711
0.235526 3.230599 -0.686504
0.239512 3.230314 -0.689363
0.227192 3.216968 -0.685918
0.230966 3.216361 -0.688894
0.217688 3.204113 -0.685233
0.214653 3.204637 -0.681992
0.207708 3.191202 -0.683950
0.221563 3.203327 -0.688102
0.225996 3.202388 -0.690828
0.211404 3.190400 -0.687153
0.216045 3.189358 -0.689940
0.201395 3.177305 -0.685684
0.197683 3.178079 -0.682190
0.190329 3.163025 -0.683742
0.205975 3.176239 -0.688708
0.211020 3.174985 -0.691569
0.194543 3.162008 -0.687116
0.199469 3.160727 -0.690162
0.182355 3.147813 -0.685928
0.178304 3.149013 -0.682333
0.168086 3.133264 -0.685346
0.187172 3.146350 -0.689080
0.192668 3.144753 -0.691750
0.172882 3.131426 -0.688179
0.178291 3.129077 -0.690844
0.153151 3.112757 -0.687940
0.147500 3.114789 -0.684652
0.142665 3.090703 -0.690852
0.159999 3.110436 -0.690780
0.150294 3.090586 -0.693016
0.167985 3.107789 -0.693012
0.184375 3.127133 -0.692990
0.158775 3.089696 -0.694946
0.177120 3.105927 -0.694572
0.167910 3.088450 -0.696393
0.186206 3.104427 -0.695955
0.191603 3.125263 -0.695191
0.204993 3.141851 -0.696406
0.199129 3.123664 -0.697044
0.211724 3.140716 -0.698449
0.206928 3.122583 -0.698789
0.218797 3.139740 -0.700171
0.226425 3.138823 -0.701760
0.230617 3.154885 -0.700778
0.223686 3.155880 -0.699064
0.237939 3.153944 -0.702274
0.241977 3.168552 -0.700667
0.235017 3.169633 -0.699385
0.249233 3.167457 -0.701726
0.252262 3.181823 -0.700082
0.245591 3.182975 -0.699149
0.261927 3.195511 -0.699236
0.259493 3.180787 -0.700718
0.268645 3.194494 -0.699606
0.266767 3.179794 -0.701139
0.256859 3.166383 -0.702401
0.275640 3.193512 -0.699670
0.274233 3.178824 -0.701198
0.264567 3.165321 -0.702839
0.253780 3.151772 -0.704056
0.261609 3.150491 -0.704456
0.245812 3.152917 -0.703434
0.284120 3.208754 -0.698730
0.277424 3.209541 -0.698665
0.285527 3.226071 -0.698659
0.270967 3.210346 -0.698379
0.264551 3.211191 -0.697932
0.279190 3.226652 -0.698372
0.286589 3.244246 -0.698808
0.272937 3.227244 -0.697933
0.266777 3.227823 -0.697324
0.280457 3.244580 -0.698266
0.274403 3.244895 -0.697589
0.286897 3.263033 -0.698687
0.292963 3.262942 -0.699279
0.292654 3.282295 -0.698981
0.280966 3.263084 -0.697899
0.275178 3.263113 -0.696946
0.286751 3.282178 -0.698232
0.281004 3.282012 -0.697260
0.292317 3.301673 -0.698659
0.298264 3.302011 -0.699350
0.297502 3.321087 -0.698581
0.286421 3.301278 -0.697725
0.280722 3.300826 -0.696497
0.291485 3.320481 -0.697541
0.285801 3.319889 -0.696125
0.297075 3.339446 -0.696896
0.302887 3.340075 -0.698026
0.291642 3.338868 -0.695414
0.303818 3.357454 -0.696236
0.298270 3.356859 -0.694693
0.311453 3.374380 -0.695262
0.309476 3.357862 -0.697406
0.317419 3.374762 -0.696400
0.315564 3.358291 -0.698158
0.323446 3.375006 -0.697181
0.309248 3.340780 -0.698726
0.303630 3.321672 -0.699230
0.332010 3.391143 -0.695509
0.330008 3.375090 -0.697520
0.338669 3.391137 -0.695518
0.347105 3.407293 -0.693348
0.345315 3.391137 -0.695249
0.353801 3.407125 -0.692679
0.352348 3.390965 -0.694161
0.360784 3.406781 -0.691665
0.359475 3.390601 -0.692677
0.367832 3.406260 -0.689723
0.366516 3.389988 -0.690042
0.358352 3.374018 -0.693412
0.375062 3.405591 -0.687260
0.373612 3.389206 -0.687229
0.382110 3.404737 -0.683827
0.380338 3.388250 -0.683241
0.389020 3.403730 -0.679721
0.386772 3.387193 -0.678900
0.395329 3.402589 -0.675138
0.392328 3.386050 -0.674310
0.383442 3.369695 -0.679452
0.400022 3.401359 -0.670115
0.396519 3.384908 -0.669565
0.403328 3.400171 -0.665402
0.398967 3.383851 -0.664902
0.405297 3.399105 -0.661181
0.399380 3.382992 -0.660483
0.397793 3.382346 -0.656522
0.405488 3.398301 -0.657266
0.416206 3.411835 -0.657551
0.404378 3.397686 -0.653737
0.414438 3.411374 -0.653726
0.401368 3.397375 -0.650751
0.396813 3.397342 -0.648572
0.394307 3.382030 -0.653397
0.410875 3.411223 -0.650295
0.421759 3.425182 -0.650938
0.405958 3.411463 -0.647796
0.416572 3.425290 -0.647685
0.400202 3.411884 -0.646134
0.391192 3.397535 -0.647380
0.410440 3.425641 -0.645337
0.393866 3.412436 -0.645288
0.403391 3.426290 -0.644037
0.387276 3.412965 -0.645075
0.384888 3.397846 -0.646972
0.376953 3.382329 -0.649515
0.378496 3.398182 -0.646996
0.372017 3.398559 -0.647220
0.370066 3.382589 -0.649378
0.363310 3.382892 -0.649403
0.356460 3.383279 -0.649733
0.365349 3.398956 -0.647749
0.349692 3.383670 -0.650082
0.358587 3.399341 -0.648481
0.342938 3.384082 -0.650753
0.351840 3.399685 -0.649274
0.336272 3.384351 -0.651512
0.334749 3.368229 -0.651430
0.328156 3.368437 -0.652095
0.320767 3.351952 -0.652176
0.321494 3.368568 -0.652832
0.329763 3.384561 -0.652600
0.314260 3.352061 -0.652784
0.315026 3.368680 -0.653948
0.323414 3.384739 -0.653694
0.307725 3.352145 -0.653705
0.308743 3.368772 -0.655221
0.302707 3.368955 -0.656894
0.317187 3.384831 -0.655206
0.301298 3.352225 -0.655034
0.294993 3.352256 -0.656578
0.289167 3.352344 -0.658598
0.297191 3.369059 -0.658903
0.283767 3.352400 -0.660980
0.292283 3.369113 -0.661487
0.279265 3.352462 -0.664265
0.288159 3.369243 -0.664483
0.275745 3.352550 -0.668249
0.284946 3.369322 -0.667967
0.274136 3.352832 -0.672731
0.283737 3.369692 -0.671925
0.274565 3.353243 -0.677144
0.283275 3.370127 -0.675945
0.276528 3.353711 -0.681160
0.284731 3.370770 -0.679878
0.279415 3.354253 -0.684734
0.287261 3.371377 -0.683611
0.283249 3.354857 -0.687948
0.272585 3.336313 -0.685822
0.276699 3.336912 -0.688859
0.281372 3.337607 -0.691461
0.270895 3.318164 -0.689652
0.275535 3.318717 -0.692248
0.265358 3.299438 -0.690398
0.260440 3.281013 -0.690115
0.270112 3.299857 -0.692841
0.275311 3.300328 -0.694825
0.265139 3.281304 -0.692460
0.259102 3.263049 -0.692244
0.270143 3.281569 -0.694468
0.264212 3.263081 -0.694136
0.275477 3.281809 -0.696032
0.269597 3.263112 -0.695683
0.262783 3.245461 -0.695579
0.268514 3.245190 -0.696687
0.255120 3.228932 -0.695224
0.257308 3.245694 -0.694009
0.252103 3.245877 -0.692039
0.249477 3.229492 -0.693739
0.244265 3.229952 -0.691743
0.240760 3.214742 -0.693368
0.235655 3.215567 -0.691197
0.246347 3.213819 -0.695101
0.231175 3.201269 -0.693115
0.221161 3.188176 -0.692614
0.236802 3.200020 -0.695051
0.226879 3.186807 -0.694811
0.242778 3.198764 -0.696546
0.248955 3.197632 -0.697666
0.252261 3.212871 -0.696314
0.232902 3.185398 -0.696534
0.239103 3.184141 -0.697997
0.222275 3.172076 -0.696100
0.216525 3.173545 -0.693942
0.210764 3.158094 -0.695204
0.228502 3.170726 -0.697750
0.217097 3.156938 -0.697314
0.204896 3.159384 -0.692843
0.198531 3.143291 -0.694126
0.260855 3.228368 -0.696457
0.258261 3.212030 -0.697227
0.255385 3.196574 -0.698577
0.247244 3.246031 -0.689825
0.254442 3.262980 -0.689881
0.280482 3.319293 -0.694315
0.286336 3.338272 -0.693649
0.292934 3.356183 -0.692859
0.300318 3.373292 -0.691942
0.287856 3.355496 -0.690546
0.295245 3.372651 -0.689804
0.290758 3.371996 -0.687019
0.302707 3.389015 -0.688937
0.310142 3.404988 -0.687762
0.308019 3.389773 -0.691074
0.298065 3.388216 -0.686278
0.305529 3.404175 -0.685138
0.294363 3.387442 -0.683035
0.301904 3.403394 -0.681916
0.291777 3.386714 -0.679272
0.299560 3.402650 -0.678180
0.290404 3.386099 -0.675301
0.290525 3.385533 -0.671177
0.298307 3.401950 -0.674213
0.298861 3.401397 -0.670150
0.305579 3.418657 -0.672391
0.305957 3.417831 -0.668208
0.311838 3.435849 -0.669610
0.306618 3.419457 -0.676448
0.313160 3.436888 -0.673812
0.308898 3.420357 -0.680312
0.316116 3.437897 -0.677467
0.312754 3.421226 -0.683554
0.320304 3.438770 -0.680517
0.317573 3.422026 -0.686162
0.323056 3.422755 -0.688233
0.325156 3.439494 -0.683147
0.331796 3.455872 -0.679552
0.330557 3.440076 -0.685314
0.337310 3.456458 -0.681669
0.336520 3.440496 -0.687023
0.343271 3.456876 -0.683457
0.342726 3.440710 -0.688204
0.329168 3.423318 -0.689682
0.335452 3.423657 -0.690684
0.321511 3.406493 -0.691309
0.315627 3.405828 -0.689860
0.313625 3.390322 -0.692634
0.327661 3.406923 -0.692400
0.333958 3.407187 -0.693149
0.319501 3.390733 -0.693954
0.325671 3.391002 -0.694860
0.341854 3.423837 -0.691274
0.340491 3.407293 -0.693444
0.348449 3.423872 -0.691557
0.355939 3.440583 -0.689347
0.355160 3.423726 -0.691387
0.362862 3.440241 -0.689244
0.362148 3.423358 -0.690749
0.370014 3.439745 -0.688901
0.369204 3.422802 -0.689579
0.377353 3.439024 -0.687958
0.376352 3.422066 -0.687851
0.384893 3.438054 -0.686526
0.383663 3.421132 -0.685407
0.392545 3.436863 -0.684653
0.391145 3.419984 -0.682422
0.400234 3.435473 -0.681911
0.398217 3.418570 -0.678572
0.407802 3.433870 -0.678818
0.404262 3.417058 -0.673990
0.414740 3.432104 -0.675417
0.409749 3.415455 -0.669852
0.420891 3.430227 -0.672126
0.413560 3.414021 -0.665729
0.424847 3.428591 -0.667988
0.416114 3.412684 -0.661682
0.426790 3.427183 -0.663522
0.435207 3.441726 -0.664205
0.427623 3.425990 -0.659209
0.435680 3.440445 -0.659898
0.425883 3.425343 -0.654867
0.434212 3.439494 -0.655463
0.443108 3.453365 -0.654534
0.431237 3.438876 -0.651239
0.439240 3.452868 -0.650357
0.426270 3.438721 -0.647481
0.433845 3.452747 -0.646723
0.419588 3.439134 -0.644830
0.427377 3.452931 -0.643788
0.412133 3.439776 -0.642991
0.420397 3.453199 -0.641384
0.404586 3.440454 -0.641784
0.412604 3.453841 -0.639723
0.397046 3.441156 -0.641157
0.396068 3.426980 -0.643528
0.388850 3.427598 -0.643412
0.380473 3.413470 -0.645343
0.381665 3.428232 -0.643783
0.389549 3.441829 -0.640924
0.373638 3.413958 -0.645981
0.374579 3.428780 -0.644317
0.382144 3.442530 -0.641165
0.366804 3.414389 -0.646732
0.367592 3.429326 -0.645120
0.360712 3.429832 -0.646087
0.374870 3.443213 -0.641746
0.360006 3.414785 -0.647634
0.353267 3.415112 -0.648601
0.345085 3.399982 -0.650164
0.346610 3.415389 -0.649626
0.353978 3.430305 -0.647219
0.340074 3.415638 -0.650878
0.338591 3.400218 -0.651295
0.332076 3.400372 -0.652591
0.325689 3.400453 -0.654085
0.319648 3.400508 -0.655879
0.333738 3.415868 -0.652357
0.341060 3.431182 -0.649885
0.327613 3.416052 -0.653982
0.334907 3.431602 -0.651471
0.321802 3.416245 -0.655957
0.313904 3.400535 -0.657858
0.328963 3.432073 -0.653419
0.316265 3.416409 -0.658117
0.323453 3.432537 -0.655554
0.311501 3.416701 -0.660840
0.308647 3.400582 -0.660200
0.300139 3.384830 -0.660773
0.304239 3.400730 -0.663054
0.300742 3.400980 -0.666399
0.295602 3.384931 -0.663694
0.292186 3.385144 -0.667197
0.307949 3.417172 -0.664278
0.315053 3.433871 -0.661598
0.318664 3.433135 -0.658288
0.321730 3.449498 -0.658355
0.312626 3.434754 -0.665444
0.319572 3.450510 -0.662103
0.325679 3.465115 -0.658093
0.319258 3.451645 -0.666049
0.325044 3.466446 -0.662132
0.320572 3.452899 -0.670012
0.323040 3.454034 -0.673704
0.326352 3.467824 -0.666194
0.332368 3.482973 -0.662187
0.328860 3.469209 -0.670095
0.335471 3.484443 -0.665974
0.332846 3.470401 -0.673349
0.339895 3.485639 -0.669090
0.337980 3.471395 -0.675917
0.326898 3.455058 -0.676964
0.345147 3.486604 -0.671755
0.343793 3.472136 -0.678044
0.350935 3.487375 -0.674130
0.349988 3.472618 -0.679839
0.357083 3.487908 -0.676160
0.356518 3.472825 -0.681258
0.363631 3.488147 -0.677692
0.363236 3.472787 -0.682367
0.349626 3.457100 -0.684818
0.356235 3.457120 -0.685857
0.363174 3.456935 -0.686496
0.349256 3.440731 -0.688939
0.370251 3.472562 -0.683128
0.370236 3.456494 -0.686763
0.377539 3.472129 -0.683532
0.377503 3.455809 -0.686634
0.385032 3.471401 -0.683566
0.385138 3.454927 -0.686223
0.392673 3.470394 -0.683155
0.393033 3.453776 -0.685196
0.400700 3.469114 -0.682289
0.401060 3.452357 -0.683356
0.408894 3.467565 -0.680964
0.409034 3.450722 -0.681167
0.417160 3.465828 -0.679478
0.416623 3.448931 -0.678640
0.424864 3.463833 -0.677387
0.423535 3.447014 -0.675738
0.431564 3.461699 -0.674561
0.428789 3.445138 -0.672167
0.437250 3.459601 -0.671306
0.432732 3.443349 -0.668304
0.441566 3.457620 -0.667647
0.448985 3.471848 -0.666050
0.444566 3.455786 -0.663658
0.445263 3.454268 -0.659114
0.451268 3.470008 -0.661690
0.456651 3.484497 -0.658899
0.451821 3.468439 -0.657059
0.456834 3.482921 -0.654176
0.450105 3.467353 -0.652511
0.455239 3.481761 -0.649485
0.445561 3.466938 -0.648452
0.451090 3.481171 -0.645265
0.440058 3.466796 -0.644842
0.445451 3.481043 -0.641761
0.433858 3.466812 -0.641692
0.438972 3.481199 -0.638867
0.426651 3.467098 -0.639332
0.432077 3.481545 -0.636526
0.419313 3.467552 -0.637626
0.425077 3.482033 -0.634703
0.411776 3.468132 -0.636233
0.417905 3.482500 -0.633134
0.404130 3.468794 -0.635201
0.404843 3.454527 -0.638634
0.397120 3.455208 -0.637939
0.389442 3.455957 -0.637792
0.396532 3.469475 -0.634488
0.381931 3.456568 -0.637727
0.388925 3.470156 -0.634137
0.374476 3.457312 -0.638328
0.367746 3.443891 -0.642597
0.367162 3.457961 -0.639082
0.381246 3.470855 -0.634177
0.388274 3.485013 -0.630382
0.373782 3.471604 -0.634724
0.380920 3.485907 -0.630701
0.366485 3.472346 -0.635608
0.373562 3.486722 -0.631152
0.359356 3.473037 -0.636920
0.360108 3.458662 -0.640247
0.354069 3.445151 -0.644892
0.353355 3.459375 -0.641736
0.347547 3.445765 -0.646368
0.346891 3.460149 -0.643643
0.341310 3.446372 -0.648042
0.340880 3.460815 -0.645631
0.352392 3.473712 -0.638471
0.359627 3.488769 -0.633933
0.346167 3.474632 -0.640647
0.353308 3.490021 -0.636126
0.340964 3.475748 -0.643555
0.347875 3.491369 -0.638838
0.335395 3.461605 -0.648087
0.336660 3.476991 -0.646546
0.333511 3.478468 -0.650027
0.344020 3.492839 -0.642106
0.330678 3.462519 -0.650895
0.325142 3.448563 -0.654983
0.327344 3.463748 -0.654271
0.329813 3.447749 -0.652075
0.335314 3.447031 -0.649902
0.352140 3.508795 -0.638245
0.340708 3.494379 -0.645669
0.349447 3.510469 -0.641938
0.339484 3.495960 -0.649673
0.347783 3.512108 -0.645827
0.339540 3.497526 -0.653676
0.331600 3.479942 -0.653845
0.331476 3.481441 -0.657997
0.348413 3.513586 -0.649830
0.341518 3.499012 -0.657564
0.349630 3.515109 -0.653883
0.344324 3.500342 -0.661241
0.352436 3.516479 -0.657664
0.348377 3.501454 -0.664532
0.356600 3.517548 -0.660944
0.353280 3.502311 -0.667378
0.361677 3.518295 -0.663798
0.358916 3.502924 -0.669789
0.365004 3.503345 -0.671848
0.367186 3.518816 -0.666338
0.373123 3.519181 -0.668516
0.375946 3.535064 -0.663626
0.385129 3.551214 -0.660907
0.381943 3.535277 -0.665730
0.370246 3.534607 -0.661153
0.365213 3.533849 -0.658089
0.379439 3.550931 -0.658448
0.389635 3.566797 -0.654571
0.374529 3.550261 -0.655307
0.370666 3.549178 -0.651558
0.384396 3.566378 -0.651822
0.380035 3.565516 -0.648295
0.395091 3.582245 -0.647405
0.405428 3.597712 -0.642227
0.391165 3.581323 -0.643836
0.399768 3.582801 -0.650480
0.405348 3.582793 -0.652804
0.410353 3.598075 -0.644955
0.420989 3.612551 -0.638355
0.415844 3.598092 -0.647200
0.426020 3.612719 -0.640798
0.421456 3.597918 -0.649074
0.411292 3.582528 -0.654607
0.427416 3.597511 -0.650610
0.431581 3.612520 -0.642736
0.441758 3.626628 -0.635926
0.437391 3.612080 -0.644331
0.443419 3.611444 -0.645620
0.447600 3.626131 -0.637534
0.453619 3.625418 -0.638777
0.457742 3.639422 -0.630569
0.467561 3.652429 -0.623595
0.451921 3.639867 -0.628927
0.463671 3.638857 -0.632059
0.473433 3.651937 -0.625055
0.469837 3.637984 -0.633087
0.479527 3.651236 -0.626134
0.476090 3.637002 -0.633850
0.459804 3.624552 -0.639779
0.466082 3.623380 -0.640274
0.449661 3.610589 -0.646527
0.455999 3.609500 -0.647028
0.439843 3.596159 -0.652757
0.433569 3.596930 -0.651865
0.430170 3.580818 -0.658134
0.446234 3.595184 -0.653313
0.436719 3.579932 -0.658684
0.452678 3.594009 -0.653529
0.462361 3.608211 -0.647050
0.459207 3.592676 -0.653298
0.443448 3.578993 -0.658992
0.434811 3.563423 -0.663706
0.450463 3.577835 -0.658821
0.457596 3.576454 -0.658299
0.442070 3.562317 -0.663725
0.432925 3.546891 -0.667392
0.449548 3.560946 -0.663211
0.457111 3.559349 -0.662156
0.440282 3.545529 -0.667029
0.447620 3.543892 -0.666069
0.431033 3.530250 -0.670915
0.423629 3.531636 -0.671260
0.422255 3.514680 -0.673901
0.438355 3.528625 -0.670064
0.429832 3.513124 -0.673377
0.445518 3.526724 -0.668503
0.452356 3.524680 -0.666539
0.455055 3.542112 -0.664892
0.437317 3.511178 -0.672004
0.444502 3.509057 -0.670183
0.429965 3.495773 -0.674708
0.422498 3.497705 -0.676377
0.424116 3.480430 -0.677536
0.437719 3.493542 -0.673083
0.431859 3.478332 -0.675567
0.444832 3.491186 -0.670799
0.450653 3.488766 -0.667562
0.451029 3.506733 -0.667604
0.438703 3.476129 -0.672923
0.444688 3.473923 -0.669888
0.458582 3.522432 -0.663875
0.456109 3.504289 -0.664057
0.464024 3.520027 -0.660559
0.459446 3.501962 -0.659903
0.468019 3.517639 -0.656697
0.461279 3.499940 -0.655427
0.454659 3.486468 -0.663459
0.470353 3.515402 -0.652247
0.461665 3.498163 -0.650927
0.470512 3.513446 -0.647589
0.460036 3.496891 -0.646421
0.468403 3.512043 -0.643025
0.456405 3.496144 -0.642246
0.464824 3.511003 -0.638748
0.451391 3.495859 -0.638615
0.459726 3.510534 -0.635137
0.445202 3.496019 -0.635658
0.453614 3.510709 -0.632356
0.438831 3.496364 -0.633314
0.447210 3.511157 -0.630183
0.431938 3.496868 -0.631415
0.440555 3.511569 -0.628285
0.424768 3.497444 -0.629894
0.433683 3.512147 -0.626750
0.417663 3.498061 -0.628745
0.410671 3.483045 -0.631961
0.426838 3.512829 -0.625412
0.410642 3.498703 -0.627852
0.403269 3.483692 -0.631135
0.419870 3.513548 -0.624406
0.403360 3.499458 -0.627295
0.395733 3.484374 -0.630711
0.412766 3.514404 -0.623827
0.396293 3.500279 -0.627113
0.405711 3.515355 -0.623542
0.389163 3.501166 -0.627293
0.398615 3.516420 -0.623731
0.382035 3.502172 -0.627946
0.391579 3.517570 -0.624307
0.375070 3.503245 -0.628945
0.366258 3.487620 -0.632170
0.384672 3.518851 -0.625417
0.368237 3.504392 -0.630342
0.377998 3.520283 -0.627129
0.361961 3.505744 -0.632467
0.356370 3.507199 -0.635044
0.371529 3.521678 -0.628981
0.381561 3.537454 -0.625188
0.365705 3.523180 -0.631456
0.376200 3.539259 -0.628056
0.360966 3.524788 -0.634565
0.371933 3.541021 -0.631422
0.357911 3.526546 -0.638308
0.368602 3.542816 -0.635057
0.356585 3.528298 -0.642354
0.366699 3.544625 -0.639116
0.356526 3.529955 -0.646573
0.366543 3.546329 -0.643354
0.357531 3.531482 -0.650778
0.368014 3.547847 -0.647531
0.360880 3.532820 -0.654633
0.377586 3.564173 -0.644161
0.376346 3.562578 -0.639816
0.388403 3.580038 -0.639873
0.387008 3.578416 -0.635638
0.399473 3.595244 -0.634740
0.398351 3.593457 -0.630676
0.409939 3.610022 -0.628724
0.401916 3.596649 -0.638621
0.412786 3.611256 -0.632310
0.416374 3.612163 -0.635575
0.423479 3.625173 -0.625534
0.421224 3.623715 -0.622048
0.434001 3.638035 -0.618726
0.426918 3.626168 -0.628743
0.437309 3.639069 -0.621773
0.431261 3.626682 -0.631505
0.441471 3.639773 -0.624524
0.436303 3.626788 -0.633853
0.446555 3.639948 -0.626863
0.456706 3.652585 -0.619701
0.451882 3.652265 -0.617430
0.466452 3.665033 -0.612291
0.462024 3.652582 -0.621709
0.471644 3.665245 -0.614277
0.477107 3.665212 -0.615971
0.480860 3.678447 -0.605929
0.475864 3.677919 -0.603970
0.489731 3.692377 -0.596813
0.486210 3.678583 -0.607440
0.494816 3.692878 -0.598468
0.491623 3.678595 -0.608785
0.500079 3.692979 -0.599590
0.497114 3.678415 -0.609766
0.482830 3.664967 -0.617382
0.488659 3.664535 -0.618421
0.494502 3.663976 -0.619165
0.500490 3.663310 -0.619642
0.485622 3.650481 -0.626880
0.502698 3.678215 -0.610596
0.510488 3.692913 -0.601344
0.508233 3.677677 -0.610902
0.515839 3.692576 -0.601758
0.513842 3.677019 -0.611039
0.506451 3.662453 -0.619710
0.521048 3.692167 -0.602091
0.519279 3.676155 -0.610818
0.526098 3.691363 -0.601880
0.524577 3.675051 -0.610221
0.512356 3.661445 -0.619508
0.504238 3.647243 -0.627391
0.518043 3.660117 -0.618744
0.510252 3.645668 -0.626619
0.523496 3.658638 -0.617598
0.528464 3.656964 -0.615917
0.516104 3.643854 -0.625374
0.529375 3.673711 -0.609188
0.535350 3.689046 -0.600356
0.533883 3.672138 -0.607740
0.537579 3.670228 -0.605633
0.539318 3.687442 -0.598853
0.546231 3.703579 -0.590177
0.542563 3.685631 -0.597026
0.549599 3.701809 -0.588520
0.545101 3.683545 -0.594719
0.552509 3.699746 -0.586526
0.546739 3.681353 -0.592177
0.540651 3.668169 -0.603218
0.536235 3.652859 -0.611345
0.542313 3.665885 -0.600331
0.543369 3.663623 -0.597395
0.538300 3.650396 -0.608321
0.532665 3.634928 -0.615847
0.539748 3.647992 -0.605131
0.535043 3.632338 -0.612505
0.539754 3.645682 -0.601823
0.535517 3.629869 -0.608979
0.543575 3.661323 -0.594290
0.539196 3.643477 -0.598438
0.533852 3.627750 -0.605286
0.542698 3.659105 -0.591147
0.536747 3.641615 -0.595294
0.530858 3.626141 -0.602092
0.540434 3.657123 -0.588133
0.532859 3.640134 -0.592527
0.526899 3.624835 -0.599070
0.537313 3.655376 -0.585372
0.528411 3.638926 -0.590064
0.522092 3.624078 -0.596714
0.533125 3.654097 -0.583049
0.523284 3.638059 -0.588120
0.516995 3.623385 -0.594474
0.528416 3.653117 -0.581088
0.517879 3.637448 -0.586376
0.511158 3.623222 -0.592825
0.523538 3.652358 -0.579396
0.512194 3.637341 -0.585232
0.505297 3.623213 -0.591364
0.518174 3.651942 -0.578075
0.506195 3.637222 -0.584097
0.499165 3.623521 -0.590327
0.512719 3.651807 -0.577007
0.500429 3.637711 -0.583464
0.492751 3.624184 -0.589574
0.507435 3.651948 -0.576175
0.494570 3.638449 -0.582845
0.486635 3.625239 -0.589271
0.501691 3.652350 -0.575568
0.488801 3.639392 -0.582605
0.480647 3.626416 -0.589220
0.482940 3.640496 -0.582636
0.496094 3.652836 -0.575125
0.503470 3.667230 -0.566823
0.490566 3.653732 -0.575176
0.498174 3.667883 -0.566658
0.485191 3.654869 -0.575449
0.492984 3.668752 -0.566797
0.480052 3.656274 -0.576041
0.477350 3.641727 -0.582858
0.468861 3.629220 -0.589648
0.471929 3.643316 -0.583446
0.463128 3.631048 -0.590138
0.466847 3.645174 -0.584526
0.475079 3.657897 -0.577003
0.457868 3.633133 -0.591139
0.462192 3.647262 -0.585925
0.470695 3.659722 -0.578321
0.452951 3.635454 -0.592603
0.458086 3.649533 -0.587606
0.448529 3.637742 -0.594252
0.454733 3.651924 -0.589744
0.466902 3.661808 -0.580134
0.474525 3.674856 -0.571182
0.463871 3.664052 -0.582271
0.471859 3.677090 -0.573535
0.461603 3.666393 -0.584780
0.451846 3.654390 -0.592171
0.469860 3.679390 -0.576100
0.460452 3.668720 -0.587581
0.468909 3.681737 -0.578918
0.460448 3.670931 -0.590535
0.450789 3.656744 -0.595139
0.441102 3.644865 -0.602076
0.451000 3.658891 -0.598274
0.441161 3.647000 -0.605357
0.452000 3.660892 -0.601478
0.461724 3.672927 -0.593576
0.454340 3.662445 -0.604536
0.442239 3.648855 -0.608619
0.444451 3.650394 -0.611819
0.431205 3.636735 -0.615490
0.429980 3.634869 -0.612009
0.420398 3.621832 -0.618433
0.429835 3.632713 -0.608437
0.431160 3.630298 -0.605003
0.420514 3.619740 -0.614885
0.421941 3.617436 -0.611515
0.408770 3.606133 -0.620947
0.410500 3.603740 -0.617252
0.398718 3.591387 -0.626631
0.408270 3.608347 -0.624874
0.400410 3.589149 -0.622788
0.387217 3.576421 -0.631352
0.376311 3.560759 -0.635487
0.389285 3.574234 -0.627349
0.392897 3.571970 -0.623771
0.378246 3.558752 -0.631278
0.381417 3.556710 -0.627352
0.386212 3.554655 -0.624039
0.392270 3.552779 -0.621701
0.397714 3.569793 -0.620860
0.403466 3.567740 -0.618644
0.408406 3.584451 -0.616653
0.413980 3.582254 -0.614658
0.418494 3.598799 -0.611614
0.403645 3.586721 -0.619253
0.414095 3.601216 -0.614183
0.424627 3.615040 -0.608505
0.428207 3.612538 -0.605776
0.434458 3.627929 -0.602544
0.438597 3.625528 -0.600415
0.444884 3.640162 -0.596446
0.442310 3.642584 -0.599092
0.443136 3.623177 -0.598554
0.448254 3.620889 -0.597033
0.433258 3.610161 -0.603971
0.438835 3.607917 -0.602611
0.423744 3.596475 -0.609614
0.429424 3.594310 -0.608094
0.435304 3.592319 -0.606973
0.419889 3.580205 -0.613134
0.425932 3.578327 -0.611862
0.409549 3.565784 -0.616839
0.398899 3.551123 -0.620124
0.415905 3.563938 -0.615481
0.422170 3.562321 -0.614649
0.405532 3.549420 -0.618652
0.412297 3.547858 -0.617781
0.394945 3.534358 -0.621832
0.402004 3.532923 -0.620878
0.388107 3.535858 -0.623248
0.409015 3.531627 -0.620469
0.416021 3.530367 -0.620341
0.419167 3.546390 -0.617283
0.428772 3.560829 -0.614214
0.425959 3.545088 -0.617163
0.435344 3.559440 -0.613919
0.432731 3.543902 -0.617293
0.439381 3.542901 -0.617808
0.422937 3.529278 -0.620666
0.441968 3.558185 -0.613964
0.448536 3.557067 -0.614339
0.451014 3.572299 -0.610434
0.444603 3.573524 -0.610257
0.460095 3.585866 -0.605842
0.457468 3.571080 -0.610675
0.463849 3.570055 -0.611298
0.466466 3.584607 -0.606189
0.472788 3.583491 -0.606794
0.475551 3.598009 -0.601177
0.469282 3.599223 -0.600768
0.481864 3.596885 -0.601712
0.484432 3.611207 -0.595580
0.490846 3.610332 -0.596348
0.478250 3.612337 -0.595242
0.472114 3.613633 -0.595093
0.465988 3.615080 -0.595125
0.463043 3.600642 -0.600624
0.453757 3.587232 -0.605742
0.456916 3.602166 -0.600622
0.447526 3.588719 -0.605804
0.450676 3.603883 -0.600887
0.459787 3.616901 -0.595527
0.444647 3.605827 -0.601583
0.441464 3.590437 -0.606259
0.431992 3.576612 -0.611073
0.438189 3.575023 -0.610588
0.453811 3.618792 -0.596024
0.474649 3.627700 -0.589343
0.497011 3.609609 -0.597237
0.503178 3.609137 -0.598478
0.488114 3.595983 -0.602614
0.494392 3.595201 -0.603716
0.479148 3.582458 -0.607581
0.485509 3.581582 -0.608678
0.470262 3.569080 -0.612027
0.476423 3.568270 -0.613120
0.461569 3.555168 -0.615812
0.455124 3.556031 -0.614920
0.452792 3.541142 -0.619524
0.467913 3.554537 -0.617028
0.474297 3.554159 -0.618583
0.459488 3.540508 -0.620859
0.466161 3.539971 -0.622406
0.450305 3.526098 -0.624528
0.456983 3.525644 -0.626338
0.443555 3.526735 -0.623183
0.436705 3.527467 -0.622087
0.446103 3.541968 -0.618560
0.429738 3.528316 -0.621235
0.463392 3.525380 -0.628679
0.469226 3.525364 -0.631415
0.472637 3.539704 -0.624412
0.480488 3.554044 -0.620566
0.478669 3.539786 -0.626958
0.485987 3.554253 -0.622999
0.484033 3.540339 -0.630162
0.488371 3.541409 -0.634082
0.474764 3.525675 -0.634748
0.490652 3.554988 -0.626158
0.493682 3.556339 -0.629961
0.497111 3.568662 -0.622545
0.493422 3.567734 -0.619269
0.506522 3.581853 -0.618150
0.499385 3.570124 -0.626132
0.500297 3.572119 -0.630006
0.509663 3.583181 -0.621869
0.510412 3.585383 -0.626041
0.518028 3.597809 -0.616951
0.515261 3.596122 -0.613162
0.518411 3.600178 -0.620942
0.524872 3.613040 -0.611519
0.525823 3.615159 -0.615117
0.522708 3.611224 -0.607964
0.519277 3.609869 -0.604779
0.514794 3.609011 -0.602020
0.511196 3.595058 -0.609933
0.502213 3.581131 -0.614964
0.506084 3.594673 -0.607344
0.497006 3.580922 -0.612338
0.500346 3.594806 -0.605351
0.509221 3.608847 -0.599947
0.491432 3.581078 -0.610267
0.482471 3.567635 -0.614627
0.488328 3.567437 -0.616664
0.525315 3.617584 -0.618734
0.523582 3.620133 -0.622191
0.517889 3.602719 -0.624919
0.515579 3.605443 -0.628572
0.509243 3.587982 -0.630029
0.506221 3.590743 -0.633505
0.499666 3.574396 -0.633815
0.497623 3.576942 -0.637688
0.495285 3.560372 -0.638349
0.495299 3.558132 -0.634101
0.489871 3.545717 -0.643453
0.493183 3.563012 -0.642678
0.489870 3.565669 -0.646793
0.487835 3.548297 -0.648099
0.484280 3.550982 -0.652535
0.480405 3.532870 -0.653730
0.475019 3.535495 -0.657425
0.482453 3.530344 -0.648766
0.482429 3.528078 -0.643632
0.490181 3.543352 -0.638700
0.479638 3.526469 -0.638797
0.468649 3.537974 -0.660574
0.462086 3.540215 -0.663292
0.478195 3.553573 -0.656050
0.484966 3.568436 -0.650429
0.471410 3.555844 -0.658576
0.478794 3.571102 -0.653343
0.464455 3.557633 -0.660474
0.471733 3.573340 -0.655837
0.464770 3.574907 -0.657203
0.478746 3.587191 -0.649916
0.485065 3.584714 -0.647493
0.487196 3.600916 -0.643627
0.472210 3.589233 -0.651312
0.465781 3.591166 -0.652627
0.481390 3.603179 -0.645260
0.475137 3.605129 -0.646299
0.491056 3.617297 -0.639321
0.500880 3.631469 -0.633139
0.496961 3.615284 -0.638083
0.484878 3.619063 -0.640056
0.478625 3.620611 -0.640352
0.494745 3.633112 -0.633772
0.488555 3.634563 -0.634087
0.482276 3.635837 -0.634083
0.498011 3.648508 -0.627552
0.491823 3.649615 -0.627397
0.472326 3.622150 -0.640611
0.468770 3.606888 -0.647012
0.506807 3.629593 -0.632076
0.502358 3.613061 -0.636327
0.492623 3.598592 -0.641613
0.512231 3.627454 -0.630433
0.507321 3.610637 -0.634112
0.517094 3.625154 -0.628267
0.497800 3.596104 -0.639302
0.511875 3.608076 -0.631589
0.502278 3.593446 -0.636500
0.520839 3.622647 -0.625397
0.529616 3.637384 -0.618854
0.525546 3.639668 -0.621322
0.532793 3.655049 -0.613818
0.521472 3.641911 -0.623804
0.494677 3.579587 -0.641415
0.490514 3.582204 -0.644725
0.447462 3.651638 -0.614815
0.457738 3.663600 -0.607380
0.461838 3.664432 -0.609952
0.467164 3.676105 -0.599303
0.475706 3.689760 -0.590579
0.463943 3.674676 -0.596526
0.471067 3.677230 -0.601851
0.480021 3.690904 -0.592950
0.489009 3.705104 -0.583353
0.484712 3.691776 -0.595039
0.493584 3.706177 -0.585445
0.502171 3.721070 -0.575583
0.498308 3.707107 -0.587415
0.507056 3.722123 -0.577485
0.503379 3.707624 -0.588894
0.512026 3.723053 -0.579184
0.508412 3.708074 -0.590256
0.517060 3.723735 -0.580587
0.513458 3.708342 -0.591343
0.522092 3.724188 -0.581773
0.518552 3.708399 -0.592210
0.505270 3.693068 -0.600661
0.527148 3.724483 -0.582844
0.523617 3.708329 -0.592905
0.532104 3.724376 -0.583456
0.528596 3.707968 -0.593141
0.536934 3.724056 -0.583984
0.533477 3.707290 -0.593073
0.538029 3.706288 -0.592481
0.541650 3.723473 -0.584133
0.550806 3.738701 -0.573996
0.546253 3.722571 -0.583814
0.550633 3.721287 -0.583083
0.555444 3.737638 -0.573857
0.559663 3.736160 -0.573199
0.565588 3.750256 -0.562818
0.577018 3.759840 -0.549657
0.569918 3.748535 -0.562126
0.560956 3.751588 -0.562947
0.556048 3.752429 -0.562628
0.572504 3.761418 -0.550087
0.584766 3.768023 -0.534817
0.567442 3.762625 -0.549986
0.562449 3.763350 -0.549562
0.580083 3.769608 -0.535163
0.593842 3.774644 -0.518541
0.575139 3.770643 -0.534826
0.588984 3.775965 -0.518488
0.570103 3.771373 -0.534332
0.584019 3.776834 -0.518040
0.564962 3.771821 -0.533689
0.557371 3.763742 -0.548947
0.552309 3.763558 -0.547818
0.546133 3.752909 -0.561487
0.536174 3.739379 -0.572506
0.551140 3.752948 -0.562353
0.541076 3.752556 -0.560373
0.536033 3.751910 -0.558990
0.531172 3.739158 -0.571608
0.526145 3.738447 -0.570164
0.521099 3.737650 -0.568706
0.516169 3.736546 -0.566931
0.531008 3.750937 -0.557299
0.526056 3.749852 -0.555577
0.542149 3.762415 -0.545116
0.537148 3.761387 -0.543319
0.554745 3.771430 -0.531436
0.547182 3.763156 -0.546629
0.559850 3.771757 -0.532632
0.573712 3.778089 -0.516998
0.568380 3.778222 -0.516087
0.588084 3.782792 -0.499789
0.578880 3.777618 -0.517637
0.593366 3.782071 -0.500039
0.608203 3.786853 -0.481766
0.598483 3.781283 -0.500330
0.613361 3.786230 -0.482127
0.603469 3.780065 -0.500268
0.618469 3.785059 -0.481937
0.608255 3.778624 -0.500058
0.612861 3.777138 -0.499948
0.623447 3.783911 -0.481910
0.639053 3.790344 -0.464981
0.628172 3.782322 -0.481650
0.644108 3.788323 -0.464681
0.632812 3.780276 -0.481424
0.617188 3.775198 -0.499458
0.648965 3.785857 -0.464341
0.636790 3.777269 -0.480580
0.653238 3.782670 -0.463397
0.640189 3.774109 -0.479388
0.621002 3.772669 -0.498442
0.623948 3.769723 -0.496851
0.606610 3.768356 -0.516325
0.602690 3.770708 -0.517334
0.609820 3.765724 -0.514842
0.593470 3.763906 -0.533315
0.597270 3.761466 -0.532147
0.581299 3.757776 -0.548715
0.589254 3.766140 -0.534191
0.585226 3.755368 -0.547378
0.588693 3.752648 -0.545620
0.573777 3.746439 -0.560986
0.576713 3.743929 -0.559060
0.563512 3.734404 -0.572198
0.566631 3.732149 -0.570396
0.554656 3.719698 -0.581969
0.558362 3.717807 -0.580418
0.561362 3.715602 -0.578391
0.569210 3.729764 -0.568224
0.563126 3.713168 -0.575740
0.554924 3.697504 -0.584286
0.570622 3.727200 -0.565658
0.564446 3.710530 -0.572922
0.571397 3.724723 -0.562846
0.564041 3.708052 -0.569680
0.556436 3.694999 -0.581616
0.547754 3.679076 -0.589488
0.556019 3.692679 -0.578486
0.554565 3.690508 -0.575450
0.547957 3.676898 -0.586639
0.547105 3.674721 -0.583625
0.545385 3.672686 -0.580685
0.552303 3.688577 -0.572564
0.542422 3.670973 -0.577976
0.549105 3.686883 -0.569849
0.538679 3.669600 -0.575546
0.545299 3.685521 -0.567445
0.534131 3.668682 -0.573576
0.541136 3.684356 -0.565265
0.529469 3.667877 -0.571772
0.536508 3.683565 -0.563500
0.524459 3.667274 -0.570257
0.531710 3.682901 -0.561924
0.519349 3.666844 -0.569015
0.526662 3.682465 -0.560611
0.514123 3.666595 -0.568023
0.521612 3.682234 -0.559573
0.508798 3.666779 -0.567323
0.516608 3.682051 -0.558621
0.524377 3.697238 -0.549398
0.511397 3.682272 -0.558150
0.519336 3.697042 -0.548555
0.506146 3.682593 -0.557774
0.514181 3.697301 -0.548214
0.500983 3.683187 -0.557701
0.509068 3.697703 -0.548030
0.495975 3.684134 -0.558094
0.504114 3.698413 -0.548201
0.491318 3.685431 -0.558956
0.487915 3.669931 -0.567364
0.483097 3.671349 -0.568284
0.478550 3.672964 -0.569513
0.486996 3.686975 -0.560201
0.495295 3.701058 -0.550188
0.482954 3.688748 -0.561751
0.479969 3.690867 -0.563924
0.492119 3.702946 -0.552064
0.499836 3.716399 -0.540918
0.489373 3.704994 -0.554160
0.487346 3.707185 -0.556530
0.497291 3.718553 -0.543106
0.505724 3.731076 -0.531990
0.495828 3.720858 -0.545631
0.504600 3.733518 -0.534620
0.495075 3.723233 -0.548376
0.503975 3.735958 -0.537354
0.495363 3.725605 -0.551300
0.486391 3.709499 -0.559221
0.477319 3.695546 -0.569359
0.486808 3.711841 -0.562084
0.477600 3.697862 -0.572320
0.488358 3.714070 -0.565036
0.497242 3.727897 -0.554305
0.490792 3.716117 -0.567922
0.479064 3.700031 -0.575263
0.481846 3.701940 -0.578136
0.470189 3.686186 -0.584868
0.472442 3.688131 -0.587856
0.468975 3.684027 -0.581865
0.485203 3.703640 -0.580833
0.493416 3.718172 -0.570853
0.502889 3.731967 -0.560011
0.497732 3.719707 -0.573283
0.506914 3.733733 -0.562605
0.516891 3.746811 -0.551214
0.511423 3.735238 -0.564890
0.521328 3.748464 -0.553545
0.532233 3.760151 -0.541418
0.544811 3.769737 -0.528078
0.527555 3.758668 -0.539300
0.523524 3.756793 -0.536831
0.540070 3.768552 -0.526177
0.535699 3.766987 -0.523962
0.553732 3.776168 -0.511531
0.568018 3.782045 -0.495345
0.549467 3.774794 -0.509553
0.558360 3.777231 -0.513289
0.563365 3.777864 -0.514786
0.572752 3.782720 -0.496871
0.587383 3.787755 -0.479478
0.577725 3.783066 -0.498119
0.582886 3.783051 -0.499066
0.592441 3.787983 -0.480438
0.606224 3.793661 -0.462992
0.597680 3.787907 -0.481145
0.611766 3.793634 -0.463403
0.602966 3.787387 -0.481429
0.617314 3.793465 -0.463723
0.629478 3.800197 -0.448548
0.622784 3.793372 -0.464367
0.628273 3.792538 -0.464589
0.635011 3.799942 -0.449226
0.643919 3.808032 -0.434090
0.640773 3.799092 -0.449331
0.649722 3.807091 -0.433721
0.646261 3.798220 -0.449250
0.654790 3.806087 -0.433243
0.651926 3.796810 -0.448886
0.633643 3.791576 -0.464708
0.659799 3.804923 -0.432628
0.657486 3.794890 -0.448117
0.664316 3.803160 -0.431578
0.662522 3.792597 -0.447101
0.668956 3.801208 -0.430193
0.666984 3.789748 -0.445668
0.672702 3.798639 -0.428247
0.670706 3.786511 -0.443936
0.675596 3.795837 -0.426049
0.673504 3.782352 -0.441405
0.657078 3.779285 -0.462177
0.660229 3.774782 -0.460285
0.643192 3.770443 -0.478068
0.661543 3.770169 -0.457566
0.674834 3.778226 -0.438613
0.661951 3.766254 -0.454683
0.645097 3.766214 -0.475991
0.645868 3.762332 -0.473363
0.627847 3.763190 -0.493000
0.626459 3.766582 -0.495171
0.613967 3.759779 -0.510682
0.628670 3.759949 -0.490630
0.615066 3.756740 -0.508284
0.628722 3.756791 -0.488023
0.627872 3.753888 -0.485399
0.615616 3.753700 -0.505666
0.645624 3.758711 -0.470479
0.661900 3.762626 -0.451853
0.644461 3.755412 -0.467491
0.642279 3.752670 -0.464553
0.660639 3.759212 -0.448824
0.673540 3.767701 -0.430102
0.658640 3.756097 -0.445772
0.671522 3.764652 -0.427320
0.655178 3.753876 -0.442939
0.667985 3.762090 -0.424645
0.651378 3.752342 -0.440592
0.639232 3.750689 -0.461866
0.623696 3.749408 -0.480196
0.635806 3.749202 -0.459414
0.631865 3.748294 -0.457281
0.620468 3.747981 -0.477866
0.606994 3.745517 -0.495305
0.616774 3.747072 -0.475866
0.612517 3.746815 -0.474323
0.603248 3.744801 -0.493400
0.591025 3.741095 -0.509640
0.599108 3.744465 -0.491742
0.586768 3.740656 -0.507844
0.594660 3.744372 -0.490294
0.608093 3.746801 -0.472954
0.582278 3.740482 -0.506342
0.590027 3.744621 -0.489187
0.577538 3.740719 -0.505245
0.603393 3.747313 -0.472016
0.585114 3.745274 -0.488480
0.598556 3.748034 -0.471304
0.580161 3.745930 -0.487863
0.572697 3.740960 -0.504237
0.561421 3.734313 -0.518334
0.567735 3.741187 -0.503303
0.562701 3.741790 -0.502826
0.556493 3.734391 -0.517398
0.546405 3.724602 -0.529691
0.551512 3.734415 -0.516503
0.546433 3.734502 -0.515787
0.541465 3.724237 -0.528551
0.532551 3.711690 -0.539461
0.536392 3.724186 -0.527777
0.527486 3.711394 -0.538569
0.531395 3.724137 -0.527090
0.522360 3.711247 -0.537876
0.541335 3.734851 -0.515414
0.526291 3.724328 -0.526696
0.517355 3.711619 -0.537646
0.536095 3.735180 -0.515102
0.521246 3.724943 -0.526791
0.512376 3.712218 -0.537680
0.531232 3.736077 -0.515399
0.516580 3.725949 -0.527374
0.507539 3.713118 -0.538123
0.526535 3.737209 -0.515956
0.512287 3.727322 -0.528444
0.522350 3.738671 -0.517020
0.502843 3.714321 -0.539000
0.508605 3.728999 -0.529930
0.519087 3.740592 -0.518741
0.531048 3.750680 -0.506362
0.516556 3.742768 -0.520836
0.514814 3.745102 -0.523184
0.528586 3.752970 -0.508385
0.540893 3.761124 -0.494389
0.527011 3.755403 -0.510712
0.526594 3.757891 -0.513261
0.539593 3.763769 -0.496764
0.554715 3.770267 -0.481858
0.539411 3.766427 -0.499406
0.555079 3.772785 -0.484306
0.540062 3.768987 -0.502075
0.556325 3.775105 -0.486685
0.542386 3.771230 -0.504767
0.527603 3.760343 -0.515952
0.529420 3.762713 -0.518657
0.515121 3.750090 -0.528661
0.504871 3.738434 -0.540296
0.514118 3.747587 -0.525808
0.517312 3.752448 -0.531481
0.520124 3.754678 -0.534197
0.506422 3.740841 -0.543276
0.509605 3.742952 -0.545991
0.512891 3.744987 -0.548708
0.499301 3.730112 -0.557271
0.532308 3.764919 -0.521326
0.545667 3.773132 -0.507269
0.560820 3.779212 -0.491421
0.574247 3.784888 -0.475027
0.563917 3.780893 -0.493534
0.558223 3.777301 -0.489150
0.571923 3.782817 -0.472789
0.570103 3.780640 -0.470524
0.583884 3.788625 -0.456479
0.597757 3.794028 -0.440032
0.582395 3.786309 -0.454213
0.587451 3.790246 -0.458274
0.591443 3.791561 -0.459857
0.600627 3.795857 -0.441837
0.609866 3.803780 -0.428030
0.604231 3.797348 -0.443374
0.613408 3.805260 -0.429589
0.608391 3.798680 -0.444826
0.595935 3.792527 -0.461197
0.613095 3.799480 -0.445907
0.617349 3.806595 -0.431040
0.624585 3.815100 -0.417909
0.622426 3.807303 -0.431941
0.629220 3.815689 -0.418395
0.627123 3.808076 -0.433012
0.634077 3.816008 -0.418547
0.618224 3.800165 -0.447014
0.632813 3.808176 -0.433526
0.638696 3.816153 -0.418621
0.638097 3.808306 -0.433919
0.624046 3.800220 -0.447814
0.643564 3.815840 -0.418357
0.648168 3.816585 -0.408870
0.647912 3.815166 -0.418239
0.652805 3.812823 -0.421600
0.651933 3.815513 -0.409412
0.657205 3.812371 -0.417083
0.654492 3.814436 -0.407629
0.650781 3.815620 -0.406134
0.657454 3.813040 -0.406864
0.660656 3.811176 -0.415987
0.663713 3.809843 -0.415324
0.666751 3.808407 -0.414360
0.659744 3.811690 -0.406024
0.669637 3.806759 -0.413053
0.671998 3.804729 -0.411566
0.661930 3.810258 -0.405168
0.656957 3.811920 -0.402367
0.663793 3.808759 -0.404255
0.665188 3.807350 -0.403278
0.658380 3.810780 -0.401376
0.653864 3.811922 -0.399521
0.659493 3.809631 -0.400367
0.660462 3.808355 -0.399439
0.654942 3.810717 -0.398564
0.655916 3.809556 -0.397650
0.651160 3.811359 -0.397236
0.652242 3.810029 -0.396364
0.647405 3.811409 -0.396285
0.650042 3.812654 -0.398222
0.648735 3.813952 -0.399481
0.646145 3.812819 -0.397276
0.642027 3.812459 -0.396627
0.644863 3.814038 -0.398598
0.640837 3.813948 -0.397890
0.643439 3.815246 -0.400040
0.639607 3.815207 -0.399388
0.641775 3.816512 -0.401868
0.647226 3.815029 -0.400904
0.645456 3.816249 -0.402573
0.650973 3.814272 -0.401976
0.655154 3.813206 -0.403353
0.649199 3.815422 -0.403447
0.652584 3.813209 -0.400644
0.653177 3.814461 -0.404603
0.646967 3.816814 -0.405623
0.643094 3.817612 -0.405140
0.644067 3.817732 -0.409077
0.639828 3.818263 -0.409066
0.635589 3.818719 -0.408847
0.632002 3.818473 -0.408246
0.639347 3.817835 -0.404567
0.636024 3.817819 -0.403834
0.638204 3.816434 -0.401247
0.633446 3.817144 -0.403053
0.630212 3.816478 -0.402505
0.634561 3.816281 -0.400705
0.629183 3.818245 -0.407185
0.627397 3.817379 -0.405780
0.620494 3.814209 -0.417099
0.617136 3.813029 -0.416048
0.613752 3.811225 -0.414685
0.606909 3.801971 -0.426230
0.612216 3.809044 -0.412687
0.622817 3.815691 -0.406650
0.624201 3.814886 -0.403909
0.622020 3.813347 -0.403165
0.621127 3.811560 -0.401816
0.630452 3.815303 -0.400757
0.611158 3.807149 -0.410941
0.603719 3.797531 -0.422097
0.610888 3.804749 -0.408914
0.611182 3.802398 -0.406856
0.603541 3.794798 -0.419727
0.594114 3.786853 -0.433554
0.604359 3.792078 -0.417422
0.606235 3.789175 -0.415041
0.594664 3.784037 -0.431256
0.596749 3.780960 -0.428832
0.581931 3.778208 -0.447105
0.583792 3.775125 -0.444681
0.570227 3.772942 -0.463468
0.580997 3.781181 -0.449535
0.569362 3.775669 -0.465787
0.581224 3.783846 -0.451897
0.569080 3.778246 -0.468156
0.593834 3.789738 -0.435978
0.595183 3.792104 -0.438131
0.605227 3.799689 -0.424082
0.572065 3.770056 -0.461181
0.555719 3.767609 -0.479469
0.558012 3.764964 -0.477387
0.560984 3.762352 -0.475586
0.543647 3.758666 -0.492457
0.546904 3.756284 -0.490760
0.551000 3.754076 -0.489448
0.534117 3.748558 -0.504654
0.538090 3.746668 -0.503402
0.542736 3.745266 -0.502796
0.547456 3.744100 -0.502507
0.555309 3.752288 -0.488482
0.568838 3.757706 -0.472602
0.560071 3.750654 -0.487687
0.564896 3.749249 -0.487314
0.573535 3.755635 -0.471792
0.578438 3.753631 -0.471194
0.587215 3.759325 -0.454582
0.592086 3.756895 -0.453603
0.600057 3.763226 -0.437157
0.582710 3.761883 -0.455849
0.595421 3.766014 -0.438648
0.578234 3.764562 -0.457366
0.591243 3.768986 -0.440496
0.564741 3.759939 -0.473928
0.574575 3.767247 -0.459113
0.587217 3.771993 -0.442483
0.599355 3.777898 -0.426500
0.602678 3.774906 -0.424350
0.608864 3.786307 -0.412703
0.611656 3.783436 -0.410466
0.615311 3.797124 -0.402297
0.618457 3.794621 -0.400106
0.624256 3.805200 -0.396671
0.612913 3.799702 -0.404544
0.622152 3.807399 -0.398427
0.620821 3.809710 -0.400221
0.631501 3.810380 -0.396607
0.633231 3.808737 -0.395255
0.637377 3.811625 -0.396394
0.630824 3.812078 -0.397911
0.636331 3.813184 -0.397611
0.630219 3.813889 -0.399305
0.635371 3.814821 -0.398981
0.638881 3.810171 -0.395216
0.643498 3.811087 -0.395521
0.640612 3.808678 -0.394201
0.642530 3.807106 -0.393283
0.635440 3.807032 -0.394096
0.644983 3.809616 -0.394583
0.648714 3.810037 -0.395359
0.646552 3.807994 -0.393795
0.648185 3.806352 -0.393171
0.649916 3.808614 -0.394546
0.651174 3.806997 -0.393913
0.653288 3.808637 -0.395597
0.656796 3.808320 -0.396839
0.654142 3.807334 -0.394864
0.657379 3.807177 -0.396109
0.655030 3.805884 -0.394164
0.656292 3.803936 -0.393679
0.657678 3.806127 -0.395347
0.652613 3.805209 -0.393368
0.649834 3.804672 -0.392655
0.654261 3.803221 -0.392918
0.656412 3.800654 -0.392559
0.651760 3.802638 -0.392275
0.654025 3.800131 -0.392041
0.649043 3.802048 -0.391917
0.646719 3.803826 -0.392206
0.645779 3.800979 -0.391623
0.651294 3.799796 -0.391697
0.648326 3.799365 -0.391381
0.653752 3.795700 -0.391653
0.656901 3.795527 -0.392091
0.655709 3.784176 -0.394119
0.650698 3.795785 -0.391317
0.647875 3.793718 -0.391187
0.651529 3.784122 -0.393732
0.646441 3.784461 -0.393473
0.647104 3.769897 -0.402382
0.652507 3.769399 -0.402649
0.638603 3.758924 -0.417388
0.641613 3.770785 -0.402344
0.632987 3.760156 -0.417342
0.636129 3.772070 -0.402947
0.640924 3.785479 -0.393785
0.627567 3.761858 -0.417721
0.630670 3.773581 -0.403670
0.622091 3.763863 -0.418347
0.636306 3.786730 -0.394405
0.625444 3.775629 -0.405001
0.631532 3.788260 -0.395304
0.616507 3.766186 -0.419267
0.620195 3.777917 -0.406448
0.611265 3.768828 -0.420513
0.626874 3.790171 -0.396549
0.615817 3.780572 -0.408340
0.606574 3.771840 -0.422256
0.622470 3.792359 -0.398150
0.630381 3.801516 -0.393653
0.637617 3.805391 -0.393079
0.627165 3.803195 -0.395045
0.634055 3.800001 -0.392358
0.637743 3.798645 -0.391546
0.640117 3.803863 -0.392254
0.644488 3.805445 -0.392662
0.643132 3.802418 -0.391875
0.641614 3.797740 -0.391180
0.644894 3.796811 -0.391050
0.605165 3.760584 -0.435953
0.610480 3.758099 -0.435010
0.597366 3.754871 -0.453087
0.615899 3.756027 -0.434329
0.621301 3.754243 -0.434049
0.602582 3.753177 -0.452874
0.607702 3.751514 -0.452764
0.588484 3.750401 -0.470819
0.583517 3.751907 -0.470916
0.593619 3.749200 -0.471013
0.575057 3.746843 -0.487517
0.569925 3.748027 -0.487400
0.557432 3.742288 -0.502352
0.552325 3.743123 -0.502347
0.612799 3.750085 -0.452897
0.617774 3.748995 -0.453406
0.626806 3.752687 -0.434118
0.632223 3.751606 -0.434637
0.644219 3.758104 -0.417682
0.637378 3.751009 -0.435578
0.649562 3.757687 -0.418276
0.642302 3.750952 -0.436967
0.622671 3.748288 -0.454289
0.627334 3.747897 -0.455471
0.647008 3.751476 -0.438692
0.654847 3.757869 -0.419368
0.659654 3.758765 -0.420794
0.662553 3.770115 -0.404433
0.663662 3.785444 -0.395441
0.666774 3.771334 -0.405875
0.657393 3.769573 -0.403407
0.659780 3.784570 -0.394665
0.670694 3.773043 -0.407594
0.667106 3.786546 -0.396550
0.670049 3.788013 -0.397850
0.662198 3.796498 -0.393700
0.664390 3.797399 -0.394744
0.658237 3.801423 -0.393321
0.659643 3.795865 -0.392771
0.659938 3.802225 -0.394119
0.662156 3.802461 -0.395102
0.658235 3.804749 -0.394554
0.661584 3.804304 -0.395884
0.667070 3.800305 -0.397450
0.661535 3.805272 -0.396814
0.661458 3.806126 -0.397666
0.667267 3.801623 -0.398696
0.667278 3.802895 -0.399798
0.674579 3.793703 -0.403241
0.675002 3.795680 -0.404836
0.673630 3.791789 -0.401472
0.678517 3.780492 -0.414083
0.676664 3.777772 -0.411795
0.679696 3.783388 -0.416523
0.679873 3.786434 -0.418961
0.674645 3.771005 -0.432981
0.675177 3.774525 -0.435819
0.675078 3.797762 -0.406474
0.679227 3.789530 -0.421360
0.674857 3.800348 -0.408229
0.677896 3.792717 -0.423683
0.673685 3.802594 -0.409936
0.666266 3.805863 -0.402111
0.667162 3.804331 -0.400948
0.661178 3.807152 -0.398561
0.674024 3.775303 -0.409651
0.672393 3.789956 -0.399684
0.665968 3.798617 -0.396087
0.664085 3.760262 -0.422594
0.600808 3.793283 -0.462312
0.582435 3.787160 -0.478221
0.578116 3.786170 -0.476708
0.499541 3.699622 -0.548987
0.537536 3.712023 -0.540500
0.542456 3.712576 -0.541807
0.529450 3.697568 -0.550382
0.534451 3.697981 -0.551524
0.539323 3.698648 -0.552986
0.547307 3.713119 -0.543163
0.544107 3.699286 -0.554430
0.548654 3.700151 -0.556324
0.552062 3.713739 -0.544740
0.560773 3.725889 -0.533906
0.556727 3.714486 -0.546610
0.560974 3.715410 -0.548723
0.565410 3.726329 -0.535560
0.569731 3.727012 -0.537562
0.575461 3.734987 -0.522562
0.579717 3.735631 -0.524485
0.570883 3.734697 -0.520995
0.566178 3.734540 -0.519647
0.556090 3.725329 -0.532264
0.551294 3.724953 -0.530921
0.583776 3.736497 -0.526681
0.594956 3.741864 -0.511637
0.587255 3.737659 -0.529070
0.573727 3.727945 -0.539887
0.576908 3.729354 -0.542548
0.564886 3.716481 -0.551083
0.568098 3.717879 -0.553729
0.556856 3.702247 -0.560801
0.552993 3.701007 -0.558370
0.560303 3.703782 -0.563518
0.562938 3.705735 -0.566550
0.570196 3.719970 -0.556841
0.571359 3.722240 -0.559899
0.579398 3.731164 -0.545462
0.581167 3.733243 -0.548526
0.590043 3.739293 -0.531760
0.600788 3.745121 -0.516566
0.591805 3.741457 -0.534665
0.602259 3.747383 -0.519352
0.592508 3.744047 -0.537702
0.603030 3.749914 -0.522191
0.592337 3.746846 -0.540643
0.582009 3.735665 -0.551636
0.581443 3.738420 -0.554600
0.579401 3.741264 -0.557051
0.590899 3.749827 -0.543378
0.602069 3.755623 -0.527633
0.603123 3.752673 -0.524992
0.600267 3.758596 -0.530144
0.612244 3.762851 -0.512966
0.614336 3.751202 -0.502946
0.612643 3.748860 -0.500268
0.626132 3.751405 -0.482731
0.610208 3.746863 -0.497625
0.598219 3.743298 -0.513929
0.549720 3.770699 -0.529855
0.478070 3.693182 -0.566502
0.598333 3.772852 -0.518112
0.541272 3.739486 -0.573341
0.546193 3.739332 -0.573908
0.542252 3.705041 -0.591488
0.530922 3.690315 -0.601303
0.415999 3.482323 -0.678960
0.407899 3.483980 -0.679842
0.399873 3.485397 -0.680281
0.414706 3.499299 -0.677170
0.406977 3.500641 -0.677399
0.414864 3.516107 -0.674340
0.399367 3.501771 -0.677304
0.391984 3.502620 -0.676879
0.392229 3.486561 -0.680534
0.407385 3.517241 -0.674140
0.400113 3.518147 -0.673705
0.416260 3.532837 -0.671283
0.408984 3.533786 -0.670849
0.425627 3.548159 -0.667645
0.418362 3.549169 -0.667331
0.427630 3.564472 -0.663501
0.411283 3.549987 -0.666690
0.404461 3.550565 -0.665656
0.420720 3.565330 -0.662812
0.401863 3.534528 -0.670147
0.394928 3.535037 -0.669088
0.393027 3.518769 -0.672850
0.386116 3.519179 -0.671758
0.384819 3.503220 -0.676156
0.377932 3.503522 -0.675041
0.377363 3.487907 -0.679773
0.384666 3.487357 -0.680243
0.370420 3.488150 -0.678878
0.371319 3.503561 -0.673607
0.379493 3.519300 -0.670259
0.388245 3.535298 -0.667636
0.397811 3.550960 -0.664328
0.407566 3.566494 -0.660512
0.391398 3.551168 -0.662719
0.401351 3.566803 -0.658887
0.395321 3.566893 -0.656860
0.417419 3.582160 -0.656099
0.414017 3.566003 -0.661802
0.423712 3.581536 -0.657198
0.360799 3.444525 -0.643624
0.347443 3.430771 -0.648527
0.305465 3.384841 -0.658694
0.311162 3.384834 -0.656728
0.305677 3.373878 -0.693753
0.383283 3.382122 -0.650073
0.368811 3.366493 -0.652336
0.389416 3.381960 -0.651209
0.388099 3.366126 -0.661883
0.298704 3.282350 -0.699548
0.292809 3.243876 -0.699129
0.177581 3.086922 -0.697717
0.173056 3.071155 -0.700955
0.170828 3.057680 -0.704980
0.164235 3.070989 -0.700133
0.156533 3.070384 -0.699204
0.163336 3.056367 -0.704825
0.156377 3.055040 -0.704388
0.163355 3.045188 -0.709254
0.164981 3.036213 -0.712988
0.170541 3.046844 -0.708935
0.156437 3.043499 -0.709301
0.149646 3.041681 -0.708815
0.157441 3.033564 -0.713796
0.150645 3.031158 -0.714217
0.144076 3.028828 -0.714160
0.153026 3.021702 -0.718870
0.137335 3.026300 -0.712696
0.143230 3.039861 -0.707642
0.137046 3.038098 -0.705338
0.143080 3.052649 -0.701459
0.136972 3.051589 -0.698668
0.142587 3.069180 -0.695900
0.149552 3.053797 -0.703293
0.149221 3.069703 -0.697896
0.135968 3.068625 -0.692947
0.135671 3.091049 -0.688468
0.129720 3.068136 -0.689131
0.124621 3.067529 -0.683685
0.131489 3.050529 -0.694679
0.128984 3.091643 -0.685372
0.123670 3.091234 -0.679756
0.142960 3.116231 -0.681237
0.163516 3.133993 -0.681655
0.138984 3.117359 -0.677283
0.159709 3.134454 -0.677968
0.135745 3.117834 -0.673203
0.132979 3.118132 -0.669076
0.120393 3.091016 -0.674512
0.156603 3.134642 -0.673935
0.154470 3.134269 -0.670085
0.171930 3.149953 -0.674953
0.174920 3.149790 -0.678677
0.183962 3.164206 -0.676345
0.169681 3.149783 -0.671017
0.168490 3.149045 -0.666875
0.182092 3.164163 -0.672368
0.181220 3.163755 -0.668337
0.192301 3.178818 -0.674472
0.194633 3.178588 -0.678424
0.202678 3.192144 -0.676527
0.191456 3.178527 -0.670240
0.201865 3.192158 -0.672405
0.192001 3.177654 -0.666090
0.202951 3.191539 -0.668380
0.194007 3.176404 -0.662390
0.181761 3.162704 -0.664448
0.183104 3.161246 -0.660880
0.168390 3.147925 -0.662897
0.152782 3.132330 -0.662459
0.169799 3.146041 -0.659507
0.172278 3.143800 -0.656747
0.153318 3.130578 -0.659110
0.154693 3.128277 -0.656140
0.130998 3.115995 -0.657519
0.132729 3.113690 -0.654808
0.130486 3.117426 -0.661103
0.114817 3.093080 -0.656507
0.116917 3.093511 -0.653336
0.112923 3.069327 -0.657347
0.114555 3.092618 -0.660294
0.115559 3.091650 -0.664760
0.113597 3.068411 -0.661769
0.118717 3.048387 -0.667132
0.115479 3.067670 -0.666711
0.119510 3.048250 -0.672474
0.117897 3.067224 -0.672191
0.117589 3.091115 -0.669423
0.121391 3.047962 -0.678372
0.120836 3.067167 -0.677891
0.123849 3.048517 -0.684248
0.127094 3.049492 -0.689685
0.126151 3.033898 -0.691017
0.124521 3.032827 -0.685124
0.128412 3.020836 -0.697647
0.128504 3.035016 -0.696559
0.129825 3.022167 -0.703319
0.131909 3.036434 -0.701522
0.132498 3.023942 -0.708563
0.133543 3.011027 -0.708270
0.127372 3.019565 -0.691926
0.126970 3.018315 -0.686449
0.127342 3.017296 -0.681511
0.123561 3.031924 -0.679540
0.123514 3.031284 -0.674520
0.124366 3.030959 -0.669743
0.126987 3.031287 -0.665615
0.128812 3.016644 -0.676840
0.119071 3.048504 -0.662574
0.121099 3.049273 -0.658715
0.125469 3.051060 -0.656170
0.114944 3.070708 -0.653573
0.119535 3.072279 -0.651270
0.120729 3.093636 -0.651387
0.124892 3.073793 -0.650194
0.131163 3.075295 -0.649658
0.130873 3.053326 -0.654418
0.124737 3.093662 -0.650393
0.138484 3.108437 -0.651122
0.128534 3.093144 -0.649614
0.142335 3.104300 -0.649877
0.135658 3.091260 -0.648889
0.140805 3.077964 -0.649527
0.148562 3.097930 -0.649194
0.157669 3.085340 -0.650254
0.170057 3.114071 -0.650679
0.164068 3.118165 -0.650986
0.177654 3.109896 -0.651167
0.190285 3.134591 -0.652603
0.205174 3.151753 -0.654360
0.196933 3.131814 -0.653164
0.184152 3.136839 -0.652606
0.179385 3.139063 -0.653125
0.199277 3.154024 -0.654181
0.193882 3.155978 -0.654656
0.211398 3.169317 -0.655729
0.217429 3.167390 -0.655868
0.205846 3.171322 -0.656227
0.222647 3.184789 -0.657539
0.228528 3.183092 -0.657383
0.233244 3.199331 -0.659116
0.217220 3.186430 -0.658273
0.227930 3.200672 -0.659944
0.212445 3.187957 -0.659688
0.223087 3.201926 -0.661537
0.200965 3.173239 -0.657194
0.208273 3.189405 -0.661950
0.218927 3.203013 -0.663937
0.196800 3.175010 -0.659177
0.204973 3.190679 -0.664844
0.215433 3.203979 -0.666847
0.224722 3.216872 -0.667984
0.213064 3.204667 -0.670389
0.222004 3.217447 -0.671493
0.212034 3.204958 -0.674343
0.221122 3.217726 -0.675391
0.212794 3.204913 -0.678301
0.221850 3.217712 -0.679248
0.229674 3.230823 -0.675815
0.230621 3.230556 -0.671987
0.236406 3.245880 -0.676238
0.237485 3.245590 -0.672086
0.242905 3.262335 -0.676261
0.249940 3.279713 -0.675828
0.243995 3.261993 -0.671916
0.246770 3.261649 -0.667903
0.250992 3.279472 -0.671514
0.253426 3.279119 -0.667401
0.257507 3.278843 -0.663844
0.262763 3.278625 -0.661019
0.250751 3.261225 -0.664412
0.255889 3.260848 -0.661671
0.243407 3.244663 -0.664754
0.239835 3.245143 -0.668217
0.236359 3.229574 -0.665247
0.248300 3.244139 -0.662054
0.254033 3.243629 -0.660195
0.240779 3.228955 -0.662655
0.246085 3.228256 -0.660775
0.232720 3.215321 -0.662634
0.237661 3.214430 -0.660682
0.228340 3.216133 -0.665053
0.243210 3.213461 -0.659574
0.251857 3.227586 -0.659540
0.249102 3.212484 -0.658926
0.255339 3.211463 -0.658541
0.258009 3.226933 -0.658653
0.238928 3.197976 -0.658431
0.245222 3.196468 -0.658323
0.251706 3.194951 -0.658522
0.234783 3.181330 -0.657565
0.241168 3.179612 -0.658097
0.223818 3.165566 -0.656467
0.230374 3.163909 -0.657457
0.211647 3.149530 -0.655044
0.218479 3.147491 -0.656236
0.225306 3.145866 -0.657653
0.204157 3.129104 -0.654318
0.186068 3.107344 -0.652251
0.211510 3.126898 -0.655858
0.218747 3.125387 -0.657634
0.194710 3.104869 -0.653850
0.203989 3.103283 -0.655939
0.180155 3.082692 -0.653550
0.192139 3.081993 -0.655766
0.175041 3.063547 -0.655906
0.169194 3.083691 -0.651828
0.164326 3.062095 -0.654586
0.155260 3.060771 -0.653677
0.167433 3.044449 -0.659665
0.176105 3.047703 -0.660138
0.173145 3.033229 -0.664974
0.158799 3.041561 -0.659364
0.164873 3.028736 -0.665347
0.150868 3.039181 -0.659378
0.156810 3.025529 -0.665614
0.144104 3.037033 -0.659845
0.145443 3.058331 -0.653251
0.137434 3.055893 -0.653418
0.150008 3.022639 -0.666391
0.137786 3.034766 -0.660942
0.132000 3.032764 -0.662850
0.143499 3.020169 -0.667563
0.147161 3.009299 -0.672992
0.137259 3.018084 -0.669595
0.140877 3.007094 -0.675220
0.132219 3.016861 -0.672777
0.135445 3.005609 -0.678425
0.139324 2.996518 -0.684642
0.132136 3.005351 -0.682803
0.144436 2.997817 -0.681204
0.151181 3.000344 -0.678830
0.158934 3.003881 -0.677501
0.155457 2.993538 -0.685186
0.163322 2.997712 -0.683469
0.167050 2.993327 -0.689662
0.172072 3.003194 -0.681987
0.181157 3.010419 -0.680175
0.167437 3.008534 -0.676483
0.175571 2.999293 -0.687487
0.178182 2.996514 -0.693014
0.184648 3.006833 -0.685047
0.194412 3.016429 -0.682143
0.187366 3.004076 -0.690241
0.189637 3.002239 -0.695354
0.197885 3.014094 -0.686761
0.210123 3.027947 -0.682631
0.200722 3.013031 -0.691392
0.213847 3.027897 -0.686607
0.202757 3.012936 -0.695793
0.203974 3.013805 -0.699778
0.191221 3.001617 -0.700129
0.216724 3.028473 -0.690594
0.218513 3.029565 -0.694456
0.230704 3.045960 -0.686363
0.242490 3.065219 -0.684366
0.232936 3.046960 -0.690452
0.227268 3.045431 -0.682441
0.222960 3.045071 -0.678933
0.238654 3.064265 -0.680366
0.234138 3.063564 -0.676529
0.248028 3.084191 -0.679910
0.258482 3.103977 -0.680171
0.251746 3.085323 -0.684088
0.243479 3.083351 -0.676055
0.238080 3.082638 -0.672501
0.253301 3.103545 -0.676187
0.247552 3.103424 -0.672371
0.264777 3.123514 -0.676096
0.270351 3.123631 -0.680042
0.258601 3.123698 -0.672314
0.276325 3.141913 -0.675141
0.281979 3.141685 -0.678636
0.286243 3.157795 -0.673324
0.269776 3.142071 -0.671713
0.262481 3.142193 -0.668669
0.279875 3.158030 -0.670329
0.272722 3.158412 -0.667586
0.289221 3.173559 -0.668288
0.295140 3.173247 -0.670870
0.282167 3.173960 -0.665841
0.297357 3.188840 -0.666406
0.302809 3.188390 -0.668940
0.291024 3.189373 -0.664257
0.305300 3.204969 -0.665284
0.310528 3.204524 -0.667817
0.313125 3.221811 -0.664656
0.299478 3.205530 -0.663295
0.307500 3.222235 -0.662679
0.293170 3.206180 -0.661856
0.284193 3.189992 -0.662704
0.301543 3.222718 -0.661191
0.286969 3.206861 -0.660668
0.277466 3.190676 -0.661451
0.295572 3.223232 -0.660038
0.280806 3.207627 -0.659818
0.289494 3.223782 -0.659188
0.274692 3.208461 -0.659139
0.270977 3.191458 -0.660491
0.260790 3.175863 -0.661088
0.264630 3.192400 -0.659602
0.254320 3.176862 -0.659906
0.258206 3.193561 -0.658925
0.268391 3.209398 -0.658665
0.247680 3.178121 -0.658884
0.236995 3.162465 -0.658611
0.243676 3.161142 -0.659929
0.250448 3.160063 -0.661515
0.232142 3.144621 -0.659248
0.239090 3.143652 -0.661142
0.226345 3.124711 -0.659840
0.246748 3.142969 -0.663361
0.254586 3.142485 -0.665916
0.257510 3.159367 -0.663293
0.234957 3.124566 -0.662530
0.243085 3.124256 -0.665452
0.223741 3.102992 -0.661665
0.232619 3.102984 -0.665021
0.214087 3.102817 -0.658619
0.214084 3.081562 -0.661538
0.205149 3.062807 -0.662719
0.203908 3.081569 -0.658515
0.223319 3.081533 -0.664951
0.231401 3.082087 -0.668731
0.213708 3.062614 -0.665875
0.221613 3.062562 -0.669394
0.204485 3.047040 -0.668048
0.196783 3.047951 -0.665087
0.211575 3.046054 -0.671346
0.195067 3.033412 -0.670936
0.200850 3.031138 -0.674554
0.185698 3.022841 -0.673442
0.188269 3.035959 -0.667427
0.179597 3.027028 -0.669337
0.181188 3.039589 -0.664150
0.188829 3.049096 -0.662468
0.183470 3.052363 -0.660196
0.196074 3.063507 -0.660102
0.185988 3.064123 -0.657746
0.170830 3.020450 -0.670406
0.162109 3.015735 -0.670985
0.176504 3.014711 -0.675310
0.154168 3.012116 -0.671715
0.190537 3.019401 -0.677717
0.205809 3.029346 -0.678564
0.217707 3.045256 -0.675006
0.228360 3.062842 -0.672910
0.240575 3.103293 -0.668514
0.251266 3.123898 -0.668744
0.267628 3.175061 -0.662424
0.265060 3.158794 -0.665314
0.274707 3.174453 -0.663993
0.277106 3.224940 -0.658128
0.261865 3.210425 -0.658513
0.270741 3.225606 -0.658052
0.264324 3.226288 -0.658241
0.278856 3.241851 -0.657429
0.285126 3.241434 -0.657396
0.286419 3.259354 -0.656158
0.272577 3.242253 -0.657549
0.280204 3.259624 -0.656571
0.266255 3.242692 -0.658091
0.273989 3.259900 -0.657140
0.260106 3.243140 -0.658870
0.267811 3.260188 -0.658216
0.261698 3.260492 -0.659645
0.274760 3.278286 -0.657322
0.281000 3.278139 -0.656130
0.268676 3.278445 -0.658917
0.287244 3.277997 -0.655243
0.293482 3.277888 -0.654856
0.299686 3.277781 -0.654754
0.305819 3.277684 -0.655008
0.292604 3.259117 -0.656196
0.298714 3.258861 -0.656440
0.304721 3.258599 -0.656974
0.291331 3.241052 -0.657612
0.283392 3.224330 -0.658520
0.297456 3.240686 -0.658195
0.303408 3.240343 -0.659173
0.309321 3.240009 -0.660477
0.310703 3.258305 -0.657883
0.316540 3.258041 -0.659223
0.317872 3.277170 -0.656242
0.323874 3.276905 -0.657395
0.325100 3.296613 -0.654636
0.311881 3.277472 -0.655509
0.318985 3.296856 -0.653931
0.312687 3.296923 -0.653461
0.326218 3.316002 -0.652814
0.332623 3.315841 -0.653503
0.331228 3.296371 -0.655591
0.337288 3.296247 -0.657011
0.342979 3.296100 -0.659074
0.329573 3.276697 -0.659037
0.335114 3.276485 -0.661089
0.322221 3.257816 -0.660934
0.327830 3.257559 -0.662904
0.315107 3.239678 -0.662060
0.320630 3.239395 -0.664088
0.325666 3.239232 -0.666769
0.330219 3.239114 -0.669899
0.332960 3.257345 -0.665505
0.318208 3.221477 -0.667303
0.322762 3.221209 -0.670388
0.326579 3.221064 -0.673976
0.315146 3.204120 -0.670811
0.307718 3.188003 -0.671861
0.318986 3.203836 -0.674266
0.321587 3.203715 -0.678138
0.311615 3.187729 -0.675304
0.314339 3.187533 -0.679088
0.304268 3.172649 -0.677358
0.306599 3.172670 -0.681207
0.300419 3.173026 -0.673768
0.296043 3.157533 -0.680051
0.299140 3.157576 -0.684003
0.286164 3.141813 -0.682517
0.291765 3.157697 -0.676465
0.289260 3.142120 -0.686693
0.274602 3.124038 -0.684225
0.277251 3.124753 -0.688630
0.262757 3.104771 -0.684539
0.265787 3.105750 -0.689048
0.267335 3.107062 -0.693521
0.254565 3.086593 -0.688430
0.255473 3.088254 -0.692651
0.245074 3.066554 -0.688611
0.245647 3.068496 -0.692722
0.233484 3.048810 -0.694342
0.244357 3.070679 -0.696205
0.241428 3.073234 -0.698688
0.253989 3.090297 -0.696154
0.232487 3.051119 -0.697738
0.218692 3.033473 -0.701576
0.230104 3.053975 -0.700184
0.226693 3.056831 -0.701851
0.216532 3.036528 -0.703586
0.213655 3.039382 -0.704969
0.202957 3.020375 -0.708818
0.201126 3.023598 -0.710565
0.192397 3.007811 -0.714530
0.204049 3.017771 -0.706329
0.193009 3.005002 -0.711906
0.204277 3.015555 -0.703187
0.219244 3.031156 -0.698187
0.192861 3.003004 -0.708409
0.182619 2.995324 -0.711408
0.192292 3.001948 -0.704490
0.182148 2.994348 -0.707576
0.173087 2.988893 -0.709608
0.181401 2.993917 -0.703285
0.172367 2.988709 -0.705505
0.180056 2.994744 -0.698335
0.171282 2.989164 -0.700878
0.169609 2.990629 -0.695659
0.163746 2.985277 -0.706890
0.164451 2.985356 -0.710809
0.164973 2.986216 -0.714111
0.155634 2.984136 -0.710798
0.156173 2.984974 -0.714067
0.146926 2.986005 -0.709322
0.156859 2.986283 -0.716911
0.165336 2.987535 -0.716983
0.157998 2.987936 -0.719300
0.165510 2.989513 -0.719130
0.159073 2.989909 -0.720977
0.160090 2.992543 -0.722246
0.165428 2.991762 -0.720991
0.153326 2.992544 -0.721530
0.164882 2.994921 -0.722604
0.173036 2.996010 -0.721030
0.171982 2.999964 -0.722408
0.173505 2.993355 -0.718877
0.181669 3.002543 -0.719701
0.180210 3.006742 -0.720611
0.182491 2.999190 -0.717746
0.191190 3.011359 -0.716420
0.189157 3.015458 -0.717016
0.186588 3.019767 -0.717011
0.198844 3.027144 -0.711883
0.210008 3.042038 -0.706114
0.195658 3.030852 -0.712220
0.205905 3.044813 -0.706690
0.217040 3.061763 -0.703287
0.201533 3.047693 -0.707234
0.211602 3.064057 -0.703631
0.205441 3.066220 -0.703702
0.213636 3.083198 -0.702055
0.222197 3.059598 -0.702614
0.177974 3.011496 -0.720392
0.182738 2.996964 -0.714745
0.173626 2.991281 -0.716246
0.173500 2.989818 -0.713186
0.237248 3.075586 -0.700223
0.266342 3.108839 -0.697694
0.250920 3.092540 -0.698754
0.262762 3.110895 -0.700484
0.274218 3.128781 -0.700054
0.277079 3.127181 -0.696908
0.287449 3.144671 -0.699312
0.297245 3.159476 -0.696260
0.290379 3.143442 -0.695521
0.299985 3.158527 -0.692499
0.290876 3.142605 -0.691070
0.278118 3.125809 -0.692948
0.300575 3.157891 -0.688254
0.307755 3.172859 -0.685239
0.315603 3.187629 -0.683174
0.307484 3.173290 -0.689252
0.305229 3.173931 -0.692985
0.315418 3.187878 -0.687355
0.322943 3.203924 -0.686542
0.312806 3.188437 -0.690949
0.308478 3.189157 -0.693842
0.320588 3.204376 -0.690249
0.316387 3.204957 -0.693228
0.328775 3.221741 -0.690760
0.331034 3.221332 -0.686666
0.334984 3.240357 -0.690418
0.324292 3.222315 -0.693857
0.318557 3.222975 -0.696006
0.330834 3.240965 -0.693688
0.325324 3.241565 -0.696160
0.337458 3.259529 -0.693875
0.341824 3.258718 -0.690321
0.344201 3.279461 -0.693618
0.331620 3.260354 -0.696257
0.325280 3.261091 -0.698127
0.337887 3.280358 -0.696200
0.331144 3.281106 -0.697812
0.343832 3.301108 -0.694599
0.349789 3.300302 -0.691622
0.351106 3.320946 -0.694273
0.337139 3.301742 -0.696656
0.330301 3.302180 -0.698130
0.324576 3.281670 -0.699327
0.354620 3.299399 -0.687729
0.348934 3.278481 -0.689678
0.357704 3.298501 -0.683252
0.351171 3.277709 -0.684840
0.359635 3.297603 -0.678538
0.358995 3.296936 -0.673639
0.368111 3.316669 -0.677766
0.352199 3.277034 -0.679933
0.351394 3.276559 -0.675115
0.344752 3.257539 -0.681355
0.344189 3.258058 -0.685992
0.337966 3.239372 -0.682075
0.343613 3.257249 -0.676775
0.340922 3.257170 -0.672526
0.336911 3.239127 -0.677647
0.334316 3.239044 -0.673510
0.329560 3.221001 -0.677948
0.331061 3.221095 -0.682278
0.322838 3.203750 -0.682295
0.337307 3.257226 -0.668777
0.349212 3.276264 -0.670572
0.357290 3.296335 -0.668932
0.345420 3.276212 -0.666678
0.353579 3.296045 -0.664880
0.340589 3.276321 -0.663542
0.348548 3.295991 -0.661693
0.356775 3.315192 -0.660516
0.337528 3.239781 -0.686482
0.318915 3.242153 -0.697576
0.310748 3.205647 -0.695332
0.300838 3.174799 -0.696054
0.232839 3.230123 -0.668370
0.185709 3.159517 -0.657860
0.189275 3.157738 -0.655737
0.175400 3.141479 -0.654547
0.157108 3.125361 -0.653931
0.160335 3.121765 -0.652131
0.135404 3.111319 -0.652867
0.131095 3.118135 -0.665156
0.153193 3.133517 -0.666172
0.204640 3.191814 -0.680413
0.186718 3.163833 -0.680145
3 6 3 0
3 6 0 1
3 1 0 2
3 1 2 510
3 7 2 0
3 7 0 3
3 3 4 8
3 3 8 7
3 5 505 4
3 5 4 3
3 423 5 3
3 423 3 6
3 7 8 9
3 7 9 2
3 12 14 9
3 12 9 8
3 8 10 13
3 8 13 12
3 11 498 10
3 11 10 8
3 11 8 4
3 11 4 501
3 12 13 15
3 12 15 14
3 2 9 14
3 2 14 16
3 14 15 18
3 14 18 17
3 16 14 17
3 16 17 19
3 17 18 22
3 17 22 21
3 19 17 20
3 19 20 517
3 23 20 17
3 23 17 21
3 21 22 24
3 21 24 23
3 23 24 29
3 23 29 26
3 517 20 23
3 517 23 25
3 25 23 26
3 25 26 27
3 27 26 28
3 27 28 361
3 26 29 31
3 26 31 28
3 30 29 24
3 30 24 492
3 32 31 29
3 32 29 30
3 34 33 31
3 34 31 32
3 28 31 33
3 28 33 35
3 37 36 33
3 37 33 34
3 35 33 36
3 35 36 38
3 40 39 36
3 40 36 37
3 38 36 39
3 38 39 41
3 43 42 39
3 43 39 40
3 41 39 42
3 41 42 44
3 43 47 46
3 43 46 42
3 44 42 45
3 44 45 352
3 42 46 48
3 42 48 45
3 49 48 46
3 49 46 47
3 51 50 48
3 51 48 49
3 45 48 50
3 45 50 53
3 59 52 50
3 59 50 51
3 53 50 52
3 53 52 55
3 54 53 55
3 54 55 56
3 352 45 53
3 352 53 54
3 56 55 57
3 56 57 559
3 60 57 55
3 60 55 58
3 55 52 59
3 55 59 58
3 58 59 63
3 58 63 60
3 561 61 60
3 561 60 62
3 61 560 57
3 61 57 60
3 60 63 64
3 60 64 62
3 64 63 59
3 64 59 66
3 62 64 65
3 62 65 92
3 65 64 66
3 65 66 67
3 67 66 68
3 67 68 70
3 66 59 51
3 66 51 68
3 70 68 69
3 70 69 71
3 68 51 49
3 68 49 69
3 72 70 71
3 72 71 75
3 74 67 70
3 74 70 72
3 86 74 72
3 86 72 73
3 73 72 75
3 73 75 77
3 75 71 488
3 75 488 76
3 78 75 76
3 78 76 79
3 80 77 75
3 80 75 78
3 80 78 79
3 80 79 81
3 83 73 77
3 83 77 80
3 82 80 81
3 82 81 170
3 84 83 80
3 84 80 82
3 87 85 83
3 87 83 84
3 85 86 73
3 85 73 83
3 89 74 86
3 89 86 85
3 159 88 85
3 159 85 87
3 88 91 89
3 88 89 85
3 91 92 90
3 91 90 89
3 90 67 74
3 90 74 89
3 93 94 92
3 93 92 91
3 95 93 91
3 95 91 88
3 96 99 94
3 96 94 93
3 98 96 93
3 98 93 95
3 97 96 98
3 97 98 153
3 101 99 96
3 101 96 97
3 99 100 561
3 99 561 94
3 103 100 99
3 103 99 101
3 556 102 101
3 556 101 97
3 102 105 103
3 102 103 101
3 106 107 100
3 106 100 103
3 104 103 105
3 104 105 558
3 109 106 103
3 109 103 104
3 108 61 107
3 108 107 106
3 111 108 106
3 111 106 109
3 110 109 104
3 110 104 136
3 112 111 109
3 112 109 110
3 113 114 108
3 113 108 111
3 116 113 111
3 116 111 112
3 115 559 114
3 115 114 113
3 117 115 113
3 117 113 116
3 119 117 116
3 119 116 112
3 118 354 115
3 118 115 117
3 121 118 117
3 121 117 119
3 120 119 112
3 120 112 135
3 122 121 119
3 122 119 120
3 124 118 121
3 124 121 122
3 123 122 126
3 123 126 127
3 331 125 122
3 331 122 123
3 125 355 124
3 125 124 122
3 126 122 120
3 126 120 128
3 127 126 128
3 127 128 129
3 128 120 135
3 128 135 130
3 129 128 130
3 129 130 132
3 131 130 133
3 131 133 140
3 132 130 131
3 132 131 326
3 130 134 136
3 130 136 133
3 135 112 134
3 135 134 130
3 134 112 110
3 134 110 136
3 136 104 138
3 136 138 137
3 133 136 137
3 133 137 140
3 137 138 554
3 137 554 139
3 140 137 139
3 140 139 141
3 142 131 140
3 142 140 141
3 144 142 141
3 144 141 143
3 141 139 145
3 141 145 143
3 143 145 146
3 143 146 144
3 149 146 145
3 149 145 148
3 145 147 150
3 145 150 148
3 139 554 147
3 139 147 145
3 148 150 151
3 148 151 149
3 150 152 155
3 150 155 151
3 147 153 152
3 147 152 150
3 153 98 154
3 153 154 152
3 152 154 157
3 152 157 155
3 151 155 156
3 151 156 546
3 156 155 158
3 156 158 160
3 155 157 159
3 155 159 158
3 158 159 163
3 158 163 160
3 546 156 160
3 546 160 161
3 161 160 162
3 161 162 521
3 160 163 164
3 160 164 162
3 163 159 87
3 163 87 164
3 162 164 165
3 162 165 166
3 164 87 84
3 164 84 165
3 166 165 167
3 166 167 168
3 165 84 82
3 165 82 167
3 168 167 169
3 168 169 171
3 167 82 170
3 167 170 169
3 169 170 173
3 169 173 172
3 171 169 172
3 171 172 174
3 174 172 173
3 174 173 175
3 174 175 178
3 174 178 177
3 537 171 174
3 537 174 176
3 176 174 177
3 176 177 179
3 177 178 181
3 177 181 180
3 179 177 180
3 179 180 182
3 180 181 184
3 180 184 183
3 182 180 183
3 182 183 185
3 185 183 184
3 185 184 186
3 185 186 485
3 185 485 187
3 188 185 187
3 188 187 191
3 190 182 185
3 190 185 188
3 293 190 188
3 293 188 189
3 189 188 191
3 189 191 193
3 191 187 485
3 191 485 192
3 191 192 195
3 191 195 194
3 193 191 194
3 193 194 196
3 196 194 195
3 196 195 197
3 196 197 199
3 196 199 193
3 290 199 197
3 290 197 198
3 198 197 200
3 198 200 201
3 197 195 203
3 197 203 200
3 201 200 202
3 201 202 553
3 200 203 204
3 200 204 202
3 203 205 208
3 203 208 204
3 195 207 205
3 195 205 203
3 207 483 206
3 207 206 205
3 205 206 210
3 205 210 208
3 204 208 209
3 204 209 217
3 208 211 213
3 208 213 209
3 208 210 212
3 208 212 211
3 211 212 215
3 211 215 213
3 216 213 214
3 216 214 220
3 213 215 444
3 213 444 214
3 217 209 213
3 217 213 216
3 217 216 219
3 217 219 204
3 552 219 216
3 552 216 218
3 218 216 220
3 218 220 222
3 220 214 440
3 220 440 221
3 222 220 221
3 222 221 224
3 231 218 222
3 231 222 223
3 223 222 224
3 223 224 227
3 224 221 434
3 224 434 225
3 225 435 226
3 225 226 224
3 227 224 226
3 227 226 228
3 229 227 228
3 229 228 507
3 223 227 230
3 223 230 231
3 232 230 227
3 232 227 229
3 234 231 230
3 234 230 232
3 232 233 236
3 232 236 235
3 229 507 233
3 229 233 232
3 234 232 235
3 234 235 237
3 235 236 239
3 235 239 238
3 237 235 238
3 237 238 240
3 238 239 242
3 238 242 241
3 240 238 241
3 240 241 243
3 241 242 245
3 241 245 244
3 243 241 244
3 243 244 246
3 244 245 250
3 244 250 247
3 246 244 247
3 246 247 248
3 248 247 249
3 248 249 283
3 247 250 252
3 247 252 249
3 251 250 245
3 251 245 386
3 254 252 250
3 254 250 251
3 252 253 258
3 252 258 255
3 383 253 252
3 383 252 254
3 249 252 255
3 249 255 256
3 256 255 257
3 256 257 275
3 255 258 260
3 255 260 257
3 258 259 261
3 258 261 260
3 253 377 259
3 253 259 258
3 257 260 262
3 257 262 265
3 260 261 264
3 260 264 262
3 262 263 267
3 262 267 266
3 264 334 263
3 264 263 262
3 265 262 266
3 265 266 268
3 266 267 269
3 266 269 268
3 274 265 268
3 274 268 271
3 268 269 328
3 268 328 270
3 271 268 270
3 271 270 272
3 273 271 272
3 273 272 547
3 276 274 271
3 276 271 273
3 278 275 274
3 278 274 276
3 275 257 265
3 275 265 274
3 273 304 277
3 273 277 276
3 276 277 279
3 276 279 278
3 278 279 281
3 278 281 280
3 280 256 275
3 280 275 278
3 280 281 296
3 280 296 282
3 284 283 280
3 284 280 282
3 283 249 256
3 283 256 280
3 286 248 283
3 286 283 284
3 282 296 285
3 282 285 284
3 284 285 288
3 284 288 286
3 286 288 290
3 286 290 287
3 287 246 248
3 287 248 286
3 289 288 285
3 289 285 292
3 291 290 288
3 291 288 289
3 291 193 199
3 291 199 290
3 287 290 198
3 287 198 548
3 289 189 193
3 289 193 291
3 292 293 189
3 292 189 289
3 294 295 293
3 294 293 292
3 292 285 296
3 292 296 294
3 297 298 295
3 297 295 294
3 294 296 300
3 294 300 297
3 299 542 298
3 299 298 297
3 297 300 301
3 297 301 299
3 300 279 277
3 300 277 301
3 296 281 279
3 296 279 300
3 299 301 302
3 299 302 303
3 301 277 304
3 301 304 302
3 303 302 305
3 303 305 307
3 302 304 306
3 302 306 305
3 305 306 320
3 305 320 308
3 305 309 310
3 305 310 307
3 308 311 309
3 308 309 305
3 310 309 311
3 310 311 312
3 312 311 313
3 312 313 316
3 317 313 311
3 317 311 308
3 318 149 314
3 318 314 313
3 313 314 518
3 313 518 316
3 313 315 144
3 313 144 318
3 319 315 313
3 319 313 317
3 144 146 149
3 144 149 318
3 308 320 319
3 308 319 317
3 321 144 315
3 321 315 319
3 320 323 322
3 320 322 319
3 319 322 325
3 319 325 321
3 323 327 324
3 323 324 322
3 322 324 326
3 322 326 325
3 325 142 144
3 325 144 321
3 326 131 142
3 326 142 325
3 324 129 132
3 324 132 326
3 327 127 129
3 327 129 324
3 330 328 327
3 330 327 323
3 328 329 127
3 328 127 327
3 269 267 329
3 269 329 328
3 270 328 330
3 270 330 272
3 272 330 306
3 272 306 547
3 306 330 323
3 306 323 320
3 329 331 123
3 329 123 127
3 267 332 331
3 267 331 329
3 332 333 125
3 332 125 331
3 334 335 333
3 334 333 332
3 263 334 332
3 263 332 267
3 261 336 334
3 261 334 264
3 337 338 335
3 337 335 334
3 336 339 337
3 336 337 334
3 339 341 338
3 339 338 337
3 380 340 339
3 380 339 336
3 340 342 341
3 340 341 339
3 342 345 343
3 342 343 341
3 341 343 346
3 341 346 338
3 343 344 347
3 343 347 346
3 345 356 344
3 345 344 343
3 346 347 351
3 346 351 348
3 338 346 348
3 338 348 350
3 350 348 349
3 350 349 355
3 348 351 353
3 348 353 349
3 351 352 54
3 351 54 353
3 347 44 352
3 347 352 351
3 349 353 354
3 349 354 118
3 353 54 56
3 353 56 354
3 354 56 559
3 354 559 115
3 333 350 355
3 333 355 125
3 335 338 350
3 335 350 333
3 355 349 118
3 355 118 124
3 344 41 44
3 344 44 347
3 357 358 356
3 357 356 345
3 359 357 345
3 359 345 342
3 360 361 358
3 360 358 357
3 363 360 357
3 363 357 359
3 362 27 361
3 362 361 360
3 365 362 360
3 365 360 363
3 364 363 359
3 364 359 379
3 367 365 363
3 367 363 364
3 368 366 365
3 368 365 367
3 366 515 362
3 366 362 365
3 370 368 367
3 370 367 369
3 369 367 364
3 369 364 372
3 404 370 369
3 404 369 371
3 371 369 372
3 371 372 374
3 372 364 379
3 372 379 373
3 374 372 373
3 374 373 377
3 375 374 377
3 375 377 253
3 376 374 375
3 376 375 382
3 381 371 374
3 381 374 376
3 373 379 378
3 373 378 377
3 377 378 380
3 377 380 259
3 378 379 340
3 378 340 380
3 259 380 336
3 259 336 261
3 379 359 342
3 379 342 340
3 384 381 376
3 384 376 382
3 251 382 383
3 251 383 254
3 386 384 382
3 386 382 251
3 382 375 253
3 382 253 383
3 385 402 381
3 385 381 384
3 387 385 384
3 387 384 386
3 386 245 242
3 386 242 387
3 388 389 385
3 388 385 387
3 387 242 239
3 387 239 388
3 390 391 389
3 390 389 388
3 388 239 236
3 388 236 390
3 390 236 233
3 390 233 392
3 392 393 391
3 392 391 390
3 392 233 394
3 392 394 393
3 393 394 396
3 393 396 395
3 393 395 397
3 393 397 391
3 395 396 398
3 395 398 397
3 397 398 407
3 397 407 399
3 397 399 401
3 397 401 400
3 391 397 400
3 391 400 389
3 400 401 403
3 400 403 402
3 389 400 402
3 389 402 385
3 403 370 404
3 403 404 402
3 402 404 371
3 402 371 381
3 401 405 370
3 401 370 403
3 399 407 405
3 399 405 401
3 405 406 368
3 405 368 370
3 407 409 406
3 407 406 405
3 396 408 407
3 396 407 398
3 408 411 409
3 408 409 407
3 409 410 516
3 409 516 406
3 411 413 410
3 411 410 409
3 415 412 411
3 415 411 414
3 412 421 413
3 412 413 411
3 396 414 411
3 396 411 408
3 417 415 414
3 417 414 396
3 415 419 421
3 415 421 412
3 506 416 415
3 506 415 417
3 438 418 415
3 438 415 416
3 418 420 419
3 418 419 415
3 420 422 421
3 420 421 419
3 421 6 508
3 421 508 413
3 422 423 6
3 422 6 421
3 420 424 423
3 420 423 422
3 424 426 5
3 424 5 423
3 436 425 424
3 436 424 420
3 425 428 426
3 425 426 424
3 428 429 427
3 428 427 426
3 426 427 505
3 426 505 5
3 430 431 429
3 430 429 428
3 433 430 428
3 433 428 425
3 432 439 431
3 432 431 430
3 434 432 430
3 434 430 433
3 435 433 425
3 435 425 436
3 225 434 433
3 225 433 435
3 437 435 436
3 437 436 438
3 228 226 435
3 228 435 437
3 437 438 416
3 437 416 228
3 438 436 420
3 438 420 418
3 221 440 432
3 221 432 434
3 440 441 439
3 440 439 432
3 214 444 441
3 214 441 440
3 445 446 442
3 445 442 441
3 441 442 503
3 441 503 443
3 441 443 431
3 441 431 439
3 215 445 441
3 215 441 444
3 215 448 446
3 215 446 445
3 446 447 503
3 446 503 442
3 449 450 447
3 449 447 446
3 451 449 446
3 451 446 448
3 452 453 450
3 452 450 449
3 454 452 449
3 454 449 451
3 455 456 453
3 455 453 452
3 457 455 452
3 457 452 454
3 458 459 456
3 458 456 455
3 460 458 455
3 460 455 457
3 461 462 459
3 461 459 458
3 463 461 458
3 463 458 460
3 464 467 462
3 464 462 461
3 465 464 461
3 465 461 463
3 476 466 464
3 476 464 465
3 466 469 467
3 466 467 464
3 467 468 489
3 467 489 462
3 469 470 468
3 469 468 467
3 471 473 470
3 471 470 469
3 474 471 469
3 474 469 466
3 79 472 471
3 79 471 474
3 472 486 473
3 472 473 471
3 81 79 474
3 81 474 475
3 475 474 466
3 475 466 476
3 170 81 475
3 170 475 173
3 173 475 476
3 173 476 477
3 477 476 465
3 477 465 478
3 175 173 477
3 175 477 178
3 178 477 478
3 178 478 181
3 478 465 463
3 478 463 479
3 181 478 479
3 181 479 184
3 479 463 460
3 479 460 480
3 184 479 480
3 184 480 481
3 480 460 457
3 480 457 482
3 481 480 482
3 481 482 483
3 482 457 454
3 482 454 484
3 483 482 484
3 483 484 206
3 206 484 454
3 206 454 504
3 485 481 483
3 485 483 207
3 186 184 481
3 186 481 485
3 192 485 207
3 192 207 195
3 486 43 40
3 486 40 473
3 473 40 37
3 473 37 470
3 472 488 487
3 472 487 486
3 486 487 47
3 486 47 43
3 71 69 487
3 71 487 488
3 69 49 47
3 69 47 487
3 79 76 488
3 79 488 472
3 470 37 34
3 470 34 468
3 468 34 32
3 468 32 489
3 462 489 490
3 462 490 459
3 489 32 30
3 489 30 490
3 459 490 491
3 459 491 456
3 490 30 492
3 490 492 491
3 491 492 494
3 491 494 493
3 456 491 493
3 456 493 453
3 493 494 497
3 493 497 495
3 453 493 495
3 453 495 450
3 450 495 496
3 450 496 447
3 495 497 498
3 495 498 496
3 494 22 13
3 494 13 497
3 497 13 10
3 497 10 498
3 501 499 498
3 501 498 11
3 496 498 499
3 496 499 500
3 502 500 499
3 502 499 501
3 502 501 427
3 502 427 429
3 501 4 505
3 501 505 427
3 443 503 500
3 443 500 502
3 443 502 429
3 443 429 431
3 447 496 500
3 447 500 503
3 492 24 22
3 492 22 494
3 504 454 451
3 504 451 212
3 206 504 212
3 206 212 210
3 212 451 448
3 212 448 215
3 506 417 396
3 506 396 394
3 507 228 416
3 507 416 506
3 507 506 394
3 507 394 233
3 413 508 509
3 413 509 410
3 6 1 510
3 6 510 508
3 508 510 511
3 508 511 509
3 510 2 16
3 510 16 511
3 511 16 19
3 511 19 512
3 509 511 512
3 509 512 514
3 512 19 517
3 512 517 513
3 514 512 513
3 514 513 515
3 410 509 514
3 410 514 516
3 516 514 515
3 516 515 366
3 406 516 366
3 406 366 368
3 513 517 25
3 513 25 515
3 515 25 27
3 515 27 362
3 361 28 35
3 361 35 358
3 358 35 38
3 358 38 356
3 356 38 41
3 356 41 344
3 316 518 520
3 316 520 312
3 518 314 149
3 518 149 519
3 519 546 161
3 519 161 518
3 518 161 521
3 518 521 520
3 520 521 523
3 520 523 522
3 312 520 522
3 312 522 524
3 522 523 528
3 522 528 525
3 524 522 525
3 524 525 527
3 527 525 526
3 527 526 543
3 525 528 529
3 525 529 526
3 528 530 531
3 528 531 529
3 523 532 530
3 523 530 528
3 532 162 166
3 532 166 530
3 530 166 168
3 530 168 531
3 521 162 532
3 521 532 523
3 531 168 171
3 531 171 533
3 529 531 533
3 529 533 534
3 534 533 171
3 534 171 537
3 526 529 534
3 526 534 535
3 535 534 536
3 535 536 538
3 534 537 176
3 534 176 536
3 538 536 176
3 538 176 539
3 540 538 539
3 540 539 298
3 541 535 538
3 541 538 540
3 540 298 542
3 540 542 541
3 543 526 535
3 543 535 541
3 541 542 544
3 541 544 543
3 543 544 310
3 543 310 527
3 307 310 544
3 307 544 303
3 303 544 542
3 303 542 299
3 539 176 179
3 539 179 545
3 298 539 545
3 298 545 295
3 545 179 182
3 545 182 190
3 295 545 190
3 295 190 293
3 527 310 312
3 527 312 524
3 149 151 546
3 149 546 519
3 547 306 304
3 547 304 273
3 548 243 246
3 548 246 287
3 548 198 549
3 548 549 243
3 243 549 550
3 243 550 240
3 201 550 549
3 201 549 198
3 553 551 550
3 553 550 201
3 240 550 551
3 240 551 237
3 237 551 231
3 237 231 234
3 551 552 218
3 551 218 231
3 553 202 552
3 553 552 551
3 202 204 219
3 202 219 552
3 157 95 88
3 157 88 159
3 154 98 95
3 154 95 157
3 554 97 153
3 554 153 147
3 555 556 97
3 555 97 554
3 554 138 557
3 554 557 555
3 557 102 556
3 557 556 555
3 558 105 102
3 558 102 557
3 138 104 558
3 138 558 557
3 559 57 560
3 559 560 114
3 114 560 61
3 114 61 108
3 100 107 61
3 100 61 561
3 94 561 62
3 94 62 92
3 92 65 67
3 92 67 90
3 22 18 15
3 22 15 13
3 562 563 568
3 562 568 565
3 562 564 576
3 562 576 563
3 562 565 566
3 562 566 564
3 2782 566 565
3 2782 565 567
3 569 567 565
3 569 565 568
3 570 568 563
3 570 563 573
3 569 568 570
3 569 570 571
3 570 572 3005
3 570 3005 571
3 570 573 574
3 570 574 572
3 573 575 577
3 573 577 574
3 573 563 576
3 573 576 575
3 575 576 579
3 575 579 578
3 577 575 578
3 577 578 581
3 2778 580 578
3 2778 578 579
3 580 582 581
3 580 581 578
3 582 585 583
3 582 583 581
3 577 581 583
3 577 583 584
3 584 583 586
3 584 586 589
3 585 587 586
3 585 586 583
3 587 2648 588
3 587 588 586
3 589 586 588
3 589 588 591
3 584 589 590
3 584 590 3010
3 589 591 592
3 589 592 590
3 591 593 594
3 591 594 592
3 591 588 596
3 591 596 593
3 593 595 3018
3 593 3018 594
3 593 596 598
3 593 598 595
3 2648 597 596
3 2648 596 588
3 597 599 598
3 597 598 596
3 599 601 600
3 599 600 598
3 595 598 600
3 595 600 603
3 601 2575 602
3 601 602 600
3 603 600 602
3 603 602 605
3 603 605 606
3 603 606 604
3 595 603 604
3 595 604 3018
3 609 606 605
3 609 605 607
3 610 607 605
3 610 605 602
3 608 3039 609
3 608 609 607
3 610 612 608
3 610 608 607
3 610 611 613
3 610 613 612
3 2575 611 610
3 2575 610 602
3 615 614 612
3 615 612 613
3 608 612 614
3 608 614 616
3 615 620 617
3 615 617 614
3 617 618 616
3 617 616 614
3 617 619 3034
3 617 3034 618
3 617 620 621
3 617 621 619
3 620 622 625
3 620 625 621
3 615 624 622
3 615 622 620
3 623 626 625
3 623 625 622
3 623 622 624
3 623 624 2569
3 628 627 625
3 628 625 626
3 627 629 621
3 627 621 625
3 628 631 630
3 628 630 627
3 627 630 632
3 627 632 629
3 635 633 630
3 635 630 631
3 633 636 632
3 633 632 630
3 633 634 638
3 633 638 636
3 635 860 634
3 635 634 633
3 636 637 3037
3 636 3037 632
3 636 638 640
3 636 640 637
3 862 639 638
3 862 638 634
3 639 641 640
3 639 640 638
3 641 643 642
3 641 642 640
3 637 640 642
3 637 642 645
3 643 655 644
3 643 644 642
3 645 642 644
3 645 644 647
3 637 645 646
3 637 646 3037
3 645 647 648
3 645 648 646
3 647 644 652
3 647 652 649
3 647 649 650
3 647 650 648
3 649 651 3043
3 649 3043 650
3 649 652 653
3 649 653 651
3 655 654 652
3 655 652 644
3 654 656 653
3 654 653 652
3 655 658 657
3 655 657 654
3 654 657 659
3 654 659 656
3 663 660 657
3 663 657 658
3 660 661 659
3 660 659 657
3 660 662 3116
3 660 3116 661
3 663 665 662
3 663 662 660
3 664 666 665
3 664 665 663
3 664 663 658
3 664 658 880
3 670 667 665
3 670 665 666
3 667 668 662
3 667 662 665
3 667 669 3115
3 667 3115 668
3 670 672 669
3 670 669 667
3 671 673 672
3 671 672 670
3 671 670 666
3 671 666 877
3 677 674 672
3 677 672 673
3 674 675 669
3 674 669 672
3 674 676 3114
3 674 3114 675
3 677 679 676
3 677 676 674
3 678 680 679
3 678 679 677
3 678 677 673
3 678 673 882
3 684 681 679
3 684 679 680
3 681 682 676
3 681 676 679
3 681 683 3085
3 681 3085 682
3 684 686 683
3 684 683 681
3 685 687 686
3 685 686 684
3 685 684 680
3 685 680 2559
3 691 688 686
3 691 686 687
3 688 689 683
3 688 683 686
3 688 690 707
3 688 707 689
3 691 693 690
3 691 690 688
3 692 694 693
3 692 693 691
3 692 691 687
3 692 687 2558
3 697 695 693
3 697 693 694
3 695 696 690
3 695 690 693
3 695 698 701
3 695 701 696
3 697 699 698
3 697 698 695
3 920 700 698
3 920 698 699
3 700 702 701
3 700 701 698
3 696 701 703
3 696 703 706
3 702 704 703
3 702 703 701
3 704 930 705
3 704 705 703
3 706 703 705
3 706 705 708
3 696 706 707
3 696 707 690
3 706 708 709
3 706 709 707
3 708 710 712
3 708 712 709
3 708 705 713
3 708 713 710
3 710 713 715
3 710 715 711
3 710 711 3082
3 710 3082 712
3 930 714 713
3 930 713 705
3 714 716 715
3 714 715 713
3 711 715 717
3 711 717 720
3 716 718 717
3 716 717 715
3 718 939 719
3 718 719 717
3 720 717 719
3 720 719 722
3 711 720 721
3 711 721 3082
3 720 722 723
3 720 723 721
3 722 724 726
3 722 726 723
3 722 719 727
3 722 727 724
3 724 727 729
3 724 729 725
3 724 725 3092
3 724 3092 726
3 939 728 727
3 939 727 719
3 728 730 729
3 728 729 727
3 725 729 731
3 725 731 734
3 730 732 731
3 730 731 729
3 732 2557 733
3 732 733 731
3 734 731 733
3 734 733 736
3 725 734 735
3 725 735 3092
3 734 736 737
3 734 737 735
3 736 738 740
3 736 740 737
3 736 733 741
3 736 741 738
3 738 741 743
3 738 743 739
3 738 739 3112
3 738 3112 740
3 2557 742 741
3 2557 741 733
3 742 744 743
3 742 743 741
3 739 743 745
3 739 745 748
3 744 746 745
3 744 745 743
3 746 2555 747
3 746 747 745
3 748 745 747
3 748 747 750
3 739 748 749
3 739 749 3112
3 748 750 751
3 748 751 749
3 750 752 754
3 750 754 751
3 750 747 755
3 750 755 752
3 752 755 757
3 752 757 753
3 752 753 2939
3 752 2939 754
3 2555 756 755
3 2555 755 747
3 756 758 757
3 756 757 755
3 753 757 759
3 753 759 760
3 758 761 759
3 758 759 757
3 760 759 762
3 760 762 765
3 761 763 762
3 761 762 759
3 763 977 764
3 763 764 762
3 765 762 764
3 765 764 767
3 760 765 766
3 760 766 2938
3 765 767 769
3 765 769 766
3 767 764 979
3 767 979 768
3 767 768 771
3 767 771 769
3 2937 766 769
3 2937 769 770
3 770 769 771
3 770 771 772
3 772 771 773
3 772 773 774
3 768 775 773
3 768 773 771
3 774 773 776
3 774 776 777
3 775 778 776
3 775 776 773
3 777 776 779
3 777 779 780
3 778 781 779
3 778 779 776
3 780 779 782
3 780 782 783
3 781 784 782
3 781 782 779
3 783 782 785
3 783 785 786
3 784 787 785
3 784 785 782
3 786 785 788
3 786 788 789
3 787 790 788
3 787 788 785
3 789 788 791
3 789 791 792
3 790 793 791
3 790 791 788
3 792 791 794
3 792 794 795
3 793 796 794
3 793 794 791
3 795 794 797
3 795 797 798
3 796 799 797
3 796 797 794
3 798 797 800
3 798 800 801
3 799 802 800
3 799 800 797
3 801 800 803
3 801 803 806
3 802 804 803
3 802 803 800
3 804 1008 805
3 804 805 803
3 805 807 806
3 805 806 803
3 801 806 808
3 801 808 809
3 808 806 807
3 808 807 810
3 808 811 812
3 808 812 809
3 808 810 813
3 808 813 811
3 816 812 811
3 816 811 814
3 813 815 814
3 813 814 811
3 817 814 815
3 817 815 820
3 816 814 817
3 816 817 818
3 817 819 2706
3 817 2706 818
3 817 820 822
3 817 822 819
3 820 815 1052
3 820 1052 821
3 820 821 823
3 820 823 822
3 825 819 822
3 825 822 824
3 824 822 823
3 824 823 827
3 825 824 826
3 825 826 3126
3 824 827 829
3 824 829 826
3 827 823 1031
3 827 1031 828
3 827 828 830
3 827 830 829
3 832 826 829
3 832 829 831
3 831 829 830
3 831 830 834
3 832 831 833
3 832 833 3127
3 831 834 836
3 831 836 833
3 834 830 1034
3 834 1034 835
3 834 835 837
3 834 837 836
3 839 833 836
3 839 836 838
3 838 836 837
3 838 837 841
3 839 838 840
3 839 840 2592
3 838 841 843
3 838 843 840
3 841 837 1047
3 841 1047 842
3 841 842 844
3 841 844 843
3 846 840 843
3 846 843 845
3 845 843 844
3 845 844 848
3 846 845 847
3 846 847 2585
3 845 848 849
3 845 849 847
3 848 844 851
3 848 851 850
3 848 850 852
3 848 852 849
3 850 851 856
3 850 856 853
3 850 853 854
3 850 854 852
3 853 855 2560
3 853 2560 854
3 853 856 858
3 853 858 855
3 1048 857 856
3 1048 856 851
3 857 859 858
3 857 858 856
3 859 861 860
3 859 860 858
3 855 858 860
3 855 860 635
3 861 862 634
3 861 634 860
3 859 864 863
3 859 863 861
3 861 863 865
3 861 865 862
3 867 866 863
3 867 863 864
3 866 868 865
3 866 865 863
3 867 870 869
3 867 869 866
3 866 869 872
3 866 872 868
3 1051 871 869
3 1051 869 870
3 871 873 872
3 871 872 869
3 873 876 874
3 873 874 872
3 868 872 874
3 868 874 875
3 875 874 877
3 875 877 878
3 876 671 877
3 876 877 874
3 878 877 666
3 878 666 664
3 875 878 879
3 875 879 881
3 878 664 880
3 878 880 879
3 641 879 880
3 641 880 643
3 639 881 879
3 639 879 641
3 862 865 881
3 862 881 639
3 868 875 881
3 868 881 865
3 643 880 658
3 643 658 655
3 873 883 882
3 873 882 876
3 876 882 673
3 876 673 671
3 884 678 882
3 884 882 883
3 887 884 883
3 887 883 885
3 871 885 883
3 871 883 873
3 1051 886 885
3 1051 885 871
3 889 887 885
3 889 885 886
3 887 888 2559
3 887 2559 884
3 889 891 888
3 889 888 887
3 890 892 891
3 890 891 889
3 890 889 886
3 890 886 1050
3 896 893 891
3 896 891 892
3 893 894 888
3 893 888 891
3 893 895 2558
3 893 2558 894
3 896 898 895
3 896 895 893
3 897 899 898
3 897 898 896
3 897 896 892
3 897 892 1024
3 903 900 898
3 903 898 899
3 900 901 895
3 900 895 898
3 900 902 918
3 900 918 901
3 903 905 902
3 903 902 900
3 904 906 905
3 904 905 903
3 904 903 899
3 904 899 1021
3 909 907 905
3 909 905 906
3 907 908 902
3 907 902 905
3 907 910 913
3 907 913 908
3 909 911 910
3 909 910 907
3 2553 912 910
3 2553 910 911
3 912 914 913
3 912 913 910
3 908 913 915
3 908 915 917
3 914 916 915
3 914 915 913
3 916 920 699
3 916 699 915
3 917 915 699
3 917 699 697
3 908 917 918
3 908 918 902
3 917 697 694
3 917 694 918
3 901 918 694
3 901 694 692
3 914 1100 919
3 914 919 916
3 916 919 921
3 916 921 920
3 920 921 923
3 920 923 700
3 1102 922 921
3 1102 921 919
3 922 924 923
3 922 923 921
3 924 926 925
3 924 925 923
3 700 923 925
3 700 925 702
3 926 928 927
3 926 927 925
3 702 925 927
3 702 927 704
3 704 927 929
3 704 929 930
3 928 931 929
3 928 929 927
3 930 929 932
3 930 932 714
3 931 933 932
3 931 932 929
3 933 935 934
3 933 934 932
3 714 932 934
3 714 934 716
3 716 934 936
3 716 936 718
3 935 937 936
3 935 936 934
3 718 936 938
3 718 938 939
3 937 940 938
3 937 938 936
3 939 938 941
3 939 941 728
3 940 942 941
3 940 941 938
3 942 944 943
3 942 943 941
3 728 941 943
3 728 943 730
3 730 943 945
3 730 945 732
3 944 947 945
3 944 945 943
3 732 945 946
3 732 946 2557
3 947 949 946
3 947 946 945
3 944 1125 948
3 944 948 947
3 947 948 950
3 947 950 949
3 949 951 953
3 949 953 946
3 949 950 954
3 949 954 951
3 951 954 956
3 951 956 952
3 951 952 2556
3 951 2556 953
3 1130 955 954
3 1130 954 950
3 955 957 956
3 955 956 954
3 957 960 958
3 957 958 956
3 952 956 958
3 952 958 959
3 959 958 961
3 959 961 964
3 960 962 961
3 960 961 958
3 962 1144 963
3 962 963 961
3 964 961 963
3 964 963 966
3 959 964 965
3 959 965 2554
3 964 966 968
3 964 968 965
3 966 963 1146
3 966 1146 967
3 966 967 969
3 966 969 968
3 2555 965 968
3 2555 968 756
3 756 968 969
3 756 969 758
3 758 969 970
3 758 970 761
3 967 971 970
3 967 970 969
3 761 970 972
3 761 972 763
3 971 973 972
3 971 972 970
3 763 972 974
3 763 974 977
3 973 975 974
3 973 974 972
3 975 1158 976
3 975 976 974
3 977 974 976
3 977 976 978
3 977 978 979
3 977 979 764
3 978 976 981
3 978 981 980
3 978 980 982
3 978 982 979
3 980 981 984
3 980 984 983
3 980 983 985
3 980 985 982
3 983 984 988
3 983 988 986
3 983 986 989
3 983 989 985
3 986 988 2552
3 986 2552 987
3 986 987 990
3 986 990 989
3 778 985 989
3 778 989 781
3 781 989 990
3 781 990 784
3 784 990 991
3 784 991 787
3 987 992 991
3 987 991 990
3 992 994 993
3 992 993 991
3 787 991 993
3 787 993 790
3 994 996 995
3 994 995 993
3 790 993 995
3 790 995 793
3 996 998 997
3 996 997 995
3 793 995 997
3 793 997 796
3 796 997 999
3 796 999 799
3 998 1000 999
3 998 999 997
3 799 999 1001
3 799 1001 802
3 1000 1002 1001
3 1000 1001 999
3 1003 1001 1002
3 1003 1002 1004
3 802 1001 1003
3 802 1003 804
3 1006 1005 1003
3 1006 1003 1004
3 804 1003 1005
3 804 1005 1008
3 1006 1060 1007
3 1006 1007 1005
3 1007 1009 1008
3 1007 1008 1005
3 805 1008 1009
3 805 1009 1011
3 1007 1058 1010
3 1007 1010 1009
3 1010 1012 1011
3 1010 1011 1009
3 1013 1011 1012
3 1013 1012 1015
3 805 1011 1013
3 805 1013 807
3 1013 1014 810
3 1013 810 807
3 1013 1015 1017
3 1013 1017 1014
3 1015 1012 1054
3 1015 1054 1016
3 1015 1016 1019
3 1015 1019 1017
3 1053 1014 1017
3 1053 1017 1018
3 1018 1017 1019
3 1018 1019 1020
3 1020 1019 1021
3 1020 1021 1022
3 1016 904 1021
3 1016 1021 1019
3 1022 1021 899
3 1022 899 897
3 1020 1022 1023
3 1020 1023 1026
3 1022 897 1024
3 1022 1024 1023
3 1025 1023 1024
3 1025 1024 1049
3 1028 1026 1023
3 1028 1023 1025
3 1029 1027 1026
3 1029 1026 1028
3 1018 1020 1026
3 1018 1026 1027
3 1029 1028 1030
3 1029 1030 1031
3 1028 1025 1032
3 1028 1032 1030
3 828 1031 1030
3 828 1030 1033
3 1033 1030 1032
3 1033 1032 1035
3 828 1033 1034
3 828 1034 830
3 1033 1035 1036
3 1033 1036 1034
3 1035 1037 1040
3 1035 1040 1036
3 1035 1032 1039
3 1035 1039 1037
3 1037 1039 1050
3 1037 1050 1038
3 1037 1038 1041
3 1037 1041 1040
3 1043 1036 1040
3 1043 1040 1042
3 1042 1040 1041
3 1042 1041 1045
3 1043 1042 1044
3 1043 1044 1047
3 1042 1045 1046
3 1042 1046 1044
3 1045 1041 870
3 1045 870 867
3 1045 867 864
3 1045 864 1046
3 1048 1044 1046
3 1048 1046 857
3 857 1046 864
3 857 864 859
3 842 1047 1044
3 842 1044 1048
3 842 1048 851
3 842 851 844
3 835 1043 1047
3 835 1047 837
3 835 1034 1036
3 835 1036 1043
3 1038 1051 870
3 1038 870 1041
3 1049 890 1050
3 1049 1050 1039
3 1025 1049 1039
3 1025 1039 1032
3 1038 1050 886
3 1038 886 1051
3 1049 1024 892
3 1049 892 890
3 821 1029 1031
3 821 1031 823
3 821 1052 1027
3 821 1027 1029
3 1053 1018 1027
3 1053 1027 1052
3 813 1053 1052
3 813 1052 815
3 813 810 1014
3 813 1014 1053
3 1016 1054 906
3 1016 906 904
3 1010 1055 1054
3 1010 1054 1012
3 1055 909 906
3 1055 906 1054
3 1010 1058 1056
3 1010 1056 1055
3 1055 1056 911
3 1055 911 909
3 1057 2553 911
3 1057 911 1056
3 1057 1056 1058
3 1057 1058 1059
3 1007 1060 1059
3 1007 1059 1058
3 1061 1059 1060
3 1061 1060 1064
3 1061 1063 1057
3 1061 1057 1059
3 1061 1062 1095
3 1061 1095 1063
3 1065 1062 1061
3 1065 1061 1064
3 1065 1064 1066
3 1065 1066 1067
3 1006 1066 1064
3 1006 1064 1060
3 1068 1069 1067
3 1068 1067 1066
3 1068 1066 1006
3 1068 1006 1004
3 1070 1072 1069
3 1070 1069 1068
3 1070 1068 1004
3 1070 1004 1002
3 1070 1071 1073
3 1070 1073 1072
3 1000 1071 1070
3 1000 1070 1002
3 1075 1074 1072
3 1075 1072 1073
3 1074 1077 1069
3 1074 1069 1072
3 1075 1186 1076
3 1075 1076 1074
3 1074 1076 1078
3 1074 1078 1077
3 1077 1078 1080
3 1077 1080 1079
3 1077 1079 1067
3 1077 1067 1069
3 1079 1080 1082
3 1079 1082 1081
3 1079 1081 1065
3 1079 1065 1067
3 1085 1083 1081
3 1085 1081 1082
3 1065 1081 1083
3 1065 1083 1062
3 1084 1095 1062
3 1084 1062 1083
3 1085 1087 1084
3 1085 1084 1083
3 1085 1086 1088
3 1085 1088 1087
3 1200 1086 1085
3 1200 1085 1082
3 1090 1089 1087
3 1090 1087 1088
3 1084 1087 1089
3 1084 1089 1092
3 1090 1209 1091
3 1090 1091 1089
3 1091 1093 1092
3 1091 1092 1089
3 1094 1092 1093
3 1094 1093 1097
3 1084 1092 1094
3 1084 1094 1095
3 1094 1096 1063
3 1094 1063 1095
3 1094 1097 1099
3 1094 1099 1096
3 1097 1093 1101
3 1097 1101 1098
3 1097 1098 1100
3 1097 1100 1099
3 2553 1096 1099
3 2553 1099 912
3 912 1099 1100
3 912 1100 914
3 1098 1102 919
3 1098 919 1100
3 1098 1101 1103
3 1098 1103 1102
3 1102 1103 1105
3 1102 1105 922
3 1212 1104 1103
3 1212 1103 1101
3 1104 1106 1105
3 1104 1105 1103
3 1106 1108 1107
3 1106 1107 1105
3 922 1105 1107
3 922 1107 924
3 924 1107 1109
3 924 1109 926
3 1108 1110 1109
3 1108 1109 1107
3 926 1109 1111
3 926 1111 928
3 1110 1112 1111
3 1110 1111 1109
3 928 1111 1113
3 928 1113 931
3 1112 1114 1113
3 1112 1113 1111
3 1114 1116 1115
3 1114 1115 1113
3 931 1113 1115
3 931 1115 933
3 1116 1118 1117
3 1116 1117 1115
3 933 1115 1117
3 933 1117 935
3 1118 1120 1119
3 1118 1119 1117
3 935 1117 1119
3 935 1119 937
3 937 1119 1121
3 937 1121 940
3 1120 1122 1121
3 1120 1121 1119
3 1122 1124 1123
3 1122 1123 1121
3 940 1121 1123
3 940 1123 942
3 1124 1126 1125
3 1124 1125 1123
3 942 1123 1125
3 942 1125 944
3 1126 1128 948
3 1126 948 1125
3 1124 1232 1127
3 1124 1127 1126
3 1126 1127 1129
3 1126 1129 1128
3 1128 1129 1131
3 1128 1131 1130
3 1128 1130 950
3 1128 950 948
3 1130 1131 1133
3 1130 1133 955
3 1236 1132 1131
3 1236 1131 1129
3 1132 1134 1133
3 1132 1133 1131
3 1134 1136 1135
3 1134 1135 1133
3 955 1133 1135
3 955 1135 957
3 1136 1138 1137
3 1136 1137 1135
3 957 1135 1137
3 957 1137 960
3 960 1137 1139
3 960 1139 962
3 1138 1140 1139
3 1138 1139 1137
3 1140 1142 1141
3 1140 1141 1139
3 962 1139 1141
3 962 1141 1144
3 1142 1256 1143
3 1142 1143 1141
3 1144 1141 1143
3 1144 1143 1145
3 1144 1145 1146
3 1144 1146 963
3 1145 1143 1148
3 1145 1148 1147
3 1145 1147 1149
3 1145 1149 1146
3 1147 1148 1151
3 1147 1151 1150
3 1147 1150 1152
3 1147 1152 1149
3 1150 1151 1155
3 1150 1155 1153
3 1150 1153 1156
3 1150 1156 1152
3 1153 1155 1263
3 1153 1263 1154
3 1153 1154 1157
3 1153 1157 1156
3 973 1152 1156
3 973 1156 975
3 975 1156 1157
3 975 1157 1158
3 1158 1157 1159
3 1158 1159 1162
3 1154 1160 1159
3 1154 1159 1157
3 1160 2550 1161
3 1160 1161 1159
3 1162 1159 1161
3 1162 1161 1163
3 1158 1162 981
3 1158 981 976
3 1162 1163 984
3 1162 984 981
3 1163 1164 988
3 1163 988 984
3 1163 1161 1166
3 1163 1166 1164
3 1164 1166 1168
3 1164 1168 1165
3 1164 1165 2552
3 1164 2552 988
3 2550 1167 1166
3 2550 1166 1161
3 1167 1169 1168
3 1167 1168 1166
3 1165 1168 1170
3 1165 1170 1171
3 1169 1172 1170
3 1169 1170 1168
3 1171 1170 1173
3 1171 1173 1176
3 1172 1174 1173
3 1172 1173 1170
3 1174 1184 1175
3 1174 1175 1173
3 1176 1173 1175
3 1176 1175 1178
3 1171 1176 1177
3 1171 1177 2551
3 1176 1178 1180
3 1176 1180 1177
3 1178 1175 1182
3 1178 1182 1179
3 1178 1179 1181
3 1178 1181 1180
3 994 1177 1180
3 994 1180 996
3 996 1180 1181
3 996 1181 998
3 998 1181 1071
3 998 1071 1000
3 1179 1073 1071
3 1179 1071 1181
3 1179 1182 1075
3 1179 1075 1073
3 1075 1182 1183
3 1075 1183 1186
3 1184 1183 1182
3 1184 1182 1175
3 1184 1290 1185
3 1184 1185 1183
3 1185 1187 1186
3 1185 1186 1183
3 1187 1189 1076
3 1187 1076 1186
3 1187 1188 1190
3 1187 1190 1189
3 1185 1291 1188
3 1185 1188 1187
3 1189 1190 1193
3 1189 1193 1191
3 1189 1191 1078
3 1189 1078 1076
3 1191 1192 1080
3 1191 1080 1078
3 1191 1193 1195
3 1191 1195 1192
3 1301 1194 1193
3 1301 1193 1190
3 1194 1196 1195
3 1194 1195 1193
3 1192 1195 1197
3 1192 1197 1200
3 1196 1198 1197
3 1196 1197 1195
3 1201 1199 1197
3 1201 1197 1198
3 1200 1197 1199
3 1200 1199 1086
3 1192 1200 1082
3 1192 1082 1080
3 1201 1203 1202
3 1201 1202 1199
3 1202 1088 1086
3 1202 1086 1199
3 1202 1204 1090
3 1202 1090 1088
3 1202 1203 1205
3 1202 1205 1204
3 1207 1206 1204
3 1207 1204 1205
3 1090 1204 1206
3 1090 1206 1209
3 1207 2537 1208
3 1207 1208 1206
3 1208 1210 1209
3 1208 1209 1206
3 1091 1209 1210
3 1091 1210 1212
3 1212 1210 1211
3 1212 1211 1104
3 1208 1213 1211
3 1208 1211 1210
3 1091 1212 1101
3 1091 1101 1093
3 1213 1215 1214
3 1213 1214 1211
3 1104 1211 1214
3 1104 1214 1106
3 1215 1217 1216
3 1215 1216 1214
3 1106 1214 1216
3 1106 1216 1108
3 1217 1219 1218
3 1217 1218 1216
3 1108 1216 1218
3 1108 1218 1110
3 1219 1221 1220
3 1219 1220 1218
3 1110 1218 1220
3 1110 1220 1112
3 1112 1220 1222
3 1112 1222 1114
3 1221 1223 1222
3 1221 1222 1220
3 1223 1225 1224
3 1223 1224 1222
3 1114 1222 1224
3 1114 1224 1116
3 1225 1227 1226
3 1225 1226 1224
3 1116 1224 1226
3 1116 1226 1118
3 1227 1229 1228
3 1227 1228 1226
3 1118 1226 1228
3 1118 1228 1120
3 1120 1228 1230
3 1120 1230 1122
3 1229 1231 1230
3 1229 1230 1228
3 1231 1233 1232
3 1231 1232 1230
3 1122 1230 1232
3 1122 1232 1124
3 1233 1235 1127
3 1233 1127 1232
3 1233 1234 1237
3 1233 1237 1235
3 1231 1393 1234
3 1231 1234 1233
3 1235 1236 1129
3 1235 1129 1127
3 1235 1237 1239
3 1235 1239 1236
3 1400 1238 1237
3 1400 1237 1234
3 1238 1240 1239
3 1238 1239 1237
3 1236 1239 1241
3 1236 1241 1132
3 1240 1242 1241
3 1240 1241 1239
3 1132 1241 1243
3 1132 1243 1134
3 1242 1244 1243
3 1242 1243 1241
3 1134 1243 1245
3 1134 1245 1136
3 1244 1246 1245
3 1244 1245 1243
3 1136 1245 1247
3 1136 1247 1138
3 1246 1248 1247
3 1246 1247 1245
3 1248 1250 1249
3 1248 1249 1247
3 1138 1247 1249
3 1138 1249 1140
3 1250 1252 1251
3 1250 1251 1249
3 1140 1249 1251
3 1140 1251 1142
3 1252 1254 1253
3 1252 1253 1251
3 1142 1251 1253
3 1142 1253 1256
3 1254 1419 1255
3 1254 1255 1253
3 1256 1253 1255
3 1256 1255 1257
3 1256 1257 1148
3 1256 1148 1143
3 1257 1258 1151
3 1257 1151 1148
3 1257 1255 1259
3 1257 1259 1258
3 1258 1259 1261
3 1258 1261 1260
3 1258 1260 1155
3 1258 1155 1151
3 1260 1261 1265
3 1260 1265 1262
3 1260 1262 1263
3 1260 1263 1155
3 1262 1264 2549
3 1262 2549 1263
3 1262 1265 1267
3 1262 1267 1264
3 1425 1266 1265
3 1425 1265 1261
3 1266 1268 1267
3 1266 1267 1265
3 1268 1270 1269
3 1268 1269 1267
3 1264 1267 1269
3 1264 1269 1272
3 1270 1434 1271
3 1270 1271 1269
3 1272 1269 1271
3 1272 1271 1274
3 1264 1272 1273
3 1264 1273 2549
3 1272 1274 1275
3 1272 1275 1273
3 1274 1271 1279
3 1274 1279 1276
3 1274 1276 1277
3 1274 1277 1275
3 1276 1278 1293
3 1276 1293 1277
3 1276 1279 1281
3 1276 1281 1278
3 1434 1280 1279
3 1434 1279 1271
3 1280 1282 1281
3 1280 1281 1279
3 1282 1284 1283
3 1282 1283 1281
3 1278 1281 1283
3 1278 1283 1285
3 1286 1283 1284
3 1286 1284 1288
3 1285 1283 1286
3 1285 1286 1289
3 1286 1288 1295
3 1286 1295 1287
3 1286 1287 1291
3 1286 1291 1289
3 1285 1289 1290
3 1285 1290 1292
3 1185 1290 1289
3 1185 1289 1291
3 1287 1300 1188
3 1287 1188 1291
3 1174 1292 1290
3 1174 1290 1184
3 1172 1293 1292
3 1172 1292 1174
3 1278 1285 1292
3 1278 1292 1293
3 1169 1277 1293
3 1169 1293 1172
3 1439 1294 1288
3 1439 1288 1284
3 1294 1296 1295
3 1294 1295 1288
3 1296 1298 1297
3 1296 1297 1295
3 1287 1295 1297
3 1287 1297 1300
3 1298 1302 1299
3 1298 1299 1297
3 1300 1297 1299
3 1300 1299 1301
3 1300 1301 1190
3 1300 1190 1188
3 1301 1299 1303
3 1301 1303 1194
3 1302 1304 1303
3 1302 1303 1299
3 1304 1306 1305
3 1304 1305 1303
3 1194 1303 1305
3 1194 1305 1196
3 1307 1305 1306
3 1307 1306 1308
3 1196 1305 1307
3 1196 1307 1198
3 1307 1308 1310
3 1307 1310 1309
3 1307 1309 1201
3 1307 1201 1198
3 1313 1311 1309
3 1313 1309 1310
3 1201 1309 1311
3 1201 1311 1203
3 1312 1205 1203
3 1312 1203 1311
3 1313 1314 1312
3 1313 1312 1311
3 1313 1315 1317
3 1313 1317 1314
3 1318 1315 1313
3 1318 1313 1310
3 1318 1320 1316
3 1318 1316 1315
3 2543 1317 1315
3 2543 1315 1316
3 1318 1310 1308
3 1318 1308 1319
3 1322 1320 1318
3 1322 1318 1319
3 1322 1324 1321
3 1322 1321 1320
3 2545 1316 1320
3 2545 1320 1321
3 1454 1323 1322
3 1454 1322 1319
3 1322 1323 1325
3 1322 1325 1324
3 1328 1326 1324
3 1328 1324 1325
3 1326 1329 1321
3 1326 1321 1324
3 1326 1327 1331
3 1326 1331 1329
3 1328 1462 1327
3 1328 1327 1326
3 1329 1330 2545
3 1329 2545 1321
3 1329 1331 1333
3 1329 1333 1330
3 1464 1332 1331
3 1464 1331 1327
3 1332 1334 1333
3 1332 1333 1331
3 1334 1338 1335
3 1334 1335 1333
3 1335 1336 1330
3 1335 1330 1333
3 1335 1337 2546
3 1335 2546 1336
3 1335 1338 1340
3 1335 1340 1337
3 1334 1472 1339
3 1334 1339 1338
3 1342 1340 1338
3 1342 1338 1339
3 1341 1357 1337
3 1341 1337 1340
3 1342 1343 1341
3 1342 1341 1340
3 1342 1344 1347
3 1342 1347 1343
3 1346 1344 1342
3 1346 1342 1339
3 1346 1477 1345
3 1346 1345 1344
3 1348 1347 1344
3 1348 1344 1345
3 1348 1350 1349
3 1348 1349 1347
3 1349 1352 1343
3 1349 1343 1347
3 1349 1350 1492
3 1349 1492 1351
3 1349 1351 1353
3 1349 1353 1352
3 1341 1343 1352
3 1341 1352 1354
3 1353 1355 1354
3 1353 1354 1352
3 1356 1354 1355
3 1356 1355 1359
3 1341 1354 1356
3 1341 1356 1357
3 1356 1358 2548
3 1356 2548 1357
3 1356 1359 1360
3 1356 1360 1358
3 1362 1361 1359
3 1362 1359 1355
3 1360 1359 1361
3 1360 1361 1364
3 1362 1797 1363
3 1362 1363 1361
3 1363 1366 1364
3 1363 1364 1361
3 1365 1364 1366
3 1365 1366 1368
3 1360 1364 1365
3 1360 1365 2525
3 1363 1783 1367
3 1363 1367 1366
3 1368 1366 1367
3 1368 1367 1370
3 1365 1368 1369
3 1365 1369 2523
3 1368 1370 1372
3 1368 1372 1369
3 1370 1367 1778
3 1370 1778 1371
3 1370 1371 1373
3 1370 1373 1372
3 1375 1369 1372
3 1375 1372 1374
3 1374 1372 1373
3 1374 1373 1377
3 1375 1374 1376
3 1375 1376 2515
3 1374 1377 1378
3 1374 1378 1376
3 1377 1373 1381
3 1377 1381 1379
3 1377 1379 1382
3 1377 1382 1378
3 1379 1381 1771
3 1379 1771 1380
3 1379 1380 1383
3 1379 1383 1382
3 1385 1378 1382
3 1385 1382 1384
3 1384 1382 1383
3 1384 1383 1387
3 1385 1384 1386
3 1385 1386 2510
3 1384 1387 1388
3 1384 1388 1386
3 1387 1383 1391
3 1387 1391 1389
3 1387 1389 1392
3 1387 1392 1388
3 1389 1391 1395
3 1389 1395 1390
3 1389 1390 1393
3 1389 1393 1392
3 1227 1388 1392
3 1227 1392 1229
3 1229 1392 1393
3 1229 1393 1231
3 1390 1400 1234
3 1390 1234 1393
3 1380 1394 1391
3 1380 1391 1383
3 1394 1396 1395
3 1394 1395 1391
3 1396 1398 1397
3 1396 1397 1395
3 1390 1395 1397
3 1390 1397 1400
3 1398 1401 1399
3 1398 1399 1397
3 1400 1397 1399
3 1400 1399 1238
3 1401 1403 1402
3 1401 1402 1399
3 1238 1399 1402
3 1238 1402 1240
3 1403 1405 1404
3 1403 1404 1402
3 1240 1402 1404
3 1240 1404 1242
3 1405 1407 1406
3 1405 1406 1404
3 1242 1404 1406
3 1242 1406 1244
3 1407 1409 1408
3 1407 1408 1406
3 1244 1406 1408
3 1244 1408 1246
3 1409 1411 1410
3 1409 1410 1408
3 1246 1408 1410
3 1246 1410 1248
3 1248 1410 1412
3 1248 1412 1250
3 1411 1413 1412
3 1411 1412 1410
3 1250 1412 1414
3 1250 1414 1252
3 1413 1415 1414
3 1413 1414 1412
3 1252 1414 1416
3 1252 1416 1254
3 1415 1417 1416
3 1415 1416 1414
3 1254 1416 1418
3 1254 1418 1419
3 1417 1420 1418
3 1417 1418 1416
3 1419 1418 1421
3 1419 1421 1422
3 1420 1423 1421
3 1420 1421 1418
3 1422 1421 1424
3 1422 1424 1425
3 1423 1426 1424
3 1423 1424 1421
3 1425 1424 1427
3 1425 1427 1266
3 1426 1428 1427
3 1426 1427 1424
3 1266 1427 1429
3 1266 1429 1268
3 1428 1430 1429
3 1428 1429 1427
3 1268 1429 1431
3 1268 1431 1270
3 1430 1432 1431
3 1430 1431 1429
3 1270 1431 1433
3 1270 1433 1434
3 1432 1435 1433
3 1432 1433 1431
3 1434 1433 1436
3 1434 1436 1280
3 1435 1437 1436
3 1435 1436 1433
3 1280 1436 1438
3 1280 1438 1282
3 1437 1440 1438
3 1437 1438 1436
3 1282 1438 1439
3 1282 1439 1284
3 1439 1438 1440
3 1439 1440 1442
3 1437 1654 1441
3 1437 1441 1440
3 1441 1443 1442
3 1441 1442 1440
3 1443 1445 1444
3 1443 1444 1442
3 1439 1442 1444
3 1439 1444 1294
3 1445 1447 1446
3 1445 1446 1444
3 1294 1444 1446
3 1294 1446 1296
3 1447 1449 1448
3 1447 1448 1446
3 1296 1446 1448
3 1296 1448 1298
3 1449 1451 1450
3 1449 1450 1448
3 1298 1448 1450
3 1298 1450 1302
3 1451 1453 1452
3 1451 1452 1450
3 1302 1450 1452
3 1302 1452 1304
3 1454 1452 1453
3 1454 1453 1323
3 1304 1452 1454
3 1304 1454 1306
3 1454 1319 1308
3 1454 1308 1306
3 1455 1325 1323
3 1455 1323 1453
3 1451 1456 1455
3 1451 1455 1453
3 1455 1456 1458
3 1455 1458 1457
3 1455 1457 1328
3 1455 1328 1325
3 1460 1459 1457
3 1460 1457 1458
3 1328 1457 1459
3 1328 1459 1462
3 1460 1614 1461
3 1460 1461 1459
3 1461 1463 1462
3 1461 1462 1459
3 1463 1464 1327
3 1463 1327 1462
3 1463 1465 1468
3 1463 1468 1464
3 1461 1466 1465
3 1461 1465 1463
3 1604 1467 1465
3 1604 1465 1466
3 1467 1469 1468
3 1467 1468 1465
3 1469 1471 1470
3 1469 1470 1468
3 1464 1468 1470
3 1464 1470 1332
3 1471 1473 1472
3 1471 1472 1470
3 1332 1470 1472
3 1332 1472 1334
3 1473 1346 1339
3 1473 1339 1472
3 1471 1475 1474
3 1471 1474 1473
3 1473 1474 1477
3 1473 1477 1346
3 1816 1476 1474
3 1816 1474 1475
3 1476 1478 1477
3 1476 1477 1474
3 1478 1479 1345
3 1478 1345 1477
3 1478 1480 1483
3 1478 1483 1479
3 1476 1481 1480
3 1476 1480 1478
3 1823 1482 1480
3 1823 1480 1481
3 1482 1484 1483
3 1482 1483 1480
3 1484 1486 1485
3 1484 1485 1483
3 1479 1483 1485
3 1479 1485 1488
3 1486 1835 1487
3 1486 1487 1485
3 1487 1489 1488
3 1487 1488 1485
3 1348 1488 1489
3 1348 1489 1350
3 1479 1488 1348
3 1479 1348 1345
3 1487 1493 1490
3 1487 1490 1489
3 1490 1492 1350
3 1490 1350 1489
3 1490 1493 1495
3 1490 1495 1491
3 1490 1491 1795
3 1490 1795 1492
3 1487 1835 1494
3 1487 1494 1493
3 1496 1495 1493
3 1496 1493 1494
3 1496 1499 1497
3 1496 1497 1495
3 1497 1498 1491
3 1497 1491 1495
3 1497 1500 1503
3 1497 1503 1498
3 1497 1499 1501
3 1497 1501 1500
3 2509 1502 1500
3 2509 1500 1501
3 1503 1500 1502
3 1503 1502 1505
3 1503 1504 1794
3 1503 1794 1498
3 1503 1505 1506
3 1503 1506 1504
3 1510 1507 1505
3 1510 1505 1502
3 1506 1505 1507
3 1506 1507 1509
3 1509 1507 1508
3 1509 1508 1811
3 1510 1512 1508
3 1510 1508 1507
3 1510 1511 1514
3 1510 1514 1512
3 2509 1511 1510
3 2509 1510 1502
3 1512 1513 1810
3 1512 1810 1508
3 1512 1514 1516
3 1512 1516 1513
3 1515 1517 1516
3 1515 1516 1514
3 1515 1514 1511
3 1515 1511 2508
3 1517 1519 1518
3 1517 1518 1516
3 1513 1516 1518
3 1513 1518 1521
3 1519 1925 1520
3 1519 1520 1518
3 1521 1518 1520
3 1521 1520 1523
3 1513 1521 1522
3 1513 1522 1810
3 1521 1523 1525
3 1521 1525 1522
3 1523 1520 1931
3 1523 1931 1524
3 1523 1524 1527
3 1523 1527 1525
3 1808 1522 1525
3 1808 1525 1526
3 1526 1525 1527
3 1526 1527 1528
3 1528 1527 1529
3 1528 1529 1530
3 1524 1531 1529
3 1524 1529 1527
3 1530 1529 1532
3 1530 1532 1533
3 1531 1534 1532
3 1531 1532 1529
3 1533 1532 1535
3 1533 1535 1536
3 1534 1537 1535
3 1534 1535 1532
3 1536 1535 1538
3 1536 1538 1539
3 1537 1540 1538
3 1537 1538 1535
3 1539 1538 1541
3 1539 1541 1542
3 1540 1543 1541
3 1540 1541 1538
3 1542 1541 1544
3 1542 1544 1545
3 1543 1546 1544
3 1543 1544 1541
3 1545 1544 1547
3 1545 1547 1548
3 1546 1549 1547
3 1546 1547 1544
3 1548 1547 1550
3 1548 1550 1551
3 1549 1552 1550
3 1549 1550 1547
3 1551 1550 1553
3 1551 1553 1554
3 1552 1555 1553
3 1552 1553 1550
3 1554 1553 1556
3 1554 1556 1557
3 1555 1558 1556
3 1555 1556 1553
3 1557 1556 1559
3 1557 1559 1560
3 1558 1561 1559
3 1558 1559 1556
3 1560 1559 1562
3 1560 1562 1563
3 1561 1565 1562
3 1561 1562 1559
3 1563 1562 1564
3 1563 1564 1692
3 1564 1562 1565
3 1564 1565 1567
3 1561 1952 1566
3 1561 1566 1565
3 1566 1568 1567
3 1566 1567 1565
3 1568 1570 1569
3 1568 1569 1567
3 1564 1567 1569
3 1564 1569 1572
3 1570 1964 1571
3 1570 1571 1569
3 1572 1569 1571
3 1572 1571 1574
3 1572 1574 1575
3 1572 1575 1573
3 1564 1572 1573
3 1564 1573 1692
3 1574 1571 1577
3 1574 1577 1576
3 1574 1576 1578
3 1574 1578 1575
3 1576 1577 1580
3 1576 1580 1579
3 1576 1579 1581
3 1576 1581 1578
3 1579 1580 1585
3 1579 1585 1582
3 1579 1582 1583
3 1579 1583 1581
3 1582 1584 1635
3 1582 1635 1583
3 1582 1585 1587
3 1582 1587 1584
3 1966 1586 1585
3 1966 1585 1580
3 1587 1585 1586
3 1587 1586 1588
3 1587 1588 1591
3 1587 1591 1589
3 1587 1589 1590
3 1587 1590 1584
3 1595 1590 1589
3 1595 1589 1592
3 1591 1593 1592
3 1591 1592 1589
3 1594 1592 1593
3 1594 1593 1993
3 1595 1592 1594
3 1595 1594 1597
3 1595 1597 1598
3 1595 1598 1596
3 1636 1590 1595
3 1636 1595 1596
3 1602 1598 1597
3 1602 1597 1599
3 1594 1600 1599
3 1594 1599 1597
3 1600 1819 1601
3 1600 1601 1599
3 1601 1603 1602
3 1601 1602 1599
3 1604 1602 1603
3 1604 1603 1467
3 1605 1598 1602
3 1605 1602 1604
3 1605 1604 1466
3 1605 1466 1606
3 1609 1607 1605
3 1609 1605 1606
3 1605 1607 1596
3 1605 1596 1598
3 1609 1610 1608
3 1609 1608 1607
3 1636 1596 1607
3 1636 1607 1608
3 1612 1610 1609
3 1612 1609 1611
3 1609 1606 1614
3 1609 1614 1611
3 1612 1611 1613
3 1612 1613 1615
3 1460 1613 1611
3 1460 1611 1614
3 1461 1614 1606
3 1461 1606 1466
3 1618 1615 1613
3 1618 1613 1616
3 1616 1613 1460
3 1616 1460 1458
3 1616 1458 1456
3 1616 1456 1617
3 1618 1616 1617
3 1618 1617 1620
3 1619 1629 1615
3 1619 1615 1618
3 1619 1618 1620
3 1619 1620 1621
3 1445 1621 1620
3 1445 1620 1447
3 1447 1620 1617
3 1447 1617 1449
3 1443 1622 1621
3 1443 1621 1445
3 1624 1619 1621
3 1624 1621 1622
3 1441 1623 1622
3 1441 1622 1443
3 1625 1624 1622
3 1625 1622 1623
3 1625 1627 1626
3 1625 1626 1624
3 1624 1626 1629
3 1624 1629 1619
3 1641 1628 1626
3 1641 1626 1627
3 1628 1630 1629
3 1628 1629 1626
3 1630 1612 1615
3 1630 1615 1629
3 1630 1631 1610
3 1630 1610 1612
3 1628 1632 1631
3 1628 1631 1630
3 1634 1633 1631
3 1634 1631 1632
3 1633 1608 1610
3 1633 1610 1631
3 1634 1583 1635
3 1634 1635 1633
3 1633 1635 1636
3 1633 1636 1608
3 1636 1635 1584
3 1636 1584 1590
3 1637 1634 1632
3 1637 1632 1639
3 1637 1581 1583
3 1637 1583 1634
3 1638 1578 1581
3 1638 1581 1637
3 1638 1637 1639
3 1638 1639 1640
3 1642 1640 1639
3 1642 1639 1641
3 1641 1639 1632
3 1641 1632 1628
3 1642 1641 1627
3 1642 1627 1644
3 1643 1687 1640
3 1643 1640 1642
3 1643 1642 1644
3 1643 1644 1645
3 1646 1648 1645
3 1646 1645 1644
3 1646 1644 1627
3 1646 1627 1625
3 1646 1625 1623
3 1646 1623 1647
3 1650 1648 1646
3 1650 1646 1647
3 1651 1649 1648
3 1651 1648 1650
3 1689 1645 1648
3 1689 1648 1649
3 1651 1650 1652
3 1651 1652 1653
3 1650 1647 1654
3 1650 1654 1652
3 1432 1653 1652
3 1432 1652 1435
3 1435 1652 1654
3 1435 1654 1437
3 1441 1654 1647
3 1441 1647 1623
3 1657 1651 1653
3 1657 1653 1655
3 1430 1655 1653
3 1430 1653 1432
3 1428 1656 1655
3 1428 1655 1430
3 1659 1657 1655
3 1659 1655 1656
3 1657 1658 1649
3 1657 1649 1651
3 1659 1660 1658
3 1659 1658 1657
3 1661 1664 1660
3 1661 1660 1659
3 1661 1659 1656
3 1661 1656 1663
3 1662 1665 1664
3 1662 1664 1661
3 1662 1661 1663
3 1662 1663 1713
3 1669 1666 1664
3 1669 1664 1665
3 1666 1667 1660
3 1666 1660 1664
3 1666 1668 1682
3 1666 1682 1667
3 1669 1671 1668
3 1669 1668 1666
3 1670 1672 1671
3 1670 1671 1669
3 1670 1669 1665
3 1670 1665 1702
3 1675 1673 1671
3 1675 1671 1672
3 1673 1674 1668
3 1673 1668 1671
3 1673 1676 1678
3 1673 1678 1674
3 1675 1677 1676
3 1675 1676 1673
3 1554 1557 1676
3 1554 1676 1677
3 1557 1560 1678
3 1557 1678 1676
3 1560 1563 1679
3 1560 1679 1678
3 1674 1678 1679
3 1674 1679 1681
3 1563 1692 1680
3 1563 1680 1679
3 1681 1679 1680
3 1681 1680 1683
3 1674 1681 1682
3 1674 1682 1668
3 1681 1683 1684
3 1681 1684 1682
3 1683 1680 1686
3 1683 1686 1685
3 1683 1685 1688
3 1683 1688 1684
3 1686 1691 1687
3 1686 1687 1685
3 1643 1688 1685
3 1643 1685 1687
3 1690 1684 1688
3 1690 1688 1689
3 1689 1688 1643
3 1689 1643 1645
3 1690 1689 1649
3 1690 1649 1658
3 1667 1682 1684
3 1667 1684 1690
3 1667 1690 1658
3 1667 1658 1660
3 1691 1638 1640
3 1691 1640 1687
3 1686 1573 1575
3 1686 1575 1691
3 1691 1575 1578
3 1691 1578 1638
3 1686 1680 1692
3 1686 1692 1573
3 1695 1693 1677
3 1695 1677 1675
3 1551 1554 1677
3 1551 1677 1693
3 1696 1694 1693
3 1696 1693 1695
3 1548 1551 1693
3 1548 1693 1694
3 1696 1695 1697
3 1696 1697 1698
3 1695 1675 1672
3 1695 1672 1697
3 1700 1698 1697
3 1700 1697 1699
3 1699 1697 1672
3 1699 1672 1670
3 1700 1699 1701
3 1700 1701 1704
3 1699 1670 1702
3 1699 1702 1701
3 1703 1701 1702
3 1703 1702 1712
3 1706 1704 1701
3 1706 1701 1703
3 1707 1705 1704
3 1707 1704 1706
3 1747 1700 1704
3 1747 1704 1705
3 1707 1706 1708
3 1707 1708 1709
3 1706 1703 1710
3 1706 1710 1708
3 1413 1709 1708
3 1413 1708 1415
3 1415 1708 1710
3 1415 1710 1417
3 1703 1712 1711
3 1703 1711 1710
3 1417 1710 1711
3 1417 1711 1420
3 1712 1662 1713
3 1712 1713 1711
3 1420 1711 1713
3 1420 1713 1423
3 1423 1713 1663
3 1423 1663 1426
3 1712 1702 1665
3 1712 1665 1662
3 1716 1707 1709
3 1716 1709 1714
3 1411 1714 1709
3 1411 1709 1413
3 1409 1715 1714
3 1409 1714 1411
3 1718 1716 1714
3 1718 1714 1715
3 1716 1717 1705
3 1716 1705 1707
3 1718 1719 1717
3 1718 1717 1716
3 1720 1723 1719
3 1720 1719 1718
3 1720 1718 1715
3 1720 1715 1722
3 1721 1724 1723
3 1721 1723 1720
3 1721 1720 1722
3 1721 1722 1769
3 1728 1725 1723
3 1728 1723 1724
3 1725 1726 1719
3 1725 1719 1723
3 1725 1727 1741
3 1725 1741 1726
3 1728 1730 1727
3 1728 1727 1725
3 1729 1731 1730
3 1729 1730 1728
3 1729 1728 1724
3 1729 1724 1758
3 1734 1732 1730
3 1734 1730 1731
3 1732 1733 1727
3 1732 1727 1730
3 1732 1735 1737
3 1732 1737 1733
3 1734 1736 1735
3 1734 1735 1732
3 1530 1533 1735
3 1530 1735 1736
3 1533 1536 1737
3 1533 1737 1735
3 1733 1737 1738
3 1733 1738 1740
3 1536 1539 1738
3 1536 1738 1737
3 1539 1542 1739
3 1539 1739 1738
3 1740 1738 1739
3 1740 1739 1742
3 1733 1740 1741
3 1733 1741 1727
3 1740 1742 1743
3 1740 1743 1741
3 1742 1739 1745
3 1742 1745 1744
3 1742 1744 1746
3 1742 1746 1743
3 1744 1745 1694
3 1744 1694 1696
3 1744 1696 1698
3 1744 1698 1746
3 1748 1743 1746
3 1748 1746 1747
3 1747 1746 1698
3 1747 1698 1700
3 1748 1747 1705
3 1748 1705 1717
3 1726 1741 1743
3 1726 1743 1748
3 1726 1748 1717
3 1726 1717 1719
3 1542 1545 1745
3 1542 1745 1739
3 1545 1548 1694
3 1545 1694 1745
3 1751 1749 1736
3 1751 1736 1734
3 1528 1530 1736
3 1528 1736 1749
3 1752 1750 1749
3 1752 1749 1751
3 1526 1528 1749
3 1526 1749 1750
3 1752 1751 1753
3 1752 1753 1754
3 1751 1734 1731
3 1751 1731 1753
3 1756 1754 1753
3 1756 1753 1755
3 1755 1753 1731
3 1755 1731 1729
3 1756 1755 1757
3 1756 1757 1760
3 1755 1729 1758
3 1755 1758 1757
3 1759 1757 1758
3 1759 1758 1768
3 1762 1760 1757
3 1762 1757 1759
3 1763 1761 1760
3 1763 1760 1762
3 1812 1756 1760
3 1812 1760 1761
3 1763 1762 1764
3 1763 1764 1765
3 1762 1759 1766
3 1762 1766 1764
3 1396 1765 1764
3 1396 1764 1398
3 1398 1764 1766
3 1398 1766 1401
3 1759 1768 1767
3 1759 1767 1766
3 1401 1766 1767
3 1401 1767 1403
3 1768 1721 1769
3 1768 1769 1767
3 1403 1767 1769
3 1403 1769 1405
3 1405 1769 1722
3 1405 1722 1407
3 1768 1758 1724
3 1768 1724 1721
3 1772 1763 1765
3 1772 1765 1770
3 1394 1770 1765
3 1394 1765 1396
3 1380 1771 1770
3 1380 1770 1394
3 1774 1772 1770
3 1774 1770 1771
3 1772 1773 1761
3 1772 1761 1763
3 1774 1775 1773
3 1774 1773 1772
3 1776 1777 1775
3 1776 1775 1774
3 1776 1774 1771
3 1776 1771 1381
3 1371 1778 1777
3 1371 1777 1776
3 1371 1776 1381
3 1371 1381 1373
3 1782 1779 1777
3 1782 1777 1778
3 1779 1780 1775
3 1779 1775 1777
3 1779 1781 1800
3 1779 1800 1780
3 1782 1784 1781
3 1782 1781 1779
3 1783 1785 1784
3 1783 1784 1782
3 1783 1782 1778
3 1783 1778 1367
3 1789 1786 1784
3 1789 1784 1785
3 1786 1788 1781
3 1786 1781 1784
3 1786 1787 1798
3 1786 1798 1788
3 1789 1791 1787
3 1789 1787 1786
3 1789 1785 1797
3 1789 1797 1790
3 1792 1791 1789
3 1792 1789 1790
3 1792 1794 1504
3 1792 1504 1791
3 1506 1787 1791
3 1506 1791 1504
3 1792 1790 1796
3 1792 1796 1793
3 1795 1794 1792
3 1795 1792 1793
3 1795 1491 1498
3 1795 1498 1794
3 1795 1793 1351
3 1795 1351 1492
3 1353 1351 1793
3 1353 1793 1796
3 1362 1796 1790
3 1362 1790 1797
3 1353 1796 1362
3 1353 1362 1355
3 1363 1797 1785
3 1363 1785 1783
3 1788 1799 1800
3 1788 1800 1781
3 1788 1798 1801
3 1788 1801 1799
3 1799 1802 1804
3 1799 1804 1800
3 1799 1801 1803
3 1799 1803 1802
3 1802 1803 1807
3 1802 1807 1805
3 1802 1805 1806
3 1802 1806 1804
3 1805 1807 1750
3 1805 1750 1752
3 1805 1752 1754
3 1805 1754 1806
3 1809 1808 1807
3 1809 1807 1803
3 1808 1526 1750
3 1808 1750 1807
3 1809 1810 1522
3 1809 1522 1808
3 1811 1508 1810
3 1811 1810 1809
3 1811 1809 1803
3 1811 1803 1801
3 1509 1811 1801
3 1509 1801 1798
3 1813 1804 1806
3 1813 1806 1812
3 1812 1806 1754
3 1812 1754 1756
3 1813 1812 1761
3 1813 1761 1773
3 1780 1800 1804
3 1780 1804 1813
3 1780 1813 1773
3 1780 1773 1775
3 1506 1509 1798
3 1506 1798 1787
3 1407 1722 1715
3 1407 1715 1409
3 1426 1663 1656
3 1426 1656 1428
3 1449 1617 1456
3 1449 1456 1451
3 1467 1603 1814
3 1467 1814 1469
3 1601 1815 1814
3 1601 1814 1603
3 1815 1816 1475
3 1815 1475 1814
3 1469 1814 1475
3 1469 1475 1471
3 1815 1817 1820
3 1815 1820 1816
3 1601 1819 1817
3 1601 1817 1815
3 1818 1821 1820
3 1818 1820 1817
3 1818 1817 1819
3 1818 1819 1992
3 1821 1823 1481
3 1821 1481 1820
3 1816 1820 1481
3 1816 1481 1476
3 1818 1994 1822
3 1818 1822 1821
3 1821 1822 1824
3 1821 1824 1823
3 1823 1824 1826
3 1823 1826 1482
3 1825 1827 1826
3 1825 1826 1824
3 1997 1825 1824
3 1997 1824 1822
3 1827 1829 1828
3 1827 1828 1826
3 1482 1826 1828
3 1482 1828 1484
3 1484 1828 1830
3 1484 1830 1486
3 1829 1831 1830
3 1829 1830 1828
3 1486 1830 1832
3 1486 1832 1835
3 1831 1833 1832
3 1831 1832 1830
3 1833 1836 1834
3 1833 1834 1832
3 1834 1494 1835
3 1834 1835 1832
3 1834 1837 1496
3 1834 1496 1494
3 1834 1836 1838
3 1834 1838 1837
3 1840 1839 1837
3 1840 1837 1838
3 1496 1837 1839
3 1496 1839 1499
3 1840 1843 1841
3 1840 1841 1839
3 1841 1501 1499
3 1841 1499 1839
3 1841 1842 2509
3 1841 2509 1501
3 1841 1843 1845
3 1841 1845 1842
3 1840 2507 1844
3 1840 1844 1843
3 1847 1845 1843
3 1847 1843 1844
3 1846 2508 1842
3 1846 1842 1845
3 1847 1848 1846
3 1847 1846 1845
3 1847 1849 1851
3 1847 1851 1848
3 1852 1849 1847
3 1852 1847 1844
3 1852 1854 1850
3 1852 1850 1849
3 1912 1851 1849
3 1912 1849 1850
3 1852 1844 2507
3 1852 2507 1853
3 1856 1854 1852
3 1856 1852 1853
3 1856 1858 1855
3 1856 1855 1854
3 1913 1850 1854
3 1913 1854 1855
3 1856 1853 1869
3 1856 1869 1857
3 1860 1858 1856
3 1860 1856 1857
3 1860 1861 1859
3 1860 1859 1858
3 2505 1855 1858
3 2505 1858 1859
3 1862 1863 1861
3 1862 1861 1860
3 1862 1860 1857
3 1862 1857 1865
3 1864 1886 1863
3 1864 1863 1862
3 1864 1862 1865
3 1864 1865 1866
3 1870 1866 1865
3 1870 1865 1867
3 1867 1865 1857
3 1867 1857 1869
3 1867 1869 2506
3 1867 2506 1868
3 1870 1867 1868
3 1870 1868 1872
3 1871 1881 1866
3 1871 1866 1870
3 1871 1870 1872
3 1871 1872 1873
3 1831 1873 1872
3 1831 1872 1833
3 1833 1872 1868
3 1833 1868 1836
3 1829 1874 1873
3 1829 1873 1831
3 1876 1871 1873
3 1876 1873 1874
3 1827 1875 1874
3 1827 1874 1829
3 1877 1876 1874
3 1877 1874 1875
3 1877 1879 1878
3 1877 1878 1876
3 1876 1878 1881
3 1876 1881 1871
3 2503 1880 1878
3 2503 1878 1879
3 1880 1882 1881
3 1880 1881 1878
3 1882 1864 1866
3 1882 1866 1881
3 1882 1883 1886
3 1882 1886 1864
3 1880 1884 1883
3 1880 1883 1882
3 2016 1885 1883
3 2016 1883 1884
3 1885 1887 1886
3 1885 1886 1883
3 1887 1889 1863
3 1887 1863 1886
3 1885 2021 1888
3 1885 1888 1887
3 1887 1888 1890
3 1887 1890 1889
3 1889 1891 1861
3 1889 1861 1863
3 1889 1890 1892
3 1889 1892 1891
3 1891 1893 1859
3 1891 1859 1861
3 1891 1892 1895
3 1891 1895 1893
3 1893 1895 1897
3 1893 1897 1894
3 1893 1894 2505
3 1893 2505 1859
3 2033 1896 1895
3 2033 1895 1892
3 1896 1898 1897
3 1896 1897 1895
3 1898 1901 1899
3 1898 1899 1897
3 1899 1900 1894
3 1899 1894 1897
3 1899 1902 1905
3 1899 1905 1900
3 1899 1901 1903
3 1899 1903 1902
3 2044 1904 1902
3 2044 1902 1903
3 1905 1902 1904
3 1905 1904 1906
3 1905 1906 1909
3 1905 1909 1907
3 1905 1907 1908
3 1905 1908 1900
3 1913 1908 1907
3 1913 1907 1910
3 1909 1911 1910
3 1909 1910 1907
3 1912 1910 1911
3 1912 1911 1914
3 1913 1910 1912
3 1913 1912 1850
3 2505 1908 1913
3 2505 1913 1855
3 1912 1914 1916
3 1912 1916 1851
3 2496 1915 1914
3 2496 1914 1911
3 1916 1914 1915
3 1916 1915 1917
3 1916 1917 1919
3 1916 1919 1918
3 1916 1918 1848
3 1916 1848 1851
3 1846 1848 1918
3 1846 1918 1920
3 1919 1921 1920
3 1919 1920 1918
3 1846 1920 1515
3 1846 1515 2508
3 1515 1920 1921
3 1515 1921 1517
3 1919 1923 1922
3 1919 1922 1921
3 1517 1921 1922
3 1517 1922 1519
3 1923 1926 1924
3 1923 1924 1922
3 1519 1922 1924
3 1519 1924 1925
3 1925 1924 1927
3 1925 1927 1930
3 1926 1928 1927
3 1926 1927 1924
3 1928 2480 1929
3 1928 1929 1927
3 1930 1927 1929
3 1930 1929 1932
3 1925 1930 1931
3 1925 1931 1520
3 1930 1932 1934
3 1930 1934 1931
3 1932 1929 2478
3 1932 2478 1933
3 1932 1933 1935
3 1932 1935 1934
3 1524 1931 1934
3 1524 1934 1531
3 1531 1934 1935
3 1531 1935 1534
3 1933 1937 1936
3 1933 1936 1935
3 1534 1935 1936
3 1534 1936 1537
3 1937 1939 1938
3 1937 1938 1936
3 1537 1936 1938
3 1537 1938 1540
3 1939 1941 1940
3 1939 1940 1938
3 1540 1938 1940
3 1540 1940 1543
3 1941 1943 1942
3 1941 1942 1940
3 1543 1940 1942
3 1543 1942 1546
3 1943 1945 1944
3 1943 1944 1942
3 1546 1942 1944
3 1546 1944 1549
3 1945 1947 1946
3 1945 1946 1944
3 1549 1944 1946
3 1549 1946 1552
3 1947 1949 1948
3 1947 1948 1946
3 1552 1946 1948
3 1552 1948 1555
3 1949 1951 1950
3 1949 1950 1948
3 1555 1948 1950
3 1555 1950 1558
3 1951 1953 1952
3 1951 1952 1950
3 1558 1950 1952
3 1558 1952 1561
3 1566 1952 1953
3 1566 1953 1955
3 1951 2450 1954
3 1951 1954 1953
3 1954 1956 1955
3 1954 1955 1953
3 1956 1958 1957
3 1956 1957 1955
3 1566 1955 1957
3 1566 1957 1568
3 1958 1960 1959
3 1958 1959 1957
3 1568 1957 1959
3 1568 1959 1570
3 1960 1962 1961
3 1960 1961 1959
3 1570 1959 1961
3 1570 1961 1964
3 1962 2447 1963
3 1962 1963 1961
3 1964 1961 1963
3 1964 1963 1965
3 1964 1965 1577
3 1964 1577 1571
3 1965 1966 1580
3 1965 1580 1577
3 1965 1963 1967
3 1965 1967 1966
3 1966 1967 1969
3 1966 1969 1586
3 1969 1967 1968
3 1969 1968 1971
3 2447 1968 1967
3 2447 1967 1963
3 1969 1971 1973
3 1969 1973 1970
3 1969 1970 1588
3 1969 1588 1586
3 2118 1972 1971
3 2118 1971 1968
3 1973 1971 1972
3 1973 1972 1975
3 1973 1974 2504
3 1973 2504 1970
3 1973 1975 1977
3 1973 1977 1974
3 2119 1976 1975
3 2119 1975 1972
3 1977 1975 1976
3 1977 1976 1978
3 1977 1978 1980
3 1977 1980 1979
3 1977 1979 1982
3 1977 1982 1974
3 1980 2138 1981
3 1980 1981 1979
3 1984 1982 1979
3 1984 1979 1981
3 1983 2504 1974
3 1983 1974 1982
3 1983 1982 1984
3 1983 1984 1985
3 1984 1981 1987
3 1984 1987 1986
3 1984 1986 1989
3 1984 1989 1985
3 1986 1987 2145
3 1986 2145 1988
3 1986 1988 1990
3 1986 1990 1989
3 1991 1993 1985
3 1991 1985 1989
3 1990 1992 1991
3 1990 1991 1989
3 1600 1991 1992
3 1600 1992 1819
3 1594 1993 1991
3 1594 1991 1600
3 1983 1985 1993
3 1983 1993 1593
3 1990 1994 1818
3 1990 1818 1992
3 1990 1988 1995
3 1990 1995 1994
3 1997 1822 1994
3 1997 1994 1995
3 1996 1998 1997
3 1996 1997 1995
3 1996 1995 1988
3 1996 1988 2145
3 1997 1998 2000
3 1997 2000 1825
3 1996 2144 1999
3 1996 1999 1998
3 2001 2000 1998
3 2001 1998 1999
3 2001 1877 1875
3 2001 1875 2000
3 1825 2000 1875
3 1825 1875 1827
3 2001 2002 1879
3 2001 1879 1877
3 2004 2002 2001
3 2004 2001 1999
3 2004 2006 2003
3 2004 2003 2002
3 2503 1879 2002
3 2503 2002 2003
3 2004 1999 2144
3 2004 2144 2005
3 2007 2006 2004
3 2007 2004 2005
3 2011 2003 2006
3 2011 2006 2008
3 2007 2010 2008
3 2007 2008 2006
3 2009 2013 2011
3 2009 2011 2008
3 2009 2008 2010
3 2009 2010 2150
3 2011 2012 2503
3 2011 2503 2003
3 2011 2013 2015
3 2011 2015 2012
3 2009 2445 2014
3 2009 2014 2013
3 2017 2015 2013
3 2017 2013 2014
3 2016 1884 2012
3 2016 2012 2015
3 2017 2019 2016
3 2017 2016 2015
3 2017 2018 2020
3 2017 2020 2019
3 2444 2018 2017
3 2444 2017 2014
3 2022 2021 2019
3 2022 2019 2020
3 2016 2019 2021
3 2016 2021 1885
3 2022 2024 1888
3 2022 1888 2021
3 2022 2023 2026
3 2022 2026 2024
3 2176 2023 2022
3 2176 2022 2020
3 2024 2026 2028
3 2024 2028 2025
3 2024 2025 1890
3 2024 1890 1888
3 2027 2029 2028
3 2027 2028 2026
3 2027 2026 2023
3 2027 2023 2175
3 2029 2031 2030
3 2029 2030 2028
3 2025 2028 2030
3 2025 2030 2033
3 2031 2034 2032
3 2031 2032 2030
3 2033 2030 2032
3 2033 2032 1896
3 2025 2033 1892
3 2025 1892 1890
3 2035 2032 2034
3 2035 2034 2036
3 1896 2032 2035
3 1896 2035 1898
3 2038 2037 2035
3 2038 2035 2036
3 1898 2035 2037
3 1898 2037 1901
3 2038 2040 2039
3 2038 2039 2037
3 2039 1903 1901
3 2039 1901 2037
3 2040 2042 2041
3 2040 2041 2039
3 2039 2041 2044
3 2039 2044 1903
3 2435 2043 2041
3 2435 2041 2042
3 2044 2041 2043
3 2044 2043 2045
3 2044 2045 2046
3 2044 2046 1904
3 2046 2045 2047
3 2046 2047 2050
3 2048 2047 2045
3 2048 2045 2043
3 2048 2431 2049
3 2048 2049 2047
3 2049 2051 2050
3 2049 2050 2047
3 2052 2050 2051
3 2052 2051 2055
3 2046 2050 2052
3 2046 2052 2053
3 2052 2054 2497
3 2052 2497 2053
3 2052 2055 2056
3 2052 2056 2054
3 2060 2057 2055
3 2060 2055 2051
3 2056 2055 2057
3 2056 2057 2059
3 2059 2057 2058
3 2059 2058 2498
3 2060 2062 2058
3 2060 2058 2057
3 2060 2061 2064
3 2060 2064 2062
3 2049 2061 2060
3 2049 2060 2051
3 2062 2063 2500
3 2062 2500 2058
3 2062 2064 2066
3 2062 2066 2063
3 2065 2067 2066
3 2065 2066 2064
3 2065 2064 2061
3 2065 2061 2430
3 2067 2069 2068
3 2067 2068 2066
3 2063 2066 2068
3 2063 2068 2071
3 2069 2443 2070
3 2069 2070 2068
3 2071 2068 2070
3 2071 2070 2073
3 2063 2071 2072
3 2063 2072 2500
3 2071 2073 2075
3 2071 2075 2072
3 2073 2070 2399
3 2073 2399 2074
3 2073 2074 2077
3 2073 2077 2075
3 2501 2072 2075
3 2501 2075 2076
3 2076 2075 2077
3 2076 2077 2079
3 2074 2398 2078
3 2074 2078 2077
3 2079 2077 2078
3 2079 2078 2081
3 2076 2079 2080
3 2076 2080 2469
3 2079 2081 2082
3 2079 2082 2080
3 2081 2078 2084
3 2081 2084 2083
3 2081 2083 2085
3 2081 2085 2082
3 2083 2084 2088
3 2083 2088 2086
3 2083 2086 2087
3 2083 2087 2085
3 2092 2087 2086
3 2092 2086 2089
3 2088 2090 2089
3 2088 2089 2086
3 2090 2384 2091
3 2090 2091 2089
3 2092 2089 2091
3 2092 2091 2094
3 2465 2087 2092
3 2465 2092 2093
3 2092 2094 2096
3 2092 2096 2093
3 2094 2091 2385
3 2094 2385 2095
3 2094 2095 2098
3 2094 2098 2096
3 2097 2467 2093
3 2097 2093 2096
3 2097 2096 2098
3 2097 2098 2100
3 2095 2387 2099
3 2095 2099 2098
3 2100 2098 2099
3 2100 2099 2102
3 2100 2102 2103
3 2100 2103 2101
3 2097 2100 2101
3 2097 2101 2448
3 2102 2104 2105
3 2102 2105 2103
3 2102 2099 2106
3 2102 2106 2104
3 2104 2107 2108
3 2104 2108 2105
3 2104 2106 2109
3 2104 2109 2107
3 2107 2110 2111
3 2107 2111 2108
3 2107 2109 2112
3 2107 2112 2110
3 2110 2113 2114
3 2110 2114 2111
3 2110 2112 2115
3 2110 2115 2113
3 2118 2114 2113
3 2118 2113 2116
3 2115 2117 2116
3 2115 2116 2113
3 2119 2116 2117
3 2119 2117 2120
3 2118 2116 2119
3 2118 2119 1972
3 2119 2120 2122
3 2119 2122 1976
3 2122 2120 2121
3 2122 2121 2124
3 2272 2121 2120
3 2272 2120 2117
3 2122 2124 2126
3 2122 2126 2123
3 2122 2123 1978
3 2122 1978 1976
3 2269 2125 2124
3 2269 2124 2121
3 2126 2124 2125
3 2126 2125 2128
3 2126 2127 2139
3 2126 2139 2123
3 2126 2128 2130
3 2126 2130 2127
3 2266 2129 2128
3 2266 2128 2125
3 2130 2128 2129
3 2130 2129 2131
3 2130 2131 2133
3 2130 2133 2132
3 2130 2132 2135
3 2130 2135 2127
3 2133 2151 2134
3 2133 2134 2132
3 2136 2135 2132
3 2136 2132 2134
3 2137 2139 2127
3 2137 2127 2135
3 2137 2135 2136
3 2137 2136 2140
3 2137 2140 2142
3 2137 2142 2138
3 1980 2139 2137
3 1980 2137 2138
3 2140 2136 2146
3 2140 2146 2141
3 2140 2141 2143
3 2140 2143 2142
3 1987 1981 2138
3 1987 2138 2142
3 2143 2145 1987
3 2143 1987 2142
3 2143 2141 2005
3 2143 2005 2144
3 2143 2144 1996
3 2143 1996 2145
3 2007 2005 2141
3 2007 2141 2146
3 2147 2010 2007
3 2147 2007 2146
3 2147 2146 2136
3 2147 2136 2134
3 2151 2148 2147
3 2151 2147 2134
3 2147 2148 2150
3 2147 2150 2010
3 2151 2152 2149
3 2151 2149 2148
3 2446 2150 2148
3 2446 2148 2149
3 2133 2153 2152
3 2133 2152 2151
3 2156 2154 2152
3 2156 2152 2153
3 2154 2157 2149
3 2154 2149 2152
3 2154 2155 2159
3 2154 2159 2157
3 2156 2263 2155
3 2156 2155 2154
3 2157 2158 2446
3 2157 2446 2149
3 2157 2159 2161
3 2157 2161 2158
3 2238 2160 2159
3 2238 2159 2155
3 2160 2162 2161
3 2160 2161 2159
3 2166 2163 2161
3 2166 2161 2162
3 2163 2164 2158
3 2163 2158 2161
3 2163 2165 2444
3 2163 2444 2164
3 2166 2168 2165
3 2166 2165 2163
3 2166 2167 2169
3 2166 2169 2168
3 2235 2167 2166
3 2235 2166 2162
3 2171 2170 2168
3 2171 2168 2169
3 2170 2172 2165
3 2170 2165 2168
3 2171 2174 2173
3 2171 2173 2170
3 2170 2173 2176
3 2170 2176 2172
3 2177 2175 2173
3 2177 2173 2174
3 2176 2173 2175
3 2176 2175 2023
3 2176 2020 2018
3 2176 2018 2172
3 2177 2179 2027
3 2177 2027 2175
3 2178 2181 2179
3 2178 2179 2177
3 2178 2177 2174
3 2178 2174 2223
3 2027 2179 2180
3 2027 2180 2029
3 2180 2179 2181
3 2180 2181 2182
3 2186 2182 2181
3 2186 2181 2183
3 2178 2184 2183
3 2178 2183 2181
3 2183 2184 2220
3 2183 2220 2185
3 2186 2183 2185
3 2186 2185 2187
3 2186 2187 2036
3 2186 2036 2034
3 2031 2182 2186
3 2031 2186 2034
3 2187 2188 2038
3 2187 2038 2036
3 2187 2185 2189
3 2187 2189 2188
3 2192 2190 2188
3 2192 2188 2189
3 2038 2188 2190
3 2038 2190 2040
3 2040 2190 2191
3 2040 2191 2042
3 2192 2194 2191
3 2192 2191 2190
3 2192 2193 2196
3 2192 2196 2194
3 2217 2193 2192
3 2217 2192 2189
3 2194 2196 2198
3 2194 2198 2195
3 2194 2195 2436
3 2194 2436 2191
3 2196 2197 2200
3 2196 2200 2198
3 2219 2197 2196
3 2219 2196 2193
3 2199 2437 2195
3 2199 2195 2198
3 2199 2198 2200
3 2199 2200 2201
3 2202 2203 2201
3 2202 2201 2200
3 2205 2202 2200
3 2205 2200 2197
3 2204 2315 2203
3 2204 2203 2202
3 2204 2202 2205
3 2204 2205 2207
3 2205 2197 2219
3 2205 2219 2206
3 2205 2206 2209
3 2205 2209 2207
3 2204 2207 2208
3 2204 2208 2310
3 2210 2208 2207
3 2210 2207 2209
3 2211 2209 2206
3 2211 2206 2214
3 2210 2209 2211
3 2210 2211 2212
3 2211 2213 2229
3 2211 2229 2212
3 2211 2214 2215
3 2211 2215 2213
3 2219 2216 2214
3 2219 2214 2206
3 2215 2214 2216
3 2215 2216 2218
3 2217 2220 2218
3 2217 2218 2216
3 2219 2193 2217
3 2219 2217 2216
3 2221 2218 2220
3 2221 2220 2184
3 2215 2218 2221
3 2215 2221 2222
3 2221 2223 2224
3 2221 2224 2222
3 2221 2184 2178
3 2221 2178 2223
3 2171 2224 2223
3 2171 2223 2174
3 2225 2224 2171
3 2225 2171 2169
3 2225 2227 2222
3 2225 2222 2224
3 2225 2169 2167
3 2225 2167 2226
3 2228 2227 2225
3 2228 2225 2226
3 2228 2229 2213
3 2228 2213 2227
3 2215 2222 2227
3 2215 2227 2213
3 2232 2229 2228
3 2232 2228 2230
3 2228 2226 2233
3 2228 2233 2230
3 2233 2234 2231
3 2233 2231 2230
3 2232 2230 2231
3 2232 2231 2244
3 2235 2236 2234
3 2235 2234 2233
3 2235 2233 2226
3 2235 2226 2167
3 2160 2236 2235
3 2160 2235 2162
3 2238 2237 2236
3 2238 2236 2160
3 2240 2234 2236
3 2240 2236 2237
3 2264 2239 2237
3 2264 2237 2238
3 2240 2237 2239
3 2240 2239 2241
3 2240 2241 2231
3 2240 2231 2234
3 2245 2242 2241
3 2245 2241 2239
3 2244 2231 2241
3 2244 2241 2242
3 2245 2247 2243
3 2245 2243 2242
3 2307 2244 2242
3 2307 2242 2243
3 2245 2239 2264
3 2245 2264 2246
3 2249 2247 2245
3 2249 2245 2246
3 2249 2251 2248
3 2249 2248 2247
3 2301 2243 2247
3 2301 2247 2248
3 2249 2246 2262
3 2249 2262 2250
3 2253 2251 2249
3 2253 2249 2250
3 2253 2254 2252
3 2253 2252 2251
3 2299 2248 2251
3 2299 2251 2252
3 2256 2254 2253
3 2256 2253 2255
3 2253 2250 2258
3 2253 2258 2255
3 2256 2255 2257
3 2256 2257 2265
3 2259 2257 2255
3 2259 2255 2258
3 2260 2258 2250
3 2260 2250 2262
3 2259 2258 2260
3 2259 2260 2261
3 2260 2156 2153
3 2260 2153 2261
3 2260 2262 2263
3 2260 2263 2156
3 2264 2263 2262
3 2264 2262 2246
3 2264 2238 2155
3 2264 2155 2263
3 2259 2261 2131
3 2259 2131 2129
3 2133 2131 2261
3 2133 2261 2153
3 2266 2257 2259
3 2266 2259 2129
3 2266 2267 2265
3 2266 2265 2257
3 2269 2267 2266
3 2269 2266 2125
3 2269 2270 2268
3 2269 2268 2267
3 2290 2265 2267
3 2290 2267 2268
3 2272 2270 2269
3 2272 2269 2121
3 2272 2273 2271
3 2272 2271 2270
3 2289 2268 2270
3 2289 2270 2271
3 2115 2273 2272
3 2115 2272 2117
3 2115 2112 2274
3 2115 2274 2273
3 2276 2271 2273
3 2276 2273 2274
3 2275 2278 2276
3 2275 2276 2274
3 2275 2274 2112
3 2275 2112 2109
3 2276 2277 2289
3 2276 2289 2271
3 2276 2278 2280
3 2276 2280 2277
3 2388 2279 2278
3 2388 2278 2275
3 2281 2280 2278
3 2281 2278 2279
3 2281 2283 2282
3 2281 2282 2280
3 2282 2285 2277
3 2282 2277 2280
3 2282 2283 2375
3 2282 2375 2284
3 2282 2284 2286
3 2282 2286 2285
3 2289 2277 2285
3 2289 2285 2287
3 2286 2288 2287
3 2286 2287 2285
3 2290 2287 2288
3 2290 2288 2291
3 2289 2287 2290
3 2289 2290 2268
3 2290 2291 2256
3 2290 2256 2265
3 2293 2292 2291
3 2293 2291 2288
3 2256 2291 2292
3 2256 2292 2254
3 2293 2295 2294
3 2293 2294 2292
3 2294 2252 2254
3 2294 2254 2292
3 2294 2296 2299
3 2294 2299 2252
3 2294 2295 2297
3 2294 2297 2296
3 2367 2298 2296
3 2367 2296 2297
3 2299 2296 2298
3 2299 2298 2300
3 2299 2300 2301
3 2299 2301 2248
3 2301 2300 2302
3 2301 2302 2305
3 2303 2302 2300
3 2303 2300 2298
3 2303 2309 2304
3 2303 2304 2302
3 2304 2306 2305
3 2304 2305 2302
3 2307 2305 2306
3 2307 2306 2308
3 2301 2305 2307
3 2301 2307 2243
3 2307 2308 2232
3 2307 2232 2244
3 2210 2212 2308
3 2210 2308 2306
3 2232 2308 2212
3 2232 2212 2229
3 2304 2208 2210
3 2304 2210 2306
3 2304 2309 2310
3 2304 2310 2208
3 2314 2310 2309
3 2314 2309 2311
3 2303 2313 2311
3 2303 2311 2309
3 2312 2316 2314
3 2312 2314 2311
3 2312 2311 2313
3 2312 2313 2366
3 2314 2315 2204
3 2314 2204 2310
3 2314 2316 2318
3 2314 2318 2315
3 2316 2317 2319
3 2316 2319 2318
3 2312 2371 2317
3 2312 2317 2316
3 2322 2320 2318
3 2322 2318 2319
3 2315 2318 2320
3 2315 2320 2203
3 2321 2201 2203
3 2321 2203 2320
3 2322 2323 2321
3 2322 2321 2320
3 2322 2324 2326
3 2322 2326 2323
3 2327 2324 2322
3 2327 2322 2319
3 2327 2329 2325
3 2327 2325 2324
3 2416 2326 2324
3 2416 2324 2325
3 2327 2319 2317
3 2327 2317 2328
3 2331 2329 2327
3 2331 2327 2328
3 2330 2329 2331
3 2330 2331 2332
3 2330 2412 2325
3 2330 2325 2329
3 2331 2333 2336
3 2331 2336 2332
3 2331 2328 2334
3 2331 2334 2333
3 2335 2333 2334
3 2335 2334 2372
3 2335 2337 2336
3 2335 2336 2333
3 2338 2339 2332
3 2338 2332 2336
3 2338 2336 2337
3 2338 2337 2341
3 2406 2339 2338
3 2406 2338 2340
3 2338 2341 2343
3 2338 2343 2340
3 2342 2341 2337
3 2342 2337 2374
3 2342 2344 2343
3 2342 2343 2341
3 2345 2343 2344
3 2345 2344 2348
3 2340 2343 2345
3 2340 2345 2346
3 2345 2347 2393
3 2345 2393 2346
3 2345 2348 2349
3 2345 2349 2347
3 2348 2344 2351
3 2348 2351 2350
3 2348 2350 2352
3 2348 2352 2349
3 2350 2351 2355
3 2350 2355 2353
3 2350 2353 2354
3 2350 2354 2352
3 2358 2354 2353
3 2358 2353 2356
3 2355 2357 2356
3 2355 2356 2353
3 2359 2356 2357
3 2359 2357 2361
3 2358 2356 2359
3 2358 2359 2360
3 2359 2362 2363
3 2359 2363 2360
3 2359 2361 2364
3 2359 2364 2362
3 2293 2363 2362
3 2293 2362 2295
3 2364 2297 2295
3 2364 2295 2362
3 2364 2365 2367
3 2364 2367 2297
3 2364 2361 2368
3 2364 2368 2365
3 2367 2365 2366
3 2367 2366 2313
3 2370 2366 2365
3 2370 2365 2368
3 2369 2372 2370
3 2369 2370 2368
3 2369 2368 2361
3 2369 2361 2357
3 2370 2371 2312
3 2370 2312 2366
3 2370 2372 2334
3 2370 2334 2371
3 2369 2373 2335
3 2369 2335 2372
3 2371 2334 2328
3 2371 2328 2317
3 2355 2373 2369
3 2355 2369 2357
3 2335 2373 2374
3 2335 2374 2337
3 2355 2351 2374
3 2355 2374 2373
3 2342 2374 2351
3 2342 2351 2344
3 2367 2313 2303
3 2367 2303 2298
3 2286 2363 2293
3 2286 2293 2288
3 2286 2284 2360
3 2286 2360 2363
3 2358 2360 2284
3 2358 2284 2375
3 2376 2354 2358
3 2376 2358 2375
3 2376 2375 2283
3 2376 2283 2377
3 2378 2376 2377
3 2378 2377 2380
3 2378 2352 2354
3 2378 2354 2376
3 2379 2349 2352
3 2379 2352 2378
3 2379 2378 2380
3 2379 2380 2381
3 2384 2381 2380
3 2384 2380 2382
3 2382 2380 2377
3 2382 2377 2383
3 2382 2383 2386
3 2382 2386 2385
3 2384 2382 2385
3 2384 2385 2091
3 2095 2385 2386
3 2095 2386 2387
3 2383 2281 2279
3 2383 2279 2386
3 2387 2386 2279
3 2387 2279 2388
3 2387 2388 2106
3 2387 2106 2099
3 2388 2275 2109
3 2388 2109 2106
3 2090 2389 2381
3 2090 2381 2384
3 2383 2377 2283
3 2383 2283 2281
3 2391 2379 2381
3 2391 2381 2389
3 2088 2390 2389
3 2088 2389 2090
3 2392 2391 2389
3 2392 2389 2390
3 2391 2347 2349
3 2391 2349 2379
3 2392 2393 2347
3 2392 2347 2391
3 2394 2392 2390
3 2394 2390 2397
3 2394 2395 2393
3 2394 2393 2392
3 2394 2396 2400
3 2394 2400 2395
3 2398 2396 2394
3 2398 2394 2397
3 2398 2397 2084
3 2398 2084 2078
3 2088 2084 2397
3 2088 2397 2390
3 2074 2399 2396
3 2074 2396 2398
3 2401 2400 2396
3 2401 2396 2399
3 2401 2404 2402
3 2401 2402 2400
3 2402 2405 2395
3 2402 2395 2400
3 2402 2403 2406
3 2402 2406 2405
3 2402 2404 2408
3 2402 2408 2403
3 2393 2395 2405
3 2393 2405 2346
3 2406 2340 2346
3 2406 2346 2405
3 2406 2403 2413
3 2406 2413 2339
3 2443 2407 2404
3 2443 2404 2401
3 2409 2408 2404
3 2409 2404 2407
3 2409 2411 2410
3 2409 2410 2408
3 2410 2413 2403
3 2410 2403 2408
3 2410 2411 2414
3 2410 2414 2412
3 2410 2412 2330
3 2410 2330 2413
3 2330 2332 2339
3 2330 2339 2413
3 2416 2325 2412
3 2416 2412 2414
3 2415 2417 2416
3 2415 2416 2414
3 2415 2414 2411
3 2415 2411 2442
3 2416 2417 2419
3 2416 2419 2326
3 2415 2442 2418
3 2415 2418 2417
3 2419 2417 2418
3 2419 2418 2421
3 2419 2420 2323
3 2419 2323 2326
3 2419 2421 2422
3 2419 2422 2420
3 2421 2423 2424
3 2421 2424 2422
3 2421 2418 2425
3 2421 2425 2423
3 2428 2424 2423
3 2428 2423 2426
3 2425 2427 2426
3 2425 2426 2423
3 2065 2426 2427
3 2065 2427 2067
3 2428 2426 2065
3 2428 2065 2430
3 2432 2424 2428
3 2432 2428 2429
3 2428 2430 2431
3 2428 2431 2429
3 2049 2431 2430
3 2049 2430 2061
3 2048 2433 2429
3 2048 2429 2431
3 2432 2429 2433
3 2432 2433 2434
3 2436 2434 2433
3 2436 2433 2435
3 2435 2433 2048
3 2435 2048 2043
3 2436 2435 2042
3 2436 2042 2191
3 2436 2195 2437
3 2436 2437 2434
3 2438 2432 2434
3 2438 2434 2437
3 2199 2439 2438
3 2199 2438 2437
3 2438 2439 2420
3 2438 2420 2422
3 2438 2422 2424
3 2438 2424 2432
3 2321 2323 2420
3 2321 2420 2439
3 2321 2439 2199
3 2321 2199 2201
3 2067 2427 2440
3 2067 2440 2069
3 2425 2441 2440
3 2425 2440 2427
3 2441 2409 2407
3 2441 2407 2440
3 2069 2440 2407
3 2069 2407 2443
3 2441 2442 2411
3 2441 2411 2409
3 2425 2418 2442
3 2425 2442 2441
3 2443 2401 2399
3 2443 2399 2070
3 2217 2189 2185
3 2217 2185 2220
3 2029 2180 2182
3 2029 2182 2031
3 2444 2165 2172
3 2444 2172 2018
3 2444 2014 2445
3 2444 2445 2164
3 2446 2158 2164
3 2446 2164 2445
3 2446 2445 2009
3 2446 2009 2150
3 1980 1978 2123
3 1980 2123 2139
3 2447 2114 2118
3 2447 2118 1968
3 1962 2111 2114
3 1962 2114 2447
3 1960 2108 2111
3 1960 2111 1962
3 1958 2105 2108
3 1958 2108 1960
3 1956 2103 2105
3 1956 2105 1958
3 1954 2101 2103
3 1954 2103 1956
3 1954 2450 2448
3 1954 2448 2101
3 2449 2467 2097
3 2449 2097 2448
3 2449 2448 2450
3 2449 2450 2451
3 1949 2451 2450
3 1949 2450 1951
3 1947 2452 2451
3 1947 2451 1949
3 2453 2449 2451
3 2453 2451 2452
3 2456 2453 2452
3 2456 2452 2454
3 1945 2454 2452
3 1945 2452 1947
3 1943 2455 2454
3 1943 2454 1945
3 2458 2456 2454
3 2458 2454 2455
3 2456 2457 2466
3 2456 2466 2453
3 2458 2460 2457
3 2458 2457 2456
3 2459 2461 2460
3 2459 2460 2458
3 2459 2458 2455
3 2459 2455 2476
3 2463 2462 2460
3 2463 2460 2461
3 2462 2464 2457
3 2462 2457 2460
3 2462 2082 2085
3 2462 2085 2464
3 2463 2080 2082
3 2463 2082 2462
3 2464 2465 2466
3 2464 2466 2457
3 2464 2085 2087
3 2464 2087 2465
3 2465 2093 2467
3 2465 2467 2466
3 2453 2466 2467
3 2453 2467 2449
3 2468 2469 2080
3 2468 2080 2463
3 2468 2463 2461
3 2468 2461 2471
3 2470 2502 2469
3 2470 2469 2468
3 2470 2468 2471
3 2470 2471 2472
3 2474 2472 2471
3 2474 2471 2473
3 2473 2471 2461
3 2473 2461 2459
3 2474 2473 2475
3 2474 2475 2477
3 2473 2459 2476
3 2473 2476 2475
3 1939 2475 2476
3 1939 2476 1941
3 1937 2477 2475
3 1937 2475 1939
3 1933 2478 2477
3 1933 2477 1937
3 2479 2474 2477
3 2479 2477 2478
3 2480 2479 2478
3 2480 2478 1929
3 2480 2482 2481
3 2480 2481 2479
3 2479 2481 2472
3 2479 2472 2474
3 2485 2483 2481
3 2485 2481 2482
3 2483 2470 2472
3 2483 2472 2481
3 2483 2484 2502
3 2483 2502 2470
3 2485 2486 2484
3 2485 2484 2483
3 2487 2488 2486
3 2487 2486 2485
3 2487 2485 2482
3 2487 2482 2490
3 2489 2495 2488
3 2489 2488 2487
3 2489 2487 2490
3 2489 2490 2491
3 1926 2491 2490
3 1926 2490 1928
3 1928 2490 2482
3 1928 2482 2480
3 2493 2489 2491
3 2493 2491 2492
3 1923 2492 2491
3 1923 2491 1926
3 2493 2492 1917
3 2493 1917 1915
3 1919 1917 2492
3 1919 2492 1923
3 2496 2494 2493
3 2496 2493 1915
3 2493 2494 2495
3 2493 2495 2489
3 2496 2497 2054
3 2496 2054 2494
3 2056 2495 2494
3 2056 2494 2054
3 1909 2497 2496
3 1909 2496 1911
3 1909 1906 2053
3 1909 2053 2497
3 2056 2059 2488
3 2056 2488 2495
3 2059 2498 2486
3 2059 2486 2488
3 2498 2499 2484
3 2498 2484 2486
3 2498 2058 2500
3 2498 2500 2499
3 2499 2500 2072
3 2499 2072 2501
3 2499 2501 2502
3 2499 2502 2484
3 2501 2076 2469
3 2501 2469 2502
3 1941 2476 2455
3 1941 2455 1943
3 2046 2053 1906
3 2046 1906 1904
3 2503 2012 1884
3 2503 1884 1880
3 1591 2504 1983
3 1591 1983 1593
3 1591 1588 1970
3 1591 1970 2504
3 2505 1894 1900
3 2505 1900 1908
3 2506 1869 1853
3 2506 1853 2507
3 2506 1838 1836
3 2506 1836 1868
3 2506 2507 1840
3 2506 1840 1838
3 2509 1842 2508
3 2509 2508 1511
3 1422 1425 1261
3 1422 1261 1259
3 1419 1422 1259
3 1419 1259 1255
3 1225 1386 1388
3 1225 1388 1227
3 1223 2510 1386
3 1223 1386 1225
3 1221 2511 2510
3 1221 2510 1223
3 2513 1385 2510
3 2513 2510 2511
3 1219 2512 2511
3 1219 2511 1221
3 2514 2513 2511
3 2514 2511 2512
3 2513 1376 1378
3 2513 1378 1385
3 2514 2515 1376
3 2514 1376 2513
3 2516 2519 2515
3 2516 2515 2514
3 2516 2514 2512
3 2516 2512 2518
3 2517 2520 2519
3 2517 2519 2516
3 2517 2516 2518
3 2517 2518 2536
3 2522 2521 2519
3 2522 2519 2520
3 2521 1375 2515
3 2521 2515 2519
3 2521 2523 1369
3 2521 1369 1375
3 2522 2524 2523
3 2522 2523 2521
3 1365 2523 2524
3 1365 2524 2525
3 2526 2528 2525
3 2526 2525 2524
3 2526 2524 2522
3 2526 2522 2529
3 2526 2529 2530
3 2526 2530 2527
3 2547 2528 2526
3 2547 2526 2527
3 2532 2530 2529
3 2532 2529 2531
3 2522 2520 2531
3 2522 2531 2529
3 2533 2531 2520
3 2533 2520 2517
3 2532 2531 2533
3 2532 2533 2534
3 2533 2535 2537
3 2533 2537 2534
3 2533 2517 2536
3 2533 2536 2535
3 1213 2535 2536
3 1213 2536 1215
3 1208 2537 2535
3 1208 2535 1213
3 1207 2538 2534
3 1207 2534 2537
3 1215 2536 2518
3 1215 2518 1217
3 2532 2534 2538
3 2532 2538 2539
3 1312 1314 2539
3 1312 2539 2538
3 1312 2538 1207
3 1312 1207 1205
3 2540 2530 2532
3 2540 2532 2539
3 2540 2539 1314
3 2540 1314 1317
3 2540 2541 2527
3 2540 2527 2530
3 2543 2541 2540
3 2543 2540 1317
3 2543 2544 2542
3 2543 2542 2541
3 2547 2527 2541
3 2547 2541 2542
3 2545 2544 2543
3 2545 2543 1316
3 2545 1330 1336
3 2545 1336 2544
3 2546 2542 2544
3 2546 2544 1336
3 2546 2548 2547
3 2546 2547 2542
3 2547 2548 1358
3 2547 1358 2528
3 2546 1337 1357
3 2546 1357 2548
3 1360 2525 2528
3 1360 2528 1358
3 1217 2518 2512
3 1217 2512 1219
3 1167 1275 1277
3 1167 1277 1169
3 2550 1273 1275
3 2550 1275 1167
3 1160 2549 1273
3 1160 1273 2550
3 1154 1263 2549
3 1154 2549 1160
3 992 2551 1177
3 992 1177 994
3 987 2552 2551
3 987 2551 992
3 1165 1171 2551
3 1165 2551 2552
3 971 1149 1152
3 971 1152 973
3 967 1146 1149
3 967 1149 971
3 1057 1063 1096
3 1057 1096 2553
3 775 982 985
3 775 985 778
3 768 979 982
3 768 982 775
3 746 2554 965
3 746 965 2555
3 744 2556 2554
3 744 2554 746
3 952 959 2554
3 952 2554 2556
3 742 953 2556
3 742 2556 744
3 2557 946 953
3 2557 953 742
3 901 692 2558
3 901 2558 895
3 894 2558 687
3 894 687 685
3 894 685 2559
3 894 2559 888
3 884 2559 680
3 884 680 678
3 855 635 631
3 855 631 2560
3 2563 854 2560
3 2563 2560 2561
3 2561 2560 631
3 2561 631 628
3 2561 628 626
3 2561 626 2562
3 2563 2561 2562
3 2563 2562 2565
3 2564 852 854
3 2564 854 2563
3 2564 2563 2565
3 2564 2565 2566
3 2567 2565 2562
3 2567 2562 2569
3 2570 2566 2565
3 2570 2565 2567
3 2567 2569 624
3 2567 624 2568
3 2570 2567 2568
3 2570 2568 2572
3 2571 2582 2566
3 2571 2566 2570
3 2571 2570 2572
3 2571 2572 2573
3 2575 2573 2572
3 2575 2572 611
3 2568 613 611
3 2568 611 2572
3 601 2574 2573
3 601 2573 2575
3 2577 2571 2573
3 2577 2573 2574
3 599 2576 2574
3 599 2574 601
3 2578 2577 2574
3 2578 2574 2576
3 2578 2580 2579
3 2578 2579 2577
3 2577 2579 2582
3 2577 2582 2571
3 2584 2581 2579
3 2584 2579 2580
3 2581 2583 2582
3 2581 2582 2579
3 2583 2564 2566
3 2583 2566 2582
3 2581 847 849
3 2581 849 2583
3 2583 849 852
3 2583 852 2564
3 2584 2585 847
3 2584 847 2581
3 2586 2589 2585
3 2586 2585 2584
3 2586 2584 2580
3 2586 2580 2588
3 2587 2590 2589
3 2587 2589 2586
3 2587 2586 2588
3 2587 2588 2640
3 2593 2591 2589
3 2593 2589 2590
3 2591 846 2585
3 2591 2585 2589
3 2591 2592 840
3 2591 840 846
3 2593 2594 2592
3 2593 2592 2591
3 2595 2598 2594
3 2595 2594 2593
3 2595 2593 2590
3 2595 2590 2597
3 2596 2599 2598
3 2596 2598 2595
3 2596 2595 2597
3 2596 2597 2636
3 2603 2600 2598
3 2603 2598 2599
3 2600 2601 2594
3 2600 2594 2598
3 2600 2602 3127
3 2600 3127 2601
3 2603 2605 2602
3 2603 2602 2600
3 2604 2606 2605
3 2604 2605 2603
3 2604 2603 2599
3 2604 2599 3125
3 2610 2607 2605
3 2610 2605 2606
3 2607 2608 2602
3 2607 2602 2605
3 2607 2609 3126
3 2607 3126 2608
3 2610 2611 2609
3 2610 2609 2607
3 2613 2611 2610
3 2613 2610 2612
3 2610 2606 2615
3 2610 2615 2612
3 2613 2612 2614
3 2613 2614 2698
3 2616 2614 2612
3 2616 2612 2615
3 2617 2615 2606
3 2617 2606 2604
3 2616 2615 2617
3 2616 2617 2619
3 2617 2604 3125
3 2617 3125 2618
3 2617 2618 2621
3 2617 2621 2619
3 2616 2619 2620
3 2616 2620 3118
3 2622 2620 2619
3 2622 2619 2621
3 2622 2621 2623
3 2622 2623 2624
3 2623 2621 2618
3 2623 2618 2625
3 2623 2626 2627
3 2623 2627 2624
3 2623 2625 2629
3 2623 2629 2626
3 2660 2627 2626
3 2660 2626 2628
3 2628 2626 2629
3 2628 2629 2631
3 2631 2629 2630
3 2631 2630 2633
3 2625 3124 2630
3 2625 2630 2629
3 2628 2631 2632
3 2628 2632 2657
3 2631 2633 2634
3 2631 2634 2632
3 2633 2635 2637
3 2633 2637 2634
3 2633 2630 2636
3 2633 2636 2635
3 2635 2636 2597
3 2635 2597 2638
3 2635 2638 2639
3 2635 2639 2637
3 2638 2597 2590
3 2638 2590 2587
3 2638 2587 2640
3 2638 2640 2639
3 2642 2637 2639
3 2642 2639 2641
3 2641 2639 2640
3 2641 2640 2644
3 2642 2641 2643
3 2642 2643 2649
3 2641 2644 2645
3 2641 2645 2643
3 2644 2640 2588
3 2644 2588 2646
3 2644 2646 2647
3 2644 2647 2645
3 2646 2588 2580
3 2646 2580 2578
3 2646 2578 2576
3 2646 2576 2647
3 2648 2645 2647
3 2648 2647 597
3 597 2647 2576
3 597 2576 599
3 587 2643 2645
3 587 2645 2648
3 585 2649 2643
3 585 2643 587
3 2652 2642 2649
3 2652 2649 2650
3 582 2650 2649
3 582 2649 585
3 580 2651 2650
3 580 2650 582
3 2653 2652 2650
3 2653 2650 2651
3 2652 2634 2637
3 2652 2637 2642
3 2653 2632 2634
3 2653 2634 2652
3 2654 2657 2632
3 2654 2632 2653
3 2654 2653 2651
3 2654 2651 2656
3 2655 2658 2657
3 2655 2657 2654
3 2655 2654 2656
3 2655 2656 2775
3 2660 2628 2657
3 2660 2657 2658
3 2770 2659 2658
3 2770 2658 2655
3 2660 2658 2659
3 2660 2659 2661
3 2662 2627 2660
3 2662 2660 2661
3 2663 2661 2659
3 2663 2659 2665
3 2663 2666 2662
3 2663 2662 2661
3 2663 2664 2668
3 2663 2668 2666
3 2767 2664 2663
3 2767 2663 2665
3 2662 2666 2667
3 2662 2667 3123
3 2667 2666 2668
3 2667 2668 2669
3 2670 2672 2669
3 2670 2669 2668
3 2670 2668 2664
3 2670 2664 2671
3 2673 2672 2670
3 2673 2670 2671
3 2673 2676 2674
3 2673 2674 2672
3 2675 2669 2672
3 2675 2672 2674
3 2677 2680 2675
3 2677 2675 2674
3 2679 2677 2674
3 2679 2674 2676
3 2677 2678 2682
3 2677 2682 2680
3 2679 2743 2678
3 2679 2678 2677
3 2680 2681 3122
3 2680 3122 2675
3 2680 2682 2683
3 2680 2683 2681
3 2685 2684 2682
3 2685 2682 2678
3 2684 2686 2683
3 2684 2683 2682
3 2685 2688 2687
3 2685 2687 2684
3 2684 2687 2690
3 2684 2690 2686
3 2736 2689 2687
3 2736 2687 2688
3 2689 2691 2690
3 2689 2690 2687
3 2686 2690 2692
3 2686 2692 2694
3 2691 2693 2692
3 2691 2692 2690
3 2693 2696 2695
3 2693 2695 2692
3 2694 2692 2695
3 2694 2695 2697
3 2696 2699 2698
3 2696 2698 2695
3 2697 2695 2698
3 2697 2698 2614
3 2699 2701 2613
3 2699 2613 2698
3 2699 2700 2702
3 2699 2702 2701
3 2696 2730 2700
3 2696 2700 2699
3 2704 2703 2701
3 2704 2701 2702
3 2613 2701 2703
3 2613 2703 2611
3 2704 2706 2705
3 2704 2705 2703
3 2705 2609 2611
3 2705 2611 2703
3 2705 825 3126
3 2705 3126 2609
3 2705 2706 819
3 2705 819 825
3 2704 2707 818
3 2704 818 2706
3 2708 2707 2704
3 2708 2704 2702
3 2708 2710 2709
3 2708 2709 2707
3 816 818 2707
3 816 2707 2709
3 2713 2711 2709
3 2713 2709 2710
3 2711 812 816
3 2711 816 2709
3 2711 2712 809
3 2711 809 812
3 2713 2715 2712
3 2713 2712 2711
3 2714 2716 2715
3 2714 2715 2713
3 2714 2713 2710
3 2714 2710 2722
3 792 795 2715
3 792 2715 2716
3 795 798 2712
3 795 2712 2715
3 2719 2717 2716
3 2719 2716 2714
3 789 792 2716
3 789 2716 2717
3 2720 2718 2717
3 2720 2717 2719
3 786 789 2717
3 786 2717 2718
3 2720 2719 2721
3 2720 2721 2724
3 2719 2714 2722
3 2719 2722 2721
3 2723 2721 2722
3 2723 2722 3117
3 2726 2724 2721
3 2726 2721 2723
3 2727 2725 2724
3 2727 2724 2726
3 2914 2720 2724
3 2914 2724 2725
3 2727 2726 2728
3 2727 2728 2729
3 2726 2723 2730
3 2726 2730 2728
3 2691 2729 2728
3 2691 2728 2693
3 2693 2728 2730
3 2693 2730 2696
3 2723 3117 2700
3 2723 2700 2730
3 2689 2731 2729
3 2689 2729 2691
3 2732 2727 2729
3 2732 2729 2731
3 2736 2733 2731
3 2736 2731 2689
3 2735 2732 2731
3 2735 2731 2733
3 2737 2734 2733
3 2737 2733 2736
3 2904 2735 2733
3 2904 2733 2734
3 2737 2736 2688
3 2737 2688 2739
3 2738 2902 2734
3 2738 2734 2737
3 2738 2737 2739
3 2738 2739 2740
3 2742 2740 2739
3 2742 2739 2741
3 2741 2739 2688
3 2741 2688 2685
3 2742 2741 2743
3 2742 2743 2744
3 2741 2685 2678
3 2741 2678 2743
3 2746 2744 2743
3 2746 2743 2679
3 2748 2745 2744
3 2748 2744 2746
3 2854 2742 2744
3 2854 2744 2745
3 2746 2679 2676
3 2746 2676 2747
3 2748 2746 2747
3 2748 2747 2750
3 2749 2857 2745
3 2749 2745 2748
3 2749 2748 2750
3 2749 2750 2751
3 2753 2751 2750
3 2753 2750 2752
3 2752 2750 2747
3 2752 2747 2755
3 2753 2752 2754
3 2753 2754 2887
3 2752 2755 2756
3 2752 2756 2754
3 2673 2755 2747
3 2673 2747 2676
3 2673 2757 2756
3 2673 2756 2755
3 2761 2758 2756
3 2761 2756 2757
3 2758 2759 2754
3 2758 2754 2756
3 2760 2883 2759
3 2760 2759 2758
3 2760 2758 2761
3 2760 2761 2762
3 2761 2757 2766
3 2761 2766 2763
3 2761 2763 2764
3 2761 2764 2762
3 2763 2765 2768
3 2763 2768 2764
3 2763 2766 2767
3 2763 2767 2765
3 2673 2671 2766
3 2673 2766 2757
3 2767 2766 2671
3 2767 2671 2664
3 2767 2665 2769
3 2767 2769 2765
3 2771 2768 2765
3 2771 2765 2769
3 2770 2769 2665
3 2770 2665 2659
3 2771 2769 2770
3 2771 2770 2773
3 2891 2768 2771
3 2891 2771 2772
3 2771 2773 2774
3 2771 2774 2772
3 2776 2774 2773
3 2776 2773 2775
3 2770 2655 2775
3 2770 2775 2773
3 2776 2775 2656
3 2776 2656 2778
3 2776 2778 579
3 2776 579 2777
3 2779 2774 2776
3 2779 2776 2777
3 2778 2656 2651
3 2778 2651 580
3 579 576 564
3 579 564 2777
3 2779 2777 564
3 2779 564 566
3 2779 2780 2772
3 2779 2772 2774
3 2782 2780 2779
3 2782 2779 566
3 2783 2781 2780
3 2783 2780 2782
3 2891 2772 2780
3 2891 2780 2781
3 2783 2782 567
3 2783 567 2784
3 2783 2785 2787
3 2783 2787 2781
3 2788 2785 2783
3 2788 2783 2784
3 2788 2790 2786
3 2788 2786 2785
3 2890 2787 2785
3 2890 2785 2786
3 2788 2784 3004
3 2788 3004 2789
3 2792 2790 2788
3 2792 2788 2789
3 2794 2791 2790
3 2794 2790 2792
3 2892 2786 2790
3 2892 2790 2791
3 2792 2789 3002
3 2792 3002 2793
3 2796 2794 2792
3 2796 2792 2793
3 2794 2795 2893
3 2794 2893 2791
3 2796 2797 2795
3 2796 2795 2794
3 2798 2801 2797
3 2798 2797 2796
3 2798 2796 2793
3 2798 2793 2800
3 2799 2802 2801
3 2799 2801 2798
3 2799 2798 2800
3 2799 2800 2997
3 2805 2803 2801
3 2805 2801 2802
3 2803 2806 2797
3 2803 2797 2801
3 2803 2804 2808
3 2803 2808 2806
3 2805 2976 2804
3 2805 2804 2803
3 2806 2807 2795
3 2806 2795 2797
3 2806 2808 2809
3 2806 2809 2807
3 2812 2810 2808
3 2812 2808 2804
3 2810 2813 2809
3 2810 2809 2808
3 2810 2811 2815
3 2810 2815 2813
3 2812 2971 2811
3 2812 2811 2810
3 2813 2814 2895
3 2813 2895 2809
3 2813 2815 2816
3 2813 2816 2814
3 2818 2817 2815
3 2818 2815 2811
3 2817 2819 2816
3 2817 2816 2815
3 2818 2821 2820
3 2818 2820 2817
3 2817 2820 2823
3 2817 2823 2819
3 2967 2822 2820
3 2967 2820 2821
3 2822 2825 2823
3 2822 2823 2820
3 2819 2823 2824
3 2819 2824 2897
3 2825 2826 2824
3 2825 2824 2823
3 2822 2828 2827
3 2822 2827 2825
3 2825 2827 2829
3 2825 2829 2826
3 2831 2830 2827
3 2831 2827 2828
3 2830 2832 2829
3 2830 2829 2827
3 2831 2834 2833
3 2831 2833 2830
3 2830 2833 2836
3 2830 2836 2832
3 2952 2835 2833
3 2952 2833 2834
3 2835 2837 2836
3 2835 2836 2833
3 2837 2840 2838
3 2837 2838 2836
3 2832 2836 2838
3 2832 2838 2839
3 2839 2838 2841
3 2839 2841 2842
3 2840 2843 2841
3 2840 2841 2838
3 2842 2841 2844
3 2842 2844 2847
3 2843 2845 2844
3 2843 2844 2841
3 2845 2926 2846
3 2845 2846 2844
3 2847 2844 2846
3 2847 2846 2849
3 2842 2847 2848
3 2842 2848 2898
3 2847 2849 2850
3 2847 2850 2848
3 2849 2851 2853
3 2849 2853 2850
3 2849 2846 2852
3 2849 2852 2851
3 2851 2852 2902
3 2851 2902 2738
3 2851 2738 2740
3 2851 2740 2853
3 2855 2850 2853
3 2855 2853 2854
3 2854 2853 2740
3 2854 2740 2742
3 2855 2854 2745
3 2855 2745 2857
3 2856 2848 2850
3 2856 2850 2855
3 2856 2855 2857
3 2856 2857 2858
3 2859 2858 2857
3 2859 2857 2749
3 2863 2860 2858
3 2863 2858 2859
3 2862 2856 2858
3 2862 2858 2860
3 2864 2861 2860
3 2864 2860 2863
3 2899 2862 2860
3 2899 2860 2861
3 2864 2863 2865
3 2864 2865 2866
3 2863 2859 2867
3 2863 2867 2865
3 2871 2866 2865
3 2871 2865 2868
3 2868 2865 2867
3 2868 2867 2870
3 2868 2870 2886
3 2868 2886 2869
3 2871 2868 2869
3 2871 2869 2873
3 2872 2896 2866
3 2872 2866 2871
3 2872 2871 2873
3 2872 2873 2874
3 2877 2874 2873
3 2877 2873 2875
3 2869 2876 2875
3 2869 2875 2873
3 2876 2881 2878
3 2876 2878 2875
3 2877 2875 2878
3 2877 2878 2879
3 2879 2878 2880
3 2879 2880 2892
3 2881 2882 2880
3 2881 2880 2878
3 2881 2883 2760
3 2881 2760 2882
3 2876 2884 2883
3 2876 2883 2881
3 2885 2759 2883
3 2885 2883 2884
3 2885 2884 2886
3 2885 2886 2887
3 2869 2886 2884
3 2869 2884 2876
3 2870 2753 2887
3 2870 2887 2886
3 2885 2887 2754
3 2885 2754 2759
3 2890 2880 2882
3 2890 2882 2888
3 2760 2762 2888
3 2760 2888 2882
3 2889 2888 2762
3 2889 2762 2764
3 2890 2888 2889
3 2890 2889 2787
3 2892 2880 2890
3 2892 2890 2786
3 2889 2764 2768
3 2889 2768 2891
3 2889 2891 2781
3 2889 2781 2787
3 2879 2892 2791
3 2879 2791 2893
3 2894 2877 2879
3 2894 2879 2893
3 2807 2894 2893
3 2807 2893 2795
3 2894 2895 2874
3 2894 2874 2877
3 2807 2809 2895
3 2807 2895 2894
3 2814 2872 2874
3 2814 2874 2895
3 2814 2816 2896
3 2814 2896 2872
3 2897 2864 2866
3 2897 2866 2896
3 2819 2897 2896
3 2819 2896 2816
3 2897 2824 2861
3 2897 2861 2864
3 2870 2867 2751
3 2870 2751 2753
3 2859 2749 2751
3 2859 2751 2867
3 2862 2898 2848
3 2862 2848 2856
3 2899 2900 2898
3 2899 2898 2862
3 2826 2829 2900
3 2826 2900 2899
3 2826 2899 2861
3 2826 2861 2824
3 2832 2839 2900
3 2832 2900 2829
3 2839 2842 2898
3 2839 2898 2900
3 2901 2903 2902
3 2901 2902 2852
3 2926 2901 2852
3 2926 2852 2846
3 2903 2904 2734
3 2903 2734 2902
3 2901 2906 2905
3 2901 2905 2903
3 2903 2905 2908
3 2903 2908 2904
3 2922 2907 2905
3 2922 2905 2906
3 2907 2909 2908
3 2907 2908 2905
3 2909 2911 2910
3 2909 2910 2908
3 2904 2908 2910
3 2904 2910 2735
3 2911 2913 2912
3 2911 2912 2910
3 2735 2910 2912
3 2735 2912 2732
3 2913 2914 2725
3 2913 2725 2912
3 2732 2912 2725
3 2732 2725 2727
3 2911 2916 2915
3 2911 2915 2913
3 2913 2915 2917
3 2913 2917 2914
3 777 780 2915
3 777 2915 2916
3 780 783 2917
3 780 2917 2915
3 783 786 2718
3 783 2718 2917
3 2914 2917 2718
3 2914 2718 2720
3 2909 2918 2916
3 2909 2916 2911
3 774 777 2916
3 774 2916 2918
3 772 774 2918
3 772 2918 2919
3 2907 2919 2918
3 2907 2918 2909
3 2922 2920 2919
3 2922 2919 2907
3 770 772 2919
3 770 2919 2920
3 2923 2921 2920
3 2923 2920 2922
3 2937 770 2920
3 2937 2920 2921
3 2923 2922 2906
3 2923 2906 2925
3 2924 2935 2921
3 2924 2921 2923
3 2924 2923 2925
3 2924 2925 2927
3 2926 2925 2906
3 2926 2906 2901
3 2845 2927 2925
3 2845 2925 2926
3 2843 2928 2927
3 2843 2927 2845
3 2930 2924 2927
3 2930 2927 2928
3 2840 2929 2928
3 2840 2928 2843
3 2931 2930 2928
3 2931 2928 2929
3 2931 2933 2932
3 2931 2932 2930
3 2930 2932 2935
3 2930 2935 2924
3 2940 2934 2932
3 2940 2932 2933
3 2934 2936 2935
3 2934 2935 2932
3 2936 2937 2921
3 2936 2921 2935
3 2934 2939 2938
3 2934 2938 2936
3 2936 2938 766
3 2936 766 2937
3 753 760 2938
3 753 2938 2939
3 2940 754 2939
3 2940 2939 2934
3 2941 751 754
3 2941 754 2940
3 2941 2940 2933
3 2941 2933 2943
3 2942 749 751
3 2942 751 2941
3 2942 2941 2943
3 2942 2943 2944
3 2946 2944 2943
3 2946 2943 2945
3 2945 2943 2933
3 2945 2933 2931
3 2946 2945 2947
3 2946 2947 2948
3 2945 2931 2929
3 2945 2929 2947
3 2837 2947 2929
3 2837 2929 2840
3 2835 2948 2947
3 2835 2947 2837
3 2952 2949 2948
3 2952 2948 2835
3 2951 2946 2948
3 2951 2948 2949
3 2953 2950 2949
3 2953 2949 2952
3 3105 2951 2949
3 3105 2949 2950
3 2953 2952 2834
3 2953 2834 2955
3 2954 3101 2950
3 2954 2950 2953
3 2954 2953 2955
3 2954 2955 2957
3 2956 2955 2834
3 2956 2834 2831
3 2959 2957 2955
3 2959 2955 2956
3 2960 2958 2957
3 2960 2957 2959
3 3102 2954 2957
3 3102 2957 2958
3 2960 2959 2961
3 2960 2961 2962
3 2959 2956 2963
3 2959 2963 2961
3 2965 2962 2961
3 2965 2961 2964
3 2964 2961 2963
3 2964 2963 2967
3 2965 2964 2966
3 2965 2966 2968
3 2964 2967 2821
3 2964 2821 2966
3 2967 2963 2828
3 2967 2828 2822
3 2970 2968 2966
3 2970 2966 2969
3 2969 2966 2821
3 2969 2821 2818
3 2970 2969 2971
3 2970 2971 2972
3 2969 2818 2811
3 2969 2811 2971
3 2974 2972 2971
3 2974 2971 2812
3 2975 2973 2972
3 2975 2972 2974
3 3054 2970 2972
3 3054 2972 2973
3 2975 2974 2976
3 2975 2976 2977
3 2974 2812 2804
3 2974 2804 2976
3 2978 2977 2976
3 2978 2976 2805
3 2981 2975 2977
3 2981 2977 2979
3 2982 2979 2977
3 2982 2977 2978
3 2984 2980 2979
3 2984 2979 2982
3 3045 2981 2979
3 3045 2979 2980
3 2982 2978 2994
3 2982 2994 2983
3 2984 2982 2983
3 2984 2983 2986
3 2985 3043 2980
3 2985 2980 2984
3 2985 2984 2986
3 2985 2986 2987
3 2989 2987 2986
3 2989 2986 2988
3 2988 2986 2983
3 2988 2983 2991
3 2989 2988 2990
3 2989 2990 3026
3 2988 2991 2992
3 2988 2992 2990
3 2991 2983 2994
3 2991 2994 2993
3 2991 2993 2995
3 2991 2995 2992
3 2993 2994 2802
3 2993 2802 2799
3 2993 2799 2997
3 2993 2997 2995
3 3040 2992 2995
3 3040 2995 2996
3 2996 2995 2997
3 2996 2997 2998
3 2998 2997 2800
3 2998 2800 3000
3 2996 2998 2999
3 2996 2999 3042
3 2998 3000 3001
3 2998 3001 2999
3 3000 3002 3003
3 3000 3003 3001
3 3000 2800 2793
3 3000 2793 3002
3 3003 3002 2789
3 3003 2789 3004
3 3003 571 3005
3 3003 3005 3001
3 3003 3004 569
3 3003 569 571
3 569 3004 2784
3 569 2784 567
3 3006 2999 3001
3 3006 3001 3005
3 3006 3005 572
3 3006 572 3008
3 3007 3042 2999
3 3007 2999 3006
3 3007 3006 3008
3 3007 3008 3009
3 3008 3010 590
3 3008 590 3009
3 3008 572 574
3 3008 574 3010
3 577 584 3010
3 577 3010 574
3 3012 3007 3009
3 3012 3009 3011
3 3009 590 592
3 3009 592 3011
3 594 3013 3011
3 594 3011 592
3 3013 3014 3012
3 3013 3012 3011
3 594 3018 3015
3 594 3015 3013
3 3013 3015 3017
3 3013 3017 3014
3 3016 3015 3018
3 3016 3018 604
3 3016 3019 3017
3 3016 3017 3015
3 3020 3017 3019
3 3020 3019 3021
3 3014 3017 3020
3 3014 3020 3022
3 3024 3023 3020
3 3024 3020 3021
3 3023 3025 3022
3 3023 3022 3020
3 3024 3027 3026
3 3024 3026 3023
3 3023 3026 2990
3 3023 2990 3025
3 3029 2989 3026
3 3029 3026 3027
3 3039 3028 3027
3 3039 3027 3024
3 3031 3029 3027
3 3031 3027 3028
3 3029 3030 2987
3 3029 2987 2989
3 3031 3032 3030
3 3031 3030 3029
3 618 3034 3032
3 618 3032 3031
3 618 3031 3028
3 618 3028 616
3 3033 3038 3030
3 3033 3030 3032
3 3035 3033 3032
3 3035 3032 3034
3 3036 3035 3034
3 3036 3034 619
3 3035 646 648
3 3035 648 3033
3 3036 3037 646
3 3036 646 3035
3 629 632 3037
3 629 3037 3036
3 629 3036 619
3 629 619 621
3 3033 648 650
3 3033 650 3038
3 3038 650 3043
3 3038 3043 2985
3 3038 2985 2987
3 3038 2987 3030
3 608 616 3028
3 608 3028 3039
3 3039 3024 3021
3 3039 3021 609
3 3025 3040 3041
3 3025 3041 3022
3 3025 2990 2992
3 3025 2992 3040
3 3040 2996 3042
3 3040 3042 3041
3 3012 3014 3022
3 3012 3022 3041
3 3012 3041 3042
3 3012 3042 3007
3 3021 3019 606
3 3021 606 609
3 3016 604 606
3 3016 606 3019
3 2978 2805 2802
3 2978 2802 2994
3 651 3045 2980
3 651 2980 3043
3 2981 3044 2973
3 2981 2973 2975
3 3045 3046 3044
3 3045 3044 2981
3 651 653 3046
3 651 3046 3045
3 3047 3048 3044
3 3047 3044 3046
3 656 3047 3046
3 656 3046 653
3 656 659 3049
3 656 3049 3047
3 3047 3049 3051
3 3047 3051 3048
3 661 3050 3049
3 661 3049 659
3 3050 3052 3051
3 3050 3051 3049
3 3052 3055 3053
3 3052 3053 3051
3 3048 3051 3053
3 3048 3053 3054
3 3054 3053 2968
3 3054 2968 2970
3 3055 2965 2968
3 3055 2968 3053
3 3055 3056 2962
3 3055 2962 2965
3 3052 3058 3056
3 3052 3056 3055
3 3057 2960 2962
3 3057 2962 3056
3 3060 3057 3056
3 3060 3056 3058
3 3050 3059 3058
3 3050 3058 3052
3 3062 3060 3058
3 3062 3058 3059
3 3060 3061 3104
3 3060 3104 3057
3 3062 3064 3061
3 3062 3061 3060
3 3063 3065 3064
3 3063 3064 3062
3 3063 3062 3059
3 3063 3059 3116
3 3069 3066 3064
3 3069 3064 3065
3 3066 3067 3061
3 3066 3061 3064
3 3066 3068 3113
3 3066 3113 3067
3 3069 3071 3068
3 3069 3068 3066
3 3070 3072 3071
3 3070 3071 3069
3 3070 3069 3065
3 3070 3065 3115
3 3076 3073 3071
3 3076 3071 3072
3 3073 3074 3068
3 3073 3068 3071
3 3073 3075 3087
3 3073 3087 3074
3 3076 3078 3075
3 3076 3075 3073
3 3077 3079 3078
3 3077 3078 3076
3 3077 3076 3072
3 3077 3072 3114
3 3083 3080 3078
3 3083 3078 3079
3 3080 3081 3075
3 3080 3075 3078
3 3080 3082 721
3 3080 721 3081
3 3083 712 3082
3 3083 3082 3080
3 3084 709 712
3 3084 712 3083
3 3084 3083 3079
3 3084 3079 3085
3 689 707 709
3 689 709 3084
3 689 3084 3085
3 689 3085 683
3 682 3085 3079
3 682 3079 3077
3 3081 3086 3087
3 3081 3087 3075
3 3081 721 723
3 3081 723 3086
3 3086 3088 3089
3 3086 3089 3087
3 3086 723 726
3 3086 726 3088
3 3088 3090 3093
3 3088 3093 3089
3 3088 726 3092
3 3088 3092 3090
3 3090 3092 735
3 3090 735 3091
3 3090 3091 3094
3 3090 3094 3093
3 3096 3089 3093
3 3096 3093 3095
3 3095 3093 3094
3 3095 3094 3098
3 3096 3095 3097
3 3096 3097 3113
3 3095 3098 3100
3 3095 3100 3097
3 3098 3094 3106
3 3098 3106 3099
3 3098 3099 3101
3 3098 3101 3100
3 3103 3097 3100
3 3103 3100 3102
3 3102 3100 3101
3 3102 3101 2954
3 3103 3102 2958
3 3103 2958 3104
3 3067 3113 3097
3 3067 3097 3103
3 3067 3103 3104
3 3067 3104 3061
3 3057 3104 2958
3 3057 2958 2960
3 3099 3105 2950
3 3099 2950 3101
3 3099 3106 3108
3 3099 3108 3105
3 3091 3107 3106
3 3091 3106 3094
3 3107 3109 3108
3 3107 3108 3106
3 3109 3111 3110
3 3109 3110 3108
3 3105 3108 3110
3 3105 3110 2951
3 3111 2942 2944
3 3111 2944 3110
3 2951 3110 2944
3 2951 2944 2946
3 3111 3112 749
3 3111 749 2942
3 3109 740 3112
3 3109 3112 3111
3 3107 737 740
3 3107 740 3109
3 3091 735 737
3 3091 737 3107
3 3074 3096 3113
3 3074 3113 3068
3 3074 3087 3089
3 3074 3089 3096
3 682 3077 3114
3 682 3114 676
3 675 3114 3072
3 675 3072 3070
3 675 3070 3115
3 675 3115 669
3 668 3115 3065
3 668 3065 3063
3 668 3063 3116
3 668 3116 662
3 661 3116 3059
3 661 3059 3050
3 3048 3054 2973
3 3048 2973 3044
3 2956 2831 2828
3 2956 2828 2963
3 3117 2708 2702
3 3117 2702 2700
3 3117 2722 2710
3 3117 2710 2708
3 798 801 809
3 798 809 2712
3 2694 2697 3118
3 2694 3118 3119
3 2697 2614 2616
3 2697 2616 3118
3 3120 3119 3118
3 3120 3118 2620
3 2681 2683 3119
3 2681 3119 3120
3 2686 2694 3119
3 2686 3119 2683
3 2681 3120 3121
3 2681 3121 3122
3 3120 2620 2622
3 3120 2622 3121
3 2667 3122 3121
3 2667 3121 3123
3 2622 2624 3123
3 2622 3123 3121
3 2662 3123 2624
3 2662 2624 2627
3 2667 2669 2675
3 2667 2675 3122
3 3124 2596 2636
3 3124 2636 2630
3 3124 3125 2599
3 3124 2599 2596
3 2625 2618 3125
3 2625 3125 3124
3 2608 3126 826
3 2608 826 832
3 2608 832 3127
3 2608 3127 2602
3 2601 3127 833
3 2601 833 839
3 2601 839 2592
3 2601 2592 2594
3 623 2569 2562
3 623 2562 626
3 2568 624 615
3 2568 615 613
