ply
format ascii 1.0
element vertex 4744
property float x
property float y
property float z
element face 9316
property list uchar int vertex_index
end_header
-0.869355 3.030511 -0.220827
-0.865236 3.024050 -0.216365
-0.863411 3.026747 -0.223204
-0.872399 3.035926 -0.225890
-0.871146 3.032160 -0.219916
-0.870735 3.029247 -0.215615
-0.869954 3.027426 -0.214246
-0.870499 3.028036 -0.213877
-0.870190 3.023628 -0.208237
-0.866650 3.020661 -0.210088
-0.870219 3.023431 -0.207953
-0.867048 3.016598 -0.204533
-0.871025 3.020532 -0.202779
-0.870844 3.019820 -0.202401
-0.871071 3.020133 -0.202152
-0.871854 3.017341 -0.197721
-0.871418 3.015467 -0.196903
-0.872148 3.016288 -0.196071
-0.873095 3.014724 -0.193576
-0.872292 3.010292 -0.192004
-0.874600 3.012470 -0.189793
-0.874767 3.012235 -0.189555
-0.875841 3.005656 -0.187202
-0.877346 3.007453 -0.185274
-0.878206 3.006643 -0.184426
-0.880752 3.001604 -0.182383
-0.881518 3.002978 -0.180840
-0.883425 3.001161 -0.178942
-0.885586 2.997832 -0.177361
-0.885600 2.998584 -0.176429
-0.889232 2.994175 -0.172213
-0.888918 2.991804 -0.174273
-0.889352 2.994011 -0.171933
-0.891878 2.988935 -0.168645
-0.891473 2.989449 -0.168116
-0.893563 2.984526 -0.163993
-0.894089 2.983573 -0.164742
-0.896677 2.980278 -0.160003
-0.897174 2.979046 -0.160716
-0.901894 2.977581 -0.156509
-0.902379 2.976622 -0.156980
-0.909584 2.976225 -0.152558
-0.910989 2.974518 -0.152991
-0.917080 2.976824 -0.149504
-0.920478 2.976904 -0.148220
-0.928035 2.970131 -0.147286
-0.930994 2.979144 -0.144359
-0.935916 2.976371 -0.144039
-0.941369 2.982905 -0.141212
-0.943051 2.982444 -0.141290
-0.943682 2.982977 -0.141029
-0.958977 2.983848 -0.140297
-0.954114 2.978979 -0.141456
-0.964521 2.984655 -0.140266
-0.972252 2.982355 -0.141231
-0.976461 2.986767 -0.140592
-0.981712 2.988091 -0.141045
-0.989892 2.985527 -0.143015
-0.995010 2.991230 -0.142098
-0.995791 2.991386 -0.142256
-1.004977 2.989819 -0.146880
-1.006271 2.990859 -0.146353
-1.016509 2.991155 -0.151256
-1.013695 2.988343 -0.152557
-1.025488 2.992086 -0.156244
-1.021644 2.987424 -0.158692
-1.033099 2.993754 -0.161010
-1.031556 2.992825 -0.162093
-1.028398 2.988929 -0.164947
-1.039032 2.996467 -0.166044
-1.035677 2.991292 -0.170531
-1.039574 2.996835 -0.166005
-1.044728 3.000036 -0.169990
-1.045262 3.000295 -0.169534
-1.050191 3.004211 -0.173079
-1.049480 3.003914 -0.173668
-1.053946 3.008565 -0.176541
-1.053420 3.008388 -0.176941
-1.056486 3.013115 -0.179610
-1.056358 3.013241 -0.180017
-1.053016 3.010117 -0.185169
-1.057554 3.018256 -0.183270
-1.054596 3.015949 -0.187422
-1.057530 3.023491 -0.186070
-1.055083 3.021940 -0.188988
-1.056200 3.028655 -0.188421
-1.054671 3.027877 -0.189901
-1.053695 3.033266 -0.190213
-1.053375 3.033430 -0.190518
-1.050313 3.030807 -0.196396
-1.049837 3.037937 -0.191795
-1.047382 3.036278 -0.195903
-1.045354 3.041956 -0.192588
-1.043681 3.041063 -0.194872
-1.039728 3.045233 -0.192718
-1.039178 3.044974 -0.193288
-1.037463 3.046187 -0.192635
-1.033156 3.048168 -0.192906
-1.030706 3.047065 -0.198704
-1.026057 3.050954 -0.192483
-1.023839 3.050097 -0.196322
-1.019599 3.051659 -0.194829
-1.014219 3.053010 -0.197943
-1.012789 3.053013 -0.201183
-1.010407 3.054081 -0.200416
-1.003774 3.057059 -0.206876
-1.011468 3.053832 -0.209861
-1.002386 3.058230 -0.214593
-1.009765 3.054698 -0.217832
-1.001399 3.059108 -0.222275
-1.008545 3.055506 -0.225888
-1.000489 3.059703 -0.229945
-1.007428 3.056013 -0.234120
-0.999514 3.060092 -0.237342
-1.006224 3.056407 -0.242116
-0.998372 3.060318 -0.244444
-1.004912 3.056749 -0.249741
-0.996978 3.060299 -0.251078
-1.003281 3.056943 -0.256563
-0.995446 3.060120 -0.257411
-1.001396 3.056935 -0.262969
-0.993714 3.059640 -0.263282
-0.999261 3.056505 -0.268769
-0.992333 3.058422 -0.269137
-0.996426 3.055625 -0.273300
-0.990225 3.056462 -0.273656
-0.993150 3.053774 -0.276465
-0.987443 3.053859 -0.276786
-0.989566 3.051351 -0.278655
-0.984004 3.050700 -0.278368
-0.985443 3.048466 -0.279386
-0.980024 3.047162 -0.278890
-0.980733 3.045530 -0.279198
-0.974812 3.044925 -0.278384
-0.975587 3.042794 -0.278727
-0.969022 3.042803 -0.277167
-0.969694 3.040272 -0.277231
-0.962968 3.040756 -0.275752
-0.963417 3.038038 -0.275528
-0.956461 3.038906 -0.273762
-0.956657 3.036222 -0.273464
-0.949404 3.037145 -0.271411
-0.949284 3.034961 -0.270852
-0.941876 3.035604 -0.268586
-0.941664 3.034321 -0.268115
-0.934042 3.034239 -0.265384
-0.933573 3.034037 -0.265189
-0.932304 3.030112 -0.264854
-0.924974 3.033917 -0.261996
-0.923419 3.030473 -0.261528
-0.915789 3.033926 -0.258724
-0.914153 3.031285 -0.258103
-0.906040 3.034120 -0.255355
-0.904676 3.032360 -0.254777
-0.895937 3.034618 -0.251764
-0.894963 3.033653 -0.251325
-0.888105 3.035279 -0.248546
-0.887418 3.035112 -0.248313
-0.879869 3.029885 -0.248105
-0.881991 3.036731 -0.245123
-0.874929 3.031676 -0.244670
-0.876650 3.037771 -0.240434
-0.870762 3.032626 -0.240686
-0.875186 3.037784 -0.237138
-0.872211 3.036203 -0.233799
-0.873323 3.037606 -0.233331
-0.872368 3.036019 -0.226237
-0.867711 3.032135 -0.228129
-0.860421 3.028219 -0.230733
-0.850848 3.024333 -0.233350
-0.865748 3.031718 -0.235682
-0.855067 3.022810 -0.225838
-0.848796 3.016266 -0.221532
-0.845363 3.019577 -0.228252
-0.836092 3.017416 -0.229682
-0.839648 3.013700 -0.223247
-0.831564 3.012091 -0.224234
-0.834403 3.007453 -0.218168
-0.842307 3.009339 -0.217081
-0.829910 3.001154 -0.213211
-0.826838 3.006127 -0.219025
-0.822322 3.000015 -0.214010
-0.818664 3.005228 -0.219862
-0.814277 2.999391 -0.214795
-0.823295 3.010933 -0.225099
-0.810356 3.004694 -0.220776
-0.800029 3.005254 -0.222569
-0.806033 2.999152 -0.215842
-0.814480 3.010314 -0.226069
-0.817884 3.015099 -0.231645
-0.804229 3.010353 -0.227479
-0.807297 3.014712 -0.232764
-0.792569 3.011039 -0.229460
-0.780019 3.012046 -0.232060
-0.788625 3.006184 -0.224627
-0.795554 3.014841 -0.234606
-0.797577 3.016990 -0.239860
-0.783020 3.015274 -0.237159
-0.770263 3.016074 -0.240463
-0.785135 3.017067 -0.242413
-0.786765 3.017320 -0.247377
-0.772618 3.017349 -0.245653
-0.774212 3.017137 -0.250618
-0.759796 3.017720 -0.249837
-0.757454 3.016921 -0.244646
-0.761496 3.017149 -0.254819
-0.746949 3.018133 -0.254658
-0.734156 3.018847 -0.260147
-0.744521 3.017795 -0.249386
-0.748679 3.017176 -0.259679
-0.749434 3.014750 -0.264042
-0.735823 3.017360 -0.265184
-0.722694 3.017644 -0.271139
-0.736374 3.014465 -0.269458
-0.735907 3.010262 -0.272659
-0.723168 3.014395 -0.275456
-0.709593 3.014412 -0.281737
-0.722494 3.009898 -0.278655
-0.720377 3.004390 -0.280248
-0.708789 3.009627 -0.284878
-0.694056 3.009448 -0.291119
-0.706538 3.003928 -0.286585
-0.703564 2.997846 -0.287423
-0.691566 3.003682 -0.293038
-0.676285 3.003753 -0.299358
-0.688644 2.997563 -0.294203
-0.685380 2.990852 -0.294632
-0.673302 2.997388 -0.300574
-0.657220 2.997435 -0.306241
-0.669977 2.990415 -0.301034
-0.666629 2.983192 -0.301326
-0.653976 2.990352 -0.306678
-0.637363 2.990314 -0.311263
-0.650459 2.982869 -0.306721
-0.646870 2.975085 -0.306513
-0.633899 2.982840 -0.311283
-0.630257 2.974941 -0.310902
-0.617470 2.982949 -0.314980
-0.601328 2.983230 -0.317954
-0.620854 2.990361 -0.314889
-0.613919 2.975048 -0.314436
-0.610087 2.966589 -0.313601
-0.597744 2.975399 -0.317492
-0.582008 2.975928 -0.319962
-0.593858 2.967088 -0.316611
-0.589569 2.958271 -0.315221
-0.578041 2.967774 -0.319232
-0.562713 2.968531 -0.321352
-0.573608 2.959054 -0.317966
-0.558267 2.959962 -0.320329
-0.568885 2.950150 -0.316341
-0.584947 2.949308 -0.313414
-0.563748 2.941216 -0.314530
-0.553370 2.951096 -0.318897
-0.538411 2.952029 -0.321074
-0.548199 2.942249 -0.317210
-0.533076 2.943238 -0.319539
-0.542685 2.933538 -0.315455
-0.527547 2.934594 -0.317869
-0.558242 2.932443 -0.312513
-0.536851 2.925040 -0.313706
-0.552273 2.923738 -0.310857
-0.521777 2.926153 -0.316235
-0.530518 2.916635 -0.312533
-0.523954 2.908455 -0.311744
-0.545767 2.915262 -0.309675
-0.515676 2.917844 -0.315003
-0.501323 2.918802 -0.316932
-0.509324 2.909681 -0.314166
-0.502914 2.901644 -0.313659
-0.495188 2.910646 -0.316048
-0.481371 2.911403 -0.317540
-0.488968 2.902586 -0.315414
-0.482795 2.894744 -0.315253
-0.475423 2.903302 -0.316782
-0.462233 2.903835 -0.317843
-0.469565 2.895405 -0.316402
-0.463805 2.887472 -0.316253
-0.456697 2.895886 -0.317282
-0.444179 2.896239 -0.317863
-0.451364 2.887927 -0.316903
-0.446463 2.880244 -0.316785
-0.439393 2.888337 -0.317317
-0.427412 2.888725 -0.317561
-0.435002 2.880553 -0.316982
-0.431219 2.873133 -0.316822
-0.423658 2.880967 -0.316994
-0.420468 2.873556 -0.316637
-0.410990 2.881678 -0.316972
-0.407746 2.874573 -0.316390
-0.414503 2.889300 -0.317671
-0.397634 2.882655 -0.316846
-0.383820 2.883130 -0.317025
-0.400766 2.890027 -0.317724
-0.394606 2.875488 -0.316094
-0.381653 2.876190 -0.316183
-0.391895 2.869609 -0.315390
-0.379739 2.870471 -0.315378
-0.404553 2.868117 -0.315770
-0.389152 2.864570 -0.314764
-0.377446 2.865008 -0.314691
-0.400904 2.862034 -0.315124
-0.385896 2.859427 -0.314151
-0.375382 2.860084 -0.313854
-0.396171 2.856447 -0.314463
-0.383009 2.855037 -0.312759
-0.373412 2.856038 -0.312706
-0.379794 2.850529 -0.311337
-0.391529 2.851688 -0.312992
-0.386800 2.847202 -0.311159
-0.397705 2.844940 -0.312989
-0.392337 2.840825 -0.310948
-0.404075 2.849905 -0.314781
-0.400033 2.835797 -0.312878
-0.394490 2.832723 -0.310688
-0.406424 2.839423 -0.314726
-0.399931 2.826299 -0.312782
-0.406266 2.828995 -0.314744
-0.398717 2.816772 -0.312783
-0.394621 2.823949 -0.310682
-0.389962 2.822002 -0.308141
-0.393671 2.815175 -0.310446
-0.392513 2.806330 -0.310175
-0.389348 2.813769 -0.307919
-0.385974 2.812640 -0.304882
-0.388560 2.805377 -0.307599
-0.387359 2.797144 -0.307234
-0.385196 2.804847 -0.304521
-0.382444 2.804878 -0.301053
-0.384190 2.797080 -0.304075
-0.383155 2.788853 -0.303608
-0.381850 2.797338 -0.300619
-0.380406 2.797936 -0.296786
-0.381063 2.789269 -0.300189
-0.380470 2.781078 -0.299730
-0.379668 2.789959 -0.296445
-0.379358 2.791010 -0.292390
-0.379246 2.781833 -0.296111
-0.378902 2.773448 -0.295894
-0.378812 2.782814 -0.292252
-0.379348 2.783922 -0.288342
-0.378364 2.774334 -0.292223
-0.378084 2.765645 -0.292219
-0.378696 2.775331 -0.288446
-0.378310 2.766573 -0.288618
-0.379800 2.776417 -0.284701
-0.380779 2.785114 -0.284473
-0.379244 2.767537 -0.285024
-0.381878 2.777510 -0.281180
-0.383212 2.786327 -0.280904
-0.381092 2.768499 -0.281724
-0.384985 2.778460 -0.278411
-0.386625 2.787436 -0.277997
-0.383820 2.769392 -0.278881
-0.388700 2.779303 -0.275935
-0.390678 2.788400 -0.275514
-0.387244 2.770154 -0.276545
-0.392871 2.780007 -0.273921
-0.395209 2.789262 -0.273420
-0.397418 2.780585 -0.272428
-0.391022 2.770778 -0.274569
-0.389798 2.761620 -0.275353
-0.395197 2.771329 -0.273087
-0.393679 2.762101 -0.273821
-0.399743 2.771802 -0.271872
-0.402336 2.781101 -0.271220
-0.404549 2.772139 -0.270917
-0.397709 2.762481 -0.272478
-0.396433 2.753479 -0.273256
-0.402157 2.762743 -0.271592
-0.406898 2.762853 -0.271217
-0.400498 2.753778 -0.272357
-0.404882 2.753903 -0.271773
-0.399318 2.744632 -0.273007
-0.398732 2.735528 -0.273733
-0.395579 2.744300 -0.273916
-0.403528 2.744840 -0.272502
-0.402530 2.735842 -0.273307
-0.407899 2.744944 -0.272449
-0.406598 2.736043 -0.273124
-0.412603 2.744766 -0.272797
-0.409648 2.753937 -0.271787
-0.414512 2.753668 -0.272063
-0.411869 2.762859 -0.271116
-0.416959 2.762450 -0.271415
-0.414587 2.772085 -0.270278
-0.419702 2.771504 -0.270556
-0.417714 2.781337 -0.269240
-0.409583 2.772272 -0.270433
-0.412633 2.781468 -0.269636
-0.416420 2.790890 -0.268673
-0.407422 2.781471 -0.270147
-0.410740 2.790833 -0.269292
-0.414626 2.800387 -0.268410
-0.405392 2.790474 -0.270457
-0.408994 2.800068 -0.269616
-0.400212 2.790027 -0.271670
-0.403348 2.799354 -0.271081
-0.406868 2.808713 -0.270569
-0.398042 2.798408 -0.272966
-0.401092 2.807535 -0.272584
-0.393084 2.797424 -0.275162
-0.395769 2.806259 -0.274800
-0.388661 2.796342 -0.277613
-0.391033 2.805033 -0.277288
-0.384859 2.794994 -0.280628
-0.386821 2.803572 -0.280425
-0.382043 2.793631 -0.284227
-0.383397 2.801941 -0.284050
-0.380266 2.792308 -0.288225
-0.381167 2.800373 -0.288166
-0.381859 2.807913 -0.288146
-0.380157 2.798999 -0.292526
-0.380665 2.806431 -0.292698
-0.381173 2.813627 -0.292827
-0.380823 2.805382 -0.297125
-0.381350 2.812668 -0.297366
-0.381431 2.819548 -0.297664
-0.383057 2.812326 -0.301379
-0.383314 2.819719 -0.301768
-0.382634 2.826390 -0.302073
-0.386443 2.820705 -0.304973
-0.385754 2.827879 -0.305346
-0.383596 2.834156 -0.305897
-0.389622 2.829967 -0.308309
-0.387339 2.836917 -0.308936
-0.382795 2.842891 -0.309319
-0.379546 2.839509 -0.306592
-0.376609 2.846394 -0.309534
-0.374137 2.843162 -0.306785
-0.369211 2.848027 -0.309352
-0.361008 2.848567 -0.309263
-0.371165 2.851789 -0.311370
-0.367413 2.844835 -0.306822
-0.366233 2.842666 -0.303349
-0.360273 2.846279 -0.306382
-0.359848 2.845139 -0.302626
-0.355004 2.850473 -0.304807
-0.355110 2.851985 -0.307970
-0.350799 2.853784 -0.303341
-0.355111 2.850199 -0.301085
-0.351068 2.854198 -0.299790
-0.355712 2.851149 -0.297498
-0.351553 2.855811 -0.296598
-0.360190 2.845378 -0.298475
-0.356686 2.852903 -0.294292
-0.352310 2.857889 -0.293791
-0.357989 2.855241 -0.291779
-0.361501 2.847163 -0.294630
-0.363664 2.849828 -0.291662
-0.367318 2.843791 -0.294586
-0.369949 2.846823 -0.290962
-0.366054 2.842220 -0.299033
-0.371983 2.840476 -0.294399
-0.374723 2.843169 -0.290424
-0.371263 2.839644 -0.299121
-0.375958 2.836523 -0.294134
-0.375606 2.835955 -0.298825
-0.378982 2.831919 -0.293623
-0.378397 2.838701 -0.289715
-0.382412 2.841806 -0.286589
-0.381145 2.833770 -0.289035
-0.382572 2.828154 -0.288526
-0.385003 2.836419 -0.285262
-0.389724 2.839225 -0.282588
-0.386216 2.830545 -0.284417
-0.386385 2.824041 -0.283846
-0.390854 2.833123 -0.281236
-0.396367 2.835838 -0.278589
-0.391154 2.826587 -0.280370
-0.390033 2.819244 -0.280002
-0.396445 2.828936 -0.277510
-0.402434 2.831223 -0.275041
-0.395072 2.821181 -0.277187
-0.393316 2.813437 -0.277160
-0.400855 2.823303 -0.274577
-0.398487 2.814983 -0.274570
-0.407023 2.825304 -0.272178
-0.408662 2.833730 -0.272622
-0.404164 2.816390 -0.272274
-0.413521 2.827063 -0.269870
-0.415504 2.835843 -0.270289
-0.420744 2.828518 -0.267637
-0.410368 2.817909 -0.270089
-0.416904 2.819156 -0.268125
-0.412823 2.809493 -0.268861
-0.423634 2.819715 -0.266464
-0.428524 2.829238 -0.265429
-0.419070 2.809948 -0.267396
-0.430540 2.819538 -0.264822
-0.436434 2.828830 -0.263309
-0.425190 2.809810 -0.266235
-0.437544 2.818206 -0.263658
-0.444032 2.827177 -0.261765
-0.431846 2.808952 -0.265411
-0.444649 2.816121 -0.263142
-0.451760 2.824643 -0.260938
-0.438425 2.807300 -0.265056
-0.451518 2.813208 -0.263243
-0.459278 2.821354 -0.260870
-0.444681 2.804861 -0.265265
-0.458177 2.809749 -0.264039
-0.466308 2.817654 -0.261563
-0.464459 2.806141 -0.265452
-0.451177 2.801729 -0.266078
-0.444941 2.793403 -0.267940
-0.457325 2.798363 -0.267582
-0.450831 2.790227 -0.269546
-0.462938 2.794925 -0.269602
-0.470074 2.802655 -0.267368
-0.468020 2.791518 -0.271955
-0.456469 2.786936 -0.271617
-0.451191 2.779168 -0.273297
-0.461672 2.783596 -0.273997
-0.456283 2.775778 -0.275737
-0.466414 2.780339 -0.276709
-0.460835 2.772300 -0.278520
-0.470722 2.777169 -0.279523
-0.472682 2.788191 -0.274610
-0.476989 2.785046 -0.277381
-0.479835 2.796060 -0.272177
-0.475108 2.799309 -0.269656
-0.487819 2.803711 -0.269394
-0.484254 2.792974 -0.274869
-0.488065 2.790117 -0.277907
-0.492113 2.800670 -0.272099
-0.495972 2.797899 -0.275006
-0.501269 2.808280 -0.268695
-0.504977 2.805449 -0.271624
-0.496978 2.811350 -0.266110
-0.511085 2.815627 -0.265135
-0.514919 2.812810 -0.267933
-0.506648 2.818720 -0.262714
-0.521494 2.822852 -0.261481
-0.532354 2.829940 -0.257839
-0.525334 2.820033 -0.264203
-0.516957 2.825967 -0.259304
-0.527758 2.833057 -0.255804
-0.512307 2.829157 -0.257145
-0.522781 2.836282 -0.254062
-0.506915 2.832634 -0.255456
-0.501952 2.821949 -0.260453
-0.496873 2.825343 -0.258521
-0.492246 2.814576 -0.263733
-0.487240 2.817925 -0.261684
-0.483149 2.806984 -0.266919
-0.478185 2.810341 -0.264706
-0.472578 2.813925 -0.262902
-0.481531 2.821537 -0.260077
-0.475019 2.825322 -0.258927
-0.491010 2.828986 -0.257139
-0.484371 2.832777 -0.256185
-0.500874 2.836247 -0.254229
-0.511157 2.843374 -0.251387
-0.494146 2.840017 -0.253447
-0.486541 2.843910 -0.253259
-0.504326 2.847075 -0.250748
-0.496651 2.850957 -0.250732
-0.514795 2.853944 -0.248208
-0.521614 2.850273 -0.248776
-0.507137 2.857808 -0.248286
-0.525799 2.860725 -0.245599
-0.537229 2.867356 -0.242925
-0.532516 2.857069 -0.246164
-0.518322 2.864606 -0.245624
-0.529817 2.871268 -0.243071
-0.509855 2.868567 -0.246499
-0.498561 2.861725 -0.249172
-0.500226 2.872284 -0.248342
-0.521496 2.875310 -0.243975
-0.512202 2.879099 -0.245734
-0.534033 2.882104 -0.241180
-0.547065 2.888778 -0.238454
-0.541994 2.877943 -0.240300
-0.525158 2.886050 -0.242919
-0.538765 2.892909 -0.240132
-0.515020 2.889632 -0.245615
-0.503169 2.892797 -0.249699
-0.501688 2.882557 -0.248493
-0.529264 2.896715 -0.242820
-0.544875 2.903975 -0.239730
-0.518090 2.900110 -0.246690
-0.534320 2.907577 -0.243438
-0.505301 2.903099 -0.251644
-0.491875 2.905823 -0.257080
-0.490098 2.895598 -0.254763
-0.521603 2.910728 -0.248446
-0.508115 2.913568 -0.253967
-0.538963 2.918665 -0.245174
-0.552586 2.915300 -0.239804
-0.557285 2.927310 -0.241981
-0.525053 2.921517 -0.250899
-0.542286 2.929813 -0.248132
-0.511444 2.924385 -0.256636
-0.494884 2.916496 -0.259483
-0.528289 2.932569 -0.254005
-0.499268 2.927542 -0.261878
-0.482502 2.919748 -0.264708
-0.516287 2.935523 -0.259272
-0.488289 2.931333 -0.266571
-0.505714 2.939060 -0.263879
-0.479301 2.936016 -0.270171
-0.471270 2.923824 -0.269233
-0.455217 2.916509 -0.271644
-0.461681 2.928705 -0.272536
-0.444717 2.921402 -0.274618
-0.453357 2.933974 -0.274411
-0.471685 2.941105 -0.272477
-0.444388 2.939816 -0.275995
-0.434990 2.926669 -0.276089
-0.424929 2.933247 -0.277629
-0.416726 2.919349 -0.277688
-0.405871 2.926900 -0.278803
-0.428778 2.914131 -0.276496
-0.400443 2.911830 -0.278741
-0.389836 2.905407 -0.279957
-0.414804 2.906983 -0.278079
-0.387465 2.920181 -0.278691
-0.387711 2.920786 -0.278619
-0.379412 2.911730 -0.279701
-0.374323 2.906410 -0.280345
-0.382948 2.900037 -0.280874
-0.369174 2.900750 -0.281067
-0.376635 2.894285 -0.281770
-0.364112 2.894507 -0.281982
-0.370796 2.888433 -0.282766
-0.360111 2.888906 -0.282983
-0.366749 2.883821 -0.283732
-0.356873 2.883839 -0.284052
-0.363402 2.879420 -0.284729
-0.353736 2.878413 -0.285270
-0.360306 2.874827 -0.285828
-0.351555 2.873623 -0.286647
-0.358136 2.870842 -0.287103
-0.349841 2.869336 -0.287925
-0.356256 2.866964 -0.288444
-0.348425 2.865290 -0.289598
-0.354572 2.863550 -0.289900
-0.347485 2.861933 -0.291416
-0.353298 2.860473 -0.291620
-0.346887 2.859120 -0.293449
-0.346586 2.856787 -0.295989
-0.346376 2.854856 -0.298868
-0.346161 2.854020 -0.302261
-0.345772 2.854337 -0.305639
-0.348450 2.855837 -0.309024
-0.350632 2.854752 -0.306609
-0.349991 2.855804 -0.309429
-0.355054 2.853834 -0.310409
-0.349138 2.856542 -0.311459
-0.348551 2.855847 -0.309211
-0.349468 2.856642 -0.312046
-0.354914 2.855859 -0.312443
-0.350371 2.857769 -0.314440
-0.355086 2.858140 -0.314397
-0.352751 2.861015 -0.316212
-0.355965 2.862022 -0.315807
-0.356715 2.866771 -0.316733
-0.357723 2.867845 -0.316833
-0.367545 2.869836 -0.315981
-0.361488 2.874304 -0.317749
-0.368943 2.875730 -0.316913
-0.365778 2.881566 -0.318353
-0.370100 2.882497 -0.317816
-0.371121 2.889585 -0.318823
-0.371925 2.890000 -0.318843
-0.386274 2.890788 -0.318021
-0.377268 2.898506 -0.319572
-0.389681 2.899171 -0.318903
-0.383511 2.909174 -0.319254
-0.393485 2.908930 -0.318780
-0.386766 2.914757 -0.319035
-0.392020 2.919047 -0.318843
-0.399095 2.917553 -0.319166
-0.402221 2.926353 -0.319657
-0.405056 2.926008 -0.319695
-0.408176 2.930407 -0.320088
-0.413758 2.933920 -0.320570
-0.423166 2.932657 -0.321466
-0.425022 2.941527 -0.321421
-0.427877 2.941240 -0.321550
-0.430045 2.944759 -0.321673
-0.430493 2.945153 -0.321705
-0.436861 2.949124 -0.322164
-0.434226 2.949332 -0.322032
-0.441686 2.957227 -0.322410
-0.449907 2.956803 -0.323218
-0.448695 2.964828 -0.322474
-0.454424 2.964528 -0.322985
-0.455440 2.972054 -0.322334
-0.458100 2.971808 -0.322517
-0.461442 2.978297 -0.322107
-0.462163 2.978565 -0.322112
-0.476371 2.978660 -0.323694
-0.465918 2.985291 -0.321640
-0.479969 2.985455 -0.323319
-0.470274 2.991865 -0.320758
-0.483358 2.991749 -0.322658
-0.474733 2.997833 -0.319313
-0.487400 2.997854 -0.321567
-0.478818 3.002601 -0.317341
-0.491196 3.002922 -0.319961
-0.482965 3.006694 -0.314826
-0.495078 3.007360 -0.317470
-0.486876 3.009920 -0.312059
-0.498700 3.010612 -0.314431
-0.490737 3.012131 -0.308780
-0.502218 3.012857 -0.310586
-0.494519 3.013573 -0.305011
-0.505591 3.014018 -0.306400
-0.498036 3.014247 -0.301024
-0.508663 3.014398 -0.302022
-0.501286 3.014198 -0.296819
-0.511539 3.014260 -0.297479
-0.504614 3.013849 -0.292483
-0.514051 3.013555 -0.292894
-0.507861 3.013386 -0.288136
-0.516533 3.012761 -0.288315
-0.510758 3.012529 -0.283793
-0.518547 3.011420 -0.283789
-0.513074 3.011119 -0.279423
-0.519952 3.009627 -0.279355
-0.514580 3.009125 -0.275168
-0.520068 3.007106 -0.275262
-0.514644 3.006396 -0.271084
-0.518231 3.003813 -0.271668
-0.512076 3.000422 -0.268564
-0.512548 2.999145 -0.269052
-0.510391 2.997762 -0.268473
-0.506894 2.992211 -0.267998
-0.507557 2.991129 -0.268427
-0.500222 2.987507 -0.267872
-0.498024 2.985807 -0.267856
-0.502013 2.983114 -0.268656
-0.487779 2.979217 -0.268286
-0.489187 2.977436 -0.269204
-0.475828 2.972147 -0.269745
-0.475903 2.971918 -0.269915
-0.474533 2.971399 -0.269996
-0.462939 2.964493 -0.271915
-0.465049 2.962211 -0.273048
-0.449588 2.956827 -0.274456
-0.448998 2.956304 -0.274598
-0.454339 2.951732 -0.275321
-0.434205 2.948643 -0.276047
-0.436303 2.945736 -0.276948
-0.418678 2.940248 -0.277367
-0.418771 2.939995 -0.277481
-0.417737 2.939703 -0.277454
-0.403790 2.931067 -0.278091
-0.463776 2.946505 -0.273901
-0.473323 2.958152 -0.272709
-0.491570 2.964808 -0.270090
-0.482726 2.953351 -0.271476
-0.499662 2.960255 -0.269298
-0.489574 2.948241 -0.270074
-0.496987 2.943406 -0.267643
-0.506463 2.955514 -0.267985
-0.514111 2.951035 -0.265254
-0.522142 2.963057 -0.265726
-0.515169 2.967331 -0.267207
-0.530115 2.959003 -0.263081
-0.537054 2.970799 -0.263705
-0.529854 2.974506 -0.265266
-0.551224 2.978773 -0.262250
-0.545256 2.967391 -0.261224
-0.559599 2.976032 -0.260031
-0.554265 2.964609 -0.258143
-0.538919 2.955623 -0.259645
-0.568868 2.973754 -0.257144
-0.564696 2.962372 -0.254108
-0.549464 2.952901 -0.255243
-0.579246 2.972027 -0.253499
-0.576231 2.960773 -0.249579
-0.561165 2.950754 -0.250301
-0.590429 2.970801 -0.249417
-0.588621 2.959749 -0.244752
-0.573893 2.949337 -0.245092
-0.602293 2.970057 -0.244996
-0.601961 2.959423 -0.239694
-0.588494 2.948786 -0.239540
-0.614683 2.969781 -0.240335
-0.615790 2.959760 -0.234664
-0.603695 2.949264 -0.234187
-0.627641 2.969988 -0.235564
-0.630413 2.960615 -0.229788
-0.620052 2.950833 -0.228913
-0.641019 2.970416 -0.230865
-0.645239 2.961736 -0.224763
-0.659601 2.962644 -0.219831
-0.636862 2.952802 -0.223826
-0.654856 2.970915 -0.226065
-0.668495 2.971285 -0.221199
-0.665094 2.979843 -0.227649
-0.678473 2.979733 -0.222884
-0.675447 2.988198 -0.229676
-0.651917 2.979863 -0.232305
-0.662419 2.988568 -0.234392
-0.639169 2.979846 -0.236887
-0.626845 2.979835 -0.241397
-0.650076 2.988948 -0.238845
-0.637954 2.989221 -0.243145
-0.659614 2.996881 -0.241567
-0.667565 3.003731 -0.244976
-0.672112 2.996283 -0.236947
-0.647517 2.997367 -0.245804
-0.655304 3.004472 -0.249224
-0.635804 2.997985 -0.249684
-0.624503 2.998600 -0.253251
-0.643349 3.005151 -0.253272
-0.626176 2.989502 -0.247295
-0.615073 2.990115 -0.251021
-0.614869 2.980061 -0.245704
-0.603573 2.980713 -0.249820
-0.592573 2.981610 -0.253553
-0.582431 2.982956 -0.256773
-0.604373 2.990909 -0.254380
-0.594119 2.991955 -0.257461
-0.613837 2.999410 -0.256330
-0.620655 3.006787 -0.260021
-0.603375 3.000228 -0.259216
-0.609802 3.007556 -0.262728
-0.593199 3.001198 -0.261638
-0.598615 3.008203 -0.265260
-0.584437 2.993224 -0.259966
-0.583083 3.002242 -0.264099
-0.573520 3.003563 -0.266328
-0.575149 2.994790 -0.262227
-0.587608 3.008876 -0.267805
-0.577248 3.009666 -0.270061
-0.590533 3.014459 -0.273394
-0.579383 3.014683 -0.275595
-0.602432 3.014112 -0.270658
-0.591884 3.018036 -0.279587
-0.604308 3.018346 -0.277047
-0.591975 3.020292 -0.286317
-0.579952 3.017846 -0.281897
-0.579440 3.019822 -0.288329
-0.568909 3.017762 -0.283604
-0.557937 3.017490 -0.285117
-0.568832 3.014770 -0.277483
-0.567794 3.019490 -0.289878
-0.566019 3.020344 -0.296176
-0.556443 3.019164 -0.291163
-0.554359 3.020037 -0.297079
-0.545209 3.018677 -0.291995
-0.546649 3.017074 -0.286359
-0.543153 3.019691 -0.297534
-0.530381 3.016712 -0.292643
-0.531849 3.015245 -0.287591
-0.528485 3.017752 -0.297697
-0.525913 3.018026 -0.302869
-0.540293 3.019845 -0.303233
-0.523022 3.017754 -0.307906
-0.537059 3.019268 -0.308702
-0.519590 3.016550 -0.312831
-0.533468 3.017574 -0.313931
-0.516035 3.013912 -0.317170
-0.529719 3.014501 -0.318489
-0.512617 3.009998 -0.320409
-0.509288 3.005174 -0.322511
-0.522824 3.010314 -0.321298
-0.526198 3.010098 -0.321516
-0.518346 3.005025 -0.323275
-0.522615 3.004577 -0.323523
-0.513556 2.999328 -0.324365
-0.519144 2.998725 -0.324572
-0.505832 2.999547 -0.323838
-0.508183 2.992966 -0.324882
-0.515905 2.992261 -0.324944
-0.502368 2.993098 -0.324624
-0.498878 2.986399 -0.325183
-0.495256 2.979476 -0.325418
-0.512724 2.985608 -0.325309
-0.487403 2.979443 -0.324945
-0.476542 2.972410 -0.324763
-0.491935 2.972378 -0.325738
-0.474615 2.972319 -0.324532
-0.473866 2.970717 -0.324657
-0.471741 2.964854 -0.325172
-0.467519 2.966509 -0.324529
-0.464165 2.964719 -0.324298
-0.450801 2.957287 -0.323303
-0.450492 2.956785 -0.323298
-0.467933 2.956491 -0.325275
-0.446316 2.948501 -0.323318
-0.441744 2.939927 -0.322879
-0.463241 2.947615 -0.324790
-0.457877 2.938685 -0.323850
-0.476879 2.946747 -0.324553
-0.482318 2.955699 -0.325395
-0.490469 2.945901 -0.323778
-0.471306 2.937908 -0.323383
-0.465782 2.929292 -0.322010
-0.484944 2.937197 -0.322437
-0.498818 2.936435 -0.321183
-0.479352 2.928646 -0.321019
-0.493151 2.927913 -0.319733
-0.473654 2.920251 -0.319734
-0.467924 2.912016 -0.318666
-0.460272 2.920834 -0.320671
-0.487306 2.919588 -0.318510
-0.454756 2.912495 -0.319522
-0.446954 2.921320 -0.321354
-0.433368 2.921901 -0.321779
-0.452426 2.929901 -0.322648
-0.441603 2.912922 -0.320163
-0.436498 2.904721 -0.319135
-0.428035 2.913361 -0.320608
-0.413511 2.914549 -0.320557
-0.422991 2.905201 -0.319525
-0.408768 2.905868 -0.319746
-0.418463 2.897143 -0.318535
-0.404432 2.897768 -0.318745
-0.431749 2.896677 -0.318256
-0.418393 2.923758 -0.320976
-0.449387 2.904314 -0.318571
-0.437961 2.930886 -0.322701
-0.507281 2.927095 -0.318156
-0.512994 2.935555 -0.319730
-0.518537 2.944169 -0.321279
-0.523922 2.952975 -0.322646
-0.504320 2.945048 -0.322735
-0.509710 2.953907 -0.323955
-0.495913 2.954798 -0.324816
-0.514838 2.962592 -0.324793
-0.519399 2.970781 -0.325171
-0.528895 2.961728 -0.323748
-0.500984 2.963442 -0.325406
-0.487436 2.964344 -0.325774
-0.505485 2.971499 -0.325649
-0.509384 2.978757 -0.325549
-0.523155 2.978109 -0.325197
-0.526470 2.984942 -0.325051
-0.537365 2.977676 -0.324572
-0.540598 2.984490 -0.324373
-0.533520 2.970140 -0.324310
-0.551866 2.977211 -0.323459
-0.555259 2.984278 -0.323401
-0.547921 2.969347 -0.323075
-0.566710 2.976580 -0.321894
-0.570183 2.983967 -0.322070
-0.573295 2.990859 -0.321984
-0.585544 2.983627 -0.320288
-0.588734 2.990707 -0.320246
-0.591705 2.997403 -0.319957
-0.604572 2.990488 -0.317970
-0.607669 2.997410 -0.317693
-0.624025 2.997357 -0.314547
-0.610598 3.003931 -0.316900
-0.613261 3.009918 -0.314856
-0.594545 3.003879 -0.319272
-0.626987 3.003892 -0.313577
-0.643546 3.003874 -0.309718
-0.629718 3.009944 -0.311600
-0.631807 3.015016 -0.308148
-0.646122 3.009767 -0.307422
-0.662488 3.009574 -0.302734
-0.648171 3.014988 -0.304119
-0.664355 3.014825 -0.299488
-0.649277 3.019012 -0.299458
-0.649502 3.021735 -0.293783
-0.665130 3.018866 -0.294874
-0.633198 3.018904 -0.303366
-0.633840 3.021494 -0.297636
-0.617195 3.018663 -0.306588
-0.618395 3.021106 -0.300865
-0.615419 3.014894 -0.311376
-0.601658 3.018377 -0.309124
-0.603216 3.020739 -0.303534
-0.599633 3.014697 -0.313961
-0.586708 3.018267 -0.311342
-0.584328 3.014479 -0.315976
-0.588553 3.020500 -0.305755
-0.572082 3.018126 -0.313067
-0.569541 3.014410 -0.317492
-0.574657 3.020191 -0.307351
-0.558533 3.017762 -0.313813
-0.545529 3.017557 -0.314115
-0.555570 3.014339 -0.318318
-0.561434 3.019746 -0.308137
-0.548726 3.019346 -0.308744
-0.563927 3.020516 -0.302266
-0.551635 3.020121 -0.303025
-0.576746 3.020944 -0.301084
-0.578185 3.020770 -0.294786
-0.590239 3.021390 -0.299371
-0.604293 3.021882 -0.297221
-0.591318 3.021296 -0.292969
-0.604719 3.021805 -0.290636
-0.618902 3.022293 -0.287744
-0.604787 3.020733 -0.283855
-0.618293 3.021139 -0.280952
-0.617093 3.018477 -0.274092
-0.632005 3.021363 -0.277566
-0.645482 3.021121 -0.273713
-0.633281 3.022781 -0.284522
-0.629477 3.018165 -0.270851
-0.642000 3.017572 -0.267269
-0.625984 3.013191 -0.264777
-0.614387 3.013722 -0.267825
-0.637486 3.012430 -0.261542
-0.631853 3.005997 -0.256741
-0.649626 3.011603 -0.257743
-0.654629 3.016708 -0.263277
-0.661806 3.010644 -0.253631
-0.667290 3.015648 -0.258987
-0.674372 3.009748 -0.249230
-0.686990 3.008688 -0.244479
-0.680070 3.014679 -0.254326
-0.684886 3.018393 -0.260096
-0.692843 3.013506 -0.249402
-0.697945 3.017224 -0.254851
-0.705885 3.012232 -0.244233
-0.700093 3.007516 -0.239438
-0.710842 3.015852 -0.249427
-0.719079 3.010781 -0.239059
-0.712965 3.006198 -0.234652
-0.732376 3.009049 -0.234168
-0.724031 3.014395 -0.243988
-0.728190 3.017211 -0.249256
-0.737168 3.012908 -0.238946
-0.741212 3.015981 -0.244084
-0.750422 3.011311 -0.234422
-0.745673 3.007035 -0.229730
-0.763547 3.009472 -0.230397
-0.754343 3.014711 -0.239370
-0.767169 3.013324 -0.235339
-0.758881 3.004750 -0.225762
-0.776281 3.007697 -0.227208
-0.771931 3.002710 -0.222523
-0.766420 2.997328 -0.218093
-0.783973 3.000965 -0.219931
-0.778701 2.995565 -0.215234
-0.795244 2.999855 -0.217677
-0.790081 2.994272 -0.212948
-0.784893 2.988543 -0.208114
-0.801315 2.993490 -0.211000
-0.796117 2.987611 -0.206116
-0.809873 2.993451 -0.209790
-0.805577 2.987477 -0.204781
-0.818029 2.993925 -0.208995
-0.814452 2.987780 -0.203863
-0.825815 2.994846 -0.208261
-0.822425 2.988557 -0.203140
-0.832815 2.996286 -0.207479
-0.836970 3.002699 -0.212333
-0.829738 2.989657 -0.202509
-0.839576 2.997992 -0.206661
-0.836707 2.991173 -0.201900
-0.847176 3.000358 -0.205562
-0.844798 3.004993 -0.211078
-0.853259 3.008429 -0.209293
-0.851551 3.012547 -0.215123
-0.857986 3.020169 -0.218936
-0.860108 3.016678 -0.212605
-0.861032 3.012553 -0.206985
-0.854873 3.004099 -0.203885
-0.850494 2.996002 -0.200322
-0.862420 3.008621 -0.201572
-0.857837 2.999934 -0.198672
-0.868030 3.012542 -0.199164
-0.864451 3.004157 -0.196526
-0.861714 2.994892 -0.193743
-0.869347 3.007635 -0.194357
-0.867574 2.998887 -0.191817
-0.872485 3.002707 -0.189535
-0.868500 2.990668 -0.188669
-0.869408 2.981780 -0.185411
-0.862133 2.986388 -0.190266
-0.873654 2.994793 -0.186841
-0.875581 2.986504 -0.183757
-0.877969 2.998612 -0.184654
-0.880469 2.991160 -0.181848
-0.883893 2.995044 -0.179623
-0.882265 2.983152 -0.178275
-0.883181 2.975551 -0.174273
-0.876607 2.977820 -0.180123
-0.886562 2.988033 -0.176294
-0.888297 2.981105 -0.172443
-0.891526 2.985770 -0.170480
-0.889221 2.974582 -0.168303
-0.890991 2.968209 -0.164294
-0.883259 2.968533 -0.170000
-0.893031 2.979775 -0.166537
-0.895545 2.974445 -0.162501
-0.899887 2.970294 -0.159019
-0.905296 2.964803 -0.156060
-0.893627 2.962067 -0.160913
-0.885409 2.954624 -0.162504
-0.896770 2.955146 -0.158110
-0.888215 2.948693 -0.160243
-0.901507 2.948619 -0.156251
-0.907150 2.943568 -0.156144
-0.910841 2.955468 -0.153424
-0.891897 2.943337 -0.159206
-0.881649 2.938535 -0.161807
-0.895889 2.938335 -0.159450
-0.884535 2.933645 -0.162120
-0.899620 2.934146 -0.160654
-0.912179 2.939352 -0.157248
-0.902974 2.930244 -0.162553
-0.886947 2.929073 -0.163262
-0.873374 2.924535 -0.165268
-0.888736 2.924859 -0.165025
-0.874426 2.920263 -0.166739
-0.890167 2.921220 -0.167201
-0.875336 2.916189 -0.168906
-0.891621 2.917839 -0.170130
-0.905282 2.926800 -0.165025
-0.920128 2.932563 -0.162084
-0.907210 2.923671 -0.168143
-0.922713 2.929904 -0.165353
-0.908758 2.921036 -0.171603
-0.909564 2.918844 -0.175709
-0.924834 2.927528 -0.169319
-0.892535 2.914919 -0.173353
-0.892978 2.912554 -0.177066
-0.876343 2.909664 -0.174769
-0.876607 2.907429 -0.178420
-0.875891 2.912635 -0.171624
-0.860113 2.905850 -0.176374
-0.860274 2.903958 -0.180040
-0.844340 2.904749 -0.178559
-0.860002 2.908585 -0.173130
-0.844202 2.906516 -0.175150
-0.860069 2.912071 -0.170402
-0.860089 2.916105 -0.168181
-0.844478 2.909516 -0.172043
-0.829637 2.909301 -0.174137
-0.844989 2.913468 -0.169844
-0.845671 2.918136 -0.168200
-0.830387 2.912691 -0.171672
-0.831621 2.917140 -0.169874
-0.815887 2.913950 -0.173737
-0.814770 2.911073 -0.176296
-0.802055 2.916596 -0.176223
-0.817662 2.917930 -0.171954
-0.819783 2.922620 -0.170825
-0.803847 2.920042 -0.174417
-0.806183 2.924170 -0.173147
-0.790195 2.922460 -0.177255
-0.792486 2.926271 -0.175972
-0.777273 2.924805 -0.180364
-0.788764 2.919258 -0.179215
-0.788794 2.916944 -0.181724
-0.776541 2.921792 -0.182375
-0.763984 2.923891 -0.185642
-0.776878 2.919640 -0.184894
-0.764886 2.921731 -0.188070
-0.778234 2.918236 -0.187762
-0.766690 2.920164 -0.190816
-0.789862 2.915545 -0.184695
-0.780387 2.917244 -0.190798
-0.769123 2.919207 -0.193856
-0.791542 2.914772 -0.187890
-0.783465 2.917009 -0.194159
-0.794229 2.914522 -0.191311
-0.787036 2.917268 -0.197623
-0.772303 2.918917 -0.197129
-0.775897 2.918970 -0.200533
-0.760843 2.920049 -0.200178
-0.757574 2.920534 -0.197010
-0.764406 2.919912 -0.203507
-0.749075 2.920463 -0.203333
-0.745867 2.921148 -0.200261
-0.752512 2.920172 -0.206550
-0.737028 2.920264 -0.206573
-0.734001 2.921277 -0.203615
-0.740375 2.919896 -0.209706
-0.724674 2.919502 -0.209950
-0.721675 2.920686 -0.207097
-0.727871 2.918806 -0.212954
-0.712038 2.918153 -0.213489
-0.699134 2.916015 -0.217110
-0.715145 2.917113 -0.216376
-0.709062 2.919541 -0.210743
-0.706251 2.921102 -0.208103
-0.696146 2.917620 -0.214473
-0.693283 2.919371 -0.211926
-0.682979 2.914786 -0.218167
-0.669629 2.911007 -0.221700
-0.686119 2.913034 -0.220718
-0.680046 2.916914 -0.215818
-0.666463 2.913397 -0.219510
-0.677330 2.919351 -0.213685
-0.663496 2.916029 -0.217524
-0.674930 2.922183 -0.211809
-0.690837 2.921764 -0.209752
-0.688609 2.924435 -0.207752
-0.703701 2.923090 -0.205699
-0.701614 2.925718 -0.203670
-0.716345 2.923976 -0.201884
-0.718866 2.922112 -0.204382
-0.714396 2.926584 -0.199795
-0.728449 2.924224 -0.198190
-0.726514 2.926753 -0.195969
-0.740491 2.923983 -0.194698
-0.731077 2.922498 -0.200799
-0.742970 2.922333 -0.197384
-0.754790 2.921607 -0.194082
-0.752763 2.923220 -0.191428
-0.751604 2.925383 -0.188986
-0.739067 2.926349 -0.192332
-0.751461 2.928380 -0.186965
-0.738711 2.929399 -0.190486
-0.764347 2.926766 -0.183637
-0.752399 2.931890 -0.185511
-0.739030 2.932843 -0.189022
-0.765701 2.930366 -0.182140
-0.754352 2.935980 -0.184518
-0.740313 2.936801 -0.187955
-0.768046 2.934472 -0.181277
-0.757094 2.940306 -0.184118
-0.742740 2.941148 -0.187507
-0.771355 2.938935 -0.181031
-0.760662 2.944911 -0.184244
-0.765131 2.949710 -0.184823
-0.775253 2.943559 -0.181287
-0.745930 2.945916 -0.187470
-0.750034 2.950741 -0.187880
-0.731522 2.946405 -0.191114
-0.728668 2.941696 -0.191172
-0.735340 2.951469 -0.191477
-0.717283 2.946635 -0.195126
-0.703146 2.946553 -0.199375
-0.714640 2.941926 -0.195214
-0.720981 2.952020 -0.195472
-0.706742 2.952045 -0.199699
-0.725859 2.957394 -0.196133
-0.711497 2.957992 -0.200439
-0.740392 2.956555 -0.192171
-0.732198 2.962708 -0.197213
-0.717667 2.963796 -0.201476
-0.746781 2.961695 -0.193308
-0.739981 2.968349 -0.198698
-0.725760 2.969855 -0.202817
-0.754339 2.967123 -0.195049
-0.748646 2.974056 -0.200861
-0.757285 2.979416 -0.203623
-0.734666 2.975752 -0.204814
-0.762450 2.972361 -0.197425
-0.770483 2.977559 -0.200348
-0.775981 2.970565 -0.194543
-0.783402 2.976125 -0.197685
-0.768645 2.965580 -0.192101
-0.789347 2.969365 -0.192316
-0.795870 2.975273 -0.195758
-0.782735 2.964179 -0.189639
-0.802369 2.968677 -0.190580
-0.807074 2.974762 -0.194234
-0.796174 2.963090 -0.187629
-0.813475 2.968561 -0.189354
-0.816558 2.975129 -0.193401
-0.808984 2.962627 -0.186028
-0.823370 2.969057 -0.188657
-0.825849 2.975820 -0.192777
-0.820691 2.962711 -0.184807
-0.832862 2.969780 -0.188101
-0.834482 2.976609 -0.192228
-0.830808 2.963315 -0.184157
-0.841972 2.971036 -0.187644
-0.842567 2.978278 -0.191939
-0.840372 2.964160 -0.183544
-0.849874 2.972953 -0.187487
-0.849257 2.980453 -0.191851
-0.848801 2.965668 -0.183141
-0.856604 2.975332 -0.187236
-0.855597 2.983092 -0.191299
-0.856718 2.967601 -0.182768
-0.862677 2.978032 -0.186608
-0.863422 2.970194 -0.182301
-0.862825 2.963212 -0.177889
-0.869871 2.973332 -0.181512
-0.869838 2.966120 -0.177047
-0.876655 2.969984 -0.175938
-0.869334 2.959368 -0.172465
-0.876205 2.962996 -0.171436
-0.861506 2.956475 -0.173531
-0.868866 2.952700 -0.168753
-0.876291 2.956145 -0.167266
-0.860282 2.949888 -0.170080
-0.869043 2.946290 -0.166047
-0.859631 2.943305 -0.167628
-0.869723 2.940177 -0.164383
-0.877448 2.949936 -0.164321
-0.879299 2.944068 -0.162475
-0.859008 2.937239 -0.166084
-0.870817 2.934495 -0.163916
-0.858848 2.931394 -0.165547
-0.871988 2.929287 -0.164229
-0.859461 2.925756 -0.165823
-0.859951 2.920719 -0.166683
-0.846409 2.923204 -0.167291
-0.833122 2.922188 -0.168914
-0.847275 2.928742 -0.166980
-0.847787 2.935184 -0.167647
-0.834989 2.927528 -0.168601
-0.836682 2.933597 -0.169124
-0.822120 2.927728 -0.170525
-0.824684 2.933035 -0.170796
-0.808911 2.928723 -0.172640
-0.795441 2.930711 -0.175380
-0.812032 2.933918 -0.173051
-0.798853 2.935394 -0.175419
-0.815350 2.939435 -0.173935
-0.802819 2.940528 -0.176127
-0.818896 2.944988 -0.175381
-0.827491 2.939091 -0.172013
-0.830567 2.944987 -0.173782
-0.838596 2.939814 -0.170461
-0.841256 2.945909 -0.172503
-0.849473 2.941267 -0.169050
-0.851080 2.947547 -0.171368
-0.852992 2.953984 -0.174482
-0.855097 2.960709 -0.178488
-0.844121 2.952188 -0.175338
-0.846619 2.958724 -0.179045
-0.833979 2.951140 -0.176401
-0.837675 2.957517 -0.179626
-0.823003 2.950976 -0.177588
-0.827442 2.957022 -0.180491
-0.811657 2.951144 -0.179014
-0.806955 2.945721 -0.177194
-0.816723 2.957000 -0.181664
-0.798535 2.952015 -0.181096
-0.803833 2.957287 -0.183331
-0.784792 2.953178 -0.183355
-0.793584 2.946979 -0.179545
-0.779696 2.948351 -0.182024
-0.789199 2.942009 -0.178536
-0.785217 2.937203 -0.178134
-0.781685 2.932625 -0.178190
-0.779021 2.928468 -0.178987
-0.790251 2.958029 -0.185216
-0.770213 2.954471 -0.185823
-0.776026 2.959292 -0.187417
-0.755183 2.955620 -0.188656
-0.761347 2.960575 -0.189987
-0.883942 2.961492 -0.165927
-0.855099 2.991115 -0.195176
-0.848739 2.988128 -0.196082
-0.842269 2.985784 -0.196628
-0.843387 2.993185 -0.201211
-0.835647 2.984122 -0.196979
-0.827907 2.982738 -0.197381
-0.819452 2.981889 -0.198035
-0.810786 2.981439 -0.198839
-0.801256 2.981257 -0.199894
-0.790353 2.981882 -0.201531
-0.778153 2.982940 -0.203759
-0.765524 2.984666 -0.206807
-0.772638 2.990009 -0.210682
-0.752525 2.986907 -0.210400
-0.739203 2.989393 -0.214491
-0.759817 2.992091 -0.213969
-0.744003 2.981624 -0.207407
-0.730285 2.983936 -0.211546
-0.720514 2.977540 -0.209042
-0.716240 2.985632 -0.215829
-0.725326 2.991670 -0.218676
-0.702453 2.986829 -0.220283
-0.706282 2.978754 -0.213426
-0.692283 2.979361 -0.218033
-0.696768 2.971403 -0.211628
-0.688581 2.963859 -0.210260
-0.711211 2.970856 -0.207225
-0.682577 2.971430 -0.216240
-0.674060 2.963360 -0.214882
-0.667519 2.955832 -0.213989
-0.662628 2.948853 -0.213351
-0.652352 2.954406 -0.218886
-0.682502 2.957081 -0.209330
-0.697097 2.957726 -0.204754
-0.677800 2.950478 -0.208755
-0.674512 2.944349 -0.208365
-0.692343 2.951576 -0.204129
-0.688931 2.945801 -0.203808
-0.686930 2.940487 -0.203819
-0.672653 2.938858 -0.208249
-0.685828 2.935584 -0.204091
-0.700879 2.941581 -0.199489
-0.699554 2.936900 -0.199892
-0.699272 2.932679 -0.200720
-0.712866 2.937361 -0.195675
-0.712358 2.933300 -0.196644
-0.726600 2.937311 -0.191702
-0.725556 2.933342 -0.192743
-0.725549 2.929826 -0.194188
-0.712808 2.929640 -0.197974
-0.699958 2.928804 -0.201949
-0.686835 2.927541 -0.206090
-0.685880 2.931374 -0.204913
-0.673078 2.925532 -0.210324
-0.671929 2.929400 -0.209216
-0.658485 2.922606 -0.214454
-0.643607 2.918973 -0.218531
-0.657111 2.926753 -0.213560
-0.660854 2.919110 -0.215852
-0.646257 2.915251 -0.219704
-0.631099 2.910593 -0.223363
-0.649280 2.911939 -0.221185
-0.652572 2.909116 -0.223042
-0.634629 2.907115 -0.224634
-0.620458 2.901666 -0.227697
-0.638499 2.903953 -0.226118
-0.624846 2.898435 -0.229037
-0.642429 2.901287 -0.228002
-0.629356 2.895566 -0.230641
-0.656017 2.906475 -0.225024
-0.646569 2.898747 -0.229966
-0.633812 2.893069 -0.232558
-0.659576 2.904219 -0.227251
-0.650501 2.896815 -0.232360
-0.638165 2.890940 -0.234775
-0.663264 2.902299 -0.229651
-0.654597 2.894984 -0.234921
-0.667122 2.900488 -0.232161
-0.642551 2.889036 -0.237200
-0.658761 2.893565 -0.237694
-0.670784 2.899254 -0.235017
-0.663110 2.892402 -0.240723
-0.646986 2.887500 -0.240102
-0.634801 2.880923 -0.242273
-0.651388 2.886220 -0.243235
-0.655039 2.885307 -0.246875
-0.638930 2.879402 -0.245475
-0.642555 2.878264 -0.249193
-0.626807 2.872421 -0.247548
-0.614398 2.865450 -0.250033
-0.622628 2.874205 -0.244483
-0.630114 2.871148 -0.251390
-0.632778 2.870152 -0.255673
-0.617625 2.863757 -0.253562
-0.619927 2.862569 -0.257875
-0.605167 2.856451 -0.255891
-0.607234 2.854904 -0.260068
-0.602068 2.858280 -0.252292
-0.592761 2.848810 -0.258216
-0.594619 2.847200 -0.262400
-0.589804 2.850827 -0.254631
-0.580656 2.841264 -0.260781
-0.582379 2.839532 -0.265016
-0.577869 2.843396 -0.257086
-0.568788 2.833839 -0.263605
-0.570398 2.831931 -0.267893
-0.566180 2.836106 -0.259910
-0.557157 2.826546 -0.266734
-0.558648 2.824604 -0.271071
-0.545484 2.819534 -0.270333
-0.554524 2.828893 -0.263167
-0.543091 2.821794 -0.266687
-0.551232 2.831456 -0.259882
-0.539926 2.824389 -0.263426
-0.547461 2.834201 -0.257091
-0.562804 2.838612 -0.256728
-0.574335 2.845808 -0.254059
-0.558835 2.841311 -0.254135
-0.570439 2.848398 -0.251442
-0.554518 2.844154 -0.251888
-0.543315 2.837070 -0.254726
-0.566049 2.851209 -0.249264
-0.549907 2.847128 -0.249910
-0.538669 2.840116 -0.252721
-0.561318 2.854072 -0.247178
-0.544633 2.850309 -0.248310
-0.533634 2.843327 -0.251070
-0.538775 2.853615 -0.247103
-0.555768 2.857193 -0.245743
-0.550010 2.860394 -0.244414
-0.567364 2.863935 -0.242995
-0.572844 2.860980 -0.244608
-0.561628 2.867015 -0.241673
-0.579117 2.870545 -0.240466
-0.573657 2.873557 -0.239044
-0.591402 2.876966 -0.237925
-0.584494 2.867718 -0.242070
-0.596419 2.874314 -0.239769
-0.589453 2.865097 -0.244225
-0.577719 2.858207 -0.246707
-0.601461 2.871712 -0.241687
-0.594161 2.862594 -0.246604
-0.606136 2.869389 -0.244135
-0.598336 2.860306 -0.249253
-0.582208 2.855580 -0.249079
-0.586231 2.853120 -0.251645
-0.610465 2.867394 -0.246899
-0.618212 2.876087 -0.241705
-0.613610 2.878182 -0.239223
-0.630304 2.882698 -0.239450
-0.625894 2.884606 -0.236927
-0.621145 2.886964 -0.234913
-0.608716 2.880648 -0.237269
-0.616462 2.889455 -0.233070
-0.603756 2.883274 -0.235522
-0.611487 2.892442 -0.231644
-0.598537 2.886213 -0.234072
-0.606538 2.895675 -0.230446
-0.593096 2.889559 -0.233099
-0.601512 2.899215 -0.229645
-0.616121 2.905138 -0.226632
-0.596472 2.903298 -0.229279
-0.587574 2.893150 -0.232418
-0.581573 2.897250 -0.232331
-0.574270 2.886942 -0.234994
-0.561370 2.880507 -0.237623
-0.567820 2.891059 -0.235057
-0.580232 2.883282 -0.235573
-0.567798 2.876863 -0.238040
-0.585913 2.879971 -0.236626
-0.555623 2.870336 -0.240693
-0.549159 2.873956 -0.240176
-0.543846 2.863758 -0.243458
-0.554674 2.884526 -0.237576
-0.560960 2.895494 -0.235743
-0.575673 2.901838 -0.232759
-0.553488 2.899895 -0.237206
-0.569217 2.906630 -0.233992
-0.586099 2.912875 -0.230355
-0.561775 2.911270 -0.236302
-0.581239 2.918148 -0.232054
-0.576224 2.925225 -0.235048
-0.603125 2.924527 -0.226978
-0.623131 2.929751 -0.222090
-0.603454 2.931175 -0.227974
-0.604789 2.918921 -0.226257
-0.623748 2.924192 -0.221864
-0.608018 2.913673 -0.225858
-0.625487 2.919087 -0.221866
-0.591340 2.907855 -0.229477
-0.611943 2.909124 -0.226002
-0.628083 2.914526 -0.222403
-0.641657 2.923341 -0.217762
-0.640735 2.928107 -0.217309
-0.640870 2.933557 -0.217252
-0.656738 2.931341 -0.212967
-0.671727 2.933809 -0.208516
-0.657335 2.936579 -0.212803
-0.659151 2.942285 -0.212912
-0.642647 2.939602 -0.217548
-0.624457 2.936038 -0.222550
-0.646636 2.946730 -0.218137
-0.629513 2.944082 -0.223113
-0.610551 2.940916 -0.228369
-0.590621 2.937984 -0.234105
-0.573704 2.937793 -0.240188
-0.558808 2.939052 -0.246057
-0.545049 2.941190 -0.251844
-0.533154 2.943885 -0.256996
-0.522786 2.947041 -0.261559
-0.527917 2.846744 -0.249765
-0.517225 2.839767 -0.252593
-0.536238 2.827137 -0.260507
-0.528882 2.817296 -0.267134
-0.531817 2.814756 -0.270447
-0.518309 2.810167 -0.270939
-0.521282 2.807629 -0.274230
-0.508284 2.802827 -0.274736
-0.511350 2.800289 -0.278019
-0.499462 2.795278 -0.278135
-0.491580 2.787458 -0.281114
-0.502778 2.792738 -0.281365
-0.505565 2.790415 -0.285045
-0.494927 2.784887 -0.284441
-0.487741 2.776794 -0.287044
-0.497699 2.782566 -0.288047
-0.499675 2.780540 -0.292090
-0.490384 2.774420 -0.290667
-0.484078 2.765955 -0.292590
-0.492499 2.772296 -0.294526
-0.494076 2.770416 -0.298559
-0.486135 2.763768 -0.296355
-0.480527 2.754818 -0.297435
-0.487783 2.761738 -0.300142
-0.488380 2.760203 -0.304226
-0.482112 2.752691 -0.301098
-0.476841 2.743312 -0.301545
-0.482903 2.750901 -0.304965
-0.477727 2.741356 -0.305203
-0.483124 2.749450 -0.308819
-0.488590 2.758917 -0.308203
-0.482434 2.748534 -0.312571
-0.477837 2.739854 -0.308858
-0.472736 2.730142 -0.308375
-0.477357 2.738730 -0.312413
-0.475513 2.738526 -0.315681
-0.472010 2.729155 -0.311762
-0.470589 2.728645 -0.314911
-0.466988 2.719528 -0.310717
-0.465688 2.718990 -0.313714
-0.462267 2.709738 -0.309489
-0.467657 2.720579 -0.307563
-0.462789 2.710891 -0.306469
-0.467468 2.722258 -0.304311
-0.462627 2.712652 -0.303342
-0.472583 2.731776 -0.304933
-0.466696 2.724355 -0.301092
-0.462010 2.714778 -0.300297
-0.471655 2.733916 -0.301540
-0.465458 2.726787 -0.297919
-0.460814 2.717402 -0.297300
-0.470321 2.736246 -0.298130
-0.463859 2.729576 -0.294872
-0.459229 2.720333 -0.294585
-0.468509 2.738795 -0.294869
-0.461365 2.732885 -0.292155
-0.457080 2.723573 -0.291979
-0.465763 2.741947 -0.292027
-0.458463 2.736302 -0.289397
-0.454508 2.727013 -0.289380
-0.455133 2.739947 -0.286853
-0.462844 2.745349 -0.289202
-0.467507 2.754174 -0.288552
-0.459426 2.748922 -0.286464
-0.463835 2.757496 -0.285613
-0.455707 2.752350 -0.283641
-0.451711 2.743782 -0.284265
-0.460107 2.760790 -0.282647
-0.451664 2.755992 -0.280923
-0.447751 2.747575 -0.281708
-0.456017 2.764227 -0.279888
-0.447157 2.759637 -0.278307
-0.443436 2.751389 -0.279108
-0.451322 2.767738 -0.277265
-0.442227 2.763052 -0.275909
-0.438730 2.755033 -0.276772
-0.446311 2.771136 -0.274751
-0.436704 2.766268 -0.273722
-0.433172 2.758239 -0.274628
-0.440821 2.774331 -0.272580
-0.431061 2.768579 -0.272155
-0.427710 2.760304 -0.273083
-0.425453 2.770330 -0.271070
-0.434943 2.776996 -0.270990
-0.429166 2.778778 -0.269955
-0.439443 2.785169 -0.269618
-0.433458 2.787432 -0.268628
-0.445569 2.782341 -0.271185
-0.438646 2.796232 -0.267047
-0.427696 2.789170 -0.268196
-0.423268 2.780265 -0.269475
-0.422022 2.790499 -0.268122
-0.432767 2.798301 -0.266672
-0.426917 2.799722 -0.266822
-0.420689 2.800314 -0.267470
-0.422328 2.761600 -0.272066
-0.419766 2.752941 -0.272884
-0.417450 2.744237 -0.273538
-0.424859 2.751754 -0.273875
-0.422406 2.743147 -0.274552
-0.430164 2.749776 -0.275435
-0.427545 2.741517 -0.276028
-0.435518 2.746967 -0.277462
-0.432519 2.738570 -0.277979
-0.440035 2.743373 -0.279625
-0.436743 2.735351 -0.279882
-0.444098 2.739426 -0.281975
-0.440741 2.731607 -0.281979
-0.448007 2.735252 -0.284513
-0.451261 2.731068 -0.286999
-0.444487 2.727177 -0.284472
-0.441051 2.719183 -0.284202
-0.447626 2.722758 -0.286834
-0.443828 2.714764 -0.286547
-0.450478 2.718479 -0.289128
-0.446338 2.710490 -0.288759
-0.452813 2.714753 -0.291493
-0.448469 2.706490 -0.290814
-0.454556 2.711418 -0.293944
-0.449938 2.703034 -0.293100
-0.456039 2.708309 -0.296428
-0.451437 2.699654 -0.295423
-0.457393 2.705302 -0.299168
-0.452819 2.696491 -0.297937
-0.458026 2.702997 -0.302107
-0.453351 2.693998 -0.300678
-0.458168 2.701136 -0.305180
-0.453551 2.691758 -0.303560
-0.457742 2.699793 -0.308149
-0.453064 2.690319 -0.306601
-0.456499 2.699193 -0.311056
-0.460920 2.709232 -0.312391
-0.454732 2.699156 -0.313737
-0.451932 2.689584 -0.309587
-0.446537 2.681593 -0.307882
-0.449951 2.690108 -0.312157
-0.447701 2.690919 -0.314614
-0.444854 2.681933 -0.310494
-0.438985 2.676130 -0.308432
-0.442659 2.683428 -0.312597
-0.437087 2.677572 -0.310546
-0.440186 2.685210 -0.314504
-0.444929 2.692651 -0.316396
-0.437451 2.687417 -0.315896
-0.435020 2.679326 -0.312521
-0.429673 2.674848 -0.310670
-0.432777 2.681694 -0.313987
-0.430207 2.684389 -0.315051
-0.427635 2.677346 -0.311923
-0.422941 2.674266 -0.310035
-0.425506 2.680003 -0.313227
-0.423099 2.683106 -0.313974
-0.420812 2.676988 -0.311179
-0.416789 2.674725 -0.309354
-0.418675 2.680094 -0.312071
-0.414660 2.678149 -0.310234
-0.416147 2.684150 -0.312663
-0.413444 2.689021 -0.312934
-0.412223 2.682610 -0.310848
-0.420341 2.686721 -0.314454
-0.417383 2.690948 -0.314712
-0.424788 2.690480 -0.316257
-0.427668 2.687187 -0.315906
-0.421710 2.694303 -0.316458
-0.428883 2.695127 -0.318064
-0.431908 2.692456 -0.317760
-0.425784 2.698208 -0.318158
-0.433026 2.702459 -0.319859
-0.436055 2.699845 -0.319508
-0.429789 2.705127 -0.319906
-0.436841 2.710097 -0.321545
-0.440147 2.707606 -0.321216
-0.433424 2.712848 -0.321537
-0.440528 2.718746 -0.322966
-0.444054 2.716567 -0.322583
-0.437095 2.720868 -0.323050
-0.443986 2.727971 -0.324244
-0.447584 2.725806 -0.323845
-0.440406 2.730160 -0.324331
-0.447247 2.737463 -0.325416
-0.451072 2.735642 -0.325000
-0.450546 2.747463 -0.326155
-0.443169 2.739556 -0.325386
-0.446229 2.749398 -0.326202
-0.438952 2.741703 -0.325252
-0.441927 2.751294 -0.326040
-0.434729 2.743924 -0.324883
-0.436479 2.732317 -0.324256
-0.432302 2.734811 -0.323797
-0.433634 2.723091 -0.322960
-0.429676 2.725829 -0.322498
-0.430186 2.715516 -0.321380
-0.426912 2.718214 -0.321072
-0.426595 2.707842 -0.319691
-0.422709 2.701617 -0.317900
-0.423511 2.710443 -0.319368
-0.419671 2.704981 -0.317621
-0.420610 2.712931 -0.319016
-0.418385 2.716393 -0.318919
-0.423132 2.720852 -0.320603
-0.416967 2.708988 -0.317479
-0.415282 2.715437 -0.317777
-0.413355 2.707940 -0.316145
-0.412014 2.715811 -0.316696
-0.415667 2.702277 -0.316067
-0.410133 2.708054 -0.315045
-0.408848 2.716121 -0.315618
-0.412004 2.701012 -0.314686
-0.406305 2.707952 -0.313520
-0.402664 2.707575 -0.311813
-0.404808 2.715805 -0.313909
-0.408279 2.700232 -0.313211
-0.410744 2.694362 -0.313060
-0.404821 2.699840 -0.311504
-0.401476 2.699477 -0.309838
-0.407082 2.693463 -0.311364
-0.403743 2.692981 -0.309608
-0.409657 2.687783 -0.311169
-0.406140 2.686912 -0.309280
-0.408555 2.681622 -0.308830
-0.402968 2.686277 -0.307405
-0.405231 2.680871 -0.306904
-0.400260 2.685966 -0.305373
-0.400628 2.692553 -0.307676
-0.397832 2.692088 -0.305651
-0.398372 2.699206 -0.307870
-0.395542 2.698916 -0.305742
-0.396248 2.706735 -0.307998
-0.399363 2.707152 -0.310047
-0.393359 2.706339 -0.305760
-0.394427 2.714296 -0.308215
-0.391446 2.713879 -0.305879
-0.392958 2.722442 -0.308456
-0.397579 2.714792 -0.310192
-0.400856 2.715236 -0.312184
-0.396181 2.722945 -0.310481
-0.395301 2.730976 -0.310924
-0.399884 2.723398 -0.312671
-0.399340 2.731488 -0.313215
-0.403759 2.723709 -0.314388
-0.403272 2.731882 -0.315006
-0.407697 2.723933 -0.316048
-0.407312 2.732144 -0.316710
-0.411295 2.723837 -0.317383
-0.411934 2.732046 -0.318360
-0.415302 2.723384 -0.318645
-0.419667 2.722514 -0.319945
-0.416686 2.731453 -0.319809
-0.421325 2.730665 -0.321192
-0.418204 2.739970 -0.321011
-0.420287 2.748596 -0.322130
-0.413367 2.740424 -0.319523
-0.423099 2.739217 -0.322341
-0.428134 2.737238 -0.323204
-0.425203 2.747479 -0.323218
-0.430139 2.745871 -0.324114
-0.427466 2.755879 -0.323960
-0.432243 2.754568 -0.324848
-0.422331 2.756894 -0.322896
-0.429843 2.765587 -0.324519
-0.435018 2.764437 -0.325396
-0.424199 2.766145 -0.323416
-0.432242 2.774940 -0.324687
-0.426469 2.775395 -0.323750
-0.434949 2.784480 -0.324625
-0.438072 2.774136 -0.325576
-0.443097 2.772690 -0.326178
-0.440993 2.783924 -0.325443
-0.444418 2.793988 -0.324936
-0.446773 2.782872 -0.325900
-0.452053 2.781377 -0.326261
-0.450701 2.793023 -0.325310
-0.455371 2.803154 -0.324322
-0.456622 2.791649 -0.325450
-0.462090 2.789951 -0.325390
-0.461538 2.801810 -0.324333
-0.467536 2.811938 -0.322753
-0.467540 2.800099 -0.324044
-0.473179 2.798089 -0.323563
-0.473854 2.809949 -0.322302
-0.480892 2.819469 -0.320254
-0.479665 2.807838 -0.321605
-0.487016 2.817153 -0.319391
-0.485258 2.805542 -0.320718
-0.478500 2.796020 -0.322831
-0.490643 2.803250 -0.319463
-0.492817 2.814684 -0.318230
-0.498279 2.812209 -0.316820
-0.501093 2.823437 -0.315497
-0.510065 2.831872 -0.312616
-0.495131 2.826050 -0.316875
-0.506670 2.820846 -0.313927
-0.515778 2.829172 -0.310802
-0.511947 2.818351 -0.312012
-0.521147 2.826561 -0.308808
-0.516930 2.815984 -0.309765
-0.503501 2.809803 -0.315107
-0.508378 2.807585 -0.312989
-0.495839 2.800943 -0.317964
-0.500579 2.798900 -0.316025
-0.488803 2.791730 -0.320472
-0.483716 2.793891 -0.321745
-0.493435 2.789848 -0.318689
-0.482376 2.782250 -0.322274
-0.476603 2.772443 -0.323569
-0.486891 2.780479 -0.320674
-0.477529 2.784205 -0.323496
-0.472115 2.774139 -0.324787
-0.472546 2.786146 -0.324452
-0.467469 2.788072 -0.325096
-0.467270 2.776004 -0.325628
-0.462608 2.765699 -0.326234
-0.462408 2.777836 -0.326142
-0.457416 2.779636 -0.326370
-0.457888 2.767546 -0.326660
-0.453951 2.757443 -0.326594
-0.453282 2.769237 -0.326844
-0.448209 2.770980 -0.326610
-0.449563 2.759332 -0.326743
-0.445060 2.761188 -0.326520
-0.439997 2.762926 -0.326119
-0.437204 2.753051 -0.325702
-0.458583 2.755549 -0.326304
-0.454817 2.745462 -0.325943
-0.462806 2.753905 -0.325575
-0.466862 2.752360 -0.324490
-0.458727 2.743731 -0.325176
-0.467229 2.763851 -0.325577
-0.471446 2.762318 -0.324364
-0.475614 2.760851 -0.322892
-0.479515 2.759616 -0.320970
-0.470906 2.750842 -0.323093
-0.480945 2.770820 -0.322042
-0.484922 2.769449 -0.320073
-0.491010 2.778974 -0.318619
-0.488420 2.768425 -0.317588
-0.482963 2.758678 -0.318568
-0.494590 2.777830 -0.316006
-0.491298 2.767849 -0.314493
-0.497565 2.777072 -0.312795
-0.493474 2.767690 -0.310918
-0.485688 2.758263 -0.315532
-0.487736 2.758261 -0.312049
-0.480595 2.748296 -0.316039
-0.478014 2.748581 -0.318999
-0.474675 2.749514 -0.321335
-0.473092 2.738776 -0.318521
-0.469912 2.739661 -0.320780
-0.468327 2.728863 -0.317657
-0.465396 2.729681 -0.319875
-0.463569 2.719137 -0.316428
-0.460923 2.719742 -0.318758
-0.459056 2.709229 -0.315107
-0.456631 2.709846 -0.317371
-0.453774 2.710799 -0.319380
-0.452257 2.699957 -0.316035
-0.449597 2.701262 -0.318004
-0.446509 2.703287 -0.319355
-0.450640 2.712350 -0.320827
-0.443333 2.705354 -0.320532
-0.442101 2.694767 -0.317793
-0.439244 2.697079 -0.318899
-0.434802 2.689861 -0.316931
-0.447450 2.714320 -0.322026
-0.451313 2.723727 -0.323395
-0.454885 2.733855 -0.324384
-0.454857 2.722129 -0.322132
-0.458852 2.732056 -0.323355
-0.457968 2.720742 -0.320722
-0.462322 2.730607 -0.321934
-0.466533 2.740678 -0.322778
-0.462729 2.742058 -0.324199
-0.499808 2.776760 -0.309131
-0.494520 2.768145 -0.306954
-0.494645 2.769056 -0.302835
-0.501095 2.776930 -0.305088
-0.508374 2.785446 -0.302536
-0.501564 2.777553 -0.300753
-0.500929 2.778837 -0.296344
-0.508875 2.785965 -0.298064
-0.517129 2.793872 -0.294991
-0.508587 2.786992 -0.293568
-0.507534 2.788482 -0.289122
-0.516925 2.794769 -0.290368
-0.526178 2.802204 -0.286858
-0.515946 2.796178 -0.285831
-0.514007 2.798030 -0.281747
-0.525277 2.803585 -0.282268
-0.535821 2.810655 -0.278402
-0.523670 2.805390 -0.278034
-0.534197 2.812488 -0.274156
-0.547016 2.817650 -0.274634
-0.536496 2.809299 -0.283150
-0.536372 2.808504 -0.288082
-0.547723 2.816203 -0.279447
-0.547389 2.815420 -0.284506
-0.559252 2.823180 -0.275916
-0.558755 2.822424 -0.281132
-0.570969 2.830559 -0.272715
-0.570467 2.829841 -0.277871
-0.582891 2.838341 -0.269754
-0.582335 2.837735 -0.274792
-0.595136 2.846112 -0.267079
-0.594505 2.845605 -0.272020
-0.607966 2.854022 -0.264626
-0.607331 2.853621 -0.269493
-0.621049 2.861919 -0.262418
-0.620493 2.861597 -0.267394
-0.634092 2.869761 -0.260148
-0.634074 2.869901 -0.265085
-0.647494 2.877738 -0.258016
-0.645671 2.877769 -0.253457
-0.648166 2.878293 -0.262999
-0.660475 2.885378 -0.256082
-0.660966 2.886153 -0.260386
-0.658232 2.884993 -0.250991
-0.672941 2.892625 -0.252995
-0.670176 2.891936 -0.248659
-0.685230 2.899766 -0.249646
-0.673551 2.893655 -0.257185
-0.672994 2.895178 -0.262140
-0.685572 2.900599 -0.253721
-0.697692 2.907269 -0.249842
-0.685029 2.902316 -0.258124
-0.697402 2.909012 -0.253759
-0.683966 2.904816 -0.262521
-0.681934 2.907407 -0.266609
-0.670939 2.897328 -0.266662
-0.696330 2.911469 -0.257603
-0.694477 2.914315 -0.261260
-0.709404 2.918010 -0.252663
-0.708133 2.920987 -0.255557
-0.709848 2.915236 -0.249427
-0.722837 2.923116 -0.247970
-0.722234 2.926418 -0.250673
-0.736785 2.927130 -0.243882
-0.722828 2.920140 -0.245278
-0.722070 2.917316 -0.242109
-0.736389 2.924059 -0.241295
-0.735321 2.921180 -0.238478
-0.750403 2.927150 -0.237726
-0.764455 2.929785 -0.234432
-0.751167 2.930415 -0.240221
-0.748878 2.924299 -0.235036
-0.746635 2.921939 -0.232033
-0.762628 2.926832 -0.231804
-0.776793 2.928669 -0.229036
-0.760317 2.924232 -0.228998
-0.757432 2.922108 -0.225929
-0.774229 2.925799 -0.226304
-0.771092 2.923538 -0.223265
-0.788043 2.926944 -0.223828
-0.791028 2.930073 -0.226480
-0.784542 2.924449 -0.220778
-0.801888 2.928045 -0.221307
-0.805212 2.931297 -0.223990
-0.797707 2.925025 -0.218345
-0.815543 2.928602 -0.218794
-0.819331 2.932190 -0.221496
-0.810782 2.925210 -0.215822
-0.829126 2.928797 -0.216210
-0.833178 2.932534 -0.218623
-0.843342 2.928446 -0.213360
-0.823525 2.925046 -0.213237
-0.836442 2.924125 -0.210676
-0.817640 2.921897 -0.209881
-0.830052 2.920663 -0.207566
-0.812055 2.919290 -0.206264
-0.805411 2.922457 -0.212431
-0.793172 2.922926 -0.214932
-0.800265 2.920381 -0.208767
-0.788395 2.921054 -0.211300
-0.795516 2.918948 -0.204986
-0.791008 2.917863 -0.201228
-0.806903 2.917411 -0.202464
-0.783906 2.919899 -0.207631
-0.771984 2.920306 -0.210351
-0.779691 2.919218 -0.203987
-0.768020 2.919894 -0.206850
-0.756011 2.920031 -0.209825
-0.759726 2.920291 -0.213203
-0.743723 2.919502 -0.212877
-0.731181 2.918370 -0.216072
-0.747255 2.919700 -0.216165
-0.734466 2.917996 -0.219202
-0.750773 2.919935 -0.219463
-0.763606 2.921008 -0.216615
-0.737799 2.918239 -0.222443
-0.754187 2.920863 -0.222704
-0.741004 2.918846 -0.225647
-0.767407 2.922030 -0.219940
-0.780397 2.922595 -0.217366
-0.776215 2.921214 -0.213923
-0.727857 2.916311 -0.228801
-0.744028 2.920118 -0.228875
-0.730640 2.917578 -0.232051
-0.733293 2.919002 -0.235311
-0.717712 2.914060 -0.235402
-0.714900 2.913004 -0.232076
-0.705389 2.909477 -0.238889
-0.720319 2.915324 -0.238791
-0.707749 2.910703 -0.242389
-0.696785 2.905599 -0.246054
-0.709443 2.912698 -0.246005
-0.693590 2.904083 -0.242248
-0.682245 2.898252 -0.245494
-0.690320 2.903598 -0.238573
-0.686846 2.903783 -0.235217
-0.678487 2.897930 -0.241543
-0.702305 2.908861 -0.235434
-0.699190 2.908632 -0.232128
-0.711861 2.912787 -0.228893
-0.695896 2.909183 -0.229085
-0.692534 2.910248 -0.226200
-0.683320 2.904550 -0.232180
-0.708690 2.913006 -0.225780
-0.705438 2.913758 -0.222796
-0.721550 2.915829 -0.222420
-0.724755 2.915974 -0.225603
-0.718335 2.916434 -0.219370
-0.702252 2.914755 -0.219915
-0.689283 2.911387 -0.223357
-0.676274 2.907208 -0.226651
-0.672844 2.908962 -0.224081
-0.679789 2.905685 -0.229286
-0.674773 2.898280 -0.238079
-0.666954 2.891894 -0.244282
-0.817756 2.915123 -0.200072
-0.801942 2.915837 -0.198601
-0.797815 2.914905 -0.194898
-0.812869 2.913163 -0.196218
-0.808728 2.912000 -0.192397
-0.823618 2.910204 -0.193994
-0.834935 2.907310 -0.191887
-0.819860 2.908895 -0.190087
-0.828586 2.912390 -0.197957
-0.838762 2.909644 -0.195773
-0.834521 2.915162 -0.201761
-0.844906 2.912730 -0.199683
-0.823659 2.917533 -0.203873
-0.841501 2.918588 -0.205176
-0.849362 2.922942 -0.208015
-0.852336 2.916747 -0.202984
-0.861309 2.921521 -0.205619
-0.862227 2.915735 -0.201482
-0.871523 2.915121 -0.200129
-0.855534 2.910999 -0.197915
-0.870635 2.920529 -0.203898
-0.880024 2.924526 -0.205016
-0.879287 2.919192 -0.201910
-0.886647 2.916813 -0.199189
-0.889087 2.923090 -0.202737
-0.897379 2.920697 -0.199315
-0.904277 2.929484 -0.202755
-0.920341 2.936522 -0.203264
-0.911840 2.926998 -0.199193
-0.894414 2.931234 -0.205720
-0.913531 2.939284 -0.206682
-0.883422 2.933824 -0.209391
-0.906955 2.942477 -0.210274
-0.870124 2.925895 -0.207278
-0.863883 2.932156 -0.212441
-0.884438 2.941636 -0.214431
-0.866925 2.938434 -0.216056
-0.883405 2.946731 -0.219393
-0.903051 2.946690 -0.215015
-0.918952 2.951106 -0.217786
-0.899233 2.950393 -0.220253
-0.895431 2.953946 -0.225606
-0.913502 2.953715 -0.222958
-0.907856 2.956393 -0.228224
-0.924840 2.956079 -0.226657
-0.931442 2.954096 -0.221707
-0.934382 2.957780 -0.231285
-0.918585 2.958352 -0.231750
-0.913380 2.961225 -0.236857
-0.927789 2.959784 -0.236096
-0.922606 2.962393 -0.240848
-0.935863 2.960763 -0.241069
-0.942116 2.958758 -0.236453
-0.942901 2.961213 -0.246806
-0.930897 2.963177 -0.245624
-0.938468 2.963666 -0.251005
-0.927437 2.966245 -0.250045
-0.935328 2.966605 -0.255170
-0.925135 2.969767 -0.254568
-0.919041 2.965708 -0.245565
-0.916553 2.969422 -0.250274
-0.909887 2.964891 -0.241688
-0.899971 2.963774 -0.238493
-0.907459 2.968804 -0.246454
-0.905549 2.972657 -0.251330
-0.897740 2.967915 -0.243177
-0.895841 2.972009 -0.248137
-0.887298 2.966776 -0.240563
-0.885600 2.971126 -0.245401
-0.876198 2.965401 -0.238525
-0.889239 2.962360 -0.235952
-0.877792 2.960711 -0.234079
-0.891789 2.957825 -0.231076
-0.879712 2.955971 -0.229359
-0.903206 2.959800 -0.233494
-0.866743 2.953912 -0.228760
-0.881646 2.951364 -0.224370
-0.867601 2.949050 -0.224310
-0.867601 2.943934 -0.220017
-0.853048 2.947043 -0.225316
-0.852120 2.942228 -0.221994
-0.852964 2.951924 -0.228924
-0.838651 2.945451 -0.227125
-0.824143 2.944116 -0.228895
-0.838852 2.950018 -0.229859
-0.837872 2.941120 -0.224303
-0.823497 2.939865 -0.226498
-0.836068 2.936600 -0.221276
-0.850491 2.937133 -0.218552
-0.821934 2.935942 -0.224036
-0.807439 2.934830 -0.226441
-0.808652 2.938627 -0.228791
-0.793153 2.933428 -0.228896
-0.778748 2.931865 -0.231515
-0.794387 2.937101 -0.231245
-0.794933 2.941036 -0.233512
-0.779878 2.935332 -0.233840
-0.765514 2.933103 -0.236821
-0.780366 2.939083 -0.236093
-0.765684 2.936815 -0.238960
-0.780348 2.943088 -0.238034
-0.795139 2.945079 -0.235652
-0.780279 2.947215 -0.240058
-0.765512 2.940656 -0.241004
-0.750745 2.937787 -0.244553
-0.765201 2.944793 -0.242964
-0.764873 2.948960 -0.245009
-0.750196 2.941778 -0.246591
-0.734764 2.938039 -0.250836
-0.749516 2.945767 -0.248664
-0.748919 2.950127 -0.250674
-0.733815 2.941969 -0.252965
-0.717942 2.936900 -0.258124
-0.732775 2.946226 -0.255096
-0.716350 2.940723 -0.260454
-0.732083 2.950629 -0.257042
-0.731585 2.955285 -0.259069
-0.748507 2.954739 -0.252525
-0.715359 2.944993 -0.262794
-0.700005 2.938371 -0.269980
-0.715170 2.949814 -0.265310
-0.699832 2.943745 -0.272687
-0.715329 2.955525 -0.267456
-0.731447 2.960162 -0.261129
-0.715931 2.961655 -0.269543
-0.700121 2.950568 -0.275165
-0.701113 2.957803 -0.277132
-0.684606 2.946110 -0.283046
-0.686430 2.954535 -0.285066
-0.667937 2.942370 -0.290229
-0.683702 2.937912 -0.280438
-0.666085 2.932656 -0.287372
-0.683951 2.931103 -0.277436
-0.665735 2.923804 -0.283856
-0.685321 2.926673 -0.274277
-0.687186 2.923359 -0.270870
-0.700781 2.933907 -0.267019
-0.668445 2.919148 -0.280664
-0.671579 2.915901 -0.277285
-0.650488 2.911324 -0.284496
-0.655305 2.907917 -0.281363
-0.632791 2.902199 -0.286533
-0.643092 2.916687 -0.288983
-0.621276 2.917660 -0.295152
-0.647017 2.928826 -0.292675
-0.624302 2.905220 -0.290021
-0.610025 2.907633 -0.294357
-0.609090 2.895882 -0.290896
-0.598019 2.898434 -0.294409
-0.617325 2.893028 -0.287837
-0.595373 2.886878 -0.292172
-0.602895 2.883960 -0.289528
-0.586397 2.889581 -0.295139
-0.582458 2.878273 -0.293983
-0.569966 2.869804 -0.296228
-0.574653 2.881001 -0.296563
-0.589504 2.875322 -0.291454
-0.595777 2.872442 -0.289019
-0.576484 2.866865 -0.293870
-0.582474 2.863985 -0.291512
-0.564298 2.858640 -0.296557
-0.552715 2.850561 -0.299471
-0.570154 2.855837 -0.294258
-0.557938 2.861571 -0.298838
-0.551440 2.864416 -0.301075
-0.546674 2.853478 -0.301652
-0.535887 2.845433 -0.304603
-0.540318 2.856359 -0.303829
-0.533057 2.859158 -0.305775
-0.529842 2.848280 -0.306704
-0.519697 2.840125 -0.309650
-0.522866 2.851058 -0.308451
-0.513300 2.842941 -0.311167
-0.515318 2.853689 -0.310283
-0.524710 2.861840 -0.307860
-0.506244 2.856353 -0.312035
-0.506430 2.845601 -0.312761
-0.498083 2.848099 -0.314223
-0.497370 2.837208 -0.315350
-0.488797 2.828576 -0.317902
-0.503872 2.834617 -0.314058
-0.489877 2.839625 -0.316585
-0.481952 2.830718 -0.318783
-0.481397 2.841702 -0.317439
-0.474205 2.832693 -0.319411
-0.488601 2.850394 -0.315524
-0.471467 2.843644 -0.318295
-0.477726 2.852345 -0.316685
-0.465242 2.834499 -0.319949
-0.460980 2.845371 -0.318678
-0.466425 2.853942 -0.317413
-0.455421 2.835928 -0.320013
-0.450316 2.846594 -0.318671
-0.439787 2.847175 -0.318373
-0.455021 2.855301 -0.317726
-0.445782 2.836792 -0.319815
-0.441778 2.826182 -0.321086
-0.436596 2.836722 -0.319397
-0.427923 2.835901 -0.318689
-0.433522 2.825919 -0.320421
-0.430534 2.814990 -0.321323
-0.425705 2.824982 -0.319612
-0.418174 2.823193 -0.318460
-0.423247 2.814180 -0.320373
-0.420636 2.803701 -0.320701
-0.416183 2.812660 -0.318926
-0.409463 2.810758 -0.317129
-0.413949 2.802305 -0.319119
-0.411699 2.792492 -0.319126
-0.407420 2.800863 -0.317168
-0.401297 2.799454 -0.314944
-0.405420 2.791372 -0.317011
-0.403575 2.782118 -0.316705
-0.399530 2.790308 -0.314701
-0.394314 2.789503 -0.312065
-0.397953 2.781334 -0.314326
-0.396603 2.772584 -0.313801
-0.392948 2.780686 -0.311673
-0.388649 2.780310 -0.308960
-0.391853 2.772118 -0.311193
-0.391064 2.763715 -0.310610
-0.387781 2.771945 -0.308410
-0.384476 2.771934 -0.305578
-0.387232 2.763540 -0.307891
-0.387102 2.755187 -0.307448
-0.384161 2.763555 -0.305140
-0.381800 2.763771 -0.302123
-0.384155 2.755141 -0.304814
-0.384527 2.746662 -0.304467
-0.381839 2.755285 -0.301914
-0.380008 2.755581 -0.298941
-0.382234 2.746672 -0.301779
-0.380359 2.746853 -0.298850
-0.382928 2.738169 -0.301654
-0.381155 2.738215 -0.298832
-0.384047 2.729774 -0.301587
-0.385250 2.738178 -0.304180
-0.387829 2.738349 -0.306609
-0.386260 2.730052 -0.303971
-0.388790 2.730261 -0.306378
-0.387522 2.721852 -0.303776
-0.389274 2.713626 -0.303558
-0.389983 2.722097 -0.306129
-0.385657 2.721591 -0.301401
-0.383918 2.721452 -0.298859
-0.387497 2.713467 -0.301291
-0.389522 2.705914 -0.301431
-0.385776 2.713215 -0.298959
-0.384974 2.713272 -0.296460
-0.388007 2.705757 -0.299163
-0.387073 2.705633 -0.296740
-0.390318 2.698251 -0.299287
-0.389315 2.698169 -0.296941
-0.391694 2.698375 -0.301536
-0.392614 2.691796 -0.299091
-0.391634 2.691469 -0.296899
-0.393906 2.691890 -0.301359
-0.394848 2.685923 -0.298753
-0.393970 2.685802 -0.296731
-0.396178 2.685948 -0.301018
-0.397101 2.680176 -0.298369
-0.396307 2.680212 -0.296494
-0.399381 2.675698 -0.297340
-0.398445 2.680123 -0.300591
-0.400785 2.675501 -0.299559
-0.400188 2.680320 -0.302674
-0.402603 2.680522 -0.304872
-0.402492 2.675360 -0.301862
-0.397829 2.685792 -0.303311
-0.395700 2.691953 -0.303519
-0.393515 2.698664 -0.303634
-0.391276 2.706057 -0.303630
-0.404604 2.671690 -0.300512
-0.404825 2.675488 -0.304055
-0.406676 2.671617 -0.302880
-0.407492 2.675649 -0.306259
-0.410970 2.676774 -0.308278
-0.409388 2.672170 -0.305064
-0.411129 2.669404 -0.303678
-0.412984 2.673131 -0.307318
-0.414772 2.670711 -0.305830
-0.418556 2.672224 -0.307924
-0.416295 2.668715 -0.304166
-0.420188 2.669933 -0.306372
-0.417643 2.667023 -0.302355
-0.412550 2.667807 -0.301985
-0.409071 2.667602 -0.299740
-0.413698 2.666630 -0.300153
-0.410029 2.666978 -0.298098
-0.414600 2.665911 -0.298314
-0.415429 2.665787 -0.296256
-0.418759 2.666090 -0.300381
-0.410899 2.666422 -0.296427
-0.407791 2.667492 -0.294937
-0.411714 2.666470 -0.294572
-0.408276 2.667921 -0.293415
-0.412283 2.667030 -0.292933
-0.412659 2.667918 -0.291286
-0.416168 2.666131 -0.294207
-0.408645 2.668533 -0.291961
-0.409021 2.669129 -0.290524
-0.405408 2.670434 -0.291151
-0.402216 2.672913 -0.290368
-0.405105 2.669947 -0.292430
-0.405696 2.670959 -0.289848
-0.402523 2.673612 -0.289288
-0.405955 2.671864 -0.288756
-0.409367 2.669986 -0.288961
-0.402753 2.674390 -0.288340
-0.406126 2.672883 -0.287661
-0.409411 2.671858 -0.287529
-0.402988 2.675161 -0.287390
-0.406197 2.674463 -0.286477
-0.409423 2.673851 -0.286092
-0.406128 2.676324 -0.285145
-0.403285 2.675959 -0.286396
-0.403859 2.677149 -0.285483
-0.401521 2.679648 -0.285263
-0.400707 2.678921 -0.286240
-0.402995 2.680346 -0.284337
-0.400675 2.683813 -0.283609
-0.400035 2.688386 -0.281949
-0.399393 2.683115 -0.284675
-0.402616 2.684404 -0.282654
-0.402156 2.688789 -0.280965
-0.405056 2.684547 -0.281773
-0.404532 2.689071 -0.280009
-0.405631 2.680330 -0.283494
-0.408223 2.684495 -0.281501
-0.407583 2.689261 -0.279977
-0.408806 2.680191 -0.283006
-0.411566 2.684371 -0.281494
-0.410795 2.689268 -0.280001
-0.412289 2.680169 -0.283051
-0.415151 2.684461 -0.282038
-0.414349 2.688987 -0.280647
-0.415958 2.680363 -0.283368
-0.418930 2.684854 -0.282764
-0.423085 2.686085 -0.283804
-0.419994 2.681284 -0.284355
-0.418037 2.688892 -0.281342
-0.421923 2.689657 -0.282255
-0.416971 2.694372 -0.279937
-0.413354 2.694945 -0.279131
-0.416185 2.699879 -0.278616
-0.420589 2.693632 -0.280922
-0.419559 2.698472 -0.279740
-0.424421 2.694185 -0.282097
-0.428370 2.696354 -0.283100
-0.423023 2.697553 -0.280770
-0.426129 2.691389 -0.283480
-0.430231 2.693805 -0.284472
-0.427487 2.688154 -0.284965
-0.431947 2.690708 -0.285972
-0.428654 2.684643 -0.286463
-0.433242 2.687706 -0.287687
-0.424219 2.682613 -0.285353
-0.429811 2.681207 -0.288034
-0.434515 2.684386 -0.289474
-0.425312 2.679154 -0.286884
-0.430608 2.678104 -0.290051
-0.435224 2.681408 -0.291523
-0.425894 2.676071 -0.288603
-0.430944 2.675531 -0.292110
-0.435845 2.678419 -0.293573
-0.426154 2.673341 -0.290590
-0.430940 2.673046 -0.294406
-0.430725 2.670897 -0.296806
-0.436163 2.675873 -0.295996
-0.426104 2.671126 -0.292803
-0.421590 2.669715 -0.291349
-0.425817 2.669126 -0.295170
-0.425224 2.667412 -0.297588
-0.421267 2.667776 -0.293560
-0.416685 2.667488 -0.292156
-0.420624 2.666747 -0.295893
-0.419791 2.666155 -0.298117
-0.424345 2.666873 -0.299976
-0.423189 2.667194 -0.302360
-0.429285 2.668878 -0.301895
-0.430202 2.669435 -0.299373
-0.427948 2.669058 -0.304378
-0.434725 2.672047 -0.303869
-0.440420 2.675969 -0.305831
-0.433331 2.672092 -0.306458
-0.435655 2.672537 -0.301259
-0.436067 2.673933 -0.298615
-0.441524 2.676645 -0.303082
-0.447642 2.682326 -0.304909
-0.442082 2.678287 -0.300300
-0.442164 2.680434 -0.297603
-0.448158 2.683849 -0.301874
-0.447935 2.686212 -0.299102
-0.447430 2.688969 -0.296608
-0.441594 2.683128 -0.295192
-0.446334 2.692244 -0.294432
-0.440742 2.685913 -0.293042
-0.444938 2.695566 -0.292160
-0.439597 2.689056 -0.290890
-0.443499 2.698847 -0.290031
-0.438293 2.692492 -0.288963
-0.441721 2.702785 -0.288122
-0.436890 2.696079 -0.287191
-0.440016 2.706658 -0.286214
-0.435150 2.699661 -0.285358
-0.437409 2.710900 -0.284007
-0.434493 2.714736 -0.282074
-0.433210 2.702750 -0.283779
-0.430971 2.705796 -0.282258
-0.426550 2.698967 -0.281721
-0.427679 2.709504 -0.280448
-0.430734 2.718575 -0.280165
-0.425458 2.702924 -0.280557
-0.424190 2.712197 -0.279027
-0.426891 2.721562 -0.278539
-0.422590 2.703177 -0.279736
-0.420628 2.714603 -0.277616
-0.422849 2.724000 -0.277011
-0.419404 2.705572 -0.278592
-0.416938 2.716284 -0.276480
-0.418575 2.725581 -0.275807
-0.416192 2.707822 -0.277459
-0.413004 2.717443 -0.275425
-0.414172 2.726446 -0.274809
-0.412533 2.709048 -0.276570
-0.409241 2.718009 -0.274926
-0.410070 2.726822 -0.274135
-0.409035 2.709557 -0.275983
-0.405487 2.718118 -0.274710
-0.405736 2.726938 -0.273817
-0.405483 2.709725 -0.275739
-0.402083 2.717831 -0.274860
-0.402320 2.709515 -0.275947
-0.402100 2.726843 -0.274109
-0.398764 2.717528 -0.275323
-0.399349 2.709246 -0.276541
-0.395745 2.717149 -0.276261
-0.398566 2.726592 -0.274558
-0.395168 2.726145 -0.275397
-0.392135 2.725652 -0.276473
-0.395108 2.735043 -0.274544
-0.391685 2.734516 -0.275592
-0.391887 2.743797 -0.275061
-0.388581 2.733962 -0.277064
-0.388552 2.743192 -0.276529
-0.389374 2.725084 -0.277994
-0.386038 2.733334 -0.279212
-0.385550 2.742493 -0.278512
-0.386944 2.724453 -0.280017
-0.383759 2.732660 -0.281442
-0.383036 2.741751 -0.280716
-0.384914 2.723767 -0.282265
-0.382079 2.732011 -0.284211
-0.381184 2.740936 -0.283481
-0.383357 2.723102 -0.284927
-0.380966 2.731411 -0.287104
-0.379787 2.740182 -0.286438
-0.382366 2.722538 -0.287700
-0.380678 2.730862 -0.290135
-0.379358 2.739650 -0.289533
-0.382256 2.722146 -0.290700
-0.380586 2.730327 -0.293023
-0.379346 2.739074 -0.292699
-0.381392 2.730078 -0.295923
-0.382299 2.721819 -0.293479
-0.383001 2.721638 -0.296126
-0.384269 2.713414 -0.293916
-0.384130 2.713699 -0.291198
-0.386330 2.705487 -0.294236
-0.386101 2.705516 -0.291628
-0.388550 2.698005 -0.294484
-0.388250 2.698060 -0.292154
-0.391067 2.691291 -0.294725
-0.390719 2.691116 -0.292590
-0.393465 2.685724 -0.294714
-0.393251 2.685696 -0.292817
-0.395993 2.680314 -0.294701
-0.395941 2.680470 -0.293054
-0.398689 2.675843 -0.294348
-0.398801 2.675720 -0.295728
-0.398668 2.675854 -0.293078
-0.401600 2.672108 -0.294437
-0.401753 2.672282 -0.293432
-0.404428 2.669814 -0.295681
-0.401383 2.671988 -0.295511
-0.403904 2.670397 -0.296913
-0.401238 2.672704 -0.296730
-0.402868 2.671867 -0.298194
-0.406045 2.669567 -0.299041
-0.408016 2.669203 -0.301333
-0.406830 2.668640 -0.297620
-0.407346 2.668042 -0.296271
-0.404708 2.669739 -0.294586
-0.404919 2.669830 -0.293530
-0.401896 2.672445 -0.292479
-0.402044 2.672621 -0.291487
-0.398801 2.676093 -0.291945
-0.399029 2.676444 -0.290799
-0.395922 2.680597 -0.291528
-0.396198 2.680920 -0.290070
-0.393294 2.685753 -0.291063
-0.393583 2.685757 -0.289163
-0.390769 2.691266 -0.290449
-0.391354 2.691787 -0.288302
-0.388482 2.698236 -0.289712
-0.389098 2.698421 -0.287395
-0.386220 2.705641 -0.288933
-0.387035 2.706171 -0.286491
-0.384205 2.713944 -0.288282
-0.385073 2.714287 -0.285605
-0.386297 2.714764 -0.283022
-0.388076 2.715434 -0.280756
-0.388148 2.706717 -0.284073
-0.390077 2.698854 -0.285156
-0.389627 2.707253 -0.281873
-0.391463 2.699511 -0.283159
-0.391713 2.707832 -0.280248
-0.394108 2.708434 -0.278780
-0.390490 2.716069 -0.279036
-0.393259 2.700073 -0.281527
-0.394836 2.693268 -0.282868
-0.395325 2.700532 -0.279984
-0.397761 2.700926 -0.278888
-0.396698 2.694059 -0.281499
-0.398088 2.687820 -0.283000
-0.398798 2.694611 -0.280412
-0.401126 2.695019 -0.279418
-0.400294 2.701240 -0.277877
-0.403687 2.695349 -0.278586
-0.402999 2.701592 -0.277141
-0.406662 2.695575 -0.278447
-0.405928 2.701819 -0.276913
-0.409889 2.695433 -0.278614
-0.409235 2.701575 -0.277220
-0.412669 2.700906 -0.277754
-0.396657 2.687200 -0.284416
-0.398305 2.682383 -0.285910
-0.395319 2.686535 -0.285836
-0.394358 2.686085 -0.287529
-0.397207 2.681783 -0.287253
-0.393325 2.692600 -0.284429
-0.392128 2.692175 -0.286365
-0.396590 2.681360 -0.288729
-0.399599 2.677329 -0.288400
-0.399310 2.676878 -0.289620
-0.400048 2.678015 -0.287231
-0.396634 2.708922 -0.277506
-0.393007 2.716649 -0.277516
-0.380084 2.738558 -0.295840
-0.382462 2.729831 -0.298910
-0.379075 2.747198 -0.295804
-0.378677 2.756077 -0.295738
-0.378426 2.747713 -0.292478
-0.378088 2.756752 -0.292305
-0.378388 2.748414 -0.289092
-0.378185 2.757561 -0.288865
-0.379305 2.749302 -0.285863
-0.379148 2.758469 -0.285411
-0.380716 2.750154 -0.282781
-0.380693 2.759343 -0.282188
-0.382837 2.751013 -0.280033
-0.383051 2.760180 -0.279302
-0.385599 2.751733 -0.277855
-0.386188 2.760962 -0.277202
-0.388977 2.752389 -0.276038
-0.392627 2.752990 -0.274510
-0.378636 2.764824 -0.295752
-0.379950 2.764201 -0.299029
-0.380152 2.772774 -0.299301
-0.381945 2.772228 -0.302601
-0.382390 2.780551 -0.303106
-0.385120 2.780311 -0.306180
-0.386069 2.788693 -0.306695
-0.389782 2.788970 -0.309414
-0.391248 2.797625 -0.309824
-0.395932 2.798367 -0.312420
-0.397408 2.807468 -0.312658
-0.403050 2.808947 -0.314982
-0.404791 2.818748 -0.314910
-0.411343 2.820808 -0.316929
-0.413056 2.831886 -0.316576
-0.420286 2.834299 -0.317836
-0.414104 2.843635 -0.316192
-0.413373 2.857191 -0.315867
-0.421987 2.845823 -0.317040
-0.430313 2.846927 -0.317849
-0.424578 2.857987 -0.316742
-0.427795 2.865985 -0.316784
-0.433706 2.857528 -0.317218
-0.443870 2.856660 -0.317571
-0.437334 2.865207 -0.317001
-0.441907 2.872650 -0.316820
-0.448399 2.864421 -0.317054
-0.460036 2.863439 -0.316905
-0.453258 2.872104 -0.316665
-0.458388 2.879768 -0.316379
-0.465331 2.871340 -0.316205
-0.477812 2.870217 -0.315312
-0.470870 2.879090 -0.315663
-0.476740 2.886869 -0.315292
-0.483854 2.878076 -0.314496
-0.496991 2.876710 -0.312825
-0.490074 2.885883 -0.313878
-0.496485 2.893779 -0.313634
-0.503641 2.884501 -0.311988
-0.517396 2.882753 -0.309582
-0.510460 2.892464 -0.311522
-0.517244 2.900398 -0.311362
-0.524543 2.890780 -0.308930
-0.538554 2.888691 -0.305967
-0.531799 2.898795 -0.308607
-0.538954 2.906951 -0.308878
-0.546466 2.896810 -0.305489
-0.561008 2.894528 -0.302040
-0.554227 2.905186 -0.305573
-0.561545 2.913674 -0.306235
-0.569679 2.903053 -0.301964
-0.584536 2.900698 -0.298238
-0.577841 2.911846 -0.302479
-0.585026 2.920801 -0.303720
-0.594099 2.909787 -0.298568
-0.602394 2.919250 -0.299686
-0.608878 2.928952 -0.301774
-0.627177 2.928249 -0.297384
-0.591282 2.930020 -0.305708
-0.614081 2.938648 -0.304024
-0.618737 2.948250 -0.306393
-0.596699 2.939363 -0.307879
-0.631945 2.938512 -0.299902
-0.636063 2.948441 -0.302434
-0.650159 2.939585 -0.295609
-0.653225 2.949586 -0.298067
-0.656562 2.958853 -0.299741
-0.670398 2.951685 -0.292299
-0.672911 2.960380 -0.293566
-0.675897 2.968663 -0.294304
-0.688316 2.962473 -0.286265
-0.690793 2.970090 -0.287021
-0.702853 2.964935 -0.278490
-0.717555 2.967846 -0.271026
-0.705090 2.971914 -0.279611
-0.707731 2.978744 -0.280390
-0.719890 2.974154 -0.272142
-0.722042 2.980396 -0.273393
-0.735035 2.977072 -0.266082
-0.733276 2.971228 -0.264672
-0.737059 2.982927 -0.267461
-0.750747 2.980045 -0.261451
-0.749619 2.974708 -0.259832
-0.752303 2.985527 -0.262980
-0.766647 2.983114 -0.258221
-0.765721 2.977958 -0.256688
-0.781881 2.986011 -0.256182
-0.767672 2.988291 -0.259800
-0.782710 2.990958 -0.257804
-0.768933 2.993390 -0.260953
-0.754144 2.990944 -0.264227
-0.770600 2.998564 -0.261735
-0.783668 2.995850 -0.258826
-0.797921 2.998136 -0.257349
-0.784849 3.000606 -0.259369
-0.786110 3.005298 -0.259115
-0.798779 3.002676 -0.257738
-0.799667 3.007076 -0.257322
-0.812528 3.004780 -0.256997
-0.811980 3.000419 -0.256811
-0.813072 3.008905 -0.256400
-0.826183 3.007232 -0.256620
-0.825985 3.003061 -0.256875
-0.839706 3.009976 -0.256646
-0.826092 3.010940 -0.255573
-0.839313 3.013586 -0.255282
-0.825768 3.014443 -0.253637
-0.825147 3.017321 -0.250756
-0.813362 3.012749 -0.254542
-0.838359 3.016626 -0.253193
-0.837139 3.019262 -0.250258
-0.851510 3.019487 -0.253106
-0.849636 3.021947 -0.249804
-0.867131 3.023810 -0.251057
-0.852447 3.016433 -0.255270
-0.867837 3.020339 -0.254512
-0.853023 3.012830 -0.257015
-0.866924 3.015872 -0.257638
-0.853153 3.008625 -0.257971
-0.839652 3.005864 -0.257263
-0.853020 3.003915 -0.258334
-0.866321 3.011214 -0.259308
-0.866063 3.006099 -0.259927
-0.879606 3.013228 -0.261075
-0.892807 3.014710 -0.262943
-0.878664 3.007983 -0.261905
-0.881765 3.019063 -0.257842
-0.895934 3.020742 -0.259382
-0.885353 3.026322 -0.252698
-0.899754 3.026873 -0.255858
-0.911027 3.026584 -0.259323
-0.921186 3.025897 -0.263024
-0.907775 3.021063 -0.262317
-0.904943 3.015467 -0.265362
-0.918664 3.020779 -0.265717
-0.916447 3.015506 -0.268720
-0.929011 3.020650 -0.269280
-0.939058 3.020292 -0.274304
-0.927322 3.015513 -0.272345
-0.930598 3.025433 -0.266568
-0.940079 3.025302 -0.271073
-0.940827 3.030084 -0.268471
-0.949011 3.025727 -0.275220
-0.957333 3.026645 -0.279130
-0.948620 3.020371 -0.279226
-0.949170 3.030644 -0.272011
-0.957049 3.031773 -0.275255
-0.964484 3.033347 -0.278295
-0.965354 3.027894 -0.283034
-0.971343 3.035349 -0.280750
-0.977733 3.037769 -0.282820
-0.972921 3.029616 -0.286723
-0.980037 3.031904 -0.289902
-0.973574 3.024011 -0.291802
-0.981326 3.026209 -0.295646
-0.973098 3.018385 -0.294224
-0.965601 3.022342 -0.287715
-0.964902 3.016829 -0.290315
-0.957234 3.021211 -0.283396
-0.956426 3.015608 -0.286299
-0.954858 3.010137 -0.286852
-0.947498 3.015012 -0.281936
-0.945767 3.010058 -0.282433
-0.937634 3.015256 -0.277075
-0.935924 3.010483 -0.278103
-0.925505 3.010652 -0.274030
-0.933543 3.004942 -0.278128
-0.943262 3.004429 -0.282446
-0.923230 3.005016 -0.274170
-0.930176 2.998390 -0.277205
-0.939492 2.997854 -0.281289
-0.926907 2.992001 -0.274988
-0.920303 2.998632 -0.273309
-0.909947 2.998416 -0.269868
-0.917363 2.992245 -0.271262
-0.907297 2.992108 -0.267803
-0.914876 2.986272 -0.268145
-0.913631 2.981170 -0.264130
-0.924308 2.986153 -0.271833
-0.905152 2.986195 -0.264645
-0.904099 2.981025 -0.260615
-0.894915 2.985793 -0.261452
-0.884178 2.985113 -0.258537
-0.896566 2.991602 -0.264587
-0.894158 2.980620 -0.257504
-0.883871 2.980031 -0.254575
-0.894572 2.976191 -0.252966
-0.884330 2.975370 -0.250210
-0.904292 2.976671 -0.256149
-0.913637 2.976861 -0.259710
-0.914730 2.973061 -0.254998
-0.922574 2.976870 -0.263646
-0.922729 2.981049 -0.268006
-0.931149 2.976768 -0.268088
-0.923525 2.973266 -0.259083
-0.931875 2.973251 -0.263766
-0.933252 2.969866 -0.259456
-0.939314 2.972782 -0.269102
-0.939094 2.976330 -0.273130
-0.940550 2.969553 -0.264962
-0.945728 2.971785 -0.275039
-0.951259 2.970421 -0.281546
-0.946082 2.975358 -0.278846
-0.946717 2.968700 -0.271200
-0.948658 2.965971 -0.267465
-0.951545 2.967215 -0.277952
-0.955134 2.965389 -0.285086
-0.953246 2.964606 -0.274473
-0.956048 2.962400 -0.271194
-0.956565 2.962787 -0.281971
-0.958441 2.960592 -0.289953
-0.958967 2.960583 -0.279280
-0.962066 2.958825 -0.277219
-0.960442 2.958368 -0.287704
-0.960799 2.955895 -0.296269
-0.963279 2.956630 -0.285921
-0.966952 2.955529 -0.284809
-0.963379 2.954086 -0.294733
-0.962381 2.951080 -0.303552
-0.966610 2.952790 -0.293711
-0.970438 2.951863 -0.293103
-0.965497 2.949786 -0.302786
-0.963612 2.946311 -0.311909
-0.969119 2.948900 -0.302503
-0.973002 2.948279 -0.302526
-0.967070 2.945360 -0.311761
-0.964493 2.941473 -0.320742
-0.970931 2.944864 -0.312223
-0.975061 2.944947 -0.313209
-0.968226 2.940873 -0.321308
-0.965183 2.936496 -0.330103
-0.972256 2.940811 -0.322441
-0.976419 2.941179 -0.323973
-0.969042 2.936053 -0.331208
-0.965664 2.931138 -0.339486
-0.973382 2.936324 -0.333327
-0.977622 2.937110 -0.335536
-0.970082 2.931254 -0.341859
-0.966601 2.926132 -0.349534
-0.974542 2.931764 -0.344559
-0.978947 2.932867 -0.347233
-0.971111 2.926353 -0.352412
-0.967922 2.921366 -0.360172
-0.975525 2.927204 -0.355553
-0.980004 2.928464 -0.358642
-0.972631 2.922226 -0.363403
-0.970068 2.917617 -0.371276
-0.977592 2.923568 -0.366885
-0.982862 2.925471 -0.371132
-0.975166 2.918919 -0.375177
-0.972431 2.914216 -0.383338
-0.980246 2.920628 -0.379629
-0.985249 2.923297 -0.384623
-0.977445 2.915825 -0.387817
-0.974338 2.910971 -0.395467
-0.982464 2.918293 -0.393044
-0.987206 2.921957 -0.398715
-0.979457 2.913258 -0.400772
-0.976338 2.908221 -0.408022
-0.984267 2.916770 -0.406794
-0.987962 2.921102 -0.413383
-0.981023 2.911329 -0.414166
-0.977568 2.905534 -0.420002
-0.984823 2.915491 -0.421017
-0.986860 2.919863 -0.427976
-0.981209 2.908710 -0.426946
-0.977457 2.902286 -0.431932
-0.983288 2.912186 -0.434418
-0.979951 2.905404 -0.439409
-0.984064 2.916663 -0.441671
-0.980568 2.907882 -0.446770
-0.987402 2.924341 -0.434235
-0.983374 2.918325 -0.447560
-0.986539 2.927151 -0.441269
-0.979984 2.909502 -0.453198
-0.982056 2.920008 -0.454147
-0.980304 2.921442 -0.460467
-0.978898 2.910948 -0.459220
-0.985128 2.928896 -0.448172
-0.983367 2.930477 -0.455106
-0.988368 2.937839 -0.441979
-0.989752 2.935651 -0.434747
-0.986368 2.939377 -0.449278
-0.991115 2.946467 -0.435976
-0.992837 2.944000 -0.427629
-0.993569 2.954567 -0.430425
-0.988950 2.947691 -0.443894
-0.986391 2.948710 -0.451765
-0.990969 2.955202 -0.439228
-0.988266 2.956030 -0.447167
-0.992741 2.961955 -0.435080
-0.995364 2.961481 -0.426357
-0.994375 2.968706 -0.430746
-0.990091 2.963032 -0.442510
-0.987190 2.964432 -0.449345
-0.991617 2.969565 -0.438107
-0.993007 2.975811 -0.433219
-0.988701 2.971001 -0.444443
-0.985414 2.973099 -0.449751
-0.990074 2.977016 -0.439125
-0.991098 2.981280 -0.434903
-0.986958 2.978874 -0.443531
-0.988929 2.983647 -0.436344
-0.983403 2.980932 -0.446577
-0.981497 2.974970 -0.453499
-0.979626 2.982488 -0.448329
-0.985839 2.985729 -0.438235
-0.982239 2.987320 -0.439412
-0.988276 2.988327 -0.429785
-0.991226 2.985552 -0.429187
-0.990518 2.989463 -0.421382
-0.984735 2.990319 -0.430333
-0.987036 2.991612 -0.421000
-0.980929 2.991347 -0.430563
-0.983116 2.992599 -0.420656
-0.977014 2.991611 -0.430405
-0.978467 2.988530 -0.440196
-0.975756 2.983536 -0.449218
-0.974646 2.988706 -0.439849
-0.970936 2.988513 -0.439158
-0.971962 2.983804 -0.449020
-0.969160 2.976936 -0.456846
-0.968489 2.983438 -0.447660
-0.965259 2.983138 -0.445987
-0.965533 2.976479 -0.455269
-0.962185 2.975911 -0.453147
-0.962913 2.968886 -0.461272
-0.966705 2.969355 -0.463068
-0.959527 2.968140 -0.458276
-0.960599 2.960903 -0.466088
-0.964503 2.961136 -0.467839
-0.956936 2.960252 -0.463022
-0.958149 2.952532 -0.470280
-0.962134 2.952638 -0.472144
-0.954502 2.952306 -0.466948
-0.955749 2.943975 -0.473623
-0.952137 2.943986 -0.470114
-0.953414 2.935319 -0.476153
-0.959749 2.943823 -0.475511
-0.963876 2.943629 -0.476526
-0.957312 2.934895 -0.478186
-0.961397 2.934480 -0.479150
-0.954886 2.926130 -0.480105
-0.951064 2.926961 -0.477949
-0.952479 2.917902 -0.481254
-0.958875 2.925345 -0.481098
-0.956389 2.916781 -0.482366
-0.963025 2.924706 -0.480969
-0.960412 2.915828 -0.482528
-0.967199 2.924107 -0.479612
-0.965653 2.934000 -0.478790
-0.969973 2.933462 -0.477071
-0.968196 2.943298 -0.476193
-0.972702 2.942850 -0.474151
-0.970708 2.952391 -0.472506
-0.966291 2.952604 -0.472986
-0.975245 2.951909 -0.470298
-0.973055 2.961015 -0.467820
-0.975213 2.969034 -0.462323
-0.968645 2.961267 -0.468640
-0.977523 2.960235 -0.465113
-0.981776 2.959038 -0.460615
-0.979547 2.967958 -0.459635
-0.983600 2.966304 -0.455310
-0.985390 2.957443 -0.454309
-0.979688 2.951108 -0.465581
-0.983324 2.949936 -0.459228
-0.977050 2.942243 -0.469966
-0.974172 2.933011 -0.473532
-0.980910 2.941540 -0.463924
-0.983996 2.940634 -0.456677
-0.978077 2.932582 -0.468437
-0.981107 2.931723 -0.461832
-0.975016 2.923241 -0.472161
-0.978006 2.922549 -0.466534
-0.971268 2.923628 -0.476593
-0.971945 2.913798 -0.474884
-0.974860 2.913123 -0.470185
-0.968304 2.914235 -0.479068
-0.968400 2.904632 -0.477060
-0.971251 2.903794 -0.472928
-0.964987 2.905507 -0.480062
-0.964135 2.896143 -0.478499
-0.966829 2.895152 -0.475058
-0.961015 2.897412 -0.480885
-0.959356 2.888764 -0.478732
-0.961878 2.887395 -0.475935
-0.956664 2.890189 -0.481114
-0.954345 2.882270 -0.478615
-0.956398 2.880890 -0.475795
-0.952127 2.883889 -0.480419
-0.949438 2.876981 -0.477856
-0.947465 2.878707 -0.479576
-0.944755 2.872824 -0.476740
-0.951234 2.875488 -0.475161
-0.946639 2.871314 -0.474057
-0.952733 2.874318 -0.471838
-0.957995 2.879808 -0.472422
-0.948346 2.870467 -0.470453
-0.953916 2.873862 -0.467798
-0.959083 2.879212 -0.468549
-0.949856 2.870171 -0.466074
-0.954850 2.873827 -0.463636
-0.951480 2.870709 -0.461031
-0.956003 2.874417 -0.459462
-0.959821 2.878688 -0.464464
-0.960068 2.878290 -0.460828
-0.965850 2.885461 -0.462906
-0.971452 2.892767 -0.460413
-0.964875 2.886000 -0.467753
-0.966130 2.885070 -0.458116
-0.965679 2.884478 -0.453263
-0.971793 2.892270 -0.454596
-0.976511 2.899785 -0.451113
-0.971323 2.891326 -0.448548
-0.968971 2.889375 -0.442258
-0.975894 2.898218 -0.444352
-0.973553 2.895975 -0.437220
-0.969803 2.893482 -0.430937
-0.965408 2.891473 -0.425500
-0.965513 2.887348 -0.436484
-0.973750 2.899501 -0.425628
-0.969146 2.897194 -0.419749
-0.972787 2.902688 -0.414030
-0.964277 2.895466 -0.414741
-0.960722 2.889723 -0.420576
-0.967764 2.900867 -0.408733
-0.959511 2.894127 -0.410149
-0.954725 2.893223 -0.406026
-0.962814 2.899441 -0.404050
-0.956051 2.888547 -0.416211
-0.951468 2.887739 -0.412318
-0.952762 2.882993 -0.422471
-0.957104 2.883932 -0.426450
-0.949568 2.877459 -0.428853
-0.948357 2.882338 -0.418833
-0.944085 2.881899 -0.415699
-0.945471 2.876965 -0.425537
-0.941329 2.876610 -0.422585
-0.942562 2.871856 -0.432908
-0.939761 2.867302 -0.440839
-0.938586 2.871485 -0.430023
-0.946455 2.872396 -0.436190
-0.943555 2.867908 -0.443850
-0.950334 2.873208 -0.439972
-0.947330 2.869006 -0.447374
-0.953917 2.874542 -0.444332
-0.953615 2.878420 -0.432980
-0.957583 2.879689 -0.437533
-0.960909 2.881196 -0.442413
-0.961491 2.885555 -0.431375
-0.963858 2.882852 -0.447661
-0.956826 2.875903 -0.449039
-0.958977 2.877259 -0.453802
-0.953491 2.872207 -0.455784
-0.950675 2.870482 -0.451465
-0.948218 2.868221 -0.457848
-0.944692 2.866342 -0.454573
-0.946077 2.867438 -0.463823
-0.942326 2.865070 -0.461208
-0.944226 2.867497 -0.468720
-0.942358 2.868417 -0.472455
-0.940264 2.865325 -0.466804
-0.938393 2.866261 -0.471013
-0.936576 2.863779 -0.465024
-0.932864 2.862505 -0.463431
-0.938639 2.863695 -0.458913
-0.934882 2.864954 -0.469743
-0.931305 2.864034 -0.468560
-0.933520 2.867223 -0.473152
-0.932740 2.870208 -0.475362
-0.930405 2.866662 -0.471991
-0.936700 2.868135 -0.474243
-0.940408 2.869855 -0.475403
-0.935187 2.870445 -0.476253
-0.938489 2.871791 -0.477294
-0.935295 2.873792 -0.477719
-0.938781 2.878488 -0.479254
-0.933593 2.874347 -0.477052
-0.937661 2.873859 -0.478297
-0.940892 2.876698 -0.479291
-0.942835 2.874693 -0.478336
-0.945316 2.880800 -0.480475
-0.943028 2.883001 -0.480801
-0.949578 2.885847 -0.481529
-0.947024 2.887988 -0.481661
-0.953801 2.891916 -0.482185
-0.950763 2.893854 -0.482413
-0.957680 2.898786 -0.482476
-0.954224 2.900418 -0.483077
-0.961190 2.906382 -0.482262
-0.964328 2.914920 -0.481645
-0.957509 2.907654 -0.483123
-0.953843 2.909121 -0.482927
-0.950830 2.902166 -0.482635
-0.950138 2.910566 -0.481573
-0.946547 2.911923 -0.479250
-0.947419 2.903688 -0.481362
-0.944205 2.905290 -0.478949
-0.944506 2.897390 -0.480466
-0.941330 2.891618 -0.479438
-0.947599 2.895645 -0.482210
-0.941535 2.898996 -0.478236
-0.938597 2.892958 -0.477375
-0.938589 2.900395 -0.474969
-0.935930 2.901554 -0.470387
-0.941040 2.906783 -0.475325
-0.935804 2.894278 -0.474266
-0.933443 2.895319 -0.470402
-0.932849 2.888284 -0.473659
-0.930589 2.889220 -0.470171
-0.935539 2.887135 -0.476575
-0.929882 2.882354 -0.473000
-0.927703 2.883384 -0.469699
-0.932306 2.881317 -0.475761
-0.927455 2.876869 -0.471948
-0.925161 2.877873 -0.468940
-0.929685 2.875908 -0.474534
-0.925424 2.871854 -0.470746
-0.924992 2.867836 -0.467921
-0.923368 2.872980 -0.467410
-0.928019 2.871027 -0.472945
-0.930579 2.870535 -0.474380
-0.927565 2.866976 -0.470459
-0.928132 2.864094 -0.466691
-0.925055 2.864648 -0.464549
-0.929405 2.862371 -0.461541
-0.926144 2.862829 -0.459548
-0.931266 2.862185 -0.454802
-0.934820 2.862435 -0.456704
-0.927830 2.862511 -0.453060
-0.933443 2.863645 -0.446780
-0.937161 2.864025 -0.449000
-0.929857 2.863913 -0.444930
-0.935934 2.867042 -0.438297
-0.932079 2.867056 -0.436192
-0.928378 2.867476 -0.434652
-0.934565 2.871440 -0.427707
-0.930447 2.871540 -0.425815
-0.937137 2.876473 -0.420051
-0.939803 2.881733 -0.413051
-0.932931 2.876670 -0.418179
-0.929026 2.877514 -0.417399
-0.935443 2.881836 -0.410852
-0.938056 2.887010 -0.403866
-0.931393 2.882595 -0.409792
-0.927935 2.884061 -0.409965
-0.933895 2.887733 -0.402627
-0.936467 2.892921 -0.395525
-0.930378 2.889216 -0.402753
-0.927813 2.891405 -0.404176
-0.932870 2.894385 -0.395606
-0.935445 2.899495 -0.388525
-0.930100 2.896544 -0.396917
-0.928713 2.899293 -0.399842
-0.932612 2.901618 -0.389777
-0.935230 2.906622 -0.382570
-0.931045 2.904394 -0.392617
-0.930825 2.907570 -0.396949
-0.933548 2.909386 -0.385378
-0.936158 2.914317 -0.378127
-0.933234 2.912608 -0.389829
-0.935690 2.917544 -0.382609
-0.933951 2.916026 -0.395448
-0.931497 2.910866 -0.402199
-0.936412 2.920961 -0.388481
-0.935339 2.919706 -0.402444
-0.932683 2.914258 -0.408482
-0.937884 2.924586 -0.395787
-0.936680 2.923330 -0.410722
-0.933934 2.917670 -0.416099
-0.939301 2.928605 -0.404661
-0.937655 2.926858 -0.420076
-0.938249 2.929283 -0.431304
-0.934967 2.920847 -0.424531
-0.940492 2.932727 -0.415670
-0.943427 2.938615 -0.411703
-0.941017 2.935603 -0.428183
-0.941255 2.936586 -0.440242
-0.943851 2.942052 -0.425465
-0.943882 2.943364 -0.437837
-0.946991 2.949243 -0.423538
-0.950022 2.956959 -0.422674
-0.946683 2.950509 -0.435557
-0.946959 2.945802 -0.409288
-0.945775 2.940233 -0.391504
-0.950721 2.954778 -0.409887
-0.951158 2.951643 -0.396284
-0.953859 2.963361 -0.410701
-0.956732 2.971779 -0.410878
-0.952814 2.964871 -0.422043
-0.955103 2.961631 -0.398864
-0.958108 2.970461 -0.399723
-0.956406 2.960839 -0.387094
-0.959661 2.969485 -0.388239
-0.958141 2.961547 -0.375342
-0.952729 2.951931 -0.383914
-0.948743 2.943695 -0.377954
-0.955122 2.954448 -0.371910
-0.957378 2.957153 -0.359833
-0.952330 2.948298 -0.366958
-0.955226 2.952193 -0.355509
-0.950538 2.943893 -0.361095
-0.949244 2.939872 -0.355576
-0.953707 2.947973 -0.350993
-0.946645 2.938850 -0.370854
-0.942993 2.933741 -0.380689
-0.945466 2.935129 -0.364573
-0.945272 2.931649 -0.359428
-0.942038 2.930320 -0.373235
-0.939031 2.925666 -0.381092
-0.941784 2.926991 -0.367423
-0.942360 2.923877 -0.363156
-0.938508 2.922289 -0.375130
-0.939090 2.919097 -0.370757
-0.940918 2.916317 -0.368149
-0.937975 2.911510 -0.375385
-0.943846 2.913899 -0.367305
-0.944331 2.921104 -0.360795
-0.947997 2.925721 -0.353602
-0.947278 2.918721 -0.360195
-0.950843 2.923508 -0.353253
-0.951103 2.917179 -0.360988
-0.954523 2.922105 -0.353791
-0.947733 2.912089 -0.368114
-0.955491 2.916497 -0.362453
-0.960190 2.916349 -0.364796
-0.958795 2.921418 -0.355080
-0.952339 2.911690 -0.369784
-0.949242 2.906849 -0.376619
-0.957135 2.911573 -0.372040
-0.962190 2.912027 -0.375246
-0.954084 2.906855 -0.379257
-0.951082 2.902037 -0.386149
-0.959113 2.907293 -0.382603
-0.964154 2.908180 -0.386591
-0.956050 2.902479 -0.389527
-0.952984 2.897551 -0.396039
-0.960974 2.903355 -0.393447
-0.966003 2.904503 -0.397751
-0.957885 2.898350 -0.399821
-0.971095 2.905940 -0.402453
-0.969256 2.909382 -0.390774
-0.949949 2.892595 -0.402374
-0.948142 2.897090 -0.392714
-0.945221 2.892194 -0.399260
-0.943430 2.897253 -0.390137
-0.939079 2.898045 -0.388361
-0.940695 2.892179 -0.396968
-0.946263 2.902042 -0.383342
-0.941818 2.902810 -0.381467
-0.938092 2.904398 -0.381294
-0.944705 2.907361 -0.374867
-0.940842 2.909133 -0.374280
-0.942496 2.886975 -0.406090
-0.946951 2.887253 -0.408972
-0.967269 2.912924 -0.379106
-0.965120 2.916735 -0.367874
-0.963337 2.921196 -0.357269
-0.962219 2.926252 -0.347306
-0.958155 2.926999 -0.346057
-0.954522 2.928197 -0.345420
-0.961802 2.931806 -0.338326
-0.958227 2.932887 -0.337677
-0.955218 2.934576 -0.337831
-0.961612 2.937371 -0.329534
-0.958618 2.938854 -0.329738
-0.956454 2.941056 -0.330936
-0.961235 2.942683 -0.320922
-0.958917 2.944652 -0.321990
-0.957596 2.947281 -0.323914
-0.960887 2.947901 -0.312742
-0.959064 2.950213 -0.314288
-0.958443 2.953179 -0.316536
-0.960210 2.953103 -0.305071
-0.959263 2.955814 -0.307219
-0.959037 2.958908 -0.309731
-0.959221 2.958279 -0.298359
-0.958845 2.961245 -0.300877
-0.959464 2.964605 -0.303682
-0.957608 2.963390 -0.292670
-0.958070 2.966727 -0.295690
-0.955235 2.968634 -0.288445
-0.959564 2.970357 -0.298781
-0.961229 2.968334 -0.306619
-0.956514 2.972226 -0.291870
-0.961912 2.974183 -0.301928
-0.963706 2.972275 -0.309737
-0.958949 2.976064 -0.295309
-0.964940 2.978161 -0.304947
-0.961945 2.979855 -0.298498
-0.971321 2.984059 -0.309299
-0.967204 2.976408 -0.312814
-0.968188 2.974621 -0.321572
-0.972964 2.981484 -0.316363
-0.973044 2.978955 -0.324373
-0.980190 2.986860 -0.320149
-0.980964 2.991174 -0.314387
-0.979065 2.983505 -0.327303
-0.987794 2.991563 -0.323873
-0.990085 2.996825 -0.318940
-0.995031 2.994860 -0.326896
-0.985524 2.987312 -0.330157
-0.991840 2.989833 -0.332639
-0.983278 2.984907 -0.337995
-0.981177 2.983596 -0.346887
-0.977499 2.981565 -0.335652
-0.988890 2.986737 -0.340158
-0.986411 2.985269 -0.348774
-0.994114 2.987696 -0.342063
-0.991276 2.985872 -0.350500
-0.998732 2.987686 -0.343474
-0.997665 2.991539 -0.334890
-1.002740 2.991904 -0.336267
-1.001542 2.997169 -0.329428
-1.007395 2.998186 -0.331198
-1.005685 3.003996 -0.325615
-0.998336 3.001088 -0.322636
-1.012310 3.005575 -0.327746
-1.009694 3.011520 -0.322557
-1.017103 3.013584 -0.324291
-1.001738 3.008183 -0.319627
-1.012532 3.018503 -0.319644
-1.004315 3.015068 -0.316934
-1.020151 3.021326 -0.320131
-1.013989 3.025768 -0.315664
-1.013369 3.031979 -0.310844
-1.005909 3.021554 -0.314151
-1.020959 3.028758 -0.314807
-1.019909 3.035203 -0.309000
-1.027300 3.029635 -0.311597
-1.025567 3.036239 -0.305228
-1.032421 3.028789 -0.305404
-1.026873 3.022607 -0.317808
-1.032350 3.021549 -0.312134
-1.023376 3.014045 -0.323731
-1.018278 3.005845 -0.328436
-1.029133 3.013384 -0.320021
-1.023705 3.004993 -0.326839
-1.033147 3.011217 -0.312943
-1.035236 3.008011 -0.304741
-1.036025 3.019009 -0.302677
-1.028046 3.003078 -0.322565
-1.021579 2.995395 -0.329678
-1.030620 3.000309 -0.316883
-1.024373 2.992822 -0.326531
-1.031502 2.996341 -0.312063
-1.031284 2.991487 -0.308453
-1.026010 2.989364 -0.323284
-1.035477 3.002841 -0.298882
-1.038203 3.007233 -0.283702
-1.034835 2.996746 -0.294844
-1.037186 2.999683 -0.279868
-1.033745 2.990654 -0.291595
-1.030486 2.986391 -0.305268
-1.032112 2.984311 -0.288765
-1.035675 2.992577 -0.277086
-1.037162 2.993331 -0.262971
-1.033839 2.985657 -0.274842
-1.035126 2.986342 -0.261109
-1.031578 2.979268 -0.273002
-1.032680 2.979865 -0.259379
-1.029957 2.978116 -0.286537
-1.028594 2.973371 -0.271398
-1.029504 2.974004 -0.257725
-1.027095 2.972386 -0.284771
-1.024761 2.968201 -0.269883
-1.025471 2.968980 -0.256181
-1.023289 2.967296 -0.283158
-1.020102 2.964160 -0.268335
-1.014816 2.961147 -0.266733
-1.020648 2.965035 -0.254698
-1.018713 2.963226 -0.281467
-1.013876 2.960284 -0.279610
-1.016471 2.962005 -0.293885
-1.012952 2.960112 -0.305715
-1.011634 2.959039 -0.291773
-1.020840 2.965769 -0.295754
-1.024426 2.970361 -0.297549
-1.017079 2.963563 -0.308012
-1.012258 2.960662 -0.319489
-1.020541 2.967549 -0.310092
-1.022996 2.971934 -0.312295
-1.015285 2.964274 -0.321908
-1.017351 2.967961 -0.324113
-1.009697 2.960566 -0.333258
-1.011639 2.964086 -0.335612
-1.005511 2.956797 -0.344721
-1.007059 2.957269 -0.330663
-1.003033 2.953559 -0.341878
-1.003826 2.954477 -0.327801
-1.008413 2.957512 -0.316830
-1.000028 2.950720 -0.338945
-1.000139 2.952103 -0.324957
-0.996660 2.948342 -0.336091
-0.996193 2.949971 -0.322321
-1.004257 2.954866 -0.314131
-1.008370 2.957283 -0.303232
-0.999850 2.952802 -0.311417
-0.995377 2.951300 -0.309033
-1.003574 2.955106 -0.300729
-1.006552 2.956857 -0.289624
-0.998542 2.953588 -0.298259
-1.001306 2.955473 -0.287521
-0.993581 2.952568 -0.296247
-0.990881 2.949957 -0.306966
-0.988707 2.951880 -0.294743
-0.996015 2.954511 -0.285540
-0.997282 2.955818 -0.274411
-0.990622 2.954095 -0.284170
-0.985642 2.953782 -0.283289
-0.991436 2.955402 -0.273384
-0.991173 2.956262 -0.262067
-0.985934 2.955226 -0.273042
-0.980049 2.955330 -0.273137
-0.984962 2.956141 -0.262265
-0.979186 2.956254 -0.262866
-0.983571 2.956921 -0.251390
-0.977186 2.956940 -0.252533
-0.990237 2.957049 -0.250722
-0.981267 2.957330 -0.240733
-0.974174 2.957223 -0.242464
-0.977423 2.956898 -0.230222
-0.988393 2.957613 -0.239373
-0.984740 2.957160 -0.227868
-0.995277 2.958104 -0.238635
-0.992405 2.958052 -0.226014
-0.996716 2.957477 -0.250807
-1.002128 2.959063 -0.238405
-1.000129 2.959276 -0.224861
-1.003003 2.958266 -0.251356
-1.008728 2.960591 -0.238708
-1.007507 2.961127 -0.224402
-1.009352 2.959825 -0.252213
-1.014921 2.962808 -0.239517
-1.015152 2.962029 -0.253302
-1.020683 2.965680 -0.240745
-1.014075 2.963423 -0.225070
-1.020218 2.966393 -0.226454
-1.012476 2.963706 -0.210075
-1.004904 2.960983 -0.209072
-1.010876 2.963567 -0.195553
-1.019305 2.966904 -0.211921
-1.019130 2.967508 -0.198354
-1.025512 2.970485 -0.214398
-1.025894 2.971367 -0.201639
-1.025880 2.970046 -0.228284
-1.031497 2.975383 -0.217466
-1.032444 2.976486 -0.205749
-1.036200 2.981216 -0.220678
-1.030750 2.974766 -0.230400
-1.030185 2.974407 -0.243969
-1.034844 2.980381 -0.232734
-1.033778 2.980148 -0.245843
-1.037900 2.986960 -0.235187
-1.039726 2.987781 -0.223746
-1.040246 2.994068 -0.237562
-1.036395 2.986606 -0.247766
-1.038624 2.993649 -0.249732
-1.040346 3.001257 -0.251610
-1.042037 3.001672 -0.239748
-1.038817 3.000844 -0.264987
-1.041471 3.009259 -0.253261
-1.043084 3.009561 -0.241501
-1.041574 3.017271 -0.254347
-1.039924 3.008800 -0.267157
-1.040263 3.016835 -0.268990
-1.038387 3.015633 -0.289052
-1.039454 3.025385 -0.267481
-1.040595 3.025251 -0.254054
-1.037089 3.033100 -0.265313
-1.038086 3.025557 -0.282887
-1.035838 3.027061 -0.295589
-1.035655 3.033595 -0.278582
-1.033096 3.034410 -0.289928
-1.031545 3.040045 -0.274551
-1.028902 3.040802 -0.284350
-1.025998 3.045115 -0.269853
-1.032993 3.039500 -0.262683
-1.027750 3.044430 -0.259359
-1.034089 3.038986 -0.250838
-1.038173 3.032708 -0.252835
-1.035567 3.038427 -0.239996
-1.028970 3.043957 -0.248292
-1.023163 3.048157 -0.245256
-1.030396 3.043468 -0.237775
-1.024577 3.047660 -0.235395
-1.032223 3.042934 -0.228475
-1.034504 3.042458 -0.219527
-1.026286 3.047095 -0.226147
-1.037522 3.038090 -0.230486
-1.041481 3.032089 -0.231766
-1.039660 3.037745 -0.221313
-1.042320 3.038098 -0.212520
-1.043743 3.032095 -0.222626
-1.046371 3.025729 -0.223171
-1.046393 3.032520 -0.213802
-1.046960 3.034114 -0.204176
-1.049001 3.026422 -0.214315
-1.050122 3.019724 -0.213915
-1.050449 3.028298 -0.205035
-1.052501 3.021664 -0.205121
-1.053209 3.014842 -0.204255
-1.052679 3.024825 -0.196397
-1.053892 3.018499 -0.195696
-1.053772 3.011872 -0.194242
-1.052504 3.007898 -0.202502
-1.052216 3.005386 -0.191904
-1.050337 3.000987 -0.199914
-1.049707 2.999053 -0.188981
-1.047457 2.994418 -0.196826
-1.050237 3.004569 -0.182276
-1.045854 2.993134 -0.185455
-1.043384 2.988013 -0.192777
-1.046649 2.999346 -0.179008
-1.040964 2.987795 -0.181091
-1.034215 2.983327 -0.175660
-1.038080 2.982174 -0.187727
-1.041816 2.994843 -0.175149
-1.031250 2.976888 -0.181777
-1.034630 2.978654 -0.195282
-1.040275 2.984841 -0.200247
-1.027770 2.973376 -0.190546
-1.020093 2.968914 -0.186873
-1.020663 2.970945 -0.175117
-1.009708 2.963607 -0.183969
-1.006884 2.963217 -0.173891
-0.994990 2.956481 -0.180842
-0.997113 2.957912 -0.192801
-0.992256 2.955145 -0.171691
-0.977404 2.947590 -0.177471
-0.959823 2.939485 -0.176400
-0.976487 2.948265 -0.185263
-0.976393 2.947175 -0.169634
-0.959646 2.939854 -0.169891
-0.973781 2.948029 -0.162521
-0.957543 2.940792 -0.163997
-0.988925 2.955500 -0.162830
-0.970107 2.949607 -0.156727
-0.954359 2.942505 -0.159021
-0.984302 2.957014 -0.155543
-0.964467 2.951719 -0.151880
-0.957285 2.954348 -0.148170
-0.950060 2.944901 -0.154943
-0.977089 2.958913 -0.149530
-0.967871 2.961266 -0.145302
-0.986815 2.965495 -0.148086
-0.976490 2.970023 -0.144169
-0.995624 2.964048 -0.154803
-0.994300 2.973468 -0.147566
-0.983365 2.978340 -0.143716
-1.003575 2.971131 -0.154208
-1.000016 2.983078 -0.147649
-1.009166 2.980565 -0.153713
-1.017721 2.978353 -0.161178
-1.025765 2.980143 -0.169178
-1.012210 2.969696 -0.163446
-1.001916 2.962717 -0.163857
-0.965484 2.975206 -0.142189
-0.957249 2.965762 -0.143608
-0.946025 2.970124 -0.142975
-0.947939 2.957355 -0.145955
-0.937400 2.962065 -0.145814
-0.937213 2.951010 -0.149638
-0.944553 2.947729 -0.151746
-0.925061 2.945004 -0.153504
-0.928478 2.955175 -0.149037
-0.917833 2.949120 -0.152680
-0.920042 2.964220 -0.150577
-0.930601 2.941525 -0.155592
-0.916681 2.935757 -0.159266
-0.934893 2.938605 -0.158495
-0.938315 2.936094 -0.162134
-0.941098 2.934164 -0.166646
-0.942851 2.932912 -0.171624
-0.926145 2.925772 -0.173838
-0.942753 2.932038 -0.177164
-0.925972 2.924409 -0.178523
-0.940769 2.931365 -0.183021
-0.957763 2.939495 -0.182984
-0.924509 2.923561 -0.183809
-0.937461 2.931265 -0.188897
-0.953531 2.939481 -0.189155
-0.922000 2.923476 -0.189258
-0.932553 2.932042 -0.194591
-0.947921 2.939695 -0.195118
-0.917669 2.924632 -0.194565
-0.926630 2.933886 -0.199285
-0.941859 2.940710 -0.200432
-0.956742 2.947086 -0.203191
-0.935897 2.943030 -0.204775
-0.930042 2.945591 -0.208878
-0.950386 2.948275 -0.207905
-0.962568 2.952565 -0.213093
-0.944341 2.950399 -0.212376
-0.955652 2.953623 -0.217499
-0.938094 2.952311 -0.216995
-0.924211 2.948307 -0.213059
-0.948387 2.954818 -0.221936
-0.941232 2.956068 -0.226525
-0.956388 2.956475 -0.228057
-0.962517 2.957426 -0.236095
-0.963847 2.955686 -0.224211
-0.949039 2.957292 -0.232161
-0.955277 2.958063 -0.239186
-0.948961 2.959432 -0.242618
-0.960455 2.958351 -0.246963
-0.967178 2.957679 -0.244470
-0.964974 2.958276 -0.255466
-0.954760 2.959540 -0.249636
-0.959811 2.959534 -0.257505
-0.949400 2.961351 -0.253241
-0.955142 2.961211 -0.260318
-0.945332 2.963751 -0.257142
-0.951393 2.963462 -0.263854
-0.942480 2.966521 -0.260989
-0.959513 2.960462 -0.268475
-0.963572 2.958833 -0.266343
-0.968280 2.957793 -0.264859
-0.965869 2.957457 -0.275602
-0.970213 2.956568 -0.274394
-0.974879 2.955812 -0.273481
-0.970906 2.954522 -0.283835
-0.975348 2.954145 -0.283287
-0.980153 2.953836 -0.282941
-0.974733 2.951533 -0.292983
-0.979282 2.951434 -0.293155
-0.984016 2.951575 -0.293822
-0.977335 2.948386 -0.303153
-0.981787 2.948590 -0.304035
-0.986302 2.949152 -0.305362
-0.979235 2.945273 -0.314353
-0.983586 2.945893 -0.315851
-0.987877 2.947062 -0.317765
-0.980616 2.941966 -0.325907
-0.984833 2.943105 -0.328178
-0.988986 2.944594 -0.330722
-0.982012 2.938332 -0.338009
-0.986181 2.939821 -0.340761
-0.990023 2.941463 -0.343712
-0.982998 2.933994 -0.350366
-0.987389 2.935947 -0.353866
-0.991532 2.938502 -0.357010
-0.985223 2.930686 -0.362433
-0.989769 2.933243 -0.366322
-0.993936 2.936678 -0.370500
-0.987695 2.928172 -0.375652
-0.992271 2.931907 -0.380412
-0.995946 2.936871 -0.385719
-0.989937 2.927099 -0.389759
-0.993730 2.932157 -0.395490
-0.996033 2.938378 -0.401949
-0.990945 2.926833 -0.404763
-0.993168 2.932865 -0.411497
-0.990175 2.926626 -0.420178
-0.993708 2.939161 -0.419344
-0.990678 2.932048 -0.427048
-0.996838 2.945455 -0.409521
-0.999679 2.949234 -0.396193
-0.996508 2.952828 -0.418080
-0.998254 2.961520 -0.415235
-1.000367 2.955867 -0.400335
-1.002462 2.957407 -0.386224
-1.001249 2.962662 -0.400693
-1.003054 2.963091 -0.387600
-1.001886 2.968932 -0.399674
-1.001964 2.974529 -0.398560
-1.003501 2.968710 -0.387514
-0.999497 2.968447 -0.412040
-1.000188 2.974923 -0.409016
-0.996958 2.968403 -0.422087
-0.997905 2.975005 -0.418437
-0.997485 2.981117 -0.415438
-0.995301 2.975170 -0.426825
-0.995238 2.981396 -0.423419
-0.993067 2.981631 -0.429493
-0.993375 2.986079 -0.422010
-0.995523 2.986150 -0.413547
-0.997449 2.985787 -0.404550
-0.992604 2.989657 -0.412236
-0.994517 2.988940 -0.402733
-0.989079 2.991750 -0.411186
-0.990942 2.990863 -0.401167
-0.985106 2.992657 -0.410490
-0.986818 2.991740 -0.400157
-0.980785 2.992517 -0.410033
-0.982379 2.991751 -0.399463
-0.976038 2.991348 -0.409830
-0.979025 2.992466 -0.420373
-0.974589 2.991642 -0.420206
-0.969884 2.989547 -0.420189
-0.972807 2.991133 -0.430188
-0.968826 2.989271 -0.429502
-0.964598 2.986431 -0.429158
-0.967518 2.987531 -0.437602
-0.964298 2.985825 -0.436331
-0.960228 2.981521 -0.436326
-0.962948 2.982558 -0.443114
-0.960323 2.980555 -0.441389
-0.959476 2.975124 -0.449804
-0.957199 2.974506 -0.445117
-0.956589 2.967333 -0.454367
-0.954027 2.966706 -0.448767
-0.953830 2.959667 -0.458334
-0.951180 2.951903 -0.462098
-0.951223 2.959157 -0.452069
-0.948530 2.951591 -0.455275
-0.949714 2.958665 -0.443759
-0.946964 2.951216 -0.446317
-0.952592 2.966295 -0.441350
-0.949476 2.957999 -0.433841
-0.952339 2.965841 -0.432101
-0.955546 2.973698 -0.430725
-0.959796 2.981083 -0.429601
-0.955879 2.974186 -0.438607
-0.955792 2.972950 -0.421507
-0.959984 2.980405 -0.420944
-0.960634 2.979582 -0.410815
-0.964991 2.986037 -0.420431
-0.965662 2.985496 -0.410397
-0.970949 2.989220 -0.409962
-0.966634 2.984581 -0.399588
-0.972159 2.988549 -0.399234
-0.968200 2.983266 -0.387949
-0.961757 2.978453 -0.399782
-0.963396 2.977315 -0.388097
-0.965052 2.976531 -0.376694
-0.961349 2.969254 -0.376951
-0.970043 2.982168 -0.376532
-0.967019 2.976089 -0.365536
-0.972107 2.981302 -0.365638
-0.968805 2.976008 -0.354857
-0.962944 2.969410 -0.365691
-0.960049 2.963044 -0.363546
-0.964784 2.970357 -0.353915
-0.966451 2.971736 -0.342247
-0.961895 2.965037 -0.351188
-0.963411 2.966838 -0.339590
-0.959468 2.959895 -0.347750
-0.957648 2.955445 -0.343907
-0.960788 2.962248 -0.336158
-0.958977 2.958027 -0.332822
-0.961602 2.964377 -0.325357
-0.961677 2.966374 -0.315559
-0.959712 2.960287 -0.322143
-0.964353 2.968639 -0.328642
-0.967753 2.972930 -0.331493
-0.964566 2.970432 -0.318617
-0.972168 2.977177 -0.333579
-0.970722 2.976289 -0.343717
-0.975756 2.980568 -0.345067
-0.973877 2.980477 -0.355229
-0.979213 2.983611 -0.356514
-0.977388 2.984746 -0.366560
-0.984307 2.985332 -0.358111
-0.982561 2.986555 -0.367844
-0.989006 2.985771 -0.359719
-0.993301 2.985569 -0.361312
-0.987266 2.987029 -0.369203
-0.985600 2.988733 -0.378946
-0.991523 2.986638 -0.370714
-0.990087 2.988490 -0.380266
-0.995304 2.985599 -0.372187
-0.994100 2.987556 -0.381644
-0.998607 2.983856 -0.373684
-0.996956 2.984530 -0.362745
-0.999971 2.982599 -0.364022
-0.999278 2.984651 -0.353287
-0.995654 2.985750 -0.352075
-1.002289 2.982818 -0.354119
-1.002747 2.986925 -0.344391
-1.006205 2.985463 -0.344861
-1.007295 2.991568 -0.337181
-1.011354 2.990324 -0.337303
-1.012592 2.998111 -0.332164
-1.017495 2.997248 -0.331790
-1.014718 2.988465 -0.336580
-1.017488 2.986130 -0.335083
-1.008980 2.983393 -0.344806
-1.011188 2.980822 -0.344268
-1.004707 2.980458 -0.354613
-1.006620 2.977758 -0.354481
-1.002393 2.980070 -0.364996
-1.001121 2.981162 -0.375227
-1.004143 2.976982 -0.365496
-1.005358 2.973257 -0.365268
-1.002926 2.977473 -0.376203
-1.004120 2.973214 -0.376341
-1.002198 2.978588 -0.386564
-1.000207 2.982922 -0.384959
-1.001038 2.979982 -0.397008
-1.003218 2.973887 -0.387235
-0.998965 2.984494 -0.394734
-0.999509 2.980972 -0.406498
-0.996295 2.987554 -0.392882
-0.992643 2.989442 -0.391283
-0.997602 2.985782 -0.383187
-0.988464 2.990302 -0.389920
-0.983925 2.990357 -0.388875
-0.978975 2.989507 -0.388312
-0.973607 2.987304 -0.388078
-0.980695 2.988065 -0.377793
-0.977508 2.990710 -0.399180
-0.975346 2.986005 -0.376924
-1.004556 2.968446 -0.375998
-1.004440 2.963703 -0.375193
-1.005997 2.969283 -0.364473
-1.005923 2.965267 -0.363144
-1.008826 2.971368 -0.352926
-1.008876 2.967806 -0.351321
-1.013603 2.974887 -0.341807
-1.008027 2.974740 -0.354045
-1.012822 2.978073 -0.343304
-1.019256 2.983170 -0.333136
-1.019770 2.979749 -0.331125
-1.026189 2.985409 -0.320473
-1.019646 2.975806 -0.328942
-1.013581 2.971348 -0.339947
-1.025733 2.980902 -0.317716
-1.018833 2.971837 -0.326530
-1.024685 2.976398 -0.314930
-1.012928 2.967686 -0.337844
-1.008359 2.964112 -0.349452
-1.007259 2.960395 -0.347248
-1.005454 2.961234 -0.361260
-1.003829 2.959009 -0.373414
-1.004355 2.957205 -0.358904
-1.002659 2.953242 -0.356229
-1.002716 2.954409 -0.370958
-1.000924 2.949673 -0.367830
-1.001454 2.951844 -0.383201
-0.999860 2.946269 -0.379303
-0.998267 2.942715 -0.391105
-0.997403 2.941109 -0.375026
-0.998540 2.945382 -0.364320
-0.995389 2.941607 -0.360541
-1.000269 2.949520 -0.353211
-0.997249 2.946398 -0.349988
-0.993780 2.943758 -0.346863
-1.029527 2.981417 -0.302384
-1.027476 2.975890 -0.299668
-0.959843 2.962416 -0.312502
-0.958722 2.956558 -0.319216
-0.957841 2.954046 -0.329566
-0.956195 2.951260 -0.340110
-0.957292 2.950459 -0.326566
-0.955360 2.947477 -0.336532
-0.952588 2.943910 -0.346413
-0.955386 2.943975 -0.333328
-0.952432 2.940315 -0.342381
-0.948998 2.936242 -0.350986
-0.953357 2.937146 -0.339417
-0.949851 2.933010 -0.347734
-0.946032 2.928534 -0.355581
-0.951643 2.930237 -0.345845
-0.944336 2.943842 -0.448951
-0.946052 2.944070 -0.458143
-0.942051 2.936816 -0.451090
-0.943887 2.936576 -0.460233
-0.939811 2.929748 -0.452969
-0.938675 2.929862 -0.442636
-0.937707 2.922993 -0.454698
-0.941845 2.929314 -0.461767
-0.939792 2.922266 -0.463124
-0.944448 2.928602 -0.468934
-0.947528 2.927781 -0.474320
-0.946508 2.936134 -0.467360
-0.942284 2.921256 -0.470082
-0.945351 2.920206 -0.475362
-0.940332 2.914659 -0.470479
-0.938199 2.908085 -0.470425
-0.943246 2.913280 -0.475464
-0.937869 2.915710 -0.463977
-0.935775 2.909129 -0.464617
-0.935703 2.916533 -0.456248
-0.933612 2.909942 -0.457656
-0.934062 2.916831 -0.447334
-0.931930 2.910511 -0.449674
-0.936209 2.923168 -0.444979
-0.933191 2.916487 -0.437588
-0.935576 2.922818 -0.434543
-0.930818 2.910186 -0.440834
-0.932319 2.914739 -0.428780
-0.929720 2.908479 -0.432684
-0.931192 2.911824 -0.421132
-0.928591 2.905894 -0.425907
-0.930142 2.908695 -0.414453
-0.927666 2.903158 -0.420454
-0.929118 2.905542 -0.408752
-0.928533 2.902378 -0.403911
-0.926779 2.900140 -0.415208
-0.924479 2.894768 -0.421726
-0.926281 2.897117 -0.410795
-0.926504 2.894130 -0.406989
-0.923984 2.891860 -0.417620
-0.922162 2.887009 -0.425037
-0.924309 2.889017 -0.414266
-0.925530 2.886287 -0.411509
-0.922427 2.884223 -0.421994
-0.920477 2.879535 -0.429786
-0.923450 2.881366 -0.419355
-0.925793 2.879096 -0.417815
-0.921675 2.876737 -0.427417
-0.920010 2.872908 -0.435984
-0.923606 2.874220 -0.425712
-0.926755 2.872523 -0.425154
-0.921897 2.870419 -0.434520
-0.920717 2.867752 -0.442667
-0.924856 2.868573 -0.434057
-0.923131 2.865687 -0.442695
-0.922078 2.864882 -0.450035
-0.926417 2.864563 -0.443505
-0.924552 2.863329 -0.451435
-0.923406 2.864085 -0.457188
-0.920941 2.865448 -0.454603
-0.922543 2.865895 -0.461690
-0.922506 2.868925 -0.465110
-0.920309 2.867476 -0.458206
-0.918772 2.869518 -0.453042
-0.920475 2.870546 -0.460917
-0.919107 2.872448 -0.455461
-0.921565 2.874374 -0.462904
-0.920164 2.876105 -0.457604
-0.923380 2.879124 -0.464423
-0.921837 2.880427 -0.459158
-0.925825 2.884524 -0.465203
-0.924131 2.885631 -0.460072
-0.928303 2.890279 -0.465453
-0.926606 2.891277 -0.460185
-0.930919 2.896457 -0.465169
-0.929093 2.897439 -0.459489
-0.933475 2.902625 -0.464871
-0.931403 2.903614 -0.458620
-0.929849 2.904366 -0.451570
-0.927659 2.898318 -0.453149
-0.928884 2.904556 -0.444248
-0.926838 2.898905 -0.446953
-0.927483 2.902812 -0.436574
-0.926196 2.899997 -0.431102
-0.925634 2.898020 -0.440140
-0.924409 2.895186 -0.436114
-0.924070 2.893944 -0.443249
-0.922955 2.891046 -0.441133
-0.924454 2.892998 -0.448529
-0.922453 2.888123 -0.448028
-0.925221 2.892223 -0.454225
-0.922967 2.886823 -0.454077
-0.920841 2.882066 -0.452961
-0.920849 2.884365 -0.446072
-0.919447 2.878263 -0.451076
-0.919779 2.881156 -0.443546
-0.918655 2.874955 -0.448592
-0.919008 2.878155 -0.440827
-0.918360 2.872115 -0.446177
-0.919040 2.869896 -0.444163
-0.919114 2.875422 -0.438138
-0.919334 2.867579 -0.450628
-0.920155 2.866290 -0.448109
-0.920559 2.882480 -0.432972
-0.921025 2.885086 -0.435639
-0.921718 2.887971 -0.438465
-0.922575 2.889726 -0.428175
-0.923341 2.892451 -0.432206
-0.925280 2.897575 -0.426497
-0.948754 2.919078 -0.479046
-0.949774 2.935699 -0.472606
-0.948781 2.944063 -0.465108
-0.992955 2.946164 -0.333271
-0.992153 2.948410 -0.319969
-0.973439 2.956868 -0.263671
-0.970790 2.957424 -0.253990
-0.970049 2.956937 -0.232840
-0.971184 2.955164 -0.220626
-0.979100 2.955615 -0.216960
-0.969921 2.952329 -0.208442
-0.987332 2.956494 -0.213860
-0.978294 2.952971 -0.203567
-0.996158 2.958413 -0.210993
-0.987565 2.955045 -0.198432
-0.971108 2.947597 -0.191492
-0.963868 2.946903 -0.197627
-0.903105 2.917903 -0.194847
-0.889534 2.913267 -0.195247
-0.906488 2.916554 -0.189923
-0.891261 2.911100 -0.190763
-0.908331 2.916337 -0.184845
-0.892487 2.910217 -0.185896
-0.909329 2.917122 -0.179947
-0.892946 2.910891 -0.181225
-0.876810 2.906109 -0.182514
-0.877032 2.906262 -0.187034
-0.860976 2.903527 -0.184137
-0.846097 2.903899 -0.186099
-0.862189 2.904498 -0.188456
-0.848164 2.905144 -0.190115
-0.864020 2.906735 -0.192626
-0.851508 2.907717 -0.194094
-0.866697 2.910372 -0.196671
-0.877230 2.907819 -0.191566
-0.877978 2.910873 -0.195733
-0.878986 2.914354 -0.198747
-0.844847 2.903782 -0.182229
-0.831903 2.905938 -0.188046
-0.830112 2.905538 -0.184261
-0.829173 2.905855 -0.180672
-0.816915 2.908330 -0.186337
-0.815105 2.908533 -0.182703
-0.805464 2.911467 -0.188707
-0.803260 2.911638 -0.185140
-0.801773 2.912524 -0.181753
-0.814490 2.909431 -0.179247
-0.801275 2.914080 -0.178725
-0.829156 2.907013 -0.177284
-1.037992 2.982621 -0.209655
-1.044442 2.991601 -0.204590
-1.041888 2.989320 -0.213193
-1.047307 2.998461 -0.207889
-1.049345 3.005630 -0.210734
-1.044591 2.996329 -0.216385
-1.042175 2.994870 -0.226414
-1.046476 3.003808 -0.219235
-1.047399 3.011276 -0.221382
-1.044106 3.002515 -0.228939
-1.045038 3.010239 -0.230891
-1.045033 3.017874 -0.232113
-1.044071 3.025262 -0.232443
-1.047472 3.018724 -0.222783
-1.043209 3.017505 -0.242680
-1.042237 3.025200 -0.242793
-1.039716 3.032366 -0.241825
-1.050208 3.012674 -0.212720
-1.042551 3.039303 -0.202827
-1.036803 3.043401 -0.200896
-1.036598 3.042611 -0.210441
-1.030024 3.046514 -0.207954
-1.028495 3.046571 -0.217347
-1.021366 3.049856 -0.204572
-1.020510 3.050266 -0.213953
-1.019041 3.050893 -0.222958
-1.017414 3.051475 -0.231847
-1.016205 3.052096 -0.240911
-1.015004 3.052543 -0.250306
-1.021894 3.048635 -0.255498
-1.013546 3.053024 -0.258851
-1.020279 3.049205 -0.264990
-1.011582 3.053446 -0.266190
-1.009292 3.053563 -0.273019
-1.018131 3.049864 -0.273089
-1.023676 3.045786 -0.278792
-1.015708 3.050253 -0.280287
-1.012778 3.050000 -0.286753
-1.021002 3.046429 -0.286244
-1.017646 3.046449 -0.292496
-1.025918 3.041715 -0.292581
-1.022109 3.041877 -0.298740
-1.029929 3.035681 -0.298932
-1.016940 3.040415 -0.303015
-1.011191 3.037342 -0.305483
-1.013178 3.044838 -0.297245
-1.008149 3.041928 -0.300510
-1.008781 3.048517 -0.291627
-1.004216 3.045900 -0.294982
-1.002701 3.052079 -0.282417
-1.006306 3.053270 -0.278316
-0.998670 3.049777 -0.285155
-0.994111 3.046898 -0.286428
-0.989173 3.043742 -0.285977
-0.998896 3.042001 -0.296089
-1.002383 3.037651 -0.301828
-0.993079 3.038154 -0.295014
-0.995652 3.033081 -0.301033
-0.986529 3.034780 -0.292283
-0.983465 3.040629 -0.284004
-0.988492 3.029181 -0.298738
-0.989211 3.023674 -0.301713
-0.989028 3.018036 -0.304447
-0.981155 3.020647 -0.298104
-0.996981 3.027872 -0.304634
-0.997585 3.022558 -0.308006
-1.004651 3.032946 -0.306185
-1.005937 3.027616 -0.310329
-0.997023 3.016574 -0.310908
-0.995198 3.010089 -0.313111
-0.987824 3.011810 -0.306622
-0.985416 3.004831 -0.308245
-0.978627 3.008199 -0.301681
-0.969555 3.005671 -0.296570
-0.974938 2.999530 -0.302322
-0.980442 3.014754 -0.300200
-0.971819 3.012342 -0.295595
-0.963314 3.010840 -0.291262
-0.960892 3.004215 -0.291465
-0.952296 3.003854 -0.286871
-0.957340 2.996895 -0.290834
-0.953197 2.989607 -0.288577
-0.948610 2.997203 -0.285762
-0.965797 2.997422 -0.296115
-0.960618 2.988164 -0.294493
-0.956755 2.982135 -0.291927
-0.969046 2.988188 -0.302532
-0.982118 2.996694 -0.310497
-0.992649 3.003314 -0.315662
-0.950034 2.984012 -0.285708
-0.954085 2.977948 -0.288674
-0.947667 2.979443 -0.282443
-0.952088 2.974015 -0.285150
-0.939990 2.980371 -0.277020
-0.931608 2.980848 -0.272188
-0.941997 2.985150 -0.280524
-0.944959 2.990772 -0.283534
-0.933308 2.985766 -0.275968
-0.936012 2.991477 -0.279130
-1.025857 2.969524 -0.242268
-1.009308 2.959002 -0.265233
-1.008400 2.958076 -0.277725
-1.003395 2.957492 -0.263843
-1.002966 2.956627 -0.275934
-0.997226 2.956642 -0.262749
-0.940284 2.928927 -0.388682
-0.941797 2.933168 -0.398192
-0.940953 2.864939 -0.451645
-0.931775 2.875054 -0.476297
-0.934556 2.880460 -0.477374
-0.936805 2.879467 -0.478709
-0.937896 2.886124 -0.478382
-0.940668 2.884682 -0.480004
-0.944248 2.889889 -0.481224
-0.961124 2.879220 -0.456600
-0.976130 2.900828 -0.457341
-0.975031 2.901919 -0.462951
-0.973503 2.902918 -0.468250
-0.970333 2.893555 -0.465703
-0.968833 2.894379 -0.470487
-0.963590 2.886607 -0.471895
-0.977157 2.912184 -0.464879
-0.970799 2.969483 -0.463617
-0.973084 2.976968 -0.457292
-0.977318 2.976298 -0.456042
-0.873680 2.974420 -0.247819
-0.862404 2.973137 -0.245892
-0.873199 2.979098 -0.252084
-0.874721 2.969909 -0.243211
-0.863206 2.968441 -0.241594
-0.850941 2.966708 -0.240531
-0.864340 2.963823 -0.237065
-0.851691 2.961849 -0.236472
-0.865534 2.958901 -0.232905
-0.852494 2.956901 -0.232582
-0.838671 2.954877 -0.233149
-0.838411 2.959815 -0.236436
-0.824539 2.952999 -0.234161
-0.824439 2.957894 -0.236919
-0.809917 2.951204 -0.235615
-0.824444 2.948404 -0.231357
-0.809731 2.946830 -0.233382
-0.809236 2.942749 -0.231090
-0.809902 2.955908 -0.238041
-0.795138 2.949330 -0.237662
-0.795184 2.953785 -0.239936
-0.795140 2.958537 -0.242251
-0.780147 2.951600 -0.242108
-0.780006 2.956135 -0.244203
-0.779991 2.960946 -0.246443
-0.764516 2.953341 -0.247001
-0.764387 2.958053 -0.249097
-0.764444 2.962922 -0.251021
-0.780061 2.965879 -0.248655
-0.764643 2.967894 -0.252906
-0.748249 2.959478 -0.254431
-0.748444 2.964359 -0.256315
-0.748931 2.969542 -0.258014
-0.765035 2.972900 -0.254900
-0.732080 2.965717 -0.262972
-0.780626 2.975941 -0.252531
-0.781157 2.980948 -0.254499
-0.795770 2.978641 -0.251381
-0.780239 2.970922 -0.250638
-0.795418 2.973559 -0.249554
-0.795218 2.968463 -0.247306
-0.810071 2.975973 -0.249085
-0.824151 2.978168 -0.249259
-0.810377 2.981118 -0.251193
-0.809894 2.970747 -0.246759
-0.824094 2.973003 -0.246454
-0.809860 2.965732 -0.243747
-0.824179 2.967935 -0.243238
-0.795144 2.963426 -0.244794
-0.809914 2.960722 -0.240936
-0.824333 2.962895 -0.239976
-0.838014 2.964851 -0.239930
-0.837605 2.969820 -0.243578
-0.837387 2.974888 -0.246999
-0.850347 2.971575 -0.244464
-0.849970 2.976516 -0.248213
-0.849931 2.981653 -0.251614
-0.861899 2.977882 -0.250005
-0.861886 2.983082 -0.253520
-0.862481 2.988759 -0.256513
-0.873291 2.984320 -0.255849
-0.874279 2.990084 -0.258826
-0.885548 2.990899 -0.261588
-0.875954 2.996147 -0.260935
-0.887582 2.997127 -0.263665
-0.877547 3.002089 -0.261894
-0.863719 2.994609 -0.258593
-0.865119 3.000419 -0.259756
-0.851131 2.992860 -0.256612
-0.838267 2.990857 -0.254928
-0.850306 2.987160 -0.254538
-0.852311 2.998525 -0.257845
-0.839014 2.996220 -0.256435
-0.825338 2.993742 -0.255251
-0.839539 3.001316 -0.257168
-0.825761 2.998549 -0.256286
-0.811498 2.995915 -0.255975
-0.797217 2.993485 -0.256403
-0.811105 2.991168 -0.254723
-0.796652 2.988659 -0.255037
-0.810724 2.986226 -0.253207
-0.824825 2.988594 -0.253732
-0.796153 2.983710 -0.253297
-0.824397 2.983359 -0.251799
-0.837739 2.985394 -0.252878
-0.837435 2.980065 -0.250111
-0.889552 3.003330 -0.264456
-0.901190 3.004195 -0.267342
-0.891045 3.009240 -0.264334
-0.902907 3.010063 -0.267129
-0.914440 3.010612 -0.270308
-0.912407 3.004840 -0.270536
-0.898899 2.997884 -0.266613
-0.863695 3.026304 -0.247359
-0.860522 3.027772 -0.242953
-0.856333 3.027199 -0.238322
-0.847177 3.023550 -0.245681
-0.844165 3.023460 -0.240726
-0.835345 3.021040 -0.246372
-0.833135 3.021334 -0.241516
-0.823904 3.019102 -0.246875
-0.822351 3.019493 -0.242186
-0.812164 3.017720 -0.247874
-0.800068 3.016808 -0.249579
-0.810843 3.018211 -0.243220
-0.813081 3.015807 -0.251742
-0.800598 3.014587 -0.253417
-0.800355 3.011128 -0.255915
-0.787825 3.013458 -0.255507
-0.787678 3.016029 -0.251857
-0.774959 3.012481 -0.258538
-0.787166 3.009656 -0.257908
-0.774016 3.008363 -0.260792
-0.772375 3.003539 -0.261682
-0.760679 3.007018 -0.264444
-0.747388 3.005851 -0.268943
-0.762118 3.011684 -0.262575
-0.758610 3.001851 -0.265256
-0.756211 2.996448 -0.265029
-0.744859 3.000308 -0.269623
-0.731097 2.999123 -0.274830
-0.742004 2.994462 -0.269403
-0.739351 2.988645 -0.268728
-0.727927 2.992958 -0.274800
-0.714113 2.991918 -0.281107
-0.724726 2.986719 -0.274318
-0.710901 2.985374 -0.280921
-0.696729 2.984555 -0.287878
-0.693664 2.977515 -0.287615
-0.682088 2.983789 -0.294793
-0.700090 2.991293 -0.287881
-0.678956 2.976433 -0.294590
-0.663307 2.975595 -0.301096
-0.659915 2.967463 -0.300666
-0.643278 2.966758 -0.305795
-0.639726 2.957913 -0.304487
-0.626571 2.966487 -0.309983
-0.622731 2.957598 -0.308412
-0.605988 2.957761 -0.312001
-0.601502 2.948628 -0.310068
-0.717477 2.998376 -0.280981
-0.733939 3.004963 -0.274191
-0.749129 3.010911 -0.267298
-0.762361 3.015157 -0.259240
-0.775087 3.015552 -0.255090
-0.799054 3.017723 -0.244956
-0.809310 3.017450 -0.238214
-0.820549 3.018199 -0.237107
-0.830627 3.019682 -0.236241
-0.840265 3.021534 -0.235336
-0.827432 3.015990 -0.230684
-0.579984 2.940231 -0.311360
-0.574516 2.931224 -0.309293
-0.568329 2.922334 -0.307492
-0.574635 2.892080 -0.298575
-0.564667 2.883657 -0.299465
-0.552244 2.886245 -0.302715
-0.554200 2.875329 -0.301194
-0.562934 2.872647 -0.298606
-0.543665 2.867206 -0.303317
-0.543146 2.878010 -0.303970
-0.530769 2.880535 -0.306782
-0.533856 2.869919 -0.305737
-0.522786 2.872526 -0.308245
-0.510136 2.874874 -0.310697
-0.514553 2.864486 -0.310017
-0.502876 2.866859 -0.312080
-0.490503 2.868751 -0.313887
-0.495775 2.858696 -0.313694
-0.484072 2.860658 -0.315202
-0.471938 2.862200 -0.316306
-0.417852 2.866813 -0.316358
-0.411232 2.735862 -0.273522
-0.415769 2.735394 -0.274208
-0.420339 2.734562 -0.275176
-0.425232 2.733004 -0.276504
-0.429596 2.730360 -0.278233
-0.433720 2.727161 -0.280022
-0.437571 2.723495 -0.281937
-0.431611 2.673268 -0.308628
-0.426488 2.670330 -0.306593
-0.421803 2.668282 -0.304495
-0.424831 2.672118 -0.308471
-0.417076 2.669253 -0.290317
-0.412897 2.669468 -0.289529
-0.417277 2.671332 -0.288375
-0.421737 2.671943 -0.289320
-0.413071 2.671225 -0.287664
-0.417066 2.673972 -0.286623
-0.421470 2.674875 -0.287533
-0.413041 2.673660 -0.286150
-0.416743 2.676688 -0.284918
-0.421034 2.677802 -0.285915
-0.412870 2.676285 -0.284625
-0.409370 2.676049 -0.284577
-0.391825 2.730525 -0.308687
-0.391093 2.738757 -0.309079
-0.390729 2.747019 -0.309533
-0.394800 2.739166 -0.311443
-0.394679 2.747397 -0.312002
-0.399023 2.739560 -0.313726
-0.403377 2.740032 -0.315727
-0.399140 2.747842 -0.314346
-0.399781 2.756218 -0.315027
-0.404132 2.748407 -0.316593
-0.409477 2.748879 -0.318707
-0.405108 2.756769 -0.317327
-0.406362 2.765137 -0.317963
-0.410871 2.757224 -0.319520
-0.416557 2.757291 -0.321429
-0.412392 2.765707 -0.320179
-0.414040 2.774564 -0.320626
-0.418553 2.766107 -0.322019
-0.420484 2.775236 -0.322346
-0.422416 2.784579 -0.322420
-0.424706 2.794305 -0.322327
-0.429126 2.784886 -0.323792
-0.415996 2.783773 -0.320849
-0.418190 2.793550 -0.320867
-0.409671 2.782898 -0.318898
-0.407887 2.773938 -0.318500
-0.401946 2.773220 -0.316229
-0.400742 2.764516 -0.315654
-0.395587 2.764051 -0.313216
-0.394885 2.755685 -0.312580
-0.390677 2.755377 -0.310046
-0.431766 2.794648 -0.323534
-0.434616 2.804766 -0.322956
-0.438088 2.794485 -0.324323
-0.441786 2.804713 -0.323656
-0.446109 2.815356 -0.322638
-0.448763 2.804170 -0.324123
-0.453641 2.814652 -0.322928
-0.459414 2.824865 -0.321515
-0.461153 2.813417 -0.322909
-0.467218 2.823352 -0.321318
-0.474502 2.821534 -0.320862
-0.450539 2.825941 -0.321406
-0.438023 2.815426 -0.322116
-0.427389 2.804421 -0.321954
-0.414988 2.749063 -0.320592
-0.408226 2.740500 -0.317755
-0.387287 2.746745 -0.307002
-0.525604 2.837318 -0.307717
-0.531078 2.834637 -0.305617
-0.541642 2.842597 -0.302515
-0.536341 2.832043 -0.303326
-0.526254 2.824115 -0.306524
-0.547096 2.839885 -0.300249
-0.541366 2.829619 -0.300698
-0.531173 2.821743 -0.304113
-0.546154 2.827275 -0.297845
-0.552228 2.837369 -0.297585
-0.557127 2.834881 -0.294664
-0.563631 2.845129 -0.294609
-0.568674 2.842669 -0.291642
-0.558332 2.847746 -0.297237
-0.575610 2.853080 -0.291745
-0.580736 2.850540 -0.288864
-0.588112 2.861274 -0.288930
-0.593513 2.858685 -0.286237
-0.601554 2.869707 -0.286474
-0.606912 2.867133 -0.283699
-0.615513 2.878371 -0.284309
-0.609595 2.881129 -0.286907
-0.629978 2.887295 -0.282460
-0.620856 2.875772 -0.281538
-0.635103 2.884632 -0.279582
-0.625673 2.873375 -0.278306
-0.629496 2.871597 -0.274384
-0.611618 2.864871 -0.280503
-0.639869 2.882125 -0.276274
-0.643576 2.880281 -0.272215
-0.654254 2.891016 -0.274026
-0.649805 2.893616 -0.277415
-0.657506 2.889040 -0.269757
-0.668368 2.899615 -0.270836
-0.664887 2.902253 -0.274549
-0.678662 2.910009 -0.270293
-0.660098 2.905138 -0.277974
-0.644862 2.896368 -0.280496
-0.675186 2.912886 -0.273804
-0.689958 2.920365 -0.267619
-0.704213 2.927220 -0.261314
-0.692579 2.917294 -0.264498
-0.706508 2.924031 -0.258468
-0.720958 2.929870 -0.253074
-0.735781 2.934284 -0.248566
-0.719609 2.933430 -0.255608
-0.736618 2.930598 -0.246301
-0.751079 2.933950 -0.242395
-0.702164 2.930410 -0.264086
-0.639430 2.899166 -0.283393
-0.624210 2.890085 -0.285068
-0.659876 2.887324 -0.265206
-0.646302 2.878933 -0.267663
-0.632263 2.870387 -0.269904
-0.618717 2.861896 -0.272279
-0.615642 2.863104 -0.276601
-0.605435 2.853871 -0.274465
-0.602279 2.854875 -0.278975
-0.592526 2.845818 -0.277015
-0.589332 2.846802 -0.281538
-0.580369 2.837945 -0.279800
-0.577205 2.838902 -0.284363
-0.568580 2.830032 -0.282920
-0.565494 2.831021 -0.287471
-0.557107 2.822481 -0.286227
-0.554258 2.823537 -0.290674
-0.545968 2.815382 -0.289580
-0.543371 2.816230 -0.294116
-0.535168 2.808419 -0.292974
-0.532965 2.808979 -0.297458
-0.525321 2.801159 -0.296315
-0.523305 2.801564 -0.300670
-0.526173 2.801420 -0.291618
-0.516429 2.793517 -0.299553
-0.514698 2.793702 -0.303810
-0.506824 2.785454 -0.306686
-0.512008 2.794440 -0.307563
-0.520525 2.802432 -0.304493
-0.504480 2.785928 -0.310436
-0.508875 2.795495 -0.310925
-0.517001 2.803790 -0.307750
-0.501419 2.786841 -0.313707
-0.504920 2.797086 -0.313674
-0.512877 2.805584 -0.310503
-0.497655 2.788207 -0.316456
-0.521635 2.813761 -0.307274
-0.525970 2.811812 -0.304510
-0.535639 2.819667 -0.301106
-0.529768 2.810224 -0.301152
-0.539902 2.817691 -0.297945
-0.550484 2.825176 -0.294613
-0.561574 2.832709 -0.291363
-0.573279 2.840505 -0.288319
-0.585353 2.848351 -0.285520
-0.598205 2.856534 -0.282872
-0.847758 2.932344 -0.215495
-0.857097 2.927333 -0.210357
-0.425526 2.728724 -0.321984
-0.414552 2.695631 -0.314681
-0.418620 2.697977 -0.316240
-0.465008 2.768993 -0.281348
-0.468835 2.765887 -0.284351
-0.472540 2.762829 -0.287377
-0.474573 2.774098 -0.282653
-0.478046 2.771198 -0.285880
-0.480944 2.782150 -0.280512
-0.484447 2.779451 -0.283743
-0.481333 2.768458 -0.289137
-0.475767 2.759930 -0.290517
-0.470647 2.751113 -0.291512
-0.478448 2.757250 -0.293929
-0.473307 2.748220 -0.294592
-0.475318 2.745615 -0.297999
-0.703179 2.964175 -0.205741
-0.711597 2.993285 -0.222969
-0.688643 2.987729 -0.225017
-0.697989 2.994611 -0.227647
-0.684822 2.995512 -0.232332
-0.706012 3.000724 -0.230852
-0.719666 2.999148 -0.226199
-0.693099 3.001931 -0.235524
-0.680205 3.002952 -0.240399
-0.733189 2.997077 -0.221855
-0.726525 3.004447 -0.229859
-0.739991 3.002175 -0.225511
-0.753350 2.999753 -0.221561
-0.746791 2.994586 -0.217773
-0.731519 3.018712 -0.254706
-0.715192 3.018395 -0.254880
-0.718711 3.019778 -0.260517
-0.702229 3.019731 -0.260632
-0.688944 3.020854 -0.266180
-0.705548 3.020749 -0.266513
-0.707864 3.020112 -0.272173
-0.692136 3.021696 -0.272398
-0.694253 3.020866 -0.278293
-0.678363 3.022598 -0.278016
-0.680022 3.021490 -0.284230
-0.663900 3.023010 -0.283001
-0.675655 3.021904 -0.271411
-0.661829 3.022589 -0.276247
-0.671864 3.019531 -0.264903
-0.658828 3.020557 -0.269496
-0.647743 3.022847 -0.280590
-0.649084 3.023032 -0.287382
-0.633774 3.022752 -0.291272
-0.618921 3.022348 -0.294479
-0.665112 3.021781 -0.289378
-0.680786 3.018749 -0.289636
-0.695263 3.018347 -0.283648
-0.680200 3.014573 -0.294066
-0.678620 3.009459 -0.297247
-0.695284 3.014477 -0.288083
-0.709196 3.017927 -0.277351
-0.721202 3.019489 -0.266043
-0.542022 3.014348 -0.318766
-0.552517 3.009500 -0.321325
-0.538719 3.009667 -0.321930
-0.549589 3.003887 -0.323085
-0.566860 3.009507 -0.320424
-0.581682 3.009591 -0.319212
-0.564055 3.003795 -0.322137
-0.578905 3.003818 -0.321115
-0.561224 2.997495 -0.322943
-0.558302 2.990987 -0.323266
-0.546671 2.997670 -0.323814
-0.576165 2.997420 -0.321647
-0.543628 2.991244 -0.324248
-0.532749 2.998026 -0.324267
-0.535781 3.004041 -0.323491
-0.529673 2.991614 -0.324720
-0.597185 3.009791 -0.317406
-0.660084 3.003780 -0.304935
-0.640588 2.997377 -0.310875
-0.543390 2.960863 -0.322279
-0.532634 3.013143 -0.282690
-0.547212 3.014683 -0.280992
-0.532682 3.010581 -0.278082
-0.531121 3.007163 -0.274135
-0.546866 3.011700 -0.276090
-0.557813 3.011345 -0.274213
-0.544669 3.007658 -0.272070
-0.538232 3.002123 -0.269515
-0.555223 3.006564 -0.270183
-0.563988 3.004912 -0.268431
-0.549159 3.000855 -0.267742
-0.538962 2.994325 -0.266692
-0.557682 2.998712 -0.266112
-0.566223 2.996617 -0.264312
-0.548341 2.992057 -0.264987
-0.536606 2.985182 -0.265063
-0.556028 2.989332 -0.263503
-0.543613 2.981790 -0.263943
-0.564137 2.986843 -0.261760
-0.572942 2.984678 -0.259513
-0.526085 2.987651 -0.266792
-0.522875 2.978400 -0.266126
-0.512164 2.981073 -0.267650
-0.507906 2.971680 -0.267915
-0.497314 2.974625 -0.269108
-0.481510 2.968316 -0.270930
-0.514412 2.989007 -0.268379
-0.527234 2.995524 -0.268460
-0.517389 2.996690 -0.269482
-0.526812 3.002648 -0.270959
-0.567460 3.010580 -0.272213
-0.558534 3.014997 -0.279299
-0.366315 2.864071 -0.315026
-0.364896 2.859329 -0.314057
-0.363431 2.855262 -0.312871
-0.362065 2.851546 -0.311318
-0.359708 2.857881 -0.289906
-0.366450 2.853097 -0.289415
-0.361671 2.860944 -0.288402
-0.363902 2.864299 -0.287155
-0.369421 2.856790 -0.287924
-0.372403 2.860448 -0.286773
-0.376976 2.853943 -0.287126
-0.380630 2.857506 -0.285855
-0.373354 2.850386 -0.288725
-0.382757 2.849943 -0.285730
-0.387091 2.853430 -0.284107
-0.386975 2.844993 -0.284254
-0.378488 2.846480 -0.287742
-0.391716 2.848122 -0.282168
-0.396834 2.851082 -0.280336
-0.394823 2.841912 -0.280240
-0.400374 2.844594 -0.278056
-0.406792 2.847780 -0.275905
-0.402357 2.838525 -0.276251
-0.409091 2.841610 -0.273859
-0.416199 2.844350 -0.271327
-0.413695 2.851202 -0.273699
-0.425153 2.846347 -0.268240
-0.438208 2.847219 -0.263763
-0.423593 2.837503 -0.267567
-0.425670 2.855696 -0.269704
-0.415534 2.861673 -0.274663
-0.443978 2.855343 -0.262856
-0.438202 2.864751 -0.266508
-0.425344 2.867527 -0.272010
-0.453890 2.863411 -0.260782
-0.450138 2.872813 -0.263778
-0.436902 2.875184 -0.269150
-0.464591 2.870900 -0.258329
-0.462718 2.880574 -0.260753
-0.476471 2.878187 -0.255598
-0.475963 2.888093 -0.257767
-0.449407 2.883026 -0.266132
-0.437463 2.886289 -0.271104
-0.462754 2.890712 -0.263113
-0.476870 2.898326 -0.260080
-0.450288 2.893816 -0.268214
-0.438488 2.897699 -0.272825
-0.464073 2.901291 -0.265358
-0.451837 2.904904 -0.270233
-0.478946 2.908803 -0.262392
-0.466578 2.912250 -0.267442
-0.440163 2.909264 -0.273966
-0.426744 2.902205 -0.276219
-0.414910 2.895380 -0.278095
-0.403096 2.899958 -0.279417
-0.405085 2.888902 -0.279756
-0.426485 2.890805 -0.275292
-0.415971 2.884205 -0.277444
-0.425974 2.879144 -0.273717
-0.406421 2.877749 -0.279449
-0.396749 2.882791 -0.281215
-0.415917 2.872536 -0.276156
-0.399065 2.872474 -0.281061
-0.389153 2.876673 -0.282604
-0.394087 2.868824 -0.282299
-0.407910 2.867557 -0.278256
-0.402266 2.864109 -0.279822
-0.408387 2.857907 -0.276859
-0.396886 2.860542 -0.281295
-0.391763 2.856926 -0.282691
-0.402341 2.854381 -0.278680
-0.389375 2.865014 -0.283488
-0.379677 2.868227 -0.284795
-0.384780 2.861193 -0.284662
-0.375840 2.864304 -0.285728
-0.366467 2.867733 -0.285999
-0.370068 2.871900 -0.284883
-0.374300 2.876230 -0.283817
-0.384214 2.872434 -0.283720
-0.379119 2.880831 -0.282822
-0.386392 2.887193 -0.281665
-0.394070 2.893418 -0.280549
-0.489308 2.885561 -0.252724
-0.489154 2.875527 -0.251395
-0.477732 2.868528 -0.253985
-0.467194 2.861343 -0.256393
-0.488943 2.865412 -0.250961
-0.478263 2.858422 -0.253429
-0.487988 2.854824 -0.251538
-0.468417 2.851264 -0.255619
-0.457795 2.853978 -0.258390
-0.459364 2.843706 -0.257792
-0.477891 2.847743 -0.253993
-0.468439 2.840416 -0.256405
-0.476867 2.836638 -0.255863
-0.459692 2.832742 -0.258736
-0.467777 2.829124 -0.258376
-0.451249 2.835758 -0.259825
-0.442752 2.837870 -0.261789
-0.449901 2.846101 -0.260100
-0.433271 2.838462 -0.264526
-0.388440 2.811527 -0.280127
-0.384519 2.809655 -0.283812
-0.385807 2.817196 -0.283820
-0.382555 2.815139 -0.288138
-0.382995 2.821899 -0.288245
-0.381078 2.820242 -0.293011
-0.380561 2.826423 -0.293235
-0.380681 2.825784 -0.297956
-0.378966 2.831442 -0.298293
-0.380704 2.832362 -0.302359
-0.377084 2.837197 -0.303007
-0.372250 2.840745 -0.303364
3 1054 2 0
3 1054 0 1
3 6 1 0
3 0 4 5
3 0 5 6
3 2 167 166
3 166 3 0
3 166 0 2
3 3 4 0
3 6 5 7
3 6 7 8
3 6 8 9
3 11 1056 9
3 9 8 10
3 9 10 11
3 11 10 12
3 11 12 13
3 14 13 12
3 15 16 1061
3 1061 13 14
3 1061 14 15
3 16 15 17
3 1064 16 17
3 17 18 19
3 17 19 1064
3 18 20 19
3 22 1066 19
3 19 20 21
3 19 21 22
3 23 22 21
3 24 25 1072
3 1072 22 23
3 1072 23 24
3 25 24 26
3 27 28 1074
3 1074 25 26
3 1074 26 27
3 29 28 27
3 30 31 28
3 30 28 29
3 32 33 1080
3 1080 31 30
3 1080 30 32
3 34 33 32
3 35 36 33
3 35 33 34
3 37 38 36
3 37 36 35
3 39 40 38
3 39 38 37
3 42 40 39
3 42 39 41
3 42 41 43
3 3611 42 43
3 43 44 45
3 43 45 3611
3 46 47 45
3 46 45 44
3 48 49 47
3 48 47 46
3 50 49 48
3 51 52 49
3 51 49 50
3 51 53 54
3 54 3601 52
3 54 52 51
3 55 54 53
3 56 57 3593
3 3593 54 55
3 3593 55 56
3 56 58 57
3 57 58 59
3 59 60 3595
3 59 3595 57
3 59 61 60
3 62 63 60
3 62 60 61
3 64 65 63
3 64 63 62
3 68 65 64
3 64 66 67
3 64 67 68
3 67 69 70
3 67 70 68
3 72 3561 70
3 70 69 71
3 70 71 72
3 71 73 72
3 74 75 72
3 74 72 73
3 76 77 75
3 76 75 74
3 76 78 77
3 77 78 79
3 79 80 3554
3 79 3554 77
3 82 80 79
3 82 79 81
3 82 81 83
3 82 83 84
3 85 86 84
3 85 84 83
3 87 86 85
3 86 87 88
3 88 89 3546
3 88 3546 86
3 91 89 88
3 91 88 90
3 91 90 92
3 91 92 93
3 94 95 93
3 94 93 92
3 96 95 94
3 96 97 98
3 98 4075 95
3 98 95 96
3 100 98 97
3 100 97 99
3 100 99 101
3 102 103 4079
3 4079 100 101
3 4079 101 102
3 103 102 104
3 104 105 106
3 104 106 103
3 105 107 108
3 105 108 106
3 110 108 107
3 110 107 109
3 111 112 110
3 111 110 109
3 111 113 114
3 111 114 112
3 116 114 113
3 116 113 115
3 117 118 116
3 117 116 115
3 117 119 120
3 117 120 118
3 122 120 119
3 122 119 121
3 122 121 123
3 122 123 124
3 125 126 124
3 125 124 123
3 128 126 125
3 128 125 127
3 128 127 129
3 128 129 130
3 130 129 131
3 130 131 132
3 132 131 133
3 132 133 134
3 134 133 135
3 134 135 136
3 137 138 136
3 137 136 135
3 139 140 138
3 139 138 137
3 140 139 141
3 140 141 142
3 143 144 142
3 143 142 141
3 145 144 143
3 144 145 146
3 146 147 2784
3 146 2784 144
3 148 149 147
3 148 147 146
3 149 148 150
3 149 150 151
3 152 153 151
3 152 151 150
3 154 155 153
3 154 153 152
3 156 155 154
3 158 2771 155
3 155 156 157
3 155 157 158
3 160 158 157
3 160 157 159
3 161 162 160
3 161 160 159
3 161 163 164
3 164 170 162
3 164 162 161
3 165 164 163
3 167 164 165
3 167 165 166
3 168 170 164
3 168 164 167
3 168 167 2
3 168 2 171
3 4276 170 168
3 4276 168 169
3 168 171 173
3 168 173 169
3 175 173 171
3 175 171 172
3 172 171 2
3 172 2 1054
3 174 4330 169
3 174 169 173
3 174 173 175
3 174 175 176
3 175 172 178
3 175 178 177
3 175 177 180
3 175 180 176
3 179 177 178
3 179 178 1046
3 181 180 177
3 181 177 179
3 182 180 181
3 182 181 183
3 182 184 176
3 182 176 180
3 182 183 187
3 182 187 185
3 188 184 182
3 188 182 185
3 188 185 186
3 188 186 190
3 1034 186 185
3 1034 185 187
3 188 189 4331
3 188 4331 184
3 191 189 188
3 191 188 190
3 194 192 190
3 194 190 186
3 195 191 190
3 195 190 192
3 195 192 193
3 195 193 197
3 1029 193 192
3 1029 192 194
3 195 196 4327
3 195 4327 191
3 199 196 195
3 199 195 197
3 199 197 198
3 199 198 201
3 1027 198 197
3 1027 197 193
3 202 200 199
3 202 199 201
3 199 200 4326
3 199 4326 196
3 204 203 201
3 204 201 198
3 205 202 201
3 205 201 203
3 208 206 203
3 208 203 204
3 209 205 203
3 209 203 206
3 209 206 207
3 209 207 211
3 4551 207 206
3 4551 206 208
3 209 210 4324
3 209 4324 205
3 213 210 209
3 213 209 211
3 213 211 212
3 213 212 215
3 4578 212 211
3 4578 211 207
3 213 214 4323
3 213 4323 210
3 217 214 213
3 217 213 215
3 217 215 216
3 217 216 219
3 4577 216 215
3 4577 215 212
3 217 218 4322
3 217 4322 214
3 221 218 217
3 221 217 219
3 221 219 220
3 221 220 223
3 4576 220 219
3 4576 219 216
3 221 222 4321
3 221 4321 218
3 225 222 221
3 225 221 223
3 225 223 224
3 225 224 227
3 4575 224 223
3 4575 223 220
3 225 226 4311
3 225 4311 222
3 229 226 225
3 229 225 227
3 229 227 228
3 229 228 231
3 4596 228 227
3 4596 227 224
3 229 230 4310
3 229 4310 226
3 233 230 229
3 233 229 231
3 233 231 232
3 233 232 235
3 4597 232 231
3 4597 231 228
3 233 234 4313
3 233 4313 230
3 236 234 233
3 236 233 235
3 239 237 235
3 239 235 232
3 240 236 235
3 240 235 237
3 240 237 238
3 240 238 242
3 946 238 237
3 946 237 239
3 240 241 4317
3 240 4317 236
3 244 241 240
3 244 240 242
3 244 242 243
3 244 243 246
3 943 243 242
3 943 242 238
3 244 245 4319
3 244 4319 241
3 248 245 244
3 248 244 246
3 248 246 247
3 248 247 249
3 940 247 246
3 940 246 243
3 248 250 251
3 248 251 245
3 253 250 248
3 253 248 249
3 4332 251 250
3 4332 250 252
3 255 252 250
3 255 250 253
3 255 253 254
3 255 254 256
3 253 249 4598
3 253 4598 254
3 257 255 256
3 257 256 258
3 257 259 252
3 257 252 255
3 260 257 258
3 260 258 262
3 260 261 259
3 260 259 257
3 260 263 265
3 260 265 261
3 266 263 260
3 266 260 262
3 2688 265 263
3 2688 263 264
3 266 268 264
3 266 264 263
3 266 262 918
3 266 918 267
3 270 268 266
3 270 266 267
3 2684 264 268
3 2684 268 269
3 270 272 269
3 270 269 268
3 270 267 901
3 270 901 271
3 274 272 270
3 274 270 271
3 2680 269 272
3 2680 272 273
3 274 276 273
3 274 273 272
3 274 271 899
3 274 899 275
3 278 276 274
3 278 274 275
3 2676 273 276
3 2676 276 277
3 278 280 277
3 278 277 276
3 278 275 916
3 278 916 279
3 282 280 278
3 282 278 279
3 2672 277 280
3 2672 280 281
3 282 284 281
3 282 281 280
3 283 282 279
3 283 279 914
3 283 286 284
3 283 284 282
3 287 285 284
3 287 284 286
3 285 2668 281
3 285 281 284
3 289 287 286
3 289 286 288
3 290 288 286
3 290 286 283
3 289 288 291
3 289 291 294
3 293 291 288
3 293 288 290
3 292 295 294
3 292 294 291
3 292 291 293
3 292 293 666
3 296 294 295
3 296 295 297
3 296 298 289
3 296 289 294
3 299 296 297
3 299 297 300
3 299 301 298
3 299 298 296
3 302 299 300
3 302 300 303
3 302 304 301
3 302 301 299
3 302 303 306
3 302 306 305
3 308 304 302
3 308 302 305
3 432 307 305
3 432 305 306
3 308 305 307
3 308 307 309
3 310 308 309
3 310 309 311
3 310 312 304
3 310 304 308
3 313 310 311
3 313 311 314
3 313 315 312
3 313 312 310
3 316 313 314
3 316 314 319
3 316 317 315
3 316 315 313
3 316 318 2655
3 316 2655 317
3 321 318 316
3 321 316 319
3 424 320 319
3 424 319 314
3 321 319 320
3 321 320 323
3 321 322 2653
3 321 2653 318
3 325 322 321
3 325 321 323
3 421 324 323
3 421 323 320
3 325 323 324
3 325 324 327
3 325 326 2651
3 325 2651 322
3 329 326 325
3 329 325 327
3 418 328 327
3 418 327 324
3 329 327 328
3 329 328 331
3 329 330 2649
3 329 2649 326
3 333 330 329
3 333 329 331
3 415 332 331
3 415 331 328
3 333 331 332
3 333 332 335
3 333 334 2647
3 333 2647 330
3 337 334 333
3 337 333 335
3 412 336 335
3 412 335 332
3 337 335 336
3 337 336 339
3 337 338 2645
3 337 2645 334
3 341 338 337
3 341 337 339
3 409 340 339
3 409 339 336
3 341 339 340
3 341 340 343
3 341 342 2643
3 341 2643 338
3 344 342 341
3 344 341 343
3 346 345 343
3 346 343 340
3 344 343 345
3 344 345 347
3 348 345 346
3 348 346 349
3 348 350 347
3 348 347 345
3 348 349 352
3 348 352 351
3 353 350 348
3 353 348 351
3 355 354 351
3 355 351 352
3 353 351 354
3 353 354 356
3 357 354 355
3 357 355 358
3 357 360 356
3 357 356 354
3 357 358 396
3 357 396 359
3 362 360 357
3 362 357 359
3 2640 356 360
3 2640 360 361
3 362 363 361
3 362 361 360
3 362 359 365
3 362 365 364
3 367 363 362
3 367 362 364
3 391 366 364
3 391 364 365
3 367 364 366
3 367 366 369
3 371 368 367
3 371 367 369
3 367 368 2642
3 367 2642 363
3 388 370 369
3 388 369 366
3 371 369 370
3 371 370 372
3 376 373 371
3 376 371 372
3 371 373 375
3 371 375 368
3 2517 375 373
3 2517 373 374
3 376 377 374
3 376 374 373
3 376 372 381
3 376 381 378
3 379 377 376
3 379 376 378
3 379 378 380
3 379 380 4353
3 382 380 378
3 382 378 381
3 383 381 372
3 383 372 370
3 382 381 383
3 382 383 384
3 383 370 388
3 383 388 385
3 383 385 386
3 383 386 384
3 1640 386 385
3 1640 385 387
3 388 389 387
3 388 387 385
3 388 366 391
3 388 391 389
3 1641 387 389
3 1641 389 390
3 391 392 390
3 391 390 389
3 391 365 394
3 391 394 392
3 1644 390 392
3 1644 392 393
3 394 395 393
3 394 393 392
3 394 396 397
3 394 397 395
3 394 365 359
3 394 359 396
3 397 396 358
3 397 358 399
3 397 398 485
3 397 485 395
3 397 399 400
3 397 400 398
3 400 399 401
3 400 401 402
3 355 401 399
3 355 399 358
3 403 404 402
3 403 402 401
3 355 352 403
3 355 403 401
3 403 405 406
3 403 406 404
3 403 352 349
3 403 349 405
3 406 405 407
3 406 407 408
3 346 407 405
3 346 405 349
3 409 410 408
3 409 408 407
3 346 340 409
3 346 409 407
3 409 336 412
3 409 412 410
3 4733 408 410
3 4733 410 411
3 412 413 411
3 412 411 410
3 412 332 415
3 412 415 413
3 4735 411 413
3 4735 413 414
3 415 416 414
3 415 414 413
3 415 328 418
3 415 418 416
3 4737 414 416
3 4737 416 417
3 418 419 417
3 418 417 416
3 418 324 421
3 418 421 419
3 4739 417 419
3 4739 419 420
3 421 422 420
3 421 420 419
3 421 320 424
3 421 424 422
3 4741 420 422
3 4741 422 423
3 424 425 423
3 424 423 422
3 424 314 311
3 424 311 425
3 425 426 427
3 425 427 423
3 425 311 309
3 425 309 426
3 426 428 429
3 426 429 427
3 426 309 307
3 426 307 428
3 428 430 433
3 428 433 429
3 428 307 432
3 428 432 430
3 435 433 430
3 435 430 431
3 432 4634 431
3 432 431 430
3 4743 429 433
3 4743 433 434
3 434 433 435
3 434 435 436
3 435 437 440
3 435 440 436
3 435 431 438
3 435 438 437
3 438 646 439
3 438 439 437
3 441 440 437
3 441 437 439
3 442 444 436
3 442 436 440
3 442 440 441
3 442 441 443
3 442 443 446
3 442 446 445
3 448 444 442
3 448 442 445
3 639 447 445
3 639 445 446
3 448 445 447
3 448 447 449
3 450 448 449
3 450 449 451
3 450 452 444
3 450 444 448
3 453 450 451
3 453 451 454
3 453 455 452
3 453 452 450
3 456 453 454
3 456 454 459
3 456 457 455
3 456 455 453
3 456 458 4740
3 456 4740 457
3 461 458 456
3 461 456 459
3 461 459 460
3 461 460 463
3 4647 460 459
3 4647 459 454
3 461 462 4738
3 461 4738 458
3 465 462 461
3 465 461 463
3 465 463 464
3 465 464 467
3 4646 464 463
3 4646 463 460
3 465 466 4736
3 465 4736 462
3 469 466 465
3 469 465 467
3 469 467 468
3 469 468 471
3 4650 468 467
3 4650 467 464
3 469 470 4734
3 469 4734 466
3 473 470 469
3 473 469 471
3 473 471 472
3 473 472 475
3 4653 472 471
3 4653 471 468
3 473 474 4732
3 473 4732 470
3 476 474 473
3 476 473 475
3 478 477 475
3 478 475 472
3 476 475 477
3 476 477 479
3 480 477 478
3 480 478 481
3 480 483 479
3 480 479 477
3 480 481 4659
3 480 4659 482
3 484 483 480
3 484 480 482
3 484 485 398
3 484 398 483
3 400 479 483
3 400 483 398
3 488 485 484
3 488 484 486
3 484 482 487
3 484 487 486
3 490 489 486
3 490 486 487
3 488 486 489
3 488 489 491
3 492 489 490
3 492 490 493
3 492 494 491
3 492 491 489
3 492 493 496
3 492 496 495
3 497 494 492
3 497 492 495
3 499 498 495
3 499 495 496
3 497 495 498
3 497 498 500
3 501 498 499
3 501 499 502
3 501 504 500
3 501 500 498
3 501 502 547
3 501 547 503
3 506 504 501
3 506 501 503
3 1638 500 504
3 1638 504 505
3 506 507 505
3 506 505 504
3 506 503 509
3 506 509 508
3 511 507 506
3 511 506 508
3 521 510 508
3 521 508 509
3 513 511 508
3 513 508 510
3 511 512 1637
3 511 1637 507
3 513 514 512
3 513 512 511
3 515 516 514
3 515 514 513
3 515 513 510
3 515 510 518
3 517 4524 516
3 517 516 515
3 517 515 518
3 517 518 519
3 521 520 518
3 521 518 510
3 518 520 523
3 518 523 519
3 521 545 522
3 521 522 520
3 525 523 520
3 525 520 522
3 525 526 524
3 525 524 523
3 524 4529 519
3 524 519 523
3 525 527 528
3 525 528 526
3 529 527 525
3 529 525 522
3 531 528 527
3 531 527 530
3 529 532 530
3 529 530 527
3 531 530 533
3 531 533 535
3 533 530 532
3 533 532 536
3 533 534 1552
3 533 1552 535
3 533 536 537
3 533 537 534
3 537 536 538
3 537 538 539
3 541 538 536
3 541 536 532
3 540 1551 539
3 540 539 538
3 540 538 541
3 540 541 542
3 541 543 544
3 541 544 542
3 541 532 529
3 541 529 543
3 546 544 543
3 546 543 545
3 529 522 545
3 529 545 543
3 546 545 521
3 546 521 509
3 546 509 503
3 546 503 547
3 548 544 546
3 548 546 547
3 548 547 502
3 548 502 549
3 551 550 548
3 551 548 549
3 548 550 542
3 548 542 544
3 551 554 552
3 551 552 550
3 540 542 550
3 540 550 552
3 553 1551 540
3 553 540 552
3 553 552 554
3 553 554 556
3 555 557 556
3 555 556 554
3 555 554 551
3 555 551 4725
3 558 559 553
3 558 553 556
3 558 556 557
3 558 557 560
3 558 561 563
3 558 563 559
3 564 561 558
3 564 558 560
3 1512 563 561
3 1512 561 562
3 564 565 562
3 564 562 561
3 569 565 564
3 569 564 566
3 564 560 567
3 564 567 566
3 567 4717 568
3 567 568 566
3 569 566 568
3 569 568 570
3 574 571 569
3 574 569 570
3 569 571 573
3 569 573 565
3 574 575 572
3 574 572 571
3 1513 573 571
3 1513 571 572
3 574 570 578
3 574 578 576
3 579 575 574
3 579 574 576
3 578 4713 577
3 578 577 576
3 579 576 577
3 579 577 581
3 579 580 1516
3 579 1516 575
3 582 580 579
3 582 579 581
3 585 583 581
3 585 581 577
3 586 582 581
3 586 581 583
3 587 586 583
3 587 583 584
3 585 4675 584
3 585 584 583
3 587 591 588
3 587 588 586
3 586 588 589
3 586 589 582
3 1521 589 588
3 1521 588 590
3 591 592 590
3 591 590 588
3 587 594 593
3 587 593 591
3 595 592 591
3 595 591 593
3 596 593 594
3 596 594 597
3 595 593 596
3 595 596 598
3 596 597 602
3 596 602 599
3 596 599 600
3 596 600 598
3 756 600 599
3 756 599 601
3 602 604 601
3 602 601 599
3 602 603 605
3 602 605 604
3 602 597 4681
3 602 4681 603
3 607 601 604
3 607 604 606
3 605 609 606
3 605 606 604
3 750 607 606
3 750 606 608
3 609 610 608
3 609 608 606
3 605 613 611
3 605 611 609
3 609 611 612
3 609 612 610
3 614 617 618
3 618 612 611
3 618 611 614
3 616 614 611
3 616 611 613
3 617 614 615
3 617 615 619
3 4685 615 614
3 4685 614 616
3 620 619 615
3 620 615 621
3 620 621 623
3 620 623 622
3 625 624 622
3 625 622 623
3 625 627 626
3 625 626 624
3 626 627 629
3 626 629 628
3 631 630 628
3 631 628 629
3 631 633 632
3 631 632 630
3 632 633 635
3 632 635 634
3 634 635 637
3 634 637 636
3 639 638 636
3 639 636 637
3 639 446 640
3 639 640 638
3 640 446 443
3 640 443 641
3 441 642 641
3 441 641 443
3 441 439 643
3 441 643 642
3 643 439 646
3 643 646 644
3 645 644 646
3 646 647 650
3 646 650 645
3 438 648 647
3 438 647 646
3 649 647 648
3 648 652 651
3 648 651 649
3 647 649 650
3 651 652 654
3 651 654 653
3 653 654 656
3 653 656 655
3 655 656 657
3 656 4631 659
3 659 658 657
3 659 657 656
3 659 661 660
3 659 660 658
3 661 663 662
3 661 662 660
3 662 663 664
3 663 292 666
3 666 665 664
3 666 664 663
3 666 668 667
3 666 667 665
3 667 668 670
3 667 670 669
3 671 669 670
3 670 673 672
3 670 672 671
3 672 673 675
3 672 675 674
3 674 675 676
3 676 675 915
3 915 678 677
3 915 677 676
3 677 678 680
3 677 680 679
3 679 680 681
3 681 680 886
3 886 885 683
3 683 682 681
3 886 683 681
3 683 684 682
3 684 683 686
3 684 686 685
3 687 685 686
3 686 882 688
3 686 688 687
3 687 688 690
3 687 690 689
3 689 690 691
3 690 877 693
3 693 692 691
3 693 691 690
3 693 695 694
3 693 694 692
3 696 694 695
3 696 695 697
3 696 697 699
3 696 699 698
3 699 701 700
3 699 700 698
3 702 700 701
3 702 701 703
3 702 703 705
3 702 705 704
3 705 707 706
3 705 706 704
3 708 706 707
3 708 707 709
3 708 709 711
3 708 711 710
3 711 713 712
3 711 712 710
3 714 712 713
3 714 713 715
3 717 716 714
3 717 714 715
3 717 719 718
3 717 718 716
3 720 718 719
3 720 719 721
3 720 721 723
3 720 723 722
3 723 725 724
3 723 724 722
3 724 725 727
3 724 727 726
3 726 727 728
3 729 728 727
3 727 4627 730
3 727 730 729
3 729 730 731
3 4625 733 732
3 732 731 730
3 732 730 4625
3 733 735 734
3 733 734 732
3 737 736 734
3 737 734 735
3 737 738 736
3 737 4624 740
3 740 739 738
3 740 738 737
3 741 739 740
3 751 743 742
3 742 741 740
3 742 740 751
3 743 745 744
3 743 744 742
3 747 746 744
3 747 744 745
3 747 748 746
3 747 610 612
3 612 749 748
3 612 748 747
3 618 749 612
3 610 747 745
3 610 745 608
3 750 608 745
3 750 745 743
3 750 743 751
3 750 751 753
3 752 751 740
3 752 740 4624
3 752 754 753
3 752 753 751
3 755 607 750
3 755 750 753
3 755 753 754
3 755 754 757
3 758 756 755
3 758 755 757
3 755 756 601
3 755 601 607
3 760 759 757
3 760 757 754
3 758 757 759
3 758 759 761
3 762 759 760
3 762 760 763
3 762 765 761
3 762 761 759
3 762 763 4616
3 762 4616 764
3 766 765 762
3 766 762 764
3 766 769 767
3 766 767 765
3 768 761 765
3 768 765 767
3 770 771 768
3 770 768 767
3 770 767 769
3 770 769 772
3 770 773 774
3 770 774 771
3 775 773 770
3 775 770 772
3 773 776 777
3 773 777 774
3 775 778 776
3 775 776 773
3 780 777 776
3 780 776 779
3 781 779 776
3 781 776 778
3 783 780 779
3 783 779 782
3 781 784 782
3 781 782 779
3 786 783 782
3 786 782 785
3 784 787 785
3 784 785 782
3 788 790 786
3 788 786 785
3 788 785 787
3 788 787 791
3 792 789 788
3 792 788 791
3 788 789 1371
3 788 1371 790
3 792 791 793
3 792 793 794
3 796 793 791
3 796 791 787
3 795 4539 794
3 795 794 793
3 796 797 795
3 796 795 793
3 796 798 800
3 796 800 797
3 784 798 796
3 784 796 787
3 781 799 798
3 781 798 784
3 801 800 798
3 801 798 799
3 802 804 797
3 802 797 800
3 802 800 801
3 802 801 805
3 806 803 802
3 806 802 805
3 802 803 4545
3 802 4545 804
3 806 805 807
3 806 807 809
3 801 810 807
3 801 807 805
3 808 807 810
3 808 810 811
3 808 1002 809
3 808 809 807
3 812 813 811
3 812 811 810
3 801 799 812
3 801 812 810
3 812 799 781
3 812 781 778
3 812 778 775
3 812 775 813
3 816 811 813
3 816 813 814
3 775 772 814
3 775 814 813
3 815 814 772
3 815 772 769
3 816 814 815
3 816 815 817
3 816 817 820
3 816 820 818
3 808 811 816
3 808 816 818
3 819 1002 808
3 819 808 818
3 819 818 820
3 819 820 821
3 822 820 817
3 822 817 824
3 822 823 821
3 822 821 820
3 828 823 822
3 828 822 825
3 822 824 827
3 822 827 825
3 828 825 826
3 828 826 829
3 827 4612 826
3 827 826 825
3 831 830 828
3 831 828 829
3 828 830 832
3 828 832 823
3 831 836 833
3 831 833 830
3 834 832 830
3 834 830 833
3 835 991 834
3 835 834 833
3 835 833 836
3 835 836 837
3 838 836 831
3 838 831 840
3 838 841 837
3 838 837 836
3 839 843 841
3 839 841 838
3 839 838 840
3 839 840 4630
3 842 985 837
3 842 837 841
3 842 841 843
3 842 843 844
3 845 847 844
3 845 844 843
3 845 843 839
3 845 839 846
3 845 846 849
3 845 849 848
3 850 847 845
3 850 845 848
3 850 848 715
3 850 715 713
3 717 715 848
3 717 848 849
3 711 851 850
3 711 850 713
3 850 851 852
3 850 852 847
3 854 852 851
3 854 851 853
3 711 709 853
3 711 853 851
3 855 856 854
3 855 854 853
3 855 853 709
3 855 709 707
3 855 857 858
3 855 858 856
3 705 857 855
3 705 855 707
3 861 862 858
3 858 857 859
3 858 859 861
3 705 703 859
3 705 859 857
3 860 859 703
3 860 703 701
3 860 863 861
3 860 861 859
3 863 864 862
3 863 862 861
3 860 867 865
3 860 865 863
3 865 866 864
3 865 864 863
3 869 866 865
3 869 865 868
3 865 867 870
3 865 870 868
3 868 871 873
3 868 873 869
3 871 868 870
3 871 870 697
3 871 697 695
3 693 874 871
3 693 871 695
3 871 872 931
3 871 931 873
3 874 872 871
3 875 876 872
3 875 872 874
3 877 875 874
3 877 874 693
3 878 879 929
3 929 876 875
3 929 875 878
3 875 877 878
3 879 878 880
3 879 880 881
3 880 878 877
3 877 690 688
3 688 881 880
3 877 688 880
3 882 883 884
3 884 879 881
3 884 881 882
3 881 688 882
3 686 883 882
3 883 885 887
3 883 887 884
3 683 885 883
3 683 883 686
3 887 885 886
3 887 886 888
3 892 889 887
3 892 887 888
3 884 887 889
3 884 889 890
3 891 924 890
3 891 890 889
3 892 894 891
3 892 891 889
3 905 893 892
3 905 892 888
3 892 893 896
3 892 896 894
3 891 894 895
3 891 895 922
3 897 895 894
3 897 894 896
3 898 901 897
3 898 897 896
3 898 896 893
3 898 893 900
3 898 899 271
3 898 271 901
3 902 899 898
3 902 898 900
3 897 901 267
3 897 267 918
3 905 903 900
3 905 900 893
3 902 900 903
3 902 903 906
3 917 904 903
3 917 903 905
3 903 904 908
3 903 908 906
3 907 916 902
3 907 902 906
3 910 907 906
3 910 906 908
3 909 911 910
3 909 910 908
3 909 908 904
3 909 904 915
3 911 913 912
3 911 912 910
3 910 912 914
3 910 914 907
3 293 290 912
3 293 912 913
3 290 283 914
3 290 914 912
3 907 914 279
3 907 279 916
3 293 913 668
3 293 668 666
3 911 670 668
3 911 668 913
3 909 673 670
3 909 670 911
3 675 673 909
3 675 909 915
3 917 678 915
3 917 915 904
3 902 916 275
3 902 275 899
3 917 905 888
3 917 888 886
3 680 678 917
3 680 917 886
3 897 918 919
3 897 919 895
3 919 918 262
3 919 262 258
3 919 920 922
3 919 922 895
3 919 258 256
3 919 256 920
3 920 921 923
3 920 923 922
3 920 256 254
3 920 254 921
3 891 922 923
3 891 923 924
3 921 927 925
3 921 925 923
3 924 923 925
3 924 925 928
3 928 925 926
3 928 926 930
3 927 936 926
3 927 926 925
3 928 930 876
3 928 876 929
3 924 928 929
3 924 929 890
3 930 926 932
3 930 932 931
3 930 931 872
3 930 872 876
3 932 933 873
3 932 873 931
3 932 934 935
3 932 935 933
3 932 926 936
3 932 936 934
3 935 934 937
3 935 937 938
3 939 937 934
3 939 934 936
3 940 941 938
3 940 938 937
3 939 247 940
3 939 940 937
3 940 243 943
3 940 943 941
3 943 944 942
3 943 942 941
3 4588 938 941
3 4588 941 942
3 943 238 946
3 943 946 944
3 946 947 945
3 946 945 944
3 4590 942 944
3 4590 944 945
3 946 239 948
3 946 948 947
3 949 947 948
3 949 948 952
3 951 945 947
3 951 947 949
3 949 952 954
3 949 954 950
3 951 949 950
3 951 950 4595
3 954 952 953
3 954 953 956
3 4597 953 952
3 4597 952 948
3 954 955 967
3 954 967 950
3 954 956 958
3 954 958 955
3 958 956 957
3 958 957 959
3 4596 957 956
3 4596 956 953
3 958 960 963
3 958 963 955
3 958 959 962
3 958 962 960
3 964 963 960
3 964 960 961
3 962 4571 961
3 962 961 960
3 965 963 964
3 965 964 966
3 965 967 955
3 965 955 963
3 965 966 969
3 965 969 968
3 970 967 965
3 970 965 968
3 973 971 968
3 973 968 969
3 972 970 968
3 972 968 971
3 972 971 974
3 972 974 975
3 976 974 971
3 976 971 973
3 977 979 975
3 977 975 974
3 977 974 976
3 977 976 980
3 4579 979 977
3 4579 977 978
3 977 980 981
3 977 981 978
3 983 981 980
3 983 980 982
3 976 984 982
3 976 982 980
3 842 982 984
3 842 984 985
3 983 982 842
3 983 842 844
3 985 984 986
3 985 986 988
3 976 973 986
3 976 986 984
3 987 989 988
3 987 988 986
3 973 969 987
3 973 987 986
3 835 988 989
3 835 989 991
3 985 988 835
3 985 835 837
3 987 4570 990
3 987 990 989
3 990 992 991
3 990 991 989
3 834 991 992
3 834 992 993
3 990 996 994
3 990 994 992
3 994 997 993
3 994 993 992
3 994 995 998
3 994 998 997
3 994 996 4567
3 994 4567 995
3 998 1001 999
3 998 999 997
3 1000 993 997
3 1000 997 999
3 1000 999 819
3 1000 819 821
3 819 999 1001
3 819 1001 1002
3 1003 809 1002
3 1003 1002 1001
3 998 1004 1003
3 998 1003 1001
3 1003 1005 806
3 1003 806 809
3 1003 1004 1006
3 1003 1006 1005
3 806 1005 1007
3 806 1007 803
3 1009 1007 1005
3 1009 1005 1006
3 1008 4545 803
3 1008 803 1007
3 1009 1011 1008
3 1009 1008 1007
3 1009 1010 1012
3 1009 1012 1011
3 4565 1010 1009
3 4565 1009 1006
3 1008 1011 1013
3 1008 1013 1014
3 1015 1013 1011
3 1015 1011 1012
3 1014 1013 1016
3 1014 1016 1017
3 1015 1019 1016
3 1015 1016 1013
3 1017 1016 1018
3 1017 1018 4547
3 1019 1021 1018
3 1019 1018 1016
3 1019 1020 1022
3 1019 1022 1021
3 1015 4552 1020
3 1015 1020 1019
3 1021 1023 1024
3 1021 1024 1018
3 1021 1022 1026
3 1021 1026 1023
3 1024 1023 1025
3 1024 1025 1028
3 1027 1025 1023
3 1027 1023 1026
3 204 198 1027
3 204 1027 1026
3 208 204 1026
3 208 1026 1022
3 1027 193 1029
3 1027 1029 1025
3 1029 1030 1028
3 1029 1028 1025
3 1029 194 1032
3 1029 1032 1030
3 4549 1028 1030
3 4549 1030 1031
3 1031 1030 1032
3 1031 1032 1033
3 1034 1035 1033
3 1034 1033 1032
3 194 186 1034
3 194 1034 1032
3 1034 187 1037
3 1034 1037 1035
3 1352 1033 1035
3 1352 1035 1036
3 1037 1038 1036
3 1037 1036 1035
3 1037 1039 1040
3 1037 1040 1038
3 1037 187 183
3 1037 183 1039
3 181 1041 1039
3 181 1039 183
3 1040 1039 1041
3 1040 1041 1042
3 181 179 1043
3 181 1043 1041
3 1042 1041 1043
3 1042 1043 1044
3 179 1046 1045
3 179 1045 1043
3 1044 1043 1045
3 1044 1045 1047
3 1046 1051 1048
3 1046 1048 1045
3 1047 1045 1048
3 1047 1048 1049
3 1049 1048 1050
3 1049 1050 1343
3 1051 1052 1050
3 1051 1050 1048
3 1046 178 1053
3 1046 1053 1051
3 1051 1053 1055
3 1051 1055 1052
3 172 1054 1053
3 172 1053 178
3 1054 1 1055
3 1054 1055 1053
3 1 6 9
3 1 9 1055
3 1052 1055 9
3 1052 9 1056
3 1052 1056 1057
3 1052 1057 1050
3 1056 11 1059
3 1056 1059 1057
3 1058 1057 1059
3 1058 1059 1060
3 1343 1050 1057
3 1343 1057 1058
3 1060 1059 1061
3 1060 1061 1062
3 11 13 1061
3 11 1061 1059
3 1062 1061 16
3 1062 16 1064
3 1060 1062 1063
3 1060 1063 1340
3 1062 1064 1065
3 1062 1065 1063
3 1066 1065 1064
3 1066 1064 19
3 1067 1065 1066
3 1067 1066 1070
3 1069 1063 1065
3 1069 1065 1067
3 1069 1067 1068
3 1069 1068 1270
3 1067 1070 1071
3 1067 1071 1068
3 1066 22 1072
3 1066 1072 1070
3 1073 1071 1070
3 1073 1070 1072
3 1074 1073 1072
3 1074 1072 25
3 1074 1078 1075
3 1074 1075 1073
3 1073 1075 1077
3 1073 1077 1071
3 1077 1075 1076
3 1077 1076 1275
3 1079 1076 1075
3 1079 1075 1078
3 28 31 1078
3 28 1078 1074
3 1080 1079 1078
3 1080 1078 31
3 1080 1084 1081
3 1080 1081 1079
3 1079 1081 1083
3 1079 1083 1076
3 1085 1082 1081
3 1085 1081 1084
3 1083 1081 1082
3 1083 1082 1339
3 33 36 1084
3 33 1084 1080
3 38 1085 1084
3 38 1084 36
3 38 40 1086
3 38 1086 1085
3 1085 1086 1088
3 1085 1088 1082
3 42 1087 1086
3 42 1086 40
3 1088 1086 1087
3 1088 1087 1090
3 1088 1090 1091
3 1088 1091 1089
3 1088 1089 1339
3 1088 1339 1082
3 1091 1090 1092
3 1091 1092 1095
3 1092 1090 1087
3 1092 1087 1094
3 1093 1092 1094
3 1093 1094 3610
3 1093 1097 1095
3 1093 1095 1092
3 1091 1095 1096
3 1091 1096 1286
3 1096 1095 1097
3 1096 1097 1098
3 1099 1102 1098
3 1099 1098 1097
3 1099 1097 1093
3 1099 1093 1100
3 1099 1100 3613
3 1099 3613 1101
3 1104 1102 1099
3 1104 1099 1101
3 1290 1098 1102
3 1290 1102 1103
3 1104 1105 1103
3 1104 1103 1102
3 1107 1105 1104
3 1107 1104 1106
3 1104 1101 1109
3 1104 1109 1106
3 1107 1106 1108
3 1107 1108 1120
3 1111 1108 1106
3 1111 1106 1109
3 1110 1112 1111
3 1110 1111 1109
3 1110 1109 1101
3 1110 1101 3613
3 1111 1112 1115
3 1111 1115 1113
3 1111 1113 1116
3 1111 1116 1108
3 1116 1113 1114
3 1116 1114 1117
3 3618 1114 1113
3 3618 1113 1115
3 1116 1117 1119
3 1116 1119 1118
3 1116 1118 1120
3 1116 1120 1108
3 1121 1118 1119
3 1121 1119 1122
3 1124 1120 1118
3 1124 1118 1121
3 1123 1121 1122
3 1123 1122 4044
3 1123 1125 1124
3 1123 1124 1121
3 1124 1125 1128
3 1124 1128 1126
3 1124 1126 1107
3 1124 1107 1120
3 1107 1126 1127
3 1107 1127 1105
3 1130 1127 1126
3 1130 1126 1128
3 1130 1128 1129
3 1130 1129 1132
3 1129 1128 1125
3 1129 1125 4055
3 1130 1132 1133
3 1130 1133 1131
3 1292 1127 1130
3 1292 1130 1131
3 1137 1133 1132
3 1137 1132 1134
3 1129 1135 1134
3 1129 1134 1132
3 1136 1134 1135
3 1136 1135 4054
3 1137 1134 1136
3 1137 1136 1139
3 1294 1133 1137
3 1294 1137 1138
3 1137 1139 1140
3 1137 1140 1138
3 1142 1140 1139
3 1142 1139 1141
3 1136 1144 1141
3 1136 1141 1139
3 1142 1141 1143
3 1142 1143 1333
3 1143 1141 1144
3 1143 1144 1146
3 1136 4054 1145
3 1136 1145 1144
3 1145 1148 1146
3 1145 1146 1144
3 1143 1146 1147
3 1143 1147 1206
3 1147 1146 1148
3 1147 1148 1149
3 1150 1151 1149
3 1150 1149 1148
3 1145 1152 1150
3 1145 1150 1148
3 1150 1153 1154
3 1150 1154 1151
3 1150 1152 1155
3 1150 1155 1153
3 1156 1159 1154
3 1156 1154 1153
3 1157 1156 1153
3 1157 1153 1155
3 1157 2079 1158
3 1157 1158 1156
3 1156 1158 1160
3 1156 1160 1159
3 1162 1154 1159
3 1162 1159 1161
3 1160 1163 1161
3 1160 1161 1159
3 1162 1161 1164
3 1162 1164 1165
3 1164 1161 1163
3 1164 1163 1166
3 1164 1167 1168
3 1164 1168 1165
3 1164 1166 1169
3 1164 1169 1167
3 1171 1168 1167
3 1171 1167 1170
3 1169 1172 1170
3 1169 1170 1167
3 1171 1170 1173
3 1171 1173 1176
3 1173 1170 1172
3 1173 1172 1175
3 1173 1175 2070
3 1173 2070 1174
3 1173 1174 1178
3 1173 1178 1176
3 1171 1176 1177
3 1171 1177 1193
3 1179 1177 1176
3 1179 1176 1178
3 1179 1178 1180
3 1179 1180 1183
3 1180 1178 1174
3 1180 1174 1182
3 1180 1182 2073
3 1180 2073 1181
3 1180 1181 1184
3 1180 1184 1183
3 1179 1183 1185
3 1179 1185 1188
3 1186 1185 1183
3 1186 1183 1184
3 1186 1398 1187
3 1186 1187 1185
3 1187 1189 1188
3 1187 1188 1185
3 1190 1177 1179
3 1190 1179 1188
3 1190 1188 1189
3 1190 1189 1191
3 1190 1192 1193
3 1190 1193 1177
3 1194 1192 1190
3 1194 1190 1191
3 1198 1193 1192
3 1198 1192 1195
3 1194 1196 1195
3 1194 1195 1192
3 1197 1195 1196
3 1197 1196 1203
3 1197 1199 1198
3 1197 1198 1195
3 1198 1168 1171
3 1198 1171 1193
3 1198 1199 1165
3 1198 1165 1168
3 1162 1165 1199
3 1162 1199 1200
3 1197 1201 1200
3 1197 1200 1199
3 1151 1154 1162
3 1151 1162 1200
3 1151 1200 1201
3 1151 1201 1149
3 1147 1149 1201
3 1147 1201 1202
3 1202 1201 1197
3 1202 1197 1203
3 1202 1203 1205
3 1202 1205 1204
3 1147 1202 1204
3 1147 1204 1206
3 1207 1204 1205
3 1207 1205 1208
3 1207 1209 1206
3 1207 1206 1204
3 1207 1208 1211
3 1207 1211 1210
3 1212 1209 1207
3 1212 1207 1210
3 1214 1213 1210
3 1214 1210 1211
3 1212 1210 1213
3 1212 1213 1215
3 1214 1219 1216
3 1214 1216 1213
3 1216 1218 1215
3 1216 1215 1213
3 1216 1217 1329
3 1216 1329 1218
3 1216 1219 1220
3 1216 1220 1217
3 1214 1222 1221
3 1214 1221 1219
3 1223 1220 1219
3 1223 1219 1221
3 1224 1221 1222
3 1224 1222 1226
3 1224 1227 1223
3 1224 1223 1221
3 1381 1225 1224
3 1381 1224 1226
3 1224 1225 1228
3 1224 1228 1227
3 1230 1229 1227
3 1230 1227 1228
3 1223 1227 1229
3 1223 1229 1231
3 1230 1233 1232
3 1230 1232 1229
3 1232 1234 1231
3 1232 1231 1229
3 1232 1233 1236
3 1232 1236 1235
3 1232 1235 1237
3 1232 1237 1234
3 1240 1238 1235
3 1240 1235 1236
3 1237 1235 1238
3 1237 1238 1241
3 1239 1238 1240
3 1239 1240 1356
3 1239 1242 1241
3 1239 1241 1238
3 1243 1241 1242
3 1243 1242 1244
3 1237 1241 1243
3 1237 1243 1245
3 1243 1244 1247
3 1243 1247 1246
3 1243 1246 1248
3 1243 1248 1245
3 1247 1250 1249
3 1247 1249 1246
3 1251 1248 1246
3 1251 1246 1249
3 1250 1253 1252
3 1250 1252 1249
3 1251 1249 1252
3 1251 1252 1254
3 1253 1256 1255
3 1253 1255 1252
3 1254 1252 1255
3 1254 1255 1257
3 1256 1259 1258
3 1256 1258 1255
3 1257 1255 1258
3 1257 1258 1260
3 1259 1262 1261
3 1259 1261 1258
3 1260 1258 1261
3 1260 1261 1263
3 1262 1265 1264
3 1262 1264 1261
3 1263 1261 1264
3 1263 1264 1266
3 1265 1268 1267
3 1265 1267 1264
3 1266 1264 1267
3 1266 1267 1269
3 1268 1069 1270
3 1268 1270 1267
3 1269 1267 1270
3 1269 1270 1271
3 1271 1270 1068
3 1271 1068 1273
3 1274 1272 1271
3 1274 1271 1273
3 1269 1271 1272
3 1269 1272 1315
3 1077 1273 1068
3 1077 1068 1071
3 1077 1275 1274
3 1077 1274 1273
3 1274 1275 1277
3 1274 1277 1276
3 1274 1276 1278
3 1274 1278 1272
3 1280 1279 1276
3 1280 1276 1277
3 1278 1276 1279
3 1278 1279 1281
3 1280 1285 1282
3 1280 1282 1279
3 1282 1283 1281
3 1282 1281 1279
3 1282 1284 1287
3 1282 1287 1283
3 1282 1285 1286
3 1282 1286 1284
3 1280 1339 1089
3 1280 1089 1285
3 1091 1286 1285
3 1091 1285 1089
3 1096 1288 1284
3 1096 1284 1286
3 1287 1284 1288
3 1287 1288 1289
3 1096 1098 1290
3 1096 1290 1288
3 1290 1291 1289
3 1290 1289 1288
3 1290 1103 1292
3 1290 1292 1291
3 1292 1131 1293
3 1292 1293 1291
3 1295 1289 1291
3 1295 1291 1293
3 1294 1293 1131
3 1294 1131 1133
3 1295 1293 1294
3 1295 1294 1297
3 1295 1297 1298
3 1295 1298 1296
3 1287 1289 1295
3 1287 1295 1296
3 1294 1138 1299
3 1294 1299 1297
3 1300 1298 1297
3 1300 1297 1299
3 1301 1299 1138
3 1301 1138 1140
3 1300 1299 1301
3 1300 1301 1303
3 1301 1140 1142
3 1301 1142 1302
3 1301 1302 1304
3 1301 1304 1303
3 1306 1305 1303
3 1306 1303 1304
3 1300 1303 1305
3 1300 1305 1308
3 1307 1305 1306
3 1307 1306 1323
3 1307 1309 1308
3 1307 1308 1305
3 1310 1308 1309
3 1310 1309 1311
3 1310 1298 1300
3 1310 1300 1308
3 1313 1312 1310
3 1313 1310 1311
3 1310 1312 1296
3 1310 1296 1298
3 1313 1281 1283
3 1313 1283 1312
3 1287 1296 1312
3 1287 1312 1283
3 1313 1311 1316
3 1313 1316 1314
3 1278 1281 1313
3 1278 1313 1314
3 1278 1314 1315
3 1278 1315 1272
3 1317 1315 1314
3 1317 1314 1316
3 1318 1316 1311
3 1318 1311 1309
3 1317 1316 1318
3 1317 1318 1319
3 1318 1309 1307
3 1318 1307 1320
3 1318 1320 1321
3 1318 1321 1319
3 1307 1323 1322
3 1307 1322 1320
3 1322 1324 1321
3 1322 1321 1320
3 1325 1322 1323
3 1325 1323 1328
3 1325 1326 1324
3 1325 1324 1322
3 1325 1327 1334
3 1325 1334 1326
3 1329 1327 1325
3 1329 1325 1328
3 1306 1330 1328
3 1306 1328 1323
3 1329 1328 1330
3 1329 1330 1218
3 1306 1304 1331
3 1306 1331 1330
3 1331 1215 1218
3 1331 1218 1330
3 1331 1304 1302
3 1331 1302 1332
3 1331 1332 1212
3 1331 1212 1215
3 1142 1333 1332
3 1142 1332 1302
3 1212 1332 1333
3 1212 1333 1209
3 1143 1206 1209
3 1143 1209 1333
3 1329 1217 1335
3 1329 1335 1327
3 1336 1334 1327
3 1336 1327 1335
3 1337 1335 1217
3 1337 1217 1220
3 1337 1338 1336
3 1337 1336 1335
3 1223 1231 1337
3 1223 1337 1220
3 1337 1231 1234
3 1337 1234 1338
3 1237 1245 1338
3 1237 1338 1234
3 1336 1338 1245
3 1336 1245 1248
3 1336 1248 1251
3 1336 1251 1334
3 1251 1254 1326
3 1251 1326 1334
3 1254 1257 1324
3 1254 1324 1326
3 1257 1260 1321
3 1257 1321 1324
3 1260 1263 1319
3 1260 1319 1321
3 1263 1266 1317
3 1263 1317 1319
3 1266 1269 1315
3 1266 1315 1317
3 1292 1103 1105
3 1292 1105 1127
3 1083 1339 1280
3 1083 1280 1277
3 1083 1277 1275
3 1083 1275 1076
3 1268 1340 1063
3 1268 1063 1069
3 1265 1341 1340
3 1265 1340 1268
3 1058 1060 1340
3 1058 1340 1341
3 1343 1058 1341
3 1343 1341 1342
3 1262 1342 1341
3 1262 1341 1265
3 1049 1343 1342
3 1049 1342 1344
3 1259 1344 1342
3 1259 1342 1262
3 1047 1049 1344
3 1047 1344 1345
3 1256 1345 1344
3 1256 1344 1259
3 1044 1047 1345
3 1044 1345 1346
3 1253 1346 1345
3 1253 1345 1256
3 1042 1044 1346
3 1042 1346 1347
3 1250 1347 1346
3 1250 1346 1253
3 1040 1042 1347
3 1040 1347 1348
3 1247 1348 1347
3 1247 1347 1250
3 1040 1348 1349
3 1040 1349 1038
3 1247 1244 1349
3 1247 1349 1348
3 1350 1036 1038
3 1350 1038 1349
3 1350 1349 1244
3 1350 1244 1242
3 1350 1242 1239
3 1350 1239 1351
3 1352 1036 1350
3 1352 1350 1351
3 1239 1356 1353
3 1239 1353 1351
3 1352 1351 1353
3 1352 1353 1355
3 1354 4550 1355
3 1354 1355 1353
3 1354 1353 1356
3 1354 1356 1357
3 1240 1358 1357
3 1240 1357 1356
3 1359 1357 1358
3 1359 1358 1362
3 1360 1354 1357
3 1360 1357 1359
3 1360 1359 1361
3 1360 1361 4538
3 1359 1362 1363
3 1359 1363 1361
3 1363 1362 1364
3 1363 1364 1367
3 1366 1364 1362
3 1366 1362 1358
3 1366 4537 1365
3 1366 1365 1364
3 1365 1368 1367
3 1365 1367 1364
3 1363 1367 792
3 1363 792 794
3 792 1367 1368
3 792 1368 789
3 1365 1372 1369
3 1365 1369 1368
3 1369 1371 789
3 1369 789 1368
3 1369 1372 1374
3 1369 1374 1370
3 1369 1370 1541
3 1369 1541 1371
3 1365 4537 1373
3 1365 1373 1372
3 1376 1374 1372
3 1376 1372 1373
3 1375 1538 1370
3 1375 1370 1374
3 1375 1374 1376
3 1375 1376 1377
3 1376 1228 1225
3 1376 1225 1377
3 1376 1373 1230
3 1376 1230 1228
3 1381 1378 1377
3 1381 1377 1225
3 1379 1375 1377
3 1379 1377 1378
3 1536 1379 1378
3 1536 1378 1380
3 1382 1380 1378
3 1382 1378 1381
3 1382 1381 1226
3 1382 1226 1384
3 1383 1392 1380
3 1383 1380 1382
3 1383 1382 1384
3 1383 1384 1385
3 1387 1385 1384
3 1387 1384 1386
3 1386 1384 1226
3 1386 1226 1222
3 1386 1222 1214
3 1386 1214 1211
3 1208 1387 1386
3 1208 1386 1211
3 1388 1389 1385
3 1388 1385 1387
3 1208 1205 1388
3 1208 1388 1387
3 1388 1205 1203
3 1388 1203 1196
3 1388 1196 1194
3 1388 1194 1389
3 1383 1385 1389
3 1383 1389 1390
3 1194 1191 1390
3 1194 1390 1389
3 1391 1392 1383
3 1391 1383 1390
3 1391 1390 1191
3 1391 1191 1189
3 1391 1393 1394
3 1391 1394 1392
3 1187 1393 1391
3 1187 1391 1189
3 1187 1398 1395
3 1187 1395 1393
3 1397 1394 1393
3 1397 1393 1395
3 1396 1532 1397
3 1396 1397 1395
3 1396 1395 1398
3 1396 1398 1399
3 1186 1401 1399
3 1186 1399 1398
3 1400 1399 1401
3 1400 1401 1403
3 1400 1531 1396
3 1400 1396 1399
3 1402 1401 1186
3 1402 1186 1184
3 1402 1405 1403
3 1402 1403 1401
3 1404 1500 1400
3 1404 1400 1403
3 1404 1403 1405
3 1404 1405 1406
3 1407 1408 1406
3 1407 1406 1405
3 1407 1405 1402
3 1407 1402 1409
3 1411 1408 1407
3 1411 1407 1410
3 1407 1409 1412
3 1407 1412 1410
3 1411 1410 1413
3 1411 1413 1414
3 1412 1415 1413
3 1412 1413 1410
3 1416 1418 1414
3 1416 1414 1413
3 1417 1416 1413
3 1417 1413 1415
3 1417 1420 1419
3 1417 1419 1416
3 1416 1419 1422
3 1416 1422 1418
3 2075 1421 1419
3 2075 1419 1420
3 1421 1424 1422
3 1421 1422 1419
3 1424 1426 1423
3 1424 1423 1422
3 1418 1422 1423
3 1418 1423 1489
3 1421 2076 1425
3 1421 1425 1424
3 1424 1425 1427
3 1424 1427 1426
3 1426 1427 1431
3 1426 1431 1428
3 1426 1428 1430
3 1426 1430 1423
3 1428 1431 1433
3 1428 1433 1429
3 1428 1429 1486
3 1428 1486 1430
3 1961 1432 1431
3 1961 1431 1427
3 1432 1434 1433
3 1432 1433 1431
3 1434 1436 1435
3 1434 1435 1433
3 1429 1433 1435
3 1429 1435 1437
3 1436 1439 1438
3 1436 1438 1435
3 1437 1435 1438
3 1437 1438 1440
3 1441 1438 1439
3 1441 1439 1442
3 1440 1438 1441
3 1440 1441 1443
3 1441 1442 1445
3 1441 1445 1444
3 1441 1444 1446
3 1441 1446 1443
3 1445 1448 1447
3 1445 1447 1444
3 1450 1446 1444
3 1450 1444 1447
3 1449 1447 1448
3 1449 1448 1941
3 1449 1451 1450
3 1449 1450 1447
3 1453 1452 1450
3 1453 1450 1451
3 1450 1452 1455
3 1450 1455 1446
3 1454 1452 1453
3 1454 1453 1552
3 1454 1457 1455
3 1454 1455 1452
3 1455 1456 1443
3 1455 1443 1446
3 1455 1457 1458
3 1455 1458 1456
3 1459 1457 1454
3 1459 1454 1460
3 1459 1461 1458
3 1459 1458 1457
3 1459 1460 1463
3 1459 1463 1462
3 1464 1461 1459
3 1464 1459 1462
3 1466 1465 1462
3 1466 1462 1463
3 1464 1462 1465
3 1464 1465 1468
3 1466 1550 1467
3 1466 1467 1465
3 1467 1469 1468
3 1467 1468 1465
3 1470 1468 1469
3 1470 1469 1472
3 1470 1471 1464
3 1470 1464 1468
3 1470 1473 1476
3 1470 1476 1471
3 1474 1473 1470
3 1474 1470 1472
3 1474 1509 1475
3 1474 1475 1473
3 1477 1476 1473
3 1477 1473 1475
3 1478 1479 1471
3 1478 1471 1476
3 1478 1476 1477
3 1478 1477 1480
3 1484 1479 1478
3 1484 1478 1481
3 1478 1480 1482
3 1478 1482 1481
3 1482 1486 1483
3 1482 1483 1481
3 1484 1481 1483
3 1484 1483 1485
3 1458 1484 1485
3 1458 1485 1456
3 1458 1461 1479
3 1458 1479 1484
3 1440 1443 1456
3 1440 1456 1485
3 1437 1440 1485
3 1437 1485 1483
3 1429 1437 1483
3 1429 1483 1486
3 1487 1430 1486
3 1487 1486 1482
3 1487 1482 1480
3 1487 1480 1488
3 1489 1423 1430
3 1489 1430 1487
3 1489 1487 1488
3 1489 1488 1490
3 1418 1489 1490
3 1418 1490 1414
3 1490 1491 1411
3 1490 1411 1414
3 1490 1488 1492
3 1490 1492 1491
3 1411 1491 1493
3 1411 1493 1408
3 1494 1493 1491
3 1494 1491 1492
3 1495 1406 1408
3 1495 1408 1493
3 1494 1496 1495
3 1494 1495 1493
3 1495 1497 1404
3 1495 1404 1406
3 1495 1496 1498
3 1495 1498 1497
3 1404 1497 1499
3 1404 1499 1500
3 1502 1499 1497
3 1502 1497 1498
3 1501 1530 1500
3 1501 1500 1499
3 1501 1499 1502
3 1501 1502 1503
3 1502 1504 1506
3 1502 1506 1503
3 1502 1498 1507
3 1502 1507 1504
3 1507 1508 1505
3 1507 1505 1504
3 1513 1506 1504
3 1513 1504 1505
3 1507 1509 1474
3 1507 1474 1508
3 1507 1498 1496
3 1507 1496 1509
3 1494 1475 1509
3 1494 1509 1496
3 1474 1472 1510
3 1474 1510 1508
3 1511 1505 1508
3 1511 1508 1510
3 1512 1510 1472
3 1512 1472 1469
3 1512 562 1511
3 1512 1511 1510
3 1467 563 1512
3 1467 1512 1469
3 1511 573 1513
3 1511 1513 1505
3 1511 562 565
3 1511 565 573
3 1514 1515 1503
3 1514 1503 1506
3 1513 572 1514
3 1513 1514 1506
3 1514 572 575
3 1514 575 1516
3 1514 1516 1517
3 1514 1517 1515
3 1517 1516 580
3 1517 580 1519
3 1517 1518 1529
3 1517 1529 1515
3 1517 1519 1520
3 1517 1520 1518
3 1521 1520 1519
3 1521 1519 589
3 582 589 1519
3 582 1519 580
3 1521 1524 1522
3 1521 1522 1520
3 1518 1520 1522
3 1518 1522 1525
3 1540 1523 1522
3 1540 1522 1524
3 1526 1525 1522
3 1526 1522 1523
3 1526 1528 1527
3 1526 1527 1525
3 1527 1529 1518
3 1527 1518 1525
3 1527 1528 1531
3 1527 1531 1530
3 1527 1530 1501
3 1527 1501 1529
3 1400 1500 1530
3 1400 1530 1531
3 1396 1531 1528
3 1396 1528 1532
3 1501 1503 1515
3 1501 1515 1529
3 1526 1533 1532
3 1526 1532 1528
3 1397 1532 1533
3 1397 1533 1535
3 1534 1533 1526
3 1534 1526 1523
3 1534 1537 1535
3 1534 1535 1533
3 1397 1535 1536
3 1397 1536 1394
3 1536 1535 1537
3 1536 1537 1379
3 1379 1537 1538
3 1379 1538 1375
3 1534 1539 1538
3 1534 1538 1537
3 1541 1370 1538
3 1541 1538 1539
3 1541 1539 1540
3 1541 1540 1542
3 1540 1539 1534
3 1540 1534 1523
3 1541 1542 790
3 1541 790 1371
3 1540 1524 1543
3 1540 1543 1542
3 786 790 1542
3 786 1542 1543
3 1521 1544 1543
3 1521 1543 1524
3 786 1543 1544
3 786 1544 783
3 783 1544 1545
3 783 1545 780
3 1521 590 1545
3 1521 1545 1544
3 780 1545 1546
3 780 1546 777
3 1546 1545 590
3 1546 590 592
3 1546 1547 774
3 1546 774 777
3 1546 592 595
3 1546 595 1547
3 771 774 1547
3 771 1547 1548
3 595 598 1548
3 595 1548 1547
3 768 771 1548
3 768 1548 1549
3 1549 1548 598
3 1549 598 600
3 768 1549 758
3 768 758 761
3 758 1549 600
3 758 600 756
3 1536 1380 1392
3 1536 1392 1394
3 1477 1475 1494
3 1477 1494 1492
3 1477 1492 1488
3 1477 1488 1480
3 1464 1471 1479
3 1464 1479 1461
3 1467 1550 559
3 1467 559 563
3 1466 539 1551
3 1466 1551 1550
3 553 559 1550
3 553 1550 1551
3 537 539 1466
3 537 1466 1463
3 537 1463 1460
3 537 1460 534
3 1454 1552 534
3 1454 534 1460
3 1453 1553 535
3 1453 535 1552
3 1453 1451 1554
3 1453 1554 1553
3 1554 1556 1555
3 1554 1555 1553
3 531 535 1553
3 531 1553 1555
3 1557 1555 1556
3 1557 1556 1558
3 1557 528 531
3 1557 531 1555
3 1561 1559 1557
3 1561 1557 1558
3 1557 1559 526
3 1557 526 528
3 524 526 1559
3 524 1559 1560
3 1561 1563 1560
3 1561 1560 1559
3 1561 1558 1936
3 1561 1936 1562
3 1565 1563 1561
3 1565 1561 1562
3 1565 1567 1564
3 1565 1564 1563
3 4530 1560 1563
3 4530 1563 1564
3 1565 1562 1932
3 1565 1932 1566
3 1569 1567 1565
3 1569 1565 1566
3 4531 1564 1567
3 4531 1567 1568
3 1569 1571 1568
3 1569 1568 1567
3 1569 1566 1928
3 1569 1928 1570
3 1573 1571 1569
3 1573 1569 1570
3 1575 1572 1571
3 1575 1571 1573
3 4534 1568 1571
3 4534 1571 1572
3 1573 1570 1924
3 1573 1924 1574
3 1575 1573 1574
3 1575 1574 1577
3 1575 1577 1578
3 1575 1578 1576
3 4536 1572 1575
3 4536 1575 1576
3 1577 1574 1580
3 1577 1580 1579
3 1578 1577 1579
3 1578 1579 1582
3 1892 1581 1579
3 1892 1579 1580
3 1582 1579 1581
3 1582 1581 1584
3 1578 1582 1583
3 1578 1583 1595
3 1582 1584 1586
3 1582 1586 1583
3 1893 1585 1584
3 1893 1584 1581
3 1586 1584 1585
3 1586 1585 1587
3 1589 1588 1586
3 1589 1586 1587
3 1588 1591 1583
3 1588 1583 1586
3 1589 1681 1590
3 1589 1590 1588
3 1588 1590 1592
3 1588 1592 1591
3 1591 1592 1594
3 1591 1594 1593
3 1591 1593 1595
3 1591 1595 1583
3 1593 1594 1597
3 1593 1597 1596
3 1593 1596 1598
3 1593 1598 1595
3 1596 1597 1600
3 1596 1600 1599
3 1596 1599 1601
3 1596 1601 1598
3 1599 1600 1603
3 1599 1603 1602
3 1599 1602 1604
3 1599 1604 1601
3 1602 1603 1606
3 1602 1606 1605
3 1602 1605 1607
3 1602 1607 1604
3 1609 1608 1605
3 1609 1605 1606
3 1607 1605 1608
3 1607 1608 1611
3 1609 1659 1610
3 1609 1610 1608
3 1610 1613 1611
3 1610 1611 1608
3 1607 1611 1612
3 1607 1612 4533
3 1612 1611 1613
3 1612 1613 1614
3 1610 1616 1615
3 1610 1615 1613
3 1614 1613 1615
3 1614 1615 1617
3 1616 1619 1618
3 1616 1618 1615
3 1617 1615 1618
3 1617 1618 1620
3 1619 1622 1621
3 1619 1621 1618
3 1620 1618 1621
3 1620 1621 1623
3 1622 1625 1624
3 1622 1624 1621
3 1623 1621 1624
3 1623 1624 1626
3 1625 1628 1627
3 1625 1627 1624
3 1626 1624 1627
3 1626 1627 1629
3 1628 1631 1630
3 1628 1630 1627
3 1629 1627 1630
3 1629 1630 1633
3 1631 1645 1632
3 1631 1632 1630
3 1632 1634 1633
3 1632 1633 1630
3 1635 1633 1634
3 1635 1634 1636
3 1629 1633 1635
3 1629 1635 1637
3 1635 1636 1638
3 1635 1638 505
3 1635 505 507
3 1635 507 1637
3 1626 1629 1637
3 1626 1637 512
3 1640 1639 1636
3 1640 1636 1634
3 1638 1636 1639
3 1638 1639 1642
3 1640 387 1641
3 1640 1641 1639
3 1641 1643 1642
3 1641 1642 1639
3 497 1642 1643
3 497 1643 494
3 1638 1642 497
3 1638 497 500
3 1641 390 1644
3 1641 1644 1643
3 1644 491 494
3 1644 494 1643
3 1644 393 488
3 1644 488 491
3 1632 386 1640
3 1632 1640 1634
3 1632 1645 384
3 1632 384 386
3 1631 1648 1646
3 1631 1646 1645
3 382 384 1645
3 382 1645 1646
3 1649 1647 1646
3 1649 1646 1648
3 1647 380 382
3 1647 382 1646
3 1628 1650 1648
3 1628 1648 1631
3 1651 1649 1648
3 1651 1648 1650
3 1625 1652 1650
3 1625 1650 1628
3 1653 1651 1650
3 1653 1650 1652
3 1622 1654 1652
3 1622 1652 1625
3 1655 1653 1652
3 1655 1652 1654
3 1619 1656 1654
3 1619 1654 1622
3 1657 1655 1654
3 1657 1654 1656
3 1616 1658 1656
3 1616 1656 1619
3 1660 1657 1656
3 1660 1656 1658
3 1610 1659 1658
3 1610 1658 1616
3 1660 1658 1659
3 1660 1659 1662
3 1660 1661 4359
3 1660 4359 1657
3 1663 1661 1660
3 1663 1660 1662
3 1609 1664 1662
3 1609 1662 1659
3 1663 1662 1664
3 1663 1664 1665
3 1666 1664 1609
3 1666 1609 1606
3 1666 1667 1665
3 1666 1665 1664
3 1668 1666 1606
3 1668 1606 1603
3 1668 1669 1667
3 1668 1667 1666
3 1670 1668 1603
3 1670 1603 1600
3 1670 1671 1669
3 1670 1669 1668
3 1672 1670 1600
3 1672 1600 1597
3 1672 1673 1671
3 1672 1671 1670
3 1674 1672 1597
3 1674 1597 1594
3 1674 1675 1673
3 1674 1673 1672
3 1676 1674 1594
3 1676 1594 1592
3 1676 1677 1675
3 1676 1675 1674
3 1678 1676 1592
3 1678 1592 1590
3 1678 1679 1677
3 1678 1677 1676
3 1680 1678 1590
3 1680 1590 1681
3 1680 1683 1679
3 1680 1679 1678
3 1680 1681 1902
3 1680 1902 1682
3 1685 1683 1680
3 1685 1680 1682
3 2465 1679 1683
3 2465 1683 1684
3 1685 1687 1684
3 1685 1684 1683
3 1685 1682 1905
3 1685 1905 1686
3 1689 1687 1685
3 1689 1685 1686
3 2460 1684 1687
3 2460 1687 1688
3 1689 1690 1688
3 1689 1688 1687
3 1689 1686 1692
3 1689 1692 1691
3 1694 1690 1689
3 1694 1689 1691
3 1910 1693 1691
3 1910 1691 1692
3 1694 1691 1693
3 1694 1693 1696
3 1698 1695 1694
3 1698 1694 1696
3 1694 1695 4360
3 1694 4360 1690
3 1912 1697 1696
3 1912 1696 1693
3 1698 1696 1697
3 1698 1697 1700
3 1702 1699 1698
3 1702 1698 1700
3 1698 1699 4363
3 1698 4363 1695
3 1712 1701 1700
3 1712 1700 1697
3 1702 1700 1701
3 1702 1701 1704
3 1705 1703 1702
3 1705 1702 1704
3 1702 1703 2358
3 1702 2358 1699
3 1706 1708 1705
3 1706 1705 1704
3 1706 1704 1701
3 1706 1701 1709
3 1710 1707 1706
3 1710 1706 1709
3 1706 1707 1767
3 1706 1767 1708
3 1712 1711 1709
3 1712 1709 1701
3 1713 1710 1709
3 1713 1709 1711
3 1715 1714 1711
3 1715 1711 1712
3 1716 1713 1711
3 1716 1711 1714
3 1718 1717 1714
3 1718 1714 1715
3 1719 1716 1714
3 1719 1714 1717
3 1718 1721 1720
3 1718 1720 1717
3 1722 1719 1717
3 1722 1717 1720
3 1724 1723 1720
3 1724 1720 1721
3 1725 1722 1720
3 1725 1720 1723
3 1724 1727 1726
3 1724 1726 1723
3 1728 1725 1723
3 1728 1723 1726
3 1729 1726 1727
3 1729 1727 1730
3 1729 1732 1728
3 1729 1728 1726
3 1873 1731 1729
3 1873 1729 1730
3 1729 1731 1733
3 1729 1733 1732
3 1735 1734 1732
3 1735 1732 1733
3 1728 1732 1734
3 1728 1734 1737
3 1735 1871 1736
3 1735 1736 1734
3 1736 1738 1737
3 1736 1737 1734
3 1739 1737 1738
3 1739 1738 1740
3 1728 1737 1739
3 1728 1739 1725
3 1742 1741 1739
3 1742 1739 1740
3 1725 1739 1741
3 1725 1741 1722
3 1742 1745 1743
3 1742 1743 1741
3 1722 1741 1743
3 1722 1743 1719
3 1719 1743 1744
3 1719 1744 1716
3 1745 1746 1744
3 1745 1744 1743
3 1745 1747 1750
3 1745 1750 1746
3 1742 1749 1747
3 1742 1747 1745
3 1748 1747 1749
3 1748 1749 1796
3 1748 1751 1750
3 1748 1750 1747
3 1752 1750 1751
3 1752 1751 1753
3 1746 1750 1752
3 1746 1752 1754
3 1752 1753 1756
3 1752 1756 1755
3 1752 1755 1757
3 1752 1757 1754
3 1755 1756 1760
3 1755 1760 1758
3 1757 1755 1758
3 1757 1758 1761
3 1761 1758 1759
3 1761 1759 1763
3 1784 1759 1758
3 1784 1758 1760
3 1761 1763 1765
3 1761 1765 1762
3 1757 1761 1762
3 1757 1762 4522
3 1778 1764 1763
3 1778 1763 1759
3 1765 1763 1764
3 1765 1764 1766
3 1765 1767 1707
3 1765 1707 1762
3 1765 1766 1768
3 1765 1768 1767
3 1768 1769 1708
3 1768 1708 1767
3 1768 1770 1771
3 1768 1771 1769
3 1768 1766 1773
3 1768 1773 1770
3 1771 1770 1772
3 1771 1772 2343
3 1774 1772 1770
3 1774 1770 1773
3 1775 1776 1774
3 1775 1774 1773
3 1775 1773 1766
3 1775 1766 1764
3 1775 1777 1779
3 1775 1779 1776
3 1778 1777 1775
3 1778 1775 1764
3 1778 1783 1780
3 1778 1780 1777
3 1781 1779 1777
3 1781 1777 1780
3 1782 2319 1781
3 1782 1781 1780
3 1782 1780 1783
3 1782 1783 1785
3 1784 1783 1778
3 1784 1778 1759
3 1784 1787 1785
3 1784 1785 1783
3 1786 4376 1782
3 1786 1782 1785
3 1786 1785 1787
3 1786 1787 1788
3 1789 1787 1784
3 1789 1784 1760
3 1789 1790 1788
3 1789 1788 1787
3 1789 1760 1756
3 1789 1756 1791
3 1792 1790 1789
3 1792 1789 1791
3 1753 1793 1791
3 1753 1791 1756
3 1792 1791 1793
3 1792 1793 1794
3 1753 1751 1795
3 1753 1795 1793
3 1793 1795 1797
3 1793 1797 1794
3 1748 1796 1795
3 1748 1795 1751
3 1798 1797 1795
3 1798 1795 1796
3 1798 1802 1799
3 1798 1799 1797
3 1801 1794 1797
3 1801 1797 1799
3 1800 1799 1802
3 1800 1802 1804
3 1800 4421 1801
3 1800 1801 1799
3 1803 1802 1798
3 1803 1798 4521
3 1803 1805 1804
3 1803 1804 1802
3 1806 1804 1805
3 1806 1805 1807
3 1806 1808 1800
3 1806 1800 1804
3 1810 1809 1806
3 1810 1806 1807
3 1806 1809 1811
3 1806 1811 1808
3 1810 1815 1812
3 1810 1812 1809
3 1813 1811 1809
3 1813 1809 1812
3 1814 4397 1813
3 1814 1813 1812
3 1814 1812 1815
3 1814 1815 1817
3 1816 1815 1810
3 1816 1810 1870
3 1816 1819 1817
3 1816 1817 1815
3 1818 4409 1814
3 1818 1814 1817
3 1818 1817 1819
3 1818 1819 1821
3 1820 1819 1816
3 1820 1816 1867
3 1820 1823 1821
3 1820 1821 1819
3 1822 4412 1818
3 1822 1818 1821
3 1822 1821 1823
3 1822 1823 1825
3 1824 1823 1820
3 1824 1820 1863
3 1824 1827 1825
3 1824 1825 1823
3 1826 4415 1822
3 1826 1822 1825
3 1826 1825 1827
3 1826 1827 1829
3 1828 1827 1824
3 1828 1824 1859
3 1828 1831 1829
3 1828 1829 1827
3 1830 4417 1826
3 1830 1826 1829
3 1830 1829 1831
3 1830 1831 1832
3 1833 1831 1828
3 1833 1828 1834
3 1833 1836 1832
3 1833 1832 1831
3 1833 1834 1851
3 1833 1851 1835
3 1837 1836 1833
3 1837 1833 1835
3 1837 1841 1838
3 1837 1838 1836
3 1840 1832 1836
3 1840 1836 1838
3 1839 1838 1841
3 1839 1841 1842
3 1839 2257 1840
3 1839 1840 1838
3 1843 1841 1837
3 1843 1837 1846
3 1843 1844 1842
3 1843 1842 1841
3 4428 1844 1843
3 4428 1843 1845
3 1843 1846 1847
3 1843 1847 1845
3 1837 1835 1848
3 1837 1848 1846
3 1849 1847 1846
3 1849 1846 1848
3 1850 1848 1835
3 1850 1835 1851
3 1849 1848 1850
3 1849 1850 1852
3 1850 1851 1856
3 1850 1856 1853
3 1850 1853 1855
3 1850 1855 1852
3 1882 1855 1853
3 1882 1853 1854
3 1856 1857 1854
3 1856 1854 1853
3 1856 1851 1834
3 1856 1834 1858
3 1856 1858 1860
3 1856 1860 1857
3 1828 1859 1858
3 1828 1858 1834
3 1860 1858 1859
3 1860 1859 1862
3 1860 1861 1877
3 1860 1877 1857
3 1860 1862 1864
3 1860 1864 1861
3 1824 1863 1862
3 1824 1862 1859
3 1864 1862 1863
3 1864 1863 1866
3 1864 1865 1872
3 1864 1872 1861
3 1864 1866 1868
3 1864 1868 1865
3 1820 1867 1866
3 1820 1866 1863
3 1868 1866 1867
3 1868 1867 1869
3 1868 1869 1735
3 1868 1735 1733
3 1868 1733 1731
3 1868 1731 1865
3 1816 1870 1869
3 1816 1869 1867
3 1735 1869 1870
3 1735 1870 1871
3 1810 1807 1871
3 1810 1871 1870
3 1736 1871 1807
3 1736 1807 1805
3 1873 1872 1865
3 1873 1865 1731
3 1874 1872 1873
3 1874 1873 1876
3 1874 1877 1861
3 1874 1861 1872
3 1874 1876 1921
3 1874 1921 1875
3 1878 1877 1874
3 1878 1874 1875
3 1878 1854 1857
3 1878 1857 1877
3 1882 1854 1878
3 1882 1878 1879
3 1878 1875 1881
3 1878 1881 1879
3 1895 1880 1879
3 1895 1879 1881
3 1882 1879 1880
3 1882 1880 1883
3 1884 1855 1882
3 1884 1882 1883
3 1884 1883 1885
3 1884 1885 1887
3 1886 1885 1883
3 1886 1883 1880
3 1886 1891 1888
3 1886 1888 1885
3 1888 1889 1887
3 1888 1887 1885
3 1888 1890 1922
3 1888 1922 1889
3 1892 1890 1888
3 1892 1888 1891
3 1892 1891 1893
3 1892 1893 1581
3 1893 1891 1886
3 1893 1886 1894
3 1893 1894 1896
3 1893 1896 1585
3 1895 1894 1886
3 1895 1886 1880
3 1896 1894 1895
3 1896 1895 1897
3 1896 1898 1587
3 1896 1587 1585
3 1896 1897 1899
3 1896 1899 1898
3 1900 1589 1587
3 1900 1587 1898
3 1899 1901 1900
3 1899 1900 1898
3 1900 1902 1681
3 1900 1681 1589
3 1903 1902 1900
3 1903 1900 1901
3 1903 1905 1682
3 1903 1682 1902
3 1918 1904 1903
3 1918 1903 1901
3 1906 1905 1903
3 1906 1903 1904
3 1906 1692 1686
3 1906 1686 1905
3 1910 1692 1906
3 1910 1906 1907
3 1908 1907 1906
3 1908 1906 1904
3 1908 1913 1909
3 1908 1909 1907
3 1909 1911 1910
3 1909 1910 1907
3 1912 1693 1910
3 1912 1910 1911
3 1909 1721 1718
3 1909 1718 1911
3 1718 1715 1912
3 1718 1912 1911
3 1715 1712 1697
3 1715 1697 1912
3 1909 1913 1724
3 1909 1724 1721
3 1724 1913 1914
3 1724 1914 1727
3 1908 1916 1914
3 1908 1914 1913
3 1914 1915 1730
3 1914 1730 1727
3 1914 1916 1917
3 1914 1917 1915
3 1918 1919 1917
3 1918 1917 1916
3 1918 1916 1908
3 1918 1908 1904
3 1899 1919 1918
3 1899 1918 1901
3 1917 1919 1920
3 1917 1920 1921
3 1899 1897 1920
3 1899 1920 1919
3 1920 1881 1875
3 1920 1875 1921
3 1920 1897 1895
3 1920 1895 1881
3 1917 1921 1876
3 1917 1876 1915
3 1873 1730 1915
3 1873 1915 1876
3 1923 1890 1892
3 1923 1892 1580
3 1923 1925 1922
3 1923 1922 1890
3 1923 1580 1574
3 1923 1574 1924
3 1927 1925 1923
3 1927 1923 1924
3 1927 1929 1926
3 1927 1926 1925
3 1922 1925 1926
3 1922 1926 4499
3 1927 1924 1570
3 1927 1570 1928
3 1931 1929 1927
3 1931 1927 1928
3 1926 1929 1930
3 1926 1930 4497
3 1931 1933 1930
3 1931 1930 1929
3 1931 1928 1566
3 1931 1566 1932
3 1935 1933 1931
3 1935 1931 1932
3 1930 1933 1934
3 1930 1934 4496
3 1935 1937 1934
3 1935 1934 1933
3 1935 1932 1562
3 1935 1562 1936
3 1939 1937 1935
3 1939 1935 1936
3 1934 1937 1938
3 1934 1938 1942
3 1939 1940 1938
3 1939 1938 1937
3 1939 1936 1558
3 1939 1558 1556
3 1554 1940 1939
3 1554 1939 1556
3 1554 1451 1449
3 1554 1449 1940
3 1938 1940 1449
3 1938 1449 1941
3 1938 1941 1944
3 1938 1944 1942
3 1934 1942 1943
3 1934 1943 4496
3 1945 1943 1942
3 1945 1942 1944
3 1946 1944 1941
3 1946 1941 1448
3 1946 1947 1945
3 1946 1945 1944
3 1445 1948 1946
3 1445 1946 1448
3 1946 1948 1949
3 1946 1949 1947
3 1445 1442 1950
3 1445 1950 1948
3 1951 1949 1948
3 1951 1948 1950
3 1952 1950 1442
3 1952 1442 1439
3 1952 1953 1951
3 1952 1951 1950
3 1436 1954 1952
3 1436 1952 1439
3 1952 1954 1955
3 1952 1955 1953
3 1434 1956 1954
3 1434 1954 1436
3 1957 1955 1954
3 1957 1954 1956
3 1432 1958 1956
3 1432 1956 1434
3 1959 1957 1956
3 1959 1956 1958
3 1961 1960 1958
3 1961 1958 1432
3 1962 1959 1958
3 1962 1958 1960
3 1965 1963 1960
3 1965 1960 1961
3 1964 1962 1960
3 1964 1960 1963
3 1969 1964 1963
3 1969 1963 1966
3 1967 1966 1963
3 1967 1963 1965
3 2055 1968 1966
3 2055 1966 1967
3 1971 1969 1966
3 1971 1966 1968
3 1969 1970 4475
3 1969 4475 1964
3 1971 1973 1970
3 1971 1970 1969
3 1972 1974 1973
3 1972 1973 1971
3 1972 1971 1968
3 1972 1968 2052
3 1978 1975 1973
3 1978 1973 1974
3 1975 1977 1970
3 1975 1970 1973
3 1978 1979 1976
3 1978 1976 1975
3 1975 1976 4457
3 1975 4457 1977
3 1980 1981 1979
3 1980 1979 1978
3 1980 1978 1974
3 1980 1974 1982
3 1984 1981 1980
3 1984 1980 1983
3 1980 1982 1986
3 1980 1986 1983
3 1984 1983 1985
3 1984 1985 4470
3 1988 1985 1983
3 1988 1983 1986
3 1988 1986 1987
3 1988 1987 1989
3 1987 1986 1982
3 1987 1982 2053
3 1988 1990 1992
3 1988 1992 1985
3 1993 1990 1988
3 1993 1988 1989
3 1993 1995 1991
3 1993 1991 1990
3 2174 1992 1990
3 2174 1990 1991
3 1993 1989 2046
3 1993 2046 1994
3 1997 1995 1993
3 1997 1993 1994
3 1997 1999 1996
3 1997 1996 1995
3 2170 1991 1995
3 2170 1995 1996
3 1997 1994 2044
3 1997 2044 1998
3 2000 1999 1997
3 2000 1997 1998
3 2002 1996 1999
3 2002 1999 2001
3 2000 2003 2001
3 2000 2001 1999
3 2004 2005 2002
3 2004 2002 2001
3 2004 2001 2003
3 2004 2003 2006
3 2004 2007 2008
3 2004 2008 2005
3 2009 2007 2004
3 2009 2004 2006
3 2011 2008 2007
3 2011 2007 2010
3 2009 2013 2010
3 2009 2010 2007
3 2012 4519 2011
3 2012 2011 2010
3 2012 2010 2013
3 2012 2013 2014
3 2015 2016 2014
3 2015 2014 2013
3 2015 2013 2009
3 2015 2009 2018
3 2089 2016 2015
3 2089 2015 2017
3 2015 2018 2020
3 2015 2020 2017
3 2021 2020 2018
3 2021 2018 2019
3 2009 2006 2019
3 2009 2019 2018
3 2022 2020 2021
3 2022 2021 2025
3 2022 2024 2017
3 2022 2017 2020
3 2022 2025 2027
3 2022 2027 2023
3 2078 2024 2022
3 2078 2022 2023
3 2021 2042 2026
3 2021 2026 2025
3 2028 2027 2025
3 2028 2025 2026
3 1160 2027 2028
3 1160 2028 1163
3 1160 1158 2023
3 1160 2023 2027
3 2028 2029 1166
3 2028 1166 1163
3 2028 2026 2030
3 2028 2030 2029
3 1169 1166 2029
3 1169 2029 2031
3 2030 2033 2031
3 2030 2031 2029
3 1169 2031 2032
3 1169 2032 1172
3 2032 2031 2033
3 2032 2033 2034
3 2035 2037 2034
3 2035 2034 2033
3 2030 2036 2035
3 2030 2035 2033
3 2035 2036 2040
3 2035 2040 2038
3 2035 2038 2039
3 2035 2039 2037
3 2000 1998 2038
3 2000 2038 2040
3 2039 2038 1998
3 2039 1998 2044
3 2041 2003 2000
3 2041 2000 2040
3 2041 2040 2036
3 2041 2036 2042
3 2041 2019 2006
3 2041 2006 2003
3 2021 2019 2041
3 2021 2041 2042
3 2030 2026 2042
3 2030 2042 2036
3 2039 2043 2068
3 2039 2068 2037
3 2039 2044 2045
3 2039 2045 2043
3 2045 2044 1994
3 2045 1994 2046
3 2045 2047 2048
3 2045 2048 2043
3 2045 2046 2050
3 2045 2050 2047
3 2047 2049 2059
3 2047 2059 2048
3 2047 2050 2051
3 2047 2051 2049
3 1987 2050 2046
3 1987 2046 1989
3 1987 2053 2051
3 1987 2051 2050
3 2049 2051 2052
3 2049 2052 2054
3 2053 1972 2052
3 2053 2052 2051
3 2053 1982 1974
3 2053 1974 1972
3 2054 2052 1968
3 2054 1968 2055
3 2054 2055 2058
3 2054 2058 2056
3 2049 2054 2056
3 2049 2056 2059
3 2060 2059 2056
3 2060 2056 2057
3 2057 2056 2058
3 2057 2058 2075
3 2061 2048 2059
3 2061 2059 2060
3 2060 2057 2064
3 2060 2064 2062
3 2061 2060 2062
3 2061 2062 2065
3 2063 2066 2065
3 2063 2065 2062
3 2063 2062 2064
3 2063 2064 2074
3 2067 2065 2066
3 2067 2066 2069
3 2067 2068 2061
3 2067 2061 2065
3 2067 2034 2037
3 2067 2037 2068
3 2032 2034 2067
3 2032 2067 2069
3 2032 2069 1175
3 2032 1175 1172
3 2070 1175 2069
3 2070 2069 2066
3 2061 2068 2043
3 2061 2043 2048
3 2070 2066 2063
3 2070 2063 2071
3 2070 2071 1182
3 2070 1182 1174
3 2073 1182 2071
3 2073 2071 2072
3 2063 2074 2072
3 2063 2072 2071
3 2073 2072 1415
3 2073 1415 1412
3 2074 1417 1415
3 2074 1415 2072
3 2074 2064 1420
3 2074 1420 1417
3 2073 1412 1409
3 2073 1409 1181
3 2057 2075 1420
3 2057 1420 2064
3 2075 2058 2076
3 2075 2076 1421
3 2055 1967 2076
3 2055 2076 2058
3 1967 1965 1425
3 1967 1425 2076
3 2080 2077 2024
3 2080 2024 2078
3 2089 2017 2024
3 2089 2024 2077
3 2078 2023 1158
3 2078 1158 2079
3 2080 2078 2079
3 2080 2079 2081
3 2082 2080 2081
3 2082 2081 2084
3 2082 2085 2077
3 2082 2077 2080
3 2083 2082 2084
3 2083 2084 4045
3 2083 2086 2085
3 2083 2085 2082
3 2088 2087 2085
3 2088 2085 2086
3 2087 2089 2077
3 2087 2077 2085
3 2088 2092 2090
3 2088 2090 2087
3 2087 2090 2016
3 2087 2016 2089
3 2091 2014 2016
3 2091 2016 2090
3 2093 2091 2090
3 2093 2090 2092
3 2096 2094 2092
3 2096 2092 2088
3 2097 2093 2092
3 2097 2092 2094
3 2096 4040 2095
3 2096 2095 2094
3 2097 2094 2095
3 2097 2095 2099
3 2101 2098 2097
3 2101 2097 2099
3 2097 2098 2110
3 2097 2110 2093
3 4043 2100 2099
3 4043 2099 2095
3 2101 2099 2100
3 2101 2100 2102
3 2103 2101 2102
3 2103 2102 2105
3 2103 2106 2098
3 2103 2098 2101
3 2104 2107 2106
3 2104 2106 2103
3 2104 2103 2105
3 2104 2105 3630
3 2108 2106 2107
3 2108 2107 2109
3 2108 2110 2098
3 2108 2098 2106
3 2108 2109 2115
3 2108 2115 2112
3 2108 2111 4520
3 2108 4520 2110
3 2108 2112 2113
3 2108 2113 2111
3 2155 2113 2112
3 2155 2112 2114
3 2114 2112 2115
3 2114 2115 2117
3 2116 2115 2109
3 2116 2109 3640
3 2117 2115 2116
3 2117 2116 2119
3 2117 2119 2120
3 2117 2120 2118
3 2114 2117 2118
3 2114 2118 2153
3 2116 2122 2121
3 2116 2121 2119
3 2124 2120 2119
3 2124 2119 2121
3 2123 2121 2122
3 2123 2122 3642
3 2124 2121 2123
3 2124 2123 2126
3 2151 2120 2124
3 2151 2124 2125
3 2124 2126 2127
3 2124 2127 2125
3 2123 2129 2128
3 2123 2128 2126
3 2131 2127 2126
3 2131 2126 2128
3 2130 2128 2129
3 2130 2129 3648
3 2131 2128 2130
3 2131 2130 2132
3 2134 2133 2131
3 2134 2131 2132
3 2136 2127 2131
3 2136 2131 2133
3 2134 2839 2135
3 2134 2135 2133
3 2135 2137 2136
3 2135 2136 2133
3 2140 2138 2136
3 2140 2136 2137
3 2136 2138 2125
3 2136 2125 2127
3 2151 2125 2138
3 2151 2138 2139
3 2142 2139 2138
3 2142 2138 2140
3 2833 2141 2140
3 2833 2140 2137
3 2142 2140 2141
3 2142 2141 2143
3 2144 2142 2143
3 2144 2143 2145
3 2144 2147 2139
3 2144 2139 2142
3 2146 2144 2145
3 2146 2145 4184
3 2146 2148 2147
3 2146 2147 2144
3 2150 2149 2147
3 2150 2147 2148
3 2149 2151 2139
3 2149 2139 2147
3 2150 2153 2118
3 2150 2118 2149
3 2149 2118 2120
3 2149 2120 2151
3 2152 2150 2148
3 2152 2148 4189
3 2152 2154 2153
3 2152 2153 2150
3 2155 2114 2153
3 2155 2153 2154
3 2157 2155 2154
3 2157 2154 2156
3 2152 2158 2156
3 2152 2156 2154
3 2159 2162 2157
3 2159 2157 2156
3 2159 2156 2158
3 2159 2158 2161
3 4196 2160 2159
3 4196 2159 2161
3 2159 2160 2163
3 2159 2163 2162
3 2157 2162 2164
3 2157 2164 2165
3 2166 2164 2162
3 2166 2162 2163
3 2011 4519 2165
3 2011 2165 2164
3 2011 2164 2166
3 2011 2166 2008
3 2166 2167 2005
3 2166 2005 2008
3 2166 2163 2168
3 2166 2168 2167
3 2002 2005 2167
3 2002 2167 2169
3 2168 2171 2169
3 2168 2169 2167
3 2002 2169 2170
3 2002 2170 1996
3 2170 2169 2171
3 2170 2171 2173
3 2172 2175 2173
3 2172 2173 2171
3 2168 4198 2172
3 2168 2172 2171
3 2170 2173 2174
3 2170 2174 1991
3 2174 2173 2175
3 2174 2175 2176
3 2172 2178 2177
3 2172 2177 2175
3 2177 2180 2176
3 2177 2176 2175
3 2177 2178 4200
3 2177 4200 2179
3 2177 2179 2182
3 2177 2182 2180
3 4471 2176 2180
3 4471 2180 2181
3 2182 2184 2181
3 2182 2181 2180
3 2182 2179 4203
3 2182 4203 2183
3 2182 2183 2186
3 2182 2186 2184
3 4468 2181 2184
3 4468 2184 2185
3 2186 2188 2185
3 2186 2185 2184
3 2186 2183 4206
3 2186 4206 2187
3 2186 2187 2190
3 2186 2190 2188
3 2190 2191 2189
3 2190 2189 2188
3 2189 4469 2185
3 2189 2185 2188
3 2190 2192 2195
3 2190 2195 2191
3 2190 2187 2194
3 2190 2194 2192
3 2193 2192 2194
3 2193 2194 4211
3 2195 2192 2193
3 2195 2193 2197
3 2195 2196 2213
3 2195 2213 2191
3 2195 2197 2198
3 2195 2198 2196
3 2202 2198 2197
3 2202 2197 2199
3 2193 2200 2199
3 2193 2199 2197
3 2201 2199 2200
3 2201 2200 4215
3 2201 2203 2202
3 2201 2202 2199
3 2202 2204 2207
3 2202 2207 2198
3 2202 2203 2205
3 2202 2205 2204
3 2710 2206 2204
3 2710 2204 2205
3 2207 2204 2206
3 2207 2206 2208
3 2207 2208 2210
3 2207 2210 2209
3 2207 2209 2196
3 2207 2196 2198
3 2209 2210 2214
3 2209 2214 2211
3 2209 2211 2213
3 2209 2213 2196
3 2211 2212 4472
3 2211 4472 2213
3 2211 2214 2215
3 2211 2215 2212
3 2219 2216 2214
3 2219 2214 2210
3 2215 2214 2216
3 2215 2216 2217
3 2217 2216 2218
3 2217 2218 4473
3 2219 2222 2218
3 2219 2218 2216
3 2219 2221 2700
3 2219 2700 2220
3 2219 2220 2223
3 2219 2223 2222
3 2219 2210 2208
3 2219 2208 2221
3 2225 2224 2222
3 2225 2222 2223
3 2226 2218 2222
3 2226 2222 2224
3 2227 2224 2225
3 2227 2225 2229
3 2226 2224 2227
3 2226 2227 2228
3 2227 2230 2233
3 2227 2233 2228
3 2227 2229 2232
3 2227 2232 2230
3 2235 2233 2230
3 2235 2230 2231
3 2232 4339 2231
3 2232 2231 2230
3 2234 4445 2228
3 2234 2228 2233
3 2234 2233 2235
3 2234 2235 2236
3 2235 2237 2239
3 2235 2239 2236
3 2235 2231 2240
3 2235 2240 2237
3 4437 2239 2237
3 4437 2237 2238
3 2240 2242 2238
3 2240 2238 2237
3 2240 2231 4339
3 2240 4339 2241
3 2240 2241 2244
3 2240 2244 2242
3 4426 2238 2242
3 4426 2242 2243
3 2244 2246 2243
3 2244 2243 2242
3 2244 2241 4340
3 2244 4340 2245
3 2244 2245 2248
3 2244 2248 2246
3 4424 2243 2246
3 4424 2246 2247
3 2248 2249 2247
3 2248 2247 2246
3 2248 2250 2253
3 2248 2253 2249
3 2248 2245 2251
3 2248 2251 2250
3 4346 2252 2250
3 4346 2250 2251
3 2253 2250 2252
3 2253 2252 2254
3 2253 2254 2258
3 2253 2258 2255
3 2253 2255 2257
3 2253 2257 2249
3 1840 2257 2255
3 1840 2255 2256
3 2258 2259 2256
3 2258 2256 2255
3 2258 2260 2261
3 2258 2261 2259
3 2258 2254 2262
3 2258 2262 2260
3 2261 2260 2263
3 2261 2263 2265
3 2264 2263 2260
3 2264 2260 2262
3 2264 2267 2266
3 2264 2266 2263
3 2266 2268 2265
3 2266 2265 2263
3 2266 2267 2271
3 2266 2271 2269
3 2266 2269 2272
3 2266 2272 2268
3 2666 2270 2269
3 2666 2269 2271
3 2272 2269 2270
3 2272 2270 2274
3 2272 2273 4418
3 2272 4418 2268
3 2272 2274 2276
3 2272 2276 2273
3 2662 2275 2274
3 2662 2274 2270
3 2276 2274 2275
3 2276 2275 2278
3 2276 2277 4419
3 2276 4419 2273
3 2276 2278 2280
3 2276 2280 2277
3 2658 2279 2278
3 2658 2278 2275
3 2280 2278 2279
3 2280 2279 2282
3 2280 2281 4420
3 2280 4420 2277
3 2280 2282 2284
3 2280 2284 2281
3 2656 2283 2282
3 2656 2282 2279
3 2284 2282 2283
3 2284 2283 2286
3 2284 2285 4399
3 2284 4399 2281
3 2284 2286 2288
3 2284 2288 2285
3 2654 2287 2286
3 2654 2286 2283
3 2288 2286 2287
3 2288 2287 2290
3 2288 2289 4400
3 2288 4400 2285
3 2288 2290 2292
3 2288 2292 2289
3 2652 2291 2290
3 2652 2290 2287
3 2292 2290 2291
3 2292 2291 2294
3 2292 2293 4402
3 2292 4402 2289
3 2292 2294 2296
3 2292 2296 2293
3 2650 2295 2294
3 2650 2294 2291
3 2296 2294 2295
3 2296 2295 2298
3 2296 2297 4404
3 2296 4404 2293
3 2296 2298 2300
3 2296 2300 2297
3 2648 2299 2298
3 2648 2298 2295
3 2300 2298 2299
3 2300 2299 2302
3 2300 2301 4406
3 2300 4406 2297
3 2300 2302 2304
3 2300 2304 2301
3 2646 2303 2302
3 2646 2302 2299
3 2304 2302 2303
3 2304 2303 2306
3 2304 2305 4423
3 2304 4423 2301
3 2304 2306 2308
3 2304 2308 2305
3 2644 2307 2306
3 2644 2306 2303
3 2308 2306 2307
3 2308 2307 2309
3 2308 2309 2311
3 2308 2311 2310
3 2308 2310 2313
3 2308 2313 2305
3 2311 2626 2312
3 2311 2312 2310
3 2315 2313 2310
3 2315 2310 2312
3 2314 2313 2315
3 2314 2315 2316
3 2314 4423 2305
3 2314 2305 2313
3 2315 2317 2319
3 2315 2319 2316
3 2315 2312 2320
3 2315 2320 2317
3 1781 2319 2317
3 1781 2317 2318
3 2320 2322 2318
3 2320 2318 2317
3 2320 2312 2626
3 2320 2626 2321
3 2320 2321 2324
3 2320 2324 2322
3 2348 2318 2322
3 2348 2322 2323
3 2324 2326 2323
3 2324 2323 2322
3 2324 2321 2542
3 2324 2542 2325
3 2324 2325 2327
3 2324 2327 2326
3 2327 2329 2328
3 2327 2328 2326
3 2330 2323 2326
3 2330 2326 2328
3 2331 2328 2329
3 2331 2329 2332
3 2330 2328 2331
3 2330 2331 2333
3 2331 2332 2335
3 2331 2335 2334
3 2331 2334 2336
3 2331 2336 2333
3 2335 2338 2337
3 2335 2337 2334
3 2340 2336 2334
3 2340 2334 2337
3 2338 2556 2339
3 2338 2339 2337
3 2340 2337 2339
3 2340 2339 2341
3 2340 2341 2344
3 2340 2344 2342
3 2345 2336 2340
3 2345 2340 2342
3 2345 2342 2343
3 2345 2343 1772
3 2344 2350 2343
3 2344 2343 2342
3 1774 2346 2345
3 1774 2345 1772
3 2345 2346 2333
3 2345 2333 2336
3 1774 1776 2347
3 1774 2347 2346
3 2330 2333 2346
3 2330 2346 2347
3 2348 2323 2330
3 2348 2330 2347
3 2348 2347 1776
3 2348 1776 1779
3 1781 2318 2348
3 1781 2348 1779
3 2344 2341 2564
3 2344 2564 2349
3 2344 2349 2351
3 2344 2351 2350
3 1771 2343 2350
3 1771 2350 2352
3 2352 2350 2351
3 2352 2351 2354
3 1771 2352 2353
3 1771 2353 1769
3 2352 2354 2356
3 2352 2356 2353
3 2354 2351 2566
3 2354 2566 2355
3 2354 2355 2357
3 2354 2357 2356
3 1705 2353 2356
3 1705 2356 1703
3 2357 2358 1703
3 2357 1703 2356
3 2357 2359 2360
3 2357 2360 2358
3 2355 2362 2359
3 2355 2359 2357
3 2360 2359 2361
3 2360 2361 4362
3 2364 2361 2359
3 2364 2359 2362
3 2365 2364 2362
3 2365 2362 2363
3 2355 2566 2363
3 2355 2363 2362
3 2365 2369 2366
3 2365 2366 2364
3 2364 2366 2368
3 2364 2368 2361
3 2368 2366 2367
3 2368 2367 2453
3 2371 2367 2366
3 2371 2366 2369
3 2568 2370 2369
3 2568 2369 2365
3 2372 2371 2369
3 2372 2369 2370
3 2372 2376 2373
3 2372 2373 2371
3 2371 2373 2375
3 2371 2375 2367
3 2377 2374 2373
3 2377 2373 2376
3 2375 2373 2374
3 2375 2374 2451
3 2380 2378 2376
3 2380 2376 2372
3 2381 2377 2376
3 2381 2376 2378
3 2380 2572 2379
3 2380 2379 2378
3 2382 2381 2378
3 2382 2378 2379
3 2381 2383 2384
3 2381 2384 2377
3 2382 2385 2383
3 2382 2383 2381
3 2386 2387 2384
3 2386 2384 2383
3 2388 2386 2383
3 2388 2383 2385
3 2386 2389 2390
3 2386 2390 2387
3 2388 2392 2389
3 2388 2389 2386
3 2390 2389 2391
3 2390 2391 4375
3 2393 2391 2389
3 2393 2389 2392
3 2393 2392 2394
3 2393 2394 2396
3 2395 2394 2392
3 2395 2392 2388
3 2395 2399 2397
3 2395 2397 2394
3 2400 2396 2394
3 2400 2394 2397
3 2400 2397 2398
3 2400 2398 2401
3 2398 2397 2399
3 2398 2399 2601
3 2402 2400 2401
3 2402 2401 2403
3 2402 2404 2396
3 2402 2396 2400
3 2402 2403 2406
3 2402 2406 2405
3 2407 2404 2402
3 2407 2402 2405
3 2409 2408 2405
3 2409 2405 2406
3 2407 2405 2408
3 2407 2408 2410
3 2411 2408 2409
3 2411 2409 2412
3 2413 2410 2408
3 2413 2408 2411
3 2411 2412 2417
3 2411 2417 2414
3 2413 2411 2414
3 2413 2414 2416
3 2433 2416 2414
3 2433 2414 2415
3 2415 2414 2417
3 2415 2417 2418
3 2419 2417 2412
3 2419 2412 2420
3 2418 2417 2419
3 2418 2419 2422
3 2419 2420 2611
3 2419 2611 2421
3 2419 2421 2423
3 2419 2423 2422
3 2423 2426 2424
3 2423 2424 2422
3 2418 2422 2424
3 2418 2424 2427
3 2425 2424 2426
3 2425 2426 2486
3 2428 2427 2424
3 2428 2424 2425
3 2430 2429 2427
3 2430 2427 2428
3 2415 2418 2427
3 2415 2427 2429
3 2432 2431 2429
3 2432 2429 2430
3 2433 2415 2429
3 2433 2429 2431
3 2435 2434 2431
3 2435 2431 2432
3 2436 2433 2431
3 2436 2431 2434
3 2438 2437 2434
3 2438 2434 2435
3 2439 2436 2434
3 2439 2434 2437
3 2441 2440 2437
3 2441 2437 2438
3 2442 2439 2437
3 2442 2437 2440
3 2445 2443 2440
3 2445 2440 2441
3 2446 2442 2440
3 2446 2440 2443
3 2463 2444 2443
3 2463 2443 2445
3 2446 2443 2444
3 2446 2444 2448
3 2450 2447 2446
3 2450 2446 2448
3 2446 2447 4367
3 2446 4367 2442
3 2457 2449 2448
3 2457 2448 2444
3 2450 2448 2449
3 2450 2449 2452
3 2450 2451 4364
3 2450 4364 2447
3 2375 2451 2450
3 2375 2450 2452
3 2454 2453 2452
3 2454 2452 2449
3 2375 2452 2453
3 2375 2453 2367
3 2368 2453 2454
3 2368 2454 2455
3 2454 2456 2458
3 2454 2458 2455
3 2454 2449 2457
3 2454 2457 2456
3 2457 2462 2459
3 2457 2459 2456
3 2461 2458 2456
3 2461 2456 2459
3 2461 2459 2460
3 2461 2460 1688
3 2460 2459 2462
3 2460 2462 2464
3 2457 2444 2463
3 2457 2463 2462
3 2463 2466 2464
3 2463 2464 2462
3 2460 2464 2465
3 2460 2465 1684
3 2465 2464 2466
3 2465 2466 2468
3 2463 2445 2467
3 2463 2467 2466
3 2468 2466 2467
3 2468 2467 2469
3 2465 2468 1677
3 2465 1677 1679
3 2468 2469 1675
3 2468 1675 1677
3 2469 2470 1673
3 2469 1673 1675
3 2469 2467 2471
3 2469 2471 2470
3 2470 2472 1671
3 2470 1671 1673
3 2470 2471 2473
3 2470 2473 2472
3 2472 2474 1669
3 2472 1669 1671
3 2472 2473 2475
3 2472 2475 2474
3 2474 2476 1667
3 2474 1667 1669
3 2474 2475 2477
3 2474 2477 2476
3 2476 2478 1665
3 2476 1665 1667
3 2476 2477 2479
3 2476 2479 2478
3 2478 2480 1663
3 2478 1663 1665
3 2478 2479 2481
3 2478 2481 2480
3 1663 2480 2482
3 1663 2482 1661
3 2484 2482 2480
3 2484 2480 2481
3 2483 4359 1661
3 2483 1661 2482
3 2484 2485 2483
3 2484 2483 2482
3 2425 2486 2485
3 2425 2485 2484
3 2428 2425 2484
3 2428 2484 2481
3 2489 2487 2485
3 2489 2485 2486
3 2483 2485 2487
3 2483 2487 2488
3 2488 2487 2490
3 2488 2490 2491
3 2489 2492 2490
3 2489 2490 2487
3 2491 2490 2493
3 2491 2493 2494
3 2493 2490 2492
3 2493 2492 2495
3 2493 2496 2497
3 2493 2497 2494
3 2493 2495 2498
3 2493 2498 2496
3 2496 2499 2500
3 2496 2500 2497
3 2496 2498 2501
3 2496 2501 2499
3 2500 2499 2502
3 2500 2502 2503
3 2504 2502 2499
3 2504 2499 2501
3 2503 2502 2505
3 2503 2505 2506
3 2504 2507 2505
3 2504 2505 2502
3 2508 2510 2506
3 2508 2506 2505
3 2507 2509 2508
3 2507 2508 2505
3 2508 2509 2512
3 2508 2512 2511
3 2508 2511 2514
3 2508 2514 2510
3 2623 2513 2511
3 2623 2511 2512
3 2514 2511 2513
3 2514 2513 2515
3 2514 374 377
3 2514 377 2510
3 2514 2515 2517
3 2514 2517 374
3 2624 2516 2515
3 2624 2515 2513
3 2517 2515 2516
3 2517 2516 2518
3 2517 2518 2519
3 2517 2519 375
3 2519 2518 2520
3 2519 2520 2521
3 2522 2520 2518
3 2522 2518 2516
3 2523 2524 2521
3 2523 2521 2520
3 2522 2525 2523
3 2522 2523 2520
3 2523 2526 2527
3 2523 2527 2524
3 2523 2525 2528
3 2523 2528 2526
3 2527 2526 2529
3 2527 2529 2530
3 2531 2529 2526
3 2531 2526 2528
3 2532 2533 2530
3 2532 2530 2529
3 2531 2534 2532
3 2531 2532 2529
3 2532 2535 2536
3 2532 2536 2533
3 2532 2534 2537
3 2532 2537 2535
3 2536 2535 2538
3 2536 2538 2539
3 2541 2538 2535
3 2541 2535 2537
3 2540 2625 2539
3 2540 2539 2538
3 2540 2538 2541
3 2540 2541 2542
3 2541 2543 2325
3 2541 2325 2542
3 2541 2537 2544
3 2541 2544 2543
3 2327 2325 2543
3 2327 2543 2545
3 2544 2546 2545
3 2544 2545 2543
3 2327 2545 2547
3 2327 2547 2329
3 2547 2545 2546
3 2547 2546 2548
3 2547 2549 2332
3 2547 2332 2329
3 2547 2548 2550
3 2547 2550 2549
3 2335 2332 2549
3 2335 2549 2551
3 2550 2552 2551
3 2550 2551 2549
3 2335 2551 2553
3 2335 2553 2338
3 2553 2551 2552
3 2553 2552 2554
3 2553 2555 2556
3 2553 2556 2338
3 2553 2554 2557
3 2553 2557 2555
3 2558 2561 2556
3 2558 2556 2555
3 2557 2559 2558
3 2557 2558 2555
3 2560 2558 2559
3 2560 2559 2569
3 2560 2562 2561
3 2560 2561 2558
3 2563 2339 2556
3 2563 2556 2561
3 2563 2561 2562
3 2563 2562 2564
3 2563 2564 2341
3 2563 2341 2339
3 2349 2564 2562
3 2349 2562 2565
3 2565 2562 2560
3 2565 2560 2567
3 2349 2565 2566
3 2349 2566 2351
3 2565 2567 2363
3 2565 2363 2566
3 2568 2365 2363
3 2568 2363 2567
3 2560 2569 2568
3 2560 2568 2567
3 2568 2569 2570
3 2568 2570 2370
3 2571 2570 2569
3 2571 2569 2559
3 2380 2372 2370
3 2380 2370 2570
3 2571 2572 2380
3 2571 2380 2570
3 2557 2573 2571
3 2557 2571 2559
3 2571 2573 2574
3 2571 2574 2572
3 2557 2554 2575
3 2557 2575 2573
3 2576 2574 2573
3 2576 2573 2575
3 2577 2575 2554
3 2577 2554 2552
3 2577 2578 2576
3 2577 2576 2575
3 2550 2579 2577
3 2550 2577 2552
3 2577 2579 2580
3 2577 2580 2578
3 2550 2548 2581
3 2550 2581 2579
3 2582 2580 2579
3 2582 2579 2581
3 2583 2581 2548
3 2583 2548 2546
3 2583 2584 2582
3 2583 2582 2581
3 2544 2585 2583
3 2544 2583 2546
3 2583 2585 2586
3 2583 2586 2584
3 2544 2537 2534
3 2544 2534 2585
3 2531 2586 2585
3 2531 2585 2534
3 2587 2586 2531
3 2587 2531 2528
3 2587 2589 2584
3 2587 2584 2586
3 2587 2528 2525
3 2587 2525 2588
3 2591 2589 2587
3 2591 2587 2588
3 2582 2584 2589
3 2582 2589 2590
3 2591 2592 2590
3 2591 2590 2589
3 2591 2588 2595
3 2591 2595 2593
3 2596 2592 2591
3 2596 2591 2593
3 2596 2593 2594
3 2596 2594 2598
3 2624 2594 2593
3 2624 2593 2595
3 2596 2597 2617
3 2596 2617 2592
3 2600 2597 2596
3 2600 2596 2598
3 2600 2598 2599
3 2600 2599 2602
3 2623 2599 2598
3 2623 2598 2594
3 2600 2601 2612
3 2600 2612 2597
3 2398 2601 2600
3 2398 2600 2602
3 2398 2602 2603
3 2398 2603 2401
3 2604 2603 2602
3 2604 2602 2599
3 2605 2403 2401
3 2605 2401 2603
3 2605 2603 2604
3 2605 2604 2606
3 2607 2406 2403
3 2607 2403 2605
3 2607 2605 2606
3 2607 2606 2608
3 2409 2406 2607
3 2409 2607 2609
3 2607 2608 2610
3 2607 2610 2609
3 2409 2609 2420
3 2409 2420 2412
3 2611 2420 2609
3 2611 2609 2610
3 2611 2610 2504
3 2611 2504 2501
3 2504 2610 2608
3 2504 2608 2507
3 2611 2501 2498
3 2611 2498 2421
3 2507 2608 2606
3 2507 2606 2509
3 2604 2512 2509
3 2604 2509 2606
3 2604 2599 2623
3 2604 2623 2512
3 2613 2612 2601
3 2613 2601 2399
3 2614 2612 2613
3 2614 2613 2616
3 2614 2617 2597
3 2614 2597 2612
3 2614 2616 2619
3 2614 2619 2615
3 2618 2617 2614
3 2618 2614 2615
3 2618 2590 2592
3 2618 2592 2617
3 2582 2590 2618
3 2582 2618 2580
3 2618 2615 2578
3 2618 2578 2580
3 2613 2622 2620
3 2613 2620 2616
3 2621 2619 2616
3 2621 2616 2620
3 2621 2620 2382
3 2621 2382 2379
3 2382 2620 2622
3 2382 2622 2385
3 2613 2399 2395
3 2613 2395 2622
3 2395 2388 2385
3 2395 2385 2622
3 2576 2619 2621
3 2576 2621 2574
3 2621 2379 2572
3 2621 2572 2574
3 2576 2578 2615
3 2576 2615 2619
3 2623 2594 2624
3 2623 2624 2513
3 2624 2595 2522
3 2624 2522 2516
3 2522 2595 2588
3 2522 2588 2525
3 2540 2542 2321
3 2540 2321 2626
3 2311 2625 2540
3 2311 2540 2626
3 2311 2309 2627
3 2311 2627 2625
3 2629 2539 2625
3 2629 2625 2627
3 2628 2627 2309
3 2628 2309 2307
3 2629 2627 2628
3 2629 2628 2630
3 2629 2630 2632
3 2629 2632 2631
3 2536 2539 2629
3 2536 2629 2631
3 2634 2633 2631
3 2634 2631 2632
3 2536 2631 2633
3 2536 2633 2533
3 2635 2633 2634
3 2635 2634 2636
3 2635 2530 2533
3 2635 2533 2633
3 2635 2636 2638
3 2635 2638 2637
3 2527 2530 2635
3 2527 2635 2637
3 2640 2639 2637
3 2640 2637 2638
3 2527 2637 2639
3 2527 2639 2524
3 2641 2639 2640
3 2641 2640 361
3 2641 2521 2524
3 2641 2524 2639
3 2641 361 363
3 2641 363 2642
3 2519 2521 2641
3 2519 2641 2642
3 2519 2642 368
3 2519 368 375
3 2640 2638 353
3 2640 353 356
3 353 2638 2636
3 353 2636 350
3 2634 347 350
3 2634 350 2636
3 2634 2632 344
3 2634 344 347
3 344 2632 2630
3 344 2630 342
3 2628 2643 342
3 2628 342 2630
3 2628 2307 2644
3 2628 2644 2643
3 2644 2645 338
3 2644 338 2643
3 2644 2303 2646
3 2644 2646 2645
3 2646 2647 334
3 2646 334 2645
3 2646 2299 2648
3 2646 2648 2647
3 2648 2649 330
3 2648 330 2647
3 2648 2295 2650
3 2648 2650 2649
3 2650 2651 326
3 2650 326 2649
3 2650 2291 2652
3 2650 2652 2651
3 2652 2653 322
3 2652 322 2651
3 2652 2287 2654
3 2652 2654 2653
3 2654 2655 318
3 2654 318 2653
3 2654 2283 2656
3 2654 2656 2655
3 2656 2657 317
3 2656 317 2655
3 2656 2279 2658
3 2656 2658 2657
3 2658 2661 2659
3 2658 2659 2657
3 2657 2659 315
3 2657 315 317
3 2660 312 315
3 2660 315 2659
3 2660 2659 2661
3 2660 2661 2663
3 2658 2275 2662
3 2658 2662 2661
3 2662 2665 2663
3 2662 2663 2661
3 2660 2663 2664
3 2660 2664 4352
3 2667 2664 2663
3 2667 2663 2665
3 2662 2270 2666
3 2662 2666 2665
3 2666 2669 2667
3 2666 2667 2665
3 285 2664 2667
3 285 2667 2668
3 2668 2667 2669
3 2668 2669 2671
3 2666 2271 2670
3 2666 2670 2669
3 2670 2673 2671
3 2670 2671 2669
3 2668 2671 2672
3 2668 2672 281
3 2672 2671 2673
3 2672 2673 2675
3 2670 4351 2674
3 2670 2674 2673
3 2674 2677 2675
3 2674 2675 2673
3 2672 2675 2676
3 2672 2676 277
3 2676 2675 2677
3 2676 2677 2679
3 2674 4348 2678
3 2674 2678 2677
3 2678 2681 2679
3 2678 2679 2677
3 2676 2679 2680
3 2676 2680 273
3 2680 2679 2681
3 2680 2681 2683
3 2678 4345 2682
3 2678 2682 2681
3 2682 2685 2683
3 2682 2683 2681
3 2680 2683 2684
3 2680 2684 269
3 2684 2683 2685
3 2684 2685 2687
3 2682 4342 2686
3 2682 2686 2685
3 2686 2689 2687
3 2686 2687 2685
3 2684 2687 2688
3 2684 2688 264
3 2688 2687 2689
3 2688 2689 2691
3 2686 4337 2690
3 2686 2690 2689
3 2690 2693 2691
3 2690 2691 2689
3 2688 2691 2692
3 2688 2692 265
3 2692 2691 2693
3 2692 2693 2695
3 2690 4335 2694
3 2690 2694 2693
3 2694 2697 2695
3 2694 2695 2693
3 2697 2698 2696
3 2697 2696 2695
3 2692 2695 2696
3 2692 2696 4334
3 2694 2225 2223
3 2694 2223 2697
3 2697 2223 2220
3 2697 2220 2698
3 2698 2220 2700
3 2698 2700 2699
3 2698 2699 2701
3 2698 2701 2696
3 2699 2700 2705
3 2699 2705 2702
3 2699 2702 2704
3 2699 2704 2701
3 4320 2704 2702
3 4320 2702 2703
3 2705 2706 2703
3 2705 2703 2702
3 2705 2700 2221
3 2705 2221 2707
3 2705 2707 2708
3 2705 2708 2706
3 2707 2221 2208
3 2707 2208 2206
3 2707 2206 2710
3 2707 2710 2708
3 4316 2706 2708
3 4316 2708 2709
3 2710 2711 2709
3 2710 2709 2708
3 2710 2205 2713
3 2710 2713 2711
3 4314 2709 2711
3 4314 2711 2712
3 2713 2714 2712
3 2713 2712 2711
3 2713 2715 2717
3 2713 2717 2714
3 2713 2205 2203
3 2713 2203 2715
3 2201 2716 2715
3 2201 2715 2203
3 2717 2715 2716
3 2717 2716 2719
3 2717 2718 4309
3 2717 4309 2714
3 2717 2719 2720
3 2717 2720 2718
3 2722 2721 2719
3 2722 2719 2716
3 2720 2719 2721
3 2720 2721 2723
3 2724 2721 2722
3 2724 2722 2725
3 2724 2726 2723
3 2724 2723 2721
3 2724 2725 2728
3 2724 2728 2727
3 2730 2726 2724
3 2730 2724 2727
3 4217 2729 2727
3 4217 2727 2728
3 2730 2727 2729
3 2730 2729 2731
3 2730 2732 2733
3 2730 2733 2726
3 2735 2732 2730
3 2735 2730 2731
3 4299 2733 2732
3 4299 2732 2734
3 2735 2737 2734
3 2735 2734 2732
3 4258 2736 2735
3 4258 2735 2731
3 2735 2736 2739
3 2735 2739 2737
3 4294 2734 2737
3 4294 2737 2738
3 2738 2737 2739
3 2738 2739 2740
3 2740 2739 2741
3 2740 2741 2743
3 2742 2741 2739
3 2742 2739 2736
3 2744 2741 2742
3 2744 2742 2745
3 2744 2747 2743
3 2744 2743 2741
3 2744 2745 2762
3 2744 2762 2746
3 2748 2747 2744
3 2748 2744 2746
3 2748 2752 2749
3 2748 2749 2747
3 2751 2743 2747
3 2751 2747 2749
3 2750 2749 2752
3 2750 2752 2753
3 2751 2749 2750
3 2751 2750 4286
3 2748 2757 2754
3 2748 2754 2752
3 2753 2752 2754
3 2753 2754 2755
3 2755 2754 2756
3 2755 2756 4274
3 2754 2757 2758
3 2754 2758 2756
3 2759 2757 2748
3 2759 2748 2746
3 2759 2760 2758
3 2759 2758 2757
3 2759 2746 2762
3 2759 2762 2761
3 2764 2760 2759
3 2764 2759 2761
3 4255 2763 2761
3 4255 2761 2762
3 2764 2761 2763
3 2764 2763 2765
3 2766 2764 2765
3 2766 2765 2768
3 2766 2769 2760
3 2766 2760 2764
3 2767 2766 2768
3 2767 2768 4269
3 2767 2770 2769
3 2767 2769 2766
3 2771 2769 2770
3 2771 2770 2772
3 2771 2758 2760
3 2771 2760 2769
3 2771 158 2756
3 2771 2756 2758
3 2771 2772 153
3 2771 153 155
3 2773 151 153
3 2773 153 2772
3 2773 2772 2770
3 2773 2770 2775
3 149 151 2773
3 149 2773 2774
3 2773 2775 2777
3 2773 2777 2774
3 2776 2775 2770
3 2776 2770 2767
3 2776 2778 2777
3 2776 2777 2775
3 2779 2777 2778
3 2779 2778 2781
3 2774 2777 2779
3 2774 2779 2782
3 2779 2780 2783
3 2779 2783 2782
3 2779 2781 2806
3 2779 2806 2780
3 2783 2784 147
3 2783 147 2782
3 149 2774 2782
3 149 2782 147
3 2785 2783 2780
3 2785 2780 2787
3 2788 2784 2783
3 2788 2783 2785
3 2788 2785 2786
3 2788 2786 2789
3 2785 2787 2801
3 2785 2801 2786
3 2788 142 144
3 2788 144 2784
3 140 142 2788
3 140 2788 2789
3 140 2789 2790
3 140 2790 138
3 2791 2790 2789
3 2791 2789 2786
3 2792 136 138
3 2792 138 2790
3 2792 2790 2791
3 2792 2791 2794
3 2792 2794 2795
3 2792 2795 2793
3 134 136 2792
3 134 2792 2793
3 2794 2796 2797
3 2794 2797 2795
3 2794 2791 2799
3 2794 2799 2796
3 2798 4119 2797
3 2798 2797 2796
3 2800 2798 2796
3 2800 2796 2799
3 2801 2802 2800
3 2801 2800 2799
3 2801 2799 2791
3 2801 2791 2786
3 2801 2787 2804
3 2801 2804 2802
3 2805 2803 2802
3 2805 2802 2804
3 2800 2802 2803
3 2800 2803 4133
3 2806 2807 2805
3 2806 2805 2804
3 2806 2804 2787
3 2806 2787 2780
3 2806 2781 2808
3 2806 2808 2807
3 2805 2807 2809
3 2805 2809 2810
3 2811 2809 2807
3 2811 2807 2808
3 2812 2813 2810
3 2812 2810 2809
3 2812 2809 2811
3 2812 2811 2815
3 4154 2813 2812
3 4154 2812 2814
3 2812 2815 2817
3 2812 2817 2814
3 2818 2817 2815
3 2818 2815 2816
3 2811 4272 2816
3 2811 2816 2815
3 2819 2817 2818
3 2819 2818 2822
3 2819 2821 2814
3 2819 2814 2817
3 2819 2822 2823
3 2819 2823 2820
3 2835 2821 2819
3 2835 2819 2820
3 2818 2826 2824
3 2818 2824 2822
3 2827 2823 2822
3 2827 2822 2824
3 2825 2824 2826
3 2825 2826 4243
3 2827 2824 2825
3 2827 2825 2828
3 2827 2828 2830
3 2827 2830 2829
3 2831 2823 2827
3 2831 2827 2829
3 2145 2143 2829
3 2145 2829 2830
3 2831 2829 2143
3 2831 2143 2141
3 2833 2832 2831
3 2833 2831 2141
3 2831 2832 2820
3 2831 2820 2823
3 2833 2837 2834
3 2833 2834 2832
3 2835 2820 2832
3 2835 2832 2834
3 2836 4150 2835
3 2836 2835 2834
3 2836 2834 2837
3 2836 2837 2838
3 2135 2837 2833
3 2135 2833 2137
3 2135 2839 2838
3 2135 2838 2837
3 2840 2838 2839
3 2840 2839 2842
3 2840 2841 2836
3 2840 2836 2838
3 2840 2843 2845
3 2840 2845 2841
3 2846 2843 2840
3 2846 2840 2842
3 2846 2848 2844
3 2846 2844 2843
3 4148 2845 2843
3 4148 2843 2844
3 2846 2842 3658
3 2846 3658 2847
3 2850 2848 2846
3 2850 2846 2847
3 2850 2852 2849
3 2850 2849 2848
3 3325 2844 2848
3 3325 2848 2849
3 2850 2847 3657
3 2850 3657 2851
3 2854 2852 2850
3 2854 2850 2851
3 2854 2856 2853
3 2854 2853 2852
3 3323 2849 2852
3 3323 2852 2853
3 2854 2851 3659
3 2854 3659 2855
3 2858 2856 2854
3 2858 2854 2855
3 2858 2860 2857
3 2858 2857 2856
3 3320 2853 2856
3 3320 2856 2857
3 2858 2855 3662
3 2858 3662 2859
3 2862 2860 2858
3 2862 2858 2859
3 2862 2864 2861
3 2862 2861 2860
3 3317 2857 2860
3 3317 2860 2861
3 2862 2859 3665
3 2862 3665 2863
3 2866 2864 2862
3 2866 2862 2863
3 2866 2868 2865
3 2866 2865 2864
3 3314 2861 2864
3 3314 2864 2865
3 2866 2863 3668
3 2866 3668 2867
3 2870 2868 2866
3 2870 2866 2867
3 2870 2872 2869
3 2870 2869 2868
3 3311 2865 2868
3 3311 2868 2869
3 2870 2867 3671
3 2870 3671 2871
3 2874 2872 2870
3 2874 2870 2871
3 2874 2876 2873
3 2874 2873 2872
3 3308 2869 2872
3 3308 2872 2873
3 2874 2871 3674
3 2874 3674 2875
3 2878 2876 2874
3 2878 2874 2875
3 2878 2880 2877
3 2878 2877 2876
3 3305 2873 2876
3 3305 2876 2877
3 2878 2875 3677
3 2878 3677 2879
3 2882 2880 2878
3 2882 2878 2879
3 2882 2884 2881
3 2882 2881 2880
3 3302 2877 2880
3 3302 2880 2881
3 2882 2879 3680
3 2882 3680 2883
3 2886 2884 2882
3 2886 2882 2883
3 2886 2888 2885
3 2886 2885 2884
3 3301 2881 2884
3 3301 2884 2885
3 2886 2883 3683
3 2886 3683 2887
3 2890 2888 2886
3 2890 2886 2887
3 2890 2892 2889
3 2890 2889 2888
3 3300 2885 2888
3 3300 2888 2889
3 2890 2887 3686
3 2890 3686 2891
3 2894 2892 2890
3 2894 2890 2891
3 2894 2896 2893
3 2894 2893 2892
3 3299 2889 2892
3 3299 2892 2893
3 2894 2891 3689
3 2894 3689 2895
3 2898 2896 2894
3 2898 2894 2895
3 2898 2900 2897
3 2898 2897 2896
3 3285 2893 2896
3 3285 2896 2897
3 2898 2895 3692
3 2898 3692 2899
3 2902 2900 2898
3 2902 2898 2899
3 2902 2904 2901
3 2902 2901 2900
3 3284 2897 2900
3 3284 2900 2901
3 2902 2899 3695
3 2902 3695 2903
3 2906 2904 2902
3 2906 2902 2903
3 2906 2908 2905
3 2906 2905 2904
3 3066 2901 2904
3 3066 2904 2905
3 2906 2903 3697
3 2906 3697 2907
3 2910 2908 2906
3 2910 2906 2907
3 2910 2911 2909
3 2910 2909 2908
3 3064 2905 2908
3 3064 2908 2909
3 2913 2911 2910
3 2913 2910 2912
3 2910 2907 2914
3 2910 2914 2912
3 2913 2912 2915
3 2913 2915 2917
3 2916 2915 2912
3 2916 2912 2914
3 2918 2915 2916
3 2918 2916 2921
3 2918 2920 2917
3 2918 2917 2915
3 2918 2921 2922
3 2918 2922 2919
3 4177 2920 2918
3 4177 2918 2919
3 2916 2924 2923
3 2916 2923 2921
3 2925 2922 2921
3 2925 2921 2923
3 2924 2927 2926
3 2924 2926 2923
3 2925 2923 2926
3 2925 2926 2929
3 3702 2928 2926
3 3702 2926 2927
3 2929 2926 2928
3 2929 2928 2931
3 2925 2929 2930
3 2925 2930 3013
3 2929 2931 2932
3 2929 2932 2930
3 2931 2928 2934
3 2931 2934 2933
3 2931 2933 2936
3 2931 2936 2932
3 3713 2935 2933
3 3713 2933 2934
3 2936 2933 2935
3 2936 2935 2938
3 2936 2937 3007
3 2936 3007 2932
3 2936 2938 2940
3 2936 2940 2937
3 3716 2939 2938
3 3716 2938 2935
3 2940 2938 2939
3 2940 2939 2942
3 2940 2941 3006
3 2940 3006 2937
3 2940 2942 2944
3 2940 2944 2941
3 2943 2942 2939
3 2943 2939 3718
3 2943 2945 2944
3 2943 2944 2942
3 2946 2944 2945
3 2946 2945 2949
3 2941 2944 2946
3 2941 2946 2947
3 2946 2948 4180
3 2946 4180 2947
3 2946 2949 2950
3 2946 2950 2948
3 2949 2951 2954
3 2949 2954 2950
3 2949 2945 2952
3 2949 2952 2951
3 3719 2953 2951
3 3719 2951 2952
3 2953 2955 2954
3 2953 2954 2951
3 2955 2957 2956
3 2955 2956 2954
3 2950 2954 2956
3 2950 2956 2959
3 2957 3731 2958
3 2957 2958 2956
3 2959 2956 2958
3 2959 2958 2961
3 2959 2961 2963
3 2959 2963 2960
3 2950 2959 2960
3 2950 2960 2948
3 3734 2962 2961
3 3734 2961 2958
3 2963 2961 2962
3 2963 2962 2965
3 2963 2964 4179
3 2963 4179 2960
3 2963 2965 2967
3 2963 2967 2964
3 3737 2966 2965
3 3737 2965 2962
3 2966 2968 2967
3 2966 2967 2965
3 2964 2967 2969
3 2964 2969 2970
3 2968 2971 2969
3 2968 2969 2967
3 2970 2969 2972
3 2970 2972 2973
3 2972 2969 2971
3 2972 2971 2974
3 2972 2975 2976
3 2972 2976 2973
3 2972 2974 2977
3 2972 2977 2975
3 2981 2976 2975
3 2981 2975 2978
3 2977 2979 2978
3 2977 2978 2975
3 2980 2978 2979
3 2980 2979 4008
3 2981 2978 2980
3 2981 2980 2983
3 2998 2976 2981
3 2998 2981 2982
3 2981 2983 2984
3 2981 2984 2982
3 2985 2988 2984
3 2985 2984 2983
3 2980 2986 2985
3 2980 2985 2983
3 2987 2985 2986
3 2987 2986 4007
3 2987 2989 2988
3 2987 2988 2985
3 2990 2993 2984
3 2990 2984 2988
3 2991 2990 2988
3 2991 2988 2989
3 2991 3134 2992
3 2991 2992 2990
3 2990 2992 2994
3 2990 2994 2993
3 2982 2984 2993
3 2982 2993 2995
3 2994 2996 2995
3 2994 2995 2993
3 2998 2982 2995
3 2998 2995 2997
3 2997 2995 2996
3 2997 2996 2999
3 3000 3002 2998
3 3000 2998 2997
3 3003 3000 2997
3 3003 2997 2999
3 3003 3005 3001
3 3003 3001 3000
3 3001 4178 3002
3 3001 3002 3000
3 3004 3003 2999
3 3004 2999 3008
3 3004 3006 3005
3 3004 3005 3003
3 2941 2947 3005
3 2941 3005 3006
3 3001 3005 2947
3 3001 2947 4180
3 3004 3007 2937
3 3004 2937 3006
3 3009 3007 3004
3 3009 3004 3008
3 3010 3012 3009
3 3010 3009 3008
3 3010 3008 2999
3 3010 2999 2996
3 2994 3011 3010
3 2994 3010 2996
3 3010 3011 3014
3 3010 3014 3012
3 3015 3013 3012
3 3015 3012 3014
3 3009 3012 3013
3 3009 3013 2930
3 3016 3017 3015
3 3016 3015 3014
3 3016 3014 3011
3 3016 3011 3018
3 3016 3019 3020
3 3016 3020 3017
3 3021 3019 3016
3 3021 3016 3018
3 3023 3020 3019
3 3023 3019 3022
3 3024 3022 3019
3 3024 3019 3021
3 3026 3023 3022
3 3026 3022 3025
3 3027 3025 3022
3 3027 3022 3024
3 3029 3026 3025
3 3029 3025 3028
3 3030 3028 3025
3 3030 3025 3027
3 3032 3029 3028
3 3032 3028 3031
3 3030 3033 3031
3 3030 3031 3028
3 3037 3032 3031
3 3037 3031 3034
3 3035 3034 3031
3 3035 3031 3033
3 3035 3124 3036
3 3035 3036 3034
3 3037 3034 3036
3 3037 3036 3038
3 3037 3039 3040
3 3037 3040 3032
3 3041 3039 3037
3 3041 3037 3038
3 3043 3040 3039
3 3043 3039 3042
3 3041 3044 3042
3 3041 3042 3039
3 3045 3048 3043
3 3045 3043 3042
3 3045 3042 3044
3 3045 3044 3046
3 3097 3047 3045
3 3097 3045 3046
3 3045 3047 3049
3 3045 3049 3048
3 3043 3048 3050
3 3043 3050 3052
3 3053 3050 3048
3 3053 3048 3049
3 3052 3050 3051
3 3052 3051 4174
3 3053 3055 3051
3 3053 3051 3050
3 4170 3054 3053
3 4170 3053 3049
3 3053 3054 3057
3 3053 3057 3055
3 4171 3051 3055
3 4171 3055 3056
3 3057 3059 3056
3 3057 3056 3055
3 3057 3054 3094
3 3057 3094 3058
3 3057 3058 3060
3 3057 3060 3059
3 3060 2909 2911
3 3060 2911 3059
3 2913 3056 3059
3 2913 3059 2911
3 3060 3061 3064
3 3060 3064 2909
3 3060 3058 3063
3 3060 3063 3061
3 3064 3061 3062
3 3064 3062 3065
3 3093 3062 3061
3 3093 3061 3063
3 3064 3065 3066
3 3064 3066 2905
3 3068 3067 3065
3 3068 3065 3062
3 3066 3065 3067
3 3066 3067 3069
3 3070 3067 3068
3 3070 3068 3073
3 3070 3072 3069
3 3070 3069 3067
3 3070 3073 3074
3 3070 3074 3071
3 3283 3072 3070
3 3283 3070 3071
3 3068 3076 3075
3 3068 3075 3073
3 3078 3074 3073
3 3078 3073 3075
3 3077 3075 3076
3 3077 3076 3090
3 3078 3075 3077
3 3078 3077 3080
3 3078 3080 3081
3 3078 3081 3079
3 3298 3074 3078
3 3298 3078 3079
3 3084 3081 3080
3 3084 3080 3082
3 3077 3085 3082
3 3077 3082 3080
3 3084 3082 3083
3 3084 3083 3177
3 3083 3082 3085
3 3083 3085 3086
3 3087 3088 3086
3 3087 3086 3085
3 3077 3090 3087
3 3077 3087 3085
3 3087 3089 3098
3 3087 3098 3088
3 3087 3090 3091
3 3087 3091 3089
3 3093 3091 3090
3 3093 3090 3076
3 3093 3063 3092
3 3093 3092 3091
3 3092 3095 3089
3 3092 3089 3091
3 3068 3062 3093
3 3068 3093 3076
3 3092 3094 3096
3 3092 3096 3095
3 3092 3063 3058
3 3092 3058 3094
3 3095 3096 3047
3 3095 3047 3097
3 3095 3097 3098
3 3095 3098 3089
3 3097 3046 3099
3 3097 3099 3098
3 3088 3098 3099
3 3088 3099 3100
3 3100 3099 3101
3 3100 3101 3102
3 3101 3099 3046
3 3101 3046 3044
3 3101 3103 3105
3 3101 3105 3102
3 3101 3044 3041
3 3101 3041 3103
3 3106 3105 3103
3 3106 3103 3104
3 3041 3038 3104
3 3041 3104 3103
3 3107 3105 3106
3 3107 3106 3110
3 3107 3109 3102
3 3107 3102 3105
3 3107 3110 3111
3 3107 3111 3108
3 3172 3109 3107
3 3172 3107 3108
3 3106 3115 3112
3 3106 3112 3110
3 3114 3111 3110
3 3114 3110 3112
3 3113 3165 3114
3 3113 3114 3112
3 3115 3117 3113
3 3115 3113 3112
3 3116 3118 3117
3 3116 3117 3115
3 3106 3104 3116
3 3106 3116 3115
3 3113 3117 3119
3 3113 3119 3121
3 3122 3119 3117
3 3122 3117 3118
3 3121 3119 3120
3 3121 3120 4166
3 3122 3123 3120
3 3122 3120 3119
3 3122 3118 3124
3 3122 3124 3123
3 3035 3125 3123
3 3035 3123 3124
3 3126 3120 3123
3 3126 3123 3125
3 3127 3125 3035
3 3127 3035 3033
3 3126 3125 3127
3 3126 3127 3128
3 3127 3033 3030
3 3127 3030 3129
3 3127 3129 3130
3 3127 3130 3128
3 3030 3027 3131
3 3030 3131 3129
3 3132 3130 3129
3 3132 3129 3131
3 3027 3024 3133
3 3027 3133 3131
3 3132 3131 3133
3 3132 3133 3135
3 3024 3021 3134
3 3024 3134 3133
3 3135 3133 3134
3 3135 3134 2991
3 3135 2991 2989
3 3135 2989 3136
3 3132 3135 3136
3 3132 3136 3137
3 3138 3136 2989
3 3138 2989 2987
3 3138 3140 3137
3 3138 3137 3136
3 3138 2987 4007
3 3138 4007 3139
3 3141 3140 3138
3 3141 3138 3139
3 3141 3145 3142
3 3141 3142 3140
3 3144 3137 3140
3 3144 3140 3142
3 3143 3142 3145
3 3143 3145 3146
3 3143 4169 3144
3 3143 3144 3142
3 3147 3145 3141
3 3147 3141 3149
3 3147 3150 3146
3 3147 3146 3145
3 3151 3150 3147
3 3151 3147 3148
3 3147 3149 3913
3 3147 3913 3148
3 3153 3152 3150
3 3153 3150 3151
3 3154 3146 3150
3 3154 3150 3152
3 3156 3155 3152
3 3156 3152 3153
3 3157 3154 3152
3 3157 3152 3155
3 3159 3158 3155
3 3159 3155 3156
3 3160 3157 3155
3 3160 3155 3158
3 3163 3161 3158
3 3163 3158 3159
3 3164 3160 3158
3 3164 3158 3161
3 3166 3164 3161
3 3166 3161 3162
3 3163 3959 3162
3 3163 3162 3161
3 3166 3114 3165
3 3166 3165 3164
3 3164 3165 4164
3 3164 4164 3160
3 3167 3166 3162
3 3167 3162 3168
3 3167 3111 3114
3 3167 3114 3166
3 3170 3169 3167
3 3170 3167 3168
3 3167 3169 3108
3 3167 3108 3111
3 3173 3171 3169
3 3173 3169 3170
3 3172 3108 3169
3 3172 3169 3171
3 3175 3172 3171
3 3175 3171 3174
3 3176 3174 3171
3 3176 3171 3173
3 3083 3175 3174
3 3083 3174 3177
3 3176 3178 3177
3 3176 3177 3174
3 3084 3177 3178
3 3084 3178 3180
3 3179 3181 3180
3 3179 3180 3178
3 3179 3178 3176
3 3179 3176 3954
3 3182 3180 3181
3 3182 3181 3184
3 3182 3081 3084
3 3182 3084 3180
3 3182 3183 3079
3 3182 3079 3081
3 3186 3183 3182
3 3186 3182 3184
3 3948 3185 3184
3 3948 3184 3181
3 3186 3184 3185
3 3186 3185 3188
3 3186 3187 3297
3 3186 3297 3183
3 3190 3187 3186
3 3190 3186 3188
3 3944 3189 3188
3 3944 3188 3185
3 3190 3188 3189
3 3190 3189 3192
3 3190 3191 3291
3 3190 3291 3187
3 3194 3191 3190
3 3194 3190 3192
3 3940 3193 3192
3 3940 3192 3189
3 3194 3192 3193
3 3194 3193 3196
3 3194 3195 3290
3 3194 3290 3191
3 3198 3195 3194
3 3198 3194 3196
3 3936 3197 3196
3 3936 3196 3193
3 3198 3196 3197
3 3198 3197 3200
3 3198 3199 3294
3 3198 3294 3195
3 3202 3199 3198
3 3202 3198 3200
3 3932 3201 3200
3 3932 3200 3197
3 3202 3200 3201
3 3202 3201 3204
3 3202 3203 3259
3 3202 3259 3199
3 3205 3203 3202
3 3205 3202 3204
3 3207 3206 3204
3 3207 3204 3201
3 3205 3204 3206
3 3205 3206 3208
3 3210 3209 3206
3 3210 3206 3207
3 3211 3208 3206
3 3211 3206 3209
3 3213 3212 3209
3 3213 3209 3210
3 3214 3211 3209
3 3214 3209 3212
3 3217 3215 3212
3 3217 3212 3213
3 3218 3214 3212
3 3218 3212 3215
3 3218 3215 3216
3 3218 3216 3220
3 3923 3216 3215
3 3923 3215 3217
3 3218 3219 4162
3 3218 4162 3214
3 3222 3219 3218
3 3222 3218 3220
3 3222 3220 3221
3 3222 3221 3223
3 3903 3221 3220
3 3903 3220 3216
3 3224 3222 3223
3 3224 3223 3226
3 3224 3227 3219
3 3224 3219 3222
3 3753 3225 3224
3 3753 3224 3226
3 3224 3225 3229
3 3224 3229 3227
3 3228 3227 3229
3 3228 3229 3230
3 3228 4162 3219
3 3228 3219 3227
3 3231 3229 3225
3 3231 3225 3233
3 3234 3230 3229
3 3234 3229 3231
3 3234 3231 3232
3 3234 3232 3235
3 3231 3233 3758
3 3231 3758 3232
3 3236 3234 3235
3 3236 3235 3237
3 3236 3239 3230
3 3236 3230 3234
3 3236 3237 3770
3 3236 3770 3238
3 3241 3239 3236
3 3241 3236 3238
3 3228 3230 3239
3 3228 3239 3240
3 3241 3243 3240
3 3241 3240 3239
3 3241 3242 3244
3 3241 3244 3243
3 3776 3242 3241
3 3776 3241 3238
3 3247 3245 3243
3 3247 3243 3244
3 3245 3248 3240
3 3245 3240 3243
3 3246 3250 3248
3 3246 3248 3245
3 3247 3890 3246
3 3247 3246 3245
3 3252 3249 3248
3 3252 3248 3250
3 3228 3240 3248
3 3228 3248 3249
3 3251 3254 3252
3 3251 3252 3250
3 3246 3893 3251
3 3246 3251 3250
3 3253 3252 3254
3 3253 3254 3256
3 3253 4161 3249
3 3253 3249 3252
3 3255 3257 3256
3 3255 3256 3254
3 3251 3896 3255
3 3251 3255 3254
3 3205 3256 3257
3 3205 3257 3203
3 3253 3256 3205
3 3253 3205 3208
3 3258 3259 3203
3 3258 3203 3257
3 3255 3261 3258
3 3255 3258 3257
3 3258 3260 3296
3 3258 3296 3259
3 3258 3261 3263
3 3258 3263 3260
3 3255 3896 3262
3 3255 3262 3261
3 3264 3263 3261
3 3264 3261 3262
3 3264 3266 3265
3 3264 3265 3263
3 3265 3267 3260
3 3265 3260 3263
3 3265 3266 3270
3 3265 3270 3268
3 3265 3268 3271
3 3265 3271 3267
3 3301 3269 3268
3 3301 3268 3270
3 3271 3268 3269
3 3271 3269 3273
3 3271 3272 3295
3 3271 3295 3267
3 3271 3273 3275
3 3271 3275 3272
3 3300 3274 3273
3 3300 3273 3269
3 3275 3273 3274
3 3275 3274 3277
3 3275 3276 3292
3 3275 3292 3272
3 3275 3277 3279
3 3275 3279 3276
3 3299 3278 3277
3 3299 3277 3274
3 3279 3277 3278
3 3279 3278 3281
3 3279 3280 3287
3 3279 3287 3276
3 3279 3281 3283
3 3279 3283 3280
3 3285 3282 3281
3 3285 3281 3278
3 3283 3281 3282
3 3283 3282 3072
3 3283 3071 3286
3 3283 3286 3280
3 3284 3282 3285
3 3284 3285 2897
3 3284 3069 3072
3 3284 3072 3282
3 3285 3278 3299
3 3285 3299 2893
3 3066 3069 3284
3 3066 3284 2901
3 3288 3287 3280
3 3288 3280 3286
3 3289 3292 3276
3 3289 3276 3287
3 3289 3287 3288
3 3289 3288 3291
3 3289 3291 3191
3 3289 3191 3290
3 3293 3292 3289
3 3293 3289 3290
3 3293 3295 3272
3 3293 3272 3292
3 3293 3290 3195
3 3293 3195 3294
3 3296 3295 3293
3 3296 3293 3294
3 3296 3260 3267
3 3296 3267 3295
3 3296 3294 3199
3 3296 3199 3259
3 3288 3297 3187
3 3288 3187 3291
3 3288 3286 3298
3 3288 3298 3297
3 3298 3079 3183
3 3298 3183 3297
3 3298 3286 3071
3 3298 3071 3074
3 3299 3274 3300
3 3299 3300 2889
3 3300 3269 3301
3 3300 3301 2885
3 3301 3270 3302
3 3301 3302 2881
3 3302 3270 3266
3 3302 3266 3303
3 3302 3303 3305
3 3302 3305 2877
3 3305 3303 3304
3 3305 3304 3306
3 3264 3304 3303
3 3264 3303 3266
3 3305 3306 3308
3 3305 3308 2873
3 3308 3306 3307
3 3308 3307 3309
3 3897 3307 3306
3 3897 3306 3304
3 3308 3309 3311
3 3308 3311 2869
3 3311 3309 3310
3 3311 3310 3312
3 3894 3310 3309
3 3894 3309 3307
3 3311 3312 3314
3 3311 3314 2865
3 3314 3312 3313
3 3314 3313 3315
3 3891 3313 3312
3 3891 3312 3310
3 3314 3315 3317
3 3314 3317 2861
3 3317 3315 3316
3 3317 3316 3318
3 3888 3316 3315
3 3888 3315 3313
3 3317 3318 3320
3 3317 3320 2857
3 3320 3318 3319
3 3320 3319 3321
3 3885 3319 3318
3 3885 3318 3316
3 3320 3321 3323
3 3320 3323 2853
3 3323 3321 3322
3 3323 3322 3324
3 3884 3322 3321
3 3884 3321 3319
3 3323 3324 3325
3 3323 3325 2849
3 3327 3326 3324
3 3327 3324 3322
3 3325 3324 3326
3 3325 3326 3328
3 3329 3326 3327
3 3329 3327 3330
3 3329 3331 3328
3 3329 3328 3326
3 3335 3332 3329
3 3335 3329 3330
3 3329 3332 3333
3 3329 3333 3331
3 4142 3333 3332
3 4142 3332 3334
3 3337 3334 3332
3 3337 3332 3335
3 3335 3330 3790
3 3335 3790 3336
3 3337 3335 3336
3 3337 3336 3338
3 3339 3337 3338
3 3339 3338 3341
3 3339 3340 3334
3 3339 3334 3337
3 3342 3343 3340
3 3342 3340 3339
3 3342 3339 3341
3 3342 3341 3345
3 3344 3360 3343
3 3344 3343 3342
3 3344 3342 3345
3 3344 3345 3346
3 3347 3350 3346
3 3347 3346 3345
3 3347 3345 3341
3 3347 3341 3349
3 3351 3350 3347
3 3351 3347 3348
3 3347 3349 3793
3 3347 3793 3348
3 3355 3346 3350
3 3355 3350 3352
3 3353 3352 3350
3 3353 3350 3351
3 3811 3354 3352
3 3811 3352 3353
3 3356 3355 3352
3 3356 3352 3354
3 3355 3357 3344
3 3355 3344 3346
3 3356 3358 3357
3 3356 3357 3355
3 3344 3357 3359
3 3344 3359 3360
3 3361 3359 3357
3 3361 3357 3358
3 3362 3364 3360
3 3362 3360 3359
3 3362 3359 3361
3 3362 3361 3363
3 3362 3363 3367
3 3362 3367 3365
3 3366 3364 3362
3 3366 3362 3365
3 3366 3365 3368
3 3366 3368 3370
3 3371 3368 3365
3 3371 3365 3367
3 4123 3370 3368
3 4123 3368 3369
3 3369 3368 3371
3 3369 3371 3372
3 3371 3373 3374
3 3371 3374 3372
3 3371 3367 3376
3 3371 3376 3373
3 3375 4098 3374
3 3375 3374 3373
3 3377 3375 3373
3 3377 3373 3376
3 3378 3380 3377
3 3378 3377 3376
3 3378 3376 3367
3 3378 3367 3363
3 3378 3379 3381
3 3378 3381 3380
3 3361 3379 3378
3 3361 3378 3363
3 3385 3382 3380
3 3385 3380 3381
3 3377 3380 3382
3 3377 3382 3384
3 3510 3384 3382
3 3510 3382 3383
3 3387 3383 3382
3 3387 3382 3385
3 3385 3381 3818
3 3385 3818 3386
3 3387 3385 3386
3 3387 3386 3388
3 3389 3387 3388
3 3389 3388 3391
3 3389 3392 3383
3 3389 3383 3387
3 3389 3391 3858
3 3389 3858 3390
3 3394 3392 3389
3 3394 3389 3390
3 3395 3393 3392
3 3395 3392 3394
3 3510 3383 3392
3 3510 3392 3393
3 3395 3394 3396
3 3395 3396 3399
3 3394 3390 3397
3 3394 3397 3396
3 3398 3396 3397
3 3398 3397 3882
3 3401 3399 3396
3 3401 3396 3398
3 3504 3395 3399
3 3504 3399 3400
3 3402 3400 3399
3 3402 3399 3401
3 3402 3401 3403
3 3402 3403 3404
3 3401 3398 3405
3 3401 3405 3403
3 3406 3407 3404
3 3406 3404 3403
3 3406 3403 3405
3 3406 3405 3408
3 3406 3409 3410
3 3406 3410 3407
3 3411 3409 3406
3 3411 3406 3408
3 3414 3410 3409
3 3414 3409 3412
3 3415 3412 3409
3 3415 3409 3411
3 3478 3414 3412
3 3478 3412 3413
3 3416 3413 3412
3 3416 3412 3415
3 3416 3415 3417
3 3416 3417 3419
3 3415 3411 3420
3 3415 3420 3417
3 3418 3417 3420
3 3418 3420 3422
3 3440 3419 3417
3 3440 3417 3418
3 3421 3424 3422
3 3421 3422 3420
3 3411 3408 3421
3 3411 3421 3420
3 3418 3422 3423
3 3418 3423 3434
3 3424 3426 3423
3 3424 3423 3422
3 3424 3425 3427
3 3424 3427 3426
3 3421 3883 3425
3 3421 3425 3424
3 3427 3429 3428
3 3427 3428 3426
3 3431 3423 3426
3 3431 3426 3428
3 3430 3428 3429
3 3430 3429 3866
3 3432 3431 3428
3 3432 3428 3430
3 3432 3435 3433
3 3432 3433 3431
3 3433 3434 3423
3 3433 3423 3431
3 3433 3436 3439
3 3433 3439 3434
3 3433 3435 3437
3 3433 3437 3436
3 3438 3436 3437
3 3438 3437 4010
3 3439 3436 3438
3 3439 3438 3441
3 3439 3440 3418
3 3439 3418 3434
3 3439 3441 3443
3 3439 3443 3440
3 3442 3441 3438
3 3442 3438 4011
3 3443 3441 3442
3 3443 3442 3445
3 3443 3444 3419
3 3443 3419 3440
3 3443 3445 3446
3 3443 3446 3444
3 3442 3448 3447
3 3442 3447 3445
3 3447 3450 3446
3 3447 3446 3445
3 3447 3448 3673
3 3447 3673 3449
3 3447 3449 3452
3 3447 3452 3450
3 3451 4159 3446
3 3451 3446 3450
3 3454 3451 3450
3 3454 3450 3452
3 3452 3449 3670
3 3452 3670 3453
3 3454 3452 3453
3 3454 3453 3456
3 3458 3455 3454
3 3458 3454 3456
3 3454 3455 4160
3 3454 4160 3451
3 3456 3453 3667
3 3456 3667 3457
3 3459 3458 3456
3 3459 3456 3457
3 3459 3461 3460
3 3459 3460 3458
3 3458 3460 3462
3 3458 3462 3455
3 3463 3460 3461
3 3463 3461 3464
3 3463 3466 3462
3 3463 3462 3460
3 4014 3465 3463
3 4014 3463 3464
3 3463 3465 3467
3 3463 3467 3466
3 3466 3467 3469
3 3466 3469 3468
3 3466 3468 3470
3 3466 3470 3462
3 3472 3471 3468
3 3472 3468 3469
3 3470 3468 3471
3 3470 3471 3473
3 3472 3475 3474
3 3472 3474 3471
3 3473 3471 3474
3 3473 3474 3476
3 3475 3480 3477
3 3475 3477 3474
3 3476 3474 3477
3 3476 3477 3478
3 3478 3477 3479
3 3478 3479 3414
3 3480 3481 3479
3 3480 3479 3477
3 3475 3483 3482
3 3475 3482 3480
3 3480 3482 3485
3 3480 3485 3481
3 3571 3484 3482
3 3571 3482 3483
3 3485 3482 3484
3 3485 3484 3486
3 3485 3486 3488
3 3485 3488 3487
3 3485 3487 3489
3 3485 3489 3481
3 3488 3491 3490
3 3488 3490 3487
3 3493 3489 3487
3 3493 3487 3490
3 4056 3492 3490
3 4056 3490 3491
3 3493 3490 3492
3 3493 3492 3495
3 4155 3489 3493
3 4155 3493 3494
3 3493 3495 3496
3 3493 3496 3494
3 3498 3497 3495
3 3498 3495 3492
3 3496 3495 3497
3 3496 3497 3500
3 3498 4062 3499
3 3498 3499 3497
3 3499 3501 3500
3 3499 3500 3497
3 3402 3500 3501
3 3402 3501 3400
3 3496 3500 3402
3 3496 3402 3404
3 3499 3503 3502
3 3499 3502 3501
3 3502 3504 3400
3 3502 3400 3501
3 3502 3503 3506
3 3502 3506 3505
3 3502 3505 3508
3 3502 3508 3504
3 4070 3507 3505
3 4070 3505 3506
3 3505 3507 3509
3 3505 3509 3508
3 3510 3393 3508
3 3510 3508 3509
3 3504 3508 3393
3 3504 3393 3395
3 3510 3509 3511
3 3510 3511 3514
3 3512 3511 3509
3 3512 3509 3507
3 3513 3511 3512
3 3513 3512 3524
3 3516 3514 3511
3 3516 3511 3513
3 3517 3515 3514
3 3517 3514 3516
3 3510 3514 3515
3 3510 3515 3384
3 3517 3516 3518
3 3517 3518 3519
3 3516 3513 3521
3 3516 3521 3518
3 3520 4091 3519
3 3520 3519 3518
3 3522 3520 3518
3 3522 3518 3521
3 3513 3524 3523
3 3513 3523 3521
3 3522 3521 3523
3 3522 3523 3526
3 3525 3523 3524
3 3525 3524 4072
3 3528 3526 3523
3 3528 3523 3525
3 3527 3526 3528
3 3527 3528 3529
3 3527 4085 3522
3 3527 3522 3526
3 3528 3530 3532
3 3528 3532 3529
3 3528 3525 3533
3 3528 3533 3530
3 4078 3532 3530
3 4078 3530 3531
3 3533 3535 3531
3 3533 3531 3530
3 3533 3525 4072
3 3533 4072 3534
3 3533 3534 3537
3 3533 3537 3535
3 4076 3531 3535
3 4076 3535 3536
3 3537 3539 3536
3 3537 3536 3535
3 3537 3534 4068
3 3537 4068 3538
3 3537 3538 3541
3 3537 3541 3539
3 4074 3536 3539
3 4074 3539 3540
3 3541 3543 3540
3 3541 3540 3539
3 3541 3538 4069
3 3541 4069 3542
3 3541 3542 3544
3 3541 3544 3543
3 91 3540 3543
3 91 3543 89
3 3544 3546 89
3 3544 89 3543
3 3544 3542 4073
3 3544 4073 3545
3 3544 3545 3547
3 3544 3547 3546
3 3547 84 86
3 3547 86 3546
3 3547 3545 3549
3 3547 3549 3548
3 3547 3548 82
3 3547 82 84
3 82 3548 3550
3 82 3550 80
3 3548 3549 3551
3 3548 3551 3550
3 3553 3552 3550
3 3553 3550 3551
3 80 3550 3552
3 80 3552 3554
3 3553 3556 3555
3 3553 3555 3552
3 3555 3557 3554
3 3555 3554 3552
3 3555 3556 3560
3 3555 3560 3558
3 3555 3558 3561
3 3555 3561 3557
3 3560 3562 3559
3 3560 3559 3558
3 3561 3558 3559
3 3561 3559 70
3 3561 72 75
3 3561 75 3557
3 3563 3565 3562
3 3563 3562 3560
3 3563 3560 3556
3 3563 3556 3564
3 3563 3564 4056
3 3563 4056 3491
3 3488 3565 3563
3 3488 3563 3491
3 3486 3566 3565
3 3486 3565 3488
3 3567 3562 3565
3 3567 3565 3566
3 3486 3484 3568
3 3486 3568 3566
3 3567 3566 3568
3 3567 3568 3569
3 3571 3570 3568
3 3571 3568 3484
3 3572 3569 3568
3 3572 3568 3570
3 3571 3575 3573
3 3571 3573 3570
3 3572 3570 3573
3 3572 3573 3576
3 3574 3573 3575
3 3574 3575 3622
3 3576 3573 3574
3 3576 3574 3577
3 3576 3577 3579
3 3576 3579 3578
3 3580 3572 3576
3 3580 3576 3578
3 3582 3581 3578
3 3582 3578 3579
3 3580 3578 3581
3 3580 3581 3583
3 3584 3581 3582
3 3584 3582 3586
3 3584 3587 3583
3 3584 3583 3581
3 3584 3586 3607
3 3584 3607 3585
3 3588 3587 3584
3 3588 3584 3585
3 3590 3589 3587
3 3590 3587 3588
3 3591 3583 3587
3 3591 3587 3589
3 3593 3592 3589
3 3593 3589 3590
3 3594 3591 3589
3 3594 3589 3592
3 57 3595 3592
3 57 3592 3593
3 3596 3594 3592
3 3596 3592 3595
3 3596 3595 60
3 3596 60 63
3 3596 3597 3599
3 3596 3599 3594
3 65 3597 3596
3 65 3596 63
3 65 68 3598
3 65 3598 3597
3 3567 3599 3597
3 3567 3597 3598
3 3594 3599 3600
3 3594 3600 3591
3 3567 3569 3600
3 3567 3600 3599
3 3591 3600 3580
3 3591 3580 3583
3 3580 3600 3569
3 3580 3569 3572
3 68 70 3559
3 68 3559 3598
3 3567 3598 3559
3 3567 3559 3562
3 3593 3590 3601
3 3593 3601 54
3 3590 3588 3602
3 3590 3602 3601
3 52 3601 3602
3 52 3602 3603
3 3588 3585 3604
3 3588 3604 3602
3 3603 3602 3604
3 3603 3604 3605
3 3606 3604 3585
3 3606 3585 3607
3 3605 3604 3606
3 3605 3606 3609
3 3606 3607 3612
3 3606 3612 3608
3 3606 3608 3610
3 3606 3610 3609
3 3610 1094 3611
3 3610 3611 3609
3 3605 3609 3611
3 3605 3611 45
3 42 3611 1094
3 42 1094 1087
3 1093 3610 3608
3 1093 3608 1100
3 3612 3613 1100
3 3612 1100 3608
3 3612 3607 3586
3 3612 3586 3614
3 3612 3614 1110
3 3612 1110 3613
3 3582 3615 3614
3 3582 3614 3586
3 1110 3614 3615
3 1110 3615 1112
3 3582 3579 3616
3 3582 3616 3615
3 3616 1115 1112
3 3616 1112 3615
3 3616 3579 3577
3 3616 3577 3617
3 3616 3617 3618
3 3616 3618 1115
3 3574 3619 3617
3 3574 3617 3577
3 3618 3617 3619
3 3618 3619 3620
3 3574 3622 3621
3 3574 3621 3619
3 3620 3619 3621
3 3620 3621 3623
3 3622 3625 3624
3 3622 3624 3621
3 3623 3621 3624
3 3623 3624 3626
3 3625 3628 3627
3 3625 3627 3624
3 3626 3624 3627
3 3626 3627 3629
3 3631 3630 3627
3 3631 3627 3628
3 3629 3627 3630
3 3629 3630 2105
3 3631 3633 2104
3 3631 2104 3630
3 4023 3632 3631
3 4023 3631 3628
3 3631 3632 3635
3 3631 3635 3633
3 2104 3633 3634
3 2104 3634 2107
3 3637 3634 3633
3 3637 3633 3635
3 3637 3635 3636
3 3637 3636 3638
3 3636 3635 3632
3 3636 3632 4017
3 3637 3638 3641
3 3637 3641 3639
3 3640 3634 3637
3 3640 3637 3639
3 2116 3640 3639
3 2116 3639 2122
3 3642 2122 3639
3 3642 3639 3641
3 3642 3641 3643
3 3642 3643 3646
3 3643 3641 3638
3 3643 3638 3645
3 3643 3644 3647
3 3643 3647 3646
3 3643 3645 4014
3 3643 4014 3644
3 2123 3642 3646
3 2123 3646 2129
3 3648 2129 3646
3 3648 3646 3647
3 3648 3647 3649
3 3648 3649 3652
3 3649 3647 3644
3 3649 3644 3650
3 3649 3650 4013
3 3649 4013 3651
3 3649 3651 3653
3 3649 3653 3652
3 2130 3648 3652
3 2130 3652 3654
3 3655 3654 3652
3 3655 3652 3653
3 3656 2132 2130
3 3656 2130 3654
3 3655 3657 3656
3 3655 3656 3654
3 3656 3658 2134
3 3656 2134 2132
3 3656 3657 2847
3 3656 2847 3658
3 2134 3658 2842
3 2134 2842 2839
3 3655 3659 2851
3 3655 2851 3657
3 3660 3659 3655
3 3660 3655 3653
3 3660 3662 2855
3 3660 2855 3659
3 3663 3662 3660
3 3663 3660 3661
3 3660 3653 3651
3 3660 3651 3661
3 3663 3665 2859
3 3663 2859 3662
3 3663 3661 4012
3 3663 4012 3664
3 3666 3665 3663
3 3666 3663 3664
3 3666 3668 2863
3 3666 2863 3665
3 3666 3664 3457
3 3666 3457 3667
3 3669 3668 3666
3 3669 3666 3667
3 3669 3671 2867
3 3669 2867 3668
3 3669 3667 3453
3 3669 3453 3670
3 3672 3671 3669
3 3672 3669 3670
3 3672 3674 2871
3 3672 2871 3671
3 3672 3670 3449
3 3672 3449 3673
3 3675 3674 3672
3 3675 3672 3673
3 3675 3677 2875
3 3675 2875 3674
3 3675 3673 3448
3 3675 3448 3676
3 3678 3677 3675
3 3678 3675 3676
3 3678 3680 2879
3 3678 2879 3677
3 3681 3680 3678
3 3681 3678 3679
3 3678 3676 4011
3 3678 4011 3679
3 3681 3683 2883
3 3681 2883 3680
3 3684 3683 3681
3 3684 3681 3682
3 3681 3679 4010
3 3681 4010 3682
3 3684 3686 2887
3 3684 2887 3683
3 3684 3682 3881
3 3684 3881 3685
3 3687 3686 3684
3 3687 3684 3685
3 3687 3689 2891
3 3687 2891 3686
3 3687 3685 3878
3 3687 3878 3688
3 3690 3689 3687
3 3690 3687 3688
3 3690 3692 2895
3 3690 2895 3689
3 3690 3688 3876
3 3690 3876 3691
3 3693 3692 3690
3 3693 3690 3691
3 3693 3695 2899
3 3693 2899 3692
3 3693 3691 3875
3 3693 3875 3694
3 3696 3695 3693
3 3696 3693 3694
3 3696 3697 2903
3 3696 2903 3695
3 3699 3697 3696
3 3699 3696 3698
3 3696 3694 3700
3 3696 3700 3698
3 3699 3698 2927
3 3699 2927 2924
3 3702 2927 3698
3 3702 3698 3700
3 3875 3701 3700
3 3875 3700 3694
3 3702 3700 3701
3 3702 3701 3704
3 3702 3703 2934
3 3702 2934 2928
3 3702 3704 3706
3 3702 3706 3703
3 3705 3707 3706
3 3705 3706 3704
3 3705 3704 3701
3 3705 3701 3873
3 3710 3708 3706
3 3710 3706 3707
3 3711 3703 3706
3 3711 3706 3708
3 3709 3712 3711
3 3709 3711 3708
3 3709 3708 3710
3 3709 3710 3834
3 3711 3713 2934
3 3711 2934 3703
3 3711 3712 3714
3 3711 3714 3713
3 3713 3714 3716
3 3713 3716 2935
3 3836 3715 3714
3 3836 3714 3712
3 3716 3714 3715
3 3716 3715 3717
3 3716 3717 3718
3 3716 3718 2939
3 3717 3719 2952
3 3717 2952 3718
3 3717 3715 3720
3 3717 3720 3719
3 3719 3720 3722
3 3719 3722 2953
3 3836 3721 3720
3 3836 3720 3715
3 3723 3722 3720
3 3723 3720 3721
3 3723 3725 3724
3 3723 3724 3722
3 2953 3722 3724
3 2953 3724 2955
3 3727 3726 3724
3 3727 3724 3725
3 2955 3724 3726
3 2955 3726 2957
3 3727 3729 3728
3 3727 3728 3726
3 2957 3726 3728
3 2957 3728 3731
3 3845 3730 3728
3 3845 3728 3729
3 3731 3728 3730
3 3731 3730 3732
3 3731 3732 3734
3 3731 3734 2958
3 3763 3733 3732
3 3763 3732 3730
3 3734 3732 3733
3 3734 3733 3735
3 3734 3735 3737
3 3734 3737 2962
3 3761 3736 3735
3 3761 3735 3733
3 3737 3735 3736
3 3737 3736 3738
3 3737 3738 3740
3 3737 3740 2966
3 3756 3739 3738
3 3756 3738 3736
3 3741 3740 3738
3 3741 3738 3739
3 2966 3740 3742
3 2966 3742 2968
3 3741 3743 3742
3 3741 3742 3740
3 2968 3742 3744
3 2968 3744 2971
3 3744 3742 3743
3 3744 3743 3745
3 3744 3746 2974
3 3744 2974 2971
3 3744 3745 3748
3 3744 3748 3746
3 2977 2974 3746
3 2977 3746 3747
3 3747 3746 3748
3 3747 3748 3749
3 3749 3748 3750
3 3749 3750 3751
3 3745 3752 3750
3 3745 3750 3748
3 3753 3226 3751
3 3753 3751 3750
3 3752 3754 3753
3 3752 3753 3750
3 3753 3754 3233
3 3753 3233 3225
3 3752 3757 3755
3 3752 3755 3754
3 3758 3233 3754
3 3758 3754 3755
3 3758 3755 3756
3 3758 3756 3759
3 3756 3755 3757
3 3756 3757 3739
3 3758 3759 3760
3 3758 3760 3232
3 3761 3762 3760
3 3761 3760 3759
3 3756 3736 3761
3 3756 3761 3759
3 3761 3733 3763
3 3761 3763 3762
3 3763 3765 3764
3 3763 3764 3762
3 3767 3760 3762
3 3767 3762 3764
3 3843 3766 3764
3 3843 3764 3765
3 3766 3768 3767
3 3766 3767 3764
3 3768 3237 3235
3 3768 3235 3767
3 3767 3235 3232
3 3767 3232 3760
3 3766 3771 3769
3 3766 3769 3768
3 3769 3770 3237
3 3769 3237 3768
3 3769 3772 3775
3 3769 3775 3770
3 3769 3771 3773
3 3769 3773 3772
3 3794 3774 3772
3 3794 3772 3773
3 3774 3777 3775
3 3774 3775 3772
3 3776 3238 3770
3 3776 3770 3775
3 3777 3779 3776
3 3777 3776 3775
3 3777 3778 3780
3 3777 3780 3779
3 3774 3792 3778
3 3774 3778 3777
3 3783 3781 3779
3 3783 3779 3780
3 3776 3779 3781
3 3776 3781 3242
3 3782 3244 3242
3 3782 3242 3781
3 3783 3784 3782
3 3783 3782 3781
3 3788 3785 3783
3 3788 3783 3780
3 3783 3785 3787
3 3783 3787 3784
3 3788 3790 3786
3 3788 3786 3785
3 3884 3787 3785
3 3884 3785 3786
3 3789 3788 3780
3 3789 3780 3778
3 3789 3336 3790
3 3789 3790 3788
3 3327 3786 3790
3 3327 3790 3330
3 3791 3338 3336
3 3791 3336 3789
3 3791 3789 3778
3 3791 3778 3792
3 3349 3341 3338
3 3349 3338 3791
3 3349 3791 3792
3 3349 3792 3793
3 3794 3793 3792
3 3794 3792 3774
3 3794 3795 3348
3 3794 3348 3793
3 3796 3795 3794
3 3796 3794 3773
3 3351 3348 3795
3 3351 3795 3797
3 3798 3797 3795
3 3798 3795 3796
3 3353 3351 3797
3 3353 3797 3799
3 3801 3799 3797
3 3801 3797 3798
3 3811 3353 3799
3 3811 3799 3800
3 3803 3800 3799
3 3803 3799 3801
3 3803 3801 3802
3 3803 3802 3804
3 3801 3798 3844
3 3801 3844 3802
3 3805 3803 3804
3 3805 3804 3806
3 3805 3808 3800
3 3805 3800 3803
3 3807 3805 3806
3 3807 3806 3839
3 3807 3809 3808
3 3807 3808 3805
3 3812 3810 3808
3 3812 3808 3809
3 3810 3811 3800
3 3810 3800 3808
3 3810 3813 3354
3 3810 3354 3811
3 3812 3814 3813
3 3812 3813 3810
3 3815 3356 3354
3 3815 3354 3813
3 3815 3813 3814
3 3815 3814 3816
3 3815 3817 3358
3 3815 3358 3356
3 3818 3817 3815
3 3818 3815 3816
3 3361 3358 3817
3 3361 3817 3379
3 3818 3381 3379
3 3818 3379 3817
3 3818 3816 3819
3 3818 3819 3386
3 3821 3819 3816
3 3821 3816 3814
3 3820 3388 3386
3 3820 3386 3819
3 3820 3819 3821
3 3820 3821 3822
3 3821 3814 3812
3 3821 3812 3823
3 3821 3823 3824
3 3821 3824 3822
3 3827 3824 3823
3 3827 3823 3825
3 3812 3809 3825
3 3812 3825 3823
3 3826 3825 3809
3 3826 3809 3807
3 3827 3825 3826
3 3827 3826 3829
3 3827 3829 3830
3 3827 3830 3828
3 3854 3824 3827
3 3854 3827 3828
3 3834 3830 3829
3 3834 3829 3831
3 3826 3832 3831
3 3826 3831 3829
3 3835 3833 3831
3 3835 3831 3832
3 3709 3834 3831
3 3709 3831 3833
3 3710 3847 3830
3 3710 3830 3834
3 3836 3712 3709
3 3836 3709 3833
3 3835 3721 3836
3 3835 3836 3833
3 3723 3721 3835
3 3723 3835 3837
3 3835 3832 3839
3 3835 3839 3837
3 3838 3725 3723
3 3838 3723 3837
3 3838 3837 3839
3 3838 3839 3806
3 3826 3807 3839
3 3826 3839 3832
3 3838 3806 3804
3 3838 3804 3840
3 3727 3725 3838
3 3727 3838 3840
3 3841 3840 3804
3 3841 3804 3802
3 3841 3729 3727
3 3841 3727 3840
3 3841 3802 3844
3 3841 3844 3842
3 3845 3729 3841
3 3845 3841 3842
3 3842 3844 3846
3 3842 3846 3843
3 3845 3842 3843
3 3845 3843 3765
3 3763 3730 3845
3 3763 3845 3765
3 3798 3796 3846
3 3798 3846 3844
3 3843 3846 3771
3 3843 3771 3766
3 3796 3773 3771
3 3796 3771 3846
3 3847 3849 3828
3 3847 3828 3830
3 3848 3850 3849
3 3848 3849 3847
3 3710 3707 3848
3 3710 3848 3847
3 3852 3851 3849
3 3852 3849 3850
3 3851 3854 3828
3 3851 3828 3849
3 3852 3860 3853
3 3852 3853 3851
3 3851 3853 3855
3 3851 3855 3854
3 3854 3855 3822
3 3854 3822 3824
3 3857 3856 3855
3 3857 3855 3853
3 3856 3820 3822
3 3856 3822 3855
3 3857 3858 3391
3 3857 3391 3856
3 3856 3391 3388
3 3856 3388 3820
3 3857 3853 3860
3 3857 3860 3859
3 3861 3858 3857
3 3861 3857 3859
3 3864 3862 3859
3 3864 3859 3860
3 3861 3859 3862
3 3861 3862 3863
3 3427 3425 3863
3 3427 3863 3862
3 3427 3862 3864
3 3427 3864 3429
3 3864 3865 3866
3 3864 3866 3429
3 3864 3860 3852
3 3864 3852 3865
3 3869 3866 3865
3 3869 3865 3867
3 3852 3850 3867
3 3852 3867 3865
3 3848 3868 3867
3 3848 3867 3850
3 3871 3869 3867
3 3871 3867 3868
3 3870 3430 3866
3 3870 3866 3869
3 3871 3872 3870
3 3871 3870 3869
3 3871 3873 3874
3 3871 3874 3872
3 3705 3873 3871
3 3705 3871 3868
3 3874 3873 3701
3 3874 3701 3875
3 3874 3875 3691
3 3874 3691 3876
3 3877 3872 3874
3 3877 3874 3876
3 3877 3876 3688
3 3877 3688 3878
3 3880 3879 3877
3 3880 3877 3878
3 3870 3872 3877
3 3870 3877 3879
3 3432 3879 3880
3 3432 3880 3435
3 3870 3879 3432
3 3870 3432 3430
3 3880 3878 3685
3 3880 3685 3881
3 3437 3435 3880
3 3437 3880 3881
3 3437 3881 3682
3 3437 3682 4010
3 3848 3707 3705
3 3848 3705 3868
3 3882 3863 3425
3 3882 3425 3883
3 3882 3397 3861
3 3882 3861 3863
3 3398 3882 3883
3 3398 3883 3405
3 3408 3405 3883
3 3408 3883 3421
3 3861 3397 3390
3 3861 3390 3858
3 3884 3319 3885
3 3884 3885 3787
3 3885 3886 3784
3 3885 3784 3787
3 3885 3316 3888
3 3885 3888 3886
3 3782 3784 3886
3 3782 3886 3887
3 3888 3889 3887
3 3888 3887 3886
3 3888 3313 3891
3 3888 3891 3889
3 3247 3887 3889
3 3247 3889 3890
3 3891 3892 3890
3 3891 3890 3889
3 3891 3310 3894
3 3891 3894 3892
3 3246 3890 3892
3 3246 3892 3893
3 3894 3895 3893
3 3894 3893 3892
3 3894 3307 3897
3 3894 3897 3895
3 3251 3893 3895
3 3251 3895 3896
3 3897 3262 3896
3 3897 3896 3895
3 3897 3304 3264
3 3897 3264 3262
3 3782 3887 3247
3 3782 3247 3244
3 3327 3322 3884
3 3327 3884 3786
3 3741 3739 3757
3 3741 3757 3743
3 3745 3743 3757
3 3745 3757 3752
3 3749 3751 3898
3 3749 3898 3899
3 3898 3751 3226
3 3898 3226 3223
3 3898 3900 3901
3 3898 3901 3899
3 3898 3223 3221
3 3898 3221 3900
3 3900 3221 3903
3 3900 3903 3902
3 3900 3902 3905
3 3900 3905 3901
3 3903 3921 3904
3 3903 3904 3902
3 3906 3905 3902
3 3906 3902 3904
3 3907 3905 3906
3 3907 3906 3910
3 3909 3901 3905
3 3909 3905 3907
3 3907 3910 3911
3 3907 3911 3908
3 4008 3909 3907
3 4008 3907 3908
3 3906 3915 3912
3 3906 3912 3910
3 3914 3911 3910
3 3914 3910 3912
3 3914 3912 3913
3 3914 3913 3149
3 3913 3912 3915
3 3913 3915 3916
3 3917 3918 3916
3 3917 3916 3915
3 3906 3904 3917
3 3906 3917 3915
3 3917 3919 3920
3 3917 3920 3918
3 3917 3904 3921
3 3917 3921 3919
3 3920 3919 3922
3 3920 3922 3924
3 3923 3922 3919
3 3923 3919 3921
3 3923 3217 3925
3 3923 3925 3922
3 3924 3922 3925
3 3924 3925 3926
3 3217 3213 3927
3 3217 3927 3925
3 3926 3925 3927
3 3926 3927 3928
3 3213 3210 3929
3 3213 3929 3927
3 3928 3927 3929
3 3928 3929 3930
3 3210 3207 3931
3 3210 3931 3929
3 3930 3929 3931
3 3930 3931 3933
3 3207 3201 3932
3 3207 3932 3931
3 3932 3935 3933
3 3932 3933 3931
3 3934 3933 3935
3 3934 3935 3937
3 3930 3933 3934
3 3930 3934 4006
3 3932 3197 3936
3 3932 3936 3935
3 3936 3939 3937
3 3936 3937 3935
3 3938 3937 3939
3 3938 3939 3941
3 3934 3937 3938
3 3934 3938 4004
3 3936 3193 3940
3 3936 3940 3939
3 3940 3943 3941
3 3940 3941 3939
3 3942 3941 3943
3 3942 3943 3945
3 3938 3941 3942
3 3938 3942 4001
3 3940 3189 3944
3 3940 3944 3943
3 3944 3947 3945
3 3944 3945 3943
3 3946 3945 3947
3 3946 3947 3949
3 3942 3945 3946
3 3942 3946 3998
3 3944 3185 3948
3 3944 3948 3947
3 3948 3951 3949
3 3948 3949 3947
3 3951 3952 3950
3 3951 3950 3949
3 3946 3949 3950
3 3946 3950 3997
3 3948 3181 3179
3 3948 3179 3951
3 3179 3954 3952
3 3179 3952 3951
3 4000 3950 3952
3 4000 3952 3953
3 3955 3953 3952
3 3955 3952 3954
3 3176 3173 3955
3 3176 3955 3954
3 3173 3170 3956
3 3173 3956 3955
3 3956 3957 3953
3 3956 3953 3955
3 3170 3168 3958
3 3170 3958 3956
3 3960 3957 3956
3 3960 3956 3958
3 3959 3958 3168
3 3959 3168 3162
3 3962 3960 3958
3 3962 3958 3959
3 3961 3960 3962
3 3961 3962 3963
3 3961 3999 3957
3 3961 3957 3960
3 3962 3959 3163
3 3962 3163 3964
3 3962 3964 3965
3 3962 3965 3963
3 3163 3159 3966
3 3163 3966 3964
3 3967 3965 3964
3 3967 3964 3966
3 3159 3156 3968
3 3159 3968 3966
3 3967 3966 3968
3 3967 3968 3969
3 3156 3153 3970
3 3156 3970 3968
3 3969 3968 3970
3 3969 3970 3971
3 3153 3151 3972
3 3153 3972 3970
3 3973 3971 3970
3 3973 3970 3972
3 3151 3148 3974
3 3151 3974 3972
3 3974 3975 3973
3 3974 3973 3972
3 3913 3916 3974
3 3913 3974 3148
3 3974 3916 3918
3 3974 3918 3975
3 3920 3976 3975
3 3920 3975 3918
3 3973 3975 3976
3 3973 3976 3977
3 3977 3976 3978
3 3977 3978 3979
3 3920 3924 3978
3 3920 3978 3976
3 3980 3982 3979
3 3980 3979 3978
3 3924 3926 3980
3 3924 3980 3978
3 3926 3928 3981
3 3926 3981 3980
3 3981 3983 3982
3 3981 3982 3980
3 3984 3986 3979
3 3984 3979 3982
3 3984 3982 3983
3 3984 3983 3985
3 3984 3985 3987
3 3984 3987 3986
3 3977 3979 3986
3 3977 3986 3988
3 3988 3986 3987
3 3988 3987 3989
3 3973 3977 3988
3 3973 3988 3971
3 3988 3989 3969
3 3988 3969 3971
3 3989 3990 3967
3 3989 3967 3969
3 3989 3987 3991
3 3989 3991 3990
3 3991 3993 3992
3 3991 3992 3990
3 3992 3965 3967
3 3992 3967 3990
3 3993 3995 3994
3 3993 3994 3992
3 3992 3994 3963
3 3992 3963 3965
3 3996 3994 3995
3 3996 3995 3998
3 3996 3961 3963
3 3996 3963 3994
3 3996 3997 3999
3 3996 3999 3961
3 3946 3997 3996
3 3946 3996 3998
3 3942 3998 3995
3 3942 3995 4001
3 4000 3999 3997
3 4000 3997 3950
3 4000 3953 3957
3 4000 3957 3999
3 3993 4002 4001
3 3993 4001 3995
3 3938 4001 4002
3 3938 4002 4004
3 4003 4005 4004
3 4003 4004 4002
3 3991 4003 4002
3 3991 4002 3993
3 3934 4004 4005
3 3934 4005 4006
3 4005 3983 3981
3 4005 3981 4006
3 4003 3985 3983
3 4003 3983 4005
3 3928 3930 4006
3 3928 4006 3981
3 3991 3987 3985
3 3991 3985 4003
3 3903 3216 3923
3 3903 3923 3921
3 4007 3911 3914
3 4007 3914 3139
3 3141 3139 3914
3 3141 3914 3149
3 4007 2986 3908
3 4007 3908 3911
3 4008 2979 4009
3 4008 4009 3909
3 3909 4009 3899
3 3909 3899 3901
3 2977 3747 4009
3 2977 4009 2979
3 3747 3749 3899
3 3747 3899 4009
3 2980 4008 3908
3 2980 3908 2986
3 2943 3718 2952
3 2943 2952 2945
3 3699 2914 2907
3 3699 2907 3697
3 2916 2914 3699
3 2916 3699 2924
3 3438 4010 3679
3 3438 3679 4011
3 3442 4011 3676
3 3442 3676 3448
3 3459 3457 3664
3 3459 3664 4012
3 4013 3461 3459
3 4013 3459 4012
3 4013 4012 3661
3 4013 3661 3651
3 4013 3650 3464
3 4013 3464 3461
3 4014 3464 3650
3 4014 3650 3644
3 4014 3645 4015
3 4014 4015 3465
3 3636 4015 3645
3 3636 3645 3638
3 4016 3467 3465
3 4016 3465 4015
3 3636 4017 4016
3 3636 4016 4015
3 4016 4018 3469
3 4016 3469 3467
3 4016 4017 4019
3 4016 4019 4018
3 4018 4020 3472
3 4018 3472 3469
3 4018 4019 4021
3 4018 4021 4020
3 3472 4020 3483
3 3472 3483 3475
3 3571 3483 4020
3 3571 4020 4021
3 3571 4021 4022
3 3571 4022 3575
3 4023 4022 4021
3 4023 4021 4019
3 3625 4022 4023
3 3625 4023 3628
3 3622 3575 4022
3 3622 4022 3625
3 4023 4019 4017
3 4023 4017 3632
3 3640 2109 2107
3 3640 2107 3634
3 3626 3629 4024
3 3626 4024 4026
3 3629 2105 2102
3 3629 2102 4024
3 4024 2102 2100
3 4024 2100 4025
3 4024 4025 4027
3 4024 4027 4026
3 3623 3626 4026
3 3623 4026 4028
3 4027 4029 4028
3 4027 4028 4026
3 3620 3623 4028
3 3620 4028 4030
3 4031 4030 4028
3 4031 4028 4029
3 3618 3620 4030
3 3618 4030 1114
3 1117 1114 4030
3 1117 4030 4031
3 1117 4031 4032
3 1117 4032 1119
3 4031 4029 4033
3 4031 4033 4032
3 4032 4034 1122
3 4032 1122 1119
3 4032 4033 4036
3 4032 4036 4034
3 4034 4036 4037
3 4034 4037 4035
3 4034 4035 4044
3 4034 4044 1122
3 4038 4039 4037
3 4038 4037 4036
3 4041 4038 4036
3 4041 4036 4033
3 4038 4040 2096
3 4038 2096 4039
3 4041 4042 4040
3 4041 4040 4038
3 4027 4041 4033
3 4027 4033 4029
3 4027 4025 4042
3 4027 4042 4041
3 4043 2095 4040
3 4043 4040 4042
3 4043 4042 4025
3 4043 4025 2100
3 2083 4037 4039
3 2083 4039 2086
3 2096 2088 2086
3 2096 2086 4039
3 4035 4037 2083
3 4035 2083 4045
3 4035 4045 4046
3 4035 4046 4044
3 4048 4046 4045
3 4048 4045 2084
3 4047 1123 4044
3 4047 4044 4046
3 4048 4049 4047
3 4048 4047 4046
3 4051 4049 4048
3 4051 4048 4050
3 4048 2084 2081
3 4048 2081 4050
3 4051 4050 1157
3 4051 1157 1155
3 1157 4050 2081
3 1157 2081 2079
3 4051 1155 1152
3 4051 1152 4052
3 4053 4049 4051
3 4053 4051 4052
3 1145 4054 4052
3 1145 4052 1152
3 4053 4052 4054
3 4053 4054 1135
3 4053 4055 4047
3 4053 4047 4049
3 1129 4055 4053
3 1129 4053 1135
3 4047 4055 1125
3 4047 1125 1123
3 3603 3605 45
3 3603 45 47
3 52 3603 47
3 52 47 49
3 4056 3564 4057
3 4056 4057 4058
3 3553 4057 3564
3 3553 3564 3556
3 4059 4057 3553
3 4059 3553 3551
3 4059 4061 4058
3 4059 4058 4057
3 4063 4061 4059
3 4063 4059 4060
3 4059 3551 3549
3 4059 3549 4060
3 4063 4065 4062
3 4063 4062 4061
3 3498 4058 4061
3 3498 4061 4062
3 4063 4060 4073
3 4063 4073 4064
3 4066 4065 4063
3 4066 4063 4064
3 3499 4062 4065
3 3499 4065 3503
3 4066 3506 3503
3 4066 3503 4065
3 4066 4064 4069
3 4066 4069 4067
3 4070 3506 4066
3 4070 4066 4067
3 3538 4068 4067
3 3538 4067 4069
3 4070 4067 4068
3 4070 4068 4071
3 3512 3507 4070
3 3512 4070 4071
3 3534 4072 4071
3 3534 4071 4068
3 3512 4071 4072
3 3512 4072 3524
3 3542 4069 4064
3 3542 4064 4073
3 3545 4073 4060
3 3545 4060 3549
3 4056 4058 3498
3 4056 3498 3492
3 77 3554 3557
3 77 3557 75
3 4074 3540 91
3 4074 91 93
3 4074 93 95
3 4074 95 4075
3 4076 3536 4074
3 4076 4074 4075
3 4076 4075 98
3 4076 98 4077
3 4078 3531 4076
3 4078 4076 4077
3 100 4079 4077
3 100 4077 98
3 4078 4077 4079
3 4078 4079 4080
3 103 106 4080
3 103 4080 4079
3 4081 4080 106
3 4081 106 108
3 4081 3532 4078
3 4081 4078 4080
3 110 4082 4081
3 110 4081 108
3 4081 4082 3529
3 4081 3529 3532
3 3527 3529 4082
3 3527 4082 4083
3 110 112 4083
3 110 4083 4082
3 4084 4085 3527
3 4084 3527 4083
3 4084 4083 112
3 4084 112 114
3 4084 4086 4087
3 4084 4087 4085
3 116 4086 4084
3 116 4084 114
3 4090 4087 4086
3 4090 4086 4088
3 116 118 4088
3 116 4088 4086
3 4089 4088 118
3 4089 118 120
3 4090 4088 4089
3 4090 4089 4092
3 4090 4092 4094
3 4090 4094 4091
3 3520 4087 4090
3 3520 4090 4091
3 4095 4094 4092
3 4095 4092 4093
3 4089 4106 4093
3 4089 4093 4092
3 4097 4096 4094
3 4097 4094 4095
3 4094 4096 3519
3 4094 3519 4091
3 4097 3374 4098
3 4097 4098 4096
3 3517 3519 4096
3 3517 4096 4098
3 3375 3515 3517
3 3375 3517 4098
3 4097 4095 4101
3 4097 4101 4099
3 3372 3374 4097
3 3372 4097 4099
3 3369 3372 4099
3 3369 4099 4100
3 4102 4100 4099
3 4102 4099 4101
3 4095 4093 4103
3 4095 4103 4101
3 4103 4104 4102
3 4103 4102 4101
3 4103 4093 4106
3 4103 4106 4105
3 4103 4105 4107
3 4103 4107 4104
3 122 124 4105
3 122 4105 4106
3 4107 4105 124
3 4107 124 126
3 4107 4108 4110
3 4107 4110 4104
3 4107 126 128
3 4107 128 4108
3 128 130 4109
3 128 4109 4108
3 4112 4110 4108
3 4112 4108 4109
3 4111 4102 4104
3 4111 4104 4110
3 4112 4113 4111
3 4112 4111 4110
3 4114 4116 4113
3 4114 4113 4112
3 4114 4112 4109
3 4114 4109 4115
3 2795 4114 4115
3 2795 4115 2793
3 2795 2797 4116
3 2795 4116 4114
3 4117 4120 4113
3 4117 4113 4116
3 4119 4117 4116
3 4119 4116 2797
3 4117 4118 4121
3 4117 4121 4120
3 4119 4131 4118
3 4119 4118 4117
3 4121 4123 4122
3 4121 4122 4120
3 4111 4113 4120
3 4111 4120 4122
3 4123 3369 4100
3 4123 4100 4122
3 4111 4122 4100
3 4111 4100 4102
3 4121 4124 3370
3 4121 3370 4123
3 4121 4118 4126
3 4121 4126 4124
3 3366 3370 4124
3 3366 4124 4125
3 4127 4125 4124
3 4127 4124 4126
3 4128 4130 4127
3 4128 4127 4126
3 4128 4126 4118
3 4128 4118 4131
3 4129 4128 4131
3 4129 4131 4132
3 4129 4139 4130
3 4129 4130 4128
3 2798 4132 4131
3 2798 4131 4119
3 4129 4132 4133
3 4129 4133 4134
3 2800 4133 4132
3 2800 4132 2798
3 4135 4134 4133
3 4135 4133 2803
3 4135 4138 4136
3 4135 4136 4134
3 4136 4139 4129
3 4136 4129 4134
3 4136 4138 4152
3 4136 4152 4137
3 4136 4137 4140
3 4136 4140 4139
3 4142 4130 4139
3 4142 4139 4140
3 4137 4145 4141
3 4137 4141 4140
3 4142 4140 4141
3 4142 4141 3333
3 4142 3334 3340
3 4142 3340 4143
3 4127 4130 4142
3 4127 4142 4143
3 4127 4143 4144
3 4127 4144 4125
3 4144 4143 3340
3 4144 3340 3343
3 4144 3364 3366
3 4144 3366 4125
3 4144 3343 3360
3 4144 3360 3364
3 3331 3333 4141
3 3331 4141 4146
3 4147 4146 4141
3 4147 4141 4145
3 4148 3328 3331
3 4148 3331 4146
3 4148 4146 4147
3 4148 4147 2845
3 3325 3328 4148
3 3325 4148 2844
3 4147 4145 4151
3 4147 4151 4149
3 4147 4149 2841
3 4147 2841 2845
3 2836 2841 4149
3 2836 4149 4150
3 4151 4153 4150
3 4151 4150 4149
3 4151 4152 4154
3 4151 4154 4153
3 4151 4145 4137
3 4151 4137 4152
3 2835 4150 4153
3 2835 4153 2821
3 4154 2814 2821
3 4154 2821 4153
3 4154 4152 4138
3 4154 4138 2813
3 4135 2810 2813
3 4135 2813 4138
3 2805 2810 4135
3 2805 4135 2803
3 130 132 4115
3 130 4115 4109
3 132 134 2793
3 132 2793 4115
3 4089 120 122
3 4089 122 4106
3 3522 4085 4087
3 3522 4087 3520
3 3377 3384 3515
3 3377 3515 3375
3 3496 3404 3407
3 3496 3407 3494
3 4155 3494 3407
3 4155 3407 3410
3 3414 3479 4155
3 3414 4155 3410
3 4155 3479 3481
3 4155 3481 3489
3 3476 3478 3413
3 3476 3413 4156
3 3473 3476 4156
3 3473 4156 4158
3 4157 4156 3413
3 4157 3413 3416
3 4159 4158 4156
3 4159 4156 4157
3 3451 4160 4158
3 3451 4158 4159
3 3470 3473 4158
3 3470 4158 4160
3 3470 4160 3455
3 3470 3455 3462
3 4159 4157 3444
3 4159 3444 3446
3 4157 3416 3419
3 4157 3419 3444
3 3211 4161 3253
3 3211 3253 3208
3 3214 4162 4161
3 3214 4161 3211
3 3228 3249 4161
3 3228 4161 4162
3 3175 4163 3109
3 3175 3109 3172
3 3083 3086 4163
3 3083 4163 3175
3 3100 3102 3109
3 3100 3109 4163
3 3088 3100 4163
3 3088 4163 3086
3 3113 3121 4164
3 3113 4164 3165
3 3121 4166 4165
3 3121 4165 4164
3 3160 4164 4165
3 3160 4165 3157
3 4166 4168 4167
3 4166 4167 4165
3 3157 4165 4167
3 3157 4167 3154
3 3154 4167 3143
3 3154 3143 3146
3 3143 4167 4168
3 3143 4168 4169
3 3126 3128 4169
3 3126 4169 4168
3 4166 3120 3126
3 4166 3126 4168
3 3144 4169 3128
3 3144 3128 3130
3 3144 3130 3132
3 3144 3132 3137
3 3021 3018 2992
3 3021 2992 3134
3 3116 3036 3124
3 3116 3124 3118
3 3116 3104 3038
3 3116 3038 3036
3 4170 3096 3094
3 4170 3094 3054
3 4170 3049 3047
3 4170 3047 3096
3 4171 3056 2913
3 4171 2913 2917
3 4171 2917 2920
3 4171 2920 4172
3 4174 3051 4171
3 4174 4171 4172
3 4177 4173 4172
3 4177 4172 2920
3 4174 4172 4173
3 4174 4173 4175
3 3052 4174 4175
3 3052 4175 4176
3 3029 4176 4175
3 3029 4175 3026
3 3026 4175 4173
3 3026 4173 3023
3 3043 3052 4176
3 3043 4176 3040
3 3032 3040 4176
3 3032 4176 3029
3 3023 4173 4177
3 3023 4177 3020
3 4177 2919 3017
3 4177 3017 3020
3 2994 2992 3018
3 2994 3018 3011
3 3015 3017 2919
3 3015 2919 2922
3 3015 2922 2925
3 3015 2925 3013
3 3009 2930 2932
3 3009 2932 3007
3 2970 2973 3002
3 2970 3002 4178
3 2998 3002 2973
3 2998 2973 2976
3 3001 4180 4179
3 3001 4179 4178
3 2964 2970 4178
3 2964 4178 4179
3 4179 4180 2948
3 4179 2948 2960
3 2145 2830 4181
3 2145 4181 4184
3 4181 2830 2828
3 4181 2828 4183
3 4181 4183 4238
3 4181 4238 4182
3 4185 4184 4181
3 4185 4181 4182
3 4185 4187 2146
3 4185 2146 4184
3 4185 4186 4188
3 4185 4188 4187
3 4235 4186 4185
3 4235 4185 4182
3 4190 4189 4187
3 4190 4187 4188
3 2146 4187 4189
3 2146 4189 2148
3 4190 2158 2152
3 4190 2152 4189
3 4190 4191 2161
3 4190 2161 2158
3 4192 4191 4190
3 4192 4190 4188
3 4192 4194 4193
3 4192 4193 4191
3 4196 2161 4191
3 4196 4191 4193
3 4195 4193 4194
3 4195 4194 4199
3 4195 4197 4196
3 4195 4196 4193
3 4196 4197 4198
3 4196 4198 2160
3 4195 4200 2178
3 4195 2178 4197
3 2172 4198 4197
3 2172 4197 2178
3 2168 2163 2160
3 2168 2160 4198
3 4201 4200 4195
3 4201 4195 4199
3 4201 4203 2179
3 4201 2179 4200
3 4201 4199 4230
3 4201 4230 4202
3 4204 4203 4201
3 4204 4201 4202
3 4204 4206 2183
3 4204 2183 4203
3 4204 4202 4229
3 4204 4229 4205
3 4207 4206 4204
3 4207 4204 4205
3 4207 2194 2187
3 4207 2187 4206
3 4211 2194 4207
3 4211 4207 4208
3 4207 4205 4209
3 4207 4209 4208
3 4219 4210 4208
3 4219 4208 4209
3 4211 4208 4210
3 4211 4210 4212
3 2193 4211 4212
3 2193 4212 2200
3 4212 4213 4215
3 4212 4215 2200
3 4214 4213 4212
3 4214 4212 4210
3 4214 2728 2725
3 4214 2725 4213
3 2722 4215 4213
3 2722 4213 2725
3 2722 2716 2201
3 2722 2201 4215
3 4217 2728 4214
3 4217 4214 4216
3 4214 4210 4219
3 4214 4219 4216
3 4263 4217 4216
3 4263 4216 4218
3 4219 4220 4218
3 4219 4218 4216
3 4219 4209 4221
3 4219 4221 4220
3 4221 4225 4222
3 4221 4222 4220
3 4222 4224 4218
3 4222 4218 4220
3 4223 4222 4225
3 4223 4225 4226
3 4223 4264 4224
3 4223 4224 4222
3 4227 4228 4226
3 4227 4226 4225
3 4221 4229 4227
3 4221 4227 4225
3 4227 4230 4231
3 4227 4231 4228
3 4227 4229 4202
3 4227 4202 4230
3 4231 4230 4199
3 4231 4199 4194
3 4231 4232 4233
3 4231 4233 4228
3 4231 4194 4192
3 4231 4192 4232
3 4235 4233 4232
3 4235 4232 4186
3 4192 4188 4186
3 4192 4186 4232
3 4234 4226 4228
3 4234 4228 4233
3 4234 4233 4235
3 4234 4235 4236
3 4235 4182 4238
3 4235 4238 4236
3 4234 4236 4237
3 4234 4237 4266
3 4238 4239 4237
3 4238 4237 4236
3 4238 4183 4241
3 4238 4241 4239
3 4242 4240 4239
3 4242 4239 4241
3 4240 4251 4237
3 4240 4237 4239
3 2825 4243 4242
3 2825 4242 4241
3 2825 4241 4183
3 2825 4183 2828
3 4242 4243 4245
3 4242 4245 4244
3 4242 4244 4247
3 4242 4247 4240
3 4267 4246 4244
3 4267 4244 4245
3 4246 4248 4247
3 4246 4247 4244
3 4248 4252 4249
3 4248 4249 4247
3 4240 4247 4249
3 4240 4249 4251
3 4251 4249 4250
3 4251 4250 4265
3 4252 4253 4250
3 4252 4250 4249
3 4248 2765 2763
3 4248 2763 4252
3 4252 2763 4255
3 4252 4255 4253
3 4255 4256 4254
3 4255 4254 4253
3 4254 4262 4250
3 4254 4250 4253
3 4255 2762 2745
3 4255 2745 4256
3 2742 4257 4256
3 2742 4256 2745
3 4254 4256 4257
3 4254 4257 4259
3 2742 2736 4258
3 2742 4258 4257
3 4258 4260 4259
3 4258 4259 4257
3 4261 4259 4260
3 4261 4260 4263
3 4254 4259 4261
3 4254 4261 4262
3 4261 4224 4264
3 4261 4264 4262
3 4261 4263 4218
3 4261 4218 4224
3 4263 4260 2729
3 4263 2729 4217
3 4265 4250 4262
3 4265 4262 4264
3 4265 4264 4223
3 4265 4223 4266
3 4251 4265 4266
3 4251 4266 4237
3 4223 4226 4234
3 4223 4234 4266
3 4258 2731 2729
3 4258 2729 4260
3 4246 2768 2765
3 4246 2765 4248
3 4267 4269 2768
3 4267 2768 4246
3 4273 4268 4267
3 4273 4267 4245
3 4267 4268 4270
3 4267 4270 4269
3 2776 2767 4269
3 2776 4269 4270
3 4271 2778 2776
3 4271 2776 4270
3 4271 4270 4268
3 4271 4268 4272
3 4271 2808 2781
3 4271 2781 2778
3 2811 2808 4271
3 2811 4271 4272
3 4273 2816 4272
3 4273 4272 4268
3 4273 4245 4243
3 4273 4243 2826
3 2818 2816 4273
3 2818 4273 2826
3 4221 4209 4205
3 4221 4205 4229
3 4274 2756 158
3 4274 158 160
3 2755 4274 4275
3 2755 4275 4277
3 4274 160 162
3 4274 162 4275
3 4275 4276 4278
3 4275 4278 4277
3 4275 162 170
3 4275 170 4276
3 4280 4279 4277
3 4280 4277 4278
3 2753 2755 4277
3 2753 4277 4279
3 2750 2753 4279
3 2750 4279 4281
3 4282 4281 4279
3 4282 4279 4280
3 2750 4281 4283
3 2750 4283 4286
3 4285 4283 4281
3 4285 4281 4282
3 4284 4283 4285
3 4284 4285 4326
3 4284 4287 4286
3 4284 4286 4283
3 2751 4286 4287
3 2751 4287 4288
3 4289 4292 4288
3 4289 4288 4287
3 4289 4287 4284
3 4289 4284 4290
3 4291 4289 4290
3 4291 4290 4325
3 4291 4293 4292
3 4291 4292 4289
3 2738 2740 4288
3 2738 4288 4292
3 4294 2738 4292
3 4294 4292 4293
3 4297 4295 4293
3 4297 4293 4291
3 4294 4293 4295
3 4294 4295 4298
3 4296 4295 4297
3 4296 4297 4323
3 4296 4300 4298
3 4296 4298 4295
3 4299 2734 4294
3 4299 4294 4298
3 4299 4298 4300
3 4299 4300 4302
3 4301 4300 4296
3 4301 4296 4322
3 4301 4304 4302
3 4301 4302 4300
3 4303 2733 4299
3 4303 4299 4302
3 4303 4302 4304
3 4303 4304 4306
3 4305 4304 4301
3 4305 4301 4321
3 4305 4307 4306
3 4305 4306 4304
3 2720 2723 4303
3 2720 4303 4306
3 2720 4306 4307
3 2720 4307 2718
3 4308 4307 4305
3 4308 4305 4311
3 4308 4309 2718
3 4308 2718 4307
3 4312 4309 4308
3 4312 4308 4310
3 4308 4311 226
3 4308 226 4310
3 4305 4321 222
3 4305 222 4311
3 4312 4310 230
3 4312 230 4313
3 4312 2712 2714
3 4312 2714 4309
3 4314 2712 4312
3 4314 4312 4313
3 4314 4313 234
3 4314 234 4315
3 4316 2709 4314
3 4316 4314 4315
3 4318 4316 4315
3 4318 4315 4317
3 236 4317 4315
3 236 4315 234
3 4318 4317 241
3 4318 241 4319
3 4318 2703 2706
3 4318 2706 4316
3 4320 2703 4318
3 4320 4318 4319
3 4320 4319 245
3 4320 245 251
3 4332 2704 4320
3 4332 4320 251
3 4301 4322 218
3 4301 218 4321
3 4303 2723 2726
3 4303 2726 2733
3 4296 4323 214
3 4296 214 4322
3 4297 4291 4325
3 4297 4325 4324
3 4297 4324 210
3 4297 210 4323
3 205 4324 4325
3 205 4325 202
3 202 4325 4290
3 202 4290 200
3 4284 4326 200
3 4284 200 4290
3 2740 2743 2751
3 2740 2751 4288
3 4285 4327 196
3 4285 196 4326
3 4285 4282 4328
3 4285 4328 4327
3 191 4327 4328
3 191 4328 189
3 4329 4331 189
3 4329 189 4328
3 4282 4280 4329
3 4282 4329 4328
3 4329 4330 174
3 4329 174 4331
3 4280 4278 4330
3 4280 4330 4329
3 174 176 184
3 174 184 4331
3 4276 169 4330
3 4276 4330 4278
3 4333 2701 2704
3 4333 2704 4332
3 4333 4332 252
3 4333 252 259
3 4334 2696 2701
3 4334 2701 4333
3 4334 4333 259
3 4334 259 261
3 2692 4334 261
3 2692 261 265
3 2694 4335 2229
3 2694 2229 2225
3 2690 4337 4336
3 2690 4336 4335
3 2232 2229 4335
3 2232 4335 4336
3 4338 4336 4337
3 4338 4337 4341
3 2232 4336 4338
3 2232 4338 4339
3 4338 4340 2241
3 4338 2241 4339
3 4338 4341 4343
3 4338 4343 4340
3 2686 4342 4341
3 2686 4341 4337
3 4343 4341 4342
3 4343 4342 4344
3 4343 2251 2245
3 4343 2245 4340
3 4343 4344 4346
3 4343 4346 2251
3 2682 4345 4344
3 2682 4344 4342
3 4346 4344 4345
3 4346 4345 4347
3 4346 4347 4349
3 4346 4349 2252
3 2678 4348 4347
3 2678 4347 4345
3 4349 4347 4348
3 4349 4348 4350
3 4349 2262 2254
3 4349 2254 2252
3 4349 4350 2264
3 4349 2264 2262
3 2674 4351 4350
3 2674 4350 4348
3 2264 4350 4351
3 2264 4351 2267
3 2670 2271 2267
3 2670 2267 4351
3 287 4352 2664
3 287 2664 285
3 2660 4352 298
3 2660 298 301
3 289 298 4352
3 289 4352 287
3 2660 301 304
3 2660 304 312
3 379 2506 2510
3 379 2510 377
3 2503 2506 379
3 2503 379 4353
3 2500 2503 4353
3 2500 4353 4354
3 1647 4354 4353
3 1647 4353 380
3 1649 4355 4354
3 1649 4354 1647
3 2500 4354 4355
3 2500 4355 2497
3 1651 4356 4355
3 1651 4355 1649
3 4355 4356 2494
3 4355 2494 2497
3 1653 4357 4356
3 1653 4356 1651
3 2491 2494 4356
3 2491 4356 4357
3 1655 4358 4357
3 1655 4357 1653
3 2488 2491 4357
3 2488 4357 4358
3 1657 4359 4358
3 1657 4358 1655
3 2483 2488 4358
3 2483 4358 4359
3 2495 2423 2421
3 2495 2421 2498
3 2495 2492 2426
3 2495 2426 2423
3 2489 2486 2426
3 2489 2426 2492
3 2430 2428 2481
3 2430 2481 2479
3 2432 2430 2479
3 2432 2479 2477
3 2435 2432 2477
3 2435 2477 2475
3 2438 2435 2475
3 2438 2475 2473
3 2441 2438 2473
3 2441 2473 2471
3 2445 2441 2471
3 2445 2471 2467
3 2461 1688 1690
3 2461 1690 4360
3 4361 2458 2461
3 4361 2461 4360
3 4361 4360 1695
3 4361 1695 4363
3 2360 4362 4361
3 2360 4361 4363
3 4361 4362 2455
3 4361 2455 2458
3 2360 4363 1699
3 2360 1699 2358
3 2368 2455 4362
3 2368 4362 2361
3 4365 4364 2451
3 4365 2451 2374
3 4366 4367 2447
3 4366 2447 4364
3 4365 4368 4366
3 4365 4366 4364
3 4366 4369 4370
3 4366 4370 4367
3 4366 4368 4371
3 4366 4371 4369
3 4369 4372 4373
3 4369 4373 4370
3 4369 4371 4374
3 4369 4374 4372
3 4372 2413 2416
3 4372 2416 4373
3 4372 4374 2410
3 4372 2410 2413
3 4375 2407 2410
3 4375 2410 4374
3 2390 4375 4374
3 2390 4374 4371
3 4375 2391 2404
3 4375 2404 2407
3 2436 4373 2416
3 2436 2416 2433
3 2439 4370 4373
3 2439 4373 2436
3 2390 4371 4368
3 2390 4368 2387
3 2442 4367 4370
3 2442 4370 2439
3 4365 2384 2387
3 4365 2387 4368
3 2377 2384 4365
3 2377 4365 2374
3 2393 2396 2404
3 2393 2404 2391
3 1705 1708 1769
3 1705 1769 2353
3 1782 4376 2316
3 1782 2316 2319
3 2314 2316 4376
3 2314 4376 4377
3 1786 4379 4377
3 1786 4377 4376
3 4378 4423 2314
3 4378 2314 4377
3 4378 4377 4379
3 4378 4379 4380
3 4381 4383 4380
3 4381 4380 4379
3 4381 4379 1786
3 4381 1786 1788
3 4381 1788 1790
3 4381 1790 4382
3 4385 4383 4381
3 4385 4381 4382
3 4385 4387 4384
3 4385 4384 4383
3 4405 4380 4383
3 4405 4383 4384
3 4385 4382 4422
3 4385 4422 4386
3 4389 4387 4385
3 4389 4385 4386
3 4389 4391 4388
3 4389 4388 4387
3 4403 4384 4387
3 4403 4387 4388
3 4389 4386 4421
3 4389 4421 4390
3 4393 4391 4389
3 4393 4389 4390
3 4393 4394 4392
3 4393 4392 4391
3 4401 4388 4391
3 4401 4391 4392
3 4393 4390 1808
3 4393 1808 1811
3 1813 4394 4393
3 1813 4393 1811
3 1813 4397 4395
3 1813 4395 4394
3 4398 4392 4394
3 4398 4394 4395
3 4396 4399 4398
3 4396 4398 4395
3 4396 4395 4397
3 4396 4397 4407
3 4398 4399 2285
3 4398 2285 4400
3 4398 4400 4401
3 4398 4401 4392
3 4401 4400 2289
3 4401 2289 4402
3 4401 4402 4403
3 4401 4403 4388
3 4403 4402 2293
3 4403 2293 4404
3 4403 4404 4405
3 4403 4405 4384
3 4405 4404 2297
3 4405 2297 4406
3 4405 4406 4378
3 4405 4378 4380
3 4378 4406 2301
3 4378 2301 4423
3 4396 4420 2281
3 4396 2281 4399
3 1814 4409 4407
3 1814 4407 4397
3 4408 4420 4396
3 4408 4396 4407
3 4408 4407 4409
3 4408 4409 4410
3 1818 4412 4410
3 1818 4410 4409
3 4411 4419 4408
3 4411 4408 4410
3 4411 4410 4412
3 4411 4412 4413
3 1822 4415 4413
3 1822 4413 4412
3 4414 4418 4411
3 4414 4411 4413
3 4414 4413 4415
3 4414 4415 4416
3 1826 4417 4416
3 1826 4416 4415
3 2261 2265 4414
3 2261 4414 4416
3 2261 4416 4417
3 2261 4417 2259
3 1830 2256 2259
3 1830 2259 4417
3 4414 2265 2268
3 4414 2268 4418
3 4411 4418 2273
3 4411 2273 4419
3 4408 4419 2277
3 4408 2277 4420
3 1800 1808 4390
3 1800 4390 4421
3 1801 4421 4386
3 1801 4386 4422
3 1792 4422 4382
3 1792 4382 1790
3 1801 4422 1792
3 1801 1792 1794
3 1839 2247 2249
3 1839 2249 2257
3 1840 2256 1830
3 1840 1830 1832
3 4424 2247 1839
3 4424 1839 1842
3 4424 1842 1844
3 4424 1844 4425
3 4426 2243 4424
3 4426 4424 4425
3 4428 4427 4425
3 4428 4425 1844
3 4426 4425 4427
3 4426 4427 4429
3 4430 4427 4428
3 4430 4428 4431
3 4430 4433 4429
3 4430 4429 4427
3 4430 4431 4511
3 4430 4511 4432
3 4434 4433 4430
3 4434 4430 4432
3 4434 4436 4435
3 4434 4435 4433
3 4437 4429 4433
3 4437 4433 4435
3 4438 4435 4436
3 4438 4436 4439
3 4438 2239 4437
3 4438 4437 4435
3 4441 4440 4438
3 4441 4438 4439
3 4438 4440 2236
3 4438 2236 2239
3 4441 4443 4442
3 4441 4442 4440
3 2234 2236 4440
3 2234 4440 4442
3 4444 4442 4443
3 4444 4443 4447
3 4444 4445 2234
3 4444 2234 4442
3 4444 4446 4474
3 4444 4474 4445
3 4448 4446 4444
3 4448 4444 4447
3 4451 4449 4447
3 4451 4447 4443
3 4448 4447 4449
3 4448 4449 4452
3 4450 4449 4451
3 4450 4451 4479
3 4453 4452 4449
3 4453 4449 4450
3 4455 4448 4452
3 4455 4452 4454
3 4456 4454 4452
3 4456 4452 4453
3 4458 4455 4454
3 4458 4454 4457
3 1977 4457 4454
3 1977 4454 4456
3 4459 4458 4457
3 4459 4457 1976
3 4458 4460 4461
3 4458 4461 4455
3 4459 4462 4460
3 4459 4460 4458
3 2217 4473 4461
3 2217 4461 4460
3 2215 2217 4460
3 2215 4460 4462
3 2215 4462 4463
3 2215 4463 2212
3 4465 4463 4462
3 4465 4462 4459
3 4464 4472 2212
3 4464 2212 4463
3 4464 4463 4465
3 4464 4465 4466
3 4465 4459 1976
3 4465 1976 1979
3 4465 1979 1981
3 4465 1981 4466
3 1984 4467 4466
3 1984 4466 1981
3 4464 4466 4467
3 4464 4467 4469
3 4468 2185 4469
3 4468 4469 4467
3 4468 4467 1984
3 4468 1984 4470
3 2189 4472 4464
3 2189 4464 4469
3 4471 2181 4468
3 4471 4468 4470
3 4471 4470 1985
3 4471 1985 1992
3 2174 2176 4471
3 2174 4471 1992
3 2191 2213 4472
3 2191 4472 2189
3 4473 4474 4446
3 4473 4446 4461
3 4455 4461 4446
3 4455 4446 4448
3 4473 2218 2226
3 4473 2226 4474
3 2226 2228 4445
3 2226 4445 4474
3 1977 4456 4475
3 1977 4475 1970
3 4456 4453 4476
3 4456 4476 4475
3 1964 4475 4476
3 1964 4476 1962
3 4453 4450 4477
3 4453 4477 4476
3 1962 4476 4477
3 1962 4477 1959
3 4450 4479 4478
3 4450 4478 4477
3 1959 4477 4478
3 1959 4478 1957
3 4480 4478 4479
3 4480 4479 4481
3 1957 4478 4480
3 1957 4480 1955
3 4480 4481 4483
3 4480 4483 4482
3 4480 4482 1953
3 4480 1953 1955
3 4483 4485 4484
3 4483 4484 4482
3 1951 1953 4482
3 1951 4482 4484
3 4486 4484 4485
3 4486 4485 4487
3 1951 4484 4486
3 1951 4486 1949
3 4486 4487 4489
3 4486 4489 4488
3 4486 4488 1947
3 4486 1947 1949
3 4489 4491 4490
3 4489 4490 4488
3 1945 1947 4488
3 1945 4488 4490
3 4492 4490 4491
3 4492 4491 4493
3 1945 4490 4492
3 1945 4492 1943
3 4492 4493 4495
3 4492 4495 4494
3 4492 4494 4496
3 4492 4496 1943
3 4495 4498 4497
3 4495 4497 4494
3 1930 4496 4494
3 1930 4494 4497
3 1926 4497 4498
3 1926 4498 4499
3 4495 4501 4500
3 4495 4500 4498
3 4500 4502 4499
3 4500 4499 4498
3 4500 4501 4504
3 4500 4504 4503
3 4500 4503 4505
3 4500 4505 4502
3 4507 4506 4503
3 4507 4503 4504
3 4505 4503 4506
3 4505 4506 4508
3 4507 1847 1849
3 4507 1849 4506
3 1849 1852 4508
3 1849 4508 4506
3 1884 4508 1852
3 1884 1852 1855
3 4505 4508 1884
3 4505 1884 1887
3 4510 4509 4507
3 4510 4507 4504
3 4507 4509 1845
3 4507 1845 1847
3 4510 4511 4431
3 4510 4431 4509
3 4428 1845 4509
3 4428 4509 4431
3 4513 4511 4510
3 4513 4510 4512
3 4510 4504 4501
3 4510 4501 4512
3 4495 4493 4512
3 4495 4512 4501
3 4513 4512 4493
3 4513 4493 4491
3 4513 4514 4432
3 4513 4432 4511
3 4489 4514 4513
3 4489 4513 4491
3 4434 4432 4514
3 4434 4514 4515
3 4489 4487 4515
3 4489 4515 4514
3 4516 4436 4434
3 4516 4434 4515
3 4516 4515 4487
3 4516 4487 4485
3 4516 4517 4439
3 4516 4439 4436
3 4483 4517 4516
3 4483 4516 4485
3 4441 4439 4517
3 4441 4517 4518
3 4483 4481 4518
3 4483 4518 4517
3 4451 4443 4441
3 4451 4441 4518
3 4451 4518 4481
3 4451 4481 4479
3 4505 1887 1889
3 4505 1889 4502
3 1922 4499 4502
3 1922 4502 1889
3 4437 2238 4426
3 4437 4426 4429
3 2157 2165 2113
3 2157 2113 2155
3 2165 4519 2111
3 2165 2111 2113
3 2012 4520 2111
3 2012 2111 4519
3 2093 2110 4520
3 2093 4520 2091
3 2091 4520 2012
3 2091 2012 2014
3 1965 1961 1427
3 1965 1427 1425
3 1736 1805 1803
3 1736 1803 1738
3 1803 4521 1740
3 1803 1740 1738
3 1798 1796 1749
3 1798 1749 4521
3 4521 1749 1742
3 4521 1742 1740
3 1710 4522 1762
3 1710 1762 1707
3 1757 4522 4523
3 1757 4523 1754
3 1713 4523 4522
3 1713 4522 1710
3 1746 1754 4523
3 1746 4523 1744
3 1716 1744 4523
3 1716 4523 1713
3 1623 1626 512
3 1623 512 514
3 1620 1623 514
3 1620 514 516
3 1617 1620 516
3 1617 516 4524
3 1614 1617 4524
3 1614 4524 4525
3 4527 4525 4524
3 4527 4524 517
3 4528 4526 4525
3 4528 4525 4527
3 1612 1614 4525
3 1612 4525 4526
3 4530 4528 4527
3 4530 4527 4529
3 4527 517 519
3 4527 519 4529
3 524 1560 4530
3 524 4530 4529
3 4530 1564 4531
3 4530 4531 4528
3 4531 4532 4526
3 4531 4526 4528
3 4531 1568 4534
3 4531 4534 4532
3 1612 4526 4532
3 1612 4532 4533
3 4534 4535 4533
3 4534 4533 4532
3 4534 1572 4536
3 4534 4536 4535
3 1607 4533 4535
3 1607 4535 1604
3 4536 1601 1604
3 4536 1604 4535
3 4536 1576 1598
3 4536 1598 1601
3 1578 1595 1598
3 1578 1598 1576
3 1402 1184 1181
3 1402 1181 1409
3 1230 1373 4537
3 1230 4537 1233
3 1366 1236 1233
3 1366 1233 4537
3 1240 1236 1366
3 1240 1366 1358
3 1363 794 4539
3 1363 4539 1361
3 4539 4540 4538
3 4539 4538 1361
3 795 4541 4540
3 795 4540 4539
3 4543 4538 4540
3 4543 4540 4542
3 4541 4544 4542
3 4541 4542 4540
3 1014 1017 4542
3 1014 4542 4544
3 1017 4547 4543
3 1017 4543 4542
3 4541 804 4545
3 4541 4545 4544
3 1008 1014 4544
3 1008 4544 4545
3 4543 4546 1360
3 4543 1360 4538
3 4543 4547 4548
3 4543 4548 4546
3 1024 4548 4547
3 1024 4547 1018
3 4549 4550 4546
3 4549 4546 4548
3 1024 1028 4549
3 1024 4549 4548
3 4549 1031 1355
3 4549 1355 4550
3 1360 4546 4550
3 1360 4550 1354
3 795 797 804
3 795 804 4541
3 1031 1033 1352
3 1031 1352 1355
3 4551 208 1022
3 4551 1022 1020
3 4551 1020 4552
3 4551 4552 4553
3 4554 4552 1015
3 4554 1015 1012
3 4554 4556 4553
3 4554 4553 4552
3 4554 1012 1010
3 4554 1010 4555
3 4558 4556 4554
3 4558 4554 4555
3 4558 4559 4557
3 4558 4557 4556
3 4578 4553 4556
3 4578 4556 4557
3 4561 4559 4558
3 4561 4558 4560
3 4558 4555 4563
3 4558 4563 4560
3 4561 4560 4562
3 4561 4562 4571
3 4564 4562 4560
3 4564 4560 4563
3 4564 4563 4565
3 4564 4565 4566
3 4565 4563 4555
3 4565 4555 1010
3 4565 1006 1004
3 4565 1004 4566
3 998 995 4566
3 998 4566 1004
3 4564 4566 995
3 4564 995 4567
3 4568 4562 4564
3 4568 4564 4567
3 4568 4567 996
3 4568 996 4569
3 964 961 4568
3 964 4568 4569
3 4568 961 4571
3 4568 4571 4562
3 990 4570 4569
3 990 4569 996
3 964 4569 4570
3 964 4570 966
3 987 969 966
3 987 966 4570
3 962 4572 4561
3 962 4561 4571
3 4561 4572 4573
3 4561 4573 4559
3 4576 4573 4572
3 4576 4572 4574
3 962 959 4574
3 962 4574 4572
3 4575 4574 959
3 4575 959 957
3 4575 220 4576
3 4575 4576 4574
3 4576 216 4577
3 4576 4577 4573
3 4596 224 4575
3 4596 4575 957
3 4577 4557 4559
3 4577 4559 4573
3 4577 212 4578
3 4577 4578 4557
3 4578 207 4551
3 4578 4551 4553
3 834 993 1000
3 834 1000 832
3 1000 821 823
3 1000 823 832
3 983 844 847
3 983 847 852
3 854 981 983
3 854 983 852
3 854 856 978
3 854 978 981
3 4579 4581 4580
3 4579 4580 979
3 4583 975 979
3 4583 979 4580
3 4582 4580 4581
3 4582 4581 4593
3 4582 4585 4583
3 4582 4583 4580
3 4583 4584 972
3 4583 972 975
3 4583 4585 4586
3 4583 4586 4584
3 4582 4589 4587
3 4582 4587 4585
3 4590 4586 4585
3 4590 4585 4587
3 4588 942 4590
3 4588 4590 4587
3 4588 4587 4589
3 4588 4589 4591
3 4590 945 951
3 4590 951 4586
3 4592 4589 4582
3 4592 4582 4593
3 4592 4594 4591
3 4592 4591 4589
3 4592 4593 864
3 4592 864 866
3 869 4594 4592
3 869 4592 866
3 935 4591 4594
3 935 4594 933
3 869 873 933
3 869 933 4594
3 862 864 4593
3 862 4593 4581
3 935 938 4588
3 935 4588 4591
3 951 4595 4584
3 951 4584 4586
3 972 4584 4595
3 972 4595 970
3 970 4595 950
3 970 950 967
3 862 4581 4579
3 862 4579 858
3 4579 978 856
3 4579 856 858
3 4597 228 4596
3 4597 4596 953
3 239 232 4597
3 239 4597 948
3 927 4598 939
3 927 939 936
3 939 4598 249
3 939 249 247
3 921 254 4598
3 921 4598 927
3 884 890 929
3 884 929 879
3 699 697 870
3 699 870 867
3 699 867 860
3 699 860 701
3 4599 719 717
3 4599 717 849
3 4599 849 846
3 4599 846 4600
3 4603 4601 4599
3 4603 4599 4600
3 4599 4601 721
3 4599 721 719
3 723 721 4601
3 723 4601 4602
3 4603 4605 4602
3 4603 4602 4601
3 4603 4600 4630
3 4603 4630 4604
3 4607 4605 4603
3 4607 4603 4604
3 4628 4602 4605
3 4628 4605 4606
3 4607 4609 4606
3 4607 4606 4605
3 4607 4604 4629
3 4607 4629 4608
3 4611 4609 4607
3 4611 4607 4608
3 4626 4606 4609
3 4626 4609 4610
3 4611 4613 4610
3 4611 4610 4609
3 4611 4608 826
3 4611 826 4612
3 4615 4613 4611
3 4615 4611 4612
3 4619 4610 4613
3 4619 4613 4614
3 4615 4616 4614
3 4615 4614 4613
3 827 4617 4615
3 827 4615 4612
3 4615 4617 764
3 4615 764 4616
3 766 764 4617
3 766 4617 4618
3 827 824 4618
3 827 4618 4617
3 815 769 766
3 815 766 4618
3 815 4618 824
3 815 824 817
3 4614 4616 763
3 4614 763 4620
3 4619 4614 4620
3 4619 4620 4621
3 760 4622 4620
3 760 4620 763
3 4621 4620 4622
3 4621 4622 4623
3 760 754 752
3 760 752 4622
3 752 4624 4623
3 752 4623 4622
3 4624 737 735
3 4624 735 4623
3 4621 4623 735
3 4621 735 733
3 4619 4621 733
3 4619 733 4625
3 4626 4610 4619
3 4626 4619 4625
3 4626 4625 730
3 4626 730 4627
3 4628 4606 4626
3 4628 4626 4627
3 4628 4627 727
3 4628 727 725
3 723 4602 4628
3 723 4628 725
3 4608 4629 829
3 4608 829 826
3 4604 4630 840
3 4604 840 4629
3 831 829 4629
3 831 4629 840
3 839 4630 4600
3 839 4600 846
3 661 295 292
3 661 292 663
3 659 297 295
3 659 295 661
3 4631 300 297
3 4631 297 659
3 4632 4631 656
3 4632 656 654
3 4632 303 300
3 4632 300 4631
3 4633 4632 654
3 4633 654 652
3 4633 306 303
3 4633 303 4632
3 4633 652 648
3 4633 648 4634
3 432 306 4633
3 432 4633 4634
3 438 431 4634
3 438 4634 648
3 4635 447 639
3 4635 639 637
3 4635 637 635
3 4635 635 4637
3 4636 449 447
3 4636 447 4635
3 4636 4635 4637
3 4636 4637 4639
3 4638 4637 635
3 4638 635 633
3 4638 4640 4639
3 4638 4639 4637
3 4640 4642 4641
3 4640 4641 4639
3 4643 4636 4639
3 4643 4639 4641
3 4642 4645 4644
3 4642 4644 4641
3 4647 4643 4641
3 4647 4641 4644
3 4646 4644 4645
3 4646 4645 4648
3 4646 460 4647
3 4646 4647 4644
3 4647 454 451
3 4647 451 4643
3 4650 464 4646
3 4650 4646 4648
3 4700 4649 4648
3 4700 4648 4645
3 4650 4648 4649
3 4650 4649 4651
3 4653 468 4650
3 4653 4650 4651
3 4701 4652 4651
3 4701 4651 4649
3 4653 4651 4652
3 4653 4652 4654
3 478 472 4653
3 478 4653 4654
3 4652 4656 4655
3 4652 4655 4654
3 478 4654 4655
3 478 4655 481
3 4660 4657 4655
3 4660 4655 4656
3 481 4655 4657
3 481 4657 4659
3 4731 4659 4657
3 4731 4657 4658
3 4660 4662 4658
3 4660 4658 4657
3 4660 4656 4698
3 4660 4698 4661
3 4660 4661 4664
3 4660 4664 4663
3 4660 4663 4665
3 4660 4665 4662
3 4666 4663 4664
3 4666 4664 4667
3 4668 4665 4663
3 4668 4663 4666
3 4666 4667 4672
3 4666 4672 4669
3 4668 4666 4669
3 4668 4669 4670
3 4713 4670 4669
3 4713 4669 4671
3 4671 4669 4672
3 4671 4672 4674
3 4667 4689 4673
3 4667 4673 4672
3 4674 4672 4673
3 4674 4673 4676
3 4671 4674 4675
3 4671 4675 585
3 4674 4676 4678
3 4674 4678 4675
3 4676 4673 4687
3 4676 4687 4677
3 4679 4678 4676
3 4679 4676 4677
3 4679 4681 4680
3 4679 4680 4678
3 4680 584 4675
3 4680 4675 4678
3 4680 4681 597
3 4680 597 594
3 4680 594 587
3 4680 587 584
3 4679 4682 603
3 4679 603 4681
3 4683 4682 4679
3 4683 4679 4677
3 616 613 4682
3 616 4682 4683
3 605 603 4682
3 605 4682 613
3 4683 4677 4687
3 4683 4687 4684
3 4685 616 4683
3 4685 4683 4684
3 4685 4684 4686
3 4685 4686 4712
3 4687 4688 4686
3 4687 4686 4684
3 4687 4673 4689
3 4687 4689 4688
3 4686 4688 4690
3 4686 4690 4691
3 4692 4690 4688
3 4692 4688 4689
3 4693 4694 4691
3 4693 4691 4690
3 4692 4696 4693
3 4692 4693 4690
3 4693 4695 4709
3 4693 4709 4694
3 4693 4696 4697
3 4693 4697 4695
3 4697 4696 4661
3 4697 4661 4698
3 4692 4664 4661
3 4692 4661 4696
3 4699 4702 4695
3 4699 4695 4697
3 4699 4697 4698
3 4699 4698 4701
3 4704 4702 4699
3 4704 4699 4700
3 4699 4701 4649
3 4699 4649 4700
3 4709 4695 4702
3 4709 4702 4703
3 4704 4705 4703
3 4704 4703 4702
3 4640 4705 4704
3 4640 4704 4642
3 4704 4700 4645
3 4704 4645 4642
3 4638 4706 4705
3 4638 4705 4640
3 4707 4703 4705
3 4707 4705 4706
3 631 4706 4638
3 631 4638 633
3 4707 4706 631
3 4707 631 629
3 4709 4703 4707
3 4709 4707 4708
3 4707 629 627
3 4707 627 4708
3 625 4710 4708
3 625 4708 627
3 4709 4708 4710
3 4709 4710 4694
3 4711 4710 625
3 4711 625 623
3 4711 4691 4694
3 4711 4694 4710
3 621 4712 4711
3 621 4711 623
3 4686 4691 4711
3 4686 4711 4712
3 621 615 4685
3 621 4685 4712
3 4701 4698 4656
3 4701 4656 4652
3 4667 4664 4692
3 4667 4692 4689
3 4713 4671 585
3 4713 585 577
3 578 4714 4670
3 578 4670 4713
3 4668 4670 4714
3 4668 4714 4715
3 568 4714 578
3 568 578 570
3 568 4717 4715
3 568 4715 4714
3 4716 4665 4668
3 4716 4668 4715
3 4716 4715 4717
3 4716 4717 4718
3 4719 4718 4717
3 4719 4717 567
3 4721 4716 4718
3 4721 4718 4720
3 4723 4720 4718
3 4723 4718 4719
3 4730 4721 4720
3 4730 4720 4722
3 4724 4722 4720
3 4724 4720 4723
3 4724 4723 555
3 4724 555 4725
3 4723 4719 557
3 4723 557 555
3 4726 4724 4725
3 4726 4725 4727
3 4726 4728 4722
3 4726 4722 4724
3 499 496 4726
3 499 4726 4727
3 4726 496 493
3 4726 493 4728
3 4730 4722 4728
3 4730 4728 4729
3 490 4729 4728
3 490 4728 493
3 4731 4658 4730
3 4731 4730 4729
3 490 487 4731
3 490 4731 4729
3 4731 487 482
3 4731 482 4659
3 4730 4658 4662
3 4730 4662 4721
3 551 549 4727
3 551 4727 4725
3 499 4727 549
3 499 549 502
3 4721 4662 4665
3 4721 4665 4716
3 4719 567 560
3 4719 560 557
3 4643 451 449
3 4643 449 4636
3 488 393 395
3 488 395 485
3 400 402 476
3 400 476 479
3 476 402 404
3 476 404 474
3 406 4732 474
3 406 474 404
3 406 408 4733
3 406 4733 4732
3 4733 4734 470
3 4733 470 4732
3 4733 411 4735
3 4733 4735 4734
3 4735 4736 466
3 4735 466 4734
3 4735 414 4737
3 4735 4737 4736
3 4737 4738 462
3 4737 462 4736
3 4737 417 4739
3 4737 4739 4738
3 4739 4740 458
3 4739 458 4738
3 4739 420 4741
3 4739 4741 4740
3 4741 4742 457
3 4741 457 4740
3 4741 423 427
3 4741 427 4742
3 4742 427 429
3 4742 429 4743
3 4742 4743 455
3 4742 455 457
3 4743 434 452
3 4743 452 455
3 434 436 444
3 434 444 452
