ply
format ascii 1.0
element vertex 4364
property float x
property float y
property float z
element face 8720
property list uchar int vertex_index
end_header
0.087658 2.022752 -0.700775
0.088738 2.022953 -0.705033
0.085461 2.023884 -0.698968
0.089113 2.021785 -0.699778
0.091160 2.020904 -0.699376
0.091891 2.021471 -0.705416
0.086853 2.023626 -0.696840
0.088471 2.023036 -0.695527
0.084431 2.025639 -0.694354
0.081570 2.028304 -0.691582
0.082871 2.025846 -0.697454
0.086069 2.025270 -0.692418
0.087835 2.024836 -0.690909
0.083380 2.028152 -0.688947
0.085464 2.028070 -0.686940
0.080904 2.032535 -0.685220
0.078582 2.038329 -0.681505
0.078948 2.032616 -0.688304
0.083178 2.032526 -0.682685
0.085701 2.032718 -0.680725
0.081122 2.038537 -0.678689
0.083650 2.038746 -0.676386
0.078208 2.045960 -0.674380
0.080827 2.045992 -0.671746
0.075798 2.045899 -0.677542
0.075534 2.057045 -0.669520
0.078426 2.057180 -0.666751
0.073823 2.073305 -0.663775
0.072853 2.056859 -0.672975
0.070764 2.073329 -0.667495
0.070565 2.056520 -0.677256
0.068507 2.073503 -0.672183
0.068718 2.055864 -0.682101
0.073614 2.045715 -0.681350
0.071897 2.045279 -0.685659
0.076329 2.038218 -0.684903
0.074805 2.038142 -0.688900
0.073642 2.037874 -0.693263
0.077500 2.032808 -0.692073
0.080109 2.028708 -0.695084
0.076136 2.032843 -0.696544
0.075374 2.034083 -0.701373
0.079011 2.029170 -0.699872
0.078285 2.030825 -0.705392
0.082108 2.026291 -0.702661
0.082188 2.028206 -0.708678
0.085440 2.024453 -0.704242
0.086722 2.026455 -0.710360
0.088939 2.032259 -0.716081
0.090817 2.025156 -0.710653
0.094795 2.024317 -0.709986
0.094111 2.031141 -0.716524
0.099749 2.042378 -0.721930
0.098922 2.029803 -0.716066
0.105876 2.040895 -0.721270
0.102787 2.029169 -0.714773
0.111178 2.039848 -0.720121
0.106220 2.028948 -0.712884
0.098347 2.023806 -0.708891
0.101260 2.024153 -0.706987
0.094890 2.020602 -0.704630
0.097669 2.020899 -0.702816
0.099501 2.021995 -0.700328
0.093371 2.020151 -0.698577
0.095625 2.020518 -0.696841
0.090228 2.022380 -0.694427
0.092009 2.021881 -0.693276
0.089672 2.024450 -0.689676
0.093870 2.021792 -0.691893
0.091468 2.024088 -0.688685
0.097364 2.021677 -0.694682
0.095543 2.022730 -0.690099
0.096743 2.024029 -0.687620
0.092990 2.023698 -0.687980
0.098651 2.023335 -0.691996
0.099707 2.025521 -0.688850
0.102029 2.025421 -0.694523
0.106861 2.027827 -0.698295
0.103106 2.027659 -0.691112
0.100883 2.023512 -0.697577
0.105513 2.026027 -0.701595
0.103687 2.024911 -0.704578
0.111698 2.030545 -0.706555
0.109425 2.029298 -0.710038
0.122538 2.039646 -0.712826
0.113384 2.031969 -0.703050
0.124712 2.040853 -0.708765
0.114610 2.034152 -0.699033
0.108049 2.030208 -0.694659
0.125965 2.042673 -0.704677
0.115315 2.037439 -0.694887
0.108720 2.033442 -0.690591
0.126450 2.044962 -0.699950
0.115773 2.041271 -0.690471
0.126249 2.048230 -0.695162
0.115331 2.046044 -0.685942
0.108983 2.037474 -0.686207
0.103733 2.035343 -0.682462
0.108475 2.042599 -0.681689
0.107714 2.049035 -0.677038
0.103256 2.040954 -0.677930
0.099561 2.040320 -0.674991
0.102951 2.048150 -0.673320
0.102674 2.058178 -0.668379
0.099204 2.048061 -0.670466
0.095549 2.047834 -0.668652
0.098540 2.058270 -0.665632
0.097366 2.073391 -0.659088
0.094245 2.058279 -0.664068
0.092960 2.073330 -0.657379
0.090056 2.057926 -0.663057
0.088496 2.073205 -0.656412
0.085872 2.057571 -0.663190
0.091675 2.047467 -0.667964
0.093054 2.039409 -0.672135
0.087737 2.047017 -0.668254
0.084078 2.046482 -0.669600
0.089595 2.039217 -0.672967
0.086548 2.039108 -0.674507
0.090861 2.032917 -0.677937
0.093820 2.032933 -0.677316
0.088244 2.032917 -0.679175
0.091754 2.027606 -0.683038
0.089697 2.027905 -0.684092
0.094626 2.027228 -0.682193
0.094931 2.024165 -0.686924
0.096945 2.028148 -0.682896
0.096948 2.033249 -0.677897
0.099975 2.029290 -0.684447
0.103725 2.030890 -0.686958
0.099818 2.034194 -0.679681
0.096579 2.039894 -0.672913
0.087565 2.028009 -0.685370
0.081923 2.057356 -0.664628
0.080401 2.073260 -0.658425
0.076780 2.073202 -0.660659
0.079388 2.094032 -0.651592
0.084271 2.073232 -0.656829
0.083020 2.093960 -0.650025
0.086872 2.093936 -0.649531
0.080686 2.112220 -0.641007
0.077164 2.113358 -0.643424
0.079630 2.132817 -0.635319
0.085314 2.112052 -0.640229
0.083908 2.132514 -0.634546
0.090029 2.112415 -0.640861
0.088501 2.132442 -0.634478
0.091080 2.094183 -0.650472
0.094660 2.113279 -0.642480
0.099499 2.114473 -0.645000
0.093361 2.132904 -0.635639
0.095681 2.093995 -0.651673
0.100293 2.094455 -0.653960
0.101731 2.073499 -0.662006
0.105592 2.095148 -0.657242
0.106471 2.073656 -0.665437
0.104936 2.116092 -0.648324
0.111604 2.095917 -0.661137
0.118571 2.096553 -0.665856
0.112012 2.074017 -0.669460
0.110824 2.117640 -0.652291
0.110009 2.136619 -0.644554
0.118035 2.118982 -0.657337
0.128176 2.120955 -0.665801
0.117095 2.138458 -0.649623
0.117154 2.156059 -0.644244
0.126717 2.141245 -0.658358
0.125801 2.158415 -0.652492
0.135047 2.143648 -0.669571
0.140720 2.144629 -0.679190
0.132834 2.161605 -0.664072
0.136462 2.121920 -0.675808
0.135776 2.096512 -0.681564
0.141447 2.121404 -0.684605
0.144576 2.120088 -0.692185
0.140296 2.095037 -0.688812
0.143351 2.093066 -0.695612
0.134801 2.071025 -0.689283
0.130421 2.075115 -0.683349
0.138430 2.067639 -0.694733
0.123304 2.057470 -0.685613
0.121020 2.064122 -0.680263
0.125122 2.052463 -0.690507
0.114216 2.051803 -0.681144
0.112995 2.059666 -0.676022
0.107075 2.058216 -0.671915
0.119006 2.075646 -0.673921
0.126147 2.080936 -0.677042
0.127994 2.097164 -0.673170
0.141020 2.064655 -0.699999
0.145611 2.090455 -0.701853
0.142380 2.062299 -0.705500
0.142101 2.060380 -0.710680
0.146387 2.087976 -0.707478
0.145972 2.117450 -0.705801
0.146211 2.086079 -0.712551
0.145706 2.116218 -0.711483
0.144977 2.084707 -0.717027
0.140464 2.058572 -0.715246
0.143001 2.083942 -0.721015
0.144246 2.115009 -0.716491
0.141690 2.114293 -0.720093
0.141947 2.144324 -0.711061
0.143161 2.144762 -0.706098
0.140640 2.167050 -0.704369
0.139583 2.144048 -0.715322
0.136159 2.143701 -0.718272
0.137417 2.167288 -0.708135
0.133368 2.167292 -0.710958
0.134030 2.188032 -0.702332
0.129558 2.188227 -0.705900
0.137447 2.187579 -0.698181
0.132049 2.204998 -0.698363
0.127038 2.205121 -0.701936
0.129312 2.221263 -0.694762
0.136120 2.204534 -0.693969
0.139804 2.203804 -0.689107
0.134009 2.221078 -0.690540
0.129744 2.235335 -0.687211
0.137305 2.220312 -0.685277
0.139949 2.218955 -0.679282
0.133488 2.234682 -0.682089
0.136133 2.233487 -0.675928
0.129860 2.244545 -0.679286
0.126701 2.245811 -0.684671
0.127130 2.250597 -0.677141
0.132512 2.243179 -0.673486
0.129157 2.248285 -0.671597
0.134118 2.241588 -0.667126
0.137323 2.231751 -0.669302
0.134210 2.239771 -0.660626
0.130369 2.246608 -0.665976
0.127020 2.250506 -0.664970
0.130474 2.245242 -0.660279
0.127178 2.249444 -0.660130
0.129828 2.244314 -0.654450
0.126584 2.249043 -0.655393
0.132660 2.237833 -0.653967
0.128261 2.244251 -0.649081
0.125301 2.244970 -0.644769
0.130375 2.236863 -0.647878
0.125272 2.249334 -0.651174
0.121246 2.253220 -0.653121
0.122898 2.250245 -0.647709
0.119089 2.251314 -0.645261
0.120327 2.253125 -0.650456
0.116905 2.254253 -0.650032
0.112827 2.255023 -0.649327
0.117189 2.255077 -0.653458
0.118543 2.256104 -0.656468
0.113111 2.256307 -0.653842
0.114642 2.257863 -0.657458
0.108952 2.257438 -0.654843
0.108080 2.255716 -0.649861
0.104783 2.258645 -0.656557
0.110835 2.258957 -0.659121
0.112907 2.260129 -0.662901
0.107061 2.260065 -0.661077
0.103160 2.261748 -0.663209
0.109473 2.261182 -0.665075
0.105809 2.262765 -0.667406
0.112421 2.261099 -0.669230
0.116163 2.260250 -0.673960
0.115693 2.259414 -0.666880
0.108793 2.263131 -0.671687
0.104966 2.265048 -0.674223
0.112119 2.262299 -0.676354
0.107986 2.263955 -0.678699
0.115592 2.259440 -0.681294
0.118795 2.254145 -0.685521
0.120128 2.257540 -0.678526
0.110900 2.260836 -0.683369
0.106096 2.261607 -0.685511
0.113583 2.254884 -0.688015
0.116427 2.246083 -0.691813
0.107757 2.255336 -0.689758
0.101517 2.254611 -0.691525
0.109755 2.245620 -0.693768
0.102641 2.244820 -0.695344
0.113552 2.234690 -0.697412
0.106023 2.233653 -0.699542
0.117743 2.220590 -0.701492
0.119839 2.235276 -0.694804
0.124038 2.221125 -0.698456
0.125498 2.235632 -0.691700
0.122266 2.246422 -0.689168
0.121013 2.204760 -0.704195
0.110147 2.219376 -0.703006
0.101866 2.217790 -0.704190
0.114052 2.203907 -0.706153
0.106194 2.202487 -0.707298
0.118077 2.187506 -0.709808
0.110734 2.186398 -0.710682
0.123345 2.167089 -0.714411
0.124272 2.188088 -0.708210
0.128702 2.167089 -0.713147
0.132028 2.143147 -0.720030
0.134419 2.113713 -0.724723
0.127438 2.142799 -0.720525
0.129313 2.114198 -0.724840
0.121888 2.143085 -0.719822
0.123276 2.115139 -0.723782
0.114457 2.143795 -0.718607
0.116808 2.166831 -0.714842
0.109173 2.165805 -0.714428
0.100656 2.164658 -0.712983
0.102806 2.184828 -0.710688
0.094755 2.182945 -0.709371
0.097754 2.200635 -0.707395
0.089530 2.198760 -0.706388
0.093624 2.216058 -0.704620
0.085728 2.214367 -0.703972
0.090820 2.230818 -0.700862
0.083953 2.229539 -0.700270
0.089608 2.242860 -0.696552
0.098238 2.232224 -0.700621
0.095958 2.243680 -0.696352
0.095398 2.253433 -0.692735
0.089704 2.252700 -0.693170
0.095024 2.260836 -0.689611
0.100966 2.261580 -0.687630
0.093312 2.264878 -0.685934
0.089709 2.259206 -0.690608
0.085849 2.257366 -0.691234
0.087660 2.262958 -0.688288
0.082898 2.259166 -0.689903
0.084411 2.264572 -0.684778
0.090519 2.266251 -0.681991
0.081009 2.264862 -0.680774
0.078586 2.260412 -0.687363
0.074667 2.253617 -0.689868
0.074936 2.260679 -0.683729
0.070353 2.254198 -0.686999
0.071872 2.260141 -0.679656
0.077967 2.263795 -0.676305
0.069475 2.258782 -0.675188
0.066793 2.254178 -0.683297
0.064610 2.253218 -0.678746
0.064859 2.242881 -0.686232
0.062606 2.242116 -0.681909
0.065167 2.226281 -0.689188
0.068030 2.243022 -0.689987
0.068172 2.227131 -0.692913
0.072524 2.242805 -0.692621
0.072602 2.227813 -0.695802
0.077727 2.242535 -0.694408
0.077764 2.228539 -0.698418
0.083513 2.242484 -0.695836
0.079473 2.252893 -0.691752
0.084502 2.252488 -0.692851
0.078554 2.212854 -0.702425
0.072726 2.211472 -0.699676
0.082034 2.197017 -0.704525
0.075391 2.195446 -0.701701
0.086916 2.181188 -0.706999
0.079544 2.179811 -0.703549
0.091879 2.163795 -0.710166
0.083569 2.163216 -0.705886
0.095882 2.144222 -0.713796
0.105650 2.144087 -0.716751
0.086720 2.144583 -0.709455
0.096437 2.119540 -0.717719
0.106655 2.117883 -0.720386
0.086964 2.121076 -0.713673
0.093047 2.089705 -0.720354
0.102408 2.087956 -0.722951
0.084836 2.091425 -0.716593
0.089001 2.063611 -0.720856
0.081929 2.065164 -0.717806
0.085436 2.044858 -0.719013
0.097193 2.062193 -0.723060
0.105942 2.060778 -0.724012
0.092623 2.043721 -0.721397
0.111946 2.086343 -0.724511
0.114259 2.059374 -0.724411
0.120909 2.085358 -0.725569
0.121800 2.058698 -0.724173
0.128271 2.058265 -0.723319
0.128564 2.084630 -0.726198
0.134793 2.083739 -0.725976
0.139754 2.083453 -0.724219
0.133449 2.057929 -0.721834
0.138643 2.113791 -0.723072
0.119417 2.039114 -0.716064
0.137643 2.058023 -0.719142
0.115633 2.039341 -0.718456
0.115729 2.116352 -0.722297
0.079653 2.046445 -0.715229
0.083314 2.033597 -0.714045
0.078249 2.035541 -0.710635
0.074587 2.038089 -0.706371
0.074873 2.048450 -0.710739
0.072129 2.041002 -0.701621
0.070376 2.044792 -0.698096
0.073013 2.038201 -0.697547
0.071411 2.050839 -0.705184
0.069111 2.053055 -0.698858
0.072559 2.069121 -0.706231
0.076482 2.067045 -0.712694
0.069146 2.071270 -0.698631
0.073904 2.095305 -0.703989
0.074170 2.123793 -0.700130
0.078611 2.093256 -0.711233
0.070044 2.097530 -0.695437
0.067372 2.099047 -0.686346
0.069904 2.124848 -0.691209
0.068838 2.145415 -0.688328
0.066838 2.124889 -0.681759
0.065482 2.123726 -0.672609
0.065731 2.144909 -0.678550
0.064391 2.143506 -0.668683
0.065602 2.161310 -0.678134
0.064592 2.161073 -0.668001
0.068002 2.161788 -0.686814
0.065215 2.177752 -0.679649
0.065021 2.177602 -0.670269
0.063335 2.192904 -0.681284
0.066633 2.177998 -0.687091
0.064062 2.193089 -0.687957
0.069513 2.178350 -0.693358
0.066071 2.193443 -0.693553
0.072063 2.162373 -0.694270
0.073669 2.178979 -0.698881
0.070124 2.194286 -0.697980
0.077036 2.162790 -0.700532
0.079308 2.145009 -0.703910
0.073451 2.145338 -0.696837
0.079543 2.122472 -0.707997
0.068369 2.210338 -0.696323
0.065066 2.209405 -0.692342
0.063040 2.208566 -0.687526
0.063007 2.225347 -0.684923
0.062377 2.207989 -0.681752
0.061762 2.224296 -0.680010
0.062809 2.207673 -0.674538
0.064681 2.207794 -0.666005
0.061659 2.223110 -0.674176
0.064199 2.192968 -0.672899
0.065973 2.193254 -0.663589
0.067790 2.193659 -0.655220
0.065883 2.177656 -0.660846
0.067241 2.177547 -0.653045
0.064993 2.160414 -0.659054
0.066195 2.159406 -0.651995
0.064645 2.141672 -0.660643
0.065953 2.139833 -0.654284
0.065929 2.122060 -0.665310
0.067147 2.098516 -0.671476
0.067360 2.120187 -0.659500
0.069120 2.118186 -0.654525
0.068511 2.097421 -0.665898
0.070563 2.096303 -0.661182
0.073241 2.095355 -0.657246
0.071097 2.116184 -0.650056
0.076225 2.094590 -0.654115
0.073949 2.114629 -0.646455
0.071905 2.134662 -0.639908
0.072258 2.155808 -0.636846
0.069493 2.136032 -0.644062
0.075558 2.133570 -0.637035
0.075651 2.154891 -0.633591
0.076999 2.175200 -0.633998
0.079474 2.154156 -0.631034
0.083907 2.153700 -0.629508
0.080949 2.174576 -0.631467
0.081401 2.193274 -0.632995
0.085371 2.174092 -0.629852
0.086000 2.193101 -0.631397
0.089980 2.173700 -0.629431
0.091009 2.192738 -0.630651
0.088869 2.153484 -0.629574
0.095152 2.173423 -0.630097
0.096888 2.192447 -0.630669
0.100840 2.173587 -0.631720
0.093772 2.153532 -0.630948
0.098900 2.153996 -0.633187
0.098822 2.133478 -0.637543
0.104370 2.154462 -0.636118
0.106705 2.173658 -0.634063
0.110237 2.155073 -0.639621
0.104415 2.134844 -0.640500
0.112705 2.173626 -0.636982
0.116527 2.191278 -0.635808
0.118686 2.173799 -0.641708
0.121998 2.191175 -0.640063
0.125527 2.174864 -0.649134
0.131598 2.177692 -0.659508
0.126996 2.191700 -0.646604
0.128648 2.207878 -0.644168
0.132169 2.193451 -0.655149
0.137108 2.196107 -0.663562
0.133064 2.209245 -0.651121
0.132217 2.224513 -0.648453
0.137426 2.211620 -0.658908
0.135918 2.226699 -0.655183
0.140194 2.214513 -0.666264
0.140918 2.198728 -0.670968
0.140902 2.217019 -0.673036
0.137381 2.229472 -0.662417
0.142561 2.200856 -0.677455
0.142053 2.184505 -0.682397
0.142316 2.202564 -0.683466
0.141927 2.185836 -0.688186
0.143451 2.166896 -0.694043
0.140344 2.186862 -0.693467
0.142580 2.166934 -0.699612
0.143312 2.166240 -0.687898
0.143892 2.145091 -0.700493
0.144329 2.145070 -0.694211
0.143734 2.144893 -0.687151
0.145730 2.118650 -0.699390
0.141704 2.165223 -0.681162
0.140125 2.182861 -0.675966
0.138068 2.163759 -0.673485
0.136578 2.180603 -0.668476
0.128285 2.223780 -0.642742
0.124043 2.223643 -0.638579
0.127051 2.236911 -0.642939
0.122570 2.237284 -0.639549
0.117409 2.237824 -0.637178
0.121059 2.245860 -0.641733
0.115778 2.246614 -0.640290
0.114277 2.252388 -0.643915
0.109934 2.247369 -0.639773
0.111542 2.238496 -0.635993
0.103826 2.247966 -0.640500
0.108617 2.253150 -0.644049
0.103048 2.253633 -0.645359
0.103335 2.256450 -0.651276
0.097688 2.254106 -0.647245
0.098668 2.257374 -0.653153
0.097746 2.248479 -0.641937
0.092643 2.254287 -0.649520
0.092052 2.248537 -0.644083
0.094211 2.258100 -0.655358
0.087768 2.254290 -0.652019
0.089759 2.258575 -0.657820
0.083111 2.253835 -0.655058
0.086704 2.248319 -0.646593
0.081798 2.247882 -0.649514
0.086157 2.240169 -0.641363
0.091892 2.240019 -0.639290
0.081048 2.239829 -0.644181
0.085444 2.226780 -0.635478
0.091507 2.226408 -0.634352
0.080549 2.226725 -0.638162
0.085432 2.209940 -0.633014
0.091262 2.209750 -0.632128
0.080509 2.209932 -0.634409
0.076609 2.209813 -0.637033
0.076471 2.226374 -0.641143
0.073369 2.209687 -0.640173
0.077309 2.193474 -0.635434
0.073999 2.193802 -0.638810
0.071427 2.194081 -0.642935
0.073592 2.175943 -0.637411
0.070921 2.176629 -0.641345
0.068920 2.177175 -0.646554
0.069713 2.156910 -0.641058
0.067965 2.158167 -0.646002
0.067638 2.137901 -0.648897
0.069558 2.194007 -0.648335
0.069212 2.208947 -0.650344
0.071013 2.209497 -0.644540
0.068172 2.223323 -0.653666
0.067119 2.208351 -0.657546
0.065464 2.222461 -0.660182
0.064833 2.232995 -0.662277
0.062925 2.222267 -0.667369
0.062752 2.237181 -0.667009
0.065777 2.244951 -0.664349
0.061482 2.239103 -0.672064
0.064699 2.248744 -0.668877
0.061198 2.240826 -0.677238
0.063959 2.251352 -0.673787
0.068884 2.255988 -0.670342
0.068845 2.252250 -0.665499
0.074525 2.257971 -0.666841
0.073693 2.253335 -0.661868
0.075874 2.261334 -0.671642
0.079879 2.258693 -0.663510
0.081925 2.262482 -0.668512
0.078518 2.253545 -0.658391
0.085011 2.258830 -0.660511
0.087315 2.262803 -0.665705
0.090080 2.265497 -0.670538
0.092159 2.262181 -0.663118
0.096491 2.261164 -0.660753
0.094911 2.264494 -0.667986
0.097845 2.266116 -0.672537
0.099108 2.263501 -0.665483
0.101964 2.264520 -0.669919
0.093098 2.267019 -0.675178
0.100871 2.266318 -0.676877
0.103756 2.264991 -0.681245
0.096153 2.266780 -0.679476
0.099095 2.265459 -0.683572
0.087406 2.266683 -0.677890
0.084410 2.265307 -0.673256
0.100667 2.259921 -0.658562
0.077417 2.247363 -0.652986
0.073079 2.247254 -0.656657
0.076828 2.239154 -0.647538
0.073063 2.238295 -0.651095
0.069963 2.237300 -0.655078
0.072814 2.225735 -0.644485
0.070393 2.224548 -0.648731
0.067170 2.236349 -0.659003
0.069240 2.246824 -0.660798
0.097775 2.209344 -0.631843
0.098161 2.225816 -0.633697
0.104734 2.208843 -0.632182
0.103275 2.192005 -0.631554
0.112089 2.208215 -0.633271
0.105376 2.225063 -0.633489
0.104735 2.239138 -0.636230
0.112572 2.224205 -0.633817
0.118988 2.223711 -0.635417
0.119143 2.207638 -0.635338
0.124522 2.207482 -0.638842
0.098048 2.239617 -0.637533
0.109998 2.191696 -0.633266
0.066478 2.099225 -0.678109
0.067328 2.073705 -0.677546
0.066806 2.073573 -0.683479
0.067986 2.055245 -0.687290
0.067158 2.072827 -0.690477
0.068085 2.054384 -0.692753
0.070574 2.043700 -0.694602
0.070960 2.044544 -0.690261
0.123537 2.252809 -0.682019
0.123891 2.254951 -0.674688
0.119747 2.257893 -0.671070
0.126024 2.252369 -0.669930
0.122275 2.255833 -0.667654
0.118497 2.258405 -0.664523
0.123729 2.254299 -0.663795
0.120928 2.257323 -0.662547
0.123917 2.253441 -0.659816
0.120205 2.257320 -0.659494
0.122837 2.253084 -0.656161
0.116432 2.259187 -0.660853
0.152436 2.095071 -0.717499
0.153189 2.094936 -0.718659
0.151127 2.096551 -0.716825
0.152911 2.094306 -0.717014
0.154410 2.094139 -0.718093
0.151345 2.096120 -0.715665
0.153305 2.093751 -0.716592
0.153695 2.093196 -0.716188
0.151743 2.095710 -0.714827
0.155017 2.093331 -0.717801
0.156534 2.093304 -0.718868
0.155595 2.092816 -0.717234
0.156306 2.092789 -0.716128
0.157219 2.093113 -0.717837
0.159198 2.092990 -0.718996
0.157955 2.093278 -0.716492
0.158769 2.093346 -0.715063
0.160117 2.092874 -0.717602
0.162059 2.093245 -0.718559
0.160838 2.093524 -0.715814
0.162929 2.093717 -0.716641
0.161229 2.094779 -0.713452
0.163314 2.095057 -0.714243
0.161544 2.096298 -0.710762
0.159188 2.094555 -0.712828
0.157278 2.094203 -0.712399
0.159425 2.096170 -0.710120
0.159351 2.098861 -0.706570
0.157380 2.095955 -0.709599
0.157114 2.098869 -0.706093
0.155266 2.096021 -0.709473
0.153219 2.096173 -0.709708
0.154750 2.099093 -0.706019
0.155627 2.093504 -0.712411
0.153800 2.093083 -0.713592
0.155150 2.092812 -0.714416
0.156994 2.093060 -0.714603
0.154412 2.092815 -0.715491
0.153113 2.093911 -0.713447
0.152549 2.094504 -0.713796
0.152244 2.096777 -0.710463
0.151158 2.100142 -0.707368
0.151147 2.097197 -0.711238
0.149828 2.100603 -0.708456
0.150531 2.097688 -0.712270
0.149137 2.100980 -0.709902
0.150066 2.098129 -0.713341
0.152122 2.095154 -0.714219
0.148520 2.101253 -0.711306
0.149662 2.098434 -0.714441
0.148253 2.101499 -0.712849
0.149636 2.098604 -0.715978
0.148118 2.101634 -0.714594
0.149736 2.098613 -0.717730
0.151549 2.096601 -0.718391
0.148035 2.101688 -0.716463
0.150316 2.098586 -0.719465
0.148052 2.101466 -0.718609
0.151362 2.098366 -0.721479
0.152268 2.096527 -0.719933
0.153220 2.096297 -0.721740
0.153964 2.094939 -0.719973
0.155065 2.094891 -0.721501
0.155397 2.094049 -0.719440
0.156593 2.093960 -0.720948
0.158077 2.093301 -0.720119
0.158209 2.093927 -0.722478
0.159730 2.093479 -0.721410
0.160122 2.094045 -0.723999
0.156572 2.094748 -0.723222
0.154639 2.096223 -0.723534
0.158424 2.094672 -0.725033
0.156440 2.096145 -0.725430
0.160698 2.094861 -0.726846
0.158625 2.095927 -0.727589
0.163321 2.095544 -0.728479
0.162526 2.093976 -0.725911
0.165177 2.094805 -0.727471
0.164087 2.093723 -0.724494
0.166611 2.094663 -0.725862
0.165327 2.093912 -0.722711
0.161661 2.093594 -0.722817
0.163080 2.093297 -0.721422
0.161077 2.093088 -0.720210
0.164089 2.093671 -0.719596
0.164979 2.094175 -0.717584
0.166386 2.094191 -0.720814
0.168946 2.095039 -0.722038
0.167107 2.094899 -0.718599
0.169694 2.095809 -0.719737
0.167601 2.095862 -0.716203
0.165422 2.095387 -0.715190
0.170312 2.096568 -0.717333
0.167885 2.097397 -0.713498
0.170537 2.097873 -0.714595
0.167956 2.099638 -0.710184
0.165713 2.097019 -0.712506
0.163627 2.096616 -0.711572
0.165752 2.099345 -0.709104
0.165873 2.102124 -0.705530
0.163672 2.099043 -0.708153
0.163646 2.102360 -0.704435
0.161501 2.098995 -0.707285
0.161413 2.102556 -0.703388
0.161483 2.108268 -0.698813
0.159028 2.102905 -0.702628
0.156646 2.103160 -0.702082
0.159034 2.108933 -0.697866
0.160196 2.118954 -0.692252
0.156360 2.109674 -0.697390
0.153828 2.110496 -0.697561
0.157151 2.119894 -0.691911
0.158467 2.132643 -0.685401
0.154321 2.120826 -0.692050
0.154927 2.133417 -0.685354
0.151737 2.121638 -0.692964
0.151828 2.134219 -0.686514
0.149564 2.122331 -0.694523
0.151449 2.111280 -0.698316
0.152036 2.104168 -0.702920
0.149837 2.111862 -0.699860
0.148361 2.112268 -0.701569
0.150307 2.104691 -0.704054
0.148948 2.105155 -0.705447
0.147937 2.105646 -0.706917
0.147251 2.112606 -0.703338
0.147121 2.106067 -0.708538
0.146440 2.112813 -0.705380
0.146744 2.106361 -0.710462
0.145592 2.112951 -0.707510
0.146381 2.106308 -0.712451
0.144980 2.112804 -0.709831
0.146163 2.106060 -0.714658
0.144910 2.112324 -0.712403
0.146247 2.105684 -0.717139
0.144953 2.111864 -0.715037
0.146780 2.105251 -0.719702
0.145151 2.111135 -0.717907
0.148065 2.104517 -0.722370
0.148934 2.101106 -0.720955
0.150192 2.100757 -0.723252
0.152539 2.098029 -0.723624
0.151956 2.100344 -0.725582
0.149659 2.103653 -0.725151
0.154134 2.099441 -0.728357
0.154282 2.097786 -0.725726
0.156528 2.097578 -0.727942
0.159213 2.097306 -0.730303
0.156785 2.099073 -0.730778
0.162493 2.097761 -0.732370
0.161288 2.096380 -0.729384
0.164449 2.097100 -0.731379
0.168386 2.098557 -0.733846
0.166428 2.096456 -0.730351
0.170646 2.097871 -0.733161
0.168347 2.095914 -0.729166
0.172817 2.097539 -0.731658
0.169899 2.095696 -0.727558
0.174764 2.097333 -0.729974
0.171381 2.095685 -0.725734
0.176260 2.097454 -0.727761
0.167840 2.094774 -0.724025
0.172537 2.096135 -0.723508
0.173313 2.096677 -0.721114
0.177456 2.097908 -0.725290
0.178044 2.098710 -0.722493
0.184210 2.101929 -0.726919
0.183100 2.101338 -0.729798
0.193992 2.110265 -0.727889
0.184962 2.102788 -0.723856
0.194400 2.111310 -0.724277
0.184883 2.104031 -0.720632
0.194205 2.112689 -0.720478
0.184388 2.105468 -0.717220
0.178337 2.099516 -0.719642
0.173607 2.097635 -0.718440
0.177913 2.100858 -0.716616
0.177027 2.102320 -0.713501
0.173725 2.098727 -0.715646
0.173357 2.100514 -0.712476
0.170385 2.099886 -0.711355
0.172865 2.102530 -0.709274
0.175698 2.103912 -0.710243
0.172206 2.105737 -0.705757
0.170360 2.102053 -0.708092
0.168074 2.102014 -0.706794
0.170238 2.106295 -0.704069
0.171706 2.113797 -0.699156
0.168116 2.106602 -0.702646
0.169840 2.115070 -0.697315
0.165951 2.106944 -0.701381
0.163788 2.107531 -0.700036
0.167563 2.116098 -0.695677
0.171339 2.129460 -0.689574
0.165477 2.116943 -0.694227
0.168536 2.130282 -0.687983
0.162773 2.117975 -0.693108
0.165276 2.131102 -0.686766
0.161919 2.131852 -0.685798
0.167543 2.146415 -0.679991
0.171378 2.145887 -0.681352
0.168557 2.163761 -0.671864
0.163710 2.146854 -0.678875
0.164262 2.164061 -0.670688
0.159747 2.147410 -0.678593
0.160054 2.164257 -0.669731
0.155830 2.147906 -0.678519
0.155719 2.164603 -0.669651
0.152340 2.148744 -0.679919
0.151673 2.165321 -0.670999
0.149065 2.149418 -0.681603
0.148226 2.166121 -0.673110
0.146734 2.150211 -0.684081
0.149430 2.134960 -0.688487
0.147237 2.135567 -0.690655
0.147842 2.122814 -0.696411
0.145747 2.136063 -0.693279
0.144810 2.150864 -0.686958
0.146446 2.123188 -0.698609
0.144280 2.136455 -0.696125
0.143361 2.136648 -0.699214
0.143452 2.151411 -0.690122
0.145212 2.123421 -0.701087
0.144483 2.123415 -0.703699
0.143790 2.123299 -0.706447
0.142697 2.136582 -0.702455
0.143553 2.122704 -0.709541
0.142369 2.136246 -0.706240
0.143668 2.121729 -0.712748
0.142598 2.135620 -0.709834
0.143900 2.120601 -0.716084
0.142951 2.134795 -0.713889
0.144859 2.119179 -0.719644
0.146183 2.110070 -0.721088
0.143862 2.133647 -0.717731
0.146176 2.117563 -0.723179
0.145206 2.132321 -0.721766
0.148002 2.115806 -0.726704
0.147647 2.108897 -0.724101
0.149476 2.107433 -0.727302
0.151751 2.102844 -0.727830
0.152230 2.105958 -0.730176
0.150563 2.113807 -0.729773
0.155193 2.104403 -0.732916
0.154436 2.101825 -0.730649
0.157614 2.101302 -0.733012
0.161024 2.101553 -0.734784
0.160039 2.099183 -0.732951
0.163541 2.100336 -0.734634
0.168376 2.104407 -0.737716
0.166187 2.099254 -0.734439
0.171314 2.103588 -0.737394
0.178379 2.113945 -0.739759
0.174271 2.102775 -0.737005
0.182165 2.112109 -0.739341
0.176617 2.102251 -0.735648
0.185559 2.110804 -0.738204
0.179098 2.101639 -0.734156
0.188535 2.109938 -0.736409
0.181449 2.101232 -0.732271
0.190862 2.109675 -0.733914
0.192825 2.109698 -0.731139
0.201952 2.122694 -0.734361
0.199108 2.123057 -0.737160
0.212798 2.139355 -0.733398
0.203964 2.122788 -0.731032
0.215266 2.139232 -0.729742
0.205170 2.123322 -0.727301
0.216503 2.139727 -0.725533
0.205547 2.124410 -0.723171
0.216413 2.140884 -0.720967
0.205194 2.125910 -0.718932
0.215811 2.142332 -0.716305
0.203820 2.127943 -0.714702
0.213663 2.144468 -0.711580
0.202019 2.130202 -0.710336
0.193539 2.114322 -0.716710
0.192259 2.116285 -0.712938
0.183279 2.107034 -0.713981
0.190397 2.118523 -0.709186
0.188233 2.120614 -0.705645
0.199540 2.132631 -0.706046
0.181482 2.108501 -0.710700
0.178854 2.109126 -0.707649
0.178514 2.112429 -0.704610
0.174438 2.105809 -0.707191
0.174968 2.110498 -0.703513
0.173448 2.112039 -0.701527
0.182149 2.124185 -0.698630
0.185267 2.122739 -0.701783
0.189028 2.139012 -0.694051
0.179448 2.125862 -0.695762
0.176667 2.127287 -0.693352
0.185169 2.141007 -0.690331
0.190468 2.158466 -0.685103
0.181674 2.142878 -0.687407
0.186312 2.160595 -0.681667
0.178398 2.144347 -0.684938
0.181596 2.162358 -0.678156
0.174832 2.145186 -0.683069
0.174269 2.128493 -0.691352
0.177234 2.163182 -0.675605
0.172971 2.163507 -0.673548
0.178608 2.181070 -0.669751
0.183884 2.180068 -0.672896
0.180634 2.199383 -0.665637
0.173267 2.181638 -0.666826
0.174803 2.200509 -0.662537
0.168666 2.182183 -0.664559
0.169508 2.201351 -0.660040
0.164105 2.182552 -0.662610
0.164538 2.202113 -0.657866
0.159510 2.182774 -0.661154
0.159589 2.202909 -0.656389
0.154703 2.183052 -0.660450
0.154631 2.203719 -0.655776
0.149748 2.183458 -0.661087
0.149724 2.204559 -0.656180
0.145547 2.184383 -0.663473
0.145156 2.205487 -0.657819
0.142449 2.185481 -0.666716
0.145410 2.166978 -0.675813
0.141515 2.206544 -0.660723
0.140186 2.186580 -0.670178
0.143441 2.167845 -0.679026
0.138763 2.207591 -0.664246
0.139000 2.187682 -0.674004
0.141853 2.168565 -0.682477
0.136907 2.208516 -0.668153
0.138240 2.188510 -0.677941
0.140853 2.169176 -0.686074
0.135873 2.209342 -0.672544
0.137693 2.189093 -0.682389
0.140249 2.169757 -0.689981
0.135512 2.210248 -0.677092
0.137869 2.189582 -0.687267
0.140303 2.170371 -0.694340
0.135833 2.210473 -0.681982
0.138460 2.190068 -0.692395
0.140549 2.170851 -0.699261
0.136623 2.210653 -0.687321
0.139484 2.190775 -0.697884
0.141281 2.171338 -0.704325
0.138129 2.210516 -0.692851
0.141625 2.191316 -0.703864
0.142873 2.171324 -0.709724
0.141074 2.210339 -0.698826
0.145657 2.190775 -0.709246
0.145844 2.170559 -0.714577
0.145405 2.209715 -0.704696
0.150387 2.189531 -0.714275
0.150113 2.169222 -0.718857
0.150717 2.208435 -0.710285
0.156152 2.187414 -0.718767
0.154475 2.167130 -0.722592
0.157220 2.206426 -0.715174
0.162077 2.184606 -0.722634
0.164080 2.203671 -0.719314
0.168565 2.181503 -0.726213
0.159722 2.164448 -0.726426
0.156895 2.144557 -0.730374
0.165525 2.161405 -0.729596
0.161924 2.141957 -0.732894
0.171617 2.158027 -0.732445
0.175376 2.178195 -0.729265
0.166948 2.139125 -0.735008
0.177513 2.154722 -0.734969
0.183503 2.151348 -0.737055
0.182227 2.174724 -0.732090
0.172215 2.136108 -0.737122
0.166903 2.119804 -0.738206
0.177178 2.133231 -0.738951
0.181999 2.130451 -0.739775
0.170708 2.117959 -0.739107
0.165225 2.105356 -0.737439
0.174774 2.115781 -0.739756
0.162255 2.105871 -0.736973
0.160188 2.109898 -0.736551
0.158701 2.103459 -0.734663
0.156674 2.108508 -0.734423
0.158462 2.124347 -0.734872
0.153107 2.111491 -0.732487
0.154364 2.126746 -0.732480
0.150507 2.128853 -0.729529
0.147492 2.130687 -0.725751
0.152458 2.146666 -0.726614
0.148719 2.148636 -0.722903
0.145293 2.150514 -0.718771
0.143526 2.151609 -0.714256
0.142427 2.152178 -0.709817
0.141819 2.152322 -0.705193
0.141676 2.152396 -0.701086
0.141865 2.152224 -0.697181
0.142445 2.151889 -0.693514
0.162549 2.122331 -0.736607
0.189161 2.148210 -0.738615
0.186769 2.127913 -0.740429
0.194769 2.145471 -0.739037
0.191311 2.125779 -0.740072
0.200016 2.143227 -0.739002
0.195399 2.124210 -0.738948
0.204889 2.141440 -0.738060
0.209191 2.140139 -0.736044
0.213855 2.160842 -0.736838
0.208233 2.162810 -0.737899
0.222403 2.179861 -0.734818
0.218690 2.159322 -0.734621
0.227526 2.178266 -0.732428
0.222444 2.158378 -0.731388
0.231955 2.177054 -0.729280
0.225364 2.157903 -0.727554
0.235148 2.176331 -0.725292
0.226700 2.158147 -0.723064
0.236548 2.176243 -0.720578
0.226510 2.158985 -0.718216
0.236225 2.176803 -0.715510
0.225490 2.160196 -0.713214
0.234679 2.177851 -0.710308
0.223113 2.162018 -0.708146
0.231786 2.179428 -0.705158
0.219607 2.164319 -0.703101
0.227745 2.181559 -0.700054
0.215213 2.167107 -0.698024
0.211259 2.146808 -0.706627
0.207769 2.149613 -0.701727
0.203578 2.152046 -0.697138
0.210242 2.170050 -0.692970
0.196484 2.134897 -0.701949
0.199265 2.154160 -0.692971
0.194906 2.156303 -0.688953
0.205379 2.172525 -0.688631
0.192688 2.137037 -0.697801
0.211488 2.189849 -0.685535
0.200295 2.174676 -0.684572
0.205418 2.192087 -0.681266
0.195078 2.176829 -0.680548
0.199299 2.194199 -0.677139
0.189747 2.178693 -0.676677
0.192956 2.196261 -0.673026
0.198183 2.212773 -0.671023
0.186684 2.198092 -0.669162
0.191471 2.214819 -0.667372
0.198517 2.229893 -0.666279
0.184770 2.216733 -0.663847
0.191680 2.232011 -0.662992
0.178629 2.218369 -0.660840
0.185005 2.234060 -0.660135
0.172600 2.219601 -0.658186
0.178611 2.236001 -0.657797
0.167241 2.221007 -0.656038
0.172762 2.237676 -0.655969
0.162190 2.222362 -0.654321
0.167331 2.239362 -0.654536
0.157021 2.223614 -0.653269
0.162075 2.241004 -0.653633
0.151679 2.225004 -0.653273
0.156748 2.242734 -0.653823
0.146489 2.226331 -0.654701
0.151673 2.244355 -0.655374
0.141985 2.227595 -0.657523
0.147262 2.245821 -0.657899
0.138734 2.228706 -0.661445
0.143683 2.247187 -0.661293
0.136932 2.229594 -0.665552
0.141393 2.248229 -0.665236
0.135836 2.230160 -0.669838
0.139990 2.248831 -0.669487
0.135434 2.230650 -0.674418
0.139216 2.248966 -0.674220
0.135822 2.231041 -0.679441
0.139624 2.248968 -0.679158
0.136961 2.231043 -0.684898
0.141106 2.248479 -0.684318
0.139163 2.230563 -0.690540
0.143666 2.247525 -0.689689
0.142254 2.229544 -0.696173
0.147150 2.246078 -0.695188
0.146516 2.227923 -0.701806
0.151757 2.244100 -0.700460
0.152048 2.225905 -0.707193
0.157268 2.241680 -0.705447
0.158947 2.223613 -0.712233
0.166641 2.220873 -0.716707
0.164070 2.238991 -0.710138
0.174520 2.251325 -0.709354
0.172056 2.236193 -0.714536
0.182162 2.248883 -0.713310
0.180711 2.233161 -0.718613
0.189987 2.229916 -0.722095
0.190644 2.246499 -0.717065
0.174691 2.217746 -0.720635
0.171205 2.200591 -0.723079
0.183153 2.214310 -0.724018
0.178856 2.197276 -0.726329
0.191899 2.210816 -0.726994
0.186673 2.193821 -0.729373
0.199495 2.226600 -0.725072
0.200635 2.207464 -0.729727
0.194540 2.190398 -0.731961
0.208960 2.223420 -0.727692
0.209086 2.204342 -0.731935
0.202105 2.187257 -0.734155
0.218181 2.220498 -0.729967
0.217172 2.201521 -0.733289
0.209318 2.184446 -0.735359
0.226949 2.217844 -0.731440
0.224781 2.199016 -0.733653
0.216113 2.181965 -0.735695
0.235211 2.215487 -0.731829
0.231897 2.196803 -0.733194
0.242922 2.213410 -0.731301
0.237662 2.195178 -0.730717
0.249292 2.211807 -0.728888
0.242433 2.193935 -0.727459
0.254539 2.210584 -0.725538
0.245409 2.193295 -0.723131
0.258363 2.209785 -0.721360
0.246809 2.193244 -0.718282
0.259409 2.209749 -0.716128
0.246276 2.193781 -0.713070
0.258534 2.210220 -0.710763
0.244584 2.194743 -0.707768
0.256291 2.211063 -0.705472
0.241368 2.196237 -0.702548
0.252430 2.212364 -0.700368
0.236881 2.198199 -0.697466
0.247050 2.214122 -0.695545
0.231310 2.200589 -0.692548
0.222778 2.184205 -0.694969
0.240894 2.216130 -0.690797
0.225094 2.203325 -0.687851
0.217228 2.187177 -0.690046
0.234170 2.218442 -0.686255
0.218474 2.206066 -0.683214
0.226931 2.220836 -0.681702
0.211584 2.208455 -0.678901
0.219661 2.223182 -0.677488
0.204904 2.210641 -0.674875
0.212549 2.225525 -0.673470
0.205488 2.227728 -0.669761
0.222614 2.238938 -0.672777
0.229796 2.236849 -0.676693
0.234333 2.252107 -0.672352
0.215550 2.240998 -0.669142
0.227611 2.253789 -0.668806
0.208565 2.243033 -0.665766
0.220981 2.255523 -0.665495
0.201765 2.245101 -0.662629
0.214457 2.257352 -0.662432
0.194975 2.247246 -0.659945
0.207968 2.259305 -0.659754
0.188464 2.249362 -0.657754
0.201613 2.261318 -0.657700
0.182264 2.251234 -0.656220
0.195486 2.263350 -0.655980
0.176578 2.253142 -0.655305
0.189674 2.265257 -0.655113
0.171216 2.254969 -0.655134
0.184276 2.267169 -0.654716
0.166140 2.256751 -0.655480
0.179025 2.269074 -0.655307
0.161290 2.258400 -0.656887
0.174084 2.270736 -0.656746
0.156837 2.259910 -0.658973
0.169435 2.272154 -0.659099
0.153446 2.261071 -0.662248
0.165713 2.273066 -0.662516
0.150426 2.262043 -0.666065
0.163342 2.273362 -0.666859
0.149039 2.262436 -0.670565
0.162443 2.273072 -0.671429
0.148642 2.262424 -0.675074
0.162407 2.272365 -0.676077
0.149487 2.262002 -0.679822
0.163325 2.271379 -0.680995
0.150945 2.261144 -0.684891
0.165379 2.269927 -0.685969
0.153633 2.259788 -0.690149
0.168359 2.268247 -0.691034
0.157470 2.258006 -0.695343
0.171990 2.266513 -0.696103
0.162274 2.255937 -0.700371
0.176785 2.264692 -0.700803
0.167983 2.253690 -0.705075
0.182434 2.262934 -0.705111
0.188826 2.261286 -0.709194
0.197735 2.272805 -0.704886
0.192459 2.274053 -0.700742
0.212522 2.285651 -0.704623
0.203818 2.271788 -0.708779
0.218263 2.285065 -0.708317
0.210529 2.270961 -0.712171
0.224606 2.284762 -0.711607
0.217601 2.270190 -0.715367
0.195922 2.259684 -0.712759
0.203615 2.258163 -0.716154
0.211990 2.256635 -0.719280
0.220972 2.254973 -0.721973
0.225129 2.269345 -0.718340
0.199856 2.244003 -0.720436
0.209557 2.241358 -0.723368
0.219175 2.238649 -0.726002
0.230158 2.253238 -0.724442
0.228494 2.236062 -0.728117
0.239250 2.251454 -0.726419
0.237397 2.233770 -0.729681
0.248037 2.249642 -0.727705
0.245884 2.231698 -0.730094
0.256278 2.247995 -0.728262
0.253767 2.229903 -0.729472
0.263811 2.246479 -0.727259
0.260512 2.228433 -0.727102
0.270538 2.245126 -0.725161
0.265736 2.227308 -0.723579
0.275533 2.244035 -0.721745
0.268823 2.226719 -0.719043
0.278979 2.243284 -0.717444
0.270144 2.226514 -0.714050
0.280343 2.242958 -0.712484
0.269425 2.226762 -0.708810
0.279360 2.243114 -0.707330
0.266890 2.227404 -0.703666
0.277040 2.243513 -0.702223
0.262740 2.228382 -0.698748
0.273192 2.244213 -0.697319
0.257534 2.229610 -0.693948
0.267926 2.245234 -0.692738
0.251194 2.231163 -0.689408
0.261897 2.246361 -0.688219
0.244282 2.232933 -0.685025
0.255091 2.247630 -0.683971
0.237032 2.234853 -0.680718
0.248016 2.249004 -0.679874
0.241086 2.250494 -0.676037
0.259521 2.263673 -0.679197
0.266086 2.262658 -0.683169
0.271225 2.279674 -0.678966
0.253108 2.264919 -0.675568
0.265216 2.280797 -0.675416
0.246762 2.266222 -0.672045
0.259145 2.281946 -0.672003
0.240429 2.267603 -0.668633
0.253036 2.283159 -0.668660
0.234106 2.269109 -0.665423
0.246801 2.284508 -0.665488
0.227869 2.270770 -0.662331
0.240688 2.286075 -0.662501
0.221745 2.272609 -0.659518
0.234737 2.287890 -0.659682
0.215595 2.274593 -0.657393
0.228862 2.289799 -0.657486
0.209595 2.276639 -0.655807
0.223214 2.291682 -0.656044
0.203913 2.278597 -0.654635
0.217613 2.293640 -0.654918
0.198429 2.280465 -0.654541
0.212116 2.295378 -0.654857
0.193188 2.282147 -0.655269
0.206914 2.296883 -0.655577
0.188280 2.283570 -0.656952
0.202096 2.298014 -0.657411
0.184044 2.284545 -0.659687
0.197974 2.298608 -0.660299
0.181180 2.284640 -0.663544
0.194866 2.298499 -0.664042
0.179187 2.284288 -0.667745
0.193466 2.297534 -0.668378
0.178156 2.283534 -0.672253
0.192357 2.296453 -0.672824
0.178311 2.282277 -0.676942
0.193145 2.294670 -0.677527
0.179209 2.280705 -0.681834
0.194124 2.292987 -0.682314
0.181110 2.279035 -0.686734
0.196195 2.291165 -0.687061
0.184074 2.277238 -0.691557
0.199159 2.289411 -0.691752
0.187885 2.275541 -0.696328
0.203057 2.287826 -0.696343
0.207511 2.286609 -0.700648
0.217575 2.305274 -0.696552
0.213751 2.306751 -0.692180
0.231558 2.326947 -0.696663
0.222095 2.304029 -0.700599
0.235969 2.325683 -0.700450
0.227040 2.303178 -0.704421
0.240663 2.324780 -0.704095
0.232363 2.302768 -0.707844
0.245685 2.324156 -0.707474
0.238243 2.302535 -0.711170
0.251170 2.323571 -0.710880
0.244376 2.302264 -0.714439
0.256950 2.322991 -0.714162
0.250900 2.301834 -0.717418
0.231184 2.284465 -0.714861
0.238108 2.284001 -0.717853
0.245458 2.283296 -0.720427
0.253117 2.282375 -0.722684
0.257864 2.301188 -0.719937
0.233145 2.268317 -0.720963
0.241454 2.267161 -0.723307
0.249917 2.265871 -0.725098
0.260811 2.281285 -0.724810
0.258167 2.264498 -0.726311
0.268484 2.280019 -0.726359
0.265997 2.263178 -0.726377
0.276366 2.278635 -0.726453
0.273225 2.261897 -0.725393
0.283817 2.277331 -0.725547
0.279374 2.260750 -0.723317
0.289992 2.276247 -0.723095
0.284360 2.259830 -0.720072
0.295130 2.275357 -0.719738
0.287471 2.259255 -0.715850
0.298373 2.274881 -0.715347
0.289026 2.258987 -0.711189
0.300014 2.274703 -0.710439
0.288638 2.259071 -0.706218
0.299428 2.274921 -0.705297
0.286543 2.259439 -0.701256
0.297285 2.275372 -0.700225
0.283144 2.260015 -0.696388
0.293471 2.276117 -0.695487
0.278362 2.260824 -0.691723
0.288600 2.276966 -0.690997
0.272546 2.261741 -0.687261
0.283189 2.277815 -0.686690
0.294097 2.295854 -0.686495
0.277173 2.278693 -0.682698
0.288429 2.296693 -0.682669
0.299603 2.316671 -0.683046
0.282774 2.297637 -0.679125
0.294168 2.317626 -0.679633
0.277019 2.298695 -0.675702
0.288682 2.318699 -0.676317
0.271138 2.299791 -0.672407
0.283116 2.319815 -0.673074
0.265242 2.300944 -0.669116
0.277613 2.321034 -0.669944
0.259445 2.302289 -0.666026
0.272305 2.322374 -0.666901
0.253624 2.303913 -0.663222
0.266679 2.323924 -0.664222
0.247893 2.305741 -0.660553
0.260903 2.325649 -0.661843
0.242272 2.307673 -0.658164
0.255202 2.327448 -0.659631
0.236611 2.309416 -0.656748
0.249460 2.329224 -0.657976
0.230856 2.310973 -0.655956
0.243996 2.330941 -0.656767
0.225549 2.312578 -0.655910
0.238569 2.332514 -0.656528
0.220394 2.314073 -0.656685
0.233109 2.333891 -0.657722
0.215627 2.315240 -0.658243
0.228533 2.334704 -0.660103
0.211590 2.315786 -0.661249
0.224771 2.335116 -0.663083
0.209028 2.315311 -0.665208
0.222057 2.335147 -0.666637
0.207368 2.314481 -0.669444
0.220349 2.334683 -0.670706
0.206699 2.313253 -0.673872
0.219992 2.333745 -0.675058
0.207348 2.311669 -0.678451
0.220580 2.332522 -0.679493
0.208424 2.310114 -0.683113
0.222147 2.331125 -0.683889
0.210837 2.308318 -0.687657
0.224478 2.329799 -0.688302
0.237269 2.352878 -0.688692
0.227779 2.328334 -0.692518
0.240705 2.351426 -0.692720
0.251222 2.374074 -0.693480
0.244436 2.350070 -0.696652
0.255076 2.372479 -0.697203
0.248652 2.348760 -0.700348
0.259267 2.370914 -0.700809
0.253086 2.347575 -0.703873
0.263659 2.369400 -0.704327
0.257856 2.346454 -0.707349
0.268347 2.367907 -0.707730
0.262938 2.345397 -0.710757
0.273223 2.366451 -0.711032
0.268368 2.344407 -0.714018
0.278361 2.365011 -0.714195
0.274186 2.343402 -0.717010
0.283887 2.363545 -0.717140
0.280311 2.342332 -0.719885
0.263019 2.322367 -0.717228
0.269483 2.321633 -0.720005
0.276077 2.320886 -0.722582
0.283178 2.319979 -0.724413
0.286539 2.341247 -0.722450
0.264801 2.300446 -0.722507
0.272004 2.299541 -0.724718
0.279675 2.298407 -0.725820
0.290725 2.318932 -0.725180
0.287428 2.297138 -0.725922
0.298101 2.317824 -0.725547
0.294789 2.295831 -0.725454
0.305108 2.316696 -0.724654
0.301194 2.294618 -0.722982
0.311454 2.315571 -0.722561
0.305756 2.293748 -0.719167
0.316401 2.314617 -0.719235
0.308430 2.293244 -0.714664
0.319287 2.314017 -0.714761
0.309850 2.293007 -0.709865
0.320527 2.313694 -0.709925
0.309233 2.293185 -0.704808
0.319990 2.313706 -0.704828
0.307262 2.293601 -0.699776
0.318136 2.313980 -0.699766
0.303852 2.294244 -0.695055
0.314752 2.314470 -0.695024
0.299370 2.295022 -0.690575
0.310091 2.315136 -0.690738
0.304970 2.315864 -0.686714
0.319991 2.335096 -0.691392
0.324066 2.334253 -0.695771
0.328665 2.354486 -0.692322
0.315164 2.336114 -0.687429
0.324140 2.355782 -0.688381
0.310107 2.337189 -0.683771
0.319322 2.357147 -0.684727
0.304904 2.338324 -0.680385
0.314452 2.358571 -0.681319
0.299671 2.339564 -0.677089
0.309480 2.360091 -0.678018
0.294413 2.340880 -0.673922
0.304505 2.361646 -0.674861
0.289221 2.342260 -0.670906
0.299484 2.363261 -0.671820
0.283984 2.343719 -0.667948
0.294358 2.364926 -0.668918
0.278748 2.345236 -0.665140
0.289243 2.366639 -0.666112
0.273213 2.346884 -0.662686
0.284014 2.368463 -0.663573
0.267621 2.348606 -0.660660
0.278360 2.370359 -0.661668
0.261660 2.350470 -0.659137
0.272536 2.372316 -0.660215
0.256011 2.352227 -0.658091
0.266838 2.374273 -0.659311
0.250265 2.353887 -0.658375
0.261114 2.376159 -0.659335
0.244938 2.355336 -0.659446
0.255732 2.377809 -0.660125
0.240103 2.356546 -0.661186
0.250739 2.379186 -0.661746
0.236049 2.357370 -0.663762
0.246830 2.379988 -0.664544
0.233315 2.357586 -0.667427
0.244351 2.380178 -0.668239
0.232212 2.357183 -0.671640
0.243258 2.379844 -0.672415
0.232239 2.356389 -0.675894
0.243040 2.379169 -0.676691
0.233002 2.355400 -0.680255
0.244063 2.378080 -0.680970
0.234639 2.354223 -0.684634
0.245746 2.376887 -0.685285
0.248052 2.375588 -0.689459
0.253849 2.398409 -0.686249
0.251658 2.399747 -0.681958
0.261491 2.418747 -0.687078
0.256730 2.396844 -0.690398
0.263811 2.417132 -0.691363
0.259998 2.395199 -0.694408
0.267173 2.415273 -0.695400
0.263798 2.393465 -0.698189
0.270952 2.413346 -0.699282
0.267890 2.391706 -0.701835
0.275151 2.411371 -0.702924
0.272395 2.389926 -0.705252
0.279677 2.409378 -0.706398
0.277048 2.388185 -0.708600
0.284367 2.407413 -0.709766
0.281881 2.386481 -0.711849
0.289231 2.405475 -0.712985
0.286984 2.384787 -0.714900
0.294348 2.403546 -0.715986
0.292264 2.383116 -0.717855
0.299625 2.401636 -0.718926
0.297653 2.381492 -0.720637
0.289616 2.362183 -0.719970
0.305063 2.399788 -0.721614
0.303682 2.379783 -0.722853
0.295758 2.360794 -0.722268
0.310963 2.397985 -0.723695
0.310018 2.378068 -0.724388
0.302219 2.359295 -0.723743
0.317127 2.396212 -0.725412
0.316439 2.376384 -0.725392
0.308830 2.357752 -0.724576
0.323406 2.394452 -0.726563
0.322935 2.374730 -0.725523
0.315345 2.356225 -0.724918
0.329812 2.392740 -0.726845
0.329146 2.373218 -0.724897
0.321732 2.354734 -0.724426
0.335966 2.391159 -0.725963
0.334847 2.371886 -0.723239
0.327658 2.353420 -0.722823
0.341863 2.389753 -0.724504
0.339730 2.370814 -0.720540
0.332194 2.352501 -0.719690
0.346683 2.388752 -0.721850
0.343031 2.370239 -0.716585
0.335238 2.351934 -0.715571
0.349890 2.388289 -0.717796
0.344654 2.370145 -0.712025
0.336698 2.351769 -0.710936
0.351320 2.388361 -0.713285
0.344684 2.370511 -0.707139
0.336687 2.351957 -0.706124
0.351389 2.388814 -0.708499
0.343275 2.371270 -0.702229
0.350004 2.389682 -0.703745
0.340394 2.372381 -0.697664
0.335122 2.352512 -0.701313
0.327317 2.333531 -0.700466
0.332522 2.353340 -0.696622
0.328604 2.333227 -0.705369
0.328468 2.333210 -0.710244
0.327123 2.333440 -0.714967
0.324316 2.333934 -0.719241
0.319733 2.334848 -0.722423
0.313727 2.336055 -0.724375
0.307128 2.337368 -0.725183
0.300264 2.338702 -0.725152
0.293294 2.340020 -0.724117
0.347607 2.390815 -0.699100
0.336582 2.373719 -0.693419
0.344130 2.392245 -0.694720
0.332343 2.375174 -0.689437
0.340001 2.393830 -0.690777
0.327753 2.376731 -0.685800
0.335462 2.395524 -0.687149
0.323030 2.378335 -0.682407
0.330775 2.397262 -0.683708
0.318160 2.380032 -0.679132
0.325911 2.399101 -0.680474
0.313272 2.381767 -0.675966
0.320947 2.401031 -0.677319
0.308326 2.383572 -0.672916
0.315950 2.403003 -0.674228
0.303263 2.385448 -0.670019
0.310881 2.405026 -0.671356
0.298124 2.387394 -0.667308
0.305550 2.407151 -0.668742
0.292958 2.389358 -0.664682
0.300157 2.409333 -0.666239
0.287465 2.391402 -0.662406
0.294658 2.411557 -0.663992
0.281712 2.393454 -0.661000
0.289170 2.413761 -0.662023
0.275896 2.395476 -0.660141
0.283456 2.415875 -0.661218
0.270125 2.397486 -0.659498
0.277756 2.417865 -0.661080
0.264561 2.399252 -0.660340
0.272285 2.419679 -0.661766
0.259327 2.400712 -0.661906
0.267553 2.420938 -0.663930
0.255072 2.401650 -0.664884
0.263440 2.421911 -0.666497
0.252609 2.401751 -0.668811
0.260572 2.422248 -0.670069
0.251256 2.401434 -0.673099
0.258985 2.421983 -0.674191
0.250799 2.400784 -0.677522
0.259037 2.421194 -0.678402
0.259845 2.420094 -0.682793
0.265434 2.440115 -0.679917
0.271681 2.457464 -0.681976
0.266229 2.438976 -0.684198
0.265827 2.440783 -0.675682
0.267296 2.440969 -0.671730
0.272077 2.458146 -0.677751
0.278033 2.474889 -0.680219
0.273600 2.458366 -0.673831
0.279905 2.475030 -0.676468
0.276339 2.458077 -0.670411
0.280459 2.457124 -0.667902
0.270147 2.440610 -0.668319
0.282566 2.474792 -0.673060
0.286527 2.473992 -0.670468
0.287972 2.492305 -0.675745
0.284742 2.492911 -0.678797
0.292729 2.512544 -0.677787
0.292043 2.491354 -0.673363
0.297244 2.511405 -0.675519
0.296890 2.490019 -0.672008
0.302415 2.509877 -0.674156
0.302195 2.488517 -0.671189
0.291235 2.472753 -0.668681
0.296642 2.471145 -0.668191
0.285471 2.455685 -0.666652
0.290747 2.454056 -0.666004
0.279205 2.438296 -0.664405
0.284387 2.436608 -0.663630
0.274363 2.439661 -0.665938
0.289804 2.434653 -0.663788
0.296166 2.452222 -0.666131
0.295385 2.432522 -0.664584
0.300816 2.430276 -0.666135
0.301697 2.450253 -0.666902
0.307743 2.467399 -0.669306
0.307358 2.448160 -0.668353
0.313469 2.465359 -0.670892
0.312968 2.445930 -0.670168
0.319018 2.463236 -0.673169
0.318467 2.443610 -0.672720
0.306404 2.427982 -0.668024
0.312016 2.425758 -0.670381
0.317443 2.423575 -0.673103
0.322706 2.421412 -0.676023
0.323914 2.441278 -0.675521
0.330175 2.458771 -0.678325
0.329365 2.438993 -0.678401
0.335599 2.456625 -0.681165
0.334628 2.436831 -0.681371
0.340801 2.454520 -0.684256
0.339722 2.434780 -0.684586
0.327889 2.419285 -0.679069
0.333022 2.417249 -0.682215
0.337884 2.415329 -0.685529
0.342641 2.413453 -0.688966
0.344701 2.432792 -0.687934
0.351080 2.450356 -0.690778
0.349408 2.430859 -0.691487
0.355854 2.448376 -0.694389
0.353873 2.428992 -0.695218
0.360343 2.446469 -0.698202
0.357965 2.427251 -0.699181
0.347096 2.411664 -0.692672
0.351071 2.409986 -0.696663
0.354416 2.408532 -0.700999
0.357269 2.407228 -0.705531
0.361379 2.425702 -0.703410
0.367789 2.443045 -0.706459
0.363468 2.424473 -0.708033
0.370439 2.441590 -0.710965
0.364555 2.423485 -0.712714
0.371859 2.440448 -0.715586
0.364663 2.422762 -0.717272
0.359063 2.406167 -0.710332
0.359150 2.405536 -0.715218
0.357041 2.405505 -0.719548
0.353182 2.406078 -0.723133
0.363294 2.422494 -0.721692
0.370358 2.439381 -0.724504
0.360489 2.422605 -0.725641
0.367286 2.439534 -0.728084
0.355887 2.423335 -0.728642
0.362798 2.440180 -0.731029
0.350076 2.424554 -0.730465
0.348209 2.407056 -0.725608
0.342564 2.408328 -0.727240
0.336485 2.409873 -0.727919
0.330159 2.411611 -0.727693
0.343688 2.426198 -0.730602
0.350941 2.442966 -0.732589
0.337239 2.428048 -0.730022
0.344465 2.444764 -0.731993
0.330839 2.430012 -0.728772
0.337917 2.446785 -0.730982
0.324688 2.432034 -0.726941
0.323919 2.413432 -0.726630
0.317907 2.415305 -0.724792
0.311931 2.417249 -0.722911
0.306228 2.419227 -0.720502
0.318829 2.434105 -0.724562
0.325305 2.451158 -0.727088
0.312946 2.436252 -0.722185
0.319424 2.453424 -0.724456
0.307376 2.438420 -0.719536
0.313631 2.455750 -0.721760
0.302073 2.440604 -0.716500
0.300912 2.421267 -0.717599
0.295830 2.423347 -0.714492
0.290797 2.425456 -0.711325
0.286057 2.427558 -0.707882
0.296955 2.442782 -0.713235
0.302672 2.460371 -0.715642
0.292008 2.444953 -0.709919
0.297739 2.462595 -0.712286
0.287292 2.447127 -0.706431
0.292965 2.464779 -0.708790
0.283023 2.449239 -0.702643
0.281439 2.429719 -0.704349
0.277047 2.431897 -0.700692
0.273268 2.433976 -0.696728
0.270159 2.435897 -0.692606
0.279082 2.451325 -0.698806
0.284733 2.468798 -0.701223
0.276068 2.453251 -0.694651
0.273736 2.454957 -0.690449
0.281768 2.470477 -0.697022
0.286288 2.489357 -0.699911
0.279287 2.472038 -0.692777
0.283491 2.490933 -0.695735
0.277972 2.473272 -0.688508
0.282279 2.491980 -0.691184
0.277449 2.474262 -0.684242
0.272349 2.456340 -0.686227
0.281947 2.492716 -0.686712
0.287238 2.512590 -0.689492
0.282583 2.493104 -0.682539
0.287879 2.513062 -0.685151
0.292749 2.531888 -0.687454
0.289705 2.513040 -0.681207
0.295088 2.531724 -0.683562
0.300621 2.549300 -0.685574
0.298391 2.531174 -0.680232
0.304228 2.548597 -0.682364
0.302651 2.530196 -0.677653
0.308558 2.547553 -0.679832
0.307869 2.528677 -0.676309
0.313476 2.526906 -0.675888
0.313663 2.546131 -0.678337
0.319254 2.544444 -0.677802
0.320327 2.563710 -0.680772
0.315360 2.565177 -0.682148
0.327416 2.581278 -0.682362
0.325688 2.562026 -0.680281
0.332668 2.579517 -0.681909
0.331267 2.560192 -0.680615
0.338121 2.577594 -0.682359
0.336772 2.558251 -0.681843
0.324953 2.542588 -0.678376
0.330623 2.540671 -0.679592
0.319250 2.524958 -0.676336
0.325063 2.522916 -0.677398
0.313754 2.506164 -0.673895
0.319443 2.504127 -0.675110
0.307992 2.508110 -0.673546
0.307844 2.486821 -0.671528
0.313551 2.485004 -0.672423
0.302146 2.469311 -0.668540
0.319242 2.483036 -0.674095
0.325028 2.502066 -0.676913
0.324884 2.481008 -0.676192
0.330430 2.478948 -0.678618
0.330576 2.500004 -0.678963
0.335827 2.497944 -0.681557
0.335830 2.518799 -0.681680
0.330643 2.520844 -0.679162
0.341352 2.536802 -0.684200
0.340953 2.516775 -0.684384
0.346578 2.534904 -0.686829
0.346094 2.514772 -0.687208
0.351777 2.533027 -0.689655
0.351186 2.512795 -0.690202
0.340961 2.495888 -0.684400
0.346161 2.493796 -0.687336
0.335852 2.476883 -0.681234
0.341020 2.474808 -0.684246
0.346217 2.472696 -0.687332
0.351422 2.470582 -0.690537
0.351271 2.491702 -0.690449
0.356217 2.489663 -0.693720
0.356190 2.510872 -0.693399
0.361683 2.529459 -0.696053
0.361058 2.509006 -0.696751
0.366633 2.527731 -0.699423
0.365943 2.507160 -0.700200
0.371545 2.526056 -0.702908
0.370691 2.505372 -0.703788
0.361139 2.487637 -0.697162
0.365949 2.485650 -0.700741
0.356421 2.468524 -0.693973
0.361322 2.466479 -0.697551
0.366133 2.464470 -0.701242
0.370298 2.462582 -0.705296
0.370564 2.483712 -0.704471
0.374799 2.481842 -0.708496
0.375127 2.503672 -0.707640
0.380755 2.522987 -0.710466
0.379239 2.502068 -0.711656
0.384759 2.521655 -0.714599
0.382775 2.500603 -0.715986
0.387877 2.520608 -0.718973
0.385479 2.499364 -0.720443
0.378809 2.480027 -0.712707
0.381625 2.478528 -0.717279
0.373629 2.460817 -0.709612
0.376700 2.459094 -0.714076
0.378203 2.457896 -0.718694
0.377958 2.457227 -0.723317
0.382935 2.477460 -0.721947
0.383248 2.476651 -0.726655
0.386746 2.498505 -0.725151
0.391451 2.519221 -0.728107
0.386984 2.497917 -0.729873
0.390989 2.519096 -0.732650
0.385503 2.497761 -0.734396
0.389266 2.519266 -0.736843
0.382218 2.498170 -0.738344
0.381128 2.476586 -0.731002
0.377733 2.476943 -0.734769
0.376531 2.456884 -0.727674
0.373303 2.457125 -0.731314
0.368744 2.457880 -0.734273
0.362820 2.459190 -0.735739
0.373086 2.477731 -0.737754
0.367196 2.479059 -0.739722
0.377536 2.499074 -0.741567
0.381347 2.520782 -0.743185
0.371012 2.500633 -0.742873
0.375318 2.522201 -0.744592
0.363893 2.502563 -0.742865
0.368642 2.523805 -0.745050
0.356764 2.504574 -0.742176
0.360340 2.480992 -0.740069
0.353255 2.483077 -0.739454
0.356467 2.460848 -0.735969
0.349882 2.462789 -0.735510
0.343279 2.464951 -0.733923
0.336751 2.467218 -0.732123
0.346548 2.485272 -0.737815
0.340132 2.487541 -0.735542
0.349878 2.506624 -0.741033
0.354998 2.527353 -0.743394
0.343208 2.508721 -0.739146
0.348344 2.529210 -0.741522
0.337301 2.510753 -0.736366
0.342034 2.531033 -0.739218
0.331513 2.512818 -0.733278
0.333902 2.489814 -0.733087
0.327921 2.492100 -0.730315
0.330419 2.469564 -0.729912
0.324311 2.471936 -0.727404
0.318576 2.474297 -0.724468
0.312993 2.476650 -0.721405
0.322109 2.494399 -0.727480
0.316785 2.496642 -0.724255
0.325908 2.514886 -0.730263
0.330803 2.534694 -0.732920
0.320652 2.516921 -0.727032
0.325603 2.536530 -0.729639
0.315672 2.518923 -0.723700
0.320718 2.538348 -0.726233
0.310917 2.520908 -0.720296
0.311657 2.498868 -0.721037
0.306648 2.501110 -0.717721
0.307629 2.479008 -0.718296
0.302628 2.481303 -0.714940
0.297909 2.483519 -0.711432
0.293473 2.485644 -0.707858
0.302081 2.503268 -0.714255
0.297865 2.505356 -0.710561
0.306441 2.522857 -0.716800
0.311736 2.541888 -0.719150
0.302406 2.524718 -0.713069
0.298847 2.526468 -0.709147
0.307774 2.543551 -0.715392
0.313709 2.561977 -0.717537
0.304170 2.545143 -0.711504
0.310189 2.563498 -0.713525
0.301056 2.546599 -0.707424
0.307339 2.564838 -0.709262
0.298913 2.547775 -0.703005
0.296105 2.528043 -0.704937
0.293523 2.529580 -0.700779
0.290929 2.509077 -0.702659
0.289009 2.510492 -0.698296
0.293803 2.507400 -0.706893
0.289731 2.487573 -0.703913
0.287723 2.511693 -0.693871
0.291914 2.530839 -0.696348
0.297932 2.548633 -0.698421
0.291729 2.531575 -0.691825
0.297685 2.549236 -0.693913
0.304399 2.567266 -0.695772
0.298547 2.549494 -0.689557
0.305393 2.567431 -0.691423
0.312238 2.585271 -0.692722
0.307766 2.567111 -0.687642
0.314526 2.584951 -0.688800
0.311029 2.566335 -0.684446
0.318052 2.584094 -0.685699
0.325878 2.599991 -0.687147
0.322468 2.582839 -0.683487
0.330180 2.598718 -0.685283
0.337701 2.614110 -0.685452
0.334861 2.597273 -0.683949
0.342694 2.612635 -0.684615
0.339936 2.595643 -0.683449
0.347762 2.611024 -0.684315
0.345306 2.593855 -0.683600
0.350782 2.591935 -0.684613
0.352980 2.609325 -0.684627
0.358336 2.607571 -0.685456
0.361283 2.624547 -0.684934
0.356022 2.626056 -0.684789
0.369863 2.639566 -0.684939
0.366600 2.622968 -0.685608
0.375318 2.638207 -0.685470
0.372099 2.621296 -0.686892
0.380849 2.636811 -0.686548
0.377561 2.619650 -0.688733
0.363919 2.605734 -0.686739
0.369477 2.603866 -0.688582
0.356214 2.589947 -0.686289
0.361626 2.587918 -0.688219
0.349048 2.573429 -0.685251
0.354357 2.571436 -0.687395
0.343586 2.575542 -0.683613
0.342107 2.556256 -0.683858
0.347594 2.554279 -0.686096
0.335976 2.538747 -0.681774
0.352946 2.552430 -0.688711
0.359884 2.569535 -0.690013
0.358095 2.550656 -0.691649
0.363119 2.548943 -0.694818
0.365050 2.567788 -0.692994
0.370132 2.566106 -0.696168
0.372408 2.584425 -0.693741
0.367206 2.586025 -0.690734
0.380082 2.600745 -0.693985
0.377580 2.582863 -0.696847
0.385363 2.599328 -0.696962
0.382771 2.581318 -0.700012
0.390553 2.597943 -0.700043
0.387757 2.579855 -0.703429
0.375240 2.564452 -0.699419
0.380289 2.562843 -0.702835
0.368137 2.547252 -0.698101
0.373158 2.545593 -0.701481
0.378063 2.543999 -0.705035
0.382820 2.542474 -0.708824
0.385149 2.561321 -0.706487
0.389921 2.559886 -0.710284
0.392567 2.578519 -0.707063
0.400147 2.595502 -0.706938
0.397318 2.577309 -0.710822
0.404787 2.594482 -0.710664
0.401469 2.576353 -0.714852
0.409153 2.593607 -0.714469
0.405487 2.575469 -0.718902
0.394509 2.558563 -0.714235
0.398029 2.557570 -0.718474
0.387124 2.541090 -0.712835
0.391037 2.539886 -0.717001
0.393883 2.538999 -0.721437
0.395896 2.538345 -0.725951
0.400818 2.556789 -0.722871
0.402702 2.556244 -0.727357
0.408726 2.574756 -0.723043
0.414873 2.592626 -0.722739
0.410641 2.574442 -0.727537
0.416489 2.592445 -0.727028
0.411062 2.574436 -0.732043
0.416882 2.592535 -0.731183
0.411031 2.574536 -0.736402
0.403397 2.556034 -0.731816
0.403133 2.556066 -0.736095
0.397049 2.537908 -0.730477
0.397581 2.537545 -0.734978
0.395851 2.537924 -0.739272
0.392273 2.538729 -0.742908
0.401240 2.556503 -0.740121
0.397986 2.557292 -0.743555
0.409171 2.575071 -0.740533
0.414656 2.593375 -0.739057
0.405166 2.576029 -0.743742
0.411289 2.594207 -0.742317
0.399985 2.577258 -0.745841
0.406517 2.595338 -0.744522
0.394114 2.578605 -0.747119
0.393157 2.558480 -0.746011
0.387587 2.559840 -0.747691
0.387242 2.539953 -0.745466
0.381188 2.541464 -0.746638
0.374714 2.543077 -0.747116
0.368020 2.544800 -0.746570
0.381190 2.561426 -0.748030
0.374696 2.563064 -0.747817
0.388054 2.579988 -0.747733
0.394886 2.597898 -0.746553
0.381639 2.581426 -0.747205
0.388637 2.599182 -0.746478
0.375132 2.582866 -0.746230
0.382253 2.600386 -0.745056
0.368797 2.584298 -0.744406
0.368014 2.564744 -0.746370
0.361508 2.566397 -0.744498
0.361261 2.546556 -0.745579
0.354682 2.548282 -0.743453
0.348218 2.550021 -0.741141
0.342395 2.551684 -0.738245
0.355252 2.568006 -0.742145
0.349279 2.569656 -0.739383
0.362562 2.585718 -0.742134
0.369810 2.602954 -0.741353
0.356712 2.587204 -0.739446
0.364176 2.604310 -0.738881
0.351354 2.588736 -0.736464
0.358882 2.605707 -0.735970
0.346171 2.590285 -0.733305
0.343930 2.571309 -0.736239
0.338792 2.572994 -0.732957
0.336927 2.553411 -0.735034
0.331750 2.555169 -0.731757
0.326781 2.556927 -0.728409
0.322156 2.558648 -0.724881
0.333811 2.574703 -0.729605
0.329105 2.576408 -0.726116
0.341176 2.591866 -0.730046
0.348788 2.608444 -0.729766
0.336424 2.593451 -0.726579
0.332058 2.594995 -0.722883
0.344065 2.609820 -0.726427
0.351844 2.625852 -0.725956
0.339704 2.611187 -0.722871
0.347541 2.626941 -0.722601
0.335666 2.612548 -0.719177
0.343700 2.628023 -0.719023
0.332173 2.613825 -0.715320
0.328060 2.596539 -0.719085
0.324681 2.597960 -0.715114
0.320617 2.579719 -0.718688
0.324726 2.578073 -0.722435
0.316941 2.581306 -0.714743
0.314059 2.582706 -0.710497
0.311859 2.583883 -0.706136
0.321911 2.599230 -0.710954
0.329512 2.614884 -0.711275
0.320262 2.600125 -0.706662
0.327780 2.615657 -0.707052
0.319315 2.600812 -0.702325
0.319355 2.601172 -0.698077
0.310989 2.584710 -0.701587
0.326972 2.616176 -0.702793
0.327072 2.616430 -0.698576
0.335219 2.631073 -0.703021
0.336206 2.630565 -0.707148
0.343213 2.645696 -0.702908
0.335169 2.631315 -0.698912
0.342945 2.645864 -0.698783
0.336575 2.631125 -0.695084
0.344212 2.645644 -0.694773
0.339030 2.630604 -0.691667
0.328238 2.616372 -0.694594
0.330194 2.616068 -0.690803
0.320539 2.601140 -0.693973
0.322612 2.600796 -0.690203
0.333621 2.615245 -0.687770
0.342422 2.629789 -0.688855
0.350684 2.644245 -0.688882
0.346330 2.628769 -0.686521
0.354950 2.643240 -0.686913
0.350978 2.627493 -0.685122
0.359547 2.642122 -0.685375
0.367666 2.656616 -0.684585
0.364606 2.640839 -0.684918
0.372881 2.655530 -0.683887
0.381144 2.671072 -0.682202
0.378286 2.654436 -0.684003
0.386777 2.670036 -0.682235
0.383937 2.653311 -0.684464
0.392513 2.668996 -0.682740
0.389530 2.652220 -0.685505
0.394836 2.651178 -0.687413
0.397929 2.668016 -0.684166
0.403228 2.667046 -0.685912
0.406464 2.684263 -0.681918
0.400845 2.685256 -0.680544
0.414815 2.700687 -0.678611
0.411918 2.683301 -0.683589
0.420432 2.699790 -0.680390
0.417246 2.682342 -0.685322
0.425876 2.698889 -0.682411
0.422423 2.681418 -0.687373
0.408487 2.666076 -0.687773
0.413707 2.665119 -0.689766
0.400038 2.650146 -0.689479
0.405064 2.649120 -0.691745
0.391360 2.634175 -0.690499
0.396526 2.632946 -0.692958
0.386265 2.635450 -0.688319
0.382754 2.618201 -0.691064
0.388110 2.616858 -0.693738
0.374823 2.602181 -0.691106
0.393385 2.615569 -0.696551
0.401669 2.631788 -0.695564
0.398563 2.614340 -0.699490
0.403419 2.613188 -0.702769
0.406715 2.630631 -0.698368
0.411471 2.629509 -0.701461
0.415197 2.646992 -0.696592
0.410239 2.648046 -0.694005
0.423866 2.663259 -0.694361
0.419779 2.645993 -0.699474
0.428456 2.662392 -0.697125
0.424281 2.644980 -0.702539
0.432886 2.661544 -0.700037
0.428596 2.643977 -0.705673
0.415927 2.628435 -0.704786
0.420145 2.627444 -0.708170
0.408009 2.612106 -0.706215
0.412554 2.611107 -0.709734
0.416416 2.610391 -0.713538
0.419709 2.609831 -0.717476
0.424123 2.626557 -0.711710
0.427593 2.625829 -0.715435
0.432577 2.643048 -0.709092
0.440952 2.660052 -0.706412
0.435524 2.642359 -0.712894
0.444408 2.659400 -0.710000
0.437528 2.641898 -0.716970
0.446986 2.658912 -0.713962
0.438931 2.641576 -0.721139
0.430520 2.625248 -0.719325
0.431686 2.625041 -0.723506
0.422033 2.609516 -0.721521
0.423986 2.609210 -0.725568
0.424380 2.609294 -0.729728
0.423861 2.609532 -0.733805
0.431920 2.625073 -0.727759
0.431136 2.625372 -0.731849
0.439305 2.641486 -0.725278
0.449157 2.658506 -0.722434
0.438465 2.641678 -0.729384
0.447858 2.658828 -0.726660
0.436601 2.642110 -0.733225
0.445477 2.659340 -0.730518
0.433287 2.642854 -0.736720
0.429068 2.625941 -0.735722
0.425380 2.626844 -0.738891
0.421507 2.610243 -0.737472
0.418053 2.611080 -0.740645
0.413218 2.612185 -0.742858
0.407637 2.613435 -0.744062
0.420402 2.627971 -0.741154
0.414624 2.629223 -0.742247
0.428327 2.643930 -0.739199
0.436706 2.661116 -0.736191
0.422321 2.645251 -0.740641
0.430710 2.662288 -0.737642
0.416047 2.646624 -0.740694
0.424373 2.663540 -0.737904
0.409895 2.647995 -0.740433
0.408567 2.630519 -0.742567
0.402414 2.631844 -0.742101
0.401577 2.614747 -0.744521
0.395454 2.616017 -0.744127
0.389342 2.617250 -0.743373
0.383209 2.618457 -0.741786
0.396366 2.633194 -0.741285
0.390425 2.634539 -0.740085
0.403852 2.649328 -0.739330
0.411886 2.665953 -0.736958
0.397966 2.650627 -0.738027
0.405992 2.667089 -0.735674
0.392395 2.651882 -0.736278
0.400362 2.668188 -0.734041
0.387101 2.653076 -0.734168
0.384808 2.635827 -0.738337
0.379407 2.637073 -0.736040
0.377340 2.619692 -0.740021
0.371894 2.620973 -0.737597
0.366601 2.622241 -0.734886
0.361491 2.623487 -0.732037
0.374293 2.638254 -0.733461
0.369314 2.639391 -0.730741
0.382094 2.654189 -0.731721
0.390142 2.670176 -0.729595
0.377254 2.655226 -0.729158
0.372496 2.656230 -0.726506
0.385262 2.671119 -0.727204
0.393430 2.687245 -0.725011
0.380534 2.672039 -0.724677
0.388610 2.688130 -0.722548
0.375939 2.672935 -0.722100
0.383955 2.688982 -0.719941
0.371743 2.673726 -0.719148
0.367994 2.657150 -0.723696
0.363749 2.657981 -0.720729
0.359790 2.641516 -0.725073
0.364454 2.640483 -0.727974
0.355613 2.642433 -0.721883
0.351694 2.643308 -0.718559
0.348364 2.644133 -0.714962
0.360025 2.658664 -0.717387
0.367791 2.674447 -0.716009
0.356735 2.659275 -0.713909
0.364209 2.675067 -0.712629
0.354356 2.659665 -0.710093
0.352480 2.659986 -0.706128
0.345589 2.644905 -0.711122
0.361546 2.675502 -0.708775
0.359793 2.675734 -0.704750
0.368316 2.691759 -0.706980
0.371719 2.691161 -0.710601
0.376889 2.707910 -0.704128
0.366414 2.692086 -0.702847
0.374192 2.708349 -0.700182
0.365727 2.692167 -0.698537
0.373000 2.708528 -0.695926
0.365835 2.692082 -0.694269
0.359021 2.675769 -0.700626
0.358888 2.675672 -0.696521
0.351467 2.660148 -0.702049
0.351624 2.660063 -0.698060
0.352863 2.659801 -0.694328
0.355310 2.659274 -0.691060
0.360204 2.675311 -0.692691
0.362574 2.674755 -0.689284
0.367471 2.691757 -0.690304
0.374801 2.708074 -0.687511
0.370144 2.691168 -0.686821
0.377659 2.707515 -0.683867
0.374360 2.690319 -0.684152
0.381495 2.706809 -0.680834
0.378841 2.689466 -0.682024
0.366489 2.673940 -0.686591
0.370800 2.673054 -0.684430
0.358713 2.658532 -0.688286
0.362972 2.657622 -0.686189
0.375828 2.672081 -0.682965
0.383790 2.688469 -0.680334
0.391332 2.704925 -0.676957
0.389389 2.687412 -0.679918
0.397158 2.703861 -0.676749
0.395066 2.686332 -0.679973
0.403037 2.702818 -0.677081
0.410602 2.719157 -0.674032
0.408941 2.701728 -0.677602
0.416636 2.718159 -0.674610
0.424010 2.733907 -0.671658
0.422587 2.717184 -0.675605
0.430282 2.733079 -0.672606
0.428374 2.716271 -0.677320
0.436313 2.732296 -0.674278
0.434125 2.715389 -0.679350
0.439759 2.714535 -0.681416
0.442191 2.731555 -0.676284
0.447992 2.730852 -0.678402
0.450039 2.747557 -0.673279
0.444160 2.748134 -0.671201
0.457351 2.763463 -0.670488
0.455902 2.746992 -0.675485
0.463336 2.762948 -0.672679
0.461747 2.746420 -0.677709
0.469202 2.762448 -0.674902
0.467443 2.745872 -0.680126
0.453665 2.730164 -0.680618
0.459215 2.729506 -0.683007
0.445275 2.713715 -0.683592
0.450665 2.712931 -0.685881
0.436553 2.697064 -0.686623
0.441702 2.696225 -0.688923
0.431213 2.697974 -0.684514
0.427563 2.680506 -0.689507
0.432541 2.679668 -0.691906
0.418840 2.664178 -0.691971
0.437367 2.678880 -0.694489
0.446537 2.695473 -0.691561
0.441832 2.678174 -0.697344
0.446176 2.677473 -0.700296
0.451250 2.694767 -0.694330
0.455804 2.694108 -0.697273
0.460388 2.711564 -0.691421
0.455649 2.712220 -0.688554
0.469272 2.728334 -0.688631
0.464891 2.710957 -0.694437
0.473780 2.727826 -0.691795
0.468620 2.710485 -0.697953
0.477721 2.727396 -0.695300
0.471720 2.710106 -0.701675
0.459795 2.693561 -0.700577
0.462690 2.693181 -0.704322
0.450261 2.676818 -0.703523
0.453845 2.676254 -0.707011
0.456840 2.675802 -0.710867
0.458282 2.675611 -0.715134
0.464638 2.692945 -0.708354
0.466041 2.692785 -0.712551
0.473673 2.709897 -0.705762
0.483294 2.726849 -0.703201
0.474857 2.709778 -0.709969
0.483816 2.726887 -0.707534
0.474828 2.709844 -0.714250
0.483598 2.727026 -0.711912
0.473722 2.710061 -0.718464
0.466492 2.692799 -0.716822
0.465799 2.692989 -0.721114
0.458431 2.675647 -0.719584
0.457635 2.675850 -0.723983
0.455545 2.676268 -0.728219
0.451603 2.677015 -0.731656
0.463704 2.693397 -0.725213
0.460100 2.694054 -0.728821
0.471449 2.710441 -0.722367
0.481489 2.727441 -0.720513
0.468118 2.711009 -0.725700
0.477399 2.728104 -0.723645
0.463188 2.711795 -0.728627
0.471600 2.728929 -0.725833
0.457277 2.712749 -0.730496
0.454811 2.694949 -0.731386
0.448733 2.695990 -0.733023
0.446107 2.678031 -0.734090
0.439768 2.679173 -0.735241
0.433325 2.680317 -0.735671
0.426913 2.681437 -0.735310
0.442242 2.697089 -0.733468
0.435738 2.698164 -0.733306
0.450788 2.713770 -0.731258
0.459119 2.730680 -0.728600
0.444218 2.714816 -0.731149
0.452585 2.731584 -0.728770
0.437775 2.715812 -0.730525
0.446001 2.732493 -0.728250
0.431757 2.716747 -0.729003
0.429499 2.699180 -0.732366
0.423413 2.700179 -0.731057
0.420615 2.682530 -0.734593
0.414528 2.683574 -0.733457
0.408756 2.684557 -0.731870
0.403448 2.685472 -0.729750
0.417493 2.701139 -0.729534
0.411877 2.702056 -0.727655
0.425733 2.717667 -0.727376
0.433725 2.734171 -0.725205
0.420198 2.718515 -0.725299
0.414861 2.719322 -0.722953
0.428022 2.734945 -0.723140
0.435438 2.751397 -0.721235
0.422580 2.735632 -0.720761
0.429906 2.752007 -0.718734
0.417364 2.736275 -0.718134
0.424540 2.752573 -0.716070
0.412251 2.736944 -0.715466
0.409712 2.720097 -0.720423
0.404667 2.720860 -0.717740
0.401695 2.703717 -0.722732
0.396771 2.704531 -0.720176
0.406710 2.702895 -0.725260
0.398359 2.686363 -0.727441
0.392018 2.705332 -0.717459
0.387386 2.706122 -0.714662
0.399768 2.721596 -0.714999
0.407264 2.737635 -0.712611
0.395351 2.722265 -0.711936
0.402642 2.738254 -0.709574
0.391220 2.722881 -0.708692
0.387479 2.723426 -0.705281
0.383369 2.706806 -0.711407
0.398241 2.738820 -0.706364
0.394229 2.739257 -0.702905
0.405151 2.754596 -0.704183
0.409428 2.754162 -0.707549
0.411529 2.770249 -0.701821
0.401055 2.754989 -0.700643
0.408067 2.770475 -0.698097
0.397705 2.755273 -0.696857
0.405454 2.770582 -0.694124
0.395506 2.755329 -0.692647
0.391380 2.739485 -0.699027
0.389653 2.739556 -0.694820
0.384878 2.723805 -0.701377
0.383017 2.724044 -0.697342
0.382138 2.724116 -0.693159
0.382283 2.724037 -0.689062
0.389065 2.739477 -0.690579
0.389495 2.739273 -0.686517
0.395124 2.755167 -0.688263
0.402445 2.770466 -0.685911
0.395429 2.754897 -0.684055
0.402567 2.770231 -0.681810
0.396999 2.754480 -0.680059
0.404147 2.769841 -0.677927
0.399721 2.753926 -0.676504
0.390936 2.738908 -0.682657
0.392930 2.738501 -0.678931
0.383605 2.723762 -0.685164
0.385921 2.723315 -0.681491
0.389385 2.722687 -0.678384
0.393650 2.721935 -0.675766
0.396619 2.737879 -0.675968
0.400880 2.737212 -0.673422
0.403524 2.753273 -0.673495
0.410442 2.768765 -0.671242
0.408024 2.752575 -0.671033
0.415022 2.768120 -0.668743
0.413227 2.751848 -0.669215
0.420284 2.767451 -0.666951
0.419006 2.751095 -0.668514
0.405918 2.736451 -0.671504
0.411766 2.735596 -0.671031
0.398949 2.721067 -0.674359
0.404621 2.720138 -0.673887
0.417801 2.734746 -0.671091
0.425192 2.750316 -0.668652
0.432338 2.765933 -0.666200
0.431474 2.749531 -0.669065
0.438673 2.765224 -0.666316
0.437896 2.748786 -0.669730
0.445031 2.764581 -0.667016
0.451344 2.779905 -0.664657
0.451331 2.763988 -0.668481
0.457668 2.779378 -0.666050
0.463604 2.794370 -0.663489
0.463811 2.778922 -0.667948
0.469674 2.794044 -0.665365
0.469808 2.778524 -0.670073
0.475625 2.793740 -0.667495
0.475595 2.778140 -0.672482
0.481173 2.777741 -0.675124
0.481243 2.793449 -0.670052
0.486725 2.793170 -0.672818
0.486722 2.808649 -0.667191
0.481139 2.808803 -0.664646
0.491569 2.824195 -0.663967
0.491987 2.808527 -0.669886
0.496847 2.824183 -0.666632
0.496830 2.808513 -0.672908
0.501599 2.824090 -0.669766
0.501103 2.808559 -0.676203
0.491659 2.792934 -0.675920
0.496094 2.792850 -0.679296
0.486174 2.777421 -0.678251
0.490942 2.777141 -0.681669
0.480070 2.761588 -0.680413
0.485013 2.761235 -0.683614
0.474885 2.761981 -0.677431
0.472808 2.745373 -0.682834
0.477820 2.744932 -0.685868
0.464486 2.728883 -0.685628
0.482591 2.744527 -0.689093
0.489865 2.760916 -0.686908
0.486544 2.744245 -0.692677
0.488722 2.744205 -0.696861
0.493055 2.760761 -0.690897
0.495162 2.760725 -0.695019
0.498096 2.776995 -0.689133
0.495180 2.776986 -0.685194
0.502978 2.792909 -0.686692
0.500199 2.777014 -0.693251
0.505148 2.792992 -0.690924
0.501661 2.777040 -0.697345
0.506448 2.793090 -0.695044
0.502427 2.777102 -0.701423
0.496623 2.760748 -0.699239
0.497543 2.760811 -0.703422
0.490077 2.744273 -0.701127
0.490923 2.744376 -0.705400
0.490592 2.744587 -0.709666
0.489840 2.744811 -0.713903
0.497064 2.761000 -0.707550
0.496091 2.761223 -0.711626
0.502167 2.777227 -0.705478
0.506783 2.793345 -0.703142
0.501035 2.777409 -0.709441
0.505426 2.793549 -0.707024
0.498834 2.777666 -0.713194
0.503225 2.793788 -0.710714
0.496147 2.777970 -0.716816
0.493942 2.761546 -0.715510
0.491344 2.761881 -0.719180
0.488187 2.745087 -0.718071
0.485418 2.745461 -0.721795
0.479799 2.746211 -0.723727
0.473685 2.746963 -0.725202
0.486101 2.762444 -0.721390
0.480262 2.763079 -0.723081
0.491277 2.778446 -0.719126
0.496045 2.794406 -0.716638
0.485576 2.778985 -0.720805
0.490412 2.794831 -0.718268
0.479533 2.779551 -0.721711
0.484519 2.795250 -0.719295
0.473308 2.780138 -0.722127
0.474026 2.763776 -0.723975
0.467582 2.764494 -0.724405
0.467277 2.747726 -0.726127
0.460684 2.748468 -0.726585
0.454100 2.749206 -0.725972
0.447611 2.749948 -0.724938
0.461164 2.765222 -0.724003
0.454700 2.765937 -0.722875
0.467006 2.780727 -0.721909
0.472179 2.796069 -0.719581
0.460600 2.781326 -0.720927
0.454283 2.781943 -0.719544
0.465957 2.796506 -0.718688
0.470674 2.811597 -0.716432
0.459642 2.796978 -0.717375
0.464468 2.811902 -0.715173
0.453517 2.797457 -0.715569
0.458271 2.812205 -0.713492
0.447471 2.797923 -0.713328
0.448080 2.782563 -0.717524
0.442117 2.783165 -0.715186
0.442198 2.767307 -0.719295
0.448334 2.766626 -0.721407
0.436367 2.767926 -0.716892
0.430816 2.768485 -0.714210
0.425592 2.768999 -0.711326
0.436511 2.783700 -0.712393
0.441835 2.798334 -0.710508
0.431255 2.784164 -0.709395
0.436517 2.798699 -0.707482
0.426119 2.784564 -0.706354
0.421556 2.784879 -0.703000
0.420535 2.769473 -0.708418
0.431464 2.798991 -0.704336
0.427029 2.799183 -0.700897
0.436423 2.813219 -0.702354
0.441367 2.813002 -0.705589
0.441132 2.827620 -0.700309
0.431974 2.813349 -0.698836
0.436715 2.827706 -0.696736
0.427851 2.813417 -0.695227
0.432654 2.827786 -0.693066
0.424289 2.813408 -0.691428
0.422916 2.799325 -0.697343
0.419321 2.799401 -0.693579
0.417344 2.785159 -0.699482
0.413803 2.785351 -0.695725
0.411502 2.785345 -0.691671
0.409767 2.785268 -0.687622
0.417057 2.799376 -0.689505
0.415575 2.799294 -0.685402
0.421979 2.813301 -0.687372
0.426814 2.827723 -0.684953
0.420541 2.813148 -0.683175
0.425536 2.827549 -0.680610
0.420363 2.812916 -0.678969
0.425162 2.827307 -0.676306
0.420945 2.812630 -0.674913
0.415166 2.799115 -0.681360
0.415762 2.798840 -0.677380
0.409341 2.785118 -0.683574
0.409828 2.784897 -0.679627
0.411457 2.784548 -0.675915
0.414052 2.784069 -0.672439
0.417371 2.798489 -0.673596
0.419666 2.798066 -0.670004
0.422458 2.812302 -0.671039
0.427145 2.826702 -0.668126
0.424464 2.811959 -0.667340
0.429268 2.826355 -0.664314
0.428098 2.811558 -0.664221
0.433048 2.826014 -0.661171
0.432416 2.811169 -0.661638
0.423142 2.797618 -0.666923
0.427051 2.797119 -0.664084
0.417342 2.783556 -0.669246
0.421417 2.782992 -0.666476
0.426641 2.782380 -0.664697
0.432613 2.781742 -0.664061
0.432522 2.796644 -0.662567
0.438380 2.796156 -0.661745
0.437812 2.810782 -0.659957
0.443066 2.825446 -0.657261
0.443787 2.810422 -0.659167
0.449024 2.825221 -0.656528
0.449952 2.810106 -0.658876
0.455129 2.824996 -0.656036
0.456315 2.809808 -0.659122
0.444514 2.795682 -0.661544
0.450832 2.795221 -0.661823
0.438682 2.781134 -0.663936
0.444965 2.780510 -0.664111
0.457245 2.794768 -0.662262
0.462783 2.809509 -0.659660
0.467879 2.824564 -0.656522
0.469258 2.809206 -0.660556
0.474321 2.824372 -0.657561
0.475409 2.808960 -0.662268
0.480489 2.824230 -0.659167
0.484557 2.839573 -0.655827
0.486108 2.824162 -0.661353
0.490395 2.839532 -0.658089
0.494484 2.854421 -0.655341
0.495858 2.839455 -0.660804
0.499937 2.854376 -0.658202
0.501302 2.839375 -0.663737
0.505057 2.854351 -0.661334
0.505899 2.839325 -0.667138
0.509991 2.839302 -0.670770
0.509667 2.854355 -0.664755
0.513809 2.854359 -0.668367
0.513262 2.869289 -0.662535
0.508680 2.869257 -0.659065
0.516705 2.884187 -0.660514
0.517565 2.869335 -0.666132
0.521064 2.884268 -0.664115
0.521283 2.869289 -0.669959
0.525053 2.884358 -0.668005
0.524080 2.869272 -0.674135
0.517254 2.854371 -0.672134
0.520016 2.854402 -0.676383
0.513353 2.839329 -0.674590
0.515906 2.839391 -0.678782
0.509367 2.824008 -0.677236
0.512072 2.824067 -0.681309
0.505781 2.824002 -0.673325
0.504915 2.808602 -0.679945
0.507637 2.808589 -0.683945
0.499946 2.792862 -0.682761
0.509758 2.808644 -0.688159
0.514028 2.824174 -0.685380
0.510987 2.808808 -0.692315
0.511575 2.808961 -0.696413
0.515078 2.824347 -0.689553
0.515563 2.824487 -0.693688
0.519131 2.839551 -0.687082
0.517922 2.839458 -0.682873
0.523480 2.854509 -0.684809
0.519512 2.839653 -0.691207
0.523958 2.854595 -0.688985
0.518927 2.839762 -0.695222
0.523391 2.854663 -0.693063
0.517537 2.839896 -0.699174
0.514881 2.824636 -0.697699
0.513723 2.824800 -0.701648
0.511083 2.809132 -0.700433
0.509787 2.809345 -0.704324
0.507532 2.809574 -0.708027
0.504729 2.809822 -0.711562
0.511545 2.824982 -0.705401
0.508699 2.825187 -0.708951
0.515521 2.840062 -0.702956
0.520155 2.854913 -0.700721
0.512699 2.840250 -0.706515
0.517366 2.855114 -0.704253
0.508857 2.840475 -0.709306
0.513613 2.855342 -0.707233
0.503346 2.840716 -0.710756
0.504557 2.825425 -0.711633
0.499026 2.825687 -0.713200
0.500426 2.810107 -0.714114
0.494817 2.810417 -0.715692
0.488977 2.810732 -0.716863
0.482934 2.811038 -0.717287
0.493205 2.825963 -0.714252
0.487228 2.826219 -0.714806
0.497665 2.840970 -0.711899
0.502514 2.855865 -0.709900
0.491739 2.841224 -0.712447
0.485674 2.841462 -0.712457
0.496578 2.856103 -0.710279
0.501864 2.870925 -0.708275
0.490539 2.856332 -0.710220
0.495773 2.871158 -0.708265
0.484409 2.856531 -0.709550
0.489616 2.871392 -0.707575
0.478220 2.856741 -0.708445
0.479561 2.841667 -0.711795
0.473389 2.841851 -0.710614
0.475027 2.826679 -0.714086
0.481134 2.826463 -0.714809
0.468882 2.826883 -0.712971
0.462699 2.827082 -0.711300
0.456688 2.827245 -0.709205
0.467301 2.842031 -0.708990
0.472018 2.856959 -0.706868
0.461266 2.842224 -0.706933
0.465926 2.857169 -0.704819
0.455838 2.842339 -0.704248
0.450647 2.842427 -0.701272
0.451232 2.827374 -0.706549
0.460335 2.857306 -0.702094
0.455156 2.857388 -0.699133
0.465614 2.872336 -0.700154
0.471062 2.872111 -0.702886
0.471405 2.887306 -0.698203
0.460327 2.872421 -0.697078
0.465973 2.887207 -0.694955
0.455160 2.872382 -0.693786
0.460808 2.887087 -0.691555
0.450645 2.872302 -0.690020
0.450147 2.857469 -0.695909
0.445701 2.857498 -0.692236
0.445721 2.842503 -0.698064
0.441379 2.842565 -0.694454
0.437260 2.842579 -0.690661
0.433655 2.842541 -0.686635
0.441520 2.857505 -0.688355
0.437841 2.857445 -0.684218
0.446366 2.872200 -0.686074
0.452104 2.886752 -0.683747
0.442639 2.872070 -0.681882
0.448217 2.886571 -0.679685
0.440348 2.871867 -0.677298
0.446005 2.886288 -0.675131
0.439113 2.871561 -0.672705
0.435665 2.857245 -0.679640
0.434446 2.856959 -0.675156
0.431419 2.842365 -0.682311
0.430183 2.842120 -0.677857
0.429970 2.841836 -0.673520
0.430413 2.841528 -0.669227
0.434023 2.856600 -0.670706
0.434526 2.856236 -0.666390
0.438407 2.871237 -0.668208
0.443689 2.885731 -0.666188
0.438640 2.870906 -0.663877
0.443676 2.885411 -0.661826
0.439656 2.870543 -0.659512
0.444347 2.885072 -0.657506
0.441407 2.870182 -0.655235
0.435949 2.855862 -0.662176
0.437994 2.855425 -0.658024
0.431936 2.841190 -0.665118
0.434069 2.840839 -0.661115
0.437400 2.840452 -0.657360
0.442375 2.840248 -0.655695
0.441004 2.855087 -0.654135
0.445976 2.854943 -0.652402
0.444116 2.869903 -0.651195
0.448219 2.884577 -0.649229
0.449290 2.869748 -0.649522
0.453175 2.884436 -0.647336
0.454850 2.869587 -0.648057
0.458625 2.884259 -0.645706
0.460704 2.869451 -0.647019
0.451505 2.854775 -0.651107
0.457297 2.854638 -0.650110
0.447769 2.840066 -0.654358
0.453619 2.839910 -0.653533
0.459612 2.839778 -0.652955
0.465810 2.839702 -0.652972
0.463356 2.854549 -0.649297
0.469514 2.854593 -0.649606
0.466806 2.869374 -0.646296
0.470591 2.884012 -0.643930
0.473171 2.869358 -0.646450
0.477046 2.883984 -0.644099
0.479655 2.869315 -0.647094
0.483518 2.883986 -0.644848
0.486197 2.869276 -0.648504
0.475873 2.854631 -0.650029
0.482246 2.854605 -0.651183
0.472131 2.839646 -0.653461
0.478292 2.839592 -0.654443
0.488477 2.854499 -0.652899
0.492414 2.869246 -0.650420
0.496131 2.884024 -0.648215
0.498312 2.869233 -0.652880
0.501906 2.884016 -0.650752
0.503732 2.869238 -0.655802
0.507285 2.884054 -0.653703
0.510729 2.898732 -0.651862
0.512116 2.884116 -0.657038
0.515454 2.898870 -0.655248
0.519179 2.913475 -0.653295
0.519936 2.899022 -0.658762
0.523588 2.913635 -0.656838
0.524238 2.899185 -0.662364
0.527779 2.913796 -0.660504
0.528182 2.899365 -0.666145
0.531576 2.899575 -0.670095
0.531690 2.913964 -0.664286
0.535195 2.914150 -0.668184
0.536309 2.928456 -0.661709
0.532431 2.928327 -0.657910
0.541994 2.943038 -0.658471
0.539866 2.928588 -0.665597
0.545517 2.943215 -0.662439
0.542568 2.928752 -0.669703
0.548216 2.943437 -0.666597
0.544736 2.928937 -0.673788
0.538119 2.914360 -0.672224
0.540283 2.914575 -0.676339
0.534421 2.899794 -0.674190
0.536718 2.900016 -0.678375
0.531249 2.884564 -0.675982
0.533397 2.884687 -0.680262
0.528288 2.884455 -0.671895
0.526625 2.869332 -0.678360
0.528069 2.869411 -0.682648
0.522257 2.854434 -0.680572
0.528980 2.869503 -0.686917
0.534994 2.884832 -0.684620
0.528731 2.869610 -0.691078
0.527501 2.869739 -0.694927
0.536038 2.884971 -0.688995
0.535035 2.885080 -0.693338
0.540375 2.900408 -0.686847
0.538828 2.900224 -0.682556
0.542528 2.915059 -0.684536
0.539748 2.900594 -0.691229
0.542181 2.915305 -0.688469
0.537143 2.900790 -0.694997
0.540618 2.915566 -0.692262
0.533915 2.900988 -0.698354
0.531941 2.885213 -0.697025
0.528336 2.885343 -0.700325
0.525620 2.869891 -0.698663
0.522496 2.870047 -0.702094
0.518940 2.870200 -0.705263
0.513502 2.870454 -0.706633
0.524853 2.885438 -0.703474
0.519354 2.885587 -0.704971
0.530464 2.901179 -0.701529
0.535274 2.915959 -0.699206
0.525321 2.901369 -0.703318
0.519661 2.901494 -0.704484
0.530630 2.916110 -0.701286
0.536014 2.930713 -0.699179
0.524924 2.916247 -0.702537
0.530546 2.930922 -0.700046
0.519204 2.916409 -0.702885
0.524981 2.931151 -0.700367
0.513313 2.916605 -0.702735
0.513741 2.901621 -0.705049
0.507758 2.901776 -0.704906
0.507748 2.885955 -0.706703
0.513709 2.885766 -0.706225
0.501672 2.886158 -0.706648
0.495576 2.886382 -0.706051
0.489476 2.886643 -0.704848
0.501696 2.901903 -0.704307
0.507326 2.916753 -0.702085
0.495611 2.901972 -0.702951
0.501312 2.916831 -0.700603
0.489343 2.901999 -0.701310
0.483037 2.901965 -0.699209
0.483303 2.886929 -0.703274
0.495262 2.916879 -0.698803
0.489235 2.916876 -0.696410
0.501335 2.931693 -0.696094
0.507211 2.931624 -0.698143
0.507617 2.946654 -0.693034
0.495746 2.931693 -0.693264
0.502203 2.946642 -0.690108
0.490481 2.931642 -0.690180
0.496800 2.946606 -0.686994
0.485300 2.931561 -0.686902
0.483975 2.916793 -0.693373
0.478607 2.916695 -0.689994
0.477334 2.901964 -0.696079
0.472056 2.901963 -0.692651
0.467038 2.901790 -0.689147
0.462670 2.901569 -0.685307
0.473556 2.916561 -0.686538
0.469261 2.916357 -0.682737
0.480402 2.931440 -0.683438
0.486782 2.946330 -0.680168
0.475937 2.931272 -0.679774
0.482152 2.946152 -0.676544
0.471883 2.931069 -0.675927
0.478009 2.945941 -0.672727
0.468179 2.930841 -0.671997
0.465364 2.916122 -0.678772
0.461733 2.915867 -0.674761
0.458732 2.901322 -0.681297
0.455054 2.901058 -0.677210
0.451989 2.900769 -0.672997
0.450162 2.900443 -0.668686
0.458447 2.915593 -0.670707
0.455999 2.915272 -0.666554
0.464760 2.930594 -0.668014
0.471074 2.945423 -0.664840
0.461791 2.930336 -0.663958
0.467908 2.945115 -0.660776
0.460537 2.930020 -0.659785
0.465955 2.944754 -0.656658
0.460196 2.929675 -0.655704
0.454881 2.914886 -0.662299
0.454611 2.914502 -0.658129
0.449218 2.900108 -0.664353
0.449055 2.899758 -0.660045
0.449391 2.899443 -0.655841
0.450455 2.899156 -0.651639
0.454678 2.914131 -0.654032
0.455340 2.913759 -0.649926
0.460051 2.929328 -0.651715
0.464926 2.943999 -0.648752
0.460483 2.928989 -0.647839
0.465484 2.943641 -0.645115
0.461700 2.928802 -0.644182
0.466763 2.943304 -0.641750
0.466606 2.928629 -0.641634
0.457092 2.913546 -0.645988
0.461917 2.913393 -0.643950
0.452584 2.898978 -0.647574
0.457442 2.898841 -0.645630
0.462796 2.898660 -0.643891
0.468577 2.898501 -0.642692
0.467250 2.913180 -0.642076
0.473001 2.912982 -0.640739
0.471839 2.928323 -0.639426
0.476462 2.942667 -0.635968
0.477607 2.928053 -0.637743
0.481914 2.942423 -0.633685
0.483673 2.927857 -0.636633
0.488289 2.942245 -0.632833
0.490124 2.927635 -0.636212
0.479014 2.912836 -0.639887
0.485246 2.912785 -0.639926
0.474678 2.898393 -0.642045
0.480973 2.898358 -0.642075
0.487389 2.898394 -0.642697
0.493746 2.898443 -0.644097
0.491557 2.912796 -0.640726
0.497899 2.912894 -0.642069
0.496626 2.927567 -0.637048
0.501791 2.942050 -0.633216
0.502759 2.927625 -0.639021
0.508430 2.942052 -0.634870
0.508661 2.927680 -0.641350
0.514243 2.942147 -0.637471
0.514273 2.927794 -0.644031
0.503897 2.913015 -0.644262
0.509471 2.913156 -0.646834
0.499895 2.898505 -0.646240
0.505499 2.898602 -0.648842
0.514578 2.913311 -0.649853
0.519408 2.927919 -0.647117
0.524941 2.942389 -0.643611
0.524017 2.928054 -0.650570
0.529693 2.942539 -0.647094
0.528324 2.928191 -0.654176
0.534048 2.942703 -0.650791
0.540208 2.957098 -0.646939
0.538141 2.942868 -0.654598
0.544535 2.957311 -0.650753
0.550704 2.971847 -0.646804
0.548683 2.957526 -0.654652
0.555069 2.972114 -0.650721
0.552157 2.957774 -0.658774
0.558999 2.972428 -0.654800
0.555050 2.958025 -0.662894
0.557927 2.958284 -0.667208
0.562596 2.972607 -0.659007
0.565569 2.972698 -0.663283
0.569528 2.987059 -0.654823
0.565601 2.986920 -0.650523
0.576367 3.002139 -0.649918
0.572930 2.987121 -0.659058
0.579959 3.002285 -0.654281
0.575179 2.987239 -0.663607
0.582478 3.002480 -0.658932
0.575902 2.987456 -0.668343
0.567734 2.972908 -0.667775
0.568784 2.973220 -0.672295
0.559872 2.958571 -0.671490
0.560785 2.958910 -0.675829
0.552048 2.943839 -0.674978
0.552731 2.944099 -0.679095
0.550603 2.943635 -0.670782
0.546093 2.929155 -0.677941
0.547010 2.929399 -0.682003
0.541824 2.914807 -0.680466
0.546405 2.929673 -0.685935
0.552204 2.944375 -0.683086
0.545112 2.929949 -0.689772
0.543044 2.930230 -0.693471
0.550976 2.944732 -0.686964
0.549057 2.945024 -0.690674
0.559614 2.959635 -0.684073
0.561028 2.959228 -0.680057
0.568410 2.973845 -0.681311
0.556725 2.960095 -0.687484
0.553302 2.960479 -0.690793
0.566134 2.974314 -0.685078
0.574340 2.988441 -0.682150
0.561249 2.974836 -0.687549
0.569597 2.988893 -0.684801
0.556268 2.975368 -0.689517
0.563744 2.989333 -0.686685
0.550766 2.975824 -0.690662
0.549476 2.960892 -0.693869
0.543983 2.961244 -0.695281
0.542244 2.945698 -0.696983
0.536938 2.945932 -0.697576
0.545929 2.945348 -0.693993
0.540089 2.930493 -0.696815
0.531193 2.946145 -0.697796
0.525328 2.946330 -0.697318
0.538018 2.961561 -0.695424
0.544906 2.976280 -0.691391
0.531905 2.961780 -0.694840
0.538824 2.976590 -0.690923
0.525891 2.961881 -0.693702
0.519924 2.961842 -0.691816
0.519488 2.946495 -0.696628
0.532397 2.976732 -0.689789
0.526354 2.976703 -0.687962
0.538390 2.990859 -0.686041
0.545016 2.990536 -0.687329
0.544954 3.005682 -0.681992
0.532220 2.991053 -0.684139
0.538541 3.005947 -0.679970
0.526078 2.991107 -0.681803
0.532508 3.005976 -0.677270
0.520351 2.991014 -0.678821
0.520348 2.976603 -0.685597
0.514509 2.976449 -0.682844
0.514268 2.961741 -0.689268
0.508493 2.961628 -0.686640
0.502874 2.961489 -0.683564
0.497773 2.961313 -0.680132
0.508837 2.976257 -0.679765
0.503515 2.976032 -0.676368
0.514733 2.990879 -0.675613
0.520956 3.005796 -0.670997
0.509193 2.990707 -0.672253
0.515324 3.005652 -0.667613
0.503885 2.990501 -0.668705
0.509774 3.005472 -0.664107
0.498715 2.990261 -0.665053
0.498347 2.975791 -0.672834
0.493326 2.975543 -0.669203
0.492779 2.961117 -0.676603
0.487933 2.960911 -0.672989
0.483642 2.960658 -0.669146
0.479871 2.960303 -0.665141
0.488752 2.975258 -0.665359
0.484571 2.974926 -0.661360
0.493773 2.989974 -0.661294
0.499064 3.004994 -0.656724
0.489377 2.989585 -0.657430
0.494034 3.004511 -0.652968
0.484788 2.988984 -0.653300
0.488843 3.003801 -0.648956
0.480844 2.988272 -0.649306
0.480707 2.974364 -0.657415
0.477154 2.973695 -0.653422
0.476368 2.959861 -0.661285
0.473080 2.959361 -0.657222
0.470758 2.958889 -0.653116
0.470167 2.958424 -0.649141
0.474954 2.973103 -0.649362
0.474111 2.972554 -0.645255
0.478955 2.987628 -0.645068
0.482944 3.002501 -0.640325
0.478160 2.987050 -0.640818
0.482034 3.001939 -0.635992
0.478348 2.986514 -0.636730
0.481979 3.001393 -0.631769
0.479183 2.985983 -0.632793
0.474371 2.972029 -0.641268
0.475280 2.971542 -0.637388
0.470086 2.957976 -0.645213
0.470737 2.957556 -0.641415
0.472582 2.957170 -0.637842
0.476152 2.956810 -0.634490
0.477475 2.971106 -0.633775
0.481119 2.970742 -0.630624
0.481463 2.985480 -0.629038
0.485703 3.000344 -0.623893
0.485443 2.985105 -0.625938
0.489705 3.000011 -0.620770
0.490668 2.984837 -0.623695
0.494435 2.999671 -0.618169
0.496679 2.984704 -0.622193
0.486104 2.970485 -0.628220
0.492082 2.970358 -0.626797
0.481250 2.956532 -0.632021
0.487091 2.956384 -0.630447
0.493541 2.956290 -0.629757
0.500061 2.956275 -0.629742
0.498473 2.970313 -0.626034
0.505098 2.970336 -0.625905
0.503098 2.984656 -0.621291
0.507303 2.999418 -0.615838
0.509826 2.984738 -0.621157
0.514368 2.999434 -0.615703
0.516776 2.984935 -0.621897
0.521746 2.999574 -0.616222
0.523532 2.985153 -0.623210
0.511829 2.970445 -0.626458
0.518481 2.970601 -0.627667
0.506761 2.956287 -0.630292
0.513388 2.956340 -0.631535
0.519830 2.956431 -0.633508
0.525374 2.956578 -0.636431
0.524971 2.970799 -0.629645
0.530786 2.971013 -0.632519
0.530032 2.985437 -0.625437
0.535249 3.000257 -0.620739
0.536374 2.985703 -0.628051
0.541781 3.000575 -0.623432
0.542178 2.985943 -0.631241
0.547911 3.000873 -0.626525
0.547358 2.986143 -0.634833
0.536227 2.971195 -0.635769
0.541379 2.971380 -0.639228
0.530665 2.956727 -0.639686
0.535620 2.956901 -0.643206
0.546134 2.971606 -0.642977
0.552329 2.986341 -0.638577
0.558788 3.001296 -0.633780
0.557065 2.986542 -0.642427
0.563699 3.001506 -0.637610
0.561486 2.986738 -0.646410
0.568262 3.001725 -0.641582
0.575078 3.016981 -0.636498
0.572467 3.001948 -0.645677
0.579346 3.017234 -0.640583
0.585877 3.032555 -0.635374
0.583273 3.017493 -0.644847
0.589807 3.032893 -0.639536
0.586794 3.017750 -0.649174
0.593379 3.033270 -0.643759
0.589716 3.018096 -0.653682
0.591102 3.018529 -0.658683
0.595864 3.033701 -0.648292
0.597236 3.034196 -0.653182
0.602437 3.048670 -0.642793
0.599945 3.048209 -0.638252
0.608947 3.062511 -0.637061
0.603862 3.049180 -0.647549
0.604375 3.049729 -0.652371
0.610513 3.062990 -0.641756
0.616196 3.076558 -0.635170
0.611027 3.063512 -0.646600
0.616574 3.077081 -0.640092
0.610888 3.064021 -0.651437
0.615982 3.077687 -0.644989
0.609372 3.064627 -0.656271
0.604192 3.050290 -0.657160
0.602975 3.050837 -0.661912
0.597148 3.035250 -0.663064
0.597737 3.034708 -0.658145
0.596202 3.035779 -0.667797
0.590423 3.019465 -0.668721
0.589241 3.019994 -0.673798
0.583566 3.003345 -0.673686
0.591399 3.018985 -0.663782
0.583835 3.002991 -0.668800
0.583726 3.002723 -0.663812
0.576071 2.987710 -0.673128
0.575651 2.988033 -0.677809
0.568957 2.973546 -0.676820
0.581875 3.003807 -0.678478
0.577923 3.004256 -0.682083
0.586066 3.020576 -0.678648
0.571511 3.004629 -0.683915
0.564757 3.004910 -0.684414
0.579400 3.020916 -0.679500
0.586451 3.036663 -0.673838
0.572292 3.021164 -0.679879
0.579641 3.036907 -0.674953
0.565321 3.021380 -0.679873
0.558383 3.021492 -0.679003
0.558042 3.005205 -0.684536
0.572555 3.037014 -0.674766
0.565588 3.037008 -0.673554
0.579903 3.051774 -0.668403
0.586802 3.051687 -0.668201
0.586679 3.066064 -0.662578
0.573015 3.051775 -0.667264
0.579879 3.066156 -0.661437
0.566365 3.051717 -0.665390
0.573238 3.066251 -0.659552
0.560023 3.051617 -0.663162
0.559128 3.036883 -0.671558
0.552899 3.036718 -0.669034
0.552040 3.021492 -0.677237
0.545710 3.021419 -0.674708
0.539671 3.021312 -0.671893
0.533668 3.021197 -0.668927
0.546790 3.036569 -0.666264
0.540821 3.036398 -0.663219
0.553769 3.051493 -0.660496
0.560660 3.066106 -0.654263
0.547890 3.051302 -0.657295
0.554720 3.065946 -0.651087
0.541975 3.051116 -0.653988
0.548827 3.065798 -0.647779
0.535970 3.050935 -0.650625
0.534863 3.036228 -0.660015
0.528878 3.036067 -0.656694
0.527665 3.021075 -0.665819
0.521876 3.020918 -0.662448
0.516042 3.020759 -0.658991
0.510251 3.020576 -0.655420
0.522828 3.035908 -0.653280
0.516805 3.035747 -0.649723
0.529930 3.050752 -0.647172
0.536906 3.065486 -0.640886
0.523891 3.050552 -0.643570
0.530881 3.065319 -0.637339
0.517919 3.050365 -0.639848
0.525062 3.065156 -0.633656
0.512188 3.050182 -0.636020
0.510857 3.035567 -0.645985
0.505074 3.035346 -0.642071
0.504681 3.020347 -0.651638
0.498982 3.019939 -0.647784
0.494050 3.019405 -0.643839
0.490764 3.018863 -0.639587
0.500375 3.035088 -0.638046
0.496717 3.034766 -0.633829
0.507321 3.049936 -0.632084
0.514202 3.064810 -0.626036
0.503449 3.049664 -0.628066
0.510617 3.064570 -0.621981
0.500732 3.049436 -0.623899
0.508018 3.064330 -0.617889
0.499261 3.049111 -0.619702
0.494362 3.034391 -0.629574
0.492590 3.034057 -0.625314
0.488647 3.018355 -0.635210
0.487354 3.017879 -0.630863
0.487128 3.017385 -0.626601
0.488326 3.016899 -0.622374
0.492792 3.033654 -0.621003
0.493670 3.033231 -0.616789
0.499083 3.048774 -0.615428
0.506139 3.063663 -0.609500
0.499695 3.048392 -0.611230
0.506798 3.063294 -0.605385
0.501962 3.048005 -0.607261
0.508723 3.062898 -0.601440
0.505574 3.047660 -0.603936
0.495690 3.032794 -0.612789
0.498400 3.032386 -0.609127
0.489928 3.016402 -0.618306
0.492388 3.015959 -0.614398
0.498140 3.015699 -0.612375
0.505261 3.015558 -0.611867
0.504706 3.032105 -0.607562
0.511672 3.031851 -0.606826
0.511749 3.047350 -0.602440
0.518961 3.062110 -0.596714
0.518410 3.047111 -0.601532
0.525437 3.061772 -0.595627
0.525239 3.046848 -0.601361
0.532218 3.061483 -0.595221
0.532232 3.046682 -0.601551
0.518762 3.031712 -0.606712
0.525962 3.031604 -0.606775
0.512516 3.015481 -0.611535
0.519740 3.015436 -0.611461
0.526967 3.015456 -0.612207
0.534109 3.015553 -0.613766
0.533182 3.031525 -0.607736
0.540317 3.031418 -0.609034
0.539316 3.046562 -0.602578
0.545929 3.061041 -0.596420
0.546422 3.046439 -0.603883
0.552901 3.060881 -0.597894
0.553356 3.046321 -0.605758
0.559801 3.060753 -0.599842
0.559969 3.046270 -0.608337
0.547233 3.031330 -0.611138
0.553825 3.031341 -0.613997
0.540981 3.015717 -0.616098
0.547592 3.015893 -0.618893
0.553942 3.016079 -0.621948
0.559844 3.016282 -0.625254
0.560111 3.031420 -0.616966
0.566108 3.031558 -0.620186
0.566186 3.046297 -0.611405
0.572654 3.060634 -0.605364
0.572172 3.046381 -0.614685
0.578530 3.060650 -0.608720
0.577892 3.046560 -0.618231
0.584171 3.060752 -0.612186
0.583115 3.046795 -0.621940
0.571589 3.031753 -0.623787
0.576750 3.031985 -0.627499
0.565209 3.016505 -0.628900
0.570287 3.016738 -0.632658
0.581620 3.032255 -0.631295
0.587965 3.047091 -0.625802
0.594322 3.061183 -0.619755
0.592372 3.047425 -0.629830
0.598773 3.061449 -0.623872
0.596384 3.047789 -0.633996
0.602838 3.061753 -0.628152
0.608921 3.075474 -0.621230
0.606349 3.062096 -0.632526
0.612270 3.075760 -0.625713
0.617976 3.090003 -0.617652
0.614833 3.076119 -0.630323
0.620088 3.090431 -0.622395
0.625794 3.105037 -0.613388
0.621315 3.090931 -0.627287
0.627187 3.105606 -0.618232
0.621866 3.091517 -0.632144
0.627553 3.106260 -0.623098
0.621109 3.092198 -0.636921
0.619617 3.092972 -0.641597
0.626863 3.106984 -0.627906
0.633178 3.121667 -0.617920
0.625201 3.107779 -0.632484
0.631051 3.122509 -0.622394
0.621754 3.108486 -0.635995
0.616884 3.109118 -0.637284
0.616809 3.093827 -0.645754
0.628088 3.123421 -0.626540
0.623019 3.124223 -0.628141
0.633266 3.138286 -0.614043
0.637247 3.137319 -0.610871
0.638828 3.152896 -0.600452
0.628393 3.139374 -0.616594
0.633382 3.153760 -0.601851
0.622380 3.140030 -0.617253
0.627747 3.154474 -0.602226
0.616223 3.140527 -0.616464
0.616843 3.124781 -0.628569
0.610706 3.125271 -0.628049
0.611112 3.109671 -0.638140
0.605080 3.110077 -0.637754
0.605536 3.094868 -0.647839
0.599131 3.095168 -0.647325
0.611730 3.094446 -0.647659
0.599748 3.080044 -0.656003
0.606442 3.079651 -0.655806
0.592968 3.080390 -0.655650
0.593618 3.065887 -0.662678
0.600251 3.065619 -0.662005
0.606185 3.065225 -0.660278
0.593343 3.051522 -0.667286
0.598949 3.051223 -0.665135
0.591713 3.036179 -0.671351
0.612373 3.079217 -0.654517
0.614694 3.078358 -0.649701
0.586269 3.080660 -0.654651
0.592693 3.095415 -0.646107
0.579784 3.080761 -0.652716
0.573559 3.080706 -0.650085
0.586418 3.095570 -0.644195
0.580196 3.095670 -0.641996
0.592723 3.110698 -0.635225
0.598882 3.110444 -0.636919
0.598287 3.126085 -0.625615
0.586510 3.110912 -0.633247
0.592133 3.126354 -0.623519
0.580277 3.111067 -0.630937
0.586173 3.126516 -0.620884
0.574266 3.111119 -0.628105
0.574172 3.095696 -0.639371
0.568180 3.095691 -0.636530
0.567560 3.080655 -0.647182
0.561529 3.080623 -0.644210
0.555545 3.080569 -0.641074
0.549630 3.080488 -0.637730
0.562174 3.095651 -0.633515
0.556148 3.095588 -0.630368
0.568296 3.111122 -0.625089
0.573946 3.126772 -0.615313
0.562188 3.111118 -0.622071
0.567641 3.126871 -0.612393
0.556096 3.111076 -0.618932
0.561945 3.126842 -0.609018
0.550047 3.110992 -0.615639
0.550059 3.095506 -0.627150
0.543993 3.095389 -0.623838
0.543645 3.080398 -0.634323
0.537631 3.080301 -0.630879
0.531835 3.080166 -0.627230
0.526141 3.080055 -0.623522
0.538141 3.095226 -0.620321
0.532470 3.095068 -0.616723
0.544201 3.110835 -0.612203
0.550605 3.126683 -0.602020
0.538816 3.110632 -0.608458
0.545408 3.126500 -0.598269
0.533561 3.110386 -0.604701
0.540603 3.126253 -0.594338
0.529364 3.109987 -0.600688
0.527215 3.094906 -0.612989
0.523562 3.094645 -0.608774
0.520736 3.079974 -0.619811
0.517439 3.079731 -0.615558
0.515230 3.079319 -0.611394
0.513707 3.078956 -0.607171
0.521557 3.094265 -0.604392
0.520232 3.093782 -0.600094
0.526528 3.109447 -0.596362
0.533422 3.125431 -0.586016
0.525016 3.108844 -0.591919
0.531985 3.124767 -0.581542
0.525192 3.108187 -0.587396
0.531414 3.124044 -0.577023
0.525597 3.107461 -0.582979
0.519893 3.093278 -0.595861
0.520318 3.092762 -0.591657
0.513317 3.078570 -0.602980
0.513976 3.078147 -0.598818
0.515061 3.077713 -0.594833
0.520507 3.077173 -0.592405
0.522327 3.092208 -0.587724
0.527061 3.091605 -0.584749
0.528578 3.106767 -0.579162
0.536035 3.122162 -0.569056
0.533212 3.106033 -0.576009
0.540407 3.121246 -0.565953
0.539029 3.105372 -0.573719
0.545949 3.120398 -0.563737
0.545651 3.104807 -0.572825
0.532671 3.091023 -0.582384
0.538913 3.090519 -0.580873
0.526295 3.076691 -0.590334
0.532531 3.076246 -0.589108
0.539149 3.075897 -0.588597
0.545856 3.075565 -0.588733
0.545575 3.090089 -0.580547
0.552387 3.089701 -0.580910
0.552278 3.104317 -0.572327
0.558844 3.119022 -0.561786
0.558918 3.103933 -0.572666
0.565584 3.118478 -0.562101
0.565687 3.103586 -0.573334
0.572270 3.117988 -0.562940
0.572311 3.103354 -0.574859
0.559096 3.089402 -0.581960
0.565728 3.089196 -0.583667
0.552611 3.075294 -0.589635
0.559407 3.075084 -0.591151
0.566172 3.074939 -0.593255
0.572788 3.074827 -0.595589
0.572360 3.089078 -0.585897
0.578865 3.088961 -0.588363
0.578872 3.103221 -0.577129
0.585257 3.117443 -0.566650
0.585211 3.103134 -0.579723
0.591351 3.117396 -0.569284
0.591175 3.103142 -0.582590
0.597108 3.117443 -0.572251
0.596990 3.103212 -0.585611
0.585220 3.088895 -0.591092
0.591127 3.088934 -0.594210
0.579171 3.074783 -0.598514
0.585056 3.074802 -0.601823
0.590596 3.074852 -0.605222
0.595870 3.074938 -0.608854
0.596587 3.089023 -0.597639
0.601736 3.089132 -0.601240
0.602362 3.103339 -0.588967
0.607997 3.117648 -0.578712
0.607371 3.103509 -0.592565
0.612958 3.117822 -0.582279
0.612115 3.103688 -0.596247
0.617671 3.118022 -0.585968
0.616435 3.103901 -0.600136
0.606497 3.089277 -0.605012
0.610782 3.089464 -0.609051
0.600638 3.075078 -0.612797
0.604966 3.075258 -0.616948
0.614681 3.089700 -0.613203
0.620243 3.104174 -0.604290
0.625984 3.118568 -0.593921
0.623566 3.104536 -0.608644
0.629289 3.118962 -0.598332
0.634940 3.133068 -0.586489
0.631927 3.119454 -0.603010
0.637947 3.133606 -0.591080
0.633978 3.120005 -0.607884
0.639909 3.134326 -0.596081
0.634391 3.120768 -0.613016
0.640621 3.135224 -0.601352
0.644946 3.149425 -0.587792
0.639842 3.136266 -0.606419
0.644691 3.150577 -0.592745
0.648849 3.163588 -0.577760
0.642955 3.151766 -0.597340
0.647119 3.164933 -0.582109
0.650416 3.176154 -0.566209
0.643744 3.166225 -0.585607
0.646980 3.177454 -0.569240
0.638742 3.167332 -0.587544
0.642501 3.178504 -0.570873
0.633005 3.168099 -0.588057
0.627071 3.168664 -0.587623
0.637433 3.179354 -0.571604
0.631934 3.180008 -0.571383
0.641968 3.189600 -0.556785
0.647249 3.188669 -0.556087
0.646581 3.198404 -0.541766
0.636548 3.190271 -0.556552
0.641277 3.199080 -0.541399
0.630940 3.190807 -0.555778
0.625353 3.191125 -0.554241
0.626277 3.180523 -0.570580
0.635895 3.199517 -0.540334
0.630563 3.199749 -0.538682
0.641843 3.207297 -0.523821
0.647094 3.206779 -0.524959
0.649311 3.214753 -0.506597
0.636689 3.207625 -0.522271
0.644084 3.215042 -0.504660
0.631368 3.207892 -0.520461
0.626058 3.207790 -0.517774
0.625265 3.199851 -0.536639
0.638925 3.215086 -0.502472
0.633510 3.215126 -0.500010
0.646714 3.222399 -0.484729
0.641760 3.222329 -0.482151
0.655016 3.229466 -0.468009
0.652050 3.222152 -0.486820
0.660134 3.229178 -0.470320
0.657361 3.221860 -0.488837
0.665084 3.228804 -0.472467
0.662458 3.221168 -0.489890
0.654515 3.214161 -0.507932
0.669959 3.228219 -0.474236
0.667416 3.220220 -0.490385
0.659707 3.213495 -0.508948
0.674704 3.227336 -0.475052
0.671774 3.218960 -0.489933
0.664397 3.212137 -0.508331
0.679150 3.226376 -0.475383
0.674836 3.217320 -0.488193
0.668395 3.210486 -0.506560
0.683006 3.224956 -0.474488
0.677873 3.215613 -0.485994
0.671033 3.208599 -0.503616
0.685952 3.223111 -0.472511
0.679607 3.213792 -0.483023
0.672781 3.206653 -0.500165
0.688013 3.221179 -0.469904
0.680559 3.211915 -0.479777
0.673821 3.204739 -0.496384
0.689321 3.219173 -0.466867
0.680935 3.210044 -0.476210
0.673736 3.202905 -0.492266
0.689384 3.217222 -0.463167
0.680055 3.208287 -0.472265
0.672990 3.201161 -0.487922
0.688588 3.215347 -0.459212
0.678573 3.206614 -0.468249
0.671756 3.199500 -0.483566
0.686457 3.213769 -0.455033
0.676652 3.205033 -0.464160
0.673792 3.203687 -0.460048
0.669682 3.198020 -0.479202
0.683969 3.212308 -0.450830
0.690503 3.220269 -0.439014
0.680998 3.210989 -0.446619
0.686940 3.218968 -0.434632
0.677212 3.209929 -0.442381
0.683051 3.217900 -0.430241
0.672734 3.209266 -0.438399
0.670078 3.202659 -0.456072
0.665872 3.201870 -0.452203
0.662991 3.195791 -0.470776
0.658681 3.195083 -0.466901
0.666883 3.196733 -0.474885
0.656361 3.189342 -0.485824
0.660381 3.190226 -0.489963
0.650727 3.182649 -0.500860
0.652064 3.188578 -0.481803
0.646277 3.181885 -0.496757
0.647281 3.188086 -0.478047
0.641372 3.181360 -0.492913
0.642156 3.187822 -0.474578
0.654027 3.194563 -0.463241
0.661072 3.201388 -0.448518
0.648808 3.194368 -0.459980
0.656177 3.201116 -0.445167
0.643410 3.194338 -0.456921
0.650639 3.201237 -0.442203
0.637756 3.194611 -0.454313
0.636592 3.187849 -0.471510
0.630862 3.188133 -0.468963
0.630659 3.180943 -0.485946
0.636138 3.181041 -0.489273
0.624841 3.173581 -0.500947
0.624867 3.181127 -0.483107
0.618957 3.181551 -0.480913
0.619068 3.173575 -0.497940
0.613352 3.165279 -0.513234
0.613104 3.173813 -0.495451
0.606734 3.174396 -0.493692
0.607201 3.165520 -0.510681
0.600880 3.165896 -0.508567
0.601914 3.155611 -0.526090
0.607881 3.155442 -0.528701
0.596341 3.144105 -0.540971
0.595564 3.155974 -0.524080
0.590221 3.144354 -0.538635
0.589094 3.156508 -0.522610
0.582328 3.157261 -0.521876
0.594424 3.166447 -0.507121
0.583670 3.144816 -0.536910
0.576922 3.145465 -0.535928
0.578124 3.132054 -0.550753
0.584682 3.131664 -0.552482
0.571506 3.132520 -0.549386
0.564711 3.133228 -0.549193
0.570120 3.146294 -0.535757
0.558105 3.134104 -0.549882
0.551931 3.135080 -0.551398
0.563398 3.147293 -0.536366
0.552265 3.119636 -0.562338
0.569375 3.159265 -0.522861
0.557012 3.148397 -0.537749
0.563378 3.160484 -0.524507
0.551612 3.149658 -0.540314
0.546475 3.136143 -0.553775
0.557901 3.161824 -0.526906
0.548116 3.150955 -0.543976
0.542873 3.137233 -0.557242
0.553678 3.163232 -0.530307
0.546070 3.152123 -0.548055
0.540633 3.138249 -0.561119
0.551486 3.164565 -0.534430
0.545148 3.153193 -0.552286
0.539396 3.139222 -0.565345
0.550500 3.165779 -0.538695
0.545289 3.154189 -0.556584
0.539844 3.140046 -0.569597
0.551320 3.166750 -0.542889
0.547113 3.154952 -0.560897
0.541324 3.140745 -0.573907
0.553011 3.167579 -0.547012
0.549333 3.155642 -0.565180
0.543589 3.141329 -0.578219
0.556067 3.168151 -0.550906
0.552553 3.156139 -0.569371
0.546887 3.141777 -0.582446
0.560140 3.168471 -0.554621
0.557413 3.156368 -0.573213
0.551129 3.142081 -0.586538
0.564495 3.168828 -0.558200
0.562674 3.156489 -0.576771
0.556196 3.142239 -0.590360
0.569471 3.169117 -0.561750
0.568178 3.156569 -0.580326
0.561848 3.142282 -0.593808
0.574969 3.169296 -0.565138
0.573800 3.156628 -0.583713
0.567713 3.142266 -0.597158
0.580455 3.169464 -0.568362
0.579701 3.156619 -0.586877
0.573706 3.142162 -0.600421
0.586073 3.169596 -0.571530
0.585572 3.156575 -0.589812
0.579678 3.142054 -0.603550
0.591731 3.169664 -0.574602
0.591399 3.156537 -0.592742
0.585721 3.141945 -0.606371
0.597433 3.169692 -0.577551
0.597233 3.156469 -0.595547
0.591799 3.141792 -0.608996
0.603282 3.169630 -0.580212
0.603345 3.156262 -0.597897
0.597925 3.141569 -0.611358
0.608988 3.169596 -0.582839
0.609472 3.155970 -0.599814
0.603938 3.141335 -0.613652
0.614851 3.169470 -0.585097
0.615688 3.155559 -0.601169
0.610060 3.140987 -0.615362
0.620987 3.169147 -0.586732
0.621777 3.155106 -0.602204
0.604531 3.125718 -0.627124
0.620527 3.180867 -0.569074
0.614710 3.181114 -0.567097
0.608945 3.181230 -0.564716
0.619774 3.191280 -0.552200
0.614308 3.191239 -0.549663
0.619934 3.199848 -0.534303
0.608885 3.191082 -0.546752
0.603298 3.190928 -0.543806
0.603322 3.181187 -0.561957
0.614463 3.199703 -0.531526
0.609015 3.199522 -0.528573
0.620757 3.207667 -0.515008
0.628299 3.215089 -0.497302
0.615474 3.207512 -0.512051
0.622905 3.215038 -0.494453
0.610097 3.207372 -0.509139
0.604620 3.207278 -0.506273
0.603478 3.199374 -0.525550
0.617552 3.214954 -0.491608
0.612110 3.214896 -0.488904
0.625344 3.222417 -0.474324
0.633342 3.229705 -0.457537
0.619882 3.222399 -0.471628
0.630886 3.222406 -0.477023
0.639115 3.229571 -0.460087
0.636446 3.222368 -0.479667
0.644613 3.229579 -0.462763
0.651542 3.237350 -0.447234
0.649804 3.229649 -0.465478
0.657010 3.237255 -0.450091
0.661072 3.245228 -0.436601
0.662148 3.237161 -0.452990
0.667154 3.236875 -0.455596
0.666289 3.245129 -0.439438
0.667017 3.252896 -0.427392
0.671234 3.245065 -0.442143
0.676079 3.245043 -0.444731
0.671819 3.252997 -0.429685
0.669560 3.258850 -0.419086
0.676300 3.253260 -0.431790
0.680785 3.253161 -0.433116
0.673474 3.259041 -0.420092
0.669889 3.262627 -0.411519
0.677486 3.258811 -0.420505
0.673204 3.262150 -0.411347
0.680892 3.258382 -0.420287
0.676296 3.261651 -0.411006
0.684031 3.257806 -0.419601
0.685256 3.252986 -0.434305
0.685470 3.244015 -0.447761
0.689076 3.252406 -0.434443
0.689584 3.243313 -0.448329
0.692843 3.251448 -0.433822
0.686402 3.256870 -0.418335
0.695246 3.249808 -0.431827
0.693333 3.242224 -0.448077
0.696221 3.240707 -0.446663
0.689351 3.232877 -0.461470
0.685504 3.234253 -0.461878
0.692833 3.231351 -0.460641
0.694884 3.229348 -0.458107
0.695755 3.227324 -0.454847
0.697872 3.238856 -0.444132
0.696822 3.248255 -0.429349
0.698549 3.236873 -0.440973
0.697170 3.246551 -0.426122
0.698491 3.234939 -0.437543
0.696768 3.245000 -0.422780
0.695600 3.225340 -0.451122
0.697642 3.232984 -0.433939
0.696218 3.243205 -0.420211
0.694909 3.223445 -0.447280
0.696160 3.231051 -0.430359
0.693233 3.221713 -0.443236
0.693540 3.229380 -0.426436
0.695478 3.238893 -0.420087
0.692075 3.240066 -0.413531
0.688441 3.249415 -0.407460
0.689102 3.238955 -0.410325
0.685269 3.249076 -0.403942
0.685605 3.237655 -0.407446
0.689954 3.228004 -0.422309
0.686040 3.227013 -0.418410
0.681400 3.226283 -0.414402
0.676093 3.225976 -0.410590
0.681399 3.236614 -0.404309
0.678549 3.217202 -0.425935
0.673209 3.217012 -0.421880
0.667982 3.208885 -0.434577
0.667532 3.217088 -0.418212
0.670281 3.226050 -0.407152
0.662593 3.208803 -0.431118
0.661425 3.217529 -0.415094
0.655199 3.218125 -0.412415
0.664239 3.226452 -0.404109
0.656975 3.208946 -0.427988
0.651014 3.209418 -0.425416
0.644773 3.210170 -0.423315
0.644845 3.201615 -0.439661
0.638790 3.202288 -0.437630
0.631794 3.195211 -0.452316
0.632494 3.203226 -0.436131
0.626124 3.204444 -0.435368
0.638420 3.211177 -0.421841
0.625680 3.196069 -0.450880
0.619375 3.197213 -0.450129
0.619077 3.189357 -0.465322
0.625022 3.188602 -0.466763
0.612820 3.182308 -0.479520
0.612826 3.190337 -0.464413
0.606514 3.191586 -0.464279
0.606554 3.183240 -0.478602
0.600340 3.175220 -0.492641
0.600324 3.184318 -0.478278
0.594117 3.185643 -0.478908
0.593997 3.176274 -0.492411
0.587729 3.167271 -0.506468
0.587727 3.177486 -0.492814
0.581605 3.178873 -0.493969
0.581328 3.168388 -0.506995
0.575336 3.169734 -0.508436
0.575721 3.158132 -0.521847
0.569941 3.171167 -0.510677
0.576102 3.180439 -0.496255
0.565390 3.172621 -0.513476
0.571219 3.182012 -0.499051
0.562137 3.174056 -0.516891
0.567751 3.183579 -0.502611
0.559879 3.175370 -0.520543
0.565576 3.185015 -0.506482
0.558796 3.176589 -0.524471
0.565158 3.186214 -0.510432
0.559287 3.177615 -0.528397
0.565941 3.187226 -0.514271
0.560974 3.178424 -0.532210
0.567375 3.188118 -0.518012
0.563650 3.179048 -0.535928
0.569815 3.188800 -0.521567
0.567237 3.179510 -0.539521
0.572913 3.189379 -0.525095
0.571137 3.179905 -0.543035
0.576247 3.180130 -0.546371
0.577136 3.189699 -0.528289
0.582813 3.198635 -0.513343
0.582022 3.189928 -0.531344
0.586985 3.190179 -0.534472
0.587564 3.198850 -0.516277
0.594336 3.206940 -0.500408
0.592684 3.199061 -0.519444
0.597944 3.199232 -0.522501
0.599330 3.207137 -0.503355
0.606534 3.214929 -0.486435
0.614447 3.222393 -0.469112
0.601748 3.214661 -0.483628
0.597282 3.214329 -0.480928
0.609047 3.222372 -0.466732
0.604754 3.221977 -0.464058
0.616468 3.230080 -0.450383
0.622388 3.238547 -0.435267
0.621851 3.230037 -0.452672
0.611641 3.229964 -0.448149
0.607303 3.229640 -0.445900
0.616830 3.238519 -0.433446
0.611960 3.238178 -0.431689
0.618780 3.247682 -0.421057
0.621876 3.256045 -0.410166
0.614049 3.247492 -0.419247
0.625074 3.247198 -0.422484
0.631542 3.246702 -0.424079
0.627218 3.255476 -0.411829
0.630644 3.260552 -0.404540
0.633033 3.254850 -0.413547
0.635045 3.260226 -0.406513
0.639029 3.254189 -0.415444
0.640297 3.259655 -0.408284
0.644996 3.253615 -0.417574
0.637768 3.246321 -0.426074
0.634373 3.237855 -0.439494
0.644001 3.245911 -0.428315
0.640309 3.237546 -0.441898
0.649968 3.245559 -0.430859
0.650903 3.253238 -0.419959
0.646039 3.237382 -0.444489
0.655635 3.245322 -0.433658
0.656545 3.252959 -0.422439
0.655670 3.258627 -0.414213
0.661876 3.252909 -0.424976
0.660667 3.258607 -0.416255
0.658909 3.261975 -0.409581
0.665183 3.258710 -0.417831
0.662627 3.262367 -0.410426
0.660892 3.263968 -0.405303
0.666335 3.262547 -0.411052
0.663812 3.264183 -0.405555
0.666571 3.264134 -0.405486
0.661120 3.264952 -0.401289
0.658345 3.265105 -0.398779
0.658857 3.264915 -0.401366
0.663313 3.265005 -0.401250
0.660483 3.265125 -0.398477
0.665846 3.264532 -0.400914
0.662764 3.264781 -0.398115
0.669340 3.263760 -0.405142
0.668340 3.263706 -0.400427
0.672015 3.263189 -0.404715
0.670682 3.262762 -0.399743
0.665048 3.264051 -0.397469
0.662076 3.264485 -0.395254
0.667229 3.263134 -0.396636
0.664088 3.263519 -0.394205
0.669275 3.261790 -0.395738
0.665916 3.262106 -0.393147
0.671005 3.259971 -0.394919
0.672483 3.261164 -0.399094
0.676506 3.260830 -0.403227
0.674347 3.259573 -0.398332
0.677849 3.259066 -0.402327
0.675469 3.257159 -0.397712
0.679071 3.257082 -0.401363
0.672000 3.257367 -0.394422
0.676660 3.254437 -0.397214
0.672773 3.254221 -0.394226
0.680310 3.254727 -0.400645
0.677597 3.251040 -0.397292
0.673766 3.250367 -0.394507
0.681176 3.251650 -0.400401
0.679210 3.245471 -0.398819
0.682658 3.246934 -0.401347
0.675108 3.244587 -0.396342
0.670430 3.244248 -0.393661
0.676442 3.236064 -0.401345
0.671116 3.235868 -0.398348
0.665524 3.236047 -0.395534
0.665349 3.244480 -0.391159
0.659541 3.236717 -0.393114
0.659770 3.245167 -0.389026
0.657951 3.227191 -0.401540
0.653426 3.237852 -0.391184
0.651732 3.228197 -0.399467
0.647166 3.239282 -0.389814
0.654076 3.246169 -0.387429
0.654397 3.251987 -0.386318
0.648256 3.247573 -0.386308
0.648939 3.253241 -0.385363
0.642422 3.249192 -0.385657
0.643569 3.254690 -0.384907
0.636727 3.251007 -0.385487
0.640832 3.240890 -0.389088
0.638646 3.231037 -0.396881
0.634630 3.242774 -0.388875
0.632104 3.232753 -0.396910
0.628648 3.244854 -0.389172
0.625540 3.234518 -0.397403
0.622824 3.247108 -0.389909
0.631314 3.252990 -0.386043
0.633015 3.258138 -0.385601
0.626326 3.255242 -0.386991
0.627814 3.259968 -0.386884
0.621545 3.257698 -0.388462
0.617212 3.249496 -0.391119
0.622745 3.261614 -0.388561
0.616955 3.259916 -0.390343
0.618750 3.262054 -0.391237
0.612385 3.251979 -0.392752
0.613161 3.261340 -0.392972
0.607771 3.256312 -0.399842
0.608688 3.254693 -0.394286
0.615505 3.261707 -0.394222
0.608636 3.256484 -0.402338
0.617581 3.261395 -0.396740
0.620966 3.263135 -0.392882
0.619776 3.261332 -0.398907
0.610637 3.256541 -0.404521
0.606599 3.246778 -0.415651
0.613508 3.256614 -0.406605
0.610121 3.247215 -0.417455
0.617277 3.256446 -0.408411
0.622807 3.261133 -0.400934
0.626794 3.263555 -0.396442
0.626328 3.260859 -0.402773
0.629958 3.263642 -0.398245
0.633493 3.264948 -0.395036
0.633524 3.263534 -0.400033
0.636831 3.264814 -0.396723
0.637497 3.263216 -0.401765
0.640297 3.264642 -0.398335
0.641714 3.262896 -0.403524
0.643781 3.264497 -0.399886
0.646000 3.262495 -0.405114
0.647165 3.264335 -0.401312
0.650225 3.262189 -0.406707
0.645232 3.259275 -0.410232
0.650608 3.258902 -0.412330
0.650547 3.264068 -0.402573
0.654866 3.261932 -0.408347
0.653961 3.263844 -0.403762
0.657446 3.263810 -0.404919
0.654209 3.264939 -0.400446
0.656703 3.264751 -0.401822
0.651795 3.264954 -0.399525
0.656249 3.265084 -0.399266
0.653871 3.265141 -0.398017
0.655960 3.265189 -0.397256
0.651452 3.265194 -0.396986
0.648950 3.265234 -0.395808
0.653647 3.265274 -0.396011
0.649194 3.264997 -0.398558
0.646384 3.265063 -0.397421
0.643413 3.265105 -0.395933
0.640387 3.265127 -0.394305
0.646399 3.265143 -0.394350
0.643682 3.265098 -0.392708
0.649042 3.265037 -0.393271
0.646811 3.264736 -0.391617
0.651297 3.264705 -0.392696
0.651358 3.265179 -0.394730
0.653551 3.264892 -0.394141
0.655754 3.265076 -0.395419
0.655640 3.264606 -0.393641
0.653352 3.264429 -0.392284
0.657586 3.264232 -0.392893
0.657773 3.264795 -0.394859
0.660037 3.264976 -0.396153
0.659753 3.264338 -0.393966
0.661320 3.263425 -0.392712
0.658628 3.263236 -0.391565
0.662495 3.262088 -0.391417
0.658987 3.262168 -0.390098
0.663392 3.260588 -0.390065
0.659186 3.261002 -0.388568
0.667437 3.260330 -0.392073
0.664213 3.258255 -0.389033
0.668101 3.257693 -0.391593
0.659528 3.258893 -0.387257
0.664501 3.254740 -0.389072
0.659620 3.255400 -0.387289
0.668855 3.254358 -0.391437
0.664893 3.250348 -0.389551
0.669523 3.250109 -0.391899
0.659729 3.251016 -0.387657
0.654596 3.256299 -0.386004
0.654706 3.259612 -0.386425
0.649491 3.257348 -0.385434
0.649969 3.260532 -0.385885
0.644461 3.258614 -0.385127
0.645318 3.261654 -0.385812
0.639329 3.260146 -0.385312
0.640478 3.262971 -0.386146
0.638199 3.256380 -0.384989
0.634194 3.261752 -0.386088
0.628617 3.263515 -0.387604
0.635511 3.264454 -0.386793
0.638214 3.264863 -0.388938
0.630601 3.265646 -0.388773
0.626510 3.265267 -0.391392
0.633964 3.265507 -0.390671
0.630271 3.264874 -0.393144
0.637264 3.265215 -0.392650
0.641079 3.264826 -0.391021
0.644657 3.264364 -0.389883
0.642432 3.264178 -0.387885
0.647931 3.263859 -0.389212
0.651335 3.263216 -0.388901
0.646649 3.263228 -0.387384
0.649352 3.264365 -0.390979
0.652012 3.263957 -0.390536
0.655260 3.263421 -0.390561
0.655041 3.262640 -0.389095
0.655409 3.264125 -0.391893
0.654835 3.261779 -0.387528
0.650659 3.262432 -0.387217
0.623515 3.264550 -0.389850
0.623922 3.263459 -0.394533
0.658011 3.265211 -0.396739
0.607731 3.237790 -0.429911
0.603914 3.237358 -0.428097
0.603380 3.229233 -0.443796
0.600218 3.228639 -0.441672
0.597437 3.221028 -0.459187
0.600794 3.221556 -0.461573
0.589067 3.213789 -0.475979
0.594664 3.220366 -0.456701
0.592510 3.219572 -0.454116
0.586583 3.213010 -0.473026
0.585016 3.212025 -0.469997
0.579694 3.205217 -0.488632
0.578187 3.204251 -0.485251
0.573153 3.197006 -0.503724
0.581781 3.206015 -0.491828
0.575248 3.197810 -0.507218
0.585133 3.206534 -0.494828
0.593010 3.214046 -0.478426
0.589651 3.206711 -0.497479
0.578294 3.198399 -0.510526
0.571780 3.196036 -0.500128
0.571464 3.194901 -0.496428
0.572205 3.193589 -0.492670
0.577496 3.203127 -0.481847
0.584380 3.210835 -0.466699
0.578236 3.201728 -0.478240
0.585029 3.209411 -0.463431
0.580160 3.200115 -0.474623
0.583821 3.198327 -0.471315
0.573995 3.192142 -0.488866
0.586828 3.207737 -0.459916
0.590716 3.205801 -0.456832
0.594178 3.215273 -0.445050
0.600052 3.223160 -0.430543
0.597922 3.213274 -0.442067
0.592116 3.217032 -0.448235
0.597922 3.224995 -0.433644
0.591765 3.218390 -0.451215
0.597199 3.226545 -0.436576
0.600943 3.235147 -0.423260
0.597664 3.227852 -0.439409
0.601606 3.236511 -0.425920
0.603808 3.246287 -0.413623
0.603142 3.245485 -0.410653
0.603790 3.244163 -0.407575
0.605347 3.242324 -0.404625
0.601896 3.233434 -0.420290
0.607121 3.253899 -0.398101
0.603716 3.231642 -0.417367
0.606144 3.229793 -0.414422
0.610484 3.227804 -0.411353
0.607236 3.240528 -0.402102
0.603588 3.221192 -0.427547
0.608002 3.219183 -0.424907
0.613284 3.217305 -0.422911
0.602514 3.211317 -0.439532
0.607718 3.209400 -0.437424
0.595101 3.203856 -0.453990
0.588547 3.196520 -0.468594
0.600745 3.201913 -0.451904
0.606785 3.200113 -0.450477
0.594135 3.194678 -0.466225
0.600240 3.193055 -0.464943
0.588035 3.187109 -0.480154
0.582395 3.188735 -0.482282
0.577626 3.190466 -0.485378
0.613101 3.198512 -0.449852
0.613565 3.207550 -0.435983
0.619379 3.215482 -0.421589
0.619812 3.205923 -0.435357
0.625672 3.213825 -0.420934
0.629495 3.222800 -0.407946
0.632021 3.212427 -0.421075
0.635961 3.221422 -0.407978
0.642475 3.220150 -0.408844
0.645242 3.229546 -0.397890
0.648872 3.219050 -0.410391
0.622962 3.224298 -0.408539
0.616293 3.226017 -0.409730
0.619165 3.236372 -0.398486
0.612570 3.238290 -0.400108
0.684294 3.252191 -0.403927
0.688533 3.251729 -0.408572
0.683832 3.254701 -0.404877
0.683202 3.256660 -0.406224
0.689193 3.253447 -0.411404
0.689097 3.254733 -0.414114
0.688211 3.255942 -0.416515
0.682153 3.258433 -0.407470
0.680850 3.260227 -0.408899
0.678733 3.260989 -0.410043
0.674373 3.262101 -0.404036
0.628544 3.238152 -0.437177
0.627648 3.229821 -0.454989
0.592393 3.190434 -0.537625
0.586822 3.180667 -0.552765
0.597804 3.190701 -0.540718
0.592342 3.180861 -0.555868
0.597793 3.181054 -0.558977
0.581380 3.180393 -0.549537
0.681137 3.235231 -0.461246
0.676691 3.236022 -0.460046
0.680777 3.244607 -0.446455
0.671983 3.236557 -0.458115
0.580123 3.126644 -0.618106
0.556241 3.126775 -0.605533
0.536450 3.125933 -0.590274
0.532602 3.123145 -0.572675
0.590976 3.131380 -0.554529
0.578786 3.117680 -0.564684
0.597059 3.131238 -0.557153
0.602402 3.143990 -0.543750
0.602838 3.131223 -0.560163
0.608330 3.131309 -0.563403
0.608179 3.143992 -0.546697
0.613708 3.144104 -0.549836
0.613632 3.155463 -0.531723
0.619245 3.165248 -0.516188
0.619085 3.155615 -0.535031
0.624808 3.165400 -0.519529
0.624356 3.155871 -0.538584
0.629399 3.156195 -0.542242
0.618882 3.144342 -0.553310
0.630074 3.165696 -0.523171
0.634999 3.166136 -0.527074
0.635864 3.173976 -0.507785
0.630495 3.173690 -0.504216
0.640708 3.174530 -0.511827
0.645244 3.175217 -0.515994
0.649500 3.176052 -0.520167
0.639540 3.166733 -0.531229
0.643853 3.167423 -0.535539
0.634006 3.156687 -0.546200
0.638366 3.157263 -0.550260
0.628482 3.144947 -0.560693
0.632782 3.145373 -0.564683
0.623824 3.144610 -0.556914
0.623088 3.131896 -0.574069
0.627401 3.132220 -0.577997
0.618404 3.131659 -0.570383
0.613481 3.131467 -0.566822
0.631368 3.132605 -0.582115
0.622075 3.118257 -0.589793
0.636822 3.145871 -0.568803
0.642412 3.157911 -0.554398
0.640531 3.146459 -0.573094
0.645794 3.158779 -0.558908
0.643186 3.147267 -0.577775
0.647735 3.159876 -0.563598
0.644482 3.148297 -0.582746
0.648970 3.161055 -0.568347
0.653008 3.171928 -0.553385
0.649548 3.162281 -0.573169
0.653280 3.173305 -0.557961
0.657992 3.182755 -0.542678
0.652394 3.174728 -0.562277
0.656931 3.184369 -0.546998
0.661786 3.192622 -0.531830
0.654908 3.185936 -0.550949
0.659325 3.194336 -0.535592
0.651830 3.187399 -0.554225
0.655957 3.195952 -0.538723
0.651588 3.197241 -0.540671
0.661726 3.203489 -0.523406
0.664584 3.201684 -0.520246
0.657183 3.204950 -0.524860
0.652382 3.206047 -0.525534
0.666878 3.199810 -0.516655
0.667902 3.197949 -0.512585
0.663182 3.190883 -0.527609
0.668175 3.196124 -0.508232
0.667405 3.194408 -0.503650
0.663054 3.189228 -0.523213
0.662158 3.187628 -0.518598
0.658199 3.181206 -0.538203
0.656907 3.179809 -0.533637
0.652251 3.170578 -0.548768
0.655196 3.178412 -0.528995
0.660478 3.186136 -0.513983
0.652878 3.177139 -0.524512
0.650161 3.169346 -0.544310
0.647523 3.168234 -0.539837
0.658083 3.184737 -0.509392
0.663569 3.191388 -0.494472
0.654754 3.183547 -0.504935
0.665782 3.192825 -0.499075
0.602717 3.117517 -0.575375
0.589496 3.060947 -0.615811
0.566401 3.060666 -0.602271
0.539066 3.061228 -0.595329
0.512954 3.062499 -0.598609
0.506787 3.064008 -0.613724
0.519316 3.064991 -0.629841
0.542878 3.065650 -0.644375
0.566775 3.066247 -0.657188
0.553590 3.001082 -0.630062
0.528608 2.999923 -0.618235
0.500560 2.999473 -0.616626
0.483335 3.000852 -0.627681
0.485215 3.003125 -0.644787
0.504285 3.005268 -0.660502
0.526707 3.005906 -0.674209
0.551324 2.990193 -0.688056
0.551494 3.005395 -0.683489
0.557628 2.989769 -0.687684
0.519795 2.942253 -0.640373
0.494992 2.942111 -0.632794
0.471379 2.942973 -0.638606
0.465242 2.944375 -0.652665
0.474296 2.945698 -0.668804
0.491670 2.946488 -0.683665
0.513279 2.931517 -0.699585
0.513316 2.946618 -0.695343
0.519187 2.931333 -0.700042
0.538179 2.915783 -0.695801
0.489892 2.884018 -0.646231
0.464488 2.884112 -0.644619
0.445767 2.884754 -0.653234
0.444650 2.886005 -0.670594
0.456359 2.886918 -0.687706
0.477209 2.871855 -0.704913
0.477239 2.887219 -0.701163
0.483433 2.871617 -0.706455
0.507789 2.870697 -0.707787
0.508178 2.855603 -0.708723
0.522141 2.854753 -0.696990
0.461420 2.824783 -0.656115
0.437691 2.825717 -0.658855
0.425661 2.827024 -0.672121
0.429104 2.827802 -0.689169
0.446629 2.812729 -0.708622
0.446039 2.827506 -0.703545
0.452215 2.812463 -0.711347
0.476784 2.811327 -0.717254
0.478407 2.795666 -0.719752
0.500580 2.794056 -0.714254
0.507040 2.793198 -0.699107
0.426171 2.766705 -0.666285
0.406940 2.769334 -0.674450
0.403190 2.770619 -0.690091
0.414315 2.753628 -0.710536
0.415648 2.769917 -0.705325
0.419375 2.753100 -0.713376
0.441465 2.750679 -0.723237
0.439741 2.733338 -0.726955
0.465480 2.729795 -0.727525
0.482799 2.727226 -0.716269
0.481044 2.727047 -0.699071
0.386108 2.705920 -0.678434
0.373143 2.708434 -0.691612
0.375459 2.690499 -0.713966
0.379698 2.707430 -0.707971
0.379532 2.689775 -0.717109
0.395158 2.669197 -0.731910
0.418083 2.664761 -0.737714
0.441588 2.660150 -0.733783
0.448910 2.658518 -0.718076
0.437199 2.660733 -0.703055
0.347094 2.645048 -0.691579
0.337953 2.629921 -0.711207
0.344019 2.645388 -0.707053
0.340318 2.629107 -0.715232
0.356547 2.624697 -0.729061
0.353762 2.607078 -0.732903
0.375969 2.601647 -0.743457
0.400939 2.596605 -0.745962
0.416149 2.592865 -0.735290
0.412467 2.593007 -0.718601
0.395506 2.596648 -0.703354
0.304285 2.566800 -0.700266
0.311258 2.585121 -0.697082
0.305593 2.565863 -0.704788
0.317817 2.560332 -0.721238
0.316092 2.540136 -0.722739
0.336260 2.532837 -0.736187
0.361800 2.525541 -0.744636
0.386069 2.519792 -0.740487
0.390052 2.519822 -0.723526
0.376196 2.524485 -0.706617
0.356772 2.531221 -0.692767
0.288518 2.466874 -0.705130
0.308046 2.458064 -0.718803
0.331435 2.448939 -0.729402
0.357081 2.441423 -0.732196
0.372092 2.439637 -0.720196
0.364359 2.444683 -0.702231
0.345969 2.452423 -0.687463
0.324644 2.460990 -0.675673
0.267753 2.437601 -0.688461
0.202170 2.165240 -0.737698
0.195775 2.168032 -0.736595
0.189157 2.171218 -0.734634
0.154165 2.103558 -0.702161
0.152622 2.099608 -0.706412
3 0 1 5
3 0 5 3
3 0 2 46
3 0 46 1
3 0 3 6
3 0 6 2
3 4 3 5
3 4 5 60
3 7 6 3
3 7 3 4
3 10 2 6
3 10 6 8
3 11 8 6
3 11 6 7
3 11 13 9
3 11 9 8
3 39 10 8
3 39 8 9
3 12 14 13
3 12 13 11
3 12 11 7
3 12 7 65
3 18 15 13
3 18 13 14
3 15 17 9
3 15 9 13
3 15 16 35
3 15 35 17
3 18 20 16
3 18 16 15
3 19 21 20
3 19 20 18
3 19 18 14
3 19 14 132
3 23 22 20
3 23 20 21
3 22 24 16
3 22 16 20
3 23 26 25
3 23 25 22
3 22 25 28
3 22 28 24
3 135 27 25
3 135 25 26
3 27 29 28
3 27 28 25
3 29 31 30
3 29 30 28
3 24 28 30
3 24 30 33
3 31 623 32
3 31 32 30
3 33 30 32
3 33 32 34
3 24 33 35
3 24 35 16
3 33 34 36
3 33 36 35
3 17 35 36
3 17 36 38
3 34 629 37
3 34 37 36
3 37 40 38
3 37 38 36
3 17 38 39
3 17 39 9
3 39 38 40
3 39 40 42
3 37 394 41
3 37 41 40
3 41 43 42
3 41 42 40
3 44 42 43
3 44 43 45
3 39 42 44
3 39 44 10
3 44 45 47
3 44 47 46
3 44 46 2
3 44 2 10
3 47 49 1
3 47 1 46
3 47 45 388
3 47 388 48
3 47 48 51
3 47 51 49
3 49 51 53
3 49 53 50
3 49 50 5
3 49 5 1
3 52 54 53
3 52 53 51
3 372 52 51
3 372 51 48
3 54 56 55
3 54 55 53
3 50 53 55
3 50 55 58
3 56 385 57
3 56 57 55
3 58 55 57
3 58 57 59
3 50 58 60
3 50 60 5
3 58 59 61
3 58 61 60
3 4 60 61
3 4 61 63
3 63 61 62
3 63 62 64
3 59 81 62
3 59 62 61
3 7 4 63
3 7 63 65
3 63 64 66
3 63 66 65
3 67 12 65
3 67 65 66
3 68 66 64
3 68 64 70
3 68 69 67
3 68 67 66
3 68 71 73
3 68 73 69
3 74 71 68
3 74 68 70
3 75 72 71
3 75 71 74
3 125 73 71
3 125 71 72
3 75 74 76
3 75 76 78
3 74 70 79
3 74 79 76
3 77 88 78
3 77 78 76
3 80 77 76
3 80 76 79
3 81 80 79
3 81 79 62
3 64 62 79
3 64 79 70
3 80 82 85
3 80 85 77
3 81 83 82
3 81 82 80
3 383 84 82
3 383 82 83
3 84 86 85
3 84 85 82
3 87 85 86
3 87 86 89
3 77 85 87
3 77 87 88
3 87 90 91
3 87 91 88
3 87 89 92
3 87 92 90
3 96 91 90
3 96 90 93
3 92 94 93
3 92 93 90
3 95 93 94
3 95 94 182
3 98 96 93
3 98 93 95
3 97 129 91
3 97 91 96
3 98 100 97
3 98 97 96
3 98 99 102
3 98 102 100
3 183 99 98
3 183 98 95
3 97 100 101
3 97 101 130
3 104 101 100
3 104 100 102
3 103 102 99
3 103 99 185
3 103 106 104
3 103 104 102
3 104 105 131
3 104 131 101
3 104 106 108
3 104 108 105
3 103 153 107
3 103 107 106
3 109 108 106
3 109 106 107
3 109 111 110
3 109 110 108
3 110 113 105
3 110 105 108
3 110 111 137
3 110 137 112
3 110 112 115
3 110 115 113
3 131 105 113
3 131 113 114
3 115 117 114
3 115 114 113
3 115 112 133
3 115 133 116
3 115 116 118
3 115 118 117
3 119 117 118
3 119 118 121
3 120 114 117
3 120 117 119
3 120 119 122
3 120 122 124
3 119 121 123
3 119 123 122
3 69 73 122
3 69 122 123
3 125 124 122
3 125 122 73
3 120 124 126
3 120 126 127
3 125 72 126
3 125 126 124
3 128 130 127
3 128 127 126
3 128 126 72
3 128 72 75
3 128 75 78
3 128 78 129
3 97 130 128
3 97 128 129
3 131 127 130
3 131 130 101
3 129 78 88
3 129 88 91
3 131 114 120
3 131 120 127
3 69 123 132
3 69 132 67
3 121 19 132
3 121 132 123
3 67 132 14
3 67 14 12
3 121 118 21
3 121 21 19
3 116 23 21
3 116 21 118
3 116 133 26
3 116 26 23
3 134 135 26
3 134 26 133
3 134 133 112
3 134 112 137
3 134 136 454
3 134 454 135
3 138 136 134
3 138 134 137
3 138 137 111
3 138 111 139
3 143 140 138
3 143 138 139
3 138 140 141
3 138 141 136
3 459 141 140
3 459 140 142
3 143 144 142
3 143 142 140
3 143 139 147
3 143 147 145
3 146 144 143
3 146 143 145
3 146 145 148
3 146 148 150
3 151 148 145
3 151 145 147
3 149 476 150
3 149 150 148
3 149 148 151
3 149 151 152
3 151 147 109
3 151 109 107
3 151 107 153
3 151 153 152
3 149 152 154
3 149 154 156
3 155 154 152
3 155 152 153
3 157 154 155
3 157 155 159
3 157 160 156
3 157 156 154
3 157 159 186
3 157 186 158
3 162 160 157
3 162 157 158
3 162 164 161
3 162 161 160
3 480 156 160
3 480 160 161
3 162 158 188
3 162 188 163
3 166 164 162
3 166 162 163
3 167 165 164
3 167 164 166
3 479 161 164
3 479 164 165
3 167 166 168
3 167 168 170
3 166 163 171
3 166 171 168
3 168 169 513
3 168 513 170
3 173 169 168
3 173 168 171
3 163 188 172
3 163 172 171
3 173 171 172
3 173 172 175
3 173 174 509
3 173 509 169
3 176 174 173
3 176 173 175
3 176 175 177
3 176 177 179
3 175 172 178
3 175 178 177
3 177 178 181
3 177 181 180
3 177 180 182
3 177 182 179
3 180 181 184
3 180 184 183
3 180 183 95
3 180 95 182
3 183 184 185
3 183 185 99
3 184 181 186
3 184 186 159
3 155 185 184
3 155 184 159
3 155 153 103
3 155 103 185
3 189 179 182
3 189 182 94
3 187 186 181
3 187 181 178
3 187 188 158
3 187 158 186
3 187 178 172
3 187 172 188
3 189 190 176
3 189 176 179
3 189 191 193
3 189 193 190
3 92 191 189
3 92 189 94
3 92 89 192
3 92 192 191
3 195 193 191
3 195 191 192
3 194 510 190
3 194 190 193
3 195 196 194
3 195 194 193
3 198 197 195
3 198 195 192
3 195 197 200
3 195 200 196
3 198 384 199
3 198 199 197
3 201 200 197
3 201 197 199
3 201 205 202
3 201 202 200
3 202 203 196
3 202 196 200
3 202 204 505
3 202 505 203
3 202 205 207
3 202 207 204
3 201 382 206
3 201 206 205
3 208 207 205
3 208 205 206
3 209 211 204
3 209 204 207
3 208 210 209
3 208 209 207
3 209 210 213
3 209 213 212
3 209 212 215
3 209 215 211
3 283 214 212
3 283 212 213
3 215 212 214
3 215 214 217
3 215 217 219
3 215 219 216
3 215 216 504
3 215 504 211
3 284 218 217
3 284 217 214
3 219 217 218
3 219 218 221
3 219 221 222
3 219 222 220
3 219 220 501
3 219 501 216
3 222 221 223
3 222 223 226
3 224 223 221
3 224 221 218
3 224 630 225
3 224 225 223
3 225 227 226
3 225 226 223
3 228 226 227
3 228 227 231
3 222 226 228
3 222 228 229
3 228 230 498
3 228 498 229
3 228 231 233
3 228 233 230
3 633 232 231
3 633 231 227
3 232 234 233
3 232 233 231
3 234 236 235
3 234 235 233
3 230 233 235
3 230 235 237
3 238 235 236
3 238 236 241
3 237 235 238
3 237 238 240
3 238 241 243
3 238 243 239
3 238 239 517
3 238 517 240
3 640 242 241
3 640 241 236
3 245 243 241
3 245 241 242
3 239 243 244
3 239 244 520
3 245 246 244
3 245 244 243
3 245 242 248
3 245 248 246
3 247 246 248
3 247 248 250
3 522 244 246
3 522 246 247
3 640 249 248
3 640 248 242
3 249 251 250
3 249 250 248
3 251 255 252
3 251 252 250
3 252 253 247
3 252 247 250
3 252 254 528
3 252 528 253
3 252 255 257
3 252 257 254
3 251 641 256
3 251 256 255
3 259 257 255
3 259 255 256
3 258 599 254
3 258 254 257
3 259 260 258
3 259 258 257
3 259 261 264
3 259 264 260
3 263 261 259
3 263 259 256
3 262 261 263
3 262 263 632
3 262 266 264
3 262 264 261
3 265 591 260
3 265 260 264
3 265 264 266
3 265 266 267
3 268 271 267
3 268 267 266
3 268 266 262
3 268 262 270
3 268 270 630
3 268 630 269
3 273 271 268
3 273 268 269
3 273 275 272
3 273 272 271
3 594 267 271
3 594 271 272
3 273 269 285
3 273 285 274
3 277 275 273
3 277 273 274
3 277 278 276
3 277 276 275
3 320 272 275
3 320 275 276
3 280 278 277
3 280 277 279
3 277 274 282
3 277 282 279
3 280 279 281
3 280 281 287
3 283 281 279
3 283 279 282
3 284 282 274
3 284 274 285
3 283 282 284
3 283 284 214
3 284 285 224
3 284 224 218
3 224 285 269
3 224 269 630
3 286 281 283
3 286 283 213
3 286 289 287
3 286 287 281
3 288 315 280
3 288 280 287
3 288 287 289
3 288 289 290
3 292 290 289
3 292 289 291
3 291 289 286
3 291 286 294
3 292 291 293
3 292 293 303
3 291 294 295
3 291 295 293
3 208 295 294
3 208 294 210
3 286 213 210
3 286 210 294
3 298 293 295
3 298 295 296
3 296 295 208
3 296 208 206
3 296 206 382
3 296 382 297
3 298 296 297
3 298 297 299
3 300 298 299
3 300 299 301
3 300 303 293
3 300 293 298
3 302 300 301
3 302 301 386
3 302 304 303
3 302 303 300
3 306 292 303
3 306 303 304
3 359 305 304
3 359 304 302
3 307 306 304
3 307 304 305
3 307 309 308
3 307 308 306
3 306 308 290
3 306 290 292
3 311 310 308
3 311 308 309
3 310 288 290
3 310 290 308
3 311 313 312
3 311 312 310
3 310 312 315
3 310 315 288
3 347 314 312
3 347 312 313
3 314 316 315
3 314 315 312
3 280 315 316
3 280 316 278
3 314 318 317
3 314 317 316
3 317 276 278
3 317 278 316
3 317 318 322
3 317 322 319
3 317 319 320
3 317 320 276
3 320 319 321
3 320 321 596
3 321 319 322
3 321 322 324
3 323 325 324
3 323 324 322
3 323 322 318
3 323 318 349
3 326 324 325
3 326 325 329
3 327 321 324
3 327 324 326
3 327 326 328
3 327 328 597
3 326 329 331
3 326 331 328
3 330 329 325
3 330 325 348
3 330 332 331
3 330 331 329
3 336 333 331
3 336 331 332
3 328 331 333
3 328 333 334
3 334 333 335
3 334 335 579
3 336 337 335
3 336 335 333
3 339 337 336
3 339 336 338
3 336 332 341
3 336 341 338
3 339 338 340
3 339 340 431
3 341 342 340
3 341 340 338
3 341 343 344
3 341 344 342
3 341 332 330
3 341 330 343
3 345 346 344
3 345 344 343
3 330 348 345
3 330 345 343
3 345 347 313
3 345 313 346
3 345 348 349
3 345 349 347
3 323 349 348
3 323 348 325
3 347 349 318
3 347 318 314
3 351 344 346
3 351 346 350
3 350 346 313
3 350 313 311
3 351 350 352
3 351 352 353
3 350 311 309
3 350 309 352
3 355 353 352
3 355 352 354
3 354 352 309
3 354 309 307
3 355 354 356
3 355 356 357
3 354 307 305
3 354 305 356
3 360 357 356
3 360 356 358
3 358 356 305
3 358 305 359
3 358 359 362
3 358 362 361
3 360 358 361
3 360 361 363
3 364 361 362
3 364 362 365
3 366 363 361
3 366 361 364
3 364 365 370
3 364 370 367
3 366 364 367
3 366 367 368
3 369 387 368
3 369 368 367
3 369 367 370
3 369 370 372
3 372 370 371
3 372 371 52
3 365 373 371
3 365 371 370
3 369 372 48
3 369 48 388
3 373 375 374
3 373 374 371
3 52 371 374
3 52 374 54
3 375 378 376
3 375 376 374
3 54 374 376
3 54 376 56
3 56 376 377
3 56 377 385
3 378 379 377
3 378 377 376
3 378 299 297
3 378 297 379
3 375 301 299
3 375 299 378
3 379 380 381
3 379 381 377
3 379 297 382
3 379 382 380
3 380 199 384
3 380 384 381
3 380 382 201
3 380 201 199
3 383 381 384
3 383 384 84
3 385 377 381
3 385 381 383
3 84 384 198
3 84 198 86
3 385 383 83
3 385 83 57
3 373 386 301
3 373 301 375
3 365 362 386
3 365 386 373
3 359 302 386
3 359 386 362
3 389 387 369
3 389 369 388
3 389 388 45
3 389 45 43
3 41 390 389
3 41 389 43
3 389 390 391
3 389 391 387
3 41 394 392
3 41 392 390
3 390 392 395
3 390 395 391
3 393 396 395
3 393 395 392
3 393 392 394
3 393 394 628
3 399 397 395
3 399 395 396
3 397 398 391
3 397 391 395
3 397 400 402
3 397 402 398
3 399 403 400
3 399 400 397
3 402 400 401
3 402 401 427
3 405 401 400
3 405 400 403
3 626 404 403
3 626 403 399
3 407 405 403
3 407 403 404
3 405 406 426
3 405 426 401
3 407 409 406
3 407 406 405
3 408 410 409
3 408 409 407
3 408 407 404
3 408 404 622
3 412 411 409
3 412 409 410
3 411 413 406
3 411 406 409
3 412 415 414
3 412 414 411
3 411 414 417
3 411 417 413
3 437 416 414
3 437 414 415
3 417 414 416
3 417 416 418
3 417 418 420
3 417 420 419
3 417 419 421
3 417 421 413
3 419 420 423
3 419 423 422
3 419 422 424
3 419 424 421
3 422 423 353
3 422 353 355
3 422 355 357
3 422 357 424
3 426 421 424
3 426 424 425
3 425 424 357
3 425 357 360
3 426 425 427
3 426 427 401
3 425 360 363
3 425 363 427
3 402 427 363
3 402 363 366
3 426 406 413
3 426 413 421
3 429 428 423
3 429 423 420
3 428 351 353
3 428 353 423
3 428 342 344
3 428 344 351
3 429 340 342
3 429 342 428
3 430 431 340
3 430 340 429
3 430 429 420
3 430 420 418
3 432 433 431
3 432 431 430
3 432 430 418
3 432 418 416
3 432 434 436
3 432 436 433
3 437 434 432
3 437 432 416
3 438 435 434
3 438 434 437
3 568 436 434
3 568 434 435
3 438 437 415
3 438 415 440
3 439 565 435
3 439 435 438
3 439 438 440
3 439 440 441
3 443 441 440
3 443 440 442
3 442 440 415
3 442 415 412
3 443 442 444
3 443 444 445
3 442 412 410
3 442 410 444
3 448 445 444
3 448 444 446
3 446 444 410
3 446 410 408
3 446 408 622
3 446 622 447
3 448 446 447
3 448 447 450
3 449 560 445
3 449 445 448
3 449 448 450
3 449 450 451
3 29 451 450
3 29 450 31
3 31 450 447
3 31 447 623
3 27 452 451
3 27 451 29
3 453 449 451
3 453 451 452
3 455 453 452
3 455 452 454
3 135 454 452
3 135 452 27
3 455 454 136
3 455 136 141
3 455 456 458
3 455 458 453
3 459 456 455
3 459 455 141
3 459 460 457
3 459 457 456
3 558 458 456
3 558 456 457
3 462 460 459
3 462 459 142
3 462 464 461
3 462 461 460
3 555 457 460
3 555 460 461
3 462 142 144
3 462 144 463
3 466 464 462
3 466 462 463
3 466 467 465
3 466 465 464
3 552 461 464
3 552 464 465
3 469 467 466
3 469 466 468
3 466 463 470
3 466 470 468
3 469 468 471
3 469 471 472
3 474 471 468
3 474 468 470
3 612 472 471
3 612 471 473
3 473 471 474
3 473 474 475
3 474 150 476
3 474 476 475
3 474 470 146
3 474 146 150
3 473 475 477
3 473 477 478
3 480 477 475
3 480 475 476
3 481 478 477
3 481 477 479
3 479 477 480
3 479 480 161
3 480 476 149
3 480 149 156
3 481 479 165
3 481 165 483
3 482 621 478
3 482 478 481
3 482 481 483
3 482 483 484
3 485 483 165
3 485 165 167
3 485 487 484
3 485 484 483
3 486 489 487
3 486 487 485
3 486 485 167
3 486 167 170
3 484 487 488
3 484 488 619
3 491 488 487
3 491 487 489
3 514 490 489
3 514 489 486
3 493 491 489
3 493 489 490
3 491 492 515
3 491 515 488
3 493 494 492
3 493 492 491
3 495 493 490
3 495 490 496
3 495 498 494
3 495 494 493
3 499 497 495
3 499 495 496
3 495 497 229
3 495 229 498
3 230 237 494
3 230 494 498
3 222 229 497
3 222 497 220
3 499 501 220
3 499 220 497
3 499 496 512
3 499 512 500
3 502 501 499
3 502 499 500
3 502 504 216
3 502 216 501
3 502 500 506
3 502 506 503
3 505 504 502
3 505 502 503
3 505 204 211
3 505 211 504
3 505 503 507
3 505 507 203
3 508 507 503
3 508 503 506
3 194 507 508
3 194 508 510
3 194 196 203
3 194 203 507
3 508 506 511
3 508 511 509
3 508 509 174
3 508 174 510
3 176 190 510
3 176 510 174
3 511 513 169
3 511 169 509
3 511 506 500
3 511 500 512
3 511 512 514
3 511 514 513
3 514 486 170
3 514 170 513
3 514 512 496
3 514 496 490
3 237 240 492
3 237 492 494
3 515 492 240
3 515 240 517
3 515 517 518
3 515 518 516
3 515 516 619
3 515 619 488
3 239 520 518
3 239 518 517
3 516 518 519
3 516 519 617
3 520 521 519
3 520 519 518
3 520 244 522
3 520 522 521
3 522 526 523
3 522 523 521
3 523 524 519
3 523 519 521
3 523 525 615
3 523 615 524
3 523 526 527
3 523 527 525
3 522 247 253
3 522 253 526
3 528 527 526
3 528 526 253
3 529 531 525
3 529 525 527
3 528 530 529
3 528 529 527
3 529 530 534
3 529 534 532
3 529 532 533
3 529 533 531
3 532 535 538
3 532 538 533
3 532 534 536
3 532 536 535
3 583 537 535
3 583 535 536
3 537 539 538
3 537 538 535
3 533 538 540
3 533 540 541
3 539 542 540
3 539 540 538
3 541 540 543
3 541 543 544
3 542 545 543
3 542 543 540
3 544 543 546
3 544 546 547
3 545 548 546
3 545 546 543
3 547 546 467
3 547 467 469
3 548 465 467
3 548 467 546
3 545 550 549
3 545 549 548
3 548 549 552
3 548 552 465
3 605 551 549
3 605 549 550
3 552 549 551
3 552 551 553
3 552 553 555
3 552 555 461
3 563 554 553
3 563 553 551
3 555 553 554
3 555 554 556
3 555 556 558
3 555 558 457
3 561 557 556
3 561 556 554
3 558 556 557
3 558 557 559
3 558 559 560
3 558 560 458
3 559 443 445
3 559 445 560
3 559 557 441
3 559 441 443
3 453 458 560
3 453 560 449
3 561 439 441
3 561 441 557
3 561 562 565
3 561 565 439
3 563 562 561
3 563 561 554
3 563 606 564
3 563 564 562
3 566 565 562
3 566 562 564
3 566 568 435
3 566 435 565
3 566 567 569
3 566 569 568
3 607 567 566
3 607 566 564
3 568 569 571
3 568 571 436
3 567 607 570
3 567 570 569
3 571 569 570
3 571 570 572
3 571 572 574
3 571 574 573
3 571 573 433
3 571 433 436
3 339 431 433
3 339 433 573
3 574 337 339
3 574 339 573
3 574 572 576
3 574 576 575
3 574 575 335
3 574 335 337
3 579 335 575
3 579 575 577
3 577 575 576
3 577 576 578
3 577 578 582
3 577 582 580
3 579 577 580
3 579 580 581
3 584 581 580
3 584 580 583
3 583 580 582
3 583 582 537
3 586 584 583
3 586 583 536
3 584 585 598
3 584 598 581
3 586 588 585
3 586 585 584
3 587 590 588
3 587 588 586
3 587 586 536
3 587 536 534
3 589 592 585
3 589 585 588
3 589 588 590
3 589 590 591
3 258 260 591
3 258 591 590
3 258 590 587
3 258 587 599
3 265 593 589
3 265 589 591
3 589 593 595
3 589 595 592
3 594 593 265
3 594 265 267
3 594 596 595
3 594 595 593
3 327 595 596
3 327 596 321
3 592 595 327
3 592 327 597
3 320 596 594
3 320 594 272
3 592 597 598
3 592 598 585
3 328 334 598
3 328 598 597
3 334 579 581
3 334 581 598
3 587 534 530
3 587 530 599
3 528 254 599
3 528 599 530
3 578 601 600
3 578 600 582
3 537 582 600
3 537 600 539
3 601 603 602
3 601 602 600
3 539 600 602
3 539 602 542
3 603 605 550
3 603 550 602
3 542 602 550
3 542 550 545
3 601 608 604
3 601 604 603
3 603 604 606
3 603 606 605
3 605 606 563
3 605 563 551
3 607 564 606
3 607 606 604
3 607 604 608
3 607 608 570
3 576 572 570
3 576 570 608
3 578 576 608
3 578 608 601
3 544 547 609
3 544 609 610
3 547 469 472
3 547 472 609
3 614 610 609
3 614 609 611
3 611 609 472
3 611 472 612
3 611 612 621
3 611 621 613
3 614 611 613
3 614 613 616
3 615 620 610
3 615 610 614
3 615 614 616
3 615 616 524
3 617 616 613
3 617 613 618
3 617 519 524
3 617 524 616
3 516 617 618
3 516 618 619
3 618 613 621
3 618 621 482
3 618 482 484
3 618 484 619
3 615 525 531
3 615 531 620
3 533 541 620
3 533 620 531
3 541 544 610
3 541 610 620
3 612 473 478
3 612 478 621
3 146 470 463
3 146 463 144
3 623 447 622
3 623 622 624
3 623 624 625
3 623 625 32
3 624 626 627
3 624 627 625
3 624 622 404
3 624 404 626
3 626 399 396
3 626 396 627
3 629 625 627
3 629 627 628
3 393 628 627
3 393 627 396
3 629 628 394
3 629 394 37
3 34 32 625
3 34 625 629
3 402 366 368
3 402 368 398
3 387 391 398
3 387 398 368
3 225 630 270
3 225 270 631
3 262 632 631
3 262 631 270
3 633 631 632
3 633 632 634
3 225 631 633
3 225 633 227
3 633 634 636
3 633 636 232
3 263 635 634
3 263 634 632
3 637 636 634
3 637 634 635
3 637 639 638
3 637 638 636
3 232 636 638
3 232 638 234
3 234 638 640
3 234 640 236
3 640 638 639
3 640 639 249
3 637 635 641
3 637 641 639
3 249 639 641
3 249 641 251
3 263 256 641
3 263 641 635
3 198 192 89
3 198 89 86
3 109 147 139
3 109 139 111
3 59 57 83
3 59 83 81
3 642 643 646
3 642 646 645
3 642 644 696
3 642 696 643
3 642 645 647
3 642 647 644
3 648 645 646
3 648 646 651
3 650 647 645
3 650 645 648
3 648 651 653
3 648 653 649
3 689 650 648
3 689 648 649
3 651 646 705
3 651 705 652
3 651 652 655
3 651 655 653
3 655 657 654
3 655 654 653
3 679 649 653
3 679 653 654
3 655 656 659
3 655 659 657
3 655 652 707
3 655 707 656
3 659 661 658
3 659 658 657
3 678 654 657
3 678 657 658
3 659 656 725
3 659 725 660
3 659 660 662
3 659 662 661
3 664 663 661
3 664 661 662
3 663 666 658
3 663 658 661
3 664 739 665
3 664 665 663
3 663 665 668
3 663 668 666
3 666 667 678
3 666 678 658
3 666 668 670
3 666 670 667
3 744 669 668
3 744 668 665
3 669 671 670
3 669 670 668
3 671 674 672
3 671 672 670
3 667 670 672
3 667 672 675
3 674 4363 673
3 674 673 672
3 676 675 672
3 676 672 673
3 676 680 677
3 676 677 675
3 667 675 677
3 667 677 678
3 678 677 679
3 678 679 654
3 679 677 680
3 679 680 681
3 676 673 682
3 676 682 680
3 681 680 682
3 681 682 684
3 4363 683 682
3 4363 682 673
3 683 685 684
3 683 684 682
3 685 687 686
3 685 686 684
3 681 684 686
3 681 686 689
3 687 690 688
3 687 688 686
3 689 686 688
3 689 688 650
3 679 681 689
3 679 689 649
3 690 692 691
3 690 691 688
3 650 688 691
3 650 691 647
3 692 694 693
3 692 693 691
3 693 644 647
3 693 647 691
3 695 696 644
3 695 644 693
3 694 697 695
3 694 695 693
3 701 696 695
3 701 695 698
3 697 699 698
3 697 698 695
3 699 781 700
3 699 700 698
3 701 698 700
3 701 700 702
3 703 643 696
3 703 696 701
3 703 701 702
3 703 702 704
3 706 705 703
3 706 703 704
3 703 705 646
3 703 646 643
3 706 707 652
3 706 652 705
3 709 707 706
3 709 706 708
3 706 704 711
3 706 711 708
3 709 708 710
3 709 710 723
3 711 713 710
3 711 710 708
3 711 712 714
3 711 714 713
3 702 712 711
3 702 711 704
3 716 715 713
3 716 713 714
3 710 713 715
3 710 715 718
3 716 792 717
3 716 717 715
3 717 719 718
3 717 718 715
3 719 721 720
3 719 720 718
3 710 718 720
3 710 720 723
3 721 803 722
3 721 722 720
3 723 720 722
3 723 722 724
3 725 709 723
3 725 723 724
3 726 724 722
3 726 722 728
3 725 724 726
3 725 726 660
3 726 728 730
3 726 730 727
3 726 727 662
3 726 662 660
3 803 729 728
3 803 728 722
3 729 731 730
3 729 730 728
3 731 734 732
3 731 732 730
3 732 733 727
3 732 727 730
3 732 735 738
3 732 738 733
3 732 734 736
3 732 736 735
3 822 737 735
3 822 735 736
3 738 735 737
3 738 737 740
3 738 739 664
3 738 664 733
3 738 740 742
3 738 742 739
3 827 741 740
3 827 740 737
3 743 742 740
3 743 740 741
3 743 745 744
3 743 744 742
3 744 665 739
3 744 739 742
3 744 745 747
3 744 747 669
3 743 833 746
3 743 746 745
3 749 747 745
3 749 745 746
3 669 747 748
3 669 748 671
3 749 751 748
3 749 748 747
3 749 750 753
3 749 753 751
3 838 750 749
3 838 749 746
3 751 752 4362
3 751 4362 748
3 751 753 755
3 751 755 752
3 754 756 755
3 754 755 753
3 754 753 750
3 754 750 840
3 756 758 757
3 756 757 755
3 752 755 757
3 752 757 760
3 758 855 759
3 758 759 757
3 760 757 759
3 760 759 762
3 752 760 761
3 752 761 4362
3 760 762 764
3 760 764 761
3 762 759 857
3 762 857 763
3 762 763 765
3 762 765 764
3 4363 761 764
3 4363 764 683
3 683 764 765
3 683 765 685
3 763 767 766
3 763 766 765
3 685 765 766
3 685 766 687
3 687 766 768
3 687 768 690
3 767 769 768
3 767 768 766
3 769 771 770
3 769 770 768
3 690 768 770
3 690 770 692
3 771 773 772
3 771 772 770
3 692 770 772
3 692 772 694
3 773 775 774
3 773 774 772
3 694 772 774
3 694 774 697
3 775 777 776
3 775 776 774
3 697 774 776
3 697 776 699
3 777 779 778
3 777 778 776
3 699 776 778
3 699 778 781
3 779 875 780
3 779 780 778
3 781 778 780
3 781 780 782
3 781 782 783
3 781 783 700
3 782 780 785
3 782 785 784
3 782 784 787
3 782 787 783
3 882 786 784
3 882 784 785
3 787 784 786
3 787 786 788
3 787 788 716
3 787 716 714
3 787 714 712
3 787 712 783
3 790 789 788
3 790 788 786
3 716 788 789
3 716 789 792
3 790 889 791
3 790 791 789
3 791 793 792
3 791 792 789
3 717 792 793
3 717 793 795
3 791 892 794
3 791 794 793
3 794 796 795
3 794 795 793
3 717 795 797
3 717 797 719
3 796 798 797
3 796 797 795
3 798 800 799
3 798 799 797
3 719 797 799
3 719 799 721
3 800 802 801
3 800 801 799
3 721 799 801
3 721 801 803
3 802 806 804
3 802 804 801
3 803 801 804
3 803 804 729
3 729 804 805
3 729 805 731
3 806 807 805
3 806 805 804
3 806 808 811
3 806 811 807
3 802 809 808
3 802 808 806
3 903 810 808
3 903 808 809
3 810 812 811
3 810 811 808
3 807 811 813
3 807 813 816
3 812 814 813
3 812 813 811
3 814 918 815
3 814 815 813
3 816 813 815
3 816 815 818
3 807 816 817
3 807 817 805
3 816 818 820
3 816 820 817
3 818 815 920
3 818 920 819
3 818 819 821
3 818 821 820
3 820 821 822
3 820 822 736
3 820 736 734
3 820 734 817
3 824 823 821
3 824 821 819
3 822 821 823
3 822 823 826
3 824 927 825
3 824 825 823
3 825 828 826
3 825 826 823
3 822 826 827
3 822 827 737
3 827 826 828
3 827 828 830
3 829 831 830
3 829 830 828
3 825 929 829
3 825 829 828
3 832 830 831
3 832 831 834
3 827 830 832
3 827 832 741
3 832 834 836
3 832 836 833
3 832 833 743
3 832 743 741
3 942 835 834
3 942 834 831
3 835 837 836
3 835 836 834
3 837 839 838
3 837 838 836
3 838 746 833
3 838 833 836
3 838 839 840
3 838 840 750
3 844 840 839
3 844 839 841
3 837 842 841
3 837 841 839
3 944 843 841
3 944 841 842
3 843 845 844
3 843 844 841
3 844 845 847
3 844 847 846
3 844 846 754
3 844 754 840
3 849 848 846
3 849 846 847
3 754 846 848
3 754 848 756
3 849 851 850
3 849 850 848
3 756 848 850
3 756 850 758
3 851 853 852
3 851 852 850
3 758 850 852
3 758 852 855
3 853 963 854
3 853 854 852
3 855 852 854
3 855 854 856
3 855 856 857
3 855 857 759
3 856 854 859
3 856 859 858
3 856 858 860
3 856 860 857
3 858 859 863
3 858 863 861
3 858 861 864
3 858 864 860
3 861 863 1035
3 861 1035 862
3 861 862 865
3 861 865 864
3 767 860 864
3 767 864 769
3 769 864 865
3 769 865 771
3 862 867 866
3 862 866 865
3 771 865 866
3 771 866 773
3 773 866 868
3 773 868 775
3 867 869 868
3 867 868 866
3 869 871 870
3 869 870 868
3 775 868 870
3 775 870 777
3 777 870 872
3 777 872 779
3 871 873 872
3 871 872 870
3 873 876 874
3 873 874 872
3 779 872 874
3 779 874 875
3 875 874 877
3 875 877 880
3 876 878 877
3 876 877 874
3 878 1026 879
3 878 879 877
3 880 877 879
3 880 879 881
3 875 880 785
3 875 785 780
3 880 881 882
3 880 882 785
3 881 883 886
3 881 886 882
3 881 879 884
3 881 884 883
3 1023 885 883
3 1023 883 884
3 885 887 886
3 885 886 883
3 882 886 790
3 882 790 786
3 790 886 887
3 790 887 889
3 888 890 889
3 888 889 887
3 885 1020 888
3 885 888 887
3 791 889 890
3 791 890 892
3 888 1016 891
3 888 891 890
3 891 893 892
3 891 892 890
3 794 892 893
3 794 893 895
3 894 896 895
3 894 895 893
3 891 1017 894
3 891 894 893
3 794 895 897
3 794 897 796
3 896 898 897
3 896 897 895
3 898 900 899
3 898 899 897
3 796 897 899
3 796 899 798
3 798 899 901
3 798 901 800
3 900 902 901
3 900 901 899
3 902 903 809
3 902 809 901
3 800 901 809
3 800 809 802
3 900 905 904
3 900 904 902
3 902 904 907
3 902 907 903
3 1044 906 904
3 1044 904 905
3 906 908 907
3 906 907 904
3 908 910 909
3 908 909 907
3 903 907 909
3 903 909 810
3 910 912 911
3 910 911 909
3 810 909 911
3 810 911 812
3 912 914 913
3 912 913 911
3 812 911 913
3 812 913 814
3 914 916 915
3 914 915 913
3 814 913 915
3 814 915 918
3 916 1065 917
3 916 917 915
3 918 915 917
3 918 917 919
3 918 919 920
3 918 920 815
3 919 917 923
3 919 923 921
3 919 921 924
3 919 924 920
3 921 923 1069
3 921 1069 922
3 921 922 925
3 921 925 924
3 924 925 927
3 924 927 824
3 924 824 819
3 924 819 920
3 926 925 922
3 926 922 931
3 926 928 927
3 926 927 925
3 825 927 928
3 825 928 929
3 926 931 930
3 926 930 928
3 933 929 928
3 933 928 930
3 932 930 931
3 932 931 1073
3 933 930 932
3 933 932 935
3 933 935 937
3 933 937 934
3 829 929 933
3 829 933 934
3 1071 936 935
3 1071 935 932
3 936 938 937
3 936 937 935
3 938 940 939
3 938 939 937
3 942 934 937
3 942 937 939
3 940 943 941
3 940 941 939
3 942 939 941
3 942 941 835
3 829 934 942
3 829 942 831
3 943 944 842
3 943 842 941
3 835 941 842
3 835 842 837
3 940 946 945
3 940 945 943
3 943 945 948
3 943 948 944
3 1082 947 945
3 1082 945 946
3 947 949 948
3 947 948 945
3 949 951 950
3 949 950 948
3 944 948 950
3 944 950 843
3 951 953 952
3 951 952 950
3 843 950 952
3 843 952 845
3 954 847 845
3 954 845 952
3 953 955 954
3 953 954 952
3 954 955 957
3 954 957 956
3 954 956 849
3 954 849 847
3 959 958 956
3 959 956 957
3 849 956 958
3 849 958 851
3 959 961 960
3 959 960 958
3 851 958 960
3 851 960 853
3 853 960 962
3 853 962 963
3 961 964 962
3 961 962 960
3 963 962 965
3 963 965 966
3 964 967 965
3 964 965 962
3 966 965 968
3 966 968 969
3 967 970 968
3 967 968 965
3 969 968 971
3 969 971 972
3 970 973 971
3 970 971 968
3 972 971 974
3 972 974 975
3 973 976 974
3 973 974 971
3 975 974 977
3 975 977 978
3 976 979 977
3 976 977 974
3 978 977 980
3 978 980 981
3 979 982 980
3 979 980 977
3 981 980 983
3 981 983 984
3 982 985 983
3 982 983 980
3 984 983 986
3 984 986 987
3 985 988 986
3 985 986 983
3 987 986 989
3 987 989 990
3 988 991 989
3 988 989 986
3 990 989 992
3 990 992 993
3 991 994 992
3 991 992 989
3 993 992 995
3 993 995 996
3 994 997 995
3 994 995 992
3 996 995 998
3 996 998 1001
3 997 999 998
3 997 998 995
3 999 1133 1000
3 999 1000 998
3 1001 998 1000
3 1001 1000 1003
3 996 1001 1002
3 996 1002 1027
3 1001 1003 1004
3 1001 1004 1002
3 1003 1000 1006
3 1003 1006 1005
3 1003 1005 1007
3 1003 1007 1004
3 1005 1006 1010
3 1005 1010 1008
3 1005 1008 1011
3 1005 1011 1007
3 1008 1010 4361
3 1008 4361 1009
3 1008 1009 1013
3 1008 1013 1011
3 1011 1012 1036
3 1011 1036 1007
3 1015 1012 1011
3 1015 1011 1013
3 1009 1037 1014
3 1009 1014 1013
3 1015 1013 1014
3 1015 1014 1017
3 1015 1016 1018
3 1015 1018 1012
3 891 1016 1015
3 891 1015 1017
3 894 1017 1014
3 894 1014 1038
3 888 1020 1018
3 888 1018 1016
3 1019 1036 1012
3 1019 1012 1018
3 1019 1018 1020
3 1019 1020 1021
3 1023 1021 1020
3 1023 1020 885
3 1019 1021 1022
3 1019 1022 1036
3 1024 1022 1021
3 1024 1021 1023
3 1025 1024 1023
3 1025 1023 884
3 1024 1002 1004
3 1024 1004 1022
3 1025 1027 1002
3 1025 1002 1024
3 1026 1028 1027
3 1026 1027 1025
3 1026 1025 884
3 1026 884 879
3 993 996 1027
3 993 1027 1028
3 878 1029 1028
3 878 1028 1026
3 990 993 1028
3 990 1028 1029
3 876 1030 1029
3 876 1029 878
3 987 990 1029
3 987 1029 1030
3 984 987 1030
3 984 1030 1031
3 873 1031 1030
3 873 1030 876
3 871 1032 1031
3 871 1031 873
3 981 984 1031
3 981 1031 1032
3 869 1033 1032
3 869 1032 871
3 978 981 1032
3 978 1032 1033
3 867 1034 1033
3 867 1033 869
3 975 978 1033
3 975 1033 1034
3 972 975 1034
3 972 1034 1035
3 862 1035 1034
3 862 1034 867
3 969 972 1035
3 969 1035 863
3 1007 1036 1022
3 1007 1022 1004
3 1037 1039 1038
3 1037 1038 1014
3 1039 1041 1040
3 1039 1040 1038
3 894 1038 1040
3 894 1040 896
3 1041 1043 1042
3 1041 1042 1040
3 896 1040 1042
3 896 1042 898
3 1043 1044 905
3 1043 905 1042
3 898 1042 905
3 898 905 900
3 1041 1046 1045
3 1041 1045 1043
3 1043 1045 1048
3 1043 1048 1044
3 1149 1047 1045
3 1149 1045 1046
3 1047 1049 1048
3 1047 1048 1045
3 1049 1051 1050
3 1049 1050 1048
3 1044 1048 1050
3 1044 1050 906
3 1051 1053 1052
3 1051 1052 1050
3 906 1050 1052
3 906 1052 908
3 1053 1055 1054
3 1053 1054 1052
3 908 1052 1054
3 908 1054 910
3 1055 1057 1056
3 1055 1056 1054
3 910 1054 1056
3 910 1056 912
3 1057 1059 1058
3 1057 1058 1056
3 912 1056 1058
3 912 1058 914
3 1059 1061 1060
3 1059 1060 1058
3 914 1058 1060
3 914 1060 916
3 1061 1063 1062
3 1061 1062 1060
3 916 1060 1062
3 916 1062 1065
3 1063 1170 1064
3 1063 1064 1062
3 1065 1062 1064
3 1065 1064 1066
3 1065 1066 923
3 1065 923 917
3 1066 1064 1068
3 1066 1068 1067
3 1066 1067 1069
3 1066 1069 923
3 1067 1068 1072
3 1067 1072 1070
3 1067 1070 1073
3 1067 1073 1069
3 1070 1072 1075
3 1070 1075 1071
3 1070 1071 932
3 1070 932 1073
3 1073 931 922
3 1073 922 1069
3 1173 1074 1072
3 1173 1072 1068
3 1074 1076 1075
3 1074 1075 1072
3 1076 1078 1077
3 1076 1077 1075
3 1071 1075 1077
3 1071 1077 936
3 1078 1080 1079
3 1078 1079 1077
3 936 1077 1079
3 936 1079 938
3 1080 1082 946
3 1080 946 1079
3 938 1079 946
3 938 946 940
3 1080 1081 1083
3 1080 1083 1082
3 1078 1179 1081
3 1078 1081 1080
3 1082 1083 1085
3 1082 1085 947
3 1181 1084 1083
3 1181 1083 1081
3 1084 1086 1085
3 1084 1085 1083
3 947 1085 1087
3 947 1087 949
3 1086 1088 1087
3 1086 1087 1085
3 949 1087 1089
3 949 1089 951
3 1088 1090 1089
3 1088 1089 1087
3 951 1089 1091
3 951 1091 953
3 1090 1092 1091
3 1090 1091 1089
3 953 1091 1093
3 953 1093 955
3 1092 1094 1093
3 1092 1093 1091
3 1094 1096 1095
3 1094 1095 1093
3 1095 957 955
3 1095 955 1093
3 1095 1096 1098
3 1095 1098 1097
3 1095 1097 959
3 1095 959 957
3 1100 1099 1097
3 1100 1097 1098
3 959 1097 1099
3 959 1099 961
3 1100 1102 1101
3 1100 1101 1099
3 961 1099 1101
3 961 1101 964
3 1102 1104 1103
3 1102 1103 1101
3 964 1101 1103
3 964 1103 967
3 1104 1106 1105
3 1104 1105 1103
3 967 1103 1105
3 967 1105 970
3 1106 1108 1107
3 1106 1107 1105
3 970 1105 1107
3 970 1107 973
3 1108 1110 1109
3 1108 1109 1107
3 973 1107 1109
3 973 1109 976
3 1110 1112 1111
3 1110 1111 1109
3 976 1109 1111
3 976 1111 979
3 1112 1114 1113
3 1112 1113 1111
3 979 1111 1113
3 979 1113 982
3 1114 1116 1115
3 1114 1115 1113
3 982 1113 1115
3 982 1115 985
3 1116 1118 1117
3 1116 1117 1115
3 985 1115 1117
3 985 1117 988
3 1118 1120 1119
3 1118 1119 1117
3 988 1117 1119
3 988 1119 991
3 1120 1122 1121
3 1120 1121 1119
3 991 1119 1121
3 991 1121 994
3 1122 1125 1123
3 1122 1123 1121
3 994 1121 1123
3 994 1123 997
3 997 1123 1124
3 997 1124 999
3 1125 1127 1124
3 1125 1124 1123
3 1125 1126 1128
3 1125 1128 1127
3 1122 1225 1126
3 1122 1126 1125
3 1127 1128 1131
3 1127 1131 1129
3 1127 1129 1132
3 1127 1132 1124
3 1129 1131 1241
3 1129 1241 1130
3 1129 1130 1134
3 1129 1134 1132
3 999 1124 1132
3 999 1132 1133
3 1133 1132 1134
3 1133 1134 1135
3 1135 1134 1136
3 1135 1136 1137
3 1130 1138 1136
3 1130 1136 1134
3 1137 1136 1139
3 1137 1139 1140
3 1138 1141 1139
3 1138 1139 1136
3 1140 1139 1142
3 1140 1142 1143
3 1141 1144 1142
3 1141 1142 1139
3 1143 1142 1145
3 1143 1145 1146
3 1144 1147 1145
3 1144 1145 1142
3 1146 1145 1148
3 1146 1148 1149
3 1147 1150 1148
3 1147 1148 1145
3 1149 1148 1151
3 1149 1151 1047
3 1150 1152 1151
3 1150 1151 1148
3 1047 1151 1153
3 1047 1153 1049
3 1152 1154 1153
3 1152 1153 1151
3 1049 1153 1155
3 1049 1155 1051
3 1154 1156 1155
3 1154 1155 1153
3 1051 1155 1157
3 1051 1157 1053
3 1156 1158 1157
3 1156 1157 1155
3 1053 1157 1159
3 1053 1159 1055
3 1158 1160 1159
3 1158 1159 1157
3 1055 1159 1161
3 1055 1161 1057
3 1160 1162 1161
3 1160 1161 1159
3 1057 1161 1163
3 1057 1163 1059
3 1162 1164 1163
3 1162 1163 1161
3 1059 1163 1165
3 1059 1165 1061
3 1164 1166 1165
3 1164 1165 1163
3 1061 1165 1167
3 1061 1167 1063
3 1166 1168 1167
3 1166 1167 1165
3 1063 1167 1169
3 1063 1169 1170
3 1168 1171 1169
3 1168 1169 1167
3 1170 1169 1172
3 1170 1172 1173
3 1171 1174 1172
3 1171 1172 1169
3 1173 1172 1175
3 1173 1175 1074
3 1174 1176 1175
3 1174 1175 1172
3 1074 1175 1177
3 1074 1177 1076
3 1176 1178 1177
3 1176 1177 1175
3 1076 1177 1179
3 1076 1179 1078
3 1178 1180 1179
3 1178 1179 1177
3 1180 1181 1081
3 1180 1081 1179
3 1180 1182 1185
3 1180 1185 1181
3 1178 1183 1182
3 1178 1182 1180
3 1275 1184 1182
3 1275 1182 1183
3 1184 1186 1185
3 1184 1185 1182
3 1186 1188 1187
3 1186 1187 1185
3 1181 1185 1187
3 1181 1187 1084
3 1188 1190 1189
3 1188 1189 1187
3 1084 1187 1189
3 1084 1189 1086
3 1190 1192 1191
3 1190 1191 1189
3 1086 1189 1191
3 1086 1191 1088
3 1192 1194 1193
3 1192 1193 1191
3 1088 1191 1193
3 1088 1193 1090
3 1194 1196 1195
3 1194 1195 1193
3 1090 1193 1195
3 1090 1195 1092
3 1196 1198 1197
3 1196 1197 1195
3 1092 1195 1197
3 1092 1197 1094
3 1198 1200 1199
3 1198 1199 1197
3 1094 1197 1199
3 1094 1199 1096
3 1201 1098 1096
3 1201 1096 1199
3 1200 1202 1201
3 1200 1201 1199
3 1201 1202 1204
3 1201 1204 1203
3 1201 1203 1100
3 1201 1100 1098
3 1206 1205 1203
3 1206 1203 1204
3 1100 1203 1205
3 1100 1205 1102
3 1206 1208 1207
3 1206 1207 1205
3 1102 1205 1207
3 1102 1207 1104
3 1208 1210 1209
3 1208 1209 1207
3 1104 1207 1209
3 1104 1209 1106
3 1210 1212 1211
3 1210 1211 1209
3 1106 1209 1211
3 1106 1211 1108
3 1212 1214 1213
3 1212 1213 1211
3 1108 1211 1213
3 1108 1213 1110
3 1214 1216 1215
3 1214 1215 1213
3 1110 1213 1215
3 1110 1215 1112
3 1216 1218 1217
3 1216 1217 1215
3 1112 1215 1217
3 1112 1217 1114
3 1218 1220 1219
3 1218 1219 1217
3 1114 1217 1219
3 1114 1219 1116
3 1220 1222 1221
3 1220 1221 1219
3 1116 1219 1221
3 1116 1221 1118
3 1222 1224 1223
3 1222 1223 1221
3 1118 1221 1223
3 1118 1223 1120
3 1120 1223 1225
3 1120 1225 1122
3 1224 1226 1225
3 1224 1225 1223
3 1226 1227 1126
3 1226 1126 1225
3 1226 1228 1231
3 1226 1231 1227
3 1224 1229 1228
3 1224 1228 1226
3 1321 1230 1228
3 1321 1228 1229
3 1230 1232 1231
3 1230 1231 1228
3 1227 1231 1233
3 1227 1233 1236
3 1232 1234 1233
3 1232 1233 1231
3 1234 1336 1235
3 1234 1235 1233
3 1236 1233 1235
3 1236 1235 1237
3 1227 1236 1128
3 1227 1128 1126
3 1236 1237 1131
3 1236 1131 1128
3 1237 1235 1240
3 1237 1240 1238
3 1237 1238 1241
3 1237 1241 1131
3 1238 1240 1341
3 1238 1341 1239
3 1238 1239 1242
3 1238 1242 1241
3 1130 1241 1242
3 1130 1242 1138
3 1239 1244 1243
3 1239 1243 1242
3 1138 1242 1243
3 1138 1243 1141
3 1244 1246 1245
3 1244 1245 1243
3 1141 1243 1245
3 1141 1245 1144
3 1246 1248 1247
3 1246 1247 1245
3 1144 1245 1247
3 1144 1247 1147
3 1248 1250 1249
3 1248 1249 1247
3 1147 1247 1249
3 1147 1249 1150
3 1250 1252 1251
3 1250 1251 1249
3 1150 1249 1251
3 1150 1251 1152
3 1252 1254 1253
3 1252 1253 1251
3 1152 1251 1253
3 1152 1253 1154
3 1254 1256 1255
3 1254 1255 1253
3 1154 1253 1255
3 1154 1255 1156
3 1256 1258 1257
3 1256 1257 1255
3 1156 1255 1257
3 1156 1257 1158
3 1258 1260 1259
3 1258 1259 1257
3 1158 1257 1259
3 1158 1259 1160
3 1260 1262 1261
3 1260 1261 1259
3 1160 1259 1261
3 1160 1261 1162
3 1262 1264 1263
3 1262 1263 1261
3 1162 1261 1263
3 1162 1263 1164
3 1264 1266 1265
3 1264 1265 1263
3 1164 1263 1265
3 1164 1265 1166
3 1266 1268 1267
3 1266 1267 1265
3 1166 1265 1267
3 1166 1267 1168
3 1268 1270 1269
3 1268 1269 1267
3 1168 1267 1269
3 1168 1269 1171
3 1270 1272 1271
3 1270 1271 1269
3 1171 1269 1271
3 1171 1271 1174
3 1272 1274 1273
3 1272 1273 1271
3 1174 1271 1273
3 1174 1273 1176
3 1274 1275 1183
3 1274 1183 1273
3 1176 1273 1183
3 1176 1183 1178
3 1272 1277 1276
3 1272 1276 1274
3 1274 1276 1279
3 1274 1279 1275
3 1370 1278 1276
3 1370 1276 1277
3 1278 1280 1279
3 1278 1279 1276
3 1280 1282 1281
3 1280 1281 1279
3 1275 1279 1281
3 1275 1281 1184
3 1282 1284 1283
3 1282 1283 1281
3 1184 1281 1283
3 1184 1283 1186
3 1284 1286 1285
3 1284 1285 1283
3 1186 1283 1285
3 1186 1285 1188
3 1286 1288 1287
3 1286 1287 1285
3 1188 1285 1287
3 1188 1287 1190
3 1288 1290 1289
3 1288 1289 1287
3 1190 1287 1289
3 1190 1289 1192
3 1290 1292 1291
3 1290 1291 1289
3 1192 1289 1291
3 1192 1291 1194
3 1292 1294 1293
3 1292 1293 1291
3 1194 1291 1293
3 1194 1293 1196
3 1294 1296 1295
3 1294 1295 1293
3 1196 1293 1295
3 1196 1295 1198
3 1296 1298 1297
3 1296 1297 1295
3 1198 1295 1297
3 1198 1297 1200
3 1298 1300 1299
3 1298 1299 1297
3 1200 1297 1299
3 1200 1299 1202
3 1300 1302 1301
3 1300 1301 1299
3 1301 1204 1202
3 1301 1202 1299
3 1301 1302 1304
3 1301 1304 1303
3 1301 1303 1206
3 1301 1206 1204
3 1306 1305 1303
3 1306 1303 1304
3 1206 1303 1305
3 1206 1305 1208
3 1306 1308 1307
3 1306 1307 1305
3 1208 1305 1307
3 1208 1307 1210
3 1210 1307 1309
3 1210 1309 1212
3 1308 1310 1309
3 1308 1309 1307
3 1212 1309 1311
3 1212 1311 1214
3 1310 1312 1311
3 1310 1311 1309
3 1312 1314 1313
3 1312 1313 1311
3 1214 1311 1313
3 1214 1313 1216
3 1314 1316 1315
3 1314 1315 1313
3 1216 1313 1315
3 1216 1315 1218
3 1218 1315 1317
3 1218 1317 1220
3 1316 1318 1317
3 1316 1317 1315
3 1220 1317 1319
3 1220 1319 1222
3 1318 1320 1319
3 1318 1319 1317
3 1320 1321 1229
3 1320 1229 1319
3 1222 1319 1229
3 1222 1229 1224
3 1318 1323 1322
3 1318 1322 1320
3 1320 1322 1325
3 1320 1325 1321
3 1414 1324 1322
3 1414 1322 1323
3 1324 1326 1325
3 1324 1325 1322
3 1326 1328 1327
3 1326 1327 1325
3 1321 1325 1327
3 1321 1327 1230
3 1328 1330 1329
3 1328 1329 1327
3 1230 1327 1329
3 1230 1329 1232
3 1232 1329 1331
3 1232 1331 1234
3 1330 1332 1331
3 1330 1331 1329
3 1332 1334 1333
3 1332 1333 1331
3 1234 1331 1333
3 1234 1333 1336
3 1334 1432 1335
3 1334 1335 1333
3 1336 1333 1335
3 1336 1335 1337
3 1336 1337 1240
3 1336 1240 1235
3 1337 1335 1340
3 1337 1340 1338
3 1337 1338 1341
3 1337 1341 1240
3 1338 1340 1437
3 1338 1437 1339
3 1338 1339 1342
3 1338 1342 1341
3 1239 1341 1342
3 1239 1342 1244
3 1339 1344 1343
3 1339 1343 1342
3 1244 1342 1343
3 1244 1343 1246
3 1344 1346 1345
3 1344 1345 1343
3 1246 1343 1345
3 1246 1345 1248
3 1248 1345 1347
3 1248 1347 1250
3 1346 1348 1347
3 1346 1347 1345
3 1348 1350 1349
3 1348 1349 1347
3 1250 1347 1349
3 1250 1349 1252
3 1350 1352 1351
3 1350 1351 1349
3 1252 1349 1351
3 1252 1351 1254
3 1352 1354 1353
3 1352 1353 1351
3 1254 1351 1353
3 1254 1353 1256
3 1354 1356 1355
3 1354 1355 1353
3 1256 1353 1355
3 1256 1355 1258
3 1356 1358 1357
3 1356 1357 1355
3 1258 1355 1357
3 1258 1357 1260
3 1358 1360 1359
3 1358 1359 1357
3 1260 1357 1359
3 1260 1359 1262
3 1360 1362 1361
3 1360 1361 1359
3 1262 1359 1361
3 1262 1361 1264
3 1362 1364 1363
3 1362 1363 1361
3 1264 1361 1363
3 1264 1363 1266
3 1364 1366 1365
3 1364 1365 1363
3 1266 1363 1365
3 1266 1365 1268
3 1366 1368 1367
3 1366 1367 1365
3 1268 1365 1367
3 1268 1367 1270
3 1368 1370 1277
3 1368 1277 1367
3 1270 1367 1277
3 1270 1277 1272
3 1368 1369 1371
3 1368 1371 1370
3 1366 1459 1369
3 1366 1369 1368
3 1370 1371 1373
3 1370 1373 1278
3 1461 1372 1371
3 1461 1371 1369
3 1372 1374 1373
3 1372 1373 1371
3 1278 1373 1375
3 1278 1375 1280
3 1374 1376 1375
3 1374 1375 1373
3 1280 1375 1377
3 1280 1377 1282
3 1376 1378 1377
3 1376 1377 1375
3 1378 1380 1379
3 1378 1379 1377
3 1282 1377 1379
3 1282 1379 1284
3 1380 1382 1381
3 1380 1381 1379
3 1284 1379 1381
3 1284 1381 1286
3 1286 1381 1383
3 1286 1383 1288
3 1382 1384 1383
3 1382 1383 1381
3 1288 1383 1385
3 1288 1385 1290
3 1384 1386 1385
3 1384 1385 1383
3 1386 1388 1387
3 1386 1387 1385
3 1290 1385 1387
3 1290 1387 1292
3 1388 1390 1389
3 1388 1389 1387
3 1292 1387 1389
3 1292 1389 1294
3 1294 1389 1391
3 1294 1391 1296
3 1390 1392 1391
3 1390 1391 1389
3 1296 1391 1393
3 1296 1393 1298
3 1392 1394 1393
3 1392 1393 1391
3 1394 1396 1395
3 1394 1395 1393
3 1298 1393 1395
3 1298 1395 1300
3 1396 1398 1397
3 1396 1397 1395
3 1300 1395 1397
3 1300 1397 1302
3 1399 1304 1302
3 1399 1302 1397
3 1398 1400 1399
3 1398 1399 1397
3 1399 1400 1402
3 1399 1402 1401
3 1399 1401 1306
3 1399 1306 1304
3 1404 1403 1401
3 1404 1401 1402
3 1306 1401 1403
3 1306 1403 1308
3 1404 1406 1405
3 1404 1405 1403
3 1308 1403 1405
3 1308 1405 1310
3 1406 1408 1407
3 1406 1407 1405
3 1310 1405 1407
3 1310 1407 1312
3 1408 1410 1409
3 1408 1409 1407
3 1312 1407 1409
3 1312 1409 1314
3 1410 1412 1411
3 1410 1411 1409
3 1314 1409 1411
3 1314 1411 1316
3 1412 1414 1323
3 1412 1323 1411
3 1316 1411 1323
3 1316 1323 1318
3 1412 1413 1415
3 1412 1415 1414
3 1410 1505 1413
3 1410 1413 1412
3 1414 1415 1417
3 1414 1417 1324
3 1507 1416 1415
3 1507 1415 1413
3 1416 1418 1417
3 1416 1417 1415
3 1418 1420 1419
3 1418 1419 1417
3 1324 1417 1419
3 1324 1419 1326
3 1420 1422 1421
3 1420 1421 1419
3 1326 1419 1421
3 1326 1421 1328
3 1422 1424 1423
3 1422 1423 1421
3 1328 1421 1423
3 1328 1423 1330
3 1424 1426 1425
3 1424 1425 1423
3 1330 1423 1425
3 1330 1425 1332
3 1426 1428 1427
3 1426 1427 1425
3 1332 1425 1427
3 1332 1427 1334
3 1428 1430 1429
3 1428 1429 1427
3 1334 1427 1429
3 1334 1429 1432
3 1430 1530 1431
3 1430 1431 1429
3 1432 1429 1431
3 1432 1431 1433
3 1432 1433 1340
3 1432 1340 1335
3 1433 1431 1436
3 1433 1436 1434
3 1433 1434 1437
3 1433 1437 1340
3 1434 1436 1576
3 1434 1576 1435
3 1434 1435 1438
3 1434 1438 1437
3 1339 1437 1438
3 1339 1438 1344
3 1435 1440 1439
3 1435 1439 1438
3 1344 1438 1439
3 1344 1439 1346
3 1440 1442 1441
3 1440 1441 1439
3 1346 1439 1441
3 1346 1441 1348
3 1348 1441 1443
3 1348 1443 1350
3 1442 1444 1443
3 1442 1443 1441
3 1350 1443 1445
3 1350 1445 1352
3 1444 1446 1445
3 1444 1445 1443
3 1446 1448 1447
3 1446 1447 1445
3 1352 1445 1447
3 1352 1447 1354
3 1448 1450 1449
3 1448 1449 1447
3 1354 1447 1449
3 1354 1449 1356
3 1356 1449 1451
3 1356 1451 1358
3 1450 1452 1451
3 1450 1451 1449
3 1358 1451 1453
3 1358 1453 1360
3 1452 1454 1453
3 1452 1453 1451
3 1454 1456 1455
3 1454 1455 1453
3 1360 1453 1455
3 1360 1455 1362
3 1456 1458 1457
3 1456 1457 1455
3 1362 1455 1457
3 1362 1457 1364
3 1364 1457 1459
3 1364 1459 1366
3 1458 1460 1459
3 1458 1459 1457
3 1460 1461 1369
3 1460 1369 1459
3 1460 1462 1465
3 1460 1465 1461
3 1458 1463 1462
3 1458 1462 1460
3 1567 1464 1462
3 1567 1462 1463
3 1464 1466 1465
3 1464 1465 1462
3 1466 1468 1467
3 1466 1467 1465
3 1461 1465 1467
3 1461 1467 1372
3 1468 1470 1469
3 1468 1469 1467
3 1372 1467 1469
3 1372 1469 1374
3 1470 1472 1471
3 1470 1471 1469
3 1374 1469 1471
3 1374 1471 1376
3 1472 1474 1473
3 1472 1473 1471
3 1376 1471 1473
3 1376 1473 1378
3 1474 1476 1475
3 1474 1475 1473
3 1378 1473 1475
3 1378 1475 1380
3 1476 1478 1477
3 1476 1477 1475
3 1380 1475 1477
3 1380 1477 1382
3 1478 1480 1479
3 1478 1479 1477
3 1382 1477 1479
3 1382 1479 1384
3 1480 1482 1481
3 1480 1481 1479
3 1384 1479 1481
3 1384 1481 1386
3 1482 1484 1483
3 1482 1483 1481
3 1386 1481 1483
3 1386 1483 1388
3 1484 1486 1485
3 1484 1485 1483
3 1388 1483 1485
3 1388 1485 1390
3 1486 1488 1487
3 1486 1487 1485
3 1390 1485 1487
3 1390 1487 1392
3 1488 1490 1489
3 1488 1489 1487
3 1392 1487 1489
3 1392 1489 1394
3 1490 1492 1491
3 1490 1491 1489
3 1394 1489 1491
3 1394 1491 1396
3 1492 1494 1493
3 1492 1493 1491
3 1396 1491 1493
3 1396 1493 1398
3 1494 1496 1495
3 1494 1495 1493
3 1398 1493 1495
3 1398 1495 1400
3 1496 1498 1497
3 1496 1497 1495
3 1497 1402 1400
3 1497 1400 1495
3 1497 1498 1500
3 1497 1500 1499
3 1497 1499 1404
3 1497 1404 1402
3 1502 1501 1499
3 1502 1499 1500
3 1404 1499 1501
3 1404 1501 1406
3 1502 1504 1503
3 1502 1503 1501
3 1406 1501 1503
3 1406 1503 1408
3 1504 1506 1505
3 1504 1505 1503
3 1408 1503 1505
3 1408 1505 1410
3 1506 1507 1413
3 1506 1413 1505
3 1506 1508 1511
3 1506 1511 1507
3 1504 1509 1508
3 1504 1508 1506
3 1618 1510 1508
3 1618 1508 1509
3 1510 1512 1511
3 1510 1511 1508
3 1507 1511 1513
3 1507 1513 1416
3 1512 1514 1513
3 1512 1513 1511
3 1416 1513 1515
3 1416 1515 1418
3 1514 1516 1515
3 1514 1515 1513
3 1418 1515 1517
3 1418 1517 1420
3 1516 1518 1517
3 1516 1517 1515
3 1420 1517 1519
3 1420 1519 1422
3 1518 1520 1519
3 1518 1519 1517
3 1422 1519 1521
3 1422 1521 1424
3 1520 1522 1521
3 1520 1521 1519
3 1424 1521 1523
3 1424 1523 1426
3 1522 1524 1523
3 1522 1523 1521
3 1426 1523 1525
3 1426 1525 1428
3 1524 1526 1525
3 1524 1525 1523
3 1428 1525 1527
3 1428 1527 1430
3 1526 1528 1527
3 1526 1527 1525
3 1430 1527 1529
3 1430 1529 1530
3 1528 1531 1529
3 1528 1529 1527
3 1530 1529 1532
3 1530 1532 1533
3 1531 1534 1532
3 1531 1532 1529
3 1533 1532 1535
3 1533 1535 1536
3 1534 1537 1535
3 1534 1535 1532
3 1536 1535 1538
3 1536 1538 1539
3 1537 1540 1538
3 1537 1538 1535
3 1539 1538 1541
3 1539 1541 1542
3 1540 1543 1541
3 1540 1541 1538
3 1542 1541 1544
3 1542 1544 1545
3 1543 1546 1544
3 1543 1544 1541
3 1545 1544 1547
3 1545 1547 1548
3 1546 1549 1547
3 1546 1547 1544
3 1548 1547 1550
3 1548 1550 1551
3 1549 1552 1550
3 1549 1550 1547
3 1551 1550 1553
3 1551 1553 1554
3 1552 1555 1553
3 1552 1553 1550
3 1554 1553 1556
3 1554 1556 1557
3 1555 1558 1556
3 1555 1556 1553
3 1557 1556 1559
3 1557 1559 1560
3 1558 1561 1559
3 1558 1559 1556
3 1560 1559 1562
3 1560 1562 1565
3 1561 1563 1562
3 1561 1562 1559
3 1563 1577 1564
3 1563 1564 1562
3 1565 1562 1564
3 1565 1564 1567
3 1560 1565 1566
3 1560 1566 1568
3 1565 1567 1463
3 1565 1463 1566
3 1567 1564 1578
3 1567 1578 1464
3 1456 1566 1463
3 1456 1463 1458
3 1454 1568 1566
3 1454 1566 1456
3 1452 1569 1568
3 1452 1568 1454
3 1557 1560 1568
3 1557 1568 1569
3 1450 1570 1569
3 1450 1569 1452
3 1554 1557 1569
3 1554 1569 1570
3 1448 1571 1570
3 1448 1570 1450
3 1551 1554 1570
3 1551 1570 1571
3 1548 1551 1571
3 1548 1571 1572
3 1446 1572 1571
3 1446 1571 1448
3 1444 1573 1572
3 1444 1572 1446
3 1545 1548 1572
3 1545 1572 1573
3 1442 1574 1573
3 1442 1573 1444
3 1542 1545 1573
3 1542 1573 1574
3 1440 1575 1574
3 1440 1574 1442
3 1539 1542 1574
3 1539 1574 1575
3 1536 1539 1575
3 1536 1575 1576
3 1435 1576 1575
3 1435 1575 1440
3 1533 1536 1576
3 1533 1576 1436
3 1577 1579 1578
3 1577 1578 1564
3 1579 1581 1580
3 1579 1580 1578
3 1464 1578 1580
3 1464 1580 1466
3 1581 1583 1582
3 1581 1582 1580
3 1466 1580 1582
3 1466 1582 1468
3 1583 1585 1584
3 1583 1584 1582
3 1468 1582 1584
3 1468 1584 1470
3 1585 1587 1586
3 1585 1586 1584
3 1470 1584 1586
3 1470 1586 1472
3 1587 1589 1588
3 1587 1588 1586
3 1472 1586 1588
3 1472 1588 1474
3 1589 1591 1590
3 1589 1590 1588
3 1474 1588 1590
3 1474 1590 1476
3 1591 1593 1592
3 1591 1592 1590
3 1476 1590 1592
3 1476 1592 1478
3 1593 1595 1594
3 1593 1594 1592
3 1478 1592 1594
3 1478 1594 1480
3 1595 1597 1596
3 1595 1596 1594
3 1480 1594 1596
3 1480 1596 1482
3 1597 1599 1598
3 1597 1598 1596
3 1482 1596 1598
3 1482 1598 1484
3 1599 1601 1600
3 1599 1600 1598
3 1484 1598 1600
3 1484 1600 1486
3 1601 1603 1602
3 1601 1602 1600
3 1486 1600 1602
3 1486 1602 1488
3 1603 1605 1604
3 1603 1604 1602
3 1488 1602 1604
3 1488 1604 1490
3 1605 1607 1606
3 1605 1606 1604
3 1490 1604 1606
3 1490 1606 1492
3 1607 1609 1608
3 1607 1608 1606
3 1492 1606 1608
3 1492 1608 1494
3 1609 1611 1610
3 1609 1610 1608
3 1494 1608 1610
3 1494 1610 1496
3 1611 1613 1612
3 1611 1612 1610
3 1496 1610 1612
3 1496 1612 1498
3 1613 1615 1614
3 1613 1614 1612
3 1614 1500 1498
3 1614 1498 1612
3 1614 1615 1617
3 1614 1617 1616
3 1614 1616 1502
3 1614 1502 1500
3 1618 1509 1616
3 1618 1616 1617
3 1502 1616 1509
3 1502 1509 1504
3 1619 1617 1615
3 1619 1615 1622
3 1619 1621 1618
3 1619 1618 1617
3 1619 1620 1751
3 1619 1751 1621
3 1624 1620 1619
3 1624 1619 1622
3 1613 1623 1622
3 1613 1622 1615
3 1626 1624 1622
3 1626 1622 1623
3 1624 1625 1750
3 1624 1750 1620
3 1626 1627 1625
3 1626 1625 1624
3 1628 1631 1627
3 1628 1627 1626
3 1628 1626 1623
3 1628 1623 1630
3 1629 1632 1631
3 1629 1631 1628
3 1629 1628 1630
3 1629 1630 1647
3 1636 1633 1631
3 1636 1631 1632
3 1633 1634 1627
3 1633 1627 1631
3 1633 1635 1757
3 1633 1757 1634
3 1636 1637 1635
3 1636 1635 1633
3 1638 1639 1637
3 1638 1637 1636
3 1638 1636 1632
3 1638 1632 1641
3 1640 1782 1639
3 1640 1639 1638
3 1640 1638 1641
3 1640 1641 1642
3 1644 1642 1641
3 1644 1641 1643
3 1643 1641 1632
3 1643 1632 1629
3 1644 1643 1645
3 1644 1645 1646
3 1643 1629 1647
3 1643 1647 1645
3 1605 1646 1645
3 1605 1645 1607
3 1607 1645 1647
3 1607 1647 1609
3 1609 1647 1630
3 1609 1630 1611
3 1603 1648 1646
3 1603 1646 1605
3 1649 1644 1646
3 1649 1646 1648
3 1601 1650 1648
3 1601 1648 1603
3 1652 1649 1648
3 1652 1648 1650
3 1599 1651 1650
3 1599 1650 1601
3 1654 1652 1650
3 1654 1650 1651
3 1652 1653 1785
3 1652 1785 1649
3 1654 1655 1653
3 1654 1653 1652
3 1656 1657 1655
3 1656 1655 1654
3 1656 1654 1651
3 1656 1651 1659
3 1658 4357 1657
3 1658 1657 1656
3 1658 1656 1659
3 1658 1659 1660
3 1595 1660 1659
3 1595 1659 1597
3 1597 1659 1651
3 1597 1651 1599
3 1593 1661 1660
3 1593 1660 1595
3 1663 1658 1660
3 1663 1660 1661
3 1591 1662 1661
3 1591 1661 1593
3 1665 1663 1661
3 1665 1661 1662
3 1663 1664 4357
3 1663 4357 1658
3 1665 1666 1664
3 1665 1664 1663
3 1667 1668 1666
3 1667 1666 1665
3 1667 1665 1662
3 1667 1662 1670
3 1669 4356 1668
3 1669 1668 1667
3 1669 1667 1670
3 1669 1670 1671
3 1587 1671 1670
3 1587 1670 1589
3 1589 1670 1662
3 1589 1662 1591
3 1585 1672 1671
3 1585 1671 1587
3 1674 1669 1671
3 1674 1671 1672
3 1583 1673 1672
3 1583 1672 1585
3 1676 1674 1672
3 1676 1672 1673
3 1674 1675 4356
3 1674 4356 1669
3 1676 1677 1675
3 1676 1675 1674
3 1678 1679 1677
3 1678 1677 1676
3 1678 1676 1673
3 1678 1673 1681
3 1680 4355 1679
3 1680 1679 1678
3 1680 1678 1681
3 1680 1681 1682
3 1579 1682 1681
3 1579 1681 1581
3 1581 1681 1673
3 1581 1673 1583
3 1577 1683 1682
3 1577 1682 1579
3 1685 1680 1682
3 1685 1682 1683
3 1563 1684 1683
3 1563 1683 1577
3 1687 1685 1683
3 1687 1683 1684
3 1685 1686 4355
3 1685 4355 1680
3 1687 1688 1686
3 1687 1686 1685
3 1689 1690 1688
3 1689 1688 1687
3 1689 1687 1684
3 1689 1684 1692
3 1691 4354 1690
3 1691 1690 1689
3 1691 1689 1692
3 1691 1692 1693
3 1558 1693 1692
3 1558 1692 1561
3 1561 1692 1684
3 1561 1684 1563
3 1696 1691 1693
3 1696 1693 1694
3 1555 1694 1693
3 1555 1693 1558
3 1552 1695 1694
3 1552 1694 1555
3 1698 1696 1694
3 1698 1694 1695
3 1696 1697 4354
3 1696 4354 1691
3 1698 1699 1697
3 1698 1697 1696
3 1700 1701 1699
3 1700 1699 1698
3 1700 1698 1695
3 1700 1695 1703
3 1702 4353 1701
3 1702 1701 1700
3 1702 1700 1703
3 1702 1703 1704
3 1546 1704 1703
3 1546 1703 1549
3 1549 1703 1695
3 1549 1695 1552
3 1707 1702 1704
3 1707 1704 1705
3 1543 1705 1704
3 1543 1704 1546
3 1540 1706 1705
3 1540 1705 1543
3 1709 1707 1705
3 1709 1705 1706
3 1707 1708 4353
3 1707 4353 1702
3 1709 1710 1708
3 1709 1708 1707
3 1711 1712 1710
3 1711 1710 1709
3 1711 1709 1706
3 1711 1706 1714
3 1713 4352 1712
3 1713 1712 1711
3 1713 1711 1714
3 1713 1714 1715
3 1534 1715 1714
3 1534 1714 1537
3 1537 1714 1706
3 1537 1706 1540
3 1531 1716 1715
3 1531 1715 1534
3 1718 1713 1715
3 1718 1715 1716
3 1528 1717 1716
3 1528 1716 1531
3 1720 1718 1716
3 1720 1716 1717
3 1718 1719 4352
3 1718 4352 1713
3 1720 1721 1719
3 1720 1719 1718
3 1722 1723 1721
3 1722 1721 1720
3 1722 1720 1717
3 1722 1717 1725
3 1724 4351 1723
3 1724 1723 1722
3 1724 1722 1725
3 1724 1725 1726
3 1524 1726 1725
3 1524 1725 1526
3 1526 1725 1717
3 1526 1717 1528
3 1729 1724 1726
3 1729 1726 1727
3 1522 1727 1726
3 1522 1726 1524
3 1520 1728 1727
3 1520 1727 1522
3 1731 1729 1727
3 1731 1727 1728
3 1729 1730 4351
3 1729 4351 1724
3 1731 1732 1730
3 1731 1730 1729
3 1733 1734 1732
3 1733 1732 1731
3 1733 1731 1728
3 1733 1728 1736
3 1735 4350 1734
3 1735 1734 1733
3 1735 1733 1736
3 1735 1736 1737
3 1516 1737 1736
3 1516 1736 1518
3 1518 1736 1728
3 1518 1728 1520
3 1740 1735 1737
3 1740 1737 1738
3 1514 1738 1737
3 1514 1737 1516
3 1512 1739 1738
3 1512 1738 1514
3 1742 1740 1738
3 1742 1738 1739
3 1740 1741 4350
3 1740 4350 1735
3 1742 1744 1741
3 1742 1741 1740
3 1743 1746 1744
3 1743 1744 1742
3 1743 1742 1739
3 1743 1739 4358
3 1745 1914 1741
3 1745 1741 1744
3 1745 1744 1746
3 1745 1746 1747
3 1748 1749 1747
3 1748 1747 1746
3 1748 1746 1743
3 1748 1743 1751
3 1752 1749 1748
3 1752 1748 1750
3 1748 1751 1620
3 1748 1620 1750
3 1743 4358 1621
3 1743 1621 1751
3 1754 1752 1750
3 1754 1750 1625
3 1752 1753 1915
3 1752 1915 1749
3 1754 1755 1753
3 1754 1753 1752
3 1634 1757 1755
3 1634 1755 1754
3 1634 1754 1625
3 1634 1625 1627
3 1756 1918 1753
3 1756 1753 1755
3 1758 1756 1755
3 1758 1755 1757
3 1760 1758 1757
3 1760 1757 1635
3 1758 1759 1921
3 1758 1921 1756
3 1760 1761 1759
3 1760 1759 1758
3 1762 1763 1761
3 1762 1761 1760
3 1762 1760 1635
3 1762 1635 1637
3 1764 1766 1763
3 1764 1763 1762
3 1764 1762 1637
3 1764 1637 1639
3 1765 1767 1766
3 1765 1766 1764
3 1765 1764 1639
3 1765 1639 1782
3 1771 1768 1766
3 1771 1766 1767
3 1768 1769 1763
3 1768 1763 1766
3 1768 1770 1929
3 1768 1929 1769
3 1771 1772 1770
3 1771 1770 1768
3 1773 1774 1772
3 1773 1772 1771
3 1773 1771 1767
3 1773 1767 1776
3 1775 1954 1774
3 1775 1774 1773
3 1775 1773 1776
3 1775 1776 1777
3 1779 1777 1776
3 1779 1776 1778
3 1778 1776 1767
3 1778 1767 1765
3 1779 1778 1780
3 1779 1780 1781
3 1778 1765 1782
3 1778 1782 1780
3 1784 1781 1780
3 1784 1780 1783
3 1783 1780 1782
3 1783 1782 1640
3 1783 1640 1642
3 1783 1642 1785
3 1784 1783 1785
3 1784 1785 1653
3 1649 1785 1642
3 1649 1642 1644
3 1786 1787 1781
3 1786 1781 1784
3 1786 1784 1653
3 1786 1653 1655
3 1788 1790 1787
3 1788 1787 1786
3 1788 1786 1655
3 1788 1655 1657
3 1789 1791 1790
3 1789 1790 1788
3 1789 1788 1657
3 1789 1657 4357
3 1795 1792 1790
3 1795 1790 1791
3 1792 1793 1787
3 1792 1787 1790
3 1792 1794 1957
3 1792 1957 1793
3 1795 1796 1794
3 1795 1794 1792
3 1797 1798 1796
3 1797 1796 1795
3 1797 1795 1791
3 1797 1791 1800
3 1799 4349 1798
3 1799 1798 1797
3 1799 1797 1800
3 1799 1800 1801
3 1803 1801 1800
3 1803 1800 1802
3 1802 1800 1791
3 1802 1791 1789
3 1803 1802 1664
3 1803 1664 1666
3 1802 1789 4357
3 1802 4357 1664
3 1804 1806 1801
3 1804 1801 1803
3 1804 1803 1666
3 1804 1666 1668
3 1805 1807 1806
3 1805 1806 1804
3 1805 1804 1668
3 1805 1668 4356
3 1810 1808 1806
3 1810 1806 1807
3 1808 1799 1801
3 1808 1801 1806
3 1808 1809 4349
3 1808 4349 1799
3 1810 1811 1809
3 1810 1809 1808
3 1812 1813 1811
3 1812 1811 1810
3 1812 1810 1807
3 1812 1807 1815
3 1814 4348 1813
3 1814 1813 1812
3 1814 1812 1815
3 1814 1815 1816
3 1818 1816 1815
3 1818 1815 1817
3 1817 1815 1807
3 1817 1807 1805
3 1818 1817 1675
3 1818 1675 1677
3 1817 1805 4356
3 1817 4356 1675
3 1819 1821 1816
3 1819 1816 1818
3 1819 1818 1677
3 1819 1677 1679
3 1820 1822 1821
3 1820 1821 1819
3 1820 1819 1679
3 1820 1679 4355
3 1825 1823 1821
3 1825 1821 1822
3 1823 1814 1816
3 1823 1816 1821
3 1823 1824 4348
3 1823 4348 1814
3 1825 1826 1824
3 1825 1824 1823
3 1827 1828 1826
3 1827 1826 1825
3 1827 1825 1822
3 1827 1822 1830
3 1829 4347 1828
3 1829 1828 1827
3 1829 1827 1830
3 1829 1830 1831
3 1833 1831 1830
3 1833 1830 1832
3 1832 1830 1822
3 1832 1822 1820
3 1833 1832 1686
3 1833 1686 1688
3 1832 1820 4355
3 1832 4355 1686
3 1834 1836 1831
3 1834 1831 1833
3 1834 1833 1688
3 1834 1688 1690
3 1835 1837 1836
3 1835 1836 1834
3 1835 1834 1690
3 1835 1690 4354
3 1840 1838 1836
3 1840 1836 1837
3 1838 1829 1831
3 1838 1831 1836
3 1838 1839 4347
3 1838 4347 1829
3 1840 1841 1839
3 1840 1839 1838
3 1842 1843 1841
3 1842 1841 1840
3 1842 1840 1837
3 1842 1837 1845
3 1844 4346 1843
3 1844 1843 1842
3 1844 1842 1845
3 1844 1845 1846
3 1848 1846 1845
3 1848 1845 1847
3 1847 1845 1837
3 1847 1837 1835
3 1848 1847 1697
3 1848 1697 1699
3 1847 1835 4354
3 1847 4354 1697
3 1849 1851 1846
3 1849 1846 1848
3 1849 1848 1699
3 1849 1699 1701
3 1850 1852 1851
3 1850 1851 1849
3 1850 1849 1701
3 1850 1701 4353
3 1855 1853 1851
3 1855 1851 1852
3 1853 1844 1846
3 1853 1846 1851
3 1853 1854 4346
3 1853 4346 1844
3 1855 1856 1854
3 1855 1854 1853
3 1857 1858 1856
3 1857 1856 1855
3 1857 1855 1852
3 1857 1852 1860
3 1859 4345 1858
3 1859 1858 1857
3 1859 1857 1860
3 1859 1860 1861
3 1863 1861 1860
3 1863 1860 1862
3 1862 1860 1852
3 1862 1852 1850
3 1863 1862 1708
3 1863 1708 1710
3 1862 1850 4353
3 1862 4353 1708
3 1864 1866 1861
3 1864 1861 1863
3 1864 1863 1710
3 1864 1710 1712
3 1865 1867 1866
3 1865 1866 1864
3 1865 1864 1712
3 1865 1712 4352
3 1870 1868 1866
3 1870 1866 1867
3 1868 1859 1861
3 1868 1861 1866
3 1868 1869 4345
3 1868 4345 1859
3 1870 1871 1869
3 1870 1869 1868
3 1872 1873 1871
3 1872 1871 1870
3 1872 1870 1867
3 1872 1867 1875
3 1874 4344 1873
3 1874 1873 1872
3 1874 1872 1875
3 1874 1875 1876
3 1878 1876 1875
3 1878 1875 1877
3 1877 1875 1867
3 1877 1867 1865
3 1878 1877 1719
3 1878 1719 1721
3 1877 1865 4352
3 1877 4352 1719
3 1879 1881 1876
3 1879 1876 1878
3 1879 1878 1721
3 1879 1721 1723
3 1880 1882 1881
3 1880 1881 1879
3 1880 1879 1723
3 1880 1723 4351
3 1885 1883 1881
3 1885 1881 1882
3 1883 1874 1876
3 1883 1876 1881
3 1883 1884 4344
3 1883 4344 1874
3 1885 1886 1884
3 1885 1884 1883
3 1887 1888 1886
3 1887 1886 1885
3 1887 1885 1882
3 1887 1882 1890
3 1889 4343 1888
3 1889 1888 1887
3 1889 1887 1890
3 1889 1890 1891
3 1893 1891 1890
3 1893 1890 1892
3 1892 1890 1882
3 1892 1882 1880
3 1893 1892 1730
3 1893 1730 1732
3 1892 1880 4351
3 1892 4351 1730
3 1894 1896 1891
3 1894 1891 1893
3 1894 1893 1732
3 1894 1732 1734
3 1895 1897 1896
3 1895 1896 1894
3 1895 1894 1734
3 1895 1734 4350
3 1900 1898 1896
3 1900 1896 1897
3 1898 1889 1891
3 1898 1891 1896
3 1898 1899 4343
3 1898 4343 1889
3 1900 1902 1899
3 1900 1899 1898
3 1901 1904 1902
3 1901 1902 1900
3 1901 1900 1897
3 1901 1897 1913
3 1903 4342 1899
3 1903 1899 1902
3 1903 1902 1904
3 1903 1904 1905
3 1906 1907 1905
3 1906 1905 1904
3 1906 1904 1901
3 1906 1901 1909
3 4341 1907 1906
3 4341 1906 1908
3 1906 1909 1910
3 1906 1910 1908
3 1912 1910 1909
3 1912 1909 1911
3 1901 1913 1911
3 1901 1911 1909
3 1912 1911 1745
3 1912 1745 1747
3 1745 1911 1913
3 1745 1913 1914
3 1914 1913 1897
3 1914 1897 1895
3 1914 1895 4350
3 1914 4350 1741
3 1916 1910 1912
3 1916 1912 1915
3 1912 1747 1749
3 1912 1749 1915
3 1918 1916 1915
3 1918 1915 1753
3 1916 1917 1908
3 1916 1908 1910
3 1918 1919 1917
3 1918 1917 1916
3 1756 1921 1919
3 1756 1919 1918
3 1920 4339 1917
3 1920 1917 1919
3 1922 1920 1919
3 1922 1919 1921
3 1924 1922 1921
3 1924 1921 1759
3 1922 1923 4340
3 1922 4340 1920
3 1924 1925 1923
3 1924 1923 1922
3 1926 1927 1925
3 1926 1925 1924
3 1926 1924 1759
3 1926 1759 1761
3 1769 1929 1927
3 1769 1927 1926
3 1769 1926 1761
3 1769 1761 1763
3 1928 2093 1925
3 1928 1925 1927
3 1930 1928 1927
3 1930 1927 1929
3 1932 1930 1929
3 1932 1929 1770
3 1930 1931 2094
3 1930 2094 1928
3 1932 1933 1931
3 1932 1931 1930
3 1934 1935 1933
3 1934 1933 1932
3 1934 1932 1770
3 1934 1770 1772
3 1936 1938 1935
3 1936 1935 1934
3 1936 1934 1772
3 1936 1772 1774
3 1937 1939 1938
3 1937 1938 1936
3 1937 1936 1774
3 1937 1774 1954
3 1943 1940 1938
3 1943 1938 1939
3 1940 1941 1935
3 1940 1935 1938
3 1940 1942 2102
3 1940 2102 1941
3 1943 1944 1942
3 1943 1942 1940
3 1945 1946 1944
3 1945 1944 1943
3 1945 1943 1939
3 1945 1939 1948
3 1947 2127 1946
3 1947 1946 1945
3 1947 1945 1948
3 1947 1948 1949
3 1951 1949 1948
3 1951 1948 1950
3 1950 1948 1939
3 1950 1939 1937
3 1951 1950 1952
3 1951 1952 1953
3 1950 1937 1954
3 1950 1954 1952
3 1956 1953 1952
3 1956 1952 1955
3 1955 1952 1954
3 1955 1954 1775
3 1955 1775 1777
3 1955 1777 1957
3 1956 1955 1957
3 1956 1957 1794
3 1793 1957 1777
3 1793 1777 1779
3 1958 1959 1953
3 1958 1953 1956
3 1958 1956 1794
3 1958 1794 1796
3 1960 1962 1959
3 1960 1959 1958
3 1960 1958 1796
3 1960 1796 1798
3 1961 1963 1962
3 1961 1962 1960
3 1961 1960 1798
3 1961 1798 4349
3 1967 1964 1962
3 1967 1962 1963
3 1964 1965 1959
3 1964 1959 1962
3 1964 1966 2130
3 1964 2130 1965
3 1967 1968 1966
3 1967 1966 1964
3 1969 1970 1968
3 1969 1968 1967
3 1969 1967 1963
3 1969 1963 1972
3 1971 4338 1970
3 1971 1970 1969
3 1971 1969 1972
3 1971 1972 1973
3 1975 1973 1972
3 1975 1972 1974
3 1974 1972 1963
3 1974 1963 1961
3 1975 1974 1809
3 1975 1809 1811
3 1974 1961 4349
3 1974 4349 1809
3 1976 1978 1973
3 1976 1973 1975
3 1976 1975 1811
3 1976 1811 1813
3 1977 1979 1978
3 1977 1978 1976
3 1977 1976 1813
3 1977 1813 4348
3 1982 1980 1978
3 1982 1978 1979
3 1980 1971 1973
3 1980 1973 1978
3 1980 1981 4338
3 1980 4338 1971
3 1982 1983 1981
3 1982 1981 1980
3 1984 1985 1983
3 1984 1983 1982
3 1984 1982 1979
3 1984 1979 1987
3 1986 4337 1985
3 1986 1985 1984
3 1986 1984 1987
3 1986 1987 1988
3 1990 1988 1987
3 1990 1987 1989
3 1989 1987 1979
3 1989 1979 1977
3 1990 1989 1824
3 1990 1824 1826
3 1989 1977 4348
3 1989 4348 1824
3 1991 1993 1988
3 1991 1988 1990
3 1991 1990 1826
3 1991 1826 1828
3 1992 1994 1993
3 1992 1993 1991
3 1992 1991 1828
3 1992 1828 4347
3 1997 1995 1993
3 1997 1993 1994
3 1995 1986 1988
3 1995 1988 1993
3 1995 1996 4337
3 1995 4337 1986
3 1997 1998 1996
3 1997 1996 1995
3 1999 2000 1998
3 1999 1998 1997
3 1999 1997 1994
3 1999 1994 2002
3 2001 4336 2000
3 2001 2000 1999
3 2001 1999 2002
3 2001 2002 2003
3 2005 2003 2002
3 2005 2002 2004
3 2004 2002 1994
3 2004 1994 1992
3 2005 2004 1839
3 2005 1839 1841
3 2004 1992 4347
3 2004 4347 1839
3 2006 2008 2003
3 2006 2003 2005
3 2006 2005 1841
3 2006 1841 1843
3 2007 2009 2008
3 2007 2008 2006
3 2007 2006 1843
3 2007 1843 4346
3 2012 2010 2008
3 2012 2008 2009
3 2010 2001 2003
3 2010 2003 2008
3 2010 2011 4336
3 2010 4336 2001
3 2012 2013 2011
3 2012 2011 2010
3 2014 2015 2013
3 2014 2013 2012
3 2014 2012 2009
3 2014 2009 2017
3 2016 4335 2015
3 2016 2015 2014
3 2016 2014 2017
3 2016 2017 2018
3 2020 2018 2017
3 2020 2017 2019
3 2019 2017 2009
3 2019 2009 2007
3 2020 2019 1854
3 2020 1854 1856
3 2019 2007 4346
3 2019 4346 1854
3 2021 2023 2018
3 2021 2018 2020
3 2021 2020 1856
3 2021 1856 1858
3 2022 2024 2023
3 2022 2023 2021
3 2022 2021 1858
3 2022 1858 4345
3 2027 2025 2023
3 2027 2023 2024
3 2025 2016 2018
3 2025 2018 2023
3 2025 2026 4335
3 2025 4335 2016
3 2027 2028 2026
3 2027 2026 2025
3 2029 2030 2028
3 2029 2028 2027
3 2029 2027 2024
3 2029 2024 2032
3 2031 4334 2030
3 2031 2030 2029
3 2031 2029 2032
3 2031 2032 2033
3 2035 2033 2032
3 2035 2032 2034
3 2034 2032 2024
3 2034 2024 2022
3 2035 2034 1869
3 2035 1869 1871
3 2034 2022 4345
3 2034 4345 1869
3 2036 2038 2033
3 2036 2033 2035
3 2036 2035 1871
3 2036 1871 1873
3 2037 2039 2038
3 2037 2038 2036
3 2037 2036 1873
3 2037 1873 4344
3 2042 2040 2038
3 2042 2038 2039
3 2040 2031 2033
3 2040 2033 2038
3 2040 2041 4334
3 2040 4334 2031
3 2042 2043 2041
3 2042 2041 2040
3 2044 2045 2043
3 2044 2043 2042
3 2044 2042 2039
3 2044 2039 2047
3 2046 4333 2045
3 2046 2045 2044
3 2046 2044 2047
3 2046 2047 2048
3 2050 2048 2047
3 2050 2047 2049
3 2049 2047 2039
3 2049 2039 2037
3 2050 2049 1884
3 2050 1884 1886
3 2049 2037 4344
3 2049 4344 1884
3 2051 2053 2048
3 2051 2048 2050
3 2051 2050 1886
3 2051 1886 1888
3 2052 2054 2053
3 2052 2053 2051
3 2052 2051 1888
3 2052 1888 4343
3 2057 2055 2053
3 2057 2053 2054
3 2055 2046 2048
3 2055 2048 2053
3 2055 2056 4333
3 2055 4333 2046
3 2057 2059 2056
3 2057 2056 2055
3 2058 2061 2059
3 2058 2059 2057
3 2058 2057 2054
3 2058 2054 2069
3 2060 4332 2056
3 2060 2056 2059
3 2060 2059 2061
3 2060 2061 2062
3 2063 2064 2062
3 2063 2062 2061
3 2063 2061 2058
3 2063 2058 2066
3 4331 2064 2063
3 4331 2063 2065
3 2063 2066 2067
3 2063 2067 2065
3 2070 2067 2066
3 2070 2066 2068
3 2058 2069 2068
3 2058 2068 2066
3 1903 2068 2069
3 1903 2069 4342
3 2070 2068 1903
3 2070 1903 1905
3 2073 2067 2070
3 2073 2070 2071
3 2070 1905 1907
3 2070 1907 2071
3 4341 2072 2071
3 4341 2071 1907
3 2075 2073 2071
3 2075 2071 2072
3 2073 2074 2065
3 2073 2065 2067
3 2075 2076 2074
3 2075 2074 2073
3 2077 2080 2076
3 2077 2076 2075
3 2077 2075 2072
3 2077 2072 2079
3 2078 2081 2080
3 2078 2080 2077
3 2078 2077 2079
3 2078 2079 4340
3 2085 2082 2080
3 2085 2080 2081
3 2082 2083 2076
3 2082 2076 2080
3 2082 2084 4330
3 2082 4330 2083
3 2085 2086 2084
3 2085 2084 2082
3 2087 2088 2086
3 2087 2086 2085
3 2087 2085 2081
3 2087 2081 2090
3 2089 4328 2088
3 2089 2088 2087
3 2089 2087 2090
3 2089 2090 2091
3 2093 2091 2090
3 2093 2090 2092
3 2092 2090 2081
3 2092 2081 2078
3 2093 2092 1923
3 2093 1923 1925
3 2092 2078 4340
3 2092 4340 1923
3 1928 2094 2091
3 1928 2091 2093
3 2095 2089 2091
3 2095 2091 2094
3 2097 2095 2094
3 2097 2094 1931
3 2095 2096 4328
3 2095 4328 2089
3 2097 2098 2096
3 2097 2096 2095
3 2099 2100 2098
3 2099 2098 2097
3 2099 2097 1931
3 2099 1931 1933
3 1941 2102 2100
3 1941 2100 2099
3 1941 2099 1933
3 1941 1933 1935
3 2101 2266 2098
3 2101 2098 2100
3 2103 2101 2100
3 2103 2100 2102
3 2105 2103 2102
3 2105 2102 1942
3 2103 2104 2267
3 2103 2267 2101
3 2105 2106 2104
3 2105 2104 2103
3 2107 2108 2106
3 2107 2106 2105
3 2107 2105 1942
3 2107 1942 1944
3 2109 2111 2108
3 2109 2108 2107
3 2109 2107 1944
3 2109 1944 1946
3 2110 2112 2111
3 2110 2111 2109
3 2110 2109 1946
3 2110 1946 2127
3 2116 2113 2111
3 2116 2111 2112
3 2113 2114 2108
3 2113 2108 2111
3 2113 2115 2275
3 2113 2275 2114
3 2116 2117 2115
3 2116 2115 2113
3 2118 2119 2117
3 2118 2117 2116
3 2118 2116 2112
3 2118 2112 2121
3 2120 2300 2119
3 2120 2119 2118
3 2120 2118 2121
3 2120 2121 2122
3 2124 2122 2121
3 2124 2121 2123
3 2123 2121 2112
3 2123 2112 2110
3 2124 2123 2125
3 2124 2125 2126
3 2123 2110 2127
3 2123 2127 2125
3 2129 2126 2125
3 2129 2125 2128
3 2128 2125 2127
3 2128 2127 1947
3 2128 1947 1949
3 2128 1949 2130
3 2129 2128 2130
3 2129 2130 1966
3 1965 2130 1949
3 1965 1949 1951
3 2131 2132 2126
3 2131 2126 2129
3 2131 2129 1966
3 2131 1966 1968
3 2133 2135 2132
3 2133 2132 2131
3 2133 2131 1968
3 2133 1968 1970
3 2134 2136 2135
3 2134 2135 2133
3 2134 2133 1970
3 2134 1970 4338
3 2140 2137 2135
3 2140 2135 2136
3 2137 2138 2132
3 2137 2132 2135
3 2137 2139 2303
3 2137 2303 2138
3 2140 2141 2139
3 2140 2139 2137
3 2142 2143 2141
3 2142 2141 2140
3 2142 2140 2136
3 2142 2136 2145
3 2144 4327 2143
3 2144 2143 2142
3 2144 2142 2145
3 2144 2145 2146
3 2148 2146 2145
3 2148 2145 2147
3 2147 2145 2136
3 2147 2136 2134
3 2148 2147 1981
3 2148 1981 1983
3 2147 2134 4338
3 2147 4338 1981
3 2149 2151 2146
3 2149 2146 2148
3 2149 2148 1983
3 2149 1983 1985
3 2150 2152 2151
3 2150 2151 2149
3 2150 2149 1985
3 2150 1985 4337
3 2155 2153 2151
3 2155 2151 2152
3 2153 2144 2146
3 2153 2146 2151
3 2153 2154 4327
3 2153 4327 2144
3 2155 2156 2154
3 2155 2154 2153
3 2157 2158 2156
3 2157 2156 2155
3 2157 2155 2152
3 2157 2152 2160
3 2159 4326 2158
3 2159 2158 2157
3 2159 2157 2160
3 2159 2160 2161
3 2163 2161 2160
3 2163 2160 2162
3 2162 2160 2152
3 2162 2152 2150
3 2163 2162 1996
3 2163 1996 1998
3 2162 2150 4337
3 2162 4337 1996
3 2164 2166 2161
3 2164 2161 2163
3 2164 2163 1998
3 2164 1998 2000
3 2165 2167 2166
3 2165 2166 2164
3 2165 2164 2000
3 2165 2000 4336
3 2170 2168 2166
3 2170 2166 2167
3 2168 2159 2161
3 2168 2161 2166
3 2168 2169 4326
3 2168 4326 2159
3 2170 2171 2169
3 2170 2169 2168
3 2172 2173 2171
3 2172 2171 2170
3 2172 2170 2167
3 2172 2167 2175
3 2174 4325 2173
3 2174 2173 2172
3 2174 2172 2175
3 2174 2175 2176
3 2178 2176 2175
3 2178 2175 2177
3 2177 2175 2167
3 2177 2167 2165
3 2178 2177 2011
3 2178 2011 2013
3 2177 2165 4336
3 2177 4336 2011
3 2179 2181 2176
3 2179 2176 2178
3 2179 2178 2013
3 2179 2013 2015
3 2180 2182 2181
3 2180 2181 2179
3 2180 2179 2015
3 2180 2015 4335
3 2185 2183 2181
3 2185 2181 2182
3 2183 2174 2176
3 2183 2176 2181
3 2183 2184 4325
3 2183 4325 2174
3 2185 2186 2184
3 2185 2184 2183
3 2187 2188 2186
3 2187 2186 2185
3 2187 2185 2182
3 2187 2182 2190
3 2189 4324 2188
3 2189 2188 2187
3 2189 2187 2190
3 2189 2190 2191
3 2193 2191 2190
3 2193 2190 2192
3 2192 2190 2182
3 2192 2182 2180
3 2193 2192 2026
3 2193 2026 2028
3 2192 2180 4335
3 2192 4335 2026
3 2194 2196 2191
3 2194 2191 2193
3 2194 2193 2028
3 2194 2028 2030
3 2195 2197 2196
3 2195 2196 2194
3 2195 2194 2030
3 2195 2030 4334
3 2200 2198 2196
3 2200 2196 2197
3 2198 2189 2191
3 2198 2191 2196
3 2198 2199 4324
3 2198 4324 2189
3 2200 2201 2199
3 2200 2199 2198
3 2202 2203 2201
3 2202 2201 2200
3 2202 2200 2197
3 2202 2197 2205
3 2204 4323 2203
3 2204 2203 2202
3 2204 2202 2205
3 2204 2205 2206
3 2208 2206 2205
3 2208 2205 2207
3 2207 2205 2197
3 2207 2197 2195
3 2208 2207 2041
3 2208 2041 2043
3 2207 2195 4334
3 2207 4334 2041
3 2209 2211 2206
3 2209 2206 2208
3 2209 2208 2043
3 2209 2043 2045
3 2210 2212 2211
3 2210 2211 2209
3 2210 2209 2045
3 2210 2045 4333
3 2215 2213 2211
3 2215 2211 2212
3 2213 2204 2206
3 2213 2206 2211
3 2213 2214 4323
3 2213 4323 2204
3 2215 2217 2214
3 2215 2214 2213
3 2216 2219 2217
3 2216 2217 2215
3 2216 2215 2212
3 2216 2212 2227
3 2218 2387 2214
3 2218 2214 2217
3 2218 2217 2219
3 2218 2219 2220
3 2221 2222 2220
3 2221 2220 2219
3 2221 2219 2216
3 2221 2216 2224
3 4322 2222 2221
3 4322 2221 2223
3 2221 2224 2225
3 2221 2225 2223
3 2228 2225 2224
3 2228 2224 2226
3 2216 2227 2226
3 2216 2226 2224
3 2060 2226 2227
3 2060 2227 4332
3 2228 2226 2060
3 2228 2060 2062
3 2231 2225 2228
3 2231 2228 2229
3 2228 2062 2064
3 2228 2064 2229
3 4331 2230 2229
3 4331 2229 2064
3 2233 2231 2229
3 2233 2229 2230
3 2231 2232 2223
3 2231 2223 2225
3 2233 2234 2232
3 2233 2232 2231
3 2235 2238 2234
3 2235 2234 2233
3 2235 2233 2230
3 2235 2230 2237
3 2236 2239 2238
3 2236 2238 2235
3 2236 2235 2237
3 2236 2237 4330
3 2243 2240 2238
3 2243 2238 2239
3 2240 2241 2234
3 2240 2234 2238
3 2240 2242 4321
3 2240 4321 2241
3 2243 2244 2242
3 2243 2242 2240
3 2245 2246 2244
3 2245 2244 2243
3 2245 2243 2239
3 2245 2239 2248
3 2247 4319 2246
3 2247 2246 2245
3 2247 2245 2248
3 2247 2248 2249
3 2251 2249 2248
3 2251 2248 2250
3 2250 2248 2239
3 2250 2239 2236
3 2251 2250 2084
3 2251 2084 2086
3 2250 2236 4330
3 2250 4330 2084
3 2252 2254 2249
3 2252 2249 2251
3 2252 2251 2086
3 2252 2086 2088
3 2253 2255 2254
3 2253 2254 2252
3 2253 2252 2088
3 2253 2088 4328
3 2258 2256 2254
3 2258 2254 2255
3 2256 2247 2249
3 2256 2249 2254
3 2256 2257 4319
3 2256 4319 2247
3 2258 2259 2257
3 2258 2257 2256
3 2260 2261 2259
3 2260 2259 2258
3 2260 2258 2255
3 2260 2255 2263
3 2262 4318 2261
3 2262 2261 2260
3 2262 2260 2263
3 2262 2263 2264
3 2266 2264 2263
3 2266 2263 2265
3 2265 2263 2255
3 2265 2255 2253
3 2266 2265 2096
3 2266 2096 2098
3 2265 2253 4328
3 2265 4328 2096
3 2101 2267 2264
3 2101 2264 2266
3 2268 2262 2264
3 2268 2264 2267
3 2270 2268 2267
3 2270 2267 2104
3 2268 2269 4318
3 2268 4318 2262
3 2270 2271 2269
3 2270 2269 2268
3 2272 2273 2271
3 2272 2271 2270
3 2272 2270 2104
3 2272 2104 2106
3 2114 2275 2273
3 2114 2273 2272
3 2114 2272 2106
3 2114 2106 2108
3 2274 2440 2271
3 2274 2271 2273
3 2276 2274 2273
3 2276 2273 2275
3 2278 2276 2275
3 2278 2275 2115
3 2276 2277 2441
3 2276 2441 2274
3 2278 2279 2277
3 2278 2277 2276
3 2280 2281 2279
3 2280 2279 2278
3 2280 2278 2115
3 2280 2115 2117
3 2282 2284 2281
3 2282 2281 2280
3 2282 2280 2117
3 2282 2117 2119
3 2283 2285 2284
3 2283 2284 2282
3 2283 2282 2119
3 2283 2119 2300
3 2289 2286 2284
3 2289 2284 2285
3 2286 2287 2281
3 2286 2281 2284
3 2286 2288 2449
3 2286 2449 2287
3 2289 2290 2288
3 2289 2288 2286
3 2291 2292 2290
3 2291 2290 2289
3 2291 2289 2285
3 2291 2285 2294
3 2293 2474 2292
3 2293 2292 2291
3 2293 2291 2294
3 2293 2294 2295
3 2297 2295 2294
3 2297 2294 2296
3 2296 2294 2285
3 2296 2285 2283
3 2297 2296 2298
3 2297 2298 2299
3 2296 2283 2300
3 2296 2300 2298
3 2302 2299 2298
3 2302 2298 2301
3 2301 2298 2300
3 2301 2300 2120
3 2301 2120 2122
3 2301 2122 2303
3 2302 2301 2303
3 2302 2303 2139
3 2138 2303 2122
3 2138 2122 2124
3 2304 2305 2299
3 2304 2299 2302
3 2304 2302 2139
3 2304 2139 2141
3 2306 2308 2305
3 2306 2305 2304
3 2306 2304 2141
3 2306 2141 2143
3 2307 2309 2308
3 2307 2308 2306
3 2307 2306 2143
3 2307 2143 4327
3 2313 2310 2308
3 2313 2308 2309
3 2310 2311 2305
3 2310 2305 2308
3 2310 2312 2477
3 2310 2477 2311
3 2313 2314 2312
3 2313 2312 2310
3 2315 2316 2314
3 2315 2314 2313
3 2315 2313 2309
3 2315 2309 2318
3 2317 4317 2316
3 2317 2316 2315
3 2317 2315 2318
3 2317 2318 2319
3 2321 2319 2318
3 2321 2318 2320
3 2320 2318 2309
3 2320 2309 2307
3 2321 2320 2154
3 2321 2154 2156
3 2320 2307 4327
3 2320 4327 2154
3 2322 2324 2319
3 2322 2319 2321
3 2322 2321 2156
3 2322 2156 2158
3 2323 2325 2324
3 2323 2324 2322
3 2323 2322 2158
3 2323 2158 4326
3 2328 2326 2324
3 2328 2324 2325
3 2326 2317 2319
3 2326 2319 2324
3 2326 2327 4317
3 2326 4317 2317
3 2328 2329 2327
3 2328 2327 2326
3 2330 2331 2329
3 2330 2329 2328
3 2330 2328 2325
3 2330 2325 2333
3 2332 4316 2331
3 2332 2331 2330
3 2332 2330 2333
3 2332 2333 2334
3 2336 2334 2333
3 2336 2333 2335
3 2335 2333 2325
3 2335 2325 2323
3 2336 2335 2169
3 2336 2169 2171
3 2335 2323 4326
3 2335 4326 2169
3 2337 2339 2334
3 2337 2334 2336
3 2337 2336 2171
3 2337 2171 2173
3 2338 2340 2339
3 2338 2339 2337
3 2338 2337 2173
3 2338 2173 4325
3 2343 2341 2339
3 2343 2339 2340
3 2341 2332 2334
3 2341 2334 2339
3 2341 2342 4316
3 2341 4316 2332
3 2343 2344 2342
3 2343 2342 2341
3 2345 2346 2344
3 2345 2344 2343
3 2345 2343 2340
3 2345 2340 2348
3 2347 4315 2346
3 2347 2346 2345
3 2347 2345 2348
3 2347 2348 2349
3 2351 2349 2348
3 2351 2348 2350
3 2350 2348 2340
3 2350 2340 2338
3 2351 2350 2184
3 2351 2184 2186
3 2350 2338 4325
3 2350 4325 2184
3 2352 2354 2349
3 2352 2349 2351
3 2352 2351 2186
3 2352 2186 2188
3 2353 2355 2354
3 2353 2354 2352
3 2353 2352 2188
3 2353 2188 4324
3 2358 2356 2354
3 2358 2354 2355
3 2356 2347 2349
3 2356 2349 2354
3 2356 2357 4315
3 2356 4315 2347
3 2358 2359 2357
3 2358 2357 2356
3 2360 2361 2359
3 2360 2359 2358
3 2360 2358 2355
3 2360 2355 2363
3 2362 4314 2361
3 2362 2361 2360
3 2362 2360 2363
3 2362 2363 2364
3 2366 2364 2363
3 2366 2363 2365
3 2365 2363 2355
3 2365 2355 2353
3 2366 2365 2199
3 2366 2199 2201
3 2365 2353 4324
3 2365 4324 2199
3 2367 2369 2364
3 2367 2364 2366
3 2367 2366 2201
3 2367 2201 2203
3 2368 2370 2369
3 2368 2369 2367
3 2368 2367 2203
3 2368 2203 4323
3 2373 2371 2369
3 2373 2369 2370
3 2371 2362 2364
3 2371 2364 2369
3 2371 2372 4314
3 2371 4314 2362
3 2373 2375 2372
3 2373 2372 2371
3 2374 2377 2375
3 2374 2375 2373
3 2374 2373 2370
3 2374 2370 2386
3 2376 4313 2372
3 2376 2372 2375
3 2376 2375 2377
3 2376 2377 2378
3 2379 2380 2378
3 2379 2378 2377
3 2379 2377 2374
3 2379 2374 2382
3 4312 2380 2379
3 4312 2379 2381
3 2379 2382 2383
3 2379 2383 2381
3 2385 2383 2382
3 2385 2382 2384
3 2374 2386 2384
3 2374 2384 2382
3 2385 2384 2218
3 2385 2218 2220
3 2218 2384 2386
3 2218 2386 2387
3 2387 2386 2370
3 2387 2370 2368
3 2387 2368 4323
3 2387 4323 2214
3 2390 2383 2385
3 2390 2385 2388
3 2385 2220 2222
3 2385 2222 2388
3 4322 2389 2388
3 4322 2388 2222
3 2392 2390 2388
3 2392 2388 2389
3 2390 2391 2381
3 2390 2381 2383
3 2392 2393 2391
3 2392 2391 2390
3 2394 2397 2393
3 2394 2393 2392
3 2394 2392 2389
3 2394 2389 2396
3 2395 2398 2397
3 2395 2397 2394
3 2395 2394 2396
3 2395 2396 4321
3 2402 2399 2397
3 2402 2397 2398
3 2399 2400 2393
3 2399 2393 2397
3 2399 2401 4311
3 2399 4311 2400
3 2402 2403 2401
3 2402 2401 2399
3 2404 2405 2403
3 2404 2403 2402
3 2404 2402 2398
3 2404 2398 2407
3 2406 4309 2405
3 2406 2405 2404
3 2406 2404 2407
3 2406 2407 2408
3 2410 2408 2407
3 2410 2407 2409
3 2409 2407 2398
3 2409 2398 2395
3 2410 2409 2242
3 2410 2242 2244
3 2409 2395 4321
3 2409 4321 2242
3 2411 2413 2408
3 2411 2408 2410
3 2411 2410 2244
3 2411 2244 2246
3 2412 2414 2413
3 2412 2413 2411
3 2412 2411 2246
3 2412 2246 4319
3 2417 2415 2413
3 2417 2413 2414
3 2415 2406 2408
3 2415 2408 2413
3 2415 2416 4309
3 2415 4309 2406
3 2417 2418 2416
3 2417 2416 2415
3 2419 2420 2418
3 2419 2418 2417
3 2419 2417 2414
3 2419 2414 2422
3 2421 4308 2420
3 2421 2420 2419
3 2421 2419 2422
3 2421 2422 2423
3 2425 2423 2422
3 2425 2422 2424
3 2424 2422 2414
3 2424 2414 2412
3 2425 2424 2257
3 2425 2257 2259
3 2424 2412 4319
3 2424 4319 2257
3 2426 2428 2423
3 2426 2423 2425
3 2426 2425 2259
3 2426 2259 2261
3 2427 2429 2428
3 2427 2428 2426
3 2427 2426 2261
3 2427 2261 4318
3 2432 2430 2428
3 2432 2428 2429
3 2430 2421 2423
3 2430 2423 2428
3 2430 2431 4308
3 2430 4308 2421
3 2432 2433 2431
3 2432 2431 2430
3 2434 2435 2433
3 2434 2433 2432
3 2434 2432 2429
3 2434 2429 2437
3 2436 4307 2435
3 2436 2435 2434
3 2436 2434 2437
3 2436 2437 2438
3 2440 2438 2437
3 2440 2437 2439
3 2439 2437 2429
3 2439 2429 2427
3 2440 2439 2269
3 2440 2269 2271
3 2439 2427 4318
3 2439 4318 2269
3 2274 2441 2438
3 2274 2438 2440
3 2442 2436 2438
3 2442 2438 2441
3 2444 2442 2441
3 2444 2441 2277
3 2442 2443 4307
3 2442 4307 2436
3 2444 2445 2443
3 2444 2443 2442
3 2446 2447 2445
3 2446 2445 2444
3 2446 2444 2277
3 2446 2277 2279
3 2287 2449 2447
3 2287 2447 2446
3 2287 2446 2279
3 2287 2279 2281
3 2448 2613 2445
3 2448 2445 2447
3 2450 2448 2447
3 2450 2447 2449
3 2452 2450 2449
3 2452 2449 2288
3 2450 2451 2614
3 2450 2614 2448
3 2452 2453 2451
3 2452 2451 2450
3 2454 2455 2453
3 2454 2453 2452
3 2454 2452 2288
3 2454 2288 2290
3 2456 2458 2455
3 2456 2455 2454
3 2456 2454 2290
3 2456 2290 2292
3 2457 2459 2458
3 2457 2458 2456
3 2457 2456 2292
3 2457 2292 2474
3 2463 2460 2458
3 2463 2458 2459
3 2460 2461 2455
3 2460 2455 2458
3 2460 2462 2622
3 2460 2622 2461
3 2463 2464 2462
3 2463 2462 2460
3 2465 2466 2464
3 2465 2464 2463
3 2465 2463 2459
3 2465 2459 2468
3 2467 2647 2466
3 2467 2466 2465
3 2467 2465 2468
3 2467 2468 2469
3 2471 2469 2468
3 2471 2468 2470
3 2470 2468 2459
3 2470 2459 2457
3 2471 2470 2472
3 2471 2472 2473
3 2470 2457 2474
3 2470 2474 2472
3 2476 2473 2472
3 2476 2472 2475
3 2475 2472 2474
3 2475 2474 2293
3 2475 2293 2295
3 2475 2295 2477
3 2476 2475 2477
3 2476 2477 2312
3 2311 2477 2295
3 2311 2295 2297
3 2478 2479 2473
3 2478 2473 2476
3 2478 2476 2312
3 2478 2312 2314
3 2480 2482 2479
3 2480 2479 2478
3 2480 2478 2314
3 2480 2314 2316
3 2481 2483 2482
3 2481 2482 2480
3 2481 2480 2316
3 2481 2316 4317
3 2487 2484 2482
3 2487 2482 2483
3 2484 2485 2479
3 2484 2479 2482
3 2484 2486 2650
3 2484 2650 2485
3 2487 2488 2486
3 2487 2486 2484
3 2489 2490 2488
3 2489 2488 2487
3 2489 2487 2483
3 2489 2483 2492
3 2491 4306 2490
3 2491 2490 2489
3 2491 2489 2492
3 2491 2492 2493
3 2495 2493 2492
3 2495 2492 2494
3 2494 2492 2483
3 2494 2483 2481
3 2495 2494 2327
3 2495 2327 2329
3 2494 2481 4317
3 2494 4317 2327
3 2496 2498 2493
3 2496 2493 2495
3 2496 2495 2329
3 2496 2329 2331
3 2497 2499 2498
3 2497 2498 2496
3 2497 2496 2331
3 2497 2331 4316
3 2502 2500 2498
3 2502 2498 2499
3 2500 2491 2493
3 2500 2493 2498
3 2500 2501 4306
3 2500 4306 2491
3 2502 2503 2501
3 2502 2501 2500
3 2504 2505 2503
3 2504 2503 2502
3 2504 2502 2499
3 2504 2499 2507
3 2506 4305 2505
3 2506 2505 2504
3 2506 2504 2507
3 2506 2507 2508
3 2510 2508 2507
3 2510 2507 2509
3 2509 2507 2499
3 2509 2499 2497
3 2510 2509 2342
3 2510 2342 2344
3 2509 2497 4316
3 2509 4316 2342
3 2511 2513 2508
3 2511 2508 2510
3 2511 2510 2344
3 2511 2344 2346
3 2512 2514 2513
3 2512 2513 2511
3 2512 2511 2346
3 2512 2346 4315
3 2517 2515 2513
3 2517 2513 2514
3 2515 2506 2508
3 2515 2508 2513
3 2515 2516 4305
3 2515 4305 2506
3 2517 2518 2516
3 2517 2516 2515
3 2519 2520 2518
3 2519 2518 2517
3 2519 2517 2514
3 2519 2514 2522
3 2521 4304 2520
3 2521 2520 2519
3 2521 2519 2522
3 2521 2522 2523
3 2525 2523 2522
3 2525 2522 2524
3 2524 2522 2514
3 2524 2514 2512
3 2525 2524 2357
3 2525 2357 2359
3 2524 2512 4315
3 2524 4315 2357
3 2526 2528 2523
3 2526 2523 2525
3 2526 2525 2359
3 2526 2359 2361
3 2527 2529 2528
3 2527 2528 2526
3 2527 2526 2361
3 2527 2361 4314
3 2532 2530 2528
3 2532 2528 2529
3 2530 2521 2523
3 2530 2523 2528
3 2530 2531 4304
3 2530 4304 2521
3 2532 2534 2531
3 2532 2531 2530
3 2533 2536 2534
3 2533 2534 2532
3 2533 2532 2529
3 2533 2529 2544
3 2535 4303 2531
3 2535 2531 2534
3 2535 2534 2536
3 2535 2536 2537
3 2538 2539 2537
3 2538 2537 2536
3 2538 2536 2533
3 2538 2533 2541
3 4302 2539 2538
3 4302 2538 2540
3 2538 2541 2542
3 2538 2542 2540
3 2545 2542 2541
3 2545 2541 2543
3 2533 2544 2543
3 2533 2543 2541
3 2376 2543 2544
3 2376 2544 4313
3 2545 2543 2376
3 2545 2376 2378
3 2548 2542 2545
3 2548 2545 2546
3 2545 2378 2380
3 2545 2380 2546
3 4312 2547 2546
3 4312 2546 2380
3 2550 2548 2546
3 2550 2546 2547
3 2548 2549 2540
3 2548 2540 2542
3 2550 2551 2549
3 2550 2549 2548
3 2552 2555 2551
3 2552 2551 2550
3 2552 2550 2547
3 2552 2547 2554
3 2553 2556 2555
3 2553 2555 2552
3 2553 2552 2554
3 2553 2554 4311
3 2560 2557 2555
3 2560 2555 2556
3 2557 2558 2551
3 2557 2551 2555
3 2557 2559 4301
3 2557 4301 2558
3 2560 2561 2559
3 2560 2559 2557
3 2562 2563 2561
3 2562 2561 2560
3 2562 2560 2556
3 2562 2556 2565
3 2564 4299 2563
3 2564 2563 2562
3 2564 2562 2565
3 2564 2565 2566
3 2568 2566 2565
3 2568 2565 2567
3 2567 2565 2556
3 2567 2556 2553
3 2568 2567 2401
3 2568 2401 2403
3 2567 2553 4311
3 2567 4311 2401
3 2569 2571 2566
3 2569 2566 2568
3 2569 2568 2403
3 2569 2403 2405
3 2570 2572 2571
3 2570 2571 2569
3 2570 2569 2405
3 2570 2405 4309
3 2575 2573 2571
3 2575 2571 2572
3 2573 2564 2566
3 2573 2566 2571
3 2573 2574 4299
3 2573 4299 2564
3 2575 2576 2574
3 2575 2574 2573
3 2577 2578 2576
3 2577 2576 2575
3 2577 2575 2572
3 2577 2572 2580
3 2579 4298 2578
3 2579 2578 2577
3 2579 2577 2580
3 2579 2580 2581
3 2583 2581 2580
3 2583 2580 2582
3 2582 2580 2572
3 2582 2572 2570
3 2583 2582 2416
3 2583 2416 2418
3 2582 2570 4309
3 2582 4309 2416
3 2584 2586 2581
3 2584 2581 2583
3 2584 2583 2418
3 2584 2418 2420
3 2585 2587 2586
3 2585 2586 2584
3 2585 2584 2420
3 2585 2420 4308
3 2590 2588 2586
3 2590 2586 2587
3 2588 2579 2581
3 2588 2581 2586
3 2588 2589 4298
3 2588 4298 2579
3 2590 2591 2589
3 2590 2589 2588
3 2592 2593 2591
3 2592 2591 2590
3 2592 2590 2587
3 2592 2587 2595
3 2594 4297 2593
3 2594 2593 2592
3 2594 2592 2595
3 2594 2595 2596
3 2598 2596 2595
3 2598 2595 2597
3 2597 2595 2587
3 2597 2587 2585
3 2598 2597 2431
3 2598 2431 2433
3 2597 2585 4308
3 2597 4308 2431
3 2599 2601 2596
3 2599 2596 2598
3 2599 2598 2433
3 2599 2433 2435
3 2600 2602 2601
3 2600 2601 2599
3 2600 2599 2435
3 2600 2435 4307
3 2605 2603 2601
3 2605 2601 2602
3 2603 2594 2596
3 2603 2596 2601
3 2603 2604 4297
3 2603 4297 2594
3 2605 2606 2604
3 2605 2604 2603
3 2607 2608 2606
3 2607 2606 2605
3 2607 2605 2602
3 2607 2602 2610
3 2609 4296 2608
3 2609 2608 2607
3 2609 2607 2610
3 2609 2610 2611
3 2613 2611 2610
3 2613 2610 2612
3 2612 2610 2602
3 2612 2602 2600
3 2613 2612 2443
3 2613 2443 2445
3 2612 2600 4307
3 2612 4307 2443
3 2448 2614 2611
3 2448 2611 2613
3 2615 2609 2611
3 2615 2611 2614
3 2617 2615 2614
3 2617 2614 2451
3 2615 2616 4296
3 2615 4296 2609
3 2617 2618 2616
3 2617 2616 2615
3 2619 2620 2618
3 2619 2618 2617
3 2619 2617 2451
3 2619 2451 2453
3 2461 2622 2620
3 2461 2620 2619
3 2461 2619 2453
3 2461 2453 2455
3 2621 2786 2618
3 2621 2618 2620
3 2623 2621 2620
3 2623 2620 2622
3 2625 2623 2622
3 2625 2622 2462
3 2623 2624 2787
3 2623 2787 2621
3 2625 2626 2624
3 2625 2624 2623
3 2627 2628 2626
3 2627 2626 2625
3 2627 2625 2462
3 2627 2462 2464
3 2629 2631 2628
3 2629 2628 2627
3 2629 2627 2464
3 2629 2464 2466
3 2630 2632 2631
3 2630 2631 2629
3 2630 2629 2466
3 2630 2466 2647
3 2636 2633 2631
3 2636 2631 2632
3 2633 2634 2628
3 2633 2628 2631
3 2633 2635 2795
3 2633 2795 2634
3 2636 2637 2635
3 2636 2635 2633
3 2638 2639 2637
3 2638 2637 2636
3 2638 2636 2632
3 2638 2632 2641
3 2640 2820 2639
3 2640 2639 2638
3 2640 2638 2641
3 2640 2641 2642
3 2644 2642 2641
3 2644 2641 2643
3 2643 2641 2632
3 2643 2632 2630
3 2644 2643 2645
3 2644 2645 2646
3 2643 2630 2647
3 2643 2647 2645
3 2649 2646 2645
3 2649 2645 2648
3 2648 2645 2647
3 2648 2647 2467
3 2648 2467 2469
3 2648 2469 2650
3 2649 2648 2650
3 2649 2650 2486
3 2485 2650 2469
3 2485 2469 2471
3 2651 2652 2646
3 2651 2646 2649
3 2651 2649 2486
3 2651 2486 2488
3 2653 2655 2652
3 2653 2652 2651
3 2653 2651 2488
3 2653 2488 2490
3 2654 2656 2655
3 2654 2655 2653
3 2654 2653 2490
3 2654 2490 4306
3 2660 2657 2655
3 2660 2655 2656
3 2657 2658 2652
3 2657 2652 2655
3 2657 2659 2823
3 2657 2823 2658
3 2660 2661 2659
3 2660 2659 2657
3 2662 2663 2661
3 2662 2661 2660
3 2662 2660 2656
3 2662 2656 2665
3 2664 4295 2663
3 2664 2663 2662
3 2664 2662 2665
3 2664 2665 2666
3 2668 2666 2665
3 2668 2665 2667
3 2667 2665 2656
3 2667 2656 2654
3 2668 2667 2501
3 2668 2501 2503
3 2667 2654 4306
3 2667 4306 2501
3 2669 2671 2666
3 2669 2666 2668
3 2669 2668 2503
3 2669 2503 2505
3 2670 2672 2671
3 2670 2671 2669
3 2670 2669 2505
3 2670 2505 4305
3 2675 2673 2671
3 2675 2671 2672
3 2673 2664 2666
3 2673 2666 2671
3 2673 2674 4295
3 2673 4295 2664
3 2675 2676 2674
3 2675 2674 2673
3 2677 2678 2676
3 2677 2676 2675
3 2677 2675 2672
3 2677 2672 2680
3 2679 4294 2678
3 2679 2678 2677
3 2679 2677 2680
3 2679 2680 2681
3 2683 2681 2680
3 2683 2680 2682
3 2682 2680 2672
3 2682 2672 2670
3 2683 2682 2516
3 2683 2516 2518
3 2682 2670 4305
3 2682 4305 2516
3 2684 2686 2681
3 2684 2681 2683
3 2684 2683 2518
3 2684 2518 2520
3 2685 2687 2686
3 2685 2686 2684
3 2685 2684 2520
3 2685 2520 4304
3 2690 2688 2686
3 2690 2686 2687
3 2688 2679 2681
3 2688 2681 2686
3 2688 2689 4294
3 2688 4294 2679
3 2690 2692 2689
3 2690 2689 2688
3 2691 2694 2692
3 2691 2692 2690
3 2691 2690 2687
3 2691 2687 2702
3 2693 4293 2689
3 2693 2689 2692
3 2693 2692 2694
3 2693 2694 2695
3 2696 2697 2695
3 2696 2695 2694
3 2696 2694 2691
3 2696 2691 2699
3 4292 2697 2696
3 4292 2696 2698
3 2696 2699 2700
3 2696 2700 2698
3 2703 2700 2699
3 2703 2699 2701
3 2691 2702 2701
3 2691 2701 2699
3 2535 2701 2702
3 2535 2702 4303
3 2703 2701 2535
3 2703 2535 2537
3 2706 2700 2703
3 2706 2703 2704
3 2703 2537 2539
3 2703 2539 2704
3 4302 2705 2704
3 4302 2704 2539
3 2708 2706 2704
3 2708 2704 2705
3 2706 2707 2698
3 2706 2698 2700
3 2708 2709 2707
3 2708 2707 2706
3 2710 2713 2709
3 2710 2709 2708
3 2710 2708 2705
3 2710 2705 2712
3 2711 2714 2713
3 2711 2713 2710
3 2711 2710 2712
3 2711 2712 4301
3 2718 2715 2713
3 2718 2713 2714
3 2715 2716 2709
3 2715 2709 2713
3 2715 2717 4291
3 2715 4291 2716
3 2718 2719 2717
3 2718 2717 2715
3 2720 2721 2719
3 2720 2719 2718
3 2720 2718 2714
3 2720 2714 2723
3 2722 4289 2721
3 2722 2721 2720
3 2722 2720 2723
3 2722 2723 2724
3 2726 2724 2723
3 2726 2723 2725
3 2725 2723 2714
3 2725 2714 2711
3 2726 2725 2559
3 2726 2559 2561
3 2725 2711 4301
3 2725 4301 2559
3 2727 2729 2724
3 2727 2724 2726
3 2727 2726 2561
3 2727 2561 2563
3 2728 2730 2729
3 2728 2729 2727
3 2728 2727 2563
3 2728 2563 4299
3 2733 2731 2729
3 2733 2729 2730
3 2731 2722 2724
3 2731 2724 2729
3 2731 2732 4289
3 2731 4289 2722
3 2733 2734 2732
3 2733 2732 2731
3 2735 2736 2734
3 2735 2734 2733
3 2735 2733 2730
3 2735 2730 2738
3 2737 4288 2736
3 2737 2736 2735
3 2737 2735 2738
3 2737 2738 2739
3 2741 2739 2738
3 2741 2738 2740
3 2740 2738 2730
3 2740 2730 2728
3 2741 2740 2574
3 2741 2574 2576
3 2740 2728 4299
3 2740 4299 2574
3 2742 2744 2739
3 2742 2739 2741
3 2742 2741 2576
3 2742 2576 2578
3 2743 2745 2744
3 2743 2744 2742
3 2743 2742 2578
3 2743 2578 4298
3 2748 2746 2744
3 2748 2744 2745
3 2746 2737 2739
3 2746 2739 2744
3 2746 2747 4288
3 2746 4288 2737
3 2748 2749 2747
3 2748 2747 2746
3 2750 2751 2749
3 2750 2749 2748
3 2750 2748 2745
3 2750 2745 2753
3 2752 4287 2751
3 2752 2751 2750
3 2752 2750 2753
3 2752 2753 2754
3 2756 2754 2753
3 2756 2753 2755
3 2755 2753 2745
3 2755 2745 2743
3 2756 2755 2589
3 2756 2589 2591
3 2755 2743 4298
3 2755 4298 2589
3 2757 2759 2754
3 2757 2754 2756
3 2757 2756 2591
3 2757 2591 2593
3 2758 2760 2759
3 2758 2759 2757
3 2758 2757 2593
3 2758 2593 4297
3 2763 2761 2759
3 2763 2759 2760
3 2761 2752 2754
3 2761 2754 2759
3 2761 2762 4287
3 2761 4287 2752
3 2763 2764 2762
3 2763 2762 2761
3 2765 2766 2764
3 2765 2764 2763
3 2765 2763 2760
3 2765 2760 2768
3 2767 4286 2766
3 2767 2766 2765
3 2767 2765 2768
3 2767 2768 2769
3 2771 2769 2768
3 2771 2768 2770
3 2770 2768 2760
3 2770 2760 2758
3 2771 2770 2604
3 2771 2604 2606
3 2770 2758 4297
3 2770 4297 2604
3 2772 2774 2769
3 2772 2769 2771
3 2772 2771 2606
3 2772 2606 2608
3 2773 2775 2774
3 2773 2774 2772
3 2773 2772 2608
3 2773 2608 4296
3 2778 2776 2774
3 2778 2774 2775
3 2776 2767 2769
3 2776 2769 2774
3 2776 2777 4286
3 2776 4286 2767
3 2778 2779 2777
3 2778 2777 2776
3 2780 2781 2779
3 2780 2779 2778
3 2780 2778 2775
3 2780 2775 2783
3 2782 4285 2781
3 2782 2781 2780
3 2782 2780 2783
3 2782 2783 2784
3 2786 2784 2783
3 2786 2783 2785
3 2785 2783 2775
3 2785 2775 2773
3 2786 2785 2616
3 2786 2616 2618
3 2785 2773 4296
3 2785 4296 2616
3 2621 2787 2784
3 2621 2784 2786
3 2788 2782 2784
3 2788 2784 2787
3 2790 2788 2787
3 2790 2787 2624
3 2788 2789 4285
3 2788 4285 2782
3 2790 2791 2789
3 2790 2789 2788
3 2792 2793 2791
3 2792 2791 2790
3 2792 2790 2624
3 2792 2624 2626
3 2634 2795 2793
3 2634 2793 2792
3 2634 2792 2626
3 2634 2626 2628
3 2794 2959 2791
3 2794 2791 2793
3 2796 2794 2793
3 2796 2793 2795
3 2798 2796 2795
3 2798 2795 2635
3 2796 2797 2960
3 2796 2960 2794
3 2798 2799 2797
3 2798 2797 2796
3 2800 2801 2799
3 2800 2799 2798
3 2800 2798 2635
3 2800 2635 2637
3 2802 2804 2801
3 2802 2801 2800
3 2802 2800 2637
3 2802 2637 2639
3 2803 2805 2804
3 2803 2804 2802
3 2803 2802 2639
3 2803 2639 2820
3 2809 2806 2804
3 2809 2804 2805
3 2806 2807 2801
3 2806 2801 2804
3 2806 2808 2968
3 2806 2968 2807
3 2809 2810 2808
3 2809 2808 2806
3 2811 2812 2810
3 2811 2810 2809
3 2811 2809 2805
3 2811 2805 2814
3 2813 2993 2812
3 2813 2812 2811
3 2813 2811 2814
3 2813 2814 2815
3 2817 2815 2814
3 2817 2814 2816
3 2816 2814 2805
3 2816 2805 2803
3 2817 2816 2818
3 2817 2818 2819
3 2816 2803 2820
3 2816 2820 2818
3 2822 2819 2818
3 2822 2818 2821
3 2821 2818 2820
3 2821 2820 2640
3 2821 2640 2642
3 2821 2642 2823
3 2822 2821 2823
3 2822 2823 2659
3 2658 2823 2642
3 2658 2642 2644
3 2824 2825 2819
3 2824 2819 2822
3 2824 2822 2659
3 2824 2659 2661
3 2826 2828 2825
3 2826 2825 2824
3 2826 2824 2661
3 2826 2661 2663
3 2827 2829 2828
3 2827 2828 2826
3 2827 2826 2663
3 2827 2663 4295
3 2833 2830 2828
3 2833 2828 2829
3 2830 2831 2825
3 2830 2825 2828
3 2830 2832 2996
3 2830 2996 2831
3 2833 2834 2832
3 2833 2832 2830
3 2835 2836 2834
3 2835 2834 2833
3 2835 2833 2829
3 2835 2829 2838
3 2837 4284 2836
3 2837 2836 2835
3 2837 2835 2838
3 2837 2838 2839
3 2841 2839 2838
3 2841 2838 2840
3 2840 2838 2829
3 2840 2829 2827
3 2841 2840 2674
3 2841 2674 2676
3 2840 2827 4295
3 2840 4295 2674
3 2842 2844 2839
3 2842 2839 2841
3 2842 2841 2676
3 2842 2676 2678
3 2843 2845 2844
3 2843 2844 2842
3 2843 2842 2678
3 2843 2678 4294
3 2848 2846 2844
3 2848 2844 2845
3 2846 2837 2839
3 2846 2839 2844
3 2846 2847 4284
3 2846 4284 2837
3 2848 2850 2847
3 2848 2847 2846
3 2849 2852 2850
3 2849 2850 2848
3 2849 2848 2845
3 2849 2845 2860
3 2851 3020 2847
3 2851 2847 2850
3 2851 2850 2852
3 2851 2852 2853
3 2854 2855 2853
3 2854 2853 2852
3 2854 2852 2849
3 2854 2849 2857
3 4283 2855 2854
3 4283 2854 2856
3 2854 2857 2858
3 2854 2858 2856
3 2861 2858 2857
3 2861 2857 2859
3 2849 2860 2859
3 2849 2859 2857
3 2693 2859 2860
3 2693 2860 4293
3 2861 2859 2693
3 2861 2693 2695
3 2864 2858 2861
3 2864 2861 2862
3 2861 2695 2697
3 2861 2697 2862
3 4292 2863 2862
3 4292 2862 2697
3 2866 2864 2862
3 2866 2862 2863
3 2864 2865 2856
3 2864 2856 2858
3 2866 2867 2865
3 2866 2865 2864
3 2868 2871 2867
3 2868 2867 2866
3 2868 2866 2863
3 2868 2863 2870
3 2869 2872 2871
3 2869 2871 2868
3 2869 2868 2870
3 2869 2870 4291
3 2876 2873 2871
3 2876 2871 2872
3 2873 2874 2867
3 2873 2867 2871
3 2873 2875 4282
3 2873 4282 2874
3 2876 2877 2875
3 2876 2875 2873
3 2878 2879 2877
3 2878 2877 2876
3 2878 2876 2872
3 2878 2872 2881
3 2880 4280 2879
3 2880 2879 2878
3 2880 2878 2881
3 2880 2881 2882
3 2884 2882 2881
3 2884 2881 2883
3 2883 2881 2872
3 2883 2872 2869
3 2884 2883 2717
3 2884 2717 2719
3 2883 2869 4291
3 2883 4291 2717
3 2885 2887 2882
3 2885 2882 2884
3 2885 2884 2719
3 2885 2719 2721
3 2886 2888 2887
3 2886 2887 2885
3 2886 2885 2721
3 2886 2721 4289
3 2891 2889 2887
3 2891 2887 2888
3 2889 2880 2882
3 2889 2882 2887
3 2889 2890 4280
3 2889 4280 2880
3 2891 2892 2890
3 2891 2890 2889
3 2893 2894 2892
3 2893 2892 2891
3 2893 2891 2888
3 2893 2888 2896
3 2895 4279 2894
3 2895 2894 2893
3 2895 2893 2896
3 2895 2896 2897
3 2899 2897 2896
3 2899 2896 2898
3 2898 2896 2888
3 2898 2888 2886
3 2899 2898 2732
3 2899 2732 2734
3 2898 2886 4289
3 2898 4289 2732
3 2900 2902 2897
3 2900 2897 2899
3 2900 2899 2734
3 2900 2734 2736
3 2901 2903 2902
3 2901 2902 2900
3 2901 2900 2736
3 2901 2736 4288
3 2906 2904 2902
3 2906 2902 2903
3 2904 2895 2897
3 2904 2897 2902
3 2904 2905 4279
3 2904 4279 2895
3 2906 2907 2905
3 2906 2905 2904
3 2908 2909 2907
3 2908 2907 2906
3 2908 2906 2903
3 2908 2903 2911
3 2910 4278 2909
3 2910 2909 2908
3 2910 2908 2911
3 2910 2911 2912
3 2914 2912 2911
3 2914 2911 2913
3 2913 2911 2903
3 2913 2903 2901
3 2914 2913 2747
3 2914 2747 2749
3 2913 2901 4288
3 2913 4288 2747
3 2915 2917 2912
3 2915 2912 2914
3 2915 2914 2749
3 2915 2749 2751
3 2916 2918 2917
3 2916 2917 2915
3 2916 2915 2751
3 2916 2751 4287
3 2921 2919 2917
3 2921 2917 2918
3 2919 2910 2912
3 2919 2912 2917
3 2919 2920 4278
3 2919 4278 2910
3 2921 2922 2920
3 2921 2920 2919
3 2923 2924 2922
3 2923 2922 2921
3 2923 2921 2918
3 2923 2918 2926
3 2925 4277 2924
3 2925 2924 2923
3 2925 2923 2926
3 2925 2926 2927
3 2929 2927 2926
3 2929 2926 2928
3 2928 2926 2918
3 2928 2918 2916
3 2929 2928 2762
3 2929 2762 2764
3 2928 2916 4287
3 2928 4287 2762
3 2930 2932 2927
3 2930 2927 2929
3 2930 2929 2764
3 2930 2764 2766
3 2931 2933 2932
3 2931 2932 2930
3 2931 2930 2766
3 2931 2766 4286
3 2936 2934 2932
3 2936 2932 2933
3 2934 2925 2927
3 2934 2927 2932
3 2934 2935 4277
3 2934 4277 2925
3 2936 2937 2935
3 2936 2935 2934
3 2938 2939 2937
3 2938 2937 2936
3 2938 2936 2933
3 2938 2933 2941
3 2940 4276 2939
3 2940 2939 2938
3 2940 2938 2941
3 2940 2941 2942
3 2944 2942 2941
3 2944 2941 2943
3 2943 2941 2933
3 2943 2933 2931
3 2944 2943 2777
3 2944 2777 2779
3 2943 2931 4286
3 2943 4286 2777
3 2945 2947 2942
3 2945 2942 2944
3 2945 2944 2779
3 2945 2779 2781
3 2946 2948 2947
3 2946 2947 2945
3 2946 2945 2781
3 2946 2781 4285
3 2951 2949 2947
3 2951 2947 2948
3 2949 2940 2942
3 2949 2942 2947
3 2949 2950 4276
3 2949 4276 2940
3 2951 2952 2950
3 2951 2950 2949
3 2953 2954 2952
3 2953 2952 2951
3 2953 2951 2948
3 2953 2948 2956
3 2955 4275 2954
3 2955 2954 2953
3 2955 2953 2956
3 2955 2956 2957
3 2959 2957 2956
3 2959 2956 2958
3 2958 2956 2948
3 2958 2948 2946
3 2959 2958 2789
3 2959 2789 2791
3 2958 2946 4285
3 2958 4285 2789
3 2794 2960 2957
3 2794 2957 2959
3 2961 2955 2957
3 2961 2957 2960
3 2963 2961 2960
3 2963 2960 2797
3 2961 2962 4275
3 2961 4275 2955
3 2963 2964 2962
3 2963 2962 2961
3 2965 2966 2964
3 2965 2964 2963
3 2965 2963 2797
3 2965 2797 2799
3 2807 2968 2966
3 2807 2966 2965
3 2807 2965 2799
3 2807 2799 2801
3 2967 3133 2964
3 2967 2964 2966
3 2969 2967 2966
3 2969 2966 2968
3 2971 2969 2968
3 2971 2968 2808
3 2969 2970 3134
3 2969 3134 2967
3 2971 2972 2970
3 2971 2970 2969
3 2973 2974 2972
3 2973 2972 2971
3 2973 2971 2808
3 2973 2808 2810
3 2975 2977 2974
3 2975 2974 2973
3 2975 2973 2810
3 2975 2810 2812
3 2976 2978 2977
3 2976 2977 2975
3 2976 2975 2812
3 2976 2812 2993
3 2982 2979 2977
3 2982 2977 2978
3 2979 2980 2974
3 2979 2974 2977
3 2979 2981 3142
3 2979 3142 2980
3 2982 2983 2981
3 2982 2981 2979
3 2984 2985 2983
3 2984 2983 2982
3 2984 2982 2978
3 2984 2978 2987
3 2986 3175 2985
3 2986 2985 2984
3 2986 2984 2987
3 2986 2987 2988
3 2990 2988 2987
3 2990 2987 2989
3 2989 2987 2978
3 2989 2978 2976
3 2990 2989 2991
3 2990 2991 2992
3 2989 2976 2993
3 2989 2993 2991
3 2995 2992 2991
3 2995 2991 2994
3 2994 2991 2993
3 2994 2993 2813
3 2994 2813 2815
3 2994 2815 2996
3 2995 2994 2996
3 2995 2996 2832
3 2831 2996 2815
3 2831 2815 2817
3 2997 2998 2992
3 2997 2992 2995
3 2997 2995 2832
3 2997 2832 2834
3 2999 3001 2998
3 2999 2998 2997
3 2999 2997 2834
3 2999 2834 2836
3 3000 3002 3001
3 3000 3001 2999
3 3000 2999 2836
3 3000 2836 4284
3 3006 3003 3001
3 3006 3001 3002
3 3003 3004 2998
3 3003 2998 3001
3 3003 3005 3178
3 3003 3178 3004
3 3006 3008 3005
3 3006 3005 3003
3 3007 3010 3008
3 3007 3008 3006
3 3007 3006 3002
3 3007 3002 3019
3 3009 3177 3005
3 3009 3005 3008
3 3009 3008 3010
3 3009 3010 3011
3 3012 3013 3011
3 3012 3011 3010
3 3012 3010 3007
3 3012 3007 3015
3 4274 3013 3012
3 4274 3012 3014
3 3012 3015 3016
3 3012 3016 3014
3 3018 3016 3015
3 3018 3015 3017
3 3007 3019 3017
3 3007 3017 3015
3 3018 3017 2851
3 3018 2851 2853
3 2851 3017 3019
3 2851 3019 3020
3 3020 3019 3002
3 3020 3002 3000
3 3020 3000 4284
3 3020 4284 2847
3 3023 3016 3018
3 3023 3018 3021
3 3018 2853 2855
3 3018 2855 3021
3 4283 3022 3021
3 4283 3021 2855
3 3025 3023 3021
3 3025 3021 3022
3 3023 3024 3014
3 3023 3014 3016
3 3025 3026 3024
3 3025 3024 3023
3 3027 3030 3026
3 3027 3026 3025
3 3027 3025 3022
3 3027 3022 3029
3 3028 3031 3030
3 3028 3030 3027
3 3028 3027 3029
3 3028 3029 4282
3 3035 3032 3030
3 3035 3030 3031
3 3032 3033 3026
3 3032 3026 3030
3 3032 3034 4273
3 3032 4273 3033
3 3035 3036 3034
3 3035 3034 3032
3 3037 3038 3036
3 3037 3036 3035
3 3037 3035 3031
3 3037 3031 3040
3 3039 4271 3038
3 3039 3038 3037
3 3039 3037 3040
3 3039 3040 3041
3 3043 3041 3040
3 3043 3040 3042
3 3042 3040 3031
3 3042 3031 3028
3 3043 3042 2875
3 3043 2875 2877
3 3042 3028 4282
3 3042 4282 2875
3 3044 3046 3041
3 3044 3041 3043
3 3044 3043 2877
3 3044 2877 2879
3 3045 3047 3046
3 3045 3046 3044
3 3045 3044 2879
3 3045 2879 4280
3 3050 3048 3046
3 3050 3046 3047
3 3048 3039 3041
3 3048 3041 3046
3 3048 3049 4271
3 3048 4271 3039
3 3050 3051 3049
3 3050 3049 3048
3 3052 3053 3051
3 3052 3051 3050
3 3052 3050 3047
3 3052 3047 3055
3 3054 4270 3053
3 3054 3053 3052
3 3054 3052 3055
3 3054 3055 3056
3 3058 3056 3055
3 3058 3055 3057
3 3057 3055 3047
3 3057 3047 3045
3 3058 3057 2890
3 3058 2890 2892
3 3057 3045 4280
3 3057 4280 2890
3 3059 3061 3056
3 3059 3056 3058
3 3059 3058 2892
3 3059 2892 2894
3 3060 3062 3061
3 3060 3061 3059
3 3060 3059 2894
3 3060 2894 4279
3 3065 3063 3061
3 3065 3061 3062
3 3063 3054 3056
3 3063 3056 3061
3 3063 3064 4270
3 3063 4270 3054
3 3065 3066 3064
3 3065 3064 3063
3 3067 3068 3066
3 3067 3066 3065
3 3067 3065 3062
3 3067 3062 3070
3 3069 4269 3068
3 3069 3068 3067
3 3069 3067 3070
3 3069 3070 3071
3 3073 3071 3070
3 3073 3070 3072
3 3072 3070 3062
3 3072 3062 3060
3 3073 3072 2905
3 3073 2905 2907
3 3072 3060 4279
3 3072 4279 2905
3 3074 3076 3071
3 3074 3071 3073
3 3074 3073 2907
3 3074 2907 2909
3 3075 3077 3076
3 3075 3076 3074
3 3075 3074 2909
3 3075 2909 4278
3 3080 3078 3076
3 3080 3076 3077
3 3078 3069 3071
3 3078 3071 3076
3 3078 3079 4269
3 3078 4269 3069
3 3080 3081 3079
3 3080 3079 3078
3 3082 3083 3081
3 3082 3081 3080
3 3082 3080 3077
3 3082 3077 3085
3 3084 4268 3083
3 3084 3083 3082
3 3084 3082 3085
3 3084 3085 3086
3 3088 3086 3085
3 3088 3085 3087
3 3087 3085 3077
3 3087 3077 3075
3 3088 3087 2920
3 3088 2920 2922
3 3087 3075 4278
3 3087 4278 2920
3 3089 3091 3086
3 3089 3086 3088
3 3089 3088 2922
3 3089 2922 2924
3 3090 3092 3091
3 3090 3091 3089
3 3090 3089 2924
3 3090 2924 4277
3 3095 3093 3091
3 3095 3091 3092
3 3093 3084 3086
3 3093 3086 3091
3 3093 3094 4268
3 3093 4268 3084
3 3095 3096 3094
3 3095 3094 3093
3 3097 3098 3096
3 3097 3096 3095
3 3097 3095 3092
3 3097 3092 3100
3 3099 4267 3098
3 3099 3098 3097
3 3099 3097 3100
3 3099 3100 3101
3 3103 3101 3100
3 3103 3100 3102
3 3102 3100 3092
3 3102 3092 3090
3 3103 3102 2935
3 3103 2935 2937
3 3102 3090 4277
3 3102 4277 2935
3 3104 3106 3101
3 3104 3101 3103
3 3104 3103 2937
3 3104 2937 2939
3 3105 3107 3106
3 3105 3106 3104
3 3105 3104 2939
3 3105 2939 4276
3 3110 3108 3106
3 3110 3106 3107
3 3108 3099 3101
3 3108 3101 3106
3 3108 3109 4267
3 3108 4267 3099
3 3110 3111 3109
3 3110 3109 3108
3 3112 3113 3111
3 3112 3111 3110
3 3112 3110 3107
3 3112 3107 3115
3 3114 4266 3113
3 3114 3113 3112
3 3114 3112 3115
3 3114 3115 3116
3 3118 3116 3115
3 3118 3115 3117
3 3117 3115 3107
3 3117 3107 3105
3 3118 3117 2950
3 3118 2950 2952
3 3117 3105 4276
3 3117 4276 2950
3 3119 3121 3116
3 3119 3116 3118
3 3119 3118 2952
3 3119 2952 2954
3 3120 3122 3121
3 3120 3121 3119
3 3120 3119 2954
3 3120 2954 4275
3 3125 3123 3121
3 3125 3121 3122
3 3123 3114 3116
3 3123 3116 3121
3 3123 3124 4266
3 3123 4266 3114
3 3125 3126 3124
3 3125 3124 3123
3 3127 3128 3126
3 3127 3126 3125
3 3127 3125 3122
3 3127 3122 3130
3 3129 4265 3128
3 3129 3128 3127
3 3129 3127 3130
3 3129 3130 3131
3 3133 3131 3130
3 3133 3130 3132
3 3132 3130 3122
3 3132 3122 3120
3 3133 3132 2962
3 3133 2962 2964
3 3132 3120 4275
3 3132 4275 2962
3 2967 3134 3131
3 2967 3131 3133
3 3135 3129 3131
3 3135 3131 3134
3 3137 3135 3134
3 3137 3134 2970
3 3135 3136 4265
3 3135 4265 3129
3 3137 3138 3136
3 3137 3136 3135
3 3139 3140 3138
3 3139 3138 3137
3 3139 3137 2970
3 3139 2970 2972
3 2980 3142 3140
3 2980 3140 3139
3 2980 3139 2972
3 2980 2972 2974
3 3141 3309 3138
3 3141 3138 3140
3 3143 3141 3140
3 3143 3140 3142
3 3145 3143 3142
3 3145 3142 2981
3 3143 3144 3310
3 3143 3310 3141
3 3145 3146 3144
3 3145 3144 3143
3 3147 3148 3146
3 3147 3146 3145
3 3147 3145 2981
3 3147 2981 2983
3 3149 3151 3148
3 3149 3148 3147
3 3149 3147 2983
3 3149 2983 2985
3 3150 3152 3151
3 3150 3151 3149
3 3150 3149 2985
3 3150 2985 3175
3 3156 3153 3151
3 3156 3151 3152
3 3153 3154 3148
3 3153 3148 3151
3 3153 3155 3318
3 3153 3318 3154
3 3156 3158 3155
3 3156 3155 3153
3 3157 3160 3158
3 3157 3158 3156
3 3157 3156 3152
3 3157 3152 3168
3 3159 3321 3155
3 3159 3155 3158
3 3159 3158 3160
3 3159 3160 3161
3 3162 3163 3161
3 3162 3161 3160
3 3162 3160 3157
3 3162 3157 3165
3 3364 3163 3162
3 3364 3162 3164
3 3162 3165 3166
3 3162 3166 3164
3 3169 3166 3165
3 3169 3165 3167
3 3157 3168 3167
3 3157 3167 3165
3 3170 3167 3168
3 3170 3168 3173
3 3169 3167 3170
3 3169 3170 3171
3 3170 3172 3179
3 3170 3179 3171
3 3170 3173 3174
3 3170 3174 3172
3 3173 3168 3152
3 3173 3152 3150
3 3173 3150 3175
3 3173 3175 3174
3 3177 3172 3174
3 3177 3174 3176
3 3176 3174 3175
3 3176 3175 2986
3 3176 2986 2988
3 3176 2988 3178
3 3177 3176 3178
3 3177 3178 3005
3 3004 3178 2988
3 3004 2988 2990
3 3009 3179 3172
3 3009 3172 3177
3 3180 3181 3171
3 3180 3171 3179
3 3180 3179 3009
3 3180 3009 3011
3 3184 3181 3180
3 3184 3180 3182
3 3180 3011 3013
3 3180 3013 3182
3 4274 3183 3182
3 4274 3182 3013
3 3186 3184 3182
3 3186 3182 3183
3 3184 3185 3362
3 3184 3362 3181
3 3186 3187 3185
3 3186 3185 3184
3 3188 3191 3187
3 3188 3187 3186
3 3188 3186 3183
3 3188 3183 3190
3 3189 3192 3191
3 3189 3191 3188
3 3189 3188 3190
3 3189 3190 4273
3 3196 3193 3191
3 3196 3191 3192
3 3193 3194 3187
3 3193 3187 3191
3 3193 3195 3357
3 3193 3357 3194
3 3196 3197 3195
3 3196 3195 3193
3 3198 3199 3197
3 3198 3197 3196
3 3198 3196 3192
3 3198 3192 3201
3 3200 4264 3199
3 3200 3199 3198
3 3200 3198 3201
3 3200 3201 3202
3 3204 3202 3201
3 3204 3201 3203
3 3203 3201 3192
3 3203 3192 3189
3 3204 3203 3034
3 3204 3034 3036
3 3203 3189 4273
3 3203 4273 3034
3 3205 3207 3202
3 3205 3202 3204
3 3205 3204 3036
3 3205 3036 3038
3 3206 3208 3207
3 3206 3207 3205
3 3206 3205 3038
3 3206 3038 4271
3 3211 3209 3207
3 3211 3207 3208
3 3209 3200 3202
3 3209 3202 3207
3 3209 3210 4264
3 3209 4264 3200
3 3211 3212 3210
3 3211 3210 3209
3 3213 3214 3212
3 3213 3212 3211
3 3213 3211 3208
3 3213 3208 3216
3 3215 4263 3214
3 3215 3214 3213
3 3215 3213 3216
3 3215 3216 3217
3 3219 3217 3216
3 3219 3216 3218
3 3218 3216 3208
3 3218 3208 3206
3 3219 3218 3049
3 3219 3049 3051
3 3218 3206 4271
3 3218 4271 3049
3 3220 3222 3217
3 3220 3217 3219
3 3220 3219 3051
3 3220 3051 3053
3 3221 3223 3222
3 3221 3222 3220
3 3221 3220 3053
3 3221 3053 4270
3 3226 3224 3222
3 3226 3222 3223
3 3224 3215 3217
3 3224 3217 3222
3 3224 3225 4263
3 3224 4263 3215
3 3226 3227 3225
3 3226 3225 3224
3 3228 3229 3227
3 3228 3227 3226
3 3228 3226 3223
3 3228 3223 3231
3 3230 4262 3229
3 3230 3229 3228
3 3230 3228 3231
3 3230 3231 3232
3 3234 3232 3231
3 3234 3231 3233
3 3233 3231 3223
3 3233 3223 3221
3 3234 3233 3064
3 3234 3064 3066
3 3233 3221 4270
3 3233 4270 3064
3 3235 3237 3232
3 3235 3232 3234
3 3235 3234 3066
3 3235 3066 3068
3 3236 3238 3237
3 3236 3237 3235
3 3236 3235 3068
3 3236 3068 4269
3 3241 3239 3237
3 3241 3237 3238
3 3239 3230 3232
3 3239 3232 3237
3 3239 3240 4262
3 3239 4262 3230
3 3241 3242 3240
3 3241 3240 3239
3 3243 3244 3242
3 3243 3242 3241
3 3243 3241 3238
3 3243 3238 3246
3 3245 4261 3244
3 3245 3244 3243
3 3245 3243 3246
3 3245 3246 3247
3 3249 3247 3246
3 3249 3246 3248
3 3248 3246 3238
3 3248 3238 3236
3 3249 3248 3079
3 3249 3079 3081
3 3248 3236 4269
3 3248 4269 3079
3 3250 3252 3247
3 3250 3247 3249
3 3250 3249 3081
3 3250 3081 3083
3 3251 3253 3252
3 3251 3252 3250
3 3251 3250 3083
3 3251 3083 4268
3 3256 3254 3252
3 3256 3252 3253
3 3254 3245 3247
3 3254 3247 3252
3 3254 3255 4261
3 3254 4261 3245
3 3256 3257 3255
3 3256 3255 3254
3 3258 3259 3257
3 3258 3257 3256
3 3258 3256 3253
3 3258 3253 3261
3 3260 4260 3259
3 3260 3259 3258
3 3260 3258 3261
3 3260 3261 3262
3 3264 3262 3261
3 3264 3261 3263
3 3263 3261 3253
3 3263 3253 3251
3 3264 3263 3094
3 3264 3094 3096
3 3263 3251 4268
3 3263 4268 3094
3 3265 3267 3262
3 3265 3262 3264
3 3265 3264 3096
3 3265 3096 3098
3 3266 3268 3267
3 3266 3267 3265
3 3266 3265 3098
3 3266 3098 4267
3 3271 3269 3267
3 3271 3267 3268
3 3269 3260 3262
3 3269 3262 3267
3 3269 3270 4260
3 3269 4260 3260
3 3271 3272 3270
3 3271 3270 3269
3 3273 3274 3272
3 3273 3272 3271
3 3273 3271 3268
3 3273 3268 3276
3 3275 4259 3274
3 3275 3274 3273
3 3275 3273 3276
3 3275 3276 3277
3 3279 3277 3276
3 3279 3276 3278
3 3278 3276 3268
3 3278 3268 3266
3 3279 3278 3109
3 3279 3109 3111
3 3278 3266 4267
3 3278 4267 3109
3 3280 3282 3277
3 3280 3277 3279
3 3280 3279 3111
3 3280 3111 3113
3 3281 3283 3282
3 3281 3282 3280
3 3281 3280 3113
3 3281 3113 4266
3 3286 3284 3282
3 3286 3282 3283
3 3284 3275 3277
3 3284 3277 3282
3 3284 3285 4259
3 3284 4259 3275
3 3286 3287 3285
3 3286 3285 3284
3 3288 3289 3287
3 3288 3287 3286
3 3288 3286 3283
3 3288 3283 3291
3 3290 4258 3289
3 3290 3289 3288
3 3290 3288 3291
3 3290 3291 3292
3 3294 3292 3291
3 3294 3291 3293
3 3293 3291 3283
3 3293 3283 3281
3 3294 3293 3124
3 3294 3124 3126
3 3293 3281 4266
3 3293 4266 3124
3 3295 3297 3292
3 3295 3292 3294
3 3295 3294 3126
3 3295 3126 3128
3 3296 3298 3297
3 3296 3297 3295
3 3296 3295 3128
3 3296 3128 4265
3 3301 3299 3297
3 3301 3297 3298
3 3299 3290 3292
3 3299 3292 3297
3 3299 3300 4258
3 3299 4258 3290
3 3301 3302 3300
3 3301 3300 3299
3 3303 3304 3302
3 3303 3302 3301
3 3303 3301 3298
3 3303 3298 3306
3 3305 4257 3304
3 3305 3304 3303
3 3305 3303 3306
3 3305 3306 3307
3 3309 3307 3306
3 3309 3306 3308
3 3308 3306 3298
3 3308 3298 3296
3 3309 3308 3136
3 3309 3136 3138
3 3308 3296 4265
3 3308 4265 3136
3 3141 3310 3307
3 3141 3307 3309
3 3311 3305 3307
3 3311 3307 3310
3 3313 3311 3310
3 3313 3310 3144
3 3311 3312 4257
3 3311 4257 3305
3 3313 3314 3312
3 3313 3312 3311
3 3315 3316 3314
3 3315 3314 3313
3 3315 3313 3144
3 3315 3144 3146
3 3154 3318 3316
3 3154 3316 3315
3 3154 3315 3146
3 3154 3146 3148
3 3317 3487 3314
3 3317 3314 3316
3 3319 3317 3316
3 3319 3316 3318
3 3321 3319 3318
3 3321 3318 3155
3 3319 3320 3488
3 3319 3488 3317
3 3321 3322 3320
3 3321 3320 3319
3 3159 3324 3322
3 3159 3322 3321
3 3323 3491 3320
3 3323 3320 3322
3 3323 3322 3324
3 3323 3324 3325
3 3326 3327 3325
3 3326 3325 3324
3 3326 3324 3159
3 3326 3159 3161
3 3330 3327 3326
3 3330 3326 3328
3 3326 3161 3163
3 3326 3163 3328
3 3364 3329 3328
3 3364 3328 3163
3 3332 3330 3328
3 3332 3328 3329
3 3330 3331 3498
3 3330 3498 3327
3 3332 3333 3331
3 3332 3331 3330
3 3334 3337 3333
3 3334 3333 3332
3 3334 3332 3329
3 3334 3329 3336
3 3335 3338 3337
3 3335 3337 3334
3 3335 3334 3336
3 3335 3336 3353
3 3342 3339 3337
3 3342 3337 3338
3 3339 3340 3333
3 3339 3333 3337
3 3339 3341 3504
3 3339 3504 3340
3 3342 3343 3341
3 3342 3341 3339
3 3344 3345 3343
3 3344 3343 3342
3 3344 3342 3338
3 3344 3338 3347
3 3346 3694 3345
3 3346 3345 3344
3 3346 3344 3347
3 3346 3347 3348
3 3350 3348 3347
3 3350 3347 3349
3 3349 3347 3338
3 3349 3338 3335
3 3350 3349 3351
3 3350 3351 3352
3 3349 3335 3353
3 3349 3353 3351
3 3356 3352 3351
3 3356 3351 3354
3 3354 3351 3353
3 3354 3353 3355
3 3354 3355 3358
3 3354 3358 3357
3 3356 3354 3357
3 3356 3357 3195
3 3194 3357 3358
3 3194 3358 3360
3 3355 3363 3359
3 3355 3359 3358
3 3360 3358 3359
3 3360 3359 3361
3 3194 3360 3185
3 3194 3185 3187
3 3360 3361 3362
3 3360 3362 3185
3 3361 3359 3164
3 3361 3164 3166
3 3361 3166 3169
3 3361 3169 3362
3 3169 3171 3181
3 3169 3181 3362
3 3363 3364 3164
3 3363 3164 3359
3 3363 3336 3329
3 3363 3329 3364
3 3355 3353 3336
3 3355 3336 3363
3 3365 3366 3352
3 3365 3352 3356
3 3365 3356 3195
3 3365 3195 3197
3 3367 3369 3366
3 3367 3366 3365
3 3367 3365 3197
3 3367 3197 3199
3 3368 3370 3369
3 3368 3369 3367
3 3368 3367 3199
3 3368 3199 4264
3 3374 3371 3369
3 3374 3369 3370
3 3371 3372 3366
3 3371 3366 3369
3 3371 3373 3695
3 3371 3695 3372
3 3374 3375 3373
3 3374 3373 3371
3 3376 3377 3375
3 3376 3375 3374
3 3376 3374 3370
3 3376 3370 3379
3 3378 4174 3377
3 3378 3377 3376
3 3378 3376 3379
3 3378 3379 3380
3 3382 3380 3379
3 3382 3379 3381
3 3381 3379 3370
3 3381 3370 3368
3 3382 3381 3210
3 3382 3210 3212
3 3381 3368 4264
3 3381 4264 3210
3 3383 3385 3380
3 3383 3380 3382
3 3383 3382 3212
3 3383 3212 3214
3 3384 3386 3385
3 3384 3385 3383
3 3384 3383 3214
3 3384 3214 4263
3 3389 3387 3385
3 3389 3385 3386
3 3387 3378 3380
3 3387 3380 3385
3 3387 3388 4174
3 3387 4174 3378
3 3389 3390 3388
3 3389 3388 3387
3 3391 3392 3390
3 3391 3390 3389
3 3391 3389 3386
3 3391 3386 3394
3 3393 4175 3392
3 3393 3392 3391
3 3393 3391 3394
3 3393 3394 3395
3 3397 3395 3394
3 3397 3394 3396
3 3396 3394 3386
3 3396 3386 3384
3 3397 3396 3225
3 3397 3225 3227
3 3396 3384 4263
3 3396 4263 3225
3 3398 3400 3395
3 3398 3395 3397
3 3398 3397 3227
3 3398 3227 3229
3 3399 3401 3400
3 3399 3400 3398
3 3399 3398 3229
3 3399 3229 4262
3 3404 3402 3400
3 3404 3400 3401
3 3402 3393 3395
3 3402 3395 3400
3 3402 3403 4175
3 3402 4175 3393
3 3404 3405 3403
3 3404 3403 3402
3 3406 3407 3405
3 3406 3405 3404
3 3406 3404 3401
3 3406 3401 3409
3 3408 4176 3407
3 3408 3407 3406
3 3408 3406 3409
3 3408 3409 3410
3 3412 3410 3409
3 3412 3409 3411
3 3411 3409 3401
3 3411 3401 3399
3 3412 3411 3240
3 3412 3240 3242
3 3411 3399 4262
3 3411 4262 3240
3 3413 3415 3410
3 3413 3410 3412
3 3413 3412 3242
3 3413 3242 3244
3 3414 3416 3415
3 3414 3415 3413
3 3414 3413 3244
3 3414 3244 4261
3 3419 3417 3415
3 3419 3415 3416
3 3417 3408 3410
3 3417 3410 3415
3 3417 3418 4176
3 3417 4176 3408
3 3419 3420 3418
3 3419 3418 3417
3 3421 3422 3420
3 3421 3420 3419
3 3421 3419 3416
3 3421 3416 3424
3 3423 4177 3422
3 3423 3422 3421
3 3423 3421 3424
3 3423 3424 3425
3 3427 3425 3424
3 3427 3424 3426
3 3426 3424 3416
3 3426 3416 3414
3 3427 3426 3255
3 3427 3255 3257
3 3426 3414 4261
3 3426 4261 3255
3 3428 3430 3425
3 3428 3425 3427
3 3428 3427 3257
3 3428 3257 3259
3 3429 3431 3430
3 3429 3430 3428
3 3429 3428 3259
3 3429 3259 4260
3 3434 3432 3430
3 3434 3430 3431
3 3432 3423 3425
3 3432 3425 3430
3 3432 3433 4177
3 3432 4177 3423
3 3434 3435 3433
3 3434 3433 3432
3 3436 3437 3435
3 3436 3435 3434
3 3436 3434 3431
3 3436 3431 3439
3 3438 3633 3437
3 3438 3437 3436
3 3438 3436 3439
3 3438 3439 3440
3 3442 3440 3439
3 3442 3439 3441
3 3441 3439 3431
3 3441 3431 3429
3 3442 3441 3270
3 3442 3270 3272
3 3441 3429 4260
3 3441 4260 3270
3 3443 3445 3440
3 3443 3440 3442
3 3443 3442 3272
3 3443 3272 3274
3 3444 3446 3445
3 3444 3445 3443
3 3444 3443 3274
3 3444 3274 4259
3 3449 3447 3445
3 3449 3445 3446
3 3447 3438 3440
3 3447 3440 3445
3 3447 3448 3633
3 3447 3633 3438
3 3449 3450 3448
3 3449 3448 3447
3 3451 3452 3450
3 3451 3450 3449
3 3451 3449 3446
3 3451 3446 3454
3 3453 4179 3452
3 3453 3452 3451
3 3453 3451 3454
3 3453 3454 3455
3 3457 3455 3454
3 3457 3454 3456
3 3456 3454 3446
3 3456 3446 3444
3 3457 3456 3285
3 3457 3285 3287
3 3456 3444 4259
3 3456 4259 3285
3 3458 3460 3455
3 3458 3455 3457
3 3458 3457 3287
3 3458 3287 3289
3 3459 3461 3460
3 3459 3460 3458
3 3459 3458 3289
3 3459 3289 4258
3 3464 3462 3460
3 3464 3460 3461
3 3462 3453 3455
3 3462 3455 3460
3 3462 3463 4179
3 3462 4179 3453
3 3464 3465 3463
3 3464 3463 3462
3 3466 3467 3465
3 3466 3465 3464
3 3466 3464 3461
3 3466 3461 3469
3 3468 4256 3467
3 3468 3467 3466
3 3468 3466 3469
3 3468 3469 3470
3 3472 3470 3469
3 3472 3469 3471
3 3471 3469 3461
3 3471 3461 3459
3 3472 3471 3300
3 3472 3300 3302
3 3471 3459 4258
3 3471 4258 3300
3 3473 3475 3470
3 3473 3470 3472
3 3473 3472 3302
3 3473 3302 3304
3 3474 3476 3475
3 3474 3475 3473
3 3474 3473 3304
3 3474 3304 4257
3 3479 3477 3475
3 3479 3475 3476
3 3477 3468 3470
3 3477 3470 3475
3 3477 3478 4256
3 3477 4256 3468
3 3479 3480 3478
3 3479 3478 3477
3 3481 3482 3480
3 3481 3480 3479
3 3481 3479 3476
3 3481 3476 3484
3 3483 4212 3482
3 3483 3482 3481
3 3483 3481 3484
3 3483 3484 3485
3 3487 3485 3484
3 3487 3484 3486
3 3486 3484 3476
3 3486 3476 3474
3 3487 3486 3312
3 3487 3312 3314
3 3486 3474 4257
3 3486 4257 3312
3 3317 3488 3485
3 3317 3485 3487
3 3489 3483 3485
3 3489 3485 3488
3 3491 3489 3488
3 3491 3488 3320
3 3489 3490 4212
3 3489 4212 3483
3 3491 3492 3490
3 3491 3490 3489
3 3323 3494 3492
3 3323 3492 3491
3 3493 4211 3490
3 3493 3490 3492
3 3493 3492 3494
3 3493 3494 3495
3 3496 3497 3495
3 3496 3495 3494
3 3496 3494 3323
3 3496 3323 3325
3 3499 3497 3496
3 3499 3496 3498
3 3496 3325 3327
3 3496 3327 3498
3 3501 3499 3498
3 3501 3498 3331
3 3499 3500 4219
3 3499 4219 3497
3 3501 3502 3500
3 3501 3500 3499
3 3340 3504 3502
3 3340 3502 3501
3 3340 3501 3331
3 3340 3331 3333
3 3503 4222 3500
3 3503 3500 3502
3 3505 3503 3502
3 3505 3502 3504
3 3507 3505 3504
3 3507 3504 3341
3 3505 3506 4225
3 3505 4225 3503
3 3507 3508 3506
3 3507 3506 3505
3 3509 3510 3508
3 3509 3508 3507
3 3509 3507 3341
3 3509 3341 3343
3 3511 3513 3510
3 3511 3510 3509
3 3511 3509 3343
3 3511 3343 3345
3 3512 3514 3513
3 3512 3513 3511
3 3512 3511 3345
3 3512 3345 3694
3 3518 3515 3513
3 3518 3513 3514
3 3515 3516 3510
3 3515 3510 3513
3 3515 3517 4232
3 3515 4232 3516
3 3518 3519 3517
3 3518 3517 3515
3 3520 3523 3519
3 3520 3519 3518
3 3520 3518 3514
3 3520 3514 3522
3 3521 3524 3523
3 3521 3523 3520
3 3521 3520 3522
3 3521 3522 3696
3 3528 3525 3523
3 3528 3523 3524
3 3525 3526 3519
3 3525 3519 3523
3 3525 3527 3543
3 3525 3543 3526
3 3528 3529 3527
3 3528 3527 3525
3 3530 3533 3529
3 3530 3529 3528
3 3530 3528 3524
3 3530 3524 3532
3 3531 3534 3533
3 3531 3533 3530
3 3531 3530 3532
3 3531 3532 3701
3 3536 3535 3533
3 3536 3533 3534
3 3535 3538 3529
3 3535 3529 3533
3 3536 3724 3537
3 3536 3537 3535
3 3535 3537 3539
3 3535 3539 3538
3 3538 3540 3527
3 3538 3527 3529
3 3538 3539 3541
3 3538 3541 3540
3 3540 3542 3543
3 3540 3543 3527
3 3540 3541 3544
3 3540 3544 3542
3 3542 3545 3546
3 3542 3546 3543
3 3542 3544 3547
3 3542 3547 3545
3 3545 3548 3549
3 3545 3549 3546
3 3545 3547 3550
3 3545 3550 3548
3 3548 3551 3552
3 3548 3552 3549
3 3548 3550 3553
3 3548 3553 3551
3 3551 3554 3555
3 3551 3555 3552
3 3551 3553 3556
3 3551 3556 3554
3 3554 3557 3558
3 3554 3558 3555
3 3554 3556 3559
3 3554 3559 3557
3 3557 3560 3561
3 3557 3561 3558
3 3557 3559 3562
3 3557 3562 3560
3 3560 3563 3564
3 3560 3564 3561
3 3560 3562 3565
3 3560 3565 3563
3 3563 3566 3567
3 3563 3567 3564
3 3563 3565 3568
3 3563 3568 3566
3 3566 3569 3570
3 3566 3570 3567
3 3566 3568 3571
3 3566 3571 3569
3 3572 3574 3570
3 3572 3570 3569
3 3571 3575 3572
3 3571 3572 3569
3 3572 3575 3577
3 3572 3577 3573
3 3572 3573 3586
3 3572 3586 3574
3 3571 3769 3576
3 3571 3576 3575
3 3578 3577 3575
3 3578 3575 3576
3 3578 3580 3579
3 3578 3579 3577
3 3579 3582 3573
3 3579 3573 3577
3 3579 3580 3782
3 3579 3782 3581
3 3579 3581 3583
3 3579 3583 3582
3 3586 3573 3582
3 3586 3582 3584
3 3583 3585 3584
3 3583 3584 3582
3 3587 3584 3585
3 3587 3585 3590
3 3586 3584 3587
3 3586 3587 3588
3 3587 3589 4254
3 3587 4254 3588
3 3587 3590 3591
3 3587 3591 3589
3 3590 3592 3593
3 3590 3593 3591
3 3590 3585 3595
3 3590 3595 3592
3 3592 3594 3605
3 3592 3605 3593
3 3592 3595 3597
3 3592 3597 3594
3 3583 3596 3595
3 3583 3595 3585
3 3596 3598 3597
3 3596 3597 3595
3 3598 3600 3599
3 3598 3599 3597
3 3594 3597 3599
3 3594 3599 3602
3 3600 3794 3601
3 3600 3601 3599
3 3602 3599 3601
3 3602 3601 3603
3 3602 3603 3607
3 3602 3607 3604
3 3594 3602 3604
3 3594 3604 3605
3 4196 3605 3604
3 4196 3604 3606
3 3606 3604 3607
3 3606 3607 3609
3 3603 3803 3608
3 3603 3608 3607
3 3609 3607 3608
3 3609 3608 3611
3 3606 3609 3610
3 3606 3610 4187
3 3609 3611 3613
3 3609 3613 3610
3 3611 3608 3804
3 3611 3804 3612
3 3611 3612 3614
3 3611 3614 3613
3 3616 3610 3613
3 3616 3613 3615
3 3615 3613 3614
3 3615 3614 3618
3 3616 3615 3617
3 3616 3617 4181
3 3615 3618 3619
3 3615 3619 3617
3 3618 3614 3622
3 3618 3622 3620
3 3618 3620 3623
3 3618 3623 3619
3 3620 3622 3812
3 3620 3812 3621
3 3620 3621 3624
3 3620 3624 3623
3 3626 3619 3623
3 3626 3623 3625
3 3625 3623 3624
3 3625 3624 3627
3 3626 3625 3452
3 3626 3452 4179
3 3625 3627 3450
3 3625 3450 3452
3 3627 3624 3629
3 3627 3629 3628
3 3627 3628 3448
3 3627 3448 3450
3 3628 3629 3632
3 3628 3632 3630
3 3628 3630 3633
3 3628 3633 3448
3 3630 3632 3635
3 3630 3635 3631
3 3630 3631 3437
3 3630 3437 3633
3 3817 3634 3632
3 3817 3632 3629
3 3634 3636 3635
3 3634 3635 3632
3 3631 3635 3637
3 3631 3637 3638
3 3636 3639 3637
3 3636 3637 3635
3 3638 3637 3640
3 3638 3640 3641
3 3639 3642 3640
3 3639 3640 3637
3 3641 3640 3643
3 3641 3643 3644
3 3642 3645 3643
3 3642 3643 3640
3 3644 3643 3646
3 3644 3646 3647
3 3645 3648 3646
3 3645 3646 3643
3 3647 3646 3649
3 3647 3649 3650
3 3648 3651 3649
3 3648 3649 3646
3 3650 3649 3652
3 3650 3652 3653
3 3651 3654 3652
3 3651 3652 3649
3 3653 3652 3655
3 3653 3655 3656
3 3654 3657 3655
3 3654 3655 3652
3 3656 3655 3658
3 3656 3658 3659
3 3657 3660 3658
3 3657 3658 3655
3 3659 3658 3661
3 3659 3661 3662
3 3660 3663 3661
3 3660 3661 3658
3 3662 3661 3664
3 3662 3664 3665
3 3663 3666 3664
3 3663 3664 3661
3 3665 3664 3667
3 3665 3667 3668
3 3666 3669 3667
3 3666 3667 3664
3 3668 3667 3670
3 3668 3670 3671
3 3669 3672 3670
3 3669 3670 3667
3 3671 3670 3673
3 3671 3673 3674
3 3672 3675 3673
3 3672 3673 3670
3 3674 3673 3676
3 3674 3676 3677
3 3675 3678 3676
3 3675 3676 3673
3 3677 3676 3679
3 3677 3679 3680
3 3678 3681 3679
3 3678 3679 3676
3 3680 3679 3682
3 3680 3682 3683
3 3681 3684 3682
3 3681 3682 3679
3 3683 3682 3685
3 3683 3685 3686
3 3684 3687 3685
3 3684 3685 3682
3 3686 3685 3688
3 3686 3688 3689
3 3687 3690 3688
3 3687 3688 3685
3 3689 3688 3691
3 3689 3691 3692
3 3690 3693 3691
3 3690 3691 3688
3 3692 3691 3694
3 3692 3694 3346
3 3693 3512 3694
3 3693 3694 3691
3 3693 3522 3514
3 3693 3514 3512
3 3690 3696 3522
3 3690 3522 3693
3 3692 3346 3348
3 3692 3348 3695
3 3689 3692 3695
3 3689 3695 3373
3 3372 3695 3348
3 3372 3348 3350
3 3687 3697 3696
3 3687 3696 3690
3 3699 3521 3696
3 3699 3696 3697
3 3684 3698 3697
3 3684 3697 3687
3 3700 3699 3697
3 3700 3697 3698
3 3699 3532 3524
3 3699 3524 3521
3 3700 3701 3532
3 3700 3532 3699
3 3702 3705 3701
3 3702 3701 3700
3 3702 3700 3698
3 3702 3698 3704
3 3703 3706 3705
3 3703 3705 3702
3 3703 3702 3704
3 3703 3704 4168
3 3709 3707 3705
3 3709 3705 3706
3 3707 3531 3701
3 3707 3701 3705
3 3707 3708 3534
3 3707 3534 3531
3 3709 3710 3708
3 3709 3708 3707
3 3711 3714 3710
3 3711 3710 3709
3 3711 3709 3706
3 3711 3706 3713
3 3712 3715 3714
3 3712 3714 3711
3 3712 3711 3713
3 3712 3713 3845
3 3718 3716 3714
3 3718 3714 3715
3 3716 3719 3710
3 3716 3710 3714
3 3716 3717 3720
3 3716 3720 3719
3 3718 4163 3717
3 3718 3717 3716
3 3719 3721 3708
3 3719 3708 3710
3 3719 3720 3722
3 3719 3722 3721
3 3721 3536 3534
3 3721 3534 3708
3 3721 3722 3724
3 3721 3724 3536
3 3878 3723 3722
3 3878 3722 3720
3 3723 3725 3724
3 3723 3724 3722
3 3725 3727 3537
3 3725 3537 3724
3 3725 3726 3729
3 3725 3729 3727
3 3723 3879 3726
3 3723 3726 3725
3 3727 3729 3731
3 3727 3731 3728
3 3727 3728 3539
3 3727 3539 3537
3 3882 3730 3729
3 3882 3729 3726
3 3730 3733 3731
3 3730 3731 3729
3 3728 3731 3732
3 3728 3732 4173
3 3733 3735 3732
3 3733 3732 3731
3 3730 3885 3734
3 3730 3734 3733
3 3733 3734 3737
3 3733 3737 3735
3 3735 3737 3739
3 3735 3739 3736
3 3735 3736 4172
3 3735 4172 3732
3 3738 3740 3739
3 3738 3739 3737
3 3738 3737 3734
3 3738 3734 3888
3 3740 3742 3741
3 3740 3741 3739
3 3736 3739 3741
3 3736 3741 3744
3 3742 4160 3743
3 3742 3743 3741
3 3744 3741 3743
3 3744 3743 3746
3 3736 3744 3745
3 3736 3745 4172
3 3744 3746 3747
3 3744 3747 3745
3 3746 3748 3751
3 3746 3751 3747
3 3746 3743 3749
3 3746 3749 3748
3 3748 3749 4157
3 3748 4157 3750
3 3748 3750 3752
3 3748 3752 3751
3 3754 3747 3751
3 3754 3751 3753
3 3753 3751 3752
3 3753 3752 3755
3 3754 3753 3553
3 3754 3553 3550
3 3753 3755 3556
3 3753 3556 3553
3 3755 3752 3758
3 3755 3758 3756
3 3755 3756 3559
3 3755 3559 3556
3 3756 3758 3760
3 3756 3760 3757
3 3756 3757 3562
3 3756 3562 3559
3 3750 3759 3758
3 3750 3758 3752
3 3759 3761 3760
3 3759 3760 3758
3 3761 3763 3762
3 3761 3762 3760
3 3757 3760 3762
3 3757 3762 3764
3 3765 3762 3763
3 3765 3763 3766
3 3764 3762 3765
3 3764 3765 3767
3 3765 3766 3771
3 3765 3771 3768
3 3765 3768 3769
3 3765 3769 3767
3 3768 3770 3576
3 3768 3576 3769
3 3768 3771 3772
3 3768 3772 3770
3 3771 3766 3773
3 3771 3773 3772
3 3775 3774 3772
3 3775 3772 3773
3 3770 3772 3774
3 3770 3774 3777
3 3775 3923 3776
3 3775 3776 3774
3 3776 3778 3777
3 3776 3777 3774
3 3578 3777 3778
3 3578 3778 3580
3 3770 3777 3578
3 3770 3578 3576
3 3776 3781 3779
3 3776 3779 3778
3 3779 3782 3580
3 3779 3580 3778
3 3779 3781 3926
3 3779 3926 3780
3 3779 3780 3783
3 3779 3783 3782
3 3783 3784 3581
3 3783 3581 3782
3 3783 3780 3786
3 3783 3786 3785
3 3783 3785 3787
3 3783 3787 3784
3 3785 3786 3790
3 3785 3790 3788
3 3785 3788 3791
3 3785 3791 3787
3 3788 3790 3932
3 3788 3932 3789
3 3788 3789 3792
3 3788 3792 3791
3 3598 3787 3791
3 3598 3791 3600
3 3600 3791 3792
3 3600 3792 3794
3 3789 4146 3793
3 3789 3793 3792
3 3794 3792 3793
3 3794 3793 3795
3 3794 3795 3796
3 3794 3796 3601
3 3795 3793 3799
3 3795 3799 3797
3 3795 3797 3800
3 3795 3800 3796
3 3797 3799 4142
3 3797 4142 3798
3 3797 3798 3801
3 3797 3801 3800
3 3803 3796 3800
3 3803 3800 3802
3 3802 3800 3801
3 3802 3801 3805
3 3803 3802 3804
3 3803 3804 3608
3 3802 3805 3807
3 3802 3807 3804
3 3805 3801 4136
3 3805 4136 3806
3 3805 3806 3809
3 3805 3809 3807
3 3612 3804 3807
3 3612 3807 3808
3 3808 3807 3809
3 3808 3809 3811
3 3806 4132 3810
3 3806 3810 3809
3 3811 3809 3810
3 3811 3810 3813
3 3808 3811 3812
3 3808 3812 3622
3 3811 3813 3815
3 3811 3815 3812
3 3813 3810 4133
3 3813 4133 3814
3 3813 3814 3816
3 3813 3816 3815
3 3621 3812 3815
3 3621 3815 3817
3 3817 3815 3816
3 3817 3816 3634
3 3621 3817 3629
3 3621 3629 3624
3 3814 3819 3818
3 3814 3818 3816
3 3634 3816 3818
3 3634 3818 3636
3 3819 3821 3820
3 3819 3820 3818
3 3636 3818 3820
3 3636 3820 3639
3 3821 3823 3822
3 3821 3822 3820
3 3639 3820 3822
3 3639 3822 3642
3 3823 3825 3824
3 3823 3824 3822
3 3642 3822 3824
3 3642 3824 3645
3 3825 3827 3826
3 3825 3826 3824
3 3645 3824 3826
3 3645 3826 3648
3 3827 3829 3828
3 3827 3828 3826
3 3648 3826 3828
3 3648 3828 3651
3 3829 3831 3830
3 3829 3830 3828
3 3651 3828 3830
3 3651 3830 3654
3 3831 3833 3832
3 3831 3832 3830
3 3654 3830 3832
3 3654 3832 3657
3 3833 3835 3834
3 3833 3834 3832
3 3657 3832 3834
3 3657 3834 3660
3 3836 3834 3835
3 3836 3835 3838
3 3660 3834 3836
3 3660 3836 3663
3 3663 3836 3837
3 3663 3837 3666
3 3840 3837 3836
3 3840 3836 3838
3 4089 3839 3838
3 4089 3838 3835
3 3839 3842 3840
3 3839 3840 3838
3 3840 3841 4169
3 3840 4169 3837
3 3840 3842 3844
3 3840 3844 3841
3 3839 4088 3843
3 3839 3843 3842
3 3846 3844 3842
3 3846 3842 3843
3 3841 3844 3845
3 3841 3845 4164
3 3846 3712 3845
3 3846 3845 3844
3 3846 3847 3715
3 3846 3715 3712
3 3849 3847 3846
3 3849 3846 3843
3 3849 3851 3848
3 3849 3848 3847
3 3718 3715 3847
3 3718 3847 3848
3 3850 3852 3851
3 3850 3851 3849
3 3850 3849 3843
3 3850 3843 4088
3 3856 3853 3851
3 3856 3851 3852
3 3853 3855 3848
3 3853 3848 3851
3 3853 3854 4162
3 3853 4162 3855
3 3856 3858 3854
3 3856 3854 3853
3 3857 3859 3858
3 3857 3858 3856
3 3857 3856 3852
3 3857 3852 4075
3 3862 3860 3858
3 3862 3858 3859
3 3860 3863 3854
3 3860 3854 3858
3 3860 3861 3865
3 3860 3865 3863
3 3862 3972 3861
3 3862 3861 3860
3 3863 3864 4162
3 3863 4162 3854
3 3863 3865 3867
3 3863 3867 3864
3 3975 3866 3865
3 3975 3865 3861
3 3866 3868 3867
3 3866 3867 3865
3 3868 3870 3869
3 3868 3869 3867
3 3864 3867 3869
3 3864 3869 3872
3 3870 3987 3871
3 3870 3871 3869
3 3872 3869 3871
3 3872 3871 3874
3 3864 3872 3873
3 3864 3873 4162
3 3872 3874 3875
3 3872 3875 3873
3 3877 3876 3874
3 3877 3874 3871
3 3875 3874 3876
3 3875 3876 3878
3 3877 3880 3879
3 3877 3879 3876
3 3878 3876 3879
3 3878 3879 3723
3 3880 3882 3726
3 3880 3726 3879
3 3880 3881 3883
3 3880 3883 3882
3 3877 3988 3881
3 3877 3881 3880
3 3882 3883 3885
3 3882 3885 3730
3 3990 3884 3883
3 3990 3883 3881
3 3884 3886 3885
3 3884 3885 3883
3 3886 3888 3734
3 3886 3734 3885
3 3884 3992 3887
3 3884 3887 3886
3 3886 3887 3889
3 3886 3889 3888
3 3889 3890 3738
3 3889 3738 3888
3 3889 3891 3894
3 3889 3894 3890
3 3889 3887 3893
3 3889 3893 3891
3 3891 3893 3996
3 3891 3996 3892
3 3895 3894 3891
3 3895 3891 3892
3 3895 3897 3896
3 3895 3896 3894
3 3896 3898 3890
3 3896 3890 3894
3 3896 3897 3902
3 3896 3902 3899
3 3896 3899 3900
3 3896 3900 3898
3 3899 3901 4161
3 3899 4161 3900
3 3899 3902 3904
3 3899 3904 3901
3 3903 3905 3904
3 3903 3904 3902
3 3903 3902 3897
3 3903 3897 4018
3 3905 3907 3906
3 3905 3906 3904
3 3901 3904 3906
3 3901 3906 3909
3 3907 4026 3908
3 3907 3908 3906
3 3909 3906 3908
3 3909 3908 3911
3 3901 3909 3910
3 3901 3910 4161
3 3909 3911 3912
3 3909 3912 3910
3 3911 3913 3914
3 3911 3914 3912
3 3911 3908 3915
3 3911 3915 3913
3 3918 3914 3913
3 3918 3913 3916
3 3915 3917 3916
3 3915 3916 3913
3 3919 3916 3917
3 3919 3917 3920
3 3918 3916 3919
3 3918 3919 3921
3 3919 3920 3924
3 3919 3924 3922
3 3919 3922 3923
3 3919 3923 3921
3 3776 3923 3922
3 3776 3922 3781
3 3924 3926 3781
3 3924 3781 3922
3 3924 3920 4034
3 3924 4034 3925
3 3924 3925 3927
3 3924 3927 3926
3 3927 3786 3780
3 3927 3780 3926
3 3927 3928 3790
3 3927 3790 3786
3 3927 3925 3929
3 3927 3929 3928
3 3928 3929 3931
3 3928 3931 3930
3 3928 3930 3932
3 3928 3932 3790
3 3930 3931 3936
3 3930 3936 3933
3 3930 3933 3934
3 3930 3934 3932
3 3933 3935 4145
3 3933 4145 3934
3 3933 3936 3938
3 3933 3938 3935
3 4035 3937 3936
3 4035 3936 3931
3 3937 3939 3938
3 3937 3938 3936
3 3939 3941 3940
3 3939 3940 3938
3 3935 3938 3940
3 3935 3940 3943
3 3941 4044 3942
3 3941 3942 3940
3 3943 3940 3942
3 3943 3942 3945
3 3935 3943 3944
3 3935 3944 4145
3 3943 3945 3946
3 3943 3946 3944
3 3945 3942 3950
3 3945 3950 3947
3 3945 3947 3948
3 3945 3948 3946
3 3947 3949 4149
3 3947 4149 3948
3 3947 3950 3952
3 3947 3952 3949
3 4044 3951 3950
3 4044 3950 3942
3 3952 3950 3951
3 3952 3951 3953
3 3952 3953 3956
3 3952 3956 3954
3 3952 3954 3955
3 3952 3955 3949
3 3959 3955 3954
3 3959 3954 3957
3 3956 3958 3957
3 3956 3957 3954
3 3963 3960 3957
3 3963 3957 3958
3 3959 3957 3960
3 3959 3960 3962
3 3964 3961 3960
3 3964 3960 3963
3 4117 3962 3960
3 4117 3960 3961
3 3966 3965 3963
3 3966 3963 3958
3 3964 3963 3965
3 3964 3965 3968
3 3966 4068 3967
3 3966 3967 3965
3 3967 3970 3968
3 3967 3968 3965
3 4112 3964 3968
3 4112 3968 3969
3 3969 3968 3970
3 3969 3970 3971
3 3967 3973 3972
3 3967 3972 3970
3 3971 3970 3972
3 3971 3972 3862
3 3973 3975 3861
3 3973 3861 3972
3 3973 3974 3976
3 3973 3976 3975
3 3967 4068 3974
3 3967 3974 3973
3 3975 3976 3978
3 3975 3978 3866
3 4052 3977 3976
3 4052 3976 3974
3 3977 3979 3978
3 3977 3978 3976
3 3979 3981 3980
3 3979 3980 3978
3 3866 3978 3980
3 3866 3980 3868
3 3868 3980 3982
3 3868 3982 3870
3 3981 3983 3982
3 3981 3982 3980
3 3983 3985 3984
3 3983 3984 3982
3 3870 3982 3984
3 3870 3984 3987
3 3985 3989 3986
3 3985 3986 3984
3 3987 3984 3986
3 3987 3986 3988
3 3987 3988 3877
3 3987 3877 3871
3 3990 3881 3988
3 3990 3988 3986
3 3989 3991 3990
3 3989 3990 3986
3 3990 3991 3992
3 3990 3992 3884
3 3994 3992 3991
3 3994 3991 3993
3 3989 3995 3993
3 3989 3993 3991
3 3994 3993 3996
3 3994 3996 3893
3 3997 3996 3993
3 3997 3993 3995
3 3998 3892 3996
3 3998 3996 3997
3 3999 3997 3995
3 3999 3995 4002
3 3999 4001 3998
3 3999 3998 3997
3 4000 4011 4001
3 4000 4001 3999
3 4000 3999 4002
3 4000 4002 4003
3 3983 4003 4002
3 3983 4002 3985
3 3985 4002 3995
3 3985 3995 3989
3 3981 4004 4003
3 3981 4003 3983
3 4006 4000 4003
3 4006 4003 4004
3 3979 4005 4004
3 3979 4004 3981
3 4007 4006 4004
3 4007 4004 4005
3 4007 4009 4008
3 4007 4008 4006
3 4006 4008 4011
3 4006 4011 4000
3 4060 4010 4008
3 4060 4008 4009
3 4010 4012 4011
3 4010 4011 4008
3 4012 4013 4001
3 4012 4001 4011
3 4010 4015 4014
3 4010 4014 4012
3 4012 4014 4017
3 4012 4017 4013
3 4064 4016 4014
3 4064 4014 4015
3 4017 4014 4016
3 4017 4016 4019
3 4017 4019 3903
3 4017 3903 4018
3 4017 4018 4069
3 4017 4069 4013
3 4021 4020 4019
3 4021 4019 4016
3 3903 4019 4020
3 3903 4020 3905
3 4021 4023 4022
3 4021 4022 4020
3 3905 4020 4022
3 3905 4022 3907
3 4024 4022 4023
3 4024 4023 4025
3 3907 4022 4024
3 3907 4024 4026
3 4024 4025 4029
3 4024 4029 4027
3 4024 4027 4028
3 4024 4028 4026
3 4032 4028 4027
3 4032 4027 4030
3 4029 4031 4030
3 4029 4030 4027
3 4033 4030 4031
3 4033 4031 4035
3 4032 4030 4033
3 4032 4033 4034
3 4033 3929 3925
3 4033 3925 4034
3 4033 4035 3931
3 4033 3931 3929
3 4035 4031 4036
3 4035 4036 3937
3 4032 4034 3920
3 4032 3920 3917
3 3915 4028 4032
3 3915 4032 3917
3 4029 4037 4036
3 4029 4036 4031
3 4037 4039 4038
3 4037 4038 4036
3 3937 4036 4038
3 3937 4038 3939
3 4039 4041 4040
3 4039 4040 4038
3 3939 4038 4040
3 3939 4040 3941
3 4041 4043 4042
3 4041 4042 4040
3 3941 4040 4042
3 3941 4042 4044
3 4045 4042 4043
3 4045 4043 4047
3 4044 4042 4045
3 4044 4045 3951
3 4045 4046 3953
3 4045 3953 3951
3 4045 4047 4049
3 4045 4049 4046
3 4056 4048 4047
3 4056 4047 4043
3 4049 4047 4048
3 4049 4048 4051
3 4049 4050 4067
3 4049 4067 4046
3 4049 4051 4052
3 4049 4052 4050
3 4054 4053 4051
3 4054 4051 4048
3 4052 4051 4053
3 4052 4053 3977
3 4054 4007 4005
3 4054 4005 4053
3 3977 4053 4005
3 3977 4005 3979
3 4054 4055 4009
3 4054 4009 4007
3 4056 4055 4054
3 4056 4054 4048
3 4060 4009 4055
3 4060 4055 4057
3 4056 4059 4057
3 4056 4057 4055
3 4058 4061 4060
3 4058 4060 4057
3 4058 4057 4059
3 4058 4059 4066
3 4060 4061 4015
3 4060 4015 4010
3 4063 4062 4061
3 4063 4061 4058
3 4064 4015 4061
3 4064 4061 4062
3 4021 4062 4063
3 4021 4063 4023
3 4064 4062 4021
3 4064 4021 4016
3 4063 4058 4066
3 4063 4066 4065
3 4063 4065 4025
3 4063 4025 4023
3 4029 4025 4065
3 4029 4065 4037
3 4037 4065 4066
3 4037 4066 4039
3 4039 4066 4059
3 4039 4059 4041
3 4041 4059 4056
3 4041 4056 4043
3 4052 3974 4068
3 4052 4068 4050
3 3966 4067 4050
3 3966 4050 4068
3 3956 3953 4046
3 3956 4046 4067
3 3956 4067 3966
3 3956 3966 3958
3 3915 3908 4026
3 3915 4026 4028
3 3895 4069 4018
3 3895 4018 3897
3 3998 4001 4013
3 3998 4013 4069
3 3998 4069 3895
3 3998 3895 3892
3 3994 3893 3887
3 3994 3887 3992
3 3969 3971 4070
3 3969 4070 4071
3 3971 3862 3859
3 3971 3859 4070
3 4073 4071 4070
3 4073 4070 4072
3 4072 4070 3859
3 4072 3859 3857
3 4073 4072 4074
3 4073 4074 4077
3 4072 3857 4075
3 4072 4075 4074
3 4076 4074 4075
3 4076 4075 4087
3 4076 4079 4077
3 4076 4077 4074
3 4078 4110 4073
3 4078 4073 4077
3 4078 4077 4079
3 4078 4079 4080
3 4082 4080 4079
3 4082 4079 4081
3 4081 4079 4076
3 4081 4076 4084
3 4082 4081 4083
3 4082 4083 4090
3 4081 4084 4085
3 4081 4085 4083
3 4089 4085 4084
3 4089 4084 4086
3 4076 4087 4086
3 4076 4086 4084
3 4087 3850 4088
3 4087 4088 4086
3 4089 4086 4088
3 4089 4088 3839
3 3833 4085 4089
3 3833 4089 3835
3 4087 4075 3852
3 4087 3852 3850
3 3831 4083 4085
3 3831 4085 3833
3 3829 4090 4083
3 3829 4083 3831
3 4093 4082 4090
3 4093 4090 4091
3 3827 4091 4090
3 3827 4090 3829
3 3825 4092 4091
3 3825 4091 3827
3 4095 4093 4091
3 4095 4091 4092
3 4093 4094 4080
3 4093 4080 4082
3 4095 4096 4094
3 4095 4094 4093
3 4097 4100 4096
3 4097 4096 4095
3 4097 4095 4092
3 4097 4092 4099
3 4098 4101 4100
3 4098 4100 4097
3 4098 4097 4099
3 4098 4099 4135
3 4102 4100 4101
3 4102 4101 4104
3 4102 4105 4096
3 4102 4096 4100
3 4102 4103 4106
3 4102 4106 4105
3 4122 4103 4102
3 4122 4102 4104
3 4105 4107 4094
3 4105 4094 4096
3 4105 4106 4108
3 4105 4108 4107
3 4107 4078 4080
3 4107 4080 4094
3 4107 4108 4110
3 4107 4110 4078
3 4116 4109 4108
3 4116 4108 4106
3 4109 4111 4110
3 4109 4110 4108
3 4073 4110 4111
3 4073 4111 4071
3 4109 4113 4112
3 4109 4112 4111
3 4112 3969 4071
3 4112 4071 4111
3 4112 4113 3961
3 4112 3961 3964
3 4116 4114 4113
3 4116 4113 4109
3 4117 3961 4113
3 4117 4113 4114
3 4115 3962 4117
3 4115 4117 4114
3 4115 4114 4116
3 4115 4116 4118
3 4116 4106 4103
3 4116 4103 4118
3 4122 4119 4118
3 4122 4118 4103
3 4115 4118 4119
3 4115 4119 4121
3 4122 4123 4120
3 4122 4120 4119
3 4150 4121 4119
3 4150 4119 4120
3 4125 4123 4122
3 4125 4122 4104
3 4126 4124 4123
3 4126 4123 4125
3 4148 4120 4123
3 4148 4123 4124
3 4126 4125 4127
3 4126 4127 4129
3 4125 4104 4101
3 4125 4101 4127
3 4128 4127 4101
3 4128 4101 4098
3 4131 4129 4127
3 4131 4127 4128
3 4132 4130 4129
3 4132 4129 4131
3 4137 4126 4129
3 4137 4129 4130
3 4132 4131 4133
3 4132 4133 3810
3 4131 4128 4134
3 4131 4134 4133
3 3814 4133 4134
3 3814 4134 3819
3 3819 4134 4135
3 3819 4135 3821
3 4128 4098 4135
3 4128 4135 4134
3 3821 4135 4099
3 3821 4099 3823
3 3806 4136 4130
3 3806 4130 4132
3 4139 4137 4130
3 4139 4130 4136
3 4137 4138 4124
3 4137 4124 4126
3 4139 4140 4138
3 4139 4138 4137
3 3798 4142 4140
3 3798 4140 4139
3 3798 4139 4136
3 3798 4136 3801
3 4141 4147 4138
3 4141 4138 4140
3 4143 4141 4140
3 4143 4140 4142
3 4144 4143 4142
3 4144 4142 3799
3 4143 3944 3946
3 4143 3946 4141
3 4144 4145 3944
3 4144 3944 4143
3 4146 3934 4145
3 4146 4145 4144
3 4146 4144 3799
3 4146 3799 3793
3 3789 3932 3934
3 3789 3934 4146
3 4141 3946 3948
3 4141 3948 4147
3 4147 3948 4149
3 4147 4149 4148
3 4147 4148 4124
3 4147 4124 4138
3 4148 4149 4150
3 4148 4150 4120
3 4150 4149 3949
3 4150 3949 3955
3 4150 3955 3959
3 4150 3959 4121
3 3959 3962 4115
3 3959 4115 4121
3 3823 4099 4092
3 3823 4092 3825
3 3775 4151 3921
3 3775 3921 3923
3 3918 3921 4151
3 3918 4151 4153
3 4152 4151 3775
3 4152 3775 3773
3 4152 4155 4153
3 4152 4153 4151
3 4154 3914 3918
3 4154 3918 4153
3 4154 4153 4155
3 4154 4155 4156
3 3759 4156 4155
3 3759 4155 3761
3 3761 4155 4152
3 3761 4152 3763
3 3750 4157 4156
3 3750 4156 3759
3 4158 4154 4156
3 4158 4156 4157
3 4159 4158 4157
3 4159 4157 3749
3 4158 3912 3914
3 4158 3914 4154
3 4159 3910 3912
3 4159 3912 4158
3 4160 4159 3749
3 4160 3749 3743
3 4160 4161 3910
3 4160 3910 4159
3 3742 3900 4161
3 3742 4161 4160
3 4152 3773 3766
3 4152 3766 3763
3 3740 3898 3900
3 3740 3900 3742
3 3738 3890 3898
3 3738 3898 3740
3 3875 3878 3720
3 3875 3720 3717
3 3875 3717 4163
3 3875 4163 3873
3 3855 4162 3873
3 3855 3873 4163
3 3855 4163 3718
3 3855 3718 3848
3 4164 3845 3713
3 4164 3713 4166
3 3841 4164 4165
3 3841 4165 4169
3 4164 4166 4167
3 4164 4167 4165
3 4166 3713 3706
3 4166 3706 3703
3 4166 3703 4168
3 4166 4168 4167
3 3672 4165 4167
3 3672 4167 3675
3 3675 4167 4168
3 3675 4168 3678
3 3678 4168 3704
3 3678 3704 3681
3 3669 4169 4165
3 3669 4165 3672
3 3666 3837 4169
3 3666 4169 3669
3 3612 3808 3622
3 3612 3622 3614
3 3603 3601 3796
3 3603 3796 3803
3 3596 3784 3787
3 3596 3787 3598
3 3583 3581 3784
3 3583 3784 3596
3 3571 3568 3767
3 3571 3767 3769
3 3764 3767 3568
3 3764 3568 3565
3 3757 3764 3565
3 3757 3565 3562
3 4170 3745 3747
3 4170 3747 3754
3 4170 3754 3550
3 4170 3550 3547
3 4171 4172 3745
3 4171 3745 4170
3 4171 4170 3547
3 4171 3547 3544
3 4173 3732 4172
3 4173 4172 4171
3 4173 4171 3544
3 4173 3544 3541
3 3728 4173 3541
3 3728 3541 3539
3 3681 3704 3698
3 3681 3698 3684
3 3686 3689 3373
3 3686 3373 3375
3 3683 3686 3375
3 3683 3375 3377
3 3680 3683 3377
3 3680 3377 4174
3 3677 3680 4174
3 3677 4174 3388
3 3674 3677 3388
3 3674 3388 3390
3 3671 3674 3390
3 3671 3390 3392
3 3668 3671 3392
3 3668 3392 4175
3 3665 3668 4175
3 3665 4175 3403
3 3662 3665 3403
3 3662 3403 3405
3 3659 3662 3405
3 3659 3405 3407
3 3656 3659 3407
3 3656 3407 4176
3 3653 3656 4176
3 3653 4176 3418
3 3650 3653 3418
3 3650 3418 3420
3 3647 3650 3420
3 3647 3420 3422
3 3644 3647 3422
3 3644 3422 4177
3 3641 3644 4177
3 3641 4177 3433
3 3638 3641 3433
3 3638 3433 3435
3 3631 3638 3435
3 3631 3435 3437
3 4178 3617 3619
3 4178 3619 3626
3 4178 3626 4179
3 4178 4179 3463
3 4180 4181 3617
3 4180 3617 4178
3 4180 4178 3463
3 4180 3463 3465
3 4182 4184 4181
3 4182 4181 4180
3 4182 4180 3465
3 4182 3465 3467
3 4183 4185 4184
3 4183 4184 4182
3 4183 4182 3467
3 4183 3467 4256
3 4188 4186 4184
3 4188 4184 4185
3 4186 3616 4181
3 4186 4181 4184
3 4186 4187 3610
3 4186 3610 3616
3 4188 4189 4187
3 4188 4187 4186
3 4190 4193 4189
3 4190 4189 4188
3 4190 4188 4185
3 4190 4185 4192
3 4191 4194 4193
3 4191 4193 4190
3 4191 4190 4192
3 4191 4192 4206
3 4197 4195 4193
3 4197 4193 4194
3 4195 4196 4189
3 4195 4189 4193
3 4195 3593 3605
3 4195 3605 4196
3 4197 3591 3593
3 4197 3593 4195
3 4198 3589 3591
3 4198 3591 4197
3 4198 4197 4194
3 4198 4194 4200
3 4199 4254 3589
3 4199 3589 4198
3 4199 4198 4200
3 4199 4200 4201
3 4203 4201 4200
3 4203 4200 4202
3 4202 4200 4194
3 4202 4194 4191
3 4202 4191 4206
3 4202 4206 4204
3 4203 4202 4204
3 4203 4204 4205
3 4208 4205 4204
3 4208 4204 4207
3 4207 4204 4206
3 4207 4206 4209
3 4208 4207 3482
3 4208 3482 4212
3 4207 4209 3480
3 4207 3480 3482
3 4209 4206 4192
3 4209 4192 4210
3 4209 4210 3478
3 4209 3478 3480
3 4210 4192 4185
3 4210 4185 4183
3 4210 4183 4256
3 4210 4256 3478
3 4211 4213 4205
3 4211 4205 4208
3 4211 4208 4212
3 4211 4212 3490
3 3493 4215 4213
3 3493 4213 4211
3 4214 4203 4205
3 4214 4205 4213
3 4214 4213 4215
3 4214 4215 4216
3 4217 4218 4216
3 4217 4216 4215
3 4217 4215 3493
3 4217 3493 3495
3 4220 4218 4217
3 4220 4217 4219
3 4217 3495 3497
3 4217 3497 4219
3 4222 4220 4219
3 4222 4219 3500
3 4220 4221 4246
3 4220 4246 4218
3 4222 4223 4221
3 4222 4221 4220
3 3503 4225 4223
3 3503 4223 4222
3 4224 4244 4221
3 4224 4221 4223
3 4226 4224 4223
3 4226 4223 4225
3 4228 4226 4225
3 4228 4225 3506
3 4226 4227 4239
3 4226 4239 4224
3 4228 4229 4227
3 4228 4227 4226
3 4230 4231 4229
3 4230 4229 4228
3 4230 4228 3506
3 4230 3506 3508
3 3516 4232 4231
3 3516 4231 4230
3 3516 4230 3508
3 3516 3508 3510
3 4235 4233 4231
3 4235 4231 4232
3 4233 4234 4229
3 4233 4229 4231
3 4233 3552 3555
3 4233 3555 4234
3 4235 3549 3552
3 4235 3552 4233
3 4236 3546 3549
3 4236 3549 4235
3 4236 4235 4232
3 4236 4232 3517
3 3526 3543 3546
3 3526 3546 4236
3 3526 4236 3517
3 3526 3517 3519
3 4234 4237 4227
3 4234 4227 4229
3 4234 3555 3558
3 4234 3558 4237
3 4237 4238 4239
3 4237 4239 4227
3 4237 3558 3561
3 4237 3561 4238
3 4238 3561 3564
3 4238 3564 4240
3 4238 4240 4242
3 4238 4242 4239
3 4240 3564 3567
3 4240 3567 4241
3 4240 4241 4243
3 4240 4243 4242
3 4224 4239 4242
3 4224 4242 4244
3 4244 4242 4243
3 4244 4243 4245
3 4244 4245 4246
3 4244 4246 4221
3 4245 4243 4248
3 4245 4248 4247
3 4245 4247 4250
3 4245 4250 4246
3 4252 4249 4247
3 4252 4247 4248
3 4250 4247 4249
3 4250 4249 4251
3 4250 4251 4214
3 4250 4214 4216
3 4250 4216 4218
3 4250 4218 4246
3 4214 4251 4201
3 4214 4201 4203
3 4199 4201 4251
3 4199 4251 4249
3 4252 4254 4199
3 4252 4199 4249
3 4255 4253 4252
3 4255 4252 4248
3 4252 4253 3588
3 4252 3588 4254
3 4255 3570 3574
3 4255 3574 4253
3 3586 3588 4253
3 3586 4253 3574
3 4241 3567 3570
3 4241 3570 4255
3 4241 4255 4248
3 4241 4248 4243
3 4196 3606 4187
3 4196 4187 4189
3 3372 3350 3352
3 3372 3352 3366
3 4272 3190 3183
3 4272 3183 4274
3 3033 4273 3190
3 3033 3190 4272
3 3033 4272 3024
3 3033 3024 3026
3 4272 4274 3014
3 4272 3014 3024
3 4281 3029 3022
3 4281 3022 4283
3 2874 4282 3029
3 2874 3029 4281
3 2874 4281 2865
3 2874 2865 2867
3 4281 4283 2856
3 4281 2856 2865
3 3004 2990 2992
3 3004 2992 2998
3 4290 2870 2863
3 4290 2863 4292
3 2716 4291 2870
3 2716 2870 4290
3 2716 4290 2707
3 2716 2707 2709
3 4290 4292 2698
3 4290 2698 2707
3 4293 2860 2845
3 4293 2845 2843
3 4293 2843 4294
3 4293 4294 2689
3 2831 2817 2819
3 2831 2819 2825
3 4300 2712 2705
3 4300 2705 4302
3 2558 4301 2712
3 2558 2712 4300
3 2558 4300 2549
3 2558 2549 2551
3 4300 4302 2540
3 4300 2540 2549
3 4303 2702 2687
3 4303 2687 2685
3 4303 2685 4304
3 4303 4304 2531
3 2658 2644 2646
3 2658 2646 2652
3 4310 2554 2547
3 4310 2547 4312
3 2400 4311 2554
3 2400 2554 4310
3 2400 4310 2391
3 2400 2391 2393
3 4310 4312 2381
3 4310 2381 2391
3 4313 2544 2529
3 4313 2529 2527
3 4313 2527 4314
3 4313 4314 2372
3 2485 2471 2473
3 2485 2473 2479
3 4320 2396 2389
3 4320 2389 4322
3 2241 4321 2396
3 2241 2396 4320
3 2241 4320 2232
3 2241 2232 2234
3 4320 4322 2223
3 4320 2223 2232
3 2311 2297 2299
3 2311 2299 2305
3 4329 2237 2230
3 4329 2230 4331
3 2083 4330 2237
3 2083 2237 4329
3 2083 4329 2074
3 2083 2074 2076
3 4329 4331 2065
3 4329 2065 2074
3 4332 2227 2212
3 4332 2212 2210
3 4332 2210 4333
3 4332 4333 2056
3 2138 2124 2126
3 2138 2126 2132
3 4339 2079 2072
3 4339 2072 4341
3 1920 4340 2079
3 1920 2079 4339
3 4339 4341 1908
3 4339 1908 1917
3 4342 2069 2054
3 4342 2054 2052
3 4342 2052 4343
3 4342 4343 1899
3 1965 1951 1953
3 1965 1953 1959
3 1793 1779 1781
3 1793 1781 1787
3 1618 1621 4358
3 1618 4358 1510
3 1510 4358 1739
3 1510 1739 1512
3 1611 1630 1623
3 1611 1623 1613
3 1530 1533 1436
3 1530 1436 1431
3 1170 1173 1068
3 1170 1068 1064
3 1146 1149 1046
3 1146 1046 4359
3 1143 1146 4359
3 1143 4359 4360
3 1037 4360 4359
3 1037 4359 1039
3 1039 4359 1046
3 1039 1046 1041
3 1140 1143 4360
3 1140 4360 4361
3 1009 4361 4360
3 1009 4360 1037
3 1137 1140 4361
3 1137 4361 1010
3 1135 1137 1010
3 1135 1010 1006
3 1133 1135 1006
3 1133 1006 1000
3 966 969 863
3 966 863 859
3 963 966 859
3 963 859 854
3 763 857 860
3 763 860 767
3 731 805 817
3 731 817 734
3 702 700 783
3 702 783 712
3 674 4362 761
3 674 761 4363
3 671 748 4362
3 671 4362 674
3 664 662 727
3 664 727 733
3 725 656 707
3 725 707 709
