ply
format ascii 1.0
element vertex 3653
property float x
property float y
property float z
element face 7302
property list uchar int vertex_index
end_header
-0.525238 1.920763 -0.808380
-0.526972 1.919798 -0.808614
-0.524294 1.921654 -0.807160
-0.524111 1.924709 -0.809373
-0.526200 1.924143 -0.810243
-0.522310 1.925879 -0.808027
-0.522936 1.931442 -0.810711
-0.525215 1.930960 -0.811838
-0.520787 1.932379 -0.809281
-0.522029 1.939333 -0.812277
-0.524416 1.938995 -0.813526
-0.521565 1.948315 -0.813880
-0.519727 1.939901 -0.810825
-0.519246 1.948712 -0.812418
-0.517480 1.940889 -0.809214
-0.517010 1.949285 -0.810864
-0.515159 1.942279 -0.807557
-0.518551 1.933660 -0.807557
-0.516087 1.936173 -0.805420
-0.520648 1.928141 -0.806386
-0.523128 1.924705 -0.805637
-0.519228 1.931775 -0.804630
-0.522108 1.929156 -0.804109
-0.518610 1.936564 -0.803002
-0.521512 1.935028 -0.802773
-0.518414 1.943089 -0.801821
-0.515656 1.938461 -0.803166
-0.512891 1.940202 -0.802872
-0.515607 1.944052 -0.801826
-0.515676 1.951415 -0.800953
-0.512972 1.944833 -0.801679
-0.510653 1.945197 -0.801489
-0.513087 1.951787 -0.800878
-0.513125 1.959960 -0.800237
-0.510777 1.951991 -0.800851
-0.508890 1.952115 -0.800977
-0.510760 1.960085 -0.800319
-0.508807 1.960164 -0.800614
-0.510718 1.969331 -0.799882
-0.510568 1.979049 -0.799358
-0.508700 1.969414 -0.800322
-0.513163 1.969210 -0.799718
-0.515834 1.969050 -0.799713
-0.513144 1.978895 -0.799133
-0.513289 1.989049 -0.798577
-0.515913 1.978713 -0.799093
-0.516171 1.988816 -0.798483
-0.518770 1.978511 -0.799141
-0.519117 1.988568 -0.798474
-0.521667 1.978296 -0.799217
-0.518619 1.968860 -0.799779
-0.518485 1.959512 -0.800338
-0.521464 1.968653 -0.799863
-0.521301 1.959244 -0.800407
-0.524342 1.968442 -0.799936
-0.524148 1.959000 -0.800458
-0.527241 1.968236 -0.799982
-0.524598 1.978075 -0.799290
-0.525093 1.988056 -0.798529
-0.527560 1.977850 -0.799345
-0.530547 1.977624 -0.799378
-0.528132 1.987791 -0.798561
-0.531203 1.987523 -0.798589
-0.529034 1.998153 -0.797727
-0.525926 1.998456 -0.797754
-0.530394 2.009038 -0.796930
-0.532184 1.997840 -0.797718
-0.533609 2.008676 -0.796839
-0.535360 1.997523 -0.797731
-0.536870 2.008306 -0.796789
-0.538539 1.997200 -0.797781
-0.534293 1.987250 -0.798620
-0.533548 1.977393 -0.799396
-0.537382 1.986974 -0.798666
-0.536547 1.977162 -0.799409
-0.540448 1.986696 -0.798748
-0.539528 1.976927 -0.799434
-0.543465 1.986415 -0.798899
-0.541699 1.996871 -0.797893
-0.543438 2.007529 -0.796904
-0.544813 1.996537 -0.798108
-0.546696 2.007129 -0.797144
-0.547851 1.996213 -0.798459
-0.549885 2.006746 -0.797570
-0.550783 1.995921 -0.798973
-0.546415 1.986146 -0.799146
-0.545373 1.976461 -0.799619
-0.549286 1.985906 -0.799512
-0.548228 1.976254 -0.799825
-0.552041 1.985723 -0.800035
-0.551014 1.976095 -0.800148
-0.554611 1.985611 -0.800774
-0.553558 1.995688 -0.799688
-0.555795 2.006146 -0.799146
-0.556100 1.995521 -0.800652
-0.558357 2.005952 -0.800356
-0.558292 1.995398 -0.801923
-0.560534 2.005816 -0.801876
-0.560022 1.995305 -0.803537
-0.556846 1.985493 -0.801802
-0.558607 1.985429 -0.803216
-0.556047 1.975937 -0.801430
-0.557906 1.975862 -0.802628
-0.555366 1.966443 -0.800828
-0.553671 1.975996 -0.800642
-0.552872 1.966534 -0.800300
-0.550151 1.966665 -0.800069
-0.551841 1.957131 -0.800095
-0.549180 1.957278 -0.799984
-0.554370 1.956988 -0.800393
-0.550499 1.947883 -0.800137
-0.547986 1.948082 -0.800131
-0.552887 1.947692 -0.800338
-0.548835 1.938990 -0.800513
-0.550995 1.938743 -0.800627
-0.546559 1.939293 -0.800596
-0.546950 1.930809 -0.801311
-0.545008 1.931137 -0.801383
-0.545058 1.923718 -0.802542
-0.548810 1.930507 -0.801364
-0.546598 1.923285 -0.802534
-0.550512 1.930177 -0.801574
-0.548031 1.922869 -0.802641
-0.551894 1.929892 -0.802049
-0.552955 1.938481 -0.800961
-0.554931 1.947520 -0.800911
-0.554465 1.938259 -0.801681
-0.556444 1.947346 -0.801916
-0.555355 1.938106 -0.802819
-0.557314 1.947196 -0.803334
-0.555689 1.938018 -0.804254
-0.552771 1.929715 -0.802870
-0.550154 1.922278 -0.803406
-0.553141 1.929667 -0.803985
-0.550600 1.922305 -0.804155
-0.553085 1.929715 -0.805281
-0.550648 1.922577 -0.805139
-0.552589 1.929687 -0.806621
-0.555587 1.937976 -0.805828
-0.557572 1.946963 -0.806786
-0.555101 1.937935 -0.807428
-0.554311 1.937898 -0.808984
-0.557131 1.946862 -0.808577
-0.556368 1.946767 -0.810327
-0.558616 1.956138 -0.809859
-0.558976 1.956275 -0.807928
-0.559486 1.965647 -0.811132
-0.557940 1.956000 -0.811756
-0.558902 1.965500 -0.813132
-0.556931 1.955861 -0.813597
-0.557964 1.965337 -0.815108
-0.555558 1.955722 -0.815353
-0.555295 1.946676 -0.811998
-0.553249 1.937868 -0.810450
-0.553898 1.946590 -0.813563
-0.551909 1.937841 -0.811798
-0.552200 1.946509 -0.815001
-0.550322 1.937810 -0.813037
-0.550202 1.946435 -0.816273
-0.553825 1.955588 -0.816977
-0.554942 1.965001 -0.818793
-0.551708 1.955470 -0.818412
-0.552784 1.964862 -0.820362
-0.549278 1.955392 -0.819598
-0.550274 1.964777 -0.821663
-0.546597 1.955377 -0.820512
-0.547943 1.946386 -0.817333
-0.546480 1.937749 -0.815077
-0.545477 1.946376 -0.818161
-0.544287 1.937740 -0.815821
-0.542846 1.946420 -0.818735
-0.541956 1.937763 -0.816359
-0.540102 1.946530 -0.819025
-0.543717 1.955440 -0.821116
-0.544443 1.964859 -0.823276
-0.540718 1.955589 -0.821383
-0.541282 1.965039 -0.823509
-0.537677 1.955821 -0.821300
-0.538092 1.965310 -0.823345
-0.534671 1.956114 -0.820886
-0.537300 1.946704 -0.819018
-0.536993 1.937945 -0.816717
-0.534500 1.946932 -0.818720
-0.534440 1.938101 -0.816526
-0.531748 1.947192 -0.818157
-0.531886 1.938288 -0.816092
-0.529071 1.947465 -0.817364
-0.531754 1.956443 -0.820188
-0.531942 1.966018 -0.821999
-0.528953 1.956780 -0.819255
-0.529061 1.966395 -0.820948
-0.526280 1.957102 -0.818129
-0.526334 1.966758 -0.819708
-0.523733 1.957402 -0.816851
-0.526480 1.947740 -0.816370
-0.526866 1.938734 -0.814577
-0.523977 1.948014 -0.815203
-0.527558 1.930637 -0.812736
-0.529357 1.938498 -0.815436
-0.529904 1.930370 -0.813450
-0.532225 1.930195 -0.813973
-0.530574 1.923321 -0.811452
-0.532639 1.923193 -0.811835
-0.531066 1.918802 -0.809219
-0.528401 1.923722 -0.810905
-0.529018 1.919375 -0.808913
-0.528897 1.918774 -0.806839
-0.531031 1.918084 -0.806891
-0.526614 1.919513 -0.806855
-0.528253 1.921398 -0.804996
-0.530557 1.920953 -0.804935
-0.527545 1.926566 -0.803535
-0.525707 1.922418 -0.805187
-0.524873 1.927473 -0.803747
-0.524332 1.933879 -0.802553
-0.527083 1.933359 -0.802430
-0.524084 1.941470 -0.801646
-0.521248 1.942119 -0.801730
-0.524072 1.950051 -0.801015
-0.526874 1.941090 -0.801581
-0.526887 1.949766 -0.800999
-0.529577 1.940833 -0.801512
-0.529694 1.933020 -0.802330
-0.529660 1.949541 -0.800961
-0.532182 1.940624 -0.801424
-0.532149 1.932752 -0.802222
-0.532381 1.949342 -0.800894
-0.534702 1.940442 -0.801314
-0.534476 1.932597 -0.802121
-0.535055 1.949154 -0.800799
-0.537161 1.940246 -0.801180
-0.537689 1.948962 -0.800680
-0.539572 1.940035 -0.801027
-0.536710 1.932376 -0.801990
-0.536353 1.925375 -0.803110
-0.538874 1.932135 -0.801846
-0.538240 1.925110 -0.802988
-0.540972 1.931873 -0.801700
-0.540042 1.924784 -0.802858
-0.543022 1.931449 -0.801507
-0.541941 1.939802 -0.800864
-0.542868 1.948555 -0.800403
-0.544272 1.939536 -0.800701
-0.545424 1.948343 -0.800277
-0.546462 1.957453 -0.800011
-0.547366 1.966821 -0.799942
-0.543735 1.957638 -0.800084
-0.540997 1.957828 -0.800178
-0.544551 1.967006 -0.799893
-0.541713 1.967208 -0.799891
-0.538851 1.967416 -0.799918
-0.542472 1.976691 -0.799497
-0.535964 1.967622 -0.799954
-0.538240 1.958019 -0.800276
-0.535463 1.958210 -0.800363
-0.532663 1.958399 -0.800432
-0.529840 1.958588 -0.800473
-0.533062 1.967829 -0.799985
-0.530151 1.968034 -0.799998
-0.526999 1.958785 -0.800482
-0.540291 1.948762 -0.800545
-0.541773 1.924505 -0.802747
-0.540702 1.919167 -0.804435
-0.543442 1.924069 -0.802611
-0.542098 1.918826 -0.804333
-0.541393 1.916275 -0.806405
-0.543437 1.918481 -0.804263
-0.542501 1.915854 -0.806253
-0.544661 1.918021 -0.804248
-0.543506 1.915383 -0.806149
-0.545796 1.917538 -0.804303
-0.544436 1.914898 -0.806084
-0.546848 1.917100 -0.804417
-0.549276 1.922504 -0.802905
-0.545339 1.914467 -0.806018
-0.547750 1.916854 -0.804598
-0.546251 1.914316 -0.805903
-0.548445 1.917122 -0.804883
-0.548921 1.918203 -0.805367
-0.547125 1.914838 -0.805712
-0.547981 1.917130 -0.806069
-0.550034 1.922381 -0.806182
-0.547018 1.916752 -0.806667
-0.546093 1.916793 -0.807169
-0.549215 1.922302 -0.807153
-0.551816 1.929678 -0.807912
-0.548304 1.922354 -0.808043
-0.550833 1.929698 -0.809114
-0.547277 1.922476 -0.808840
-0.549631 1.929733 -0.810208
-0.546094 1.922588 -0.809558
-0.545208 1.917112 -0.807580
-0.544224 1.917412 -0.807939
-0.543142 1.917674 -0.808295
-0.544785 1.922675 -0.810222
-0.541956 1.917879 -0.808663
-0.543347 1.922736 -0.810828
-0.540656 1.918002 -0.808998
-0.541786 1.922772 -0.811342
-0.539278 1.918127 -0.809265
-0.540162 1.916490 -0.806556
-0.538889 1.916793 -0.806699
-0.537519 1.917022 -0.806802
-0.539251 1.919466 -0.804530
-0.537743 1.919957 -0.804659
-0.536121 1.920187 -0.804746
-0.534411 1.920343 -0.804814
-0.536062 1.917270 -0.806892
-0.536261 1.918399 -0.809534
-0.534509 1.917650 -0.806974
-0.532852 1.917800 -0.806956
-0.534621 1.918619 -0.809549
-0.534634 1.923059 -0.812050
-0.532879 1.918839 -0.809436
-0.534517 1.930051 -0.814291
-0.536549 1.922940 -0.812093
-0.538383 1.922862 -0.811987
-0.536764 1.929934 -0.814401
-0.538947 1.929853 -0.814309
-0.541047 1.929803 -0.814021
-0.539511 1.937831 -0.816661
-0.543040 1.929783 -0.813544
-0.540133 1.922811 -0.811737
-0.544918 1.929776 -0.812903
-0.546657 1.929771 -0.812118
-0.548229 1.929760 -0.811210
-0.548507 1.937774 -0.814144
-0.537812 1.918246 -0.809438
-0.532580 1.920651 -0.804887
-0.532294 1.925894 -0.803335
-0.530036 1.926101 -0.803415
-0.534381 1.925658 -0.803234
-0.521238 1.950443 -0.801016
-0.518424 1.950935 -0.801002
-0.523761 1.967094 -0.818329
-0.521310 1.957688 -0.815451
-0.521336 1.967405 -0.816848
-0.519004 1.957986 -0.813955
-0.516814 1.958333 -0.812396
-0.519048 1.967697 -0.815297
-0.516898 1.967990 -0.813696
-0.519231 1.977540 -0.816433
-0.521516 1.977236 -0.818054
-0.519739 1.987674 -0.817512
-0.517099 1.977829 -0.814768
-0.517605 1.987976 -0.815773
-0.515116 1.978104 -0.813071
-0.515616 1.988263 -0.813992
-0.513273 1.978367 -0.811345
-0.514882 1.968287 -0.812066
-0.514732 1.958742 -0.810817
-0.512997 1.968584 -0.810424
-0.512766 1.959169 -0.809266
-0.511254 1.968854 -0.808773
-0.510958 1.959537 -0.807741
-0.509675 1.969086 -0.807113
-0.511568 1.978611 -0.809594
-0.512072 1.988783 -0.810322
-0.510000 1.978827 -0.807817
-0.510505 1.989006 -0.808440
-0.508609 1.979007 -0.806016
-0.509106 1.989192 -0.806527
-0.507509 1.979138 -0.804207
-0.508325 1.969267 -0.805452
-0.508043 1.960032 -0.804763
-0.507347 1.969391 -0.803832
-0.507170 1.960155 -0.803372
-0.506958 1.969453 -0.802348
-0.506930 1.960203 -0.802151
-0.507387 1.969458 -0.801141
-0.506922 1.979212 -0.802466
-0.507237 1.989430 -0.802630
-0.507162 1.979222 -0.800971
-0.508441 1.979165 -0.799923
-0.507243 1.989459 -0.800850
-0.508387 1.989400 -0.799541
-0.507804 2.000158 -0.800821
-0.508088 2.000087 -0.802889
-0.509739 2.011300 -0.801205
-0.508709 2.000111 -0.799170
-0.510452 2.011253 -0.799423
-0.510995 1.999907 -0.798414
-0.512547 2.011021 -0.798528
-0.513837 1.999632 -0.798109
-0.510586 1.989252 -0.798859
-0.515258 2.010718 -0.798042
-0.516815 1.999338 -0.797956
-0.518155 2.010392 -0.797707
-0.519833 1.999045 -0.797868
-0.521134 2.010063 -0.797450
-0.522865 1.998752 -0.797803
-0.524160 2.009730 -0.797232
-0.522090 1.988316 -0.798498
-0.525750 2.020982 -0.796688
-0.527242 2.009390 -0.797056
-0.528832 2.020596 -0.796363
-0.530665 2.032079 -0.795587
-0.532029 2.020197 -0.796113
-0.533965 2.031654 -0.795222
-0.535324 2.019792 -0.795916
-0.537391 2.031226 -0.794923
-0.538702 2.019378 -0.795780
-0.540923 2.030795 -0.794696
-0.542137 2.018950 -0.795725
-0.544530 2.030358 -0.794572
-0.545599 2.018506 -0.795791
-0.540154 2.007924 -0.796801
-0.548164 2.029917 -0.794609
-0.549046 2.018064 -0.796036
-0.551767 2.029494 -0.794880
-0.552413 2.017658 -0.796530
-0.555258 2.029124 -0.795465
-0.555616 2.017321 -0.797325
-0.558566 2.017068 -0.798447
-0.558546 2.028830 -0.796407
-0.552943 2.006412 -0.798226
-0.561631 2.040793 -0.795458
-0.561542 2.028616 -0.797716
-0.564658 2.040620 -0.796923
-0.564176 2.028461 -0.799366
-0.561174 2.016891 -0.799898
-0.567294 2.040529 -0.798745
-0.566384 2.028369 -0.801332
-0.569525 2.040471 -0.800862
-0.568160 2.028303 -0.803551
-0.563358 2.016787 -0.801670
-0.565111 2.016685 -0.803701
-0.566454 2.016578 -0.805937
-0.562260 2.005666 -0.803688
-0.563573 2.005542 -0.805726
-0.564498 2.005409 -0.807931
-0.561270 1.995169 -0.805414
-0.559816 1.985328 -0.804971
-0.562152 1.995047 -0.807462
-0.562668 1.994899 -0.809624
-0.560633 1.985208 -0.806906
-0.559841 1.975625 -0.806166
-0.561101 1.985067 -0.808956
-0.560228 1.975477 -0.808158
-0.561255 1.984922 -0.811067
-0.562835 1.994761 -0.811851
-0.560339 1.975328 -0.810201
-0.561055 1.984780 -0.813208
-0.560138 1.975178 -0.812263
-0.560491 1.984645 -0.815360
-0.562624 1.994635 -0.814113
-0.564988 2.005050 -0.815056
-0.562029 1.994525 -0.816374
-0.564368 2.004957 -0.817465
-0.561038 1.994436 -0.818596
-0.563337 2.004894 -0.819824
-0.559631 1.994377 -0.820726
-0.559556 1.984520 -0.817486
-0.558711 1.974867 -0.816422
-0.558215 1.984414 -0.819529
-0.557444 1.974710 -0.818432
-0.556438 1.984339 -0.821433
-0.555709 1.974575 -0.820288
-0.554246 1.984307 -0.823127
-0.557807 1.994360 -0.822714
-0.560006 2.004884 -0.824186
-0.555574 1.994391 -0.824496
-0.557707 2.004954 -0.826072
-0.552965 1.994481 -0.826000
-0.555020 2.005090 -0.827670
-0.550021 1.994641 -0.827151
-0.551678 1.984331 -0.824535
-0.550963 1.974434 -0.823291
-0.548788 1.984428 -0.825599
-0.548112 1.974468 -0.824336
-0.545657 1.984599 -0.826253
-0.545008 1.974587 -0.824971
-0.542392 1.984835 -0.826481
-0.546819 1.994878 -0.827871
-0.548700 2.005601 -0.829690
-0.543467 1.995180 -0.828140
-0.545251 2.005974 -0.829983
-0.540098 1.995542 -0.827930
-0.541776 2.006412 -0.829773
-0.536815 1.995944 -0.827313
-0.539113 1.985136 -0.826271
-0.538506 1.975064 -0.824989
-0.535896 1.985484 -0.825687
-0.535310 1.975407 -0.824402
-0.532799 1.985866 -0.824803
-0.532230 1.975783 -0.823516
-0.529863 1.986261 -0.823665
-0.533683 1.996368 -0.826367
-0.535160 2.007389 -0.828127
-0.530726 1.996792 -0.825168
-0.532106 2.007880 -0.826862
-0.527945 1.997199 -0.823761
-0.529252 2.008344 -0.825383
-0.525333 1.997579 -0.822190
-0.527097 1.986649 -0.822316
-0.526544 1.976548 -0.821075
-0.524490 1.987017 -0.820809
-0.523950 1.976906 -0.819613
-0.522040 1.987357 -0.819194
-0.522892 1.997930 -0.820499
-0.524131 2.009163 -0.821950
-0.520602 1.998251 -0.818731
-0.521854 2.009511 -0.820067
-0.518463 1.998553 -0.816895
-0.519721 2.009823 -0.818106
-0.516465 1.998838 -0.815004
-0.517730 2.010110 -0.816083
-0.514606 1.999110 -0.813071
-0.515883 2.010374 -0.814016
-0.512902 1.999362 -0.811099
-0.513773 1.988533 -0.812174
-0.511354 1.999592 -0.809099
-0.514210 2.010612 -0.811921
-0.515779 2.022298 -0.812761
-0.512751 2.010823 -0.809804
-0.514416 2.022475 -0.810541
-0.511549 2.011000 -0.807667
-0.510004 1.999791 -0.807066
-0.513354 2.022611 -0.808323
-0.510615 2.011142 -0.805520
-0.508897 1.999957 -0.804997
-0.512614 2.022703 -0.806132
-0.509975 2.011246 -0.803349
-0.512204 2.022748 -0.803972
-0.512196 2.022736 -0.801889
-0.514085 2.034456 -0.804454
-0.514404 2.034480 -0.806678
-0.515536 2.046441 -0.804667
-0.514225 2.034378 -0.802336
-0.515655 2.046310 -0.802405
-0.514998 2.034225 -0.800467
-0.512884 2.022645 -0.800089
-0.516426 2.046111 -0.800366
-0.516602 2.033970 -0.799032
-0.514666 2.022402 -0.798923
-0.517984 2.045832 -0.798717
-0.518905 2.033646 -0.797989
-0.517130 2.022080 -0.798144
-0.520285 2.045498 -0.797497
-0.521584 2.033282 -0.797193
-0.519873 2.021725 -0.797552
-0.523046 2.045126 -0.796571
-0.524475 2.032897 -0.796560
-0.526075 2.044727 -0.795837
-0.522764 2.021356 -0.797083
-0.527504 2.032496 -0.796031
-0.529276 2.044312 -0.795221
-0.531390 2.056818 -0.794294
-0.532623 2.043887 -0.794692
-0.534939 2.056359 -0.793688
-0.536110 2.043458 -0.794238
-0.539718 2.043034 -0.793853
-0.538615 2.055900 -0.793158
-0.541388 2.068865 -0.791958
-0.542392 2.055449 -0.792702
-0.545298 2.068356 -0.791428
-0.546243 2.055003 -0.792345
-0.549262 2.067852 -0.791010
-0.543427 2.042613 -0.793551
-0.550135 2.054564 -0.792140
-0.553250 2.067359 -0.790761
-0.547198 2.042191 -0.793377
-0.554018 2.054139 -0.792166
-0.557215 2.066888 -0.790766
-0.550980 2.041771 -0.793402
-0.557822 2.053755 -0.792515
-0.554704 2.041381 -0.793713
-0.561091 2.066471 -0.791121
-0.561461 2.053439 -0.793258
-0.558286 2.041047 -0.794386
-0.564788 2.066136 -0.791900
-0.564845 2.053203 -0.794424
-0.568214 2.065907 -0.793129
-0.567902 2.053045 -0.795993
-0.570572 2.052966 -0.797925
-0.571278 2.065794 -0.794786
-0.573958 2.065753 -0.796813
-0.574815 2.078753 -0.793232
-0.571704 2.078874 -0.791503
-0.578358 2.092017 -0.791488
-0.577514 2.078744 -0.795359
-0.579810 2.078805 -0.797820
-0.581046 2.092052 -0.793712
-0.584373 2.105661 -0.791906
-0.583340 2.092166 -0.796276
-0.586678 2.105834 -0.794571
-0.585270 2.092312 -0.799136
-0.588658 2.106059 -0.797553
-0.581722 2.078895 -0.800568
-0.586863 2.092463 -0.802249
-0.588206 2.092561 -0.805619
-0.583276 2.078980 -0.803566
-0.590371 2.106296 -0.800808
-0.591763 2.106544 -0.804319
-0.593560 2.120374 -0.799630
-0.595205 2.120699 -0.803141
-0.591682 2.120062 -0.796342
-0.596954 2.134592 -0.799234
-0.594878 2.134300 -0.795885
-0.600546 2.149097 -0.799796
-0.598795 2.134909 -0.802868
-0.602496 2.149301 -0.803399
-0.600318 2.135248 -0.806764
-0.604101 2.149517 -0.807212
-0.601376 2.135608 -0.810808
-0.596658 2.121032 -0.806887
-0.597667 2.121369 -0.810841
-0.592936 2.106789 -0.807966
-0.593604 2.107063 -0.811789
-0.589162 2.092682 -0.809124
-0.589714 2.092817 -0.812755
-0.585349 2.079080 -0.810148
-0.585829 2.079116 -0.813633
-0.581560 2.065810 -0.810864
-0.584449 2.079066 -0.806756
-0.580779 2.065825 -0.807667
-0.579648 2.065810 -0.804629
-0.577225 2.052868 -0.808261
-0.577929 2.052809 -0.811293
-0.576138 2.052919 -0.805365
-0.573788 2.040283 -0.808540
-0.574436 2.040178 -0.811412
-0.572766 2.040353 -0.805800
-0.570510 2.028116 -0.808549
-0.569540 2.028206 -0.805970
-0.567404 2.016441 -0.808336
-0.571100 2.028012 -0.811242
-0.567961 2.016331 -0.810844
-0.571306 2.027906 -0.814006
-0.568143 2.016199 -0.813422
-0.574695 2.040078 -0.814365
-0.571128 2.027789 -0.816803
-0.574575 2.039951 -0.817372
-0.567931 2.016084 -0.816023
-0.570552 2.027680 -0.819586
-0.574047 2.039834 -0.820369
-0.567319 2.015986 -0.818608
-0.569554 2.027589 -0.822309
-0.573091 2.039733 -0.823311
-0.566288 2.015915 -0.821133
-0.568105 2.027531 -0.824915
-0.564819 2.015881 -0.823548
-0.571671 2.039663 -0.826138
-0.566181 2.027526 -0.827338
-0.562896 2.015895 -0.825794
-0.569755 2.039643 -0.828773
-0.563768 2.027591 -0.829497
-0.567316 2.039694 -0.831127
-0.560520 2.015973 -0.827800
-0.560888 2.027750 -0.831304
-0.557720 2.016131 -0.829490
-0.564363 2.039848 -0.833098
-0.557613 2.028014 -0.832687
-0.554565 2.016379 -0.830795
-0.560966 2.040120 -0.834598
-0.554051 2.028383 -0.833574
-0.557255 2.040506 -0.835561
-0.551136 2.016725 -0.831629
-0.550333 2.028845 -0.833910
-0.553378 2.040998 -0.835913
-0.547555 2.017151 -0.831944
-0.546592 2.029380 -0.833701
-0.549479 2.041565 -0.835668
-0.543950 2.017648 -0.831737
-0.542941 2.029963 -0.833004
-0.540434 2.018192 -0.831068
-0.545672 2.042181 -0.834911
-0.539453 2.030572 -0.831904
-0.537077 2.018760 -0.830019
-0.542040 2.042821 -0.833730
-0.536168 2.031179 -0.830493
-0.538625 2.043458 -0.832219
-0.533908 2.019325 -0.828681
-0.533101 2.031764 -0.828839
-0.530952 2.019866 -0.827116
-0.535443 2.044062 -0.830455
-0.530266 2.032306 -0.826984
-0.532505 2.044613 -0.828485
-0.528219 2.020370 -0.825361
-0.527654 2.032791 -0.824966
-0.529800 2.045091 -0.826345
-0.525699 2.020823 -0.823463
-0.525249 2.033201 -0.822813
-0.527307 2.045485 -0.824071
-0.523384 2.021213 -0.821446
-0.523036 2.033536 -0.820570
-0.525014 2.045805 -0.821704
-0.521235 2.021541 -0.819343
-0.521003 2.033814 -0.818265
-0.519241 2.021828 -0.817179
-0.522915 2.046062 -0.819278
-0.519152 2.034045 -0.815934
-0.517411 2.022080 -0.814977
-0.521006 2.046267 -0.816822
-0.517511 2.034232 -0.813600
-0.519305 2.046420 -0.814360
-0.516151 2.034368 -0.811274
-0.517863 2.046510 -0.811900
-0.515103 2.034450 -0.808958
-0.516721 2.046541 -0.809453
-0.518639 2.059273 -0.809609
-0.515925 2.046517 -0.807034
-0.517758 2.059227 -0.807056
-0.519956 2.072530 -0.806734
-0.517295 2.059126 -0.804560
-0.519492 2.072411 -0.804158
-0.517373 2.058963 -0.802176
-0.519584 2.072222 -0.801716
-0.518138 2.058733 -0.800024
-0.520375 2.071961 -0.799516
-0.519696 2.058434 -0.798247
-0.521947 2.071638 -0.797667
-0.521999 2.058083 -0.796882
-0.524249 2.071259 -0.796193
-0.524832 2.057692 -0.795834
-0.527113 2.070834 -0.795025
-0.528001 2.057266 -0.794996
-0.530363 2.070374 -0.794074
-0.533081 2.083871 -0.793018
-0.533872 2.069883 -0.793270
-0.536660 2.083346 -0.792106
-0.537565 2.069376 -0.792572
-0.540441 2.082800 -0.791305
-0.543367 2.096411 -0.790014
-0.544361 2.082233 -0.790594
-0.547385 2.095815 -0.789219
-0.548368 2.081662 -0.789977
-0.551484 2.095199 -0.788510
-0.552423 2.081086 -0.789482
-0.555621 2.094569 -0.787915
-0.556490 2.080515 -0.789168
-0.559764 2.093935 -0.787498
-0.560528 2.079974 -0.789122
-0.563878 2.093318 -0.787359
-0.564470 2.079492 -0.789451
-0.567899 2.092769 -0.787617
-0.568227 2.079122 -0.790234
-0.571728 2.092351 -0.788376
-0.575055 2.105870 -0.786394
-0.575240 2.092108 -0.789684
-0.578603 2.105633 -0.787725
-0.581715 2.105576 -0.789588
-0.581619 2.119402 -0.786212
-0.578099 2.119560 -0.784799
-0.584654 2.119421 -0.788198
-0.584644 2.133599 -0.785451
-0.581133 2.133715 -0.783968
-0.587763 2.148402 -0.785830
-0.587645 2.133653 -0.787530
-0.590258 2.133817 -0.790031
-0.590829 2.148440 -0.788009
-0.593524 2.148565 -0.790577
-0.593949 2.163370 -0.788208
-0.596874 2.178924 -0.787642
-0.596702 2.163379 -0.790732
-0.590836 2.163426 -0.786071
-0.593779 2.179120 -0.785557
-0.587362 2.163561 -0.784358
-0.590357 2.179338 -0.783834
-0.584240 2.148507 -0.784228
-0.583521 2.163805 -0.783224
-0.579449 2.164195 -0.782757
-0.586598 2.179589 -0.782596
-0.580363 2.148780 -0.783272
-0.576293 2.149214 -0.782959
-0.577240 2.134032 -0.783160
-0.573160 2.134531 -0.782986
-0.574222 2.119924 -0.784051
-0.570150 2.120477 -0.783908
-0.571178 2.106289 -0.785680
-0.567110 2.106867 -0.785506
-0.562954 2.107530 -0.785762
-0.565996 2.121149 -0.784236
-0.558773 2.108221 -0.786304
-0.561821 2.121871 -0.784870
-0.554596 2.108902 -0.787016
-0.557647 2.122588 -0.785674
-0.550450 2.109561 -0.787832
-0.553490 2.123286 -0.786565
-0.546373 2.110194 -0.788719
-0.549384 2.123957 -0.787504
-0.542423 2.110797 -0.789672
-0.545387 2.124603 -0.788487
-0.538673 2.111373 -0.790707
-0.539484 2.096987 -0.790891
-0.535807 2.097536 -0.791869
-0.532432 2.098057 -0.792988
-0.529483 2.098538 -0.794307
-0.535218 2.111916 -0.791862
-0.529794 2.084363 -0.794080
-0.526922 2.084818 -0.795354
-0.524613 2.085225 -0.796907
-0.523002 2.085578 -0.798789
-0.527109 2.098974 -0.795893
-0.525437 2.099355 -0.797794
-0.529713 2.112872 -0.794778
-0.532283 2.126792 -0.793508
-0.527938 2.113268 -0.796658
-0.532184 2.112417 -0.793196
-0.534883 2.126318 -0.791972
-0.537848 2.140212 -0.790862
-0.538030 2.125790 -0.790672
-0.541572 2.125216 -0.789531
-0.541076 2.139699 -0.789644
-0.544273 2.153890 -0.788828
-0.544673 2.139146 -0.788573
-0.547922 2.153403 -0.787901
-0.548518 2.138553 -0.787582
-0.552522 2.137925 -0.786625
-0.551793 2.152880 -0.787049
-0.555103 2.167507 -0.786465
-0.555798 2.152322 -0.786216
-0.559081 2.167006 -0.785682
-0.559869 2.151724 -0.785377
-0.563112 2.166466 -0.784885
-0.563962 2.151087 -0.784539
-0.556613 2.137262 -0.785684
-0.560741 2.136572 -0.784773
-0.564877 2.135862 -0.783944
-0.569020 2.135162 -0.783299
-0.568060 2.150428 -0.783764
-0.571230 2.165287 -0.783370
-0.572171 2.149784 -0.783180
-0.575325 2.164704 -0.782859
-0.578463 2.180349 -0.781941
-0.574373 2.180833 -0.782357
-0.582578 2.179928 -0.781974
-0.581808 2.196571 -0.780706
-0.577706 2.196988 -0.780998
-0.585588 2.212284 -0.779638
-0.585953 2.196197 -0.780896
-0.589726 2.211966 -0.780018
-0.589977 2.195896 -0.781705
-0.593725 2.211689 -0.780957
-0.593670 2.195622 -0.783061
-0.597011 2.195302 -0.784756
-0.597443 2.211395 -0.782312
-0.601030 2.225291 -0.781807
-0.600790 2.211064 -0.783998
-0.604387 2.224977 -0.783406
-0.603850 2.210566 -0.785781
-0.600056 2.194933 -0.786678
-0.607537 2.224574 -0.785095
-0.606663 2.210088 -0.787794
-0.609451 2.209573 -0.789993
-0.610629 2.224157 -0.786908
-0.602849 2.194528 -0.788847
-0.605467 2.194113 -0.791263
-0.599666 2.178729 -0.790020
-0.602250 2.178514 -0.792663
-0.599260 2.163407 -0.793513
-0.604700 2.178271 -0.795550
-0.607940 2.193654 -0.793968
-0.601664 2.163446 -0.796552
-0.607039 2.178015 -0.798674
-0.610299 2.193166 -0.796928
-0.603953 2.163483 -0.799838
-0.609149 2.177789 -0.802053
-0.610895 2.177628 -0.805694
-0.612412 2.192684 -0.800167
-0.606018 2.163526 -0.803354
-0.607722 2.163587 -0.807064
-0.608976 2.163652 -0.810900
-0.612188 2.177509 -0.809531
-0.609712 2.163731 -0.814813
-0.605266 2.149747 -0.811109
-0.605926 2.149974 -0.815071
-0.605969 2.150226 -0.818992
-0.601984 2.135970 -0.814832
-0.601932 2.136324 -0.818803
-0.598081 2.121720 -0.814806
-0.593820 2.107349 -0.815652
-0.597913 2.122101 -0.818744
-0.597098 2.122494 -0.822609
-0.593540 2.107693 -0.819489
-0.592709 2.108097 -0.823274
-0.589637 2.093130 -0.820225
-0.589914 2.092943 -0.816497
-0.585621 2.079195 -0.820784
-0.588886 2.093352 -0.823947
-0.587684 2.093618 -0.827560
-0.584853 2.079256 -0.824352
-0.580822 2.065583 -0.824379
-0.583577 2.079353 -0.827815
-0.579487 2.065577 -0.827654
-0.581644 2.079524 -0.831055
-0.577570 2.065630 -0.830725
-0.585771 2.093968 -0.830962
-0.579059 2.079789 -0.833942
-0.583265 2.094395 -0.834052
-0.575049 2.065765 -0.833477
-0.575858 2.080148 -0.836365
-0.571934 2.066004 -0.835791
-0.580161 2.094878 -0.836745
-0.572079 2.080602 -0.838125
-0.568262 2.066367 -0.837495
-0.576297 2.095423 -0.838821
-0.567934 2.081105 -0.839279
-0.564232 2.066825 -0.838600
-0.571951 2.095994 -0.840203
-0.563551 2.081649 -0.839702
-0.567271 2.096575 -0.840903
-0.559999 2.067363 -0.838975
-0.559109 2.082202 -0.839494
-0.562583 2.097133 -0.840705
-0.555718 2.067937 -0.838737
-0.554807 2.082745 -0.838603
-0.551534 2.068523 -0.837908
-0.558061 2.097631 -0.839500
-0.550702 2.083276 -0.837215
-0.547559 2.069126 -0.836573
-0.553787 2.098081 -0.837843
-0.546817 2.083802 -0.835418
-0.549794 2.098483 -0.835802
-0.543841 2.069729 -0.834832
-0.543195 2.084308 -0.833291
-0.540411 2.070305 -0.832791
-0.546041 2.098858 -0.833467
-0.539909 2.084793 -0.830926
-0.542611 2.099221 -0.830953
-0.537280 2.070837 -0.830530
-0.536957 2.085236 -0.828353
-0.534431 2.071302 -0.828107
-0.539561 2.099542 -0.828207
-0.534292 2.085595 -0.825650
-0.536807 2.099795 -0.825322
-0.531843 2.071680 -0.825573
-0.531874 2.085859 -0.822869
-0.534303 2.099971 -0.822353
-0.529476 2.071978 -0.822960
-0.529673 2.086054 -0.820029
-0.527313 2.072213 -0.820280
-0.532038 2.100095 -0.819354
-0.527688 2.086194 -0.817168
-0.525347 2.072393 -0.817558
-0.530010 2.100178 -0.816375
-0.525931 2.086286 -0.814314
-0.528229 2.100226 -0.813442
-0.523593 2.072518 -0.814816
-0.524427 2.086324 -0.811494
-0.522081 2.072582 -0.812083
-0.526714 2.100229 -0.810572
-0.523217 2.086308 -0.808727
-0.525504 2.100185 -0.807773
-0.520849 2.072586 -0.809384
-0.522364 2.086228 -0.806029
-0.524666 2.100082 -0.805056
-0.521963 2.086084 -0.803429
-0.524297 2.099910 -0.802446
-0.522137 2.085865 -0.800988
-0.524516 2.099668 -0.799999
-0.526921 2.113597 -0.798838
-0.529269 2.127551 -0.797498
-0.526628 2.113855 -0.801263
-0.528926 2.127821 -0.799911
-0.526956 2.114039 -0.803860
-0.529252 2.128025 -0.802503
-0.527784 2.114159 -0.806573
-0.530113 2.128167 -0.805212
-0.529007 2.114223 -0.809374
-0.531390 2.128257 -0.808015
-0.530552 2.114241 -0.812265
-0.533000 2.128306 -0.810913
-0.532373 2.114225 -0.815240
-0.534892 2.128328 -0.813913
-0.534451 2.114186 -0.818293
-0.537042 2.128331 -0.817004
-0.536776 2.114136 -0.821399
-0.539434 2.128328 -0.820145
-0.539375 2.114095 -0.824491
-0.542101 2.128336 -0.823280
-0.542243 2.114031 -0.827521
-0.545081 2.128335 -0.826382
-0.545412 2.113915 -0.830403
-0.548338 2.128270 -0.829394
-0.548960 2.113747 -0.833107
-0.552029 2.128079 -0.832177
-0.552884 2.113526 -0.835626
-0.556052 2.127865 -0.834676
-0.557136 2.113234 -0.837688
-0.560367 2.127630 -0.836783
-0.561551 2.112857 -0.839333
-0.565018 2.127244 -0.838144
-0.566316 2.112333 -0.840086
-0.569755 2.126788 -0.839135
-0.570969 2.111786 -0.840394
-0.574536 2.126211 -0.839190
-0.575719 2.111172 -0.839808
-0.579351 2.125564 -0.838762
-0.580077 2.110560 -0.838406
-0.583638 2.124887 -0.837363
-0.584112 2.109975 -0.836358
-0.587671 2.124273 -0.835401
-0.587155 2.109442 -0.833533
-0.590996 2.123758 -0.832796
-0.589495 2.108973 -0.830331
-0.593553 2.123323 -0.829682
-0.591409 2.108523 -0.826896
-0.595628 2.122897 -0.826289
-0.599991 2.136974 -0.826206
-0.601347 2.136647 -0.822625
-0.604179 2.150760 -0.826287
-0.598070 2.137316 -0.829544
-0.595463 2.137711 -0.832577
-0.602282 2.151057 -0.829544
-0.606560 2.164567 -0.829307
-0.599594 2.151422 -0.832404
-0.603950 2.164966 -0.832213
-0.596077 2.151875 -0.834698
-0.591918 2.138180 -0.834952
-0.600564 2.165472 -0.834631
-0.591978 2.152405 -0.836441
-0.587343 2.153018 -0.837352
-0.596510 2.166080 -0.836484
-0.587769 2.138752 -0.836748
-0.583183 2.139345 -0.837776
-0.578321 2.139930 -0.838099
-0.582501 2.153617 -0.837725
-0.573384 2.140486 -0.837729
-0.577582 2.154208 -0.837194
-0.568538 2.140996 -0.836860
-0.572692 2.154774 -0.836204
-0.563826 2.141448 -0.835482
-0.559446 2.141830 -0.833425
-0.567905 2.155283 -0.834602
-0.571817 2.169195 -0.834074
-0.563303 2.155718 -0.832519
-0.567183 2.169645 -0.831740
-0.559001 2.156080 -0.829948
-0.555305 2.142165 -0.831023
-0.562765 2.170042 -0.829046
-0.555065 2.156362 -0.827017
-0.558718 2.170354 -0.826002
-0.551583 2.142399 -0.828176
-0.551544 2.156550 -0.823829
-0.548194 2.142540 -0.825092
-0.554999 2.170579 -0.822739
-0.548349 2.156663 -0.820565
-0.551605 2.170738 -0.819389
-0.545458 2.156715 -0.817321
-0.545155 2.142597 -0.821918
-0.542389 2.142598 -0.818735
-0.539908 2.142565 -0.815583
-0.542871 2.156709 -0.814150
-0.537677 2.142510 -0.812501
-0.535711 2.142432 -0.809516
-0.540549 2.156660 -0.811075
-0.538512 2.156576 -0.808115
-0.543367 2.170885 -0.809776
-0.546015 2.185361 -0.808537
-0.545810 2.170883 -0.812850
-0.541230 2.170842 -0.806828
-0.539439 2.170749 -0.803987
-0.543725 2.185342 -0.805533
-0.546049 2.200382 -0.804181
-0.541816 2.185267 -0.802656
-0.544019 2.200307 -0.801222
-0.540375 2.185134 -0.799876
-0.538064 2.170602 -0.801240
-0.542513 2.200169 -0.798373
-0.539531 2.184935 -0.797199
-0.539426 2.184684 -0.794677
-0.541683 2.199966 -0.795631
-0.537211 2.170398 -0.798590
-0.534549 2.156078 -0.799810
-0.537015 2.170147 -0.796089
-0.534260 2.155821 -0.797261
-0.537608 2.169857 -0.793829
-0.540174 2.184391 -0.792405
-0.534716 2.155515 -0.794926
-0.539059 2.169530 -0.791903
-0.541802 2.184074 -0.790478
-0.536021 2.155164 -0.792899
-0.541315 2.169178 -0.790347
-0.544219 2.183751 -0.788932
-0.538153 2.154773 -0.791236
-0.544213 2.168803 -0.789115
-0.540965 2.154346 -0.789908
-0.547571 2.168403 -0.788117
-0.547240 2.183433 -0.787714
-0.550224 2.198730 -0.786004
-0.550683 2.183127 -0.786748
-0.553795 2.198560 -0.785052
-0.554404 2.182827 -0.785941
-0.551238 2.167973 -0.787259
-0.557618 2.198401 -0.784278
-0.558296 2.182516 -0.785208
-0.561584 2.198230 -0.783590
-0.562279 2.182169 -0.784490
-0.565610 2.198015 -0.782922
-0.566297 2.181773 -0.783753
-0.569643 2.197739 -0.782241
-0.570325 2.181322 -0.783014
-0.567164 2.165886 -0.784091
-0.573666 2.197394 -0.781569
-0.577455 2.213022 -0.780220
-0.581545 2.227073 -0.779333
-0.581486 2.212649 -0.779766
-0.573430 2.213339 -0.780797
-0.569365 2.213587 -0.781391
-0.577587 2.227485 -0.779881
-0.581135 2.240391 -0.778473
-0.573555 2.227832 -0.780429
-0.577277 2.240984 -0.779051
-0.569428 2.228121 -0.780931
-0.573293 2.241549 -0.779551
-0.565238 2.228364 -0.781407
-0.565263 2.213774 -0.781979
-0.561180 2.213927 -0.782599
-0.557203 2.214061 -0.783320
-0.553444 2.214202 -0.784227
-0.561074 2.228591 -0.781932
-0.565040 2.242631 -0.780429
-0.557085 2.228836 -0.782628
-0.560961 2.243160 -0.781017
-0.553450 2.229128 -0.783625
-0.557129 2.243701 -0.781903
-0.550370 2.229476 -0.785032
-0.550049 2.214364 -0.785410
-0.547207 2.214560 -0.786955
-0.547049 2.198933 -0.787227
-0.544446 2.199173 -0.788788
-0.542614 2.199441 -0.790739
-0.545134 2.214799 -0.788915
-0.541687 2.199716 -0.793052
-0.543999 2.215060 -0.791257
-0.543866 2.215316 -0.793885
-0.546735 2.230265 -0.789228
-0.549739 2.245418 -0.787372
-0.546461 2.230646 -0.791877
-0.548069 2.229865 -0.786912
-0.551253 2.244849 -0.785066
-0.554523 2.260678 -0.783268
-0.553795 2.244265 -0.783230
-0.557281 2.259966 -0.781565
-0.560346 2.276792 -0.779052
-0.560756 2.259184 -0.780303
-0.564653 2.258340 -0.779411
-0.564255 2.275957 -0.777987
-0.567289 2.294249 -0.774781
-0.568539 2.275096 -0.777345
-0.571837 2.293620 -0.774033
-0.572912 2.274212 -0.776919
-0.576413 2.292983 -0.773397
-0.577188 2.273320 -0.776520
-0.568742 2.257454 -0.778771
-0.572845 2.256547 -0.778233
-0.569191 2.242095 -0.779983
-0.576847 2.255635 -0.777675
-0.580697 2.254742 -0.777043
-0.581264 2.272437 -0.776023
-0.585065 2.291718 -0.772071
-0.585124 2.271565 -0.775383
-0.589054 2.291112 -0.771276
-0.588828 2.270728 -0.774653
-0.592907 2.290543 -0.770479
-0.584419 2.253881 -0.776355
-0.592497 2.269956 -0.774022
-0.596229 2.269265 -0.773728
-0.596747 2.290017 -0.769890
-0.588082 2.253060 -0.775711
-0.584923 2.239779 -0.777892
-0.591792 2.252314 -0.775319
-0.588741 2.239174 -0.777474
-0.595607 2.251722 -0.775483
-0.600070 2.268702 -0.774019
-0.592636 2.238631 -0.777439
-0.599445 2.251298 -0.776296
-0.596535 2.238210 -0.778021
-0.603191 2.251034 -0.777598
-0.603983 2.268340 -0.774980
-0.609065 2.289353 -0.771808
-0.607871 2.268155 -0.776338
-0.613227 2.289369 -0.773336
-0.611721 2.268109 -0.777793
-0.617326 2.289440 -0.774893
-0.615565 2.268179 -0.779222
-0.606831 2.250869 -0.779070
-0.603833 2.237685 -0.780639
-0.610420 2.250776 -0.780553
-0.607262 2.237440 -0.782157
-0.613989 2.250784 -0.782065
-0.610598 2.237213 -0.783758
-0.617546 2.250913 -0.783699
-0.619398 2.268361 -0.780658
-0.625362 2.289687 -0.778042
-0.623170 2.268658 -0.782214
-0.629207 2.289848 -0.779868
-0.626817 2.269087 -0.783990
-0.632800 2.290032 -0.781983
-0.630264 2.269628 -0.786041
-0.621063 2.251220 -0.785567
-0.617165 2.236904 -0.787452
-0.624481 2.251689 -0.787694
-0.620268 2.236938 -0.789704
-0.627690 2.252292 -0.790138
-0.630507 2.252942 -0.793043
-0.623232 2.237077 -0.792166
-0.633424 2.270265 -0.788483
-0.636154 2.271007 -0.791434
-0.638996 2.290489 -0.787225
-0.642364 2.309474 -0.785375
-0.641477 2.290795 -0.790496
-0.636067 2.290240 -0.784421
-0.639471 2.309542 -0.782351
-0.636239 2.309661 -0.779650
-0.642235 2.327263 -0.780571
-0.638791 2.327460 -0.777602
-0.645373 2.327134 -0.783838
-0.646047 2.344365 -0.779421
-0.642202 2.344614 -0.776163
-0.649465 2.344133 -0.782770
-0.649614 2.361156 -0.776604
-0.653403 2.360863 -0.780434
-0.653485 2.378691 -0.773175
-0.645420 2.361462 -0.772866
-0.649336 2.379040 -0.769349
-0.640808 2.361671 -0.769168
-0.635827 2.361704 -0.765470
-0.637939 2.344820 -0.772932
-0.644713 2.379258 -0.765617
-0.639695 2.379267 -0.762009
-0.648705 2.396490 -0.761768
-0.643590 2.396397 -0.758206
-0.652184 2.412180 -0.758127
-0.653313 2.396381 -0.765550
-0.657184 2.412381 -0.762469
-0.657386 2.396143 -0.769584
-0.661545 2.412526 -0.767055
-0.660996 2.395864 -0.773850
-0.665324 2.412645 -0.771716
-0.664157 2.395626 -0.778244
-0.657147 2.378313 -0.777108
-0.660441 2.377991 -0.781174
-0.656735 2.360671 -0.784396
-0.663254 2.377838 -0.785422
-0.666864 2.395505 -0.782609
-0.665575 2.377885 -0.789766
-0.659577 2.360597 -0.788424
-0.655027 2.343924 -0.790013
-0.661780 2.360666 -0.792462
-0.663300 2.360858 -0.796422
-0.657105 2.344023 -0.793889
-0.652684 2.327340 -0.795182
-0.658608 2.344282 -0.797820
-0.654218 2.327631 -0.799308
-0.659398 2.344629 -0.801579
-0.664086 2.361096 -0.800143
-0.655211 2.328076 -0.803402
-0.659484 2.345041 -0.805133
-0.658879 2.345493 -0.808445
-0.664146 2.361341 -0.803538
-0.655633 2.328659 -0.807330
-0.655323 2.329218 -0.810958
-0.651803 2.311995 -0.810487
-0.651624 2.311191 -0.806252
-0.647513 2.294486 -0.812159
-0.651207 2.312753 -0.814320
-0.646943 2.295497 -0.816223
-0.649890 2.313530 -0.817766
-0.653784 2.329867 -0.814303
-0.647277 2.314380 -0.820683
-0.645676 2.296491 -0.819878
-0.642930 2.297398 -0.822901
-0.640920 2.277246 -0.820965
-0.641909 2.276294 -0.816970
-0.638609 2.278250 -0.824464
-0.634663 2.258165 -0.821890
-0.635816 2.257433 -0.817864
-0.629145 2.240161 -0.823490
-0.632514 2.259024 -0.825557
-0.629326 2.259953 -0.828750
-0.627130 2.240838 -0.827213
-0.623996 2.241656 -0.830408
-0.621569 2.223380 -0.828380
-0.624063 2.222783 -0.824836
-0.618342 2.224088 -0.831551
-0.615974 2.206931 -0.829009
-0.618385 2.206466 -0.825701
-0.612852 2.207536 -0.831996
-0.611970 2.192322 -0.830148
-0.614404 2.191879 -0.826963
-0.608181 2.178463 -0.831410
-0.608683 2.192931 -0.832893
-0.604802 2.179060 -0.833958
-0.604526 2.193678 -0.834867
-0.608747 2.208319 -0.834233
-0.600692 2.179768 -0.835886
-0.599670 2.194538 -0.835839
-0.604000 2.209179 -0.835584
-0.595945 2.180565 -0.837007
-0.594642 2.195370 -0.836232
-0.598899 2.210073 -0.835869
-0.590837 2.181335 -0.837270
-0.589595 2.196196 -0.835632
-0.585634 2.182122 -0.836736
-0.584469 2.196984 -0.834512
-0.593807 2.210941 -0.835211
-0.598472 2.227630 -0.835025
-0.588610 2.211788 -0.833924
-0.593152 2.228378 -0.833318
-0.583497 2.212584 -0.831993
-0.587991 2.229080 -0.830987
-0.578488 2.213349 -0.829590
-0.579478 2.197695 -0.832714
-0.575647 2.183451 -0.833486
-0.574692 2.198318 -0.830289
-0.570945 2.183969 -0.831095
-0.570116 2.198847 -0.827457
-0.566518 2.184379 -0.828261
-0.565804 2.199281 -0.824290
-0.573786 2.214022 -0.826652
-0.577716 2.230366 -0.825406
-0.569266 2.214597 -0.823436
-0.572955 2.230852 -0.822100
-0.564990 2.215071 -0.820025
-0.568413 2.231268 -0.818608
-0.560970 2.215445 -0.816455
-0.561773 2.199640 -0.820947
-0.558417 2.184904 -0.821795
-0.557975 2.199937 -0.817504
-0.554814 2.185087 -0.818398
-0.554508 2.200172 -0.814009
-0.551572 2.185236 -0.815003
-0.551334 2.200326 -0.810572
-0.557270 2.215717 -0.812806
-0.560058 2.231749 -0.811189
-0.553869 2.215862 -0.809210
-0.556517 2.231767 -0.807504
-0.550886 2.215896 -0.805816
-0.553457 2.231675 -0.804044
-0.548321 2.215845 -0.802627
-0.548502 2.200394 -0.807288
-0.546210 2.215719 -0.799599
-0.550851 2.231511 -0.800796
-0.553749 2.247129 -0.798990
-0.548722 2.231275 -0.797707
-0.551594 2.246785 -0.795898
-0.547190 2.230987 -0.794732
-0.544664 2.215543 -0.796685
-0.550057 2.246388 -0.792911
-0.553132 2.262382 -0.790900
-0.549362 2.245937 -0.790039
-0.552393 2.261895 -0.788056
-0.552829 2.261321 -0.785459
-0.554975 2.278878 -0.785505
-0.556023 2.279343 -0.788381
-0.557617 2.296841 -0.782202
-0.555310 2.278297 -0.782872
-0.557509 2.296261 -0.779484
-0.557218 2.277592 -0.780687
-0.559571 2.295581 -0.777342
-0.563050 2.294891 -0.775815
-0.562872 2.313825 -0.774049
-0.561071 2.314465 -0.776415
-0.566581 2.330743 -0.771197
-0.566040 2.313183 -0.772147
-0.569425 2.330103 -0.769022
-0.569942 2.312568 -0.770643
-0.572896 2.329516 -0.767107
-0.574193 2.311981 -0.769431
-0.576647 2.328982 -0.765347
-0.578524 2.311426 -0.768379
-0.580458 2.328459 -0.763666
-0.582761 2.310894 -0.767377
-0.584221 2.327940 -0.762049
-0.586823 2.310375 -0.766362
-0.580853 2.292348 -0.772773
-0.587912 2.327429 -0.760510
-0.590743 2.309903 -0.765363
-0.591592 2.326957 -0.759130
-0.594642 2.309529 -0.764526
-0.595374 2.326607 -0.758089
-0.598609 2.309255 -0.764045
-0.599377 2.326409 -0.757703
-0.602724 2.309141 -0.764188
-0.603619 2.326444 -0.758184
-0.607061 2.309229 -0.765222
-0.600748 2.289665 -0.769891
-0.604874 2.289437 -0.770555
-0.608089 2.326712 -0.759643
-0.611497 2.309447 -0.766917
-0.615927 2.309680 -0.768902
-0.612679 2.327106 -0.761822
-0.614065 2.343734 -0.757359
-0.617298 2.327484 -0.764354
-0.618766 2.344214 -0.760195
-0.621921 2.327753 -0.766995
-0.620310 2.309854 -0.770934
-0.626507 2.327874 -0.769642
-0.623560 2.344597 -0.763235
-0.625573 2.361181 -0.758483
-0.628416 2.344834 -0.766372
-0.630661 2.361525 -0.761849
-0.633280 2.344912 -0.769640
-0.630928 2.327839 -0.772265
-0.628754 2.309890 -0.775003
-0.635037 2.327680 -0.774881
-0.632662 2.309790 -0.777221
-0.624609 2.309923 -0.772947
-0.621372 2.289548 -0.776425
-0.634476 2.379034 -0.758600
-0.629193 2.378580 -0.755308
-0.638191 2.396074 -0.754846
-0.632784 2.395562 -0.751676
-0.641022 2.411476 -0.750474
-0.635441 2.410989 -0.747156
-0.643931 2.426423 -0.746718
-0.646701 2.411882 -0.754127
-0.649709 2.426812 -0.750575
-0.653631 2.443093 -0.748664
-0.655353 2.427225 -0.754879
-0.660584 2.427684 -0.759605
-0.659239 2.443506 -0.752971
-0.663809 2.460870 -0.751006
-0.664393 2.444047 -0.757672
-0.669012 2.461334 -0.755631
-0.668947 2.444670 -0.762552
-0.665233 2.428212 -0.764620
-0.673522 2.461942 -0.760362
-0.672861 2.445303 -0.767363
-0.677380 2.462584 -0.765001
-0.676185 2.445870 -0.771891
-0.669226 2.428809 -0.769653
-0.672647 2.429369 -0.774477
-0.675481 2.429808 -0.778871
-0.668587 2.412791 -0.776327
-0.671425 2.413012 -0.780842
-0.673735 2.413282 -0.785075
-0.675504 2.413524 -0.788949
-0.669163 2.395510 -0.786859
-0.677766 2.430104 -0.782835
-0.681310 2.446615 -0.779793
-0.679503 2.430248 -0.786490
-0.683143 2.446810 -0.783259
-0.680529 2.430366 -0.789961
-0.684471 2.447017 -0.786554
-0.676594 2.413672 -0.792555
-0.680881 2.430621 -0.793258
-0.684894 2.447424 -0.789780
-0.680625 2.430951 -0.796388
-0.676984 2.413759 -0.795949
-0.676781 2.414004 -0.799153
-0.672486 2.395895 -0.798016
-0.672021 2.395829 -0.794525
-0.672269 2.396025 -0.801303
-0.668404 2.378344 -0.801073
-0.668164 2.378227 -0.797629
-0.667860 2.378496 -0.804241
-0.663460 2.361618 -0.806660
-0.666431 2.378739 -0.807136
-0.661879 2.361962 -0.809503
-0.664148 2.379120 -0.809677
-0.671215 2.396235 -0.804417
-0.675774 2.414280 -0.802190
-0.669297 2.396591 -0.807291
-0.673829 2.414702 -0.804928
-0.666360 2.397156 -0.809659
-0.670702 2.415188 -0.807048
-0.662309 2.397795 -0.811202
-0.660993 2.379608 -0.811671
-0.656953 2.380230 -0.812871
-0.655952 2.362990 -0.813847
-0.659368 2.362415 -0.811960
-0.651128 2.347197 -0.815974
-0.651849 2.363595 -0.815113
-0.647284 2.364215 -0.815639
-0.646913 2.347866 -0.817346
-0.642232 2.348483 -0.817840
-0.642757 2.332026 -0.820500
-0.647246 2.331329 -0.819126
-0.638060 2.332655 -0.821250
-0.639297 2.315838 -0.824453
-0.643842 2.315149 -0.823072
-0.635090 2.299117 -0.826944
-0.634208 2.316509 -0.825208
-0.628881 2.316913 -0.824835
-0.629926 2.299813 -0.827620
-0.625187 2.281168 -0.830338
-0.624506 2.300373 -0.827859
-0.619538 2.281869 -0.830394
-0.618927 2.300595 -0.826962
-0.613873 2.282412 -0.829634
-0.613309 2.300861 -0.825678
-0.623454 2.317281 -0.824024
-0.627715 2.333651 -0.820323
-0.617916 2.317421 -0.822602
-0.622421 2.333919 -0.818969
-0.612303 2.317532 -0.820671
-0.607752 2.300956 -0.823573
-0.617083 2.334065 -0.817187
-0.606711 2.317517 -0.818036
-0.611581 2.334198 -0.814810
-0.601151 2.317470 -0.814908
-0.602126 2.300886 -0.820899
-0.597197 2.283118 -0.823333
-0.596400 2.300715 -0.817663
-0.591523 2.283050 -0.820096
-0.590711 2.300524 -0.814008
-0.595410 2.317503 -0.811362
-0.585958 2.282821 -0.816573
-0.585307 2.300268 -0.810199
-0.589906 2.317528 -0.807548
-0.580635 2.282451 -0.812821
-0.580228 2.299925 -0.806265
-0.575574 2.281998 -0.808893
-0.575561 2.299512 -0.802270
-0.584708 2.317467 -0.803575
-0.589221 2.334335 -0.800949
-0.579967 2.317298 -0.799517
-0.584300 2.334209 -0.796884
-0.575695 2.317049 -0.795543
-0.571338 2.299062 -0.798362
-0.579875 2.333953 -0.792914
-0.571976 2.316744 -0.791817
-0.567660 2.298600 -0.794708
-0.576065 2.333638 -0.789234
-0.568732 2.316408 -0.788368
-0.572788 2.333319 -0.785821
-0.565908 2.316021 -0.785169
-0.564475 2.298145 -0.791353
-0.560443 2.280125 -0.794448
-0.561682 2.297724 -0.788192
-0.557952 2.279739 -0.791366
-0.559288 2.297309 -0.785150
-0.563434 2.315584 -0.782122
-0.567419 2.332461 -0.779557
-0.561537 2.315057 -0.779184
-0.565492 2.331959 -0.776572
-0.564961 2.331382 -0.773739
-0.568919 2.348309 -0.773563
-0.571113 2.348770 -0.776649
-0.573204 2.365003 -0.770365
-0.568079 2.347738 -0.770529
-0.572403 2.364401 -0.767283
-0.569738 2.347036 -0.767729
-0.573929 2.363688 -0.764441
-0.572603 2.346372 -0.765304
-0.576453 2.362991 -0.761777
-0.575874 2.345781 -0.763063
-0.579366 2.362350 -0.759263
-0.579270 2.345243 -0.760924
-0.582401 2.361762 -0.756841
-0.582676 2.344725 -0.758897
-0.585428 2.361187 -0.754500
-0.586028 2.344190 -0.756953
-0.588424 2.360610 -0.752240
-0.589370 2.343661 -0.755133
-0.591455 2.360042 -0.750133
-0.592812 2.343157 -0.753583
-0.594668 2.359545 -0.748380
-0.596490 2.342824 -0.752531
-0.598255 2.359248 -0.747337
-0.600509 2.342716 -0.752286
-0.602242 2.359178 -0.747230
-0.604862 2.342868 -0.753091
-0.606589 2.359363 -0.748168
-0.609418 2.343248 -0.754891
-0.611144 2.359744 -0.749991
-0.615820 2.360231 -0.752452
-0.614460 2.376875 -0.746960
-0.609908 2.376439 -0.745106
-0.617874 2.393730 -0.743689
-0.619159 2.377412 -0.749369
-0.622600 2.394314 -0.746011
-0.624055 2.378000 -0.752191
-0.627561 2.394947 -0.748705
-0.620615 2.360733 -0.755324
-0.630165 2.410475 -0.744188
-0.625257 2.409998 -0.741603
-0.633007 2.425732 -0.740316
-0.638300 2.426056 -0.743297
-0.636940 2.442461 -0.738413
-0.628124 2.425484 -0.737785
-0.623622 2.425341 -0.735732
-0.632045 2.442395 -0.735869
-0.627522 2.442378 -0.733744
-0.636278 2.460149 -0.733684
-0.640761 2.478150 -0.730295
-0.631706 2.460209 -0.731537
-0.641225 2.460143 -0.736236
-0.645892 2.478070 -0.732861
-0.646568 2.460187 -0.739217
-0.642236 2.442586 -0.741382
-0.652272 2.460311 -0.742706
-0.651473 2.478054 -0.735911
-0.657020 2.496049 -0.731532
-0.657398 2.478145 -0.739481
-0.663160 2.496243 -0.735155
-0.663441 2.478416 -0.743553
-0.669336 2.496687 -0.739323
-0.658124 2.460532 -0.746661
-0.669256 2.478920 -0.748056
-0.674522 2.479609 -0.752844
-0.675171 2.497415 -0.743964
-0.680774 2.515562 -0.738654
-0.680394 2.498356 -0.748923
-0.684949 2.499359 -0.754054
-0.685862 2.516798 -0.743905
-0.690694 2.534404 -0.737038
-0.690243 2.518040 -0.749294
-0.694866 2.535861 -0.742449
-0.693985 2.519171 -0.754604
-0.698459 2.537180 -0.747696
-0.697119 2.520154 -0.759641
-0.688832 2.500298 -0.759109
-0.683006 2.481192 -0.762451
-0.692065 2.501131 -0.763914
-0.694648 2.501846 -0.768410
-0.686265 2.481895 -0.766960
-0.680648 2.463183 -0.769381
-0.688905 2.482517 -0.771133
-0.690930 2.483055 -0.774976
-0.683386 2.463714 -0.773424
-0.685593 2.464179 -0.777139
-0.678989 2.446315 -0.776033
-0.687235 2.464596 -0.780598
-0.692332 2.483545 -0.778525
-0.688349 2.465012 -0.783864
-0.693136 2.484022 -0.781820
-0.688677 2.465503 -0.787019
-0.688139 2.466031 -0.790056
-0.693221 2.484501 -0.784926
-0.698564 2.503988 -0.782671
-0.692560 2.484986 -0.787836
-0.691158 2.485483 -0.790503
-0.697865 2.504465 -0.785526
-0.703129 2.523909 -0.781960
-0.696421 2.504947 -0.788133
-0.701700 2.524436 -0.784653
-0.694100 2.505463 -0.790409
-0.699326 2.524983 -0.787010
-0.690975 2.505994 -0.792226
-0.688878 2.486013 -0.792821
-0.684546 2.467171 -0.795415
-0.685776 2.486549 -0.794674
-0.681981 2.487052 -0.795882
-0.681306 2.467758 -0.797376
-0.677382 2.468285 -0.798651
-0.677473 2.449533 -0.800425
-0.674325 2.432390 -0.803953
-0.673655 2.450081 -0.801827
-0.680743 2.448977 -0.798450
-0.682901 2.448428 -0.795822
-0.677631 2.431891 -0.801989
-0.679774 2.431358 -0.799387
-0.686838 2.466589 -0.792919
-0.684270 2.447881 -0.792900
-0.670487 2.432920 -0.805255
-0.669367 2.450509 -0.802375
-0.673081 2.468718 -0.799097
-0.664958 2.450836 -0.802173
-0.666260 2.433328 -0.805987
-0.661846 2.433637 -0.805672
-0.662559 2.416148 -0.809130
-0.666867 2.415684 -0.808468
-0.658095 2.416618 -0.808923
-0.657704 2.398386 -0.811856
-0.653019 2.398844 -0.811476
-0.652511 2.380838 -0.813460
-0.647987 2.381302 -0.813225
-0.642554 2.364772 -0.815464
-0.643246 2.381669 -0.812450
-0.648384 2.399119 -0.810468
-0.638379 2.381986 -0.811190
-0.637676 2.365246 -0.814670
-0.632284 2.349592 -0.817033
-0.632706 2.365617 -0.813394
-0.627169 2.349978 -0.815871
-0.627561 2.365958 -0.811616
-0.621967 2.350233 -0.814091
-0.633277 2.382210 -0.809417
-0.622171 2.366285 -0.809325
-0.616561 2.350473 -0.811839
-0.627841 2.382494 -0.807099
-0.616496 2.366591 -0.806454
-0.610963 2.350656 -0.809025
-0.622058 2.382782 -0.804174
-0.610611 2.366848 -0.803039
-0.605241 2.350794 -0.805731
-0.616069 2.383054 -0.800717
-0.604721 2.367094 -0.799320
-0.599545 2.350884 -0.802110
-0.610076 2.383308 -0.796972
-0.599044 2.367267 -0.795405
-0.594027 2.350859 -0.798206
-0.604215 2.383488 -0.793004
-0.593719 2.367309 -0.791369
-0.588859 2.350690 -0.794163
-0.598625 2.383520 -0.788889
-0.588866 2.367173 -0.787360
-0.584192 2.350384 -0.790178
-0.593503 2.383390 -0.784790
-0.584651 2.366878 -0.783572
-0.580200 2.350014 -0.786455
-0.589032 2.383151 -0.780911
-0.581070 2.366451 -0.780076
-0.576777 2.349655 -0.783015
-0.585231 2.382819 -0.777328
-0.578025 2.366035 -0.776764
-0.573779 2.349218 -0.779791
-0.581955 2.382445 -0.773947
-0.575354 2.365524 -0.773560
-0.579119 2.382003 -0.770653
-0.583054 2.397972 -0.767783
-0.576881 2.381478 -0.767331
-0.580757 2.397486 -0.764341
-0.576061 2.380872 -0.764103
-0.579960 2.396904 -0.760959
-0.577719 2.380176 -0.761197
-0.581502 2.396266 -0.757861
-0.580242 2.379496 -0.758391
-0.583972 2.395661 -0.754920
-0.583063 2.378848 -0.755707
-0.586727 2.395117 -0.752129
-0.585970 2.378247 -0.753150
-0.589540 2.394609 -0.749472
-0.588856 2.377683 -0.750708
-0.592331 2.394122 -0.746944
-0.591722 2.377142 -0.748387
-0.595123 2.393640 -0.744574
-0.594674 2.376638 -0.746303
-0.598035 2.393204 -0.742499
-0.597860 2.376229 -0.744648
-0.601280 2.392908 -0.741035
-0.601457 2.376040 -0.743777
-0.604929 2.392797 -0.740380
-0.605522 2.376127 -0.743960
-0.608991 2.392920 -0.740696
-0.612024 2.409038 -0.736546
-0.613336 2.393248 -0.741865
-0.616240 2.409247 -0.737677
-0.619404 2.425296 -0.734176
-0.620641 2.409578 -0.739407
-0.623297 2.442430 -0.732073
-0.615373 2.425327 -0.733154
-0.619272 2.442542 -0.730895
-0.611524 2.425445 -0.732770
-0.607932 2.425674 -0.733146
-0.615405 2.442734 -0.730306
-0.608042 2.408984 -0.736179
-0.604418 2.409118 -0.736721
-0.601206 2.409438 -0.738119
-0.604665 2.426013 -0.734280
-0.598294 2.409841 -0.740091
-0.595563 2.410278 -0.742441
-0.601703 2.426420 -0.736030
-0.599002 2.426928 -0.738294
-0.605310 2.443890 -0.732849
-0.602552 2.444434 -0.734937
-0.608995 2.462065 -0.729662
-0.608363 2.443406 -0.731286
-0.612188 2.461541 -0.728323
-0.611741 2.443020 -0.730420
-0.615701 2.461105 -0.727690
-0.619453 2.460761 -0.727778
-0.619741 2.479490 -0.724158
-0.616086 2.480011 -0.724664
-0.623940 2.498123 -0.720393
-0.623597 2.479062 -0.724354
-0.627915 2.497571 -0.720580
-0.627589 2.478722 -0.725165
-0.632031 2.497104 -0.721315
-0.631724 2.478470 -0.726472
-0.623369 2.460505 -0.728520
-0.627437 2.460326 -0.729806
-0.636311 2.496737 -0.722482
-0.636074 2.478281 -0.728182
-0.640856 2.496421 -0.724027
-0.645799 2.496188 -0.726021
-0.645990 2.513896 -0.719599
-0.641163 2.514293 -0.718416
-0.651552 2.530974 -0.714730
-0.651166 2.513593 -0.721169
-0.656961 2.530638 -0.716005
-0.656749 2.513449 -0.723288
-0.651187 2.496046 -0.728496
-0.662652 2.530469 -0.717784
-0.662706 2.513517 -0.726076
-0.668563 2.530536 -0.720174
-0.668887 2.513857 -0.729594
-0.675018 2.514537 -0.733813
-0.674564 2.530923 -0.723296
-0.680753 2.548072 -0.716467
-0.680436 2.531723 -0.727215
-0.686406 2.548973 -0.720161
-0.685866 2.532945 -0.731840
-0.691586 2.550271 -0.724578
-0.697854 2.568009 -0.716888
-0.696175 2.551825 -0.729516
-0.700281 2.553430 -0.734787
-0.702657 2.569637 -0.721843
-0.706959 2.571403 -0.727090
-0.709550 2.587794 -0.713377
-0.704342 2.585992 -0.708397
-0.716648 2.605970 -0.704097
-0.714286 2.589809 -0.718720
-0.718449 2.591882 -0.724073
-0.721880 2.608167 -0.709511
-0.729545 2.626525 -0.699762
-0.726512 2.610515 -0.714994
-0.734450 2.628959 -0.705082
-0.730507 2.612879 -0.720295
-0.738629 2.631409 -0.710080
-0.733858 2.615232 -0.725280
-0.722255 2.594003 -0.729619
-0.714256 2.574926 -0.737909
-0.725433 2.596093 -0.734888
-0.728008 2.598203 -0.739955
-0.717229 2.576635 -0.743330
-0.709809 2.557714 -0.750606
-0.719608 2.578301 -0.748492
-0.721356 2.579963 -0.753434
-0.712007 2.558936 -0.755702
-0.713582 2.560093 -0.760347
-0.706148 2.540310 -0.762440
-0.707550 2.541109 -0.766676
-0.704133 2.539393 -0.757877
-0.701577 2.521694 -0.768575
-0.699644 2.520979 -0.764349
-0.702917 2.522335 -0.772381
-0.696566 2.502448 -0.772527
-0.697879 2.503001 -0.776211
-0.698575 2.503515 -0.779571
-0.703684 2.522893 -0.775844
-0.708353 2.541843 -0.770433
-0.703772 2.523406 -0.779025
-0.708500 2.542529 -0.773926
-0.714756 2.562200 -0.768874
-0.707948 2.543182 -0.777170
-0.714291 2.563223 -0.772635
-0.706603 2.543860 -0.780147
-0.713029 2.564224 -0.776157
-0.704351 2.544545 -0.782787
-0.711016 2.565260 -0.779318
-0.701233 2.545226 -0.784876
-0.696076 2.525562 -0.788839
-0.708273 2.566220 -0.782029
-0.697503 2.545903 -0.786378
-0.704691 2.567172 -0.784014
-0.693372 2.546522 -0.787227
-0.692338 2.526139 -0.790085
-0.687205 2.506517 -0.793423
-0.688060 2.526694 -0.790758
-0.682952 2.507010 -0.794027
-0.683646 2.527199 -0.790849
-0.679123 2.527642 -0.790341
-0.678528 2.507420 -0.793987
-0.688955 2.547097 -0.787557
-0.696015 2.568632 -0.785878
-0.684504 2.547559 -0.787124
-0.691433 2.569129 -0.785375
-0.680120 2.547991 -0.786129
-0.675879 2.548280 -0.784666
-0.674555 2.528048 -0.789392
-0.687075 2.569473 -0.784065
-0.693850 2.592553 -0.780509
-0.682818 2.569480 -0.782133
-0.689359 2.592438 -0.778361
-0.678364 2.569313 -0.779873
-0.684908 2.592116 -0.775932
-0.673743 2.569044 -0.777274
-0.671402 2.548416 -0.782718
-0.666632 2.548239 -0.780418
-0.665332 2.528514 -0.786155
-0.660328 2.528226 -0.783848
-0.659858 2.508266 -0.788984
-0.670004 2.528417 -0.787970
-0.664720 2.508269 -0.790912
-0.669397 2.508066 -0.792392
-0.659380 2.488379 -0.793047
-0.654479 2.488399 -0.791064
-0.664130 2.488294 -0.794596
-0.654807 2.469625 -0.795506
-0.659526 2.469492 -0.797096
-0.651161 2.451479 -0.798581
-0.649926 2.469652 -0.793543
-0.646249 2.451594 -0.796576
-0.644765 2.469602 -0.791255
-0.639257 2.469490 -0.788503
-0.649324 2.488363 -0.788664
-0.641042 2.451588 -0.794256
-0.635414 2.451495 -0.791432
-0.637578 2.434239 -0.797311
-0.643028 2.434223 -0.799892
-0.633303 2.417370 -0.799803
-0.631737 2.434148 -0.794225
-0.627292 2.417264 -0.796541
-0.625627 2.433893 -0.790612
-0.629555 2.451295 -0.788089
-0.621051 2.417058 -0.792796
-0.619467 2.433569 -0.786577
-0.614831 2.416774 -0.788738
-0.613513 2.433150 -0.782265
-0.623652 2.451014 -0.784310
-0.627745 2.469169 -0.781637
-0.617903 2.450691 -0.780227
-0.622115 2.468985 -0.777701
-0.612523 2.450345 -0.775972
-0.616859 2.468750 -0.773568
-0.607638 2.449975 -0.771655
-0.607992 2.432682 -0.777861
-0.603284 2.415961 -0.780175
-0.603051 2.432212 -0.773534
-0.598360 2.415488 -0.775988
-0.598782 2.431772 -0.769402
-0.594153 2.415007 -0.772043
-0.595206 2.431346 -0.765455
-0.603321 2.449589 -0.767378
-0.607771 2.468115 -0.764990
-0.599659 2.449178 -0.763186
-0.604069 2.467737 -0.760675
-0.596722 2.448729 -0.759053
-0.601039 2.467303 -0.756360
-0.594706 2.448204 -0.754938
-0.592299 2.430884 -0.761586
-0.587592 2.414035 -0.764711
-0.590249 2.430373 -0.757747
-0.585374 2.413538 -0.761117
-0.589438 2.429809 -0.753981
-0.584521 2.412991 -0.757569
-0.590217 2.429190 -0.750367
-0.593875 2.447602 -0.750909
-0.598062 2.466158 -0.747783
-0.594415 2.446928 -0.747078
-0.598418 2.465455 -0.743779
-0.595846 2.446247 -0.743525
-0.599670 2.464715 -0.740129
-0.597792 2.445607 -0.740306
-0.591921 2.428585 -0.746957
-0.587835 2.411809 -0.750962
-0.594082 2.428014 -0.743797
-0.590315 2.411272 -0.747914
-0.596467 2.427463 -0.740904
-0.592916 2.410760 -0.745070
-0.600048 2.444999 -0.737431
-0.603644 2.463301 -0.734023
-0.601474 2.463989 -0.736879
-0.607411 2.482096 -0.730226
-0.606145 2.462650 -0.731581
-0.609897 2.481341 -0.727807
-0.613864 2.500376 -0.724017
-0.612783 2.480625 -0.725907
-0.616756 2.499511 -0.722080
-0.620140 2.498775 -0.720843
-0.620618 2.517823 -0.718673
-0.617596 2.518805 -0.720549
-0.624640 2.535537 -0.714939
-0.624155 2.516931 -0.717423
-0.628429 2.534484 -0.713668
-0.628097 2.516111 -0.716907
-0.632611 2.533505 -0.713041
-0.632272 2.515393 -0.716994
-0.637017 2.532665 -0.712970
-0.636618 2.514774 -0.717529
-0.641613 2.531966 -0.713258
-0.647370 2.548990 -0.707724
-0.646438 2.531411 -0.713844
-0.652342 2.548391 -0.707958
-0.658495 2.565275 -0.700665
-0.657606 2.547930 -0.708588
-0.663764 2.564896 -0.701157
-0.663153 2.547613 -0.709688
-0.669325 2.564694 -0.702177
-0.668941 2.547478 -0.711325
-0.675123 2.564702 -0.703769
-0.674875 2.547589 -0.713554
-0.681065 2.564982 -0.705979
-0.686927 2.582452 -0.697635
-0.686987 2.565597 -0.708891
-0.692918 2.583268 -0.700504
-0.692601 2.566638 -0.712523
-0.698792 2.584457 -0.704072
-0.704554 2.602492 -0.694839
-0.710054 2.620919 -0.685313
-0.710877 2.604068 -0.699070
-0.698076 2.601162 -0.691545
-0.691691 2.600120 -0.688910
-0.702689 2.619540 -0.682223
-0.695679 2.618334 -0.679842
-0.708102 2.637833 -0.672745
-0.700372 2.636602 -0.670346
-0.714389 2.655983 -0.663357
-0.716175 2.639237 -0.675906
-0.724118 2.640912 -0.680084
-0.722720 2.657505 -0.666830
-0.730611 2.675554 -0.657278
-0.730959 2.659321 -0.671004
-0.739081 2.677389 -0.661542
-0.738505 2.661433 -0.675729
-0.747175 2.679554 -0.666252
-0.731202 2.642887 -0.684978
-0.745085 2.663764 -0.680569
-0.737172 2.645123 -0.690082
-0.754381 2.681939 -0.671104
-0.750617 2.666157 -0.685238
-0.760382 2.684438 -0.675865
-0.755101 2.668536 -0.689611
-0.742208 2.647486 -0.695016
-0.746454 2.649873 -0.699591
-0.749832 2.652270 -0.703822
-0.758557 2.670929 -0.693785
-0.752343 2.654696 -0.707857
-0.742110 2.633862 -0.714689
-0.744710 2.636356 -0.719015
-0.746452 2.638791 -0.723057
-0.736703 2.617724 -0.730179
-0.738580 2.620165 -0.734692
-0.739610 2.622577 -0.738862
-0.729970 2.600399 -0.745012
-0.731025 2.602507 -0.749596
-0.731367 2.604620 -0.753860
-0.722415 2.581579 -0.758250
-0.722721 2.583157 -0.762600
-0.714518 2.561183 -0.764734
-0.722328 2.584696 -0.766729
-0.730972 2.606748 -0.757987
-0.721237 2.586123 -0.770772
-0.729850 2.608704 -0.761758
-0.719367 2.587548 -0.774392
-0.727946 2.610643 -0.765299
-0.716602 2.588901 -0.777502
-0.725107 2.612469 -0.768264
-0.712909 2.590107 -0.779950
-0.721352 2.614017 -0.770606
-0.708462 2.591158 -0.781676
-0.716791 2.615298 -0.772172
-0.703642 2.591939 -0.782230
-0.700567 2.567978 -0.785388
-0.711774 2.616142 -0.772641
-0.698644 2.592478 -0.781835
-0.706658 2.616761 -0.772629
-0.701487 2.616726 -0.771743
-0.714964 2.638754 -0.758534
-0.720252 2.638521 -0.758846
-0.722045 2.656643 -0.743637
-0.709641 2.638654 -0.757884
-0.716685 2.656677 -0.742974
-0.704385 2.638298 -0.756629
-0.711322 2.656517 -0.741758
-0.698937 2.637834 -0.755046
-0.696392 2.616608 -0.770312
-0.691170 2.616207 -0.768471
-0.685932 2.615663 -0.765873
-0.693158 2.637148 -0.752865
-0.680222 2.591760 -0.773139
-0.680586 2.615056 -0.762965
-0.687073 2.636373 -0.750171
-0.674741 2.614330 -0.759760
-0.675155 2.591390 -0.770054
-0.668556 2.568582 -0.774284
-0.669419 2.590761 -0.766643
-0.662754 2.568117 -0.770854
-0.663183 2.590116 -0.762892
-0.656492 2.567851 -0.767003
-0.656605 2.589386 -0.758880
-0.668390 2.613303 -0.756222
-0.674399 2.634105 -0.744008
-0.661763 2.611997 -0.752356
-0.667653 2.632485 -0.740528
-0.654801 2.610299 -0.747943
-0.660846 2.630465 -0.736480
-0.647813 2.608348 -0.742904
-0.649567 2.588429 -0.754475
-0.643087 2.567384 -0.758430
-0.642229 2.587240 -0.749566
-0.636105 2.566931 -0.753524
-0.635590 2.585993 -0.744046
-0.629839 2.566133 -0.747989
-0.630727 2.584693 -0.738299
-0.641756 2.606250 -0.737633
-0.648164 2.625524 -0.726761
-0.636939 2.604235 -0.731903
-0.643893 2.622819 -0.721641
-0.633807 2.602268 -0.726544
-0.640641 2.620139 -0.716639
-0.632201 2.600091 -0.721506
-0.627804 2.583097 -0.732879
-0.622489 2.563863 -0.737625
-0.626286 2.581365 -0.727975
-0.620661 2.562399 -0.732947
-0.625574 2.579573 -0.723667
-0.619861 2.560930 -0.728694
-0.625866 2.577872 -0.719607
-0.631747 2.597709 -0.716645
-0.637913 2.614402 -0.707087
-0.631901 2.595479 -0.712415
-0.638431 2.611754 -0.702909
-0.633551 2.593297 -0.708486
-0.626787 2.576095 -0.715823
-0.640047 2.609657 -0.699228
-0.635464 2.591410 -0.705206
-0.628520 2.574368 -0.712572
-0.641890 2.607979 -0.695946
-0.637961 2.589616 -0.702417
-0.643636 2.606138 -0.693007
-0.640634 2.588194 -0.700064
-0.630805 2.572730 -0.709668
-0.624168 2.555417 -0.715117
-0.633684 2.571252 -0.707201
-0.626903 2.554101 -0.712634
-0.636899 2.569863 -0.705096
-0.640514 2.568602 -0.703372
-0.643513 2.586695 -0.697914
-0.630227 2.552828 -0.710665
-0.634051 2.551644 -0.709236
-0.638212 2.550606 -0.708317
-0.644478 2.567515 -0.702060
-0.642661 2.549725 -0.707843
-0.648836 2.566587 -0.701156
-0.655006 2.583143 -0.693264
-0.653530 2.565846 -0.700682
-0.659702 2.582502 -0.692595
-0.664392 2.598878 -0.683389
-0.664579 2.582017 -0.692422
-0.669371 2.598871 -0.683366
-0.669775 2.581817 -0.692875
-0.674373 2.598996 -0.684037
-0.675292 2.581792 -0.693862
-0.679763 2.599127 -0.685136
-0.681045 2.581970 -0.695452
-0.685584 2.599431 -0.686818
-0.689226 2.617341 -0.677868
-0.683235 2.616640 -0.676230
-0.693197 2.635440 -0.668388
-0.686697 2.634493 -0.666751
-0.698511 2.653704 -0.658430
-0.691586 2.652846 -0.656584
-0.705687 2.672132 -0.647945
-0.706102 2.654763 -0.660650
-0.713503 2.672969 -0.650499
-0.723835 2.690871 -0.639482
-0.721891 2.674076 -0.653571
-0.732191 2.691720 -0.642924
-0.745769 2.709372 -0.632136
-0.740853 2.693072 -0.646978
-0.754186 2.710563 -0.636540
-0.749668 2.694913 -0.651574
-0.762515 2.712354 -0.641462
-0.757951 2.697110 -0.656531
-0.770647 2.714729 -0.646869
-0.765399 2.699664 -0.661715
-0.777899 2.717483 -0.652454
-0.771525 2.702391 -0.666804
-0.776250 2.705149 -0.671633
-0.783901 2.720451 -0.657956
-0.797161 2.738872 -0.649034
-0.788347 2.723446 -0.663159
-0.801338 2.742096 -0.654595
-0.791275 2.726316 -0.668149
-0.779416 2.707826 -0.676224
-0.804203 2.745211 -0.660095
-0.792862 2.728966 -0.672854
-0.805622 2.748188 -0.665225
-0.781278 2.710358 -0.680542
-0.793302 2.731487 -0.677178
-0.805880 2.751022 -0.670030
-0.782026 2.712793 -0.684508
-0.792904 2.733883 -0.681117
-0.791776 2.736165 -0.684609
-0.805196 2.753637 -0.674542
-0.781959 2.715084 -0.688135
-0.781232 2.717299 -0.691405
-0.772554 2.696587 -0.695986
-0.772039 2.694225 -0.692514
-0.763403 2.678052 -0.704901
-0.772315 2.698945 -0.699201
-0.771500 2.701233 -0.702164
-0.763572 2.680451 -0.708066
-0.762947 2.682754 -0.711112
-0.754819 2.661678 -0.718494
-0.754074 2.663927 -0.721558
-0.754719 2.659344 -0.715177
-0.747610 2.643529 -0.730290
-0.747333 2.641187 -0.726797
-0.747033 2.645880 -0.733564
-0.740084 2.625087 -0.742799
-0.739690 2.627519 -0.746364
-0.738545 2.629828 -0.749652
-0.745848 2.648192 -0.736493
-0.736470 2.632103 -0.752580
-0.743843 2.650378 -0.739009
-0.733397 2.634177 -0.755002
-0.729686 2.636040 -0.757062
-0.740817 2.652367 -0.741134
-0.736664 2.654075 -0.742716
-0.747887 2.670313 -0.728994
-0.756182 2.689176 -0.718408
-0.743811 2.671921 -0.730371
-0.750900 2.668366 -0.726936
-0.752837 2.666162 -0.724413
-0.759350 2.687226 -0.716342
-0.767808 2.705595 -0.707346
-0.761489 2.684975 -0.713914
-0.770080 2.703465 -0.704860
-0.778104 2.721634 -0.696950
-0.787921 2.740830 -0.690456
-0.779894 2.719485 -0.694315
-0.775671 2.723568 -0.699249
-0.785043 2.742744 -0.692838
-0.772594 2.725320 -0.701187
-0.781766 2.744537 -0.694861
-0.764620 2.707505 -0.709363
-0.768950 2.726862 -0.702719
-0.764669 2.728107 -0.703662
-0.760767 2.709223 -0.710842
-0.777994 2.746041 -0.696556
-0.789219 2.766779 -0.691997
-0.773650 2.747345 -0.697768
-0.785239 2.768249 -0.693579
-0.769317 2.748511 -0.698434
-0.764948 2.749509 -0.698663
-0.760055 2.729091 -0.704018
-0.781207 2.770022 -0.694336
-0.795144 2.792600 -0.687886
-0.777312 2.772335 -0.694090
-0.771195 2.770448 -0.694626
-0.792177 2.799809 -0.685796
-0.790282 2.806348 -0.680977
-0.783793 2.790138 -0.687231
-0.803692 2.813930 -0.671433
-0.817083 2.828990 -0.652446
-0.808001 2.811145 -0.672794
-0.798911 2.815619 -0.670496
-0.812035 2.829445 -0.652497
-0.794026 2.816654 -0.669552
-0.788596 2.816986 -0.668229
-0.786269 2.807864 -0.679688
-0.806721 2.829519 -0.652169
-0.818852 2.846267 -0.634333
-0.801161 2.829286 -0.651484
-0.813775 2.846191 -0.633608
-0.795628 2.828667 -0.650285
-0.782776 2.817113 -0.666708
-0.808596 2.845582 -0.632263
-0.789179 2.827507 -0.648916
-0.776009 2.816591 -0.664705
-0.803455 2.844981 -0.630589
-0.782432 2.826184 -0.646959
-0.767534 2.815347 -0.662391
-0.798175 2.844122 -0.628461
-0.775117 2.824492 -0.644365
-0.792997 2.842963 -0.625805
-0.767944 2.822610 -0.641009
-0.757503 2.813200 -0.659355
-0.746422 2.810313 -0.655998
-0.750128 2.805995 -0.668366
-0.737639 2.801935 -0.665928
-0.748368 2.794612 -0.674111
-0.760679 2.807925 -0.671041
-0.758306 2.797223 -0.675929
-0.768966 2.808669 -0.673696
-0.775279 2.808918 -0.676484
-0.766384 2.798617 -0.677990
-0.760318 2.784154 -0.682957
-0.772909 2.799198 -0.679940
-0.778363 2.799431 -0.681656
-0.767311 2.785655 -0.684217
-0.773154 2.786386 -0.685662
-0.753424 2.769051 -0.692088
-0.746287 2.768134 -0.690197
-0.743393 2.750187 -0.695240
-0.759840 2.769701 -0.693521
-0.749498 2.750246 -0.697017
-0.765578 2.769922 -0.694363
-0.754965 2.750162 -0.698120
-0.778269 2.787309 -0.686803
-0.783168 2.799676 -0.682980
-0.786376 2.799346 -0.684031
-0.760086 2.749761 -0.698638
-0.745221 2.730677 -0.702308
-0.750318 2.730313 -0.703295
-0.735170 2.712728 -0.709476
-0.739969 2.730973 -0.700729
-0.729505 2.712632 -0.707652
-0.734319 2.731045 -0.698487
-0.728081 2.730852 -0.695493
-0.723437 2.712295 -0.705365
-0.716829 2.711664 -0.702527
-0.713568 2.693580 -0.714457
-0.706806 2.692803 -0.711820
-0.719901 2.694092 -0.716693
-0.705900 2.674687 -0.725193
-0.712085 2.675189 -0.727255
-0.699850 2.655858 -0.737972
-0.699306 2.673954 -0.722753
-0.693603 2.655080 -0.735476
-0.692294 2.672930 -0.719935
-0.699580 2.691759 -0.708693
-0.685044 2.671555 -0.716753
-0.686858 2.654089 -0.732793
-0.680011 2.652777 -0.729819
-0.680899 2.635480 -0.747195
-0.672933 2.651139 -0.726543
-0.677548 2.669722 -0.713196
-0.665938 2.649031 -0.722772
-0.670190 2.667351 -0.709267
-0.659111 2.646430 -0.718475
-0.654074 2.628122 -0.731814
-0.663351 2.664407 -0.704941
-0.653248 2.643496 -0.713876
-0.657425 2.661116 -0.700479
-0.648988 2.640323 -0.709149
-0.653299 2.657629 -0.696076
-0.646004 2.636972 -0.704414
-0.650375 2.654327 -0.691682
-0.644152 2.633735 -0.699940
-0.638857 2.617327 -0.711802
-0.648460 2.651486 -0.687381
-0.643247 2.630938 -0.695725
-0.647110 2.648936 -0.683511
-0.643439 2.628649 -0.691840
-0.646422 2.646502 -0.680079
-0.643903 2.626459 -0.688340
-0.646181 2.644056 -0.676914
-0.644713 2.624147 -0.685290
-0.646490 2.641595 -0.674021
-0.646214 2.621907 -0.682489
-0.647609 2.639358 -0.671334
-0.648093 2.619717 -0.679842
-0.649316 2.637339 -0.668907
-0.650526 2.617937 -0.677519
-0.645783 2.604213 -0.690467
-0.648443 2.602438 -0.688258
-0.651544 2.600864 -0.686345
-0.646919 2.585279 -0.696001
-0.655522 2.599718 -0.684891
-0.653653 2.616503 -0.675554
-0.655470 2.634387 -0.665103
-0.657754 2.615589 -0.674176
-0.659827 2.633514 -0.663909
-0.662340 2.615166 -0.673421
-0.664736 2.633032 -0.663327
-0.667276 2.615184 -0.673385
-0.659689 2.599040 -0.683825
-0.669926 2.632997 -0.663504
-0.672465 2.615572 -0.673930
-0.675250 2.633304 -0.664261
-0.677739 2.616069 -0.674905
-0.680823 2.633834 -0.665372
-0.685048 2.652285 -0.655195
-0.679052 2.651953 -0.654025
-0.691661 2.671407 -0.644136
-0.685542 2.671473 -0.642823
-0.701739 2.690213 -0.631952
-0.698284 2.671582 -0.645825
-0.708389 2.690102 -0.633918
-0.715642 2.690280 -0.636449
-0.722330 2.708532 -0.622081
-0.715554 2.708855 -0.619884
-0.740797 2.728641 -0.612079
-0.729578 2.708420 -0.624804
-0.747882 2.728127 -0.614748
-0.737356 2.708685 -0.628165
-0.755066 2.727758 -0.618129
-0.774633 2.746799 -0.609764
-0.762440 2.727865 -0.622121
-0.770091 2.728790 -0.626699
-0.781140 2.746876 -0.613339
-0.799135 2.765350 -0.603643
-0.787609 2.747602 -0.617427
-0.794001 2.749049 -0.622112
-0.804937 2.766138 -0.607317
-0.810508 2.767520 -0.611546
-0.820300 2.783694 -0.594966
-0.814939 2.782753 -0.591678
-0.833840 2.799922 -0.580328
-0.825478 2.785214 -0.598807
-0.838743 2.801540 -0.583881
-0.830347 2.787320 -0.603155
-0.834843 2.790066 -0.607997
-0.843325 2.803762 -0.587890
-0.815826 2.769532 -0.616366
-0.800250 2.751189 -0.627405
-0.820827 2.772265 -0.621815
-0.806087 2.754039 -0.633246
-0.825223 2.775644 -0.627676
-0.811042 2.757405 -0.639223
-0.838869 2.793406 -0.613155
-0.828737 2.779387 -0.633411
-0.842185 2.797136 -0.618248
-0.831181 2.783220 -0.638841
-0.814982 2.760938 -0.645292
-0.817493 2.764469 -0.650992
-0.818730 2.767915 -0.656441
-0.832571 2.787113 -0.644107
-0.818725 2.771224 -0.661872
-0.832838 2.790761 -0.648950
-0.817488 2.774150 -0.666459
-0.832128 2.794021 -0.653247
-0.815701 2.776989 -0.670429
-0.830906 2.796715 -0.656859
-0.813352 2.779368 -0.674094
-0.803524 2.756331 -0.678469
-0.801290 2.758842 -0.681942
-0.798781 2.761302 -0.684960
-0.790131 2.738535 -0.687725
-0.795864 2.763380 -0.687524
-0.811059 2.781767 -0.677314
-0.826542 2.801465 -0.663407
-0.808936 2.783894 -0.679917
-0.806507 2.785835 -0.682772
-0.823681 2.803696 -0.665927
-0.838086 2.822098 -0.646023
-0.820306 2.805592 -0.668437
-0.834972 2.824180 -0.648318
-0.816596 2.807371 -0.670581
-0.830962 2.825767 -0.650039
-0.803383 2.787658 -0.685434
-0.812427 2.809181 -0.672182
-0.826636 2.827092 -0.651228
-0.799322 2.789542 -0.687492
-0.822026 2.828140 -0.651989
-0.838340 2.844037 -0.633163
-0.848367 2.860244 -0.617169
-0.842685 2.842661 -0.631839
-0.833771 2.845176 -0.634124
-0.828844 2.845860 -0.634642
-0.843800 2.861588 -0.618159
-0.855429 2.877801 -0.602045
-0.838910 2.862627 -0.618762
-0.850770 2.878972 -0.602780
-0.833956 2.863252 -0.618865
-0.845534 2.879779 -0.602838
-0.829008 2.863402 -0.618334
-0.824009 2.846302 -0.634736
-0.840647 2.880223 -0.602359
-0.824127 2.863481 -0.617448
-0.835818 2.880253 -0.601159
-0.819459 2.863041 -0.615823
-0.831254 2.880056 -0.599614
-0.815109 2.862678 -0.613763
-0.826955 2.879671 -0.597742
-0.810743 2.861975 -0.611323
-0.822873 2.878916 -0.595214
-0.806485 2.860950 -0.608372
-0.818863 2.877934 -0.592203
-0.802213 2.859720 -0.605122
-0.814960 2.876716 -0.588807
-0.798006 2.858217 -0.601452
-0.788089 2.841688 -0.622518
-0.783410 2.840367 -0.618680
-0.779101 2.838549 -0.614331
-0.762354 2.821097 -0.636624
-0.758110 2.820005 -0.631318
-0.737190 2.807153 -0.651532
-0.725218 2.796453 -0.663077
-0.731101 2.803908 -0.645843
-0.710145 2.787201 -0.658733
-0.727471 2.801060 -0.639891
-0.703824 2.783735 -0.648556
-0.754535 2.818161 -0.625862
-0.725624 2.798291 -0.633667
-0.725134 2.795501 -0.627727
-0.705382 2.780886 -0.641183
-0.751291 2.815858 -0.620400
-0.771981 2.833878 -0.604432
-0.749374 2.813303 -0.615426
-0.770150 2.831100 -0.599741
-0.748808 2.810606 -0.610620
-0.769237 2.828211 -0.595236
-0.725923 2.792838 -0.622132
-0.749358 2.807862 -0.606118
-0.769150 2.825261 -0.591046
-0.727526 2.790276 -0.617208
-0.750666 2.805272 -0.602021
-0.752538 2.802792 -0.598296
-0.769831 2.822366 -0.587204
-0.729244 2.787890 -0.612832
-0.731430 2.785595 -0.608960
-0.711559 2.770617 -0.619510
-0.710050 2.773098 -0.623802
-0.697609 2.750316 -0.625185
-0.712889 2.768069 -0.615745
-0.697458 2.747907 -0.621399
-0.714695 2.765802 -0.612235
-0.697860 2.745793 -0.617630
-0.734037 2.783499 -0.605546
-0.717230 2.763949 -0.608706
-0.698844 2.743886 -0.613869
-0.737168 2.781637 -0.602355
-0.720670 2.762208 -0.605709
-0.700990 2.742072 -0.610848
-0.741043 2.779793 -0.599449
-0.724502 2.760290 -0.603296
-0.703959 2.740039 -0.608495
-0.745340 2.777840 -0.597138
-0.728818 2.758249 -0.601786
-0.707944 2.737936 -0.607193
-0.749851 2.775842 -0.595418
-0.733546 2.756265 -0.600811
-0.712489 2.735874 -0.606754
-0.754567 2.773859 -0.594231
-0.738622 2.754276 -0.600652
-0.717377 2.733939 -0.607018
-0.759526 2.771925 -0.593650
-0.743873 2.752426 -0.600800
-0.722355 2.732126 -0.607415
-0.764598 2.770096 -0.593472
-0.749506 2.750760 -0.601469
-0.727899 2.730484 -0.608605
-0.755396 2.749379 -0.602690
-0.770044 2.768539 -0.593913
-0.787302 2.784861 -0.583016
-0.775587 2.767241 -0.594796
-0.792658 2.783720 -0.583742
-0.781264 2.766144 -0.596144
-0.761676 2.748193 -0.604478
-0.798122 2.782879 -0.584947
-0.787250 2.765455 -0.598093
-0.768143 2.747306 -0.606798
-0.803679 2.782399 -0.586618
-0.793266 2.765155 -0.600578
-0.809365 2.782340 -0.588889
-0.823389 2.798258 -0.574542
-0.817976 2.798160 -0.572408
-0.836528 2.813010 -0.557897
-0.828704 2.798833 -0.577208
-0.841710 2.813656 -0.560527
-0.854843 2.827413 -0.542080
-0.846662 2.814796 -0.563597
-0.859742 2.828562 -0.545184
-0.851414 2.816480 -0.567065
-0.855883 2.818747 -0.570924
-0.864379 2.830211 -0.548658
-0.878003 2.843115 -0.529049
-0.868762 2.832483 -0.552526
-0.882298 2.845319 -0.532995
-0.872817 2.835390 -0.556760
-0.859953 2.821615 -0.575127
-0.886280 2.848225 -0.537343
-0.876406 2.838899 -0.561308
-0.863555 2.825049 -0.579599
-0.889913 2.851823 -0.542070
-0.879265 2.843000 -0.566113
-0.866418 2.828936 -0.584216
-0.892868 2.856216 -0.547106
-0.881180 2.847414 -0.571038
-0.895010 2.861085 -0.552283
-0.868320 2.833009 -0.588801
-0.881858 2.851711 -0.575664
-0.881514 2.855542 -0.579790
-0.869077 2.836900 -0.593039
-0.895883 2.865877 -0.557166
-0.909542 2.879609 -0.537756
-0.895593 2.870179 -0.561793
-0.908991 2.884624 -0.542995
-0.894567 2.874103 -0.566245
-0.907293 2.889057 -0.547708
-0.892892 2.877815 -0.570407
-0.880357 2.859137 -0.583719
-0.878636 2.862456 -0.587347
-0.867974 2.843943 -0.600675
-0.868919 2.840568 -0.596999
-0.866449 2.847023 -0.603980
-0.857229 2.828753 -0.617181
-0.857812 2.825275 -0.613810
-0.855877 2.831636 -0.620410
-0.845890 2.812277 -0.634878
-0.844647 2.814872 -0.638291
-0.846406 2.808979 -0.631360
-0.846081 2.805121 -0.627465
-0.857549 2.821511 -0.610154
-0.844550 2.801100 -0.623068
-0.856420 2.817664 -0.606086
-0.854324 2.813745 -0.601592
-0.851300 2.809949 -0.596921
-0.847552 2.806583 -0.592281
-0.842897 2.817610 -0.641140
-0.828915 2.799011 -0.660182
-0.841043 2.819599 -0.643501
-0.854100 2.834226 -0.623347
-0.864244 2.849620 -0.606993
-0.851976 2.836458 -0.625762
-0.849466 2.838769 -0.627989
-0.862067 2.852088 -0.609634
-0.859300 2.854477 -0.611886
-0.873845 2.868100 -0.593385
-0.887578 2.884485 -0.577015
-0.871000 2.870494 -0.595696
-0.876422 2.865422 -0.590533
-0.890373 2.881282 -0.574057
-0.901736 2.896985 -0.556168
-0.904734 2.893213 -0.552173
-0.898577 2.900347 -0.559607
-0.911650 2.911690 -0.537287
-0.920301 2.924777 -0.519260
-0.915184 2.907838 -0.532940
-0.907924 2.915036 -0.541236
-0.916452 2.927935 -0.523352
-0.904351 2.917770 -0.544591
-0.900601 2.920461 -0.547608
-0.895328 2.903210 -0.562673
-0.912749 2.930692 -0.526780
-0.919588 2.941838 -0.511158
-0.908925 2.933116 -0.529895
-0.916063 2.944146 -0.513977
-0.905046 2.935473 -0.532569
-0.900720 2.937197 -0.534437
-0.896960 2.922511 -0.549868
-0.912102 2.946357 -0.516402
-0.917656 2.955812 -0.503420
-0.907989 2.948005 -0.517986
-0.913694 2.957584 -0.505247
-0.903741 2.949577 -0.519381
-0.909509 2.958999 -0.506623
-0.899468 2.950558 -0.520060
-0.896189 2.939013 -0.536212
-0.891570 2.940168 -0.537030
-0.888004 2.926075 -0.553575
-0.892579 2.924526 -0.552018
-0.883210 2.927212 -0.554505
-0.879081 2.910967 -0.570898
-0.883836 2.909580 -0.569514
-0.874130 2.911958 -0.571566
-0.868086 2.894637 -0.586810
-0.863021 2.895785 -0.587444
-0.872909 2.893250 -0.585772
-0.877306 2.891579 -0.584287
-0.859970 2.876330 -0.601007
-0.864027 2.874620 -0.599553
-0.867620 2.872607 -0.597792
-0.852575 2.858609 -0.615730
-0.856248 2.856650 -0.613945
-0.846102 2.840788 -0.629978
-0.881394 2.889455 -0.582136
-0.891725 2.905558 -0.565145
-0.884611 2.887203 -0.579690
-0.887849 2.907570 -0.567377
-0.857922 2.896526 -0.587388
-0.869051 2.912629 -0.571628
-0.853157 2.896846 -0.586750
-0.864218 2.913047 -0.571235
-0.848438 2.896866 -0.585672
-0.860028 2.912830 -0.569986
-0.844185 2.896642 -0.584014
-0.855894 2.912450 -0.568370
-0.840170 2.895930 -0.582037
-0.852099 2.911821 -0.566230
-0.836046 2.894931 -0.579834
-0.848914 2.910808 -0.563694
-0.832453 2.893708 -0.577070
-0.845825 2.909585 -0.561137
-0.829173 2.892432 -0.573651
-0.842937 2.908011 -0.558160
-0.826085 2.890878 -0.569350
-0.840475 2.906298 -0.554366
-0.811293 2.875044 -0.584854
-0.823431 2.889100 -0.564451
-0.838625 2.904380 -0.549564
-0.821624 2.886735 -0.558393
-0.807989 2.873142 -0.580195
-0.805069 2.870882 -0.574636
-0.794040 2.856398 -0.597104
-0.790681 2.854182 -0.592107
-0.788035 2.851457 -0.586860
-0.775115 2.836431 -0.609447
-0.803096 2.868092 -0.568812
-0.786562 2.848442 -0.581988
-0.802152 2.864810 -0.563423
-0.785758 2.845243 -0.577429
-0.785678 2.841973 -0.573279
-0.801802 2.861294 -0.558640
-0.820294 2.876559 -0.540150
-0.801989 2.857782 -0.554357
-0.820593 2.872839 -0.535640
-0.802610 2.854311 -0.550494
-0.821130 2.869117 -0.531561
-0.803442 2.850963 -0.546998
-0.786238 2.838741 -0.569517
-0.787230 2.835625 -0.566086
-0.788557 2.832656 -0.562961
-0.771092 2.819550 -0.583688
-0.772778 2.816872 -0.580484
-0.774865 2.814328 -0.577623
-0.754829 2.800450 -0.594958
-0.757518 2.798254 -0.591970
-0.760696 2.796101 -0.589286
-0.764307 2.793967 -0.587032
-0.777403 2.811867 -0.575105
-0.792338 2.827102 -0.557698
-0.780421 2.809484 -0.572969
-0.794966 2.824483 -0.555622
-0.783905 2.807206 -0.571228
-0.798119 2.822016 -0.553953
-0.787836 2.805084 -0.569911
-0.768270 2.791869 -0.585230
-0.772581 2.789853 -0.583924
-0.777278 2.787973 -0.583190
-0.792245 2.803178 -0.569037
-0.782195 2.786290 -0.582884
-0.796996 2.801528 -0.568728
-0.810681 2.816033 -0.551698
-0.802014 2.800176 -0.568898
-0.815590 2.814659 -0.551966
-0.807242 2.799147 -0.569533
-0.820743 2.813653 -0.552727
-0.812579 2.798464 -0.570735
-0.826038 2.813051 -0.553967
-0.839538 2.826800 -0.535278
-0.831281 2.812824 -0.555702
-0.844749 2.826606 -0.537115
-0.858886 2.839721 -0.517171
-0.849817 2.826770 -0.539377
-0.863875 2.839869 -0.519547
-0.878592 2.852572 -0.498689
-0.868752 2.840439 -0.522317
-0.883307 2.853142 -0.501537
-0.873453 2.841504 -0.525485
-0.887820 2.854113 -0.504797
-0.901760 2.866709 -0.482951
-0.892106 2.855602 -0.508449
-0.905912 2.868100 -0.486580
-0.896213 2.857783 -0.512456
-0.909823 2.870242 -0.490639
-0.900034 2.860656 -0.516863
-0.913640 2.872928 -0.495040
-0.903587 2.864254 -0.521659
-0.917101 2.876641 -0.499943
-0.906662 2.868793 -0.526848
-0.920008 2.881223 -0.505298
-0.908915 2.874272 -0.532360
-0.921817 2.886856 -0.511434
-0.932645 2.899369 -0.490057
-0.921997 2.892748 -0.517400
-0.920780 2.898542 -0.522965
-0.932633 2.905453 -0.496755
-0.939652 2.917065 -0.479871
-0.930822 2.911350 -0.503019
-0.927942 2.916651 -0.508743
-0.937728 2.922519 -0.487056
-0.942220 2.931628 -0.475086
-0.934643 2.927544 -0.493442
-0.939241 2.936466 -0.481830
-0.930982 2.932109 -0.499104
-0.935731 2.940979 -0.487389
-0.924291 2.921079 -0.514272
-0.927070 2.935984 -0.503923
-0.932183 2.945025 -0.491796
-0.923382 2.939058 -0.507784
-0.928503 2.948330 -0.495409
-0.924941 2.951177 -0.498584
-0.932697 2.956339 -0.484993
-0.929039 2.959082 -0.487682
-0.936247 2.952866 -0.481476
-0.935801 2.962514 -0.475438
-0.938306 2.966888 -0.465877
-0.932596 2.965407 -0.477400
-0.939198 2.959112 -0.472682
-0.941043 2.964039 -0.464358
-0.942406 2.954907 -0.468405
-0.945512 2.950284 -0.462984
-0.943919 2.960358 -0.461103
-0.939689 2.948618 -0.477036
-0.942918 2.943911 -0.471726
-0.945519 2.939137 -0.465256
-0.947005 2.934475 -0.458024
-0.947872 2.945688 -0.456567
-0.949023 2.951538 -0.449040
-0.949074 2.941242 -0.449581
-0.949226 2.937598 -0.442436
-0.949751 2.947225 -0.441978
-0.949866 2.952066 -0.435758
-0.949860 2.943332 -0.435146
-0.949499 2.947248 -0.429277
-0.948991 2.940126 -0.430735
-0.948237 2.935146 -0.434839
-0.948160 2.941537 -0.425354
-0.946895 2.942786 -0.420910
-0.947062 2.934286 -0.427522
-0.945452 2.934449 -0.421506
-0.945333 2.926239 -0.433810
-0.943566 2.925292 -0.426543
-0.942234 2.916011 -0.443423
-0.946767 2.927842 -0.441860
-0.943973 2.918653 -0.451168
-0.947428 2.930510 -0.450253
-0.944727 2.922140 -0.459413
-0.944183 2.926613 -0.467596
-0.940158 2.911611 -0.472151
-0.939155 2.907097 -0.464829
-0.937048 2.903432 -0.457857
-0.931222 2.894002 -0.483595
-0.928878 2.889560 -0.477434
-0.925451 2.886318 -0.471987
-0.921914 2.883711 -0.467036
-0.934051 2.900673 -0.451532
-0.940033 2.914083 -0.436462
-0.930569 2.898530 -0.445888
-0.926710 2.896968 -0.440937
-0.937025 2.912662 -0.430224
-0.933783 2.911652 -0.424878
-0.940859 2.924854 -0.420655
-0.938077 2.924539 -0.415735
-0.943236 2.934982 -0.416323
-0.940945 2.935529 -0.412006
-0.945126 2.944159 -0.416584
-0.943347 2.945390 -0.412876
-0.946580 2.951952 -0.421030
-0.944782 2.953565 -0.418177
-0.946994 2.958111 -0.428010
-0.948187 2.949921 -0.424718
-0.948565 2.955576 -0.431252
-0.947943 2.960431 -0.438858
-0.946063 2.963147 -0.436382
-0.948889 2.956536 -0.442985
-0.945784 2.964477 -0.447219
-0.942776 2.966307 -0.455943
-0.946862 2.960940 -0.450223
-0.944124 2.967137 -0.445438
-0.940979 2.968697 -0.455750
-0.942327 2.969410 -0.444231
-0.940016 2.970968 -0.443435
-0.944196 2.965203 -0.434614
-0.938965 2.971062 -0.455524
-0.936588 2.972829 -0.455249
-0.935781 2.969550 -0.466699
-0.933090 2.971936 -0.467217
-0.930090 2.973564 -0.467537
-0.929437 2.967874 -0.478843
-0.926169 2.970074 -0.480062
-0.925522 2.961530 -0.489903
-0.921837 2.963716 -0.491805
-0.921345 2.953574 -0.501088
-0.918051 2.965482 -0.493265
-0.914066 2.966870 -0.494337
-0.922642 2.971778 -0.480839
-0.926978 2.975151 -0.467802
-0.918897 2.972974 -0.481305
-0.923760 2.976041 -0.467736
-0.915275 2.973788 -0.481480
-0.911618 2.974130 -0.481403
-0.920566 2.976734 -0.467369
-0.910129 2.967791 -0.494914
-0.906214 2.968221 -0.494983
-0.905268 2.959882 -0.507256
-0.901208 2.960271 -0.507184
-0.897581 2.960193 -0.506552
-0.895215 2.951360 -0.520508
-0.891214 2.951644 -0.520040
-0.886870 2.940903 -0.537236
-0.878319 2.927743 -0.554565
-0.882454 2.941130 -0.536706
-0.873513 2.928129 -0.554261
-0.878208 2.941312 -0.535842
-0.887347 2.951604 -0.519068
-0.874669 2.940847 -0.534211
-0.869233 2.928099 -0.553307
-0.865141 2.927759 -0.551818
-0.861899 2.926884 -0.549645
-0.871774 2.940056 -0.531977
-0.859120 2.925902 -0.547032
-0.869500 2.939067 -0.529178
-0.856854 2.924787 -0.543955
-0.867781 2.937763 -0.525932
-0.854950 2.923216 -0.540601
-0.866166 2.936534 -0.522391
-0.853316 2.921586 -0.537136
-0.852020 2.919416 -0.532862
-0.865622 2.934906 -0.518721
-0.877979 2.944412 -0.502209
-0.865535 2.932726 -0.514451
-0.878055 2.942085 -0.498584
-0.865918 2.930442 -0.509628
-0.851519 2.916786 -0.527194
-0.878348 2.939547 -0.494678
-0.867186 2.927284 -0.503510
-0.879159 2.936077 -0.489847
-0.852075 2.914020 -0.520954
-0.868543 2.923384 -0.497135
-0.880356 2.932262 -0.484425
-0.870117 2.919137 -0.490336
-0.853100 2.910259 -0.514164
-0.854736 2.905963 -0.507197
-0.837615 2.895551 -0.529631
-0.838925 2.891620 -0.523175
-0.836776 2.899190 -0.536962
-0.820352 2.880300 -0.545452
-0.820720 2.883901 -0.551817
-0.837362 2.901923 -0.543432
-0.839877 2.887392 -0.517831
-0.856338 2.901411 -0.500685
-0.840667 2.883280 -0.513306
-0.857634 2.897157 -0.495187
-0.841292 2.879454 -0.509184
-0.821713 2.865548 -0.527856
-0.858655 2.893172 -0.490315
-0.841819 2.875906 -0.505495
-0.822349 2.862145 -0.524505
-0.859550 2.889583 -0.486124
-0.842242 2.872596 -0.502110
-0.823165 2.858919 -0.521437
-0.860210 2.886269 -0.482318
-0.843052 2.869578 -0.499163
-0.824432 2.855874 -0.518743
-0.860807 2.883366 -0.479208
-0.844457 2.866732 -0.496629
-0.861767 2.880541 -0.476509
-0.826291 2.852982 -0.516480
-0.846417 2.864015 -0.494522
-0.863124 2.877745 -0.473953
-0.828741 2.850241 -0.514636
-0.848976 2.861423 -0.492950
-0.831749 2.847692 -0.513339
-0.865093 2.875129 -0.471956
-0.851990 2.859025 -0.491937
-0.867706 2.872663 -0.470524
-0.835456 2.845458 -0.512653
-0.855711 2.856991 -0.491717
-0.839621 2.843498 -0.512512
-0.859855 2.855248 -0.492029
-0.871066 2.870446 -0.469929
-0.881487 2.884145 -0.446265
-0.874739 2.868558 -0.469881
-0.878891 2.867060 -0.470477
-0.885559 2.882223 -0.445931
-0.895233 2.897706 -0.424832
-0.890005 2.880789 -0.446438
-0.894659 2.879714 -0.447698
-0.899628 2.896470 -0.424904
-0.909380 2.912200 -0.410031
-0.904037 2.895453 -0.425776
-0.908840 2.894828 -0.427595
-0.913616 2.911384 -0.410553
-0.921721 2.925308 -0.403108
-0.917849 2.910893 -0.412212
-0.925330 2.924906 -0.404093
-0.922091 2.910629 -0.414368
-0.913530 2.894825 -0.429995
-0.929001 2.924493 -0.405864
-0.926276 2.910613 -0.417114
-0.918094 2.894966 -0.433119
-0.930135 2.911041 -0.420436
-0.932237 2.924382 -0.408306
-0.936104 2.936637 -0.405466
-0.935331 2.924340 -0.411266
-0.938716 2.936135 -0.408259
-0.941266 2.946453 -0.409922
-0.942875 2.955058 -0.415910
-0.939166 2.947431 -0.407438
-0.936778 2.948332 -0.405390
-0.940591 2.956142 -0.414531
-0.938381 2.957186 -0.413091
-0.940999 2.962815 -0.422987
-0.943347 2.961644 -0.424029
-0.938569 2.963776 -0.422265
-0.939831 2.968010 -0.432471
-0.937512 2.969017 -0.431839
-0.937563 2.972206 -0.442868
-0.942064 2.966820 -0.433348
-0.935032 2.973169 -0.442441
-0.934189 2.974514 -0.454985
-0.931257 2.975465 -0.454663
-0.928317 2.976118 -0.454397
-0.925362 2.976213 -0.454253
-0.932154 2.973673 -0.442199
-0.929314 2.973827 -0.442343
-0.934806 2.969654 -0.431644
-0.935905 2.964486 -0.421945
-0.931935 2.969934 -0.431808
-0.928952 2.969966 -0.432238
-0.933156 2.965037 -0.421846
-0.930142 2.965224 -0.422299
-0.933056 2.958507 -0.412106
-0.930070 2.958800 -0.412536
-0.931185 2.949404 -0.403812
-0.935817 2.957896 -0.412407
-0.934186 2.948907 -0.404361
-0.930502 2.937541 -0.401710
-0.933452 2.937060 -0.403135
-0.927326 2.937999 -0.400962
-0.924187 2.938480 -0.400674
-0.928169 2.949827 -0.403841
-0.917831 2.925860 -0.402784
-0.920950 2.938828 -0.401891
-0.917840 2.939219 -0.403228
-0.914478 2.926525 -0.403747
-0.924966 2.949991 -0.404712
-0.926972 2.958901 -0.413295
-0.921885 2.950089 -0.406102
-0.919018 2.949967 -0.408679
-0.923949 2.958565 -0.414847
-0.920876 2.958135 -0.416624
-0.923819 2.964797 -0.424272
-0.922732 2.969237 -0.433781
-0.927067 2.965220 -0.423005
-0.920860 2.964028 -0.426008
-0.919648 2.968380 -0.435085
-0.918313 2.962874 -0.428335
-0.915749 2.961653 -0.430705
-0.918272 2.957350 -0.419396
-0.916831 2.967028 -0.436780
-0.914605 2.970170 -0.445406
-0.914268 2.965461 -0.438577
-0.912058 2.963644 -0.440688
-0.912212 2.968377 -0.446699
-0.909095 2.970278 -0.455438
-0.910085 2.966403 -0.448062
-0.907063 2.968272 -0.455992
-0.908388 2.964339 -0.449401
-0.905654 2.966289 -0.456543
-0.910363 2.961671 -0.442788
-0.906976 2.962062 -0.450976
-0.909061 2.959508 -0.445114
-0.905719 2.959449 -0.452960
-0.904377 2.964265 -0.457143
-0.901285 2.964692 -0.464241
-0.903369 2.961764 -0.458209
-0.902222 2.958757 -0.460174
-0.900827 2.962695 -0.463722
-0.896910 2.959708 -0.471050
-0.900347 2.960121 -0.463877
-0.897822 2.956792 -0.468535
-0.899186 2.953490 -0.465158
-0.893473 2.951411 -0.475212
-0.892630 2.954487 -0.478289
-0.887228 2.945676 -0.483635
-0.894781 2.947960 -0.471765
-0.888034 2.942283 -0.479761
-0.896053 2.944349 -0.467788
-0.901034 2.950321 -0.461254
-0.897498 2.940772 -0.463118
-0.889210 2.938493 -0.475364
-0.890478 2.934700 -0.469950
-0.891926 2.931289 -0.463499
-0.882046 2.928293 -0.478117
-0.883428 2.924537 -0.471284
-0.884480 2.921136 -0.464166
-0.871649 2.914914 -0.483419
-0.872651 2.910804 -0.476841
-0.873136 2.906989 -0.470971
-0.884853 2.918112 -0.457238
-0.873154 2.903563 -0.465792
-0.884692 2.915390 -0.450960
-0.872851 2.900430 -0.461181
-0.883917 2.913060 -0.445432
-0.872579 2.897187 -0.457585
-0.872926 2.894149 -0.454519
-0.883263 2.910513 -0.440577
-0.894058 2.921705 -0.430554
-0.883023 2.908060 -0.436392
-0.894317 2.920223 -0.425804
-0.883755 2.905733 -0.432866
-0.873385 2.891390 -0.451569
-0.885325 2.903317 -0.429561
-0.894683 2.918734 -0.421359
-0.895801 2.917274 -0.417141
-0.905212 2.929710 -0.415514
-0.904451 2.930556 -0.420093
-0.911582 2.940029 -0.413271
-0.906519 2.928838 -0.411504
-0.913315 2.939790 -0.408836
-0.908540 2.928091 -0.407871
-0.898426 2.915673 -0.413905
-0.911202 2.927238 -0.405433
-0.915452 2.939585 -0.405742
-0.901621 2.914290 -0.411879
-0.891196 2.899283 -0.425405
-0.905339 2.913130 -0.410383
-0.887715 2.901245 -0.427098
-0.877612 2.886154 -0.446963
-0.874889 2.888652 -0.448911
-0.916656 2.949572 -0.411885
-0.914862 2.949072 -0.415572
-0.916016 2.956486 -0.422435
-0.913318 2.948530 -0.420087
-0.912251 2.947981 -0.425082
-0.910413 2.940052 -0.418270
-0.914128 2.955438 -0.425930
-0.912621 2.953949 -0.430389
-0.913717 2.960118 -0.433395
-0.912148 2.958455 -0.436412
-0.910518 2.956467 -0.439812
-0.911351 2.952734 -0.434902
-0.909080 2.954169 -0.443362
-0.907690 2.956769 -0.447910
-0.907122 2.950682 -0.447705
-0.909829 2.951421 -0.439540
-0.909948 2.947066 -0.435781
-0.907978 2.948912 -0.444269
-0.908396 2.946261 -0.440928
-0.905341 2.942455 -0.447519
-0.904305 2.944455 -0.452667
-0.900306 2.935406 -0.450909
-0.906322 2.940655 -0.441274
-0.907643 2.939958 -0.434420
-0.901433 2.933687 -0.443751
-0.893882 2.926178 -0.449229
-0.902376 2.932551 -0.436874
-0.894091 2.924492 -0.442402
-0.903012 2.931797 -0.430848
-0.894001 2.923099 -0.436130
-0.908773 2.939950 -0.428557
-0.903692 2.931230 -0.425216
-0.909643 2.939947 -0.423323
-0.911075 2.947359 -0.430376
-0.893237 2.928427 -0.456614
-0.898928 2.937749 -0.457469
-0.902710 2.947075 -0.457027
-0.905822 2.952941 -0.451659
-0.904091 2.955753 -0.455980
-0.886590 2.948635 -0.486989
-0.886024 2.951396 -0.490196
-0.891942 2.957293 -0.481199
-0.885986 2.953809 -0.493755
-0.885838 2.955541 -0.497180
-0.878199 2.946219 -0.505723
-0.891427 2.959971 -0.484130
-0.891836 2.962065 -0.486659
-0.896602 2.964534 -0.474619
-0.897163 2.966791 -0.475977
-0.901699 2.966576 -0.464748
-0.896441 2.962239 -0.473043
-0.902778 2.968604 -0.464927
-0.904501 2.970833 -0.465188
-0.906189 2.972894 -0.465464
-0.898332 2.968804 -0.477190
-0.900192 2.970609 -0.478336
-0.892399 2.963969 -0.488876
-0.893954 2.965528 -0.490899
-0.886645 2.957079 -0.500277
-0.888431 2.958283 -0.502555
-0.879842 2.949109 -0.512637
-0.881830 2.950160 -0.515222
-0.878842 2.947682 -0.509207
-0.884229 2.951093 -0.517455
-0.890886 2.959304 -0.504467
-0.894023 2.959878 -0.505662
-0.895804 2.967032 -0.492771
-0.898790 2.967869 -0.493981
-0.902179 2.972245 -0.479469
-0.908593 2.974648 -0.465795
-0.904849 2.973521 -0.480373
-0.907977 2.974224 -0.481013
-0.911065 2.976000 -0.466163
-0.916411 2.975124 -0.454228
-0.914278 2.976639 -0.466681
-0.919308 2.975793 -0.454192
-0.917410 2.976882 -0.467039
-0.922421 2.976227 -0.454205
-0.926418 2.973837 -0.442523
-0.923397 2.973292 -0.443021
-0.920390 2.972533 -0.443616
-0.925908 2.969767 -0.432846
-0.917422 2.971436 -0.444529
-0.913739 2.973729 -0.454638
-0.911083 2.972239 -0.454922
-0.902306 2.968234 -0.494630
-0.945279 2.960067 -0.425735
-0.922466 2.895899 -0.436695
-0.913410 2.880259 -0.458907
-0.908967 2.879413 -0.455237
-0.917788 2.881746 -0.462614
-0.904345 2.878953 -0.452119
-0.897407 2.865906 -0.479537
-0.892901 2.865380 -0.476592
-0.888324 2.865452 -0.473979
-0.883593 2.866037 -0.471914
-0.899526 2.879071 -0.449666
-0.873856 2.852569 -0.496211
-0.869027 2.853055 -0.494232
-0.853923 2.840051 -0.515264
-0.864245 2.853878 -0.492792
-0.848978 2.840799 -0.513857
-0.834404 2.827431 -0.533917
-0.844140 2.841921 -0.512951
-0.829439 2.828519 -0.533079
-0.824500 2.829908 -0.532652
-0.820007 2.831721 -0.532790
-0.816111 2.833910 -0.533547
-0.805956 2.817714 -0.551956
-0.801739 2.819734 -0.552721
-0.812518 2.836299 -0.534685
-0.809639 2.838932 -0.536348
-0.807382 2.841748 -0.538454
-0.805693 2.844687 -0.540970
-0.804442 2.847752 -0.543838
-0.790230 2.829827 -0.560156
-0.946675 2.956000 -0.455659
-0.944465 2.963310 -0.455846
-0.918347 2.903538 -0.528178
-0.734061 2.729286 -0.610145
-0.709471 2.709579 -0.618073
-0.703787 2.710578 -0.616759
-0.695409 2.690549 -0.630314
-0.689600 2.691120 -0.629185
-0.684117 2.692009 -0.628546
-0.679784 2.671784 -0.641960
-0.674300 2.672374 -0.641525
-0.673431 2.651887 -0.653216
-0.667962 2.652107 -0.652864
-0.662742 2.652706 -0.653119
-0.657951 2.653633 -0.653872
-0.669139 2.673288 -0.641547
-0.664372 2.674520 -0.641982
-0.678934 2.693199 -0.628268
-0.674259 2.694818 -0.628508
-0.693214 2.713374 -0.615536
-0.688794 2.715413 -0.615896
-0.698211 2.711783 -0.615924
-0.685107 2.717671 -0.617158
-0.682463 2.720014 -0.619029
-0.670258 2.696876 -0.629415
-0.667608 2.699340 -0.631061
-0.660090 2.676148 -0.642936
-0.656798 2.678155 -0.644464
-0.653742 2.654975 -0.655191
-0.650540 2.656726 -0.657025
-0.651938 2.635676 -0.666805
-0.648576 2.658770 -0.659303
-0.647450 2.661047 -0.661944
-0.654497 2.680256 -0.646441
-0.653157 2.682582 -0.648955
-0.666073 2.701764 -0.633362
-0.665615 2.704063 -0.636134
-0.681080 2.722419 -0.621881
-0.680890 2.724696 -0.625128
-0.681683 2.726768 -0.628385
-0.683102 2.728925 -0.631978
-0.666372 2.706329 -0.639089
-0.667731 2.708629 -0.642154
-0.653310 2.685070 -0.651865
-0.654574 2.687472 -0.654865
-0.647608 2.663526 -0.664785
-0.648688 2.666011 -0.667792
-0.650290 2.668520 -0.670992
-0.652479 2.671127 -0.674539
-0.656546 2.689823 -0.657996
-0.659212 2.692310 -0.661452
-0.669521 2.710903 -0.645456
-0.672052 2.713187 -0.649250
-0.684904 2.731225 -0.635820
-0.686915 2.733774 -0.640029
-0.697978 2.753142 -0.629182
-0.698161 2.755854 -0.633762
-0.698049 2.757942 -0.639112
-0.708570 2.775634 -0.628681
-0.707018 2.778252 -0.634555
-0.698280 2.759402 -0.645118
-0.688979 2.736273 -0.644658
-0.691252 2.738574 -0.649879
-0.675310 2.715834 -0.653409
-0.679248 2.718469 -0.658054
-0.662460 2.694916 -0.665311
-0.666537 2.697773 -0.669569
-0.654966 2.673831 -0.678453
-0.658270 2.676679 -0.682646
-0.662631 2.679844 -0.687063
-0.671508 2.700591 -0.674197
-0.668633 2.683046 -0.691642
-0.675802 2.686087 -0.696311
-0.677664 2.703300 -0.679293
-0.685103 2.705815 -0.684795
-0.689589 2.723665 -0.668718
-0.696939 2.726185 -0.675111
-0.698777 2.743056 -0.662062
-0.683803 2.721064 -0.663052
-0.694252 2.740804 -0.655402
-0.698891 2.760544 -0.651794
-0.701279 2.762859 -0.659904
-0.707023 2.762408 -0.668642
-0.715214 2.777524 -0.670275
-0.716613 2.761951 -0.677626
-0.704857 2.745394 -0.669694
-0.712689 2.747212 -0.677299
-0.721192 2.748698 -0.683926
-0.705390 2.728251 -0.681462
-0.713690 2.729690 -0.687093
-0.693511 2.707906 -0.690258
-0.701839 2.709529 -0.695046
-0.683778 2.688550 -0.700899
-0.691817 2.690375 -0.705051
-0.709659 2.710764 -0.699097
-0.721260 2.730484 -0.691748
-0.729240 2.749645 -0.688998
-0.736631 2.750087 -0.692709
-0.737394 2.766160 -0.687615
-0.751514 2.781833 -0.681647
-0.727085 2.763284 -0.683787
-0.740308 2.778280 -0.680145
-0.727640 2.775598 -0.677431
-0.736765 2.790800 -0.672496
-0.725701 2.787520 -0.670027
-0.792876 2.765192 -0.689954
-0.791574 2.735679 -0.643127
-0.784879 2.732737 -0.637240
-0.777593 2.730420 -0.631718
-0.650709 2.584098 -0.694429
-0.705820 2.656390 -0.740013
-0.718011 2.675352 -0.728965
-0.725879 2.694341 -0.718478
-0.723649 2.675239 -0.730315
-0.729093 2.674816 -0.731185
-0.731637 2.694323 -0.719827
-0.740681 2.712657 -0.710825
-0.737198 2.694004 -0.720745
-0.742562 2.693283 -0.720999
-0.746037 2.712327 -0.711770
-0.751248 2.711620 -0.712076
-0.755244 2.729876 -0.703922
-0.756203 2.710532 -0.711754
-0.747562 2.692291 -0.720716
-0.739230 2.673336 -0.731236
-0.752191 2.690869 -0.719828
-0.734356 2.674184 -0.731443
-0.732188 2.655290 -0.743530
-0.725135 2.637368 -0.758234
-0.727270 2.656232 -0.743818
-0.780931 2.808694 -0.678363
-0.754031 2.657053 -0.711613
-0.762689 2.675712 -0.701397
-0.761088 2.673337 -0.697690
-0.770812 2.691832 -0.688737
-0.768531 2.689435 -0.684685
-0.765065 2.686951 -0.680385
-0.621438 2.536619 -0.716817
-0.618947 2.537696 -0.719342
-0.617135 2.538831 -0.722219
-0.615199 2.519793 -0.723015
-0.613474 2.520827 -0.725951
-0.611482 2.501294 -0.726474
-0.609716 2.502214 -0.729428
-0.608342 2.503067 -0.732721
-0.605336 2.482893 -0.733083
-0.603656 2.483728 -0.736364
-0.602554 2.484527 -0.740081
-0.602381 2.485229 -0.744194
-0.607576 2.503855 -0.736408
-0.607482 2.504489 -0.740452
-0.611717 2.522696 -0.732723
-0.611634 2.523412 -0.736733
-0.615278 2.541004 -0.728886
-0.612269 2.521815 -0.729142
-0.615858 2.539992 -0.725349
-0.620597 2.558107 -0.721138
-0.619895 2.559459 -0.724728
-0.622143 2.556753 -0.717962
-0.615184 2.542133 -0.732785
-0.615756 2.543289 -0.737178
-0.617464 2.544321 -0.741897
-0.612147 2.524221 -0.741069
-0.613782 2.525020 -0.745795
-0.608212 2.505162 -0.744825
-0.610049 2.505790 -0.749459
-0.603365 2.485866 -0.748580
-0.605493 2.486409 -0.753067
-0.598948 2.466780 -0.752033
-0.608487 2.486869 -0.757541
-0.612191 2.487262 -0.761977
-0.612785 2.506330 -0.754162
-0.616419 2.506789 -0.758840
-0.616584 2.525769 -0.750681
-0.620507 2.526461 -0.755540
-0.620464 2.545268 -0.746780
-0.624735 2.546196 -0.751809
-0.625383 2.565111 -0.742674
-0.630222 2.546901 -0.756922
-0.636381 2.547252 -0.761718
-0.625237 2.526994 -0.760252
-0.630719 2.527349 -0.764918
-0.620848 2.507160 -0.763400
-0.626025 2.507464 -0.767956
-0.616520 2.487596 -0.766379
-0.621377 2.487861 -0.770740
-0.612068 2.468456 -0.769310
-0.626728 2.488023 -0.774967
-0.632407 2.488128 -0.778946
-0.631697 2.507700 -0.772373
-0.637599 2.507880 -0.776502
-0.636724 2.527619 -0.769408
-0.642934 2.527823 -0.773614
-0.642796 2.547415 -0.766146
-0.649924 2.567636 -0.762872
-0.649223 2.547510 -0.770295
-0.655450 2.547589 -0.774153
-0.661299 2.547750 -0.777597
-0.649076 2.527973 -0.777483
-0.654914 2.528076 -0.780943
-0.643530 2.508021 -0.780296
-0.649289 2.508123 -0.783679
-0.638192 2.488224 -0.782609
-0.643879 2.488306 -0.785853
-0.633530 2.469337 -0.785279
-0.654744 2.508189 -0.786571
-0.723925 2.624290 -0.694391
-0.717409 2.622471 -0.689411
-0.585710 2.412390 -0.754193
-0.590582 2.414515 -0.768320
-0.586058 2.398407 -0.771210
-0.589554 2.398841 -0.774726
-0.593619 2.399255 -0.778487
-0.598394 2.399633 -0.782558
-0.603796 2.399932 -0.786792
-0.608840 2.416401 -0.784485
-0.609613 2.400090 -0.790976
-0.615648 2.400118 -0.794947
-0.621760 2.400052 -0.798629
-0.627737 2.399929 -0.801916
-0.633397 2.399748 -0.804724
-0.638679 2.399562 -0.807064
-0.638972 2.417336 -0.802527
-0.644177 2.417321 -0.804733
-0.648976 2.417074 -0.806560
-0.648082 2.434133 -0.801924
-0.652835 2.434050 -0.803650
-0.657388 2.433909 -0.804881
-0.655863 2.451296 -0.800212
-0.660417 2.451148 -0.801484
-0.664112 2.469320 -0.798276
-0.668632 2.469069 -0.798961
-0.668727 2.488094 -0.795693
-0.674005 2.507787 -0.793431
-0.673253 2.487833 -0.796326
-0.677729 2.487496 -0.796409
-0.653664 2.416876 -0.807985
-0.643628 2.399412 -0.808919
-0.701568 2.538361 -0.752999
-0.707094 2.556387 -0.745447
-0.703920 2.554964 -0.740159
-0.710835 2.573184 -0.732501
-0.569913 2.332900 -0.782633
-0.594528 2.334328 -0.804909
-0.600143 2.334267 -0.808618
-0.605960 2.334253 -0.811979
-0.637307 2.349080 -0.817827
-0.632916 2.333133 -0.821093
-0.679101 2.480400 -0.757711
-0.647867 2.442795 -0.744801
-0.554745 2.262805 -0.793869
-0.556982 2.263196 -0.796940
-0.559720 2.263577 -0.800151
-0.556394 2.247418 -0.802231
-0.563408 2.280560 -0.797674
-0.562978 2.263964 -0.803587
-0.566903 2.281026 -0.801170
-0.566841 2.264329 -0.807304
-0.559533 2.247673 -0.805685
-0.563228 2.247871 -0.809384
-0.567479 2.247966 -0.813235
-0.572112 2.247933 -0.816994
-0.571299 2.264660 -0.811213
-0.564073 2.231579 -0.814954
-0.576198 2.264894 -0.815083
-0.581390 2.264997 -0.818795
-0.586746 2.264949 -0.822265
-0.577035 2.247734 -0.820581
-0.582137 2.247388 -0.823949
-0.587427 2.246940 -0.827039
-0.592804 2.246433 -0.829768
-0.592222 2.264735 -0.825403
-0.582765 2.229765 -0.828400
-0.597722 2.264410 -0.828138
-0.602763 2.283050 -0.826082
-0.603239 2.263961 -0.830282
-0.608300 2.282807 -0.828128
-0.608838 2.263381 -0.831676
-0.598279 2.245853 -0.831951
-0.603767 2.245157 -0.833396
-0.609251 2.244391 -0.834210
-0.614628 2.243514 -0.833896
-0.614417 2.262637 -0.832214
-0.603904 2.226784 -0.835881
-0.609246 2.225869 -0.835512
-0.614115 2.224968 -0.833885
-0.619822 2.242613 -0.832768
-0.624911 2.260879 -0.830951
-0.630473 2.280381 -0.829454
-0.619813 2.261783 -0.832176
-0.635255 2.279389 -0.827493
-0.639433 2.298277 -0.825215
-0.570977 2.281503 -0.804952
-0.650824 2.330601 -0.816975
-0.654755 2.346553 -0.814044
-0.657355 2.345974 -0.811478
-0.667215 2.378060 -0.793874
-0.670890 2.395685 -0.790812
-0.548642 2.185329 -0.811698
-0.548545 2.170834 -0.816058
-0.562326 2.184683 -0.825119
-0.580556 2.182827 -0.835369
-0.576678 2.168674 -0.835913
-0.581648 2.168094 -0.837276
-0.586782 2.167449 -0.837888
-0.591826 2.166768 -0.837587
-0.610668 2.178023 -0.828359
-0.612255 2.177729 -0.824949
-0.615787 2.191655 -0.823426
-0.608367 2.164272 -0.826016
-0.613072 2.177554 -0.821269
-0.609467 2.164046 -0.822470
-0.616518 2.191543 -0.819701
-0.613344 2.177444 -0.817413
-0.616682 2.191588 -0.815777
-0.613046 2.177420 -0.813461
-0.609897 2.163869 -0.818706
-0.616327 2.191672 -0.811726
-0.615460 2.191900 -0.807657
-0.620244 2.206455 -0.809851
-0.625461 2.222002 -0.808267
-0.619341 2.206821 -0.805755
-0.620592 2.206244 -0.814049
-0.625905 2.222026 -0.812611
-0.620488 2.206180 -0.818090
-0.625942 2.222154 -0.816844
-0.619731 2.206262 -0.821965
-0.625562 2.222371 -0.820915
-0.630366 2.239603 -0.819546
-0.630787 2.239183 -0.815400
-0.636310 2.256742 -0.813663
-0.630860 2.238791 -0.811099
-0.636234 2.256056 -0.809299
-0.630402 2.238371 -0.806687
-0.629568 2.237932 -0.802393
-0.635661 2.255311 -0.804832
-0.634572 2.254500 -0.800477
-0.641182 2.273773 -0.803576
-0.641857 2.274632 -0.808184
-0.646437 2.292652 -0.803070
-0.640068 2.272856 -0.799111
-0.645185 2.291866 -0.798502
-0.638387 2.271894 -0.795004
-0.643552 2.291245 -0.794256
-0.632819 2.253694 -0.796519
-0.628048 2.237592 -0.798509
-0.625912 2.237293 -0.795056
-0.623058 2.222401 -0.800184
-0.621078 2.222761 -0.796968
-0.618140 2.207321 -0.801899
-0.624528 2.222118 -0.803983
-0.616388 2.207891 -0.798465
-0.614166 2.192253 -0.803752
-0.614339 2.208483 -0.795346
-0.618879 2.223069 -0.794078
-0.612025 2.209046 -0.792509
-0.616352 2.223383 -0.791441
-0.613551 2.223750 -0.789061
-0.647208 2.309618 -0.792735
-0.650644 2.327168 -0.791169
-0.649182 2.309925 -0.797149
-0.644930 2.309486 -0.788809
-0.648197 2.327101 -0.787382
-0.652451 2.343972 -0.786284
-0.650704 2.310475 -0.801741
-0.647261 2.293529 -0.807725
-0.642082 2.275475 -0.812652
-0.605435 2.150486 -0.822753
-0.613914 2.237007 -0.785475
-0.600278 2.237925 -0.779202
-0.597416 2.225564 -0.780394
-0.593556 2.225830 -0.779304
-0.589524 2.226173 -0.778807
-0.585503 2.226616 -0.778905
-0.535142 2.140678 -0.792315
-0.533125 2.141096 -0.794078
-0.531916 2.141456 -0.796175
-0.530382 2.127204 -0.795346
-0.531520 2.141756 -0.798558
-0.531837 2.141997 -0.801136
-0.532719 2.142184 -0.803838
-0.535436 2.156289 -0.802488
-0.534041 2.142325 -0.806631
-0.536789 2.156455 -0.805257
-0.519857 2.059259 -0.812195
-0.521360 2.059186 -0.814801
-0.523103 2.059049 -0.817404
-0.525052 2.058855 -0.819986
-0.527193 2.058607 -0.822527
-0.529531 2.058300 -0.825007
-0.532076 2.057921 -0.827402
-0.534854 2.057456 -0.829679
-0.537882 2.056914 -0.831798
-0.541180 2.056314 -0.833704
-0.544738 2.055676 -0.835341
-0.548540 2.055035 -0.836615
-0.552532 2.054415 -0.837429
-0.556615 2.053833 -0.837693
-0.560665 2.053317 -0.837317
-0.564532 2.052903 -0.836264
-0.568059 2.052601 -0.834640
-0.571088 2.052424 -0.832487
-0.573560 2.052356 -0.829923
-0.575470 2.052366 -0.827060
-0.576852 2.052429 -0.824000
-0.577752 2.052519 -0.820833
-0.578209 2.052624 -0.817624
-0.581652 2.065627 -0.820999
-0.582016 2.065696 -0.817577
-0.585936 2.079147 -0.817200
-0.581993 2.065742 -0.814196
-0.578265 2.052720 -0.814431
-0.598355 2.148906 -0.796463
-0.596019 2.148724 -0.793396
-0.592629 2.134047 -0.792839
-0.589596 2.119788 -0.793344
-0.587292 2.119563 -0.790604
-0.526595 2.008774 -0.823730
-0.538390 2.006891 -0.829128
-0.551995 2.005304 -0.828906
-0.561884 2.004868 -0.822082
-0.565211 2.005163 -0.812639
-0.565044 2.005289 -0.810251
-0.571356 2.040404 -0.803228
-0.574689 2.052924 -0.802657
-0.572834 2.052935 -0.800164
-0.578116 2.065808 -0.801770
-0.576236 2.065769 -0.799157
-0.507963 1.989336 -0.804578
-0.529302 1.976169 -0.822395
-0.534961 1.965648 -0.822818
-0.541768 1.974785 -0.825193
-0.547478 1.964770 -0.822656
-0.553521 1.974476 -0.821933
-0.556662 1.965163 -0.817021
-0.559598 1.975026 -0.814344
-0.559753 1.965791 -0.809126
-0.559714 1.965940 -0.807129
-0.559367 1.966090 -0.805184
-0.559005 1.956420 -0.806001
-0.558683 1.956570 -0.804138
-0.557651 1.947070 -0.805008
-0.557886 1.956718 -0.802465
-0.556446 1.956861 -0.801176
-0.558616 1.966234 -0.803371
-0.559101 1.975763 -0.804286
-0.557349 1.966350 -0.801828
-0.507476 1.960201 -0.801214
-0.507574 1.952167 -0.801335
-0.507477 1.945564 -0.801480
-0.506964 1.952198 -0.801980
-0.507094 1.952188 -0.802898
-0.506835 1.945680 -0.801812
-0.506918 1.945760 -0.802432
-0.506893 1.942548 -0.801857
-0.507381 1.941528 -0.801825
-0.506981 1.942829 -0.802203
-0.507488 1.941827 -0.802487
-0.507639 1.945616 -0.803210
-0.508793 1.941657 -0.803068
-0.508708 1.941452 -0.802079
-0.510666 1.941410 -0.803788
-0.508919 1.945356 -0.804133
-0.509142 1.951830 -0.805216
-0.510629 1.944760 -0.805153
-0.512744 1.943861 -0.806278
-0.510782 1.951419 -0.806505
-0.512706 1.950831 -0.807858
-0.514825 1.950034 -0.809301
-0.512955 1.939684 -0.804551
-0.507868 1.952068 -0.803999
-0.509356 1.959826 -0.806237
-0.510619 1.941416 -0.802494
-0.508795 1.945472 -0.801399
-0.515737 1.959763 -0.800269
3 0 2 208
3 0 208 1
3 0 1 4
3 0 4 3
3 0 3 5
3 0 5 2
3 7 6 3
3 7 3 4
3 6 8 5
3 6 5 3
3 7 10 9
3 7 9 6
3 6 9 12
3 6 12 8
3 196 11 9
3 196 9 10
3 11 13 12
3 11 12 9
3 8 12 14
3 8 14 17
3 13 15 14
3 13 14 12
3 15 3646 16
3 15 16 14
3 16 18 17
3 16 17 14
3 18 21 19
3 18 19 17
3 8 17 19
3 8 19 5
3 20 2 5
3 20 5 19
3 20 19 21
3 20 21 22
3 18 26 23
3 18 23 21
3 22 21 23
3 22 23 24
3 24 23 25
3 24 25 217
3 25 23 26
3 25 26 28
3 18 3647 27
3 18 27 26
3 28 26 27
3 28 27 30
3 32 29 28
3 32 28 30
3 29 333 25
3 29 25 28
3 34 32 30
3 34 30 31
3 30 27 3650
3 30 3650 31
3 34 36 33
3 34 33 32
3 32 33 3652
3 32 3652 29
3 35 34 31
3 35 31 3651
3 35 37 36
3 35 36 34
3 40 38 36
3 40 36 37
3 38 41 33
3 38 33 36
3 40 373 39
3 40 39 38
3 38 39 43
3 38 43 41
3 41 42 3652
3 41 3652 33
3 41 43 45
3 41 45 42
3 384 44 43
3 384 43 39
3 44 46 45
3 44 45 43
3 42 45 47
3 42 47 50
3 46 48 47
3 46 47 45
3 48 392 49
3 48 49 47
3 50 47 49
3 50 49 52
3 42 50 51
3 42 51 3652
3 50 52 53
3 50 53 51
3 52 49 57
3 52 57 54
3 52 54 55
3 52 55 53
3 54 56 259
3 54 259 55
3 54 57 59
3 54 59 56
3 392 58 57
3 392 57 49
3 58 61 59
3 58 59 57
3 61 62 60
3 61 60 59
3 56 59 60
3 56 60 258
3 58 64 63
3 58 63 61
3 61 63 66
3 61 66 62
3 394 65 63
3 394 63 64
3 65 67 66
3 65 66 63
3 67 69 68
3 67 68 66
3 62 66 68
3 62 68 71
3 69 406 70
3 69 70 68
3 71 68 70
3 71 70 73
3 62 71 72
3 62 72 60
3 71 73 74
3 71 74 72
3 73 75 76
3 73 76 74
3 73 70 78
3 73 78 75
3 75 77 251
3 75 251 76
3 75 78 80
3 75 80 77
3 406 79 78
3 406 78 70
3 79 81 80
3 79 80 78
3 81 83 82
3 81 82 80
3 77 80 82
3 77 82 85
3 83 415 84
3 83 84 82
3 85 82 84
3 85 84 87
3 77 85 86
3 77 86 251
3 85 87 88
3 85 88 86
3 87 89 90
3 87 90 88
3 87 84 92
3 87 92 89
3 89 91 104
3 89 104 90
3 89 92 94
3 89 94 91
3 415 93 92
3 415 92 84
3 93 95 94
3 93 94 92
3 95 97 96
3 95 96 94
3 91 94 96
3 91 96 99
3 97 428 98
3 97 98 96
3 98 100 99
3 98 99 96
3 101 99 100
3 101 100 102
3 91 99 101
3 91 101 104
3 101 102 3624
3 101 3624 103
3 101 103 105
3 101 105 104
3 106 90 104
3 106 104 105
3 107 105 103
3 107 103 109
3 106 105 107
3 106 107 108
3 107 110 111
3 107 111 108
3 107 109 112
3 107 112 110
3 115 111 110
3 115 110 113
3 112 114 113
3 112 113 110
3 116 113 114
3 116 114 119
3 115 113 116
3 115 116 117
3 116 118 263
3 116 263 117
3 116 119 120
3 116 120 118
3 119 114 124
3 119 124 121
3 119 121 122
3 119 122 120
3 121 123 273
3 121 273 122
3 121 124 126
3 121 126 123
3 112 125 124
3 112 124 114
3 125 127 126
3 125 126 124
3 127 129 128
3 127 128 126
3 123 126 128
3 123 128 131
3 129 3619 130
3 129 130 128
3 131 128 130
3 131 130 133
3 123 131 132
3 123 132 273
3 131 133 134
3 131 134 132
3 133 130 138
3 133 138 135
3 133 135 136
3 133 136 134
3 135 137 281
3 135 281 136
3 135 138 140
3 135 140 137
3 3619 139 138
3 3619 138 130
3 139 142 140
3 139 140 138
3 142 143 141
3 142 141 140
3 137 140 141
3 137 141 285
3 139 145 144
3 139 144 142
3 142 144 147
3 142 147 143
3 3614 146 144
3 3614 144 145
3 146 148 147
3 146 147 144
3 148 150 149
3 148 149 147
3 143 147 149
3 143 149 152
3 150 3612 151
3 150 151 149
3 152 149 151
3 152 151 154
3 143 152 153
3 143 153 141
3 152 154 155
3 152 155 153
3 154 156 157
3 154 157 155
3 154 151 159
3 154 159 156
3 156 158 326
3 156 326 157
3 156 159 161
3 156 161 158
3 3612 160 159
3 3612 159 151
3 160 162 161
3 160 161 159
3 162 164 163
3 162 163 161
3 158 161 163
3 158 163 166
3 164 3610 165
3 164 165 163
3 166 163 165
3 166 165 168
3 158 166 167
3 158 167 326
3 166 168 169
3 166 169 167
3 168 170 171
3 168 171 169
3 168 165 173
3 168 173 170
3 170 172 320
3 170 320 171
3 170 173 175
3 170 175 172
3 3610 174 173
3 3610 173 165
3 174 176 175
3 174 175 173
3 176 178 177
3 176 177 175
3 172 175 177
3 172 177 180
3 178 3608 179
3 178 179 177
3 180 177 179
3 180 179 182
3 172 180 181
3 172 181 320
3 180 182 183
3 180 183 181
3 182 184 185
3 182 185 183
3 182 179 187
3 182 187 184
3 184 186 198
3 184 198 185
3 184 187 189
3 184 189 186
3 3608 188 187
3 3608 187 179
3 188 190 189
3 188 189 187
3 190 192 191
3 190 191 189
3 186 189 191
3 186 191 194
3 192 334 193
3 192 193 191
3 194 191 193
3 194 193 196
3 186 194 195
3 186 195 198
3 194 196 10
3 194 10 195
3 196 193 335
3 196 335 11
3 197 195 10
3 197 10 7
3 199 198 195
3 199 195 197
3 200 185 198
3 200 198 199
3 200 199 201
3 200 201 202
3 199 197 204
3 199 204 201
3 313 202 201
3 313 201 203
3 204 205 203
3 204 203 201
3 197 7 4
3 197 4 204
3 204 4 1
3 204 1 205
3 205 206 207
3 205 207 203
3 205 1 208
3 205 208 206
3 206 209 210
3 206 210 207
3 206 208 212
3 206 212 209
3 210 209 211
3 210 211 330
3 213 211 209
3 213 209 212
3 213 212 20
3 213 20 22
3 20 212 208
3 20 208 2
3 215 211 213
3 215 213 214
3 213 22 24
3 213 24 214
3 215 214 216
3 215 216 219
3 24 217 216
3 24 216 214
3 332 218 216
3 332 216 217
3 218 220 219
3 218 219 216
3 222 215 219
3 222 219 221
3 220 223 221
3 220 221 219
3 222 221 224
3 222 224 225
3 223 226 224
3 223 224 221
3 228 225 224
3 228 224 227
3 226 229 227
3 226 227 224
3 228 227 230
3 228 230 233
3 229 231 230
3 229 230 227
3 231 260 232
3 231 232 230
3 233 230 232
3 233 232 235
3 228 233 234
3 228 234 331
3 233 235 236
3 233 236 234
3 235 232 240
3 235 240 237
3 235 237 238
3 235 238 236
3 237 239 261
3 237 261 238
3 237 240 242
3 237 242 239
3 260 241 240
3 260 240 232
3 241 243 242
3 241 242 240
3 243 111 115
3 243 115 242
3 115 117 239
3 115 239 242
3 241 246 244
3 241 244 243
3 243 244 108
3 243 108 111
3 248 245 244
3 248 244 246
3 245 106 108
3 245 108 244
3 249 248 246
3 249 246 247
3 260 247 246
3 260 246 241
3 249 251 86
3 249 86 248
3 248 86 88
3 248 88 245
3 250 249 247
3 250 247 253
3 250 76 251
3 250 251 249
3 252 250 253
3 252 253 254
3 252 74 76
3 252 76 250
3 229 254 253
3 229 253 231
3 231 253 247
3 231 247 260
3 257 252 254
3 257 254 255
3 226 255 254
3 226 254 229
3 258 257 255
3 258 255 256
3 223 256 255
3 223 255 226
3 258 60 72
3 258 72 257
3 257 72 74
3 257 74 252
3 56 258 256
3 56 256 259
3 220 259 256
3 220 256 223
3 218 55 259
3 218 259 220
3 245 88 90
3 245 90 106
3 261 239 117
3 261 117 263
3 261 262 303
3 261 303 238
3 261 263 264
3 261 264 262
3 264 263 118
3 264 118 266
3 264 265 300
3 264 300 262
3 264 266 267
3 264 267 265
3 266 268 269
3 266 269 267
3 266 118 120
3 266 120 268
3 268 270 271
3 268 271 269
3 268 120 122
3 268 122 270
3 270 122 273
3 270 273 272
3 270 272 274
3 270 274 271
3 272 273 132
3 272 132 275
3 272 275 276
3 272 276 274
3 275 277 279
3 275 279 276
3 275 132 134
3 275 134 277
3 136 278 277
3 136 277 134
3 278 280 279
3 278 279 277
3 276 279 280
3 276 280 282
3 281 280 278
3 281 278 136
3 282 280 281
3 282 281 284
3 276 282 283
3 276 283 274
3 282 284 286
3 282 286 283
3 137 285 284
3 137 284 281
3 285 287 286
3 285 286 284
3 283 286 288
3 283 288 291
3 287 289 288
3 287 288 286
3 289 325 290
3 289 290 288
3 291 288 290
3 291 290 292
3 283 291 271
3 283 271 274
3 291 292 269
3 291 269 271
3 292 290 294
3 292 294 293
3 292 293 267
3 292 267 269
3 293 295 265
3 293 265 267
3 293 294 296
3 293 296 295
3 295 296 298
3 295 298 297
3 295 297 300
3 295 300 265
3 297 298 322
3 297 322 299
3 297 299 301
3 297 301 300
3 301 303 262
3 301 262 300
3 299 327 302
3 299 302 301
3 304 303 301
3 304 301 302
3 304 236 238
3 304 238 303
3 305 304 302
3 305 302 307
3 305 234 236
3 305 236 304
3 309 306 305
3 309 305 307
3 305 306 331
3 305 331 234
3 327 308 307
3 327 307 302
3 308 311 309
3 308 309 307
3 309 310 328
3 309 328 306
3 311 313 310
3 311 310 309
3 308 315 312
3 308 312 311
3 311 312 202
3 311 202 313
3 313 203 207
3 313 207 310
3 317 314 312
3 317 312 315
3 314 200 202
3 314 202 312
3 318 317 315
3 318 315 316
3 327 316 315
3 327 315 308
3 318 320 181
3 318 181 317
3 317 181 183
3 317 183 314
3 319 318 316
3 319 316 322
3 319 171 320
3 319 320 318
3 321 319 322
3 321 322 298
3 321 169 171
3 321 171 319
3 299 322 316
3 299 316 327
3 323 321 298
3 323 298 296
3 323 167 169
3 323 169 321
3 324 326 167
3 324 167 323
3 324 323 296
3 324 296 294
3 325 324 294
3 325 294 290
3 325 157 326
3 325 326 324
3 289 155 157
3 289 157 325
3 314 183 185
3 314 185 200
3 210 328 310
3 210 310 207
3 210 330 329
3 210 329 328
3 329 331 306
3 329 306 328
3 329 330 222
3 329 222 225
3 329 225 228
3 329 228 331
3 222 330 211
3 222 211 215
3 287 153 155
3 287 155 289
3 285 141 153
3 285 153 287
3 332 53 55
3 332 55 218
3 333 332 217
3 333 217 25
3 333 51 53
3 333 53 332
3 29 3652 51
3 29 51 333
3 334 336 335
3 334 335 193
3 336 339 337
3 336 337 335
3 11 335 337
3 11 337 13
3 339 340 338
3 339 338 337
3 13 337 338
3 13 338 15
3 339 341 344
3 339 344 340
3 336 342 341
3 336 341 339
3 498 343 341
3 498 341 342
3 343 345 344
3 343 344 341
3 345 347 346
3 345 346 344
3 340 344 346
3 340 346 349
3 347 510 348
3 347 348 346
3 349 346 348
3 349 348 351
3 340 349 350
3 340 350 338
3 349 351 352
3 349 352 350
3 351 348 356
3 351 356 353
3 351 353 354
3 351 354 352
3 353 355 3649
3 353 3649 354
3 353 356 358
3 353 358 355
3 510 357 356
3 510 356 348
3 357 359 358
3 357 358 356
3 355 358 360
3 355 360 363
3 359 361 360
3 359 360 358
3 361 3606 362
3 361 362 360
3 363 360 362
3 363 362 365
3 355 363 364
3 355 364 3649
3 363 365 366
3 363 366 364
3 365 362 370
3 365 370 367
3 365 367 368
3 365 368 366
3 367 369 3625
3 367 3625 368
3 367 370 372
3 367 372 369
3 3606 371 370
3 3606 370 362
3 371 374 372
3 371 372 370
3 369 372 373
3 369 373 40
3 374 375 373
3 374 373 372
3 371 377 376
3 371 376 374
3 374 376 379
3 374 379 375
3 522 378 376
3 522 376 377
3 378 380 379
3 378 379 376
3 380 382 381
3 380 381 379
3 375 379 381
3 375 381 384
3 382 385 383
3 382 383 381
3 384 381 383
3 384 383 44
3 375 384 39
3 375 39 373
3 44 383 386
3 44 386 46
3 385 387 386
3 385 386 383
3 387 389 388
3 387 388 386
3 46 386 388
3 46 388 48
3 389 391 390
3 389 390 388
3 48 388 390
3 48 390 392
3 391 394 64
3 391 64 390
3 392 390 64
3 392 64 58
3 389 544 393
3 389 393 391
3 391 393 395
3 391 395 394
3 394 395 397
3 394 397 65
3 545 396 395
3 545 395 393
3 396 398 397
3 396 397 395
3 398 400 399
3 398 399 397
3 65 397 399
3 65 399 67
3 400 402 401
3 400 401 399
3 67 399 401
3 67 401 69
3 402 404 403
3 402 403 401
3 69 401 403
3 69 403 406
3 404 407 405
3 404 405 403
3 406 403 405
3 406 405 79
3 407 409 408
3 407 408 405
3 79 405 408
3 79 408 81
3 81 408 410
3 81 410 83
3 409 411 410
3 409 410 408
3 411 414 412
3 411 412 410
3 83 410 412
3 83 412 415
3 414 417 413
3 414 413 412
3 415 412 413
3 415 413 93
3 411 569 416
3 411 416 414
3 414 416 418
3 414 418 417
3 417 418 421
3 417 421 419
3 417 419 420
3 417 420 413
3 425 420 419
3 425 419 422
3 421 423 422
3 421 422 419
3 423 3601 424
3 423 424 422
3 424 426 425
3 424 425 422
3 95 420 425
3 95 425 97
3 97 425 426
3 97 426 428
3 424 624 427
3 424 427 426
3 427 429 428
3 427 428 426
3 98 428 429
3 98 429 431
3 427 625 430
3 427 430 429
3 430 433 431
3 430 431 429
3 98 431 432
3 98 432 100
3 432 431 433
3 432 433 435
3 430 3600 434
3 430 434 433
3 435 433 434
3 435 434 437
3 432 435 436
3 432 436 3623
3 435 437 438
3 435 438 436
3 437 439 441
3 437 441 438
3 437 434 440
3 437 440 439
3 439 440 445
3 439 445 442
3 439 442 443
3 439 443 441
3 442 444 3613
3 442 3613 443
3 442 445 447
3 442 447 444
3 3599 446 445
3 3599 445 440
3 446 448 447
3 446 447 445
3 448 450 449
3 448 449 447
3 444 447 449
3 444 449 452
3 450 3598 451
3 450 451 449
3 452 449 451
3 452 451 454
3 444 452 453
3 444 453 3613
3 452 454 455
3 452 455 453
3 454 451 459
3 454 459 456
3 454 456 457
3 454 457 455
3 456 458 3611
3 456 3611 457
3 456 459 461
3 456 461 458
3 3598 460 459
3 3598 459 451
3 460 462 461
3 460 461 459
3 462 464 463
3 462 463 461
3 458 461 463
3 458 463 466
3 464 3597 465
3 464 465 463
3 466 463 465
3 466 465 468
3 458 466 467
3 458 467 3611
3 466 468 469
3 466 469 467
3 468 465 473
3 468 473 470
3 468 470 471
3 468 471 469
3 470 472 3609
3 470 3609 471
3 470 473 475
3 470 475 472
3 3597 474 473
3 3597 473 465
3 474 476 475
3 474 475 473
3 476 478 477
3 476 477 475
3 472 475 477
3 472 477 480
3 478 3596 479
3 478 479 477
3 480 477 479
3 480 479 482
3 472 480 481
3 472 481 3609
3 480 482 483
3 480 483 481
3 482 479 487
3 482 487 484
3 482 484 485
3 482 485 483
3 484 486 3607
3 484 3607 485
3 484 487 489
3 484 489 486
3 3596 488 487
3 3596 487 479
3 488 490 489
3 488 489 487
3 490 492 491
3 490 491 489
3 486 489 491
3 486 491 494
3 492 3595 493
3 492 493 491
3 494 491 493
3 494 493 496
3 486 494 495
3 486 495 3607
3 494 496 497
3 494 497 495
3 496 493 499
3 496 499 498
3 496 498 342
3 496 342 497
3 498 499 501
3 498 501 343
3 3595 500 499
3 3595 499 493
3 500 502 501
3 500 501 499
3 502 504 503
3 502 503 501
3 343 501 503
3 343 503 345
3 504 506 505
3 504 505 503
3 345 503 505
3 345 505 347
3 347 505 507
3 347 507 510
3 506 508 507
3 506 507 505
3 508 512 509
3 508 509 507
3 510 507 509
3 510 509 357
3 512 514 511
3 512 511 509
3 357 509 511
3 357 511 359
3 508 692 513
3 508 513 512
3 512 513 515
3 512 515 514
3 514 515 518
3 514 518 516
3 514 516 517
3 514 517 511
3 516 519 520
3 516 520 517
3 516 518 521
3 516 521 519
3 519 522 377
3 519 377 520
3 519 521 523
3 519 523 522
3 522 523 524
3 522 524 378
3 526 525 523
3 526 523 521
3 525 528 524
3 525 524 523
3 526 701 527
3 526 527 525
3 525 527 529
3 525 529 528
3 528 529 532
3 528 532 530
3 528 530 531
3 528 531 524
3 530 533 534
3 530 534 531
3 530 532 535
3 530 535 533
3 533 536 537
3 533 537 534
3 533 535 538
3 533 538 536
3 536 539 540
3 536 540 537
3 536 538 541
3 536 541 539
3 539 542 544
3 539 544 540
3 539 541 543
3 539 543 542
3 542 543 546
3 542 546 545
3 542 545 393
3 542 393 544
3 545 546 548
3 545 548 396
3 716 547 546
3 716 546 543
3 547 549 548
3 547 548 546
3 549 552 550
3 549 550 548
3 396 548 550
3 396 550 398
3 552 554 551
3 552 551 550
3 398 550 551
3 398 551 400
3 549 721 553
3 549 553 552
3 552 553 555
3 552 555 554
3 554 556 558
3 554 558 551
3 554 555 557
3 554 557 556
3 556 557 560
3 556 560 559
3 556 559 561
3 556 561 558
3 559 560 563
3 559 563 562
3 559 562 564
3 559 564 561
3 562 563 567
3 562 567 565
3 562 565 566
3 562 566 564
3 565 568 569
3 565 569 566
3 565 567 570
3 565 570 568
3 568 571 416
3 568 416 569
3 568 570 572
3 568 572 571
3 571 572 575
3 571 575 573
3 571 573 418
3 571 418 416
3 421 418 573
3 421 573 574
3 575 576 574
3 575 574 573
3 575 577 580
3 575 580 576
3 575 572 578
3 575 578 577
3 739 579 577
3 739 577 578
3 579 582 580
3 579 580 577
3 576 580 581
3 576 581 3605
3 582 584 581
3 582 581 580
3 579 741 583
3 579 583 582
3 582 583 585
3 582 585 584
3 584 586 588
3 584 588 581
3 584 585 587
3 584 587 586
3 586 587 592
3 586 592 589
3 586 589 591
3 586 591 588
3 589 590 614
3 589 614 591
3 589 592 593
3 589 593 590
3 596 594 592
3 596 592 587
3 594 595 593
3 594 593 592
3 594 597 600
3 594 600 595
3 596 598 597
3 596 597 594
3 3590 599 597
3 3590 597 598
3 599 601 600
3 599 600 597
3 595 600 602
3 595 602 605
3 601 603 602
3 601 602 600
3 603 865 604
3 603 604 602
3 604 606 605
3 604 605 602
3 595 605 607
3 595 607 593
3 607 605 606
3 607 606 608
3 607 609 590
3 607 590 593
3 607 608 610
3 607 610 609
3 614 590 609
3 614 609 611
3 610 612 611
3 610 611 609
3 613 611 612
3 613 612 3588
3 614 611 613
3 614 613 615
3 614 615 616
3 614 616 591
3 619 616 615
3 619 615 617
3 613 618 617
3 613 617 615
3 620 617 618
3 620 618 621
3 619 617 620
3 619 620 622
3 620 621 626
3 620 626 623
3 620 623 624
3 620 624 622
3 427 624 623
3 427 623 625
3 626 627 625
3 626 625 623
3 626 621 630
3 626 630 628
3 626 628 629
3 626 629 627
3 628 631 633
3 628 633 629
3 628 630 632
3 628 632 631
3 631 632 635
3 631 635 634
3 631 634 636
3 631 636 633
3 634 635 638
3 634 638 637
3 634 637 639
3 634 639 636
3 637 638 642
3 637 642 640
3 637 640 641
3 637 641 639
3 640 643 644
3 640 644 641
3 640 642 645
3 640 645 643
3 643 646 648
3 643 648 644
3 643 645 647
3 643 647 646
3 646 647 651
3 646 651 649
3 646 649 650
3 646 650 648
3 649 652 653
3 649 653 650
3 649 651 654
3 649 654 652
3 652 655 657
3 652 657 653
3 652 654 656
3 652 656 655
3 655 656 659
3 655 659 658
3 655 658 660
3 655 660 657
3 658 659 662
3 658 662 661
3 658 661 663
3 658 663 660
3 661 662 666
3 661 666 664
3 661 664 665
3 661 665 663
3 664 667 668
3 664 668 665
3 664 666 669
3 664 669 667
3 667 670 672
3 667 672 668
3 667 669 671
3 667 671 670
3 670 671 675
3 670 675 673
3 670 673 674
3 670 674 672
3 673 676 678
3 673 678 674
3 673 675 677
3 673 677 676
3 676 677 680
3 676 680 679
3 676 679 681
3 676 681 678
3 679 680 683
3 679 683 682
3 679 682 684
3 679 684 681
3 682 683 686
3 682 686 685
3 682 685 687
3 682 687 684
3 685 686 690
3 685 690 688
3 685 688 689
3 685 689 687
3 688 691 692
3 688 692 689
3 688 690 693
3 688 693 691
3 691 694 513
3 691 513 692
3 691 693 695
3 691 695 694
3 694 696 515
3 694 515 513
3 694 695 697
3 694 697 696
3 696 698 518
3 696 518 515
3 696 697 699
3 696 699 698
3 698 699 701
3 698 701 526
3 698 526 521
3 698 521 518
3 3562 700 699
3 3562 699 697
3 700 702 701
3 700 701 699
3 702 704 527
3 702 527 701
3 700 944 703
3 700 703 702
3 702 703 705
3 702 705 704
3 704 705 707
3 704 707 706
3 704 706 529
3 704 529 527
3 706 708 532
3 706 532 529
3 706 707 709
3 706 709 708
3 708 709 711
3 708 711 710
3 708 710 535
3 708 535 532
3 710 711 713
3 710 713 712
3 710 712 538
3 710 538 535
3 712 713 715
3 712 715 714
3 712 714 541
3 712 541 538
3 714 715 717
3 714 717 716
3 714 716 543
3 714 543 541
3 716 717 719
3 716 719 547
3 789 718 717
3 789 717 715
3 718 720 719
3 718 719 717
3 720 722 721
3 720 721 719
3 547 719 721
3 547 721 549
3 722 724 553
3 722 553 721
3 720 784 723
3 720 723 722
3 722 723 725
3 722 725 724
3 724 725 727
3 724 727 726
3 724 726 555
3 724 555 553
3 726 728 557
3 726 557 555
3 726 727 729
3 726 729 728
3 728 730 560
3 728 560 557
3 728 729 731
3 728 731 730
3 730 731 733
3 730 733 732
3 730 732 563
3 730 563 560
3 732 734 567
3 732 567 563
3 732 733 735
3 732 735 734
3 734 735 737
3 734 737 736
3 734 736 570
3 734 570 567
3 736 737 739
3 736 739 578
3 736 578 572
3 736 572 570
3 769 738 737
3 769 737 735
3 739 737 738
3 739 738 740
3 739 740 741
3 739 741 579
3 743 742 740
3 743 740 738
3 742 744 741
3 742 741 740
3 743 746 745
3 743 745 742
3 742 745 748
3 742 748 744
3 745 746 759
3 745 759 747
3 750 748 745
3 750 745 747
3 750 751 749
3 750 749 748
3 744 748 749
3 744 749 3594
3 755 752 750
3 755 750 747
3 750 752 754
3 750 754 751
3 848 754 752
3 848 752 753
3 755 756 753
3 755 753 752
3 757 758 756
3 757 756 755
3 757 755 747
3 757 747 759
3 757 760 762
3 757 762 758
3 763 760 757
3 763 757 759
3 826 762 760
3 826 760 761
3 763 764 761
3 763 761 760
3 763 759 746
3 763 746 765
3 766 764 763
3 766 763 765
3 766 765 767
3 766 767 768
3 743 767 765
3 743 765 746
3 770 768 767
3 770 767 769
3 769 767 743
3 769 743 738
3 770 769 735
3 770 735 733
3 771 772 768
3 771 768 770
3 771 770 733
3 771 733 731
3 773 774 772
3 773 772 771
3 773 771 731
3 773 731 729
3 775 776 774
3 775 774 773
3 775 773 729
3 775 729 727
3 777 775 727
3 777 727 725
3 777 778 776
3 777 776 775
3 779 780 778
3 779 778 777
3 779 777 725
3 779 725 723
3 781 782 780
3 781 780 779
3 781 779 723
3 781 723 784
3 783 802 782
3 783 782 781
3 783 781 784
3 783 784 785
3 718 785 784
3 718 784 720
3 788 783 785
3 788 785 786
3 789 786 785
3 789 785 718
3 798 788 786
3 798 786 787
3 790 787 786
3 790 786 789
3 790 789 715
3 790 715 713
3 791 790 713
3 791 713 711
3 791 793 787
3 791 787 790
3 792 791 711
3 792 711 709
3 792 794 793
3 792 793 791
3 797 795 793
3 797 793 794
3 795 798 787
3 795 787 793
3 797 3555 796
3 797 796 795
3 795 796 799
3 795 799 798
3 798 799 801
3 798 801 788
3 3552 800 799
3 3552 799 796
3 800 803 801
3 800 801 799
3 803 805 802
3 803 802 801
3 788 801 802
3 788 802 783
3 800 1077 804
3 800 804 803
3 803 804 806
3 803 806 805
3 805 806 809
3 805 809 807
3 805 807 782
3 805 782 802
3 807 808 780
3 807 780 782
3 807 809 811
3 807 811 808
3 1084 810 809
3 1084 809 806
3 810 812 811
3 810 811 809
3 812 814 813
3 812 813 811
3 808 811 813
3 808 813 816
3 814 1093 815
3 814 815 813
3 816 813 815
3 816 815 817
3 808 816 778
3 808 778 780
3 816 817 776
3 816 776 778
3 817 815 820
3 817 820 818
3 817 818 774
3 817 774 776
3 818 819 772
3 818 772 774
3 818 820 822
3 818 822 819
3 1093 821 820
3 1093 820 815
3 821 823 822
3 821 822 820
3 823 761 764
3 823 764 822
3 819 822 764
3 819 764 766
3 823 824 826
3 823 826 761
3 821 825 824
3 821 824 823
3 828 827 824
3 828 824 825
3 826 824 827
3 826 827 830
3 828 1097 829
3 828 829 827
3 829 831 830
3 829 830 827
3 832 830 831
3 832 831 833
3 826 830 832
3 826 832 762
3 832 833 836
3 832 836 834
3 832 834 758
3 832 758 762
3 834 835 756
3 834 756 758
3 834 836 838
3 834 838 835
3 3548 837 836
3 3548 836 833
3 837 839 838
3 837 838 836
3 839 842 840
3 839 840 838
3 835 838 840
3 835 840 841
3 841 840 843
3 841 843 846
3 842 845 843
3 842 843 840
3 845 3535 844
3 845 844 843
3 844 847 846
3 844 846 843
3 848 846 847
3 848 847 849
3 841 846 848
3 841 848 753
3 848 849 850
3 848 850 754
3 849 847 852
3 849 852 851
3 849 851 853
3 849 853 850
3 851 852 855
3 851 855 854
3 851 854 856
3 851 856 853
3 854 855 859
3 854 859 857
3 854 857 860
3 854 860 856
3 857 858 861
3 857 861 860
3 857 859 3530
3 857 3530 858
3 599 856 860
3 599 860 601
3 601 860 861
3 601 861 603
3 858 863 862
3 858 862 861
3 603 861 862
3 603 862 865
3 863 3493 864
3 863 864 862
3 864 866 865
3 864 865 862
3 604 865 866
3 604 866 868
3 864 3494 867
3 864 867 866
3 867 869 868
3 867 868 866
3 870 868 869
3 870 869 872
3 604 868 870
3 604 870 606
3 870 871 608
3 870 608 606
3 870 872 874
3 870 874 871
3 1000 873 872
3 1000 872 869
3 874 872 873
3 874 873 875
3 874 876 877
3 874 877 871
3 874 875 879
3 874 879 876
3 3587 877 876
3 3587 876 878
3 878 876 879
3 878 879 881
3 875 997 880
3 875 880 879
3 881 879 880
3 881 880 883
3 878 881 882
3 878 882 3585
3 881 883 884
3 881 884 882
3 883 885 886
3 883 886 884
3 883 880 887
3 883 887 885
3 885 888 890
3 885 890 886
3 885 887 889
3 885 889 888
3 888 889 893
3 888 893 891
3 888 891 892
3 888 892 890
3 891 894 895
3 891 895 892
3 891 893 896
3 891 896 894
3 894 897 898
3 894 898 895
3 894 896 899
3 894 899 897
3 897 900 902
3 897 902 898
3 897 899 901
3 897 901 900
3 900 901 904
3 900 904 903
3 900 903 905
3 900 905 902
3 903 904 908
3 903 908 906
3 903 906 907
3 903 907 905
3 906 909 910
3 906 910 907
3 906 908 911
3 906 911 909
3 909 912 914
3 909 914 910
3 909 911 913
3 909 913 912
3 912 913 917
3 912 917 915
3 912 915 916
3 912 916 914
3 915 918 920
3 915 920 916
3 915 917 919
3 915 919 918
3 918 919 923
3 918 923 921
3 918 921 922
3 918 922 920
3 921 924 926
3 921 926 922
3 921 923 925
3 921 925 924
3 924 925 928
3 924 928 927
3 924 927 929
3 924 929 926
3 927 928 932
3 927 932 930
3 927 930 931
3 927 931 929
3 930 933 934
3 930 934 931
3 930 932 935
3 930 935 933
3 933 936 938
3 933 938 934
3 933 935 937
3 933 937 936
3 936 937 941
3 936 941 939
3 936 939 940
3 936 940 938
3 939 942 944
3 939 944 940
3 939 941 943
3 939 943 942
3 942 943 946
3 942 946 945
3 942 945 703
3 942 703 944
3 945 947 705
3 945 705 703
3 945 946 948
3 945 948 947
3 947 948 950
3 947 950 949
3 947 949 707
3 947 707 705
3 949 950 794
3 949 794 792
3 949 792 709
3 949 709 707
3 953 951 950
3 953 950 948
3 951 797 794
3 951 794 950
3 953 954 952
3 953 952 951
3 951 952 3555
3 951 3555 797
3 955 956 954
3 955 954 953
3 955 953 948
3 955 948 946
3 957 958 956
3 957 956 955
3 957 955 946
3 957 946 943
3 959 957 943
3 959 943 941
3 959 960 958
3 959 958 957
3 961 962 960
3 961 960 959
3 961 959 941
3 961 941 937
3 963 964 962
3 963 962 961
3 963 961 937
3 963 937 935
3 965 966 964
3 965 964 963
3 965 963 935
3 965 935 932
3 967 965 932
3 967 932 928
3 967 968 966
3 967 966 965
3 969 970 968
3 969 968 967
3 969 967 928
3 969 928 925
3 971 972 970
3 971 970 969
3 971 969 925
3 971 925 923
3 973 974 972
3 973 972 971
3 973 971 923
3 973 923 919
3 975 973 919
3 975 919 917
3 975 976 974
3 975 974 973
3 977 978 976
3 977 976 975
3 977 975 917
3 977 917 913
3 979 980 978
3 979 978 977
3 979 977 913
3 979 913 911
3 981 982 980
3 981 980 979
3 981 979 911
3 981 911 908
3 983 981 908
3 983 908 904
3 983 984 982
3 983 982 981
3 985 986 984
3 985 984 983
3 985 983 904
3 985 904 901
3 987 988 986
3 987 986 985
3 987 985 901
3 987 901 899
3 989 990 988
3 989 988 987
3 989 987 899
3 989 899 896
3 991 989 896
3 991 896 893
3 991 992 990
3 991 990 989
3 993 994 992
3 993 992 991
3 993 991 893
3 993 893 889
3 995 996 994
3 995 994 993
3 995 993 889
3 995 889 887
3 997 998 996
3 997 996 995
3 997 995 887
3 997 887 880
3 875 873 998
3 875 998 997
3 1000 999 998
3 1000 998 873
3 999 1002 996
3 999 996 998
3 1000 3545 1001
3 1000 1001 999
3 999 1001 1004
3 999 1004 1002
3 1002 1003 994
3 1002 994 996
3 1002 1004 1006
3 1002 1006 1003
3 3487 1005 1004
3 3487 1004 1001
3 1005 1007 1006
3 1005 1006 1004
3 1007 1010 1008
3 1007 1008 1006
3 1003 1006 1008
3 1003 1008 1009
3 1009 1008 1011
3 1009 1011 1014
3 1010 1013 1011
3 1010 1011 1008
3 1013 3483 1012
3 1013 1012 1011
3 1014 1011 1012
3 1014 1012 1015
3 1009 1014 990
3 1009 990 992
3 1014 1015 988
3 1014 988 990
3 1015 1016 986
3 1015 986 988
3 1015 1012 1017
3 1015 1017 1016
3 1016 1017 1019
3 1016 1019 1018
3 1016 1018 984
3 1016 984 986
3 1018 1019 1021
3 1018 1021 1020
3 1018 1020 982
3 1018 982 984
3 1020 1021 1024
3 1020 1024 1022
3 1020 1022 980
3 1020 980 982
3 1022 1023 978
3 1022 978 980
3 1022 1024 1026
3 1022 1026 1023
3 3480 1025 1024
3 3480 1024 1021
3 1025 1027 1026
3 1025 1026 1024
3 1027 1030 1028
3 1027 1028 1026
3 1023 1026 1028
3 1023 1028 1029
3 1029 1028 1031
3 1029 1031 1033
3 1030 1032 1031
3 1030 1031 1028
3 1032 1036 1034
3 1032 1034 1031
3 1033 1031 1034
3 1033 1034 1035
3 1035 1034 1037
3 1035 1037 1040
3 1036 1038 1037
3 1036 1037 1034
3 1038 3477 1039
3 1038 1039 1037
3 1040 1037 1039
3 1040 1039 1041
3 1035 1040 970
3 1035 970 972
3 1040 1041 968
3 1040 968 970
3 1041 1039 1043
3 1041 1043 1042
3 1041 1042 966
3 1041 966 968
3 1042 1043 1046
3 1042 1046 1044
3 1042 1044 964
3 1042 964 966
3 1044 1045 962
3 1044 962 964
3 1044 1046 1047
3 1044 1047 1045
3 1050 1048 1046
3 1050 1046 1043
3 1048 1051 1047
3 1048 1047 1046
3 1050 3476 1049
3 1050 1049 1048
3 1048 1049 1053
3 1048 1053 1051
3 1051 1052 3561
3 1051 3561 1047
3 1051 1053 1055
3 1051 1055 1052
3 1332 1054 1053
3 1332 1053 1049
3 1054 1056 1055
3 1054 1055 1053
3 1056 1059 1057
3 1056 1057 1055
3 1052 1055 1057
3 1052 1057 1058
3 1058 1057 1060
3 1058 1060 1063
3 1059 1062 1060
3 1059 1060 1057
3 1062 1124 1061
3 1062 1061 1060
3 1063 1060 1061
3 1063 1061 1065
3 1058 1063 1064
3 1058 1064 3559
3 1063 1065 1066
3 1063 1066 1064
3 1065 1067 1069
3 1065 1069 1066
3 1065 1061 1068
3 1065 1068 1067
3 1067 1068 1071
3 1067 1071 1070
3 1067 1070 1072
3 1067 1072 1069
3 1070 1071 1074
3 1070 1074 1073
3 1070 1073 1075
3 1070 1075 1072
3 1073 1074 1079
3 1073 1079 1076
3 1073 1076 1077
3 1073 1077 1075
3 1076 1078 804
3 1076 804 1077
3 1076 1079 1081
3 1076 1081 1078
3 1120 1080 1079
3 1120 1079 1074
3 1080 1082 1081
3 1080 1081 1079
3 1082 1085 1083
3 1082 1083 1081
3 1078 1081 1083
3 1078 1083 1084
3 1084 1083 1086
3 1084 1086 810
3 1085 1087 1086
3 1085 1086 1083
3 1087 1089 1088
3 1087 1088 1086
3 810 1086 1088
3 810 1088 812
3 812 1088 1090
3 812 1090 814
3 1089 1091 1090
3 1089 1090 1088
3 1091 1094 1092
3 1091 1092 1090
3 814 1090 1092
3 814 1092 1093
3 1093 1092 825
3 1093 825 821
3 1094 828 825
3 1094 825 1092
3 1091 1098 1095
3 1091 1095 1094
3 1094 1095 1097
3 1094 1097 828
3 1100 1096 1095
3 1100 1095 1098
3 1096 3551 1097
3 1096 1097 1095
3 1102 1100 1098
3 1102 1098 1099
3 1089 1099 1098
3 1089 1098 1091
3 1102 1103 1101
3 1102 1101 1100
3 1100 1101 1161
3 1100 1161 1096
3 1104 1105 1103
3 1104 1103 1102
3 1104 1102 1099
3 1104 1099 1107
3 1106 1147 1105
3 1106 1105 1104
3 1106 1104 1107
3 1106 1107 1108
3 1085 1108 1107
3 1085 1107 1087
3 1087 1107 1099
3 1087 1099 1089
3 1111 1106 1108
3 1111 1108 1109
3 1082 1109 1108
3 1082 1108 1085
3 1113 1111 1109
3 1113 1109 1110
3 1080 1110 1109
3 1080 1109 1082
3 1113 1114 1112
3 1113 1112 1111
3 1111 1112 1147
3 1111 1147 1106
3 1115 1116 1114
3 1115 1114 1113
3 1115 1113 1110
3 1115 1110 1118
3 1117 1133 1116
3 1117 1116 1115
3 1117 1115 1118
3 1117 1118 1119
3 1121 1119 1118
3 1121 1118 1120
3 1120 1118 1110
3 1120 1110 1080
3 1121 1120 1074
3 1121 1074 1071
3 1122 1123 1119
3 1122 1119 1121
3 1122 1121 1071
3 1122 1071 1068
3 1124 1122 1068
3 1124 1068 1061
3 1124 1125 1123
3 1124 1123 1122
3 1062 1126 1125
3 1062 1125 1124
3 1129 1127 1125
3 1129 1125 1126
3 1127 1130 1123
3 1127 1123 1125
3 1129 1342 1128
3 1129 1128 1127
3 1127 1128 1131
3 1127 1131 1130
3 1130 1131 1133
3 1130 1133 1117
3 1130 1117 1119
3 1130 1119 1123
3 1344 1132 1131
3 1344 1131 1128
3 1132 1134 1133
3 1132 1133 1131
3 1134 1136 1116
3 1134 1116 1133
3 1132 1350 1135
3 1132 1135 1134
3 1134 1135 1138
3 1134 1138 1136
3 1136 1137 1114
3 1136 1114 1116
3 1136 1138 1140
3 1136 1140 1137
3 1352 1139 1138
3 1352 1138 1135
3 1139 1141 1140
3 1139 1140 1138
3 1141 1143 1142
3 1141 1142 1140
3 1137 1140 1142
3 1137 1142 1145
3 1143 1367 1144
3 1143 1144 1142
3 1145 1142 1144
3 1145 1144 1146
3 1137 1145 1112
3 1137 1112 1114
3 1145 1146 1147
3 1145 1147 1112
3 1146 1144 1150
3 1146 1150 1148
3 1146 1148 1105
3 1146 1105 1147
3 1148 1149 1103
3 1148 1103 1105
3 1148 1150 1152
3 1148 1152 1149
3 1367 1151 1150
3 1367 1150 1144
3 1151 1153 1152
3 1151 1152 1150
3 1153 1155 1154
3 1153 1154 1152
3 1149 1152 1154
3 1149 1154 1156
3 1157 1154 1155
3 1157 1155 1159
3 1156 1154 1157
3 1156 1157 1160
3 1157 1158 1162
3 1157 1162 1160
3 1157 1159 1378
3 1157 1378 1158
3 1156 1160 1161
3 1156 1161 1101
3 1163 1161 1160
3 1163 1160 1162
3 1163 1162 1164
3 1163 1164 1166
3 1164 1162 1158
3 1164 1158 1165
3 1164 1165 1170
3 1164 1170 1167
3 1164 1167 1168
3 1164 1168 1166
3 1167 1169 3547
3 1167 3547 1168
3 1167 1170 1172
3 1167 1172 1169
3 1379 1171 1170
3 1379 1170 1165
3 1171 1173 1172
3 1171 1172 1170
3 1173 1175 1174
3 1173 1174 1172
3 1169 1172 1174
3 1169 1174 1177
3 1175 1400 1176
3 1175 1176 1174
3 1177 1174 1176
3 1177 1176 1179
3 1169 1177 1178
3 1169 1178 3547
3 1177 1179 1180
3 1177 1180 1178
3 1179 1176 1184
3 1179 1184 1181
3 1179 1181 1182
3 1179 1182 1180
3 1181 1183 3546
3 1181 3546 1182
3 1181 1184 1186
3 1181 1186 1183
3 1400 1185 1184
3 1400 1184 1176
3 1185 1187 1186
3 1185 1186 1184
3 1187 1189 1188
3 1187 1188 1186
3 1183 1186 1188
3 1183 1188 1191
3 1189 1203 1190
3 1189 1190 1188
3 1191 1188 1190
3 1191 1190 1193
3 1183 1191 1192
3 1183 1192 3546
3 1191 1193 1194
3 1191 1194 1192
3 1198 1195 1193
3 1198 1193 1190
3 1194 1193 1195
3 1194 1195 1197
3 1198 1199 1196
3 1198 1196 1195
3 1197 1195 1196
3 1197 1196 3524
3 1203 1200 1198
3 1203 1198 1190
3 1198 1200 1202
3 1198 1202 1199
3 3539 1202 1200
3 3539 1200 1201
3 1203 1204 1201
3 1203 1201 1200
3 1189 1205 1204
3 1189 1204 1203
3 1207 1206 1204
3 1207 1204 1205
3 1206 1208 1201
3 1206 1201 1204
3 1207 1210 1209
3 1207 1209 1206
3 1206 1209 1211
3 1206 1211 1208
3 1215 1212 1209
3 1215 1209 1210
3 1212 1213 1211
3 1212 1211 1209
3 1212 1214 1232
3 1212 1232 1213
3 1215 1216 1214
3 1215 1214 1212
3 1217 1220 1216
3 1217 1216 1215
3 1217 1215 1210
3 1217 1210 1219
3 1218 1217 1219
3 1218 1219 1394
3 1218 1221 1220
3 1218 1220 1217
3 1223 1222 1220
3 1223 1220 1221
3 1222 1225 1216
3 1222 1216 1220
3 1223 1408 1224
3 1223 1224 1222
3 1222 1224 1226
3 1222 1226 1225
3 1225 1227 1214
3 1225 1214 1216
3 1225 1226 1228
3 1225 1228 1227
3 1232 1214 1227
3 1232 1227 1229
3 1228 1230 1229
3 1228 1229 1227
3 1426 1231 1229
3 1426 1229 1230
3 1232 1229 1231
3 1232 1231 1233
3 1232 1233 1234
3 1232 1234 1213
3 1236 1235 1233
3 1236 1233 1231
3 1234 1233 1235
3 1234 1235 1238
3 1236 1430 1237
3 1236 1237 1235
3 1237 1240 1238
3 1237 1238 1235
3 1234 1238 1239
3 1234 1239 3541
3 1239 1238 1240
3 1239 1240 1242
3 1237 3474 1241
3 1237 1241 1240
3 1242 1240 1241
3 1242 1241 1244
3 1239 1242 1243
3 1239 1243 3537
3 1242 1244 1245
3 1242 1245 1243
3 1244 1241 1247
3 1244 1247 1246
3 1244 1246 1248
3 1244 1248 1245
3 1246 1247 1251
3 1246 1251 1249
3 1246 1249 1252
3 1246 1252 1248
3 1249 1250 1253
3 1249 1253 1252
3 1249 1251 1449
3 1249 1449 1250
3 1255 1248 1252
3 1255 1252 1254
3 1254 1252 1253
3 1254 1253 1257
3 1255 1254 1256
3 1255 1256 3543
3 1254 1257 1258
3 1254 1258 1256
3 1257 1253 1260
3 1257 1260 1259
3 1257 1259 1262
3 1257 1262 1258
3 3471 1261 1259
3 3471 1259 1260
3 1262 1259 1261
3 1262 1261 1263
3 1262 1263 1266
3 1262 1266 1264
3 1262 1264 1265
3 1262 1265 1258
3 1268 1265 1264
3 1268 1264 1267
3 1266 1270 1267
3 1266 1267 1264
3 1268 1267 1269
3 1268 1269 3506
3 1269 1267 1270
3 1269 1270 1272
3 1266 3468 1271
3 1266 1271 1270
3 1271 1273 1272
3 1271 1272 1270
3 1274 1272 1273
3 1274 1273 1276
3 1269 1272 1274
3 1269 1274 1275
3 1274 1277 1278
3 1274 1278 1275
3 1274 1276 1279
3 1274 1279 1277
3 1281 1278 1277
3 1281 1277 1280
3 1280 1277 1279
3 1280 1279 1283
3 1281 1280 1282
3 1281 1282 3484
3 1280 1283 1284
3 1280 1284 1282
3 1283 1285 1287
3 1283 1287 1284
3 1283 1279 1286
3 1283 1286 1285
3 1285 1286 1289
3 1285 1289 1288
3 1285 1288 1290
3 1285 1290 1287
3 1288 1289 1292
3 1288 1292 1291
3 1288 1291 1293
3 1288 1293 1290
3 1291 1292 1297
3 1291 1297 1294
3 1291 1294 1295
3 1291 1295 1293
3 1294 1296 3479
3 1294 3479 1295
3 1294 1297 1299
3 1294 1299 1296
3 3461 1298 1297
3 3461 1297 1292
3 1298 1300 1299
3 1298 1299 1297
3 1300 1302 1301
3 1300 1301 1299
3 1296 1299 1301
3 1296 1301 1304
3 1302 3450 1303
3 1302 1303 1301
3 1304 1301 1303
3 1304 1303 1306
3 1296 1304 1305
3 1296 1305 3479
3 1304 1306 1307
3 1304 1307 1305
3 1306 1303 1311
3 1306 1311 1308
3 1306 1308 1309
3 1306 1309 1307
3 1308 1310 3478
3 1308 3478 1309
3 1308 1311 1313
3 1308 1313 1310
3 3450 1312 1311
3 3450 1311 1303
3 1312 1314 1313
3 1312 1313 1311
3 1314 1316 1315
3 1314 1315 1313
3 1310 1313 1315
3 1310 1315 1318
3 1316 3441 1317
3 1316 1317 1315
3 1318 1315 1317
3 1318 1317 1320
3 1310 1318 1319
3 1310 1319 3478
3 1318 1320 1321
3 1318 1321 1319
3 1320 1317 1325
3 1320 1325 1322
3 1320 1322 1323
3 1320 1323 1321
3 1322 1324 3476
3 1322 3476 1323
3 1322 1325 1327
3 1322 1327 1324
3 3441 1326 1325
3 3441 1325 1317
3 1326 1328 1327
3 1326 1327 1325
3 1328 1330 1329
3 1328 1329 1327
3 1324 1327 1329
3 1324 1329 1332
3 1330 1334 1331
3 1330 1331 1329
3 1332 1329 1331
3 1332 1331 1054
3 1324 1332 1049
3 1324 1049 3476
3 1334 1336 1333
3 1334 1333 1331
3 1054 1331 1333
3 1054 1333 1056
3 1330 3431 1335
3 1330 1335 1334
3 1334 1335 1337
3 1334 1337 1336
3 1336 1337 1340
3 1336 1340 1338
3 1336 1338 1339
3 1336 1339 1333
3 1338 1129 1126
3 1338 1126 1339
3 1338 1340 1342
3 1338 1342 1129
3 3428 1341 1340
3 3428 1340 1337
3 1341 1343 1342
3 1341 1342 1340
3 1343 1344 1128
3 1343 1128 1342
3 1343 1345 1348
3 1343 1348 1344
3 1341 1346 1345
3 1341 1345 1343
3 1524 1347 1345
3 1524 1345 1346
3 1347 1349 1348
3 1347 1348 1345
3 1349 1351 1350
3 1349 1350 1348
3 1344 1348 1350
3 1344 1350 1132
3 1351 1352 1135
3 1351 1135 1350
3 1349 1354 1353
3 1349 1353 1351
3 1351 1353 1356
3 1351 1356 1352
3 1529 1355 1353
3 1529 1353 1354
3 1355 1357 1356
3 1355 1356 1353
3 1352 1356 1358
3 1352 1358 1139
3 1357 1359 1358
3 1357 1358 1356
3 1139 1358 1360
3 1139 1360 1141
3 1359 1361 1360
3 1359 1360 1358
3 1361 1363 1362
3 1361 1362 1360
3 1141 1360 1362
3 1141 1362 1143
3 1143 1362 1364
3 1143 1364 1367
3 1363 1365 1364
3 1363 1364 1362
3 1365 1368 1366
3 1365 1366 1364
3 1367 1364 1366
3 1367 1366 1151
3 1368 1370 1369
3 1368 1369 1366
3 1151 1366 1369
3 1151 1369 1153
3 1153 1369 1371
3 1153 1371 1155
3 1371 1369 1370
3 1371 1370 1372
3 1371 1372 1374
3 1371 1374 1373
3 1371 1373 1159
3 1371 1159 1155
3 1378 1159 1373
3 1378 1373 1375
3 1374 1376 1375
3 1374 1375 1373
3 1376 1380 1377
3 1376 1377 1375
3 1378 1375 1377
3 1378 1377 1379
3 1378 1379 1165
3 1378 1165 1158
3 1379 1377 1381
3 1379 1381 1171
3 1380 1383 1381
3 1380 1381 1377
3 1383 1385 1382
3 1383 1382 1381
3 1171 1381 1382
3 1171 1382 1173
3 1380 1557 1384
3 1380 1384 1383
3 1383 1384 1386
3 1383 1386 1385
3 1385 1386 1390
3 1385 1390 1387
3 1385 1387 1388
3 1385 1388 1382
3 1387 1389 1399
3 1387 1399 1388
3 1387 1390 1392
3 1387 1392 1389
3 1567 1391 1390
3 1567 1390 1386
3 1391 1393 1392
3 1391 1392 1390
3 1393 1218 1394
3 1393 1394 1392
3 1389 1392 1394
3 1389 1394 1395
3 1395 1394 1219
3 1395 1219 1397
3 1389 1395 1396
3 1389 1396 1399
3 1395 1397 1398
3 1395 1398 1396
3 1397 1219 1210
3 1397 1210 1207
3 1397 1207 1205
3 1397 1205 1398
3 1185 1396 1398
3 1185 1398 1187
3 1187 1398 1205
3 1187 1205 1189
3 1400 1399 1396
3 1400 1396 1185
3 1175 1388 1399
3 1175 1399 1400
3 1393 1401 1221
3 1393 1221 1218
3 1391 1402 1401
3 1391 1401 1393
3 1404 1403 1401
3 1404 1401 1402
3 1403 1223 1221
3 1403 1221 1401
3 1404 1406 1405
3 1404 1405 1403
3 1403 1405 1408
3 1403 1408 1223
3 1571 1407 1405
3 1571 1405 1406
3 1407 1409 1408
3 1407 1408 1405
3 1409 1411 1224
3 1409 1224 1408
3 1407 3427 1410
3 1407 1410 1409
3 1409 1410 1413
3 1409 1413 1411
3 1411 1412 1226
3 1411 1226 1224
3 1411 1413 1415
3 1411 1415 1412
3 1591 1414 1413
3 1591 1413 1410
3 1415 1413 1414
3 1415 1414 1416
3 1415 1416 1419
3 1415 1419 1417
3 1415 1417 1418
3 1415 1418 1412
3 1423 1418 1417
3 1423 1417 1420
3 1419 1421 1420
3 1419 1420 1417
3 1610 1422 1420
3 1610 1420 1421
3 1423 1420 1422
3 1423 1422 1424
3 1228 1418 1423
3 1228 1423 1230
3 1423 1424 1426
3 1423 1426 1230
3 1615 1425 1424
3 1615 1424 1422
3 1426 1424 1425
3 1426 1425 1427
3 1426 1427 1236
3 1426 1236 1231
3 1431 1428 1427
3 1431 1427 1425
3 1236 1427 1428
3 1236 1428 1430
3 1431 1433 1429
3 1431 1429 1428
3 1429 3475 1430
3 1429 1430 1428
3 1615 1432 1431
3 1615 1431 1425
3 1431 1432 1434
3 1431 1434 1433
3 1436 1435 1433
3 1436 1433 1434
3 1429 1433 1435
3 1429 1435 1437
3 1436 1439 1438
3 1436 1438 1435
3 1437 1435 1438
3 1437 1438 1441
3 1439 1647 1440
3 1439 1440 1438
3 1441 1438 1440
3 1441 1440 1442
3 1441 1442 1445
3 1441 1445 1443
3 1437 1441 1443
3 1437 1443 1444
3 1447 1444 1443
3 1447 1443 1446
3 1446 1443 1445
3 1446 1445 1448
3 1447 1446 1251
3 1447 1251 1247
3 1446 1448 1449
3 1446 1449 1251
3 1448 1445 1453
3 1448 1453 1450
3 1448 1450 1451
3 1448 1451 1449
3 1450 1452 1463
3 1450 1463 1451
3 1450 1453 1455
3 1450 1455 1452
3 1442 1454 1453
3 1442 1453 1445
3 1454 1456 1455
3 1454 1455 1453
3 1456 1458 1457
3 1456 1457 1455
3 1452 1455 1457
3 1452 1457 1460
3 1458 1655 1459
3 1458 1459 1457
3 1459 1461 1460
3 1459 1460 1457
3 1462 1460 1461
3 1462 1461 1465
3 1452 1460 1462
3 1452 1462 1463
3 1462 1464 3472
3 1462 3472 1463
3 1462 1465 1467
3 1462 1467 1464
3 1659 1466 1465
3 1659 1465 1461
3 1467 1465 1466
3 1467 1466 1468
3 1467 1468 1471
3 1467 1471 1469
3 1467 1469 1470
3 1467 1470 1464
3 1473 1470 1469
3 1473 1469 1472
3 1471 1475 1472
3 1471 1472 1469
3 1473 1472 1474
3 1473 1474 3469
3 1474 1472 1475
3 1474 1475 1477
3 1471 3425 1476
3 1471 1476 1475
3 1477 1475 1476
3 1477 1476 1479
3 1474 1477 1478
3 1474 1478 3466
3 1477 1479 1480
3 1477 1480 1478
3 1479 1481 1482
3 1479 1482 1480
3 1479 1476 1484
3 1479 1484 1481
3 1481 1483 3454
3 1481 3454 1482
3 1481 1484 1486
3 1481 1486 1483
3 3425 1485 1484
3 3425 1484 1476
3 1485 1487 1486
3 1485 1486 1484
3 1483 1486 1488
3 1483 1488 1489
3 1487 1490 1488
3 1487 1488 1486
3 1489 1488 1491
3 1489 1491 1494
3 1490 1492 1491
3 1490 1491 1488
3 1492 3423 1493
3 1492 1493 1491
3 1494 1491 1493
3 1494 1493 1496
3 1489 1494 1495
3 1489 1495 3452
3 1494 1496 1497
3 1494 1497 1495
3 1496 1498 1500
3 1496 1500 1497
3 1496 1493 1499
3 1496 1499 1498
3 1498 1499 1502
3 1498 1502 1501
3 1498 1501 1503
3 1498 1503 1500
3 1501 1502 1507
3 1501 1507 1504
3 1501 1504 1505
3 1501 1505 1503
3 1504 1506 3470
3 1504 3470 1505
3 1504 1507 1509
3 1504 1509 1506
3 3421 1508 1507
3 3421 1507 1502
3 1508 1510 1509
3 1508 1509 1507
3 1510 1513 1511
3 1510 1511 1509
3 1506 1509 1511
3 1506 1511 1512
3 1512 1511 1514
3 1512 1514 1515
3 1513 1516 1514
3 1513 1514 1511
3 1515 1514 1517
3 1515 1517 1520
3 1516 1518 1517
3 1516 1517 1514
3 1518 3420 1519
3 1518 1519 1517
3 1520 1517 1519
3 1520 1519 1522
3 1515 1520 1521
3 1515 1521 3432
3 1520 1522 1523
3 1520 1523 1521
3 1522 1524 1346
3 1522 1346 1523
3 1522 1519 1525
3 1522 1525 1524
3 1524 1525 1527
3 1524 1527 1347
3 3420 1526 1525
3 3420 1525 1519
3 1526 1528 1527
3 1526 1527 1525
3 1347 1527 1354
3 1347 1354 1349
3 1528 1529 1354
3 1528 1354 1527
3 1526 1531 1530
3 1526 1530 1528
3 1528 1530 1533
3 1528 1533 1529
3 1702 1532 1530
3 1702 1530 1531
3 1532 1534 1533
3 1532 1533 1530
3 1534 1536 1535
3 1534 1535 1533
3 1529 1533 1535
3 1529 1535 1355
3 1536 1538 1537
3 1536 1537 1535
3 1355 1535 1537
3 1355 1537 1357
3 1538 1540 1539
3 1538 1539 1537
3 1357 1537 1539
3 1357 1539 1359
3 1540 1542 1541
3 1540 1541 1539
3 1359 1539 1541
3 1359 1541 1361
3 1542 1544 1543
3 1542 1543 1541
3 1361 1541 1543
3 1361 1543 1363
3 1544 1546 1545
3 1544 1545 1543
3 1363 1543 1545
3 1363 1545 1365
3 1546 1548 1547
3 1546 1547 1545
3 1365 1545 1547
3 1365 1547 1368
3 1549 1547 1548
3 1549 1548 1550
3 1368 1547 1549
3 1368 1549 1370
3 1549 1550 1552
3 1549 1552 1551
3 1549 1551 1372
3 1549 1372 1370
3 1374 1372 1551
3 1374 1551 1553
3 1552 1554 1553
3 1552 1553 1551
3 1374 1553 1555
3 1374 1555 1376
3 1554 1556 1555
3 1554 1555 1553
3 1556 1558 1557
3 1556 1557 1555
3 1376 1555 1557
3 1376 1557 1380
3 1558 1559 1384
3 1558 1384 1557
3 1558 1560 1563
3 1558 1563 1559
3 1556 1561 1560
3 1556 1560 1558
3 1730 1562 1560
3 1730 1560 1561
3 1562 1564 1563
3 1562 1563 1560
3 1564 1566 1565
3 1564 1565 1563
3 1559 1563 1565
3 1559 1565 1567
3 1566 1404 1402
3 1566 1402 1565
3 1567 1565 1402
3 1567 1402 1391
3 1559 1567 1386
3 1559 1386 1384
3 1564 1569 1568
3 1564 1568 1566
3 1566 1568 1406
3 1566 1406 1404
3 1573 1570 1568
3 1573 1568 1569
3 1570 1571 1406
3 1570 1406 1568
3 1570 1572 1583
3 1570 1583 1571
3 1573 1575 1572
3 1573 1572 1570
3 1574 1573 1569
3 1574 1569 1733
3 1574 1576 1575
3 1574 1575 1573
3 1579 1577 1575
3 1579 1575 1576
3 1577 1580 1572
3 1577 1572 1575
3 1579 1767 1578
3 1579 1578 1577
3 1577 1578 1581
3 1577 1581 1580
3 1580 1581 1585
3 1580 1585 1582
3 1580 1582 1583
3 1580 1583 1572
3 1582 1584 3427
3 1582 3427 1583
3 1582 1585 1587
3 1582 1587 1584
3 1776 1586 1585
3 1776 1585 1581
3 1586 1588 1587
3 1586 1587 1585
3 1588 1590 1589
3 1588 1589 1587
3 1584 1587 1589
3 1584 1589 1591
3 1592 1589 1590
3 1592 1590 1594
3 1591 1589 1592
3 1591 1592 1414
3 1592 1593 1416
3 1592 1416 1414
3 1592 1594 1596
3 1592 1596 1593
3 1781 1595 1594
3 1781 1594 1590
3 1596 1594 1595
3 1596 1595 1598
3 1596 1597 3426
3 1596 3426 1593
3 1596 1598 1600
3 1596 1600 1597
3 1786 1599 1598
3 1786 1598 1595
3 1600 1598 1599
3 1600 1599 1601
3 1600 1601 1603
3 1600 1603 1602
3 1600 1602 1605
3 1600 1605 1597
3 1603 3416 1604
3 1603 1604 1602
3 1604 1607 1605
3 1604 1605 1602
3 1606 3426 1597
3 1606 1597 1605
3 1606 1605 1607
3 1606 1607 1609
3 1604 1819 1608
3 1604 1608 1607
3 1608 1611 1609
3 1608 1609 1607
3 1606 1609 1610
3 1606 1610 1421
3 1610 1609 1611
3 1610 1611 1613
3 1608 1821 1612
3 1608 1612 1611
3 1612 1614 1613
3 1612 1613 1611
3 1615 1613 1614
3 1615 1614 1432
3 1610 1613 1615
3 1610 1615 1422
3 1612 1617 1616
3 1612 1616 1614
3 1616 1434 1432
3 1616 1432 1614
3 1616 1618 1436
3 1616 1436 1434
3 1616 1617 1619
3 1616 1619 1618
3 1622 1620 1618
3 1622 1618 1619
3 1436 1618 1620
3 1436 1620 1439
3 1622 1624 1621
3 1622 1621 1620
3 1439 1620 1621
3 1439 1621 1647
3 1823 1623 1622
3 1823 1622 1619
3 1622 1623 1626
3 1622 1626 1624
3 1624 1625 1646
3 1624 1646 1621
3 1624 1626 1628
3 1624 1628 1625
3 1627 1626 1623
3 1627 1623 1826
3 1627 1629 1628
3 1627 1628 1626
3 1629 1631 1630
3 1629 1630 1628
3 1625 1628 1630
3 1625 1630 1633
3 1631 1836 1632
3 1631 1632 1630
3 1633 1630 1632
3 1633 1632 1635
3 1625 1633 1634
3 1625 1634 1646
3 1633 1635 1637
3 1633 1637 1634
3 1635 1636 1638
3 1635 1638 1637
3 1635 1632 1842
3 1635 1842 1636
3 1642 1634 1637
3 1642 1637 1639
3 1639 1637 1638
3 1639 1638 1641
3 1642 1639 1640
3 1642 1640 1644
3 1639 1641 1648
3 1639 1648 1640
3 1643 1642 1644
3 1643 1644 1645
3 1643 1646 1634
3 1643 1634 1642
3 1454 1645 1644
3 1454 1644 1456
3 1456 1644 1640
3 1456 1640 1458
3 1647 1643 1645
3 1647 1645 1440
3 1442 1440 1645
3 1442 1645 1454
3 1647 1621 1646
3 1647 1646 1643
3 1641 1638 1650
3 1641 1650 1649
3 1641 1649 1652
3 1641 1652 1648
3 3409 1651 1649
3 3409 1649 1650
3 1652 1649 1651
3 1652 1651 1653
3 1652 1653 1656
3 1652 1656 1654
3 1652 1654 1655
3 1652 1655 1648
3 1459 1655 1654
3 1459 1654 1657
3 1656 1658 1657
3 1656 1657 1654
3 1659 1657 1658
3 1659 1658 1660
3 1459 1657 1659
3 1459 1659 1461
3 1659 1660 1661
3 1659 1661 1466
3 1663 1662 1660
3 1663 1660 1658
3 1661 1660 1662
3 1661 1662 1665
3 1663 3415 1664
3 1663 1664 1662
3 1665 1662 1664
3 1665 1664 1667
3 1661 1665 1666
3 1661 1666 3424
3 1665 1667 1668
3 1665 1668 1666
3 1667 1669 1670
3 1667 1670 1668
3 1667 1664 1671
3 1667 1671 1669
3 1669 1672 1673
3 1669 1673 1670
3 1669 1671 1674
3 1669 1674 1672
3 1672 1675 1676
3 1672 1676 1673
3 1672 1674 1677
3 1672 1677 1675
3 1675 1678 1679
3 1675 1679 1676
3 1675 1677 1680
3 1675 1680 1678
3 1678 1681 1682
3 1678 1682 1679
3 1678 1680 1683
3 1678 1683 1681
3 1681 1684 1685
3 1681 1685 1682
3 1681 1683 1686
3 1681 1686 1684
3 1684 1687 1688
3 1684 1688 1685
3 1684 1686 1689
3 1684 1689 1687
3 1687 1690 1691
3 1687 1691 1688
3 1687 1689 1692
3 1687 1692 1690
3 1690 1693 1694
3 1690 1694 1691
3 1690 1692 1695
3 1690 1695 1693
3 1693 1696 1697
3 1693 1697 1694
3 1693 1695 1698
3 1693 1698 1696
3 1696 1699 1700
3 1696 1700 1697
3 1696 1698 1701
3 1696 1701 1699
3 1699 1702 1531
3 1699 1531 1700
3 1699 1701 1703
3 1699 1703 1702
3 1702 1703 1705
3 1702 1705 1532
3 3388 1704 1703
3 3388 1703 1701
3 1704 1706 1705
3 1704 1705 1703
3 1706 1708 1707
3 1706 1707 1705
3 1532 1705 1707
3 1532 1707 1534
3 1708 1710 1709
3 1708 1709 1707
3 1534 1707 1709
3 1534 1709 1536
3 1710 1712 1711
3 1710 1711 1709
3 1536 1709 1711
3 1536 1711 1538
3 1712 1714 1713
3 1712 1713 1711
3 1538 1711 1713
3 1538 1713 1540
3 1714 1716 1715
3 1714 1715 1713
3 1540 1713 1715
3 1540 1715 1542
3 1716 1718 1717
3 1716 1717 1715
3 1542 1715 1717
3 1542 1717 1544
3 1718 1720 1719
3 1718 1719 1717
3 1544 1717 1719
3 1544 1719 1546
3 1721 1719 1720
3 1721 1720 1722
3 1546 1719 1721
3 1546 1721 1548
3 1721 1722 1724
3 1721 1724 1723
3 1721 1723 1550
3 1721 1550 1548
3 1552 1550 1723
3 1552 1723 1725
3 1724 1726 1725
3 1724 1725 1723
3 1726 1728 1727
3 1726 1727 1725
3 1552 1725 1727
3 1552 1727 1554
3 1554 1727 1561
3 1554 1561 1556
3 1728 1730 1561
3 1728 1561 1727
3 1726 1740 1729
3 1726 1729 1728
3 1728 1729 1731
3 1728 1731 1730
3 1730 1731 1733
3 1730 1733 1562
3 1735 1732 1731
3 1735 1731 1729
3 1732 1574 1733
3 1732 1733 1731
3 1562 1733 1569
3 1562 1569 1564
3 1735 1736 1734
3 1735 1734 1732
3 1732 1734 1576
3 1732 1576 1574
3 1737 1739 1736
3 1737 1736 1735
3 1737 1735 1729
3 1737 1729 1740
3 1738 1737 1740
3 1738 1740 1741
3 1738 1753 1739
3 1738 1739 1737
3 1724 1741 1740
3 1724 1740 1726
3 1743 1738 1741
3 1743 1741 1742
3 1724 1722 1742
3 1724 1742 1741
3 1744 1742 1722
3 1744 1722 1720
3 1744 1746 1743
3 1744 1743 1742
3 1718 1745 1744
3 1718 1744 1720
3 1744 1745 1747
3 1744 1747 1746
3 1749 1748 1746
3 1749 1746 1747
3 1743 1746 1748
3 1743 1748 1751
3 1749 1939 1750
3 1749 1750 1748
3 1750 1752 1751
3 1750 1751 1748
3 1752 1754 1753
3 1752 1753 1751
3 1743 1751 1753
3 1743 1753 1738
3 1754 1755 1739
3 1754 1739 1753
3 1752 1757 1756
3 1752 1756 1754
3 1754 1756 1759
3 1754 1759 1755
3 1944 1758 1756
3 1944 1756 1757
3 1758 1760 1759
3 1758 1759 1756
3 1760 1762 1761
3 1760 1761 1759
3 1755 1759 1761
3 1755 1761 1764
3 1762 1766 1763
3 1762 1763 1761
3 1764 1761 1763
3 1764 1763 1765
3 1755 1764 1736
3 1755 1736 1739
3 1764 1765 1734
3 1764 1734 1736
3 1765 1579 1576
3 1765 1576 1734
3 1765 1763 1767
3 1765 1767 1579
3 1766 1768 1767
3 1766 1767 1763
3 1768 1769 1578
3 1768 1578 1767
3 1768 1770 1773
3 1768 1773 1769
3 1766 1771 1770
3 1766 1770 1768
3 1957 1772 1770
3 1957 1770 1771
3 1772 1774 1773
3 1772 1773 1770
3 1774 1777 1775
3 1774 1775 1773
3 1769 1773 1775
3 1769 1775 1776
3 1776 1775 1778
3 1776 1778 1586
3 1777 1779 1778
3 1777 1778 1775
3 1779 1782 1780
3 1779 1780 1778
3 1586 1778 1780
3 1586 1780 1588
3 1588 1780 1781
3 1588 1781 1590
3 1781 1780 1782
3 1781 1782 1784
3 1779 1966 1783
3 1779 1783 1782
3 1783 1785 1784
3 1783 1784 1782
3 1786 1784 1785
3 1786 1785 1787
3 1781 1784 1786
3 1781 1786 1595
3 1786 1787 1789
3 1786 1789 1599
3 1971 1788 1787
3 1971 1787 1785
3 1789 1787 1788
3 1789 1788 1791
3 1789 1790 1601
3 1789 1601 1599
3 1789 1791 1792
3 1789 1792 1790
3 1794 1793 1791
3 1794 1791 1788
3 1792 1791 1793
3 1792 1793 1796
3 1794 1975 1795
3 1794 1795 1793
3 1795 1798 1796
3 1795 1796 1793
3 1792 1796 1797
3 1792 1797 3419
3 1797 1796 1798
3 1797 1798 1800
3 1795 3384 1799
3 1795 1799 1798
3 1799 1801 1800
3 1799 1800 1798
3 1803 1802 1800
3 1803 1800 1801
3 1797 1800 1802
3 1797 1802 1805
3 1803 2003 1804
3 1803 1804 1802
3 1804 1807 1805
3 1804 1805 1802
3 1797 1805 1806
3 1797 1806 3419
3 1806 1805 1807
3 1806 1807 1809
3 1804 2006 1808
3 1804 1808 1807
3 1808 1811 1809
3 1808 1809 1807
3 1806 1809 1810
3 1806 1810 3417
3 1810 1809 1811
3 1810 1811 1813
3 1808 2009 1812
3 1808 1812 1811
3 1812 1814 1813
3 1812 1813 1811
3 1815 1813 1814
3 1815 1814 1816
3 1810 1813 1815
3 1810 1815 1817
3 1815 1816 1820
3 1815 1820 1818
3 1815 1818 1819
3 1815 1819 1817
3 1608 1819 1818
3 1608 1818 1821
3 1820 1822 1821
3 1820 1821 1818
3 1612 1821 1822
3 1612 1822 1617
3 1820 1824 1823
3 1820 1823 1822
3 1823 1619 1617
3 1823 1617 1822
3 1823 1824 1826
3 1823 1826 1623
3 1827 1826 1824
3 1827 1824 1825
3 1820 1816 1825
3 1820 1825 1824
3 1827 1829 1627
3 1827 1627 1826
3 2014 1828 1827
3 2014 1827 1825
3 1827 1828 1830
3 1827 1830 1829
3 1832 1831 1829
3 1832 1829 1830
3 1627 1829 1831
3 1627 1831 1629
3 1832 1834 1833
3 1832 1833 1831
3 1629 1831 1833
3 1629 1833 1631
3 1834 1837 1835
3 1834 1835 1833
3 1631 1833 1835
3 1631 1835 1836
3 1836 1835 1838
3 1836 1838 1841
3 1837 1839 1838
3 1837 1838 1835
3 1839 2028 1840
3 1839 1840 1838
3 1841 1838 1840
3 1841 1840 1843
3 1836 1841 1842
3 1836 1842 1632
3 1841 1843 1844
3 1841 1844 1842
3 1843 1845 1847
3 1843 1847 1844
3 1843 1840 1848
3 1843 1848 1845
3 1845 1846 3411
3 1845 3411 1847
3 1845 1848 1850
3 1845 1850 1846
3 2028 1849 1848
3 2028 1848 1840
3 1849 1851 1850
3 1849 1850 1848
3 1851 1855 1852
3 1851 1852 1850
3 1852 1854 1846
3 1852 1846 1850
3 1852 1853 1867
3 1852 1867 1854
3 1852 1855 1857
3 1852 1857 1853
3 1858 1857 1855
3 1858 1855 1856
3 1851 2030 1856
3 1851 1856 1855
3 1858 1860 1859
3 1858 1859 1857
3 1859 1862 1853
3 1859 1853 1857
3 1859 1860 2045
3 1859 2045 1861
3 1859 1861 1863
3 1859 1863 1862
3 1867 1853 1862
3 1867 1862 1864
3 1863 1865 1864
3 1863 1864 1862
3 1866 1864 1865
3 1866 1865 3383
3 1867 1864 1866
3 1867 1866 1868
3 1867 1868 1869
3 1867 1869 1854
3 1872 1869 1868
3 1872 1868 1870
3 1866 1871 1870
3 1866 1870 1868
3 1873 1870 1871
3 1873 1871 1876
3 1872 1870 1873
3 1872 1873 1874
3 1873 1875 3406
3 1873 3406 1874
3 1873 1876 1877
3 1873 1877 1875
3 1876 1871 1880
3 1876 1880 1878
3 1876 1878 1881
3 1876 1881 1877
3 1878 1879 1882
3 1878 1882 1881
3 1878 1880 3381
3 1878 3381 1879
3 1884 1877 1881
3 1884 1881 1883
3 1883 1881 1882
3 1883 1882 1886
3 1884 1883 1885
3 1884 1885 3400
3 1883 1886 1887
3 1883 1887 1885
3 1886 1882 1889
3 1886 1889 1888
3 1886 1888 1890
3 1886 1890 1887
3 1888 1889 1894
3 1888 1894 1891
3 1888 1891 1892
3 1888 1892 1890
3 1891 1893 3393
3 1891 3393 1892
3 1891 1894 1896
3 1891 1896 1893
3 3382 1895 1894
3 3382 1894 1889
3 1895 1897 1896
3 1895 1896 1894
3 1897 1899 1898
3 1897 1898 1896
3 1893 1896 1898
3 1893 1898 1901
3 1899 3364 1900
3 1899 1900 1898
3 1901 1898 1900
3 1901 1900 1903
3 1893 1901 1902
3 1893 1902 3393
3 1901 1903 1904
3 1901 1904 1902
3 1903 1900 1908
3 1903 1908 1905
3 1903 1905 1906
3 1903 1906 1904
3 1905 1907 3387
3 1905 3387 1906
3 1905 1908 1910
3 1905 1910 1907
3 3364 1909 1908
3 3364 1908 1900
3 1909 1911 1910
3 1909 1910 1908
3 1911 1913 1912
3 1911 1912 1910
3 1907 1910 1912
3 1907 1912 1915
3 1913 3346 1914
3 1913 1914 1912
3 1915 1912 1914
3 1915 1914 1917
3 1907 1915 1916
3 1907 1916 3387
3 1915 1917 1918
3 1915 1918 1916
3 1917 1914 1922
3 1917 1922 1919
3 1917 1919 1920
3 1917 1920 1918
3 1919 1921 3386
3 1919 3386 1920
3 1919 1922 1924
3 1919 1924 1921
3 3346 1923 1922
3 3346 1922 1914
3 1923 1925 1924
3 1923 1924 1922
3 1925 1927 1926
3 1925 1926 1924
3 1921 1924 1926
3 1921 1926 1929
3 1927 1937 1928
3 1927 1928 1926
3 1929 1926 1928
3 1929 1928 1931
3 1921 1929 1930
3 1921 1930 3386
3 1929 1931 1932
3 1929 1932 1930
3 1931 1928 1935
3 1931 1935 1933
3 1931 1933 1934
3 1931 1934 1932
3 1933 1747 1745
3 1933 1745 1934
3 1933 1935 1749
3 1933 1749 1747
3 1937 1936 1935
3 1937 1935 1928
3 1749 1935 1936
3 1749 1936 1939
3 1937 3323 1938
3 1937 1938 1936
3 1938 1940 1939
3 1938 1939 1936
3 1750 1939 1940
3 1750 1940 1942
3 1938 3320 1941
3 1938 1941 1940
3 1941 1943 1942
3 1941 1942 1940
3 1943 1944 1757
3 1943 1757 1942
3 1750 1942 1757
3 1750 1757 1752
3 1941 1946 1945
3 1941 1945 1943
3 1943 1945 1948
3 1943 1948 1944
3 3315 1947 1945
3 3315 1945 1946
3 1947 1949 1948
3 1947 1948 1945
3 1949 1951 1950
3 1949 1950 1948
3 1944 1948 1950
3 1944 1950 1758
3 1758 1950 1952
3 1758 1952 1760
3 1951 1953 1952
3 1951 1952 1950
3 1953 1955 1954
3 1953 1954 1952
3 1760 1952 1954
3 1760 1954 1762
3 1762 1954 1771
3 1762 1771 1766
3 1955 1957 1771
3 1955 1771 1954
3 1953 2108 1956
3 1953 1956 1955
3 1955 1956 1958
3 1955 1958 1957
3 1957 1958 1960
3 1957 1960 1772
3 2111 1959 1958
3 2111 1958 1956
3 1959 1961 1960
3 1959 1960 1958
3 1961 1963 1962
3 1961 1962 1960
3 1772 1960 1962
3 1772 1962 1774
3 1963 1965 1964
3 1963 1964 1962
3 1774 1962 1964
3 1774 1964 1777
3 1965 1967 1966
3 1965 1966 1964
3 1777 1964 1966
3 1777 1966 1779
3 1783 1966 1967
3 1783 1967 1969
3 1965 2120 1968
3 1965 1968 1967
3 1968 1970 1969
3 1968 1969 1967
3 1971 1969 1970
3 1971 1970 1972
3 1783 1969 1971
3 1783 1971 1785
3 1971 1972 1794
3 1971 1794 1788
3 1976 1973 1972
3 1976 1972 1970
3 1794 1972 1973
3 1794 1973 1975
3 1976 1978 1974
3 1976 1974 1973
3 1974 3385 1975
3 1974 1975 1973
3 1968 1977 1976
3 1968 1976 1970
3 1976 1977 1979
3 1976 1979 1978
3 1981 1980 1978
3 1981 1978 1979
3 1974 1978 1980
3 1974 1980 1983
3 1981 2129 1982
3 1981 1982 1980
3 1982 1985 1983
3 1982 1983 1980
3 1974 1983 1984
3 1974 1984 3385
3 1984 1983 1985
3 1984 1985 1987
3 1982 2132 1986
3 1982 1986 1985
3 1986 1988 1987
3 1986 1987 1985
3 1984 1987 1989
3 1984 1989 1991
3 1989 1987 1988
3 1989 1988 1990
3 1989 1990 1994
3 1989 1994 1992
3 1989 1992 1993
3 1989 1993 1991
3 1998 1993 1992
3 1998 1992 1995
3 1994 1996 1995
3 1994 1995 1992
3 3314 1997 1995
3 3314 1995 1996
3 1998 1995 1997
3 1998 1997 1999
3 1799 1993 1998
3 1799 1998 1801
3 1998 1999 1803
3 1998 1803 1801
3 2001 2000 1999
3 2001 1999 1997
3 1803 1999 2000
3 1803 2000 2003
3 2001 3311 2002
3 2001 2002 2000
3 2002 2004 2003
3 2002 2003 2000
3 1804 2003 2004
3 1804 2004 2006
3 2002 3309 2005
3 2002 2005 2004
3 2005 2007 2006
3 2005 2006 2004
3 1808 2006 2007
3 1808 2007 2009
3 2005 2174 2008
3 2005 2008 2007
3 2008 2010 2009
3 2008 2009 2007
3 1812 2009 2010
3 1812 2010 2012
3 2008 2176 2011
3 2008 2011 2010
3 2011 2013 2012
3 2011 2012 2010
3 2014 2012 2013
3 2014 2013 1828
3 1812 2012 2014
3 1812 2014 1814
3 2014 1825 1816
3 2014 1816 1814
3 2011 2016 2015
3 2011 2015 2013
3 2015 1830 1828
3 2015 1828 2013
3 2015 2016 2018
3 2015 2018 2017
3 2015 2017 1832
3 2015 1832 1830
3 2020 2019 2017
3 2020 2017 2018
3 1832 2017 2019
3 1832 2019 1834
3 2020 2022 2021
3 2020 2021 2019
3 1834 2019 2021
3 1834 2021 1837
3 2022 2024 2023
3 2022 2023 2021
3 1837 2021 2023
3 1837 2023 1839
3 2024 2026 2025
3 2024 2025 2023
3 1839 2023 2025
3 1839 2025 2028
3 2026 2029 2027
3 2026 2027 2025
3 2028 2025 2027
3 2028 2027 1849
3 2029 2031 2030
3 2029 2030 2027
3 1849 2027 2030
3 1849 2030 1851
3 2031 2032 1856
3 2031 1856 2030
3 2031 2033 2036
3 2031 2036 2032
3 2029 2034 2033
3 2029 2033 2031
3 3307 2035 2033
3 3307 2033 2034
3 2035 2037 2036
3 2035 2036 2033
3 2032 2036 2038
3 2032 2038 2041
3 2037 2039 2038
3 2037 2038 2036
3 2039 3288 2040
3 2039 2040 2038
3 2040 2042 2041
3 2040 2041 2038
3 1858 2041 2042
3 1858 2042 1860
3 2032 2041 1858
3 2032 1858 1856
3 2040 2044 2043
3 2040 2043 2042
3 2043 2045 1860
3 2043 1860 2042
3 2043 2044 2047
3 2043 2047 2046
3 2043 2046 2049
3 2043 2049 2045
3 2292 2048 2046
3 2292 2046 2047
3 2049 2046 2048
3 2049 2048 2051
3 2049 2050 1861
3 2049 1861 2045
3 2049 2051 2052
3 2049 2052 2050
3 2051 2048 2056
3 2051 2056 2053
3 2051 2053 2054
3 2051 2054 2052
3 2053 2055 3372
3 2053 3372 2054
3 2053 2056 2058
3 2053 2058 2055
3 2292 2057 2056
3 2292 2056 2048
3 2057 2059 2058
3 2057 2058 2056
3 2059 2061 2060
3 2059 2060 2058
3 2055 2058 2060
3 2055 2060 2063
3 2061 2298 2062
3 2061 2062 2060
3 2063 2060 2062
3 2063 2062 2065
3 2055 2063 2064
3 2055 2064 3372
3 2063 2065 2066
3 2063 2066 2064
3 2065 2062 2070
3 2065 2070 2067
3 2065 2067 2068
3 2065 2068 2066
3 2067 2069 3355
3 2067 3355 2068
3 2067 2070 2072
3 2067 2072 2069
3 2298 2071 2070
3 2298 2070 2062
3 2071 2073 2072
3 2071 2072 2070
3 2073 2075 2074
3 2073 2074 2072
3 2069 2072 2074
3 2069 2074 2077
3 2075 2307 2076
3 2075 2076 2074
3 2077 2074 2076
3 2077 2076 2079
3 2069 2077 2078
3 2069 2078 3355
3 2077 2079 2080
3 2077 2080 2078
3 2079 2076 2084
3 2079 2084 2081
3 2079 2081 2082
3 2079 2082 2080
3 2081 2083 3335
3 2081 3335 2082
3 2081 2084 2086
3 2081 2086 2083
3 2307 2085 2084
3 2307 2084 2076
3 2086 2084 2085
3 2086 2085 2087
3 2086 2087 2090
3 2086 2090 2088
3 2086 2088 2089
3 2086 2089 2083
3 2092 2089 2088
3 2092 2088 2091
3 2090 2093 2091
3 2090 2091 2088
3 2092 2091 2094
3 2092 2094 2097
3 2093 2095 2094
3 2093 2094 2091
3 2095 2322 2096
3 2095 2096 2094
3 2097 2094 2096
3 2097 2096 2099
3 2092 2097 2098
3 2092 2098 3336
3 2097 2099 2100
3 2097 2100 2098
3 2099 2096 2103
3 2099 2103 2101
3 2099 2101 2104
3 2099 2104 2100
3 2101 2102 2105
3 2101 2105 2104
3 2101 2103 2325
3 2101 2325 2102
3 3315 2100 2104
3 3315 2104 1947
3 1947 2104 2105
3 1947 2105 1949
3 2102 2107 2106
3 2102 2106 2105
3 1949 2105 2106
3 1949 2106 1951
3 2107 2109 2108
3 2107 2108 2106
3 1951 2106 2108
3 1951 2108 1953
3 2109 2111 1956
3 2109 1956 2108
3 2107 3287 2110
3 2107 2110 2109
3 2109 2110 2112
3 2109 2112 2111
3 2111 2112 2114
3 2111 2114 1959
3 2334 2113 2112
3 2334 2112 2110
3 2113 2115 2114
3 2113 2114 2112
3 2115 2117 2116
3 2115 2116 2114
3 1959 2114 2116
3 1959 2116 1961
3 1961 2116 2118
3 1961 2118 1963
3 2117 2119 2118
3 2117 2118 2116
3 2119 2121 2120
3 2119 2120 2118
3 1963 2118 2120
3 1963 2120 1965
3 1968 2120 2121
3 1968 2121 1977
3 2119 2123 2122
3 2119 2122 2121
3 2122 1979 1977
3 2122 1977 2121
3 2122 2124 1981
3 2122 1981 1979
3 2122 2123 2125
3 2122 2125 2124
3 2127 2126 2124
3 2127 2124 2125
3 1981 2124 2126
3 1981 2126 2129
3 2127 2345 2128
3 2127 2128 2126
3 2128 2130 2129
3 2128 2129 2126
3 1982 2129 2130
3 1982 2130 2132
3 2128 2347 2131
3 2128 2131 2130
3 2131 2133 2132
3 2131 2132 2130
3 1986 2132 2133
3 1986 2133 2135
3 2131 2353 2134
3 2131 2134 2133
3 2134 2136 2135
3 2134 2135 2133
3 2137 2135 2136
3 2137 2136 2138
3 1986 2135 2137
3 1986 2137 1988
3 2137 2138 2140
3 2137 2140 2139
3 2137 2139 1990
3 2137 1990 1988
3 1994 1990 2139
3 1994 2139 2141
3 2140 2142 2141
3 2140 2141 2139
3 2143 2141 2142
3 2143 2142 2145
3 1994 2141 2143
3 1994 2143 1996
3 2143 2144 3314
3 2143 3314 1996
3 2143 2145 2147
3 2143 2147 2144
3 3284 2146 2145
3 3284 2145 2142
3 2148 2147 2145
3 2148 2145 2146
3 2148 2151 2149
3 2148 2149 2147
3 2149 2150 2144
3 2149 2144 2147
3 2149 2152 2154
3 2149 2154 2150
3 2149 2151 2153
3 2149 2153 2152
3 2156 2155 2152
3 2156 2152 2153
3 2154 2152 2155
3 2154 2155 2157
3 2156 2160 2158
3 2156 2158 2155
3 2158 2161 2157
3 2158 2157 2155
3 2158 2159 2162
3 2158 2162 2161
3 2158 2160 2393
3 2158 2393 2159
3 2164 2157 2161
3 2164 2161 2163
3 2162 2166 2163
3 2162 2163 2161
3 2164 2163 2165
3 2164 2165 3310
3 2165 2163 2166
3 2165 2166 2168
3 2162 2197 2167
3 2162 2167 2166
3 2167 2169 2168
3 2167 2168 2166
3 2170 2168 2169
3 2170 2169 2171
3 2165 2168 2170
3 2165 2170 2172
3 2170 2171 2175
3 2170 2175 2173
3 2170 2173 2174
3 2170 2174 2172
3 2008 2174 2173
3 2008 2173 2176
3 2175 2177 2176
3 2175 2176 2173
3 2011 2176 2177
3 2011 2177 2016
3 2175 2179 2178
3 2175 2178 2177
3 2178 2018 2016
3 2178 2016 2177
3 2178 2180 2020
3 2178 2020 2018
3 2178 2179 2181
3 2178 2181 2180
3 2184 2182 2180
3 2184 2180 2181
3 2020 2180 2182
3 2020 2182 2022
3 2022 2182 2183
3 2022 2183 2024
3 2184 2185 2183
3 2184 2183 2182
3 2189 2186 2184
3 2189 2184 2181
3 2184 2186 2188
3 2184 2188 2185
3 3303 2188 2186
3 3303 2186 2187
3 2189 2191 2187
3 2189 2187 2186
3 2193 2191 2189
3 2193 2189 2190
3 2189 2181 2179
3 2189 2179 2190
3 2202 2187 2191
3 2202 2191 2192
3 2193 2194 2192
3 2193 2192 2191
3 2193 2190 2171
3 2193 2171 2169
3 2167 2194 2193
3 2167 2193 2169
3 2167 2197 2195
3 2167 2195 2194
3 2198 2192 2194
3 2198 2194 2195
3 2196 2195 2197
3 2196 2197 2396
3 2196 2199 2198
3 2196 2198 2195
3 2198 2199 2201
3 2198 2201 2200
3 2198 2200 2202
3 2198 2202 2192
3 2206 2203 2200
3 2206 2200 2201
3 2202 2200 2203
3 2202 2203 2205
3 2206 2208 2204
3 2206 2204 2203
3 2204 3300 2205
3 2204 2205 2203
3 3283 2207 2206
3 3283 2206 2201
3 2206 2207 2209
3 2206 2209 2208
3 2213 2210 2208
3 2213 2208 2209
3 2204 2208 2210
3 2204 2210 2212
3 2213 2215 2211
3 2213 2211 2210
3 2212 2210 2211
3 2212 2211 3299
3 2411 2214 2213
3 2411 2213 2209
3 2213 2214 2217
3 2213 2217 2215
3 2215 2216 2269
3 2215 2269 2211
3 2215 2217 2219
3 2215 2219 2216
3 2268 2219 2217
3 2268 2217 2218
3 2217 2220 2223
3 2217 2223 2218
3 2217 2214 2222
3 2217 2222 2220
3 2224 2223 2220
3 2224 2220 2221
3 2221 2220 2222
3 2221 2222 2412
3 2225 2223 2224
3 2225 2224 2228
3 2225 2227 2218
3 2225 2218 2223
3 2226 2225 2228
3 2226 2228 2230
3 2226 3308 2227
3 2226 2227 2225
3 2425 2229 2228
3 2425 2228 2224
3 2229 2231 2230
3 2229 2230 2228
3 2226 2230 2232
3 2226 2232 2233
3 2231 2234 2232
3 2231 2232 2230
3 2236 2233 2232
3 2236 2232 2235
3 2234 2237 2235
3 2234 2235 2232
3 2236 2235 2238
3 2236 2238 2239
3 2237 2240 2238
3 2237 2238 2235
3 2239 2238 2241
3 2239 2241 2244
3 2240 2242 2241
3 2240 2241 2238
3 2242 2440 2243
3 2242 2243 2241
3 2245 2244 2241
3 2245 2241 2243
3 2245 2247 2246
3 2245 2246 2244
3 2239 2244 2246
3 2239 2246 2249
3 2247 3281 2248
3 2247 2248 2246
3 2248 2250 2249
3 2248 2249 2246
3 2236 2239 2249
3 2236 2249 2251
3 2251 2249 2250
3 2251 2250 2253
3 2252 2251 2253
3 2252 2253 2255
3 2252 2233 2236
3 2252 2236 2251
3 2253 2254 2257
3 2253 2257 2255
3 2253 2250 3277
3 2253 3277 2254
3 2256 2255 2257
3 2256 2257 2258
3 2256 3308 2252
3 2256 2252 2255
3 2259 2262 2258
3 2259 2258 2257
3 2254 2260 2259
3 2254 2259 2257
3 2260 3275 2261
3 2260 2261 2259
3 2263 2262 2259
3 2263 2259 2261
3 2266 2258 2262
3 2266 2262 2264
3 2263 2265 2264
3 2263 2264 2262
3 2216 2264 2265
3 2216 2265 2269
3 2216 2219 2266
3 2216 2266 2264
3 2266 2219 2268
3 2266 2268 2267
3 2266 2267 2256
3 2266 2256 2258
3 2256 2267 2227
3 2256 2227 3308
3 2227 2267 2268
3 2227 2268 2218
3 2271 2269 2265
3 2271 2265 2270
3 2270 2265 2263
3 2270 2263 2273
3 2271 2270 2272
3 2271 2272 3294
3 2270 2273 2274
3 2270 2274 2272
3 2275 2277 2274
3 2275 2274 2273
3 2263 2261 2275
3 2263 2275 2273
3 2275 2261 3275
3 2275 3275 2276
3 2275 2276 2278
3 2275 2278 2277
3 2278 2280 2279
3 2278 2279 2277
3 2281 2274 2277
3 2281 2277 2279
3 2282 2279 2280
3 2282 2280 2285
3 2281 2279 2282
3 2281 2282 2283
3 2282 2284 3288
3 2282 3288 2283
3 2282 2285 2286
3 2282 2286 2284
3 2288 2287 2285
3 2288 2285 2280
3 2286 2285 2287
3 2286 2287 2290
3 2288 3271 2289
3 2288 2289 2287
3 2289 2291 2290
3 2289 2290 2287
3 2292 2290 2291
3 2292 2291 2057
3 2286 2290 2292
3 2286 2292 2047
3 2289 2294 2293
3 2289 2293 2291
3 2057 2291 2293
3 2057 2293 2059
3 2294 2296 2295
3 2294 2295 2293
3 2059 2293 2295
3 2059 2295 2061
3 2061 2295 2297
3 2061 2297 2298
3 2296 2299 2297
3 2296 2297 2295
3 2298 2297 2300
3 2298 2300 2071
3 2299 2301 2300
3 2299 2300 2297
3 2301 2303 2302
3 2301 2302 2300
3 2071 2300 2302
3 2071 2302 2073
3 2303 2305 2304
3 2303 2304 2302
3 2073 2302 2304
3 2073 2304 2075
3 2075 2304 2306
3 2075 2306 2307
3 2305 2308 2306
3 2305 2306 2304
3 2307 2306 2309
3 2307 2309 2085
3 2309 2306 2308
3 2309 2308 2310
3 2309 2310 2312
3 2309 2312 2311
3 2309 2311 2087
3 2309 2087 2085
3 2090 2087 2311
3 2090 2311 2313
3 2312 2314 2313
3 2312 2313 2311
3 2314 2316 2315
3 2314 2315 2313
3 2090 2313 2315
3 2090 2315 2093
3 2316 2318 2317
3 2316 2317 2315
3 2093 2315 2317
3 2093 2317 2095
3 2318 2320 2319
3 2318 2319 2317
3 2095 2317 2319
3 2095 2319 2322
3 2320 3208 2321
3 2320 2321 2319
3 2322 2319 2321
3 2322 2321 2323
3 2322 2323 2103
3 2322 2103 2096
3 2323 2321 2327
3 2323 2327 2324
3 2323 2324 2325
3 2323 2325 2103
3 2324 2326 3287
3 2324 3287 2325
3 2324 2327 2329
3 2324 2329 2326
3 3208 2328 2327
3 3208 2327 2321
3 2328 2330 2329
3 2328 2329 2327
3 2330 2332 2331
3 2330 2331 2329
3 2326 2329 2331
3 2326 2331 2334
3 2332 2335 2333
3 2332 2333 2331
3 2334 2331 2333
3 2334 2333 2113
3 2326 2334 2110
3 2326 2110 3287
3 2335 2337 2336
3 2335 2336 2333
3 2113 2333 2336
3 2113 2336 2115
3 2337 2339 2338
3 2337 2338 2336
3 2115 2336 2338
3 2115 2338 2117
3 2339 2125 2123
3 2339 2123 2338
3 2117 2338 2123
3 2117 2123 2119
3 2339 2340 2127
3 2339 2127 2125
3 2337 2341 2340
3 2337 2340 2339
3 2343 2342 2340
3 2343 2340 2341
3 2127 2340 2342
3 2127 2342 2345
3 2343 3184 2344
3 2343 2344 2342
3 2344 2346 2345
3 2344 2345 2342
3 2128 2345 2346
3 2128 2346 2347
3 2344 2349 2348
3 2344 2348 2346
3 2348 2351 2347
3 2348 2347 2346
3 2348 2349 3181
3 2348 3181 2350
3 2348 2350 2352
3 2348 2352 2351
3 2131 2347 2351
3 2131 2351 2353
3 2352 2354 2353
3 2352 2353 2351
3 2134 2353 2354
3 2134 2354 2356
3 2352 2510 2355
3 2352 2355 2354
3 2355 2358 2356
3 2355 2356 2354
3 2134 2356 2357
3 2134 2357 2136
3 2357 2356 2358
3 2357 2358 2360
3 2355 2512 2359
3 2355 2359 2358
3 2359 2362 2360
3 2359 2360 2358
3 2357 2360 2361
3 2357 2361 3286
3 2361 2360 2362
3 2361 2362 2363
3 2359 2365 2364
3 2359 2364 2362
3 2364 2367 2363
3 2364 2363 2362
3 2364 2365 2517
3 2364 2517 2366
3 2364 2366 2368
3 2364 2368 2367
3 2372 2363 2367
3 2372 2367 2369
3 2368 2371 2369
3 2368 2369 2367
3 2372 2369 2370
3 2372 2370 2374
3 2370 2369 2371
3 2370 2371 2567
3 2361 2363 2372
3 2361 2372 2373
3 2372 2374 2375
3 2372 2375 2373
3 2377 2375 2374
3 2377 2374 2376
3 2370 2378 2376
3 2370 2376 2374
3 2377 2376 2379
3 2377 2379 2382
3 2380 2379 2376
3 2380 2376 2378
3 2380 2563 2381
3 2380 2381 2379
3 2381 2383 2382
3 2381 2382 2379
3 2377 2382 2148
3 2377 2148 2146
3 2148 2382 2383
3 2148 2383 2151
3 2384 2153 2151
3 2384 2151 2383
3 2381 2385 2384
3 2381 2384 2383
3 2384 2385 2387
3 2384 2387 2386
3 2384 2386 2156
3 2384 2156 2153
3 2389 2388 2386
3 2389 2386 2387
3 2156 2386 2388
3 2156 2388 2160
3 2389 2391 2390
3 2389 2390 2388
3 2390 2393 2160
3 2390 2160 2388
3 2390 2391 2569
3 2390 2569 2392
3 2390 2392 2394
3 2390 2394 2393
3 2394 2396 2159
3 2394 2159 2393
3 2394 2395 2196
3 2394 2196 2396
3 2394 2392 2398
3 2394 2398 2395
3 2162 2159 2396
3 2162 2396 2197
3 2400 2397 2395
3 2400 2395 2398
3 2196 2395 2397
3 2196 2397 2199
3 2399 2398 2392
3 2399 2392 2569
3 2399 2402 2400
3 2399 2400 2398
3 2400 2401 3283
3 2400 3283 2397
3 2400 2402 2404
3 2400 2404 2401
3 2405 2404 2402
3 2405 2402 2403
3 2399 2570 2403
3 2399 2403 2402
3 2405 2407 2406
3 2405 2406 2404
3 2406 2408 2401
3 2406 2401 2404
3 2406 2407 2410
3 2406 2410 2409
3 2406 2409 2411
3 2406 2411 2408
3 2409 2410 2412
3 2409 2412 2222
3 2409 2222 2214
3 2409 2214 2411
3 2411 2209 2207
3 2411 2207 2408
3 2413 2416 2412
3 2413 2412 2410
3 2413 2410 2407
3 2413 2407 2415
3 2622 2414 2413
3 2622 2413 2415
3 2413 2414 2418
3 2413 2418 2416
3 2416 2417 2221
3 2416 2221 2412
3 2416 2418 2420
3 2416 2420 2417
3 2419 2418 2414
3 2419 2414 2619
3 2419 2421 2420
3 2419 2420 2418
3 2417 2420 2422
3 2417 2422 2425
3 2421 2423 2422
3 2421 2422 2420
3 2423 2426 2424
3 2423 2424 2422
3 2425 2422 2424
3 2425 2424 2229
3 2417 2425 2224
3 2417 2224 2221
3 2426 2428 2427
3 2426 2427 2424
3 2229 2424 2427
3 2229 2427 2231
3 2428 2430 2429
3 2428 2429 2427
3 2231 2427 2429
3 2231 2429 2234
3 2430 2432 2431
3 2430 2431 2429
3 2234 2429 2431
3 2234 2431 2237
3 2432 2434 2433
3 2432 2433 2431
3 2237 2431 2433
3 2237 2433 2240
3 2434 2436 2435
3 2434 2435 2433
3 2240 2433 2435
3 2240 2435 2242
3 2436 2438 2437
3 2436 2437 2435
3 2242 2435 2437
3 2242 2437 2440
3 2438 2647 2439
3 2438 2439 2437
3 2440 2437 2439
3 2440 2439 2441
3 2440 2441 2443
3 2440 2443 2243
3 2653 2442 2441
3 2653 2441 2439
3 2443 2441 2442
3 2443 2442 2444
3 2443 2445 2245
3 2443 2245 2243
3 2443 2444 2447
3 2443 2447 2445
3 2448 2446 2445
3 2448 2445 2447
3 2245 2445 2446
3 2245 2446 2247
3 2448 2447 2449
3 2448 2449 2450
3 2451 2449 2447
3 2451 2447 2444
3 2454 2450 2449
3 2454 2449 2452
3 2455 2452 2449
3 2455 2449 2451
3 2455 2457 2453
3 2455 2453 2452
3 3237 2454 2452
3 3237 2452 2453
3 2656 2456 2455
3 2656 2455 2451
3 2455 2456 2458
3 2455 2458 2457
3 2457 2458 2460
3 2457 2460 2459
3 2457 2459 2461
3 2457 2461 2453
3 2459 2460 2463
3 2459 2463 2462
3 2459 2462 2464
3 2459 2464 2461
3 2462 2463 2467
3 2462 2467 2465
3 2462 2465 2468
3 2462 2468 2464
3 2465 2466 2469
3 2465 2469 2468
3 2465 2467 2672
3 2465 2672 2466
3 2471 2464 2468
3 2471 2468 2470
3 2470 2468 2469
3 2470 2469 2473
3 2471 2470 2472
3 2471 2472 3233
3 2470 2473 2474
3 2470 2474 2472
3 2473 2475 2476
3 2473 2476 2474
3 2473 2469 2477
3 2473 2477 2475
3 2475 2478 2479
3 2475 2479 2476
3 2475 2477 2480
3 2475 2480 2478
3 2478 2481 2482
3 2478 2482 2479
3 2478 2480 2483
3 2478 2483 2481
3 2481 2484 2485
3 2481 2485 2482
3 2481 2483 2486
3 2481 2486 2484
3 2484 2487 2488
3 2484 2488 2485
3 2484 2486 2489
3 2484 2489 2487
3 2487 2490 2491
3 2487 2491 2488
3 2487 2489 2492
3 2487 2492 2490
3 2490 2493 2494
3 2490 2494 2491
3 2490 2492 2495
3 2490 2495 2493
3 2493 2496 2497
3 2493 2497 2494
3 2493 2495 2498
3 2493 2498 2496
3 2500 2497 2496
3 2500 2496 2499
3 2498 2502 2499
3 2498 2499 2496
3 2500 2499 2501
3 2500 2501 3181
3 2501 2499 2502
3 2501 2502 2504
3 2498 2690 2503
3 2498 2503 2502
3 2503 2505 2504
3 2503 2504 2502
3 2506 2504 2505
3 2506 2505 2508
3 2501 2504 2506
3 2501 2506 2507
3 2506 2509 2510
3 2506 2510 2507
3 2506 2508 2511
3 2506 2511 2509
3 2355 2510 2509
3 2355 2509 2512
3 2511 2513 2512
3 2511 2512 2509
3 2359 2512 2513
3 2359 2513 2365
3 2511 2515 2514
3 2511 2514 2513
3 2514 2517 2365
3 2514 2365 2513
3 2514 2515 2700
3 2514 2700 2516
3 2514 2516 2518
3 2514 2518 2517
3 2518 2520 2366
3 2518 2366 2517
3 2518 2516 2703
3 2518 2703 2519
3 2518 2519 2521
3 2518 2521 2520
3 2368 2366 2520
3 2368 2520 2522
3 2521 2524 2522
3 2521 2522 2520
3 2368 2522 2523
3 2368 2523 2371
3 2523 2522 2524
3 2523 2524 2526
3 2521 2708 2525
3 2521 2525 2524
3 2525 2527 2526
3 2525 2526 2524
3 2528 2526 2527
3 2528 2527 2530
3 2523 2526 2528
3 2523 2528 2529
3 2528 2531 2532
3 2528 2532 2529
3 2528 2530 2533
3 2528 2533 2531
3 2534 2535 2532
3 2534 2532 2531
3 2533 2536 2534
3 2533 2534 2531
3 2534 2537 2539
3 2534 2539 2535
3 2534 2536 2538
3 2534 2538 2537
3 2543 2540 2537
3 2543 2537 2538
3 2539 2537 2540
3 2539 2540 2542
3 2543 2545 2541
3 2543 2541 2540
3 2541 2553 2542
3 2541 2542 2540
3 2721 2544 2543
3 2721 2543 2538
3 2543 2544 2546
3 2543 2546 2545
3 2548 2547 2545
3 2548 2545 2546
3 2541 2545 2547
3 2541 2547 2550
3 2548 2583 2549
3 2548 2549 2547
3 2549 2551 2550
3 2549 2550 2547
3 2552 2550 2551
3 2552 2551 2554
3 2541 2550 2552
3 2541 2552 2553
3 2552 2555 2556
3 2552 2556 2553
3 2552 2554 2557
3 2552 2557 2555
3 2560 2556 2555
3 2560 2555 2558
3 2557 2559 2558
3 2557 2558 2555
3 2389 2558 2559
3 2389 2559 2391
3 2560 2558 2389
3 2560 2389 2387
3 2560 2387 2385
3 2560 2385 2561
3 2562 2556 2560
3 2562 2560 2561
3 2562 2561 2563
3 2562 2563 2564
3 2381 2563 2561
3 2381 2561 2385
3 2380 2565 2564
3 2380 2564 2563
3 2539 2564 2565
3 2539 2565 2535
3 2539 2542 2562
3 2539 2562 2564
3 2566 2532 2535
3 2566 2535 2565
3 2566 2565 2380
3 2566 2380 2378
3 2370 2567 2566
3 2370 2566 2378
3 2566 2567 2529
3 2566 2529 2532
3 2523 2529 2567
3 2523 2567 2371
3 2562 2542 2553
3 2562 2553 2556
3 2557 2571 2568
3 2557 2568 2559
3 2568 2569 2391
3 2568 2391 2559
3 2568 2570 2399
3 2568 2399 2569
3 2568 2571 2573
3 2568 2573 2570
3 2575 2573 2571
3 2575 2571 2572
3 2557 2554 2572
3 2557 2572 2571
3 2575 2576 2574
3 2575 2574 2573
3 2574 2403 2570
3 2574 2570 2573
3 2575 2577 2579
3 2575 2579 2576
3 2580 2577 2575
3 2580 2575 2572
3 2627 2579 2577
3 2627 2577 2578
3 2580 2581 2578
3 2580 2578 2577
3 2549 2581 2580
3 2549 2580 2551
3 2580 2572 2554
3 2580 2554 2551
3 2584 2578 2581
3 2584 2581 2582
3 2549 2583 2582
3 2549 2582 2581
3 2585 2582 2583
3 2585 2583 2587
3 2585 2588 2584
3 2585 2584 2582
3 2736 2586 2585
3 2736 2585 2587
3 2585 2586 2589
3 2585 2589 2588
3 2593 2590 2588
3 2593 2588 2589
3 2584 2588 2590
3 2584 2590 2592
3 2593 2595 2591
3 2593 2591 2590
3 2591 2626 2592
3 2591 2592 2590
3 2739 2594 2593
3 2739 2593 2589
3 2593 2594 2596
3 2593 2596 2595
3 2600 2597 2595
3 2600 2595 2596
3 2591 2595 2597
3 2591 2597 2599
3 2600 2602 2598
3 2600 2598 2597
3 2598 2610 2599
3 2598 2599 2597
3 2823 2601 2600
3 2823 2600 2596
3 2600 2601 2603
3 2600 2603 2602
3 2605 2604 2602
3 2605 2602 2603
3 2598 2602 2604
3 2598 2604 2607
3 2605 2835 2606
3 2605 2606 2604
3 2606 2608 2607
3 2606 2607 2604
3 2609 2607 2608
3 2609 2608 2611
3 2598 2607 2609
3 2598 2609 2610
3 2609 2612 2613
3 2609 2613 2610
3 2609 2611 2614
3 2609 2614 2612
3 2617 2613 2612
3 2617 2612 2615
3 2614 2616 2615
3 2614 2615 2612
3 2419 2615 2616
3 2419 2616 2421
3 2617 2615 2419
3 2617 2419 2619
3 2628 2613 2617
3 2628 2617 2618
3 2617 2619 2620
3 2617 2620 2618
3 2622 2620 2619
3 2622 2619 2414
3 2621 2620 2622
3 2621 2622 2623
3 2621 2625 2618
3 2621 2618 2620
3 2622 2415 2624
3 2622 2624 2623
3 2621 2623 2576
3 2621 2576 2579
3 2574 2576 2623
3 2574 2623 2624
3 2405 2624 2415
3 2405 2415 2407
3 2574 2624 2405
3 2574 2405 2403
3 2627 2625 2621
3 2627 2621 2579
3 2628 2618 2625
3 2628 2625 2626
3 2627 2592 2626
3 2627 2626 2625
3 2584 2592 2627
3 2584 2627 2578
3 2591 2599 2628
3 2591 2628 2626
3 2628 2599 2610
3 2628 2610 2613
3 2614 2630 2629
3 2614 2629 2616
3 2421 2616 2629
3 2421 2629 2423
3 2423 2629 2631
3 2423 2631 2426
3 2630 2632 2631
3 2630 2631 2629
3 2632 2634 2633
3 2632 2633 2631
3 2426 2631 2633
3 2426 2633 2428
3 2428 2633 2635
3 2428 2635 2430
3 2634 2636 2635
3 2634 2635 2633
3 2636 2638 2637
3 2636 2637 2635
3 2430 2635 2637
3 2430 2637 2432
3 2432 2637 2639
3 2432 2639 2434
3 2638 2640 2639
3 2638 2639 2637
3 2640 2642 2641
3 2640 2641 2639
3 2434 2639 2641
3 2434 2641 2436
3 2436 2641 2643
3 2436 2643 2438
3 2642 2644 2643
3 2642 2643 2641
3 2645 2643 2644
3 2645 2644 2646
3 2438 2643 2645
3 2438 2645 2647
3 2649 2648 2645
3 2649 2645 2646
3 2647 2645 2648
3 2647 2648 2651
3 2649 2879 2650
3 2649 2650 2648
3 2650 2652 2651
3 2650 2651 2648
3 2653 2651 2652
3 2653 2652 2654
3 2647 2651 2653
3 2647 2653 2439
3 2653 2654 2656
3 2653 2656 2442
3 2657 2655 2654
3 2657 2654 2652
3 2656 2654 2655
3 2656 2655 2456
3 2656 2451 2444
3 2656 2444 2442
3 2657 2659 2658
3 2657 2658 2655
3 2658 2458 2456
3 2658 2456 2655
3 2658 2659 2662
3 2658 2662 2660
3 2658 2660 2460
3 2658 2460 2458
3 2660 2661 2463
3 2660 2463 2460
3 2660 2662 2664
3 2660 2664 2661
3 2663 2662 2659
3 2663 2659 2877
3 2663 2665 2664
3 2663 2664 2662
3 2665 2667 2666
3 2665 2666 2664
3 2661 2664 2666
3 2661 2666 2669
3 2667 2885 2668
3 2667 2668 2666
3 2669 2666 2668
3 2669 2668 2670
3 2661 2669 2467
3 2661 2467 2463
3 2669 2670 2672
3 2669 2672 2467
3 2670 2671 2673
3 2670 2673 2672
3 2670 2668 3176
3 2670 3176 2671
3 2466 2672 2673
3 2466 2673 2675
3 2671 3177 2674
3 2671 2674 2673
3 2675 2673 2674
3 2675 2674 2676
3 2466 2675 2477
3 2466 2477 2469
3 2675 2676 2480
3 2675 2480 2477
3 2676 2674 2679
3 2676 2679 2677
3 2676 2677 2483
3 2676 2483 2480
3 2677 2678 2486
3 2677 2486 2483
3 2677 2679 2681
3 2677 2681 2678
3 3177 2680 2679
3 3177 2679 2674
3 2680 2682 2681
3 2680 2681 2679
3 2678 2681 2683
3 2678 2683 2686
3 2682 2684 2683
3 2682 2683 2681
3 2684 3171 2685
3 2684 2685 2683
3 2686 2683 2685
3 2686 2685 2687
3 2678 2686 2489
3 2678 2489 2486
3 2686 2687 2492
3 2686 2492 2489
3 2687 2685 2689
3 2687 2689 2688
3 2687 2688 2495
3 2687 2495 2492
3 2689 2691 2690
3 2689 2690 2688
3 2498 2495 2688
3 2498 2688 2690
3 2503 2690 2691
3 2503 2691 2693
3 2689 3170 2692
3 2689 2692 2691
3 2692 2694 2693
3 2692 2693 2691
3 2695 2693 2694
3 2695 2694 2696
3 2503 2693 2695
3 2503 2695 2505
3 2695 2696 2698
3 2695 2698 2697
3 2695 2697 2508
3 2695 2508 2505
3 2511 2508 2697
3 2511 2697 2515
3 2698 2700 2515
3 2698 2515 2697
3 2698 2696 3164
3 2698 3164 2699
3 2698 2699 2701
3 2698 2701 2700
3 2701 2703 2516
3 2701 2516 2700
3 2701 2699 3161
3 2701 3161 2702
3 2701 2702 2704
3 2701 2704 2703
3 2704 2706 2519
3 2704 2519 2703
3 2704 2702 3159
3 2704 3159 2705
3 2704 2705 2707
3 2704 2707 2706
3 2521 2519 2706
3 2521 2706 2708
3 2707 2709 2708
3 2707 2708 2706
3 2525 2708 2709
3 2525 2709 2711
3 2707 3154 2710
3 2707 2710 2709
3 2710 2712 2711
3 2710 2711 2709
3 2713 2711 2712
3 2713 2712 2714
3 2525 2711 2713
3 2525 2713 2527
3 2713 2715 2530
3 2713 2530 2527
3 2713 2714 2716
3 2713 2716 2715
3 2533 2530 2715
3 2533 2715 2717
3 2716 2718 2717
3 2716 2717 2715
3 2533 2717 2719
3 2533 2719 2536
3 2718 2720 2719
3 2718 2719 2717
3 2720 2722 2721
3 2720 2721 2719
3 2721 2538 2536
3 2721 2536 2719
3 2721 2722 2724
3 2721 2724 2544
3 2726 2724 2722
3 2726 2722 2723
3 2720 2782 2723
3 2720 2723 2722
3 2726 2728 2725
3 2726 2725 2724
3 2725 2546 2544
3 2725 2544 2724
3 2779 2727 2726
3 2779 2726 2723
3 2726 2727 2730
3 2726 2730 2728
3 2728 2729 3180
3 2728 3180 2725
3 2728 2730 2732
3 2728 2732 2729
3 2731 2730 2727
3 2731 2727 2778
3 2731 2733 2732
3 2731 2732 2730
3 2733 2735 2734
3 2733 2734 2732
3 2734 2736 2729
3 2734 2729 2732
3 2735 2738 2737
3 2735 2737 2734
3 2734 2737 2586
3 2734 2586 2736
3 2740 2739 2737
3 2740 2737 2738
3 2739 2589 2586
3 2739 2586 2737
3 2740 2741 2594
3 2740 2594 2739
3 2742 2740 2738
3 2742 2738 2744
3 2742 2743 2741
3 2742 2741 2740
3 2742 2745 2747
3 2742 2747 2743
3 2748 2745 2742
3 2748 2742 2744
3 2816 2747 2745
3 2816 2745 2746
3 2748 2749 2746
3 2748 2746 2745
3 2750 2752 2749
3 2750 2749 2748
3 2750 2748 2744
3 2750 2744 2753
3 2751 2750 2753
3 2751 2753 2754
3 2751 3178 2752
3 2751 2752 2750
3 2733 2754 2753
3 2733 2753 2735
3 2735 2753 2744
3 2735 2744 2738
3 2751 2754 2755
3 2751 2755 2757
3 2731 2755 2754
3 2731 2754 2733
3 2756 2755 2731
3 2756 2731 2778
3 2756 2759 2757
3 2756 2757 2755
3 2758 2757 2759
3 2758 2759 2761
3 2758 3178 2751
3 2758 2751 2757
3 2776 2760 2759
3 2776 2759 2756
3 2759 2760 2763
3 2759 2763 2761
3 2805 2758 2761
3 2805 2761 2762
3 2761 2763 2764
3 2761 2764 2762
3 2765 2763 2760
3 2765 2760 2766
3 2765 2767 2764
3 2765 2764 2763
3 2765 2766 2769
3 2765 2769 2767
3 2768 2801 2764
3 2768 2764 2767
3 2768 2767 2769
3 2768 2769 2770
3 2771 2769 2766
3 2771 2766 2774
3 2770 2769 2771
3 2770 2771 2772
3 2771 2773 2787
3 2771 2787 2772
3 2771 2774 2775
3 2771 2775 2773
3 2774 2766 2760
3 2774 2760 2776
3 2774 2776 2777
3 2774 2777 2775
3 2776 2756 2778
3 2776 2778 2777
3 2779 2777 2778
3 2779 2778 2727
3 2780 2775 2777
3 2780 2777 2779
3 2780 2779 2723
3 2780 2723 2782
3 2781 2780 2782
3 2781 2782 2783
3 2781 2773 2775
3 2781 2775 2780
3 2718 2783 2782
3 2718 2782 2720
3 2786 2781 2783
3 2786 2783 2784
3 2716 2784 2783
3 2716 2783 2718
3 2788 2786 2784
3 2788 2784 2785
3 2716 2714 2785
3 2716 2785 2784
3 2788 2790 2787
3 2788 2787 2786
3 2786 2787 2773
3 2786 2773 2781
3 3152 2789 2788
3 3152 2788 2785
3 2788 2789 2791
3 2788 2791 2790
3 2793 2792 2790
3 2793 2790 2791
3 2787 2790 2792
3 2787 2792 2772
3 2793 2795 2794
3 2793 2794 2792
3 2794 2770 2772
3 2794 2772 2792
3 2794 2795 2797
3 2794 2797 2796
3 2794 2796 2768
3 2794 2768 2770
3 2799 2798 2796
3 2799 2796 2797
3 2768 2796 2798
3 2768 2798 2801
3 2799 3148 2800
3 2799 2800 2798
3 2800 2802 2801
3 2800 2801 2798
3 2762 2764 2801
3 2762 2801 2802
3 2800 2804 2803
3 2800 2803 2802
3 2803 2805 2762
3 2803 2762 2802
3 2803 2804 2809
3 2803 2809 2806
3 2803 2806 2808
3 2803 2808 2805
3 3179 2808 2806
3 3179 2806 2807
3 2810 2807 2806
3 2810 2806 2809
3 2811 2809 2804
3 2811 2804 2813
3 2811 2814 2810
3 2811 2810 2809
3 2949 2812 2811
3 2949 2811 2813
3 2811 2812 2815
3 2811 2815 2814
3 2816 2814 2815
3 2816 2815 2817
3 2810 2814 2816
3 2810 2816 2746
3 2816 2817 2819
3 2816 2819 2747
3 2951 2818 2817
3 2951 2817 2815
3 2819 2817 2818
3 2819 2818 2820
3 2819 2820 2822
3 2819 2822 2821
3 2819 2821 2743
3 2819 2743 2747
3 2821 2823 2741
3 2821 2741 2743
3 2821 2822 2601
3 2821 2601 2823
3 2823 2596 2594
3 2823 2594 2741
3 2826 2824 2822
3 2826 2822 2820
3 2824 2603 2601
3 2824 2601 2822
3 2826 2828 2825
3 2826 2825 2824
3 2824 2825 2605
3 2824 2605 2603
3 2827 2826 2820
3 2827 2820 2818
3 2827 2829 2828
3 2827 2828 2826
3 2832 2830 2828
3 2832 2828 2829
3 2830 2833 2825
3 2830 2825 2828
3 2832 3138 2831
3 2832 2831 2830
3 2830 2831 2834
3 2830 2834 2833
3 2605 2825 2833
3 2605 2833 2835
3 2834 2836 2835
3 2834 2835 2833
3 2606 2835 2836
3 2606 2836 2838
3 2834 3147 2837
3 2834 2837 2836
3 2837 2839 2838
3 2837 2838 2836
3 2840 2838 2839
3 2840 2839 2842
3 2606 2838 2840
3 2606 2840 2608
3 2840 2841 2611
3 2840 2611 2608
3 2840 2842 2843
3 2840 2843 2841
3 2842 2844 2847
3 2842 2847 2843
3 2842 2839 2845
3 2842 2845 2844
3 2844 2845 3125
3 2844 3125 2846
3 2844 2846 2848
3 2844 2848 2847
3 2632 2843 2847
3 2632 2847 2634
3 2634 2847 2848
3 2634 2848 2636
3 2846 2850 2849
3 2846 2849 2848
3 2636 2848 2849
3 2636 2849 2638
3 2850 2852 2851
3 2850 2851 2849
3 2638 2849 2851
3 2638 2851 2640
3 2852 2854 2853
3 2852 2853 2851
3 2640 2851 2853
3 2640 2853 2642
3 2855 2853 2854
3 2855 2854 2856
3 2642 2853 2855
3 2642 2855 2644
3 2855 2857 2646
3 2855 2646 2644
3 2855 2856 2859
3 2855 2859 2857
3 2857 2858 2649
3 2857 2649 2646
3 2857 2859 2861
3 2857 2861 2858
3 2860 2859 2856
3 2860 2856 3106
3 2860 2862 2861
3 2860 2861 2859
3 2862 2865 2863
3 2862 2863 2861
3 2863 2864 2858
3 2863 2858 2861
3 2863 2866 2868
3 2863 2868 2864
3 2863 2865 2867
3 2863 2867 2866
3 2870 2869 2866
3 2870 2866 2867
3 2868 2866 2869
3 2868 2869 2872
3 2870 3025 2871
3 2870 2871 2869
3 2871 2873 2872
3 2871 2872 2869
3 2874 2872 2873
3 2874 2873 2875
3 2868 2872 2874
3 2868 2874 2876
3 2874 2875 2663
3 2874 2663 2877
3 2874 2877 2878
3 2874 2878 2876
3 2657 2878 2877
3 2657 2877 2659
3 2650 2878 2657
3 2650 2657 2652
3 2650 2879 2876
3 2650 2876 2878
3 2868 2876 2879
3 2868 2879 2864
3 2649 2858 2864
3 2649 2864 2879
3 2881 2880 2875
3 2881 2875 2873
3 2663 2875 2880
3 2663 2880 2665
3 2881 2883 2882
3 2881 2882 2880
3 2665 2880 2882
3 2665 2882 2667
3 2667 2882 2884
3 2667 2884 2885
3 2883 2886 2884
3 2883 2884 2882
3 2885 2884 2887
3 2885 2887 2888
3 2886 2889 2887
3 2886 2887 2884
3 2888 2887 2890
3 2888 2890 2891
3 2889 2892 2890
3 2889 2890 2887
3 2891 2890 2893
3 2891 2893 2894
3 2892 2895 2893
3 2892 2893 2890
3 2894 2893 2896
3 2894 2896 2898
3 2895 2897 2896
3 2895 2896 2893
3 2899 2896 2897
3 2899 2897 2900
3 2898 2896 2899
3 2898 2899 2901
3 2899 2900 2904
3 2899 2904 2902
3 2899 2902 2903
3 2899 2903 2901
3 2907 2903 2902
3 2907 2902 2905
3 2904 2906 2905
3 2904 2905 2902
3 2908 2905 2906
3 2908 2906 2911
3 2907 2905 2908
3 2907 2908 2909
3 2908 2910 3165
3 2908 3165 2909
3 2908 2911 2913
3 2908 2913 2910
3 3060 2912 2911
3 3060 2911 2906
3 2913 2911 2912
3 2913 2912 2915
3 2913 2914 3162
3 2913 3162 2910
3 2913 2915 2917
3 2913 2917 2914
3 3057 2916 2915
3 3057 2915 2912
3 2917 2915 2916
3 2917 2916 2919
3 2917 2918 3157
3 2917 3157 2914
3 2917 2919 2921
3 2917 2921 2918
3 3058 2920 2919
3 3058 2919 2916
3 2921 2919 2920
3 2921 2920 2923
3 2921 2922 3158
3 2921 3158 2918
3 2921 2923 2925
3 2921 2925 2922
3 2973 2924 2923
3 2973 2923 2920
3 2925 2923 2924
3 2925 2924 2926
3 2925 2926 2929
3 2925 2929 2927
3 2925 2927 2928
3 2925 2928 2922
3 2931 2928 2927
3 2931 2927 2930
3 2929 2933 2930
3 2929 2930 2927
3 2931 2930 2932
3 2931 2932 3149
3 2932 2930 2933
3 2932 2933 2935
3 2929 2969 2934
3 2929 2934 2933
3 2934 2936 2935
3 2934 2935 2933
3 2932 2935 2793
3 2932 2793 2791
3 2793 2935 2936
3 2793 2936 2795
3 2934 2939 2937
3 2934 2937 2936
3 2937 2797 2795
3 2937 2795 2936
3 2937 2938 2799
3 2937 2799 2797
3 2937 2939 2941
3 2937 2941 2938
3 2942 2941 2939
3 2942 2939 2940
3 2934 2969 2940
3 2934 2940 2939
3 2942 2945 2943
3 2942 2943 2941
3 2943 2944 2938
3 2943 2938 2941
3 2943 2946 2949
3 2943 2949 2944
3 2943 2945 2947
3 2943 2947 2946
3 2950 2948 2946
3 2950 2946 2947
3 2949 2946 2948
3 2949 2948 2812
3 2949 2813 3148
3 2949 3148 2944
3 2950 2952 2951
3 2950 2951 2948
3 2951 2815 2812
3 2951 2812 2948
3 2951 2952 2827
3 2951 2827 2818
3 2950 2955 2953
3 2950 2953 2952
3 2827 2952 2953
3 2827 2953 2829
3 2954 2953 2955
3 2954 2955 2956
3 2954 2832 2829
3 2954 2829 2953
3 2957 2959 2956
3 2957 2956 2955
3 2957 2955 2950
3 2957 2950 2947
3 2961 2959 2957
3 2961 2957 2958
3 2957 2947 2945
3 2957 2945 2958
3 3140 2956 2959
3 3140 2959 2960
3 2961 2962 2960
3 2961 2960 2959
3 2964 2962 2961
3 2964 2961 2963
3 2961 2958 2966
3 2961 2966 2963
3 2964 2963 2965
3 2964 2965 2972
3 2967 2965 2963
3 2967 2963 2966
3 2942 2966 2958
3 2942 2958 2945
3 2967 2966 2942
3 2967 2942 2940
3 2970 2965 2967
3 2970 2967 2968
3 2967 2940 2969
3 2967 2969 2968
3 2970 2968 2926
3 2970 2926 2924
3 2929 2926 2968
3 2929 2968 2969
3 2973 2971 2970
3 2973 2970 2924
3 2970 2971 2972
3 2970 2972 2965
3 2977 2972 2971
3 2977 2971 2974
3 2973 2976 2974
3 2973 2974 2971
3 2975 2974 2976
3 2975 2976 3054
3 2975 2979 2977
3 2975 2977 2974
3 2977 2978 2964
3 2977 2964 2972
3 2977 2979 2981
3 2977 2981 2978
3 2982 2981 2979
3 2982 2979 2980
3 2975 3055 2980
3 2975 2980 2979
3 2982 2986 2983
3 2982 2983 2981
3 2983 2985 2978
3 2983 2978 2981
3 2983 2986 2987
3 2983 2987 2984
3 2983 2984 3143
3 2983 3143 2985
3 2991 2987 2986
3 2991 2986 2988
3 2982 2990 2988
3 2982 2988 2986
3 2989 2988 2990
3 2989 2990 3064
3 2989 2993 2991
3 2989 2991 2988
3 2991 2993 2995
3 2991 2995 2992
3 2991 2992 3144
3 2991 3144 2987
3 2989 3070 2994
3 2989 2994 2993
3 2997 2995 2993
3 2997 2993 2994
3 2996 3146 2992
3 2996 2992 2995
3 2996 2995 2997
3 2996 2997 2998
3 2997 2999 3000
3 2997 3000 2998
3 2997 2994 3001
3 2997 3001 2999
3 3005 3000 2999
3 3005 2999 3002
3 3001 3003 3002
3 3001 3002 2999
3 3004 3002 3003
3 3004 3003 3075
3 3005 3002 3004
3 3005 3004 3007
3 3111 3000 3005
3 3111 3005 3006
3 3005 3007 3009
3 3005 3009 3006
3 3011 3009 3007
3 3011 3007 3008
3 3100 3008 3007
3 3100 3007 3004
3 3011 3012 3010
3 3011 3010 3009
3 3006 3009 3010
3 3006 3010 3112
3 3011 3008 3013
3 3011 3013 3012
3 3014 3012 3013
3 3014 3013 3017
3 3015 3010 3012
3 3015 3012 3014
3 3015 3014 3016
3 3015 3016 3101
3 3014 3017 3018
3 3014 3018 3016
3 3017 3019 3022
3 3017 3022 3018
3 3017 3013 3020
3 3017 3020 3019
3 3098 3021 3019
3 3098 3019 3020
3 3021 3023 3022
3 3021 3022 3019
3 2870 3022 3023
3 2870 3023 3025
3 3018 3022 2870
3 3018 2870 2867
3 3021 3097 3024
3 3021 3024 3023
3 3024 3026 3025
3 3024 3025 3023
3 2871 3025 3026
3 2871 3026 3028
3 3024 3096 3027
3 3024 3027 3026
3 3027 3029 3028
3 3027 3028 3026
3 2881 3028 3029
3 2881 3029 2883
3 2871 3028 2881
3 2871 2881 2873
3 3027 3031 3030
3 3027 3030 3029
3 2883 3029 3030
3 2883 3030 2886
3 3031 3033 3032
3 3031 3032 3030
3 2886 3030 3032
3 2886 3032 2889
3 3033 3035 3034
3 3033 3034 3032
3 2889 3032 3034
3 2889 3034 2892
3 3035 3038 3036
3 3035 3036 3034
3 2892 3034 3036
3 2892 3036 2895
3 2895 3036 3037
3 2895 3037 2897
3 3037 3036 3038
3 3037 3038 3040
3 3035 3091 3039
3 3035 3039 3038
3 3039 3041 3040
3 3039 3040 3038
3 3042 3040 3041
3 3042 3041 3045
3 3037 3040 3042
3 3037 3042 3043
3 3042 3044 3061
3 3042 3061 3043
3 3042 3045 3046
3 3042 3046 3044
3 3048 3047 3045
3 3048 3045 3041
3 3046 3045 3047
3 3046 3047 3050
3 3048 3067 3049
3 3048 3049 3047
3 3049 3051 3050
3 3049 3050 3047
3 3052 3050 3051
3 3052 3051 3055
3 3046 3050 3052
3 3046 3052 3053
3 3052 3054 3056
3 3052 3056 3053
3 3052 3055 2975
3 3052 2975 3054
3 3062 2980 3055
3 3062 3055 3051
3 3058 3056 3054
3 3058 3054 2976
3 3057 3059 3053
3 3057 3053 3056
3 3057 3056 3058
3 3057 3058 2916
3 3058 2976 2973
3 3058 2973 2920
3 3060 3059 3057
3 3060 3057 2912
3 3046 3053 3059
3 3046 3059 3044
3 3060 3061 3044
3 3060 3044 3059
3 2904 3061 3060
3 2904 3060 2906
3 2904 2900 3043
3 2904 3043 3061
3 3049 3063 3062
3 3049 3062 3051
3 3062 3063 3064
3 3062 3064 2990
3 3062 2990 2982
3 3062 2982 2980
3 3068 3064 3063
3 3068 3063 3065
3 3049 3067 3065
3 3049 3065 3063
3 3066 3065 3067
3 3066 3067 3094
3 3066 3069 3068
3 3066 3068 3065
3 3068 3069 3071
3 3068 3071 3070
3 3068 3070 2989
3 3068 2989 3064
3 3001 2994 3070
3 3001 3070 3071
3 3001 3071 3072
3 3001 3072 3003
3 3072 3071 3069
3 3072 3069 3073
3 3072 3073 3077
3 3072 3077 3074
3 3072 3074 3075
3 3072 3075 3003
3 3074 3076 3099
3 3074 3099 3075
3 3074 3077 3079
3 3074 3079 3076
3 3080 3079 3077
3 3080 3077 3078
3 3073 3095 3078
3 3073 3078 3077
3 3080 3084 3081
3 3080 3081 3079
3 3081 3082 3076
3 3081 3076 3079
3 3081 3083 3097
3 3081 3097 3082
3 3081 3084 3086
3 3081 3086 3083
3 3080 3078 3085
3 3080 3085 3084
3 3086 3084 3085
3 3086 3085 3088
3 3086 3087 3096
3 3086 3096 3083
3 3086 3088 3089
3 3086 3089 3087
3 3088 3085 3092
3 3088 3092 3090
3 3088 3090 3091
3 3088 3091 3089
3 3039 3091 3090
3 3039 3090 3093
3 3092 3094 3093
3 3092 3093 3090
3 3048 3093 3094
3 3048 3094 3067
3 3039 3093 3048
3 3039 3048 3041
3 3092 3095 3066
3 3092 3066 3094
3 3092 3085 3078
3 3092 3078 3095
3 3066 3095 3073
3 3066 3073 3069
3 3033 3089 3091
3 3033 3091 3035
3 3031 3087 3089
3 3031 3089 3033
3 3027 3096 3087
3 3027 3087 3031
3 3024 3097 3083
3 3024 3083 3096
3 3098 3082 3097
3 3098 3097 3021
3 3099 3076 3082
3 3099 3082 3098
3 3099 3098 3020
3 3099 3020 3100
3 3099 3100 3004
3 3099 3004 3075
3 3020 3013 3008
3 3020 3008 3100
3 3037 3043 2900
3 3037 2900 2897
3 3018 2867 2865
3 3018 2865 3016
3 2862 3101 3016
3 2862 3016 2865
3 3015 3101 3102
3 3015 3102 3103
3 2860 3102 3101
3 2860 3101 2862
3 3104 3107 3103
3 3104 3103 3102
3 3104 3102 2860
3 3104 2860 3106
3 3124 3105 3104
3 3124 3104 3106
3 3104 3105 3108
3 3104 3108 3107
3 3110 3109 3107
3 3110 3107 3108
3 3112 3103 3107
3 3112 3107 3109
3 3110 3113 3111
3 3110 3111 3109
3 3111 3006 3112
3 3111 3112 3109
3 3112 3010 3015
3 3112 3015 3103
3 3111 3113 2998
3 3111 2998 3000
3 2996 2998 3113
3 2996 3113 3114
3 3110 3116 3114
3 3110 3114 3113
3 3115 3114 3116
3 3115 3116 3117
3 3115 3146 2996
3 3115 2996 3114
3 3118 3119 3117
3 3118 3117 3116
3 3118 3116 3110
3 3118 3110 3108
3 3118 3108 3105
3 3118 3105 3120
3 3121 3119 3118
3 3121 3118 3120
3 3121 3120 3122
3 3121 3122 3123
3 3124 3122 3120
3 3124 3120 3105
3 2850 3123 3122
3 2850 3122 2852
3 2852 3122 3124
3 2852 3124 2854
3 3124 3106 2856
3 3124 2856 2854
3 3126 3121 3123
3 3126 3123 3125
3 2846 3125 3123
3 2846 3123 2850
3 3127 3126 3125
3 3127 3125 2845
3 3127 3129 3128
3 3127 3128 3126
3 3126 3128 3119
3 3126 3119 3121
3 3132 3130 3128
3 3132 3128 3129
3 3130 3117 3119
3 3130 3119 3128
3 3130 3131 3115
3 3130 3115 3117
3 3132 3134 3131
3 3132 3131 3130
3 3136 3134 3132
3 3136 3132 3133
3 3132 3129 3147
3 3132 3147 3133
3 3135 3145 3131
3 3135 3131 3134
3 3135 3134 3136
3 3135 3136 3137
3 3136 3138 3139
3 3136 3139 3137
3 3136 3133 2831
3 3136 2831 3138
3 2954 3139 3138
3 2954 3138 2832
3 3140 3141 3137
3 3140 3137 3139
3 3140 3139 2954
3 3140 2954 2956
3 3143 3141 3140
3 3143 3140 2960
3 3135 3137 3141
3 3135 3141 3142
3 3143 2984 3142
3 3143 3142 3141
3 3143 2960 2962
3 3143 2962 2985
3 3144 3142 2984
3 3144 2984 2987
3 3144 3145 3135
3 3144 3135 3142
3 3144 2992 3146
3 3144 3146 3145
3 3115 3131 3145
3 3115 3145 3146
3 2834 2831 3133
3 2834 3133 3147
3 2837 3147 3129
3 2837 3129 3127
3 2837 3127 2845
3 2837 2845 2839
3 2964 2978 2985
3 2964 2985 2962
3 2799 2938 2944
3 2799 2944 3148
3 2800 3148 2813
3 2800 2813 2804
3 2932 2791 2789
3 2932 2789 3149
3 3152 3150 3149
3 3152 3149 2789
3 2931 3149 3150
3 2931 3150 3151
3 2710 3154 3151
3 2710 3151 3150
3 2710 3150 3152
3 2710 3152 2712
3 3152 2785 2714
3 3152 2714 2712
3 3153 3151 3154
3 3153 3154 3155
3 3153 2928 2931
3 3153 2931 3151
3 2707 2705 3155
3 2707 3155 3154
3 3156 3155 2705
3 3156 2705 3159
3 3156 3158 3153
3 3156 3153 3155
3 3160 3157 3156
3 3160 3156 3159
3 3156 3157 2918
3 3156 2918 3158
3 3160 3159 2702
3 3160 2702 3161
3 3160 3162 2914
3 3160 2914 3157
3 3163 3162 3160
3 3163 3160 3161
3 3163 3165 2910
3 3163 2910 3162
3 3166 3165 3163
3 3166 3163 3164
3 3163 3161 2699
3 3163 2699 3164
3 3166 3167 2909
3 3166 2909 3165
3 2692 3167 3166
3 2692 3166 2694
3 3166 3164 2696
3 3166 2696 2694
3 2907 2909 3167
3 2907 3167 3168
3 2692 3170 3168
3 2692 3168 3167
3 3169 3168 3170
3 3169 3170 3171
3 3169 2903 2907
3 3169 2907 3168
3 2689 2685 3171
3 2689 3171 3170
3 2684 3172 3169
3 2684 3169 3171
3 3169 3172 2901
3 3169 2901 2903
3 2898 2901 3172
3 2898 3172 3173
3 2682 3173 3172
3 2682 3172 2684
3 2894 2898 3173
3 2894 3173 3174
3 2680 3174 3173
3 2680 3173 2682
3 2891 2894 3174
3 2891 3174 3175
3 3177 3175 3174
3 3177 3174 2680
3 2888 2891 3175
3 2888 3175 3176
3 2671 3176 3175
3 2671 3175 3177
3 2885 2888 3176
3 2885 3176 2668
3 3153 3158 2922
3 3153 2922 2928
3 2630 2841 2843
3 2630 2843 2632
3 2614 2611 2841
3 2614 2841 2630
3 2810 2746 2749
3 2810 2749 2807
3 2805 2808 3178
3 2805 3178 2758
3 3179 2752 3178
3 3179 3178 2808
3 3179 2807 2749
3 3179 2749 2752
3 2736 2587 3180
3 2736 3180 2729
3 2725 3180 2548
3 2725 2548 2546
3 2548 3180 2587
3 2548 2587 2583
3 2352 2350 2507
3 2352 2507 2510
3 2501 2507 2350
3 2501 2350 3181
3 2500 3181 2349
3 2500 2349 3182
3 3183 2497 2500
3 3183 2500 3182
3 3183 3182 3184
3 3183 3184 3185
3 2344 3184 3182
3 2344 3182 2349
3 3187 3185 3184
3 3187 3184 2343
3 3199 3183 3185
3 3199 3185 3186
3 3188 3186 3185
3 3188 3185 3187
3 3188 3187 3189
3 3188 3189 3190
3 3187 2343 2341
3 3187 2341 3189
3 2332 3190 3189
3 2332 3189 2335
3 2335 3189 2341
3 2335 2341 2337
3 3193 3188 3190
3 3193 3190 3191
3 2330 3191 3190
3 2330 3190 2332
3 3194 3193 3191
3 3194 3191 3192
3 2328 3192 3191
3 2328 3191 2330
3 3194 3196 3195
3 3194 3195 3193
3 3193 3195 3186
3 3193 3186 3188
3 3198 3197 3195
3 3198 3195 3196
3 3197 3199 3186
3 3197 3186 3195
3 3198 2488 2491
3 3198 2491 3197
3 3197 2491 2494
3 3197 2494 3199
3 3199 2494 2497
3 3199 2497 3183
3 3200 3198 3196
3 3200 3196 3202
3 3200 2485 2488
3 3200 2488 3198
3 3201 2482 2485
3 3201 2485 3200
3 3201 3200 3202
3 3201 3202 3203
3 3205 3203 3202
3 3205 3202 3204
3 3204 3202 3196
3 3204 3196 3194
3 3205 3204 3206
3 3205 3206 3207
3 3204 3194 3192
3 3204 3192 3206
3 2320 3207 3206
3 2320 3206 3208
3 3208 3206 3192
3 3208 3192 2328
3 3211 3205 3207
3 3211 3207 3209
3 2318 3209 3207
3 2318 3207 2320
3 3212 3211 3209
3 3212 3209 3210
3 2316 3210 3209
3 2316 3209 2318
3 3212 3214 3213
3 3212 3213 3211
3 3211 3213 3203
3 3211 3203 3205
3 3216 3215 3213
3 3216 3213 3214
3 3215 3201 3203
3 3215 3203 3213
3 3216 2476 2479
3 3216 2479 3215
3 3215 2479 2482
3 3215 2482 3201
3 3217 3216 3214
3 3217 3214 3219
3 3217 2474 2476
3 3217 2476 3216
3 3218 2472 2474
3 3218 2474 3217
3 3218 3217 3219
3 3218 3219 3220
3 3222 3220 3219
3 3222 3219 3221
3 3221 3219 3214
3 3221 3214 3212
3 3222 3221 3223
3 3222 3223 3224
3 3221 3212 3210
3 3221 3210 3223
3 2312 3224 3223
3 2312 3223 2314
3 2314 3223 3210
3 2314 3210 2316
3 3227 3222 3224
3 3227 3224 3225
3 2312 2310 3225
3 2312 3225 3224
3 3226 3225 2310
3 3226 2310 2308
3 3226 3228 3227
3 3226 3227 3225
3 3227 3228 3230
3 3227 3230 3229
3 3227 3229 3220
3 3227 3220 3222
3 3232 3231 3229
3 3232 3229 3230
3 3231 3218 3220
3 3231 3220 3229
3 3232 3234 3233
3 3232 3233 3231
3 3231 3233 2472
3 3231 2472 3218
3 3236 2471 3233
3 3236 3233 3234
3 3237 3236 3234
3 3237 3234 3235
3 3232 3239 3235
3 3232 3235 3234
3 3237 2453 2461
3 3237 2461 3236
3 3236 2461 2464
3 3236 2464 2471
3 3238 2454 3237
3 3238 3237 3235
3 3238 3235 3239
3 3238 3239 3240
3 3241 3242 3240
3 3241 3240 3239
3 3241 3239 3232
3 3241 3232 3230
3 3244 3242 3241
3 3244 3241 3243
3 3241 3230 3228
3 3241 3228 3243
3 3244 3243 3245
3 3244 3245 3246
3 3226 3245 3243
3 3226 3243 3228
3 2303 3246 3245
3 2303 3245 2305
3 2305 3245 3226
3 2305 3226 2308
3 3248 3244 3246
3 3248 3246 3247
3 2301 3247 3246
3 2301 3246 2303
3 3251 3248 3247
3 3251 3247 3249
3 2299 3249 3247
3 2299 3247 2301
3 3252 3251 3249
3 3252 3249 3250
3 2296 3250 3249
3 2296 3249 2299
3 3251 3253 3256
3 3251 3256 3248
3 3252 3254 3253
3 3252 3253 3251
3 3263 3255 3253
3 3263 3253 3254
3 3255 3257 3256
3 3255 3256 3253
3 3248 3256 3242
3 3248 3242 3244
3 3257 3240 3242
3 3257 3242 3256
3 3255 3259 3258
3 3255 3258 3257
3 3257 3258 3238
3 3257 3238 3240
3 2448 2450 3258
3 2448 3258 3259
3 3238 3258 2450
3 3238 2450 2454
3 2448 3259 3260
3 2448 3260 3261
3 3263 3260 3259
3 3263 3259 3255
3 3262 3280 3261
3 3262 3261 3260
3 3262 3260 3263
3 3262 3263 3264
3 3263 3254 3266
3 3263 3266 3264
3 3262 3264 3265
3 3262 3265 3278
3 3267 3265 3264
3 3267 3264 3266
3 3267 3266 3268
3 3267 3268 3269
3 3268 3266 3254
3 3268 3254 3252
3 3268 3270 3271
3 3268 3271 3269
3 3268 3252 3250
3 3268 3250 3270
3 2289 3271 3270
3 2289 3270 2294
3 2294 3270 3250
3 2294 3250 2296
3 2288 3272 3269
3 2288 3269 3271
3 3267 3269 3272
3 3267 3272 3273
3 2278 3272 2288
3 2278 2288 2280
3 2278 2276 3273
3 2278 3273 3272
3 3274 3273 2276
3 3274 2276 3275
3 3274 3265 3267
3 3274 3267 3273
3 3274 3276 3278
3 3274 3278 3265
3 2260 3276 3274
3 2260 3274 3275
3 3279 3278 3276
3 3279 3276 3277
3 2254 3277 3276
3 2254 3276 2260
3 3279 3280 3262
3 3279 3262 3278
3 2248 3281 3280
3 2248 3280 3279
3 2248 3279 3277
3 2248 3277 2250
3 3282 3261 3280
3 3282 3280 3281
3 2247 2446 3282
3 2247 3282 3281
3 2448 3261 3282
3 2448 3282 2446
3 3283 2401 2408
3 3283 2408 2207
3 3283 2201 2199
3 3283 2199 2397
3 3284 2375 2377
3 3284 2377 2146
3 3284 3285 2373
3 3284 2373 2375
3 2140 3285 3284
3 2140 3284 2142
3 2361 2373 3285
3 2361 3285 3286
3 2140 2138 3286
3 2140 3286 3285
3 2357 3286 2138
3 2357 2138 2136
3 2102 2325 3287
3 2102 3287 2107
3 2286 2047 2044
3 2286 2044 2284
3 2040 3288 2284
3 2040 2284 2044
3 2039 3289 2283
3 2039 2283 3288
3 3290 2281 2283
3 3290 2283 3289
3 2037 3291 3289
3 2037 3289 2039
3 3293 3290 3289
3 3293 3289 3291
3 3295 3293 3291
3 3295 3291 3292
3 2035 3292 3291
3 2035 3291 2037
3 3295 3297 3294
3 3295 3294 3293
3 3293 3294 2272
3 3293 2272 3290
3 3296 3295 3292
3 3296 3292 3304
3 3296 3298 3297
3 3296 3297 3295
3 2212 3299 3297
3 2212 3297 3298
3 3299 2271 3294
3 3299 3294 3297
3 3299 2211 2269
3 3299 2269 2271
3 2204 2212 3298
3 2204 3298 3300
3 3301 3300 3298
3 3301 3298 3296
3 3303 2205 3300
3 3303 3300 3301
3 3303 3301 3302
3 3303 3302 2188
3 3301 3296 3304
3 3301 3304 3302
3 2202 2205 3303
3 2202 3303 2187
3 3305 3302 3304
3 3305 3304 3307
3 2185 2188 3302
3 2185 3302 3305
3 2185 3305 3306
3 2185 3306 2183
3 3305 3307 2034
3 3305 2034 3306
3 3307 3304 3292
3 3307 3292 2035
3 2024 2183 3306
3 2024 3306 2026
3 2026 3306 2034
3 2026 2034 2029
3 3290 2272 2274
3 3290 2274 2281
3 2252 3308 2226
3 2252 2226 2233
3 2175 2171 2190
3 2175 2190 2179
3 2005 3309 2172
3 2005 2172 2174
3 2165 2172 3309
3 2165 3309 3310
3 2002 3311 3310
3 2002 3310 3309
3 2164 3310 3311
3 2164 3311 3312
3 2001 3313 3312
3 2001 3312 3311
3 2154 3312 3313
3 2154 3313 2150
3 2154 2157 2164
3 2154 2164 3312
3 3314 2144 2150
3 3314 2150 3313
3 3314 3313 2001
3 3314 2001 1997
3 3316 2098 2100
3 3316 2100 3315
3 3316 3315 1946
3 3316 1946 3318
3 3319 3317 3316
3 3319 3316 3318
3 3316 3317 3336
3 3316 3336 2098
3 3319 3318 3320
3 3319 3320 3321
3 1941 3320 3318
3 1941 3318 1946
3 1938 3323 3321
3 1938 3321 3320
3 3322 3321 3323
3 3322 3323 3324
3 3322 3332 3319
3 3322 3319 3321
3 1927 3324 3323
3 1927 3323 1937
3 3327 3322 3324
3 3327 3324 3325
3 1925 3325 3324
3 1925 3324 1927
3 3328 3327 3325
3 3328 3325 3326
3 1923 3326 3325
3 1923 3325 1925
3 3328 3330 3329
3 3328 3329 3327
3 3327 3329 3332
3 3327 3332 3322
3 3337 3331 3329
3 3337 3329 3330
3 3331 3333 3332
3 3331 3332 3329
3 3319 3332 3333
3 3319 3333 3317
3 3331 3335 3334
3 3331 3334 3333
3 3334 3336 3317
3 3334 3317 3333
3 3334 3335 2083
3 3334 2083 2089
3 3334 2089 2092
3 3334 2092 3336
3 3337 2082 3335
3 3337 3335 3331
3 3338 2080 2082
3 3338 2082 3337
3 3338 3337 3330
3 3338 3330 3340
3 3339 3338 3340
3 3339 3340 3341
3 3339 2078 2080
3 3339 2080 3338
3 3343 3341 3340
3 3343 3340 3342
3 3342 3340 3330
3 3342 3330 3328
3 3343 3342 3344
3 3343 3344 3345
3 3342 3328 3326
3 3342 3326 3344
3 1913 3345 3344
3 1913 3344 3346
3 3346 3344 3326
3 3346 3326 1923
3 3349 3343 3345
3 3349 3345 3347
3 1911 3347 3345
3 1911 3345 1913
3 3350 3349 3347
3 3350 3347 3348
3 1909 3348 3347
3 1909 3347 1911
3 3350 3352 3351
3 3350 3351 3349
3 3349 3351 3341
3 3349 3341 3343
3 3354 3353 3351
3 3354 3351 3352
3 3353 3339 3341
3 3353 3341 3351
3 3354 2068 3355
3 3354 3355 3353
3 3353 3355 2078
3 3353 2078 3339
3 3356 3354 3352
3 3356 3352 3358
3 3356 2066 2068
3 3356 2068 3354
3 3357 2064 2066
3 3357 2066 3356
3 3357 3356 3358
3 3357 3358 3359
3 3361 3359 3358
3 3361 3358 3360
3 3360 3358 3352
3 3360 3352 3350
3 3361 3360 3362
3 3361 3362 3363
3 3360 3350 3348
3 3360 3348 3362
3 1899 3363 3362
3 1899 3362 3364
3 3364 3362 3348
3 3364 3348 1909
3 3367 3361 3363
3 3367 3363 3365
3 1897 3365 3363
3 1897 3363 1899
3 3368 3367 3365
3 3368 3365 3366
3 1895 3366 3365
3 1895 3365 1897
3 3368 3370 3369
3 3368 3369 3367
3 3367 3369 3359
3 3367 3359 3361
3 3373 3371 3369
3 3373 3369 3370
3 3371 3357 3359
3 3371 3359 3369
3 3373 2054 3372
3 3373 3372 3371
3 3371 3372 2064
3 3371 2064 3357
3 3374 2052 2054
3 3374 2054 3373
3 3374 3373 3370
3 3374 3370 3376
3 3375 3374 3376
3 3375 3376 3377
3 3375 2050 2052
3 3375 2052 3374
3 3379 3377 3376
3 3379 3376 3378
3 3378 3376 3370
3 3378 3370 3368
3 3379 3378 3380
3 3379 3380 3381
3 3378 3368 3366
3 3378 3366 3380
3 1879 3381 3380
3 1879 3380 3382
3 3382 3380 3366
3 3382 3366 1895
3 1879 3382 1889
3 1879 1889 1882
3 3383 3379 3381
3 3383 3381 1880
3 3383 1865 3377
3 3383 3377 3379
3 1866 3383 1880
3 1866 1880 1871
3 1863 3375 3377
3 1863 3377 1865
3 1863 1861 2050
3 1863 2050 3375
3 1799 3384 1991
3 1799 1991 1993
3 1984 1991 3384
3 1984 3384 3385
3 1795 1975 3385
3 1795 3385 3384
3 1716 1934 1745
3 1716 1745 1718
3 1714 1932 1934
3 1714 1934 1716
3 1712 1930 1932
3 1712 1932 1714
3 1710 3386 1930
3 1710 1930 1712
3 1708 1920 3386
3 1708 3386 1710
3 1706 1918 1920
3 1706 1920 1708
3 1704 1916 1918
3 1704 1918 1706
3 3388 3387 1916
3 3388 1916 1704
3 3389 1906 3387
3 3389 3387 3388
3 3389 3388 1701
3 3389 1701 1698
3 3390 1904 1906
3 3390 1906 3389
3 3390 3389 1698
3 3390 1698 1695
3 3391 1902 1904
3 3391 1904 3390
3 3391 3390 1695
3 3391 1695 1692
3 3392 3391 1692
3 3392 1692 1689
3 3392 3393 1902
3 3392 1902 3391
3 3394 1892 3393
3 3394 3393 3392
3 3394 3392 1689
3 3394 1689 1686
3 3395 3394 1686
3 3395 1686 1683
3 3395 1890 1892
3 3395 1892 3394
3 3396 3395 1683
3 3396 1683 1680
3 3396 1887 1890
3 3396 1890 3395
3 3397 3396 1680
3 3397 1680 1677
3 3397 1885 1887
3 3397 1887 3396
3 3398 3397 1677
3 3398 1677 1674
3 3398 3400 1885
3 3398 1885 3397
3 3399 3398 1674
3 3399 1674 1671
3 3399 3401 3400
3 3399 3400 3398
3 3403 1884 3400
3 3403 3400 3401
3 3404 3403 3401
3 3404 3401 3402
3 3415 3402 3401
3 3415 3401 3399
3 3404 3406 1875
3 3404 1875 3403
3 3403 1875 1877
3 3403 1877 1884
3 3407 3406 3404
3 3407 3404 3405
3 3404 3402 3414
3 3404 3414 3405
3 3407 3408 1874
3 3407 1874 3406
3 3409 3408 3407
3 3409 3407 1651
3 3407 3405 1653
3 3407 1653 1651
3 1872 1874 3408
3 1872 3408 3410
3 3409 3412 3410
3 3409 3410 3408
3 3411 3410 3412
3 3411 3412 1847
3 3411 1869 1872
3 3411 1872 3410
3 3413 1844 1847
3 3413 1847 3412
3 3413 3412 3409
3 3413 3409 1650
3 1636 1842 1844
3 1636 1844 3413
3 1636 3413 1650
3 1636 1650 1638
3 3411 1846 1854
3 3411 1854 1869
3 1656 1653 3405
3 1656 3405 3414
3 1663 3414 3402
3 1663 3402 3415
3 1656 3414 1663
3 1656 1663 1658
3 3415 3399 1671
3 3415 1671 1664
3 1604 3416 1817
3 1604 1817 1819
3 1810 1817 3416
3 1810 3416 3417
3 1603 3418 3417
3 1603 3417 3416
3 1806 3417 3418
3 1806 3418 3419
3 1792 3419 3418
3 1792 3418 1790
3 1603 1601 1790
3 1603 1790 3418
3 1769 1776 1581
3 1769 1581 1578
3 1518 1697 1700
3 1518 1700 3420
3 3420 1700 1531
3 3420 1531 1526
3 1516 1694 1697
3 1516 1697 1518
3 1513 1691 1694
3 1513 1694 1516
3 1510 1688 1691
3 1510 1691 1513
3 1508 1685 1688
3 1508 1688 1510
3 3421 1682 1685
3 3421 1685 1508
3 3422 1679 1682
3 3422 1682 3421
3 3422 3421 1502
3 3422 1502 1499
3 3423 3422 1499
3 3423 1499 1493
3 3423 1676 1679
3 3423 1679 3422
3 1492 1673 1676
3 1492 1676 3423
3 1490 1670 1673
3 1490 1673 1492
3 1487 1668 1670
3 1487 1670 1490
3 1485 1666 1668
3 1485 1668 1487
3 3425 3424 1666
3 3425 1666 1485
3 1661 3424 1468
3 1661 1468 1466
3 1471 1468 3424
3 1471 3424 3425
3 1458 1640 1648
3 1458 1648 1655
3 1419 3426 1606
3 1419 1606 1421
3 1419 1416 1593
3 1419 1593 3426
3 1584 1591 1410
3 1584 1410 3427
3 1571 1583 3427
3 1571 3427 1407
3 3429 1521 1523
3 3429 1523 3428
3 3428 1523 1346
3 3428 1346 1341
3 3429 3428 1337
3 3429 1337 1335
3 3430 3432 1521
3 3430 1521 3429
3 3430 3429 1335
3 3430 1335 3431
3 3433 3430 3431
3 3433 3431 3436
3 3433 3434 3432
3 3433 3432 3430
3 3435 3470 3434
3 3435 3434 3433
3 3435 3433 3436
3 3435 3436 3437
3 1326 3437 3436
3 1326 3436 1328
3 1328 3436 3431
3 1328 3431 1330
3 3440 3435 3437
3 3440 3437 3438
3 3441 3438 3437
3 3441 3437 1326
3 3442 3440 3438
3 3442 3438 3439
3 1316 3439 3438
3 1316 3438 3441
3 3442 1503 1505
3 3442 1505 3440
3 3440 1505 3470
3 3440 3470 3435
3 3443 3442 3439
3 3443 3439 3445
3 3443 1500 1503
3 3443 1503 3442
3 3444 1497 1500
3 3444 1500 3443
3 3444 3443 3445
3 3444 3445 3446
3 1312 3446 3445
3 1312 3445 1314
3 1314 3445 3439
3 1314 3439 1316
3 3449 3444 3446
3 3449 3446 3447
3 3450 3447 3446
3 3450 3446 1312
3 3451 3449 3447
3 3451 3447 3448
3 1302 3448 3447
3 1302 3447 3450
3 3451 3452 1495
3 3451 1495 3449
3 3449 1495 1497
3 3449 1497 3444
3 3453 3451 3448
3 3453 3448 3456
3 3453 3454 3452
3 3453 3452 3451
3 3455 1482 3454
3 3455 3454 3453
3 3455 3453 3456
3 3455 3456 3457
3 1298 3457 3456
3 1298 3456 1300
3 1300 3456 3448
3 1300 3448 1302
3 3460 3455 3457
3 3460 3457 3458
3 3461 3458 3457
3 3461 3457 1298
3 3467 3460 3458
3 3467 3458 3459
3 3462 3459 3458
3 3462 3458 3461
3 3462 3461 1292
3 3462 1292 1289
3 3463 3464 3459
3 3463 3459 3462
3 3463 3462 1289
3 3463 1289 1286
3 1276 3463 1286
3 1276 1286 1279
3 1276 1273 3464
3 1276 3464 3463
3 1271 3465 3464
3 1271 3464 1273
3 3465 3467 3459
3 3465 3459 3464
3 1271 3468 3466
3 1271 3466 3465
3 3465 3466 1478
3 3465 1478 3467
3 3467 1478 1480
3 3467 1480 3460
3 1474 3466 3468
3 1474 3468 3469
3 1266 1263 3469
3 1266 3469 3468
3 1473 3469 1263
3 1473 1263 1261
3 3460 1480 1482
3 3460 1482 3455
3 1483 1489 3452
3 1483 3452 3454
3 1506 1512 3434
3 1506 3434 3470
3 1512 1515 3432
3 1512 3432 3434
3 3471 1470 1473
3 3471 1473 1261
3 3471 3472 1464
3 3471 1464 1470
3 3473 3472 3471
3 3473 3471 1260
3 3473 1451 1463
3 3473 1463 3472
3 1250 1449 1451
3 1250 1451 3473
3 1250 3473 1260
3 1250 1260 1253
3 3474 1447 1247
3 3474 1247 1241
3 3474 3475 1444
3 3474 1444 1447
3 1237 1430 3475
3 1237 3475 3474
3 1429 1437 1444
3 1429 1444 3475
3 1228 1226 1412
3 1228 1412 1418
3 1173 1382 1388
3 1173 1388 1175
3 1059 1339 1126
3 1059 1126 1062
3 1056 1333 1339
3 1056 1339 1059
3 3477 1323 3476
3 3477 3476 1050
3 1038 1321 1323
3 1038 1323 3477
3 3477 1050 1043
3 3477 1043 1039
3 1036 1319 1321
3 1036 1321 1038
3 1032 3478 1319
3 1032 1319 1036
3 1030 1309 3478
3 1030 3478 1032
3 1027 1307 1309
3 1027 1309 1030
3 1025 1305 1307
3 1025 1307 1027
3 3480 3479 1305
3 3480 1305 1025
3 3481 1295 3479
3 3481 3479 3480
3 3481 3480 1021
3 3481 1021 1019
3 3482 1293 1295
3 3482 1295 3481
3 3482 3481 1019
3 3482 1019 1017
3 3483 3482 1017
3 3483 1017 1012
3 3483 1290 1293
3 3483 1293 3482
3 1013 1287 1290
3 1013 1290 3483
3 1010 1284 1287
3 1010 1287 1013
3 1007 1282 1284
3 1007 1284 1010
3 1005 3484 1282
3 1005 1282 1007
3 1281 3484 3485
3 1281 3485 3486
3 3487 3485 3484
3 3487 3484 1005
3 3488 3490 3486
3 3488 3486 3485
3 3488 3485 3487
3 3488 3487 3489
3 3488 3489 3494
3 3488 3494 3491
3 3492 3490 3488
3 3492 3488 3491
3 3492 3491 3493
3 3492 3493 3495
3 864 3493 3491
3 864 3491 3494
3 867 3494 3489
3 867 3489 3545
3 863 3496 3495
3 863 3495 3493
3 3499 3497 3495
3 3499 3495 3496
3 3497 3500 3492
3 3497 3492 3495
3 3499 3528 3498
3 3499 3498 3497
3 3497 3498 3501
3 3497 3501 3500
3 3503 3502 3500
3 3503 3500 3501
3 3492 3500 3502
3 3492 3502 3490
3 3503 3505 3504
3 3503 3504 3502
3 3504 3486 3490
3 3504 3490 3502
3 3504 1278 1281
3 3504 1281 3486
3 3504 3505 1275
3 3504 1275 1278
3 3503 3507 3506
3 3503 3506 3505
3 1269 1275 3505
3 1269 3505 3506
3 1268 3506 3507
3 1268 3507 3508
3 3509 3510 3508
3 3509 3508 3507
3 3509 3507 3503
3 3509 3503 3501
3 3511 3513 3510
3 3511 3510 3509
3 3511 3509 3501
3 3511 3501 3498
3 3512 3511 3498
3 3512 3498 3528
3 3512 3514 3513
3 3512 3513 3511
3 3518 3515 3513
3 3518 3513 3514
3 3515 3516 3510
3 3515 3510 3513
3 3515 3517 3543
3 3515 3543 3516
3 3518 3519 3517
3 3518 3517 3515
3 3520 3521 3519
3 3520 3519 3518
3 3520 3518 3514
3 3520 3514 3522
3 1199 1202 3521
3 1199 3521 3520
3 1199 3520 3522
3 1199 3522 1196
3 3524 1196 3522
3 3524 3522 3523
3 3523 3522 3514
3 3523 3514 3512
3 3524 3523 3525
3 3524 3525 3526
3 3523 3512 3528
3 3523 3528 3525
3 3529 3526 3525
3 3529 3525 3527
3 3527 3525 3528
3 3527 3528 3499
3 3527 3499 3496
3 3527 3496 3530
3 3529 3527 3530
3 3529 3530 859
3 858 3530 3496
3 858 3496 863
3 3531 3532 3526
3 3531 3526 3529
3 3531 3529 859
3 3531 859 855
3 3533 3534 3532
3 3533 3532 3531
3 3533 3531 855
3 3533 855 852
3 844 3535 3534
3 844 3534 3533
3 844 3533 852
3 844 852 847
3 1194 1197 3532
3 1194 3532 3534
3 1194 3534 3535
3 1194 3535 1192
3 845 3546 1192
3 845 1192 3535
3 1197 3524 3526
3 1197 3526 3532
3 3539 3536 3521
3 3539 3521 1202
3 3536 3538 3519
3 3536 3519 3521
3 3539 3540 3537
3 3539 3537 3536
3 3536 3537 1243
3 3536 1243 3538
3 1208 3540 3539
3 1208 3539 1201
3 1239 3537 3540
3 1239 3540 3541
3 1208 1211 3541
3 1208 3541 3540
3 1234 3541 1211
3 1234 1211 1213
3 3538 1243 1245
3 3538 1245 3542
3 3538 3542 3517
3 3538 3517 3519
3 3542 1245 1248
3 3542 1248 1255
3 3542 1255 3543
3 3542 3543 3517
3 3516 3543 1256
3 3516 1256 3544
3 3516 3544 3508
3 3516 3508 3510
3 3544 1256 1258
3 3544 1258 1265
3 3544 1265 1268
3 3544 1268 3508
3 3487 1001 3545
3 3487 3545 3489
3 867 3545 1000
3 867 1000 869
3 842 1182 3546
3 842 3546 845
3 839 1180 1182
3 839 1182 842
3 837 1178 1180
3 837 1180 839
3 3548 3547 1178
3 3548 1178 837
3 3549 1168 3547
3 3549 3547 3548
3 3549 3548 833
3 3549 833 831
3 3549 3550 1166
3 3549 1166 1168
3 829 3550 3549
3 829 3549 831
3 1163 1166 3550
3 1163 3550 3551
3 829 1097 3551
3 829 3551 3550
3 1096 1161 1163
3 1096 1163 3551
3 1149 1156 1101
3 1149 1101 1103
3 1078 1084 806
3 1078 806 804
3 3552 1075 1077
3 3552 1077 800
3 3553 1072 1075
3 3553 1075 3552
3 3553 3552 796
3 3553 796 3555
3 3554 1069 1072
3 3554 1072 3553
3 3554 3553 3555
3 3554 3555 952
3 3556 1066 1069
3 3556 1069 3554
3 3556 3554 952
3 3556 952 954
3 3557 1064 1066
3 3557 1066 3556
3 3557 3556 954
3 3557 954 956
3 3558 3557 956
3 3558 956 958
3 3558 3559 1064
3 3558 1064 3557
3 3560 3561 3559
3 3560 3559 3558
3 3560 3558 958
3 3560 958 960
3 1045 1047 3561
3 1045 3561 3560
3 1045 3560 960
3 1045 960 962
3 1052 1058 3559
3 1052 3559 3561
3 1033 1035 972
3 1033 972 974
3 1029 1033 974
3 1029 974 976
3 1023 1029 976
3 1023 976 978
3 1003 1009 992
3 1003 992 994
3 3562 940 944
3 3562 944 700
3 3563 938 940
3 3563 940 3562
3 3563 3562 697
3 3563 697 695
3 3564 3563 695
3 3564 695 693
3 3564 934 938
3 3564 938 3563
3 3565 3564 693
3 3565 693 690
3 3565 931 934
3 3565 934 3564
3 3566 3565 690
3 3566 690 686
3 3566 929 931
3 3566 931 3565
3 3567 3566 686
3 3567 686 683
3 3567 926 929
3 3567 929 3566
3 3568 3567 683
3 3568 683 680
3 3568 922 926
3 3568 926 3567
3 3569 3568 680
3 3569 680 677
3 3569 920 922
3 3569 922 3568
3 3570 3569 677
3 3570 677 675
3 3570 916 920
3 3570 920 3569
3 3571 3570 675
3 3571 675 671
3 3571 914 916
3 3571 916 3570
3 3572 3571 671
3 3572 671 669
3 3572 910 914
3 3572 914 3571
3 3573 3572 669
3 3573 669 666
3 3573 907 910
3 3573 910 3572
3 3574 905 907
3 3574 907 3573
3 3574 3573 666
3 3574 666 662
3 3575 3574 662
3 3575 662 659
3 3575 902 905
3 3575 905 3574
3 3576 3575 659
3 3576 659 656
3 3576 898 902
3 3576 902 3575
3 3577 3576 656
3 3577 656 654
3 3577 895 898
3 3577 898 3576
3 3578 3577 654
3 3578 654 651
3 3578 892 895
3 3578 895 3577
3 3579 3578 651
3 3579 651 647
3 3579 890 892
3 3579 892 3578
3 3580 3579 647
3 3580 647 645
3 3580 886 890
3 3580 890 3579
3 3581 3580 645
3 3581 645 642
3 3581 884 886
3 3581 886 3580
3 3582 882 884
3 3582 884 3581
3 3582 3581 642
3 3582 642 638
3 3583 3582 638
3 3583 638 635
3 3583 3585 882
3 3583 882 3582
3 3584 3583 635
3 3584 635 632
3 3584 3586 3585
3 3584 3585 3583
3 3587 878 3585
3 3587 3585 3586
3 3587 3586 3588
3 3587 3588 612
3 3589 3588 3586
3 3589 3586 3584
3 613 3588 3589
3 613 3589 618
3 3589 630 621
3 3589 621 618
3 3589 3584 632
3 3589 632 630
3 610 877 3587
3 610 3587 612
3 610 608 871
3 610 871 877
3 3590 853 856
3 3590 856 599
3 3591 850 853
3 3591 853 3590
3 3591 3590 598
3 3591 598 3592
3 751 754 850
3 751 850 3591
3 751 3591 3592
3 751 3592 749
3 3594 749 3592
3 3594 3592 3593
3 3593 3592 598
3 3593 598 596
3 3594 3593 585
3 3594 585 583
3 3593 596 587
3 3593 587 585
3 744 3594 583
3 744 583 741
3 835 841 753
3 835 753 756
3 819 766 768
3 819 768 772
3 506 689 692
3 506 692 508
3 504 687 689
3 504 689 506
3 502 684 687
3 502 687 504
3 500 681 684
3 500 684 502
3 3595 678 681
3 3595 681 500
3 492 674 678
3 492 678 3595
3 490 672 674
3 490 674 492
3 488 668 672
3 488 672 490
3 3596 665 668
3 3596 668 488
3 478 663 665
3 478 665 3596
3 476 660 663
3 476 663 478
3 474 657 660
3 474 660 476
3 3597 653 657
3 3597 657 474
3 464 650 653
3 464 653 3597
3 462 648 650
3 462 650 464
3 460 644 648
3 460 648 462
3 3598 641 644
3 3598 644 460
3 450 639 641
3 450 641 3598
3 448 636 639
3 448 639 450
3 446 633 636
3 446 636 448
3 3599 629 633
3 3599 633 446
3 3600 627 629
3 3600 629 3599
3 3600 3599 440
3 3600 440 434
3 430 625 627
3 430 627 3600
3 424 3601 622
3 424 622 624
3 619 622 3601
3 619 3601 3602
3 423 3603 3602
3 423 3602 3601
3 3605 3604 3602
3 3605 3602 3603
3 3604 616 619
3 3604 619 3602
3 3604 588 591
3 3604 591 616
3 3605 581 588
3 3605 588 3604
3 576 3605 3603
3 576 3603 574
3 421 574 3603
3 421 3603 423
3 409 566 569
3 409 569 411
3 407 564 566
3 407 566 409
3 404 561 564
3 404 564 407
3 402 558 561
3 402 561 404
3 400 551 558
3 400 558 402
3 387 540 544
3 387 544 389
3 385 537 540
3 385 540 387
3 382 534 537
3 382 537 385
3 380 531 534
3 380 534 382
3 378 524 531
3 378 531 380
3 361 517 520
3 361 520 3606
3 3606 520 377
3 3606 377 371
3 359 511 517
3 359 517 361
3 192 495 497
3 192 497 334
3 334 497 342
3 334 342 336
3 190 3607 495
3 190 495 192
3 188 485 3607
3 188 3607 190
3 3608 483 485
3 3608 485 188
3 178 481 483
3 178 483 3608
3 176 3609 481
3 176 481 178
3 174 471 3609
3 174 3609 176
3 3610 469 471
3 3610 471 174
3 164 467 469
3 164 469 3610
3 162 3611 467
3 162 467 164
3 160 457 3611
3 160 3611 162
3 3612 455 457
3 3612 457 160
3 150 453 455
3 150 455 3612
3 148 3613 453
3 148 453 150
3 146 443 3613
3 146 3613 148
3 3614 441 443
3 3614 443 146
3 3615 438 441
3 3615 441 3614
3 3615 3614 145
3 3615 145 3617
3 3616 3615 3617
3 3616 3617 3618
3 3616 436 438
3 3616 438 3615
3 129 3618 3617
3 129 3617 3619
3 3619 3617 145
3 3619 145 139
3 3622 3616 3618
3 3622 3618 3620
3 127 3620 3618
3 127 3618 129
3 3624 3622 3620
3 3624 3620 3621
3 125 3621 3620
3 125 3620 127
3 3624 102 3623
3 3624 3623 3622
3 3622 3623 436
3 3622 436 3616
3 3624 3621 109
3 3624 109 103
3 432 3623 102
3 432 102 100
3 112 109 3621
3 112 3621 125
3 93 413 420
3 93 420 95
3 369 40 37
3 369 37 3625
3 3628 368 3625
3 3628 3625 3626
3 3626 3625 37
3 3626 37 35
3 3628 3626 3627
3 3628 3627 3630
3 3626 35 3651
3 3626 3651 3627
3 3629 366 368
3 3629 368 3628
3 3629 3628 3630
3 3629 3630 3631
3 3630 3632 3634
3 3630 3634 3631
3 3627 3633 3632
3 3627 3632 3630
3 3633 3635 3634
3 3633 3634 3632
3 3631 3634 3635
3 3631 3635 3636
3 3633 3638 3637
3 3633 3637 3635
3 3636 3635 3637
3 3636 3637 3640
3 3650 3639 3637
3 3650 3637 3638
3 3639 3642 3640
3 3639 3640 3637
3 3644 3641 3640
3 3644 3640 3642
3 3641 3648 3636
3 3641 3636 3640
3 3645 3644 3642
3 3645 3642 3643
3 3639 3647 3643
3 3639 3643 3642
3 3645 352 354
3 3645 354 3644
3 3644 354 3649
3 3644 3649 3641
3 3646 3645 3643
3 3646 3643 16
3 3646 350 352
3 3646 352 3645
3 15 338 350
3 15 350 3646
3 3643 3647 18
3 3643 18 16
3 3650 27 3647
3 3650 3647 3639
3 3641 3649 364
3 3641 364 3648
3 3648 3629 3631
3 3648 3631 3636
3 3648 364 366
3 3648 366 3629
3 3650 3638 3651
3 3650 3651 31
3 3651 3638 3633
3 3651 3633 3627
