ply
format ascii 1.0
element vertex 11802
property float x
property float y
property float z
element face 23704
property list uchar int vertex_index
end_header
0.492373 1.356636 -0.804047
0.481876 1.344369 -0.804652
0.484575 1.358727 -0.834323
0.501793 1.379123 -0.817331
0.503655 1.363297 -0.789568
0.486838 1.330760 -0.771002
0.498689 1.336491 -0.766003
0.482431 1.308490 -0.750398
0.476547 1.326024 -0.774375
0.465388 1.320695 -0.777051
0.471858 1.304477 -0.753627
0.461261 1.300531 -0.756602
0.469168 1.281838 -0.737543
0.459062 1.278191 -0.741201
0.465599 1.259043 -0.723497
0.479008 1.285600 -0.733441
0.475253 1.262493 -0.718678
0.487982 1.289294 -0.728939
0.492666 1.312625 -0.746426
0.496303 1.292978 -0.723887
0.483991 1.265965 -0.713346
0.478594 1.243300 -0.696778
0.491724 1.269442 -0.707585
0.498206 1.273018 -0.701426
0.486656 1.246872 -0.690748
0.493236 1.250486 -0.684536
0.481370 1.226796 -0.674330
0.473347 1.222856 -0.680167
0.475297 1.207904 -0.658252
0.487722 1.230700 -0.668538
0.481527 1.212009 -0.652702
0.492505 1.234419 -0.662928
0.497995 1.254004 -0.678554
0.486224 1.215834 -0.647187
0.495463 1.237891 -0.657617
0.501024 1.257384 -0.672939
0.496722 1.241138 -0.652651
0.488977 1.219316 -0.641899
0.490055 1.222435 -0.637088
0.481745 1.199840 -0.625009
0.483350 1.203042 -0.620579
0.474768 1.180756 -0.608553
0.478543 1.196264 -0.629891
0.473995 1.192424 -0.635194
0.471298 1.177288 -0.613231
0.463782 1.158911 -0.597288
0.466824 1.173594 -0.618273
0.461427 1.169649 -0.623663
0.459390 1.155418 -0.602124
0.453426 1.137299 -0.587986
0.454516 1.151657 -0.607314
0.448839 1.133815 -0.592964
0.449017 1.147921 -0.612486
0.444112 1.130363 -0.597959
0.455232 1.165723 -0.629174
0.442387 1.144602 -0.617106
0.447708 1.162295 -0.634214
0.438907 1.127346 -0.602430
0.434251 1.142227 -0.620692
0.425284 1.140302 -0.623741
0.431808 1.124818 -0.606332
0.438613 1.159845 -0.637911
0.428973 1.157781 -0.641007
0.443475 1.178163 -0.655680
0.452796 1.181110 -0.651534
0.448761 1.196550 -0.673411
0.434034 1.175430 -0.659305
0.424678 1.172997 -0.662430
0.439124 1.193467 -0.677185
0.444060 1.212760 -0.694764
0.429612 1.190889 -0.680243
0.420436 1.188975 -0.682439
0.434485 1.210393 -0.697993
0.439662 1.231217 -0.714721
0.425288 1.208555 -0.700272
0.416681 1.207235 -0.701877
0.430574 1.229348 -0.716886
0.436126 1.250933 -0.732973
0.422156 1.227912 -0.718384
0.427590 1.249268 -0.734191
0.414166 1.226951 -0.719094
0.406484 1.226346 -0.719311
0.419553 1.247978 -0.734792
0.408692 1.206333 -0.702875
0.400849 1.205796 -0.703333
0.403798 1.186862 -0.684743
0.399674 1.169049 -0.667193
0.411795 1.187610 -0.683956
0.396244 1.186540 -0.685216
0.389016 1.186530 -0.685111
0.392206 1.168565 -0.667587
0.385150 1.168708 -0.667254
0.387877 1.151984 -0.649541
0.383730 1.135425 -0.633112
0.380949 1.152169 -0.649553
0.395123 1.152285 -0.648967
0.402814 1.153044 -0.647824
0.390989 1.135738 -0.632149
0.387604 1.120379 -0.615679
0.398829 1.136550 -0.630501
0.407293 1.137666 -0.628366
0.395960 1.120886 -0.613971
0.405072 1.121352 -0.612268
0.394075 1.105634 -0.599602
0.391575 1.090105 -0.586861
0.403281 1.105378 -0.599079
0.385169 1.105688 -0.600728
0.376899 1.105706 -0.602060
0.382728 1.090860 -0.587086
0.374214 1.091328 -0.587890
0.379057 1.075642 -0.573991
0.374099 1.059598 -0.560144
0.387575 1.074514 -0.574061
0.370814 1.076680 -0.574374
0.362893 1.077591 -0.574953
0.365858 1.061019 -0.560325
0.359191 1.044717 -0.545761
0.358240 1.062348 -0.560775
0.351778 1.046249 -0.546180
0.351326 1.063512 -0.561195
0.345152 1.047616 -0.546745
0.355720 1.078365 -0.575503
0.344932 1.064496 -0.561372
0.339250 1.048957 -0.547199
0.338714 1.065624 -0.561031
0.348578 1.079080 -0.575436
0.341832 1.079948 -0.574756
0.351178 1.092437 -0.589832
0.358550 1.092063 -0.589849
0.354419 1.106432 -0.603849
0.344167 1.093595 -0.589156
0.348001 1.107966 -0.602923
0.337965 1.095366 -0.587727
0.333146 1.097945 -0.585076
0.342308 1.110180 -0.601281
0.335647 1.081346 -0.573538
0.332623 1.067211 -0.560077
0.330503 1.083516 -0.571260
0.326644 1.086182 -0.568176
0.327439 1.069289 -0.558267
0.323234 1.071756 -0.555556
0.322458 1.054679 -0.545668
0.314991 1.039243 -0.533066
0.318164 1.057115 -0.543550
0.327575 1.052422 -0.546994
0.320151 1.036923 -0.533872
0.333318 1.050489 -0.547437
0.325615 1.034834 -0.533676
0.316468 1.019039 -0.520156
0.331479 1.032882 -0.532979
0.322204 1.016969 -0.519169
0.337360 1.031456 -0.532175
0.328451 1.015309 -0.517713
0.343968 1.030041 -0.531454
0.351106 1.028492 -0.530801
0.335111 1.013907 -0.516551
0.325228 0.997376 -0.502314
0.342004 1.012375 -0.515520
0.349084 1.010484 -0.515098
0.332017 0.995718 -0.500735
0.338981 0.993730 -0.499831
0.321968 0.978847 -0.488084
0.315357 0.980780 -0.489556
0.311406 0.962211 -0.475621
0.328722 0.976659 -0.487032
0.318079 0.959820 -0.474655
0.335293 0.974380 -0.486435
0.341546 0.972231 -0.485732
0.345566 0.991522 -0.499678
0.324742 0.957372 -0.473843
0.331343 0.955034 -0.472762
0.312896 0.939367 -0.460940
0.305968 0.942164 -0.462081
0.298284 0.920039 -0.446659
0.319692 0.936753 -0.459271
0.304447 0.916786 -0.444363
0.326087 0.934497 -0.456698
0.337926 0.952776 -0.471264
0.310496 0.914159 -0.441089
0.332379 0.932488 -0.453376
0.337901 0.931236 -0.448789
0.315915 0.912164 -0.436898
0.344088 0.951001 -0.468917
0.349629 0.949955 -0.465148
0.354221 0.968047 -0.483123
0.359670 0.966768 -0.479995
0.347960 0.970074 -0.484945
0.363980 0.985615 -0.496895
0.375025 1.002818 -0.513097
0.357928 0.987157 -0.498696
0.369349 0.984438 -0.494329
0.380818 1.001995 -0.510460
0.373868 0.983998 -0.490585
0.385267 1.002097 -0.506856
0.376962 0.984573 -0.486099
0.364182 0.966377 -0.475712
0.354017 0.949705 -0.460379
0.366863 0.967111 -0.470570
0.356690 0.950377 -0.454758
0.368882 0.968296 -0.465291
0.358382 0.951552 -0.448869
0.370246 0.969898 -0.459870
0.379141 0.985746 -0.481176
0.390791 1.004442 -0.497723
0.380761 0.987348 -0.475977
0.382572 0.989026 -0.470837
0.392787 1.006087 -0.492637
0.394702 1.007854 -0.487373
0.405757 1.023944 -0.508250
0.417108 1.041988 -0.522606
0.403751 1.022104 -0.513476
0.407728 1.025800 -0.502912
0.419473 1.043868 -0.517165
0.410148 1.027426 -0.497594
0.422379 1.045598 -0.511741
0.397085 1.009414 -0.482175
0.412857 1.028831 -0.492520
0.425387 1.047072 -0.506722
0.415459 1.030167 -0.487649
0.400030 1.010645 -0.477163
0.387700 0.991983 -0.461063
0.402859 1.011900 -0.472340
0.390451 0.993382 -0.456506
0.404990 1.013454 -0.467633
0.417529 1.031696 -0.482693
0.392557 0.994986 -0.452010
0.405429 1.015635 -0.462947
0.403539 1.018343 -0.458762
0.392941 0.997001 -0.447728
0.417194 1.034121 -0.477928
0.428912 1.052334 -0.492125
0.414904 1.036957 -0.473782
0.411195 1.039908 -0.470328
0.426396 1.055106 -0.487924
0.439225 1.073898 -0.500842
0.422682 1.058042 -0.484268
0.434846 1.076665 -0.497032
0.418335 1.060915 -0.480990
0.429925 1.079502 -0.493542
0.407135 1.042771 -0.467293
0.413776 1.063764 -0.477812
0.402679 1.045728 -0.464356
0.424693 1.082132 -0.490424
0.408880 1.066719 -0.474948
0.398007 1.048675 -0.461735
0.418745 1.084723 -0.487827
0.402626 1.069635 -0.473175
0.411822 1.087225 -0.486569
0.395841 1.072104 -0.472477
0.392697 1.051373 -0.460002
0.382535 1.032705 -0.445597
0.386793 1.053874 -0.459147
0.380280 1.055927 -0.459931
0.376844 1.035300 -0.444784
0.365527 1.016283 -0.430253
0.370457 1.037626 -0.445245
0.364284 1.039555 -0.446226
0.359790 1.018583 -0.430196
0.353928 1.020519 -0.430627
0.348414 0.999196 -0.412236
0.354271 0.996916 -0.412623
0.337315 0.979051 -0.393800
0.342198 1.001205 -0.412632
0.336061 1.002705 -0.413888
0.330853 0.980909 -0.394175
0.324596 0.982321 -0.395315
0.319854 0.958475 -0.376254
0.326388 0.956336 -0.375460
0.303494 0.935894 -0.360144
0.313442 0.960305 -0.377821
0.297417 0.939005 -0.363175
0.307201 0.962260 -0.380665
0.319117 0.983512 -0.397270
0.301578 0.964445 -0.383961
0.291499 0.941657 -0.366498
0.271273 0.922205 -0.354460
0.286176 0.943964 -0.369737
0.280885 0.946391 -0.372589
0.266614 0.924973 -0.357653
0.262004 0.928231 -0.360951
0.243211 0.910105 -0.345185
0.247008 0.907117 -0.342471
0.218440 0.893355 -0.336776
0.239315 0.913121 -0.347533
0.215093 0.896881 -0.337854
0.235621 0.916101 -0.349834
0.256890 0.931912 -0.362002
0.211682 0.900287 -0.340017
0.231983 0.919018 -0.352113
0.252103 0.935261 -0.363281
0.228669 0.921592 -0.354845
0.208411 0.903404 -0.342992
0.205961 0.905689 -0.346436
0.184980 0.887717 -0.336596
0.183610 0.889144 -0.340652
0.166007 0.873097 -0.333905
0.187565 0.885069 -0.332747
0.190752 0.881530 -0.330223
0.167838 0.870897 -0.330888
0.170282 0.867994 -0.328416
0.150000 0.859467 -0.328123
0.152601 0.856588 -0.325706
0.147739 0.862080 -0.331176
0.132376 0.849691 -0.324657
0.130657 0.852056 -0.328285
0.111887 0.842896 -0.321024
0.134375 0.846820 -0.321567
0.113411 0.840018 -0.317554
0.136386 0.843578 -0.319463
0.114990 0.836738 -0.314635
0.155314 0.853245 -0.323742
0.138596 0.840087 -0.317942
0.116804 0.832901 -0.312262
0.140989 0.836329 -0.316933
0.157737 0.849960 -0.322251
0.176135 0.860878 -0.325870
0.160436 0.846253 -0.321124
0.179095 0.857104 -0.325369
0.163253 0.842332 -0.320501
0.165953 0.838374 -0.320478
0.143001 0.832676 -0.316714
0.181988 0.853372 -0.325216
0.184985 0.849646 -0.325624
0.204146 0.866560 -0.329423
0.201045 0.869988 -0.328449
0.228928 0.882850 -0.334990
0.207078 0.863149 -0.330283
0.210118 0.859605 -0.331122
0.231452 0.879952 -0.334569
0.257807 0.896334 -0.336006
0.234777 0.875964 -0.334507
0.261249 0.891823 -0.335369
0.237831 0.872181 -0.335015
0.240677 0.868471 -0.336113
0.213211 0.856094 -0.331867
0.264629 0.887440 -0.335807
0.267898 0.883608 -0.337367
0.293123 0.903791 -0.344080
0.288957 0.907814 -0.344540
0.321107 0.925845 -0.356757
0.297068 0.899759 -0.344292
0.300792 0.895880 -0.345347
0.326224 0.922309 -0.358226
0.343372 0.948259 -0.379093
0.330678 0.919019 -0.360371
0.334780 0.915916 -0.363229
0.348367 0.945473 -0.381562
0.358310 0.968469 -0.400587
0.353198 0.942720 -0.384335
0.357608 0.940081 -0.387499
0.362584 0.965650 -0.403354
0.372994 0.986053 -0.421278
0.366375 0.963023 -0.406541
0.376622 0.983317 -0.424406
0.369188 0.960513 -0.410245
0.371095 0.958253 -0.414295
0.379315 0.980675 -0.427957
0.360898 0.937580 -0.391256
0.363008 0.935307 -0.395458
0.342072 0.910471 -0.370214
0.310417 0.886953 -0.354232
0.338625 0.913200 -0.366641
0.344771 0.908182 -0.374539
0.346378 0.906469 -0.379666
0.312772 0.885097 -0.358870
0.280230 0.869761 -0.353002
0.314288 0.883856 -0.364046
0.282521 0.868054 -0.357972
0.314958 0.883053 -0.369290
0.314966 0.882918 -0.375083
0.346361 0.905601 -0.385427
0.284809 0.866949 -0.363248
0.287149 0.866369 -0.369567
0.258804 0.851023 -0.360234
0.233181 0.834665 -0.356515
0.256749 0.852568 -0.355257
0.260460 0.850004 -0.365564
0.261488 0.849597 -0.371006
0.234513 0.833666 -0.361575
0.235377 0.833293 -0.366739
0.207930 0.821975 -0.360142
0.206685 0.823130 -0.355314
0.181947 0.811009 -0.359918
0.209132 0.821199 -0.365355
0.183372 0.810111 -0.365423
0.210133 0.821159 -0.370780
0.184632 0.809697 -0.371193
0.235940 0.833443 -0.372173
0.210666 0.821832 -0.376463
0.236079 0.834120 -0.377776
0.185426 0.810139 -0.376996
0.210738 0.823086 -0.382171
0.235781 0.835464 -0.383382
0.185887 0.811439 -0.383324
0.210381 0.824871 -0.387916
0.209388 0.827413 -0.393305
0.185717 0.813711 -0.389317
0.234839 0.837481 -0.388858
0.233498 0.839794 -0.394223
0.259664 0.853283 -0.392598
0.260931 0.851751 -0.387047
0.283734 0.870892 -0.398247
0.257958 0.855085 -0.397864
0.255871 0.857230 -0.402758
0.281347 0.872650 -0.403486
0.278557 0.874536 -0.408474
0.303818 0.890477 -0.412293
0.324304 0.910084 -0.425643
0.300618 0.891937 -0.418053
0.306231 0.889355 -0.406183
0.327315 0.909912 -0.419419
0.308426 0.888251 -0.400291
0.330284 0.909655 -0.413515
0.311481 0.887219 -0.394419
0.285900 0.869131 -0.392254
0.287781 0.867743 -0.386267
0.288869 0.866965 -0.380390
0.261734 0.850437 -0.381230
0.261943 0.849639 -0.375818
0.314248 0.886170 -0.388432
0.288828 0.866446 -0.375696
0.315371 0.884396 -0.381650
0.341781 0.906477 -0.396413
0.337412 0.908033 -0.402600
0.344953 0.905546 -0.390510
0.355799 0.931305 -0.413866
0.352256 0.931869 -0.419187
0.359022 0.931488 -0.409282
0.365288 0.953589 -0.432127
0.367865 0.953729 -0.427702
0.362308 0.953350 -0.437278
0.374622 0.972507 -0.449563
0.384816 0.990617 -0.465822
0.377403 0.973521 -0.444819
0.372105 0.971316 -0.454622
0.379661 0.974665 -0.440499
0.370036 0.954838 -0.423043
0.381229 0.976214 -0.436057
0.370945 0.956499 -0.418716
0.381240 0.978270 -0.431828
0.363487 0.933525 -0.399970
0.362177 0.932230 -0.404555
0.359903 0.952690 -0.442923
0.349204 0.932111 -0.425010
0.346732 0.931890 -0.431015
0.333519 0.909095 -0.408086
0.344486 0.931364 -0.437200
0.341859 0.930941 -0.443315
0.320752 0.910700 -0.431480
0.296583 0.893647 -0.423222
0.291857 0.895836 -0.427530
0.275296 0.876565 -0.412880
0.271282 0.879047 -0.416908
0.253291 0.859756 -0.407264
0.249995 0.862856 -0.411073
0.229645 0.845470 -0.403752
0.231846 0.842375 -0.399321
0.226973 0.848859 -0.407216
0.206249 0.833884 -0.402649
0.204253 0.837467 -0.406264
0.208010 0.830443 -0.398268
0.183425 0.823532 -0.405151
0.160332 0.813688 -0.408944
0.184406 0.820014 -0.400565
0.182143 0.827410 -0.409047
0.180648 0.831367 -0.412372
0.159243 0.817530 -0.413165
0.157833 0.821415 -0.416485
0.135712 0.807604 -0.416179
0.136645 0.804085 -0.411596
0.110333 0.799602 -0.416092
0.134551 0.811316 -0.420099
0.109572 0.803165 -0.419731
0.133626 0.814894 -0.423377
0.108652 0.806801 -0.423081
0.156506 0.825132 -0.419264
0.132148 0.818947 -0.425845
0.154767 0.829066 -0.421485
0.107413 0.810667 -0.425277
0.130443 0.823167 -0.427829
0.128249 0.827043 -0.428079
0.152846 0.833163 -0.422980
0.106053 0.814609 -0.426686
0.081656 0.807542 -0.426556
0.104432 0.818587 -0.426932
0.102462 0.822732 -0.426317
0.080372 0.811808 -0.426693
0.055300 0.806382 -0.424300
0.079061 0.815795 -0.425446
0.077950 0.819337 -0.422602
0.054445 0.810297 -0.423175
0.053398 0.813673 -0.420273
0.026510 0.807017 -0.419225
0.027232 0.803191 -0.421149
0.025708 0.810206 -0.415885
0.006456 0.807097 -0.409632
0.000423 0.806978 -0.390646
0.006657 0.803566 -0.411782
0.006215 0.809776 -0.405861
0.000423 0.808732 -0.388864
0.005991 0.811490 -0.401206
0.000423 0.809837 -0.386607
0.025094 0.812793 -0.411681
0.005821 0.812613 -0.396624
0.000423 0.810565 -0.384125
0.024565 0.814695 -0.406668
0.005697 0.813433 -0.392258
0.000423 0.811133 -0.381538
0.024136 0.815979 -0.401456
0.005615 0.814312 -0.388002
0.000423 0.811765 -0.378806
0.023771 0.817068 -0.396021
0.005551 0.815198 -0.383880
0.000423 0.812406 -0.376058
0.023442 0.818071 -0.390693
0.005501 0.816094 -0.379849
0.000423 0.813032 -0.373303
0.023138 0.819104 -0.385509
0.005434 0.816961 -0.375769
0.000423 0.813636 -0.370537
0.022803 0.820223 -0.380350
0.005374 0.817673 -0.371701
0.000423 0.814131 -0.367754
0.022493 0.821144 -0.375217
0.005328 0.818385 -0.367680
0.000423 0.814609 -0.364953
0.022208 0.822007 -0.370201
0.005260 0.819155 -0.363676
0.000423 0.815180 -0.362170
0.021863 0.822878 -0.365256
0.005205 0.820008 -0.359775
0.000423 0.815829 -0.359447
0.021547 0.823640 -0.360382
0.005157 0.820774 -0.355892
0.000423 0.816394 -0.356713
0.021273 0.824402 -0.355626
0.005106 0.821507 -0.352077
0.000423 0.816928 -0.353992
0.021014 0.825271 -0.351056
0.005076 0.822278 -0.348326
0.000423 0.817435 -0.351320
0.020831 0.826281 -0.346581
0.005047 0.823028 -0.344670
0.000423 0.817911 -0.348719
0.020640 0.827272 -0.342273
0.005041 0.823537 -0.341086
0.000423 0.818255 -0.346192
0.020566 0.827758 -0.338001
0.005070 0.823857 -0.337629
0.000423 0.818399 -0.343817
0.020620 0.828096 -0.333946
0.005119 0.823980 -0.334271
0.000423 0.818383 -0.341582
0.020750 0.828136 -0.330038
0.005186 0.823724 -0.331033
0.000423 0.818120 -0.339475
0.020954 0.827616 -0.326346
0.005267 0.823215 -0.327855
0.000423 0.817690 -0.337470
0.021197 0.826708 -0.322819
0.005399 0.822388 -0.324490
0.000423 0.816998 -0.335539
0.021560 0.825233 -0.319346
0.005534 0.821089 -0.321281
0.000423 0.816065 -0.333727
0.021906 0.823060 -0.316316
0.005670 0.818769 -0.318523
0.000423 0.814429 -0.332262
0.022311 0.820278 -0.313664
0.005764 0.815663 -0.317194
0.000423 0.812370 -0.331470
0.022757 0.817021 -0.312033
0.005850 0.812301 -0.316818
0.000423 0.810222 -0.331193
0.023198 0.813211 -0.311551
0.005904 0.808960 -0.317617
0.000423 0.808057 -0.331502
0.023653 0.809593 -0.311989
0.005902 0.806167 -0.319604
0.000423 0.806255 -0.332495
0.023971 0.806302 -0.313506
0.005880 0.804032 -0.322351
0.000423 0.804875 -0.333941
0.024305 0.803441 -0.315715
0.005866 0.802266 -0.325236
0.000423 0.803667 -0.335615
0.024570 0.801138 -0.318532
0.005867 0.800713 -0.328206
0.000423 0.802576 -0.337508
0.024794 0.799145 -0.321716
0.005863 0.799350 -0.331425
0.000423 0.801608 -0.339655
0.024958 0.797362 -0.325279
0.005873 0.797933 -0.334706
0.000423 0.800603 -0.341939
0.025095 0.795576 -0.329117
0.005902 0.796461 -0.338265
0.000423 0.799572 -0.344480
0.025234 0.793814 -0.333460
0.005910 0.795127 -0.342153
0.000423 0.798613 -0.347183
0.025350 0.792146 -0.338195
0.005941 0.793815 -0.346128
0.000423 0.797703 -0.349983
0.025521 0.790491 -0.343109
0.005983 0.792563 -0.350226
0.000423 0.796858 -0.352861
0.025746 0.788841 -0.348195
0.006023 0.791307 -0.354453
0.000423 0.795997 -0.355798
0.026002 0.787122 -0.353481
0.006080 0.789972 -0.358692
0.000423 0.795092 -0.358734
0.026284 0.785442 -0.358813
0.006146 0.788745 -0.363058
0.000423 0.794285 -0.361727
0.026621 0.783806 -0.364351
0.006209 0.787727 -0.367540
0.000423 0.793632 -0.364771
0.026960 0.782326 -0.370112
0.006276 0.786867 -0.372113
0.000423 0.793181 -0.367835
0.027279 0.780806 -0.375986
0.006352 0.786153 -0.376846
0.000423 0.792885 -0.370937
0.027598 0.779400 -0.382083
0.006429 0.785757 -0.381821
0.000423 0.792715 -0.374095
0.027874 0.778972 -0.388614
0.006469 0.786046 -0.386577
0.000423 0.792859 -0.377124
0.027957 0.779997 -0.394716
0.006524 0.786667 -0.391264
0.000423 0.793233 -0.380039
0.028040 0.781671 -0.400380
0.006602 0.787392 -0.396072
0.000423 0.793770 -0.382867
0.028137 0.783338 -0.405917
0.006712 0.788479 -0.400860
0.000423 0.794647 -0.385462
0.028265 0.785277 -0.410980
0.006850 0.790109 -0.405473
0.000423 0.795845 -0.387905
0.028565 0.787732 -0.415646
0.006913 0.792699 -0.409337
0.000423 0.797630 -0.389869
0.028494 0.791150 -0.419115
0.006909 0.796120 -0.411549
0.000423 0.799870 -0.391089
0.028359 0.795073 -0.421283
0.006814 0.799915 -0.412393
0.000423 0.802339 -0.391702
0.027894 0.799151 -0.421836
0.056120 0.802307 -0.424052
0.056741 0.798353 -0.423077
0.057206 0.794619 -0.420742
0.082771 0.803316 -0.425192
0.083702 0.799556 -0.422864
0.084250 0.796222 -0.419389
0.084570 0.793115 -0.415379
0.057448 0.791498 -0.417431
0.057522 0.788528 -0.413348
0.057354 0.785858 -0.408647
0.057188 0.783714 -0.403152
0.084674 0.790009 -0.410790
0.110863 0.796088 -0.411792
0.084682 0.787239 -0.405520
0.084500 0.785266 -0.399188
0.111441 0.792789 -0.406550
0.137350 0.800535 -0.406318
0.111800 0.789784 -0.400721
0.137850 0.797132 -0.400658
0.111747 0.787649 -0.394432
0.137399 0.794032 -0.394291
0.084097 0.783939 -0.392532
0.110716 0.786795 -0.386962
0.083535 0.783466 -0.385919
0.136595 0.791646 -0.387186
0.109347 0.787038 -0.379929
0.082743 0.783839 -0.378989
0.135790 0.791327 -0.380383
0.108241 0.788037 -0.373184
0.134763 0.791847 -0.373334
0.081865 0.784850 -0.372403
0.107150 0.789476 -0.366792
0.080998 0.786081 -0.366063
0.106058 0.791026 -0.360557
0.133550 0.793035 -0.366810
0.158444 0.799352 -0.365946
0.132287 0.794675 -0.360503
0.131167 0.796350 -0.354678
0.157230 0.800665 -0.359923
0.156059 0.802274 -0.354127
0.180400 0.812554 -0.354716
0.155056 0.804340 -0.348478
0.154250 0.806384 -0.343422
0.130102 0.798022 -0.348776
0.179095 0.814269 -0.350028
0.205268 0.824566 -0.350865
0.177872 0.816210 -0.345413
0.203529 0.826424 -0.346443
0.176613 0.818387 -0.340707
0.201652 0.828425 -0.342352
0.153202 0.808386 -0.338419
0.175439 0.820586 -0.336499
0.152039 0.810314 -0.333719
0.174182 0.822934 -0.332615
0.199668 0.830689 -0.338505
0.197643 0.833115 -0.334872
0.225116 0.842769 -0.340028
0.222330 0.845753 -0.336759
0.249023 0.858636 -0.343004
0.227469 0.840301 -0.343546
0.251796 0.856327 -0.346560
0.229672 0.838113 -0.347546
0.254342 0.854341 -0.350621
0.231608 0.836170 -0.351868
0.278152 0.871848 -0.348742
0.275856 0.874243 -0.344891
0.307406 0.889256 -0.350538
0.273500 0.876981 -0.341982
0.304061 0.892357 -0.347467
0.246264 0.861441 -0.340091
0.270783 0.880165 -0.339384
0.243403 0.864875 -0.337865
0.219407 0.848936 -0.334313
0.216306 0.852507 -0.332867
0.195497 0.835769 -0.331723
0.193250 0.838736 -0.329132
0.172983 0.825264 -0.329358
0.150105 0.815461 -0.325637
0.171708 0.828252 -0.326213
0.170151 0.831399 -0.323705
0.149414 0.818561 -0.322433
0.148322 0.821766 -0.319811
0.125406 0.809898 -0.320013
0.099337 0.804600 -0.319657
0.126161 0.807312 -0.323851
0.124479 0.812926 -0.316777
0.123311 0.816246 -0.314186
0.098649 0.806855 -0.316071
0.097834 0.809548 -0.312829
0.072997 0.803655 -0.316164
0.073784 0.801575 -0.319707
0.049821 0.801544 -0.316325
0.072374 0.806294 -0.313249
0.071620 0.809518 -0.311020
0.049147 0.803975 -0.313419
0.048385 0.807170 -0.311394
0.047645 0.810812 -0.310201
0.047002 0.814577 -0.309721
0.070709 0.813067 -0.309403
0.095614 0.817139 -0.308721
0.069664 0.816991 -0.308793
0.094059 0.821712 -0.308390
0.068558 0.821053 -0.309541
0.092443 0.826340 -0.309603
0.046367 0.818214 -0.310237
0.067471 0.824812 -0.311457
0.091024 0.830153 -0.311873
0.045762 0.821799 -0.311742
0.066614 0.827743 -0.314196
0.065815 0.830311 -0.317377
0.089677 0.833546 -0.314920
0.045079 0.824851 -0.314111
0.044553 0.827547 -0.317037
0.044145 0.829877 -0.320386
0.065300 0.832208 -0.321022
0.043876 0.831376 -0.324082
0.043763 0.832156 -0.328160
0.064917 0.833769 -0.325037
0.086943 0.839857 -0.326656
0.064624 0.835132 -0.329287
0.064634 0.835786 -0.333825
0.086380 0.840997 -0.331154
0.108354 0.847765 -0.333405
0.086233 0.841408 -0.335618
0.107689 0.848199 -0.337809
0.086179 0.841610 -0.340270
0.106946 0.848483 -0.342399
0.064764 0.836107 -0.338489
0.086167 0.841601 -0.345136
0.065082 0.835986 -0.343304
0.106312 0.848786 -0.347170
0.086475 0.841319 -0.350271
0.065496 0.835739 -0.348440
0.106458 0.848641 -0.352165
0.087022 0.840927 -0.355351
0.107039 0.848305 -0.357131
0.087673 0.840337 -0.360461
0.065990 0.835327 -0.353552
0.044809 0.830629 -0.351756
0.066560 0.834747 -0.358709
0.067274 0.833794 -0.363882
0.045236 0.829668 -0.356808
0.045735 0.828604 -0.361915
0.046273 0.827552 -0.367145
0.046825 0.826523 -0.372499
0.068064 0.832689 -0.369115
0.068944 0.831375 -0.374394
0.089359 0.838374 -0.370837
0.110042 0.845146 -0.372176
0.088439 0.839509 -0.365642
0.090391 0.837057 -0.376124
0.091472 0.835680 -0.381579
0.111329 0.843642 -0.377405
0.112461 0.842571 -0.383061
0.129649 0.853632 -0.379414
0.146777 0.864391 -0.380286
0.128706 0.854383 -0.373723
0.130553 0.853208 -0.385186
0.131421 0.853009 -0.390900
0.147819 0.864074 -0.385986
0.149113 0.863629 -0.391325
0.165743 0.875505 -0.385510
0.167104 0.875072 -0.390235
0.184222 0.888272 -0.387287
0.164926 0.875933 -0.380575
0.183197 0.889252 -0.383160
0.164481 0.876325 -0.376000
0.146126 0.864778 -0.374953
0.182171 0.890264 -0.378895
0.163830 0.876910 -0.371400
0.145708 0.865237 -0.369836
0.163201 0.877477 -0.366815
0.181259 0.891173 -0.374587
0.198035 0.906558 -0.379439
0.180407 0.892010 -0.370146
0.197639 0.907524 -0.375086
0.179903 0.892479 -0.365726
0.162632 0.877959 -0.362395
0.179764 0.892651 -0.361311
0.197826 0.908279 -0.370830
0.215548 0.924350 -0.378433
0.198567 0.908686 -0.366594
0.216768 0.924809 -0.374347
0.199539 0.908917 -0.362418
0.201045 0.908802 -0.358186
0.218335 0.925098 -0.370344
0.180117 0.892508 -0.357000
0.162066 0.878238 -0.353767
0.180739 0.892015 -0.352739
0.181444 0.891364 -0.348791
0.162190 0.877935 -0.349542
0.162709 0.877292 -0.345390
0.143651 0.867262 -0.347327
0.144161 0.866757 -0.342973
0.143644 0.867199 -0.351722
0.125713 0.857178 -0.344844
0.126565 0.856569 -0.340300
0.125152 0.857438 -0.349414
0.125267 0.857319 -0.354000
0.125855 0.856999 -0.358798
0.143942 0.866863 -0.355849
0.144483 0.866333 -0.360302
0.162163 0.878282 -0.358009
0.145154 0.865737 -0.364950
0.126743 0.856234 -0.363667
0.127776 0.855233 -0.368550
0.107871 0.847548 -0.362121
0.108875 0.846489 -0.367137
0.127629 0.855534 -0.336002
0.129177 0.853784 -0.331952
0.144899 0.865797 -0.338799
0.146011 0.864169 -0.334781
0.163558 0.876218 -0.341293
0.182492 0.890316 -0.344631
0.164542 0.874936 -0.337522
0.204030 0.907291 -0.349986
0.202501 0.908298 -0.354050
0.225252 0.923699 -0.358454
0.222569 0.924667 -0.361995
0.242265 0.940734 -0.368580
0.259643 0.957373 -0.382000
0.247189 0.938249 -0.365167
0.238970 0.941940 -0.372511
0.236442 0.942283 -0.376628
0.255073 0.959292 -0.385415
0.251541 0.960279 -0.389374
0.268289 0.977965 -0.399563
0.280107 0.995207 -0.414489
0.273108 0.976322 -0.396326
0.264734 0.978569 -0.403821
0.262320 0.978466 -0.408282
0.276713 0.994996 -0.419093
0.274241 0.994277 -0.423702
0.289178 1.011467 -0.436451
0.286169 1.010967 -0.440903
0.300390 1.029611 -0.453825
0.292675 1.011659 -0.432473
0.304009 1.029789 -0.450368
0.296940 1.011463 -0.428923
0.285046 0.994114 -0.410684
0.308288 1.029580 -0.447196
0.301975 1.010486 -0.426096
0.290174 0.992180 -0.408103
0.313341 1.028781 -0.444820
0.307634 1.008989 -0.423993
0.318800 1.027490 -0.443084
0.296122 0.989924 -0.406446
0.313358 1.007511 -0.422206
0.301934 0.987815 -0.404984
0.319026 1.006194 -0.420078
0.324627 1.026157 -0.441270
0.330449 1.025026 -0.439057
0.334147 1.044718 -0.457758
0.328191 1.046141 -0.459110
0.342431 1.062865 -0.473540
0.340172 1.043546 -0.455712
0.348911 1.061462 -0.471927
0.346193 1.042632 -0.453201
0.352141 1.041788 -0.450597
0.355167 1.060469 -0.469262
0.336324 1.024046 -0.436592
0.324718 1.005032 -0.417845
0.342031 1.023124 -0.434127
0.347873 1.021963 -0.432078
0.330461 1.003921 -0.415597
0.358079 1.040829 -0.448169
0.367423 1.058741 -0.463557
0.361289 1.059633 -0.466310
0.375468 1.075969 -0.477486
0.373844 1.057580 -0.461328
0.382280 1.075142 -0.475122
0.390427 1.092675 -0.489355
0.389117 1.073874 -0.473358
0.397688 1.091538 -0.487420
0.406325 1.110003 -0.501039
0.404881 1.089683 -0.486327
0.414140 1.108681 -0.499270
0.421465 1.129086 -0.512734
0.421707 1.106922 -0.498461
0.429077 1.104693 -0.499276
0.429886 1.128242 -0.512150
0.434846 1.148394 -0.528610
0.437655 1.126841 -0.512593
0.444423 1.125061 -0.514725
0.442732 1.147780 -0.529224
0.445599 1.166250 -0.546462
0.450231 1.146622 -0.530395
0.456938 1.144688 -0.532653
0.452581 1.165381 -0.547653
0.454808 1.183089 -0.564935
0.458620 1.163791 -0.549830
0.463536 1.161581 -0.552839
0.460900 1.181890 -0.566771
0.464755 1.200030 -0.582941
0.465746 1.179950 -0.569512
0.470313 1.198359 -0.585380
0.469745 1.177626 -0.572657
0.472145 1.174957 -0.576337
0.467364 1.159171 -0.556298
0.474340 1.195975 -0.588575
0.476755 1.193213 -0.592349
0.480155 1.214477 -0.604246
0.484952 1.233241 -0.619941
0.482790 1.211847 -0.608041
0.475347 1.216619 -0.601126
0.469445 1.218187 -0.598710
0.480209 1.235184 -0.616639
0.474083 1.236389 -0.614398
0.485278 1.254254 -0.631461
0.488955 1.272715 -0.646315
0.491022 1.252597 -0.634418
0.478449 1.255189 -0.629429
0.471074 1.255483 -0.628224
0.481975 1.273619 -0.644147
0.474489 1.274139 -0.642783
0.486017 1.293772 -0.659763
0.478164 1.294295 -0.658139
0.491261 1.317134 -0.675389
0.493378 1.293150 -0.661467
0.498573 1.316561 -0.677844
0.499630 1.292091 -0.664405
0.504673 1.315484 -0.681151
0.494621 1.270975 -0.649535
0.504347 1.290184 -0.668562
0.498907 1.268895 -0.653414
0.509072 1.313749 -0.685574
0.507719 1.287961 -0.673357
0.501340 1.266265 -0.657776
0.508407 1.285358 -0.678593
0.512164 1.311407 -0.690349
0.523790 1.336241 -0.707194
0.513848 1.308947 -0.695601
0.513671 1.306179 -0.701222
0.524171 1.333568 -0.713290
0.526711 1.356757 -0.730760
0.522499 1.330658 -0.719442
0.518938 1.327755 -0.725079
0.526324 1.354646 -0.736380
0.535711 1.377906 -0.753549
0.524238 1.352186 -0.742061
0.532622 1.375815 -0.759494
0.520731 1.349429 -0.747829
0.514510 1.324582 -0.730602
0.515433 1.346082 -0.753728
0.528256 1.373691 -0.765277
0.522030 1.370964 -0.771773
0.533992 1.396407 -0.781623
0.538305 1.398167 -0.775971
0.537949 1.415855 -0.795648
0.527473 1.393486 -0.788541
0.520152 1.389471 -0.796218
0.532294 1.412349 -0.801787
0.525484 1.409008 -0.808086
0.538956 1.428741 -0.814575
0.544569 1.431458 -0.809099
0.532446 1.427081 -0.820042
0.546824 1.445357 -0.828446
0.551668 1.448124 -0.823837
0.540748 1.443615 -0.833066
0.546294 1.460067 -0.837038
0.540278 1.471011 -0.843032
0.541029 1.457596 -0.840706
0.550479 1.462728 -0.832945
0.553243 1.465859 -0.828245
0.544029 1.474550 -0.839353
0.547025 1.477743 -0.835362
0.535083 1.485756 -0.845620
0.537878 1.489453 -0.841578
0.530949 1.481344 -0.849213
0.524406 1.497502 -0.851001
0.527232 1.501520 -0.847066
0.520293 1.492817 -0.854162
0.511227 1.509454 -0.855358
0.513928 1.513323 -0.851493
0.495205 1.520425 -0.857447
0.507627 1.505174 -0.858417
0.492129 1.516830 -0.860767
0.503082 1.500337 -0.861014
0.496673 1.494821 -0.863039
0.487989 1.512726 -0.863353
0.515089 1.487382 -0.856892
0.525787 1.476223 -0.851817
0.508698 1.481125 -0.858736
0.519134 1.469566 -0.853544
0.499946 1.472697 -0.859570
0.482996 1.456574 -0.858672
0.488595 1.489002 -0.864352
0.509942 1.459468 -0.853668
0.495228 1.440503 -0.850491
0.520533 1.447198 -0.845621
0.505361 1.423292 -0.838405
0.531954 1.443503 -0.838651
0.529476 1.460278 -0.847701
0.535415 1.466686 -0.845876
0.535028 1.454311 -0.843275
0.522883 1.425708 -0.826886
0.516919 1.404887 -0.816007
0.505612 1.398926 -0.827108
0.511069 1.384556 -0.804976
0.490600 1.386450 -0.844368
0.485817 1.400478 -0.851351
0.472811 1.373417 -0.867755
0.489623 1.371907 -0.838187
0.472187 1.363951 -0.865089
0.453271 1.361667 -0.886827
0.469311 1.355379 -0.863130
0.464626 1.347675 -0.861259
0.451174 1.354712 -0.885582
0.435236 1.358477 -0.900448
0.447320 1.348498 -0.884235
0.441535 1.342687 -0.882776
0.430970 1.352986 -0.900021
0.416381 1.359326 -0.910173
0.425341 1.348025 -0.898824
0.411024 1.354696 -0.909646
0.418590 1.343888 -0.896917
0.405189 1.350898 -0.907912
0.433938 1.338073 -0.880882
0.410980 1.340970 -0.894452
0.425277 1.335111 -0.878236
0.398759 1.348148 -0.905669
0.402771 1.339607 -0.891131
0.415775 1.333572 -0.875100
0.392125 1.346669 -0.902547
0.394849 1.340075 -0.887361
0.385193 1.346773 -0.898658
0.386968 1.342620 -0.883133
0.406222 1.333615 -0.871749
0.396851 1.336405 -0.868000
0.416646 1.330974 -0.850938
0.404935 1.332968 -0.848470
0.422041 1.327295 -0.827311
0.428093 1.330526 -0.853441
0.439328 1.331655 -0.855799
0.433971 1.327651 -0.828688
0.434538 1.320618 -0.802711
0.446480 1.329686 -0.829590
0.458486 1.333892 -0.830595
0.446351 1.323887 -0.804029
0.443566 1.311840 -0.779222
0.458802 1.328565 -0.804651
0.454162 1.315955 -0.778556
0.471094 1.335192 -0.804740
0.469498 1.340592 -0.831561
0.458020 1.340775 -0.859780
0.478277 1.349482 -0.832685
0.449002 1.335675 -0.857795
0.451098 1.296952 -0.759027
0.441145 1.293660 -0.760795
0.449021 1.275017 -0.744194
0.439373 1.272485 -0.746507
0.445462 1.253141 -0.730742
0.455516 1.255894 -0.727547
0.449276 1.233676 -0.711516
0.459292 1.236581 -0.707410
0.469249 1.239852 -0.702416
0.453910 1.215646 -0.690645
0.463852 1.219062 -0.685716
0.458253 1.200010 -0.668918
0.467277 1.203813 -0.663779
0.461229 1.184528 -0.646533
0.468338 1.188457 -0.640842
0.430600 1.270557 -0.747801
0.431797 1.290893 -0.762064
0.422325 1.268874 -0.748534
0.423019 1.288690 -0.762722
0.414512 1.267629 -0.748607
0.411907 1.247096 -0.734716
0.407060 1.266998 -0.747803
0.414548 1.286969 -0.762488
0.414446 1.303846 -0.778774
0.406477 1.285918 -0.761639
0.404658 1.302598 -0.777594
0.398887 1.285336 -0.760147
0.392206 1.285505 -0.757891
0.395887 1.302215 -0.775695
0.399841 1.266828 -0.746274
0.396922 1.246694 -0.732959
0.393214 1.267243 -0.743935
0.387681 1.268345 -0.740832
0.390116 1.247434 -0.730834
0.384452 1.248902 -0.727630
0.385235 1.227428 -0.715911
0.391787 1.226544 -0.717926
0.379558 1.207018 -0.700367
0.379326 1.228820 -0.713241
0.373794 1.208627 -0.697606
0.375136 1.230957 -0.709509
0.369562 1.210948 -0.694026
0.372084 1.233503 -0.705231
0.380167 1.250926 -0.723732
0.383300 1.270142 -0.737003
0.377210 1.253299 -0.719447
0.375250 1.255888 -0.715020
0.380194 1.272352 -0.732825
0.380418 1.290708 -0.746800
0.378614 1.274959 -0.728405
0.378949 1.293348 -0.742684
0.377990 1.277758 -0.723982
0.374714 1.258717 -0.710355
0.378917 1.296255 -0.738386
0.378899 1.280765 -0.719503
0.380877 1.284025 -0.715059
0.379917 1.299295 -0.734054
0.375231 1.261693 -0.705497
0.377171 1.264796 -0.700740
0.370547 1.242567 -0.691676
0.372593 1.245788 -0.686782
0.369742 1.239473 -0.696366
0.365008 1.223137 -0.676716
0.364477 1.219913 -0.681162
0.360523 1.204509 -0.660758
0.367280 1.226794 -0.671896
0.362270 1.208232 -0.656289
0.370615 1.230457 -0.666967
0.365160 1.211957 -0.651328
0.375946 1.249233 -0.681831
0.375273 1.233928 -0.662140
0.380733 1.252624 -0.677108
0.369615 1.215360 -0.646445
0.380875 1.237215 -0.657581
0.374629 1.218605 -0.641729
0.386490 1.255917 -0.672570
0.385455 1.240506 -0.652780
0.386282 1.243771 -0.647781
0.391292 1.259203 -0.667887
0.377733 1.221967 -0.636635
0.378145 1.225205 -0.631679
0.369909 1.203779 -0.620208
0.360246 1.186656 -0.604058
0.369944 1.207012 -0.615185
0.366891 1.200569 -0.624909
0.359310 1.183432 -0.608874
0.363503 1.197210 -0.630065
0.359832 1.193939 -0.635141
0.356722 1.180052 -0.613975
0.350657 1.163249 -0.598658
0.353643 1.176683 -0.618985
0.347853 1.159915 -0.603631
0.351851 1.173509 -0.623623
0.346067 1.156602 -0.608279
0.357480 1.190564 -0.639809
0.350886 1.170134 -0.627938
0.350651 1.166645 -0.632105
0.345258 1.153381 -0.612394
0.356043 1.186931 -0.644148
0.355677 1.183442 -0.648307
0.359828 1.200998 -0.664992
0.356378 1.180089 -0.652374
0.360362 1.197702 -0.669298
0.358245 1.176999 -0.656353
0.351762 1.163358 -0.636133
0.346877 1.146849 -0.620943
0.353998 1.160306 -0.639910
0.357451 1.157579 -0.643321
0.349457 1.143894 -0.624799
0.353126 1.141213 -0.628177
0.344425 1.128239 -0.611151
0.348147 1.125443 -0.614443
0.338071 1.112985 -0.598345
0.341873 1.131198 -0.607235
0.335191 1.116064 -0.594620
0.340236 1.134295 -0.602884
0.345578 1.150007 -0.616814
0.339784 1.137384 -0.598328
0.333850 1.119209 -0.590040
0.332849 1.122249 -0.585459
0.327871 1.104116 -0.577722
0.324087 1.088979 -0.564708
0.329717 1.101038 -0.581730
0.327074 1.107030 -0.573195
0.323299 1.091906 -0.560660
0.327710 1.109975 -0.568302
0.329232 1.112725 -0.563541
0.323514 1.094600 -0.556050
0.333548 1.125260 -0.580650
0.340226 1.140502 -0.593745
0.334972 1.128187 -0.575870
0.337119 1.131059 -0.571122
0.341771 1.143528 -0.589010
0.344060 1.146562 -0.583978
0.345915 1.149607 -0.579210
0.345316 1.152954 -0.574709
0.352757 1.166528 -0.593798
0.338564 1.133973 -0.566427
0.338449 1.136792 -0.562031
0.332601 1.118035 -0.554016
0.332597 1.120600 -0.549477
0.331237 1.115388 -0.558782
0.326994 1.101876 -0.541554
0.326249 1.099390 -0.546473
0.320863 1.086571 -0.530276
0.326285 1.104356 -0.536955
0.319764 1.088933 -0.525874
0.324779 1.106753 -0.532674
0.318956 1.091239 -0.521381
0.331810 1.123037 -0.545242
0.324183 1.108993 -0.528551
0.331420 1.125214 -0.541396
0.318188 1.093446 -0.516837
0.324806 1.111024 -0.524325
0.319018 1.095294 -0.512194
0.326581 1.112757 -0.520185
0.331900 1.127109 -0.537206
0.333645 1.128735 -0.533070
0.337936 1.143753 -0.549380
0.337641 1.141811 -0.553713
0.344224 1.160845 -0.561798
0.339184 1.145556 -0.545025
0.341459 1.147109 -0.540814
0.345395 1.162799 -0.557702
0.352488 1.180277 -0.571992
0.347366 1.164571 -0.553721
0.354781 1.182123 -0.568209
0.351550 1.165776 -0.550657
0.345810 1.148121 -0.537620
0.358350 1.183555 -0.564928
0.356943 1.166382 -0.548665
0.351510 1.148486 -0.535909
0.363149 1.184413 -0.562464
0.363093 1.166576 -0.547475
0.368586 1.184691 -0.561215
0.369392 1.166486 -0.547147
0.357732 1.148450 -0.535251
0.364191 1.148140 -0.535443
0.352755 1.130838 -0.523679
0.359338 1.130381 -0.523885
0.347113 1.114155 -0.511310
0.346543 1.131068 -0.524279
0.340673 1.114614 -0.511804
0.340835 1.130854 -0.526054
0.336441 1.130052 -0.529069
0.335109 1.114315 -0.513843
0.329256 1.098417 -0.501063
0.330400 1.113716 -0.516653
0.324012 1.097929 -0.503827
0.319825 1.082091 -0.492963
0.320608 1.096866 -0.507703
0.316452 1.081073 -0.496937
0.314384 1.079868 -0.501240
0.310861 1.065522 -0.485633
0.314026 1.066718 -0.481498
0.304359 1.047727 -0.472390
0.309272 1.063915 -0.490159
0.302701 1.046063 -0.477045
0.308700 1.062132 -0.494761
0.308591 1.059866 -0.499294
0.301510 1.044247 -0.481584
0.313769 1.078228 -0.505910
0.314142 1.076056 -0.510673
0.314892 1.073669 -0.515194
0.314717 1.071383 -0.519743
0.307794 1.057522 -0.503724
0.297516 1.040961 -0.490692
0.306067 1.055483 -0.508132
0.304651 1.053483 -0.512557
0.295406 1.039291 -0.495339
0.294297 1.037276 -0.499996
0.284495 1.022595 -0.481617
0.283849 1.020550 -0.486215
0.273886 1.005068 -0.466018
0.286157 1.024387 -0.476688
0.288746 1.025918 -0.471528
0.275470 1.007368 -0.460726
0.277793 1.008862 -0.455553
0.266617 0.990875 -0.444112
0.268221 0.991769 -0.438924
0.256744 0.974267 -0.427978
0.265456 0.989174 -0.449549
0.265180 0.986641 -0.454341
0.256568 0.972693 -0.432769
0.243260 0.956605 -0.417414
0.256880 0.970742 -0.437709
0.244532 0.954511 -0.422229
0.257554 0.968706 -0.442297
0.258773 0.966531 -0.446727
0.246277 0.952393 -0.426680
0.265663 0.984240 -0.458709
0.274171 1.000628 -0.475265
0.266766 0.981889 -0.462944
0.268364 0.979578 -0.467044
0.275233 0.998387 -0.479351
0.276635 0.996133 -0.483260
0.284691 1.016049 -0.494861
0.286206 1.013733 -0.498700
0.294561 1.032948 -0.508390
0.283978 1.018344 -0.490615
0.294001 1.035166 -0.504316
0.304067 1.051480 -0.516936
0.312804 1.066997 -0.528460
0.304355 1.049227 -0.521072
0.305540 1.046837 -0.524915
0.312634 1.064638 -0.532735
0.319008 1.079692 -0.544185
0.313486 1.062281 -0.536586
0.319307 1.077262 -0.548184
0.315246 1.059714 -0.540364
0.320496 1.074483 -0.552040
0.307660 1.044324 -0.528320
0.298427 1.028208 -0.515571
0.310702 1.041768 -0.531101
0.301848 1.025803 -0.518139
0.291450 1.008880 -0.505153
0.306134 1.023436 -0.519833
0.295704 1.006454 -0.507393
0.310998 1.021172 -0.520628
0.300706 1.004306 -0.508030
0.290913 0.987534 -0.493927
0.306253 1.002377 -0.507432
0.296520 0.985877 -0.494059
0.312321 1.000522 -0.506218
0.318691 0.998926 -0.504233
0.302981 0.984149 -0.493099
0.309060 0.982475 -0.491385
0.293421 0.968118 -0.479499
0.282400 0.951925 -0.464433
0.299064 0.966284 -0.478288
0.287388 0.969707 -0.479936
0.281608 0.971186 -0.479031
0.277487 0.953846 -0.464009
0.272377 0.955570 -0.462708
0.265770 0.937351 -0.447532
0.269994 0.935125 -0.448500
0.251780 0.920673 -0.433801
0.261367 0.939607 -0.446046
0.247709 0.923208 -0.432278
0.257488 0.941872 -0.444245
0.243962 0.925590 -0.430211
0.268157 0.957545 -0.460507
0.254432 0.944203 -0.441553
0.264972 0.959696 -0.457553
0.240642 0.927881 -0.427498
0.251880 0.946434 -0.438467
0.262266 0.962011 -0.454377
0.249880 0.948494 -0.434965
0.238092 0.929895 -0.424176
0.223101 0.913235 -0.411929
0.236011 0.931795 -0.420329
0.234049 0.933692 -0.416318
0.220889 0.914977 -0.407999
0.204522 0.899982 -0.399978
0.218993 0.916646 -0.403932
0.217261 0.918336 -0.399780
0.202944 0.901342 -0.396140
0.201427 0.902728 -0.392066
0.185370 0.887266 -0.391472
0.186991 0.886304 -0.395874
0.189166 0.885334 -0.400335
0.169103 0.874524 -0.395121
0.171388 0.873659 -0.399608
0.150810 0.863232 -0.396292
0.132769 0.853012 -0.396833
0.153192 0.862652 -0.401270
0.155640 0.861695 -0.405598
0.134231 0.852493 -0.402331
0.135708 0.851477 -0.407568
0.115062 0.842081 -0.400987
0.116173 0.841888 -0.406805
0.094212 0.833482 -0.399260
0.114141 0.842114 -0.395336
0.093307 0.833990 -0.393299
0.113429 0.841952 -0.388921
0.092454 0.834607 -0.387327
0.070654 0.829387 -0.385621
0.048043 0.824570 -0.383598
0.069794 0.830286 -0.379894
0.071540 0.828626 -0.391480
0.072491 0.827798 -0.397357
0.048686 0.823586 -0.389272
0.049368 0.822441 -0.394899
0.050085 0.821204 -0.400479
0.073450 0.826912 -0.403169
0.050846 0.819772 -0.405982
0.051624 0.818194 -0.411099
0.074407 0.825911 -0.408773
0.075347 0.824498 -0.414011
0.096395 0.832037 -0.410578
0.095228 0.832883 -0.405083
0.097868 0.830670 -0.415712
0.117690 0.840971 -0.412716
0.137949 0.850260 -0.412354
0.119275 0.839557 -0.417661
0.140480 0.848729 -0.416345
0.121177 0.837516 -0.421839
0.143121 0.846513 -0.419455
0.099128 0.828771 -0.420199
0.123514 0.834256 -0.424392
0.100749 0.826097 -0.423927
0.125750 0.830943 -0.426798
0.145821 0.843830 -0.422094
0.148398 0.840480 -0.423454
0.166191 0.853212 -0.416856
0.185353 0.863264 -0.414107
0.163409 0.855963 -0.414928
0.168940 0.850053 -0.417990
0.171575 0.846561 -0.418354
0.188385 0.860047 -0.414979
0.191357 0.856594 -0.415155
0.207123 0.870671 -0.414920
0.210476 0.867267 -0.414968
0.226021 0.883548 -0.417643
0.203750 0.873984 -0.414272
0.222253 0.886588 -0.416823
0.200563 0.876969 -0.412752
0.182294 0.866256 -0.412706
0.218700 0.889499 -0.415565
0.197416 0.879669 -0.410583
0.179294 0.868753 -0.410435
0.215252 0.892153 -0.413582
0.194459 0.881980 -0.407802
0.211991 0.894533 -0.411044
0.191672 0.883904 -0.404384
0.176427 0.870788 -0.407304
0.173833 0.872394 -0.403688
0.157953 0.860333 -0.409019
0.160602 0.858425 -0.412309
0.209020 0.896675 -0.407849
0.225601 0.911390 -0.415623
0.206613 0.898402 -0.404032
0.228573 0.909281 -0.418816
0.232126 0.906840 -0.421114
0.235921 0.904271 -0.422789
0.239846 0.901511 -0.424093
0.255871 0.918056 -0.434876
0.244051 0.898593 -0.424894
0.248490 0.895446 -0.425221
0.260377 0.915186 -0.435706
0.274685 0.932567 -0.448828
0.265308 0.912005 -0.436231
0.279926 0.929716 -0.448912
0.270627 0.908655 -0.436316
0.285615 0.926675 -0.448796
0.253261 0.892048 -0.424962
0.276227 0.905109 -0.435648
0.292006 0.923395 -0.448076
0.281546 0.901694 -0.433985
0.257875 0.888721 -0.424038
0.238121 0.873487 -0.417295
0.262467 0.885303 -0.422511
0.242152 0.869931 -0.415883
0.266956 0.882016 -0.420092
0.286789 0.898608 -0.431093
0.246159 0.866370 -0.413885
0.223824 0.852585 -0.409789
0.220642 0.856367 -0.412019
0.202074 0.841342 -0.409540
0.199578 0.845407 -0.411837
0.196984 0.849248 -0.413674
0.178509 0.835248 -0.414951
0.176319 0.839069 -0.416768
0.173897 0.842885 -0.417826
0.194237 0.852904 -0.414594
0.213947 0.863702 -0.414572
0.233935 0.877013 -0.417926
0.217222 0.860087 -0.413385
0.229930 0.880356 -0.417974
0.299387 0.944847 -0.462875
0.293300 0.947376 -0.463496
0.305055 0.964361 -0.476851
0.287624 0.949696 -0.464108
0.150713 0.836907 -0.423623
0.076622 0.822381 -0.418725
0.052477 0.816234 -0.416142
0.047410 0.825541 -0.378008
0.200070 0.904101 -0.387954
0.198905 0.905427 -0.383742
0.215908 0.919927 -0.395538
0.230260 0.937777 -0.407654
0.214862 0.921416 -0.391179
0.229032 0.939539 -0.403033
0.214540 0.922610 -0.386777
0.228998 0.940735 -0.398272
0.214763 0.923610 -0.382722
0.229565 0.941620 -0.393680
0.243780 0.959395 -0.407474
0.230808 0.942088 -0.389171
0.244982 0.960216 -0.402800
0.232366 0.942387 -0.384994
0.234261 0.942450 -0.380873
0.246738 0.960582 -0.398197
0.248863 0.960628 -0.393655
0.260156 0.978005 -0.413136
0.271936 0.993525 -0.428465
0.258494 0.977241 -0.418053
0.257383 0.975897 -0.423019
0.270147 0.992669 -0.433515
0.280478 1.009778 -0.450258
0.283362 1.010406 -0.445401
0.291575 1.027131 -0.466699
0.294494 1.028111 -0.462134
0.297292 1.028991 -0.457799
0.243125 0.958136 -0.412509
0.232050 0.935736 -0.412115
0.248129 0.950397 -0.430953
0.260307 0.964308 -0.450817
0.270423 0.977328 -0.470845
0.278820 0.993894 -0.486955
0.273185 0.975138 -0.474231
0.276889 0.973093 -0.476969
0.281681 0.991693 -0.490315
0.285862 0.989483 -0.492791
0.288294 1.011332 -0.502244
0.296044 1.030597 -0.512205
0.319518 1.081977 -0.539675
0.324496 1.097019 -0.551259
0.320331 1.084286 -0.535002
0.313661 1.069268 -0.524093
0.273598 1.002763 -0.470916
0.299878 1.042555 -0.486011
0.306986 1.048777 -0.468159
0.311384 1.049077 -0.464700
0.316691 1.048614 -0.462121
0.318706 1.066932 -0.478134
0.324763 1.082583 -0.490037
0.324127 1.066526 -0.475599
0.330457 1.082484 -0.488147
0.330288 1.065726 -0.474620
0.322600 1.047530 -0.460274
0.336383 1.082155 -0.487183
0.336216 1.064588 -0.474003
0.342635 1.080898 -0.486812
0.348441 1.097142 -0.498935
0.349065 1.079355 -0.486298
0.354989 1.095740 -0.499305
0.355754 1.077872 -0.485594
0.362280 1.077134 -0.483136
0.361779 1.094491 -0.499014
0.369023 1.093683 -0.497310
0.367740 1.111795 -0.511406
0.373207 1.129009 -0.524361
0.375097 1.111205 -0.510206
0.360699 1.112616 -0.511493
0.353975 1.113494 -0.511249
0.366044 1.129677 -0.524100
0.370938 1.147653 -0.536167
0.377835 1.147064 -0.536546
0.375920 1.166146 -0.548043
0.382597 1.165802 -0.548924
0.380980 1.184528 -0.561271
0.374687 1.184669 -0.560859
0.387644 1.184297 -0.561995
0.386358 1.203691 -0.574136
0.380123 1.203960 -0.573973
0.392782 1.203432 -0.574815
0.391611 1.222703 -0.588538
0.385563 1.222630 -0.588775
0.396873 1.241294 -0.603255
0.397826 1.222600 -0.588673
0.402932 1.241418 -0.602863
0.404222 1.222368 -0.589417
0.410893 1.221734 -0.590723
0.409196 1.241168 -0.603314
0.399269 1.202942 -0.575853
0.406144 1.202316 -0.577089
0.394468 1.183873 -0.562864
0.401739 1.183306 -0.563655
0.389579 1.165380 -0.549668
0.384997 1.147014 -0.536175
0.397260 1.165329 -0.549623
0.392552 1.147489 -0.534773
0.405565 1.165551 -0.549046
0.400565 1.148146 -0.532892
0.409619 1.183048 -0.564190
0.413939 1.165939 -0.547947
0.409137 1.148684 -0.530939
0.422186 1.166323 -0.546713
0.417746 1.183044 -0.564202
0.421088 1.201074 -0.578910
0.425645 1.183353 -0.563638
0.433228 1.183593 -0.563217
0.428987 1.201090 -0.579194
0.432777 1.219773 -0.594724
0.436647 1.201179 -0.579378
0.440531 1.219494 -0.595445
0.443963 1.201332 -0.579599
0.448087 1.219242 -0.595833
0.440475 1.183754 -0.563193
0.451221 1.201366 -0.580153
0.447958 1.183735 -0.563696
0.455335 1.219189 -0.596352
0.458335 1.200994 -0.581255
0.462561 1.218895 -0.597276
0.467100 1.236916 -0.612947
0.459628 1.237110 -0.612033
0.452120 1.237247 -0.611446
0.463524 1.255835 -0.627317
0.466776 1.274539 -0.641663
0.455854 1.256333 -0.626181
0.448037 1.256906 -0.624779
0.458989 1.275337 -0.639847
0.463277 1.296935 -0.652334
0.451582 1.276463 -0.637509
0.456382 1.298449 -0.649197
0.444566 1.277718 -0.634969
0.449820 1.299903 -0.646746
0.440532 1.257863 -0.622696
0.437961 1.278817 -0.632920
0.431586 1.279676 -0.631321
0.433560 1.258806 -0.620568
0.443241 1.300565 -0.644711
0.436836 1.301075 -0.643203
0.448574 1.324587 -0.656116
0.442039 1.324836 -0.654649
0.453783 1.349300 -0.669047
0.455445 1.323823 -0.658249
0.461246 1.348540 -0.671345
0.462534 1.322924 -0.661025
0.468928 1.347636 -0.674384
0.469835 1.321371 -0.664524
0.476777 1.319573 -0.668505
0.476405 1.346181 -0.678029
0.483554 1.344563 -0.682213
0.482452 1.369075 -0.692757
0.475099 1.370045 -0.689477
0.491484 1.391980 -0.704992
0.490111 1.367684 -0.696880
0.499235 1.390269 -0.709458
0.497545 1.366042 -0.701535
0.505000 1.364417 -0.706392
0.506483 1.388250 -0.714682
0.490390 1.342966 -0.686527
0.497841 1.341768 -0.690393
0.483816 1.317992 -0.672381
0.505765 1.341140 -0.693388
0.513658 1.340416 -0.696582
0.512561 1.363386 -0.710407
0.520784 1.385170 -0.725482
0.519514 1.362397 -0.714559
0.527807 1.384266 -0.730123
0.523786 1.360804 -0.719631
0.520153 1.338858 -0.701438
0.532682 1.382931 -0.735591
0.526347 1.358903 -0.725293
0.535406 1.381242 -0.741593
0.546179 1.404214 -0.757030
0.536839 1.379587 -0.747497
0.545672 1.402265 -0.763231
0.545393 1.422482 -0.777554
0.542182 1.400082 -0.769857
0.544049 1.420157 -0.783311
0.549415 1.439911 -0.798229
0.542149 1.418341 -0.789404
0.548205 1.435601 -0.803434
0.554281 1.452038 -0.818726
0.555583 1.456282 -0.813465
0.553987 1.461052 -0.808280
0.554062 1.469183 -0.823284
0.553269 1.472879 -0.817825
0.548639 1.480863 -0.830828
0.539821 1.492778 -0.837217
0.548204 1.483810 -0.825634
0.545899 1.486912 -0.820253
0.539834 1.495383 -0.832277
0.529346 1.507445 -0.837865
0.538163 1.497955 -0.826903
0.534754 1.500747 -0.821283
0.528198 1.509482 -0.832503
0.525366 1.510701 -0.827022
0.515762 1.519332 -0.837020
0.513977 1.519674 -0.831919
0.516309 1.518244 -0.842207
0.500991 1.528676 -0.839650
0.500648 1.527805 -0.844672
0.483603 1.535770 -0.840148
0.500570 1.528604 -0.834706
0.483870 1.535027 -0.835356
0.499236 1.527408 -0.829830
0.511072 1.519311 -0.826580
0.497064 1.525259 -0.825513
0.484122 1.533296 -0.830770
0.470040 1.536536 -0.828579
0.484614 1.530764 -0.826420
0.484172 1.527125 -0.821802
0.472359 1.533464 -0.824240
0.461796 1.534954 -0.819979
0.474313 1.529889 -0.820116
0.475504 1.525072 -0.815742
0.465814 1.531117 -0.816538
0.468805 1.526809 -0.813551
0.458959 1.531528 -0.812273
0.453523 1.535386 -0.814826
0.453151 1.531226 -0.807241
0.463263 1.527414 -0.810495
0.458037 1.527098 -0.806466
0.466122 1.522102 -0.808113
0.461992 1.522662 -0.805784
0.466208 1.516372 -0.803899
0.470515 1.520742 -0.809798
0.475393 1.518884 -0.810642
0.469086 1.514398 -0.804308
0.471964 1.512330 -0.804561
0.461849 1.507896 -0.797037
0.458612 1.510306 -0.796352
0.465210 1.505502 -0.797405
0.451104 1.502095 -0.790924
0.455042 1.499363 -0.791730
0.437175 1.494828 -0.787257
0.447270 1.505147 -0.789737
0.432734 1.498737 -0.785947
0.444201 1.508630 -0.788308
0.429008 1.503163 -0.784240
0.455326 1.513045 -0.795571
0.441226 1.512449 -0.786828
0.451700 1.516290 -0.794399
0.426109 1.507833 -0.782758
0.438260 1.517041 -0.785967
0.448686 1.520292 -0.793622
0.423378 1.513095 -0.781963
0.435253 1.521969 -0.785929
0.444897 1.524666 -0.793246
0.431465 1.526015 -0.787173
0.421220 1.518439 -0.782305
0.419190 1.523404 -0.783512
0.404935 1.516897 -0.783474
0.403948 1.522317 -0.784715
0.388491 1.517481 -0.787514
0.406407 1.511258 -0.782870
0.408221 1.505278 -0.783301
0.388975 1.511483 -0.786755
0.390057 1.504813 -0.786795
0.372522 1.512874 -0.791487
0.373153 1.505450 -0.791401
0.357626 1.514617 -0.797488
0.372672 1.519211 -0.792382
0.374153 1.524924 -0.795016
0.358415 1.521229 -0.799049
0.360520 1.526703 -0.801727
0.346999 1.522925 -0.805429
0.349650 1.528256 -0.808538
0.338571 1.523744 -0.811011
0.345572 1.515802 -0.803296
0.336309 1.516618 -0.808049
0.345703 1.506249 -0.802392
0.358018 1.506020 -0.796829
0.347236 1.494598 -0.802711
0.336469 1.506128 -0.807380
0.329753 1.506119 -0.812202
0.337925 1.493609 -0.807716
0.340588 1.479682 -0.808397
0.330646 1.492984 -0.812711
0.333628 1.478509 -0.814006
0.325149 1.492748 -0.818085
0.324914 1.506340 -0.816583
0.321521 1.493104 -0.824281
0.328596 1.478025 -0.819734
0.331116 1.460223 -0.820951
0.324943 1.478172 -0.825873
0.327893 1.460127 -0.827217
0.324224 1.479145 -0.832671
0.321111 1.494051 -0.831091
0.327420 1.480908 -0.839208
0.326959 1.461221 -0.833791
0.330996 1.437169 -0.835493
0.328968 1.463125 -0.840442
0.334989 1.465896 -0.846146
0.331592 1.440311 -0.841883
0.339402 1.413777 -0.846309
0.336101 1.444339 -0.848063
0.343982 1.448833 -0.853046
0.340836 1.419789 -0.852576
0.345976 1.400046 -0.861014
0.345725 1.425968 -0.858539
0.348704 1.406858 -0.867281
0.354479 1.431956 -0.863221
0.355741 1.413794 -0.872395
0.367072 1.437194 -0.865445
0.354639 1.453199 -0.856424
0.367801 1.456647 -0.858349
0.355655 1.471935 -0.852896
0.368586 1.474576 -0.854579
0.355183 1.487905 -0.850608
0.344104 1.469098 -0.850553
0.343946 1.485567 -0.848066
0.341909 1.499242 -0.846733
0.334208 1.483135 -0.844625
0.331397 1.497371 -0.843060
0.328882 1.510206 -0.840403
0.323934 1.495553 -0.837844
0.321832 1.509021 -0.835052
0.325163 1.520406 -0.830338
0.319897 1.507850 -0.828609
0.324209 1.518885 -0.824596
0.320911 1.506908 -0.822254
0.323362 1.515864 -0.820755
0.327455 1.517505 -0.817256
0.328549 1.522584 -0.820413
0.330553 1.517246 -0.813180
0.332258 1.524170 -0.815896
0.335407 1.528049 -0.819677
0.341375 1.528802 -0.814509
0.340147 1.530794 -0.824404
0.330335 1.525720 -0.824736
0.334851 1.527766 -0.830375
0.342282 1.528742 -0.835495
0.330277 1.521267 -0.836244
0.339736 1.521418 -0.841045
0.352137 1.521764 -0.844963
0.339391 1.511253 -0.844671
0.352548 1.512576 -0.847604
0.367693 1.513932 -0.850757
0.353570 1.501102 -0.849145
0.367408 1.503531 -0.851744
0.382596 1.505903 -0.854926
0.368215 1.490451 -0.852804
0.382307 1.493006 -0.855178
0.396714 1.495392 -0.858102
0.382158 1.477138 -0.856121
0.396767 1.480092 -0.858047
0.382337 1.459402 -0.859331
0.397979 1.462255 -0.860115
0.381708 1.441105 -0.866341
0.379431 1.424002 -0.876986
0.397604 1.444060 -0.866100
0.394009 1.426301 -0.876980
0.413884 1.446709 -0.865614
0.414319 1.465434 -0.861753
0.430537 1.449124 -0.864538
0.408786 1.427484 -0.876008
0.423356 1.427605 -0.874088
0.401902 1.413069 -0.888164
0.414618 1.412474 -0.887307
0.393769 1.401899 -0.898921
0.388723 1.412361 -0.888387
0.375860 1.410011 -0.887922
0.382566 1.400858 -0.898594
0.377731 1.390124 -0.907148
0.372031 1.398072 -0.897157
0.369743 1.387292 -0.905456
0.363522 1.393286 -0.894012
0.357911 1.387333 -0.889599
0.364897 1.405425 -0.885473
0.363293 1.383109 -0.902629
0.367423 1.374269 -0.909768
0.360055 1.377745 -0.898641
0.359195 1.371821 -0.893801
0.365126 1.370259 -0.906321
0.370715 1.364810 -0.911551
0.364740 1.365377 -0.901676
0.366835 1.359583 -0.895729
0.370549 1.361145 -0.907587
0.375641 1.358873 -0.910012
0.372658 1.355607 -0.901663
0.378639 1.353731 -0.906617
0.378348 1.349053 -0.893819
0.371665 1.353034 -0.888294
0.379193 1.346523 -0.878415
0.364977 1.359996 -0.881973
0.360790 1.365940 -0.888357
0.358409 1.368575 -0.873250
0.371780 1.353303 -0.872860
0.363906 1.362672 -0.865999
0.379674 1.347686 -0.860374
0.371558 1.356538 -0.855025
0.387859 1.340892 -0.864290
0.386810 1.343230 -0.842954
0.395128 1.337485 -0.846042
0.393412 1.332155 -0.819037
0.379748 1.350000 -0.838648
0.385715 1.336859 -0.815597
0.373032 1.357650 -0.833398
0.366411 1.366035 -0.826392
0.378891 1.342185 -0.811737
0.363898 1.366894 -0.847837
0.356782 1.373750 -0.857229
0.355899 1.379547 -0.839904
0.346177 1.398673 -0.831231
0.349668 1.387788 -0.848430
0.340829 1.407710 -0.840288
0.346544 1.393862 -0.854602
0.352455 1.379704 -0.863640
0.350490 1.385884 -0.869689
0.351463 1.392491 -0.875780
0.355234 1.374457 -0.879059
0.354781 1.380895 -0.884609
0.356425 1.399269 -0.881248
0.361248 1.374563 -0.818863
0.346336 1.403163 -0.822166
0.332739 1.434582 -0.829171
0.335509 1.435291 -0.822898
0.339646 1.437325 -0.816626
0.345949 1.441106 -0.810065
0.348861 1.406852 -0.814062
0.335851 1.461280 -0.815007
0.343050 1.462774 -0.809010
0.352443 1.464694 -0.803137
0.365025 1.467342 -0.796916
0.349725 1.481132 -0.802879
0.354956 1.444209 -0.802721
0.367001 1.448392 -0.795543
0.360729 1.417983 -0.798939
0.371012 1.424232 -0.792170
0.353230 1.412104 -0.806282
0.369008 1.393125 -0.789228
0.363419 1.388318 -0.795554
0.374557 1.368149 -0.775670
0.376423 1.398457 -0.783370
0.380456 1.372746 -0.770708
0.385436 1.403789 -0.777963
0.395657 1.408191 -0.772941
0.383295 1.430205 -0.785860
0.387475 1.377609 -0.766484
0.395716 1.382380 -0.762179
0.389232 1.352717 -0.751152
0.396953 1.357648 -0.747416
0.390619 1.331318 -0.736429
0.382579 1.347695 -0.755364
0.384248 1.326335 -0.740958
0.376971 1.343184 -0.760440
0.373113 1.339421 -0.765364
0.379996 1.321934 -0.745198
0.382121 1.302919 -0.729746
0.377129 1.318018 -0.749531
0.375726 1.314871 -0.753469
0.371578 1.335420 -0.770309
0.375780 1.311542 -0.758255
0.371139 1.332174 -0.775664
0.376286 1.308779 -0.762311
0.372276 1.328979 -0.780646
0.378978 1.306225 -0.766486
0.375264 1.325893 -0.785156
0.382942 1.288382 -0.750897
0.383049 1.304246 -0.770240
0.379325 1.322427 -0.789068
0.386796 1.286503 -0.754784
0.388913 1.302914 -0.773410
0.386263 1.319723 -0.792563
0.394464 1.317489 -0.795431
0.404136 1.316385 -0.797001
0.414392 1.317004 -0.798936
0.402077 1.329633 -0.822053
0.410963 1.328052 -0.824897
0.424108 1.318497 -0.801017
0.423937 1.305838 -0.779317
0.433420 1.308442 -0.779470
0.373524 1.347724 -0.806943
0.369839 1.352530 -0.801144
0.367813 1.356833 -0.794653
0.359374 1.379502 -0.811061
0.367781 1.360141 -0.788368
0.360004 1.383872 -0.803297
0.370257 1.364178 -0.781425
0.385687 1.306886 -0.725538
0.390483 1.310801 -0.721283
0.384187 1.287474 -0.710398
0.388704 1.290694 -0.706029
0.380511 1.268069 -0.696026
0.384994 1.271431 -0.691326
0.390948 1.274718 -0.686895
0.394366 1.294083 -0.701643
0.396596 1.277951 -0.682531
0.399142 1.281383 -0.677239
0.399389 1.297319 -0.697297
0.403363 1.301071 -0.691841
0.401824 1.317575 -0.713236
0.406314 1.321675 -0.707044
0.396440 1.314484 -0.717110
0.404829 1.338926 -0.727966
0.397562 1.335641 -0.732440
0.410340 1.342389 -0.722526
0.405356 1.361754 -0.743498
0.404502 1.386044 -0.758062
0.412534 1.364537 -0.739835
0.412818 1.388078 -0.754139
0.418127 1.368356 -0.735395
0.420700 1.389593 -0.750087
0.412343 1.346721 -0.716830
0.420500 1.372166 -0.728396
0.427168 1.393066 -0.744259
0.420815 1.374852 -0.723024
0.412601 1.350103 -0.712232
0.406668 1.329073 -0.696045
0.412116 1.353935 -0.706299
0.406166 1.332353 -0.690952
0.412123 1.357339 -0.700912
0.413162 1.360363 -0.696403
0.406438 1.335222 -0.685878
0.421539 1.378925 -0.716887
0.423175 1.382199 -0.712268
0.430549 1.398944 -0.731844
0.428803 1.395959 -0.738129
0.433220 1.402525 -0.726926
0.434654 1.419642 -0.745156
0.432992 1.417639 -0.750252
0.437381 1.440160 -0.756065
0.436867 1.422554 -0.739520
0.439275 1.442251 -0.751033
0.439603 1.425627 -0.734285
0.436227 1.406027 -0.722102
0.441329 1.444504 -0.746446
0.442448 1.428802 -0.729606
0.445936 1.431841 -0.724805
0.443564 1.446840 -0.742368
0.439348 1.408927 -0.717942
0.442333 1.411384 -0.713951
0.428828 1.387712 -0.704255
0.417602 1.365844 -0.689000
0.432594 1.389575 -0.701347
0.425633 1.385158 -0.707937
0.414942 1.363384 -0.692397
0.409471 1.340653 -0.677366
0.412638 1.342986 -0.673936
0.407751 1.337957 -0.681408
0.406537 1.318045 -0.664247
0.409259 1.320087 -0.660816
0.401609 1.296865 -0.651313
0.404451 1.315697 -0.668044
0.399492 1.294816 -0.654946
0.403101 1.313075 -0.672020
0.402781 1.310479 -0.676272
0.398297 1.292326 -0.658812
0.391846 1.273087 -0.644710
0.398042 1.289797 -0.662620
0.398503 1.287102 -0.667001
0.391562 1.270706 -0.648808
0.392082 1.268237 -0.653191
0.383469 1.251895 -0.633967
0.383628 1.254183 -0.629913
0.376321 1.233023 -0.618788
0.384294 1.249398 -0.638251
0.376665 1.230651 -0.622773
0.385523 1.246603 -0.642853
0.392907 1.265454 -0.657836
0.377527 1.228009 -0.626968
0.368959 1.209868 -0.610908
0.368369 1.212510 -0.606928
0.360038 1.192524 -0.595279
0.351509 1.175593 -0.580081
0.360285 1.189687 -0.599498
0.359991 1.195094 -0.591193
0.360535 1.197481 -0.587185
0.351521 1.178123 -0.575984
0.362162 1.199653 -0.583310
0.368482 1.214854 -0.602972
0.369205 1.217108 -0.599019
0.371256 1.219174 -0.595368
0.376966 1.235207 -0.615002
0.378632 1.237208 -0.611386
0.381841 1.238799 -0.608373
0.385221 1.256196 -0.626186
0.393008 1.275208 -0.640897
0.387800 1.257967 -0.622710
0.394953 1.277196 -0.637268
0.391190 1.259520 -0.619587
0.397790 1.278903 -0.633984
0.385981 1.240093 -0.605883
0.396170 1.260496 -0.617524
0.391137 1.240929 -0.604140
0.402037 1.260821 -0.616678
0.402049 1.280142 -0.631434
0.408443 1.300060 -0.645273
0.407443 1.280732 -0.629990
0.413442 1.300938 -0.643452
0.413247 1.280849 -0.629498
0.407998 1.260931 -0.616379
0.419258 1.280568 -0.629679
0.418925 1.301416 -0.642354
0.423435 1.324184 -0.654141
0.424735 1.301594 -0.641980
0.429386 1.324812 -0.653510
0.430717 1.301489 -0.642220
0.425302 1.280192 -0.630259
0.435626 1.324986 -0.653746
0.440215 1.349424 -0.666709
0.433439 1.349146 -0.666334
0.446539 1.371506 -0.682357
0.446996 1.349478 -0.667590
0.453506 1.371375 -0.683117
0.462542 1.393815 -0.695993
0.460344 1.370991 -0.684573
0.467630 1.370647 -0.686790
0.469277 1.393663 -0.696800
0.477862 1.418339 -0.704946
0.476280 1.393439 -0.698724
0.485194 1.417883 -0.707401
0.483754 1.392984 -0.701338
0.493090 1.416982 -0.710669
0.501913 1.415429 -0.715191
0.501562 1.440372 -0.721349
0.492328 1.441175 -0.717961
0.502811 1.458062 -0.737786
0.511233 1.439095 -0.726097
0.512118 1.457728 -0.741524
0.520570 1.437395 -0.731981
0.510430 1.413556 -0.720554
0.529236 1.435116 -0.738898
0.521582 1.457028 -0.746147
0.530110 1.455773 -0.752192
0.520730 1.472687 -0.755640
0.512272 1.473054 -0.750576
0.525744 1.488787 -0.757721
0.528561 1.472193 -0.761573
0.532788 1.488225 -0.764249
0.534746 1.471707 -0.768552
0.536218 1.453862 -0.759339
0.538918 1.487707 -0.771095
0.539545 1.471398 -0.776473
0.542725 1.471430 -0.785202
0.539756 1.451785 -0.766721
0.543441 1.487489 -0.778661
0.545549 1.503114 -0.778511
0.546115 1.488282 -0.786647
0.546427 1.490389 -0.794240
0.548093 1.503205 -0.785558
0.547631 1.504456 -0.793084
0.546980 1.516486 -0.785401
0.544942 1.516624 -0.779128
0.546382 1.516810 -0.792053
0.545031 1.527898 -0.786138
0.543065 1.538128 -0.786759
0.545013 1.527706 -0.791990
0.543132 1.528240 -0.780550
0.540060 1.528690 -0.775693
0.541126 1.538837 -0.782099
0.538196 1.539672 -0.778278
0.538594 1.547804 -0.784140
0.535420 1.554717 -0.786714
0.540078 1.546884 -0.787582
0.536488 1.548737 -0.781099
0.534039 1.555473 -0.784159
0.533955 1.549656 -0.778514
0.532221 1.556370 -0.781997
0.535105 1.540519 -0.774991
0.530904 1.550529 -0.776111
0.531584 1.541300 -0.771443
0.527630 1.551131 -0.774451
0.529868 1.557456 -0.780246
0.527146 1.558356 -0.779108
0.528167 1.561401 -0.783101
0.527255 1.564506 -0.784860
0.525838 1.562075 -0.781680
0.530669 1.560664 -0.784425
0.529339 1.563643 -0.786493
0.532017 1.559511 -0.786465
0.533342 1.558468 -0.788720
0.530737 1.562454 -0.788428
0.531179 1.560789 -0.790472
0.529659 1.564377 -0.790185
0.528384 1.565534 -0.791800
0.528820 1.566116 -0.788230
0.529328 1.562316 -0.791894
0.528206 1.559769 -0.792773
0.527058 1.563188 -0.792279
0.525296 1.564097 -0.792528
0.525633 1.560565 -0.792889
0.523595 1.561382 -0.792094
0.523447 1.556610 -0.793311
0.526802 1.556197 -0.793948
0.520757 1.551392 -0.793999
0.520928 1.557539 -0.792394
0.516965 1.552001 -0.792310
0.518572 1.558869 -0.791087
0.514013 1.553212 -0.790756
0.521529 1.562435 -0.791204
0.516940 1.560230 -0.789466
0.515946 1.561651 -0.787347
0.519937 1.563568 -0.789815
0.512083 1.555031 -0.788640
0.511303 1.557003 -0.786385
0.503275 1.545655 -0.785638
0.501366 1.547934 -0.782989
0.492764 1.534562 -0.781332
0.506378 1.543499 -0.788512
0.510661 1.542445 -0.791314
0.497714 1.533152 -0.785549
0.491365 1.523817 -0.784375
0.504541 1.532538 -0.790082
0.500198 1.524138 -0.790095
0.512556 1.533067 -0.794278
0.520305 1.534088 -0.797386
0.516224 1.542190 -0.794172
0.510293 1.525053 -0.795295
0.519519 1.526134 -0.798891
0.508997 1.518401 -0.797723
0.506912 1.512927 -0.801672
0.498712 1.517971 -0.792417
0.518256 1.518631 -0.801565
0.515088 1.513104 -0.806485
0.526708 1.518425 -0.803162
0.523724 1.510862 -0.809608
0.535453 1.517873 -0.802019
0.527793 1.526963 -0.800433
0.527732 1.535168 -0.798954
0.535275 1.527496 -0.800030
0.541586 1.527615 -0.797258
0.534786 1.536164 -0.798990
0.533398 1.544569 -0.797945
0.540788 1.537052 -0.796818
0.543101 1.537610 -0.791971
0.538456 1.545581 -0.796006
0.535844 1.550806 -0.794216
0.540542 1.546200 -0.791560
0.535626 1.552861 -0.791487
0.533248 1.555364 -0.793027
0.535708 1.553875 -0.789132
0.533359 1.557217 -0.790955
0.530934 1.558872 -0.792330
0.529808 1.555835 -0.793843
0.528617 1.551229 -0.795715
0.532614 1.551542 -0.794952
0.527680 1.543543 -0.797862
0.524785 1.551211 -0.795064
0.521929 1.542795 -0.796505
0.542444 1.517473 -0.798370
0.543669 1.506442 -0.800061
0.535625 1.508124 -0.805205
0.544541 1.493973 -0.802152
0.538308 1.498512 -0.809205
0.546682 1.482579 -0.807108
0.550287 1.476879 -0.812527
0.541755 1.490978 -0.814617
0.546196 1.471667 -0.795234
0.550437 1.465914 -0.802779
0.543617 1.448231 -0.781047
0.544599 1.426733 -0.766074
0.546738 1.446328 -0.787697
0.541513 1.449933 -0.774293
0.542801 1.428259 -0.759917
0.539701 1.430086 -0.753337
0.538417 1.406873 -0.744433
0.544580 1.405683 -0.750590
0.531251 1.407848 -0.739298
0.524536 1.409401 -0.733332
0.513228 1.386259 -0.720523
0.517918 1.411505 -0.726739
0.535307 1.432440 -0.746192
0.545604 1.424815 -0.772215
0.548957 1.443478 -0.793399
0.529543 1.504744 -0.815605
0.520888 1.511677 -0.821481
0.515791 1.512508 -0.816476
0.507325 1.517897 -0.821907
0.510203 1.512362 -0.812346
0.503138 1.509990 -0.806899
0.502824 1.516137 -0.817525
0.497487 1.512969 -0.812183
0.493898 1.521865 -0.820700
0.490503 1.517561 -0.815646
0.486043 1.513184 -0.808799
0.482915 1.522022 -0.816612
0.480854 1.516244 -0.810540
0.476040 1.510056 -0.803608
0.480377 1.507456 -0.802212
0.469139 1.503714 -0.797011
0.473606 1.501465 -0.795910
0.459567 1.497061 -0.791788
0.464204 1.495513 -0.791070
0.446774 1.488921 -0.787693
0.441822 1.491233 -0.787659
0.451340 1.488078 -0.785880
0.431247 1.475262 -0.786281
0.416084 1.456793 -0.782108
0.437282 1.473447 -0.785362
0.424680 1.478141 -0.787173
0.403798 1.459083 -0.784640
0.419370 1.485412 -0.787248
0.399139 1.475626 -0.788017
0.414655 1.492368 -0.786205
0.410815 1.498982 -0.784633
0.395148 1.487524 -0.788359
0.391989 1.497026 -0.787613
0.377446 1.484980 -0.792291
0.374755 1.496387 -0.791926
0.380713 1.470838 -0.791566
0.362022 1.482837 -0.797303
0.359719 1.495563 -0.797158
0.382843 1.453217 -0.789359
0.397234 1.434204 -0.780275
0.407778 1.435810 -0.776698
0.417222 1.435907 -0.773472
0.405681 1.411139 -0.768635
0.414849 1.412917 -0.764924
0.423067 1.414241 -0.761163
0.425382 1.435965 -0.770289
0.429188 1.415573 -0.756999
0.431568 1.436857 -0.765858
0.437078 1.455111 -0.774065
0.435529 1.438538 -0.760946
0.440441 1.457081 -0.769930
0.449639 1.474874 -0.774981
0.442380 1.459308 -0.765190
0.450477 1.477536 -0.770690
0.443460 1.461439 -0.760967
0.444811 1.463557 -0.756850
0.451151 1.480628 -0.766753
0.461757 1.498925 -0.769819
0.451179 1.483176 -0.762703
0.460425 1.502213 -0.765114
0.451114 1.484835 -0.758290
0.446333 1.465395 -0.753125
0.453019 1.486079 -0.754051
0.459223 1.503744 -0.759840
0.462878 1.517356 -0.758970
0.459224 1.505708 -0.754529
0.462360 1.506533 -0.750389
0.466383 1.522185 -0.756737
0.471180 1.525083 -0.765422
0.469879 1.522700 -0.755898
0.474524 1.522681 -0.754496
0.475206 1.530329 -0.764643
0.484111 1.535573 -0.772644
0.480396 1.533449 -0.762581
0.486116 1.533888 -0.760818
0.489375 1.542626 -0.770260
0.503094 1.552877 -0.777290
0.495229 1.544874 -0.767865
0.506452 1.554465 -0.775135
0.500550 1.545152 -0.766589
0.505629 1.544879 -0.765405
0.491944 1.533394 -0.759140
0.510697 1.554623 -0.774063
0.513213 1.553058 -0.772184
0.518386 1.559286 -0.777949
0.518520 1.554388 -0.773666
0.521291 1.559591 -0.778292
0.515791 1.560072 -0.779887
0.513267 1.559994 -0.781745
0.519522 1.561855 -0.780345
0.522708 1.562086 -0.781018
0.517291 1.563020 -0.782398
0.521066 1.564175 -0.783107
0.515918 1.562810 -0.785001
0.519619 1.564895 -0.785483
0.511425 1.558581 -0.784055
0.499987 1.549814 -0.779994
0.519180 1.564578 -0.787838
0.522948 1.566535 -0.785700
0.522189 1.566911 -0.788156
0.526250 1.566948 -0.786596
0.524279 1.564589 -0.783808
0.525141 1.568447 -0.788543
0.528007 1.567659 -0.790127
0.524346 1.568384 -0.790521
0.524676 1.566868 -0.792121
0.527592 1.568071 -0.791436
0.522708 1.566047 -0.790008
0.523689 1.565046 -0.791456
0.526840 1.566320 -0.792721
0.524415 1.559269 -0.778479
0.524489 1.551930 -0.773050
0.521379 1.552943 -0.773172
0.522073 1.543044 -0.765276
0.519344 1.533437 -0.759295
0.527593 1.541879 -0.768343
0.516505 1.543710 -0.764322
0.511544 1.544401 -0.764615
0.512254 1.533327 -0.757903
0.508394 1.521240 -0.751644
0.504991 1.533186 -0.757705
0.498448 1.533267 -0.758267
0.500208 1.521299 -0.751494
0.493330 1.521567 -0.751759
0.494959 1.507535 -0.743972
0.504352 1.507576 -0.744743
0.490415 1.489349 -0.743941
0.486996 1.507377 -0.744675
0.480089 1.507356 -0.745287
0.482706 1.489022 -0.745108
0.475527 1.488482 -0.746549
0.479853 1.472278 -0.743388
0.477821 1.457778 -0.731549
0.471988 1.471695 -0.743158
0.487749 1.472761 -0.743891
0.495419 1.473068 -0.744954
0.485949 1.457987 -0.732880
0.494028 1.458095 -0.734986
0.483878 1.441644 -0.715500
0.475380 1.441564 -0.714320
0.467573 1.440707 -0.714464
0.470187 1.418264 -0.703530
0.462872 1.417740 -0.703491
0.456420 1.416890 -0.704500
0.455896 1.393661 -0.695671
0.449495 1.393280 -0.695823
0.443194 1.392291 -0.696927
0.439792 1.371402 -0.682040
0.433178 1.370983 -0.682190
0.427004 1.369720 -0.683748
0.427262 1.348371 -0.666971
0.421451 1.347026 -0.668469
0.416543 1.345173 -0.670800
0.417863 1.323308 -0.655350
0.413023 1.321870 -0.657705
0.421758 1.367959 -0.686034
0.437471 1.391252 -0.698529
0.446150 1.413525 -0.709797
0.450660 1.415304 -0.706802
0.449437 1.434569 -0.721103
0.450751 1.452181 -0.735915
0.453841 1.437175 -0.717924
0.456311 1.454397 -0.733190
0.460233 1.439436 -0.715622
0.462685 1.455797 -0.731622
0.470054 1.456996 -0.731162
0.464577 1.471203 -0.743203
0.468788 1.488187 -0.747317
0.458225 1.470355 -0.744035
0.452536 1.468953 -0.746029
0.462739 1.487697 -0.748513
0.457535 1.486943 -0.750802
0.467585 1.506774 -0.747477
0.473448 1.506815 -0.746048
0.479884 1.522482 -0.753169
0.486531 1.522139 -0.752234
0.448135 1.467158 -0.749523
0.446656 1.449625 -0.738796
0.499234 1.489521 -0.743779
0.503681 1.473180 -0.746946
0.508807 1.489598 -0.746525
0.514404 1.506976 -0.747906
0.517586 1.489410 -0.751632
0.522597 1.506277 -0.752890
0.524089 1.520703 -0.757214
0.529516 1.505205 -0.759157
0.535601 1.504299 -0.765401
0.530639 1.519085 -0.762352
0.531669 1.530493 -0.766908
0.536118 1.517926 -0.767643
0.541105 1.517098 -0.773238
0.536065 1.529514 -0.771275
0.541204 1.503528 -0.771825
0.526607 1.532050 -0.762667
0.516891 1.521402 -0.753255
0.488593 1.535496 -0.777416
0.475222 1.524362 -0.770816
0.469385 1.513402 -0.770703
0.479396 1.523198 -0.775263
0.484854 1.523765 -0.779479
0.472146 1.508488 -0.776086
0.472070 1.501235 -0.780167
0.461831 1.494510 -0.773619
0.480593 1.513536 -0.780739
0.480249 1.507226 -0.783975
0.489071 1.516183 -0.786112
0.488929 1.511083 -0.789503
0.497530 1.513320 -0.795964
0.487926 1.507431 -0.794085
0.495099 1.510833 -0.800811
0.484991 1.506010 -0.798739
0.480076 1.502994 -0.788221
0.478133 1.500602 -0.792666
0.471443 1.497626 -0.784089
0.468530 1.495651 -0.787928
0.459180 1.488772 -0.780717
0.455902 1.487570 -0.783810
0.447074 1.473312 -0.779024
0.461574 1.490981 -0.777083
0.442685 1.472797 -0.782539
0.431643 1.454530 -0.777259
0.424074 1.455228 -0.780218
0.491324 1.511078 -0.805243
0.466609 1.516816 -0.765522
0.420363 1.260235 -0.617636
0.414109 1.260612 -0.616774
0.426955 1.259753 -0.618927
0.415719 1.240717 -0.604423
0.422332 1.240143 -0.605834
0.429244 1.239221 -0.607558
0.417726 1.220980 -0.592186
0.424999 1.220217 -0.593728
0.413301 1.201425 -0.578134
0.436536 1.238179 -0.609142
0.444246 1.237474 -0.610640
0.404413 1.298692 -0.647963
0.379846 1.222070 -0.589978
0.374647 1.220898 -0.592202
0.374014 1.203823 -0.574855
0.368639 1.203079 -0.576703
0.364463 1.201586 -0.579649
0.352107 1.172800 -0.584389
0.344522 1.155900 -0.570446
0.352947 1.169798 -0.588893
0.344052 1.158602 -0.566046
0.337837 1.139445 -0.557966
0.393317 1.262443 -0.662822
0.399085 1.284498 -0.672032
0.404129 1.304573 -0.686249
0.403215 1.307683 -0.681093
0.407224 1.325623 -0.701302
0.383858 1.354037 -0.910143
0.377770 1.360759 -0.913116
0.388945 1.355648 -0.912572
0.394099 1.357821 -0.914809
0.380647 1.362165 -0.915513
0.384314 1.364390 -0.917498
0.372897 1.367429 -0.914566
0.376061 1.370217 -0.917041
0.371059 1.377921 -0.912629
0.380049 1.373041 -0.918239
0.376301 1.380577 -0.914365
0.388591 1.367479 -0.918799
0.384496 1.375505 -0.918722
0.389853 1.377921 -0.918398
0.393063 1.370948 -0.919491
0.383057 1.382534 -0.915129
0.391022 1.383509 -0.915173
0.386789 1.391509 -0.907860
0.396364 1.391529 -0.908111
0.407220 1.389594 -0.907467
0.405048 1.401085 -0.898934
0.415351 1.398707 -0.898588
0.426160 1.394619 -0.897429
0.426554 1.410669 -0.885921
0.437623 1.426760 -0.871451
0.438175 1.407149 -0.883890
0.451621 1.424561 -0.868144
0.450524 1.401422 -0.880737
0.461790 1.393244 -0.876270
0.463373 1.421301 -0.863827
0.438131 1.388387 -0.894953
0.430972 1.379082 -0.902572
0.448367 1.380894 -0.891175
0.456934 1.376701 -0.885166
0.442366 1.372213 -0.897281
0.454547 1.368822 -0.887573
0.439194 1.364724 -0.900084
0.425990 1.371421 -0.907265
0.421477 1.364829 -0.909822
0.414254 1.377672 -0.911559
0.402633 1.382112 -0.914258
0.418993 1.385488 -0.905719
0.409392 1.370910 -0.915043
0.404478 1.365706 -0.916443
0.397920 1.375409 -0.918550
0.399358 1.361249 -0.916471
0.469686 1.383477 -0.871548
0.475996 1.411981 -0.858145
0.464844 1.454591 -0.861416
0.464814 1.477637 -0.865215
0.447532 1.451762 -0.863396
0.447711 1.472920 -0.864676
0.443070 1.488818 -0.866313
0.430784 1.469013 -0.863359
0.427405 1.485779 -0.863897
0.426712 1.499611 -0.864877
0.412126 1.482797 -0.860953
0.411699 1.497838 -0.861706
0.412564 1.509472 -0.862230
0.397513 1.507783 -0.858466
0.428067 1.510417 -0.865275
0.413866 1.518567 -0.861875
0.398147 1.517556 -0.858049
0.429889 1.518782 -0.864949
0.415419 1.525895 -0.860436
0.398904 1.525598 -0.856754
0.432083 1.525521 -0.863385
0.417121 1.532279 -0.857790
0.400161 1.532436 -0.854028
0.419170 1.537490 -0.853827
0.434492 1.530872 -0.860547
0.452672 1.528120 -0.863184
0.436881 1.535555 -0.857201
0.455500 1.532379 -0.860294
0.439263 1.538714 -0.852761
0.458127 1.535975 -0.856691
0.441731 1.541174 -0.848006
0.421654 1.541366 -0.848894
0.424478 1.544226 -0.843469
0.404693 1.541821 -0.844004
0.407988 1.543717 -0.837862
0.388060 1.540042 -0.838324
0.402136 1.537919 -0.849547
0.385485 1.536492 -0.844272
0.370331 1.534716 -0.839336
0.383662 1.531215 -0.849360
0.382888 1.524110 -0.852506
0.368381 1.529825 -0.845012
0.353251 1.528890 -0.840177
0.367661 1.522469 -0.848753
0.356152 1.533382 -0.833977
0.360330 1.535893 -0.827341
0.346615 1.532459 -0.829155
0.352012 1.534250 -0.822746
0.345954 1.532119 -0.818403
0.358568 1.534850 -0.816368
0.367582 1.534544 -0.809508
0.365603 1.537103 -0.820884
0.353344 1.532301 -0.812132
0.363402 1.531136 -0.805282
0.376214 1.530020 -0.798309
0.379253 1.533805 -0.802487
0.389723 1.528687 -0.791848
0.388794 1.523215 -0.789326
0.403687 1.527322 -0.786769
0.392204 1.533230 -0.795980
0.396220 1.536533 -0.800925
0.405212 1.531884 -0.790331
0.414854 1.530560 -0.788085
0.408967 1.535255 -0.795605
0.420003 1.532991 -0.791517
0.414455 1.537750 -0.801495
0.402373 1.539097 -0.806578
0.422309 1.539703 -0.808042
0.425493 1.535152 -0.797763
0.432098 1.536981 -0.804343
0.433962 1.532252 -0.795252
0.426370 1.529857 -0.788981
0.440496 1.533703 -0.802088
0.440182 1.528576 -0.793769
0.447017 1.530064 -0.801030
0.452044 1.526037 -0.800798
0.456564 1.522232 -0.801275
0.458593 1.519007 -0.800729
0.463222 1.517906 -0.803396
0.446929 1.534829 -0.808887
0.439805 1.538242 -0.811139
0.431810 1.541050 -0.814880
0.447812 1.539043 -0.817680
0.457594 1.538407 -0.823560
0.441884 1.541719 -0.821644
0.453460 1.540889 -0.827935
0.436637 1.543539 -0.826357
0.450089 1.542330 -0.832750
0.431614 1.544950 -0.831832
0.424282 1.542962 -0.819862
0.412190 1.541525 -0.813067
0.417551 1.544181 -0.825593
0.411949 1.544607 -0.831735
0.403263 1.542292 -0.819104
0.396343 1.542431 -0.825554
0.391055 1.539630 -0.812665
0.383659 1.537019 -0.807222
0.382216 1.539511 -0.819574
0.373229 1.537276 -0.814091
0.376663 1.539050 -0.826293
0.372921 1.537685 -0.833012
0.391626 1.541720 -0.831962
0.427488 1.545368 -0.837695
0.444484 1.542872 -0.842880
0.462317 1.540137 -0.847342
0.447129 1.543145 -0.837826
0.464178 1.540487 -0.842419
0.482863 1.535608 -0.845109
0.466115 1.539966 -0.837607
0.468039 1.538731 -0.833055
0.481606 1.534779 -0.849810
0.499524 1.526115 -0.849482
0.479535 1.532688 -0.854220
0.497731 1.523711 -0.853751
0.477160 1.529690 -0.858196
0.460314 1.538618 -0.852257
0.474326 1.526139 -0.861292
0.470939 1.522053 -0.863679
0.466976 1.517541 -0.865605
0.449741 1.522955 -0.865081
0.462252 1.512480 -0.867005
0.482369 1.507965 -0.865404
0.475929 1.503163 -0.866841
0.467639 1.498036 -0.867532
0.457416 1.493081 -0.867676
0.457302 1.506665 -0.867663
0.477699 1.482840 -0.865027
0.443509 1.510048 -0.867128
0.452536 1.500905 -0.867874
0.441508 1.501029 -0.867045
0.446687 1.517116 -0.866440
0.515640 1.516315 -0.847018
0.528912 1.504795 -0.842670
0.417371 1.527459 -0.785478
0.382689 1.515871 -0.854264
0.366282 1.419690 -0.875474
0.470496 1.295406 -0.655596
0.438041 1.166517 -0.545979
0.430183 1.166425 -0.545940
0.426472 1.148731 -0.528684
0.417868 1.148843 -0.529461
0.412867 1.129545 -0.514111
0.404102 1.129625 -0.516224
0.395811 1.129385 -0.518734
0.398235 1.110707 -0.503323
0.390431 1.110837 -0.505785
0.382743 1.110805 -0.508380
0.383335 1.093113 -0.491809
0.376175 1.093359 -0.494624
0.368865 1.076539 -0.480369
0.388016 1.128998 -0.521300
0.380527 1.128830 -0.523268
0.341629 1.098046 -0.499040
0.335181 1.098425 -0.499579
0.353183 1.123088 -0.616757
0.357942 1.138927 -0.630931
0.358898 1.121287 -0.617950
0.363782 1.137181 -0.632682
0.365484 1.120146 -0.618352
0.369876 1.135934 -0.633566
0.361806 1.105779 -0.603979
0.372659 1.119784 -0.618105
0.376599 1.135420 -0.633581
0.369245 1.105669 -0.603226
0.380011 1.119915 -0.617139
0.366273 1.091739 -0.588874
0.374449 1.152686 -0.649153
0.368051 1.153688 -0.648034
0.378227 1.169193 -0.666528
0.371565 1.170098 -0.665326
0.381971 1.186960 -0.684351
0.386217 1.206064 -0.702264
0.375346 1.187795 -0.682978
0.369860 1.189605 -0.680356
0.365409 1.191927 -0.677095
0.365819 1.171793 -0.663145
0.361582 1.174286 -0.659924
0.362185 1.155318 -0.646137
0.362314 1.194667 -0.673357
0.366641 1.213691 -0.689996
0.364628 1.216693 -0.685680
0.370287 1.236344 -0.700870
0.393324 1.205648 -0.703225
0.399008 1.226198 -0.718986
0.404257 1.246634 -0.734119
0.513493 1.367279 -0.779795
0.507915 1.341625 -0.760037
0.501673 1.316856 -0.741544
0.508849 1.320975 -0.736082
0.503333 1.296518 -0.718452
0.508462 1.299850 -0.712768
0.502833 1.276473 -0.695415
0.511878 1.303075 -0.706952
0.506171 1.279710 -0.689583
0.507848 1.282625 -0.684030
0.502196 1.260488 -0.667787
0.502393 1.263391 -0.662643
0.497351 1.244244 -0.647788
0.490359 1.225318 -0.632410
0.496641 1.247293 -0.643001
0.494807 1.250131 -0.638447
0.489648 1.228208 -0.627949
0.488125 1.230890 -0.623695
0.484014 1.209052 -0.612143
0.483989 1.206093 -0.616341
0.477718 1.190331 -0.596341
0.477815 1.187273 -0.600371
0.472515 1.171896 -0.580337
0.469727 1.153192 -0.564705
0.472174 1.168830 -0.584211
0.470541 1.165426 -0.588216
0.469080 1.150074 -0.569031
0.467041 1.146996 -0.573813
0.465355 1.130262 -0.554662
0.462781 1.127260 -0.559757
0.459745 1.108781 -0.540573
0.466369 1.133197 -0.549904
0.460358 1.111420 -0.535369
0.466574 1.136191 -0.545160
0.469351 1.156331 -0.560377
0.465437 1.139384 -0.540417
0.459794 1.114282 -0.530391
0.452950 1.092285 -0.517454
0.457563 1.117286 -0.525823
0.449362 1.094831 -0.512810
0.454145 1.120154 -0.521702
0.462234 1.142303 -0.536002
0.445068 1.097296 -0.508754
0.450024 1.122671 -0.517867
0.440358 1.099768 -0.505108
0.435089 1.102273 -0.501834
0.442385 1.071280 -0.505285
0.455063 1.089772 -0.522839
0.454318 1.087537 -0.528605
0.443480 1.068981 -0.510460
0.429756 1.049959 -0.496750
0.442292 1.067171 -0.515755
0.428272 1.048354 -0.501758
0.438984 1.065932 -0.520822
0.450743 1.085994 -0.533900
0.435094 1.064718 -0.525874
0.431037 1.063262 -0.531392
0.446140 1.084274 -0.538971
0.452676 1.104030 -0.551099
0.441128 1.082511 -0.544151
0.436519 1.080748 -0.549830
0.447744 1.101707 -0.556309
0.453126 1.121391 -0.569641
0.443215 1.099402 -0.561914
0.448254 1.118463 -0.574585
0.439489 1.097220 -0.567727
0.436168 1.094773 -0.573640
0.432823 1.078932 -0.555604
0.444152 1.115462 -0.579779
0.440117 1.112436 -0.585091
0.435623 1.109858 -0.590219
0.429606 1.107978 -0.594868
0.431933 1.092396 -0.579484
0.426245 1.090711 -0.584030
0.425621 1.074937 -0.566474
0.420320 1.073306 -0.570743
0.429581 1.076961 -0.561242
0.417462 1.056731 -0.552315
0.421152 1.058181 -0.547653
0.412393 1.055745 -0.556352
0.408381 1.037421 -0.537885
0.412193 1.038558 -0.533199
0.397622 1.019517 -0.522862
0.403185 1.036938 -0.541558
0.396759 1.037257 -0.543880
0.392767 1.019161 -0.526502
0.386606 1.019814 -0.528900
0.379867 1.021098 -0.530143
0.372948 1.022789 -0.530617
0.389855 1.038186 -0.545010
0.368812 1.004386 -0.514454
0.362539 1.006367 -0.515082
0.351719 0.989313 -0.499417
0.355827 1.008488 -0.515179
0.365800 1.024740 -0.530665
0.358492 1.026679 -0.530649
0.375124 1.041195 -0.545518
0.382452 1.058357 -0.560314
0.367119 1.042975 -0.545536
0.382631 1.039576 -0.545461
0.390853 1.057157 -0.560387
0.396386 1.073704 -0.574576
0.398419 1.056186 -0.560061
0.405792 1.055597 -0.558965
0.405264 1.073060 -0.574636
0.413317 1.072712 -0.573487
0.409766 1.089121 -0.587593
0.418995 1.089655 -0.586914
0.400353 1.089276 -0.587098
0.412302 1.105302 -0.598726
0.414336 1.121917 -0.610687
0.421727 1.106361 -0.597661
0.423152 1.123029 -0.608994
0.416274 1.138907 -0.626077
0.419698 1.155891 -0.643759
0.410950 1.154235 -0.646117
0.415807 1.171173 -0.664776
0.407487 1.169919 -0.666291
0.401327 1.020527 -0.518361
0.388533 1.002950 -0.502587
0.414772 1.040162 -0.528049
0.424278 1.059919 -0.542425
0.427449 1.061652 -0.536990
0.458431 1.124315 -0.564708
0.458323 1.140650 -0.583216
0.463185 1.143878 -0.578527
0.467600 1.162212 -0.592664
0.457104 1.106403 -0.545995
0.476969 1.184073 -0.604240
0.313322 0.984854 -0.399855
0.307592 0.986211 -0.402544
0.296023 0.966415 -0.387314
0.290243 0.968644 -0.390225
0.275116 0.949084 -0.375374
0.284540 0.971167 -0.392416
0.278762 0.973916 -0.394172
0.269674 0.952023 -0.377383
0.264169 0.955092 -0.379410
0.220284 0.925054 -0.366192
0.109157 0.846715 -0.328990
0.110284 0.845161 -0.324951
0.087726 0.838144 -0.322311
0.088626 0.836109 -0.318334
0.044443 0.831507 -0.346771
0.044157 0.831984 -0.341791
0.043944 0.832205 -0.337013
0.043817 0.832279 -0.332485
0.118677 0.828504 -0.310848
0.120537 0.823968 -0.310970
0.121988 0.819917 -0.312302
0.145004 0.828934 -0.316891
0.096794 0.813004 -0.310322
0.146810 0.825188 -0.317945
0.168250 0.834725 -0.321596
0.187915 0.845902 -0.326037
0.190555 0.842365 -0.327366
0.050463 0.799547 -0.319866
0.050911 0.797827 -0.323531
0.051289 0.796057 -0.327547
0.074596 0.799795 -0.323698
0.075201 0.798125 -0.328004
0.100017 0.802448 -0.323921
0.100708 0.800546 -0.328450
0.127027 0.804695 -0.328549
0.101439 0.798807 -0.333171
0.127736 0.802601 -0.333253
0.102246 0.797124 -0.338180
0.075880 0.796433 -0.332634
0.051678 0.794280 -0.332101
0.076632 0.794702 -0.337606
0.052072 0.792509 -0.337123
0.077403 0.792917 -0.342892
0.052488 0.790676 -0.342378
0.103106 0.795545 -0.343481
0.078200 0.791099 -0.348420
0.052965 0.788762 -0.347815
0.079067 0.789276 -0.354007
0.104052 0.794046 -0.349005
0.105025 0.792554 -0.354641
0.053517 0.786792 -0.353462
0.080077 0.787591 -0.359924
0.054122 0.784978 -0.359265
0.054688 0.783263 -0.365125
0.055301 0.781695 -0.371267
0.055845 0.780638 -0.377635
0.056346 0.780179 -0.384163
0.056714 0.780690 -0.390766
0.056982 0.781892 -0.397200
0.129167 0.799521 -0.343376
0.128410 0.800985 -0.338325
0.150889 0.812615 -0.329442
0.159625 0.798834 -0.372262
0.160555 0.799512 -0.378725
0.161208 0.801094 -0.385271
0.161532 0.803218 -0.391575
0.161572 0.806375 -0.398322
0.185174 0.816685 -0.395217
0.161029 0.809958 -0.403986
-0.005537 0.799915 -0.412391
0.000423 0.804678 -0.391535
-0.005967 0.799915 -0.412393
0.006383 0.799915 -0.412391
0.006227 0.803565 -0.411780
0.006477 0.796120 -0.411546
0.027464 0.799150 -0.421826
0.027928 0.795072 -0.421273
0.055691 0.802305 -0.424031
0.026802 0.803190 -0.421138
0.054872 0.806380 -0.424280
0.026081 0.807016 -0.419215
0.006026 0.807096 -0.409629
0.054017 0.810295 -0.423156
0.025279 0.810204 -0.415876
0.005786 0.809776 -0.405859
0.052971 0.813672 -0.420255
0.024666 0.812792 -0.411672
0.005562 0.811490 -0.401205
0.052050 0.816232 -0.416123
0.024137 0.814694 -0.406659
0.005391 0.812612 -0.396623
0.051197 0.818192 -0.411082
0.023707 0.815978 -0.401448
0.005267 0.813433 -0.392257
0.050419 0.819770 -0.405965
0.023342 0.817067 -0.396013
0.005185 0.814311 -0.388001
0.049658 0.821202 -0.400463
0.023013 0.818070 -0.390686
0.005121 0.815197 -0.383878
0.048941 0.822439 -0.394883
0.022709 0.819103 -0.385501
0.005070 0.816094 -0.379847
0.048258 0.823585 -0.389257
0.022373 0.820222 -0.380343
0.005004 0.816961 -0.375767
0.047615 0.824569 -0.383583
0.022063 0.821143 -0.375210
0.004943 0.817673 -0.371699
0.046982 0.825539 -0.377993
0.021777 0.822006 -0.370194
0.004897 0.818385 -0.367679
0.046397 0.826521 -0.372485
0.021432 0.822877 -0.365250
0.004828 0.819155 -0.363674
0.045844 0.827551 -0.367132
0.021116 0.823639 -0.360376
0.004773 0.820007 -0.359774
0.045306 0.828602 -0.361903
0.020841 0.824401 -0.355620
0.004725 0.820774 -0.355891
0.044806 0.829666 -0.356796
0.020582 0.825270 -0.351051
0.004674 0.821507 -0.352076
0.044379 0.830628 -0.351744
0.020399 0.826280 -0.346575
0.004644 0.822278 -0.348325
0.044012 0.831506 -0.346760
0.020208 0.827271 -0.342268
0.004614 0.823028 -0.344669
0.043726 0.831982 -0.341780
0.020133 0.827758 -0.337996
0.004608 0.823536 -0.341085
0.043513 0.832204 -0.337002
0.020186 0.828095 -0.333941
0.004636 0.823857 -0.337627
0.043385 0.832278 -0.332475
0.020316 0.828135 -0.330033
0.004685 0.823980 -0.334270
0.043330 0.832155 -0.328150
0.020519 0.827616 -0.326341
0.004752 0.823724 -0.331032
0.043442 0.831375 -0.324072
0.020762 0.826707 -0.322815
0.004832 0.823215 -0.327854
0.043711 0.829876 -0.320376
0.021124 0.825233 -0.319341
0.004964 0.822388 -0.324489
0.044118 0.827546 -0.317027
0.021470 0.823060 -0.316311
0.005098 0.821089 -0.321280
0.044643 0.824850 -0.314101
0.021874 0.820277 -0.313659
0.005233 0.818769 -0.318522
0.045326 0.821798 -0.311732
0.022320 0.817020 -0.312028
0.005327 0.815663 -0.317192
0.045930 0.818213 -0.310226
0.022760 0.813211 -0.311546
0.005412 0.812301 -0.316817
0.046565 0.814576 -0.309710
0.023215 0.809593 -0.311983
0.005466 0.808960 -0.317615
0.047207 0.810811 -0.310190
0.023533 0.806302 -0.313500
0.005464 0.806167 -0.319603
0.047947 0.807170 -0.311382
0.023866 0.803440 -0.315709
0.005442 0.804032 -0.322350
0.048709 0.803974 -0.313406
0.024131 0.801137 -0.318525
0.005428 0.802266 -0.325234
0.049383 0.801543 -0.316312
0.024356 0.799144 -0.321710
0.005429 0.800712 -0.328205
0.050025 0.799546 -0.319852
0.024519 0.797361 -0.325272
0.005425 0.799350 -0.331423
0.050474 0.797826 -0.323517
0.024656 0.795575 -0.329110
0.005435 0.797933 -0.334704
0.050851 0.796056 -0.327532
0.024796 0.793814 -0.333452
0.005465 0.796461 -0.338263
0.051241 0.794279 -0.332086
0.024912 0.792145 -0.338187
0.005472 0.795128 -0.342151
0.051634 0.792507 -0.337107
0.025084 0.790490 -0.343100
0.005504 0.793815 -0.346127
0.052051 0.790674 -0.342361
0.025309 0.788840 -0.348187
0.005546 0.792563 -0.350224
0.052528 0.788760 -0.347798
0.025565 0.787121 -0.353472
0.005586 0.791306 -0.354452
0.053081 0.786790 -0.353444
0.025847 0.785441 -0.358804
0.005643 0.789971 -0.358690
0.053686 0.784976 -0.359247
0.026184 0.783805 -0.364342
0.005709 0.788745 -0.363056
0.054252 0.783261 -0.365105
0.026524 0.782326 -0.370102
0.005773 0.787727 -0.367538
0.054865 0.781693 -0.371247
0.026842 0.780805 -0.375976
0.005840 0.786866 -0.372110
0.055410 0.780635 -0.377614
0.027162 0.779399 -0.382072
0.005916 0.786153 -0.376844
0.055912 0.780176 -0.384142
0.027438 0.778971 -0.388603
0.005994 0.785756 -0.381819
0.056280 0.780688 -0.390744
0.027522 0.779995 -0.394705
0.006034 0.786046 -0.386574
0.056549 0.781890 -0.397178
0.027606 0.781670 -0.400368
0.006090 0.786667 -0.391262
0.056755 0.783713 -0.403130
0.027703 0.783337 -0.405906
0.006168 0.787392 -0.396069
0.056922 0.785856 -0.408625
0.027831 0.785275 -0.410969
0.006279 0.788478 -0.400858
0.057091 0.788526 -0.413326
0.028133 0.787731 -0.415635
0.006417 0.790109 -0.405471
0.057018 0.791496 -0.417409
0.028063 0.791149 -0.419103
0.006481 0.792699 -0.409334
0.056776 0.794618 -0.420720
0.056312 0.798352 -0.423056
0.083274 0.799554 -0.422834
0.083821 0.796219 -0.419357
0.108226 0.806799 -0.423043
0.082344 0.803313 -0.425162
0.081230 0.807539 -0.426527
0.106989 0.810665 -0.425240
0.105629 0.814607 -0.426649
0.131725 0.818945 -0.425800
0.133203 0.814892 -0.423331
0.130022 0.823164 -0.427786
0.154347 0.829065 -0.421434
0.156085 0.825131 -0.419212
0.175899 0.839068 -0.416712
0.152426 0.833161 -0.422931
0.173478 0.842884 -0.417771
0.150294 0.836905 -0.423576
0.127828 0.827040 -0.428037
0.171156 0.846560 -0.418301
0.147980 0.840478 -0.423408
0.125330 0.830940 -0.426757
0.168522 0.850051 -0.417939
0.145403 0.843828 -0.422051
0.123094 0.834253 -0.424353
0.165773 0.853210 -0.416808
0.142704 0.846510 -0.419413
0.162992 0.855961 -0.414881
0.140062 0.848726 -0.416305
0.120757 0.837513 -0.421801
0.098706 0.828768 -0.420168
0.118856 0.839555 -0.417625
0.117271 0.840968 -0.412682
0.097446 0.830667 -0.415682
0.074923 0.824495 -0.413987
0.095973 0.832034 -0.410548
0.073982 0.825908 -0.408749
0.094806 0.832881 -0.405054
0.073025 0.826909 -0.403146
0.115753 0.841886 -0.406771
0.093790 0.833479 -0.399232
0.114643 0.842079 -0.400954
0.072067 0.827796 -0.397335
0.092884 0.833987 -0.393272
0.113721 0.842112 -0.395304
0.071115 0.828623 -0.391458
0.092031 0.834605 -0.387301
0.070229 0.829385 -0.385600
0.113008 0.841949 -0.388890
0.091048 0.835678 -0.381554
0.112040 0.842568 -0.383032
0.069369 0.830283 -0.379873
0.089967 0.837055 -0.376100
0.088935 0.838372 -0.370813
0.110907 0.843639 -0.377376
0.068517 0.831373 -0.374375
0.067637 0.832687 -0.369097
0.066847 0.833792 -0.363864
0.088014 0.839507 -0.365619
0.066132 0.834745 -0.358692
0.065562 0.835325 -0.353536
0.087248 0.840335 -0.360439
0.086596 0.840925 -0.355330
0.107448 0.847547 -0.362096
0.108453 0.846486 -0.367111
0.106615 0.848303 -0.357107
0.126322 0.856233 -0.363638
0.125434 0.856998 -0.358770
0.144735 0.865736 -0.364917
0.127356 0.855232 -0.368520
0.128286 0.854382 -0.373692
0.145289 0.865236 -0.369803
0.145708 0.864777 -0.374919
0.163412 0.876909 -0.371363
0.180842 0.891173 -0.374546
0.162784 0.877476 -0.366779
0.164064 0.876324 -0.375962
0.164510 0.875933 -0.380536
0.181755 0.890263 -0.378852
0.182781 0.889251 -0.383117
0.198488 0.905427 -0.383695
0.199654 0.904100 -0.387906
0.214443 0.921415 -0.391128
0.197618 0.906557 -0.379393
0.197221 0.907525 -0.375041
0.214121 0.922609 -0.386727
0.228577 0.940733 -0.398220
0.214344 0.923610 -0.382672
0.215127 0.924350 -0.378384
0.229143 0.941618 -0.393627
0.243355 0.959392 -0.407420
0.230386 0.942087 -0.389118
0.231943 0.942386 -0.384941
0.244557 0.960213 -0.402746
0.258065 0.977237 -0.418001
0.246312 0.960580 -0.398144
0.259726 0.978001 -0.413084
0.248436 0.960626 -0.393601
0.233838 0.942449 -0.380820
0.261890 0.978462 -0.408229
0.251113 0.960278 -0.389318
0.236017 0.942282 -0.376574
0.264303 0.978566 -0.403767
0.254645 0.959291 -0.385358
0.267857 0.977962 -0.399508
0.238544 0.941939 -0.372457
0.259213 0.957372 -0.381941
0.241839 0.940735 -0.368524
0.263737 0.955091 -0.379348
0.272675 0.976320 -0.396269
0.278327 0.973914 -0.394112
0.284609 0.994110 -0.410630
0.279671 0.995203 -0.414437
0.296500 1.011458 -0.428873
0.289735 0.992176 -0.408048
0.301533 1.010482 -0.426044
0.295681 0.989922 -0.406388
0.284103 0.971164 -0.392353
0.301492 0.987813 -0.404923
0.307190 1.008985 -0.423940
0.312912 1.007507 -0.422151
0.318354 1.027486 -0.443036
0.312897 1.028776 -0.444774
0.324179 1.026153 -0.441221
0.327743 1.046136 -0.459067
0.322153 1.047525 -0.460232
0.335766 1.064584 -0.473965
0.333696 1.044713 -0.457714
0.341978 1.062861 -0.473500
0.339719 1.043543 -0.455666
0.345738 1.042630 -0.453154
0.348456 1.061459 -0.471886
0.329998 1.025022 -0.439006
0.318578 1.006191 -0.420021
0.335871 1.024043 -0.436540
0.324269 1.005029 -0.417786
0.341575 1.023122 -0.434073
0.351684 1.041786 -0.450549
0.347416 1.021961 -0.432023
0.330009 1.003919 -0.415537
0.335607 1.002703 -0.413826
0.318669 0.983511 -0.397203
0.312876 0.984852 -0.399791
0.324146 0.982320 -0.395246
0.306757 0.962259 -0.380592
0.301135 0.964445 -0.383891
0.291059 0.941658 -0.366422
0.312996 0.960305 -0.377746
0.296976 0.939006 -0.363097
0.319406 0.958476 -0.376177
0.325938 0.956337 -0.375381
0.330401 0.980909 -0.394105
0.303051 0.935895 -0.360064
0.279962 0.915976 -0.348507
0.308805 0.932662 -0.357955
0.314665 0.929432 -0.356571
0.284753 0.911325 -0.345705
0.257375 0.896337 -0.335936
0.288517 0.907817 -0.344458
0.260816 0.891827 -0.335296
0.292682 0.903794 -0.343994
0.264195 0.887444 -0.335732
0.296627 0.899762 -0.344204
0.320658 0.925847 -0.356668
0.337745 0.950855 -0.377000
0.325773 0.922311 -0.358134
0.342916 0.948260 -0.379007
0.330226 0.919022 -0.360276
0.334326 0.915919 -0.363132
0.347908 0.945474 -0.381473
0.300349 0.895884 -0.345256
0.303617 0.892360 -0.347374
0.270348 0.880169 -0.339303
0.242973 0.864879 -0.337795
0.267463 0.883613 -0.337289
0.273064 0.876985 -0.341899
0.275420 0.874247 -0.344805
0.245833 0.861445 -0.340019
0.221901 0.845756 -0.336696
0.248591 0.858640 -0.342928
0.224686 0.842772 -0.339963
0.251364 0.856331 -0.346482
0.277716 0.871851 -0.348654
0.227039 0.840305 -0.343478
0.253909 0.854345 -0.350541
0.229242 0.838117 -0.347477
0.279792 0.869765 -0.352911
0.256316 0.852572 -0.355174
0.258371 0.851027 -0.360149
0.231179 0.836173 -0.351797
0.282083 0.868058 -0.357878
0.284370 0.866953 -0.363152
0.313841 0.883860 -0.363943
0.312326 0.885100 -0.358768
0.314510 0.883056 -0.369185
0.345919 0.906472 -0.379560
0.363020 0.933528 -0.399872
0.344313 0.908184 -0.374434
0.345902 0.905604 -0.385320
0.344493 0.905549 -0.390403
0.361710 0.932233 -0.404456
0.358555 0.931491 -0.409184
0.369565 0.954841 -0.422954
0.379188 0.974668 -0.440419
0.370475 0.956502 -0.418628
0.367396 0.953732 -0.427613
0.364819 0.953591 -0.432039
0.376930 0.973524 -0.444738
0.387225 0.991987 -0.460989
0.374150 0.972510 -0.449483
0.371634 0.971319 -0.454542
0.384341 0.990621 -0.465749
0.396606 1.009419 -0.482108
0.382097 0.989030 -0.470764
0.380287 0.987352 -0.475904
0.394223 1.007859 -0.487307
0.407245 1.025807 -0.502851
0.392310 1.006092 -0.492571
0.405275 1.023951 -0.508190
0.390313 1.004447 -0.497657
0.403269 1.022111 -0.513416
0.378667 0.985749 -0.481103
0.388057 1.002955 -0.502521
0.376489 0.984577 -0.486027
0.400846 1.020534 -0.518301
0.384791 1.002101 -0.506792
0.380344 1.002000 -0.510397
0.373395 0.984002 -0.490514
0.397142 1.019523 -0.522803
0.392289 1.019168 -0.526444
0.407897 1.037429 -0.537832
0.411708 1.038567 -0.533145
0.416976 1.056740 -0.552269
0.402703 1.036945 -0.541506
0.411909 1.055753 -0.556306
0.396280 1.037263 -0.543829
0.405309 1.055605 -0.558920
0.386131 1.019819 -0.528843
0.389379 1.038192 -0.544961
0.382158 1.039580 -0.545413
0.397940 1.056192 -0.560017
0.379395 1.021102 -0.530088
0.368344 1.004389 -0.514394
0.372479 1.022791 -0.530564
0.365334 1.024742 -0.530614
0.362073 1.006369 -0.515024
0.355364 1.008488 -0.515123
0.351256 0.989313 -0.499353
0.341086 0.972232 -0.485662
0.345106 0.991521 -0.499617
0.357463 0.987158 -0.498631
0.363512 0.985617 -0.496827
0.347497 0.970075 -0.484872
0.337466 0.952777 -0.471184
0.353755 0.968048 -0.483049
0.359202 0.966770 -0.479919
0.343625 0.951003 -0.468835
0.349163 0.949957 -0.465064
0.331919 0.932489 -0.453286
0.337439 0.931238 -0.448697
0.315462 0.912166 -0.436802
0.325630 0.934499 -0.456611
0.310045 0.914161 -0.440996
0.319238 0.936753 -0.459186
0.330885 0.955034 -0.472685
0.312445 0.939367 -0.460859
0.303999 0.916787 -0.444272
0.297839 0.920040 -0.446572
0.286348 0.898609 -0.431000
0.291414 0.895838 -0.427435
0.266521 0.882018 -0.420002
0.281106 0.901695 -0.433896
0.262035 0.885304 -0.422424
0.275790 0.905110 -0.435562
0.270192 0.908655 -0.436234
0.291563 0.923395 -0.447992
0.257444 0.888723 -0.423954
0.252832 0.892048 -0.424881
0.237696 0.873488 -0.417218
0.233510 0.877013 -0.417851
0.216800 0.860088 -0.413314
0.241725 0.869932 -0.415802
0.220219 0.856368 -0.411946
0.245731 0.866372 -0.413801
0.223399 0.852586 -0.409715
0.249565 0.862858 -0.410987
0.226548 0.848860 -0.407139
0.270847 0.879049 -0.416816
0.252860 0.859758 -0.407176
0.274859 0.876567 -0.412785
0.229218 0.845472 -0.403673
0.255439 0.857233 -0.402668
0.231418 0.842377 -0.399241
0.257526 0.855087 -0.397773
0.278119 0.874539 -0.408377
0.300172 0.891940 -0.417953
0.280908 0.872653 -0.403388
0.283294 0.870895 -0.398148
0.303371 0.890479 -0.412190
0.305783 0.889358 -0.406079
0.323849 0.910086 -0.425543
0.320297 0.910702 -0.431381
0.326859 0.909915 -0.419317
0.341396 0.930943 -0.443221
0.353550 0.949707 -0.460294
0.344022 0.931367 -0.437105
0.356222 0.950379 -0.454672
0.346269 0.931892 -0.430919
0.357914 0.951554 -0.448782
0.329827 0.909658 -0.413412
0.348740 0.932113 -0.424914
0.359435 0.952693 -0.442836
0.333061 0.909098 -0.407983
0.351792 0.931872 -0.419090
0.355334 0.931308 -0.413768
0.361839 0.953352 -0.437191
0.336953 0.908036 -0.402495
0.313799 0.886173 -0.388325
0.341321 0.906481 -0.396307
0.314922 0.884400 -0.381543
0.288388 0.866450 -0.375595
0.314518 0.882921 -0.374977
0.286710 0.866373 -0.369469
0.260027 0.850008 -0.365476
0.261055 0.849601 -0.370917
0.234083 0.833670 -0.361499
0.234947 0.833297 -0.366662
0.232751 0.834668 -0.356441
0.207503 0.821977 -0.360078
0.206257 0.823133 -0.355252
0.181519 0.811010 -0.359862
0.208704 0.821201 -0.365289
0.182945 0.810112 -0.365365
0.209706 0.821161 -0.370712
0.184205 0.809698 -0.371134
0.235510 0.833447 -0.372094
0.210239 0.821835 -0.376394
0.184999 0.810141 -0.376936
0.210311 0.823088 -0.382101
0.235650 0.834123 -0.377697
0.235352 0.835466 -0.383301
0.261301 0.850440 -0.381139
0.261510 0.849642 -0.375727
0.287341 0.867747 -0.386166
0.260498 0.851754 -0.386955
0.285460 0.869134 -0.392153
0.259231 0.853286 -0.392506
0.234411 0.837484 -0.388777
0.233071 0.839797 -0.394143
0.209955 0.824873 -0.387846
0.208962 0.827414 -0.393235
0.185291 0.813712 -0.389255
0.184749 0.816685 -0.395155
0.185461 0.811440 -0.383263
0.161106 0.803218 -0.391520
0.160781 0.801094 -0.385217
0.161147 0.806374 -0.398267
0.136971 0.794030 -0.394243
0.137423 0.797130 -0.400610
0.136166 0.791645 -0.387139
0.111317 0.787646 -0.394392
0.083665 0.783937 -0.392501
0.110285 0.786793 -0.386922
0.111371 0.789783 -0.400680
0.111013 0.792787 -0.406509
0.084069 0.785264 -0.399156
0.084251 0.787237 -0.405488
0.084244 0.790007 -0.410758
0.110436 0.796085 -0.411751
0.084141 0.793112 -0.415348
0.109907 0.799600 -0.416052
0.109146 0.803163 -0.419692
0.135288 0.807603 -0.416132
0.136220 0.804084 -0.411548
0.134128 0.811315 -0.420053
0.158820 0.817529 -0.413111
0.181720 0.827410 -0.408987
0.157411 0.821414 -0.416432
0.159908 0.813687 -0.408890
0.183002 0.823532 -0.405090
0.160605 0.809958 -0.403931
0.183983 0.820015 -0.400504
0.136924 0.800534 -0.406270
0.207585 0.830444 -0.398198
0.205825 0.833885 -0.402580
0.203830 0.837468 -0.406196
0.201652 0.841342 -0.409473
0.180227 0.831367 -0.412312
0.199157 0.845407 -0.411772
0.196563 0.849248 -0.413611
0.178088 0.835247 -0.414893
0.193817 0.852904 -0.414533
0.213526 0.863703 -0.414504
0.190939 0.856593 -0.415097
0.210056 0.867267 -0.414903
0.187967 0.860047 -0.414923
0.184936 0.863263 -0.414053
0.206703 0.870670 -0.414857
0.225599 0.883548 -0.417574
0.203332 0.873983 -0.414211
0.200145 0.876969 -0.412695
0.221832 0.886588 -0.416756
0.239421 0.901511 -0.424022
0.218280 0.889499 -0.415501
0.235498 0.904270 -0.422720
0.214833 0.892152 -0.413521
0.231704 0.906838 -0.421048
0.211572 0.894532 -0.410985
0.196999 0.879668 -0.410527
0.178878 0.868752 -0.410385
0.194042 0.881979 -0.407749
0.191256 0.883903 -0.404333
0.176012 0.870787 -0.407255
0.173417 0.872392 -0.403642
0.157537 0.860331 -0.408976
0.137532 0.850257 -0.412315
0.160186 0.858423 -0.412263
0.155224 0.861693 -0.405556
0.152776 0.862650 -0.401230
0.135291 0.851475 -0.407531
0.133814 0.852492 -0.402295
0.132351 0.853010 -0.396798
0.150394 0.863230 -0.396254
0.131003 0.853007 -0.390866
0.130135 0.853206 -0.385153
0.148697 0.863628 -0.391288
0.166688 0.875070 -0.390194
0.147402 0.864073 -0.385951
0.146359 0.864389 -0.380251
0.165327 0.875504 -0.385470
0.183806 0.888271 -0.387242
0.201010 0.902728 -0.392016
0.184954 0.887265 -0.391426
0.202527 0.901341 -0.396089
0.186575 0.886303 -0.395827
0.204105 0.899981 -0.399925
0.188750 0.885333 -0.400285
0.168688 0.874523 -0.395078
0.170973 0.873658 -0.399564
0.206196 0.898401 -0.403977
0.208602 0.896674 -0.407793
0.222681 0.913233 -0.411871
0.225181 0.911389 -0.415562
0.220470 0.914976 -0.407941
0.237670 0.929892 -0.424115
0.251453 0.946431 -0.438407
0.235589 0.931793 -0.420270
0.240218 0.927879 -0.427435
0.243537 0.925588 -0.430146
0.254005 0.944200 -0.441490
0.257059 0.941869 -0.444181
0.264541 0.959691 -0.457494
0.267725 0.957541 -0.460446
0.272752 0.975133 -0.474177
0.261837 0.962007 -0.454320
0.269992 0.977322 -0.470793
0.259878 0.964303 -0.450761
0.249454 0.948491 -0.434907
0.267933 0.979572 -0.466992
0.258345 0.966526 -0.446672
0.247704 0.950393 -0.430896
0.266336 0.981883 -0.462893
0.257126 0.968702 -0.442242
0.265233 0.984234 -0.458660
0.256453 0.970737 -0.437655
0.245852 0.952389 -0.426624
0.244107 0.954508 -0.422174
0.231628 0.935734 -0.412059
0.229839 0.937775 -0.407599
0.216842 0.918335 -0.399726
0.233627 0.933690 -0.416261
0.218574 0.916645 -0.403877
0.215489 0.919926 -0.395485
0.228612 0.939537 -0.402980
0.242835 0.956602 -0.417361
0.256140 0.972689 -0.432716
0.242700 0.958133 -0.412456
0.256316 0.974263 -0.427925
0.266186 0.990869 -0.444063
0.256955 0.975893 -0.422967
0.267790 0.991764 -0.438875
0.277361 1.008856 -0.455508
0.269715 0.992664 -0.433466
0.280043 1.009771 -0.450213
0.271504 0.993521 -0.428415
0.282927 1.010400 -0.445355
0.273808 0.994272 -0.423652
0.285733 1.010961 -0.440856
0.276279 0.994992 -0.419042
0.288741 1.011461 -0.436404
0.299950 1.029605 -0.453782
0.292236 1.011654 -0.432424
0.303568 1.029783 -0.450325
0.310941 1.049070 -0.464661
0.307845 1.029575 -0.447151
0.316247 1.048609 -0.462081
0.323681 1.066521 -0.475563
0.330008 1.082479 -0.488114
0.318261 1.066926 -0.478099
0.329839 1.065721 -0.474583
0.335932 1.082151 -0.487149
0.342182 1.080894 -0.486777
0.341176 1.098041 -0.499009
0.346658 1.114151 -0.511281
0.334731 1.098421 -0.499548
0.347985 1.097139 -0.498903
0.353517 1.113492 -0.511219
0.354531 1.095737 -0.499272
0.348610 1.079351 -0.486262
0.360239 1.112615 -0.511464
0.361319 1.094489 -0.498980
0.368560 1.093683 -0.497274
0.367278 1.111794 -0.511375
0.355296 1.077869 -0.485556
0.361820 1.077133 -0.483097
0.354709 1.060467 -0.469220
0.368402 1.076538 -0.480328
0.360829 1.059631 -0.466266
0.375003 1.075969 -0.477444
0.375710 1.093360 -0.494587
0.382275 1.110807 -0.508347
0.382866 1.093114 -0.491771
0.389957 1.092677 -0.489316
0.389960 1.110840 -0.505751
0.397761 1.110710 -0.503288
0.395339 1.129387 -0.518704
0.400092 1.148149 -0.532866
0.403627 1.129629 -0.516194
0.387547 1.129000 -0.521271
0.380061 1.128832 -0.523239
0.392082 1.147491 -0.534747
0.396789 1.165332 -0.549600
0.384529 1.147015 -0.536150
0.377369 1.147064 -0.536521
0.389110 1.165381 -0.549645
0.393997 1.183875 -0.562845
0.382129 1.165803 -0.548903
0.387174 1.184299 -0.561976
0.375454 1.166146 -0.548022
0.370474 1.147653 -0.536143
0.368929 1.166485 -0.547126
0.380512 1.184529 -0.561253
0.374220 1.184668 -0.560841
0.385889 1.203691 -0.574120
0.379656 1.203960 -0.573957
0.391141 1.222703 -0.588525
0.392312 1.203433 -0.574799
0.398798 1.202944 -0.575838
0.397355 1.222601 -0.588660
0.402461 1.241419 -0.602852
0.403751 1.222369 -0.589404
0.410421 1.221737 -0.590710
0.408725 1.241169 -0.603303
0.413638 1.260613 -0.616765
0.415247 1.240719 -0.604412
0.419891 1.260236 -0.617627
0.421860 1.240144 -0.605822
0.417253 1.220982 -0.592172
0.428771 1.239223 -0.607546
0.426483 1.259755 -0.618918
0.431115 1.279677 -0.631313
0.433089 1.258808 -0.620558
0.440060 1.257865 -0.622686
0.437491 1.278818 -0.632912
0.444097 1.277719 -0.634961
0.442773 1.300566 -0.644706
0.436367 1.301075 -0.643197
0.448108 1.324587 -0.656111
0.449353 1.299903 -0.646740
0.454980 1.323822 -0.658245
0.455915 1.298450 -0.649191
0.462810 1.296935 -0.652328
0.462071 1.322924 -0.661021
0.451113 1.276464 -0.637502
0.458520 1.275339 -0.639840
0.447566 1.256908 -0.624769
0.443773 1.237477 -0.610628
0.455383 1.256335 -0.626171
0.463053 1.255837 -0.627307
0.451646 1.237250 -0.611434
0.447611 1.219247 -0.595819
0.459154 1.237114 -0.612021
0.466626 1.236919 -0.612936
0.454858 1.219193 -0.596338
0.450742 1.201371 -0.580137
0.462083 1.218900 -0.597262
0.457855 1.200999 -0.581238
0.468967 1.218192 -0.598696
0.473608 1.236392 -0.614387
0.464274 1.200035 -0.582924
0.474868 1.216624 -0.601112
0.479676 1.214482 -0.604232
0.479734 1.235189 -0.616627
0.469832 1.198364 -0.585362
0.465261 1.179958 -0.569491
0.473857 1.195982 -0.588557
0.469259 1.177634 -0.572636
0.476271 1.193220 -0.592331
0.477234 1.190338 -0.596323
0.471658 1.174964 -0.576316
0.482310 1.211852 -0.608026
0.483534 1.209058 -0.612128
0.487649 1.230894 -0.623683
0.484477 1.233245 -0.619929
0.494336 1.250135 -0.638437
0.489172 1.228213 -0.627938
0.496169 1.247296 -0.642991
0.489883 1.225323 -0.632398
0.496880 1.244248 -0.647779
0.489579 1.222440 -0.637076
0.483508 1.206100 -0.616326
0.477331 1.187281 -0.600353
0.482870 1.203049 -0.620564
0.476484 1.184080 -0.604222
0.481264 1.199846 -0.624994
0.478062 1.196270 -0.629875
0.488500 1.219322 -0.641887
0.474284 1.180763 -0.608535
0.470813 1.177296 -0.613212
0.467112 1.162221 -0.592642
0.463295 1.158919 -0.597265
0.462694 1.143888 -0.578500
0.470053 1.165434 -0.588194
0.471686 1.168839 -0.584189
0.466550 1.147006 -0.573786
0.462287 1.127271 -0.559725
0.468589 1.150084 -0.569005
0.464862 1.130273 -0.554631
0.469236 1.153202 -0.564679
0.468861 1.156340 -0.560352
0.472027 1.171904 -0.580315
0.465876 1.133208 -0.549872
0.459864 1.111432 -0.535331
0.466081 1.136201 -0.545128
0.464945 1.139394 -0.540386
0.459301 1.114293 -0.530353
0.457071 1.117296 -0.525785
0.452456 1.092296 -0.517410
0.441893 1.071291 -0.505234
0.448869 1.094841 -0.512765
0.454567 1.089785 -0.522794
0.453822 1.087549 -0.528559
0.442987 1.068993 -0.510408
0.429268 1.049969 -0.496693
0.441799 1.067183 -0.515703
0.427783 1.048364 -0.501701
0.438492 1.065943 -0.520771
0.424899 1.047082 -0.506665
0.450247 1.086006 -0.533856
0.434603 1.064729 -0.525823
0.430547 1.063273 -0.531343
0.445645 1.084287 -0.538926
0.421892 1.045607 -0.511685
0.418986 1.043878 -0.517110
0.409665 1.027434 -0.497533
0.412373 1.028839 -0.492458
0.414974 1.030175 -0.487587
0.399550 1.010651 -0.477096
0.402379 1.011906 -0.472273
0.389975 0.993386 -0.456433
0.404510 1.013460 -0.467566
0.404949 1.015641 -0.462880
0.417044 1.031704 -0.482630
0.392081 0.994990 -0.451936
0.392466 0.997005 -0.447655
0.380756 0.976217 -0.435977
0.380767 0.978272 -0.431748
0.370625 0.958256 -0.414207
0.378844 0.980677 -0.427878
0.368720 0.960515 -0.410159
0.376152 0.983319 -0.424329
0.390907 0.999545 -0.443645
0.403060 1.018349 -0.458696
0.388027 1.002330 -0.440172
0.384201 1.005213 -0.437273
0.399995 1.021199 -0.455116
0.395932 1.024119 -0.452276
0.410714 1.039914 -0.470269
0.422198 1.058049 -0.484214
0.414421 1.036964 -0.473721
0.406656 1.042776 -0.467236
0.417853 1.060922 -0.480938
0.402203 1.045732 -0.464301
0.413296 1.063770 -0.477761
0.391694 1.027086 -0.449620
0.397533 1.048679 -0.461681
0.408402 1.066723 -0.474899
0.392225 1.051375 -0.459950
0.387123 1.029958 -0.447305
0.375389 1.010879 -0.432671
0.382066 1.032706 -0.445539
0.370551 1.013651 -0.430921
0.376378 1.035300 -0.444728
0.386323 1.053875 -0.459096
0.365063 1.016282 -0.430192
0.369993 1.037626 -0.445192
0.379812 1.055928 -0.459882
0.359328 1.018582 -0.430137
0.363822 1.039554 -0.446174
0.373379 1.057580 -0.461281
0.353469 1.020517 -0.430570
0.357619 1.040827 -0.448119
0.366960 1.058740 -0.463511
0.341742 1.001203 -0.412568
0.347956 0.999196 -0.412171
0.336861 0.979051 -0.393727
0.353811 0.996916 -0.412556
0.359176 0.994232 -0.413943
0.342913 0.976690 -0.394312
0.348484 0.974138 -0.395744
0.332236 0.953641 -0.375448
0.353238 0.971325 -0.397941
0.357848 0.968471 -0.400506
0.364016 0.991503 -0.415967
0.368362 0.988769 -0.418494
0.379970 1.008097 -0.434732
0.372526 0.986055 -0.421203
0.362119 0.965651 -0.403271
0.352737 0.942722 -0.384243
0.365909 0.963025 -0.406456
0.357144 0.940083 -0.387405
0.360434 0.937583 -0.391161
0.338170 0.913203 -0.366541
0.341615 0.910474 -0.370112
0.306961 0.889260 -0.350442
0.309972 0.886957 -0.354133
0.362541 0.935310 -0.395361
0.381812 1.075143 -0.475079
0.388647 1.073876 -0.473314
0.395369 1.072106 -0.472431
0.397215 1.091540 -0.487379
0.404405 1.089687 -0.486285
0.405849 1.110007 -0.501003
0.413662 1.108686 -0.499232
0.412390 1.129550 -0.514079
0.417391 1.148848 -0.529434
0.420985 1.129092 -0.512701
0.429404 1.128249 -0.512117
0.425992 1.148737 -0.528656
0.429703 1.166430 -0.545916
0.434364 1.148400 -0.528582
0.442247 1.147787 -0.529195
0.437559 1.166523 -0.545955
0.445116 1.166258 -0.546437
0.439995 1.183759 -0.563173
0.432750 1.183597 -0.563197
0.443485 1.201336 -0.579582
0.447477 1.183742 -0.563676
0.454326 1.183095 -0.564915
0.452096 1.165388 -0.547628
0.460416 1.181897 -0.566751
0.458134 1.163798 -0.549805
0.463048 1.161589 -0.552813
0.456449 1.144697 -0.532623
0.449745 1.146630 -0.530365
0.461744 1.142313 -0.535972
0.449534 1.122681 -0.517830
0.453654 1.120163 -0.521665
0.439870 1.099777 -0.505065
0.443935 1.125069 -0.514690
0.437171 1.126849 -0.512558
0.434603 1.102281 -0.501793
0.428593 1.104700 -0.499236
0.424209 1.082140 -0.490377
0.429439 1.079510 -0.493494
0.418264 1.084730 -0.487782
0.411344 1.087230 -0.486526
0.421226 1.106928 -0.498422
0.402151 1.069639 -0.473127
0.434358 1.076674 -0.496982
0.438735 1.073908 -0.500791
0.444578 1.097306 -0.508711
0.425909 1.055115 -0.487868
0.428424 1.052343 -0.492068
0.416710 1.034129 -0.477865
0.466876 1.159180 -0.556272
0.436170 1.201182 -0.579361
0.428511 1.201093 -0.579177
0.440056 1.219498 -0.595431
0.432302 1.219776 -0.594710
0.424525 1.220219 -0.593714
0.436063 1.238181 -0.609131
0.420613 1.201077 -0.578893
0.417270 1.183047 -0.564183
0.412828 1.201428 -0.578117
0.405671 1.202318 -0.577072
0.409145 1.183051 -0.564170
0.401267 1.183307 -0.563636
0.405092 1.165553 -0.549024
0.413463 1.165942 -0.547924
0.421707 1.166327 -0.546690
0.408662 1.148689 -0.530912
0.425167 1.183357 -0.563618
0.416621 1.041997 -0.522551
0.414286 1.040171 -0.527994
0.426959 1.061663 -0.536940
0.423789 1.059930 -0.542376
0.436027 1.080759 -0.549787
0.432332 1.078943 -0.555562
0.440635 1.082523 -0.544108
0.442722 1.099412 -0.561877
0.438998 1.097231 -0.567690
0.447251 1.101719 -0.556271
0.447763 1.118474 -0.574553
0.452634 1.121401 -0.569610
0.443661 1.115472 -0.579748
0.452937 1.137309 -0.587959
0.457833 1.140659 -0.583190
0.458903 1.155427 -0.602102
0.448350 1.133824 -0.592938
0.454029 1.151666 -0.607291
0.443625 1.130371 -0.597932
0.448532 1.147930 -0.612463
0.439627 1.112446 -0.585060
0.438421 1.127355 -0.602403
0.431323 1.124826 -0.606305
0.435134 1.109868 -0.590188
0.441903 1.144610 -0.617084
0.433768 1.142234 -0.620669
0.447226 1.162301 -0.634196
0.454749 1.165730 -0.629155
0.452317 1.181116 -0.651518
0.438132 1.159851 -0.637893
0.442997 1.178168 -0.655665
0.428494 1.157786 -0.640988
0.419221 1.155896 -0.643741
0.433558 1.175434 -0.659289
0.424804 1.140308 -0.623719
0.415796 1.138912 -0.626055
0.422669 1.123036 -0.608968
0.413856 1.121923 -0.610661
0.421243 1.106370 -0.597631
0.418510 1.089664 -0.586879
0.411821 1.105309 -0.598696
0.429119 1.107987 -0.594837
0.425757 1.090720 -0.583995
0.431443 1.092405 -0.579448
0.419834 1.073315 -0.570703
0.425132 1.074947 -0.566433
0.412833 1.072721 -0.573447
0.404783 1.073067 -0.574598
0.395909 1.073709 -0.574538
0.409284 1.089128 -0.587559
0.399875 1.089282 -0.587065
0.391100 1.090109 -0.586828
0.402803 1.105383 -0.599050
0.404595 1.121357 -0.612242
0.393601 1.105639 -0.599573
0.395486 1.120890 -0.613946
0.384698 1.105691 -0.600700
0.376431 1.105708 -0.602032
0.382257 1.090864 -0.587054
0.387133 1.120382 -0.615655
0.390517 1.135741 -0.632127
0.379542 1.119917 -0.617114
0.383261 1.135427 -0.633091
0.372193 1.119785 -0.618081
0.365019 1.120146 -0.618328
0.376131 1.135421 -0.633560
0.368779 1.105670 -0.603199
0.361343 1.105780 -0.603952
0.365809 1.091740 -0.588844
0.358088 1.092063 -0.589820
0.373746 1.091330 -0.587859
0.362430 1.077591 -0.574919
0.370347 1.076681 -0.574339
0.357779 1.062348 -0.560737
0.355259 1.078364 -0.575469
0.350868 1.063511 -0.561158
0.348121 1.079078 -0.575404
0.344477 1.064494 -0.561336
0.341378 1.079946 -0.574724
0.350720 1.092435 -0.589802
0.353959 1.106431 -0.603823
0.343711 1.093593 -0.589127
0.347542 1.107965 -0.602897
0.337511 1.095363 -0.587699
0.332694 1.097942 -0.585049
0.341852 1.110178 -0.601256
0.335195 1.081343 -0.573507
0.330053 1.083512 -0.571230
0.332172 1.067207 -0.560043
0.326990 1.069285 -0.558234
0.338261 1.065622 -0.560996
0.327127 1.052417 -0.546957
0.319706 1.036918 -0.533832
0.332867 1.050485 -0.547399
0.322012 1.054673 -0.545631
0.314548 1.039237 -0.533027
0.317719 1.057109 -0.543514
0.314803 1.059708 -0.540329
0.310261 1.041761 -0.531063
0.322787 1.071750 -0.555524
0.326195 1.086176 -0.568146
0.320051 1.074477 -0.552008
0.318862 1.077257 -0.548153
0.323640 1.088974 -0.564679
0.322852 1.091900 -0.560631
0.327421 1.104112 -0.577696
0.326624 1.107025 -0.573169
0.333396 1.119205 -0.590016
0.329267 1.101033 -0.581703
0.334737 1.116059 -0.594595
0.341416 1.131195 -0.607213
0.337617 1.112982 -0.598320
0.343967 1.128236 -0.611129
0.347688 1.125441 -0.614420
0.348996 1.143892 -0.624779
0.352664 1.141210 -0.628157
0.353535 1.160304 -0.639893
0.346417 1.146848 -0.620923
0.345118 1.150005 -0.616794
0.351299 1.163357 -0.636116
0.355912 1.180088 -0.652359
0.350189 1.166643 -0.632088
0.355211 1.183442 -0.648292
0.350423 1.170132 -0.627921
0.351389 1.173507 -0.623606
0.344798 1.153378 -0.612375
0.355577 1.186929 -0.644133
0.360055 1.204509 -0.660745
0.357014 1.190563 -0.639794
0.361802 1.208232 -0.656277
0.359366 1.193939 -0.635127
0.363036 1.197210 -0.630050
0.364692 1.211956 -0.651316
0.353180 1.176681 -0.618969
0.356258 1.180050 -0.613959
0.347393 1.159913 -0.603612
0.350196 1.163247 -0.598639
0.341314 1.143525 -0.588988
0.345607 1.156600 -0.608260
0.339770 1.140499 -0.593724
0.333095 1.125257 -0.580627
0.339328 1.137381 -0.598307
0.332396 1.122245 -0.585436
0.339780 1.134292 -0.602862
0.334519 1.128182 -0.575846
0.327260 1.109970 -0.568275
0.328782 1.112721 -0.563516
0.323067 1.094594 -0.556022
0.324048 1.097013 -0.551230
0.318564 1.079686 -0.544154
0.319073 1.081970 -0.539644
0.312191 1.064631 -0.532702
0.312362 1.066990 -0.528428
0.313043 1.062274 -0.536552
0.303916 1.049219 -0.521036
0.305100 1.046830 -0.524879
0.294125 1.032941 -0.508352
0.303628 1.051472 -0.516900
0.293565 1.035158 -0.504278
0.304212 1.053475 -0.512522
0.293861 1.037268 -0.499958
0.313218 1.069261 -0.524060
0.305627 1.055476 -0.508097
0.314274 1.071377 -0.519711
0.294969 1.039283 -0.495302
0.307353 1.057514 -0.503690
0.297079 1.040953 -0.490654
0.314449 1.073662 -0.515162
0.308150 1.059859 -0.499260
0.299440 1.042547 -0.485973
0.313699 1.076048 -0.510641
0.308260 1.062125 -0.494727
0.308830 1.063908 -0.490125
0.301071 1.044239 -0.481546
0.313327 1.078221 -0.505878
0.317744 1.093440 -0.516808
0.313941 1.079861 -0.501209
0.318573 1.095288 -0.512165
0.316008 1.081066 -0.496905
0.319379 1.082085 -0.492932
0.320162 1.096860 -0.507674
0.310419 1.065515 -0.485599
0.303918 1.047720 -0.472352
0.313583 1.066711 -0.481463
0.306545 1.048771 -0.468121
0.302262 1.046056 -0.477007
0.296853 1.028985 -0.457756
0.294057 1.028104 -0.462092
0.291138 1.027123 -0.466657
0.288311 1.025911 -0.471487
0.285722 1.024380 -0.476648
0.275038 1.007361 -0.460682
0.284061 1.022588 -0.481577
0.283416 1.020542 -0.486175
0.273455 1.005060 -0.465973
0.273166 1.002755 -0.470871
0.265027 0.989168 -0.449500
0.264751 0.986635 -0.454292
0.273739 1.000622 -0.475219
0.283545 1.018337 -0.490574
0.274801 0.998380 -0.479305
0.276202 0.996126 -0.483213
0.284257 1.016041 -0.494819
0.285772 1.013726 -0.498657
0.287858 1.011325 -0.502201
0.295608 1.030589 -0.512166
0.297989 1.028201 -0.515531
0.307219 1.044317 -0.528283
0.301409 1.025795 -0.518098
0.291014 1.008873 -0.505107
0.305693 1.023429 -0.519791
0.295266 1.006448 -0.507347
0.310555 1.021167 -0.520585
0.316023 1.019034 -0.520110
0.300266 1.004300 -0.507982
0.290474 0.987528 -0.493874
0.305811 1.002372 -0.507382
0.296079 0.985872 -0.494005
0.311876 1.000517 -0.506166
0.302538 0.984144 -0.493044
0.321756 1.016964 -0.519122
0.318243 0.998922 -0.504180
0.328001 1.015306 -0.517665
0.324777 0.997372 -0.502259
0.308615 0.982471 -0.491326
0.314908 0.980776 -0.489495
0.298621 0.966281 -0.478224
0.292980 0.968114 -0.479437
0.304610 0.964358 -0.476784
0.287184 0.949693 -0.464039
0.281962 0.951921 -0.464366
0.274249 0.932566 -0.448755
0.292858 0.947374 -0.463424
0.279488 0.929714 -0.448835
0.298943 0.944845 -0.462801
0.305520 0.942163 -0.462003
0.310957 0.962209 -0.475552
0.285175 0.926675 -0.448717
0.321517 0.978844 -0.488021
0.317627 0.959818 -0.474584
0.328268 0.976657 -0.486967
0.324287 0.957372 -0.473769
0.334835 0.974379 -0.486368
0.338524 0.993728 -0.499771
0.348625 1.010483 -0.515044
0.331564 0.995715 -0.500678
0.341548 1.012374 -0.515468
0.334658 1.013904 -0.516500
0.350646 1.028492 -0.530753
0.358030 1.026679 -0.530600
0.358729 1.044717 -0.545717
0.343512 1.030040 -0.531408
0.336907 1.031453 -0.532131
0.351320 1.046248 -0.546138
0.344696 1.047614 -0.546704
0.338797 1.048954 -0.547160
0.331028 1.032878 -0.532936
0.325167 1.034829 -0.533634
0.366653 1.042977 -0.545491
0.365394 1.061021 -0.560286
0.373631 1.059600 -0.560104
0.378587 1.075646 -0.573955
0.381980 1.058360 -0.560273
0.387102 1.074519 -0.574024
0.374655 1.041198 -0.545472
0.390377 1.057161 -0.560344
0.264876 0.912005 -0.436153
0.259947 0.915185 -0.435630
0.248063 0.895446 -0.425144
0.229507 0.880356 -0.417902
0.243626 0.898593 -0.424821
0.255442 0.918055 -0.434803
0.251353 0.920671 -0.433731
0.269561 0.935123 -0.448429
0.265338 0.937348 -0.447463
0.260937 0.939605 -0.445980
0.277052 0.953842 -0.463944
0.286950 0.969703 -0.479877
0.271943 0.955566 -0.462646
0.281172 0.971181 -0.478973
0.276455 0.973088 -0.476914
0.285426 0.989477 -0.492739
0.281246 0.991687 -0.490266
0.278386 0.993887 -0.486907
0.247283 0.923206 -0.432210
0.323565 1.097923 -0.503798
0.326133 1.112752 -0.520158
0.324358 1.111018 -0.524299
0.333194 1.128731 -0.533046
0.329951 1.113712 -0.516626
0.335988 1.130047 -0.529044
0.334658 1.114311 -0.513816
0.340381 1.130851 -0.526029
0.340220 1.114610 -0.511777
0.328808 1.098412 -0.501034
0.324316 1.082577 -0.490004
0.346087 1.131065 -0.524254
0.352298 1.130836 -0.523654
0.351052 1.148484 -0.535887
0.345353 1.148118 -0.537598
0.356482 1.166380 -0.548645
0.357273 1.148450 -0.535228
0.362631 1.166575 -0.547455
0.363729 1.148138 -0.535420
0.358878 1.130379 -0.523858
0.365582 1.129676 -0.524073
0.372743 1.129009 -0.524333
0.368122 1.184690 -0.561197
0.362685 1.184411 -0.562446
0.373546 1.203822 -0.574839
0.368173 1.203078 -0.576688
0.379378 1.222070 -0.589965
0.374179 1.220898 -0.592189
0.385093 1.222630 -0.588762
0.385511 1.240093 -0.605872
0.381372 1.238799 -0.608362
0.390719 1.259520 -0.619578
0.390667 1.240930 -0.604129
0.396403 1.241295 -0.603244
0.395699 1.260496 -0.617515
0.401578 1.280142 -0.631426
0.401566 1.260821 -0.616669
0.406972 1.280732 -0.629982
0.407526 1.260931 -0.616370
0.412776 1.280849 -0.629491
0.418454 1.301416 -0.642348
0.418787 1.280568 -0.629671
0.424265 1.301594 -0.641974
0.424831 1.280192 -0.630251
0.430248 1.301489 -0.642215
0.435157 1.324986 -0.653742
0.428916 1.324811 -0.653506
0.441571 1.324836 -0.654645
0.439749 1.349423 -0.666706
0.432972 1.349145 -0.666331
0.446075 1.371504 -0.682355
0.446531 1.349476 -0.667587
0.453044 1.371373 -0.683115
0.453320 1.349299 -0.669043
0.459884 1.370990 -0.684571
0.460784 1.348539 -0.671342
0.467172 1.370646 -0.686787
0.468468 1.347635 -0.674381
0.474644 1.370044 -0.689475
0.475946 1.346180 -0.678026
0.483097 1.344562 -0.682210
0.469372 1.321372 -0.664519
0.481999 1.369074 -0.692755
0.491035 1.391979 -0.704991
0.489659 1.367682 -0.696877
0.497095 1.366041 -0.701533
0.498789 1.390267 -0.709457
0.509991 1.413554 -0.720554
0.506040 1.388248 -0.714681
0.512788 1.386257 -0.720522
0.517482 1.411502 -0.726739
0.528807 1.435114 -0.738898
0.524103 1.409399 -0.733332
0.534881 1.432438 -0.746193
0.530821 1.407846 -0.739298
0.520346 1.385169 -0.725481
0.539278 1.430084 -0.753337
0.537988 1.406871 -0.744433
0.542380 1.428257 -0.759917
0.544154 1.405681 -0.750589
0.527371 1.384265 -0.730122
0.519070 1.362396 -0.714557
0.532248 1.382930 -0.735590
0.523344 1.360803 -0.719630
0.534973 1.381241 -0.741592
0.525906 1.358903 -0.725290
0.536407 1.379586 -0.747496
0.545755 1.404212 -0.757029
0.545247 1.402264 -0.763231
0.545185 1.424813 -0.772214
0.544975 1.422479 -0.777553
0.546324 1.446325 -0.787697
0.544179 1.426731 -0.766073
0.543202 1.448228 -0.781047
0.541096 1.449932 -0.774294
0.545784 1.471664 -0.795235
0.550027 1.465911 -0.802780
0.546272 1.482576 -0.807109
0.542311 1.471427 -0.785203
0.546016 1.490386 -0.794241
0.544130 1.493970 -0.802152
0.547220 1.504452 -0.793085
0.545703 1.488278 -0.786648
0.543027 1.487486 -0.778662
0.547681 1.503201 -0.785559
0.546568 1.516482 -0.785402
0.545135 1.503110 -0.778512
0.540788 1.503523 -0.771826
0.544529 1.516620 -0.779130
0.540689 1.517093 -0.773239
0.542718 1.528236 -0.780552
0.539644 1.528685 -0.775695
0.540711 1.538831 -0.782101
0.544618 1.527895 -0.786139
0.542651 1.538124 -0.786761
0.544600 1.527701 -0.791992
0.545970 1.516805 -0.792055
0.542687 1.537605 -0.791973
0.541173 1.527611 -0.797260
0.540373 1.537048 -0.796820
0.534859 1.527492 -0.800032
0.542031 1.517469 -0.798372
0.543257 1.506438 -0.800063
0.535038 1.517868 -0.802021
0.535211 1.508120 -0.805206
0.526289 1.518421 -0.803164
0.523304 1.510859 -0.809610
0.527374 1.526959 -0.800435
0.517832 1.518626 -0.801566
0.514663 1.513100 -0.806486
0.508569 1.518397 -0.797724
0.519096 1.526130 -0.798893
0.509864 1.525048 -0.795296
0.519882 1.534083 -0.797388
0.527313 1.535163 -0.798956
0.521507 1.542790 -0.796507
0.512129 1.533062 -0.794280
0.504110 1.532533 -0.790085
0.515798 1.542186 -0.794174
0.520332 1.551387 -0.794001
0.510233 1.542440 -0.791316
0.516539 1.551996 -0.792312
0.505947 1.543494 -0.788514
0.497279 1.533147 -0.785550
0.513585 1.553207 -0.790758
0.502842 1.545650 -0.785641
0.500931 1.547929 -0.782991
0.511654 1.555026 -0.788642
0.492325 1.534558 -0.781334
0.488152 1.535491 -0.777418
0.484412 1.523761 -0.779482
0.480149 1.513532 -0.780741
0.478950 1.523193 -0.775265
0.490927 1.523813 -0.784377
0.488631 1.516178 -0.786114
0.499765 1.524134 -0.790097
0.498278 1.517967 -0.792419
0.497096 1.513316 -0.795966
0.488489 1.511079 -0.789504
0.506482 1.512923 -0.801674
0.494663 1.510828 -0.800812
0.502707 1.509986 -0.806901
0.490886 1.511074 -0.805244
0.487485 1.507427 -0.794087
0.479630 1.502990 -0.788222
0.484550 1.506006 -0.798741
0.477687 1.500598 -0.792667
0.479932 1.507453 -0.802214
0.475593 1.510052 -0.803609
0.473157 1.501461 -0.795912
0.485602 1.513180 -0.808801
0.490065 1.517557 -0.815647
0.480409 1.516240 -0.810542
0.482472 1.522018 -0.816614
0.474945 1.518880 -0.810643
0.470064 1.520738 -0.809799
0.471514 1.512326 -0.804562
0.475056 1.525068 -0.815744
0.473865 1.529885 -0.820118
0.468353 1.526804 -0.813552
0.462807 1.527409 -0.810497
0.465360 1.531114 -0.816540
0.461339 1.534949 -0.819982
0.458500 1.531524 -0.812275
0.452688 1.531222 -0.807243
0.453061 1.535382 -0.814828
0.447345 1.539039 -0.817682
0.446462 1.534825 -0.808889
0.440024 1.533699 -0.802091
0.439333 1.538237 -0.811140
0.431332 1.541046 -0.814881
0.431620 1.536977 -0.804346
0.421824 1.539698 -0.808043
0.425010 1.535148 -0.797765
0.433485 1.532248 -0.795254
0.413965 1.537746 -0.801497
0.419516 1.532987 -0.791520
0.425888 1.529853 -0.788983
0.414365 1.530555 -0.788087
0.408473 1.535251 -0.795607
0.404715 1.531880 -0.790333
0.395716 1.536530 -0.800927
0.401874 1.539093 -0.806580
0.383146 1.537016 -0.807225
0.391697 1.533227 -0.795982
0.389215 1.528683 -0.791850
0.378737 1.533802 -0.802490
0.375696 1.530017 -0.798311
0.367057 1.534541 -0.809511
0.362874 1.531133 -0.805285
0.372708 1.537272 -0.814093
0.358036 1.534847 -0.816370
0.352809 1.532298 -0.812134
0.365076 1.537099 -0.820887
0.351475 1.534247 -0.822748
0.345413 1.532116 -0.818405
0.359799 1.535890 -0.827343
0.346073 1.532456 -0.829158
0.339601 1.530792 -0.824406
0.341737 1.528739 -0.835497
0.355618 1.533380 -0.833979
0.352714 1.528888 -0.840179
0.369807 1.534714 -0.839338
0.367855 1.529821 -0.845014
0.372398 1.537682 -0.833014
0.384972 1.536489 -0.844274
0.387550 1.540039 -0.838326
0.383147 1.531212 -0.849362
0.401636 1.537916 -0.849549
0.404194 1.541818 -0.844006
0.399658 1.532433 -0.854030
0.418682 1.537486 -0.853828
0.421168 1.541363 -0.848896
0.416631 1.532276 -0.857791
0.436406 1.535551 -0.857203
0.455039 1.532376 -0.860295
0.434015 1.530868 -0.860549
0.438790 1.538711 -0.852762
0.457668 1.535972 -0.856693
0.441260 1.541170 -0.848008
0.423994 1.544222 -0.843470
0.459856 1.538614 -0.852259
0.444015 1.542867 -0.842882
0.461861 1.540133 -0.847344
0.427007 1.545365 -0.837697
0.446661 1.543141 -0.837828
0.463723 1.540483 -0.842421
0.431135 1.544946 -0.831834
0.449624 1.542325 -0.832752
0.465661 1.539962 -0.837609
0.452998 1.540885 -0.827937
0.436163 1.543535 -0.826359
0.441413 1.541715 -0.821646
0.423798 1.542957 -0.819864
0.417062 1.544176 -0.825595
0.411698 1.541521 -0.813069
0.402764 1.542289 -0.819106
0.390548 1.539626 -0.812668
0.395838 1.542428 -0.825557
0.411456 1.544603 -0.831738
0.381702 1.539507 -0.819576
0.391118 1.541716 -0.831964
0.376145 1.539047 -0.826295
0.407492 1.543714 -0.837864
0.467586 1.538726 -0.833057
0.457134 1.538402 -0.823562
0.469588 1.536532 -0.828581
0.483680 1.533292 -0.830772
0.471909 1.533460 -0.824242
0.484172 1.530760 -0.826422
0.483729 1.527120 -0.821804
0.496629 1.525255 -0.825515
0.493462 1.521860 -0.820701
0.498803 1.527403 -0.829831
0.506897 1.517893 -0.821908
0.515367 1.512504 -0.816478
0.502393 1.516134 -0.817526
0.510646 1.519307 -0.826581
0.513552 1.519670 -0.831920
0.520467 1.511673 -0.821482
0.529126 1.504741 -0.815607
0.524947 1.510697 -0.827024
0.527781 1.509478 -0.832503
0.534340 1.500743 -0.821284
0.537751 1.497951 -0.826904
0.541344 1.490975 -0.814618
0.545490 1.486909 -0.820254
0.537895 1.498508 -0.809206
0.547796 1.483807 -0.825635
0.549879 1.476876 -0.812528
0.552862 1.472876 -0.817826
0.553578 1.461049 -0.808280
0.553656 1.469181 -0.823284
0.555174 1.456279 -0.813465
0.552836 1.465856 -0.828246
0.548231 1.480860 -0.830829
0.546617 1.477740 -0.835363
0.539411 1.492775 -0.837218
0.537466 1.489450 -0.841579
0.528496 1.504792 -0.842671
0.539424 1.495379 -0.832278
0.528930 1.507442 -0.837866
0.515887 1.518239 -0.842209
0.515217 1.516312 -0.847019
0.500216 1.527800 -0.844674
0.515338 1.519328 -0.837021
0.500559 1.528672 -0.839651
0.483161 1.535766 -0.840150
0.500138 1.528600 -0.834708
0.483427 1.535022 -0.835357
0.482420 1.535605 -0.845110
0.481162 1.534775 -0.849812
0.499092 1.526112 -0.849483
0.479090 1.532684 -0.854221
0.497297 1.523707 -0.853752
0.476714 1.529687 -0.858197
0.494770 1.520421 -0.857448
0.473878 1.526136 -0.861293
0.491692 1.516827 -0.860767
0.470488 1.522049 -0.863680
0.452209 1.528116 -0.863185
0.487550 1.512722 -0.863353
0.466523 1.517538 -0.865606
0.449276 1.522951 -0.865082
0.481926 1.507961 -0.865405
0.461795 1.512476 -0.867006
0.475482 1.503160 -0.866842
0.446220 1.517113 -0.866441
0.456842 1.506662 -0.867664
0.452073 1.500902 -0.867875
0.443039 1.510045 -0.867129
0.467186 1.498033 -0.867533
0.477254 1.482836 -0.865028
0.456956 1.493078 -0.867677
0.464359 1.477634 -0.865215
0.442601 1.488815 -0.866314
0.441037 1.501026 -0.867046
0.426923 1.485776 -0.863898
0.447244 1.472917 -0.864676
0.447065 1.451760 -0.863397
0.430305 1.469010 -0.863360
0.413828 1.465432 -0.861754
0.430058 1.449122 -0.864538
0.422874 1.427602 -0.874087
0.413394 1.446706 -0.865614
0.408295 1.427482 -0.876007
0.397103 1.444057 -0.866100
0.393508 1.426299 -0.876979
0.381196 1.441102 -0.866341
0.397476 1.462252 -0.860115
0.381824 1.459399 -0.859331
0.396262 1.480089 -0.858047
0.396208 1.495389 -0.858103
0.381642 1.477135 -0.856121
0.411633 1.482794 -0.860954
0.411204 1.497835 -0.861708
0.426230 1.499607 -0.864878
0.412071 1.509469 -0.862232
0.397008 1.507781 -0.858468
0.413374 1.518564 -0.861877
0.427586 1.510414 -0.865276
0.429408 1.518778 -0.864950
0.431605 1.525518 -0.863387
0.414928 1.525892 -0.860438
0.398400 1.525594 -0.856755
0.397642 1.517554 -0.858050
0.382372 1.524107 -0.852507
0.367133 1.522467 -0.848754
0.382173 1.515868 -0.854266
0.367165 1.513929 -0.850758
0.382080 1.505900 -0.854927
0.366880 1.503528 -0.851745
0.381790 1.493004 -0.855180
0.367688 1.490449 -0.852805
0.368060 1.474573 -0.854580
0.354647 1.487903 -0.850609
0.355120 1.471932 -0.852897
0.343402 1.485565 -0.848067
0.353032 1.501100 -0.849146
0.341362 1.499241 -0.846734
0.352009 1.512574 -0.847606
0.351599 1.521762 -0.844965
0.338843 1.511251 -0.844673
0.339188 1.521415 -0.841047
0.328327 1.510204 -0.840404
0.321273 1.509019 -0.835054
0.329724 1.521265 -0.836246
0.330843 1.497369 -0.843061
0.333657 1.483132 -0.844626
0.323376 1.495551 -0.837845
0.326865 1.480906 -0.839209
0.320552 1.494050 -0.831092
0.319336 1.507847 -0.828611
0.323668 1.479142 -0.832672
0.320962 1.493102 -0.824283
0.324387 1.478170 -0.825874
0.320351 1.506906 -0.822256
0.324593 1.492746 -0.818086
0.330094 1.492982 -0.812712
0.324358 1.506338 -0.816585
0.328043 1.478023 -0.819735
0.333078 1.478507 -0.814007
0.330567 1.460221 -0.820952
0.335306 1.461278 -0.815008
0.334970 1.435289 -0.822898
0.327342 1.460124 -0.827217
0.332197 1.434580 -0.829171
0.326407 1.461218 -0.833791
0.330452 1.437167 -0.835494
0.328417 1.463122 -0.840443
0.334441 1.465894 -0.846147
0.331047 1.440309 -0.841884
0.335558 1.444337 -0.848062
0.338868 1.413775 -0.846308
0.340298 1.407708 -0.840287
0.340301 1.419787 -0.852576
0.346019 1.393860 -0.854601
0.345450 1.400045 -0.861013
0.351938 1.379701 -0.863639
0.349147 1.387786 -0.848430
0.355385 1.379545 -0.839903
0.356270 1.373749 -0.857228
0.363401 1.362670 -0.865998
0.363391 1.366893 -0.847835
0.371058 1.356536 -0.855024
0.372533 1.357649 -0.833396
0.365907 1.366033 -0.826391
0.379253 1.349999 -0.838646
0.378398 1.342184 -0.811734
0.373029 1.347723 -0.806941
0.385226 1.336857 -0.815595
0.378838 1.322426 -0.789066
0.374775 1.325892 -0.785153
0.382566 1.304245 -0.770236
0.385778 1.319722 -0.792559
0.393982 1.317488 -0.795428
0.388433 1.302913 -0.773405
0.391728 1.285504 -0.757886
0.395409 1.302215 -0.775691
0.398411 1.285336 -0.760142
0.404183 1.302597 -0.777591
0.413973 1.303846 -0.778771
0.406003 1.285918 -0.761634
0.403658 1.316384 -0.796998
0.413917 1.317002 -0.798933
0.401596 1.329632 -0.822050
0.394643 1.337483 -0.846040
0.410486 1.328050 -0.824894
0.392927 1.332153 -0.819034
0.386320 1.343228 -0.842952
0.379180 1.347685 -0.860372
0.371280 1.353302 -0.872858
0.387369 1.340891 -0.864287
0.378698 1.346521 -0.878413
0.396366 1.336403 -0.867998
0.386478 1.342619 -0.883131
0.404454 1.332966 -0.848468
0.405741 1.333614 -0.871747
0.416170 1.330973 -0.850936
0.415298 1.333571 -0.875098
0.394363 1.340074 -0.887359
0.402288 1.339607 -0.891129
0.384701 1.346771 -0.898656
0.377853 1.349052 -0.893817
0.391637 1.346669 -0.902545
0.378143 1.353730 -0.906615
0.375144 1.358872 -0.910011
0.383365 1.354037 -0.910142
0.372160 1.355605 -0.901662
0.366332 1.359582 -0.895728
0.370049 1.361143 -0.907585
0.370214 1.364809 -0.911549
0.364235 1.365375 -0.901674
0.364621 1.370258 -0.906320
0.358685 1.371820 -0.893800
0.354267 1.380893 -0.884608
0.359545 1.377744 -0.898640
0.360283 1.365939 -0.888355
0.354722 1.374455 -0.879058
0.364472 1.359995 -0.881972
0.371166 1.353032 -0.888292
0.357899 1.368573 -0.873248
0.349971 1.385883 -0.869688
0.350943 1.392489 -0.875779
0.355907 1.399268 -0.881247
0.348178 1.406856 -0.867280
0.345192 1.425966 -0.858539
0.355218 1.413793 -0.872394
0.353951 1.431955 -0.863221
0.365764 1.419688 -0.875474
0.364382 1.405423 -0.885472
0.378921 1.423999 -0.876986
0.366551 1.437191 -0.865445
0.367277 1.456645 -0.858350
0.354106 1.453198 -0.856425
0.343443 1.448831 -0.853046
0.343561 1.469095 -0.850554
0.375351 1.410009 -0.887921
0.371523 1.398071 -0.897156
0.388221 1.412358 -0.888387
0.401409 1.413068 -0.888163
0.382064 1.400856 -0.898594
0.377228 1.390122 -0.907147
0.393274 1.401897 -0.898920
0.404559 1.401083 -0.898933
0.386291 1.391508 -0.907859
0.395872 1.391528 -0.908110
0.382560 1.382533 -0.915128
0.390528 1.383507 -0.915172
0.384001 1.375503 -0.918721
0.375801 1.380576 -0.914365
0.379551 1.373039 -0.918238
0.370556 1.377919 -0.912628
0.366918 1.374268 -0.909767
0.369236 1.387290 -0.905455
0.375562 1.370215 -0.917040
0.383820 1.364388 -0.917497
0.372397 1.367427 -0.914565
0.380152 1.362164 -0.915512
0.388455 1.355647 -0.912570
0.377273 1.360758 -0.913115
0.398274 1.348146 -0.905668
0.393611 1.357820 -0.914807
0.398872 1.361248 -0.916470
0.404706 1.350896 -0.907910
0.410544 1.354695 -0.909645
0.418115 1.343887 -0.896915
0.433469 1.338073 -0.880880
0.424868 1.348024 -0.898822
0.410501 1.340968 -0.894450
0.424805 1.335110 -0.878234
0.438861 1.331654 -0.855796
0.446016 1.329686 -0.829587
0.427622 1.330526 -0.853439
0.448540 1.335674 -0.857792
0.457561 1.340775 -0.859778
0.458027 1.333891 -0.830593
0.469044 1.340592 -0.831560
0.458343 1.328565 -0.804649
0.445887 1.323886 -0.804027
0.470640 1.335191 -0.804737
0.453701 1.315956 -0.778553
0.443101 1.311841 -0.779218
0.464930 1.320694 -0.777048
0.450635 1.296952 -0.759022
0.440679 1.293660 -0.760791
0.448556 1.275018 -0.744188
0.460801 1.300531 -0.756598
0.471400 1.304478 -0.753623
0.458598 1.278192 -0.741196
0.468707 1.281839 -0.737537
0.455050 1.255895 -0.727540
0.448806 1.233678 -0.711508
0.444995 1.253142 -0.730735
0.465134 1.259045 -0.723490
0.474789 1.262495 -0.718671
0.458823 1.236583 -0.707402
0.453438 1.215648 -0.690634
0.468781 1.239855 -0.702407
0.463380 1.219066 -0.685706
0.478127 1.243303 -0.696770
0.483527 1.265967 -0.713340
0.486189 1.246876 -0.690740
0.472875 1.222860 -0.680157
0.480897 1.226800 -0.674319
0.466801 1.203818 -0.663767
0.474821 1.207909 -0.658240
0.457777 1.200014 -0.668905
0.460749 1.184534 -0.646518
0.467858 1.188462 -0.640827
0.473514 1.192431 -0.635178
0.460943 1.169656 -0.623644
0.466340 1.173602 -0.618254
0.481051 1.212015 -0.652690
0.487250 1.230704 -0.668527
0.485748 1.215839 -0.647175
0.492033 1.234423 -0.662917
0.494992 1.237895 -0.657607
0.497529 1.254007 -0.678545
0.502371 1.276474 -0.695408
0.492768 1.250489 -0.684528
0.500557 1.257387 -0.672931
0.505709 1.279712 -0.689577
0.501730 1.260491 -0.667779
0.501926 1.263394 -0.662635
0.496250 1.241142 -0.652641
0.507387 1.282627 -0.684024
0.507945 1.285360 -0.678586
0.513217 1.306180 -0.701217
0.522052 1.330658 -0.719439
0.513394 1.308949 -0.695597
0.511423 1.303076 -0.706947
0.518490 1.327755 -0.725075
0.508007 1.299850 -0.712764
0.514061 1.324582 -0.730598
0.502877 1.296520 -0.718447
0.497743 1.273020 -0.701420
0.508399 1.320975 -0.736079
0.495845 1.292978 -0.723882
0.501222 1.316856 -0.741540
0.487523 1.289294 -0.728934
0.491262 1.269444 -0.707578
0.492213 1.312625 -0.746422
0.478548 1.285600 -0.733436
0.481975 1.308491 -0.750394
0.486388 1.330759 -0.771000
0.491928 1.356635 -0.804046
0.498242 1.336492 -0.766000
0.476093 1.326023 -0.774372
0.481427 1.344368 -0.804650
0.477826 1.349481 -0.832683
0.484128 1.358725 -0.834321
0.464170 1.347674 -0.861257
0.468858 1.355378 -0.863129
0.446856 1.348497 -0.884233
0.450713 1.354711 -0.885581
0.441069 1.342686 -0.882775
0.430499 1.352985 -0.900019
0.415904 1.359324 -0.910172
0.434768 1.358476 -0.900447
0.421001 1.364827 -0.909821
0.438726 1.364723 -0.900083
0.441901 1.372212 -0.897280
0.425516 1.371419 -0.907264
0.452811 1.361665 -0.886825
0.471735 1.363950 -0.865087
0.454088 1.368821 -0.887571
0.456475 1.376700 -0.885165
0.472360 1.373416 -0.867754
0.490159 1.386450 -0.844367
0.469234 1.383475 -0.871546
0.485374 1.400476 -0.851350
0.461334 1.393243 -0.876269
0.450062 1.401421 -0.880736
0.475549 1.411979 -0.858144
0.447905 1.380892 -0.891174
0.437662 1.388386 -0.894952
0.430500 1.379081 -0.902570
0.425685 1.394618 -0.897428
0.414868 1.398705 -0.898587
0.418514 1.385488 -0.905718
0.437705 1.407148 -0.883890
0.451158 1.424558 -0.868143
0.426077 1.410667 -0.885920
0.437151 1.426758 -0.871450
0.414133 1.412472 -0.887307
0.464388 1.454589 -0.861416
0.462919 1.421299 -0.863827
0.482553 1.456571 -0.858672
0.494793 1.440500 -0.850491
0.499514 1.472694 -0.859571
0.509515 1.459466 -0.853668
0.508271 1.481122 -0.858736
0.488156 1.488999 -0.864353
0.496240 1.494818 -0.863040
0.502652 1.500334 -0.861014
0.507199 1.505170 -0.858418
0.514666 1.487380 -0.856892
0.525370 1.476220 -0.851817
0.519872 1.492814 -0.854163
0.530534 1.481341 -0.849214
0.523988 1.497499 -0.851002
0.510802 1.509450 -0.855359
0.534670 1.485754 -0.845621
0.526815 1.501517 -0.847066
0.513504 1.513319 -0.851494
0.543619 1.474548 -0.839353
0.539867 1.471008 -0.843032
0.550071 1.462725 -0.832945
0.551259 1.448122 -0.823837
0.545885 1.460064 -0.837039
0.546413 1.445354 -0.828446
0.540617 1.457594 -0.840706
0.540334 1.443613 -0.833066
0.535001 1.466683 -0.845876
0.534614 1.454309 -0.843275
0.529059 1.460276 -0.847701
0.531536 1.443501 -0.838651
0.520111 1.447196 -0.845622
0.522461 1.425706 -0.826885
0.504930 1.423291 -0.838405
0.516491 1.404885 -0.816006
0.532027 1.427079 -0.820042
0.525059 1.409006 -0.808086
0.538540 1.428739 -0.814574
0.544155 1.431456 -0.809100
0.531872 1.412347 -0.801786
0.537529 1.415853 -0.795648
0.527046 1.393484 -0.788540
0.533566 1.396405 -0.781623
0.521595 1.370962 -0.771771
0.519722 1.389470 -0.796217
0.510635 1.384554 -0.804975
0.513056 1.367278 -0.779794
0.503215 1.363297 -0.789566
0.507471 1.341624 -0.760034
0.514991 1.346081 -0.753726
0.520290 1.349428 -0.747827
0.523798 1.352185 -0.742059
0.527823 1.373690 -0.765276
0.532190 1.375814 -0.759493
0.535279 1.377903 -0.753547
0.537880 1.398165 -0.775970
0.541757 1.400080 -0.769856
0.541730 1.418339 -0.789403
0.543630 1.420155 -0.783311
0.547792 1.435599 -0.803434
0.553873 1.452036 -0.818726
0.549003 1.439909 -0.798229
0.548544 1.443476 -0.793399
0.525885 1.354645 -0.736378
0.526271 1.356757 -0.730757
0.523723 1.333568 -0.713287
0.523342 1.336241 -0.707191
0.519704 1.338858 -0.701435
0.511709 1.311408 -0.690345
0.508616 1.313750 -0.685570
0.507258 1.287963 -0.673351
0.503886 1.290186 -0.668556
0.500873 1.266268 -0.657768
0.498441 1.268898 -0.653407
0.494154 1.270977 -0.649528
0.488488 1.272717 -0.646307
0.490551 1.252602 -0.634409
0.499168 1.292093 -0.664399
0.492916 1.293152 -0.661461
0.504217 1.315485 -0.681147
0.498116 1.316561 -0.677839
0.513209 1.340416 -0.696579
0.505314 1.341140 -0.693384
0.497387 1.341768 -0.690390
0.512116 1.363386 -0.710405
0.504553 1.364416 -0.706390
0.489935 1.342965 -0.686524
0.490802 1.317134 -0.675384
0.485553 1.293772 -0.659756
0.483356 1.317992 -0.672377
0.476316 1.319573 -0.668501
0.477700 1.294297 -0.658133
0.470031 1.295407 -0.655590
0.474022 1.274142 -0.642775
0.466308 1.274540 -0.641656
0.470603 1.255485 -0.628214
0.481507 1.273621 -0.644139
0.477978 1.255193 -0.629420
0.484807 1.254257 -0.631451
0.501356 1.379123 -0.817329
0.489179 1.371906 -0.838185
0.505178 1.398925 -0.827107
0.518713 1.469563 -0.853545
0.406734 1.389593 -0.907467
0.413773 1.377670 -0.911558
0.408909 1.370908 -0.915042
0.402146 1.382111 -0.914257
0.397432 1.375408 -0.918549
0.392573 1.370947 -0.919490
0.389360 1.377920 -0.918398
0.388099 1.367478 -0.918798
0.403993 1.365704 -0.916442
0.448286 1.196554 -0.673398
0.438650 1.193471 -0.677171
0.443588 1.212763 -0.694753
0.429138 1.190892 -0.680230
0.419963 1.188978 -0.682426
0.434013 1.210395 -0.697982
0.424203 1.173000 -0.662414
0.415333 1.171176 -0.664760
0.410475 1.154239 -0.646098
0.407014 1.169922 -0.666276
0.399202 1.169052 -0.667178
0.411323 1.187613 -0.683943
0.402341 1.153048 -0.647805
0.398355 1.136554 -0.630479
0.394651 1.152288 -0.648949
0.387407 1.151986 -0.649523
0.391735 1.168566 -0.667571
0.380480 1.152171 -0.649535
0.373982 1.152687 -0.649134
0.384680 1.168709 -0.667239
0.377758 1.169193 -0.666512
0.388545 1.186531 -0.685098
0.392853 1.205649 -0.703214
0.395773 1.186542 -0.685203
0.381501 1.186962 -0.684338
0.374876 1.187795 -0.682965
0.385746 1.206064 -0.702253
0.379087 1.207017 -0.700356
0.391314 1.226544 -0.717916
0.396449 1.246693 -0.732951
0.398536 1.226198 -0.718976
0.384762 1.227428 -0.715902
0.378853 1.228819 -0.713232
0.389642 1.247434 -0.730827
0.392739 1.267243 -0.743929
0.383978 1.248901 -0.727623
0.379692 1.250925 -0.723724
0.387205 1.268344 -0.740826
0.386318 1.286502 -0.754779
0.382823 1.270141 -0.736997
0.379717 1.272352 -0.732819
0.382463 1.288381 -0.750892
0.378494 1.306224 -0.766482
0.379938 1.290707 -0.746796
0.375802 1.308778 -0.762307
0.378468 1.293348 -0.742680
0.375295 1.311541 -0.758251
0.378136 1.274958 -0.728400
0.378437 1.296253 -0.738382
0.377512 1.277757 -0.723976
0.375241 1.314870 -0.753465
0.379437 1.299295 -0.734049
0.381641 1.302918 -0.729741
0.378421 1.280764 -0.719497
0.376644 1.318017 -0.749527
0.379512 1.321934 -0.745195
0.372622 1.339420 -0.765361
0.369758 1.364175 -0.781423
0.371087 1.335419 -0.770307
0.376481 1.343183 -0.760437
0.374060 1.368147 -0.775668
0.382091 1.347694 -0.755361
0.379961 1.372744 -0.770706
0.383765 1.326333 -0.740954
0.388746 1.352715 -0.751150
0.396469 1.357645 -0.747414
0.386984 1.377608 -0.766483
0.390138 1.331317 -0.736426
0.390005 1.310800 -0.721279
0.397083 1.335639 -0.732436
0.404352 1.338925 -0.727963
0.395963 1.314483 -0.717106
0.393891 1.294082 -0.701638
0.401348 1.317574 -0.713232
0.398915 1.297319 -0.697291
0.405839 1.321674 -0.707039
0.402890 1.301071 -0.691836
0.409864 1.342388 -0.722523
0.406750 1.325622 -0.701298
0.411869 1.346720 -0.716827
0.403655 1.304571 -0.686244
0.406194 1.329072 -0.696041
0.405692 1.332352 -0.690948
0.402741 1.307683 -0.681088
0.412127 1.350102 -0.712229
0.411642 1.353935 -0.706296
0.420027 1.372165 -0.728395
0.417652 1.368354 -0.735393
0.426695 1.393064 -0.744258
0.420342 1.374851 -0.723022
0.428332 1.395957 -0.738128
0.421066 1.378923 -0.716885
0.422703 1.382198 -0.712267
0.430078 1.398942 -0.731843
0.411649 1.357337 -0.700909
0.412688 1.360361 -0.696400
0.405964 1.335222 -0.685874
0.407277 1.337956 -0.681405
0.402627 1.313074 -0.672015
0.397824 1.292325 -0.658806
0.403978 1.315697 -0.668040
0.402307 1.310479 -0.676267
0.397569 1.289797 -0.662613
0.398030 1.287102 -0.666994
0.391089 1.270705 -0.648800
0.391374 1.273086 -0.644702
0.391609 1.268237 -0.653183
0.382998 1.251895 -0.633957
0.383157 1.254183 -0.629904
0.375851 1.233023 -0.618777
0.383823 1.249397 -0.638242
0.376195 1.230650 -0.622762
0.385052 1.246603 -0.642843
0.385811 1.243770 -0.647771
0.377057 1.228009 -0.626957
0.392435 1.265453 -0.657828
0.398612 1.284498 -0.672026
0.392845 1.262442 -0.662814
0.390819 1.259202 -0.667879
0.398669 1.281383 -0.677233
0.396122 1.277950 -0.682524
0.390475 1.274718 -0.686888
0.384519 1.271430 -0.691319
0.386018 1.255917 -0.672562
0.380260 1.252625 -0.677100
0.380404 1.237215 -0.657571
0.384984 1.240506 -0.652771
0.374160 1.218604 -0.641717
0.374802 1.233927 -0.662130
0.370144 1.230457 -0.666956
0.369146 1.215360 -0.646433
0.366809 1.226794 -0.671886
0.375473 1.249232 -0.681822
0.372119 1.245787 -0.686773
0.380036 1.268069 -0.696019
0.376696 1.264795 -0.700733
0.383710 1.287474 -0.710392
0.385208 1.306885 -0.725533
0.388229 1.290693 -0.706023
0.380400 1.284025 -0.715053
0.374756 1.261691 -0.705490
0.370074 1.242567 -0.691667
0.374239 1.258716 -0.710348
0.369268 1.239472 -0.696357
0.374775 1.255888 -0.715013
0.369813 1.236344 -0.700862
0.376735 1.253299 -0.719440
0.371611 1.233503 -0.705221
0.366170 1.213690 -0.689985
0.374663 1.230957 -0.709500
0.369092 1.210947 -0.694015
0.373323 1.208627 -0.697595
0.364940 1.191926 -0.677082
0.361116 1.174285 -0.659909
0.369391 1.189605 -0.680344
0.361845 1.194666 -0.673345
0.359894 1.197701 -0.669285
0.357779 1.176997 -0.656338
0.364157 1.216692 -0.685670
0.359360 1.200998 -0.664980
0.364006 1.219912 -0.681152
0.364537 1.223136 -0.676705
0.365352 1.171793 -0.663130
0.361719 1.155318 -0.646119
0.371097 1.170098 -0.665310
0.367585 1.153688 -0.648016
0.363318 1.137182 -0.632662
0.357479 1.138926 -0.630911
0.358435 1.121286 -0.617926
0.369410 1.135934 -0.633545
0.352722 1.123087 -0.616735
0.356987 1.157578 -0.643304
0.377264 1.221967 -0.636623
0.366424 1.200568 -0.624895
0.358845 1.183431 -0.608858
0.369442 1.203778 -0.620194
0.359781 1.186655 -0.604041
0.369476 1.207011 -0.615171
0.368492 1.209868 -0.610894
0.359820 1.189686 -0.599481
0.377676 1.225206 -0.631667
0.359573 1.192522 -0.595263
0.351646 1.172798 -0.584371
0.351048 1.175591 -0.580063
0.344064 1.155898 -0.570426
0.352485 1.169797 -0.588875
0.344858 1.152951 -0.574689
0.352295 1.166526 -0.593780
0.345457 1.149603 -0.579189
0.338110 1.133969 -0.566404
0.343602 1.146559 -0.583957
0.336665 1.131055 -0.571098
0.330786 1.115383 -0.558756
0.332150 1.118030 -0.553990
0.325801 1.099384 -0.546445
0.326546 1.101871 -0.541526
0.319885 1.084280 -0.534971
0.320417 1.086565 -0.530246
0.319319 1.088927 -0.525844
0.325837 1.104350 -0.536928
0.318511 1.091233 -0.521352
0.324331 1.106748 -0.532647
0.331359 1.123032 -0.545217
0.323736 1.108988 -0.528523
0.330969 1.125210 -0.541371
0.337187 1.141807 -0.553690
0.331448 1.127104 -0.537181
0.337481 1.143749 -0.549357
0.343766 1.160842 -0.561777
0.338730 1.145552 -0.545003
0.341004 1.147105 -0.540792
0.344937 1.162797 -0.557682
0.352026 1.180275 -0.571974
0.346907 1.164568 -0.553701
0.351090 1.165774 -0.550637
0.354319 1.182121 -0.568192
0.361697 1.199652 -0.583294
0.357887 1.183554 -0.564910
0.363998 1.201585 -0.579633
0.370788 1.219173 -0.595355
0.368737 1.217107 -0.599005
0.378163 1.237209 -0.611376
0.376496 1.235207 -0.614991
0.384750 1.256195 -0.626177
0.392536 1.275207 -0.640889
0.387329 1.257966 -0.622701
0.394481 1.277195 -0.637261
0.401137 1.296865 -0.651307
0.397318 1.278903 -0.633976
0.403941 1.298692 -0.647957
0.408786 1.320086 -0.660811
0.407971 1.300059 -0.645267
0.412971 1.300938 -0.643446
0.412552 1.321869 -0.657701
0.416072 1.345171 -0.670797
0.417392 1.323308 -0.655346
0.422965 1.324183 -0.654136
0.420980 1.347025 -0.668466
0.426534 1.369719 -0.683746
0.426792 1.348370 -0.666968
0.432710 1.370982 -0.682189
0.442729 1.392289 -0.696925
0.439326 1.371400 -0.682038
0.449032 1.393278 -0.695822
0.455436 1.393659 -0.695670
0.455960 1.416888 -0.704500
0.462415 1.417737 -0.703491
0.459775 1.439432 -0.715623
0.450198 1.415302 -0.706802
0.453380 1.437173 -0.717924
0.445686 1.413523 -0.709797
0.448974 1.434566 -0.721103
0.441867 1.411382 -0.713951
0.437005 1.391250 -0.698528
0.432126 1.389572 -0.701346
0.421286 1.367957 -0.686032
0.428358 1.387710 -0.704254
0.417129 1.365843 -0.688998
0.438880 1.408924 -0.717942
0.425161 1.385156 -0.707936
0.414469 1.363383 -0.692394
0.435759 1.406025 -0.722101
0.432750 1.402523 -0.726925
0.439135 1.425624 -0.734285
0.440862 1.444500 -0.746447
0.441981 1.428799 -0.729606
0.436398 1.422553 -0.739520
0.434184 1.419640 -0.745155
0.438806 1.442249 -0.751033
0.442993 1.461436 -0.760968
0.436912 1.440158 -0.756065
0.435058 1.438535 -0.760947
0.441912 1.459305 -0.765190
0.439972 1.457078 -0.769931
0.450014 1.477532 -0.770692
0.450688 1.480625 -0.766754
0.461374 1.494506 -0.773621
0.449176 1.474870 -0.774982
0.461117 1.490977 -0.777084
0.446608 1.473308 -0.779024
0.458721 1.488768 -0.780718
0.442217 1.472794 -0.782540
0.436606 1.455107 -0.774065
0.431095 1.436854 -0.765858
0.431168 1.454527 -0.777259
0.424904 1.435963 -0.770290
0.423594 1.455225 -0.780219
0.436809 1.473444 -0.785363
0.416740 1.435904 -0.773472
0.415598 1.456790 -0.782109
0.403304 1.459080 -0.784640
0.430770 1.475259 -0.786281
0.407290 1.435807 -0.776698
0.405194 1.411137 -0.768634
0.396738 1.434202 -0.780275
0.395165 1.408189 -0.772940
0.382791 1.430203 -0.785861
0.382334 1.453214 -0.789360
0.370501 1.424229 -0.792169
0.384938 1.403786 -0.777962
0.375920 1.398455 -0.783370
0.368502 1.393123 -0.789227
0.362910 1.388317 -0.795553
0.360211 1.417982 -0.798939
0.354428 1.444206 -0.802721
0.352708 1.412101 -0.806282
0.345416 1.441104 -0.810066
0.348336 1.406850 -0.814062
0.345811 1.403161 -0.822165
0.339109 1.437322 -0.816626
0.359493 1.383870 -0.803295
0.367282 1.360139 -0.788366
0.358863 1.379500 -0.811061
0.360739 1.374560 -0.818861
0.367313 1.356831 -0.794651
0.370648 1.332172 -0.775661
0.369341 1.352530 -0.801142
0.371786 1.328978 -0.780643
0.345652 1.398671 -0.831230
0.342510 1.462772 -0.809011
0.340045 1.479680 -0.808398
0.351910 1.464692 -0.803137
0.364501 1.467339 -0.796918
0.349189 1.481129 -0.802880
0.361495 1.482834 -0.797304
0.346697 1.494596 -0.802713
0.359189 1.495561 -0.797159
0.345163 1.506246 -0.802393
0.337379 1.493607 -0.807717
0.335922 1.506126 -0.807382
0.335761 1.516616 -0.808051
0.329201 1.506117 -0.812204
0.330001 1.517244 -0.813182
0.331708 1.524168 -0.815898
0.326900 1.517502 -0.817258
0.322804 1.515861 -0.820757
0.327995 1.522581 -0.820415
0.329782 1.525717 -0.824738
0.323651 1.518883 -0.824598
0.324607 1.520403 -0.830340
0.334300 1.527764 -0.830377
0.334858 1.528046 -0.819679
0.340831 1.528800 -0.814511
0.349112 1.528253 -0.808540
0.338025 1.523741 -0.811014
0.346459 1.522923 -0.805431
0.357884 1.521226 -0.799051
0.345031 1.515799 -0.803298
0.357095 1.514614 -0.797491
0.372001 1.512872 -0.791489
0.357487 1.506016 -0.796831
0.372633 1.505448 -0.791403
0.389550 1.504809 -0.786797
0.374237 1.496383 -0.791928
0.391484 1.497023 -0.787615
0.376930 1.484977 -0.792292
0.380200 1.470836 -0.791567
0.394645 1.487521 -0.788360
0.414166 1.492364 -0.786207
0.398640 1.475623 -0.788018
0.418885 1.485408 -0.787249
0.436701 1.494825 -0.787258
0.424199 1.478138 -0.787174
0.441351 1.491230 -0.787660
0.454581 1.499360 -0.791732
0.446308 1.488917 -0.787694
0.459108 1.497057 -0.791789
0.450877 1.488074 -0.785880
0.455441 1.487567 -0.783811
0.463748 1.495509 -0.791071
0.468077 1.495646 -0.787929
0.470992 1.497622 -0.784091
0.471620 1.501231 -0.780168
0.479803 1.507222 -0.783976
0.471696 1.508484 -0.776087
0.468932 1.513397 -0.770705
0.461300 1.498921 -0.769821
0.474773 1.524357 -0.770818
0.466155 1.516812 -0.765525
0.459967 1.502209 -0.765115
0.470729 1.525078 -0.765424
0.462422 1.517352 -0.758972
0.458764 1.503740 -0.759842
0.465928 1.522180 -0.756739
0.458766 1.505703 -0.754531
0.469426 1.522696 -0.755900
0.474074 1.522676 -0.754498
0.474757 1.530325 -0.764645
0.461904 1.506530 -0.750391
0.457077 1.486940 -0.750804
0.467132 1.506770 -0.747479
0.462283 1.487693 -0.748514
0.472998 1.506810 -0.746050
0.479437 1.522477 -0.753171
0.479643 1.507353 -0.745289
0.468335 1.488184 -0.747319
0.475078 1.488478 -0.746550
0.464123 1.471200 -0.743204
0.471537 1.471692 -0.743159
0.457767 1.470351 -0.744035
0.462229 1.455794 -0.731623
0.469602 1.456994 -0.731163
0.455851 1.454394 -0.733191
0.450289 1.452177 -0.735916
0.452074 1.468950 -0.746030
0.446191 1.449622 -0.738797
0.445471 1.431838 -0.724805
0.443098 1.446836 -0.742368
0.447671 1.467154 -0.749524
0.445868 1.465391 -0.753126
0.452557 1.486075 -0.754052
0.450652 1.484831 -0.758291
0.450716 1.483171 -0.762705
0.444345 1.463554 -0.756851
0.467118 1.440704 -0.714465
0.477372 1.457775 -0.731550
0.485505 1.457983 -0.732881
0.479406 1.472274 -0.743389
0.474929 1.441561 -0.714321
0.483430 1.441641 -0.715500
0.469732 1.418261 -0.703530
0.462083 1.393813 -0.695992
0.477411 1.418336 -0.704946
0.468821 1.393661 -0.696799
0.484745 1.417880 -0.707401
0.475827 1.393437 -0.698723
0.491885 1.441171 -0.717961
0.492644 1.416979 -0.710668
0.483302 1.392982 -0.701337
0.501471 1.415427 -0.715191
0.501122 1.440369 -0.721349
0.502374 1.458058 -0.737787
0.510797 1.439092 -0.726097
0.511686 1.457725 -0.741524
0.520137 1.437391 -0.731982
0.521154 1.457025 -0.746147
0.520304 1.472684 -0.755641
0.529686 1.455770 -0.752193
0.528138 1.472190 -0.761574
0.535797 1.453858 -0.759339
0.534327 1.471704 -0.768553
0.539337 1.451782 -0.766721
0.539129 1.471394 -0.776474
0.538501 1.487703 -0.771096
0.532368 1.488222 -0.764251
0.535182 1.504295 -0.765402
0.525320 1.488783 -0.757722
0.517158 1.489406 -0.751633
0.529094 1.505200 -0.759159
0.522172 1.506272 -0.752892
0.530217 1.519080 -0.762354
0.531248 1.530489 -0.766910
0.535699 1.517921 -0.767645
0.523664 1.520698 -0.757216
0.526183 1.532045 -0.762669
0.516463 1.521396 -0.753257
0.518917 1.533433 -0.759298
0.513974 1.506971 -0.747908
0.507962 1.521235 -0.751646
0.503917 1.507571 -0.744744
0.499772 1.521294 -0.751495
0.511824 1.533321 -0.757905
0.504557 1.533180 -0.757707
0.516077 1.543705 -0.764325
0.511114 1.544395 -0.764617
0.520953 1.552938 -0.773175
0.521648 1.543038 -0.765278
0.524065 1.551925 -0.773052
0.527170 1.541874 -0.768345
0.531164 1.541294 -0.771445
0.527207 1.551125 -0.774453
0.526722 1.558351 -0.779111
0.530483 1.550523 -0.776113
0.529447 1.557450 -0.780249
0.533535 1.549651 -0.778516
0.536069 1.548732 -0.781102
0.531800 1.556365 -0.782000
0.534686 1.540514 -0.774994
0.537779 1.539667 -0.778280
0.535647 1.529509 -0.771277
0.533619 1.555467 -0.784161
0.530248 1.560659 -0.784428
0.531597 1.559506 -0.786467
0.527745 1.561396 -0.783104
0.528917 1.563637 -0.786495
0.526831 1.564501 -0.784863
0.528398 1.566111 -0.788232
0.530316 1.562449 -0.788430
0.529237 1.564372 -0.790188
0.530758 1.560784 -0.790474
0.528906 1.562311 -0.791896
0.530514 1.558866 -0.792332
0.532922 1.558463 -0.788722
0.532940 1.557211 -0.790957
0.535001 1.554711 -0.786716
0.535290 1.553870 -0.789134
0.538177 1.547799 -0.784142
0.539662 1.546879 -0.787584
0.540126 1.546195 -0.791562
0.538040 1.545576 -0.796008
0.535209 1.552856 -0.791489
0.532829 1.555359 -0.793030
0.535426 1.550801 -0.794218
0.532195 1.551537 -0.794954
0.532981 1.544565 -0.797947
0.528197 1.551224 -0.795717
0.524363 1.551206 -0.795067
0.527260 1.543538 -0.797864
0.529387 1.555830 -0.793845
0.526380 1.556192 -0.793950
0.527784 1.559764 -0.792776
0.523023 1.556606 -0.793313
0.520503 1.557533 -0.792397
0.525210 1.560560 -0.792892
0.526636 1.563183 -0.792282
0.523171 1.561377 -0.792096
0.524872 1.564092 -0.792530
0.521104 1.562430 -0.791206
0.523264 1.565040 -0.791458
0.518146 1.558864 -0.791090
0.519511 1.563562 -0.789817
0.522283 1.566042 -0.790011
0.518754 1.564572 -0.787840
0.516513 1.560226 -0.789468
0.515518 1.561645 -0.787349
0.510873 1.556998 -0.786387
0.515490 1.562804 -0.785004
0.519192 1.564890 -0.785486
0.510995 1.558576 -0.784057
0.516863 1.563015 -0.782401
0.520640 1.564170 -0.783110
0.519095 1.561850 -0.780347
0.512838 1.559989 -0.781748
0.515363 1.560066 -0.779889
0.502660 1.552873 -0.777293
0.488934 1.542621 -0.770263
0.506020 1.554460 -0.775138
0.499552 1.549810 -0.779996
0.483667 1.535567 -0.772646
0.510266 1.554618 -0.774065
0.494791 1.544868 -0.767867
0.485673 1.533883 -0.760821
0.500114 1.545146 -0.766591
0.505196 1.544874 -0.765408
0.491505 1.533389 -0.759143
0.486087 1.522135 -0.752236
0.498012 1.533262 -0.758270
0.492890 1.521563 -0.751761
0.486553 1.507373 -0.744677
0.482260 1.489018 -0.745109
0.494520 1.507530 -0.743974
0.489973 1.489345 -0.743943
0.498797 1.489517 -0.743781
0.487306 1.472757 -0.743892
0.494980 1.473064 -0.744954
0.503246 1.473176 -0.746947
0.493586 1.458091 -0.734987
0.511842 1.473051 -0.750577
0.508375 1.489594 -0.746526
0.512783 1.553052 -0.772186
0.518092 1.554382 -0.773669
0.517958 1.559281 -0.777951
0.520864 1.559586 -0.778295
0.523990 1.559264 -0.778482
0.522283 1.562080 -0.781020
0.525414 1.562070 -0.781682
0.523855 1.564584 -0.783810
0.522523 1.566530 -0.785703
0.521764 1.566905 -0.788158
0.525826 1.566942 -0.786599
0.524717 1.568442 -0.788545
0.527584 1.567654 -0.790130
0.523922 1.568379 -0.790523
0.524252 1.566863 -0.792123
0.527169 1.568067 -0.791439
0.526417 1.566315 -0.792723
0.527961 1.565529 -0.791802
0.479950 1.533444 -0.762583
0.534369 1.536159 -0.798992
0.468687 1.503710 -0.797013
0.464755 1.505498 -0.797406
0.461392 1.507892 -0.797039
0.468633 1.514394 -0.804310
0.450640 1.502090 -0.790925
0.458153 1.510303 -0.796353
0.454864 1.513041 -0.795573
0.465753 1.516368 -0.803901
0.446803 1.505143 -0.789738
0.443732 1.508626 -0.788309
0.432257 1.498734 -0.785948
0.428529 1.503159 -0.784242
0.425627 1.507830 -0.782760
0.410323 1.498978 -0.784635
0.407727 1.505274 -0.783303
0.405911 1.511254 -0.782872
0.422895 1.513091 -0.781964
0.404438 1.516893 -0.783476
0.388468 1.511479 -0.786756
0.387983 1.517478 -0.787516
0.388285 1.523212 -0.789328
0.372151 1.519208 -0.792384
0.373633 1.524921 -0.795018
0.359991 1.526700 -0.801729
0.403451 1.522313 -0.784718
0.418703 1.523401 -0.783513
0.403190 1.527318 -0.786772
0.416882 1.527454 -0.785480
0.420735 1.518434 -0.782307
0.430987 1.526011 -0.787175
0.439710 1.528572 -0.793772
0.434777 1.521965 -0.785931
0.437787 1.517038 -0.785969
0.444428 1.524661 -0.793248
0.448220 1.520288 -0.793624
0.451580 1.526033 -0.800800
0.456102 1.522227 -0.801277
0.457577 1.527093 -0.806468
0.446550 1.530059 -0.801032
0.461535 1.522658 -0.805785
0.462765 1.517901 -0.803398
0.465668 1.522097 -0.808115
0.458133 1.519003 -0.800730
0.451236 1.516287 -0.794401
0.440755 1.512445 -0.786830
0.366482 1.448390 -0.795543
0.395229 1.382379 -0.762178
0.404019 1.386042 -0.758061
0.412338 1.388076 -0.754138
0.404877 1.361753 -0.743495
0.412057 1.364535 -0.739832
0.414367 1.412915 -0.764924
0.420225 1.389591 -0.750086
0.422590 1.414238 -0.761162
0.428715 1.415571 -0.756999
0.432521 1.417637 -0.750252
0.408997 1.340652 -0.677363
0.412165 1.342986 -0.673932
0.406065 1.318045 -0.664242
0.399019 1.294815 -0.654940
0.368014 1.214853 -0.602958
0.367902 1.212509 -0.606915
0.360070 1.197481 -0.587169
0.359526 1.195092 -0.591177
0.351060 1.178121 -0.575966
0.343594 1.158599 -0.566026
0.337383 1.139442 -0.557943
0.337994 1.136789 -0.562008
0.332145 1.120595 -0.549451
0.399367 1.266827 -0.746268
0.406587 1.266998 -0.747797
0.414040 1.267628 -0.748601
0.403785 1.246634 -0.734111
0.411435 1.247097 -0.734709
0.406013 1.226347 -0.719302
0.419083 1.247978 -0.734784
0.413694 1.226952 -0.719085
0.427121 1.249268 -0.734183
0.421855 1.268874 -0.748528
0.422549 1.288690 -0.762717
0.430131 1.270557 -0.747795
0.438906 1.272486 -0.746501
0.431330 1.290893 -0.762059
0.432953 1.308442 -0.779467
0.434071 1.320617 -0.802708
0.423467 1.305837 -0.779312
0.423637 1.318496 -0.801014
0.421568 1.327294 -0.827309
0.433503 1.327650 -0.828685
0.435658 1.250934 -0.732966
0.430104 1.229350 -0.716877
0.439192 1.231219 -0.714712
0.424816 1.208557 -0.700261
0.421685 1.227914 -0.718375
0.416209 1.207237 -0.701867
0.408220 1.206335 -0.702864
0.403326 1.186863 -0.684730
0.400378 1.205798 -0.703322
0.414076 1.286969 -0.762483
0.406817 1.137671 -0.628344
0.362784 1.383108 -0.902628
0.363010 1.393284 -0.894012
0.357396 1.387331 -0.889598
0.509776 1.512358 -0.812348
0.497053 1.512964 -0.812184
0.429091 1.076972 -0.561200
0.435678 1.094784 -0.573604
0.420664 1.058191 -0.547606
0.457938 1.124327 -0.564675
0.452182 1.104042 -0.551061
0.456609 1.106415 -0.545957
0.459250 1.108792 -0.540534
0.374632 1.111205 -0.510174
0.228152 0.909280 -0.418753
0.129230 0.853630 -0.379382
0.181877 0.866255 -0.412654
0.108916 0.787035 -0.379891
0.083103 0.783464 -0.385888
0.082310 0.783836 -0.378958
0.081432 0.784848 -0.372374
0.107809 0.788035 -0.373147
0.080564 0.786079 -0.366035
0.106719 0.789474 -0.366757
0.079643 0.787589 -0.359897
0.078632 0.789274 -0.353982
0.105627 0.791024 -0.360522
0.104592 0.792552 -0.354608
0.131857 0.794674 -0.360462
0.156801 0.800665 -0.359874
0.133120 0.793034 -0.366767
0.130737 0.796349 -0.354638
0.129671 0.798021 -0.348737
0.155630 0.802274 -0.354080
0.154626 0.804340 -0.348433
0.179973 0.812555 -0.354662
0.178667 0.814270 -0.349975
0.204840 0.824569 -0.350805
0.177444 0.816211 -0.345363
0.153820 0.806385 -0.343379
0.203101 0.826427 -0.346385
0.176185 0.818389 -0.340659
0.152772 0.808386 -0.338377
0.201224 0.828428 -0.342296
0.175011 0.820588 -0.336452
0.151609 0.810315 -0.333679
0.173753 0.822935 -0.332570
0.199239 0.830692 -0.338450
0.197214 0.833118 -0.334819
0.195068 0.835772 -0.331672
0.172554 0.825266 -0.329314
0.218979 0.848940 -0.334253
0.192821 0.838739 -0.329082
0.215878 0.852511 -0.332810
0.171279 0.828254 -0.326171
0.190127 0.842368 -0.327318
0.212783 0.856098 -0.331812
0.187488 0.845905 -0.325992
0.169723 0.831401 -0.323664
0.167821 0.834727 -0.321556
0.147891 0.821767 -0.319775
0.146380 0.825189 -0.317911
0.124046 0.812926 -0.316747
0.148983 0.818561 -0.322396
0.124973 0.809898 -0.319981
0.149675 0.815462 -0.325599
0.150458 0.812616 -0.329403
0.125728 0.807312 -0.323819
0.126594 0.804695 -0.328515
0.099582 0.802446 -0.323895
0.100273 0.800545 -0.328422
0.074159 0.799794 -0.323677
0.098902 0.804598 -0.319631
0.073348 0.801574 -0.319687
0.098214 0.806854 -0.316046
0.072560 0.803654 -0.316146
0.097399 0.809548 -0.312805
0.096358 0.813004 -0.310299
0.071937 0.806293 -0.313231
0.122878 0.816246 -0.314156
0.121555 0.819917 -0.312274
0.144574 0.828935 -0.316858
0.120104 0.823968 -0.310943
0.142571 0.832677 -0.316682
0.095179 0.817138 -0.308699
0.118245 0.828504 -0.310822
0.140559 0.836330 -0.316903
0.093625 0.821712 -0.308369
0.116373 0.832901 -0.312237
0.114559 0.836738 -0.314611
0.138167 0.840087 -0.317912
0.092009 0.826339 -0.309583
0.068123 0.821052 -0.309525
0.090591 0.830153 -0.311854
0.089244 0.833546 -0.314901
0.067036 0.824812 -0.311442
0.066180 0.827742 -0.314182
0.065382 0.830310 -0.317362
0.064868 0.832207 -0.321007
0.088194 0.836109 -0.318315
0.087296 0.838144 -0.322292
0.111458 0.842896 -0.321001
0.131949 0.849691 -0.324630
0.112981 0.840018 -0.317531
0.109855 0.845161 -0.324929
0.130230 0.852056 -0.328258
0.108729 0.846715 -0.328968
0.107927 0.847764 -0.333382
0.128752 0.853784 -0.331925
0.086513 0.839856 -0.326637
0.085951 0.840995 -0.331135
0.064485 0.833768 -0.325022
0.064192 0.835131 -0.329272
0.064204 0.835785 -0.333811
0.085804 0.841406 -0.335599
0.064334 0.836106 -0.338474
0.064652 0.835984 -0.343288
0.085751 0.841608 -0.340250
0.085740 0.841600 -0.345116
0.106520 0.848482 -0.342376
0.105887 0.848785 -0.347146
0.125290 0.857177 -0.344818
0.107263 0.848198 -0.337786
0.126141 0.856568 -0.340274
0.127204 0.855534 -0.335976
0.143738 0.866757 -0.342944
0.143230 0.867262 -0.347298
0.162287 0.877293 -0.345356
0.144476 0.865797 -0.338770
0.145587 0.864170 -0.334751
0.163136 0.876219 -0.341260
0.182071 0.890318 -0.344593
0.164120 0.874937 -0.337489
0.183188 0.889146 -0.340613
0.165583 0.873098 -0.333871
0.184557 0.887719 -0.336557
0.147314 0.862081 -0.331147
0.167414 0.870899 -0.330854
0.187141 0.885072 -0.332707
0.149575 0.859468 -0.328092
0.169857 0.867996 -0.328380
0.172893 0.864385 -0.326655
0.190327 0.881532 -0.330182
0.152175 0.856590 -0.325674
0.133947 0.846820 -0.321539
0.154887 0.853246 -0.323709
0.135957 0.843579 -0.319434
0.157309 0.849961 -0.322217
0.175709 0.860880 -0.325832
0.160008 0.846255 -0.321089
0.178669 0.857107 -0.325329
0.162825 0.842334 -0.320464
0.181561 0.853375 -0.325174
0.165524 0.838376 -0.320440
0.184558 0.849649 -0.325581
0.206652 0.863152 -0.330232
0.203720 0.866564 -0.329374
0.231023 0.879956 -0.334508
0.209690 0.859609 -0.331069
0.234348 0.875968 -0.334444
0.237402 0.872185 -0.334949
0.240247 0.868475 -0.336045
0.228500 0.882854 -0.334931
0.225065 0.886224 -0.335544
0.253805 0.900501 -0.337580
0.250148 0.903845 -0.339867
0.275660 0.919304 -0.351348
0.246578 0.907120 -0.342407
0.270839 0.922207 -0.354388
0.221446 0.889895 -0.335996
0.242782 0.910107 -0.345122
0.266181 0.924975 -0.357582
0.218014 0.893358 -0.336724
0.238888 0.913124 -0.347474
0.214667 0.896884 -0.337803
0.261573 0.928232 -0.360883
0.235194 0.916103 -0.349776
0.231557 0.919020 -0.352058
0.256460 0.931913 -0.361938
0.211258 0.900290 -0.339969
0.207987 0.903406 -0.342945
0.205538 0.905692 -0.346390
0.228244 0.921594 -0.354792
0.203608 0.907292 -0.349941
0.202080 0.908299 -0.354005
0.224828 0.923701 -0.358401
0.222146 0.924668 -0.361944
0.219862 0.925055 -0.366142
0.217913 0.925098 -0.370294
0.200625 0.908803 -0.358142
0.199119 0.908918 -0.362374
0.180319 0.892016 -0.352701
0.181024 0.891366 -0.348753
0.179697 0.892509 -0.356962
0.161769 0.877936 -0.349508
0.161646 0.878238 -0.353733
0.161744 0.878282 -0.357974
0.143223 0.867199 -0.351692
0.143522 0.866862 -0.355818
0.124729 0.857437 -0.349387
0.124845 0.857318 -0.353973
0.106034 0.848640 -0.352141
0.086049 0.841317 -0.350250
0.065067 0.835738 -0.348424
0.144063 0.866332 -0.360271
0.162213 0.877959 -0.362360
0.179486 0.892479 -0.365687
0.179345 0.892651 -0.361272
0.179990 0.892010 -0.370106
0.197407 0.908279 -0.370785
0.198148 0.908687 -0.366550
0.216347 0.924809 -0.374297
0.246761 0.938250 -0.365108
0.251674 0.935261 -0.363220
0.269241 0.952022 -0.377318
0.274681 0.949084 -0.375306
0.289804 0.968642 -0.390159
0.280448 0.946391 -0.372519
0.295582 0.966414 -0.387246
0.285738 0.943965 -0.369665
0.307148 0.986209 -0.402482
0.193814 0.877758 -0.328659
0.197228 0.873745 -0.328142
0.200619 0.869992 -0.328402
0.069228 0.816990 -0.308777
0.070272 0.813066 -0.309386
0.071184 0.809517 -0.311002
0.074765 0.798123 -0.327983
0.075444 0.796430 -0.332612
0.076196 0.794700 -0.337583
0.101005 0.798806 -0.333143
0.101812 0.797123 -0.338150
0.127304 0.802600 -0.333218
0.127978 0.800984 -0.338288
0.128736 0.799520 -0.343338
0.102673 0.795543 -0.343450
0.103620 0.794044 -0.348972
0.076968 0.792915 -0.342867
0.077765 0.791097 -0.348395
0.158015 0.799352 -0.365896
0.134333 0.791845 -0.373289
0.159197 0.798834 -0.372210
0.135361 0.791326 -0.380337
0.160127 0.799512 -0.378673
0.307978 0.888254 -0.400186
0.311032 0.887222 -0.394313
0.288428 0.866969 -0.380289
0.369775 0.969901 -0.459791
0.368411 0.968299 -0.465211
0.366392 0.967115 -0.470490
0.363712 0.966380 -0.475634
0.296138 0.893649 -0.423124
0.368879 0.984441 -0.494260
0.374554 1.002821 -0.513036
0.109621 0.845144 -0.372148
0.076198 0.822379 -0.418700
0.077525 0.819334 -0.422576
0.100327 0.826094 -0.423894
0.078636 0.815792 -0.425419
0.079947 0.811805 -0.426664
0.102040 0.822730 -0.426283
0.104009 0.818584 -0.426897
-0.006063 0.796120 -0.411549
-0.027048 0.799151 -0.421836
-0.005811 0.803566 -0.411782
-0.005610 0.807097 -0.409632
-0.026386 0.803191 -0.421149
-0.025664 0.807017 -0.419225
-0.054454 0.806382 -0.424300
-0.079526 0.811808 -0.426693
-0.053599 0.810297 -0.423175
-0.055274 0.802307 -0.424052
-0.055895 0.798353 -0.423077
-0.080810 0.807542 -0.426556
-0.105207 0.814609 -0.426686
-0.081925 0.803316 -0.425192
-0.082856 0.799556 -0.422864
-0.106567 0.810667 -0.425277
-0.131302 0.818947 -0.425845
-0.107806 0.806801 -0.423081
-0.132780 0.814894 -0.423377
-0.108726 0.803165 -0.419731
-0.133705 0.811316 -0.420099
-0.083404 0.796222 -0.419389
-0.109487 0.799602 -0.416092
-0.134866 0.807604 -0.416179
-0.110017 0.796088 -0.411792
-0.083724 0.793115 -0.415380
-0.056676 0.788528 -0.413348
-0.083828 0.790009 -0.410790
-0.056508 0.785858 -0.408647
-0.083836 0.787239 -0.405520
-0.083654 0.785266 -0.399188
-0.056342 0.783714 -0.403152
-0.110595 0.792789 -0.406550
-0.136504 0.800535 -0.406318
-0.110954 0.789784 -0.400721
-0.137004 0.797132 -0.400658
-0.110901 0.787649 -0.394432
-0.136553 0.794032 -0.394291
-0.083251 0.783939 -0.392532
-0.109870 0.786795 -0.386962
-0.082689 0.783466 -0.385919
-0.135749 0.791646 -0.387186
-0.108501 0.787038 -0.379929
-0.081897 0.783839 -0.378989
-0.134944 0.791327 -0.380383
-0.107395 0.788037 -0.373184
-0.133917 0.791847 -0.373334
-0.081019 0.784850 -0.372403
-0.106304 0.789476 -0.366792
-0.080152 0.786081 -0.366063
-0.105212 0.791026 -0.360557
-0.132704 0.793035 -0.366810
-0.157598 0.799352 -0.365946
-0.131441 0.794675 -0.360503
-0.130321 0.796350 -0.354678
-0.156384 0.800665 -0.359923
-0.155213 0.802274 -0.354127
-0.181101 0.811009 -0.359918
-0.207084 0.821975 -0.360142
-0.179554 0.812554 -0.354716
-0.182526 0.810111 -0.365423
-0.208286 0.821199 -0.365355
-0.183786 0.809697 -0.371193
-0.209287 0.821159 -0.370780
-0.158779 0.798834 -0.372262
-0.184580 0.810139 -0.376996
-0.209820 0.821832 -0.376463
-0.159709 0.799512 -0.378725
-0.185041 0.811439 -0.383325
-0.209892 0.823086 -0.382171
-0.160362 0.801094 -0.385271
-0.184871 0.813711 -0.389317
-0.209535 0.824871 -0.387916
-0.160686 0.803218 -0.391575
-0.184328 0.816685 -0.395217
-0.160726 0.806375 -0.398322
-0.183560 0.820014 -0.400565
-0.208542 0.827413 -0.393305
-0.207163 0.830443 -0.398268
-0.232652 0.839794 -0.394223
-0.233993 0.837481 -0.388858
-0.257112 0.855085 -0.397864
-0.231000 0.842375 -0.399321
-0.228799 0.845470 -0.403752
-0.255025 0.857230 -0.402758
-0.252445 0.859756 -0.407264
-0.277711 0.874536 -0.408474
-0.280501 0.872650 -0.403487
-0.299772 0.891937 -0.418053
-0.274450 0.876565 -0.412880
-0.295737 0.893647 -0.423222
-0.270436 0.879047 -0.416908
-0.266110 0.882016 -0.420092
-0.249149 0.862856 -0.411073
-0.291011 0.895836 -0.427530
-0.285943 0.898608 -0.431093
-0.309650 0.914159 -0.441090
-0.325240 0.934497 -0.456698
-0.315069 0.912164 -0.436898
-0.303601 0.916786 -0.444363
-0.318846 0.936753 -0.459271
-0.297438 0.920039 -0.446659
-0.312050 0.939367 -0.460940
-0.280700 0.901694 -0.433985
-0.291160 0.923395 -0.448076
-0.275381 0.905109 -0.435648
-0.305122 0.942164 -0.462081
-0.284769 0.926675 -0.448797
-0.269781 0.908655 -0.436317
-0.279080 0.929716 -0.448912
-0.298541 0.944847 -0.462875
-0.310560 0.962211 -0.475621
-0.292454 0.947376 -0.463496
-0.304209 0.964361 -0.476851
-0.286777 0.949696 -0.464108
-0.281554 0.951925 -0.464433
-0.298218 0.966284 -0.478288
-0.273839 0.932567 -0.448828
-0.259531 0.915186 -0.435706
-0.269148 0.935125 -0.448500
-0.264924 0.937351 -0.447532
-0.255025 0.918056 -0.434876
-0.239000 0.901511 -0.424093
-0.250934 0.920673 -0.433801
-0.235075 0.904271 -0.422789
-0.246863 0.923208 -0.432278
-0.260521 0.939607 -0.446046
-0.231280 0.906840 -0.421114
-0.243116 0.925590 -0.430211
-0.256642 0.941872 -0.444245
-0.227727 0.909281 -0.418816
-0.239796 0.927881 -0.427498
-0.253586 0.944203 -0.441553
-0.237246 0.929895 -0.424176
-0.224755 0.911390 -0.415623
-0.208174 0.896675 -0.407850
-0.222255 0.913235 -0.411929
-0.220043 0.914977 -0.407999
-0.205767 0.898402 -0.404032
-0.203676 0.899982 -0.399978
-0.188320 0.885334 -0.400335
-0.186145 0.886304 -0.395874
-0.190826 0.883904 -0.404384
-0.170542 0.873659 -0.399608
-0.168257 0.874524 -0.395121
-0.152346 0.862652 -0.401270
-0.172987 0.872394 -0.403688
-0.175581 0.870788 -0.407304
-0.154794 0.861695 -0.405598
-0.157107 0.860333 -0.409019
-0.134862 0.851477 -0.407568
-0.133385 0.852493 -0.402331
-0.137103 0.850260 -0.412354
-0.115327 0.841888 -0.406805
-0.114216 0.842081 -0.400987
-0.116844 0.840971 -0.412716
-0.094382 0.832883 -0.405083
-0.095549 0.832037 -0.410578
-0.072604 0.826912 -0.403169
-0.093366 0.833482 -0.399260
-0.071645 0.827798 -0.397357
-0.092461 0.833990 -0.393299
-0.113295 0.842114 -0.395336
-0.091608 0.834607 -0.387327
-0.070694 0.828626 -0.391480
-0.069808 0.829387 -0.385621
-0.047840 0.823586 -0.389272
-0.048522 0.822441 -0.394899
-0.022292 0.819104 -0.385509
-0.047197 0.824570 -0.383597
-0.046564 0.825541 -0.378008
-0.021957 0.820223 -0.380350
-0.004588 0.816961 -0.375769
-0.021647 0.821144 -0.375217
-0.004528 0.817673 -0.371701
-0.021362 0.822007 -0.370201
-0.004482 0.818385 -0.367680
-0.045979 0.826523 -0.372499
-0.021017 0.822878 -0.365256
-0.004414 0.819155 -0.363676
-0.045427 0.827552 -0.367145
-0.020701 0.823640 -0.360382
-0.004359 0.820008 -0.359775
-0.044889 0.828604 -0.361915
-0.020427 0.824402 -0.355626
-0.004311 0.820774 -0.355892
-0.044390 0.829668 -0.356808
-0.020168 0.825271 -0.351056
-0.004260 0.821507 -0.352078
-0.043963 0.830629 -0.351756
-0.019985 0.826281 -0.346581
-0.004230 0.822278 -0.348326
-0.043597 0.831507 -0.346771
-0.019794 0.827272 -0.342273
-0.004201 0.823028 -0.344670
-0.043311 0.831984 -0.341791
-0.019720 0.827758 -0.338001
-0.004195 0.823537 -0.341086
-0.043099 0.832205 -0.337013
-0.019774 0.828096 -0.333946
-0.004224 0.823857 -0.337629
-0.042971 0.832279 -0.332485
-0.019904 0.828136 -0.330038
-0.004273 0.823980 -0.334271
-0.042917 0.832156 -0.328160
-0.020108 0.827616 -0.326346
-0.004340 0.823724 -0.331033
-0.043030 0.831376 -0.324082
-0.020351 0.826708 -0.322819
-0.004421 0.823215 -0.327855
-0.043299 0.829877 -0.320386
-0.020714 0.825233 -0.319346
-0.004553 0.822388 -0.324490
-0.043707 0.827547 -0.317037
-0.021060 0.823060 -0.316316
-0.004688 0.821089 -0.321281
-0.044233 0.824851 -0.314111
-0.021465 0.820278 -0.313664
-0.004824 0.818769 -0.318523
-0.044916 0.821799 -0.311742
-0.021911 0.817021 -0.312033
-0.004918 0.815663 -0.317194
-0.045521 0.818214 -0.310237
-0.022352 0.813211 -0.311551
-0.005004 0.812301 -0.316818
-0.046156 0.814577 -0.309721
-0.022807 0.809593 -0.311989
-0.005058 0.808960 -0.317617
-0.046799 0.810812 -0.310201
-0.023125 0.806302 -0.313506
-0.005056 0.806167 -0.319604
-0.047539 0.807170 -0.311394
-0.023459 0.803441 -0.315715
-0.005034 0.804032 -0.322351
-0.048301 0.803975 -0.313419
-0.023724 0.801138 -0.318532
-0.005020 0.802266 -0.325236
-0.048975 0.801544 -0.316325
-0.023948 0.799145 -0.321716
-0.005021 0.800713 -0.328206
-0.049617 0.799547 -0.319866
-0.024112 0.797362 -0.325279
-0.005017 0.799350 -0.331425
-0.050065 0.797827 -0.323532
-0.024249 0.795576 -0.329117
-0.005027 0.797933 -0.334706
-0.050443 0.796057 -0.327547
-0.024388 0.793814 -0.333460
-0.005056 0.796461 -0.338265
-0.050832 0.794280 -0.332101
-0.024504 0.792146 -0.338195
-0.005064 0.795127 -0.342153
-0.051226 0.792509 -0.337123
-0.024675 0.790491 -0.343109
-0.005095 0.793815 -0.346128
-0.051642 0.790676 -0.342378
-0.024900 0.788841 -0.348195
-0.005137 0.792563 -0.350226
-0.052119 0.788762 -0.347815
-0.025156 0.787122 -0.353481
-0.005177 0.791307 -0.354453
-0.052671 0.786792 -0.353463
-0.025438 0.785442 -0.358813
-0.005234 0.789972 -0.358692
-0.053276 0.784978 -0.359265
-0.025775 0.783806 -0.364351
-0.005300 0.788745 -0.363058
-0.053842 0.783263 -0.365125
-0.026114 0.782326 -0.370112
-0.005363 0.787727 -0.367540
-0.054455 0.781695 -0.371267
-0.026433 0.780806 -0.375986
-0.005430 0.786867 -0.372113
-0.054999 0.780638 -0.377635
-0.026752 0.779400 -0.382083
-0.005506 0.786153 -0.376846
-0.055500 0.780179 -0.384163
-0.027028 0.778972 -0.388614
-0.005583 0.785757 -0.381821
-0.055868 0.780690 -0.390766
-0.027111 0.779997 -0.394716
-0.005623 0.786046 -0.386577
-0.056136 0.781892 -0.397200
-0.027194 0.781671 -0.400380
-0.005678 0.786667 -0.391264
-0.027291 0.783338 -0.405917
-0.005756 0.787392 -0.396072
-0.027419 0.785277 -0.410980
-0.005866 0.788479 -0.400860
-0.027719 0.787732 -0.415646
-0.006004 0.790109 -0.405473
-0.056602 0.791498 -0.417431
-0.027648 0.791150 -0.419115
-0.006067 0.792699 -0.409337
-0.056360 0.794619 -0.420742
-0.027513 0.795073 -0.421283
-0.079231 0.787591 -0.359924
-0.078221 0.789276 -0.354007
-0.077354 0.791099 -0.348420
-0.104179 0.792554 -0.354641
-0.103206 0.794046 -0.349005
-0.129256 0.798022 -0.348777
-0.102260 0.795545 -0.343481
-0.076557 0.792917 -0.342892
-0.128321 0.799521 -0.343376
-0.101400 0.797124 -0.338180
-0.100593 0.798807 -0.333171
-0.075786 0.794702 -0.337606
-0.127564 0.800985 -0.338325
-0.152356 0.808386 -0.338419
-0.126890 0.802600 -0.333253
-0.151193 0.810314 -0.333719
-0.126181 0.804695 -0.328549
-0.099862 0.800546 -0.328450
-0.150043 0.812615 -0.329442
-0.125315 0.807312 -0.323851
-0.124560 0.809898 -0.320013
-0.099171 0.802448 -0.323921
-0.149259 0.815461 -0.325637
-0.172137 0.825264 -0.329358
-0.148568 0.818561 -0.322433
-0.170862 0.828252 -0.326213
-0.147476 0.821766 -0.319811
-0.123634 0.812926 -0.316777
-0.145964 0.825188 -0.317945
-0.169305 0.831399 -0.323705
-0.167404 0.834725 -0.321596
-0.189709 0.842365 -0.327366
-0.187069 0.845902 -0.326037
-0.212365 0.856094 -0.331867
-0.192404 0.838736 -0.329132
-0.194651 0.835769 -0.331723
-0.215460 0.852507 -0.332868
-0.218562 0.848936 -0.334313
-0.239831 0.868471 -0.336113
-0.236985 0.872181 -0.335015
-0.242557 0.864875 -0.337866
-0.267052 0.883608 -0.337367
-0.263783 0.887440 -0.335808
-0.296222 0.899759 -0.344292
-0.269937 0.880165 -0.339384
-0.272654 0.876981 -0.341982
-0.299946 0.895881 -0.345347
-0.329832 0.919019 -0.360371
-0.303215 0.892357 -0.347467
-0.333934 0.915916 -0.363229
-0.306560 0.889256 -0.350538
-0.275010 0.874243 -0.344891
-0.309572 0.886953 -0.354232
-0.337779 0.913200 -0.366641
-0.341226 0.910471 -0.370214
-0.356762 0.940081 -0.387499
-0.352352 0.942720 -0.384335
-0.365529 0.963023 -0.406541
-0.360052 0.937580 -0.391256
-0.368342 0.960513 -0.410246
-0.362162 0.935307 -0.395458
-0.343925 0.908182 -0.374539
-0.362641 0.933525 -0.399971
-0.370249 0.958253 -0.414295
-0.380394 0.978270 -0.431828
-0.370099 0.956499 -0.418716
-0.380383 0.976214 -0.436057
-0.369190 0.954838 -0.423043
-0.378815 0.974665 -0.440499
-0.361331 0.932230 -0.404555
-0.367019 0.953729 -0.427702
-0.364442 0.953589 -0.432127
-0.376557 0.973521 -0.444819
-0.358176 0.931488 -0.409283
-0.354953 0.931305 -0.413866
-0.344107 0.905546 -0.390510
-0.340935 0.906477 -0.396413
-0.314120 0.882918 -0.375083
-0.345515 0.905601 -0.385427
-0.314112 0.883053 -0.369290
-0.345532 0.906469 -0.379666
-0.313442 0.883856 -0.364046
-0.311926 0.885097 -0.358870
-0.281675 0.868054 -0.357972
-0.283963 0.866949 -0.363248
-0.255903 0.852568 -0.355257
-0.279384 0.869761 -0.353002
-0.253496 0.854341 -0.350621
-0.277306 0.871848 -0.348742
-0.250950 0.856327 -0.346560
-0.226623 0.840301 -0.343546
-0.248177 0.858636 -0.343004
-0.224270 0.842769 -0.340028
-0.245418 0.861441 -0.340091
-0.221484 0.845753 -0.336759
-0.196797 0.833115 -0.334872
-0.198822 0.830689 -0.338505
-0.173336 0.822934 -0.332615
-0.174593 0.820586 -0.336499
-0.175767 0.818388 -0.340707
-0.177026 0.816210 -0.345413
-0.200806 0.828425 -0.342352
-0.202683 0.826424 -0.346443
-0.228826 0.838113 -0.347546
-0.204422 0.824566 -0.350865
-0.178249 0.814269 -0.350028
-0.230762 0.836170 -0.351869
-0.205839 0.823130 -0.355314
-0.232335 0.834665 -0.356515
-0.257958 0.851023 -0.360234
-0.233667 0.833666 -0.361575
-0.259614 0.850004 -0.365564
-0.234531 0.833293 -0.366739
-0.235094 0.833443 -0.372173
-0.260642 0.849597 -0.371006
-0.261097 0.849639 -0.375818
-0.287982 0.866446 -0.375696
-0.288023 0.866965 -0.380390
-0.314525 0.884396 -0.381650
-0.286303 0.866369 -0.369567
-0.313402 0.886170 -0.388432
-0.336566 0.908033 -0.402600
-0.310635 0.887219 -0.394419
-0.307580 0.888251 -0.400291
-0.286935 0.867743 -0.386267
-0.332673 0.909095 -0.408086
-0.348358 0.932111 -0.425010
-0.329437 0.909655 -0.413515
-0.345886 0.931890 -0.431015
-0.326469 0.909912 -0.419419
-0.305385 0.889355 -0.406183
-0.343640 0.931364 -0.437200
-0.323458 0.910084 -0.425643
-0.302972 0.890477 -0.412293
-0.341012 0.930941 -0.443315
-0.319906 0.910700 -0.431480
-0.337055 0.931236 -0.448789
-0.331533 0.932488 -0.453376
-0.348783 0.949955 -0.465148
-0.343242 0.951001 -0.468917
-0.353171 0.949705 -0.460379
-0.358824 0.966768 -0.479995
-0.353375 0.968047 -0.483123
-0.368503 0.984438 -0.494329
-0.363336 0.966377 -0.475712
-0.373022 0.983998 -0.490585
-0.366017 0.967111 -0.470570
-0.376116 0.984573 -0.486099
-0.355844 0.950377 -0.454758
-0.368036 0.968296 -0.465291
-0.357535 0.951552 -0.448869
-0.369400 0.969898 -0.459870
-0.378295 0.985746 -0.481176
-0.389945 1.004442 -0.497723
-0.379915 0.987348 -0.475977
-0.381726 0.989026 -0.470837
-0.391941 1.006087 -0.492637
-0.393856 1.007854 -0.487373
-0.404911 1.023944 -0.508251
-0.416261 1.041988 -0.522606
-0.402905 1.022104 -0.513476
-0.406882 1.025800 -0.502912
-0.418627 1.043868 -0.517165
-0.409302 1.027426 -0.497594
-0.421533 1.045598 -0.511742
-0.396239 1.009414 -0.482175
-0.412011 1.028831 -0.492520
-0.424541 1.047072 -0.506722
-0.414613 1.030167 -0.487649
-0.399184 1.010645 -0.477163
-0.386854 0.991983 -0.461063
-0.402013 1.011900 -0.472340
-0.389605 0.993382 -0.456506
-0.404144 1.013454 -0.467633
-0.416683 1.031696 -0.482693
-0.391711 0.994986 -0.452010
-0.404583 1.015635 -0.462947
-0.402693 1.018343 -0.458762
-0.392095 0.997001 -0.447728
-0.416348 1.034121 -0.477928
-0.428066 1.052334 -0.492125
-0.414058 1.036957 -0.473782
-0.410349 1.039908 -0.470328
-0.425550 1.055106 -0.487924
-0.438379 1.073898 -0.500842
-0.421836 1.058042 -0.484268
-0.434000 1.076665 -0.497032
-0.417489 1.060915 -0.480990
-0.429079 1.079502 -0.493542
-0.406289 1.042771 -0.467294
-0.412930 1.063764 -0.477812
-0.401833 1.045728 -0.464356
-0.423847 1.082132 -0.490424
-0.408034 1.066718 -0.474948
-0.397161 1.048675 -0.461736
-0.417899 1.084723 -0.487827
-0.401780 1.069635 -0.473176
-0.410976 1.087225 -0.486569
-0.394995 1.072104 -0.472477
-0.391851 1.051373 -0.460003
-0.381689 1.032705 -0.445597
-0.385947 1.053874 -0.459147
-0.379434 1.055927 -0.459931
-0.375998 1.035300 -0.444784
-0.364681 1.016283 -0.430254
-0.369611 1.037626 -0.445245
-0.363438 1.039555 -0.446226
-0.358944 1.018583 -0.430196
-0.353082 1.020519 -0.430627
-0.347568 0.999196 -0.412236
-0.353425 0.996916 -0.412623
-0.336469 0.979051 -0.393800
-0.341352 1.001205 -0.412632
-0.335215 1.002705 -0.413888
-0.330007 0.980909 -0.394175
-0.323750 0.982321 -0.395315
-0.319008 0.958475 -0.376254
-0.325542 0.956336 -0.375460
-0.302648 0.935894 -0.360145
-0.312596 0.960305 -0.377821
-0.296571 0.939005 -0.363175
-0.306355 0.962260 -0.380665
-0.318271 0.983512 -0.397270
-0.300732 0.964445 -0.383961
-0.290653 0.941657 -0.366498
-0.270427 0.922205 -0.354460
-0.285329 0.943964 -0.369737
-0.280039 0.946391 -0.372589
-0.265768 0.924973 -0.357653
-0.261158 0.928231 -0.360951
-0.242365 0.910105 -0.345185
-0.246162 0.907117 -0.342471
-0.217594 0.893355 -0.336776
-0.238469 0.913121 -0.347533
-0.214247 0.896881 -0.337854
-0.234775 0.916101 -0.349834
-0.256044 0.931912 -0.362002
-0.210836 0.900287 -0.340017
-0.231137 0.919018 -0.352113
-0.251257 0.935261 -0.363282
-0.227823 0.921592 -0.354845
-0.207565 0.903404 -0.342992
-0.205115 0.905689 -0.346436
-0.184134 0.887717 -0.336596
-0.182764 0.889144 -0.340652
-0.165161 0.873097 -0.333905
-0.186719 0.885069 -0.332747
-0.189906 0.881530 -0.330223
-0.166992 0.870897 -0.330888
-0.169436 0.867994 -0.328416
-0.149154 0.859467 -0.328123
-0.151755 0.856588 -0.325706
-0.146893 0.862080 -0.331176
-0.131530 0.849691 -0.324657
-0.129811 0.852056 -0.328285
-0.111041 0.842896 -0.321024
-0.133529 0.846820 -0.321567
-0.112565 0.840018 -0.317554
-0.135540 0.843578 -0.319463
-0.114144 0.836738 -0.314636
-0.154468 0.853245 -0.323742
-0.137750 0.840087 -0.317942
-0.115958 0.832901 -0.312262
-0.140143 0.836329 -0.316933
-0.156891 0.849959 -0.322251
-0.175289 0.860878 -0.325871
-0.159590 0.846253 -0.321124
-0.178249 0.857104 -0.325369
-0.162407 0.842332 -0.320501
-0.165107 0.838374 -0.320479
-0.142155 0.832676 -0.316714
-0.181142 0.853372 -0.325216
-0.184139 0.849646 -0.325624
-0.203300 0.866560 -0.329423
-0.200199 0.869988 -0.328449
-0.228082 0.882850 -0.334990
-0.206232 0.863149 -0.330283
-0.209272 0.859605 -0.331122
-0.230606 0.879952 -0.334569
-0.256961 0.896334 -0.336006
-0.233931 0.875964 -0.334507
-0.260403 0.891823 -0.335369
-0.288111 0.907814 -0.344540
-0.292277 0.903791 -0.344080
-0.314265 0.929430 -0.356657
-0.284345 0.911322 -0.345785
-0.308404 0.932660 -0.358038
-0.279553 0.915973 -0.348585
-0.275249 0.919302 -0.351424
-0.253391 0.900497 -0.337648
-0.249732 0.903842 -0.339933
-0.224646 0.886221 -0.335601
-0.221026 0.889892 -0.336051
-0.196807 0.873742 -0.328187
-0.193394 0.877755 -0.328702
-0.172473 0.864383 -0.326692
-0.331842 0.953640 -0.375530
-0.320261 0.925845 -0.356757
-0.325378 0.922309 -0.358226
-0.337354 0.950854 -0.377085
-0.348096 0.974138 -0.395821
-0.342526 0.948259 -0.379094
-0.347521 0.945473 -0.381562
-0.352853 0.971324 -0.398020
-0.363634 0.991503 -0.416038
-0.357464 0.968469 -0.400587
-0.361738 0.965650 -0.403354
-0.367982 0.988768 -0.418567
-0.379593 1.008095 -0.434799
-0.372148 0.986053 -0.421278
-0.383826 1.005210 -0.437341
-0.375776 0.983317 -0.424406
-0.378469 0.980675 -0.427957
-0.387654 1.002327 -0.440243
-0.390536 0.999542 -0.443717
-0.399627 1.021195 -0.455180
-0.395561 1.024116 -0.452339
-0.391321 1.027083 -0.449682
-0.386748 1.029956 -0.447364
-0.375011 1.010878 -0.432736
-0.370171 1.013651 -0.430984
-0.358793 0.994232 -0.414012
-0.342524 0.976691 -0.394387
-0.119691 0.823968 -0.310970
-0.144158 0.828934 -0.316891
-0.121142 0.819917 -0.312302
-0.122465 0.816246 -0.314186
-0.095948 0.813004 -0.310322
-0.094768 0.817139 -0.308721
-0.070774 0.809518 -0.311020
-0.096988 0.809548 -0.312829
-0.097803 0.806855 -0.316071
-0.071528 0.806294 -0.313249
-0.072151 0.803655 -0.316164
-0.072938 0.801575 -0.319707
-0.073750 0.799795 -0.323698
-0.098491 0.804600 -0.319657
-0.074355 0.798125 -0.328004
-0.075034 0.796433 -0.332634
-0.069863 0.813067 -0.309403
-0.068818 0.816991 -0.308793
-0.093213 0.821712 -0.308390
-0.067712 0.821053 -0.309541
-0.091597 0.826340 -0.309603
-0.066625 0.824812 -0.311457
-0.090178 0.830153 -0.311873
-0.065768 0.827743 -0.314197
-0.064969 0.830311 -0.317377
-0.088831 0.833546 -0.314920
-0.087780 0.836109 -0.318334
-0.086881 0.838144 -0.322311
-0.109438 0.845161 -0.324951
-0.086097 0.839857 -0.326656
-0.064454 0.832208 -0.321022
-0.064071 0.833769 -0.325037
-0.063778 0.835132 -0.329287
-0.063788 0.835786 -0.333825
-0.085534 0.840997 -0.331154
-0.107508 0.847765 -0.333405
-0.085387 0.841408 -0.335618
-0.106844 0.848199 -0.337809
-0.085333 0.841610 -0.340270
-0.106100 0.848483 -0.342399
-0.063918 0.836107 -0.338489
-0.085321 0.841601 -0.345136
-0.064236 0.835986 -0.343304
-0.105466 0.848786 -0.347170
-0.085629 0.841319 -0.350271
-0.064650 0.835739 -0.348440
-0.105612 0.848641 -0.352165
-0.086176 0.840927 -0.355351
-0.106193 0.848305 -0.357131
-0.086827 0.840337 -0.360461
-0.065144 0.835327 -0.353552
-0.065714 0.834747 -0.358709
-0.066428 0.833794 -0.363882
-0.067218 0.832689 -0.369115
-0.087593 0.839509 -0.365642
-0.088513 0.838374 -0.370837
-0.108029 0.846489 -0.367137
-0.107025 0.847548 -0.362121
-0.109197 0.845146 -0.372176
-0.126930 0.855233 -0.368550
-0.125897 0.856234 -0.363667
-0.127860 0.854383 -0.373723
-0.144862 0.865237 -0.369836
-0.162984 0.876910 -0.371400
-0.144308 0.865737 -0.364950
-0.145280 0.864778 -0.374953
-0.163635 0.876325 -0.376000
-0.145931 0.864391 -0.380286
-0.128803 0.853632 -0.379414
-0.146973 0.864074 -0.385986
-0.164080 0.875934 -0.380575
-0.164897 0.875505 -0.385510
-0.182351 0.889252 -0.383160
-0.199224 0.904101 -0.387954
-0.181325 0.890264 -0.378895
-0.183376 0.888272 -0.387287
-0.184524 0.887266 -0.391472
-0.200581 0.902728 -0.392066
-0.202098 0.901342 -0.396140
-0.216415 0.918336 -0.399781
-0.218147 0.916646 -0.403932
-0.215062 0.919927 -0.395538
-0.231204 0.935736 -0.412115
-0.229414 0.937777 -0.407654
-0.245431 0.952393 -0.426680
-0.233203 0.933692 -0.416318
-0.235165 0.931795 -0.420329
-0.247283 0.950397 -0.430953
-0.249034 0.948494 -0.434965
-0.257927 0.966531 -0.446727
-0.256708 0.968706 -0.442297
-0.265920 0.981889 -0.462944
-0.259461 0.964308 -0.450817
-0.261420 0.962011 -0.454377
-0.267518 0.979578 -0.467044
-0.269577 0.977328 -0.470845
-0.275789 0.996133 -0.483260
-0.274387 0.998387 -0.479351
-0.277974 0.993894 -0.486955
-0.285360 1.013733 -0.498700
-0.283845 1.016049 -0.494862
-0.287448 1.011332 -0.502244
-0.295198 1.030597 -0.512205
-0.297581 1.028208 -0.515571
-0.293715 1.032948 -0.508390
-0.304694 1.046837 -0.524915
-0.303509 1.049227 -0.521072
-0.312640 1.062281 -0.536587
-0.306814 1.044324 -0.528321
-0.314400 1.059714 -0.540364
-0.309856 1.041768 -0.531101
-0.317318 1.057115 -0.543550
-0.301002 1.025803 -0.518139
-0.314145 1.039243 -0.533067
-0.321612 1.054679 -0.545668
-0.305288 1.023436 -0.519833
-0.319305 1.036923 -0.533872
-0.326729 1.052422 -0.546994
-0.324769 1.034834 -0.533676
-0.310152 1.021172 -0.520629
-0.315622 1.019039 -0.520156
-0.299860 1.004306 -0.508030
-0.294858 1.006454 -0.507393
-0.290067 0.987534 -0.493927
-0.305407 1.002377 -0.507432
-0.295674 0.985877 -0.494059
-0.311475 1.000522 -0.506218
-0.317845 0.998926 -0.504233
-0.302135 0.984149 -0.493100
-0.321358 1.016969 -0.519169
-0.330633 1.032882 -0.532979
-0.327605 1.015309 -0.517713
-0.336514 1.031456 -0.532175
-0.334265 1.013907 -0.516551
-0.343122 1.030041 -0.531454
-0.324382 0.997376 -0.502315
-0.341158 1.012375 -0.515521
-0.348238 1.010484 -0.515098
-0.350259 1.028492 -0.530801
-0.331171 0.995718 -0.500735
-0.338135 0.993730 -0.499831
-0.321122 0.978847 -0.488084
-0.314510 0.980780 -0.489556
-0.327876 0.976659 -0.487033
-0.317233 0.959820 -0.474655
-0.334447 0.974380 -0.486435
-0.340700 0.972231 -0.485732
-0.344720 0.991522 -0.499678
-0.323895 0.957372 -0.473843
-0.330497 0.955034 -0.472762
-0.337080 0.952776 -0.471264
-0.347114 0.970074 -0.484945
-0.357082 0.987157 -0.498696
-0.363134 0.985615 -0.496895
-0.367966 1.004386 -0.514454
-0.350873 0.989313 -0.499417
-0.361693 1.006367 -0.515082
-0.354981 1.008488 -0.515179
-0.372102 1.022789 -0.530617
-0.379021 1.021098 -0.530143
-0.364954 1.024740 -0.530665
-0.381785 1.039576 -0.545461
-0.374278 1.041195 -0.545518
-0.390007 1.057157 -0.560387
-0.389009 1.038186 -0.545010
-0.397573 1.056186 -0.560061
-0.395913 1.037257 -0.543881
-0.402339 1.036938 -0.541558
-0.385760 1.019814 -0.528900
-0.404946 1.055597 -0.558965
-0.412471 1.072712 -0.573488
-0.411547 1.055745 -0.556352
-0.416616 1.056731 -0.552315
-0.419474 1.073306 -0.570744
-0.424775 1.074937 -0.566475
-0.425399 1.090711 -0.584030
-0.431087 1.092396 -0.579484
-0.418149 1.089655 -0.586914
-0.428760 1.107978 -0.594868
-0.434777 1.109858 -0.590219
-0.420881 1.106361 -0.597661
-0.430962 1.124818 -0.606332
-0.433405 1.142227 -0.620692
-0.422306 1.123029 -0.608994
-0.438061 1.127346 -0.602430
-0.441541 1.144602 -0.617106
-0.443266 1.130363 -0.597959
-0.448171 1.147921 -0.612486
-0.439271 1.112436 -0.585091
-0.447993 1.133815 -0.592964
-0.453670 1.151657 -0.607314
-0.443306 1.115462 -0.579779
-0.452580 1.137299 -0.587986
-0.458544 1.155418 -0.602125
-0.447408 1.118463 -0.574585
-0.457477 1.140650 -0.583216
-0.452280 1.121391 -0.569641
-0.462936 1.158911 -0.597288
-0.462339 1.143878 -0.578527
-0.466754 1.162212 -0.592664
-0.466195 1.146996 -0.573813
-0.457585 1.124315 -0.564708
-0.461935 1.127260 -0.559757
-0.451830 1.104030 -0.551099
-0.445294 1.084274 -0.538971
-0.446898 1.101707 -0.556309
-0.456258 1.106403 -0.545995
-0.458899 1.108781 -0.540573
-0.449897 1.085994 -0.533900
-0.438138 1.065932 -0.520822
-0.453472 1.087537 -0.528605
-0.454217 1.089772 -0.522839
-0.441446 1.067171 -0.515755
-0.442634 1.068981 -0.510460
-0.427426 1.048354 -0.501759
-0.428910 1.049959 -0.496750
-0.441539 1.071280 -0.505286
-0.452104 1.092285 -0.517455
-0.458948 1.114282 -0.530391
-0.448516 1.094831 -0.512810
-0.456717 1.117286 -0.525823
-0.444222 1.097296 -0.508754
-0.453299 1.120154 -0.521702
-0.439512 1.099768 -0.505108
-0.449178 1.122671 -0.517867
-0.434243 1.102273 -0.501834
-0.443577 1.125061 -0.514726
-0.428231 1.104693 -0.499276
-0.420861 1.106922 -0.498461
-0.436809 1.126841 -0.512593
-0.429040 1.128242 -0.512150
-0.441886 1.147780 -0.529224
-0.434000 1.148394 -0.528610
-0.444753 1.166250 -0.546462
-0.449385 1.146622 -0.530395
-0.456092 1.144688 -0.532653
-0.451735 1.165381 -0.547653
-0.453962 1.183089 -0.564936
-0.457774 1.163791 -0.549830
-0.462690 1.161581 -0.552839
-0.460054 1.181890 -0.566772
-0.463909 1.200030 -0.582941
-0.464900 1.179950 -0.569512
-0.469467 1.198359 -0.585381
-0.468899 1.177626 -0.572657
-0.471299 1.174957 -0.576337
-0.466518 1.159171 -0.556298
-0.473494 1.195975 -0.588575
-0.475909 1.193213 -0.592349
-0.479309 1.214477 -0.604247
-0.484106 1.233241 -0.619941
-0.481944 1.211847 -0.608041
-0.474501 1.216619 -0.601126
-0.468599 1.218187 -0.598710
-0.479363 1.235184 -0.616639
-0.473237 1.236389 -0.614398
-0.484432 1.254254 -0.631461
-0.488109 1.272715 -0.646315
-0.490176 1.252597 -0.634418
-0.477603 1.255189 -0.629429
-0.470228 1.255483 -0.628224
-0.481129 1.273619 -0.644147
-0.473643 1.274139 -0.642783
-0.485171 1.293772 -0.659763
-0.477318 1.294295 -0.658139
-0.490415 1.317134 -0.675389
-0.492532 1.293150 -0.661467
-0.497727 1.316561 -0.677844
-0.498784 1.292091 -0.664405
-0.503827 1.315484 -0.681152
-0.493775 1.270975 -0.649536
-0.503501 1.290184 -0.668562
-0.498061 1.268895 -0.653415
-0.508226 1.313749 -0.685574
-0.506873 1.287961 -0.673357
-0.500494 1.266265 -0.657776
-0.507561 1.285358 -0.678593
-0.511318 1.311407 -0.690349
-0.522944 1.336241 -0.707194
-0.513002 1.308947 -0.695601
-0.512825 1.306179 -0.701222
-0.523325 1.333568 -0.713290
-0.525865 1.356757 -0.730760
-0.521653 1.330658 -0.719442
-0.518092 1.327755 -0.725079
-0.525478 1.354646 -0.736380
-0.534865 1.377906 -0.753549
-0.523392 1.352186 -0.742061
-0.531776 1.375815 -0.759494
-0.519885 1.349429 -0.747829
-0.513664 1.324582 -0.730602
-0.514587 1.346082 -0.753728
-0.527410 1.373691 -0.765278
-0.521184 1.370964 -0.771773
-0.533146 1.396407 -0.781623
-0.537459 1.398167 -0.775971
-0.537103 1.415855 -0.795648
-0.526627 1.393485 -0.788541
-0.519306 1.389471 -0.796218
-0.531448 1.412349 -0.801787
-0.524638 1.409008 -0.808087
-0.538110 1.428741 -0.814575
-0.543723 1.431458 -0.809099
-0.531600 1.427081 -0.820042
-0.545978 1.445357 -0.828446
-0.550822 1.448124 -0.823837
-0.539902 1.443615 -0.833066
-0.545448 1.460067 -0.837038
-0.539432 1.471011 -0.843032
-0.540183 1.457596 -0.840706
-0.549633 1.462728 -0.832945
-0.552397 1.465859 -0.828245
-0.543183 1.474550 -0.839353
-0.546179 1.477743 -0.835362
-0.534237 1.485756 -0.845620
-0.537032 1.489453 -0.841579
-0.530103 1.481344 -0.849213
-0.523560 1.497502 -0.851001
-0.526386 1.501520 -0.847066
-0.519447 1.492817 -0.854162
-0.510381 1.509454 -0.855358
-0.513082 1.513323 -0.851493
-0.494359 1.520425 -0.857447
-0.506781 1.505174 -0.858417
-0.491283 1.516830 -0.860767
-0.502236 1.500337 -0.861014
-0.495827 1.494821 -0.863039
-0.487143 1.512726 -0.863353
-0.514243 1.487382 -0.856892
-0.524941 1.476223 -0.851817
-0.507852 1.481125 -0.858736
-0.518288 1.469566 -0.853544
-0.499100 1.472697 -0.859571
-0.482150 1.456574 -0.858672
-0.487749 1.489002 -0.864353
-0.509096 1.459468 -0.853668
-0.494382 1.440503 -0.850491
-0.519686 1.447198 -0.845622
-0.504515 1.423292 -0.838405
-0.531108 1.443503 -0.838651
-0.528630 1.460278 -0.847701
-0.534568 1.466686 -0.845876
-0.534182 1.454311 -0.843276
-0.522037 1.425708 -0.826886
-0.516073 1.404887 -0.816007
-0.504766 1.398926 -0.827108
-0.510223 1.384556 -0.804976
-0.502809 1.363297 -0.789568
-0.500947 1.379123 -0.817331
-0.491527 1.356636 -0.804048
-0.488777 1.371907 -0.838187
-0.489754 1.386450 -0.844368
-0.471341 1.363951 -0.865089
-0.483728 1.358727 -0.834323
-0.468465 1.355379 -0.863130
-0.477431 1.349482 -0.832685
-0.468652 1.340592 -0.831562
-0.481030 1.344369 -0.804652
-0.463780 1.347675 -0.861259
-0.446474 1.348498 -0.884235
-0.457174 1.340775 -0.859781
-0.440689 1.342687 -0.882776
-0.448156 1.335675 -0.857795
-0.433091 1.338073 -0.880882
-0.438482 1.331655 -0.855799
-0.457640 1.333892 -0.830595
-0.445634 1.329686 -0.829590
-0.457956 1.328565 -0.804651
-0.445505 1.323887 -0.804030
-0.453316 1.315955 -0.778556
-0.470248 1.335192 -0.804740
-0.464542 1.320695 -0.777051
-0.475701 1.326024 -0.774375
-0.460415 1.300531 -0.756602
-0.471012 1.304477 -0.753628
-0.450252 1.296952 -0.759027
-0.458216 1.278191 -0.741201
-0.468322 1.281838 -0.737543
-0.448175 1.275017 -0.744194
-0.454670 1.255894 -0.727547
-0.444616 1.253141 -0.730743
-0.464753 1.259043 -0.723497
-0.448430 1.233676 -0.711516
-0.458446 1.236581 -0.707411
-0.443214 1.212760 -0.694764
-0.438816 1.231217 -0.714721
-0.433639 1.210393 -0.697993
-0.429728 1.229348 -0.716886
-0.424442 1.208555 -0.700272
-0.435280 1.250933 -0.732973
-0.421310 1.227912 -0.718384
-0.426744 1.249268 -0.734191
-0.415835 1.207235 -0.701877
-0.413320 1.226951 -0.719095
-0.405638 1.226346 -0.719311
-0.418707 1.247978 -0.734792
-0.407846 1.206333 -0.702875
-0.400003 1.205796 -0.703333
-0.402952 1.186862 -0.684743
-0.398828 1.169049 -0.667194
-0.410949 1.187610 -0.683957
-0.395398 1.186540 -0.685216
-0.388170 1.186530 -0.685111
-0.391360 1.168565 -0.667587
-0.384304 1.168708 -0.667255
-0.387031 1.151984 -0.649542
-0.382884 1.135425 -0.633112
-0.380103 1.152169 -0.649554
-0.394276 1.152285 -0.648967
-0.401968 1.153044 -0.647824
-0.390143 1.135738 -0.632149
-0.386758 1.120379 -0.615680
-0.397983 1.136550 -0.630501
-0.406447 1.137666 -0.628366
-0.395114 1.120886 -0.613971
-0.404226 1.121352 -0.612268
-0.393229 1.105634 -0.599602
-0.390729 1.090105 -0.586861
-0.402435 1.105378 -0.599079
-0.384323 1.105688 -0.600728
-0.376053 1.105706 -0.602060
-0.381882 1.090860 -0.587086
-0.373368 1.091328 -0.587891
-0.378211 1.075642 -0.573991
-0.373253 1.059598 -0.560144
-0.386729 1.074514 -0.574061
-0.369968 1.076680 -0.574374
-0.362047 1.077591 -0.574953
-0.365012 1.061019 -0.560325
-0.358345 1.044717 -0.545761
-0.357394 1.062348 -0.560775
-0.350932 1.046249 -0.546180
-0.350480 1.063512 -0.561195
-0.344305 1.047616 -0.546745
-0.354873 1.078365 -0.575503
-0.344086 1.064496 -0.561372
-0.338404 1.048957 -0.547200
-0.337868 1.065625 -0.561031
-0.347732 1.079080 -0.575436
-0.340986 1.079948 -0.574756
-0.350332 1.092437 -0.589832
-0.357704 1.092063 -0.589849
-0.353573 1.106432 -0.603849
-0.343321 1.093595 -0.589156
-0.347155 1.107966 -0.602923
-0.337119 1.095366 -0.587727
-0.332300 1.097945 -0.585076
-0.341462 1.110180 -0.601281
-0.334801 1.081346 -0.573538
-0.331777 1.067211 -0.560077
-0.329657 1.083516 -0.571260
-0.325798 1.086182 -0.568176
-0.326593 1.069289 -0.558267
-0.322388 1.071756 -0.555556
-0.319650 1.074482 -0.552040
-0.318461 1.077262 -0.548185
-0.323241 1.088979 -0.564708
-0.327025 1.104116 -0.577722
-0.322453 1.091906 -0.560660
-0.326228 1.107030 -0.573195
-0.322668 1.094600 -0.556050
-0.326864 1.109975 -0.568302
-0.318162 1.079692 -0.544186
-0.323650 1.097019 -0.551259
-0.318672 1.081977 -0.539675
-0.328386 1.112725 -0.563541
-0.325403 1.099390 -0.546473
-0.326148 1.101876 -0.541554
-0.319485 1.084286 -0.535002
-0.330391 1.115388 -0.558782
-0.331755 1.118035 -0.554016
-0.336273 1.131059 -0.571122
-0.334127 1.128187 -0.575870
-0.343214 1.146562 -0.583978
-0.337718 1.133973 -0.566427
-0.345069 1.149607 -0.579210
-0.337603 1.136792 -0.562031
-0.336991 1.139445 -0.557966
-0.331751 1.120600 -0.549477
-0.344470 1.152954 -0.574709
-0.352101 1.169798 -0.588893
-0.343675 1.155900 -0.570446
-0.351261 1.172800 -0.584389
-0.343206 1.158602 -0.566046
-0.350663 1.175593 -0.580081
-0.336795 1.141811 -0.553713
-0.343378 1.160845 -0.561798
-0.337090 1.143753 -0.549380
-0.344549 1.162799 -0.557702
-0.350675 1.178123 -0.575984
-0.359145 1.195094 -0.591193
-0.351642 1.180277 -0.571992
-0.359689 1.197481 -0.587185
-0.353935 1.182123 -0.568210
-0.346520 1.164571 -0.553721
-0.361316 1.199653 -0.583310
-0.357504 1.183555 -0.564928
-0.350704 1.165776 -0.550657
-0.363616 1.201586 -0.579649
-0.362303 1.184413 -0.562464
-0.356097 1.166382 -0.548665
-0.367793 1.203079 -0.576703
-0.367740 1.184691 -0.561215
-0.362248 1.166576 -0.547475
-0.373167 1.203823 -0.574855
-0.373841 1.184669 -0.560859
-0.380134 1.184528 -0.561271
-0.379277 1.203960 -0.573973
-0.368546 1.166486 -0.547147
-0.375074 1.166146 -0.548043
-0.363345 1.148140 -0.535443
-0.356886 1.148450 -0.535251
-0.370092 1.147653 -0.536167
-0.358492 1.130381 -0.523885
-0.351909 1.130838 -0.523680
-0.365198 1.129677 -0.524100
-0.353129 1.113494 -0.511249
-0.359853 1.112616 -0.511494
-0.346267 1.114155 -0.511310
-0.347595 1.097142 -0.498935
-0.341789 1.080898 -0.486812
-0.354143 1.095740 -0.499305
-0.340783 1.098046 -0.499040
-0.334335 1.098425 -0.499579
-0.335537 1.082156 -0.487183
-0.329442 1.065726 -0.474620
-0.329611 1.082484 -0.488147
-0.323281 1.066526 -0.475599
-0.323917 1.082584 -0.490037
-0.317860 1.066932 -0.478134
-0.318979 1.082091 -0.492963
-0.328410 1.098417 -0.501063
-0.334263 1.114315 -0.513843
-0.323166 1.097929 -0.503827
-0.329554 1.113716 -0.516653
-0.319762 1.096866 -0.507703
-0.318172 1.095294 -0.512194
-0.315606 1.081073 -0.496937
-0.325735 1.112757 -0.520185
-0.323960 1.111024 -0.524325
-0.332799 1.128735 -0.533070
-0.331054 1.127109 -0.537206
-0.338338 1.145556 -0.545025
-0.335595 1.130052 -0.529069
-0.339989 1.130854 -0.526054
-0.340613 1.147109 -0.540814
-0.344964 1.148121 -0.537620
-0.350664 1.148486 -0.535909
-0.345697 1.131068 -0.524280
-0.339827 1.114614 -0.511804
-0.330574 1.125214 -0.541396
-0.323337 1.108993 -0.528551
-0.330964 1.123037 -0.545242
-0.323933 1.106753 -0.532674
-0.325439 1.104356 -0.536955
-0.318110 1.091239 -0.521381
-0.313296 1.076056 -0.510673
-0.317342 1.093446 -0.516837
-0.318918 1.088933 -0.525874
-0.314046 1.073669 -0.515194
-0.320017 1.086571 -0.530276
-0.313871 1.071383 -0.519743
-0.305221 1.055483 -0.508132
-0.312815 1.069268 -0.524093
-0.311958 1.066997 -0.528461
-0.303805 1.053483 -0.512557
-0.303221 1.051480 -0.516936
-0.293451 1.037276 -0.499996
-0.294560 1.039291 -0.495339
-0.293155 1.035166 -0.504316
-0.283003 1.020550 -0.486216
-0.283649 1.022595 -0.481617
-0.283132 1.018344 -0.490615
-0.272752 1.002763 -0.470916
-0.273325 1.000628 -0.475265
-0.264334 0.986641 -0.454342
-0.273040 1.005068 -0.466018
-0.274624 1.007368 -0.460726
-0.264610 0.989174 -0.449549
-0.265770 0.990875 -0.444112
-0.255721 0.972693 -0.432769
-0.255898 0.974267 -0.427978
-0.242414 0.956605 -0.417414
-0.256034 0.970742 -0.437709
-0.243686 0.954511 -0.422230
-0.242279 0.958136 -0.412509
-0.228186 0.939539 -0.403033
-0.214016 0.921416 -0.391179
-0.228152 0.940735 -0.398273
-0.213694 0.922610 -0.386777
-0.228719 0.941620 -0.393680
-0.213917 0.923610 -0.382722
-0.242934 0.959395 -0.407474
-0.229962 0.942088 -0.389171
-0.244136 0.960216 -0.402800
-0.231520 0.942387 -0.384994
-0.214702 0.924350 -0.378434
-0.196980 0.908279 -0.370830
-0.215922 0.924809 -0.374347
-0.197721 0.908686 -0.366594
-0.217489 0.925098 -0.370344
-0.198693 0.908917 -0.362418
-0.233415 0.942450 -0.380873
-0.219438 0.925054 -0.366192
-0.235596 0.942283 -0.376628
-0.200199 0.908802 -0.358186
-0.221723 0.924667 -0.361995
-0.224406 0.923699 -0.358454
-0.238124 0.941939 -0.372511
-0.201655 0.908298 -0.354050
-0.203184 0.907291 -0.349986
-0.180598 0.891364 -0.348791
-0.179893 0.892015 -0.352739
-0.181646 0.890316 -0.344632
-0.161863 0.877292 -0.345390
-0.161344 0.877935 -0.349542
-0.162712 0.876218 -0.341293
-0.143315 0.866757 -0.342973
-0.142805 0.867262 -0.347327
-0.125719 0.856569 -0.340300
-0.144053 0.865797 -0.338799
-0.126783 0.855534 -0.336002
-0.145165 0.864169 -0.334781
-0.163696 0.874936 -0.337522
-0.128331 0.853784 -0.331952
-0.108311 0.846715 -0.328990
-0.124867 0.857178 -0.344844
-0.124306 0.857438 -0.349414
-0.142798 0.867199 -0.351722
-0.124421 0.857319 -0.354000
-0.125009 0.856999 -0.358798
-0.143096 0.866863 -0.355849
-0.143637 0.866333 -0.360302
-0.161317 0.878282 -0.358009
-0.161786 0.877959 -0.362395
-0.178918 0.892651 -0.361311
-0.161220 0.878238 -0.353767
-0.179271 0.892508 -0.357000
-0.179057 0.892479 -0.365726
-0.179561 0.892010 -0.370146
-0.180413 0.891173 -0.374587
-0.162355 0.877477 -0.366815
-0.196793 0.907524 -0.375086
-0.197189 0.906558 -0.379439
-0.198059 0.905427 -0.383742
-0.241419 0.940734 -0.368580
-0.254227 0.959292 -0.385415
-0.250695 0.960279 -0.389374
-0.258797 0.957373 -0.382000
-0.267443 0.977965 -0.399563
-0.279261 0.995207 -0.414489
-0.272262 0.976322 -0.396326
-0.263888 0.978569 -0.403821
-0.261474 0.978466 -0.408282
-0.275867 0.994996 -0.419093
-0.273395 0.994277 -0.423702
-0.288332 1.011467 -0.436452
-0.285323 1.010967 -0.440903
-0.299544 1.029611 -0.453825
-0.291829 1.011659 -0.432473
-0.303163 1.029789 -0.450368
-0.296094 1.011463 -0.428923
-0.284200 0.994114 -0.410684
-0.307442 1.029580 -0.447196
-0.301128 1.010486 -0.426096
-0.289328 0.992180 -0.408103
-0.312495 1.028781 -0.444820
-0.306788 1.008989 -0.423993
-0.317954 1.027490 -0.443084
-0.295276 0.989924 -0.406446
-0.312512 1.007511 -0.422206
-0.301088 0.987815 -0.404984
-0.318180 1.006194 -0.420078
-0.323781 1.026157 -0.441270
-0.329603 1.025026 -0.439057
-0.333301 1.044718 -0.457759
-0.327345 1.046141 -0.459110
-0.341585 1.062865 -0.473540
-0.339326 1.043546 -0.455712
-0.348065 1.061462 -0.471927
-0.345347 1.042632 -0.453201
-0.351295 1.041788 -0.450597
-0.354321 1.060469 -0.469263
-0.335478 1.024046 -0.436592
-0.323872 1.005032 -0.417845
-0.341185 1.023124 -0.434127
-0.347027 1.021963 -0.432079
-0.329615 1.003921 -0.415597
-0.357233 1.040829 -0.448169
-0.366577 1.058741 -0.463557
-0.360443 1.059633 -0.466310
-0.374622 1.075969 -0.477486
-0.372998 1.057580 -0.461328
-0.381434 1.075142 -0.475122
-0.389581 1.092675 -0.489355
-0.388271 1.073874 -0.473359
-0.396842 1.091538 -0.487420
-0.405479 1.110003 -0.501039
-0.404035 1.089683 -0.486327
-0.413294 1.108681 -0.499270
-0.420619 1.129086 -0.512734
-0.425626 1.148732 -0.528684
-0.412021 1.129545 -0.514111
-0.417022 1.148843 -0.529461
-0.403256 1.129625 -0.516225
-0.394965 1.129385 -0.518734
-0.397389 1.110707 -0.503323
-0.408291 1.148684 -0.530939
-0.413093 1.165939 -0.547947
-0.399719 1.148146 -0.532892
-0.404719 1.165551 -0.549047
-0.391707 1.147489 -0.534774
-0.396414 1.165329 -0.549623
-0.387170 1.128998 -0.521300
-0.384151 1.147014 -0.536175
-0.388733 1.165380 -0.549668
-0.379681 1.128830 -0.523268
-0.376989 1.147064 -0.536546
-0.381751 1.165802 -0.548924
-0.372361 1.129009 -0.524361
-0.366894 1.111795 -0.511406
-0.360933 1.094491 -0.499014
-0.374251 1.111205 -0.510206
-0.381897 1.110805 -0.508380
-0.368177 1.093683 -0.497310
-0.375330 1.093359 -0.494624
-0.361434 1.077134 -0.483136
-0.354908 1.077872 -0.485594
-0.368019 1.076539 -0.480369
-0.348220 1.079355 -0.486299
-0.382489 1.093113 -0.491809
-0.389585 1.110837 -0.505785
-0.386798 1.184297 -0.561995
-0.393622 1.183873 -0.562864
-0.391936 1.203432 -0.574815
-0.385512 1.203691 -0.574136
-0.396980 1.222600 -0.588673
-0.398423 1.202942 -0.575854
-0.403376 1.222368 -0.589418
-0.405298 1.202316 -0.577089
-0.412455 1.201425 -0.578134
-0.400893 1.183306 -0.563656
-0.410047 1.221734 -0.590723
-0.414873 1.240717 -0.604423
-0.416880 1.220980 -0.592186
-0.421486 1.240143 -0.605834
-0.424153 1.220217 -0.593728
-0.420242 1.201074 -0.578911
-0.431931 1.219773 -0.594724
-0.428398 1.239221 -0.607558
-0.432714 1.258806 -0.620568
-0.435690 1.238179 -0.609142
-0.439686 1.257863 -0.622696
-0.443400 1.237474 -0.610640
-0.447191 1.256906 -0.624779
-0.439685 1.219494 -0.595445
-0.451274 1.237247 -0.611446
-0.458782 1.237110 -0.612033
-0.455008 1.256333 -0.626181
-0.447241 1.219242 -0.595833
-0.443117 1.201332 -0.579599
-0.454489 1.219189 -0.596352
-0.450375 1.201366 -0.580153
-0.461715 1.218895 -0.597277
-0.457489 1.200994 -0.581255
-0.466254 1.236916 -0.612948
-0.447112 1.183735 -0.563696
-0.439629 1.183754 -0.563194
-0.432382 1.183593 -0.563217
-0.437195 1.166517 -0.545979
-0.429337 1.166425 -0.545940
-0.421340 1.166323 -0.546713
-0.424798 1.183353 -0.563638
-0.416900 1.183044 -0.564202
-0.428141 1.201090 -0.579194
-0.435801 1.201179 -0.579378
-0.408773 1.183048 -0.564190
-0.462678 1.255835 -0.627317
-0.458143 1.275337 -0.639848
-0.462431 1.296935 -0.652334
-0.450736 1.276463 -0.637510
-0.465930 1.274539 -0.641663
-0.469650 1.295406 -0.655596
-0.475931 1.319573 -0.668505
-0.468989 1.321371 -0.664524
-0.482970 1.317992 -0.672382
-0.482708 1.344563 -0.682213
-0.475559 1.346181 -0.678029
-0.489265 1.367684 -0.696880
-0.489544 1.342966 -0.686527
-0.496699 1.366042 -0.701536
-0.496995 1.341768 -0.690394
-0.504919 1.341140 -0.693388
-0.504154 1.364417 -0.706392
-0.511715 1.363386 -0.710407
-0.512382 1.386259 -0.720523
-0.523690 1.409401 -0.733333
-0.519938 1.385170 -0.725482
-0.505637 1.388250 -0.714683
-0.517072 1.411505 -0.726739
-0.498389 1.390269 -0.709458
-0.509584 1.413556 -0.720554
-0.490638 1.391980 -0.704993
-0.481606 1.369075 -0.692757
-0.482907 1.392984 -0.701339
-0.501067 1.415429 -0.715191
-0.492244 1.416982 -0.710669
-0.510387 1.439095 -0.726097
-0.500716 1.440372 -0.721350
-0.511272 1.457728 -0.741524
-0.519724 1.437395 -0.731982
-0.528390 1.435116 -0.738899
-0.520736 1.457028 -0.746147
-0.529264 1.455773 -0.752192
-0.519884 1.472687 -0.755640
-0.511426 1.473054 -0.750576
-0.524898 1.488787 -0.757721
-0.527715 1.472193 -0.761573
-0.531941 1.488225 -0.764249
-0.533900 1.471707 -0.768552
-0.535372 1.453862 -0.759339
-0.538072 1.487707 -0.771095
-0.538699 1.471398 -0.776473
-0.541879 1.471430 -0.785202
-0.538910 1.451785 -0.766721
-0.542595 1.487489 -0.778661
-0.544703 1.503114 -0.778511
-0.545269 1.488282 -0.786647
-0.545581 1.490389 -0.794240
-0.547247 1.503205 -0.785558
-0.546785 1.504456 -0.793084
-0.546134 1.516486 -0.785401
-0.544096 1.516624 -0.779128
-0.545536 1.516810 -0.792054
-0.544185 1.527898 -0.786138
-0.542219 1.538128 -0.786759
-0.544167 1.527706 -0.791990
-0.542286 1.528240 -0.780550
-0.539214 1.528690 -0.775693
-0.540280 1.538837 -0.782099
-0.537350 1.539672 -0.778278
-0.537748 1.547804 -0.784140
-0.534574 1.554717 -0.786714
-0.539232 1.546884 -0.787582
-0.535641 1.548737 -0.781100
-0.533193 1.555473 -0.784159
-0.533109 1.549656 -0.778514
-0.531375 1.556370 -0.781998
-0.534259 1.540519 -0.774991
-0.530058 1.550529 -0.776111
-0.530738 1.541300 -0.771443
-0.526784 1.551131 -0.774451
-0.529022 1.557456 -0.780246
-0.526299 1.558356 -0.779108
-0.527321 1.561401 -0.783102
-0.526409 1.564506 -0.784860
-0.524992 1.562075 -0.781680
-0.529823 1.560664 -0.784426
-0.528493 1.563643 -0.786493
-0.531171 1.559511 -0.786465
-0.532496 1.558468 -0.788720
-0.529891 1.562454 -0.788428
-0.530333 1.560789 -0.790472
-0.528813 1.564377 -0.790185
-0.527538 1.565534 -0.791800
-0.527974 1.566116 -0.788230
-0.528482 1.562316 -0.791894
-0.527360 1.559769 -0.792774
-0.526212 1.563188 -0.792279
-0.524450 1.564097 -0.792528
-0.524787 1.560565 -0.792889
-0.522749 1.561382 -0.792094
-0.522601 1.556610 -0.793311
-0.525956 1.556197 -0.793948
-0.519911 1.551392 -0.793999
-0.520082 1.557539 -0.792394
-0.516119 1.552001 -0.792310
-0.517726 1.558869 -0.791088
-0.513167 1.553212 -0.790756
-0.520683 1.562435 -0.791204
-0.516094 1.560230 -0.789466
-0.515100 1.561651 -0.787347
-0.519091 1.563568 -0.789815
-0.511237 1.555031 -0.788640
-0.510457 1.557003 -0.786385
-0.502429 1.545655 -0.785638
-0.500520 1.547934 -0.782989
-0.491918 1.534562 -0.781332
-0.505532 1.543499 -0.788512
-0.509815 1.542445 -0.791314
-0.496868 1.533152 -0.785549
-0.490519 1.523817 -0.784375
-0.503695 1.532538 -0.790083
-0.499352 1.524138 -0.790096
-0.511710 1.533067 -0.794278
-0.519459 1.534088 -0.797386
-0.515378 1.542190 -0.794172
-0.509447 1.525053 -0.795295
-0.518673 1.526134 -0.798891
-0.508151 1.518401 -0.797723
-0.506066 1.512927 -0.801673
-0.497866 1.517971 -0.792418
-0.517410 1.518631 -0.801565
-0.514242 1.513104 -0.806485
-0.525862 1.518425 -0.803162
-0.522878 1.510862 -0.809609
-0.534607 1.517873 -0.802019
-0.526947 1.526963 -0.800433
-0.526886 1.535168 -0.798954
-0.534429 1.527496 -0.800030
-0.540740 1.527615 -0.797259
-0.533940 1.536164 -0.798990
-0.532552 1.544569 -0.797945
-0.539942 1.537052 -0.796818
-0.542255 1.537610 -0.791971
-0.537610 1.545581 -0.796006
-0.534998 1.550806 -0.794216
-0.539696 1.546200 -0.791561
-0.534780 1.552861 -0.791487
-0.532402 1.555364 -0.793028
-0.534862 1.553875 -0.789132
-0.532513 1.557217 -0.790955
-0.530088 1.558872 -0.792330
-0.528961 1.555835 -0.793843
-0.527771 1.551229 -0.795716
-0.531768 1.551542 -0.794952
-0.526834 1.543543 -0.797862
-0.523939 1.551211 -0.795065
-0.521083 1.542795 -0.796506
-0.541597 1.517473 -0.798371
-0.542823 1.506442 -0.800061
-0.534779 1.508124 -0.805205
-0.543695 1.493973 -0.802152
-0.537462 1.498512 -0.809205
-0.545836 1.482579 -0.807108
-0.549441 1.476879 -0.812528
-0.540909 1.490978 -0.814618
-0.545350 1.471667 -0.795234
-0.549591 1.465914 -0.802779
-0.542771 1.448231 -0.781048
-0.543753 1.426733 -0.766074
-0.545892 1.446328 -0.787697
-0.540667 1.449933 -0.774293
-0.541955 1.428259 -0.759917
-0.538855 1.430086 -0.753337
-0.537570 1.406873 -0.744433
-0.543734 1.405683 -0.750590
-0.530405 1.407848 -0.739299
-0.526961 1.384266 -0.730123
-0.518668 1.362397 -0.714559
-0.531836 1.382931 -0.735591
-0.522940 1.360804 -0.719632
-0.534560 1.381242 -0.741593
-0.525501 1.358903 -0.725293
-0.545333 1.404214 -0.757030
-0.535993 1.379587 -0.747498
-0.544826 1.402265 -0.763232
-0.544547 1.422482 -0.777554
-0.541336 1.400082 -0.769857
-0.543203 1.420157 -0.783311
-0.548569 1.439911 -0.798229
-0.541303 1.418341 -0.789404
-0.547359 1.435601 -0.803434
-0.553435 1.452038 -0.818726
-0.554737 1.456282 -0.813465
-0.553141 1.461052 -0.808280
-0.553216 1.469183 -0.823284
-0.552423 1.472879 -0.817825
-0.547793 1.480863 -0.830828
-0.538975 1.492778 -0.837217
-0.547358 1.483810 -0.825634
-0.545053 1.486912 -0.820254
-0.538988 1.495383 -0.832277
-0.528500 1.507445 -0.837865
-0.537317 1.497955 -0.826903
-0.533908 1.500747 -0.821283
-0.527352 1.509482 -0.832503
-0.524520 1.510701 -0.827022
-0.514915 1.519332 -0.837020
-0.513131 1.519674 -0.831919
-0.515463 1.518244 -0.842208
-0.500145 1.528676 -0.839651
-0.499802 1.527805 -0.844672
-0.482757 1.535770 -0.840149
-0.499724 1.528604 -0.834706
-0.483024 1.535027 -0.835356
-0.498390 1.527408 -0.829830
-0.510226 1.519311 -0.826580
-0.496218 1.525259 -0.825513
-0.483276 1.533296 -0.830770
-0.469194 1.536536 -0.828579
-0.483768 1.530764 -0.826421
-0.483326 1.527125 -0.821802
-0.471513 1.533464 -0.824240
-0.460950 1.534954 -0.819980
-0.473467 1.529889 -0.820117
-0.474658 1.525072 -0.815742
-0.464968 1.531117 -0.816538
-0.467959 1.526809 -0.813551
-0.458113 1.531528 -0.812274
-0.452677 1.535386 -0.814826
-0.452305 1.531226 -0.807241
-0.462417 1.527414 -0.810495
-0.457191 1.527098 -0.806466
-0.465276 1.522102 -0.808113
-0.461146 1.522662 -0.805784
-0.465362 1.516372 -0.803899
-0.469669 1.520742 -0.809798
-0.474547 1.518884 -0.810642
-0.468239 1.514398 -0.804308
-0.471118 1.512330 -0.804561
-0.461003 1.507895 -0.797037
-0.457766 1.510306 -0.796352
-0.464364 1.505502 -0.797405
-0.450258 1.502095 -0.790924
-0.454196 1.499363 -0.791730
-0.436329 1.494828 -0.787257
-0.446424 1.505147 -0.789738
-0.431888 1.498737 -0.785947
-0.443355 1.508630 -0.788308
-0.428162 1.503163 -0.784241
-0.454480 1.513045 -0.795571
-0.440380 1.512449 -0.786828
-0.450854 1.516290 -0.794399
-0.425263 1.507833 -0.782758
-0.437414 1.517041 -0.785967
-0.447839 1.520292 -0.793622
-0.422532 1.513095 -0.781963
-0.434407 1.521969 -0.785929
-0.444051 1.524666 -0.793246
-0.430619 1.526015 -0.787173
-0.420374 1.518439 -0.782306
-0.418344 1.523404 -0.783512
-0.404089 1.516897 -0.783474
-0.403102 1.522317 -0.784716
-0.387645 1.517481 -0.787514
-0.405561 1.511258 -0.782870
-0.407375 1.505278 -0.783301
-0.388129 1.511483 -0.786755
-0.389211 1.504813 -0.786795
-0.371675 1.512874 -0.791487
-0.372307 1.505450 -0.791401
-0.356780 1.514617 -0.797489
-0.371825 1.519211 -0.792382
-0.373307 1.524924 -0.795016
-0.357569 1.521229 -0.799049
-0.359674 1.526703 -0.801727
-0.346153 1.522925 -0.805429
-0.348804 1.528256 -0.808538
-0.337725 1.523744 -0.811011
-0.344726 1.515802 -0.803296
-0.335463 1.516618 -0.808049
-0.344857 1.506249 -0.802392
-0.357172 1.506020 -0.796829
-0.346390 1.494598 -0.802711
-0.335623 1.506128 -0.807381
-0.328907 1.506119 -0.812202
-0.337079 1.493609 -0.807716
-0.339742 1.479682 -0.808398
-0.329800 1.492984 -0.812711
-0.332782 1.478509 -0.814006
-0.324302 1.492748 -0.818085
-0.324068 1.506340 -0.816583
-0.320675 1.493104 -0.824281
-0.327750 1.478025 -0.819734
-0.330270 1.460223 -0.820951
-0.324097 1.478172 -0.825873
-0.327047 1.460127 -0.827217
-0.323378 1.479145 -0.832671
-0.320265 1.494051 -0.831091
-0.326574 1.480908 -0.839208
-0.326113 1.461221 -0.833791
-0.330150 1.437169 -0.835493
-0.328122 1.463125 -0.840443
-0.334143 1.465896 -0.846146
-0.330746 1.440311 -0.841884
-0.338556 1.413777 -0.846309
-0.335255 1.444339 -0.848063
-0.343136 1.448833 -0.853046
-0.339990 1.419789 -0.852576
-0.345130 1.400046 -0.861014
-0.344879 1.425968 -0.858539
-0.347857 1.406858 -0.867281
-0.353633 1.431956 -0.863221
-0.354895 1.413794 -0.872395
-0.366226 1.437194 -0.865445
-0.353793 1.453199 -0.856424
-0.366955 1.456647 -0.858349
-0.354809 1.471935 -0.852896
-0.367740 1.474576 -0.854579
-0.354337 1.487905 -0.850608
-0.343258 1.469098 -0.850553
-0.343100 1.485567 -0.848066
-0.341062 1.499242 -0.846733
-0.333362 1.483135 -0.844625
-0.330551 1.497371 -0.843060
-0.328036 1.510206 -0.840403
-0.323088 1.495553 -0.837845
-0.320986 1.509021 -0.835052
-0.324317 1.520406 -0.830338
-0.319051 1.507850 -0.828609
-0.323362 1.518885 -0.824596
-0.320065 1.506908 -0.822254
-0.322516 1.515864 -0.820755
-0.326609 1.517505 -0.817256
-0.327703 1.522584 -0.820413
-0.329707 1.517246 -0.813180
-0.331412 1.524170 -0.815896
-0.334561 1.528049 -0.819677
-0.340529 1.528802 -0.814509
-0.339301 1.530794 -0.824404
-0.329489 1.525720 -0.824736
-0.334005 1.527766 -0.830375
-0.341436 1.528742 -0.835495
-0.329431 1.521267 -0.836244
-0.338890 1.521418 -0.841045
-0.351291 1.521764 -0.844963
-0.338545 1.511253 -0.844671
-0.351702 1.512576 -0.847604
-0.366847 1.513932 -0.850757
-0.352724 1.501102 -0.849145
-0.366562 1.503531 -0.851744
-0.381750 1.505903 -0.854926
-0.367369 1.490451 -0.852804
-0.381461 1.493006 -0.855178
-0.395867 1.495392 -0.858102
-0.381312 1.477138 -0.856121
-0.395921 1.480092 -0.858047
-0.381491 1.459402 -0.859331
-0.397133 1.462255 -0.860115
-0.380862 1.441105 -0.866341
-0.378585 1.424002 -0.876986
-0.396758 1.444060 -0.866101
-0.393163 1.426301 -0.876980
-0.413038 1.446709 -0.865614
-0.413473 1.465434 -0.861754
-0.429691 1.449124 -0.864538
-0.407940 1.427484 -0.876008
-0.422510 1.427605 -0.874088
-0.401056 1.413069 -0.888164
-0.413772 1.412474 -0.887307
-0.392923 1.401899 -0.898921
-0.387876 1.412361 -0.888388
-0.375014 1.410011 -0.887922
-0.381720 1.400858 -0.898594
-0.376885 1.390124 -0.907148
-0.371185 1.398072 -0.897157
-0.368897 1.387292 -0.905457
-0.362676 1.393286 -0.894013
-0.357065 1.387333 -0.889599
-0.364051 1.405425 -0.885473
-0.362447 1.383109 -0.902629
-0.366577 1.374269 -0.909768
-0.359209 1.377745 -0.898641
-0.358349 1.371821 -0.893801
-0.364280 1.370259 -0.906321
-0.369869 1.364810 -0.911551
-0.363894 1.365377 -0.901676
-0.365989 1.359583 -0.895729
-0.369703 1.361145 -0.907587
-0.374795 1.358873 -0.910012
-0.371812 1.355607 -0.901663
-0.377792 1.353731 -0.906617
-0.377502 1.349053 -0.893819
-0.370819 1.353034 -0.888294
-0.384347 1.346773 -0.898658
-0.386122 1.342620 -0.883133
-0.394003 1.340075 -0.887361
-0.378347 1.346523 -0.878415
-0.396005 1.336405 -0.868000
-0.405376 1.333615 -0.871749
-0.387013 1.340892 -0.864290
-0.404089 1.332968 -0.848470
-0.415800 1.330974 -0.850939
-0.410117 1.328052 -0.824897
-0.394282 1.337485 -0.846043
-0.385964 1.343230 -0.842954
-0.401231 1.329633 -0.822053
-0.403290 1.316385 -0.797001
-0.392566 1.332155 -0.819037
-0.393618 1.317489 -0.795431
-0.384869 1.336859 -0.815597
-0.378902 1.350000 -0.838648
-0.385417 1.319723 -0.792563
-0.378045 1.342185 -0.811737
-0.372186 1.357650 -0.833398
-0.378479 1.322427 -0.789069
-0.372678 1.347724 -0.806943
-0.374418 1.325893 -0.785156
-0.365565 1.366035 -0.826392
-0.368993 1.352530 -0.801144
-0.366967 1.356833 -0.794653
-0.360402 1.374563 -0.818863
-0.371430 1.328979 -0.780646
-0.375440 1.308779 -0.762311
-0.370293 1.332174 -0.775664
-0.374934 1.311542 -0.758255
-0.370732 1.335420 -0.770309
-0.374880 1.314871 -0.753469
-0.366935 1.360141 -0.788368
-0.372267 1.339421 -0.765364
-0.376125 1.343184 -0.760441
-0.376283 1.318018 -0.749531
-0.369411 1.364178 -0.781425
-0.373711 1.368149 -0.775670
-0.362573 1.388318 -0.795555
-0.368162 1.393125 -0.789228
-0.359158 1.383872 -0.803297
-0.352384 1.412104 -0.806282
-0.359883 1.417983 -0.798939
-0.345103 1.441106 -0.810065
-0.348015 1.406852 -0.814063
-0.338800 1.437325 -0.816626
-0.345490 1.403163 -0.822166
-0.345331 1.398673 -0.831231
-0.334663 1.435291 -0.822899
-0.358528 1.379502 -0.811062
-0.331893 1.434582 -0.829171
-0.355053 1.379547 -0.839904
-0.339983 1.407710 -0.840288
-0.348822 1.387788 -0.848430
-0.355936 1.373750 -0.857229
-0.345697 1.393862 -0.854602
-0.351608 1.379704 -0.863640
-0.349644 1.385884 -0.869689
-0.357563 1.368575 -0.873250
-0.364131 1.359996 -0.881973
-0.354388 1.374457 -0.879059
-0.363060 1.362672 -0.865999
-0.370934 1.353303 -0.872860
-0.370712 1.356538 -0.855025
-0.378828 1.347686 -0.860374
-0.363052 1.366894 -0.847837
-0.359944 1.365940 -0.888357
-0.353935 1.380895 -0.884609
-0.350617 1.392491 -0.875780
-0.355579 1.399269 -0.881248
-0.335005 1.461280 -0.815007
-0.342204 1.462774 -0.809010
-0.351597 1.464694 -0.803137
-0.364179 1.467342 -0.796916
-0.348879 1.481132 -0.802879
-0.354110 1.444209 -0.802721
-0.366155 1.448392 -0.795543
-0.381997 1.453217 -0.789359
-0.370166 1.424232 -0.792170
-0.375577 1.398457 -0.783371
-0.382449 1.430205 -0.785860
-0.384590 1.403789 -0.777963
-0.396388 1.434204 -0.780275
-0.402952 1.459083 -0.784640
-0.394811 1.408191 -0.772941
-0.406932 1.435810 -0.776698
-0.415238 1.456793 -0.782108
-0.416376 1.435907 -0.773472
-0.404834 1.411139 -0.768635
-0.414003 1.412917 -0.764925
-0.403656 1.386044 -0.758062
-0.404510 1.361754 -0.743498
-0.411972 1.388078 -0.754140
-0.394870 1.382380 -0.762179
-0.386629 1.377609 -0.766485
-0.396107 1.357648 -0.747416
-0.388386 1.352717 -0.751152
-0.396716 1.335641 -0.732440
-0.403983 1.338926 -0.727966
-0.389773 1.331318 -0.736429
-0.395594 1.314484 -0.717110
-0.400978 1.317575 -0.713236
-0.389637 1.310801 -0.721283
-0.393520 1.294083 -0.701643
-0.390102 1.274718 -0.686895
-0.398543 1.297319 -0.697297
-0.387858 1.290694 -0.706029
-0.383341 1.287474 -0.710398
-0.384147 1.271431 -0.691326
-0.379665 1.268069 -0.696026
-0.379887 1.252624 -0.677108
-0.374427 1.233928 -0.662140
-0.385644 1.255917 -0.672570
-0.375100 1.249233 -0.681831
-0.369769 1.230457 -0.666967
-0.371747 1.245788 -0.686782
-0.369701 1.242567 -0.691676
-0.366434 1.226794 -0.671896
-0.376325 1.264796 -0.700740
-0.374385 1.261693 -0.705497
-0.380031 1.284025 -0.715059
-0.378053 1.280765 -0.719503
-0.381275 1.302919 -0.729746
-0.379150 1.321934 -0.745198
-0.379071 1.299295 -0.734054
-0.384841 1.306886 -0.725538
-0.383402 1.326335 -0.740958
-0.381733 1.347695 -0.755364
-0.379610 1.372746 -0.770708
-0.378071 1.296255 -0.738387
-0.377144 1.277758 -0.723982
-0.378103 1.293348 -0.742685
-0.377768 1.274959 -0.728405
-0.379572 1.290708 -0.746800
-0.379348 1.272352 -0.732826
-0.382096 1.288382 -0.750897
-0.378132 1.306225 -0.766486
-0.385950 1.286503 -0.754784
-0.382454 1.270142 -0.737004
-0.379321 1.250926 -0.723732
-0.386835 1.268345 -0.740832
-0.392368 1.267243 -0.743935
-0.383606 1.248902 -0.727630
-0.389270 1.247434 -0.730835
-0.378480 1.228820 -0.713241
-0.384389 1.227428 -0.715911
-0.372948 1.208627 -0.697606
-0.374290 1.230957 -0.709509
-0.368716 1.210948 -0.694026
-0.371238 1.233503 -0.705231
-0.376364 1.253299 -0.719447
-0.365795 1.213691 -0.689996
-0.369440 1.236344 -0.700870
-0.363782 1.216693 -0.685680
-0.368896 1.239473 -0.696366
-0.374404 1.255888 -0.715020
-0.373868 1.258717 -0.710355
-0.363631 1.219913 -0.681162
-0.364162 1.223137 -0.676716
-0.358982 1.200998 -0.664992
-0.354831 1.183442 -0.648307
-0.359515 1.197702 -0.669298
-0.359677 1.204510 -0.660757
-0.355197 1.186931 -0.644148
-0.361424 1.208232 -0.656289
-0.356634 1.190564 -0.639809
-0.364314 1.211957 -0.651328
-0.358986 1.193939 -0.635141
-0.368769 1.215360 -0.646445
-0.362656 1.197210 -0.630065
-0.373783 1.218605 -0.641729
-0.380029 1.237215 -0.657581
-0.376887 1.221967 -0.636635
-0.366045 1.200569 -0.624909
-0.369063 1.203779 -0.620208
-0.358464 1.183432 -0.608875
-0.355876 1.180052 -0.613975
-0.351911 1.166528 -0.593798
-0.359400 1.186656 -0.604058
-0.359438 1.189687 -0.599498
-0.359191 1.192524 -0.595279
-0.369098 1.207012 -0.615185
-0.368113 1.209868 -0.610908
-0.377299 1.225205 -0.631679
-0.376681 1.228009 -0.626968
-0.385437 1.243771 -0.647781
-0.384609 1.240506 -0.652781
-0.384677 1.246603 -0.642853
-0.392471 1.262443 -0.662822
-0.392061 1.265454 -0.657836
-0.390446 1.259203 -0.667887
-0.398296 1.281383 -0.677239
-0.395750 1.277951 -0.682531
-0.398239 1.284498 -0.672032
-0.402517 1.301071 -0.691841
-0.403283 1.304573 -0.686249
-0.405468 1.321675 -0.707044
-0.406378 1.325623 -0.701302
-0.409494 1.342389 -0.722526
-0.411687 1.364537 -0.739835
-0.411497 1.346721 -0.716830
-0.417281 1.368356 -0.735395
-0.411755 1.350103 -0.712232
-0.419654 1.372166 -0.728396
-0.405822 1.329073 -0.696045
-0.411270 1.353935 -0.706299
-0.405320 1.332353 -0.690952
-0.419969 1.374852 -0.723024
-0.411277 1.357339 -0.700912
-0.412316 1.360363 -0.696403
-0.405592 1.335222 -0.685878
-0.420693 1.378925 -0.716887
-0.422329 1.382199 -0.712268
-0.429703 1.398944 -0.731844
-0.427957 1.395959 -0.738129
-0.432374 1.402525 -0.726926
-0.433808 1.419642 -0.745156
-0.432146 1.417639 -0.750252
-0.436535 1.440160 -0.756065
-0.436021 1.422554 -0.739520
-0.438429 1.442251 -0.751033
-0.438757 1.425627 -0.734285
-0.435381 1.406027 -0.722102
-0.440483 1.444504 -0.746446
-0.441602 1.428802 -0.729606
-0.445090 1.431841 -0.724805
-0.442718 1.446840 -0.742368
-0.438502 1.408927 -0.717942
-0.441487 1.411384 -0.713951
-0.427982 1.387712 -0.704255
-0.416756 1.365844 -0.689000
-0.431748 1.389575 -0.701347
-0.424786 1.385158 -0.707937
-0.414096 1.363384 -0.692397
-0.408625 1.340653 -0.677366
-0.411792 1.342986 -0.673936
-0.406905 1.337957 -0.681408
-0.405691 1.318045 -0.664247
-0.408413 1.320087 -0.660816
-0.400763 1.296865 -0.651313
-0.403605 1.315697 -0.668044
-0.398646 1.294816 -0.654946
-0.402255 1.313075 -0.672020
-0.401935 1.310479 -0.676272
-0.397451 1.292326 -0.658812
-0.391000 1.273087 -0.644710
-0.397196 1.289797 -0.662620
-0.397657 1.287102 -0.667001
-0.390716 1.270706 -0.648808
-0.391236 1.268237 -0.653191
-0.382623 1.251895 -0.633967
-0.382782 1.254183 -0.629914
-0.375475 1.233023 -0.618789
-0.383448 1.249398 -0.638251
-0.375819 1.230651 -0.622773
-0.367523 1.212510 -0.606928
-0.367636 1.214854 -0.602972
-0.368359 1.217108 -0.599019
-0.370410 1.219174 -0.595369
-0.376120 1.235207 -0.615002
-0.377786 1.237208 -0.611387
-0.380995 1.238799 -0.608373
-0.384375 1.256196 -0.626186
-0.392162 1.275208 -0.640897
-0.386954 1.257967 -0.622710
-0.394107 1.277196 -0.637268
-0.390344 1.259520 -0.619588
-0.396944 1.278903 -0.633984
-0.385135 1.240093 -0.605883
-0.395324 1.260496 -0.617524
-0.390291 1.240929 -0.604140
-0.401191 1.260821 -0.616678
-0.401203 1.280142 -0.631434
-0.407597 1.300060 -0.645273
-0.406597 1.280732 -0.629990
-0.412596 1.300938 -0.643452
-0.412401 1.280849 -0.629498
-0.407152 1.260931 -0.616379
-0.418412 1.280568 -0.629679
-0.418079 1.301416 -0.642354
-0.422589 1.324184 -0.654141
-0.423889 1.301594 -0.641981
-0.428540 1.324812 -0.653510
-0.429871 1.301489 -0.642220
-0.424456 1.280192 -0.630259
-0.435990 1.301075 -0.643204
-0.434780 1.324986 -0.653746
-0.441193 1.324836 -0.654650
-0.439369 1.349424 -0.666709
-0.432593 1.349146 -0.666334
-0.445693 1.371506 -0.682357
-0.446150 1.349478 -0.667590
-0.452659 1.371375 -0.683117
-0.452937 1.349300 -0.669047
-0.447728 1.324587 -0.656116
-0.459498 1.370991 -0.684573
-0.460400 1.348540 -0.671345
-0.454599 1.323823 -0.658249
-0.466784 1.370647 -0.686790
-0.468082 1.347636 -0.674384
-0.461688 1.322924 -0.661025
-0.474253 1.370045 -0.689477
-0.455536 1.298449 -0.649198
-0.448974 1.299903 -0.646746
-0.443720 1.277718 -0.634969
-0.442395 1.300565 -0.644712
-0.437115 1.278817 -0.632920
-0.430739 1.279676 -0.631321
-0.426109 1.259753 -0.618927
-0.419517 1.260235 -0.617637
-0.413263 1.260612 -0.616774
-0.408350 1.241168 -0.603314
-0.402086 1.241418 -0.602863
-0.396027 1.241294 -0.603255
-0.390765 1.222703 -0.588539
-0.384717 1.222630 -0.588776
-0.379000 1.222070 -0.589978
-0.373800 1.220898 -0.592202
-0.475434 1.393439 -0.698724
-0.468431 1.393663 -0.696800
-0.484348 1.417883 -0.707401
-0.491482 1.441175 -0.717961
-0.477016 1.418339 -0.704946
-0.483032 1.441644 -0.715500
-0.469341 1.418264 -0.703530
-0.474534 1.441564 -0.714320
-0.462026 1.417740 -0.703492
-0.461696 1.393815 -0.695993
-0.455050 1.393661 -0.695671
-0.448649 1.393280 -0.695823
-0.455574 1.416890 -0.704501
-0.442348 1.392291 -0.696927
-0.438946 1.371402 -0.682040
-0.432332 1.370983 -0.682191
-0.426158 1.369720 -0.683748
-0.426416 1.348371 -0.666971
-0.420605 1.347026 -0.668469
-0.415697 1.345173 -0.670800
-0.417017 1.323308 -0.655351
-0.412177 1.321870 -0.657706
-0.420912 1.367959 -0.686034
-0.436625 1.391252 -0.698529
-0.445305 1.413525 -0.709797
-0.449814 1.415304 -0.706802
-0.448591 1.434569 -0.721103
-0.449905 1.452181 -0.735915
-0.452995 1.437175 -0.717924
-0.455465 1.454397 -0.733191
-0.459387 1.439436 -0.715622
-0.466727 1.440707 -0.714464
-0.461839 1.455797 -0.731622
-0.469208 1.456996 -0.731162
-0.463731 1.471203 -0.743203
-0.467942 1.488187 -0.747317
-0.457379 1.470355 -0.744035
-0.471142 1.471695 -0.743158
-0.479007 1.472278 -0.743388
-0.474681 1.488482 -0.746549
-0.481859 1.489022 -0.745108
-0.479243 1.507356 -0.745287
-0.486150 1.507377 -0.744675
-0.472602 1.506815 -0.746048
-0.485684 1.522139 -0.752234
-0.479038 1.522482 -0.753169
-0.491098 1.533394 -0.759140
-0.492484 1.521567 -0.751759
-0.499362 1.521299 -0.751494
-0.497602 1.533267 -0.758267
-0.504145 1.533186 -0.757705
-0.504783 1.544879 -0.765405
-0.499704 1.545152 -0.766589
-0.510698 1.544401 -0.764615
-0.512367 1.553058 -0.772184
-0.509851 1.554623 -0.774063
-0.517674 1.554388 -0.773666
-0.517540 1.559286 -0.777949
-0.520533 1.552943 -0.773172
-0.523643 1.551930 -0.773050
-0.515659 1.543710 -0.764322
-0.520445 1.559591 -0.778293
-0.518676 1.561855 -0.780345
-0.523569 1.559269 -0.778480
-0.521862 1.562086 -0.781018
-0.520220 1.564175 -0.783108
-0.516445 1.563020 -0.782398
-0.518773 1.564895 -0.785483
-0.523433 1.564589 -0.783808
-0.522102 1.566535 -0.785700
-0.521343 1.566911 -0.788156
-0.525404 1.566948 -0.786597
-0.524295 1.568447 -0.788543
-0.527161 1.567659 -0.790127
-0.523500 1.568384 -0.790521
-0.523830 1.566868 -0.792121
-0.526746 1.568071 -0.791436
-0.521862 1.566047 -0.790008
-0.522843 1.565046 -0.791456
-0.525994 1.566320 -0.792721
-0.518334 1.564578 -0.787838
-0.515072 1.562810 -0.785002
-0.510579 1.558581 -0.784055
-0.512421 1.559994 -0.781745
-0.499141 1.549814 -0.779994
-0.483265 1.535573 -0.772645
-0.502248 1.552877 -0.777291
-0.488529 1.542626 -0.770260
-0.505606 1.554465 -0.775136
-0.494383 1.544874 -0.767865
-0.514945 1.560072 -0.779887
-0.485270 1.533888 -0.760818
-0.479550 1.533449 -0.762581
-0.474360 1.530329 -0.764643
-0.473678 1.522681 -0.754496
-0.469032 1.522700 -0.755898
-0.466739 1.506774 -0.747477
-0.461893 1.487697 -0.748513
-0.461514 1.506533 -0.750389
-0.458378 1.505708 -0.754529
-0.456689 1.486943 -0.750803
-0.452172 1.486079 -0.754051
-0.451690 1.468953 -0.746029
-0.447289 1.467158 -0.749523
-0.445486 1.465395 -0.753126
-0.445810 1.449625 -0.738796
-0.450268 1.484835 -0.758290
-0.443965 1.463557 -0.756850
-0.442614 1.461439 -0.760967
-0.450333 1.483176 -0.762704
-0.450305 1.480628 -0.766754
-0.459579 1.502213 -0.765114
-0.458377 1.503744 -0.759840
-0.465763 1.516816 -0.765523
-0.460911 1.498925 -0.769819
-0.460985 1.494510 -0.773619
-0.468539 1.513402 -0.770704
-0.474376 1.524362 -0.770817
-0.471300 1.508488 -0.776086
-0.478550 1.523198 -0.775263
-0.471224 1.501235 -0.780167
-0.479747 1.513536 -0.780739
-0.484008 1.523765 -0.779480
-0.479402 1.507226 -0.783975
-0.488225 1.516183 -0.786112
-0.488083 1.511083 -0.789503
-0.496684 1.513320 -0.795964
-0.487080 1.507431 -0.794086
-0.494253 1.510833 -0.800811
-0.484145 1.506010 -0.798740
-0.479230 1.502994 -0.788221
-0.477287 1.500602 -0.792667
-0.470597 1.497626 -0.784090
-0.467684 1.495651 -0.787928
-0.458334 1.488772 -0.780717
-0.455056 1.487570 -0.783810
-0.446228 1.473312 -0.779024
-0.460728 1.490981 -0.777083
-0.448793 1.474874 -0.774981
-0.439595 1.457081 -0.769930
-0.449631 1.477536 -0.770690
-0.441534 1.459308 -0.765190
-0.434683 1.438538 -0.760946
-0.436232 1.455111 -0.774065
-0.430722 1.436857 -0.765858
-0.430797 1.454530 -0.777259
-0.441839 1.472797 -0.782539
-0.424536 1.435965 -0.770290
-0.423228 1.455228 -0.780218
-0.436436 1.473447 -0.785363
-0.430401 1.475262 -0.786281
-0.450494 1.488078 -0.785880
-0.445928 1.488921 -0.787693
-0.463358 1.495513 -0.791070
-0.458721 1.497061 -0.791788
-0.472760 1.501465 -0.795910
-0.468293 1.503714 -0.797011
-0.479531 1.507456 -0.802212
-0.475194 1.510056 -0.803608
-0.485197 1.513184 -0.808799
-0.489657 1.517561 -0.815646
-0.480008 1.516244 -0.810540
-0.490478 1.511078 -0.805243
-0.496641 1.512969 -0.812183
-0.501978 1.516137 -0.817525
-0.502292 1.509990 -0.806899
-0.509357 1.512362 -0.812346
-0.514945 1.512508 -0.816476
-0.520042 1.511677 -0.821481
-0.506479 1.517897 -0.821907
-0.528697 1.504744 -0.815605
-0.493052 1.521865 -0.820700
-0.482069 1.522022 -0.816612
-0.440976 1.491233 -0.787659
-0.423834 1.478141 -0.787173
-0.418524 1.485412 -0.787248
-0.398293 1.475626 -0.788017
-0.413809 1.492368 -0.786206
-0.409969 1.498982 -0.784634
-0.394302 1.487524 -0.788359
-0.391143 1.497026 -0.787614
-0.376600 1.484980 -0.792291
-0.373909 1.496387 -0.791926
-0.379867 1.470838 -0.791566
-0.361176 1.482837 -0.797303
-0.358873 1.495563 -0.797158
-0.422221 1.414241 -0.761163
-0.428342 1.415573 -0.756999
-0.419854 1.389593 -0.750087
-0.426322 1.393066 -0.744259
-0.487747 1.535496 -0.777416
-0.470334 1.525083 -0.765422
-0.465537 1.522185 -0.756737
-0.462032 1.517356 -0.758971
-0.521227 1.543044 -0.765276
-0.511408 1.533327 -0.757903
-0.507548 1.521240 -0.751644
-0.518498 1.533437 -0.759296
-0.525761 1.532050 -0.762667
-0.516045 1.521402 -0.753256
-0.523242 1.520703 -0.757214
-0.513558 1.506976 -0.747906
-0.507961 1.489598 -0.746525
-0.521751 1.506277 -0.752890
-0.503506 1.507576 -0.744743
-0.494113 1.507535 -0.743973
-0.498388 1.489521 -0.743779
-0.494573 1.473068 -0.744954
-0.489569 1.489349 -0.743941
-0.486903 1.472761 -0.743891
-0.485103 1.457987 -0.732881
-0.493181 1.458095 -0.734987
-0.476975 1.457778 -0.731550
-0.501965 1.458062 -0.737786
-0.502834 1.473180 -0.746946
-0.516740 1.489410 -0.751632
-0.528670 1.505205 -0.759157
-0.534755 1.504299 -0.765401
-0.529793 1.519085 -0.762352
-0.530823 1.530493 -0.766908
-0.535272 1.517926 -0.767644
-0.540259 1.517098 -0.773238
-0.535219 1.529514 -0.771275
-0.540358 1.503528 -0.771825
-0.526747 1.541879 -0.768343
-0.403567 1.298692 -0.647963
-0.402368 1.307683 -0.681093
-0.349811 1.163249 -0.598658
-0.347007 1.159915 -0.603631
-0.352797 1.176683 -0.618985
-0.340925 1.143528 -0.589010
-0.345221 1.156602 -0.608279
-0.351005 1.173509 -0.623623
-0.339380 1.140502 -0.593745
-0.344411 1.153381 -0.612394
-0.350039 1.170134 -0.627938
-0.338938 1.137384 -0.598328
-0.344732 1.150007 -0.616814
-0.339390 1.134295 -0.602884
-0.346031 1.146849 -0.620943
-0.349805 1.166645 -0.632105
-0.350916 1.163358 -0.636133
-0.355532 1.180089 -0.652374
-0.353152 1.160306 -0.639911
-0.356605 1.157579 -0.643321
-0.348611 1.143894 -0.624799
-0.357399 1.176999 -0.656353
-0.360736 1.174286 -0.659924
-0.361468 1.194667 -0.673357
-0.364563 1.191927 -0.677095
-0.369014 1.189605 -0.680356
-0.374500 1.187795 -0.682979
-0.364973 1.171793 -0.663145
-0.361339 1.155318 -0.646137
-0.370719 1.170098 -0.665326
-0.377381 1.169193 -0.666528
-0.367205 1.153688 -0.648034
-0.373603 1.152686 -0.649153
-0.362936 1.137181 -0.632683
-0.358052 1.121287 -0.617950
-0.369030 1.135934 -0.633566
-0.357096 1.138927 -0.630931
-0.352337 1.123088 -0.616757
-0.352280 1.141213 -0.628177
-0.347301 1.125443 -0.614443
-0.343579 1.128239 -0.611151
-0.337225 1.112985 -0.598345
-0.341027 1.131198 -0.607235
-0.334345 1.116064 -0.594620
-0.333004 1.119209 -0.590040
-0.328871 1.101038 -0.581730
-0.332003 1.122249 -0.585460
-0.332702 1.125260 -0.580650
-0.364638 1.120146 -0.618352
-0.375753 1.135420 -0.633581
-0.371813 1.119784 -0.618105
-0.368399 1.105669 -0.603226
-0.379165 1.119915 -0.617139
-0.360960 1.105779 -0.603979
-0.365427 1.091739 -0.588874
-0.381125 1.186960 -0.684351
-0.385371 1.206064 -0.702265
-0.378712 1.207018 -0.700367
-0.390941 1.226544 -0.717926
-0.392478 1.205648 -0.703225
-0.398162 1.226198 -0.718986
-0.403411 1.246634 -0.734119
-0.396076 1.246694 -0.732959
-0.406214 1.266998 -0.747803
-0.411061 1.247096 -0.734717
-0.413666 1.267629 -0.748607
-0.421479 1.268874 -0.748534
-0.413702 1.286969 -0.762488
-0.422173 1.288690 -0.762722
-0.413600 1.303846 -0.778774
-0.405631 1.285918 -0.761639
-0.403812 1.302598 -0.777595
-0.398040 1.285336 -0.760147
-0.391360 1.285505 -0.757891
-0.395041 1.302215 -0.775695
-0.398995 1.266828 -0.746274
-0.388067 1.302914 -0.773410
-0.382203 1.304246 -0.770240
-0.413546 1.317004 -0.798936
-0.423091 1.305838 -0.779317
-0.423262 1.318497 -0.801017
-0.432574 1.308442 -0.779471
-0.433692 1.320618 -0.802711
-0.442719 1.311840 -0.779222
-0.430951 1.290893 -0.762064
-0.429753 1.270557 -0.747801
-0.440299 1.293660 -0.760795
-0.438527 1.272485 -0.746507
-0.433125 1.327651 -0.828688
-0.427247 1.330526 -0.853442
-0.421195 1.327295 -0.827311
-0.414929 1.333572 -0.875100
-0.401924 1.339607 -0.891131
-0.424431 1.335111 -0.878236
-0.410134 1.340970 -0.894452
-0.417744 1.343888 -0.896917
-0.397913 1.348148 -0.905670
-0.388099 1.355648 -0.912572
-0.391279 1.346669 -0.902547
-0.404343 1.350898 -0.907912
-0.393253 1.357821 -0.914809
-0.410178 1.354696 -0.909646
-0.424495 1.348025 -0.898824
-0.398512 1.361249 -0.916471
-0.415535 1.359326 -0.910173
-0.430124 1.352986 -0.900021
-0.403632 1.365706 -0.916443
-0.420631 1.364829 -0.909822
-0.425144 1.371421 -0.907265
-0.408545 1.370910 -0.915043
-0.434390 1.358477 -0.900448
-0.450328 1.354712 -0.885583
-0.438348 1.364724 -0.900084
-0.441520 1.372213 -0.897281
-0.452425 1.361667 -0.886827
-0.453701 1.368822 -0.887573
-0.456087 1.376701 -0.885167
-0.471965 1.373417 -0.867756
-0.468840 1.383477 -0.871548
-0.484971 1.400478 -0.851351
-0.460944 1.393244 -0.876270
-0.449678 1.401422 -0.880737
-0.447521 1.380894 -0.891175
-0.475150 1.411981 -0.858145
-0.462527 1.421301 -0.863827
-0.450775 1.424561 -0.868144
-0.437329 1.407149 -0.883891
-0.436777 1.426760 -0.871451
-0.463997 1.454591 -0.861416
-0.463968 1.477637 -0.865215
-0.446686 1.451762 -0.863396
-0.446865 1.472920 -0.864676
-0.442224 1.488818 -0.866313
-0.429938 1.469013 -0.863359
-0.426558 1.485779 -0.863897
-0.425866 1.499611 -0.864877
-0.411280 1.482797 -0.860953
-0.410853 1.497838 -0.861706
-0.411718 1.509472 -0.862230
-0.396667 1.507783 -0.858466
-0.427221 1.510417 -0.865275
-0.413020 1.518567 -0.861876
-0.397301 1.517556 -0.858049
-0.429042 1.518782 -0.864949
-0.414572 1.525895 -0.860436
-0.398058 1.525598 -0.856754
-0.431237 1.525521 -0.863385
-0.416275 1.532279 -0.857790
-0.399315 1.532436 -0.854028
-0.418324 1.537490 -0.853827
-0.433646 1.530872 -0.860547
-0.451826 1.528120 -0.863184
-0.436035 1.535555 -0.857202
-0.454654 1.532379 -0.860294
-0.438417 1.538714 -0.852761
-0.457281 1.535975 -0.856691
-0.440885 1.541174 -0.848006
-0.420808 1.541366 -0.848894
-0.423632 1.544226 -0.843469
-0.403847 1.541821 -0.844004
-0.407142 1.543717 -0.837862
-0.387214 1.540042 -0.838324
-0.401290 1.537919 -0.849548
-0.384639 1.536492 -0.844272
-0.369485 1.534716 -0.839336
-0.382815 1.531215 -0.849360
-0.382042 1.524110 -0.852506
-0.367535 1.529825 -0.845013
-0.352405 1.528890 -0.840177
-0.366815 1.522469 -0.848753
-0.355306 1.533382 -0.833977
-0.359484 1.535893 -0.827341
-0.345769 1.532459 -0.829156
-0.351166 1.534250 -0.822746
-0.345108 1.532119 -0.818403
-0.357722 1.534850 -0.816368
-0.366736 1.534544 -0.809508
-0.364757 1.537103 -0.820885
-0.352498 1.532301 -0.812132
-0.362556 1.531136 -0.805283
-0.375368 1.530020 -0.798309
-0.378407 1.533805 -0.802487
-0.388877 1.528687 -0.791848
-0.387948 1.523215 -0.789326
-0.402841 1.527322 -0.786770
-0.391357 1.533230 -0.795980
-0.395374 1.536533 -0.800925
-0.404366 1.531884 -0.790331
-0.414008 1.530560 -0.788085
-0.408121 1.535255 -0.795605
-0.419157 1.532991 -0.791517
-0.413609 1.537750 -0.801495
-0.401526 1.539097 -0.806578
-0.421463 1.539703 -0.808042
-0.424646 1.535152 -0.797763
-0.431252 1.536981 -0.804343
-0.433116 1.532252 -0.795252
-0.425524 1.529857 -0.788981
-0.439650 1.533703 -0.802089
-0.439336 1.528576 -0.793769
-0.446171 1.530064 -0.801030
-0.451198 1.526037 -0.800798
-0.455718 1.522232 -0.801275
-0.457747 1.519007 -0.800729
-0.462376 1.517906 -0.803396
-0.446083 1.534829 -0.808887
-0.438959 1.538242 -0.811139
-0.430964 1.541050 -0.814880
-0.446966 1.539043 -0.817680
-0.456748 1.538407 -0.823561
-0.441038 1.541719 -0.821644
-0.452614 1.540889 -0.827935
-0.435791 1.543539 -0.826357
-0.449242 1.542330 -0.832750
-0.430768 1.544950 -0.831832
-0.423436 1.542962 -0.819862
-0.411343 1.541525 -0.813067
-0.416705 1.544181 -0.825593
-0.411103 1.544607 -0.831736
-0.402417 1.542292 -0.819104
-0.395497 1.542431 -0.825554
-0.390209 1.539630 -0.812665
-0.382813 1.537019 -0.807222
-0.381370 1.539511 -0.819574
-0.372383 1.537276 -0.814091
-0.375817 1.539050 -0.826293
-0.372074 1.537685 -0.833012
-0.390780 1.541720 -0.831962
-0.426642 1.545368 -0.837695
-0.443638 1.542872 -0.842880
-0.461471 1.540137 -0.847342
-0.446283 1.543145 -0.837826
-0.463332 1.540487 -0.842420
-0.482017 1.535608 -0.845109
-0.465269 1.539966 -0.837607
-0.467192 1.538731 -0.833055
-0.480760 1.534779 -0.849810
-0.498678 1.526115 -0.849482
-0.478689 1.532688 -0.854220
-0.496885 1.523711 -0.853752
-0.476314 1.529690 -0.858196
-0.459468 1.538618 -0.852257
-0.473480 1.526139 -0.861292
-0.470093 1.522053 -0.863679
-0.466130 1.517541 -0.865605
-0.448895 1.522955 -0.865081
-0.461405 1.512480 -0.867005
-0.481523 1.507965 -0.865404
-0.475083 1.503163 -0.866841
-0.466792 1.498036 -0.867532
-0.456570 1.493081 -0.867676
-0.456456 1.506665 -0.867663
-0.476853 1.482840 -0.865028
-0.442663 1.510048 -0.867128
-0.451690 1.500905 -0.867875
-0.440662 1.501029 -0.867045
-0.445841 1.517116 -0.866440
-0.514794 1.516315 -0.847018
-0.528066 1.504795 -0.842670
-0.416524 1.527459 -0.785478
-0.381843 1.515871 -0.854264
-0.425708 1.410669 -0.885921
-0.414505 1.398707 -0.898588
-0.404202 1.401085 -0.898934
-0.425314 1.394619 -0.897429
-0.406374 1.389594 -0.907467
-0.395518 1.391529 -0.908111
-0.418147 1.385488 -0.905719
-0.401787 1.382112 -0.914258
-0.413408 1.377672 -0.911559
-0.397074 1.375409 -0.918550
-0.390176 1.383509 -0.915173
-0.382211 1.382534 -0.915129
-0.389007 1.377921 -0.918399
-0.383650 1.375505 -0.918722
-0.379202 1.373041 -0.918239
-0.392217 1.370948 -0.919491
-0.387745 1.367479 -0.918799
-0.383468 1.364390 -0.917499
-0.379801 1.362165 -0.915513
-0.375215 1.370217 -0.917041
-0.372051 1.367429 -0.914566
-0.370213 1.377921 -0.912629
-0.375455 1.380577 -0.914366
-0.376924 1.360759 -0.913116
-0.383012 1.354037 -0.910143
-0.385943 1.391509 -0.907860
-0.430125 1.379082 -0.902572
-0.437285 1.388387 -0.894953
-0.365436 1.419690 -0.875475
-0.548111 1.443478 -0.793400
-0.544758 1.424815 -0.772215
-0.519307 1.338858 -0.701438
-0.512812 1.340416 -0.696582
-0.534461 1.432440 -0.746193
-0.312476 0.984854 -0.399855
-0.306746 0.986211 -0.402545
-0.295177 0.966415 -0.387314
-0.289397 0.968644 -0.390225
-0.274270 0.949084 -0.375374
-0.283694 0.971167 -0.392416
-0.277916 0.973916 -0.394172
-0.268828 0.952023 -0.377383
-0.263323 0.955092 -0.379410
-0.246343 0.938249 -0.365167
-0.335370 1.064588 -0.474003
-0.321754 1.047530 -0.460274
-0.315845 1.048614 -0.462121
-0.310538 1.049077 -0.464700
-0.306140 1.048777 -0.468159
-0.303513 1.047727 -0.472391
-0.313180 1.066718 -0.481498
-0.310016 1.065522 -0.485633
-0.308426 1.063915 -0.490159
-0.313538 1.079868 -0.501240
-0.301855 1.046063 -0.477045
-0.307854 1.062132 -0.494761
-0.307745 1.059866 -0.499294
-0.300664 1.044247 -0.481584
-0.312923 1.078228 -0.505910
-0.290729 1.027131 -0.466699
-0.299032 1.042555 -0.486011
-0.287900 1.025918 -0.471528
-0.296670 1.040961 -0.490692
-0.306948 1.057522 -0.503724
-0.285311 1.024387 -0.476688
-0.276947 1.008862 -0.455553
-0.279632 1.009778 -0.450258
-0.267375 0.991769 -0.438924
-0.269301 0.992669 -0.433516
-0.256537 0.975897 -0.423020
-0.257647 0.977241 -0.418054
-0.259310 0.978005 -0.413136
-0.245892 0.960582 -0.398197
-0.271090 0.993525 -0.428465
-0.282516 1.010406 -0.445401
-0.293648 1.028111 -0.462134
-0.296446 1.028991 -0.457799
-0.248017 0.960628 -0.393655
-0.264817 0.984240 -0.458710
-0.311788 1.064638 -0.532735
-0.332472 1.050489 -0.547438
-0.366273 1.042975 -0.545537
-0.357646 1.026679 -0.530650
-0.395540 1.073704 -0.574576
-0.381606 1.058357 -0.560314
-0.404418 1.073060 -0.574637
-0.399506 1.089276 -0.587098
-0.408920 1.089121 -0.587593
-0.411456 1.105302 -0.598727
-0.413490 1.121917 -0.610687
-0.415428 1.138907 -0.626077
-0.418852 1.155891 -0.643760
-0.424438 1.140302 -0.623741
-0.428127 1.157781 -0.641007
-0.437767 1.159845 -0.637912
-0.433188 1.175430 -0.659305
-0.442629 1.178163 -0.655680
-0.423832 1.172997 -0.662430
-0.438278 1.193467 -0.677185
-0.428766 1.190889 -0.680243
-0.447915 1.196550 -0.673411
-0.453064 1.215646 -0.690645
-0.457407 1.200010 -0.668918
-0.463006 1.219062 -0.685716
-0.466431 1.203813 -0.663779
-0.451950 1.181110 -0.651534
-0.460383 1.184528 -0.646534
-0.446862 1.162295 -0.634215
-0.454386 1.165723 -0.629174
-0.460581 1.169649 -0.623663
-0.465978 1.173594 -0.618273
-0.467492 1.188457 -0.640842
-0.474451 1.207904 -0.658252
-0.473149 1.192424 -0.635194
-0.477697 1.196264 -0.629891
-0.480681 1.212009 -0.652702
-0.486876 1.230700 -0.668538
-0.485378 1.215834 -0.647188
-0.491659 1.234419 -0.662928
-0.488131 1.219316 -0.641899
-0.494617 1.237891 -0.657617
-0.489209 1.222435 -0.637088
-0.480899 1.199840 -0.625010
-0.482504 1.203042 -0.620579
-0.473922 1.180756 -0.608553
-0.470452 1.177288 -0.613231
-0.476123 1.184073 -0.604240
-0.469695 1.165426 -0.588216
-0.476969 1.187273 -0.600371
-0.476872 1.190331 -0.596341
-0.471328 1.168830 -0.584211
-0.483143 1.206093 -0.616341
-0.483168 1.209052 -0.612144
-0.489513 1.225318 -0.632410
-0.496505 1.244244 -0.647789
-0.488802 1.228208 -0.627950
-0.495795 1.247293 -0.643001
-0.487279 1.230890 -0.623695
-0.493961 1.250131 -0.638447
-0.501547 1.263391 -0.662643
-0.495876 1.241138 -0.652651
-0.501350 1.260488 -0.667787
-0.507002 1.282625 -0.684030
-0.500178 1.257384 -0.672939
-0.505325 1.279710 -0.689583
-0.497149 1.254004 -0.678554
-0.501987 1.276473 -0.695415
-0.492390 1.250486 -0.684536
-0.485810 1.246872 -0.690748
-0.497360 1.273018 -0.701427
-0.490878 1.269442 -0.707585
-0.502487 1.296518 -0.718452
-0.508003 1.320975 -0.736083
-0.507616 1.299850 -0.712768
-0.495457 1.292978 -0.723887
-0.487136 1.289294 -0.728939
-0.500827 1.316856 -0.741544
-0.507069 1.341625 -0.760037
-0.491820 1.312625 -0.746426
-0.497843 1.336491 -0.766003
-0.481585 1.308490 -0.750398
-0.485992 1.330760 -0.771002
-0.478162 1.285600 -0.733442
-0.474407 1.262493 -0.718678
-0.483145 1.265965 -0.713346
-0.468403 1.239852 -0.702416
-0.477748 1.243300 -0.696778
-0.472501 1.222856 -0.680168
-0.480523 1.226796 -0.674330
-0.512647 1.367279 -0.779796
-0.511032 1.303075 -0.706952
-0.471668 1.171896 -0.580338
-0.468234 1.150074 -0.569031
-0.464509 1.130262 -0.554663
-0.468881 1.153192 -0.564705
-0.465523 1.133197 -0.549904
-0.468505 1.156331 -0.560377
-0.465728 1.136191 -0.545160
-0.464591 1.139384 -0.540418
-0.461388 1.142303 -0.536002
-0.459512 1.111420 -0.535369
-0.419590 1.188975 -0.682440
-0.414961 1.171173 -0.664776
-0.410104 1.154235 -0.646117
-0.406641 1.169919 -0.666291
-0.434248 1.064718 -0.525874
-0.430191 1.063262 -0.531393
-0.440282 1.082511 -0.544152
-0.426603 1.061652 -0.536990
-0.423432 1.059919 -0.542425
-0.435673 1.080748 -0.549830
-0.442369 1.099402 -0.561914
-0.431977 1.078932 -0.555605
-0.438643 1.097220 -0.567727
-0.428735 1.076961 -0.561242
-0.420305 1.058181 -0.547653
-0.435322 1.094773 -0.573640
-0.411347 1.038558 -0.533199
-0.407535 1.037421 -0.537886
-0.400481 1.020527 -0.518361
-0.413926 1.040162 -0.528049
-0.396776 1.019517 -0.522862
-0.387687 1.002950 -0.502587
-0.384421 1.002097 -0.506857
-0.379972 1.001995 -0.510460
-0.391921 1.019161 -0.526502
-0.374179 1.002818 -0.513097
-0.308214 0.982475 -0.491385
-0.292575 0.968118 -0.479499
-0.286542 0.969707 -0.479936
-0.280762 0.971186 -0.479031
-0.276641 0.953846 -0.464009
-0.271531 0.955570 -0.462708
-0.267311 0.957545 -0.460507
-0.276043 0.973093 -0.476969
-0.264126 0.959696 -0.457553
-0.272339 0.975138 -0.474231
-0.280835 0.991693 -0.490315
-0.285016 0.989483 -0.492791
-0.290604 1.008880 -0.505153
-0.251034 0.946434 -0.438467
-0.166258 0.875072 -0.390235
-0.148267 0.863629 -0.391325
-0.149964 0.863232 -0.396292
-0.130575 0.853009 -0.390900
-0.129707 0.853208 -0.385186
-0.112583 0.841952 -0.388921
-0.131923 0.853012 -0.396833
-0.111615 0.842571 -0.383061
-0.110483 0.843642 -0.377405
-0.090626 0.835680 -0.381579
-0.089545 0.837057 -0.376124
-0.068948 0.830286 -0.379894
-0.068098 0.831375 -0.374394
-0.117831 0.828504 -0.310848
-0.383970 0.990617 -0.465822
-0.373776 0.972507 -0.449564
-0.371259 0.971316 -0.454622
-0.361461 0.953350 -0.437278
-0.351410 0.931869 -0.419187
-0.359057 0.952690 -0.442923
-0.282888 0.870892 -0.398247
-0.258818 0.853283 -0.392598
-0.285054 0.869131 -0.392254
-0.260085 0.851751 -0.387047
-0.260888 0.850437 -0.381230
-0.234935 0.835464 -0.383382
-0.235233 0.834120 -0.377777
-0.154210 0.804340 -0.348478
-0.153404 0.806384 -0.343422
-0.004655 0.816094 -0.379849
-0.004705 0.815198 -0.383880
-0.004769 0.814312 -0.388002
-0.022596 0.818071 -0.390693
-0.022925 0.817068 -0.396021
-0.049239 0.821204 -0.400479
-0.023290 0.815979 -0.401457
-0.004851 0.813433 -0.392258
-0.050000 0.819772 -0.405982
-0.023719 0.814695 -0.406668
-0.004975 0.812613 -0.396624
-0.050778 0.818194 -0.411099
-0.024248 0.812793 -0.411681
-0.005145 0.811490 -0.401206
-0.051631 0.816234 -0.416142
-0.024862 0.810206 -0.415885
-0.005369 0.809776 -0.405861
-0.052552 0.813673 -0.420273
-0.077104 0.819337 -0.422602
-0.078215 0.815795 -0.425446
-0.099903 0.826097 -0.423927
-0.075776 0.822381 -0.418725
-0.098282 0.828771 -0.420199
-0.074501 0.824498 -0.414011
-0.073561 0.825911 -0.408773
-0.097022 0.830670 -0.415712
-0.118429 0.839557 -0.417661
-0.139633 0.848729 -0.416345
-0.120331 0.837515 -0.421839
-0.142275 0.846513 -0.419455
-0.122668 0.834256 -0.424392
-0.124904 0.830943 -0.426798
-0.144975 0.843830 -0.422095
-0.147552 0.840480 -0.423454
-0.165344 0.853212 -0.416857
-0.184507 0.863264 -0.414107
-0.162562 0.855963 -0.414928
-0.168094 0.850053 -0.417990
-0.170728 0.846561 -0.418354
-0.187539 0.860047 -0.414979
-0.190511 0.856594 -0.415155
-0.206277 0.870671 -0.414920
-0.209630 0.867267 -0.414968
-0.225175 0.883548 -0.417643
-0.202904 0.873984 -0.414272
-0.221407 0.886588 -0.416823
-0.199717 0.876969 -0.412752
-0.181448 0.866256 -0.412706
-0.217854 0.889499 -0.415565
-0.196570 0.879669 -0.410582
-0.178448 0.868753 -0.410436
-0.214406 0.892153 -0.413582
-0.193613 0.881980 -0.407802
-0.211145 0.894533 -0.411044
-0.159756 0.858425 -0.412309
-0.243205 0.898593 -0.424894
-0.229084 0.880356 -0.417974
-0.233089 0.877013 -0.417926
-0.247644 0.895446 -0.425221
-0.264462 0.912005 -0.436232
-0.252415 0.892048 -0.424962
-0.257029 0.888721 -0.424038
-0.237275 0.873487 -0.417295
-0.261621 0.885303 -0.422511
-0.241306 0.869931 -0.415883
-0.245313 0.866370 -0.413885
-0.219796 0.856367 -0.412019
-0.222978 0.852585 -0.409790
-0.198732 0.845407 -0.411837
-0.216376 0.860087 -0.413385
-0.213101 0.863702 -0.414572
-0.196138 0.849248 -0.413674
-0.175473 0.839069 -0.416768
-0.193391 0.852904 -0.414594
-0.173051 0.842885 -0.417826
-0.152000 0.833163 -0.422980
-0.129597 0.823167 -0.427829
-0.149867 0.836907 -0.423623
-0.153921 0.829066 -0.421485
-0.155660 0.825132 -0.419264
-0.177663 0.835248 -0.414951
-0.156987 0.821415 -0.416485
-0.158397 0.817530 -0.413165
-0.179802 0.831367 -0.412372
-0.181297 0.827410 -0.409047
-0.201228 0.841342 -0.409540
-0.203407 0.837467 -0.406264
-0.205403 0.833884 -0.402649
-0.226127 0.848859 -0.407216
-0.182579 0.823532 -0.405151
-0.159486 0.813688 -0.408944
-0.160183 0.809958 -0.403986
-0.135799 0.804085 -0.411596
-0.127403 0.827043 -0.428079
-0.103586 0.818587 -0.426932
-0.101616 0.822732 -0.426317
-0.005381 0.803565 -0.411780
-0.025956 0.803190 -0.421138
-0.005180 0.807096 -0.409629
-0.025235 0.807016 -0.419215
-0.004940 0.809776 -0.405859
-0.024433 0.810204 -0.415876
-0.004716 0.811490 -0.401205
-0.023820 0.812792 -0.411672
-0.004545 0.812612 -0.396623
-0.023291 0.814694 -0.406659
-0.004421 0.813433 -0.392257
-0.022861 0.815978 -0.401448
-0.004339 0.814311 -0.388001
-0.022496 0.817067 -0.396013
-0.004275 0.815197 -0.383878
-0.022167 0.818070 -0.390686
-0.004224 0.816094 -0.379847
-0.021863 0.819103 -0.385501
-0.004158 0.816961 -0.375767
-0.021527 0.820222 -0.380343
-0.004097 0.817673 -0.371699
-0.021217 0.821143 -0.375210
-0.004051 0.818385 -0.367679
-0.020931 0.822006 -0.370194
-0.003982 0.819155 -0.363674
-0.020586 0.822877 -0.365250
-0.003927 0.820007 -0.359774
-0.020270 0.823639 -0.360376
-0.003879 0.820774 -0.355891
-0.019995 0.824401 -0.355620
-0.003828 0.821507 -0.352076
-0.019736 0.825270 -0.351051
-0.003798 0.822278 -0.348325
-0.019553 0.826280 -0.346575
-0.003768 0.823028 -0.344669
-0.019362 0.827271 -0.342268
-0.003762 0.823536 -0.341085
-0.019287 0.827757 -0.337996
-0.003790 0.823857 -0.337627
-0.019340 0.828095 -0.333941
-0.003839 0.823980 -0.334270
-0.019470 0.828135 -0.330033
-0.003906 0.823724 -0.331032
-0.019673 0.827616 -0.326342
-0.003986 0.823215 -0.327854
-0.019916 0.826708 -0.322815
-0.004118 0.822388 -0.324489
-0.020278 0.825233 -0.319341
-0.004252 0.821089 -0.321280
-0.020624 0.823060 -0.316311
-0.004387 0.818769 -0.318522
-0.021028 0.820277 -0.313659
-0.004481 0.815663 -0.317192
-0.021474 0.817020 -0.312028
-0.004566 0.812301 -0.316817
-0.021914 0.813211 -0.311546
-0.004620 0.808960 -0.317615
-0.022369 0.809593 -0.311983
-0.004618 0.806167 -0.319603
-0.022687 0.806302 -0.313500
-0.004596 0.804032 -0.322350
-0.023020 0.803440 -0.315709
-0.004582 0.802266 -0.325234
-0.023285 0.801137 -0.318525
-0.004583 0.800712 -0.328205
-0.023510 0.799144 -0.321710
-0.004579 0.799350 -0.331423
-0.023673 0.797361 -0.325272
-0.004590 0.797933 -0.334704
-0.023810 0.795575 -0.329110
-0.004619 0.796461 -0.338263
-0.023950 0.793814 -0.333452
-0.004626 0.795128 -0.342151
-0.024066 0.792145 -0.338187
-0.004658 0.793815 -0.346127
-0.024238 0.790490 -0.343100
-0.004700 0.792563 -0.350224
-0.024463 0.788840 -0.348187
-0.004740 0.791306 -0.354452
-0.024719 0.787121 -0.353472
-0.004797 0.789971 -0.358690
-0.025001 0.785441 -0.358804
-0.004863 0.788745 -0.363056
-0.025338 0.783805 -0.364342
-0.004927 0.787727 -0.367538
-0.025678 0.782326 -0.370102
-0.004994 0.786866 -0.372110
-0.025996 0.780805 -0.375976
-0.005070 0.786153 -0.376844
-0.026316 0.779399 -0.382072
-0.005148 0.785756 -0.381819
-0.026592 0.778971 -0.388603
-0.005188 0.786046 -0.386574
-0.026676 0.779995 -0.394705
-0.005244 0.786667 -0.391262
-0.026760 0.781670 -0.400368
-0.005322 0.787392 -0.396069
-0.026857 0.783337 -0.405906
-0.005433 0.788478 -0.400858
-0.026985 0.785275 -0.410969
-0.005571 0.790109 -0.405471
-0.027287 0.787731 -0.415635
-0.005635 0.792699 -0.409334
-0.027216 0.791149 -0.419103
-0.005631 0.796120 -0.411546
-0.027082 0.795072 -0.421273
-0.026618 0.799150 -0.421826
-0.055465 0.798352 -0.423056
-0.055930 0.794618 -0.420720
-0.081498 0.803313 -0.425162
-0.054845 0.802305 -0.424031
-0.054026 0.806380 -0.424280
-0.080384 0.807539 -0.426527
-0.079101 0.811805 -0.426664
-0.104783 0.814607 -0.426649
-0.129176 0.823164 -0.427786
-0.103163 0.818584 -0.426897
-0.106143 0.810665 -0.425240
-0.107380 0.806799 -0.423043
-0.130879 0.818945 -0.425800
-0.132357 0.814892 -0.423331
-0.153501 0.829065 -0.421434
-0.155239 0.825131 -0.419212
-0.175053 0.839068 -0.416712
-0.151580 0.833161 -0.422931
-0.172632 0.842884 -0.417771
-0.149448 0.836905 -0.423576
-0.126982 0.827040 -0.428037
-0.170310 0.846560 -0.418301
-0.147134 0.840478 -0.423408
-0.124484 0.830940 -0.426757
-0.167676 0.850051 -0.417939
-0.144557 0.843828 -0.422051
-0.122248 0.834253 -0.424353
-0.164927 0.853210 -0.416808
-0.141858 0.846510 -0.419413
-0.162146 0.855961 -0.414881
-0.139216 0.848726 -0.416305
-0.119911 0.837513 -0.421802
-0.097860 0.828768 -0.420168
-0.118010 0.839555 -0.417625
-0.116425 0.840968 -0.412682
-0.096600 0.830667 -0.415682
-0.074077 0.824495 -0.413987
-0.095127 0.832034 -0.410548
-0.073136 0.825908 -0.408749
-0.093960 0.832881 -0.405054
-0.072179 0.826909 -0.403146
-0.114907 0.841886 -0.406771
-0.092944 0.833479 -0.399232
-0.113797 0.842079 -0.400954
-0.071221 0.827796 -0.397335
-0.092038 0.833987 -0.393272
-0.112875 0.842112 -0.395305
-0.070269 0.828623 -0.391458
-0.091185 0.834604 -0.387301
-0.069383 0.829385 -0.385600
-0.112162 0.841949 -0.388890
-0.090202 0.835678 -0.381554
-0.111194 0.842568 -0.383032
-0.068523 0.830283 -0.379874
-0.089121 0.837055 -0.376100
-0.088089 0.838372 -0.370813
-0.110061 0.843639 -0.377376
-0.067671 0.831373 -0.374375
-0.045551 0.826521 -0.372485
-0.066791 0.832687 -0.369097
-0.066001 0.833792 -0.363864
-0.044998 0.827551 -0.367132
-0.044460 0.828602 -0.361903
-0.043960 0.829666 -0.356796
-0.065286 0.834745 -0.358692
-0.043533 0.830628 -0.351744
-0.043166 0.831506 -0.346760
-0.064716 0.835325 -0.353536
-0.064221 0.835738 -0.348424
-0.085750 0.840925 -0.355330
-0.105769 0.848303 -0.357107
-0.085203 0.841317 -0.350250
-0.086402 0.840335 -0.360439
-0.087168 0.839507 -0.365619
-0.106602 0.847547 -0.362096
-0.107607 0.846486 -0.367111
-0.125476 0.856233 -0.363638
-0.124588 0.856998 -0.358771
-0.143889 0.865736 -0.364917
-0.126510 0.855232 -0.368520
-0.127440 0.854382 -0.373692
-0.144443 0.865236 -0.369803
-0.144862 0.864777 -0.374919
-0.162566 0.876909 -0.371363
-0.179996 0.891173 -0.374546
-0.161938 0.877476 -0.366779
-0.163218 0.876324 -0.375962
-0.163664 0.875933 -0.380536
-0.180909 0.890263 -0.378852
-0.181935 0.889251 -0.383117
-0.197642 0.905427 -0.383695
-0.198808 0.904100 -0.387906
-0.213597 0.921415 -0.391128
-0.196772 0.906557 -0.379393
-0.196375 0.907525 -0.375041
-0.213275 0.922609 -0.386727
-0.227731 0.940733 -0.398220
-0.213498 0.923610 -0.382672
-0.214282 0.924350 -0.378384
-0.228297 0.941618 -0.393627
-0.242509 0.959392 -0.407421
-0.229540 0.942087 -0.389118
-0.231097 0.942386 -0.384941
-0.243711 0.960213 -0.402746
-0.257219 0.977237 -0.418001
-0.245466 0.960580 -0.398144
-0.258880 0.978001 -0.413084
-0.247590 0.960626 -0.393601
-0.232992 0.942449 -0.380820
-0.261044 0.978462 -0.408229
-0.250267 0.960278 -0.389318
-0.235171 0.942282 -0.376574
-0.263457 0.978566 -0.403767
-0.253799 0.959291 -0.385358
-0.267011 0.977962 -0.399508
-0.237698 0.941939 -0.372457
-0.258367 0.957372 -0.381941
-0.240993 0.940735 -0.368524
-0.262892 0.955091 -0.379348
-0.271829 0.976320 -0.396269
-0.277481 0.973914 -0.394112
-0.283763 0.994110 -0.410630
-0.278825 0.995203 -0.414437
-0.295654 1.011458 -0.428873
-0.288889 0.992176 -0.408048
-0.300687 1.010482 -0.426044
-0.294835 0.989922 -0.406388
-0.283257 0.971164 -0.392353
-0.300646 0.987813 -0.404923
-0.306344 1.008985 -0.423940
-0.312066 1.007507 -0.422151
-0.317508 1.027486 -0.443036
-0.312051 1.028776 -0.444774
-0.323333 1.026153 -0.441221
-0.326897 1.046136 -0.459067
-0.321307 1.047525 -0.460232
-0.334920 1.064584 -0.473965
-0.332850 1.044713 -0.457714
-0.341132 1.062861 -0.473501
-0.338873 1.043543 -0.455666
-0.344891 1.042630 -0.453154
-0.347610 1.061459 -0.471886
-0.329152 1.025022 -0.439006
-0.317732 1.006191 -0.420021
-0.335025 1.024043 -0.436540
-0.323423 1.005029 -0.417786
-0.340729 1.023122 -0.434073
-0.350838 1.041786 -0.450549
-0.346570 1.021961 -0.432023
-0.329163 1.003919 -0.415537
-0.334761 1.002703 -0.413826
-0.317823 0.983511 -0.397203
-0.312030 0.984852 -0.399791
-0.323300 0.982320 -0.395246
-0.305911 0.962259 -0.380592
-0.300289 0.964445 -0.383891
-0.290213 0.941658 -0.366423
-0.312150 0.960305 -0.377746
-0.296129 0.939006 -0.363097
-0.318560 0.958476 -0.376177
-0.325092 0.956337 -0.375381
-0.329555 0.980909 -0.394105
-0.302205 0.935895 -0.360064
-0.279116 0.915976 -0.348507
-0.307959 0.932662 -0.357955
-0.313818 0.929432 -0.356571
-0.283907 0.911325 -0.345705
-0.256529 0.896337 -0.335936
-0.287671 0.907817 -0.344458
-0.259970 0.891827 -0.335296
-0.291836 0.903794 -0.343994
-0.263349 0.887444 -0.335732
-0.295781 0.899762 -0.344204
-0.319812 0.925847 -0.356668
-0.336899 0.950855 -0.377000
-0.324927 0.922311 -0.358134
-0.342070 0.948260 -0.379007
-0.329380 0.919022 -0.360276
-0.333480 0.915919 -0.363132
-0.347062 0.945474 -0.381473
-0.299503 0.895884 -0.345256
-0.302771 0.892360 -0.347374
-0.269502 0.880169 -0.339303
-0.242127 0.864879 -0.337795
-0.266617 0.883613 -0.337289
-0.272218 0.876985 -0.341899
-0.274574 0.874247 -0.344805
-0.244987 0.861445 -0.340019
-0.221055 0.845756 -0.336696
-0.247745 0.858640 -0.342929
-0.223840 0.842772 -0.339963
-0.250518 0.856331 -0.346482
-0.276870 0.871851 -0.348654
-0.226193 0.840305 -0.343478
-0.253063 0.854345 -0.350541
-0.228396 0.838117 -0.347477
-0.278946 0.869765 -0.352911
-0.255470 0.852572 -0.355174
-0.257525 0.851027 -0.360149
-0.230333 0.836173 -0.351797
-0.281237 0.868058 -0.357878
-0.283524 0.866953 -0.363152
-0.312995 0.883860 -0.363943
-0.311480 0.885100 -0.358768
-0.313664 0.883056 -0.369185
-0.345073 0.906472 -0.379560
-0.362174 0.933528 -0.399872
-0.343467 0.908184 -0.374435
-0.345056 0.905604 -0.385320
-0.343647 0.905549 -0.390403
-0.360864 0.932233 -0.404456
-0.357709 0.931491 -0.409184
-0.368719 0.954841 -0.422954
-0.378342 0.974668 -0.440419
-0.369629 0.956502 -0.418628
-0.366550 0.953732 -0.427613
-0.363973 0.953591 -0.432039
-0.376084 0.973524 -0.444738
-0.386379 0.991987 -0.460989
-0.373304 0.972510 -0.449484
-0.370788 0.971319 -0.454542
-0.383495 0.990621 -0.465750
-0.395760 1.009419 -0.482109
-0.381251 0.989030 -0.470765
-0.379441 0.987352 -0.475905
-0.393377 1.007859 -0.487307
-0.406399 1.025807 -0.502852
-0.391464 1.006092 -0.492571
-0.404429 1.023951 -0.508190
-0.389467 1.004447 -0.497657
-0.402423 1.022111 -0.513416
-0.377821 0.985749 -0.481104
-0.387211 1.002955 -0.502522
-0.375643 0.984577 -0.486027
-0.400000 1.020534 -0.518301
-0.383945 1.002101 -0.506792
-0.379498 1.002000 -0.510397
-0.372549 0.984002 -0.490514
-0.396296 1.019523 -0.522803
-0.391443 1.019168 -0.526444
-0.407051 1.037429 -0.537832
-0.410862 1.038567 -0.533145
-0.416130 1.056740 -0.552269
-0.401857 1.036945 -0.541506
-0.411063 1.055753 -0.556306
-0.395434 1.037263 -0.543829
-0.404463 1.055605 -0.558920
-0.385285 1.019819 -0.528843
-0.388533 1.038192 -0.544961
-0.381312 1.039580 -0.545413
-0.397094 1.056192 -0.560017
-0.378548 1.021102 -0.530088
-0.367498 1.004389 -0.514394
-0.371633 1.022791 -0.530564
-0.364488 1.024742 -0.530614
-0.361227 1.006369 -0.515024
-0.354518 1.008488 -0.515123
-0.350410 0.989313 -0.499353
-0.340240 0.972232 -0.485662
-0.344260 0.991521 -0.499617
-0.356617 0.987158 -0.498631
-0.362666 0.985617 -0.496827
-0.346651 0.970075 -0.484872
-0.336620 0.952777 -0.471184
-0.352909 0.968048 -0.483049
-0.358356 0.966770 -0.479919
-0.342779 0.951003 -0.468835
-0.348317 0.949957 -0.465064
-0.331073 0.932489 -0.453286
-0.336593 0.931238 -0.448697
-0.314616 0.912166 -0.436802
-0.324784 0.934499 -0.456611
-0.309199 0.914161 -0.440996
-0.318392 0.936753 -0.459187
-0.330039 0.955034 -0.472685
-0.311599 0.939367 -0.460859
-0.303153 0.916787 -0.444272
-0.296993 0.920040 -0.446572
-0.285502 0.898609 -0.431000
-0.290568 0.895838 -0.427435
-0.265675 0.882018 -0.420002
-0.280260 0.901695 -0.433896
-0.261189 0.885304 -0.422425
-0.274944 0.905110 -0.435562
-0.269346 0.908655 -0.436235
-0.290717 0.923395 -0.447993
-0.256598 0.888723 -0.423955
-0.251986 0.892048 -0.424881
-0.236850 0.873488 -0.417218
-0.232664 0.877013 -0.417851
-0.215954 0.860088 -0.413314
-0.240879 0.869932 -0.415803
-0.219373 0.856368 -0.411946
-0.244885 0.866372 -0.413801
-0.222553 0.852586 -0.409715
-0.248719 0.862858 -0.410987
-0.225702 0.848860 -0.407139
-0.270001 0.879049 -0.416816
-0.252014 0.859758 -0.407176
-0.274013 0.876567 -0.412786
-0.228372 0.845472 -0.403673
-0.254593 0.857233 -0.402669
-0.230572 0.842377 -0.399241
-0.256680 0.855087 -0.397773
-0.277273 0.874539 -0.408377
-0.299325 0.891940 -0.417953
-0.280062 0.872653 -0.403388
-0.282448 0.870895 -0.398148
-0.302525 0.890479 -0.412191
-0.304937 0.889358 -0.406080
-0.323003 0.910086 -0.425543
-0.319451 0.910702 -0.431381
-0.326013 0.909915 -0.419317
-0.340550 0.930943 -0.443221
-0.352704 0.949707 -0.460294
-0.343176 0.931367 -0.437105
-0.355376 0.950379 -0.454672
-0.345423 0.931892 -0.430919
-0.357068 0.951554 -0.448782
-0.328981 0.909658 -0.413413
-0.347894 0.932113 -0.424914
-0.358589 0.952693 -0.442836
-0.332215 0.909098 -0.407983
-0.350946 0.931872 -0.419090
-0.354488 0.931308 -0.413768
-0.360993 0.953352 -0.437191
-0.336107 0.908036 -0.402495
-0.312953 0.886173 -0.388326
-0.340475 0.906481 -0.396307
-0.314076 0.884400 -0.381544
-0.287542 0.866450 -0.375595
-0.313672 0.882921 -0.374977
-0.285864 0.866373 -0.369469
-0.259181 0.850008 -0.365476
-0.260209 0.849601 -0.370917
-0.233237 0.833670 -0.361499
-0.234101 0.833297 -0.366662
-0.231905 0.834668 -0.356442
-0.206657 0.821977 -0.360078
-0.205411 0.823133 -0.355252
-0.180673 0.811010 -0.359862
-0.207858 0.821201 -0.365289
-0.182099 0.810112 -0.365366
-0.208860 0.821161 -0.370712
-0.183359 0.809698 -0.371134
-0.234664 0.833447 -0.372094
-0.209393 0.821835 -0.376394
-0.184153 0.810141 -0.376936
-0.209465 0.823088 -0.382101
-0.234804 0.834123 -0.377697
-0.234506 0.835466 -0.383301
-0.260455 0.850440 -0.381139
-0.260664 0.849642 -0.375727
-0.286495 0.867747 -0.386166
-0.259652 0.851754 -0.386955
-0.284614 0.869134 -0.392153
-0.258385 0.853286 -0.392506
-0.233565 0.837484 -0.388777
-0.232225 0.839797 -0.394143
-0.209109 0.824873 -0.387846
-0.208116 0.827414 -0.393235
-0.184445 0.813712 -0.389255
-0.183903 0.816685 -0.395155
-0.184615 0.811440 -0.383264
-0.160260 0.803218 -0.391520
-0.159935 0.801094 -0.385217
-0.160301 0.806374 -0.398267
-0.136125 0.794030 -0.394243
-0.136577 0.797130 -0.400610
-0.135320 0.791645 -0.387139
-0.110471 0.787646 -0.394392
-0.082819 0.783937 -0.392501
-0.109439 0.786793 -0.386922
-0.110525 0.789783 -0.400681
-0.110167 0.792787 -0.406509
-0.083223 0.785264 -0.399156
-0.083405 0.787237 -0.405488
-0.055703 0.781890 -0.397178
-0.055434 0.780688 -0.390744
-0.055909 0.783713 -0.403130
-0.056076 0.785856 -0.408625
-0.083398 0.790007 -0.410758
-0.056245 0.788526 -0.413327
-0.083295 0.793112 -0.415348
-0.056172 0.791496 -0.417409
-0.082975 0.796219 -0.419357
-0.108300 0.803163 -0.419692
-0.082428 0.799554 -0.422834
-0.133282 0.811315 -0.420053
-0.109061 0.799600 -0.416052
-0.109590 0.796085 -0.411751
-0.134442 0.807603 -0.416132
-0.135374 0.804084 -0.411548
-0.157974 0.817529 -0.413111
-0.180874 0.827410 -0.408987
-0.156565 0.821414 -0.416433
-0.159062 0.813687 -0.408890
-0.182156 0.823532 -0.405090
-0.159759 0.809958 -0.403931
-0.183137 0.820014 -0.400504
-0.136078 0.800534 -0.406270
-0.206739 0.830444 -0.398198
-0.204979 0.833885 -0.402580
-0.202984 0.837468 -0.406196
-0.200806 0.841342 -0.409473
-0.179381 0.831367 -0.412312
-0.198311 0.845407 -0.411772
-0.195717 0.849248 -0.413611
-0.177242 0.835247 -0.414894
-0.192971 0.852904 -0.414533
-0.212680 0.863703 -0.414505
-0.190093 0.856593 -0.415097
-0.209210 0.867267 -0.414903
-0.187121 0.860047 -0.414923
-0.184090 0.863263 -0.414053
-0.205857 0.870670 -0.414857
-0.224753 0.883548 -0.417574
-0.202486 0.873983 -0.414212
-0.199299 0.876969 -0.412695
-0.220986 0.886588 -0.416756
-0.238575 0.901511 -0.424022
-0.217434 0.889499 -0.415501
-0.234652 0.904270 -0.422720
-0.213987 0.892152 -0.413521
-0.230858 0.906838 -0.421049
-0.210726 0.894532 -0.410985
-0.196153 0.879668 -0.410527
-0.178032 0.868752 -0.410385
-0.193196 0.881979 -0.407749
-0.190410 0.883903 -0.404333
-0.175166 0.870787 -0.407255
-0.172571 0.872392 -0.403642
-0.156691 0.860331 -0.408976
-0.136686 0.850257 -0.412315
-0.159340 0.858423 -0.412263
-0.154378 0.861693 -0.405556
-0.151930 0.862650 -0.401230
-0.134445 0.851475 -0.407531
-0.132968 0.852492 -0.402295
-0.131505 0.853010 -0.396798
-0.149548 0.863230 -0.396254
-0.130157 0.853007 -0.390866
-0.129289 0.853206 -0.385153
-0.147851 0.863628 -0.391288
-0.165842 0.875070 -0.390194
-0.146556 0.864073 -0.385951
-0.145513 0.864389 -0.380251
-0.164481 0.875504 -0.385470
-0.182960 0.888271 -0.387242
-0.200164 0.902728 -0.392016
-0.184108 0.887265 -0.391426
-0.201681 0.901341 -0.396089
-0.185729 0.886303 -0.395827
-0.203259 0.899981 -0.399925
-0.187904 0.885333 -0.400286
-0.167842 0.874523 -0.395078
-0.170127 0.873658 -0.399564
-0.205350 0.898401 -0.403977
-0.207756 0.896674 -0.407793
-0.221835 0.913233 -0.411871
-0.224335 0.911389 -0.415562
-0.219624 0.914976 -0.407941
-0.236824 0.929892 -0.424115
-0.250607 0.946431 -0.438407
-0.234743 0.931793 -0.420270
-0.239372 0.927879 -0.427435
-0.242691 0.925588 -0.430147
-0.253159 0.944200 -0.441490
-0.256213 0.941869 -0.444181
-0.263695 0.959691 -0.457494
-0.266879 0.957541 -0.460446
-0.271906 0.975133 -0.474177
-0.260991 0.962007 -0.454320
-0.269145 0.977322 -0.470793
-0.259032 0.964303 -0.450761
-0.248608 0.948491 -0.434907
-0.267087 0.979572 -0.466992
-0.257499 0.966526 -0.446672
-0.246858 0.950393 -0.430896
-0.265489 0.981883 -0.462893
-0.256280 0.968702 -0.442242
-0.264387 0.984234 -0.458660
-0.255607 0.970737 -0.437655
-0.245006 0.952389 -0.426624
-0.243261 0.954508 -0.422174
-0.230782 0.935734 -0.412059
-0.228993 0.937775 -0.407599
-0.215996 0.918335 -0.399726
-0.232781 0.933690 -0.416261
-0.217728 0.916645 -0.403877
-0.214643 0.919926 -0.395485
-0.227766 0.939537 -0.402980
-0.241989 0.956602 -0.417361
-0.255294 0.972689 -0.432716
-0.241854 0.958133 -0.412456
-0.255470 0.974263 -0.427926
-0.265340 0.990869 -0.444063
-0.256109 0.975893 -0.422967
-0.266944 0.991764 -0.438875
-0.276515 1.008856 -0.455508
-0.268869 0.992664 -0.433466
-0.279197 1.009771 -0.450213
-0.270658 0.993521 -0.428415
-0.282081 1.010400 -0.445355
-0.272962 0.994272 -0.423652
-0.284887 1.010961 -0.440856
-0.275433 0.994992 -0.419042
-0.287895 1.011461 -0.436404
-0.299104 1.029605 -0.453782
-0.291390 1.011654 -0.432424
-0.302722 1.029783 -0.450325
-0.310095 1.049070 -0.464661
-0.306999 1.029575 -0.447152
-0.315400 1.048609 -0.462081
-0.322835 1.066521 -0.475563
-0.329162 1.082479 -0.488114
-0.317415 1.066926 -0.478099
-0.328993 1.065721 -0.474583
-0.335086 1.082151 -0.487149
-0.341336 1.080894 -0.486777
-0.340330 1.098041 -0.499009
-0.345812 1.114151 -0.511281
-0.333885 1.098421 -0.499549
-0.347139 1.097139 -0.498903
-0.352671 1.113492 -0.511219
-0.353685 1.095737 -0.499272
-0.347764 1.079351 -0.486262
-0.359393 1.112615 -0.511464
-0.360474 1.094489 -0.498980
-0.367714 1.093683 -0.497274
-0.366432 1.111794 -0.511375
-0.354450 1.077870 -0.485556
-0.360974 1.077133 -0.483097
-0.353863 1.060467 -0.469220
-0.367556 1.076538 -0.480328
-0.359983 1.059631 -0.466266
-0.374157 1.075969 -0.477444
-0.374864 1.093360 -0.494587
-0.381429 1.110807 -0.508347
-0.382020 1.093114 -0.491772
-0.389111 1.092677 -0.489316
-0.389114 1.110840 -0.505751
-0.396915 1.110710 -0.503288
-0.394493 1.129387 -0.518704
-0.399246 1.148149 -0.532866
-0.402781 1.129629 -0.516194
-0.386701 1.129000 -0.521271
-0.379215 1.128832 -0.523239
-0.391236 1.147491 -0.534748
-0.395943 1.165332 -0.549601
-0.383683 1.147015 -0.536150
-0.376523 1.147064 -0.536521
-0.388264 1.165381 -0.549646
-0.393151 1.183875 -0.562845
-0.381283 1.165803 -0.548903
-0.386328 1.184299 -0.561976
-0.374608 1.166146 -0.548022
-0.369628 1.147653 -0.536143
-0.368083 1.166485 -0.547126
-0.379666 1.184529 -0.561253
-0.373374 1.184668 -0.560841
-0.385043 1.203691 -0.574121
-0.378810 1.203960 -0.573958
-0.390295 1.222703 -0.588525
-0.391466 1.203433 -0.574799
-0.397952 1.202944 -0.575838
-0.396509 1.222601 -0.588660
-0.401615 1.241419 -0.602852
-0.402905 1.222369 -0.589404
-0.409575 1.221737 -0.590710
-0.407879 1.241169 -0.603303
-0.412792 1.260613 -0.616765
-0.414401 1.240719 -0.604413
-0.419045 1.260236 -0.617627
-0.421013 1.240144 -0.605822
-0.416406 1.220982 -0.592172
-0.427925 1.239223 -0.607546
-0.425637 1.259755 -0.618918
-0.430269 1.279677 -0.631314
-0.432243 1.258808 -0.620559
-0.439214 1.257865 -0.622686
-0.436645 1.278818 -0.632912
-0.443251 1.277719 -0.634961
-0.441927 1.300566 -0.644706
-0.435521 1.301075 -0.643198
-0.447262 1.324587 -0.656112
-0.448507 1.299903 -0.646740
-0.454134 1.323822 -0.658245
-0.455069 1.298450 -0.649191
-0.461964 1.296935 -0.652328
-0.461225 1.322924 -0.661021
-0.450267 1.276464 -0.637502
-0.457674 1.275339 -0.639840
-0.446720 1.256908 -0.624770
-0.442927 1.237477 -0.610629
-0.454537 1.256335 -0.626171
-0.462207 1.255837 -0.627307
-0.450800 1.237250 -0.611434
-0.446764 1.219247 -0.595819
-0.458308 1.237114 -0.612021
-0.465780 1.236919 -0.612936
-0.454012 1.219193 -0.596339
-0.449896 1.201371 -0.580137
-0.461237 1.218900 -0.597262
-0.457008 1.200999 -0.581238
-0.468121 1.218192 -0.598696
-0.472762 1.236392 -0.614387
-0.463428 1.200035 -0.582924
-0.474022 1.216624 -0.601112
-0.478830 1.214482 -0.604232
-0.478888 1.235189 -0.616627
-0.468986 1.198364 -0.585363
-0.464415 1.179958 -0.569491
-0.473011 1.195982 -0.588557
-0.468413 1.177634 -0.572636
-0.475425 1.193220 -0.592331
-0.476388 1.190338 -0.596323
-0.470812 1.174964 -0.576316
-0.481464 1.211852 -0.608027
-0.482687 1.209058 -0.612129
-0.486803 1.230894 -0.623683
-0.483631 1.233245 -0.619929
-0.493490 1.250135 -0.638437
-0.488326 1.228213 -0.627938
-0.495323 1.247296 -0.642991
-0.489037 1.225323 -0.632398
-0.496034 1.244248 -0.647779
-0.488733 1.222440 -0.637076
-0.482662 1.206100 -0.616326
-0.476485 1.187281 -0.600353
-0.482024 1.203049 -0.620564
-0.475638 1.184080 -0.604222
-0.480418 1.199846 -0.624994
-0.477216 1.196270 -0.629876
-0.487654 1.219322 -0.641887
-0.473438 1.180763 -0.608535
-0.469967 1.177296 -0.613213
-0.466266 1.162221 -0.592642
-0.462449 1.158919 -0.597265
-0.461848 1.143888 -0.578500
-0.469207 1.165434 -0.588194
-0.470840 1.168839 -0.584189
-0.465704 1.147006 -0.573786
-0.461441 1.127271 -0.559725
-0.467743 1.150084 -0.569005
-0.464015 1.130273 -0.554631
-0.468390 1.153202 -0.564679
-0.468015 1.156340 -0.560352
-0.471181 1.171904 -0.580316
-0.465029 1.133208 -0.549872
-0.459018 1.111432 -0.535331
-0.465235 1.136201 -0.545129
-0.464099 1.139394 -0.540387
-0.458455 1.114293 -0.530353
-0.456225 1.117296 -0.525785
-0.451610 1.092296 -0.517410
-0.441047 1.071291 -0.505234
-0.448023 1.094841 -0.512765
-0.453721 1.089785 -0.522794
-0.452976 1.087549 -0.528559
-0.442141 1.068993 -0.510408
-0.428422 1.049969 -0.496693
-0.440953 1.067183 -0.515703
-0.426937 1.048364 -0.501701
-0.437646 1.065943 -0.520771
-0.424053 1.047082 -0.506665
-0.449401 1.086006 -0.533856
-0.433757 1.064729 -0.525824
-0.429701 1.063273 -0.531343
-0.444799 1.084287 -0.538926
-0.421045 1.045607 -0.511685
-0.418140 1.043878 -0.517110
-0.408819 1.027434 -0.497533
-0.411527 1.028839 -0.492458
-0.414128 1.030175 -0.487587
-0.398704 1.010651 -0.477096
-0.401533 1.011906 -0.472273
-0.389129 0.993386 -0.456433
-0.403664 1.013460 -0.467566
-0.404103 1.015641 -0.462880
-0.416198 1.031704 -0.482630
-0.391235 0.994990 -0.451936
-0.391619 0.997005 -0.447655
-0.379909 0.976217 -0.435977
-0.379921 0.978272 -0.431748
-0.369779 0.958256 -0.414207
-0.377998 0.980677 -0.427879
-0.367874 0.960515 -0.410159
-0.375306 0.983319 -0.424329
-0.390061 0.999545 -0.443645
-0.402214 1.018349 -0.458696
-0.387181 1.002330 -0.440173
-0.383355 1.005213 -0.437273
-0.399149 1.021199 -0.455116
-0.395086 1.024120 -0.452276
-0.409868 1.039914 -0.470269
-0.421352 1.058049 -0.484214
-0.413575 1.036964 -0.473721
-0.405810 1.042776 -0.467236
-0.417007 1.060922 -0.480938
-0.401357 1.045732 -0.464301
-0.412450 1.063770 -0.477761
-0.390848 1.027086 -0.449621
-0.396687 1.048678 -0.461681
-0.407556 1.066723 -0.474899
-0.391379 1.051375 -0.459950
-0.386277 1.029958 -0.447305
-0.374543 1.010879 -0.432671
-0.381220 1.032706 -0.445539
-0.369705 1.013651 -0.430921
-0.375532 1.035300 -0.444728
-0.385477 1.053875 -0.459096
-0.364217 1.016282 -0.430192
-0.369147 1.037626 -0.445192
-0.378966 1.055928 -0.459883
-0.358482 1.018582 -0.430137
-0.362976 1.039554 -0.446174
-0.372533 1.057580 -0.461281
-0.352623 1.020517 -0.430570
-0.356773 1.040827 -0.448119
-0.366114 1.058740 -0.463511
-0.340896 1.001203 -0.412568
-0.347110 0.999196 -0.412171
-0.336015 0.979051 -0.393727
-0.352965 0.996916 -0.412556
-0.358330 0.994232 -0.413943
-0.342067 0.976690 -0.394312
-0.347638 0.974138 -0.395744
-0.331390 0.953641 -0.375448
-0.352392 0.971325 -0.397942
-0.357002 0.968471 -0.400507
-0.363170 0.991503 -0.415967
-0.367515 0.988769 -0.418494
-0.379124 1.008097 -0.434732
-0.371680 0.986055 -0.421203
-0.361273 0.965651 -0.403271
-0.351891 0.942722 -0.384243
-0.365063 0.963025 -0.406456
-0.356298 0.940083 -0.387405
-0.359588 0.937583 -0.391161
-0.337324 0.913203 -0.366541
-0.340769 0.910474 -0.370112
-0.306115 0.889260 -0.350442
-0.309126 0.886957 -0.354133
-0.361695 0.935310 -0.395361
-0.380966 1.075143 -0.475079
-0.387801 1.073877 -0.473314
-0.394523 1.072106 -0.472431
-0.396369 1.091540 -0.487379
-0.403559 1.089687 -0.486285
-0.405003 1.110007 -0.501003
-0.412816 1.108686 -0.499232
-0.411544 1.129550 -0.514079
-0.416545 1.148848 -0.529434
-0.420139 1.129092 -0.512701
-0.428558 1.128249 -0.512117
-0.425146 1.148737 -0.528656
-0.428857 1.166430 -0.545916
-0.433518 1.148400 -0.528582
-0.441401 1.147787 -0.529195
-0.436713 1.166523 -0.545955
-0.444270 1.166258 -0.546437
-0.439149 1.183759 -0.563173
-0.431903 1.183597 -0.563197
-0.442639 1.201336 -0.579582
-0.446631 1.183742 -0.563676
-0.453480 1.183095 -0.564915
-0.451250 1.165388 -0.547628
-0.459570 1.181897 -0.566751
-0.457288 1.163798 -0.549805
-0.462202 1.161589 -0.552813
-0.455603 1.144697 -0.532623
-0.448899 1.146630 -0.530365
-0.460898 1.142313 -0.535972
-0.448688 1.122681 -0.517831
-0.452808 1.120163 -0.521665
-0.439024 1.099777 -0.505065
-0.443090 1.125069 -0.514690
-0.436325 1.126849 -0.512559
-0.433757 1.102281 -0.501794
-0.427747 1.104700 -0.499236
-0.423363 1.082140 -0.490377
-0.428593 1.079510 -0.493494
-0.417418 1.084730 -0.487782
-0.410498 1.087230 -0.486526
-0.420380 1.106928 -0.498422
-0.401305 1.069639 -0.473127
-0.433512 1.076674 -0.496982
-0.437889 1.073908 -0.500791
-0.443732 1.097306 -0.508711
-0.425063 1.055115 -0.487868
-0.427578 1.052343 -0.492069
-0.415864 1.034129 -0.477865
-0.466030 1.159180 -0.556272
-0.435324 1.201182 -0.579361
-0.427665 1.201093 -0.579177
-0.439210 1.219498 -0.595431
-0.431456 1.219776 -0.594710
-0.423679 1.220219 -0.593714
-0.435217 1.238181 -0.609131
-0.419767 1.201077 -0.578893
-0.416424 1.183047 -0.564183
-0.411982 1.201428 -0.578117
-0.404825 1.202318 -0.577073
-0.408299 1.183051 -0.564170
-0.400420 1.183307 -0.563636
-0.404246 1.165553 -0.549024
-0.412617 1.165942 -0.547924
-0.420861 1.166327 -0.546690
-0.407816 1.148689 -0.530912
-0.424321 1.183357 -0.563618
-0.415775 1.041997 -0.522551
-0.413440 1.040171 -0.527994
-0.426113 1.061663 -0.536941
-0.422943 1.059930 -0.542377
-0.435181 1.080759 -0.549788
-0.431486 1.078943 -0.555562
-0.439789 1.082523 -0.544108
-0.441876 1.099412 -0.561877
-0.438152 1.097231 -0.567690
-0.446405 1.101719 -0.556271
-0.446917 1.118474 -0.574553
-0.451788 1.121401 -0.569610
-0.442815 1.115472 -0.579748
-0.452091 1.137309 -0.587959
-0.456987 1.140659 -0.583190
-0.458057 1.155427 -0.602102
-0.447504 1.133824 -0.592938
-0.453183 1.151666 -0.607291
-0.442779 1.130371 -0.597932
-0.447686 1.147930 -0.612464
-0.438781 1.112446 -0.585060
-0.437575 1.127355 -0.602403
-0.430477 1.124826 -0.606305
-0.434288 1.109868 -0.590188
-0.441057 1.144610 -0.617084
-0.432922 1.142234 -0.620669
-0.446380 1.162301 -0.634196
-0.453903 1.165730 -0.629155
-0.451471 1.181116 -0.651518
-0.437286 1.159851 -0.637893
-0.442151 1.178168 -0.655665
-0.427648 1.157786 -0.640988
-0.418375 1.155896 -0.643741
-0.432712 1.175434 -0.659289
-0.423958 1.140308 -0.623719
-0.414950 1.138912 -0.626055
-0.421823 1.123036 -0.608968
-0.413010 1.121923 -0.610661
-0.420397 1.106370 -0.597631
-0.417664 1.089664 -0.586880
-0.410975 1.105309 -0.598697
-0.428273 1.107987 -0.594838
-0.424911 1.090720 -0.583995
-0.430597 1.092405 -0.579449
-0.418988 1.073315 -0.570703
-0.424286 1.074947 -0.566433
-0.411987 1.072721 -0.573447
-0.403937 1.073067 -0.574598
-0.395063 1.073709 -0.574538
-0.408438 1.089128 -0.587560
-0.399029 1.089282 -0.587065
-0.390254 1.090109 -0.586829
-0.401957 1.105383 -0.599050
-0.403749 1.121357 -0.612243
-0.392755 1.105639 -0.599574
-0.394640 1.120890 -0.613946
-0.383852 1.105691 -0.600700
-0.375585 1.105708 -0.602033
-0.381411 1.090864 -0.587054
-0.386287 1.120382 -0.615655
-0.389671 1.135741 -0.632127
-0.378696 1.119917 -0.617114
-0.382415 1.135427 -0.633091
-0.371347 1.119785 -0.618081
-0.364173 1.120146 -0.618328
-0.375285 1.135421 -0.633560
-0.367933 1.105670 -0.603199
-0.360497 1.105780 -0.603953
-0.364963 1.091740 -0.588844
-0.357242 1.092063 -0.589820
-0.372900 1.091330 -0.587860
-0.361584 1.077592 -0.574919
-0.369501 1.076681 -0.574340
-0.356933 1.062348 -0.560737
-0.354413 1.078364 -0.575470
-0.350022 1.063511 -0.561158
-0.347275 1.079078 -0.575404
-0.343631 1.064494 -0.561336
-0.340532 1.079945 -0.574725
-0.349874 1.092435 -0.589802
-0.353112 1.106431 -0.603823
-0.342865 1.093592 -0.589127
-0.346696 1.107965 -0.602897
-0.336665 1.095363 -0.587699
-0.331848 1.097942 -0.585049
-0.341006 1.110178 -0.601256
-0.334349 1.081343 -0.573507
-0.329207 1.083512 -0.571230
-0.331326 1.067207 -0.560043
-0.326144 1.069285 -0.558234
-0.337415 1.065622 -0.560996
-0.326281 1.052417 -0.546957
-0.318860 1.036918 -0.533832
-0.332021 1.050485 -0.547399
-0.321166 1.054673 -0.545632
-0.313702 1.039237 -0.533028
-0.316873 1.057109 -0.543514
-0.313957 1.059708 -0.540329
-0.309415 1.041761 -0.531063
-0.321941 1.071750 -0.555524
-0.325349 1.086176 -0.568146
-0.319205 1.074477 -0.552008
-0.318016 1.077257 -0.548153
-0.322794 1.088974 -0.564679
-0.322006 1.091899 -0.560631
-0.326575 1.104112 -0.577696
-0.325778 1.107025 -0.573169
-0.332550 1.119205 -0.590016
-0.328421 1.101033 -0.581703
-0.333891 1.116059 -0.594595
-0.340570 1.131195 -0.607213
-0.336771 1.112982 -0.598321
-0.343121 1.128236 -0.611129
-0.346842 1.125441 -0.614420
-0.348150 1.143892 -0.624779
-0.351818 1.141210 -0.628157
-0.352689 1.160304 -0.639893
-0.345571 1.146848 -0.620923
-0.344272 1.150005 -0.616795
-0.350453 1.163357 -0.636116
-0.355066 1.180088 -0.652359
-0.349343 1.166643 -0.632089
-0.354365 1.183442 -0.648292
-0.349577 1.170132 -0.627921
-0.350542 1.173507 -0.623606
-0.343952 1.153378 -0.612375
-0.354731 1.186929 -0.644134
-0.359209 1.204509 -0.660746
-0.356168 1.190563 -0.639794
-0.360956 1.208232 -0.656277
-0.358520 1.193939 -0.635127
-0.362190 1.197210 -0.630050
-0.363846 1.211956 -0.651316
-0.352334 1.176681 -0.618969
-0.355412 1.180050 -0.613959
-0.346547 1.159913 -0.603612
-0.349350 1.163247 -0.598639
-0.340468 1.143525 -0.588988
-0.344761 1.156600 -0.608260
-0.338924 1.140499 -0.593724
-0.332249 1.125257 -0.580627
-0.338482 1.137381 -0.598307
-0.331550 1.122245 -0.585436
-0.338934 1.134292 -0.602862
-0.333673 1.128182 -0.575846
-0.326414 1.109970 -0.568275
-0.327936 1.112721 -0.563516
-0.322221 1.094594 -0.556022
-0.323202 1.097013 -0.551230
-0.317718 1.079686 -0.544154
-0.318227 1.081970 -0.539644
-0.311345 1.064631 -0.532702
-0.311516 1.066990 -0.528428
-0.312197 1.062274 -0.536553
-0.303070 1.049219 -0.521036
-0.304254 1.046830 -0.524879
-0.293279 1.032941 -0.508352
-0.302782 1.051472 -0.516900
-0.292719 1.035158 -0.504278
-0.303366 1.053475 -0.512522
-0.293015 1.037268 -0.499958
-0.312372 1.069261 -0.524061
-0.304781 1.055476 -0.508097
-0.313429 1.071377 -0.519711
-0.294123 1.039283 -0.495302
-0.306507 1.057514 -0.503690
-0.296233 1.040953 -0.490654
-0.313603 1.073662 -0.515162
-0.307304 1.059859 -0.499260
-0.298594 1.042547 -0.485974
-0.312853 1.076048 -0.510641
-0.307414 1.062125 -0.494727
-0.307984 1.063908 -0.490125
-0.300225 1.044239 -0.481546
-0.312481 1.078221 -0.505879
-0.316898 1.093440 -0.516808
-0.313095 1.079861 -0.501209
-0.317727 1.095288 -0.512165
-0.315162 1.081066 -0.496905
-0.318533 1.082085 -0.492932
-0.319316 1.096860 -0.507674
-0.309573 1.065515 -0.485599
-0.303072 1.047720 -0.472353
-0.312737 1.066711 -0.481463
-0.305698 1.048771 -0.468121
-0.301416 1.046056 -0.477007
-0.296007 1.028985 -0.457756
-0.293211 1.028104 -0.462092
-0.290292 1.027123 -0.466657
-0.287465 1.025911 -0.471487
-0.284876 1.024380 -0.476648
-0.274192 1.007361 -0.460682
-0.283215 1.022588 -0.481577
-0.282570 1.020542 -0.486175
-0.272609 1.005060 -0.465974
-0.272320 1.002755 -0.470871
-0.264181 0.989168 -0.449500
-0.263905 0.986635 -0.454292
-0.272893 1.000622 -0.475220
-0.282699 1.018337 -0.490574
-0.273955 0.998380 -0.479305
-0.275356 0.996126 -0.483213
-0.283411 1.016041 -0.494819
-0.284926 1.013726 -0.498657
-0.287012 1.011325 -0.502201
-0.294762 1.030589 -0.512166
-0.297143 1.028201 -0.515531
-0.306373 1.044317 -0.528283
-0.300563 1.025795 -0.518098
-0.290168 1.008873 -0.505107
-0.304847 1.023429 -0.519791
-0.294420 1.006448 -0.507347
-0.309709 1.021167 -0.520585
-0.315177 1.019034 -0.520111
-0.299420 1.004300 -0.507982
-0.289628 0.987528 -0.493874
-0.304965 1.002372 -0.507382
-0.295233 0.985872 -0.494005
-0.311030 1.000517 -0.506166
-0.301692 0.984144 -0.493044
-0.320910 1.016964 -0.519122
-0.317397 0.998922 -0.504180
-0.327155 1.015306 -0.517665
-0.323931 0.997372 -0.502259
-0.307769 0.982471 -0.491326
-0.314062 0.980776 -0.489496
-0.297775 0.966281 -0.478224
-0.292134 0.968114 -0.479437
-0.303764 0.964358 -0.476784
-0.286338 0.949693 -0.464039
-0.281116 0.951921 -0.464366
-0.273403 0.932566 -0.448755
-0.292012 0.947374 -0.463424
-0.278642 0.929714 -0.448835
-0.298097 0.944845 -0.462801
-0.304674 0.942163 -0.462003
-0.310111 0.962209 -0.475552
-0.284329 0.926675 -0.448717
-0.320671 0.978844 -0.488022
-0.316781 0.959818 -0.474584
-0.327422 0.976657 -0.486967
-0.323441 0.957372 -0.473769
-0.333989 0.974379 -0.486368
-0.337678 0.993728 -0.499772
-0.347779 1.010483 -0.515044
-0.330718 0.995715 -0.500678
-0.340702 1.012374 -0.515468
-0.333812 1.013904 -0.516500
-0.349800 1.028492 -0.530754
-0.357183 1.026679 -0.530600
-0.357883 1.044717 -0.545717
-0.342666 1.030040 -0.531408
-0.336061 1.031453 -0.532131
-0.350474 1.046248 -0.546138
-0.343850 1.047614 -0.546704
-0.337950 1.048954 -0.547160
-0.330182 1.032878 -0.532936
-0.324321 1.034829 -0.533634
-0.365807 1.042977 -0.545492
-0.364548 1.061021 -0.560286
-0.372785 1.059600 -0.560104
-0.377741 1.075646 -0.573955
-0.381134 1.058360 -0.560273
-0.386256 1.074519 -0.574024
-0.373809 1.041198 -0.545472
-0.389531 1.057161 -0.560345
-0.264030 0.912005 -0.436153
-0.259101 0.915185 -0.435630
-0.247217 0.895446 -0.425145
-0.228661 0.880356 -0.417902
-0.242780 0.898593 -0.424821
-0.254596 0.918055 -0.434803
-0.250507 0.920671 -0.433731
-0.268715 0.935123 -0.448430
-0.264492 0.937348 -0.447463
-0.260091 0.939605 -0.445980
-0.276206 0.953842 -0.463944
-0.286104 0.969703 -0.479877
-0.271097 0.955566 -0.462646
-0.280326 0.971181 -0.478973
-0.275609 0.973088 -0.476914
-0.284580 0.989477 -0.492739
-0.280400 0.991687 -0.490266
-0.277540 0.993887 -0.486907
-0.246437 0.923206 -0.432211
-0.322719 1.097923 -0.503798
-0.325287 1.112752 -0.520158
-0.323512 1.111018 -0.524299
-0.332348 1.128731 -0.533046
-0.329105 1.113712 -0.516626
-0.335142 1.130047 -0.529044
-0.333812 1.114311 -0.513816
-0.339535 1.130851 -0.526029
-0.339374 1.114610 -0.511777
-0.327962 1.098412 -0.501034
-0.323470 1.082578 -0.490005
-0.345241 1.131065 -0.524254
-0.351452 1.130836 -0.523654
-0.350206 1.148484 -0.535887
-0.344507 1.148118 -0.537598
-0.355636 1.166380 -0.548645
-0.356427 1.148450 -0.535228
-0.361785 1.166575 -0.547455
-0.362883 1.148138 -0.535420
-0.358032 1.130379 -0.523858
-0.364736 1.129676 -0.524073
-0.371897 1.129009 -0.524333
-0.367276 1.184690 -0.561197
-0.361839 1.184411 -0.562447
-0.372700 1.203822 -0.574839
-0.367327 1.203078 -0.576688
-0.378532 1.222070 -0.589965
-0.373333 1.220898 -0.592189
-0.384247 1.222630 -0.588762
-0.384665 1.240093 -0.605872
-0.380525 1.238799 -0.608362
-0.389873 1.259520 -0.619578
-0.389821 1.240930 -0.604129
-0.395557 1.241295 -0.603244
-0.394853 1.260496 -0.617515
-0.400732 1.280142 -0.631426
-0.400720 1.260821 -0.616669
-0.406126 1.280732 -0.629982
-0.406680 1.260931 -0.616370
-0.411930 1.280849 -0.629491
-0.417608 1.301416 -0.642348
-0.417941 1.280568 -0.629671
-0.423419 1.301594 -0.641974
-0.423985 1.280192 -0.630251
-0.429402 1.301489 -0.642215
-0.434311 1.324986 -0.653743
-0.428070 1.324811 -0.653506
-0.440725 1.324836 -0.654645
-0.438903 1.349423 -0.666706
-0.432126 1.349145 -0.666331
-0.445229 1.371504 -0.682355
-0.445685 1.349476 -0.667587
-0.452198 1.371373 -0.683115
-0.452474 1.349299 -0.669044
-0.459038 1.370990 -0.684571
-0.459938 1.348539 -0.671342
-0.466325 1.370646 -0.686788
-0.467622 1.347635 -0.674381
-0.473798 1.370044 -0.689475
-0.475100 1.346180 -0.678026
-0.482251 1.344562 -0.682210
-0.468526 1.321372 -0.664519
-0.481153 1.369074 -0.692755
-0.490189 1.391979 -0.704991
-0.488813 1.367682 -0.696878
-0.496249 1.366041 -0.701533
-0.497943 1.390267 -0.709457
-0.509145 1.413554 -0.720554
-0.505194 1.388248 -0.714681
-0.511942 1.386257 -0.720523
-0.516636 1.411502 -0.726739
-0.527961 1.435114 -0.738899
-0.523257 1.409399 -0.733332
-0.534035 1.432438 -0.746193
-0.529975 1.407846 -0.739298
-0.519500 1.385169 -0.725481
-0.538432 1.430084 -0.753337
-0.537142 1.406871 -0.744433
-0.541534 1.428257 -0.759917
-0.543307 1.405681 -0.750589
-0.526525 1.384265 -0.730122
-0.518224 1.362396 -0.714557
-0.531402 1.382930 -0.735590
-0.522498 1.360803 -0.719630
-0.534127 1.381241 -0.741592
-0.525060 1.358903 -0.725291
-0.535561 1.379586 -0.747496
-0.544909 1.404212 -0.757029
-0.544401 1.402264 -0.763231
-0.544339 1.424813 -0.772215
-0.544129 1.422479 -0.777553
-0.545478 1.446325 -0.787698
-0.543333 1.426731 -0.766074
-0.542356 1.448228 -0.781048
-0.540250 1.449932 -0.774294
-0.544938 1.471664 -0.795235
-0.549181 1.465911 -0.802780
-0.545426 1.482576 -0.807109
-0.541465 1.471427 -0.785203
-0.545170 1.490386 -0.794241
-0.543284 1.493970 -0.802153
-0.546374 1.504452 -0.793085
-0.544857 1.488278 -0.786648
-0.542181 1.487486 -0.778662
-0.546835 1.503201 -0.785559
-0.545722 1.516482 -0.785402
-0.544289 1.503110 -0.778512
-0.539942 1.503523 -0.771826
-0.543683 1.516620 -0.779130
-0.539843 1.517093 -0.773240
-0.541872 1.528236 -0.780553
-0.538798 1.528685 -0.775695
-0.539865 1.538831 -0.782101
-0.543772 1.527895 -0.786140
-0.541805 1.538124 -0.786761
-0.543754 1.527701 -0.791992
-0.545124 1.516805 -0.792055
-0.541841 1.537605 -0.791973
-0.540327 1.527611 -0.797260
-0.539527 1.537048 -0.796820
-0.534013 1.527492 -0.800032
-0.541185 1.517469 -0.798372
-0.542411 1.506438 -0.800063
-0.534192 1.517868 -0.802021
-0.534365 1.508120 -0.805207
-0.525443 1.518421 -0.803164
-0.522458 1.510859 -0.809610
-0.526528 1.526959 -0.800435
-0.516986 1.518626 -0.801566
-0.513817 1.513100 -0.806487
-0.507723 1.518397 -0.797724
-0.518250 1.526130 -0.798893
-0.509018 1.525048 -0.795297
-0.519036 1.534083 -0.797388
-0.526466 1.535163 -0.798956
-0.520661 1.542790 -0.796507
-0.511283 1.533062 -0.794280
-0.503264 1.532533 -0.790085
-0.514952 1.542186 -0.794174
-0.519486 1.551387 -0.794001
-0.509387 1.542440 -0.791316
-0.515693 1.551996 -0.792312
-0.505101 1.543494 -0.788514
-0.496433 1.533147 -0.785551
-0.512739 1.553207 -0.790758
-0.501996 1.545650 -0.785641
-0.500085 1.547929 -0.782991
-0.510808 1.555026 -0.788643
-0.491479 1.534558 -0.781334
-0.487306 1.535491 -0.777418
-0.483566 1.523761 -0.779482
-0.479303 1.513532 -0.780741
-0.478104 1.523193 -0.775265
-0.490081 1.523813 -0.784378
-0.487785 1.516178 -0.786114
-0.498919 1.524134 -0.790097
-0.497432 1.517967 -0.792419
-0.496250 1.513316 -0.795966
-0.487643 1.511079 -0.789504
-0.505636 1.512923 -0.801674
-0.493817 1.510828 -0.800812
-0.501861 1.509986 -0.806901
-0.490040 1.511074 -0.805244
-0.486639 1.507427 -0.794087
-0.478784 1.502990 -0.788223
-0.483703 1.506006 -0.798741
-0.476841 1.500598 -0.792668
-0.479086 1.507453 -0.802214
-0.474747 1.510052 -0.803609
-0.472311 1.501461 -0.795912
-0.484755 1.513180 -0.808801
-0.489219 1.517557 -0.815647
-0.479563 1.516240 -0.810542
-0.481626 1.522018 -0.816614
-0.474099 1.518880 -0.810643
-0.469218 1.520738 -0.809799
-0.470668 1.512326 -0.804563
-0.474210 1.525068 -0.815744
-0.473019 1.529885 -0.820118
-0.467507 1.526804 -0.813552
-0.461960 1.527409 -0.810497
-0.464514 1.531114 -0.816540
-0.460493 1.534949 -0.819982
-0.457654 1.531524 -0.812275
-0.451842 1.531222 -0.807243
-0.452215 1.535382 -0.814828
-0.446499 1.539039 -0.817682
-0.445616 1.534825 -0.808889
-0.439178 1.533699 -0.802091
-0.438487 1.538237 -0.811141
-0.430486 1.541046 -0.814882
-0.430774 1.536977 -0.804346
-0.420978 1.539698 -0.808044
-0.424163 1.535148 -0.797765
-0.432639 1.532248 -0.795255
-0.413119 1.537746 -0.801497
-0.418670 1.532987 -0.791520
-0.425042 1.529853 -0.788983
-0.413519 1.530555 -0.788087
-0.407627 1.535251 -0.795607
-0.403869 1.531880 -0.790334
-0.394870 1.536530 -0.800927
-0.401027 1.539093 -0.806580
-0.382300 1.537016 -0.807225
-0.390851 1.533227 -0.795982
-0.388369 1.528683 -0.791850
-0.377891 1.533802 -0.802490
-0.374850 1.530017 -0.798311
-0.366211 1.534541 -0.809511
-0.362028 1.531133 -0.805285
-0.371862 1.537272 -0.814094
-0.357190 1.534847 -0.816370
-0.351963 1.532298 -0.812134
-0.364230 1.537099 -0.820887
-0.350628 1.534247 -0.822748
-0.344567 1.532116 -0.818405
-0.358953 1.535890 -0.827343
-0.345227 1.532456 -0.829158
-0.338755 1.530792 -0.824406
-0.340891 1.528739 -0.835497
-0.354772 1.533380 -0.833979
-0.351868 1.528888 -0.840179
-0.368961 1.534714 -0.839338
-0.367009 1.529821 -0.845015
-0.371552 1.537682 -0.833014
-0.384125 1.536489 -0.844274
-0.386703 1.540039 -0.838326
-0.382301 1.531212 -0.849362
-0.400789 1.537916 -0.849549
-0.403348 1.541818 -0.844006
-0.398812 1.532433 -0.854030
-0.417836 1.537486 -0.853829
-0.420322 1.541363 -0.848896
-0.415785 1.532276 -0.857791
-0.435560 1.535551 -0.857203
-0.454193 1.532376 -0.860295
-0.433169 1.530868 -0.860549
-0.437944 1.538711 -0.852763
-0.456822 1.535972 -0.856693
-0.440414 1.541170 -0.848008
-0.423148 1.544222 -0.843470
-0.459010 1.538614 -0.852259
-0.443169 1.542867 -0.842882
-0.461015 1.540133 -0.847344
-0.426161 1.545365 -0.837697
-0.445815 1.543141 -0.837828
-0.462877 1.540483 -0.842421
-0.430289 1.544946 -0.831834
-0.448778 1.542325 -0.832752
-0.464815 1.539962 -0.837609
-0.452152 1.540885 -0.827937
-0.435316 1.543535 -0.826359
-0.440567 1.541715 -0.821647
-0.422952 1.542957 -0.819864
-0.416216 1.544176 -0.825595
-0.410851 1.541521 -0.813069
-0.401918 1.542289 -0.819106
-0.389701 1.539626 -0.812668
-0.394992 1.542428 -0.825557
-0.410610 1.544603 -0.831738
-0.380856 1.539507 -0.819576
-0.390272 1.541716 -0.831964
-0.375298 1.539047 -0.826295
-0.406646 1.543714 -0.837864
-0.466740 1.538726 -0.833057
-0.456288 1.538402 -0.823562
-0.468742 1.536532 -0.828581
-0.482834 1.533292 -0.830772
-0.471063 1.533460 -0.824243
-0.483326 1.530760 -0.826422
-0.482883 1.527120 -0.821804
-0.495783 1.525255 -0.825515
-0.492616 1.521860 -0.820702
-0.497957 1.527403 -0.829832
-0.506051 1.517893 -0.821909
-0.514521 1.512504 -0.816478
-0.501547 1.516134 -0.817526
-0.509800 1.519307 -0.826581
-0.512706 1.519670 -0.831921
-0.519621 1.511673 -0.821482
-0.528280 1.504741 -0.815607
-0.524101 1.510697 -0.827024
-0.526935 1.509478 -0.832504
-0.533494 1.500743 -0.821284
-0.536905 1.497951 -0.826904
-0.540498 1.490975 -0.814618
-0.544644 1.486909 -0.820254
-0.537049 1.498508 -0.809206
-0.546950 1.483807 -0.825635
-0.549033 1.476876 -0.812528
-0.552016 1.472876 -0.817826
-0.552732 1.461049 -0.808280
-0.552809 1.469181 -0.823284
-0.554328 1.456279 -0.813465
-0.551990 1.465856 -0.828246
-0.547385 1.480860 -0.830829
-0.545771 1.477740 -0.835363
-0.538564 1.492775 -0.837218
-0.536620 1.489450 -0.841579
-0.527649 1.504792 -0.842671
-0.538578 1.495379 -0.832278
-0.528084 1.507442 -0.837866
-0.515040 1.518239 -0.842209
-0.514370 1.516312 -0.847019
-0.499370 1.527800 -0.844674
-0.514492 1.519328 -0.837021
-0.499713 1.528672 -0.839652
-0.482315 1.535766 -0.840151
-0.499292 1.528600 -0.834708
-0.482581 1.535022 -0.835357
-0.481574 1.535605 -0.845110
-0.480316 1.534775 -0.849812
-0.498246 1.526112 -0.849483
-0.478244 1.532684 -0.854221
-0.496451 1.523707 -0.853753
-0.475868 1.529687 -0.858197
-0.493924 1.520421 -0.857448
-0.473032 1.526136 -0.861293
-0.490845 1.516827 -0.860768
-0.469642 1.522049 -0.863680
-0.451362 1.528116 -0.863185
-0.486704 1.512722 -0.863354
-0.465677 1.517538 -0.865606
-0.448430 1.522951 -0.865082
-0.481080 1.507961 -0.865405
-0.460948 1.512476 -0.867006
-0.474636 1.503160 -0.866842
-0.445374 1.517113 -0.866441
-0.455996 1.506662 -0.867664
-0.451227 1.500902 -0.867875
-0.442193 1.510045 -0.867129
-0.466340 1.498033 -0.867533
-0.476408 1.482836 -0.865028
-0.456110 1.493078 -0.867677
-0.463513 1.477634 -0.865216
-0.441755 1.488815 -0.866314
-0.440190 1.501026 -0.867046
-0.426077 1.485776 -0.863898
-0.446398 1.472917 -0.864676
-0.446219 1.451760 -0.863397
-0.429459 1.469010 -0.863360
-0.412982 1.465432 -0.861754
-0.429212 1.449122 -0.864538
-0.422028 1.427602 -0.874087
-0.412548 1.446706 -0.865614
-0.407449 1.427482 -0.876007
-0.396257 1.444057 -0.866100
-0.392662 1.426299 -0.876980
-0.380350 1.441102 -0.866341
-0.396630 1.462252 -0.860115
-0.380977 1.459399 -0.859331
-0.395416 1.480089 -0.858048
-0.395362 1.495389 -0.858103
-0.380796 1.477135 -0.856122
-0.410787 1.482794 -0.860954
-0.410358 1.497835 -0.861708
-0.425383 1.499607 -0.864878
-0.411225 1.509469 -0.862232
-0.396162 1.507781 -0.858468
-0.412528 1.518564 -0.861877
-0.426740 1.510414 -0.865276
-0.428562 1.518778 -0.864951
-0.430759 1.525518 -0.863387
-0.414082 1.525892 -0.860438
-0.397554 1.525594 -0.856755
-0.396796 1.517554 -0.858050
-0.381526 1.524107 -0.852507
-0.366287 1.522467 -0.848755
-0.381327 1.515868 -0.854266
-0.366319 1.513929 -0.850758
-0.381234 1.505900 -0.854927
-0.366034 1.503528 -0.851745
-0.380944 1.493004 -0.855180
-0.366842 1.490449 -0.852805
-0.367214 1.474573 -0.854580
-0.353801 1.487903 -0.850609
-0.354274 1.471932 -0.852897
-0.342555 1.485565 -0.848067
-0.352186 1.501100 -0.849146
-0.340516 1.499241 -0.846734
-0.351163 1.512574 -0.847606
-0.350753 1.521762 -0.844965
-0.337997 1.511251 -0.844674
-0.338342 1.521415 -0.841047
-0.327481 1.510204 -0.840404
-0.320427 1.509019 -0.835054
-0.328878 1.521265 -0.836246
-0.329997 1.497369 -0.843061
-0.332811 1.483132 -0.844626
-0.322530 1.495551 -0.837846
-0.326019 1.480906 -0.839209
-0.319706 1.494050 -0.831092
-0.318490 1.507847 -0.828611
-0.322821 1.479142 -0.832672
-0.320116 1.493102 -0.824283
-0.323541 1.478170 -0.825874
-0.319505 1.506906 -0.822256
-0.323746 1.492746 -0.818086
-0.329248 1.492982 -0.812712
-0.323512 1.506338 -0.816585
-0.327197 1.478023 -0.819735
-0.332232 1.478507 -0.814007
-0.329721 1.460221 -0.820952
-0.334460 1.461278 -0.815008
-0.334124 1.435289 -0.822899
-0.326496 1.460124 -0.827217
-0.331351 1.434580 -0.829171
-0.325561 1.461218 -0.833792
-0.329605 1.437167 -0.835494
-0.327571 1.463122 -0.840443
-0.333595 1.465894 -0.846147
-0.330201 1.440309 -0.841884
-0.334712 1.444337 -0.848063
-0.338022 1.413775 -0.846308
-0.339452 1.407708 -0.840287
-0.339454 1.419787 -0.852576
-0.345173 1.393860 -0.854601
-0.344604 1.400045 -0.861013
-0.351092 1.379701 -0.863639
-0.348301 1.387786 -0.848430
-0.354539 1.379545 -0.839903
-0.355424 1.373749 -0.857228
-0.362555 1.362670 -0.865998
-0.362545 1.366893 -0.847835
-0.370211 1.356536 -0.855024
-0.371687 1.357649 -0.833396
-0.365061 1.366033 -0.826391
-0.378407 1.349999 -0.838646
-0.377552 1.342184 -0.811735
-0.372183 1.347723 -0.806941
-0.384380 1.336857 -0.815595
-0.377992 1.322426 -0.789066
-0.373929 1.325892 -0.785153
-0.381720 1.304245 -0.770236
-0.384932 1.319722 -0.792560
-0.393136 1.317488 -0.795428
-0.387587 1.302913 -0.773406
-0.390882 1.285504 -0.757886
-0.394563 1.302215 -0.775691
-0.397565 1.285336 -0.760142
-0.403336 1.302597 -0.777591
-0.413127 1.303846 -0.778771
-0.405157 1.285918 -0.761634
-0.402812 1.316384 -0.796998
-0.413071 1.317002 -0.798933
-0.400750 1.329632 -0.822050
-0.393797 1.337483 -0.846040
-0.409640 1.328050 -0.824894
-0.392080 1.332153 -0.819034
-0.385474 1.343228 -0.842952
-0.378334 1.347685 -0.860372
-0.370434 1.353302 -0.872859
-0.386523 1.340891 -0.864287
-0.377852 1.346521 -0.878413
-0.395520 1.336403 -0.867998
-0.385632 1.342619 -0.883131
-0.403608 1.332966 -0.848468
-0.404895 1.333614 -0.871747
-0.415324 1.330973 -0.850936
-0.414452 1.333571 -0.875098
-0.393517 1.340074 -0.887359
-0.401442 1.339607 -0.891129
-0.383855 1.346771 -0.898656
-0.377007 1.349052 -0.893817
-0.390791 1.346669 -0.902545
-0.377297 1.353730 -0.906615
-0.374298 1.358872 -0.910011
-0.382519 1.354037 -0.910142
-0.371313 1.355605 -0.901662
-0.365486 1.359582 -0.895728
-0.369203 1.361143 -0.907585
-0.369368 1.364809 -0.911549
-0.363389 1.365375 -0.901675
-0.363775 1.370258 -0.906320
-0.357839 1.371820 -0.893800
-0.353421 1.380893 -0.884608
-0.358699 1.377744 -0.898640
-0.359437 1.365939 -0.888355
-0.353876 1.374455 -0.879058
-0.363626 1.359995 -0.881972
-0.370320 1.353032 -0.888292
-0.357052 1.368573 -0.873249
-0.349125 1.385883 -0.869688
-0.350097 1.392489 -0.875779
-0.355061 1.399268 -0.881247
-0.347331 1.406856 -0.867280
-0.344346 1.425966 -0.858539
-0.354372 1.413793 -0.872394
-0.353105 1.431955 -0.863221
-0.364918 1.419688 -0.875474
-0.363536 1.405423 -0.885472
-0.378074 1.423999 -0.876986
-0.365705 1.437191 -0.865445
-0.366431 1.456645 -0.858350
-0.353260 1.453198 -0.856425
-0.342597 1.448831 -0.853046
-0.342715 1.469095 -0.850554
-0.374505 1.410009 -0.887921
-0.370677 1.398071 -0.897157
-0.387375 1.412358 -0.888388
-0.400563 1.413068 -0.888163
-0.381218 1.400856 -0.898594
-0.376382 1.390122 -0.907147
-0.392427 1.401897 -0.898920
-0.403713 1.401083 -0.898933
-0.385445 1.391508 -0.907859
-0.395026 1.391528 -0.908110
-0.381714 1.382533 -0.915128
-0.389682 1.383507 -0.915172
-0.383155 1.375503 -0.918721
-0.374955 1.380576 -0.914365
-0.378705 1.373039 -0.918238
-0.369710 1.377919 -0.912628
-0.366072 1.374268 -0.909767
-0.368390 1.387290 -0.905455
-0.374716 1.370215 -0.917040
-0.382974 1.364388 -0.917497
-0.371551 1.367427 -0.914565
-0.379306 1.362164 -0.915512
-0.387609 1.355647 -0.912570
-0.376427 1.360758 -0.913115
-0.397427 1.348146 -0.905668
-0.392765 1.357820 -0.914807
-0.398026 1.361248 -0.916470
-0.403860 1.350896 -0.907910
-0.409698 1.354695 -0.909645
-0.417268 1.343887 -0.896915
-0.432623 1.338073 -0.880880
-0.424021 1.348024 -0.898822
-0.409655 1.340968 -0.894450
-0.423958 1.335110 -0.878234
-0.438015 1.331654 -0.855796
-0.445170 1.329686 -0.829588
-0.426776 1.330526 -0.853439
-0.447694 1.335674 -0.857792
-0.456715 1.340775 -0.859778
-0.457181 1.333891 -0.830593
-0.468198 1.340592 -0.831560
-0.457497 1.328565 -0.804649
-0.445041 1.323886 -0.804027
-0.469794 1.335191 -0.804737
-0.452855 1.315956 -0.778553
-0.442255 1.311841 -0.779218
-0.464084 1.320694 -0.777048
-0.449789 1.296952 -0.759022
-0.439833 1.293660 -0.760791
-0.447710 1.275018 -0.744189
-0.459954 1.300531 -0.756598
-0.470553 1.304478 -0.753623
-0.457752 1.278192 -0.741196
-0.467860 1.281839 -0.737537
-0.454204 1.255895 -0.727540
-0.447960 1.233678 -0.711508
-0.444149 1.253142 -0.730735
-0.464288 1.259045 -0.723490
-0.473943 1.262495 -0.718671
-0.457977 1.236583 -0.707402
-0.452592 1.215648 -0.690634
-0.467935 1.239855 -0.702407
-0.462534 1.219066 -0.685706
-0.477281 1.243303 -0.696770
-0.482681 1.265967 -0.713340
-0.485343 1.246876 -0.690740
-0.472029 1.222860 -0.680157
-0.480051 1.226800 -0.674319
-0.465955 1.203818 -0.663767
-0.473975 1.207909 -0.658240
-0.456931 1.200014 -0.668905
-0.459903 1.184534 -0.646518
-0.467012 1.188462 -0.640827
-0.472668 1.192431 -0.635179
-0.460097 1.169656 -0.623644
-0.465494 1.173602 -0.618254
-0.480205 1.212015 -0.652690
-0.486404 1.230704 -0.668527
-0.484902 1.215839 -0.647175
-0.491187 1.234423 -0.662918
-0.494146 1.237895 -0.657607
-0.496683 1.254007 -0.678546
-0.501525 1.276474 -0.695408
-0.491922 1.250489 -0.684528
-0.499711 1.257387 -0.672931
-0.504863 1.279712 -0.689577
-0.500884 1.260491 -0.667779
-0.501080 1.263394 -0.662635
-0.495404 1.241142 -0.652641
-0.506541 1.282627 -0.684024
-0.507099 1.285360 -0.678587
-0.512371 1.306180 -0.701217
-0.521206 1.330658 -0.719439
-0.512548 1.308949 -0.695597
-0.510577 1.303076 -0.706947
-0.517644 1.327755 -0.725075
-0.507161 1.299850 -0.712764
-0.513215 1.324582 -0.730598
-0.502031 1.296520 -0.718447
-0.496897 1.273020 -0.701420
-0.507553 1.320975 -0.736079
-0.494999 1.292978 -0.723882
-0.500376 1.316856 -0.741540
-0.486677 1.289294 -0.728934
-0.490416 1.269444 -0.707578
-0.491366 1.312625 -0.746423
-0.477702 1.285600 -0.733436
-0.481129 1.308491 -0.750394
-0.485541 1.330759 -0.771000
-0.491082 1.356635 -0.804046
-0.497396 1.336492 -0.766000
-0.475247 1.326023 -0.774372
-0.480580 1.344368 -0.804650
-0.476980 1.349481 -0.832683
-0.483282 1.358725 -0.834321
-0.463324 1.347674 -0.861258
-0.468011 1.355378 -0.863129
-0.446010 1.348497 -0.884233
-0.449867 1.354711 -0.885581
-0.440223 1.342686 -0.882775
-0.429653 1.352985 -0.900020
-0.415058 1.359324 -0.910172
-0.433922 1.358476 -0.900447
-0.420155 1.364827 -0.909821
-0.437880 1.364723 -0.900083
-0.441055 1.372212 -0.897280
-0.424670 1.371419 -0.907265
-0.451965 1.361665 -0.886825
-0.470889 1.363950 -0.865087
-0.453242 1.368821 -0.887572
-0.455629 1.376700 -0.885165
-0.471514 1.373416 -0.867754
-0.489312 1.386450 -0.844368
-0.468388 1.383475 -0.871547
-0.484528 1.400476 -0.851350
-0.460488 1.393243 -0.876269
-0.449216 1.401421 -0.880736
-0.474703 1.411979 -0.858144
-0.447059 1.380892 -0.891174
-0.436816 1.388386 -0.894952
-0.429653 1.379081 -0.902571
-0.424839 1.394618 -0.897428
-0.414022 1.398705 -0.898587
-0.417668 1.385488 -0.905718
-0.436859 1.407148 -0.883890
-0.450312 1.424558 -0.868143
-0.425231 1.410667 -0.885920
-0.436305 1.426758 -0.871451
-0.413287 1.412472 -0.887307
-0.463542 1.454589 -0.861416
-0.462073 1.421299 -0.863827
-0.481707 1.456571 -0.858672
-0.493947 1.440500 -0.850491
-0.498668 1.472694 -0.859571
-0.508669 1.459466 -0.853668
-0.507425 1.481122 -0.858737
-0.487310 1.488999 -0.864354
-0.495394 1.494818 -0.863040
-0.501806 1.500334 -0.861015
-0.506353 1.505170 -0.858418
-0.513820 1.487380 -0.856892
-0.524524 1.476220 -0.851817
-0.519026 1.492814 -0.854163
-0.529688 1.481341 -0.849214
-0.523142 1.497499 -0.851002
-0.509955 1.509450 -0.855359
-0.533824 1.485754 -0.845621
-0.525969 1.501517 -0.847066
-0.512658 1.513319 -0.851494
-0.542773 1.474548 -0.839354
-0.539021 1.471008 -0.843032
-0.549225 1.462725 -0.832945
-0.550413 1.448122 -0.823837
-0.545038 1.460064 -0.837039
-0.545567 1.445354 -0.828446
-0.539771 1.457594 -0.840706
-0.539488 1.443613 -0.833066
-0.534155 1.466683 -0.845876
-0.533768 1.454309 -0.843275
-0.528213 1.460276 -0.847701
-0.530690 1.443501 -0.838651
-0.519265 1.447196 -0.845622
-0.521614 1.425706 -0.826886
-0.504084 1.423291 -0.838405
-0.515645 1.404885 -0.816006
-0.531181 1.427079 -0.820042
-0.524213 1.409006 -0.808086
-0.537694 1.428739 -0.814574
-0.543309 1.431456 -0.809100
-0.531026 1.412347 -0.801786
-0.536683 1.415853 -0.795648
-0.526199 1.393484 -0.788540
-0.532720 1.396405 -0.781623
-0.520749 1.370962 -0.771771
-0.518875 1.389470 -0.796217
-0.509789 1.384554 -0.804976
-0.512210 1.367278 -0.779794
-0.502369 1.363297 -0.789567
-0.506625 1.341624 -0.760034
-0.514145 1.346081 -0.753726
-0.519444 1.349428 -0.747827
-0.522951 1.352185 -0.742059
-0.526977 1.373690 -0.765276
-0.531344 1.375814 -0.759493
-0.534433 1.377903 -0.753547
-0.537034 1.398165 -0.775971
-0.540911 1.400080 -0.769857
-0.540884 1.418339 -0.789403
-0.542784 1.420155 -0.783311
-0.546946 1.435599 -0.803434
-0.553027 1.452036 -0.818726
-0.548156 1.439909 -0.798229
-0.547698 1.443476 -0.793399
-0.525038 1.354645 -0.736378
-0.525425 1.356757 -0.730758
-0.522877 1.333568 -0.713287
-0.522496 1.336241 -0.707191
-0.518858 1.338858 -0.701435
-0.510863 1.311408 -0.690345
-0.507770 1.313750 -0.685570
-0.506412 1.287963 -0.673351
-0.503040 1.290186 -0.668556
-0.500027 1.266268 -0.657768
-0.497595 1.268898 -0.653407
-0.493308 1.270977 -0.649528
-0.487642 1.272717 -0.646307
-0.489705 1.252602 -0.634409
-0.498322 1.292093 -0.664399
-0.492070 1.293152 -0.661461
-0.503371 1.315485 -0.681147
-0.497270 1.316561 -0.677839
-0.512362 1.340416 -0.696579
-0.504468 1.341140 -0.693384
-0.496541 1.341768 -0.690390
-0.511270 1.363386 -0.710405
-0.503707 1.364416 -0.706390
-0.489089 1.342965 -0.686524
-0.489956 1.317134 -0.675384
-0.484707 1.293772 -0.659757
-0.482510 1.317992 -0.672377
-0.475470 1.319573 -0.668501
-0.476854 1.294297 -0.658133
-0.469185 1.295407 -0.655590
-0.473176 1.274142 -0.642775
-0.465462 1.274540 -0.641656
-0.469757 1.255485 -0.628214
-0.480661 1.273621 -0.644139
-0.477132 1.255193 -0.629420
-0.483961 1.254257 -0.631451
-0.500510 1.379123 -0.817330
-0.488333 1.371906 -0.838185
-0.504332 1.398925 -0.827108
-0.517867 1.469563 -0.853545
-0.405888 1.389593 -0.907467
-0.412927 1.377670 -0.911558
-0.408063 1.370908 -0.915042
-0.401300 1.382111 -0.914257
-0.396586 1.375408 -0.918549
-0.391726 1.370947 -0.919490
-0.388514 1.377920 -0.918398
-0.387253 1.367478 -0.918798
-0.403147 1.365704 -0.916442
-0.447440 1.196554 -0.673398
-0.437804 1.193471 -0.677172
-0.442742 1.212763 -0.694753
-0.428292 1.190892 -0.680230
-0.419117 1.188978 -0.682426
-0.433167 1.210395 -0.697982
-0.423357 1.173000 -0.662414
-0.414487 1.171176 -0.664760
-0.409629 1.154239 -0.646098
-0.406168 1.169922 -0.666276
-0.398356 1.169052 -0.667178
-0.410477 1.187613 -0.683943
-0.401495 1.153048 -0.647805
-0.397509 1.136554 -0.630479
-0.393805 1.152288 -0.648949
-0.386561 1.151986 -0.649523
-0.390889 1.168566 -0.667571
-0.379634 1.152171 -0.649535
-0.373136 1.152687 -0.649134
-0.383834 1.168709 -0.667239
-0.376912 1.169193 -0.666513
-0.387699 1.186531 -0.685098
-0.392007 1.205649 -0.703214
-0.394927 1.186542 -0.685203
-0.380655 1.186962 -0.684338
-0.374030 1.187795 -0.682965
-0.384900 1.206064 -0.702253
-0.378241 1.207017 -0.700356
-0.390468 1.226544 -0.717916
-0.395603 1.246693 -0.732951
-0.397690 1.226198 -0.718976
-0.383916 1.227428 -0.715902
-0.378007 1.228819 -0.713232
-0.388796 1.247434 -0.730827
-0.391893 1.267243 -0.743929
-0.383132 1.248901 -0.727623
-0.378846 1.250925 -0.723724
-0.386359 1.268344 -0.740826
-0.385472 1.286502 -0.754779
-0.381977 1.270141 -0.736997
-0.378871 1.272352 -0.732819
-0.381616 1.288381 -0.750892
-0.377648 1.306224 -0.766483
-0.379092 1.290707 -0.746796
-0.374956 1.308778 -0.762307
-0.377622 1.293348 -0.742680
-0.374449 1.311541 -0.758251
-0.377290 1.274958 -0.728400
-0.377590 1.296253 -0.738382
-0.376666 1.277757 -0.723976
-0.374395 1.314870 -0.753465
-0.378591 1.299295 -0.734050
-0.380795 1.302918 -0.729741
-0.377575 1.280764 -0.719497
-0.375798 1.318017 -0.749527
-0.378666 1.321934 -0.745195
-0.371776 1.339420 -0.765361
-0.368912 1.364175 -0.781423
-0.370241 1.335419 -0.770307
-0.375635 1.343183 -0.760437
-0.373214 1.368147 -0.775668
-0.381245 1.347694 -0.755361
-0.379115 1.372744 -0.770706
-0.382919 1.326333 -0.740954
-0.387900 1.352715 -0.751150
-0.395623 1.357645 -0.747414
-0.386138 1.377608 -0.766483
-0.389292 1.331317 -0.736426
-0.389159 1.310800 -0.721279
-0.396237 1.335639 -0.732437
-0.403506 1.338925 -0.727963
-0.395117 1.314483 -0.717106
-0.393045 1.294082 -0.701638
-0.400502 1.317574 -0.713232
-0.398069 1.297319 -0.697291
-0.404993 1.321674 -0.707040
-0.402044 1.301071 -0.691836
-0.409018 1.342388 -0.722523
-0.405904 1.325622 -0.701298
-0.411023 1.346720 -0.716828
-0.402809 1.304571 -0.686244
-0.405348 1.329072 -0.696041
-0.404846 1.332352 -0.690949
-0.401895 1.307683 -0.681088
-0.411281 1.350102 -0.712229
-0.410796 1.353935 -0.706296
-0.419181 1.372165 -0.728395
-0.416806 1.368354 -0.735393
-0.425849 1.393064 -0.744258
-0.419496 1.374851 -0.723022
-0.427486 1.395957 -0.738128
-0.420220 1.378923 -0.716886
-0.421857 1.382198 -0.712267
-0.429232 1.398942 -0.731843
-0.410803 1.357337 -0.700909
-0.411842 1.360361 -0.696401
-0.405118 1.335222 -0.685874
-0.406431 1.337956 -0.681405
-0.401781 1.313074 -0.672015
-0.396978 1.292325 -0.658806
-0.403132 1.315697 -0.668040
-0.401461 1.310479 -0.676267
-0.396723 1.289797 -0.662613
-0.397184 1.287102 -0.666994
-0.390243 1.270705 -0.648800
-0.390528 1.273086 -0.644702
-0.390763 1.268237 -0.653183
-0.382152 1.251895 -0.633957
-0.382311 1.254183 -0.629904
-0.375005 1.233023 -0.618778
-0.382977 1.249397 -0.638242
-0.375349 1.230650 -0.622762
-0.384206 1.246603 -0.642843
-0.384965 1.243770 -0.647771
-0.376211 1.228009 -0.626957
-0.391589 1.265453 -0.657828
-0.397766 1.284498 -0.672026
-0.391999 1.262442 -0.662814
-0.389973 1.259202 -0.667879
-0.397823 1.281383 -0.677233
-0.395276 1.277950 -0.682524
-0.389629 1.274718 -0.686889
-0.383673 1.271430 -0.691319
-0.385172 1.255917 -0.672562
-0.379414 1.252625 -0.677100
-0.379558 1.237215 -0.657571
-0.384138 1.240506 -0.652771
-0.373313 1.218604 -0.641717
-0.373956 1.233927 -0.662130
-0.369298 1.230457 -0.666957
-0.368300 1.215360 -0.646433
-0.365963 1.226794 -0.671886
-0.374627 1.249232 -0.681822
-0.371273 1.245787 -0.686773
-0.379190 1.268069 -0.696019
-0.375850 1.264795 -0.700733
-0.382864 1.287474 -0.710392
-0.384362 1.306885 -0.725533
-0.387383 1.290693 -0.706023
-0.379554 1.284025 -0.715053
-0.373910 1.261691 -0.705490
-0.369228 1.242567 -0.691667
-0.373393 1.258716 -0.710348
-0.368422 1.239472 -0.696357
-0.373929 1.255888 -0.715013
-0.368967 1.236344 -0.700862
-0.375889 1.253299 -0.719440
-0.370765 1.233503 -0.705221
-0.365324 1.213690 -0.689985
-0.373817 1.230957 -0.709500
-0.368246 1.210947 -0.694015
-0.372477 1.208627 -0.697596
-0.364094 1.191926 -0.677083
-0.360270 1.174285 -0.659909
-0.368545 1.189605 -0.680344
-0.360999 1.194666 -0.673345
-0.359048 1.197701 -0.669285
-0.356933 1.176997 -0.656338
-0.363311 1.216692 -0.685670
-0.358514 1.200998 -0.664980
-0.363160 1.219912 -0.681152
-0.363691 1.223136 -0.676705
-0.364506 1.171793 -0.663130
-0.360873 1.155318 -0.646119
-0.370251 1.170098 -0.665310
-0.366739 1.153688 -0.648016
-0.362472 1.137182 -0.632663
-0.356633 1.138926 -0.630911
-0.357589 1.121286 -0.617926
-0.368564 1.135934 -0.633545
-0.351876 1.123087 -0.616735
-0.356141 1.157578 -0.643304
-0.376418 1.221967 -0.636623
-0.365578 1.200568 -0.624895
-0.357999 1.183431 -0.608858
-0.368596 1.203778 -0.620194
-0.358935 1.186655 -0.604042
-0.368630 1.207011 -0.615171
-0.367646 1.209868 -0.610895
-0.358974 1.189686 -0.599481
-0.376830 1.225206 -0.631667
-0.358727 1.192522 -0.595263
-0.350800 1.172798 -0.584371
-0.350202 1.175591 -0.580063
-0.343218 1.155898 -0.570426
-0.351639 1.169797 -0.588875
-0.344012 1.152951 -0.574689
-0.351449 1.166526 -0.593780
-0.344611 1.149603 -0.579189
-0.337264 1.133969 -0.566404
-0.342756 1.146559 -0.583957
-0.335819 1.131055 -0.571099
-0.329940 1.115383 -0.558757
-0.331304 1.118030 -0.553991
-0.324955 1.099384 -0.546445
-0.325700 1.101871 -0.541526
-0.319039 1.084280 -0.534971
-0.319572 1.086565 -0.530246
-0.318473 1.088927 -0.525844
-0.324991 1.104350 -0.536928
-0.317665 1.091233 -0.521352
-0.323485 1.106748 -0.532647
-0.330513 1.123032 -0.545217
-0.322890 1.108988 -0.528524
-0.330123 1.125210 -0.541372
-0.336341 1.141807 -0.553690
-0.330602 1.127104 -0.537181
-0.336635 1.143749 -0.549358
-0.342920 1.160842 -0.561778
-0.337884 1.145552 -0.545003
-0.340158 1.147105 -0.540792
-0.344091 1.162797 -0.557682
-0.351180 1.180275 -0.571975
-0.346061 1.164568 -0.553701
-0.350244 1.165774 -0.550637
-0.353473 1.182121 -0.568192
-0.360851 1.199652 -0.583294
-0.357041 1.183554 -0.564910
-0.363151 1.201585 -0.579633
-0.369942 1.219173 -0.595355
-0.367891 1.217107 -0.599005
-0.377316 1.237209 -0.611376
-0.375650 1.235207 -0.614991
-0.383904 1.256195 -0.626178
-0.391690 1.275207 -0.640889
-0.386483 1.257966 -0.622701
-0.393635 1.277195 -0.637261
-0.400291 1.296865 -0.651307
-0.396472 1.278903 -0.633976
-0.403095 1.298692 -0.647957
-0.407940 1.320086 -0.660811
-0.407125 1.300059 -0.645267
-0.412124 1.300938 -0.643446
-0.411706 1.321869 -0.657701
-0.415226 1.345171 -0.670797
-0.416546 1.323308 -0.655346
-0.422119 1.324183 -0.654136
-0.420134 1.347025 -0.668466
-0.425688 1.369719 -0.683746
-0.425946 1.348370 -0.666968
-0.431864 1.370982 -0.682189
-0.441882 1.392289 -0.696925
-0.438480 1.371400 -0.682038
-0.448186 1.393278 -0.695822
-0.454590 1.393659 -0.695670
-0.455114 1.416888 -0.704501
-0.461569 1.417737 -0.703491
-0.458929 1.439432 -0.715623
-0.449352 1.415302 -0.706802
-0.452534 1.437173 -0.717924
-0.444840 1.413523 -0.709797
-0.448128 1.434566 -0.721103
-0.441021 1.411382 -0.713951
-0.436159 1.391250 -0.698528
-0.431280 1.389572 -0.701346
-0.420440 1.367957 -0.686032
-0.427512 1.387710 -0.704254
-0.416283 1.365843 -0.688998
-0.438034 1.408924 -0.717942
-0.424315 1.385156 -0.707936
-0.413623 1.363383 -0.692395
-0.434912 1.406025 -0.722101
-0.431904 1.402523 -0.726926
-0.438289 1.425624 -0.734285
-0.440015 1.444500 -0.746447
-0.441135 1.428799 -0.729606
-0.435552 1.422553 -0.739520
-0.433338 1.419640 -0.745155
-0.437960 1.442249 -0.751033
-0.442147 1.461435 -0.760968
-0.436066 1.440158 -0.756065
-0.434212 1.438535 -0.760947
-0.441066 1.459305 -0.765191
-0.439126 1.457078 -0.769931
-0.449168 1.477532 -0.770692
-0.449842 1.480625 -0.766755
-0.460528 1.494506 -0.773621
-0.448329 1.474870 -0.774982
-0.460271 1.490977 -0.777084
-0.445762 1.473308 -0.779025
-0.457875 1.488768 -0.780718
-0.441370 1.472794 -0.782540
-0.435760 1.455107 -0.774065
-0.430249 1.436854 -0.765858
-0.430322 1.454527 -0.777259
-0.424058 1.435963 -0.770290
-0.422748 1.455225 -0.780219
-0.435963 1.473444 -0.785363
-0.415894 1.435904 -0.773472
-0.414752 1.456790 -0.782109
-0.402458 1.459080 -0.784640
-0.429924 1.475259 -0.786281
-0.406444 1.435807 -0.776698
-0.404348 1.411137 -0.768634
-0.395892 1.434202 -0.780275
-0.394319 1.408189 -0.772940
-0.381945 1.430203 -0.785861
-0.381488 1.453214 -0.789360
-0.369655 1.424229 -0.792170
-0.384092 1.403786 -0.777963
-0.375074 1.398455 -0.783370
-0.367655 1.393123 -0.789227
-0.362064 1.388317 -0.795553
-0.359365 1.417982 -0.798939
-0.353582 1.444206 -0.802721
-0.351861 1.412101 -0.806282
-0.344570 1.441104 -0.810066
-0.347490 1.406850 -0.814062
-0.344965 1.403161 -0.822165
-0.338263 1.437322 -0.816626
-0.358647 1.383870 -0.803295
-0.366435 1.360139 -0.788366
-0.358017 1.379500 -0.811061
-0.359893 1.374560 -0.818862
-0.366467 1.356831 -0.794651
-0.369802 1.332172 -0.775661
-0.368495 1.352530 -0.801142
-0.370939 1.328978 -0.780643
-0.344806 1.398671 -0.831230
-0.341664 1.462772 -0.809011
-0.339198 1.479680 -0.808398
-0.351063 1.464692 -0.803138
-0.363655 1.467339 -0.796918
-0.348343 1.481129 -0.802881
-0.360649 1.482834 -0.797304
-0.345851 1.494596 -0.802713
-0.358343 1.495561 -0.797159
-0.344316 1.506246 -0.802393
-0.336533 1.493607 -0.807717
-0.335076 1.506126 -0.807382
-0.334915 1.516616 -0.808051
-0.328355 1.506117 -0.812204
-0.329155 1.517244 -0.813182
-0.330861 1.524168 -0.815898
-0.326053 1.517502 -0.817258
-0.321958 1.515861 -0.820757
-0.327149 1.522581 -0.820415
-0.328936 1.525717 -0.824738
-0.322805 1.518883 -0.824598
-0.323760 1.520403 -0.830340
-0.333454 1.527764 -0.830377
-0.334011 1.528046 -0.819679
-0.339985 1.528800 -0.814511
-0.348266 1.528253 -0.808541
-0.337179 1.523741 -0.811014
-0.345613 1.522923 -0.805431
-0.357038 1.521226 -0.799051
-0.344185 1.515799 -0.803298
-0.356249 1.514614 -0.797491
-0.371155 1.512872 -0.791489
-0.356641 1.506016 -0.796831
-0.371787 1.505448 -0.791403
-0.388704 1.504809 -0.786797
-0.373391 1.496383 -0.791928
-0.390638 1.497023 -0.787615
-0.376084 1.484977 -0.792292
-0.379354 1.470836 -0.791567
-0.393799 1.487521 -0.788360
-0.413320 1.492364 -0.786207
-0.397794 1.475623 -0.788018
-0.418038 1.485408 -0.787249
-0.435855 1.494825 -0.787258
-0.423353 1.478138 -0.787174
-0.440505 1.491230 -0.787660
-0.453735 1.499360 -0.791732
-0.445462 1.488917 -0.787694
-0.458262 1.497057 -0.791789
-0.450031 1.488074 -0.785881
-0.454595 1.487567 -0.783811
-0.462902 1.495509 -0.791071
-0.467231 1.495646 -0.787929
-0.470146 1.497622 -0.784091
-0.470774 1.501231 -0.780169
-0.478957 1.507222 -0.783976
-0.470850 1.508484 -0.776087
-0.468086 1.513397 -0.770705
-0.460454 1.498921 -0.769821
-0.473927 1.524357 -0.770819
-0.465309 1.516812 -0.765525
-0.459121 1.502209 -0.765115
-0.469883 1.525078 -0.765425
-0.461576 1.517352 -0.758973
-0.457918 1.503740 -0.759842
-0.465082 1.522180 -0.756740
-0.457920 1.505703 -0.754531
-0.468580 1.522696 -0.755900
-0.473228 1.522676 -0.754498
-0.473911 1.530325 -0.764645
-0.461058 1.506530 -0.750391
-0.456230 1.486940 -0.750804
-0.466286 1.506770 -0.747479
-0.461437 1.487693 -0.748514
-0.472152 1.506810 -0.746050
-0.478591 1.522477 -0.753171
-0.478797 1.507353 -0.745290
-0.467489 1.488184 -0.747319
-0.474232 1.488478 -0.746550
-0.463276 1.471200 -0.743204
-0.470691 1.471692 -0.743159
-0.456921 1.470351 -0.744035
-0.461383 1.455794 -0.731623
-0.468756 1.456994 -0.731163
-0.455005 1.454394 -0.733191
-0.449443 1.452177 -0.735916
-0.451228 1.468950 -0.746030
-0.445345 1.449622 -0.738797
-0.444625 1.431838 -0.724805
-0.442252 1.446836 -0.742368
-0.446825 1.467154 -0.749524
-0.445021 1.465391 -0.753126
-0.451711 1.486075 -0.754052
-0.449806 1.484831 -0.758291
-0.449870 1.483171 -0.762705
-0.443499 1.463554 -0.756851
-0.466272 1.440704 -0.714465
-0.476526 1.457775 -0.731550
-0.484659 1.457983 -0.732882
-0.478560 1.472274 -0.743389
-0.474083 1.441561 -0.714321
-0.482584 1.441641 -0.715500
-0.468886 1.418261 -0.703530
-0.461237 1.393813 -0.695992
-0.476565 1.418336 -0.704946
-0.467975 1.393661 -0.696799
-0.483899 1.417880 -0.707401
-0.474980 1.393437 -0.698723
-0.491039 1.441171 -0.717961
-0.491798 1.416979 -0.710668
-0.482456 1.392982 -0.701337
-0.500625 1.415427 -0.715191
-0.500276 1.440369 -0.721349
-0.501528 1.458058 -0.737787
-0.509951 1.439092 -0.726097
-0.510840 1.457725 -0.741524
-0.519291 1.437391 -0.731982
-0.520308 1.457025 -0.746147
-0.519458 1.472684 -0.755641
-0.528840 1.455770 -0.752193
-0.527292 1.472190 -0.761574
-0.534950 1.453858 -0.759339
-0.533481 1.471704 -0.768553
-0.538491 1.451782 -0.766722
-0.538283 1.471394 -0.776474
-0.537655 1.487703 -0.771096
-0.531521 1.488222 -0.764251
-0.534336 1.504295 -0.765403
-0.524474 1.488783 -0.757723
-0.516312 1.489406 -0.751633
-0.528248 1.505200 -0.759159
-0.521326 1.506272 -0.752892
-0.529371 1.519080 -0.762354
-0.530402 1.530489 -0.766910
-0.534853 1.517921 -0.767646
-0.522818 1.520698 -0.757216
-0.525337 1.532045 -0.762669
-0.515617 1.521396 -0.753257
-0.518071 1.533433 -0.759298
-0.513128 1.506971 -0.747908
-0.507116 1.521235 -0.751646
-0.503071 1.507571 -0.744744
-0.498926 1.521294 -0.751496
-0.510978 1.533321 -0.757905
-0.503711 1.533180 -0.757707
-0.515231 1.543705 -0.764325
-0.510268 1.544395 -0.764617
-0.520107 1.552938 -0.773175
-0.520802 1.543038 -0.765278
-0.523219 1.551925 -0.773052
-0.526324 1.541874 -0.768345
-0.530317 1.541294 -0.771445
-0.526361 1.551125 -0.774453
-0.525876 1.558351 -0.779111
-0.529637 1.550523 -0.776114
-0.528601 1.557450 -0.780249
-0.532689 1.549651 -0.778517
-0.535223 1.548732 -0.781102
-0.530954 1.556365 -0.782000
-0.533840 1.540514 -0.774994
-0.536933 1.539667 -0.778280
-0.534801 1.529509 -0.771277
-0.532773 1.555467 -0.784161
-0.529401 1.560659 -0.784428
-0.530751 1.559506 -0.786468
-0.526899 1.561396 -0.783104
-0.528071 1.563637 -0.786496
-0.525985 1.564501 -0.784863
-0.527552 1.566111 -0.788232
-0.529470 1.562449 -0.788430
-0.528391 1.564372 -0.790188
-0.529912 1.560784 -0.790474
-0.528060 1.562311 -0.791897
-0.529668 1.558866 -0.792332
-0.532076 1.558463 -0.788723
-0.532094 1.557211 -0.790957
-0.534155 1.554711 -0.786717
-0.534444 1.553870 -0.789134
-0.537330 1.547799 -0.784142
-0.538816 1.546879 -0.787584
-0.539280 1.546195 -0.791562
-0.537194 1.545576 -0.796008
-0.534363 1.552856 -0.791489
-0.531983 1.555359 -0.793030
-0.534580 1.550801 -0.794218
-0.531349 1.551537 -0.794954
-0.532134 1.544565 -0.797947
-0.527351 1.551224 -0.795718
-0.523517 1.551206 -0.795067
-0.526414 1.543538 -0.797864
-0.528541 1.555830 -0.793845
-0.525534 1.556192 -0.793950
-0.526938 1.559764 -0.792776
-0.522177 1.556606 -0.793313
-0.519657 1.557533 -0.792397
-0.524364 1.560560 -0.792892
-0.525789 1.563183 -0.792282
-0.522325 1.561377 -0.792096
-0.524026 1.564092 -0.792530
-0.520258 1.562430 -0.791206
-0.522418 1.565040 -0.791458
-0.517300 1.558864 -0.791090
-0.518665 1.563562 -0.789817
-0.521437 1.566042 -0.790011
-0.517908 1.564572 -0.787840
-0.515667 1.560226 -0.789468
-0.514672 1.561645 -0.787349
-0.510027 1.556998 -0.786387
-0.514644 1.562804 -0.785004
-0.518346 1.564890 -0.785486
-0.510149 1.558576 -0.784058
-0.516017 1.563015 -0.782401
-0.519794 1.564170 -0.783110
-0.518249 1.561850 -0.780347
-0.511992 1.559989 -0.781748
-0.514517 1.560066 -0.779890
-0.501814 1.552873 -0.777293
-0.488088 1.542621 -0.770263
-0.505174 1.554460 -0.775138
-0.498706 1.549810 -0.779996
-0.482821 1.535567 -0.772646
-0.509420 1.554618 -0.774065
-0.493945 1.544868 -0.767867
-0.484827 1.533883 -0.760821
-0.499268 1.545146 -0.766591
-0.504350 1.544874 -0.765408
-0.490658 1.533389 -0.759143
-0.485241 1.522135 -0.752236
-0.497166 1.533262 -0.758270
-0.492044 1.521563 -0.751761
-0.485707 1.507373 -0.744677
-0.481414 1.489018 -0.745110
-0.493674 1.507530 -0.743974
-0.489127 1.489345 -0.743943
-0.497951 1.489517 -0.743781
-0.486460 1.472757 -0.743892
-0.494134 1.473064 -0.744954
-0.502400 1.473176 -0.746947
-0.492740 1.458091 -0.734987
-0.510996 1.473051 -0.750577
-0.507529 1.489594 -0.746526
-0.511937 1.553052 -0.772186
-0.517246 1.554382 -0.773669
-0.517112 1.559281 -0.777951
-0.520018 1.559586 -0.778295
-0.523144 1.559264 -0.778482
-0.521437 1.562080 -0.781021
-0.524568 1.562070 -0.781682
-0.523009 1.564584 -0.783811
-0.521677 1.566530 -0.785703
-0.520917 1.566905 -0.788158
-0.524980 1.566942 -0.786599
-0.523871 1.568442 -0.788545
-0.526738 1.567654 -0.790130
-0.523076 1.568379 -0.790523
-0.523406 1.566863 -0.792123
-0.526323 1.568067 -0.791439
-0.525571 1.566315 -0.792723
-0.527115 1.565529 -0.791803
-0.479103 1.533444 -0.762583
-0.533523 1.536159 -0.798992
-0.467841 1.503710 -0.797013
-0.463909 1.505498 -0.797406
-0.460546 1.507892 -0.797039
-0.467787 1.514394 -0.804310
-0.449794 1.502090 -0.790925
-0.457307 1.510303 -0.796353
-0.454018 1.513041 -0.795573
-0.464907 1.516368 -0.803901
-0.445957 1.505143 -0.789739
-0.442885 1.508626 -0.788310
-0.431411 1.498734 -0.785948
-0.427683 1.503159 -0.784242
-0.424781 1.507830 -0.782760
-0.409477 1.498978 -0.784635
-0.406881 1.505274 -0.783303
-0.405065 1.511254 -0.782872
-0.422049 1.513091 -0.781964
-0.403592 1.516893 -0.783476
-0.387621 1.511479 -0.786757
-0.387137 1.517478 -0.787516
-0.387439 1.523212 -0.789328
-0.371305 1.519208 -0.792384
-0.372787 1.524921 -0.795019
-0.359144 1.526700 -0.801729
-0.402605 1.522313 -0.784718
-0.417857 1.523401 -0.783514
-0.402344 1.527318 -0.786772
-0.416036 1.527454 -0.785480
-0.419889 1.518434 -0.782307
-0.430141 1.526011 -0.787175
-0.438863 1.528572 -0.793772
-0.433931 1.521965 -0.785931
-0.436941 1.517038 -0.785969
-0.443582 1.524661 -0.793248
-0.447373 1.520288 -0.793624
-0.450734 1.526033 -0.800800
-0.455256 1.522227 -0.801277
-0.456731 1.527093 -0.806468
-0.445703 1.530059 -0.801032
-0.460689 1.522658 -0.805786
-0.461919 1.517901 -0.803398
-0.464822 1.522097 -0.808115
-0.457287 1.519003 -0.800731
-0.450390 1.516287 -0.794401
-0.439909 1.512445 -0.786830
-0.365636 1.448390 -0.795544
-0.394382 1.382379 -0.762178
-0.403172 1.386042 -0.758061
-0.411492 1.388076 -0.754138
-0.404031 1.361753 -0.743496
-0.411210 1.364535 -0.739833
-0.413521 1.412915 -0.764924
-0.419379 1.389591 -0.750086
-0.421744 1.414238 -0.761162
-0.427869 1.415571 -0.756999
-0.431675 1.417637 -0.750252
-0.408151 1.340652 -0.677363
-0.411319 1.342986 -0.673933
-0.405218 1.318045 -0.664242
-0.398173 1.294815 -0.654940
-0.367168 1.214853 -0.602958
-0.367056 1.212509 -0.606915
-0.359224 1.197481 -0.587169
-0.358680 1.195092 -0.591177
-0.350214 1.178121 -0.575967
-0.342748 1.158599 -0.566026
-0.336537 1.139442 -0.557944
-0.337148 1.136789 -0.562008
-0.331299 1.120595 -0.549451
-0.398521 1.266827 -0.746268
-0.405741 1.266998 -0.747797
-0.413194 1.267628 -0.748601
-0.402939 1.246634 -0.734111
-0.410589 1.247097 -0.734709
-0.405167 1.226347 -0.719302
-0.418237 1.247978 -0.734784
-0.412848 1.226952 -0.719086
-0.426275 1.249268 -0.734183
-0.421009 1.268874 -0.748528
-0.421703 1.288690 -0.762718
-0.429285 1.270557 -0.747795
-0.438060 1.272486 -0.746501
-0.430483 1.290893 -0.762060
-0.432106 1.308442 -0.779467
-0.433225 1.320617 -0.802709
-0.422621 1.305837 -0.779313
-0.422791 1.318496 -0.801014
-0.420722 1.327294 -0.827309
-0.432657 1.327650 -0.828685
-0.434812 1.250934 -0.732966
-0.429258 1.229350 -0.716878
-0.438346 1.231219 -0.714712
-0.423970 1.208557 -0.700261
-0.420839 1.227914 -0.718375
-0.415363 1.207237 -0.701867
-0.407374 1.206335 -0.702865
-0.402480 1.186863 -0.684730
-0.399532 1.205797 -0.703323
-0.413230 1.286969 -0.762484
-0.405971 1.137671 -0.628344
-0.361938 1.383108 -0.902628
-0.362163 1.393284 -0.894012
-0.356550 1.387331 -0.889598
-0.508930 1.512358 -0.812348
-0.496207 1.512964 -0.812184
-0.428245 1.076972 -0.561200
-0.434832 1.094784 -0.573604
-0.419818 1.058191 -0.547606
-0.457092 1.124327 -0.564675
-0.451336 1.104042 -0.551061
-0.455763 1.106415 -0.545957
-0.458404 1.108792 -0.540534
-0.373786 1.111205 -0.510174
-0.227306 0.909280 -0.418753
-0.128384 0.853630 -0.379382
-0.181031 0.866255 -0.412654
-0.055066 0.780176 -0.384142
-0.082257 0.783464 -0.385888
-0.054564 0.780635 -0.377614
-0.081464 0.783836 -0.378958
-0.054019 0.781693 -0.371247
-0.080586 0.784848 -0.372374
-0.053406 0.783261 -0.365105
-0.079718 0.786079 -0.366035
-0.052840 0.784976 -0.359247
-0.078797 0.787589 -0.359897
-0.052235 0.786790 -0.353444
-0.051683 0.788760 -0.347798
-0.077786 0.789274 -0.353982
-0.103746 0.792552 -0.354608
-0.076919 0.791097 -0.348395
-0.076122 0.792915 -0.342867
-0.102774 0.794044 -0.348972
-0.101827 0.795543 -0.343450
-0.128825 0.798021 -0.348738
-0.129891 0.796349 -0.354638
-0.127890 0.799520 -0.343338
-0.153780 0.804340 -0.348433
-0.177821 0.814270 -0.349976
-0.152974 0.806385 -0.343379
-0.154784 0.802274 -0.354080
-0.179127 0.812555 -0.354662
-0.155955 0.800665 -0.359874
-0.131011 0.794674 -0.360462
-0.157169 0.799352 -0.365896
-0.132274 0.793034 -0.366767
-0.158351 0.798834 -0.372210
-0.159281 0.799512 -0.378673
-0.133487 0.791845 -0.373289
-0.134515 0.791326 -0.380337
-0.106963 0.788035 -0.373147
-0.105873 0.789474 -0.366757
-0.108070 0.787035 -0.379891
-0.104781 0.791024 -0.360522
-0.176598 0.816211 -0.345363
-0.151926 0.808386 -0.338377
-0.175339 0.818389 -0.340659
-0.127132 0.800984 -0.338288
-0.150763 0.810315 -0.333679
-0.174165 0.820588 -0.336452
-0.126458 0.802600 -0.333218
-0.149612 0.812616 -0.329403
-0.125748 0.804695 -0.328515
-0.148829 0.815462 -0.325599
-0.172907 0.822935 -0.332570
-0.171708 0.825266 -0.329314
-0.196368 0.833118 -0.334819
-0.194222 0.835772 -0.331672
-0.198393 0.830692 -0.338450
-0.200378 0.828428 -0.342296
-0.202255 0.826427 -0.346385
-0.203994 0.824569 -0.350805
-0.218133 0.848940 -0.334253
-0.191975 0.838739 -0.329083
-0.215032 0.852511 -0.332810
-0.170433 0.828254 -0.326171
-0.189281 0.842368 -0.327319
-0.211937 0.856098 -0.331812
-0.186642 0.845905 -0.325992
-0.168877 0.831401 -0.323664
-0.166975 0.834727 -0.321556
-0.147045 0.821767 -0.319775
-0.145534 0.825189 -0.317911
-0.123200 0.812926 -0.316747
-0.148137 0.818561 -0.322397
-0.124127 0.809898 -0.319982
-0.098056 0.804598 -0.319631
-0.124882 0.807312 -0.323819
-0.098736 0.802446 -0.323895
-0.099427 0.800545 -0.328422
-0.073313 0.799794 -0.323677
-0.049628 0.797826 -0.323517
-0.072502 0.801574 -0.319687
-0.073919 0.798123 -0.327983
-0.074598 0.796430 -0.332612
-0.050005 0.796056 -0.327532
-0.050395 0.794279 -0.332086
-0.050788 0.792507 -0.337107
-0.075350 0.794700 -0.337583
-0.051205 0.790674 -0.342361
-0.100966 0.797123 -0.338150
-0.100159 0.798806 -0.333143
-0.049179 0.799546 -0.319852
-0.071714 0.803654 -0.316146
-0.048537 0.801543 -0.316312
-0.071091 0.806293 -0.313231
-0.097368 0.806854 -0.316046
-0.096553 0.809548 -0.312805
-0.095512 0.813004 -0.310299
-0.122032 0.816246 -0.314156
-0.120709 0.819917 -0.312274
-0.143728 0.828935 -0.316858
-0.119258 0.823968 -0.310943
-0.141725 0.832677 -0.316682
-0.094333 0.817138 -0.308699
-0.117399 0.828504 -0.310822
-0.139713 0.836330 -0.316903
-0.092779 0.821712 -0.308369
-0.115527 0.832901 -0.312237
-0.113713 0.836738 -0.314611
-0.137321 0.840087 -0.317912
-0.091163 0.826339 -0.309583
-0.067277 0.821052 -0.309525
-0.089745 0.830153 -0.311854
-0.088398 0.833546 -0.314901
-0.066190 0.824812 -0.311442
-0.044480 0.821798 -0.311732
-0.065334 0.827742 -0.314182
-0.064536 0.830310 -0.317362
-0.043797 0.824850 -0.314101
-0.043272 0.827546 -0.317027
-0.042865 0.829876 -0.320376
-0.042596 0.831375 -0.324072
-0.064022 0.832207 -0.321007
-0.063639 0.833768 -0.325022
-0.086450 0.838144 -0.322292
-0.085668 0.839856 -0.326638
-0.109009 0.845161 -0.324929
-0.087348 0.836109 -0.318315
-0.110612 0.842896 -0.321001
-0.131103 0.849691 -0.324630
-0.112135 0.840018 -0.317531
-0.133101 0.846820 -0.321539
-0.151329 0.856590 -0.325674
-0.135111 0.843579 -0.319434
-0.154041 0.853246 -0.323709
-0.156463 0.849961 -0.322217
-0.172047 0.864385 -0.326655
-0.192968 0.877758 -0.328659
-0.169011 0.867996 -0.328380
-0.174863 0.860880 -0.325832
-0.196382 0.873745 -0.328142
-0.177823 0.857107 -0.325329
-0.159162 0.846255 -0.321089
-0.199773 0.869992 -0.328402
-0.180715 0.853375 -0.325175
-0.161979 0.842334 -0.320465
-0.183712 0.849649 -0.325581
-0.202874 0.866564 -0.329374
-0.205806 0.863152 -0.330232
-0.227654 0.882854 -0.334931
-0.230177 0.879956 -0.334508
-0.224219 0.886224 -0.335544
-0.252959 0.900501 -0.337580
-0.249302 0.903845 -0.339867
-0.274814 0.919304 -0.351348
-0.245732 0.907120 -0.342407
-0.269993 0.922207 -0.354388
-0.220600 0.889895 -0.335996
-0.241936 0.910107 -0.345123
-0.265335 0.924975 -0.357582
-0.217168 0.893358 -0.336724
-0.238042 0.913124 -0.347474
-0.213822 0.896884 -0.337803
-0.260727 0.928232 -0.360883
-0.234349 0.916103 -0.349776
-0.230711 0.919020 -0.352058
-0.255614 0.931913 -0.361938
-0.210412 0.900290 -0.339969
-0.207141 0.903406 -0.342945
-0.186295 0.885072 -0.332708
-0.166568 0.870899 -0.330854
-0.183711 0.887719 -0.336557
-0.189481 0.881532 -0.330182
-0.164737 0.873098 -0.333872
-0.182342 0.889146 -0.340613
-0.163274 0.874937 -0.337489
-0.204692 0.905692 -0.346390
-0.181225 0.890318 -0.344593
-0.202762 0.907292 -0.349941
-0.162290 0.876219 -0.341260
-0.180178 0.891366 -0.348753
-0.161441 0.877293 -0.345356
-0.179473 0.892016 -0.352701
-0.201234 0.908299 -0.354005
-0.199779 0.908803 -0.358142
-0.221300 0.924668 -0.361944
-0.219016 0.925055 -0.366142
-0.223982 0.923701 -0.358402
-0.227398 0.921594 -0.354792
-0.245915 0.938250 -0.365109
-0.250828 0.935261 -0.363220
-0.268395 0.952023 -0.377318
-0.273835 0.949084 -0.375306
-0.288958 0.968642 -0.390159
-0.279602 0.946391 -0.372519
-0.294736 0.966414 -0.387246
-0.284892 0.943965 -0.369665
-0.306302 0.986209 -0.402482
-0.217067 0.925098 -0.370294
-0.215501 0.924809 -0.374297
-0.198273 0.908918 -0.362374
-0.197302 0.908687 -0.366550
-0.178851 0.892509 -0.356962
-0.160800 0.878238 -0.353733
-0.178500 0.892651 -0.361272
-0.178640 0.892479 -0.365687
-0.160898 0.878282 -0.357974
-0.161367 0.877959 -0.362360
-0.142676 0.866862 -0.355819
-0.143217 0.866332 -0.360271
-0.142377 0.867199 -0.351692
-0.123999 0.857318 -0.353973
-0.123883 0.857437 -0.349387
-0.105188 0.848640 -0.352141
-0.105041 0.848785 -0.347146
-0.105674 0.848482 -0.342376
-0.084894 0.841600 -0.345116
-0.084905 0.841608 -0.340250
-0.063806 0.835984 -0.343288
-0.063488 0.836106 -0.338475
-0.042880 0.831982 -0.341780
-0.042667 0.832204 -0.337002
-0.042539 0.832278 -0.332475
-0.042484 0.832155 -0.328150
-0.063358 0.835785 -0.333811
-0.084958 0.841406 -0.335599
-0.063346 0.835131 -0.329272
-0.085105 0.840995 -0.331135
-0.107081 0.847764 -0.333382
-0.106417 0.848198 -0.337786
-0.107883 0.846715 -0.328968
-0.126358 0.855534 -0.335976
-0.127906 0.853784 -0.331925
-0.143630 0.865797 -0.338770
-0.125295 0.856568 -0.340274
-0.142892 0.866757 -0.342944
-0.124444 0.857177 -0.344818
-0.142384 0.867262 -0.347298
-0.160923 0.877936 -0.349508
-0.144741 0.864170 -0.334751
-0.146468 0.862081 -0.331147
-0.148729 0.859468 -0.328092
-0.129384 0.852056 -0.328258
-0.179144 0.892010 -0.370106
-0.196561 0.908279 -0.370785
-0.233502 0.875968 -0.334444
-0.236556 0.872185 -0.334949
-0.208844 0.859609 -0.331069
-0.239401 0.868475 -0.336046
-0.164678 0.838376 -0.320440
-0.045084 0.818213 -0.310226
-0.045719 0.814576 -0.309710
-0.068382 0.816990 -0.308777
-0.046361 0.810811 -0.310190
-0.069426 0.813066 -0.309386
-0.047101 0.807170 -0.311382
-0.047863 0.803974 -0.313406
-0.070338 0.809517 -0.311002
-0.307132 0.888254 -0.400186
-0.310186 0.887222 -0.394313
-0.287582 0.866969 -0.380289
-0.368929 0.969901 -0.459791
-0.367565 0.968299 -0.465211
-0.365546 0.967115 -0.470491
-0.362866 0.966380 -0.475634
-0.295292 0.893649 -0.423124
-0.368033 0.984441 -0.494260
-0.373708 1.002821 -0.513036
-0.108775 0.845144 -0.372148
-0.046136 0.825539 -0.377993
-0.046769 0.824569 -0.383583
-0.047412 0.823585 -0.389257
-0.048095 0.822439 -0.394884
-0.048812 0.821202 -0.400463
-0.049573 0.819770 -0.405965
-0.050351 0.818192 -0.411082
-0.051204 0.816232 -0.416123
-0.052125 0.813672 -0.420255
-0.075352 0.822379 -0.418700
-0.076679 0.819334 -0.422576
-0.099481 0.826094 -0.423894
-0.077790 0.815792 -0.425419
-0.053171 0.810295 -0.423156
-0.101194 0.822730 -0.426283
0.391382 0.999542 -0.443716
0.388500 1.002327 -0.440243
0.400473 1.021195 -0.455180
0.384672 1.005210 -0.437341
0.396407 1.024116 -0.452339
0.380439 1.008095 -0.434799
0.392167 1.027083 -0.449682
0.375857 1.010878 -0.432736
0.368828 0.988768 -0.418567
0.364480 0.991503 -0.416038
0.359639 0.994232 -0.414012
0.353700 0.971324 -0.398020
0.348942 0.974138 -0.395820
0.343370 0.976691 -0.394387
0.338200 0.950854 -0.377085
0.332689 0.953640 -0.375530
0.315111 0.929430 -0.356657
0.309250 0.932660 -0.358038
0.285191 0.911322 -0.345785
0.280399 0.915973 -0.348585
0.276095 0.919302 -0.351424
0.254237 0.900497 -0.337648
0.250578 0.903842 -0.339933
0.225492 0.886221 -0.335600
0.221872 0.889892 -0.336051
0.197653 0.873742 -0.328187
0.194240 0.877755 -0.328702
0.173319 0.864383 -0.326692
0.371017 1.013651 -0.430984
0.387594 1.029956 -0.447364
3 0 1 1098
3 0 1098 2
3 5 8 1
3 5 1 0
3 0 2 1055
3 0 1055 3
3 0 3 1051
3 0 1051 4
3 6 5 0
3 6 0 4
3 6 18 7
3 6 7 5
3 5 7 10
3 5 10 8
3 8 10 11
3 8 11 9
3 8 9 1095
3 8 1095 1
3 13 11 10
3 13 10 12
3 7 15 12
3 7 12 10
3 13 12 14
3 13 14 1105
3 14 12 15
3 14 15 16
3 17 20 16
3 17 16 15
3 17 15 7
3 17 7 18
3 2764 19 17
3 2764 17 18
3 22 20 17
3 22 17 19
3 1108 16 20
3 1108 20 21
3 22 24 21
3 22 21 20
3 2766 23 22
3 2766 22 19
3 25 24 22
3 25 22 23
3 27 21 24
3 27 24 26
3 25 29 26
3 25 26 24
3 27 26 28
3 27 28 1112
3 28 26 29
3 28 29 30
3 31 33 30
3 31 30 29
3 31 29 25
3 31 25 32
3 35 34 31
3 35 31 32
3 37 33 31
3 37 31 34
3 35 2772 36
3 35 36 34
3 36 38 37
3 36 37 34
3 40 39 37
3 40 37 38
3 37 39 42
3 37 42 33
3 40 2890 41
3 40 41 39
3 44 42 39
3 44 39 41
3 43 30 33
3 43 33 42
3 43 42 44
3 43 44 46
3 44 45 48
3 44 48 46
3 44 41 2888
3 44 2888 45
3 43 46 47
3 43 47 1114
3 50 47 46
3 50 46 48
3 49 48 45
3 49 45 2886
3 49 51 50
3 49 50 48
3 50 51 53
3 50 53 52
3 50 52 54
3 50 54 47
3 55 52 53
3 55 53 57
3 54 52 55
3 54 55 56
3 61 56 55
3 61 55 58
3 55 57 60
3 55 60 58
3 2874 59 58
3 2874 58 60
3 61 58 59
3 61 59 62
3 66 63 61
3 66 61 62
3 64 56 61
3 64 61 63
3 64 63 65
3 64 65 1111
3 65 63 66
3 65 66 68
3 66 62 2876
3 66 2876 67
3 70 68 66
3 70 66 67
3 65 68 69
3 65 69 1109
3 69 68 70
3 69 70 72
3 74 72 70
3 74 70 71
3 70 67 2878
3 70 2878 71
3 69 72 73
3 69 73 1106
3 73 72 74
3 73 74 76
3 74 71 87
3 74 87 75
3 78 76 74
3 78 74 75
3 73 76 77
3 73 77 1104
3 77 76 78
3 77 78 79
3 82 79 78
3 82 78 80
3 78 75 83
3 78 83 80
3 84 81 80
3 84 80 83
3 82 80 81
3 82 81 1120
3 84 83 85
3 84 85 88
3 85 83 75
3 85 75 87
3 85 86 90
3 85 90 88
3 85 87 2879
3 85 2879 86
3 84 88 89
3 84 89 2759
3 91 89 88
3 91 88 90
3 92 90 86
3 92 86 95
3 92 94 91
3 92 91 90
3 97 93 92
3 97 92 95
3 92 93 2739
3 92 2739 94
3 2879 96 95
3 2879 95 86
3 97 95 96
3 97 96 99
3 101 98 97
3 101 97 99
3 97 98 2741
3 97 2741 93
3 2877 100 99
3 2877 99 96
3 101 99 100
3 101 100 102
3 105 103 101
3 105 101 102
3 101 103 106
3 101 106 98
3 105 2870 104
3 105 104 103
3 103 104 108
3 103 108 106
3 109 107 106
3 109 106 108
3 98 106 107
3 98 107 2741
3 109 108 110
3 109 110 113
3 110 108 104
3 110 104 112
3 110 111 115
3 110 115 113
3 110 112 2859
3 110 2859 111
3 109 113 114
3 109 114 2742
3 117 114 113
3 117 113 115
3 116 115 111
3 116 111 2860
3 116 118 117
3 116 117 115
3 117 118 120
3 117 120 119
3 117 119 121
3 117 121 114
3 123 122 119
3 123 119 120
3 121 119 122
3 121 122 125
3 123 146 124
3 123 124 122
3 124 126 125
3 124 125 122
3 121 125 127
3 121 127 128
3 127 125 126
3 127 126 130
3 127 129 2737
3 127 2737 128
3 127 130 131
3 127 131 129
3 135 132 130
3 135 130 126
3 131 130 132
3 131 132 134
3 135 137 133
3 135 133 132
3 133 1212 134
3 133 134 132
3 124 136 135
3 124 135 126
3 135 136 139
3 135 139 137
3 140 138 137
3 140 137 139
3 133 137 138
3 133 138 1222
3 140 139 141
3 140 141 143
3 141 139 136
3 141 136 144
3 141 142 1353
3 141 1353 143
3 141 144 145
3 141 145 142
3 124 146 144
3 124 144 136
3 145 144 146
3 145 146 147
3 123 149 147
3 123 147 146
3 145 147 148
3 145 148 1358
3 148 147 149
3 148 149 150
3 151 152 150
3 151 150 149
3 151 149 123
3 151 123 120
3 155 152 151
3 155 151 153
3 151 120 118
3 151 118 153
3 116 154 153
3 116 153 118
3 155 153 154
3 155 154 157
3 155 156 1364
3 155 1364 152
3 159 156 155
3 159 155 157
3 2857 158 157
3 2857 157 154
3 159 157 158
3 159 158 160
3 164 161 159
3 164 159 160
3 159 161 162
3 159 162 156
3 1511 162 161
3 1511 161 163
3 164 165 163
3 164 163 161
3 164 160 168
3 164 168 166
3 169 165 164
3 169 164 166
3 2854 167 166
3 2854 166 168
3 169 166 167
3 169 167 170
3 169 171 172
3 169 172 165
3 174 171 169
3 174 169 170
3 1487 172 171
3 1487 171 173
3 174 175 173
3 174 173 171
3 178 175 174
3 178 174 176
3 174 170 177
3 174 177 176
3 182 179 176
3 182 176 177
3 178 176 179
3 178 179 181
3 180 448 181
3 180 181 179
3 180 179 182
3 180 182 183
3 182 184 185
3 182 185 183
3 182 177 186
3 182 186 184
3 190 185 184
3 190 184 187
3 186 189 187
3 186 187 184
3 188 187 189
3 188 189 2852
3 188 191 190
3 188 190 187
3 190 191 193
3 190 193 192
3 190 192 195
3 190 195 185
3 2881 194 192
3 2881 192 193
3 195 192 194
3 195 194 197
3 195 196 183
3 195 183 185
3 195 197 198
3 195 198 196
3 202 199 197
3 202 197 194
3 198 197 199
3 198 199 200
3 201 442 200
3 201 200 199
3 204 201 199
3 204 199 202
3 204 202 203
3 204 203 206
3 203 202 194
3 203 194 2881
3 434 201 204
3 434 204 205
3 204 206 207
3 204 207 205
3 211 207 206
3 211 206 208
3 203 210 208
3 203 208 206
3 209 208 210
3 209 210 2882
3 209 212 211
3 209 211 208
3 211 212 214
3 211 214 213
3 211 213 215
3 211 215 207
3 217 216 213
3 217 213 214
3 215 213 216
3 215 216 219
3 217 2814 218
3 217 218 216
3 218 221 219
3 218 219 216
3 215 219 220
3 215 220 432
3 220 219 221
3 220 221 222
3 218 224 223
3 218 223 221
3 223 225 222
3 223 222 221
3 229 226 223
3 229 223 224
3 223 226 228
3 223 228 225
3 227 11772 228
3 227 228 226
3 227 226 229
3 227 229 231
3 229 224 2812
3 229 2812 230
3 229 230 233
3 229 233 231
3 235 232 231
3 235 231 233
3 227 231 232
3 227 232 11774
3 234 233 230
3 234 230 2808
3 234 236 235
3 234 235 233
3 235 236 238
3 235 238 237
3 235 237 239
3 235 239 232
3 242 240 237
3 242 237 238
3 239 237 240
3 239 240 241
3 243 244 241
3 243 241 240
3 243 240 242
3 243 242 245
3 249 244 243
3 249 243 246
3 247 246 243
3 247 243 245
3 247 928 248
3 247 248 246
3 248 251 249
3 248 249 246
3 249 250 11801
3 249 11801 244
3 253 250 249
3 253 249 251
3 248 925 252
3 248 252 251
3 252 255 253
3 252 253 251
3 257 254 253
3 257 253 255
3 253 254 11800
3 253 11800 250
3 252 922 256
3 252 256 255
3 256 258 257
3 256 257 255
3 257 259 260
3 257 260 254
3 262 259 257
3 262 257 258
3 11785 260 259
3 11785 259 261
3 262 264 261
3 262 261 259
3 916 263 262
3 916 262 258
3 265 264 262
3 265 262 263
3 267 261 264
3 267 264 266
3 265 269 266
3 265 266 264
3 267 266 268
3 267 268 11789
3 268 266 269
3 268 269 270
3 271 274 270
3 271 270 269
3 271 269 265
3 271 265 272
3 2891 273 271
3 2891 271 272
3 276 274 271
3 276 271 273
3 11792 270 274
3 11792 274 275
3 276 278 275
3 276 275 274
3 2893 277 276
3 2893 276 273
3 279 278 276
3 279 276 277
3 279 283 280
3 279 280 278
3 281 275 278
3 281 278 280
3 281 280 282
3 281 282 11796
3 282 280 283
3 282 283 284
3 285 287 284
3 285 284 283
3 285 283 279
3 285 279 286
3 289 288 285
3 289 285 286
3 291 287 285
3 291 285 288
3 289 874 290
3 289 290 288
3 290 292 291
3 290 291 288
3 294 293 291
3 294 291 292
3 291 293 296
3 291 296 287
3 294 867 295
3 294 295 293
3 298 296 293
3 298 293 295
3 297 284 287
3 297 287 296
3 297 296 298
3 297 298 299
3 298 300 301
3 298 301 299
3 298 295 302
3 298 302 300
3 306 301 300
3 306 300 303
3 302 304 303
3 302 303 300
3 305 303 304
3 305 304 2902
3 305 307 306
3 305 306 303
3 306 307 309
3 306 309 308
3 306 308 310
3 306 310 301
3 311 308 309
3 311 309 312
3 310 308 311
3 310 311 314
3 311 312 2909
3 311 2909 313
3 316 314 311
3 316 311 313
3 310 314 315
3 310 315 11799
3 315 314 316
3 315 316 317
3 321 317 316
3 321 316 318
3 316 313 320
3 316 320 318
3 2912 319 318
3 2912 318 320
3 321 318 319
3 321 319 322
3 324 317 321
3 324 321 323
3 326 323 321
3 326 321 322
3 324 323 325
3 324 325 11795
3 325 323 326
3 325 326 328
3 326 322 2916
3 326 2916 327
3 330 328 326
3 330 326 327
3 325 328 329
3 325 329 11793
3 329 328 330
3 329 330 331
3 335 331 330
3 335 330 332
3 330 327 334
3 330 334 332
3 726 333 332
3 726 332 334
3 335 332 333
3 335 333 336
3 340 337 335
3 340 335 336
3 338 331 335
3 338 335 337
3 338 337 339
3 338 339 11788
3 339 337 340
3 339 340 342
3 340 336 723
3 340 723 341
3 344 342 340
3 344 340 341
3 339 342 343
3 339 343 11786
3 343 342 344
3 343 344 346
3 348 346 344
3 348 344 345
3 344 341 721
3 344 721 345
3 343 346 347
3 343 347 11783
3 347 346 348
3 347 348 350
3 348 345 361
3 348 361 349
3 352 350 348
3 352 348 349
3 347 350 351
3 347 351 11780
3 351 350 352
3 351 352 353
3 356 353 352
3 356 352 354
3 352 349 357
3 352 357 354
3 358 355 354
3 358 354 357
3 356 354 355
3 356 355 439
3 358 357 359
3 358 359 362
3 359 357 349
3 359 349 361
3 359 360 364
3 359 364 362
3 359 361 719
3 359 719 360
3 358 362 363
3 358 363 440
3 366 363 362
3 366 362 364
3 365 364 360
3 365 360 717
3 365 367 366
3 365 366 364
3 366 367 371
3 366 371 368
3 366 368 370
3 366 370 363
3 370 368 369
3 370 369 424
3 368 371 372
3 368 372 369
3 376 372 371
3 376 371 373
3 367 375 373
3 367 373 371
3 376 373 374
3 376 374 378
3 374 373 375
3 374 375 716
3 420 372 376
3 420 376 377
3 376 378 379
3 376 379 377
3 383 379 378
3 383 378 380
3 374 381 380
3 374 380 378
3 382 380 381
3 382 381 693
3 382 384 383
3 382 383 380
3 383 384 386
3 383 386 385
3 383 385 387
3 383 387 379
3 390 388 385
3 390 385 386
3 387 385 388
3 387 388 389
3 391 392 389
3 391 389 388
3 390 393 391
3 390 391 388
3 391 394 397
3 391 397 392
3 391 393 396
3 391 396 394
3 2958 395 394
3 2958 394 396
3 397 394 395
3 397 395 398
3 397 399 400
3 397 400 392
3 397 398 402
3 397 402 399
3 414 400 399
3 414 399 401
3 402 404 401
3 402 401 399
3 402 398 456
3 402 456 403
3 402 403 405
3 402 405 404
3 409 401 404
3 409 404 406
3 405 408 406
3 405 406 404
3 409 406 407
3 409 407 410
3 407 406 408
3 407 408 448
3 409 410 412
3 409 412 411
3 414 401 409
3 414 409 411
3 445 413 411
3 445 411 412
3 414 411 413
3 414 413 415
3 417 400 414
3 417 414 415
3 419 416 415
3 419 415 413
3 417 415 416
3 417 416 418
3 417 389 392
3 417 392 400
3 387 389 417
3 387 417 418
3 420 377 418
3 420 418 416
3 387 418 377
3 387 377 379
3 419 421 420
3 419 420 416
3 420 421 369
3 420 369 372
3 419 423 422
3 419 422 421
3 424 369 421
3 424 421 422
3 425 422 423
3 425 423 426
3 427 424 422
3 427 422 425
3 428 425 426
3 428 426 430
3 427 425 428
3 427 428 429
3 428 431 433
3 428 433 429
3 428 430 434
3 428 434 431
3 220 433 431
3 220 431 432
3 434 205 432
3 434 432 431
3 434 430 442
3 434 442 201
3 220 222 435
3 220 435 433
3 435 436 429
3 435 429 433
3 435 222 225
3 435 225 437
3 435 437 438
3 435 438 436
3 228 439 437
3 228 437 225
3 438 437 439
3 438 439 355
3 228 11772 356
3 228 356 439
3 438 440 441
3 438 441 436
3 438 355 358
3 438 358 440
3 370 441 440
3 370 440 363
3 370 424 427
3 370 427 441
3 427 429 436
3 427 436 441
3 215 432 205
3 215 205 207
3 430 426 443
3 430 443 442
3 444 200 442
3 444 442 443
3 444 443 445
3 444 445 412
3 445 443 426
3 445 426 423
3 445 423 419
3 445 419 413
3 444 412 410
3 444 410 446
3 198 200 444
3 198 444 446
3 198 446 447
3 198 447 196
3 407 447 446
3 407 446 410
3 407 448 180
3 407 180 447
3 180 183 196
3 180 196 447
3 449 181 448
3 449 448 408
3 405 451 449
3 405 449 408
3 449 451 452
3 449 452 450
3 449 450 178
3 449 178 181
3 454 452 451
3 454 451 453
3 405 403 453
3 405 453 451
3 454 453 455
3 454 455 457
3 455 453 403
3 455 403 456
3 455 456 460
3 455 460 458
3 455 458 459
3 455 459 457
3 464 459 458
3 464 458 461
3 460 463 461
3 460 461 458
3 464 461 462
3 464 462 466
3 462 461 463
3 462 463 2959
3 1498 459 464
3 1498 464 465
3 464 466 467
3 464 467 465
3 471 467 466
3 471 466 468
3 462 469 468
3 462 468 466
3 470 468 469
3 470 469 665
3 470 472 471
3 470 471 468
3 471 472 474
3 471 474 473
3 471 473 475
3 471 475 467
3 478 476 473
3 478 473 474
3 475 473 476
3 475 476 477
3 479 481 477
3 479 477 476
3 478 482 479
3 478 479 476
3 479 482 484
3 479 484 480
3 479 480 1513
3 479 1513 481
3 478 656 483
3 478 483 482
3 486 484 482
3 486 482 483
3 485 1441 480
3 485 480 484
3 488 485 484
3 488 484 486
3 488 486 487
3 488 487 490
3 487 486 483
3 487 483 653
3 1440 485 488
3 1440 488 489
3 488 490 491
3 488 491 489
3 494 491 490
3 494 490 492
3 487 493 492
3 487 492 490
3 495 492 493
3 495 493 497
3 495 498 494
3 495 494 492
3 496 499 498
3 496 498 495
3 496 495 497
3 496 497 2961
3 498 499 501
3 498 501 500
3 494 498 500
3 494 500 502
3 504 503 500
3 504 500 501
3 503 505 502
3 503 502 500
3 504 507 506
3 504 506 503
3 503 506 508
3 503 508 505
3 506 507 510
3 506 510 509
3 508 506 509
3 508 509 511
3 513 512 509
3 513 509 510
3 512 514 511
3 512 511 509
3 513 516 515
3 513 515 512
3 512 515 517
3 512 517 514
3 515 516 519
3 515 519 518
3 517 515 518
3 517 518 520
3 522 521 518
3 522 518 519
3 521 523 520
3 521 520 518
3 524 521 522
3 524 522 525
3 526 523 521
3 526 521 524
3 524 525 528
3 524 528 527
3 526 524 527
3 526 527 529
3 528 531 530
3 528 530 527
3 527 530 532
3 527 532 529
3 530 531 534
3 530 534 533
3 532 530 533
3 532 533 535
3 537 536 533
3 537 533 534
3 536 538 535
3 536 535 533
3 539 536 537
3 539 537 540
3 541 538 536
3 541 536 539
3 539 540 543
3 539 543 542
3 541 539 542
3 541 542 544
3 546 545 542
3 546 542 543
3 545 547 544
3 545 544 542
3 546 549 548
3 546 548 545
3 545 548 550
3 545 550 547
3 548 549 552
3 548 552 551
3 550 548 551
3 550 551 553
3 554 551 552
3 554 552 555
3 556 553 551
3 556 551 554
3 554 555 558
3 554 558 557
3 556 554 557
3 556 557 559
3 561 560 557
3 561 557 558
3 560 562 559
3 560 559 557
3 563 560 561
3 563 561 564
3 565 562 560
3 565 560 563
3 563 564 567
3 563 567 566
3 565 563 566
3 565 566 568
3 570 569 566
3 570 566 567
3 569 571 568
3 569 568 566
3 570 573 572
3 570 572 569
3 569 572 574
3 569 574 571
3 572 573 576
3 572 576 575
3 574 572 575
3 574 575 577
3 575 576 579
3 575 579 578
3 577 575 578
3 577 578 580
3 582 581 578
3 582 578 579
3 581 583 580
3 581 580 578
3 584 581 582
3 584 582 585
3 586 583 581
3 586 581 584
3 584 585 588
3 584 588 587
3 586 584 587
3 586 587 589
3 591 590 587
3 591 587 588
3 590 592 589
3 590 589 587
3 591 594 593
3 591 593 590
3 590 593 595
3 590 595 592
3 593 594 597
3 593 597 596
3 595 593 596
3 595 596 598
3 600 599 596
3 600 596 597
3 599 601 598
3 599 598 596
3 600 603 602
3 600 602 599
3 599 602 604
3 599 604 601
3 602 603 606
3 602 606 605
3 604 602 605
3 604 605 607
3 609 608 605
3 609 605 606
3 608 610 607
3 608 607 605
3 611 608 609
3 611 609 612
3 613 610 608
3 613 608 611
3 611 612 615
3 611 615 614
3 613 611 614
3 613 614 616
3 618 617 614
3 618 614 615
3 617 619 616
3 617 616 614
3 620 617 618
3 620 618 621
3 622 619 617
3 622 617 620
3 620 621 624
3 620 624 623
3 622 620 623
3 622 623 625
3 627 626 623
3 627 623 624
3 626 628 625
3 626 625 623
3 627 630 629
3 627 629 626
3 626 629 631
3 626 631 628
3 629 630 633
3 629 633 632
3 631 629 632
3 631 632 634
3 636 635 632
3 636 632 633
3 635 637 634
3 635 634 632
3 636 639 638
3 636 638 635
3 635 638 640
3 635 640 637
3 638 639 642
3 638 642 641
3 640 638 641
3 640 641 643
3 645 644 641
3 645 641 642
3 644 646 643
3 644 643 641
3 648 647 644
3 648 644 645
3 647 649 646
3 647 646 644
3 650 647 648
3 650 648 651
3 652 649 647
3 652 647 650
3 650 651 2961
3 650 2961 497
3 652 650 497
3 652 497 493
3 487 653 652
3 487 652 493
3 652 653 654
3 652 654 649
3 653 483 656
3 653 656 654
3 657 655 654
3 657 654 656
3 649 654 655
3 649 655 646
3 657 656 478
3 657 478 474
3 660 655 657
3 660 657 658
3 657 474 472
3 657 472 658
3 470 659 658
3 470 658 472
3 660 658 659
3 660 659 661
3 640 643 660
3 640 660 661
3 660 643 646
3 660 646 655
3 664 662 661
3 664 661 659
3 640 661 662
3 640 662 637
3 663 634 637
3 663 637 662
3 663 662 664
3 663 664 666
3 664 659 470
3 664 470 665
3 664 665 668
3 664 668 666
3 670 667 666
3 670 666 668
3 663 666 667
3 663 667 2949
3 669 668 665
3 669 665 469
3 669 671 670
3 669 670 668
3 670 671 673
3 670 673 672
3 670 672 674
3 670 674 667
3 677 675 672
3 677 672 673
3 674 672 675
3 674 675 676
3 678 679 676
3 678 676 675
3 677 680 678
3 677 678 675
3 678 681 683
3 678 683 679
3 678 680 682
3 678 682 681
3 687 684 681
3 687 681 682
3 683 681 684
3 683 684 685
3 686 2942 685
3 686 685 684
3 686 684 687
3 686 687 689
3 687 682 2953
3 687 2953 688
3 687 688 691
3 687 691 689
3 692 690 689
3 692 689 691
3 686 689 690
3 686 690 2940
3 692 691 382
3 692 382 693
3 382 691 688
3 382 688 384
3 692 693 697
3 692 697 694
3 696 690 692
3 696 692 694
3 699 695 694
3 699 694 697
3 696 694 695
3 696 695 2950
3 698 697 693
3 698 693 381
3 698 700 699
3 698 699 697
3 699 700 702
3 699 702 701
3 699 701 703
3 699 703 695
3 707 704 701
3 707 701 702
3 703 701 704
3 703 704 705
3 706 2952 705
3 706 705 704
3 708 706 704
3 708 704 707
3 708 707 709
3 708 709 710
3 709 707 702
3 709 702 712
3 709 711 722
3 709 722 710
3 709 712 713
3 709 713 711
3 713 712 714
3 713 714 715
3 712 702 700
3 712 700 714
3 698 716 714
3 698 714 700
3 715 714 716
3 715 716 375
3 374 716 698
3 374 698 381
3 713 715 365
3 713 365 717
3 365 715 375
3 365 375 367
3 713 717 718
3 713 718 711
3 719 718 717
3 719 717 360
3 719 721 720
3 719 720 718
3 720 722 711
3 720 711 718
3 720 721 341
3 720 341 723
3 720 723 724
3 720 724 722
3 724 723 336
3 724 336 333
3 724 725 710
3 724 710 722
3 724 333 726
3 724 726 725
3 708 710 725
3 708 725 727
3 726 728 727
3 726 727 725
3 729 727 728
3 729 728 731
3 729 706 708
3 729 708 727
3 733 730 729
3 733 729 731
3 729 730 2952
3 729 2952 706
3 2917 732 731
3 2917 731 728
3 733 731 732
3 733 732 734
3 738 735 733
3 738 733 734
3 733 735 737
3 733 737 730
3 738 740 736
3 738 736 735
3 735 736 2923
3 735 2923 737
3 738 734 2914
3 738 2914 739
3 741 740 738
3 741 738 739
3 740 742 743
3 740 743 736
3 741 745 742
3 741 742 740
3 2918 743 742
3 2918 742 744
3 745 747 744
3 745 744 742
3 746 748 747
3 746 747 745
3 746 745 741
3 746 741 2913
3 586 744 747
3 586 747 583
3 748 580 583
3 748 583 747
3 749 577 580
3 749 580 748
3 749 748 746
3 749 746 751
3 574 577 749
3 574 749 750
3 749 751 753
3 749 753 750
3 754 753 751
3 754 751 752
3 746 2913 752
3 746 752 751
3 754 756 755
3 754 755 753
3 755 757 750
3 755 750 753
3 755 756 759
3 755 759 758
3 755 758 760
3 755 760 757
3 763 761 758
3 763 758 759
3 760 758 761
3 760 761 764
3 763 2904 762
3 763 762 761
3 762 765 764
3 762 764 761
3 760 764 565
3 760 565 568
3 565 764 765
3 565 765 562
3 762 767 766
3 762 766 765
3 766 559 562
3 766 562 765
3 770 768 766
3 770 766 767
3 766 768 556
3 766 556 559
3 769 553 556
3 769 556 768
3 769 768 770
3 769 770 772
3 770 767 2903
3 770 2903 771
3 770 771 774
3 770 774 772
3 776 773 772
3 776 772 774
3 769 772 773
3 769 773 2908
3 775 774 771
3 775 771 2901
3 775 777 776
3 775 776 774
3 776 777 779
3 776 779 778
3 776 778 780
3 776 780 773
3 783 781 778
3 783 778 779
3 780 778 781
3 780 781 782
3 784 785 782
3 784 782 781
3 784 781 783
3 784 783 786
3 790 785 784
3 790 784 787
3 788 787 784
3 788 784 786
3 788 859 789
3 788 789 787
3 789 792 790
3 789 790 787
3 790 791 2905
3 790 2905 785
3 794 791 790
3 794 790 792
3 789 802 793
3 789 793 792
3 793 795 794
3 793 794 792
3 532 535 794
3 532 794 795
3 794 535 538
3 794 538 791
3 793 798 796
3 793 796 795
3 796 529 532
3 796 532 795
3 796 798 799
3 796 799 797
3 796 797 526
3 796 526 529
3 803 799 798
3 803 798 800
3 793 802 800
3 793 800 798
3 803 800 801
3 803 801 805
3 801 800 802
3 801 802 860
3 1418 799 803
3 1418 803 804
3 803 805 806
3 803 806 804
3 810 806 805
3 810 805 807
3 801 809 807
3 801 807 805
3 810 807 808
3 810 808 812
3 808 807 809
3 808 809 820
3 1414 806 810
3 1414 810 811
3 810 812 813
3 810 813 811
3 815 813 812
3 815 812 814
3 808 817 814
3 808 814 812
3 815 814 816
3 815 816 1398
3 816 814 817
3 816 817 818
3 808 820 819
3 808 819 817
3 819 821 818
3 819 818 817
3 819 820 823
3 819 823 822
3 819 822 825
3 819 825 821
3 856 824 822
3 856 822 823
3 825 822 824
3 825 824 827
3 825 826 1518
3 825 1518 821
3 825 827 828
3 825 828 826
3 830 829 827
3 830 827 824
3 828 827 829
3 828 829 832
3 830 855 831
3 830 831 829
3 831 834 832
3 831 832 829
3 828 832 833
3 828 833 1525
3 833 832 834
3 833 834 835
3 836 838 835
3 836 835 834
3 831 839 836
3 831 836 834
3 836 839 841
3 836 841 837
3 836 837 2900
3 836 2900 838
3 831 855 840
3 831 840 839
3 843 841 839
3 843 839 840
3 842 869 837
3 842 837 841
3 842 841 843
3 842 843 844
3 843 845 846
3 843 846 844
3 843 840 847
3 843 847 845
3 848 849 846
3 848 846 845
3 847 850 848
3 847 848 845
3 848 779 777
3 848 777 849
3 783 779 848
3 783 848 850
3 847 853 851
3 847 851 850
3 851 786 783
3 851 783 850
3 851 853 854
3 851 854 852
3 851 852 788
3 851 788 786
3 830 854 853
3 830 853 855
3 847 840 855
3 847 855 853
3 856 857 852
3 856 852 854
3 856 854 830
3 856 830 824
3 858 857 856
3 858 856 823
3 858 860 859
3 858 859 857
3 788 852 857
3 788 857 859
3 789 859 860
3 789 860 802
3 801 860 858
3 801 858 809
3 858 823 820
3 858 820 809
3 846 849 861
3 846 861 863
3 775 861 849
3 775 849 777
3 862 864 863
3 862 863 861
3 862 861 775
3 862 775 2901
3 865 863 864
3 865 864 867
3 846 863 865
3 846 865 844
3 842 844 865
3 842 865 866
3 865 867 294
3 865 294 866
3 302 295 867
3 302 867 864
3 868 866 294
3 868 294 292
3 868 869 842
3 868 842 866
3 290 870 868
3 290 868 292
3 868 870 871
3 868 871 869
3 875 871 870
3 875 870 872
3 290 874 872
3 290 872 870
3 875 872 873
3 875 873 877
3 873 872 874
3 873 874 2899
3 2900 871 875
3 2900 875 876
3 875 877 878
3 875 878 876
3 882 878 877
3 882 877 879
3 873 881 879
3 873 879 877
3 882 879 880
3 882 880 884
3 880 879 881
3 880 881 892
3 1533 878 882
3 1533 882 883
3 882 884 885
3 882 885 883
3 887 885 884
3 887 884 886
3 880 889 886
3 880 886 884
3 887 886 888
3 887 888 1543
3 888 886 889
3 888 889 890
3 880 892 891
3 880 891 889
3 891 893 890
3 891 890 889
3 891 892 895
3 891 895 894
3 891 894 896
3 891 896 893
3 899 897 894
3 899 894 895
3 896 894 897
3 896 897 898
3 900 903 898
3 900 898 897
3 899 901 900
3 899 900 897
3 900 901 2892
3 900 2892 902
3 900 902 904
3 900 904 903
3 906 898 903
3 906 903 905
3 904 908 905
3 904 905 903
3 906 905 907
3 906 907 1572
3 907 905 908
3 907 908 909
3 910 912 909
3 910 909 908
3 904 913 910
3 904 910 908
3 910 913 915
3 910 915 911
3 910 911 920
3 910 920 912
3 904 902 914
3 904 914 913
3 917 915 913
3 917 913 914
3 916 918 911
3 916 911 915
3 916 915 917
3 916 917 263
3 917 272 265
3 917 265 263
3 917 914 2891
3 917 2891 272
3 256 918 916
3 256 916 258
3 920 911 918
3 920 918 919
3 256 922 919
3 256 919 918
3 920 919 921
3 920 921 2726
3 921 919 922
3 921 922 923
3 252 925 923
3 252 923 922
3 921 923 924
3 921 924 2724
3 924 923 925
3 924 925 926
3 248 928 926
3 248 926 925
3 924 926 927
3 924 927 2721
3 927 926 928
3 927 928 929
3 247 931 929
3 247 929 928
3 927 929 930
3 927 930 2718
3 930 929 931
3 930 931 933
3 932 935 933
3 932 933 931
3 932 931 247
3 932 247 245
3 930 933 934
3 930 934 2716
3 934 933 935
3 934 935 937
3 936 939 937
3 936 937 935
3 936 935 932
3 936 932 2807
3 934 937 938
3 934 938 2714
3 938 937 939
3 938 939 941
3 940 943 941
3 940 941 939
3 940 939 936
3 940 936 2805
3 938 941 942
3 938 942 1631
3 942 941 943
3 942 943 945
3 944 943 940
3 944 940 2803
3 944 947 945
3 944 945 943
3 942 945 946
3 942 946 1633
3 946 945 947
3 946 947 948
3 949 952 948
3 949 948 947
3 949 947 944
3 949 944 951
3 953 952 949
3 953 949 950
3 949 951 2796
3 949 2796 950
3 957 948 952
3 957 952 954
3 953 956 954
3 953 954 952
3 957 954 955
3 957 955 959
3 955 954 956
3 955 956 2779
3 946 948 957
3 946 957 958
3 957 959 960
3 957 960 958
3 964 960 959
3 964 959 961
3 955 963 961
3 955 961 959
3 964 961 962
3 964 962 966
3 962 961 963
3 962 963 975
3 1635 960 964
3 1635 964 965
3 964 966 967
3 964 967 965
3 969 967 966
3 969 966 968
3 962 971 968
3 962 968 966
3 969 968 970
3 969 970 1675
3 970 968 971
3 970 971 972
3 973 974 972
3 973 972 971
3 962 975 973
3 962 973 971
3 973 976 978
3 973 978 974
3 973 975 977
3 973 977 976
3 980 979 976
3 980 976 977
3 978 976 979
3 978 979 982
3 980 2773 981
3 980 981 979
3 981 984 982
3 981 982 979
3 978 982 983
3 978 983 1683
3 983 982 984
3 983 984 986
3 981 2771 985
3 981 985 984
3 985 988 986
3 985 986 984
3 983 986 987
3 983 987 1685
3 987 986 988
3 987 988 990
3 985 2769 989
3 985 989 988
3 989 992 990
3 989 990 988
3 987 990 991
3 987 991 1688
3 991 990 992
3 991 992 993
3 994 997 993
3 994 993 992
3 989 995 994
3 989 994 992
3 994 995 2765
3 994 2765 996
3 994 996 998
3 994 998 997
3 997 999 1000
3 997 1000 993
3 997 998 1002
3 997 1002 999
3 1694 1000 999
3 1694 999 1001
3 1002 1004 1001
3 1002 1001 999
3 1002 998 2762
3 1002 2762 1003
3 1002 1003 1005
3 1002 1005 1004
3 1004 1005 1008
3 1004 1008 1006
3 1004 1006 1007
3 1004 1007 1001
3 1006 1009 1010
3 1006 1010 1007
3 1006 1008 1011
3 1006 1011 1009
3 1009 1012 1015
3 1009 1015 1010
3 1009 1011 1014
3 1009 1014 1012
3 1012 1014 1046
3 1012 1046 1013
3 1012 1013 1017
3 1012 1017 1015
3 1696 1010 1015
3 1696 1015 1016
3 1016 1015 1017
3 1016 1017 1018
3 1013 1021 1019
3 1013 1019 1017
3 1018 1017 1019
3 1018 1019 1020
3 1022 1023 1020
3 1022 1020 1019
3 1021 1024 1022
3 1021 1022 1019
3 1022 1025 1026
3 1022 1026 1023
3 1022 1024 1028
3 1022 1028 1025
3 1026 1025 1027
3 1026 1027 2690
3 1029 1027 1025
3 1029 1025 1028
3 1030 1028 1024
3 1030 1024 1033
3 1030 1032 1029
3 1030 1029 1028
3 1031 2698 1032
3 1031 1032 1030
3 1031 1030 1033
3 1031 1033 1035
3 1021 1034 1033
3 1021 1033 1024
3 1035 1033 1034
3 1035 1034 1036
3 1031 1035 1037
3 1031 1037 1039
3 1035 1036 1040
3 1035 1040 1037
3 1038 1037 1040
3 1038 1040 1041
3 1038 2703 1039
3 1038 1039 1037
3 1043 1041 1040
3 1043 1040 1042
3 1036 1045 1042
3 1036 1042 1040
3 1043 1042 1044
3 1043 1044 1048
3 1047 1044 1042
3 1047 1042 1045
3 1047 1045 1046
3 1047 1046 1014
3 1036 1034 1046
3 1036 1046 1045
3 1047 1014 1011
3 1047 1011 1044
3 1013 1046 1034
3 1013 1034 1021
3 1008 1048 1044
3 1008 1044 1011
3 1043 1048 1049
3 1043 1049 1050
3 1008 1005 1049
3 1008 1049 1048
3 1049 1051 3
3 1049 3 1050
3 1005 1003 1051
3 1005 1051 1049
3 1003 2762 4
3 1003 4 1051
3 1043 1050 1052
3 1043 1052 1053
3 1052 1050 3
3 1052 3 1055
3 1054 2577 1053
3 1054 1053 1052
3 1056 1054 1052
3 1056 1052 1055
3 1058 1056 1055
3 1058 1055 2
3 1057 1056 1058
3 1057 1058 1060
3 1057 2566 1054
3 1057 1054 1056
3 1058 2 1098
3 1058 1098 1059
3 1058 1059 1062
3 1058 1062 1060
3 1061 1060 1062
3 1061 1062 1064
3 1061 2567 1057
3 1061 1057 1060
3 1059 1097 1063
3 1059 1063 1062
3 1063 1066 1064
3 1063 1064 1062
3 1065 1064 1066
3 1065 1066 1067
3 1065 2569 1061
3 1065 1061 1064
3 1068 1069 1067
3 1068 1067 1066
3 1063 1070 1068
3 1063 1068 1066
3 1068 1071 1073
3 1068 1073 1069
3 1068 1070 1072
3 1068 1072 1071
3 1075 1074 1071
3 1075 1071 1072
3 1073 1071 1074
3 1073 1074 1076
3 1075 1080 1077
3 1075 1077 1074
3 1076 1074 1077
3 1076 1077 1078
3 1078 1077 1079
3 1078 1079 1896
3 1080 1081 1079
3 1080 1079 1077
3 1083 1081 1080
3 1083 1080 1082
3 1075 1085 1082
3 1075 1082 1080
3 1083 1082 1084
3 1083 1084 1983
3 1084 1082 1085
3 1084 1085 1087
3 1086 1089 1087
3 1086 1087 1085
3 1086 1085 1075
3 1086 1075 1072
3 1084 1087 1088
3 1084 1088 1984
3 1088 1087 1089
3 1088 1089 1091
3 1090 1093 1091
3 1090 1091 1089
3 1090 1089 1086
3 1090 1086 1099
3 1088 1091 1092
3 1088 1092 1986
3 1092 1091 1093
3 1092 1093 1094
3 1095 9 1094
3 1095 1094 1093
3 1095 1093 1090
3 1095 1090 1096
3 1095 1096 1098
3 1095 1098 1
3 1059 1098 1096
3 1059 1096 1097
3 1090 1099 1097
3 1090 1097 1096
3 1063 1097 1099
3 1063 1099 1070
3 1086 1072 1070
3 1086 1070 1099
3 1092 1094 1100
3 1092 1100 1101
3 1100 1094 9
3 1100 9 11
3 1100 1102 1103
3 1100 1103 1101
3 1100 11 13
3 1100 13 1102
3 77 1103 1102
3 77 1102 1104
3 13 1105 1104
3 13 1104 1102
3 73 1104 1105
3 73 1105 1106
3 14 1107 1106
3 14 1106 1105
3 69 1106 1107
3 69 1107 1109
3 14 16 1108
3 14 1108 1107
3 1108 1110 1109
3 1108 1109 1107
3 65 1109 1110
3 65 1110 1111
3 1108 21 27
3 1108 27 1110
3 27 1112 1111
3 27 1111 1110
3 64 1111 1112
3 64 1112 1113
3 28 1114 1113
3 28 1113 1112
3 54 56 64
3 54 64 1113
3 54 1113 1114
3 54 1114 47
3 28 30 43
3 28 43 1114
3 1115 1116 1101
3 1115 1101 1103
3 77 79 1115
3 77 1115 1103
3 1115 79 82
3 1115 82 1117
3 1115 1117 1118
3 1115 1118 1116
3 1119 1117 82
3 1119 82 1120
3 1118 1117 1119
3 1118 1119 1122
3 1119 1120 2761
3 1119 2761 1121
3 1124 1122 1119
3 1124 1119 1121
3 1118 1122 1123
3 1118 1123 1985
3 1123 1122 1124
3 1123 1124 1125
3 1128 1125 1124
3 1128 1124 1126
3 1124 1121 1129
3 1124 1129 1126
3 1131 1127 1126
3 1131 1126 1129
3 1128 1126 1127
3 1128 1127 1977
3 1131 1129 1130
3 1131 1130 1133
3 1130 1129 1121
3 1130 1121 2761
3 1976 1127 1131
3 1976 1131 1132
3 1131 1133 1134
3 1131 1134 1132
3 1138 1134 1133
3 1138 1133 1135
3 1130 1136 1135
3 1130 1135 1133
3 1137 1135 1136
3 1137 1136 2748
3 1137 1139 1138
3 1137 1138 1135
3 1138 1139 1141
3 1138 1141 1140
3 1138 1140 1143
3 1138 1143 1134
3 1140 1141 2756
3 1140 2756 1142
3 1143 1140 1142
3 1143 1142 1145
3 1143 1145 1147
3 1143 1147 1144
3 1143 1144 1132
3 1143 1132 1134
3 1145 1142 2758
3 1145 2758 1146
3 1147 1145 1146
3 1147 1146 1149
3 1147 1148 1973
3 1147 1973 1144
3 1147 1149 1150
3 1147 1150 1148
3 1150 1149 1151
3 1150 1151 1153
3 1149 1146 1152
3 1149 1152 1151
3 1157 1154 1151
3 1157 1151 1152
3 1153 1151 1154
3 1153 1154 1156
3 1155 1963 1156
3 1155 1156 1154
3 1155 1154 1157
3 1155 1157 1158
3 1157 1159 1160
3 1157 1160 1158
3 1157 1152 1161
3 1157 1161 1159
3 1165 1160 1159
3 1165 1159 1162
3 1161 1163 1162
3 1161 1162 1159
3 1164 1162 1163
3 1164 1163 1200
3 1164 1166 1165
3 1164 1165 1162
3 1165 1167 1169
3 1165 1169 1160
3 1165 1166 1168
3 1165 1168 1167
3 1172 1170 1167
3 1172 1167 1168
3 1169 1167 1170
3 1169 1170 1171
3 1173 1175 1171
3 1173 1171 1170
3 1172 1174 1173
3 1172 1173 1170
3 1173 1174 1179
3 1173 1179 1176
3 1173 1176 1178
3 1173 1178 1175
3 1180 1177 1176
3 1180 1176 1179
3 1178 1176 1177
3 1178 1177 2526
3 1180 1179 1181
3 1180 1181 1183
3 1181 1179 1174
3 1181 1174 1184
3 1181 1182 2080
3 1181 2080 1183
3 1181 1184 1185
3 1181 1185 1182
3 1172 1186 1184
3 1172 1184 1174
3 1185 1184 1186
3 1185 1186 1188
3 1187 1190 1188
3 1187 1188 1186
3 1187 1186 1172
3 1187 1172 1168
3 1185 1188 1189
3 1185 1189 1236
3 1189 1188 1190
3 1189 1190 1191
3 1192 1193 1191
3 1192 1191 1190
3 1192 1190 1187
3 1192 1187 1194
3 1197 1193 1192
3 1197 1192 1195
3 1192 1194 1198
3 1192 1198 1195
3 1199 1196 1195
3 1199 1195 1198
3 1197 1195 1196
3 1197 1196 1216
3 1199 1198 1164
3 1199 1164 1200
3 1164 1198 1194
3 1164 1194 1166
3 1199 1200 1202
3 1199 1202 1201
3 1204 1196 1199
3 1204 1199 1201
3 2755 1203 1201
3 2755 1201 1202
3 1204 1201 1203
3 1204 1203 1206
3 1208 1205 1204
3 1208 1204 1206
3 1204 1205 1216
3 1204 1216 1196
3 2753 1207 1206
3 2753 1206 1203
3 1208 1206 1207
3 1208 1207 1209
3 1208 1210 1213
3 1208 1213 1205
3 1211 1210 1208
3 1211 1208 1209
3 1211 134 1212
3 1211 1212 1210
3 1214 1213 1210
3 1214 1210 1212
3 1214 1218 1215
3 1214 1215 1213
3 1215 1216 1205
3 1215 1205 1213
3 1215 1217 1197
3 1215 1197 1216
3 1215 1218 1219
3 1215 1219 1217
3 1223 1219 1218
3 1223 1218 1220
3 1214 1222 1220
3 1214 1220 1218
3 1223 1220 1221
3 1223 1221 1224
3 1221 1220 1222
3 1221 1222 138
3 1223 1224 1227
3 1223 1227 1225
3 1228 1219 1223
3 1228 1223 1225
3 1557 1226 1225
3 1557 1225 1227
3 1228 1225 1226
3 1228 1226 1230
3 1232 1229 1228
3 1232 1228 1230
3 1228 1229 1217
3 1228 1217 1219
3 1241 1231 1230
3 1241 1230 1226
3 1232 1230 1231
3 1232 1231 1233
3 1232 1191 1193
3 1232 1193 1229
3 1189 1191 1232
3 1189 1232 1233
3 1189 1233 1234
3 1189 1234 1236
3 1237 1234 1233
3 1237 1233 1231
3 1235 2523 1236
3 1235 1236 1234
3 1235 1234 1237
3 1235 1237 1238
3 1237 1239 1240
3 1237 1240 1238
3 1237 1231 1241
3 1237 1241 1239
3 1245 1240 1239
3 1245 1239 1242
3 1241 1243 1242
3 1241 1242 1239
3 1244 1242 1243
3 1244 1243 1558
3 1244 1246 1245
3 1244 1245 1242
3 1245 1247 1249
3 1245 1249 1240
3 1245 1246 1248
3 1245 1248 1247
3 1252 1250 1247
3 1252 1247 1248
3 1249 1247 1250
3 1249 1250 1251
3 1253 1256 1251
3 1253 1251 1250
3 1252 1254 1253
3 1252 1253 1250
3 1253 1254 1290
3 1253 1290 1255
3 1253 1255 1257
3 1253 1257 1256
3 1259 1251 1256
3 1259 1256 1258
3 1257 1261 1258
3 1257 1258 1256
3 1259 1258 1260
3 1259 1260 2524
3 1260 1258 1261
3 1260 1261 1263
3 1257 1284 1262
3 1257 1262 1261
3 1262 1265 1263
3 1262 1263 1261
3 1260 1263 1264
3 1260 1264 2083
3 1264 1263 1265
3 1264 1265 1266
3 1267 1269 1266
3 1267 1266 1265
3 1262 1268 1267
3 1262 1267 1265
3 1267 1268 1271
3 1267 1271 1270
3 1267 1270 1272
3 1267 1272 1269
3 1276 1273 1270
3 1276 1270 1271
3 1272 1270 1273
3 1272 1273 1274
3 1275 1592 1274
3 1275 1274 1273
3 1277 1275 1273
3 1277 1273 1276
3 1277 1276 1278
3 1277 1278 1279
3 1278 1276 1271
3 1278 1271 1281
3 1278 1280 1585
3 1278 1585 1279
3 1278 1281 1282
3 1278 1282 1280
3 1282 1281 1283
3 1282 1283 1285
3 1281 1271 1268
3 1281 1268 1283
3 1262 1284 1283
3 1262 1283 1268
3 1285 1283 1284
3 1285 1284 1287
3 1282 1285 1286
3 1282 1286 2730
3 1286 1285 1287
3 1286 1287 1288
3 1257 1255 1287
3 1257 1287 1284
3 1288 1287 1255
3 1288 1255 1290
3 1286 1288 1289
3 1286 1289 1566
3 1289 1288 1290
3 1289 1290 1291
3 1291 1290 1254
3 1291 1254 1292
3 1293 1291 1292
3 1293 1292 1296
3 1289 1291 1293
3 1289 1293 1294
3 1293 1295 1562
3 1293 1562 1294
3 1293 1296 1297
3 1293 1297 1295
3 1296 1292 1301
3 1296 1301 1298
3 1297 1296 1298
3 1297 1298 1300
3 1302 1299 1298
3 1302 1298 1301
3 1300 1298 1299
3 1300 1299 1561
3 1302 1301 1252
3 1302 1252 1248
3 1252 1301 1292
3 1252 1292 1254
3 1305 1299 1302
3 1305 1302 1303
3 1302 1248 1246
3 1302 1246 1303
3 1244 1304 1303
3 1244 1303 1246
3 1305 1303 1304
3 1305 1304 1307
3 1309 1306 1305
3 1309 1305 1307
3 1305 1306 1561
3 1305 1561 1299
3 1559 1308 1307
3 1559 1307 1304
3 1309 1307 1308
3 1309 1308 1310
3 1312 1311 1309
3 1312 1309 1310
3 1309 1311 1314
3 1309 1314 1306
3 1312 1560 1313
3 1312 1313 1311
3 1316 1314 1311
3 1316 1311 1313
3 1315 1561 1306
3 1315 1306 1314
3 1317 1315 1314
3 1317 1314 1316
3 1317 1316 1318
3 1317 1318 1319
3 1318 1316 1313
3 1318 1313 1321
3 1318 1320 1537
3 1318 1537 1319
3 1318 1321 1323
3 1318 1323 1320
3 1323 1321 1322
3 1323 1322 1325
3 1321 1313 1560
3 1321 1560 1322
3 1323 1324 1544
3 1323 1544 1320
3 1323 1325 1326
3 1323 1326 1324
3 1325 1322 1330
3 1325 1330 1327
3 1326 1325 1327
3 1326 1327 1329
3 1332 1328 1327
3 1332 1327 1330
3 1329 1327 1328
3 1329 1328 1546
3 1332 1330 1331
3 1332 1331 1334
3 1331 1330 1322
3 1331 1322 1560
3 1547 1328 1332
3 1547 1332 1333
3 1332 1334 1335
3 1332 1335 1333
3 1337 1335 1334
3 1337 1334 1336
3 1331 1339 1336
3 1331 1336 1334
3 1337 1336 1338
3 1337 1338 1555
3 1338 1336 1339
3 1338 1339 1340
3 1312 1310 1340
3 1312 1340 1339
3 1331 1560 1312
3 1331 1312 1339
3 1338 1340 1341
3 1338 1341 1343
3 1341 1340 1310
3 1341 1310 1308
3 1341 1308 1559
3 1341 1559 1342
3 1341 1342 1345
3 1341 1345 1343
3 1347 1344 1343
3 1347 1343 1345
3 1338 1343 1344
3 1338 1344 1555
3 1346 1345 1342
3 1346 1342 1556
3 1346 1348 1347
3 1346 1347 1345
3 1347 1348 1350
3 1347 1350 1349
3 1347 1349 1351
3 1347 1351 1344
3 140 143 1349
3 140 1349 1350
3 1351 1349 143
3 1351 143 1353
3 1351 1352 1555
3 1351 1555 1344
3 1351 1353 1354
3 1351 1354 1352
3 1354 1353 142
3 1354 142 1356
3 1354 1355 1554
3 1354 1554 1352
3 1354 1356 1357
3 1354 1357 1355
3 145 1358 1356
3 145 1356 142
3 1357 1356 1358
3 1357 1358 1359
3 148 1361 1359
3 148 1359 1358
3 1357 1359 1360
3 1357 1360 1553
3 1360 1359 1361
3 1360 1361 1362
3 1363 1365 1362
3 1363 1362 1361
3 148 150 1363
3 148 1363 1361
3 1363 150 152
3 1363 152 1364
3 1363 1364 1366
3 1363 1366 1365
3 1370 1362 1365
3 1370 1365 1367
3 1366 1369 1367
3 1366 1367 1365
3 1370 1367 1368
3 1370 1368 1372
3 1368 1367 1369
3 1368 1369 1512
3 1360 1362 1370
3 1360 1370 1371
3 1370 1372 1373
3 1370 1373 1371
3 1377 1373 1372
3 1377 1372 1374
3 1368 1375 1374
3 1368 1374 1372
3 1376 1374 1375
3 1376 1375 1476
3 1376 1378 1377
3 1376 1377 1374
3 1377 1378 1380
3 1377 1380 1379
3 1377 1379 1381
3 1377 1381 1373
3 1384 1382 1379
3 1384 1379 1380
3 1381 1379 1382
3 1381 1382 1383
3 1385 1386 1383
3 1385 1383 1382
3 1384 1388 1385
3 1384 1385 1382
3 1385 1387 1547
3 1385 1547 1386
3 1385 1388 1390
3 1385 1390 1387
3 1384 1470 1389
3 1384 1389 1388
3 1392 1390 1388
3 1392 1388 1389
3 1391 1546 1387
3 1391 1387 1390
3 1394 1391 1390
3 1394 1390 1392
3 1394 1392 1393
3 1394 1393 1396
3 1393 1392 1389
3 1393 1389 1471
3 1545 1391 1394
3 1545 1394 1395
3 1394 1396 1397
3 1394 1397 1395
3 816 1397 1396
3 816 1396 1398
3 1393 1399 1398
3 1393 1398 1396
3 815 1398 1399
3 815 1399 1401
3 1393 1471 1400
3 1393 1400 1399
3 1400 1402 1401
3 1400 1401 1399
3 1403 1401 1402
3 1403 1402 1405
3 1403 813 815
3 1403 815 1401
3 1407 1404 1403
3 1407 1403 1405
3 1403 1404 811
3 1403 811 813
3 1466 1406 1405
3 1466 1405 1402
3 1407 1405 1406
3 1407 1406 1408
3 1410 1409 1407
3 1410 1407 1408
3 1407 1409 1412
3 1407 1412 1404
3 1410 1430 1411
3 1410 1411 1409
3 1413 1412 1409
3 1413 1409 1411
3 1413 1415 1414
3 1413 1414 1412
3 1414 811 1404
3 1414 1404 1412
3 1414 1415 804
3 1414 804 806
3 1413 1419 1416
3 1413 1416 1415
3 1418 804 1415
3 1418 1415 1416
3 1417 1516 1418
3 1417 1418 1416
3 1417 1416 1419
3 1417 1419 1421
3 1420 1422 1421
3 1420 1421 1419
3 1420 1419 1413
3 1420 1413 1411
3 517 1421 1422
3 517 1422 514
3 517 520 1417
3 517 1417 1421
3 1423 511 514
3 1423 514 1422
3 1423 1422 1420
3 1423 1420 1424
3 1423 1424 1427
3 1423 1427 1425
3 508 511 1423
3 508 1423 1425
3 1428 1426 1425
3 1428 1425 1427
3 508 1425 1426
3 508 1426 505
3 1428 1427 1429
3 1428 1429 1431
3 1429 1427 1424
3 1429 1424 1430
3 1429 1430 1410
3 1429 1410 1432
3 1429 1432 1434
3 1429 1434 1431
3 1435 1434 1432
3 1435 1432 1433
3 1410 1408 1433
3 1410 1433 1432
3 1435 1437 1436
3 1435 1436 1434
3 1436 1438 1431
3 1436 1431 1434
3 1436 1437 1442
3 1436 1442 1439
3 1436 1439 1440
3 1436 1440 1438
3 1440 1439 1441
3 1440 1441 485
3 1439 1442 1443
3 1439 1443 1441
3 1447 1443 1442
3 1447 1442 1444
3 1437 1446 1444
3 1437 1444 1442
3 1447 1444 1445
3 1447 1445 1449
3 1445 1444 1446
3 1445 1446 1457
3 1513 1443 1447
3 1513 1447 1448
3 1447 1449 1450
3 1447 1450 1448
3 1452 1450 1449
3 1452 1449 1451
3 1445 1454 1451
3 1445 1451 1449
3 1452 1451 1453
3 1452 1453 1508
3 1453 1451 1454
3 1453 1454 1455
3 1456 1458 1455
3 1456 1455 1454
3 1445 1457 1456
3 1445 1456 1454
3 1456 1457 1460
3 1456 1460 1459
3 1456 1459 1461
3 1456 1461 1458
3 1465 1462 1459
3 1465 1459 1460
3 1461 1459 1462
3 1461 1462 1463
3 1464 1469 1463
3 1464 1463 1462
3 1466 1464 1462
3 1466 1462 1465
3 1466 1465 1467
3 1466 1467 1406
3 1467 1465 1460
3 1467 1460 1468
3 1467 1433 1408
3 1467 1408 1406
3 1467 1468 1435
3 1467 1435 1433
3 1435 1468 1446
3 1435 1446 1437
3 1468 1460 1457
3 1468 1457 1446
3 1400 1464 1466
3 1400 1466 1402
3 1400 1471 1469
3 1400 1469 1464
3 1472 1463 1469
3 1472 1469 1470
3 1471 1389 1470
3 1471 1470 1469
3 1472 1470 1384
3 1472 1384 1380
3 1461 1463 1472
3 1461 1472 1473
3 1472 1380 1378
3 1472 1378 1473
3 1376 1474 1473
3 1376 1473 1378
3 1461 1473 1474
3 1461 1474 1458
3 1475 1455 1458
3 1475 1458 1474
3 1475 1474 1376
3 1475 1376 1476
3 1475 1476 1479
3 1475 1479 1477
3 1453 1455 1475
3 1453 1475 1477
3 1481 1478 1477
3 1481 1477 1479
3 1453 1477 1478
3 1453 1478 1508
3 1480 1479 1476
3 1480 1476 1375
3 1480 1482 1481
3 1480 1481 1479
3 1481 1482 1484
3 1481 1484 1483
3 1481 1483 1485
3 1481 1485 1478
3 1487 1486 1483
3 1487 1483 1484
3 1485 1483 1486
3 1485 1486 1489
3 1487 173 1488
3 1487 1488 1486
3 1488 1491 1489
3 1488 1489 1486
3 1485 1489 1490
3 1485 1490 1506
3 1490 1489 1491
3 1490 1491 1492
3 1493 1495 1492
3 1493 1492 1491
3 1488 1494 1493
3 1488 1493 1491
3 1493 1494 450
3 1493 450 452
3 1493 452 454
3 1493 454 1495
3 1497 1492 1495
3 1497 1495 1496
3 454 457 1496
3 454 1496 1495
3 1497 1496 1498
3 1497 1498 1499
3 1498 1496 457
3 1498 457 459
3 1498 465 1501
3 1498 1501 1499
3 1497 1499 1500
3 1497 1500 1507
3 1502 1500 1499
3 1502 1499 1501
3 475 1501 465
3 475 465 467
3 475 477 1502
3 475 1502 1501
3 1502 1503 1504
3 1502 1504 1500
3 1502 477 481
3 1502 481 1503
3 1513 1448 1503
3 1513 1503 481
3 1504 1503 1448
3 1504 1448 1450
3 1504 1450 1452
3 1504 1452 1505
3 1504 1505 1507
3 1504 1507 1500
3 1490 1507 1505
3 1490 1505 1506
3 1452 1508 1506
3 1452 1506 1505
3 1490 1492 1497
3 1490 1497 1507
3 1485 1506 1508
3 1485 1508 1478
3 1488 173 175
3 1488 175 1494
3 178 450 1494
3 178 1494 175
3 1509 172 1487
3 1509 1487 1484
3 1509 1484 1482
3 1509 1482 1510
3 1511 163 1509
3 1511 1509 1510
3 1509 163 165
3 1509 165 172
3 1480 1512 1510
3 1480 1510 1482
3 1511 1510 1512
3 1511 1512 1369
3 1368 1512 1480
3 1368 1480 1375
3 1366 162 1511
3 1366 1511 1369
3 1513 480 1441
3 1513 1441 1443
3 1440 489 1514
3 1440 1514 1438
3 1428 1431 1438
3 1428 1438 1514
3 1515 1514 489
3 1515 489 491
3 1515 1426 1428
3 1515 1428 1514
3 494 502 1515
3 494 1515 491
3 1515 502 505
3 1515 505 1426
3 1420 1411 1430
3 1420 1430 1424
3 1418 1516 797
3 1418 797 799
3 1417 520 523
3 1417 523 1516
3 526 797 1516
3 526 1516 523
3 816 818 1517
3 816 1517 1397
3 1517 1519 1395
3 1517 1395 1397
3 1517 818 821
3 1517 821 1518
3 1517 1518 1521
3 1517 1521 1519
3 1545 1395 1519
3 1545 1519 1520
3 1521 1522 1520
3 1521 1520 1519
3 1521 1523 1524
3 1521 1524 1522
3 1521 1518 826
3 1521 826 1523
3 828 1525 1523
3 828 1523 826
3 1524 1523 1525
3 1524 1525 1526
3 833 1528 1526
3 833 1526 1525
3 1524 1526 1527
3 1524 1527 1544
3 1527 1526 1528
3 1527 1528 1529
3 1530 1532 1529
3 1530 1529 1528
3 833 835 1530
3 833 1530 1528
3 1530 835 838
3 1530 838 1531
3 1530 1531 1533
3 1530 1533 1532
3 1536 1529 1532
3 1536 1532 1534
3 1533 883 1534
3 1533 1534 1532
3 1536 1534 1535
3 1536 1535 1538
3 1535 1534 883
3 1535 883 885
3 1527 1529 1536
3 1527 1536 1537
3 1536 1538 1319
3 1536 1319 1537
3 1317 1319 1538
3 1317 1538 1539
3 1535 1540 1539
3 1535 1539 1538
3 1541 1539 1540
3 1541 1540 1542
3 1541 1315 1317
3 1541 1317 1539
3 1297 1300 1541
3 1297 1541 1542
3 1541 1300 1561
3 1541 1561 1315
3 1297 1542 1543
3 1297 1543 1295
3 887 1543 1542
3 887 1542 1540
3 888 1562 1295
3 888 1295 1543
3 1535 885 887
3 1535 887 1540
3 1527 1537 1320
3 1527 1320 1544
3 1533 1531 876
3 1533 876 878
3 2900 876 1531
3 2900 1531 838
3 1524 1544 1324
3 1524 1324 1522
3 1326 1520 1522
3 1326 1522 1324
3 1326 1329 1545
3 1326 1545 1520
3 1545 1329 1546
3 1545 1546 1391
3 1547 1387 1546
3 1547 1546 1328
3 1547 1333 1548
3 1547 1548 1386
3 1550 1383 1386
3 1550 1386 1548
3 1550 1548 1549
3 1550 1549 1552
3 1549 1548 1333
3 1549 1333 1335
3 1381 1383 1550
3 1381 1550 1551
3 1550 1552 1553
3 1550 1553 1551
3 1357 1553 1552
3 1357 1552 1355
3 1549 1554 1355
3 1549 1355 1552
3 1360 1371 1551
3 1360 1551 1553
3 1381 1551 1371
3 1381 1371 1373
3 1549 1335 1337
3 1549 1337 1554
3 1337 1555 1352
3 1337 1352 1554
3 1366 1364 156
3 1366 156 162
3 1221 1350 1348
3 1221 1348 1224
3 1221 138 140
3 1221 140 1350
3 1346 1227 1224
3 1346 1224 1348
3 1557 1227 1346
3 1557 1346 1556
3 1557 1556 1558
3 1557 1558 1243
3 1559 1558 1556
3 1559 1556 1342
3 1559 1304 1244
3 1559 1244 1558
3 1241 1226 1557
3 1241 1557 1243
3 888 890 1563
3 888 1563 1562
3 1563 1565 1294
3 1563 1294 1562
3 1563 890 893
3 1563 893 1564
3 1563 1564 1567
3 1563 1567 1565
3 1289 1294 1565
3 1289 1565 1566
3 1567 1568 1566
3 1567 1566 1565
3 1567 1569 1571
3 1567 1571 1568
3 1567 1564 1570
3 1567 1570 1569
3 906 1572 1569
3 906 1569 1570
3 1571 1569 1572
3 1571 1572 1573
3 907 1575 1573
3 907 1573 1572
3 1571 1573 1574
3 1571 1574 2729
3 1574 1573 1575
3 1574 1575 1576
3 907 909 1577
3 907 1577 1575
3 1577 1579 1576
3 1577 1576 1575
3 1577 909 912
3 1577 912 1578
3 1577 1578 1580
3 1577 1580 1579
3 1584 1576 1579
3 1584 1579 1581
3 1580 1583 1581
3 1580 1581 1579
3 1584 1581 1582
3 1584 1582 1586
3 1582 1581 1583
3 1582 1583 2728
3 1574 1576 1584
3 1574 1584 1585
3 1584 1586 1279
3 1584 1279 1585
3 1277 1279 1586
3 1277 1586 1587
3 1582 1588 1587
3 1582 1587 1586
3 1589 1587 1588
3 1589 1588 1590
3 1589 1275 1277
3 1589 1277 1587
3 1593 1591 1589
3 1593 1589 1590
3 1589 1591 1592
3 1589 1592 1275
3 1591 1594 1595
3 1591 1595 1592
3 1593 1596 1594
3 1593 1594 1591
3 1598 1595 1594
3 1598 1594 1597
3 1596 1600 1597
3 1596 1597 1594
3 1598 1597 1599
3 1598 1599 2099
3 1599 1597 1600
3 1599 1600 1601
3 1602 1604 1601
3 1602 1601 1600
3 1605 1602 1600
3 1605 1600 1596
3 1603 2507 1604
3 1603 1604 1602
3 1603 1602 1605
3 1603 1605 1606
3 1605 1607 1608
3 1605 1608 1606
3 1605 1596 1593
3 1605 1593 1607
3 1611 1608 1607
3 1611 1607 1609
3 1593 1590 1609
3 1593 1609 1607
3 1610 1609 1590
3 1610 1590 1588
3 1610 1612 1611
3 1610 1611 1609
3 1611 1613 1615
3 1611 1615 1608
3 1611 1612 1614
3 1611 1614 1613
3 1617 1616 1613
3 1617 1613 1614
3 1615 1613 1616
3 1615 1616 1619
3 1617 2717 1618
3 1617 1618 1616
3 1618 1621 1619
3 1618 1619 1616
3 1615 1619 1620
3 1615 1620 2512
3 1620 1619 1621
3 1620 1621 1623
3 1618 2715 1622
3 1618 1622 1621
3 1622 1625 1623
3 1622 1623 1621
3 1620 1623 1624
3 1620 1624 2511
3 1624 1623 1625
3 1624 1625 1626
3 1627 1628 1626
3 1627 1626 1625
3 1622 1629 1627
3 1622 1627 1625
3 1627 1630 1632
3 1627 1632 1628
3 1627 1629 1631
3 1627 1631 1630
3 942 1633 1630
3 942 1630 1631
3 1632 1630 1633
3 1632 1633 1634
3 946 958 1634
3 946 1634 1633
3 1632 1634 1635
3 1632 1635 1636
3 1635 1634 958
3 1635 958 960
3 1635 965 1638
3 1635 1638 1636
3 1640 1637 1636
3 1640 1636 1638
3 1632 1636 1637
3 1632 1637 1628
3 1640 1638 1639
3 1640 1639 1642
3 1639 1638 965
3 1639 965 967
3 2514 1637 1640
3 2514 1640 1641
3 1640 1642 1644
3 1640 1644 1641
3 1645 1644 1642
3 1645 1642 1643
3 1639 2713 1643
3 1639 1643 1642
3 1645 1647 1646
3 1645 1646 1644
3 1646 1648 1641
3 1646 1641 1644
3 1646 1647 1652
3 1646 1652 1649
3 1646 1649 1651
3 1646 1651 1648
3 1651 1649 1650
3 1651 1650 2506
3 1649 1652 1653
3 1649 1653 1650
3 1655 1653 1652
3 1655 1652 1654
3 1647 1657 1654
3 1647 1654 1652
3 1655 1654 1656
3 1655 1656 2118
3 1656 1654 1657
3 1656 1657 1658
3 1659 1660 1658
3 1659 1658 1657
3 1645 1659 1657
3 1645 1657 1647
3 1661 1659 1645
3 1661 1645 1643
3 1661 1663 1660
3 1661 1660 1659
3 1664 1663 1661
3 1664 1661 1662
3 1661 1643 2713
3 1661 2713 1662
3 1664 1668 1665
3 1664 1665 1663
3 1663 1665 1666
3 1663 1666 1660
3 2127 1666 1665
3 2127 1665 1667
3 1668 1669 1667
3 1668 1667 1665
3 1670 1672 1669
3 1670 1669 1668
3 1670 1668 1664
3 1670 1664 1673
3 2275 1672 1670
3 2275 1670 1671
3 1670 1673 1674
3 1670 1674 1671
3 970 1674 1673
3 970 1673 1675
3 1664 1662 1675
3 1664 1675 1673
3 969 1675 1662
3 969 1662 2713
3 970 972 1676
3 970 1676 1674
3 1676 1678 1671
3 1676 1671 1674
3 1676 972 974
3 1676 974 1677
3 1676 1677 1680
3 1676 1680 1678
3 2275 1671 1678
3 2275 1678 1679
3 1680 1681 1679
3 1680 1679 1678
3 1680 1682 1684
3 1680 1684 1681
3 1680 1677 1683
3 1680 1683 1682
3 983 1685 1682
3 983 1682 1683
3 1684 1682 1685
3 1684 1685 1686
3 987 1688 1686
3 987 1686 1685
3 1684 1686 1687
3 1684 1687 2272
3 1687 1686 1688
3 1687 1688 1689
3 991 1691 1689
3 991 1689 1688
3 1687 1689 1690
3 1687 1690 2278
3 1691 1692 1690
3 1691 1690 1689
3 991 993 1000
3 991 1000 1691
3 1691 1000 1694
3 1691 1694 1692
3 2279 1690 1692
3 2279 1692 1693
3 1694 1695 1693
3 1694 1693 1692
3 1694 1001 1007
3 1694 1007 1695
3 1695 1007 1010
3 1695 1010 1696
3 1695 1696 1697
3 1695 1697 1693
3 1696 1016 1699
3 1696 1699 1697
3 2279 1693 1697
3 2279 1697 1698
3 1698 1697 1699
3 1698 1699 1700
3 1700 1699 1701
3 1700 1701 1703
3 1016 1018 1701
3 1016 1701 1699
3 1018 1020 1702
3 1018 1702 1701
3 1702 1705 1703
3 1702 1703 1701
3 1700 1703 1704
3 1700 1704 2261
3 1704 1703 1705
3 1704 1705 1707
3 1702 2709 1706
3 1702 1706 1705
3 1706 1709 1707
3 1706 1707 1705
3 1704 1707 1708
3 1704 1708 2262
3 1708 1707 1709
3 1708 1709 1710
3 1706 1713 1711
3 1706 1711 1709
3 1710 1709 1711
3 1710 1711 1712
3 1714 1717 1712
3 1714 1712 1711
3 1713 1715 1714
3 1713 1714 1711
3 1714 1715 2684
3 1714 2684 1716
3 1714 1716 1718
3 1714 1718 1717
3 1720 1712 1717
3 1720 1717 1719
3 1718 1722 1719
3 1718 1719 1717
3 1720 1719 1721
3 1720 1721 2283
3 1721 1719 1722
3 1721 1722 1724
3 1718 2686 1723
3 1718 1723 1722
3 1723 1726 1724
3 1723 1724 1722
3 1721 1724 1725
3 1721 1725 2288
3 1725 1724 1726
3 1725 1726 1728
3 1723 2660 1727
3 1723 1727 1726
3 1727 1730 1728
3 1727 1728 1726
3 1725 1728 1729
3 1725 1729 2291
3 1729 1728 1730
3 1729 1730 1731
3 1732 1735 1731
3 1732 1731 1730
3 1727 1733 1732
3 1727 1732 1730
3 1732 1733 2656
3 1732 2656 1734
3 1732 1734 1736
3 1732 1736 1735
3 1735 1736 1738
3 1735 1738 1737
3 1735 1737 1740
3 1735 1740 1731
3 1737 1738 2655
3 1737 2655 1739
3 1737 1739 1742
3 1737 1742 1740
3 1729 1731 1740
3 1729 1740 1741
3 1741 1740 1742
3 1741 1742 1743
3 1743 1742 1744
3 1743 1744 1746
3 1739 1745 1744
3 1739 1744 1742
3 1745 1750 1747
3 1745 1747 1744
3 1746 1744 1747
3 1746 1747 1748
3 2300 1748 1747
3 2300 1747 1749
3 1749 1747 1750
3 1749 1750 1751
3 1752 1753 1751
3 1752 1751 1750
3 1745 1754 1752
3 1745 1752 1750
3 1752 1755 1757
3 1752 1757 1753
3 1752 1754 1756
3 1752 1756 1755
3 1758 1755 1756
3 1758 1756 1759
3 1757 1755 1758
3 1757 1758 1760
3 1762 1761 1758
3 1762 1758 1759
3 1761 1764 1760
3 1761 1760 1758
3 1762 2650 1763
3 1762 1763 1761
3 1761 1763 1765
3 1761 1765 1764
3 1764 1766 1769
3 1764 1769 1760
3 1764 1765 1767
3 1764 1767 1766
3 1766 1767 2634
3 1766 2634 1768
3 1766 1768 1771
3 1766 1771 1769
3 1757 1760 1769
3 1757 1769 1770
3 1770 1769 1771
3 1770 1771 1772
3 1772 1771 1773
3 1772 1773 1774
3 1768 1776 1773
3 1768 1773 1771
3 1774 1773 1775
3 1774 1775 1786
3 1776 1778 1775
3 1776 1775 1773
3 1768 2634 1777
3 1768 1777 1776
3 1776 1777 1779
3 1776 1779 1778
3 1778 1780 1783
3 1778 1783 1775
3 1778 1779 1781
3 1778 1781 1780
3 1780 1781 1842
3 1780 1842 1782
3 1780 1782 1784
3 1780 1784 1783
3 1786 1775 1783
3 1786 1783 1785
3 1784 1788 1785
3 1784 1785 1783
3 1786 1785 1787
3 1786 1787 2317
3 1787 1785 1788
3 1787 1788 1790
3 1789 1788 1784
3 1789 1784 1839
3 1789 1792 1790
3 1789 1790 1788
3 1787 1790 1791
3 1787 1791 1939
3 1791 1790 1792
3 1791 1792 1793
3 1794 1792 1789
3 1794 1789 1795
3 1794 1797 1793
3 1794 1793 1792
3 1796 1794 1795
3 1796 1795 1835
3 1796 1799 1797
3 1796 1797 1794
3 1935 1793 1797
3 1935 1797 1798
3 1798 1797 1799
3 1798 1799 1800
3 1800 1799 1801
3 1800 1801 1804
3 1802 1801 1799
3 1802 1799 1796
3 1802 1830 1803
3 1802 1803 1801
3 1803 1806 1804
3 1803 1804 1801
3 1800 1804 1805
3 1800 1805 1930
3 1805 1804 1806
3 1805 1806 1808
3 1803 1827 1807
3 1803 1807 1806
3 1807 1810 1808
3 1807 1808 1806
3 1805 1808 1809
3 1805 1809 1920
3 1809 1808 1810
3 1809 1810 1812
3 1807 1824 1811
3 1807 1811 1810
3 1811 1814 1812
3 1811 1812 1810
3 1809 1812 1813
3 1809 1813 1921
3 1813 1812 1814
3 1813 1814 1815
3 1816 1817 1815
3 1816 1815 1814
3 1811 1819 1816
3 1811 1816 1814
3 1816 1818 2712
3 1816 2712 1817
3 1816 1819 1820
3 1816 1820 1818
3 1822 1820 1819
3 1822 1819 1821
3 1811 1824 1821
3 1811 1821 1819
3 1822 1821 1823
3 1822 1823 1856
3 1823 1821 1824
3 1823 1824 1825
3 1807 1827 1825
3 1807 1825 1824
3 1823 1825 1826
3 1823 1826 1853
3 1826 1825 1827
3 1826 1827 1828
3 1803 1830 1828
3 1803 1828 1827
3 1826 1828 1829
3 1826 1829 1850
3 1829 1828 1830
3 1829 1830 1831
3 1831 1830 1802
3 1831 1802 1833
3 1829 1831 1832
3 1829 1832 1847
3 1832 1831 1833
3 1832 1833 1834
3 1836 1834 1833
3 1836 1833 1835
3 1802 1796 1835
3 1802 1835 1833
3 1836 1835 1795
3 1836 1795 1837
3 1836 1837 1838
3 1836 1838 1834
3 1839 1840 1838
3 1839 1838 1837
3 1789 1839 1837
3 1789 1837 1795
3 1839 1784 1782
3 1839 1782 1840
3 1842 1841 1840
3 1842 1840 1782
3 1844 1838 1840
3 1844 1840 1841
3 1842 2625 1843
3 1842 1843 1841
3 1843 1845 1844
3 1843 1844 1841
3 1832 1844 1845
3 1832 1845 1847
3 1832 1834 1838
3 1832 1838 1844
3 1843 2623 1846
3 1843 1846 1845
3 1846 1848 1847
3 1846 1847 1845
3 1829 1847 1848
3 1829 1848 1850
3 1846 2619 1849
3 1846 1849 1848
3 1849 1851 1850
3 1849 1850 1848
3 1826 1850 1851
3 1826 1851 1853
3 1849 2620 1852
3 1849 1852 1851
3 1852 1854 1853
3 1852 1853 1851
3 1823 1853 1854
3 1823 1854 1856
3 1852 2711 1855
3 1852 1855 1854
3 1855 1857 1856
3 1855 1856 1854
3 1822 1856 1857
3 1822 1857 1859
3 1855 2590 1858
3 1855 1858 1857
3 1858 1860 1859
3 1858 1859 1857
3 1861 1859 1860
3 1861 1860 1862
3 1861 1820 1822
3 1861 1822 1859
3 1865 1863 1861
3 1865 1861 1862
3 1861 1863 1818
3 1861 1818 1820
3 1865 1866 1864
3 1865 1864 1863
3 2712 1818 1863
3 2712 1863 1864
3 1865 1862 1868
3 1865 1868 1867
3 1870 1866 1865
3 1870 1865 1867
3 2584 1869 1867
3 2584 1867 1868
3 1870 1867 1869
3 1870 1869 1871
3 1873 1872 1870
3 1873 1870 1871
3 1870 1872 1875
3 1870 1875 1866
3 1873 2551 1874
3 1873 1874 1872
3 1877 1875 1872
3 1877 1872 1874
3 1876 1864 1866
3 1876 1866 1875
3 1876 1875 1877
3 1876 1877 1879
3 1877 1878 1880
3 1877 1880 1879
3 1877 1874 2548
3 1877 2548 1878
3 1884 1881 1879
3 1884 1879 1880
3 1876 1879 1881
3 1876 1881 1883
3 1882 1927 1883
3 1882 1883 1881
3 1882 1881 1884
3 1882 1884 1886
3 1884 1885 1888
3 1884 1888 1886
3 1884 1880 2539
3 1884 2539 1885
3 1882 1886 1887
3 1882 1887 1926
3 1890 1887 1886
3 1890 1886 1888
3 1890 1888 1889
3 1890 1889 1892
3 2537 1889 1888
3 2537 1888 1885
3 1891 1900 1887
3 1891 1887 1890
3 1891 1890 1892
3 1891 1892 1894
3 1893 1895 1894
3 1893 1894 1892
3 1893 1892 1889
3 1893 1889 2532
3 1078 1896 1894
3 1078 1894 1895
3 1896 1897 1891
3 1896 1891 1894
3 1896 1079 1898
3 1896 1898 1897
3 1902 1899 1897
3 1902 1897 1898
3 1891 1897 1899
3 1891 1899 1900
3 1900 1899 1901
3 1900 1901 1925
3 1901 1899 1902
3 1901 1902 1903
3 1902 1904 1905
3 1902 1905 1903
3 1902 1898 1906
3 1902 1906 1904
3 1910 1905 1904
3 1910 1904 1907
3 1906 1908 1907
3 1906 1907 1904
3 1909 1907 1908
3 1909 1908 1982
3 1909 1911 1910
3 1909 1910 1907
3 1910 1911 1914
3 1910 1914 1912
3 1910 1912 1915
3 1910 1915 1905
3 1915 1912 1913
3 1915 1913 1917
3 1912 1914 1987
3 1912 1987 1913
3 1915 1917 1919
3 1915 1919 1916
3 1915 1916 1903
3 1915 1903 1905
3 1918 1917 1913
3 1918 1913 1928
3 1918 1920 1919
3 1918 1919 1917
3 1809 1921 1919
3 1809 1919 1920
3 1916 1919 1921
3 1916 1921 1922
3 1813 1923 1922
3 1813 1922 1921
3 1901 1922 1923
3 1901 1923 1925
3 1901 1903 1916
3 1901 1916 1922
3 1813 1815 1924
3 1813 1924 1923
3 1924 1926 1925
3 1924 1925 1923
3 1900 1925 1926
3 1900 1926 1887
3 1924 1927 1882
3 1924 1882 1926
3 1924 1815 1817
3 1924 1817 1927
3 2712 1883 1927
3 2712 1927 1817
3 1805 1920 1918
3 1805 1918 1930
3 1918 1928 1990
3 1918 1990 1929
3 1918 1929 1931
3 1918 1931 1930
3 1798 1800 1930
3 1798 1930 1931
3 1934 1932 1931
3 1934 1931 1929
3 1935 1798 1931
3 1935 1931 1932
3 1944 1933 1932
3 1944 1932 1934
3 1935 1932 1933
3 1935 1933 1936
3 1791 1793 1935
3 1791 1935 1936
3 1940 1937 1936
3 1940 1936 1933
3 1791 1936 1937
3 1791 1937 1939
3 1938 2316 1939
3 1938 1939 1937
3 1938 1937 1940
3 1938 1940 1941
3 1940 1942 1943
3 1940 1943 1941
3 1940 1933 1944
3 1940 1944 1942
3 1948 1943 1942
3 1948 1942 1945
3 1944 1946 1945
3 1944 1945 1942
3 1947 1945 1946
3 1947 1946 1993
3 1947 1949 1948
3 1947 1948 1945
3 1948 1949 1953
3 1948 1953 1950
3 1948 1950 1952
3 1948 1952 1943
3 1950 1953 1954
3 1950 1954 1951
3 1950 1951 2319
3 1950 2319 1952
3 1956 1954 1953
3 1956 1953 1955
3 1949 1958 1955
3 1949 1955 1953
3 1956 1955 1957
3 1956 1957 2010
3 1957 1955 1958
3 1957 1958 1959
3 1960 1962 1959
3 1960 1959 1958
3 1947 1960 1958
3 1947 1958 1949
3 1961 1964 1962
3 1961 1962 1960
3 1961 1960 1947
3 1961 1947 1993
3 1994 1959 1962
3 1994 1962 1963
3 1964 1156 1963
3 1964 1963 1962
3 1965 1153 1156
3 1965 1156 1964
3 1965 1964 1961
3 1965 1961 1966
3 1150 1153 1965
3 1150 1965 1967
3 1965 1966 1968
3 1965 1968 1967
3 1970 1969 1967
3 1970 1967 1968
3 1150 1967 1969
3 1150 1969 1148
3 1970 1972 1971
3 1970 1971 1969
3 1971 1973 1148
3 1971 1148 1969
3 1971 1972 1975
3 1971 1975 1974
3 1971 1974 1976
3 1971 1976 1973
3 1978 1977 1974
3 1978 1974 1975
3 1976 1974 1977
3 1976 1977 1127
3 1978 1979 1128
3 1978 1128 1977
3 1909 1979 1978
3 1909 1978 1911
3 1914 1911 1978
3 1914 1978 1975
3 1980 1125 1128
3 1980 1128 1979
3 1980 1979 1909
3 1980 1909 1982
3 1123 1125 1980
3 1123 1980 1981
3 1980 1982 1983
3 1980 1983 1981
3 1083 1983 1982
3 1083 1982 1908
3 1084 1984 1981
3 1084 1981 1983
3 1123 1981 1984
3 1123 1984 1985
3 1088 1986 1985
3 1088 1985 1984
3 1118 1985 1986
3 1118 1986 1116
3 1092 1101 1116
3 1092 1116 1986
3 1976 1132 1144
3 1976 1144 1973
3 1914 1975 1972
3 1914 1972 1987
3 1970 1988 1987
3 1970 1987 1972
3 1987 1988 1928
3 1987 1928 1913
3 1989 1990 1928
3 1989 1928 1988
3 1989 1988 1970
3 1989 1970 1968
3 1989 1968 1966
3 1989 1966 1991
3 1992 1990 1989
3 1992 1989 1991
3 1992 1991 1993
3 1992 1993 1946
3 1961 1993 1991
3 1961 1991 1966
3 1944 1934 1992
3 1944 1992 1946
3 1992 1934 1929
3 1992 1929 1990
3 1994 1963 1155
3 1994 1155 1996
3 1957 1959 1994
3 1957 1994 1995
3 1994 1996 1997
3 1994 1997 1995
3 1999 1997 1996
3 1999 1996 1998
3 1155 1158 1998
3 1155 1998 1996
3 1169 1998 1158
3 1169 1158 1160
3 1169 1171 1999
3 1169 1999 1998
3 1999 1171 1175
3 1999 1175 2000
3 1999 2000 2001
3 1999 2001 1997
3 1178 2002 2000
3 1178 2000 1175
3 2001 2000 2002
3 2001 2002 2004
3 1178 2526 2003
3 1178 2003 2002
3 2003 2005 2004
3 2003 2004 2002
3 2001 2004 2006
3 2001 2006 2008
3 2006 2004 2005
3 2006 2005 2007
3 2006 2007 2011
3 2006 2011 2009
3 2006 2009 2010
3 2006 2010 2008
3 1956 2010 2009
3 1956 2009 2012
3 2011 2014 2012
3 2011 2012 2009
3 2013 2012 2014
3 2013 2014 2015
3 2013 1954 1956
3 2013 1956 2012
3 2016 2017 2015
3 2016 2015 2014
3 2011 2018 2016
3 2011 2016 2014
3 2016 2019 2020
3 2016 2020 2017
3 2016 2018 2022
3 2016 2022 2019
3 2020 2019 2021
3 2020 2021 2032
3 2024 2021 2019
3 2024 2019 2022
3 2023 2022 2018
3 2023 2018 2530
3 2023 2025 2024
3 2023 2024 2022
3 2024 2025 2028
3 2024 2028 2026
3 2024 2026 2029
3 2024 2029 2021
3 2054 2027 2026
3 2054 2026 2028
3 2029 2026 2027
3 2029 2027 2030
3 2029 2031 2032
3 2029 2032 2021
3 2029 2030 2033
3 2029 2033 2031
3 2035 2032 2031
3 2035 2031 2034
3 2033 2037 2034
3 2033 2034 2031
3 2035 2034 2036
3 2035 2036 2329
3 2036 2034 2037
3 2036 2037 2038
3 2039 2041 2038
3 2039 2038 2037
3 2033 2040 2039
3 2033 2039 2037
3 2039 2040 2045
3 2039 2045 2042
3 2039 2042 2044
3 2039 2044 2041
3 2046 2043 2042
3 2046 2042 2045
3 2044 2042 2043
3 2044 2043 2457
3 2046 2045 2047
3 2046 2047 2049
3 2047 2045 2040
3 2047 2040 2050
3 2047 2048 2435
3 2047 2435 2049
3 2047 2050 2051
3 2047 2051 2048
3 2033 2030 2050
3 2033 2050 2040
3 2051 2050 2030
3 2051 2030 2027
3 2051 2052 2053
3 2051 2053 2048
3 2051 2027 2054
3 2051 2054 2052
3 2056 2053 2052
3 2056 2052 2055
3 2054 2058 2055
3 2054 2055 2052
3 2056 2055 2057
3 2056 2057 2515
3 2057 2055 2058
3 2057 2058 2059
3 2060 2062 2059
3 2060 2059 2058
3 2054 2028 2060
3 2054 2060 2058
3 2060 2028 2025
3 2060 2025 2061
3 2060 2061 2064
3 2060 2064 2062
3 2092 2059 2062
3 2092 2062 2063
3 2064 2066 2063
3 2064 2063 2062
3 2064 2061 2529
3 2064 2529 2065
3 2064 2065 2067
3 2064 2067 2066
3 2069 2063 2066
3 2069 2066 2068
3 2067 2071 2068
3 2067 2068 2066
3 2069 2068 2070
3 2069 2070 2088
3 2070 2068 2071
3 2070 2071 2072
3 2073 2075 2072
3 2073 2072 2071
3 2067 2074 2073
3 2067 2073 2071
3 2073 2074 2526
3 2073 2526 1177
3 2073 1177 1180
3 2073 1180 2075
3 2077 2072 2075
3 2077 2075 2076
3 1180 1183 2076
3 1180 2076 2075
3 2077 2076 2078
3 2077 2078 2081
3 2078 2076 1183
3 2078 1183 2080
3 2078 2079 2083
3 2078 2083 2081
3 2078 2080 2521
3 2078 2521 2079
3 2077 2081 2082
3 2077 2082 2085
3 1264 2082 2081
3 1264 2081 2083
3 1260 2083 2079
3 1260 2079 2524
3 1264 1266 2084
3 1264 2084 2082
3 2084 2086 2085
3 2084 2085 2082
3 2070 2085 2086
3 2070 2086 2088
3 2070 2072 2077
3 2070 2077 2085
3 2084 2520 2087
3 2084 2087 2086
3 2087 2089 2088
3 2087 2088 2086
3 2069 2088 2089
3 2069 2089 2091
3 2087 2517 2090
3 2087 2090 2089
3 2090 2093 2091
3 2090 2091 2089
3 2092 2091 2093
3 2092 2093 2094
3 2092 2063 2069
3 2092 2069 2091
3 2095 2096 2094
3 2095 2094 2093
3 2090 2097 2095
3 2090 2095 2093
3 2095 2098 2101
3 2095 2101 2096
3 2095 2097 2099
3 2095 2099 2098
3 1599 2100 2098
3 1599 2098 2099
3 2101 2098 2100
3 2101 2100 2103
3 2101 2102 2515
3 2101 2515 2096
3 2101 2103 2104
3 2101 2104 2102
3 2106 2105 2103
3 2106 2103 2100
3 2104 2103 2105
3 2104 2105 2108
3 2106 2505 2107
3 2106 2107 2105
3 2107 2110 2108
3 2107 2108 2105
3 2104 2108 2109
3 2104 2109 2433
3 2109 2108 2110
3 2109 2110 2111
3 2112 2114 2111
3 2112 2111 2110
3 2107 2113 2112
3 2107 2112 2110
3 2112 2113 1650
3 2112 1650 1653
3 2112 1653 1655
3 2112 1655 2114
3 1655 2118 2115
3 1655 2115 2114
3 2116 2111 2114
3 2116 2114 2115
3 2116 2115 2117
3 2116 2117 2427
3 2117 2115 2118
3 2117 2118 2119
3 1656 2121 2119
3 1656 2119 2118
3 2117 2119 2120
3 2117 2120 2424
3 2120 2119 2121
3 2120 2121 2123
3 1656 1658 2122
3 1656 2122 2121
3 2122 2125 2123
3 2122 2123 2121
3 2120 2123 2124
3 2120 2124 2421
3 2124 2123 2125
3 2124 2125 2126
3 2127 2128 2126
3 2127 2126 2125
3 2122 1666 2127
3 2122 2127 2125
3 2127 1667 2129
3 2127 2129 2128
3 2131 2126 2128
3 2131 2128 2130
3 2129 2133 2130
3 2129 2130 2128
3 2131 2130 2132
3 2131 2132 2417
3 2132 2130 2133
3 2132 2133 2134
3 2135 2138 2134
3 2135 2134 2133
3 2129 2136 2135
3 2129 2135 2133
3 2135 2136 2276
3 2135 2276 2137
3 2135 2137 2139
3 2135 2139 2138
3 2141 2134 2138
3 2141 2138 2140
3 2139 2143 2140
3 2139 2140 2138
3 2141 2140 2142
3 2141 2142 2462
3 2142 2140 2143
3 2142 2143 2144
3 2145 2147 2144
3 2145 2144 2143
3 2139 2146 2145
3 2139 2145 2143
3 2145 2146 2150
3 2145 2150 2148
3 2145 2148 2151
3 2145 2151 2147
3 2151 2148 2149
3 2151 2149 2153
3 2148 2150 2268
3 2148 2268 2149
3 2151 2152 2472
3 2151 2472 2147
3 2151 2153 2155
3 2151 2155 2152
3 2263 2154 2153
3 2263 2153 2149
3 2155 2153 2154
3 2155 2154 2156
3 2155 2157 2158
3 2155 2158 2152
3 2155 2156 2159
3 2155 2159 2157
3 2163 2158 2157
3 2163 2157 2160
3 2159 2162 2160
3 2159 2160 2157
3 2163 2160 2161
3 2163 2161 2165
3 2161 2160 2162
3 2161 2162 2240
3 2470 2158 2163
3 2470 2163 2164
3 2163 2165 2166
3 2163 2166 2164
3 2170 2166 2165
3 2170 2165 2167
3 2161 2169 2167
3 2161 2167 2165
3 2168 2167 2169
3 2168 2169 2246
3 2168 2171 2170
3 2168 2170 2167
3 2170 2171 2173
3 2170 2173 2172
3 2170 2172 2174
3 2170 2174 2166
3 2178 2175 2172
3 2178 2172 2173
3 2174 2172 2175
3 2174 2175 2176
3 2177 2395 2176
3 2177 2176 2175
3 2179 2177 2175
3 2179 2175 2178
3 2179 2178 2180
3 2179 2180 2182
3 2180 2178 2173
3 2180 2173 2183
3 2180 2183 2184
3 2180 2184 2181
3 2180 2181 2381
3 2180 2381 2182
3 2183 2173 2171
3 2183 2171 2185
3 2184 2183 2185
3 2184 2185 2187
3 2168 2186 2185
3 2168 2185 2171
3 2187 2185 2186
3 2187 2186 2188
3 2187 2188 2192
3 2187 2192 2189
3 2184 2187 2189
3 2184 2189 2191
3 2194 2190 2189
3 2194 2189 2192
3 2191 2189 2190
3 2191 2190 2383
3 2194 2192 2193
3 2194 2193 2196
3 2193 2192 2188
3 2193 2188 2248
3 2389 2190 2194
3 2389 2194 2195
3 2194 2196 2197
3 2194 2197 2195
3 2201 2197 2196
3 2201 2196 2198
3 2193 2199 2198
3 2193 2198 2196
3 2200 2198 2199
3 2200 2199 2253
3 2200 2202 2201
3 2200 2201 2198
3 2201 2202 2204
3 2201 2204 2203
3 2201 2203 2205
3 2201 2205 2197
3 2209 2206 2203
3 2209 2203 2204
3 2205 2203 2206
3 2205 2206 2208
3 2209 2210 2207
3 2209 2207 2206
3 2207 2377 2208
3 2207 2208 2206
3 2212 2210 2209
3 2212 2209 2211
3 2214 2211 2209
3 2214 2209 2204
3 2212 2211 2213
3 2212 2213 2475
3 2213 2211 2214
3 2213 2214 2216
3 2218 2216 2214
3 2218 2214 2215
3 2214 2204 2202
3 2214 2202 2215
3 2213 2216 2217
3 2213 2217 2479
3 2217 2216 2218
3 2217 2218 2219
3 2218 2215 2222
3 2218 2222 2220
3 2223 2219 2218
3 2223 2218 2220
3 2254 2221 2220
3 2254 2220 2222
3 2224 2223 2220
3 2224 2220 2221
3 2225 2223 2224
3 2225 2224 2228
3 2227 2219 2223
3 2227 2223 2225
3 2227 2225 2226
3 2227 2226 2487
3 2226 2225 2228
3 2226 2228 2229
3 2231 2229 2228
3 2231 2228 2230
3 2224 2233 2230
3 2224 2230 2228
3 2231 2230 2232
3 2231 2232 2257
3 2233 2235 2232
3 2233 2232 2230
3 2237 2235 2233
3 2237 2233 2234
3 2224 2221 2234
3 2224 2234 2233
3 2239 2236 2235
3 2239 2235 2237
3 2255 2232 2235
3 2255 2235 2236
3 2239 2237 2238
3 2239 2238 2241
3 2237 2234 2252
3 2237 2252 2238
3 2240 2162 2236
3 2240 2236 2239
3 2240 2239 2241
3 2240 2241 2243
3 2242 2241 2238
3 2242 2238 2251
3 2242 2244 2243
3 2242 2243 2241
3 2169 2243 2244
3 2169 2244 2246
3 2161 2240 2243
3 2161 2243 2169
3 2242 2251 2245
3 2242 2245 2244
3 2247 2246 2244
3 2247 2244 2245
3 2247 2186 2168
3 2247 2168 2246
3 2247 2248 2188
3 2247 2188 2186
3 2249 2248 2247
3 2249 2247 2245
3 2193 2248 2249
3 2193 2249 2199
3 2249 2245 2251
3 2249 2251 2250
3 2249 2250 2253
3 2249 2253 2199
3 2252 2250 2251
3 2252 2251 2238
3 2252 2254 2253
3 2252 2253 2250
3 2254 2222 2200
3 2254 2200 2253
3 2252 2234 2221
3 2252 2221 2254
3 2159 2255 2236
3 2159 2236 2162
3 2159 2156 2256
3 2159 2256 2255
3 2255 2256 2257
3 2255 2257 2232
3 2256 2258 2259
3 2256 2259 2257
3 2256 2156 2154
3 2256 2154 2258
3 2263 2260 2258
3 2263 2258 2154
3 2262 2259 2258
3 2262 2258 2260
3 2263 2264 2261
3 2263 2261 2260
3 1704 2262 2260
3 1704 2260 2261
3 2263 2265 2267
3 2263 2267 2264
3 2263 2149 2268
3 2263 2268 2265
3 2269 2266 2265
3 2269 2265 2268
3 2278 2267 2265
3 2278 2265 2266
3 2150 2270 2269
3 2150 2269 2268
3 2269 2270 2273
3 2269 2273 2271
3 2269 2271 2272
3 2269 2272 2266
3 1684 2272 2271
3 1684 2271 1681
3 2273 1679 1681
3 2273 1681 2271
3 2273 2270 2277
3 2273 2277 2274
3 2273 2274 2275
3 2273 2275 1679
3 2275 2274 2276
3 2275 2276 1672
3 2274 2277 2137
3 2274 2137 2276
3 2139 2137 2277
3 2139 2277 2146
3 2150 2146 2277
3 2150 2277 2270
3 1672 2276 2136
3 1672 2136 1669
3 1687 2278 2266
3 1687 2266 2272
3 2278 1690 2279
3 2278 2279 2267
3 2279 1698 2264
3 2279 2264 2267
3 1698 1700 2261
3 1698 2261 2264
3 2262 1708 2280
3 2262 2280 2259
3 2231 2257 2259
3 2231 2259 2280
3 2231 2280 2281
3 2231 2281 2282
3 1708 1710 2281
3 1708 2281 2280
3 1710 1712 1720
3 1710 1720 2281
3 1720 2283 2282
3 1720 2282 2281
3 2231 2282 2284
3 2231 2284 2229
3 2283 2286 2284
3 2283 2284 2282
3 2226 2229 2284
3 2226 2284 2285
3 2287 2285 2284
3 2287 2284 2286
3 2287 2286 2288
3 2287 2288 2289
3 2283 1721 2288
3 2283 2288 2286
3 1725 2291 2289
3 1725 2289 2288
3 2287 2289 2290
3 2287 2290 2502
3 2290 2289 2291
3 2290 2291 2292
3 1729 1741 2292
3 1729 2292 2291
3 2290 2292 2293
3 2290 2293 2294
3 1741 1743 2293
3 1741 2293 2292
3 1743 1746 2295
3 1743 2295 2293
3 2294 2293 2295
3 2294 2295 2296
3 2297 2298 2296
3 2297 2296 2295
3 1746 1748 2297
3 1746 2297 2295
3 2297 2299 2301
3 2297 2301 2298
3 2297 1748 2300
3 2297 2300 2299
3 2299 2300 2305
3 2299 2305 2302
3 2301 2299 2302
3 2301 2302 2304
3 2306 2303 2302
3 2306 2302 2305
3 2304 2302 2303
3 2304 2303 2501
3 2306 2305 2307
3 2306 2307 2308
3 2300 1749 2307
3 2300 2307 2305
3 2309 2311 2308
3 2309 2308 2307
3 1749 1751 2309
3 1749 2309 2307
3 2309 1751 1753
3 2309 1753 2310
3 2309 2310 2312
3 2309 2312 2311
3 2311 2312 2314
3 2311 2314 2313
3 2311 2313 2315
3 2311 2315 2308
3 2313 2314 2317
3 2313 2317 2316
3 2313 2316 1938
3 2313 1938 2315
3 1787 1939 2316
3 1787 2316 2317
3 1774 1786 2317
3 1774 2317 2314
3 2306 2308 2315
3 2306 2315 2318
3 1938 1941 2318
3 1938 2318 2315
3 1943 1952 2318
3 1943 2318 1941
3 2306 2318 1952
3 2306 1952 2319
3 1772 1774 2314
3 1772 2314 2312
3 1770 1772 2312
3 1770 2312 2310
3 1757 1770 2310
3 1757 2310 1753
3 2306 2319 2320
3 2306 2320 2303
3 1951 2322 2320
3 1951 2320 2319
3 2321 2501 2303
3 2321 2303 2320
3 2323 2321 2320
3 2323 2320 2322
3 2323 2322 2013
3 2323 2013 2015
3 2013 2322 1951
3 2013 1951 1954
3 2325 2321 2323
3 2325 2323 2324
3 2323 2015 2017
3 2323 2017 2324
3 2325 2324 2326
3 2325 2326 2327
3 2020 2326 2324
3 2020 2324 2017
3 2035 2329 2327
3 2035 2327 2326
3 2020 2032 2035
3 2020 2035 2326
3 2328 2327 2329
3 2328 2329 2330
3 2328 2500 2325
3 2328 2325 2327
3 2036 2332 2330
3 2036 2330 2329
3 2331 2330 2332
3 2331 2332 2333
3 2331 2497 2328
3 2331 2328 2330
3 2036 2038 2334
3 2036 2334 2332
3 2334 2336 2333
3 2334 2333 2332
3 2334 2038 2041
3 2334 2041 2335
3 2334 2335 2338
3 2334 2338 2336
3 2336 2338 2339
3 2336 2339 2337
3 2336 2337 2482
3 2336 2482 2333
3 2340 2338 2335
3 2340 2335 2341
3 2339 2338 2340
3 2339 2340 2343
3 2340 2341 2456
3 2340 2456 2342
3 2340 2342 2345
3 2340 2345 2343
3 2344 2343 2345
3 2344 2345 2347
3 2339 2343 2344
3 2339 2344 2503
3 2342 2451 2346
3 2342 2346 2345
3 2346 2349 2347
3 2346 2347 2345
3 2344 2347 2348
3 2344 2348 2503
3 2349 2351 2348
3 2349 2348 2347
3 2346 2452 2350
3 2346 2350 2349
3 2349 2350 2353
3 2349 2353 2351
3 2352 2476 2348
3 2352 2348 2351
3 2352 2351 2353
3 2352 2353 2355
3 2350 2454 2354
3 2350 2354 2353
3 2354 2357 2355
3 2354 2355 2353
3 2356 2376 2352
3 2356 2352 2355
3 2356 2355 2357
3 2356 2357 2358
3 2359 2362 2358
3 2359 2358 2357
3 2354 2361 2359
3 2354 2359 2357
3 2359 2361 2401
3 2359 2401 2360
3 2359 2360 2363
3 2359 2363 2362
3 2363 2365 2364
3 2363 2364 2362
3 2367 2358 2362
3 2367 2362 2364
3 2392 2366 2364
3 2392 2364 2365
3 2369 2367 2364
3 2369 2364 2366
3 2369 2371 2368
3 2369 2368 2367
3 2367 2368 2356
3 2367 2356 2358
3 2372 2371 2369
3 2372 2369 2370
3 2369 2366 2390
3 2369 2390 2370
3 2372 2374 2373
3 2372 2373 2371
3 2375 2368 2371
3 2375 2371 2373
3 2207 2373 2374
3 2207 2374 2377
3 2207 2210 2375
3 2207 2375 2373
3 2356 2368 2375
3 2356 2375 2376
3 2376 2375 2210
3 2376 2210 2212
3 2376 2212 2475
3 2376 2475 2352
3 2378 2379 2377
3 2378 2377 2374
3 2378 2374 2372
3 2378 2372 2381
3 2382 2379 2378
3 2382 2378 2380
3 2378 2381 2181
3 2378 2181 2380
3 2372 2370 2182
3 2372 2182 2381
3 2382 2380 2191
3 2382 2191 2383
3 2184 2191 2380
3 2184 2380 2181
3 2387 2379 2382
3 2387 2382 2384
3 2382 2383 2386
3 2382 2386 2384
3 2387 2384 2385
3 2387 2385 2388
3 2385 2384 2386
3 2385 2386 2389
3 2387 2208 2377
3 2387 2377 2379
3 2205 2208 2387
3 2205 2387 2388
3 2389 2195 2388
3 2389 2388 2385
3 2205 2388 2195
3 2205 2195 2197
3 2389 2386 2383
3 2389 2383 2190
3 2179 2182 2370
3 2179 2370 2390
3 2392 2391 2390
3 2392 2390 2366
3 2391 2177 2179
3 2391 2179 2390
3 2396 2393 2391
3 2396 2391 2392
3 2391 2393 2395
3 2391 2395 2177
3 2396 2398 2394
3 2396 2394 2393
3 2393 2394 2473
3 2393 2473 2395
3 2400 2398 2396
3 2400 2396 2397
3 2396 2392 2365
3 2396 2365 2397
3 2400 2402 2399
3 2400 2399 2398
3 2398 2399 2474
3 2398 2474 2394
3 2401 2403 2402
3 2401 2402 2400
3 2401 2400 2397
3 2401 2397 2360
3 2402 2404 2405
3 2402 2405 2399
3 2402 2403 2407
3 2402 2407 2404
3 2458 2405 2404
3 2458 2404 2406
3 2407 2409 2406
3 2407 2406 2404
3 2407 2403 2455
3 2407 2455 2408
3 2407 2408 2410
3 2407 2410 2409
3 2410 2413 2411
3 2410 2411 2409
3 2414 2406 2409
3 2414 2409 2411
3 2414 2411 2412
3 2414 2412 2416
3 2412 2411 2413
3 2412 2413 2445
3 2458 2406 2414
3 2458 2414 2415
3 2414 2416 2417
3 2414 2417 2415
3 2131 2417 2416
3 2131 2416 2418
3 2412 2419 2418
3 2412 2418 2416
3 2124 2418 2419
3 2124 2419 2421
3 2124 2126 2131
3 2124 2131 2418
3 2412 2445 2420
3 2412 2420 2419
3 2420 2422 2421
3 2420 2421 2419
3 2120 2421 2422
3 2120 2422 2424
3 2420 2443 2423
3 2420 2423 2422
3 2423 2425 2424
3 2423 2424 2422
3 2117 2424 2425
3 2117 2425 2427
3 2423 2438 2426
3 2423 2426 2425
3 2426 2428 2427
3 2426 2427 2425
3 2116 2427 2428
3 2116 2428 2430
3 2426 2436 2429
3 2426 2429 2428
3 2429 2431 2430
3 2429 2430 2428
3 2109 2430 2431
3 2109 2431 2433
3 2109 2111 2116
3 2109 2116 2430
3 2429 2435 2432
3 2429 2432 2431
3 2432 2434 2433
3 2432 2433 2431
3 2104 2433 2434
3 2104 2434 2102
3 2432 2053 2056
3 2432 2056 2434
3 2056 2515 2102
3 2056 2102 2434
3 2432 2435 2048
3 2432 2048 2053
3 2429 2436 2049
3 2429 2049 2435
3 2426 2438 2437
3 2426 2437 2436
3 2046 2049 2436
3 2046 2436 2437
3 2439 2437 2438
3 2439 2438 2441
3 2439 2043 2046
3 2439 2046 2437
3 2442 2440 2439
3 2442 2439 2441
3 2439 2440 2457
3 2439 2457 2043
3 2442 2441 2443
3 2442 2443 2444
3 2423 2443 2441
3 2423 2441 2438
3 2420 2445 2444
3 2420 2444 2443
3 2446 2444 2445
3 2446 2445 2413
3 2446 2448 2442
3 2446 2442 2444
3 2410 2447 2446
3 2410 2446 2413
3 2446 2447 2450
3 2446 2450 2448
3 2442 2448 2449
3 2442 2449 2440
3 2448 2450 2451
3 2448 2451 2449
3 2346 2451 2450
3 2346 2450 2452
3 2447 2453 2452
3 2447 2452 2450
3 2350 2452 2453
3 2350 2453 2454
3 2408 2455 2454
3 2408 2454 2453
3 2410 2408 2453
3 2410 2453 2447
3 2354 2454 2455
3 2354 2455 2361
3 2401 2361 2455
3 2401 2455 2403
3 2342 2456 2449
3 2342 2449 2451
3 2457 2440 2449
3 2457 2449 2456
3 2044 2457 2456
3 2044 2456 2341
3 2132 2459 2415
3 2132 2415 2417
3 2458 2415 2459
3 2458 2459 2460
3 2132 2134 2141
3 2132 2141 2459
3 2141 2462 2460
3 2141 2460 2459
3 2461 2460 2462
3 2461 2462 2463
3 2461 2405 2458
3 2461 2458 2460
3 2142 2465 2463
3 2142 2463 2462
3 2464 2463 2465
3 2464 2465 2467
3 2464 2474 2461
3 2464 2461 2463
3 2142 2144 2466
3 2142 2466 2465
3 2466 2469 2467
3 2466 2467 2465
3 2468 2467 2469
3 2468 2469 2471
3 2468 2473 2464
3 2468 2464 2467
3 2466 2472 2470
3 2466 2470 2469
3 2470 2164 2471
3 2470 2471 2469
3 2174 2471 2164
3 2174 2164 2166
3 2174 2176 2468
3 2174 2468 2471
3 2470 2472 2152
3 2470 2152 2158
3 2466 2144 2147
3 2466 2147 2472
3 2468 2176 2395
3 2468 2395 2473
3 2464 2473 2394
3 2464 2394 2474
3 2461 2474 2399
3 2461 2399 2405
3 2363 2360 2397
3 2363 2397 2365
3 2352 2475 2478
3 2352 2478 2476
3 2503 2348 2476
3 2503 2476 2477
3 2476 2478 2480
3 2476 2480 2477
3 2213 2479 2478
3 2213 2478 2475
3 2479 2483 2480
3 2479 2480 2478
3 2480 2481 2498
3 2480 2498 2482
3 2480 2483 2484
3 2480 2484 2481
3 2480 2482 2337
3 2480 2337 2477
3 2217 2485 2483
3 2217 2483 2479
3 2486 2484 2483
3 2486 2483 2485
3 2217 2219 2227
3 2217 2227 2485
3 2227 2487 2486
3 2227 2486 2485
3 2489 2488 2486
3 2489 2486 2487
3 2491 2484 2486
3 2491 2486 2488
3 2489 2502 2490
3 2489 2490 2488
3 2492 2491 2488
3 2492 2488 2490
3 2492 2494 2493
3 2492 2493 2491
3 2491 2493 2481
3 2491 2481 2484
3 2493 2495 2498
3 2493 2498 2481
3 2493 2494 2496
3 2493 2496 2495
3 2495 2496 2499
3 2495 2499 2497
3 2495 2497 2331
3 2495 2331 2498
3 2331 2333 2482
3 2331 2482 2498
3 2328 2497 2499
3 2328 2499 2500
3 2301 2304 2499
3 2301 2499 2496
3 2304 2501 2500
3 2304 2500 2499
3 2325 2500 2501
3 2325 2501 2321
3 2301 2496 2494
3 2301 2494 2298
3 2492 2296 2298
3 2492 2298 2494
3 2294 2296 2492
3 2294 2492 2490
3 2290 2294 2490
3 2290 2490 2502
3 2489 2285 2287
3 2489 2287 2502
3 2226 2285 2489
3 2226 2489 2487
3 2339 2503 2477
3 2339 2477 2337
3 2044 2341 2335
3 2044 2335 2041
3 2200 2222 2215
3 2200 2215 2202
3 2129 1667 1669
3 2129 1669 2136
3 2122 1658 1660
3 2122 1660 1666
3 2506 1650 2113
3 2506 2113 2504
3 2107 2505 2504
3 2107 2504 2113
3 2507 2504 2505
3 2507 2505 1604
3 2508 2506 2504
3 2508 2504 2507
3 2508 2507 1603
3 2508 1603 2510
3 1651 2506 2508
3 1651 2508 2509
3 2508 2510 2511
3 2508 2511 2509
3 1620 2511 2510
3 1620 2510 2512
3 1603 1606 2512
3 1603 2512 2510
3 1615 2512 1606
3 1615 1606 1608
3 1624 2513 2509
3 1624 2509 2511
3 1651 2509 2513
3 1651 2513 1648
3 2514 1641 1648
3 2514 1648 2513
3 1624 1626 2514
3 1624 2514 2513
3 2514 1626 1628
3 2514 1628 1637
3 2106 1601 1604
3 2106 1604 2505
3 1599 1601 2106
3 1599 2106 2100
3 2057 2094 2096
3 2057 2096 2515
3 1598 2099 2097
3 1598 2097 2516
3 2090 2517 2516
3 2090 2516 2097
3 2518 2516 2517
3 2518 2517 2519
3 2518 1595 1598
3 2518 1598 2516
3 1272 1274 2518
3 1272 2518 2519
3 2518 1274 1592
3 2518 1592 1595
3 2087 2520 2519
3 2087 2519 2517
3 1272 2519 2520
3 1272 2520 1269
3 2084 1266 1269
3 2084 1269 2520
3 2057 2059 2092
3 2057 2092 2094
3 2521 2080 1182
3 2521 1182 2523
3 2521 2522 2524
3 2521 2524 2079
3 2521 2523 1235
3 2521 1235 2522
3 1185 1236 2523
3 1185 2523 1182
3 1259 2524 2522
3 1259 2522 2525
3 1235 1238 2525
3 1235 2525 2522
3 1249 2525 1238
3 1249 1238 1240
3 1249 1251 1259
3 1249 1259 2525
3 2003 2526 2074
3 2003 2074 2527
3 2067 2065 2527
3 2067 2527 2074
3 2528 2527 2065
3 2528 2065 2529
3 2003 2527 2528
3 2003 2528 2005
3 2528 2530 2007
3 2528 2007 2005
3 2528 2529 2023
3 2528 2023 2530
3 2011 2007 2530
3 2011 2530 2018
3 2023 2529 2061
3 2023 2061 2025
3 1957 1995 2008
3 1957 2008 2010
3 2001 2008 1995
3 2001 1995 1997
3 1906 1081 1083
3 1906 1083 1908
3 1906 1898 1079
3 1906 1079 1081
3 1893 2532 2531
3 1893 2531 1895
3 1076 1078 1895
3 1076 1895 2531
3 2535 2533 2531
3 2535 2531 2532
3 1073 1076 2531
3 1073 2531 2533
3 2536 2534 2533
3 2536 2533 2535
3 1073 2533 2534
3 1073 2534 1069
3 2535 2532 1889
3 2535 1889 2537
3 2536 2535 2537
3 2536 2537 2538
3 2539 2538 2537
3 2539 2537 1885
3 2539 2541 2540
3 2539 2540 2538
3 2540 2542 2536
3 2540 2536 2538
3 2540 2541 2546
3 2540 2546 2543
3 2540 2543 2545
3 2540 2545 2542
3 2544 2575 2545
3 2544 2545 2543
3 2544 2543 2546
3 2544 2546 2547
3 2548 2549 2547
3 2548 2547 2546
3 2548 2546 2541
3 2548 2541 1878
3 2548 1874 2551
3 2548 2551 2549
3 2549 2550 2571
3 2549 2571 2547
3 2552 2550 2549
3 2552 2549 2551
3 2552 2551 1873
3 2552 1873 2554
3 2553 2572 2550
3 2553 2550 2552
3 2553 2552 2554
3 2553 2554 2556
3 2557 2556 2554
3 2557 2554 2555
3 1873 1871 2555
3 1873 2555 2554
3 2557 2560 2558
3 2557 2558 2556
3 2558 2561 2553
3 2558 2553 2556
3 2558 2560 2578
3 2558 2578 2559
3 2558 2559 2563
3 2558 2563 2561
3 2553 2561 2562
3 2553 2562 2572
3 2562 2561 2563
3 2562 2563 2565
3 2564 2566 2565
3 2564 2565 2563
3 2564 2563 2559
3 2564 2559 2577
3 1057 2567 2565
3 1057 2565 2566
3 2562 2565 2567
3 2562 2567 2568
3 1061 2569 2568
3 1061 2568 2567
3 2570 2568 2569
3 2570 2569 2573
3 2562 2568 2570
3 2562 2570 2572
3 2570 2573 2575
3 2570 2575 2571
3 2570 2571 2550
3 2570 2550 2572
3 1065 2574 2573
3 1065 2573 2569
3 2573 2574 2545
3 2573 2545 2575
3 2544 2547 2571
3 2544 2571 2575
3 2576 2542 2545
3 2576 2545 2574
3 2576 2574 1065
3 2576 1065 1067
3 2576 1067 1069
3 2576 1069 2534
3 2536 2542 2576
3 2536 2576 2534
3 2564 2577 1054
3 2564 1054 2566
3 2559 2578 1053
3 2559 1053 2577
3 2557 2579 1038
3 2557 1038 2560
3 2560 1038 1041
3 2560 1041 2578
3 1043 1053 2578
3 1043 2578 1041
3 2581 2579 2557
3 2581 2557 2555
3 1038 2579 2580
3 1038 2580 2703
3 2581 2582 2580
3 2581 2580 2579
3 2581 2555 1871
3 2581 1871 1869
3 2584 2582 2581
3 2584 2581 1869
3 2582 2583 2701
3 2582 2701 2580
3 2584 2585 2583
3 2584 2583 2582
3 2587 2585 2584
3 2587 2584 1868
3 2587 2588 2586
3 2587 2586 2585
3 2585 2586 2706
3 2585 2706 2583
3 1858 2588 2587
3 1858 2587 1860
3 2587 1868 1862
3 2587 1862 1860
3 1858 2590 2589
3 1858 2589 2588
3 2586 2588 2589
3 2586 2589 2591
3 2592 2589 2590
3 2592 2590 2593
3 2591 2589 2592
3 2591 2592 2594
3 2595 2592 2593
3 2595 2593 2596
3 2595 2597 2594
3 2595 2594 2592
3 2599 2598 2595
3 2599 2595 2596
3 2595 2598 2601
3 2595 2601 2597
3 2599 2613 2600
3 2599 2600 2598
3 2601 2598 2600
3 2601 2600 2603
3 2601 2603 2604
3 2601 2604 2602
3 2601 2602 2696
3 2601 2696 2597
3 2606 2604 2603
3 2606 2603 2605
3 2600 2608 2605
3 2600 2605 2603
3 2606 2605 2607
3 2606 2607 2692
3 2607 2605 2608
3 2607 2608 2609
3 2610 2611 2609
3 2610 2609 2608
3 2600 2613 2610
3 2600 2610 2608
3 2610 2612 2678
3 2610 2678 2611
3 2614 2612 2610
3 2614 2610 2613
3 2614 2613 2599
3 2614 2599 2616
3 2677 2612 2614
3 2677 2614 2615
3 2614 2616 2618
3 2614 2618 2615
3 2599 2596 2617
3 2599 2617 2616
3 2616 2617 2620
3 2616 2620 2618
3 1849 2619 2618
3 1849 2618 2620
3 2615 2618 2619
3 2615 2619 2621
3 1852 2620 2617
3 1852 2617 2711
3 1846 2623 2621
3 1846 2621 2619
3 2677 2615 2621
3 2677 2621 2622
3 2622 2621 2623
3 2622 2623 2624
3 1843 2625 2624
3 1843 2624 2623
3 2626 2624 2625
3 2626 2625 2629
3 2628 2622 2624
3 2628 2624 2626
3 2627 2626 2629
3 2627 2629 2630
3 2627 2675 2628
3 2627 2628 2626
3 1842 1781 2629
3 1842 2629 2625
3 2630 2629 1781
3 2630 1781 1779
3 2631 2632 2627
3 2631 2627 2630
3 2631 2630 1779
3 2631 1779 1777
3 2633 2631 1777
3 2633 1777 2634
3 2636 2632 2631
3 2636 2631 2633
3 2633 2634 1767
3 2633 1767 2635
3 2636 2633 2635
3 2636 2635 2638
3 2637 2673 2632
3 2637 2632 2636
3 2637 2636 2638
3 2637 2638 2640
3 2639 2641 2640
3 2639 2640 2638
3 2639 2638 2635
3 2639 2635 2710
3 2642 2640 2641
3 2642 2641 2645
3 2642 2643 2637
3 2642 2637 2640
3 2667 2643 2642
3 2667 2642 2644
3 2642 2645 2646
3 2642 2646 2644
3 2647 2645 2641
3 2647 2641 2648
3 2649 2646 2645
3 2649 2645 2647
3 1763 2650 2647
3 1763 2647 2648
3 2649 2647 2650
3 2649 2650 2651
3 2651 2650 1762
3 2651 1762 2652
3 2649 2651 1734
3 2649 1734 2656
3 2651 2652 1736
3 2651 1736 1734
3 2652 2653 1738
3 2652 1738 1736
3 2652 1762 1759
3 2652 1759 2653
3 2654 2653 1759
3 2654 1759 1756
3 2654 2655 1738
3 2654 1738 2653
3 2654 1756 1754
3 2654 1754 2655
3 1739 2655 1754
3 1739 1754 1745
3 2657 2646 2649
3 2657 2649 2656
3 2657 2656 1733
3 2657 1733 2659
3 2661 2658 2657
3 2661 2657 2659
3 2657 2658 2644
3 2657 2644 2646
3 1727 2660 2659
3 1727 2659 1733
3 2661 2659 2660
3 2661 2660 2662
3 2664 2663 2661
3 2664 2661 2662
3 2661 2663 2666
3 2661 2666 2658
3 2664 2682 2665
3 2664 2665 2663
3 2668 2666 2663
3 2668 2663 2665
3 2667 2644 2658
3 2667 2658 2666
3 2668 2670 2667
3 2668 2667 2666
3 2679 2669 2668
3 2679 2668 2665
3 2668 2669 2671
3 2668 2671 2670
3 2674 2672 2670
3 2674 2670 2671
3 2667 2670 2672
3 2667 2672 2643
3 2637 2643 2672
3 2637 2672 2673
3 2674 2675 2673
3 2674 2673 2672
3 2628 2675 2674
3 2628 2674 2676
3 2678 2676 2674
3 2678 2674 2671
3 2628 2676 2677
3 2628 2677 2622
3 2677 2676 2678
3 2677 2678 2612
3 2678 2671 2669
3 2678 2669 2611
3 2627 2632 2673
3 2627 2673 2675
3 2679 2609 2611
3 2679 2611 2669
3 2607 2609 2679
3 2607 2679 2680
3 2679 2665 2682
3 2679 2682 2680
3 2683 2681 2680
3 2683 2680 2682
3 2607 2680 2681
3 2607 2681 2692
3 2683 2682 2664
3 2683 2664 2685
3 2687 2681 2683
3 2687 2683 2684
3 2683 2685 1716
3 2683 1716 2684
3 1718 1716 2685
3 1718 2685 2686
3 2664 2662 2686
3 2664 2686 2685
3 1723 2686 2662
3 1723 2662 2660
3 2687 2684 1715
3 2687 1715 2688
3 2690 2689 2687
3 2690 2687 2688
3 2687 2689 2692
3 2687 2692 2681
3 2690 1027 2691
3 2690 2691 2689
3 2606 2692 2689
3 2606 2689 2691
3 1029 2693 2691
3 1029 2691 1027
3 2693 2604 2606
3 2693 2606 2691
3 2693 2694 2602
3 2693 2602 2604
3 1029 1032 2694
3 1029 2694 2693
3 2694 1032 2698
3 2694 2698 2695
3 2602 2694 2695
3 2602 2695 2696
3 2707 2696 2695
3 2707 2695 2697
3 2697 2695 2698
3 2697 2698 2699
3 2699 2698 1031
3 2699 1031 1039
3 2699 1039 2703
3 2699 2703 2700
3 2697 2699 2700
3 2697 2700 2702
3 2705 2702 2700
3 2705 2700 2701
3 2700 2703 2580
3 2700 2580 2701
3 2705 2706 2704
3 2705 2704 2702
3 2707 2697 2702
3 2707 2702 2704
3 2705 2701 2583
3 2705 2583 2706
3 2586 2591 2704
3 2586 2704 2706
3 2591 2594 2707
3 2591 2707 2704
3 2707 2594 2597
3 2707 2597 2696
3 1026 2690 2688
3 1026 2688 2708
3 1713 2708 2688
3 1713 2688 1715
3 1706 2709 2708
3 1706 2708 1713
3 1026 2708 2709
3 1026 2709 1023
3 1702 1020 1023
3 1702 1023 2709
3 2639 2710 2648
3 2639 2648 2641
3 1765 1763 2648
3 1765 2648 2710
3 1767 1765 2710
3 1767 2710 2635
3 2596 2593 2711
3 2596 2711 2617
3 1855 2711 2593
3 1855 2593 2590
3 2539 1880 1878
3 2539 1878 2541
3 2712 1864 1876
3 2712 1876 1883
3 978 1683 1677
3 978 1677 974
3 1639 967 969
3 1639 969 2713
3 938 1631 1629
3 938 1629 2714
3 1622 2715 2714
3 1622 2714 1629
3 934 2714 2715
3 934 2715 2716
3 1618 2717 2716
3 1618 2716 2715
3 930 2716 2717
3 930 2717 2718
3 1617 2719 2718
3 1617 2718 2717
3 927 2718 2719
3 927 2719 2721
3 2720 2722 2721
3 2720 2721 2719
3 2720 2719 1617
3 2720 1617 1614
3 924 2721 2722
3 924 2722 2724
3 2723 2722 2720
3 2723 2720 2727
3 2723 2725 2724
3 2723 2724 2722
3 921 2724 2725
3 921 2725 2726
3 1580 1578 2726
3 1580 2726 2725
3 1580 2725 2723
3 1580 2723 1583
3 920 2726 1578
3 920 1578 912
3 2723 2727 2728
3 2723 2728 1583
3 1610 2728 2727
3 1610 2727 1612
3 2720 1614 1612
3 2720 1612 2727
3 1582 2728 1610
3 1582 1610 1588
3 1574 1585 1280
3 1574 1280 2729
3 1282 2730 2729
3 1282 2729 1280
3 1571 2729 2730
3 1571 2730 1568
3 1286 1566 1568
3 1286 1568 2730
3 896 1570 1564
3 896 1564 893
3 896 898 906
3 896 906 1570
3 1197 1217 1229
3 1197 1229 1193
3 133 1222 1214
3 133 1214 1212
3 1211 1209 2732
3 1211 2732 2731
3 131 134 1211
3 131 1211 2731
3 2734 2733 2731
3 2734 2731 2732
3 131 2731 2733
3 131 2733 129
3 2734 2736 2735
3 2734 2735 2733
3 2735 2737 129
3 2735 129 2733
3 2735 2736 2739
3 2735 2739 2738
3 2735 2738 2740
3 2735 2740 2737
3 93 2741 2738
3 93 2738 2739
3 2740 2738 2741
3 2740 2741 107
3 2740 2742 128
3 2740 128 2737
3 2740 107 109
3 2740 109 2742
3 121 128 2742
3 121 2742 114
3 94 2739 2736
3 94 2736 2743
3 2734 2744 2743
3 2734 2743 2736
3 2745 2743 2744
3 2745 2744 2746
3 91 94 2743
3 91 2743 2745
3 2747 2745 2746
3 2747 2746 2749
3 91 2745 2747
3 91 2747 89
3 2747 2749 1137
3 2747 1137 2748
3 2747 2748 2759
3 2747 2759 89
3 1137 2749 2750
3 1137 2750 1139
3 2749 2746 2752
3 2749 2752 2750
3 2753 2751 2750
3 2753 2750 2752
3 1139 2750 2751
3 1139 2751 1141
3 2753 2752 2754
3 2753 2754 1207
3 2754 2752 2746
3 2754 2746 2744
3 2754 2732 1209
3 2754 1209 1207
3 2754 2744 2734
3 2754 2734 2732
3 2755 2751 2753
3 2755 2753 1203
3 2755 2756 1141
3 2755 1141 2751
3 2757 2756 2755
3 2757 2755 1202
3 2757 2758 1142
3 2757 1142 2756
3 2757 1202 1200
3 2757 1200 1163
3 1161 2758 2757
3 1161 2757 1163
3 1161 1152 1146
3 1161 1146 2758
3 2760 2759 2748
3 2760 2748 1136
3 2760 81 84
3 2760 84 2759
3 1130 2761 2760
3 1130 2760 1136
3 2760 2761 1120
3 2760 1120 81
3 1187 1168 1166
3 1187 1166 1194
3 2762 2763 6
3 2762 6 4
3 2762 998 996
3 2762 996 2763
3 2764 2763 996
3 2764 996 2765
3 6 2763 2764
3 6 2764 18
3 2764 2765 2766
3 2764 2766 19
3 2766 2765 995
3 2766 995 2767
3 2766 2767 2768
3 2766 2768 23
3 2768 2767 2769
3 2768 2769 2770
3 989 2769 2767
3 989 2767 995
3 985 2771 2770
3 985 2770 2769
3 35 2770 2771
3 35 2771 2772
3 2768 2770 35
3 2768 35 32
3 981 2773 2772
3 981 2772 2771
3 36 2772 2773
3 36 2773 2774
3 980 2776 2774
3 980 2774 2773
3 36 2774 2775
3 36 2775 38
3 2775 2774 2776
3 2775 2776 2778
3 2777 2779 2778
3 2777 2778 2776
3 2777 2776 980
3 2777 980 977
3 2780 2778 2779
3 2780 2779 956
3 2775 2778 2780
3 2775 2780 2781
3 2780 956 953
3 2780 953 2782
3 2780 2782 2783
3 2780 2783 2781
3 2784 2786 2783
3 2784 2783 2782
3 953 950 2784
3 953 2784 2782
3 2796 2785 2784
3 2796 2784 950
3 2784 2785 2788
3 2784 2788 2786
3 2789 2787 2786
3 2789 2786 2788
3 2783 2786 2787
3 2783 2787 2890
3 2789 2788 2790
3 2789 2790 2791
3 2790 2788 2785
3 2790 2785 2793
3 2790 2792 2889
3 2790 2889 2791
3 2790 2793 2794
3 2790 2794 2792
3 2796 2795 2793
3 2796 2793 2785
3 2794 2793 2795
3 2794 2795 2798
3 2797 2795 2796
3 2797 2796 951
3 2797 2800 2798
3 2797 2798 2795
3 2794 2798 2799
3 2794 2799 2809
3 2799 2798 2800
3 2799 2800 2801
3 2802 2804 2801
3 2802 2801 2800
3 2802 2800 2797
3 2802 2797 2803
3 940 2805 2802
3 940 2802 2803
3 2806 2804 2802
3 2806 2802 2805
3 936 2807 2806
3 936 2806 2805
3 2806 238 236
3 2806 236 2804
3 242 238 2806
3 242 2806 2807
3 932 245 242
3 932 242 2807
3 234 2801 2804
3 234 2804 236
3 944 2803 2797
3 944 2797 951
3 2799 2801 234
3 2799 234 2808
3 2799 2808 2811
3 2799 2811 2809
3 2794 2809 2810
3 2794 2810 2792
3 2813 2810 2809
3 2813 2809 2811
3 2812 2811 2808
3 2812 2808 230
3 2812 2814 2813
3 2812 2813 2811
3 2813 2814 217
3 2813 217 2815
3 2813 2815 2816
3 2813 2816 2810
3 2816 2815 2817
3 2816 2817 2819
3 2817 2815 217
3 2817 217 214
3 2821 2819 2817
3 2821 2817 2818
3 2817 214 212
3 2817 212 2818
3 2816 2819 2820
3 2816 2820 2889
3 2820 2819 2821
3 2820 2821 2823
3 2821 2818 2884
3 2821 2884 2822
3 2825 2823 2821
3 2825 2821 2822
3 2820 2823 2824
3 2820 2824 2885
3 2824 2823 2825
3 2824 2825 2826
3 2830 2826 2825
3 2830 2825 2827
3 2825 2822 2829
3 2825 2829 2827
3 2838 2828 2827
3 2838 2827 2829
3 2830 2827 2828
3 2830 2828 2831
3 49 2826 2830
3 49 2830 51
3 53 51 2830
3 53 2830 2831
3 2834 2832 2831
3 2834 2831 2828
3 53 2831 2832
3 53 2832 57
3 2833 60 57
3 2833 57 2832
3 2833 2832 2834
3 2833 2834 2835
3 2834 2836 2837
3 2834 2837 2835
3 2834 2828 2838
3 2834 2838 2836
3 2841 2837 2836
3 2841 2836 2839
3 2838 2840 2839
3 2838 2839 2836
3 2842 2839 2840
3 2842 2840 2843
3 2842 2845 2841
3 2842 2841 2839
3 2880 2844 2842
3 2880 2842 2843
3 2842 2844 2847
3 2842 2847 2845
3 2841 2845 2846
3 2841 2846 2865
3 2845 2847 2848
3 2845 2848 2846
3 188 2848 2847
3 188 2847 191
3 2844 193 191
3 2844 191 2847
3 2849 2851 2846
3 2849 2846 2848
3 2849 2848 188
3 2849 188 2852
3 2861 2851 2849
3 2861 2849 2850
3 2849 2852 2853
3 2849 2853 2850
3 2854 2853 2852
3 2854 2852 189
3 2854 168 2855
3 2854 2855 2853
3 2855 2856 2850
3 2855 2850 2853
3 2855 168 160
3 2855 160 158
3 2855 158 2857
3 2855 2857 2856
3 2861 2850 2856
3 2861 2856 2858
3 2857 2860 2858
3 2857 2858 2856
3 2859 2858 2860
3 2859 2860 111
3 2859 2862 2861
3 2859 2861 2858
3 2861 2862 2864
3 2861 2864 2851
3 2859 112 2863
3 2859 2863 2862
3 2866 2864 2862
3 2866 2862 2863
3 2867 2865 2864
3 2867 2864 2866
3 2865 2846 2851
3 2865 2851 2864
3 2868 2866 2863
3 2868 2863 2870
3 2867 2866 2868
3 2867 2868 2869
3 2868 2871 2873
3 2868 2873 2869
3 2868 2870 105
3 2868 105 2871
3 2874 2873 2871
3 2874 2871 2872
3 105 102 2872
3 105 2872 2871
3 2874 60 2833
3 2874 2833 2873
3 2833 2835 2869
3 2833 2869 2873
3 2875 59 2874
3 2875 2874 2872
3 2875 2872 102
3 2875 102 100
3 2877 2876 2875
3 2877 2875 100
3 2875 2876 62
3 2875 62 59
3 2877 2878 67
3 2877 67 2876
3 2879 2878 2877
3 2879 2877 96
3 2879 87 71
3 2879 71 2878
3 2870 2863 112
3 2870 112 104
3 2867 2869 2835
3 2867 2835 2837
3 2841 2865 2867
3 2841 2867 2837
3 2857 154 116
3 2857 116 2860
3 186 167 2854
3 186 2854 189
3 2880 2881 193
3 2880 193 2844
3 203 2881 2880
3 203 2880 210
3 2880 2843 2882
3 2880 2882 210
3 2883 2882 2843
3 2883 2843 2840
3 2883 2884 209
3 2883 209 2882
3 2883 2829 2822
3 2883 2822 2884
3 2838 2829 2883
3 2838 2883 2840
3 209 2884 2818
3 209 2818 212
3 2824 2826 49
3 2824 49 2886
3 2824 2886 2887
3 2824 2887 2885
3 2888 2887 2886
3 2888 2886 45
3 2888 2787 2789
3 2888 2789 2887
3 2789 2791 2885
3 2789 2885 2887
3 2888 41 2890
3 2888 2890 2787
3 2820 2885 2791
3 2820 2791 2889
3 2816 2889 2792
3 2816 2792 2810
3 2812 224 218
3 2812 218 2814
3 2783 2890 40
3 2783 40 2781
3 2775 2781 40
3 2775 40 38
3 955 2779 2777
3 955 2777 963
3 2777 977 975
3 2777 975 963
3 2768 32 25
3 2768 25 23
3 2891 914 902
3 2891 902 2892
3 2891 2892 2893
3 2891 2893 273
3 2893 2892 901
3 2893 901 2894
3 2893 2894 2895
3 2893 2895 277
3 899 2896 2894
3 899 2894 901
3 2895 2894 2896
3 2895 2896 2898
3 2897 2899 2898
3 2897 2898 2896
3 2897 2896 899
3 2897 899 895
3 289 2898 2899
3 289 2899 874
3 2895 2898 289
3 2895 289 286
3 873 2899 2897
3 873 2897 881
3 2897 895 892
3 2897 892 881
3 2895 286 279
3 2895 279 277
3 2900 837 869
3 2900 869 871
3 302 864 862
3 302 862 304
3 862 2901 2902
3 862 2902 304
3 2903 2902 2901
3 2903 2901 771
3 2903 2904 305
3 2903 305 2902
3 2903 767 762
3 2903 762 2904
3 305 2904 763
3 305 763 307
3 541 2905 791
3 541 791 538
3 2906 782 785
3 2906 785 2905
3 2906 2905 541
3 2906 541 544
3 780 782 2906
3 780 2906 2907
3 2906 544 547
3 2906 547 2907
3 780 2907 2908
3 780 2908 773
3 550 2908 2907
3 550 2907 547
3 550 553 769
3 550 769 2908
3 309 307 763
3 309 763 759
3 760 568 571
3 760 571 757
3 309 759 756
3 309 756 312
3 574 750 757
3 574 757 571
3 754 2909 312
3 754 312 756
3 2910 2909 754
3 2910 754 752
3 2910 320 313
3 2910 313 2909
3 2910 752 2913
3 2910 2913 2911
3 2912 320 2910
3 2912 2910 2911
3 2912 2911 739
3 2912 739 2914
3 741 739 2911
3 741 2911 2913
3 2915 319 2912
3 2915 2912 2914
3 2915 2914 734
3 2915 734 732
3 2917 2916 2915
3 2917 2915 732
3 2915 2916 322
3 2915 322 319
3 2917 334 327
3 2917 327 2916
3 726 334 2917
3 726 2917 728
3 2918 744 586
3 2918 586 589
3 2921 743 2918
3 2921 2918 2919
3 2918 589 592
3 2918 592 2919
3 2921 2919 2920
3 2921 2920 2922
3 595 2920 2919
3 595 2919 592
3 2924 2923 2921
3 2924 2921 2922
3 2921 2923 736
3 2921 736 743
3 2924 2925 737
3 2924 737 2923
3 2927 2925 2924
3 2927 2924 2926
3 2924 2922 2929
3 2924 2929 2926
3 2927 2926 2928
3 2927 2928 2951
3 2931 2928 2926
3 2931 2926 2929
3 2930 2929 2922
3 2930 2922 2920
3 2930 2932 2931
3 2930 2931 2929
3 2931 2932 2934
3 2931 2934 2933
3 2931 2933 2935
3 2931 2935 2928
3 2937 2936 2933
3 2937 2933 2934
3 2935 2933 2936
3 2935 2936 2939
3 2937 2941 2938
3 2937 2938 2936
3 2938 2940 2939
3 2938 2939 2936
3 2935 2939 696
3 2935 696 2950
3 696 2939 2940
3 696 2940 690
3 2938 2942 686
3 2938 686 2940
3 2938 2941 2943
3 2938 2943 2942
3 2944 685 2942
3 2944 2942 2943
3 2944 2943 613
3 2944 613 616
3 613 2943 2941
3 613 2941 610
3 2944 616 619
3 2944 619 2945
3 683 685 2944
3 683 2944 2945
3 622 2946 2945
3 622 2945 619
3 683 2945 2946
3 683 2946 679
3 2947 676 679
3 2947 679 2946
3 2947 2946 622
3 2947 622 625
3 674 676 2947
3 674 2947 2948
3 2947 625 628
3 2947 628 2948
3 674 2948 2949
3 674 2949 667
3 631 2949 2948
3 631 2948 628
3 631 634 663
3 631 663 2949
3 2937 607 610
3 2937 610 2941
3 604 607 2937
3 604 2937 2934
3 2935 2950 2951
3 2935 2951 2928
3 703 2951 2950
3 703 2950 695
3 703 705 2927
3 703 2927 2951
3 604 2934 2932
3 604 2932 601
3 2930 598 601
3 2930 601 2932
3 595 598 2930
3 595 2930 2920
3 2927 705 2952
3 2927 2952 2925
3 730 737 2925
3 730 2925 2952
3 719 361 345
3 719 345 721
3 2953 386 384
3 2953 384 688
3 2953 682 680
3 2953 680 2954
3 2953 2954 390
3 2953 390 386
3 677 2955 2954
3 677 2954 680
3 390 2954 2955
3 390 2955 393
3 2956 396 393
3 2956 393 2955
3 2956 2955 677
3 2956 677 673
3 2958 396 2956
3 2958 2956 2957
3 2956 673 671
3 2956 671 2957
3 2958 2957 2959
3 2958 2959 463
3 669 2959 2957
3 669 2957 671
3 462 2959 669
3 462 669 469
3 460 395 2958
3 460 2958 463
3 8836 2961 651
3 8836 651 2960
3 651 648 8940
3 651 8940 2960
3 2964 2963 651
3 2964 651 2961
3 2962 5902 2961
3 2962 2961 651
3 651 2963 2965
3 651 2965 648
3 2962 651 648
3 2962 648 5900
3 2969 2966 2963
3 2969 2963 2964
3 2963 2966 2967
3 2963 2967 2965
3 2967 2966 2968
3 2967 2968 3124
3 2969 2970 2968
3 2969 2968 2966
3 2964 2972 2971
3 2964 2971 2969
3 2973 2970 2969
3 2973 2969 2971
3 2971 2972 2975
3 2971 2975 2974
3 2971 2974 2976
3 2971 2976 2973
3 2977 2974 2975
3 2977 2975 2978
3 2976 2974 2977
3 2976 2977 2979
3 2978 2981 2980
3 2978 2980 2977
3 2982 2979 2977
3 2982 2977 2980
3 2980 2981 2984
3 2980 2984 2983
3 2980 2983 2985
3 2980 2985 2982
3 2986 2983 2984
3 2986 2984 2987
3 2985 2983 2986
3 2985 2986 2988
3 2987 2990 2989
3 2987 2989 2986
3 2991 2988 2986
3 2991 2986 2989
3 2989 2990 2993
3 2989 2993 2992
3 2989 2992 2994
3 2989 2994 2991
3 2995 2992 2993
3 2995 2993 2996
3 2994 2992 2995
3 2994 2995 2997
3 2996 2999 2998
3 2996 2998 2995
3 3000 2997 2995
3 3000 2995 2998
3 3002 3001 2998
3 3002 2998 2999
3 2998 3001 3003
3 2998 3003 3000
3 3004 3001 3002
3 3004 3002 3005
3 3004 3006 3003
3 3004 3003 3001
3 3004 3005 3008
3 3004 3008 3007
3 3009 3006 3004
3 3009 3004 3007
3 3010 3007 3008
3 3010 3008 3011
3 3009 3007 3010
3 3009 3010 3012
3 3011 3014 3013
3 3011 3013 3010
3 3015 3012 3010
3 3015 3010 3013
3 3017 3016 3013
3 3017 3013 3014
3 3013 3016 3018
3 3013 3018 3015
3 3019 3016 3017
3 3019 3017 3020
3 3019 3021 3018
3 3019 3018 3016
3 3020 3023 3022
3 3020 3022 3019
3 3024 3021 3019
3 3024 3019 3022
3 3022 3023 3026
3 3022 3026 3025
3 3022 3025 3027
3 3022 3027 3024
3 3028 3025 3026
3 3028 3026 3029
3 3027 3025 3028
3 3027 3028 3030
3 3032 3031 3028
3 3032 3028 3029
3 3033 3030 3028
3 3033 3028 3031
3 3034 3031 3032
3 3034 3032 3035
3 3034 3036 3033
3 3034 3033 3031
3 3035 3038 3037
3 3035 3037 3034
3 3039 3036 3034
3 3039 3034 3037
3 3041 3040 3037
3 3041 3037 3038
3 3037 3040 3042
3 3037 3042 3039
3 3043 3040 3041
3 3043 3041 3044
3 3043 3045 3042
3 3043 3042 3040
3 3044 3047 3046
3 3044 3046 3043
3 3048 3045 3043
3 3048 3043 3046
3 3046 3047 3050
3 3046 3050 3049
3 3046 3049 3051
3 3046 3051 3048
3 3052 3049 3050
3 3052 3050 3053
3 3051 3049 3052
3 3051 3052 3054
3 3055 3052 3053
3 3055 3053 3056
3 3057 3054 3052
3 3057 3052 3055
3 3056 3059 3058
3 3056 3058 3055
3 3060 3057 3055
3 3060 3055 3058
3 3062 3061 3058
3 3062 3058 3059
3 3058 3061 3063
3 3058 3063 3060
3 3064 3061 3062
3 3064 3062 3065
3 3064 3066 3063
3 3064 3063 3061
3 3065 3068 3067
3 3065 3067 3064
3 3069 3066 3064
3 3069 3064 3067
3 3067 3068 3071
3 3067 3071 3070
3 3067 3070 3072
3 3067 3072 3069
3 3073 3070 3071
3 3073 3071 3074
3 3072 3070 3073
3 3072 3073 3075
3 3074 3077 3076
3 3074 3076 3073
3 3078 3075 3073
3 3078 3073 3076
3 3076 3077 3080
3 3076 3080 3079
3 3076 3079 3081
3 3076 3081 3078
3 3082 3079 3080
3 3082 3080 3083
3 3081 3079 3082
3 3081 3082 3084
3 3083 3086 3085
3 3083 3085 3082
3 3087 3084 3082
3 3087 3082 3085
3 3089 3088 3085
3 3089 3085 3086
3 3085 3088 3090
3 3085 3090 3087
3 3091 3088 3089
3 3091 3089 3092
3 3091 3093 3090
3 3091 3090 3088
3 3092 3095 3094
3 3092 3094 3091
3 3096 3093 3091
3 3096 3091 3094
3 3098 3097 3094
3 3098 3094 3095
3 3094 3097 3099
3 3094 3099 3096
3 3100 3097 3098
3 3100 3098 3101
3 3100 3102 3099
3 3100 3099 3097
3 3101 3104 3103
3 3101 3103 3100
3 3105 3102 3100
3 3105 3100 3103
3 3103 3104 3107
3 3103 3107 3106
3 3103 3106 3108
3 3103 3108 3105
3 3109 3106 3107
3 3109 3107 3110
3 3108 3106 3109
3 3108 3109 3111
3 3110 3113 3112
3 3110 3112 3109
3 3114 3111 3109
3 3114 3109 3112
3 3112 3113 3116
3 3112 3116 3115
3 3112 3115 3117
3 3112 3117 3114
3 3118 3115 3116
3 3118 3116 3119
3 3117 3115 3118
3 3117 3118 3120
3 3119 3122 3121
3 3119 3121 3118
3 3123 3120 3118
3 3123 3118 3121
3 3122 2965 2967
3 3122 2967 3121
3 3121 2967 3124
3 3121 3124 3123
3 3128 3125 3123
3 3128 3123 3124
3 3126 3120 3123
3 3126 3123 3125
3 3126 3125 3127
3 3126 3127 3494
3 3127 3125 3128
3 3127 3128 3130
3 3124 2968 3129
3 3124 3129 3128
3 3131 3130 3128
3 3131 3128 3129
3 3132 3130 3131
3 3132 3131 3134
3 3127 3130 3132
3 3127 3132 3133
3 3135 3136 3133
3 3135 3133 3132
3 3132 3134 3138
3 3132 3138 3135
3 3513 3136 3135
3 3513 3135 3137
3 3139 3137 3135
3 3139 3135 3138
3 3138 3140 3142
3 3138 3142 3139
3 3138 3134 3141
3 3138 3141 3140
3 3143 3140 3141
3 3143 3141 3144
3 3142 3140 3143
3 3142 3143 3145
3 3144 3147 3146
3 3144 3146 3143
3 3148 3145 3143
3 3148 3143 3146
3 3147 3152 3149
3 3147 3149 3146
3 3146 3149 3150
3 3146 3150 3148
3 3149 3151 3539
3 3149 3539 3150
3 3154 3151 3149
3 3154 3149 3152
3 3154 3152 3153
3 3154 3153 3156
3 3153 3152 3147
3 3153 3147 5895
3 3538 3151 3154
3 3538 3154 3155
3 3156 3158 3155
3 3156 3155 3154
3 5893 3157 3156
3 5893 3156 3153
3 3156 3157 3159
3 3156 3159 3158
3 3160 3158 3159
3 3160 3159 3161
3 3155 3158 3160
3 3155 3160 3162
3 3161 3165 3163
3 3161 3163 3160
3 3164 3162 3160
3 3164 3160 3163
3 3163 3166 3167
3 3163 3167 3164
3 3163 3165 3168
3 3163 3168 3166
3 3167 3166 3169
3 3167 3169 3171
3 3169 3166 3168
3 3169 3168 3170
3 3170 3174 3172
3 3170 3172 3169
3 3173 3171 3169
3 3173 3169 3172
3 3172 3175 3177
3 3172 3177 3173
3 3172 3174 3178
3 3172 3178 3175
3 3176 3175 3178
3 3176 3178 3179
3 3177 3175 3176
3 3177 3176 5892
3 3178 3174 3000
3 3178 3000 3003
3 3003 3006 3179
3 3003 3179 3178
3 3179 3180 3181
3 3179 3181 3176
3 3009 3180 3179
3 3009 3179 3006
3 3182 3180 3009
3 3182 3009 3012
3 3182 3184 3181
3 3182 3181 3180
3 3182 3012 3015
3 3182 3015 3183
3 3185 3184 3182
3 3185 3182 3183
3 3185 3188 3186
3 3185 3186 3184
3 3181 3184 3186
3 3181 3186 3187
3 3189 3192 3187
3 3189 3187 3186
3 3186 3188 3190
3 3186 3190 3189
3 5842 3191 3189
3 5842 3189 3190
3 3194 3192 3189
3 3194 3189 3191
3 3193 5892 3187
3 3193 3187 3192
3 3193 3192 3194
3 3193 3194 3195
3 3196 3199 3195
3 3196 3195 3194
3 3194 3191 3198
3 3194 3198 3196
3 3201 3199 3196
3 3201 3196 3197
3 5846 3197 3196
3 5846 3196 3198
3 3200 3551 3195
3 3200 3195 3199
3 3200 3199 3201
3 3200 3201 3202
3 3203 3204 3202
3 3203 3202 3201
3 3201 3197 3206
3 3201 3206 3203
3 3595 3204 3203
3 3595 3203 3205
3 3208 3205 3203
3 3208 3203 3206
3 3206 3197 5846
3 3206 5846 3207
3 3206 3207 3210
3 3206 3210 3208
3 3596 3205 3208
3 3596 3208 3209
3 3212 3209 3208
3 3212 3208 3210
3 3210 3207 5847
3 3210 5847 3211
3 3210 3211 3214
3 3210 3214 3212
3 3599 3209 3212
3 3599 3212 3213
3 3216 3213 3212
3 3216 3212 3214
3 3214 3211 5849
3 3214 5849 3215
3 3214 3215 3218
3 3214 3218 3216
3 3602 3213 3216
3 3602 3216 3217
3 3219 3217 3216
3 3219 3216 3218
3 3218 3220 3222
3 3218 3222 3219
3 3218 3215 3221
3 3218 3221 3220
3 3223 3220 3221
3 3223 3221 3224
3 3222 3220 3223
3 3222 3223 3225
3 3224 3228 3226
3 3224 3226 3223
3 3227 3225 3223
3 3227 3223 3226
3 3226 3229 3232
3 3226 3232 3227
3 3226 3228 3230
3 3226 3230 3229
3 3231 3229 3230
3 3231 3230 5850
3 3232 3229 3231
3 3232 3231 3233
3 3234 3235 3227
3 3234 3227 3232
3 3232 3233 3237
3 3232 3237 3234
3 3614 3235 3234
3 3614 3234 3236
3 3238 3236 3234
3 3238 3234 3237
3 3237 3239 3242
3 3237 3242 3238
3 3237 3233 3240
3 3237 3240 3239
3 3241 3239 3240
3 3241 3240 5854
3 3242 3239 3241
3 3242 3241 3243
3 3244 3245 3238
3 3244 3238 3242
3 3242 3243 3246
3 3242 3246 3244
3 3248 3245 3244
3 3248 3244 3247
3 3250 3247 3244
3 3250 3244 3246
3 3248 3247 3249
3 3248 3249 3622
3 3249 3247 3250
3 3249 3250 3251
3 3246 3255 3252
3 3246 3252 3250
3 3254 3251 3250
3 3254 3250 3252
3 3252 3255 3257
3 3252 3257 3253
3 3252 3253 3638
3 3252 3638 3254
3 3246 3243 3256
3 3246 3256 3255
3 3257 3255 3256
3 3257 3256 3258
3 3258 3262 3259
3 3258 3259 3257
3 3260 3253 3257
3 3260 3257 3259
3 3259 3261 3824
3 3259 3824 3260
3 3263 3261 3259
3 3263 3259 3262
3 3264 3262 3258
3 3264 3258 3265
3 3263 3262 3264
3 3263 3264 3266
3 3264 3265 3268
3 3264 3268 3267
3 3264 3267 3270
3 3264 3270 3266
3 3268 5857 3269
3 3268 3269 3267
3 3270 3267 3269
3 3270 3269 3271
3 3271 3275 3272
3 3271 3272 3270
3 3274 3266 3270
3 3274 3270 3272
3 3272 3273 3828
3 3272 3828 3274
3 3277 3273 3272
3 3277 3272 3275
3 3277 3275 3276
3 3277 3276 3279
3 3276 3275 3271
3 3276 3271 5804
3 3833 3273 3277
3 3833 3277 3278
3 3279 3281 3278
3 3279 3278 3277
3 5802 3280 3279
3 5802 3279 3276
3 3279 3280 3282
3 3279 3282 3281
3 3278 3281 3283
3 3278 3283 3286
3 3283 3281 3282
3 3283 3282 3284
3 3297 3285 3283
3 3297 3283 3284
3 3288 3286 3283
3 3288 3283 3285
3 3287 3286 3288
3 3287 3288 3289
3 3278 3286 3287
3 3278 3287 3833
3 3293 3290 3288
3 3293 3288 3285
3 3292 3289 3288
3 3292 3288 3290
3 3291 3841 3292
3 3291 3292 3290
3 3291 3290 3293
3 3291 3293 3294
3 3295 3298 3294
3 3295 3294 3293
3 3293 3285 3297
3 3293 3297 3295
3 3300 3298 3295
3 3300 3295 3296
3 5799 3296 3295
3 5799 3295 3297
3 3299 3847 3294
3 3299 3294 3298
3 3299 3298 3300
3 3299 3300 3302
3 3300 3296 5689
3 3300 5689 3301
3 3301 3303 3302
3 3301 3302 3300
3 3302 3304 3305
3 3302 3305 3299
3 3302 3303 3306
3 3302 3306 3304
3 3305 3304 3307
3 3305 3307 3309
3 3307 3304 3306
3 3307 3306 3308
3 3310 3307 3308
3 3310 3308 3312
3 3313 3309 3307
3 3313 3307 3310
3 3312 3450 3311
3 3312 3311 3310
3 3314 3313 3310
3 3314 3310 3311
3 3317 3315 3313
3 3317 3313 3314
3 3316 3309 3313
3 3316 3313 3315
3 3316 3315 3318
3 3316 3318 3320
3 3318 3315 3317
3 3318 3317 3321
3 3319 3849 3320
3 3319 3320 3318
3 3318 3321 3323
3 3318 3323 3319
3 3322 3321 3317
3 3322 3317 3444
3 3323 3321 3322
3 3323 3322 3324
3 3325 3327 3319
3 3325 3319 3323
3 3323 3324 3328
3 3323 3328 3325
3 3330 3326 3325
3 3330 3325 3328
3 3325 3326 3788
3 3325 3788 3327
3 3328 3324 3437
3 3328 3437 3329
3 3328 3329 3332
3 3328 3332 3330
3 3334 3331 3330
3 3334 3330 3332
3 3330 3331 3782
3 3330 3782 3326
3 3332 3329 3438
3 3332 3438 3333
3 3332 3333 3336
3 3332 3336 3334
3 3338 3335 3334
3 3338 3334 3336
3 3334 3335 3780
3 3334 3780 3331
3 3336 3333 5885
3 3336 5885 3337
3 3336 3337 3340
3 3336 3340 3338
3 3341 3339 3338
3 3341 3338 3340
3 3338 3339 3777
3 3338 3777 3335
3 3340 3342 3343
3 3340 3343 3341
3 3340 3337 3344
3 3340 3344 3342
3 3343 3342 3345
3 3343 3345 3347
3 3345 3342 3344
3 3345 3344 3346
3 3348 3345 3346
3 3348 3346 3350
3 3351 3347 3345
3 3351 3345 3348
3 3350 5890 3349
3 3350 3349 3348
3 3352 3351 3348
3 3352 3348 3349
3 3356 3353 3351
3 3356 3351 3352
3 3354 3347 3351
3 3354 3351 3353
3 3354 3353 3355
3 3354 3355 5646
3 3355 3353 3356
3 3355 3356 3357
3 3358 3356 3352
3 3358 3352 3360
3 3359 3357 3356
3 3359 3356 3358
3 3363 3359 3358
3 3363 3358 3361
3 3360 3364 3361
3 3360 3361 3358
3 3361 3362 4181
3 3361 4181 3363
3 3366 3362 3361
3 3366 3361 3364
3 3366 3364 3365
3 3366 3365 3368
3 3365 3364 3360
3 3365 3360 5891
3 4180 3362 3366
3 4180 3366 3367
3 3368 3369 3367
3 3368 3367 3366
3 3373 3370 3368
3 3373 3368 3365
3 3368 3370 3372
3 3368 3372 3369
3 3373 3375 3371
3 3373 3371 3370
3 3372 3370 3371
3 3372 3371 4158
3 3365 5891 3374
3 3365 3374 3373
3 3377 3375 3373
3 3377 3373 3374
3 3377 3379 3376
3 3377 3376 3375
3 3371 3375 3376
3 3371 3376 3387
3 3374 5890 3378
3 3374 3378 3377
3 3380 3379 3377
3 3380 3377 3378
3 3380 3382 3381
3 3380 3381 3379
3 3376 3379 3381
3 3376 3381 3384
3 3381 3382 3424
3 3381 3424 3383
3 3383 3385 3384
3 3383 3384 3381
3 3384 3385 3389
3 3384 3389 3386
3 3384 3386 3387
3 3384 3387 3376
3 3387 3386 3388
3 3387 3388 4157
3 3388 3386 3389
3 3388 3389 3390
3 3391 3394 3390
3 3391 3390 3389
3 3389 3385 3392
3 3389 3392 3391
3 3410 3393 3391
3 3410 3391 3392
3 3395 3394 3391
3 3395 3391 3393
3 3396 3394 3395
3 3396 3395 3399
3 3396 3398 3390
3 3396 3390 3394
3 3399 3400 3397
3 3399 3397 3396
3 4153 3398 3396
3 4153 3396 3397
3 3402 3400 3399
3 3402 3399 3401
3 3404 3401 3399
3 3404 3399 3395
3 3402 3401 3403
3 3402 3403 3515
3 3403 3401 3404
3 3403 3404 3405
3 3395 3393 3406
3 3395 3406 3404
3 3407 3405 3404
3 3407 3404 3406
3 3406 3408 3409
3 3406 3409 3407
3 3406 3393 3410
3 3406 3410 3408
3 3409 3408 3411
3 3409 3411 3413
3 3411 3408 3410
3 3411 3410 3412
3 3412 3417 3414
3 3412 3414 3411
3 3415 3413 3411
3 3415 3411 3414
3 3414 3416 3471
3 3414 3471 3415
3 3419 3416 3414
3 3419 3414 3417
3 3418 3417 3412
3 3418 3412 5889
3 3419 3417 3418
3 3419 3418 3421
3 3421 3422 3420
3 3421 3420 3419
3 3469 3416 3419
3 3469 3419 3420
3 3425 3422 3421
3 3425 3421 3423
3 3424 3423 3421
3 3424 3421 3418
3 3426 3423 3424
3 3426 3424 3382
3 3425 3423 3426
3 3425 3426 3428
3 3427 3429 3428
3 3427 3428 3426
3 3426 3382 3380
3 3426 3380 3427
3 3428 3429 3431
3 3428 3431 3430
3 3428 3430 3432
3 3428 3432 3425
3 3433 3430 3431
3 3433 3431 3434
3 3432 3430 3433
3 3432 3433 3435
3 3434 3438 3436
3 3434 3436 3433
3 3439 3435 3433
3 3439 3433 3436
3 3438 3329 3437
3 3438 3437 3436
3 3436 3437 3441
3 3436 3441 3439
3 5883 3435 3439
3 5883 3439 3440
3 3442 3440 3439
3 3442 3439 3441
3 3437 3324 3322
3 3437 3322 3441
3 3441 3322 3444
3 3441 3444 3442
3 5884 3440 3442
3 5884 3442 3443
3 3445 3443 3442
3 3445 3442 3444
3 3444 3317 3314
3 3444 3314 3445
3 3447 3443 3445
3 3447 3445 3446
3 3311 3446 3445
3 3311 3445 3314
3 3447 3446 3448
3 3447 3448 3449
3 3448 3446 3311
3 3448 3311 3450
3 3451 3454 3449
3 3451 3449 3448
3 3448 3450 3452
3 3448 3452 3451
3 5673 3453 3451
3 5673 3451 3452
3 3451 3453 3455
3 3451 3455 3454
3 3456 3454 3455
3 3456 3455 3457
3 3449 3454 3456
3 3449 3456 3458
3 3457 3460 3459
3 3457 3459 3456
3 3462 3458 3456
3 3462 3456 3459
3 3459 3460 3476
3 3459 3476 3461
3 3459 3461 3463
3 3459 3463 3462
3 3465 3458 3462
3 3465 3462 3464
3 3467 3464 3462
3 3467 3462 3463
3 3465 3464 3466
3 3465 3466 5884
3 3466 3464 3467
3 3466 3467 3468
3 3463 3470 3469
3 3463 3469 3467
3 3420 3468 3467
3 3420 3467 3469
3 3469 3470 3471
3 3469 3471 3416
3 3463 3461 3472
3 3463 3472 3470
3 3471 3470 3472
3 3471 3472 3473
3 3474 3475 3473
3 3474 3473 3472
3 3472 3461 3476
3 3472 3476 3474
3 3479 3475 3474
3 3479 3474 3477
3 3478 3477 3474
3 3478 3474 3476
3 3480 3477 3478
3 3480 3478 3482
3 3479 3477 3480
3 3479 3480 3481
3 3483 3486 3481
3 3483 3481 3480
3 3480 3482 3485
3 3480 3485 3483
3 3488 3486 3483
3 3488 3483 3484
3 5656 3484 3483
3 5656 3483 3485
3 3487 3505 3481
3 3487 3481 3486
3 3487 3486 3488
3 3487 3488 3489
3 3108 3111 3489
3 3108 3489 3488
3 3488 3484 3105
3 3488 3105 3108
3 3489 3111 3114
3 3489 3114 3490
3 3489 3490 3491
3 3489 3491 3487
3 3492 3490 3114
3 3492 3114 3117
3 3491 3490 3492
3 3491 3492 3493
3 3117 3120 3126
3 3117 3126 3492
3 3494 3493 3492
3 3494 3492 3126
3 3495 3493 3494
3 3495 3494 3497
3 3491 3493 3495
3 3491 3495 3496
3 3498 3501 3496
3 3498 3496 3495
3 3495 3497 3500
3 3495 3500 3498
3 3510 3499 3498
3 3510 3498 3500
3 3498 3499 3502
3 3498 3502 3501
3 3503 3501 3502
3 3503 3502 3504
3 3496 3501 3503
3 3496 3503 3505
3 3504 3475 3479
3 3504 3479 3503
3 3481 3505 3503
3 3481 3503 3479
3 3496 3505 3487
3 3496 3487 3491
3 3507 3506 3504
3 3507 3504 3502
3 3504 3506 3473
3 3504 3473 3475
3 3507 3413 3415
3 3507 3415 3506
3 3473 3506 3415
3 3473 3415 3471
3 3502 3499 3508
3 3502 3508 3507
3 3409 3413 3507
3 3409 3507 3508
3 3508 3509 3407
3 3508 3407 3409
3 3510 3509 3508
3 3510 3508 3499
3 3511 3509 3510
3 3511 3510 3513
3 3511 3405 3407
3 3511 3407 3509
3 3403 3405 3511
3 3403 3511 3512
3 3513 3137 3512
3 3513 3512 3511
3 3500 3136 3513
3 3500 3513 3510
3 3512 3137 3139
3 3512 3139 3514
3 3512 3514 3515
3 3512 3515 3403
3 3515 3514 3516
3 3515 3516 3517
3 3516 3514 3139
3 3516 3139 3142
3 3142 3145 3518
3 3142 3518 3516
3 3520 3517 3516
3 3520 3516 3518
3 3518 3145 3148
3 3518 3148 3519
3 3518 3519 3522
3 3518 3522 3520
3 4185 3517 3520
3 4185 3520 3521
3 3524 3521 3520
3 3524 3520 3522
3 3522 3519 5654
3 3522 5654 3523
3 3522 3523 3526
3 3522 3526 3524
3 4186 3521 3524
3 4186 3524 3525
3 3527 3525 3524
3 3527 3524 3526
3 3526 3528 3529
3 3526 3529 3527
3 3526 3523 3531
3 3526 3531 3528
3 3529 3528 3530
3 3529 3530 5652
3 3530 3528 3531
3 3530 3531 3533
3 3531 3523 5654
3 3531 5654 3532
3 3532 3535 3533
3 3532 3533 3531
3 3535 3536 3534
3 3535 3534 3533
3 3533 3534 3563
3 3533 3563 3530
3 3540 3536 3535
3 3540 3535 3537
3 3539 3537 3535
3 3539 3535 3532
3 3540 3537 3538
3 3540 3538 3542
3 3538 3537 3539
3 3538 3539 3151
3 3561 3536 3540
3 3561 3540 3541
3 3542 3543 3541
3 3542 3541 3540
3 3155 3162 3542
3 3155 3542 3538
3 3542 3162 3164
3 3542 3164 3543
3 3544 3543 3164
3 3544 3164 3167
3 3541 3543 3544
3 3541 3544 3545
3 3167 3171 3546
3 3167 3546 3544
3 3548 3545 3544
3 3548 3544 3546
3 3546 3171 3173
3 3546 3173 3547
3 3546 3547 3550
3 3546 3550 3548
3 3560 3545 3548
3 3560 3548 3549
3 3552 3549 3548
3 3552 3548 3550
3 3550 3547 5653
3 3550 5653 3551
3 3550 3551 3200
3 3550 3200 3552
3 3555 3549 3552
3 3555 3552 3553
3 3202 3553 3552
3 3202 3552 3200
3 3554 3553 3202
3 3554 3202 3204
3 3555 3553 3554
3 3555 3554 3556
3 3556 3558 3557
3 3556 3557 3555
3 3560 3549 3555
3 3560 3555 3557
3 3557 3558 3562
3 3557 3562 3559
3 3557 3559 3561
3 3557 3561 3560
3 3541 3545 3560
3 3541 3560 3561
3 3561 3559 3534
3 3561 3534 3536
3 3534 3559 3562
3 3534 3562 3563
3 3562 3558 3566
3 3562 3566 3564
3 3563 3562 3564
3 3563 3564 3565
3 3567 3570 3565
3 3567 3565 3564
3 3564 3566 3569
3 3564 3569 3567
3 3572 3570 3567
3 3572 3567 3568
3 3580 3568 3567
3 3580 3567 3569
3 3571 5652 3565
3 3571 3565 3570
3 3571 3570 3572
3 3571 3572 3573
3 3574 3575 3573
3 3574 3573 3572
3 3572 3568 3577
3 3572 3577 3574
3 4196 3575 3574
3 4196 3574 3576
3 3578 3576 3574
3 3578 3574 3577
3 3577 3579 3581
3 3577 3581 3578
3 3577 3568 3580
3 3577 3580 3579
3 3582 3579 3580
3 3582 3580 3583
3 3581 3579 3582
3 3581 3582 3584
3 3583 3588 3585
3 3583 3585 3582
3 3586 3584 3582
3 3586 3582 3585
3 3585 3587 4113
3 3585 4113 3586
3 3588 3589 3587
3 3588 3587 3585
3 3591 3589 3588
3 3591 3588 3590
3 3593 3590 3588
3 3593 3588 3583
3 3591 3590 3592
3 3591 3592 3595
3 3592 3590 3593
3 3592 3593 3594
3 3566 3594 3593
3 3566 3593 3569
3 3569 3593 3583
3 3569 3583 3580
3 3592 3594 3556
3 3592 3556 3554
3 3556 3594 3566
3 3556 3566 3558
3 3554 3204 3595
3 3554 3595 3592
3 3595 3205 3596
3 3595 3596 3591
3 3597 3589 3591
3 3597 3591 3596
3 3596 3209 3599
3 3596 3599 3597
3 3600 3598 3597
3 3600 3597 3599
3 3597 3598 3587
3 3597 3587 3589
3 3599 3213 3602
3 3599 3602 3600
3 3603 3601 3600
3 3603 3600 3602
3 3600 3601 4112
3 3600 4112 3598
3 3602 3217 3605
3 3602 3605 3603
3 3606 3604 3603
3 3606 3603 3605
3 3603 3604 4107
3 3603 4107 3601
3 3605 3607 3608
3 3605 3608 3606
3 3605 3217 3219
3 3605 3219 3607
3 3609 3607 3219
3 3609 3219 3222
3 3608 3607 3609
3 3608 3609 3610
3 3222 3225 3611
3 3222 3611 3609
3 3612 3610 3609
3 3612 3609 3611
3 3611 3225 3227
3 3611 3227 3235
3 3611 3235 3614
3 3611 3614 3612
3 4102 3610 3612
3 4102 3612 3613
3 3615 3613 3612
3 3615 3612 3614
3 3614 3236 3617
3 3614 3617 3615
3 4100 3613 3615
3 4100 3615 3616
3 3618 3616 3615
3 3618 3615 3617
3 3617 3236 3238
3 3617 3238 3245
3 3617 3245 3248
3 3617 3248 3618
3 3621 3616 3618
3 3621 3618 3619
3 3622 3619 3618
3 3622 3618 3248
3 3620 3619 3622
3 3620 3622 3623
3 3621 3619 3620
3 3621 3620 4211
3 3624 3623 3622
3 3624 3622 3249
3 3620 3623 3625
3 3620 3625 3627
3 3625 3623 3624
3 3625 3624 3628
3 3626 4209 3627
3 3626 3627 3625
3 3625 3628 3629
3 3625 3629 3626
3 3629 3628 3630
3 3629 3630 3632
3 3630 3628 3624
3 3630 3624 3631
3 3631 3636 3633
3 3631 3633 3630
3 3635 3632 3630
3 3635 3630 3633
3 3633 3636 3637
3 3633 3637 3634
3 3633 3634 5651
3 3633 5651 3635
3 3631 3251 3254
3 3631 3254 3636
3 3637 3636 3254
3 3637 3254 3638
3 3638 3640 3639
3 3638 3639 3637
3 3642 3634 3637
3 3642 3637 3639
3 3639 3640 3825
3 3639 3825 3641
3 3639 3641 3644
3 3639 3644 3642
3 5651 3634 3642
3 5651 3642 3643
3 3646 3643 3642
3 3646 3642 3644
3 3644 3641 3850
3 3644 3850 3645
3 3644 3645 3647
3 3644 3647 3646
3 3651 3643 3646
3 3651 3646 3648
3 3650 3648 3646
3 3650 3646 3647
3 3649 3648 3650
3 3649 3650 3914
3 3651 3648 3649
3 3651 3649 3653
3 3653 3655 3652
3 3653 3652 3651
3 5651 3643 3651
3 5651 3651 3652
3 3911 3654 3653
3 3911 3653 3649
3 3657 3655 3653
3 3657 3653 3654
3 3656 4222 3652
3 3656 3652 3655
3 3656 3655 3657
3 3656 3657 3659
3 3658 3660 3659
3 3658 3659 3657
3 3657 3654 3910
3 3657 3910 3658
3 3659 3660 3664
3 3659 3664 3661
3 3659 3661 3662
3 3659 3662 3656
3 3662 3661 3663
3 3662 3663 4219
3 3663 3661 3664
3 3663 3664 3665
3 3664 3660 3669
3 3664 3669 3666
3 3665 3664 3666
3 3665 3666 3667
3 3668 4229 3667
3 3668 3667 3666
3 3666 3669 3671
3 3666 3671 3668
3 3669 3670 3673
3 3669 3673 3671
3 3658 3670 3669
3 3658 3669 3660
3 3672 4234 3668
3 3672 3668 3671
3 3671 3673 3675
3 3671 3675 3672
3 3673 3674 3677
3 3673 3677 3675
3 3908 3674 3673
3 3908 3673 3670
3 3676 4239 3672
3 3676 3672 3675
3 3675 3677 3678
3 3675 3678 3676
3 3677 3679 3682
3 3677 3682 3678
3 3680 3679 3677
3 3680 3677 3674
3 3681 3679 3680
3 3681 3680 3903
3 3681 3684 3682
3 3681 3682 3679
3 3678 3682 3683
3 3678 3683 4244
3 3682 3684 3686
3 3682 3686 3683
3 3685 3687 3686
3 3685 3686 3684
3 3685 3684 3681
3 3685 3681 3904
3 3686 3687 3691
3 3686 3691 3688
3 3683 3686 3688
3 3683 3688 3689
3 3690 4248 3689
3 3690 3689 3688
3 3688 3691 3692
3 3688 3692 3690
3 3691 3693 3695
3 3691 3695 3692
3 3696 3693 3691
3 3696 3691 3687
3 3694 4262 3695
3 3694 3695 3693
3 3694 3693 3696
3 3694 3696 3697
3 3698 3700 3697
3 3698 3697 3696
3 3696 3687 3685
3 3696 3685 3698
3 3904 3699 3698
3 3904 3698 3685
3 3698 3699 3702
3 3698 3702 3700
3 3701 3700 3702
3 3701 3702 3704
3 3697 3700 3701
3 3697 3701 4942
3 3702 3699 3901
3 3702 3901 3703
3 3703 3706 3704
3 3703 3704 3702
3 3704 3706 3708
3 3704 3708 3705
3 3704 3705 4943
3 3704 4943 3701
3 3703 3869 3707
3 3703 3707 3706
3 3708 3706 3707
3 3708 3707 3709
3 3709 3712 3710
3 3709 3710 3708
3 3711 3705 3708
3 3711 3708 3710
3 3710 3713 3715
3 3710 3715 3711
3 3710 3712 3716
3 3710 3716 3713
3 3714 3713 3716
3 3714 3716 3718
3 3715 3713 3714
3 3715 3714 3726
3 3716 3712 3873
3 3716 3873 3717
3 3717 3719 3718
3 3717 3718 3716
3 3722 3720 3718
3 3722 3718 3719
3 3718 3720 3723
3 3718 3723 3714
3 3721 3724 3723
3 3721 3723 3720
3 3721 3720 3722
3 3721 3722 3753
3 3725 3726 3714
3 3725 3714 3723
3 3723 3724 3728
3 3723 3728 3725
3 4924 3726 3725
3 4924 3725 3727
3 3729 3727 3725
3 3729 3725 3728
3 3733 3730 3728
3 3733 3728 3724
3 3728 3730 3731
3 3728 3731 3729
3 3732 4786 3731
3 3732 3731 3730
3 3732 3730 3733
3 3732 3733 3735
3 3733 3724 3721
3 3733 3721 3734
3 3733 3734 3736
3 3733 3736 3735
3 3737 3735 3736
3 3737 3736 3740
3 3732 3735 3737
3 3732 3737 3739
3 3740 3741 3738
3 3740 3738 3737
3 4776 3739 3737
3 4776 3737 3738
3 3743 3741 3740
3 3743 3740 3742
3 3745 3742 3740
3 3745 3740 3736
3 3743 3742 3744
3 3743 3744 3930
3 3744 3742 3745
3 3744 3745 3747
3 3736 3734 3746
3 3736 3746 3745
3 3749 3747 3745
3 3749 3745 3746
3 3744 3747 3748
3 3744 3748 5647
3 3748 3747 3749
3 3748 3749 3750
3 3754 3750 3749
3 3754 3749 3751
3 3746 3753 3751
3 3746 3751 3749
3 3751 3752 3756
3 3751 3756 3754
3 3722 3752 3751
3 3722 3751 3753
3 5650 3750 3754
3 5650 3754 3755
3 3758 3755 3754
3 3758 3754 3756
3 3898 3757 3756
3 3898 3756 3752
3 3756 3757 3759
3 3756 3759 3758
3 3762 3760 3758
3 3762 3758 3759
3 3763 3755 3758
3 3763 3758 3760
3 3763 3760 3761
3 3763 3761 3765
3 3761 3760 3762
3 3761 3762 3893
3 5650 3755 3763
3 5650 3763 3764
3 3765 3767 3764
3 3765 3764 3763
3 3896 3766 3765
3 3896 3765 3761
3 3765 3766 3768
3 3765 3768 3767
3 3764 3767 3769
3 3764 3769 3771
3 3769 3767 3768
3 3769 3768 3770
3 3775 3772 3769
3 3775 3769 3770
3 3774 3771 3769
3 3774 3769 3772
3 3773 3922 3774
3 3773 3774 3772
3 3773 3772 3775
3 3773 3775 3776
3 3777 3339 3776
3 3777 3776 3775
3 3775 3770 3778
3 3775 3778 3777
3 3780 3335 3777
3 3780 3777 3778
3 3778 3770 3768
3 3778 3768 3779
3 3778 3779 3781
3 3778 3781 3780
3 3782 3331 3780
3 3782 3780 3781
3 3781 3783 3786
3 3781 3786 3782
3 3781 3779 3785
3 3781 3785 3783
3 3785 3897 3784
3 3785 3784 3783
3 3786 3783 3784
3 3786 3784 3787
3 3788 3326 3782
3 3788 3782 3786
3 3786 3787 3789
3 3786 3789 3788
3 3790 3327 3788
3 3790 3788 3789
3 3789 3791 3792
3 3789 3792 3790
3 3789 3787 3794
3 3789 3794 3791
3 3792 3791 3793
3 3792 3793 3842
3 3794 3796 3793
3 3794 3793 3791
3 3784 3795 3794
3 3784 3794 3787
3 3798 3796 3794
3 3798 3794 3795
3 3797 3839 3793
3 3797 3793 3796
3 3797 3796 3798
3 3797 3798 3799
3 3800 3803 3799
3 3800 3799 3798
3 3798 3795 3802
3 3798 3802 3800
3 3895 3801 3800
3 3895 3800 3802
3 3800 3801 3804
3 3800 3804 3803
3 3805 3803 3804
3 3805 3804 3806
3 3799 3803 3805
3 3799 3805 3807
3 3806 3809 3808
3 3806 3808 3805
3 3811 3807 3805
3 3811 3805 3808
3 3891 3810 3808
3 3891 3808 3809
3 3808 3810 3813
3 3808 3813 3811
3 3838 3807 3811
3 3838 3811 3812
3 3814 3812 3811
3 3814 3811 3813
3 3813 3815 3817
3 3813 3817 3814
3 3816 3815 3813
3 3816 3813 3810
3 3816 3819 3818
3 3816 3818 3815
3 3818 3820 3817
3 3818 3817 3815
3 3818 3819 3822
3 3818 3822 3821
3 3818 3821 3823
3 3818 3823 3820
3 3824 3821 3822
3 3824 3822 3825
3 3823 3821 3824
3 3823 3824 3261
3 3825 3640 3260
3 3825 3260 3824
3 3850 3641 3825
3 3850 3825 3822
3 3823 3826 3827
3 3823 3827 3820
3 3823 3261 3263
3 3823 3263 3826
3 3827 3826 3274
3 3827 3274 3828
3 3263 3266 3274
3 3263 3274 3826
3 3817 3820 3827
3 3817 3827 3829
3 3828 3831 3829
3 3828 3829 3827
3 3829 3830 3814
3 3829 3814 3817
3 3832 3830 3829
3 3832 3829 3831
3 3832 3831 3833
3 3832 3833 3287
3 3833 3831 3828
3 3833 3828 3273
3 3836 3830 3832
3 3836 3832 3834
3 3287 3289 3834
3 3287 3834 3832
3 3834 3289 3292
3 3834 3292 3835
3 3834 3835 3837
3 3834 3837 3836
3 3838 3812 3836
3 3838 3836 3837
3 3836 3812 3814
3 3836 3814 3830
3 3837 3839 3797
3 3837 3797 3838
3 3837 3835 3840
3 3837 3840 3839
3 3793 3839 3840
3 3793 3840 3842
3 3840 3835 3292
3 3840 3292 3841
3 3843 3842 3840
3 3843 3840 3841
3 3792 3842 3843
3 3792 3843 3844
3 3845 3846 3844
3 3845 3844 3843
3 3843 3841 3291
3 3843 3291 3845
3 3848 3846 3845
3 3848 3845 3847
3 3294 3847 3845
3 3294 3845 3291
3 3848 3847 3299
3 3848 3299 3305
3 3320 3846 3848
3 3320 3848 3316
3 3305 3309 3316
3 3305 3316 3848
3 3320 3849 3844
3 3320 3844 3846
3 3844 3849 3790
3 3844 3790 3792
3 3319 3327 3790
3 3319 3790 3849
3 3799 3807 3838
3 3799 3838 3797
3 3822 3819 3851
3 3822 3851 3850
3 3853 3645 3850
3 3853 3850 3851
3 3816 3852 3851
3 3816 3851 3819
3 3851 3852 3854
3 3851 3854 3853
3 3647 3645 3853
3 3647 3853 3855
3 3856 3855 3853
3 3856 3853 3854
3 3647 3855 3857
3 3647 3857 3650
3 3857 3855 3856
3 3857 3856 3859
3 3858 3914 3650
3 3858 3650 3857
3 3857 3859 3861
3 3857 3861 3858
3 3860 3859 3856
3 3860 3856 3890
3 3861 3859 3860
3 3861 3860 3863
3 3862 3913 3858
3 3862 3858 3861
3 3861 3863 3865
3 3861 3865 3862
3 3864 3863 3860
3 3864 3860 3883
3 3865 3863 3864
3 3865 3864 3866
3 3867 3868 3862
3 3867 3862 3865
3 3865 3866 3870
3 3865 3870 3867
3 3899 3868 3867
3 3899 3867 3869
3 3707 3869 3867
3 3707 3867 3870
3 3870 3866 3872
3 3870 3872 3871
3 3870 3871 3709
3 3870 3709 3707
3 3873 3871 3872
3 3873 3872 3874
3 3709 3871 3873
3 3709 3873 3712
3 3874 3875 3717
3 3874 3717 3873
3 3877 3876 3874
3 3877 3874 3872
3 3878 3875 3874
3 3878 3874 3876
3 3879 3876 3877
3 3879 3877 3882
3 3878 3876 3879
3 3878 3879 3880
3 3879 3881 3894
3 3879 3894 3880
3 3879 3882 3884
3 3879 3884 3881
3 3883 3882 3877
3 3883 3877 3864
3 3884 3882 3883
3 3884 3883 3885
3 3884 3885 3888
3 3884 3888 3886
3 3884 3886 3887
3 3884 3887 3881
3 3887 3886 3806
3 3887 3806 3804
3 3888 3809 3806
3 3888 3806 3886
3 3888 3885 3890
3 3888 3890 3889
3 3888 3889 3891
3 3888 3891 3809
3 3854 3889 3890
3 3854 3890 3856
3 3891 3889 3854
3 3891 3854 3852
3 3891 3852 3816
3 3891 3816 3810
3 3890 3885 3883
3 3890 3883 3860
3 3894 3881 3887
3 3894 3887 3892
3 3804 3801 3892
3 3804 3892 3887
3 3892 3893 3762
3 3892 3762 3894
3 3895 3893 3892
3 3895 3892 3801
3 3759 3880 3894
3 3759 3894 3762
3 3761 3893 3895
3 3761 3895 3896
3 3802 3897 3896
3 3802 3896 3895
3 3896 3897 3785
3 3896 3785 3766
3 3802 3795 3784
3 3802 3784 3897
3 3878 3880 3759
3 3878 3759 3757
3 3898 3875 3878
3 3898 3878 3757
3 3872 3866 3864
3 3872 3864 3877
3 3898 3719 3717
3 3898 3717 3875
3 3722 3719 3898
3 3722 3898 3752
3 3899 3869 3703
3 3899 3703 3901
3 3901 3902 3900
3 3901 3900 3899
3 3915 3868 3899
3 3915 3899 3900
3 3904 3902 3901
3 3904 3901 3699
3 3903 3905 3900
3 3903 3900 3902
3 3903 3902 3904
3 3903 3904 3681
3 3907 3905 3903
3 3907 3903 3680
3 3907 3909 3906
3 3907 3906 3905
3 3900 3905 3906
3 3900 3906 3915
3 3680 3674 3908
3 3680 3908 3907
3 3910 3909 3907
3 3910 3907 3908
3 3910 3654 3911
3 3910 3911 3909
3 3906 3909 3911
3 3906 3911 3912
3 3649 3914 3912
3 3649 3912 3911
3 3912 3913 3915
3 3912 3915 3906
3 3912 3914 3858
3 3912 3858 3913
3 3915 3913 3862
3 3915 3862 3868
3 3908 3670 3658
3 3908 3658 3910
3 3768 3766 3785
3 3768 3785 3779
3 3776 3916 3918
3 3776 3918 3773
3 3341 3916 3776
3 3341 3776 3339
3 3917 3919 3918
3 3917 3918 3916
3 3917 3916 3341
3 3917 3341 3343
3 3918 3919 3921
3 3918 3921 3920
3 3920 3922 3773
3 3920 3773 3918
3 3924 3923 3920
3 3924 3920 3921
3 3920 3923 3925
3 3920 3925 3922
3 3924 3928 3926
3 3924 3926 3923
3 3926 3927 3925
3 3926 3925 3923
3 3930 3927 3926
3 3930 3926 3929
3 3932 3929 3926
3 3932 3926 3928
3 3930 3929 3931
3 3930 3931 3743
3 3931 3929 3932
3 3931 3932 3933
3 3935 3933 3932
3 3935 3932 3934
3 3936 3934 3932
3 3936 3932 3928
3 3937 3940 3935
3 3937 3935 3934
3 3937 3934 3936
3 3937 3936 3939
3 3939 3957 3938
3 3939 3938 3937
3 3941 3940 3937
3 3941 3937 3938
3 3941 3945 3942
3 3941 3942 3940
3 3942 3943 3935
3 3942 3935 3940
3 4769 3943 3942
3 4769 3942 3944
3 3946 3944 3942
3 3946 3942 3945
3 3947 3949 3946
3 3947 3946 3945
3 3947 3945 3941
3 3947 3941 3950
3 3950 3951 3948
3 3950 3948 3947
3 4966 3949 3947
3 4966 3947 3948
3 3953 3951 3950
3 3953 3950 3952
3 3938 3952 3950
3 3938 3950 3941
3 3953 3952 3954
3 3953 3954 3956
3 3954 3952 3938
3 3954 3938 3957
3 3954 3957 3958
3 3954 3958 3955
3 3955 3965 3956
3 3955 3956 3954
3 3958 3957 3939
3 3958 3939 3959
3 3960 3962 3955
3 3960 3955 3958
3 3958 3959 3961
3 3958 3961 3960
3 3355 3357 3960
3 3355 3960 3961
3 3960 3357 3359
3 3960 3359 3962
3 3963 3962 3359
3 3963 3359 3363
3 3955 3962 3963
3 3955 3963 3965
3 3966 3965 3963
3 3966 3963 3964
3 3964 3963 3363
3 3964 3363 4181
3 3956 3965 3966
3 3956 3966 3968
3 3967 3966 3964
3 3967 3964 4179
3 3970 3968 3966
3 3970 3966 3967
3 3956 3968 3969
3 3956 3969 3953
3 3969 3968 3970
3 3969 3970 3971
3 3975 3971 3970
3 3975 3970 3972
3 3972 3970 3967
3 3972 3967 3974
3 3974 3986 3973
3 3974 3973 3972
3 3977 3975 3972
3 3977 3972 3973
3 4973 3971 3975
3 4973 3975 3976
3 3978 3976 3975
3 3978 3975 3977
3 3973 3982 3979
3 3973 3979 3977
3 3981 3978 3977
3 3981 3977 3979
3 3979 3980 5129
3 3979 5129 3981
3 3983 3980 3979
3 3983 3979 3982
3 3983 3982 3984
3 3983 3984 3985
3 3984 3982 3973
3 3984 3973 3986
3 3987 3990 3985
3 3987 3985 3984
3 3984 3986 3988
3 3984 3988 3987
3 4175 3989 3987
3 4175 3987 3988
3 3987 3989 3991
3 3987 3991 3990
3 3985 3990 3992
3 3985 3992 3995
3 3992 3990 3991
3 3992 3991 3993
3 3993 4006 3994
3 3993 3994 3992
3 3997 3995 3992
3 3997 3992 3994
3 3985 3995 3996
3 3985 3996 3983
3 3996 3995 3997
3 3996 3997 3998
3 4001 3998 3997
3 4001 3997 3999
3 3994 4002 3999
3 3994 3999 3997
3 3999 4002 4003
3 3999 4003 4000
3 3999 4000 4027
3 3999 4027 4001
3 4003 4002 4004
3 4003 4004 4005
3 3994 4006 4004
3 3994 4004 4002
3 4007 4010 4005
3 4007 4005 4004
3 4004 4006 4009
3 4004 4009 4007
3 4011 4010 4007
3 4011 4007 4008
3 4173 4008 4007
3 4173 4007 4009
3 4012 4010 4011
3 4012 4011 4014
3 4012 4015 4005
3 4012 4005 4010
3 4014 4123 4013
3 4014 4013 4012
3 4017 4015 4012
3 4017 4012 4013
3 4017 4019 4016
3 4017 4016 4015
3 4005 4015 4016
3 4005 4016 4003
3 4013 4069 4018
3 4013 4018 4017
3 4020 4019 4017
3 4020 4017 4018
3 4016 4019 4021
3 4016 4021 4024
3 4020 4022 4021
3 4020 4021 4019
3 4021 4022 4058
3 4021 4058 4023
3 4023 4025 4024
3 4023 4024 4021
3 4024 4000 4003
3 4024 4003 4016
3 4027 4000 4024
3 4027 4024 4025
3 4026 4025 4023
3 4026 4023 4059
3 4027 4025 4026
3 4027 4026 4028
3 4028 4029 4001
3 4028 4001 4027
3 4031 4029 4028
3 4031 4028 4030
3 4033 4030 4028
3 4033 4028 4026
3 4031 4030 4032
3 4031 4032 5131
3 4032 4030 4033
3 4032 4033 4035
3 4026 4059 4034
3 4026 4034 4033
3 4037 4035 4033
3 4037 4033 4034
3 4036 4035 4037
3 4036 4037 4038
3 4032 4035 4036
3 4032 4036 5117
3 4034 4041 4039
3 4034 4039 4037
3 4042 4038 4037
3 4042 4037 4039
3 4039 4041 4054
3 4039 4054 4040
3 4039 4040 4044
3 4039 4044 4042
3 5119 4038 4042
3 5119 4042 4043
3 4045 4043 4042
3 4045 4042 4044
3 4044 4046 4048
3 4044 4048 4045
3 4044 4040 4049
3 4044 4049 4046
3 4047 4046 4049
3 4047 4049 4050
3 4048 4046 4047
3 4048 4047 5090
3 4051 4052 4050
3 4051 4050 4049
3 4049 4040 4054
3 4049 4054 4051
3 5150 4052 4051
3 5150 4051 4053
3 4055 4053 4051
3 4055 4051 4054
3 4054 4041 4057
3 4054 4057 4055
3 4060 4053 4055
3 4060 4055 4056
3 4058 4056 4055
3 4058 4055 4057
3 4057 4059 4023
3 4057 4023 4058
3 4034 4059 4057
3 4034 4057 4041
3 4061 4056 4058
3 4061 4058 4022
3 4060 4056 4061
3 4060 4061 4062
3 4063 4064 4062
3 4063 4062 4061
3 4061 4022 4020
3 4061 4020 4063
3 4066 4064 4063
3 4066 4063 4065
3 4018 4065 4063
3 4018 4063 4020
3 4066 4065 4067
3 4066 4067 4068
3 4067 4065 4018
3 4067 4018 4069
3 4070 4073 4068
3 4070 4068 4067
3 4067 4069 4071
3 4067 4071 4070
3 4121 4072 4070
3 4121 4070 4071
3 4070 4072 4074
3 4070 4074 4073
3 4068 4073 4075
3 4068 4075 4077
3 4075 4073 4074
3 4075 4074 4076
3 4076 4080 4078
3 4076 4078 4075
3 4079 4077 4075
3 4079 4075 4078
3 4078 4081 4083
3 4078 4083 4079
3 4078 4080 4082
3 4078 4082 4081
3 4084 4081 4082
3 4084 4082 4085
3 4083 4081 4084
3 4083 4084 4086
3 4085 4089 4087
3 4085 4087 4084
3 4090 4086 4084
3 4090 4084 4087
3 4089 4101 4088
3 4089 4088 4087
3 4087 4088 4092
3 4087 4092 4090
3 5160 4086 4090
3 5160 4090 4091
3 4093 4091 4090
3 4093 4090 4092
3 4092 4094 4096
3 4092 4096 4093
3 4088 4097 4094
3 4088 4094 4092
3 4094 4095 4201
3 4094 4201 4096
3 4099 4095 4094
3 4099 4094 4097
3 4099 4097 4098
3 4099 4098 4100
3 4098 4097 4088
3 4098 4088 4101
3 4211 4095 4099
3 4211 4099 3621
3 4100 3616 3621
3 4100 3621 4099
3 4102 3613 4100
3 4102 4100 4098
3 4098 4101 4103
3 4098 4103 4102
3 3608 3610 4102
3 3608 4102 4103
3 4103 4101 4089
3 4103 4089 4104
3 4103 4104 3606
3 4103 3606 3608
3 3606 4104 4105
3 3606 4105 3604
3 4105 4104 4089
3 4105 4089 4085
3 4107 3604 4105
3 4107 4105 4106
3 4106 4105 4085
3 4106 4085 4082
3 4110 4107 4106
3 4110 4106 4108
3 4082 4080 4108
3 4082 4108 4106
3 4108 4109 4111
3 4108 4111 4110
3 4076 4109 4108
3 4076 4108 4080
3 4113 4112 4110
3 4113 4110 4111
3 4112 3601 4107
3 4112 4107 4110
3 3587 3598 4112
3 3587 4112 4113
3 4111 4114 3586
3 4111 3586 4113
3 4115 4114 4111
3 4115 4111 4109
3 4116 3584 3586
3 4116 3586 4114
3 4116 4114 4115
3 4116 4115 4118
3 4118 4119 4117
3 4118 4117 4116
3 3581 3584 4116
3 3581 4116 4117
3 4121 4119 4118
3 4121 4118 4072
3 4074 4072 4118
3 4074 4118 4115
3 4120 4199 4117
3 4120 4117 4119
3 4120 4119 4121
3 4120 4121 4122
3 4071 4123 4122
3 4071 4122 4121
3 4122 4123 4014
3 4122 4014 4124
3 4122 4124 4125
3 4122 4125 4120
3 4126 4124 4014
3 4126 4014 4011
3 4125 4124 4126
3 4125 4126 4127
3 4011 4008 4128
3 4011 4128 4126
3 4130 4127 4126
3 4130 4126 4128
3 4128 4008 4173
3 4128 4173 4129
3 4128 4129 4132
3 4128 4132 4130
3 4197 4127 4130
3 4197 4130 4131
3 4133 4131 4130
3 4133 4130 4132
3 4132 4134 4135
3 4132 4135 4133
3 4132 4129 4136
3 4132 4136 4134
3 4135 4134 4137
3 4135 4137 4140
3 4137 4134 4136
3 4137 4136 4138
3 4138 4163 4139
3 4138 4139 4137
3 4141 4140 4137
3 4141 4137 4139
3 4135 4140 4142
3 4135 4142 4143
3 4142 4140 4141
3 4142 4141 4144
3 4145 4146 4143
3 4145 4143 4142
3 4142 4144 4148
3 4142 4148 4145
3 4189 4146 4145
3 4189 4145 4147
3 4149 4147 4145
3 4149 4145 4148
3 4148 4144 4152
3 4148 4152 4150
3 4148 4150 4153
3 4148 4153 4149
3 4151 4150 4152
3 4151 4152 4155
3 4153 4150 4151
3 4153 4151 3398
3 3397 4182 4149
3 3397 4149 4153
3 4152 4144 4141
3 4152 4141 4154
3 4154 4156 4155
3 4154 4155 4152
3 4155 4157 3388
3 4155 3388 4151
3 4158 4157 4155
3 4158 4155 4156
3 3387 4157 4158
3 3387 4158 3371
3 4158 4156 4159
3 4158 4159 3372
3 4159 4156 4154
3 4159 4154 4161
3 4160 3369 3372
3 4160 3372 4159
3 4159 4161 4162
3 4159 4162 4160
3 4139 4161 4154
3 4139 4154 4141
3 4162 4161 4139
3 4162 4139 4163
3 4164 4165 4160
3 4164 4160 4162
3 4162 4163 4167
3 4162 4167 4164
3 4174 4165 4164
3 4174 4164 4166
3 4169 4166 4164
3 4169 4164 4167
3 4167 4163 4138
3 4167 4138 4168
3 4167 4168 4170
3 4167 4170 4169
3 4175 4166 4169
3 4175 4169 3989
3 3991 3989 4169
3 3991 4169 4170
3 4170 4171 3993
3 4170 3993 3991
3 4170 4168 4172
3 4170 4172 4171
3 4009 4171 4172
3 4009 4172 4173
3 3993 4171 4009
3 3993 4009 4006
3 4136 4129 4173
3 4136 4173 4172
3 4172 4168 4138
3 4172 4138 4136
3 4174 4166 4175
3 4174 4175 4176
3 3988 4177 4176
3 3988 4176 4175
3 4176 4177 4179
3 4176 4179 4178
3 4176 4178 4180
3 4176 4180 4174
3 4181 4178 4179
3 4181 4179 3964
3 4180 4178 4181
3 4180 4181 3362
3 3367 4165 4174
3 3367 4174 4180
3 4179 4177 3974
3 4179 3974 3967
3 3988 3986 3974
3 3988 3974 4177
3 3367 3369 4160
3 3367 4160 4165
3 3390 3398 4151
3 3390 4151 3388
3 4183 4147 4149
3 4183 4149 4182
3 4183 4182 4184
3 4183 4184 4186
3 4184 4182 3397
3 4184 3397 3400
3 4184 3400 3402
3 4184 3402 4185
3 4185 3521 4186
3 4185 4186 4184
3 4186 3525 4187
3 4186 4187 4183
3 3515 3517 4185
3 3515 4185 3402
3 4189 4147 4183
3 4189 4183 4187
3 4187 3525 3527
3 4187 3527 4188
3 4187 4188 4190
3 4187 4190 4189
3 4192 4146 4189
3 4192 4189 4190
3 4190 4188 4200
3 4190 4200 4191
3 4190 4191 4194
3 4190 4194 4192
3 4195 4193 4192
3 4195 4192 4194
3 4192 4193 4143
3 4192 4143 4146
3 4194 3575 4196
3 4194 4196 4195
3 4194 4191 3573
3 4194 3573 3575
3 4197 4131 4195
3 4197 4195 4196
3 4195 4131 4133
3 4195 4133 4193
3 4196 3576 4198
3 4196 4198 4197
3 4125 4127 4197
3 4125 4197 4198
3 4198 3576 3578
3 4198 3578 4199
3 4198 4199 4120
3 4198 4120 4125
3 4117 4199 3578
3 4117 3578 3581
3 4143 4193 4133
3 4143 4133 4135
3 3573 4191 4200
3 3573 4200 3571
3 4200 4188 3527
3 4200 3527 3529
3 3529 5652 3571
3 3529 3571 4200
3 4071 4069 4013
3 4071 4013 4123
3 4115 4109 4076
3 4115 4076 4074
3 4202 4203 4093
3 4202 4093 4096
3 4096 4201 4205
3 4096 4205 4202
3 5166 4203 4202
3 5166 4202 4204
3 4206 4204 4202
3 4206 4202 4205
3 4201 4210 4207
3 4201 4207 4205
3 4205 4207 4208
3 4205 4208 4206
3 4207 4209 4212
3 4207 4212 4208
3 3627 4209 4207
3 3627 4207 4210
3 3627 4210 4211
3 3627 4211 3620
3 4211 4210 4201
3 4211 4201 4095
3 3626 4213 4212
3 3626 4212 4209
3 4212 4213 4217
3 4212 4217 4214
3 4208 4212 4214
3 4208 4214 4215
3 4216 5174 4215
3 4216 4215 4214
3 4214 4217 4218
3 4214 4218 4216
3 4217 4219 3663
3 4217 3663 4218
3 4220 4219 4217
3 4220 4217 4213
3 3662 4219 4220
3 3662 4220 4221
3 3629 3632 4221
3 3629 4221 4220
3 4220 4213 3626
3 4220 3626 3629
3 4221 4222 3656
3 4221 3656 3662
3 4221 3632 3635
3 4221 3635 4222
3 3652 4222 3635
3 3652 3635 5651
3 4223 4224 4216
3 4223 4216 4218
3 4218 3663 3665
3 4218 3665 4223
3 4226 4224 4223
3 4226 4223 4225
3 3667 4225 4223
3 3667 4223 3665
3 4226 4225 4227
3 4226 4227 4228
3 4227 4225 3667
3 4227 3667 4229
3 4230 4231 4228
3 4230 4228 4227
3 4227 4229 4233
3 4227 4233 4230
3 5185 4231 4230
3 5185 4230 4232
3 4235 4232 4230
3 4235 4230 4233
3 4233 4229 3668
3 4233 3668 4234
3 4233 4234 4237
3 4233 4237 4235
3 5188 4232 4235
3 5188 4235 4236
3 4238 4236 4235
3 4238 4235 4237
3 4237 4239 4240
3 4237 4240 4238
3 4237 4234 3672
3 4237 3672 4239
3 4240 4239 3676
3 4240 3676 4242
3 4241 5192 4238
3 4241 4238 4240
3 4240 4242 4243
3 4240 4243 4241
3 4244 4242 3676
3 4244 3676 3678
3 4243 4242 4244
3 4243 4244 4245
3 3689 4245 4244
3 3689 4244 3683
3 4246 4245 3689
3 4246 3689 4248
3 4243 4245 4246
3 4243 4246 4247
3 4249 4250 4247
3 4249 4247 4246
3 4246 4248 4252
3 4246 4252 4249
3 5202 4250 4249
3 5202 4249 4251
3 4253 4251 4249
3 4253 4249 4252
3 4252 4254 4255
3 4252 4255 4253
3 4252 4248 3690
3 4252 3690 4254
3 4255 4254 4256
3 4255 4256 4257
3 4256 4254 3690
3 4256 3690 3692
3 3692 3695 4258
3 3692 4258 4256
3 4259 4257 4256
3 4259 4256 4258
3 4258 4260 4263
3 4258 4263 4259
3 3695 4262 4260
3 3695 4260 4258
3 4260 4261 4265
3 4260 4265 4263
3 4938 4261 4260
3 4938 4260 4262
3 4264 5388 4259
3 4264 4259 4263
3 4263 4265 4267
3 4263 4267 4264
3 4265 4266 4269
3 4265 4269 4267
3 4934 4266 4265
3 4934 4265 4261
3 4268 5389 4264
3 4268 4264 4267
3 4267 4269 4271
3 4267 4271 4268
3 4269 4270 4273
3 4269 4273 4271
3 4933 4270 4269
3 4933 4269 4266
3 4272 5394 4268
3 4272 4268 4271
3 4271 4273 4274
3 4271 4274 4272
3 4273 4275 4277
3 4273 4277 4274
3 4276 4275 4273
3 4276 4273 4270
3 4278 4275 4276
3 4278 4276 4281
3 4278 4279 4277
3 4278 4277 4275
3 4293 4279 4278
3 4293 4278 4280
3 4281 4283 4280
3 4281 4280 4278
3 4932 4282 4281
3 4932 4281 4276
3 4281 4282 4284
3 4281 4284 4283
3 4285 4283 4284
3 4285 4284 4286
3 4280 4283 4285
3 4280 4285 4288
3 4286 4912 4287
3 4286 4287 4285
3 4289 4288 4285
3 4289 4285 4287
3 4290 4288 4289
3 4290 4289 4291
3 4280 4288 4290
3 4280 4290 4293
3 4292 4290 4291
3 4292 4291 4910
3 4293 4290 4292
3 4293 4292 4294
3 4295 4279 4293
3 4295 4293 4294
3 4294 4296 4299
3 4294 4299 4295
3 4297 4296 4294
3 4297 4294 4292
3 4298 4296 4297
3 4298 4297 4490
3 4300 4296 4298
3 4300 4298 4301
3 4299 4296 4300
3 4299 4300 4303
3 4301 4323 4302
3 4301 4302 4300
3 4302 4305 4303
3 4302 4303 4300
3 4303 4304 5402
3 4303 5402 4299
3 4307 4304 4303
3 4307 4303 4305
3 4306 4305 4302
3 4306 4302 4317
3 4307 4305 4306
3 4307 4306 4309
3 4309 4310 4308
3 4309 4308 4307
3 5403 4304 4307
3 5403 4307 4308
3 4312 4310 4309
3 4312 4309 4311
3 4314 4311 4309
3 4314 4309 4306
3 4312 4311 4313
3 4312 4313 5438
3 4313 4311 4314
3 4313 4314 4315
3 4306 4317 4316
3 4306 4316 4314
3 4318 4315 4314
3 4318 4314 4316
3 4316 4317 4322
3 4316 4322 4319
3 4320 4318 4316
3 4320 4316 4319
3 5538 4320 4319
3 5538 4319 4321
3 4319 4322 4324
3 4319 4324 4321
3 4322 4317 4302
3 4322 4302 4323
3 4324 4322 4323
3 4324 4323 4325
3 4325 4327 4326
3 4325 4326 4324
3 4326 4328 4321
3 4326 4321 4324
3 4326 4327 4330
3 4326 4330 4329
3 4329 4332 4328
3 4329 4328 4326
3 4330 4360 4331
3 4330 4331 4329
3 4329 4331 4333
3 4329 4333 4332
3 4328 4332 4334
3 4328 4334 4335
3 4334 4332 4333
3 4334 4333 4337
3 4336 5467 4335
3 4336 4335 4334
3 4339 4336 4334
3 4339 4334 4337
3 4337 4333 4356
3 4337 4356 4338
3 4337 4338 4341
3 4337 4341 4339
3 5466 4336 4339
3 5466 4339 4340
3 4342 4340 4339
3 4342 4339 4341
3 4341 4343 4345
3 4341 4345 4342
3 4341 4338 4344
3 4341 4344 4343
3 4344 4349 4346
3 4344 4346 4343
3 4345 4343 4346
3 4345 4346 4348
3 4346 4347 5485
3 4346 5485 4348
3 4350 4347 4346
3 4350 4346 4349
3 4350 4349 4351
3 4350 4351 4353
3 4351 4349 4344
3 4351 4344 4354
3 4351 4354 4355
3 4351 4355 4352
3 4353 4351 4352
3 4353 4352 5334
3 4356 4354 4344
3 4356 4344 4338
3 4355 4354 4356
3 4355 4356 4357
3 4331 4357 4356
3 4331 4356 4333
3 4355 4357 4358
3 4355 4358 4359
3 4358 4357 4331
3 4358 4331 4360
3 4358 4361 4364
3 4358 4364 4359
3 4358 4360 4362
3 4358 4362 4361
3 4363 4361 4362
3 4363 4362 5643
3 4364 4361 4363
3 4364 4363 4366
3 4364 4365 5333
3 4364 5333 4359
3 4366 4367 4365
3 4366 4365 4364
3 4363 4371 4368
3 4363 4368 4366
3 4366 4368 4370
3 4366 4370 4367
3 4368 4371 4373
3 4368 4373 4369
3 4370 4368 4369
3 4370 4369 5539
3 4363 5643 4372
3 4363 4372 4371
3 4373 4371 4372
3 4373 4372 4374
3 4374 4378 4375
3 4374 4375 4373
3 4373 4375 4377
3 4373 4377 4369
3 4375 4378 4380
3 4375 4380 4376
3 4377 4375 4376
3 4377 4376 5542
3 4374 4471 4379
3 4374 4379 4378
3 4380 4378 4379
3 4380 4379 4382
3 4382 4384 4381
3 4382 4381 4380
3 4380 4381 5580
3 4380 5580 4376
3 4469 4383 4382
3 4469 4382 4379
3 4382 4383 4386
3 4382 4386 4384
3 4385 4384 4386
3 4385 4386 4388
3 4381 4384 4385
3 4381 4385 5576
3 4386 4383 4466
3 4386 4466 4387
3 4387 4390 4388
3 4387 4388 4386
3 4388 4389 5577
3 4388 5577 4385
3 4388 4390 4392
3 4388 4392 4389
3 4387 4453 4391
3 4387 4391 4390
3 4392 4390 4391
3 4392 4391 4393
3 4393 4396 4394
3 4393 4394 4392
3 4395 4389 4392
3 4395 4392 4394
3 4398 4395 4394
3 4398 4394 4397
3 4394 4396 4400
3 4394 4400 4397
3 4397 4399 5566
3 4397 5566 4398
3 4401 4399 4397
3 4401 4397 4400
3 4400 4402 4405
3 4400 4405 4401
3 4400 4396 4403
3 4400 4403 4402
3 4404 4402 4403
3 4404 4403 4458
3 4405 4402 4404
3 4405 4404 4407
3 4406 4405 4407
3 4406 4407 4408
3 4401 4405 4406
3 4401 4406 5565
3 4411 4409 4407
3 4411 4407 4404
3 4410 4408 4407
3 4410 4407 4409
3 4410 4409 4412
3 4410 4412 4413
3 4412 4409 4411
3 4412 4411 4414
3 4413 4412 4415
3 4413 4415 4416
3 4412 4414 4417
3 4412 4417 4415
3 4418 4419 4416
3 4418 4416 4415
3 4415 4417 4421
3 4415 4421 4418
3 5300 4419 4418
3 5300 4418 4420
3 4422 4420 4418
3 4422 4418 4421
3 4421 4423 4424
3 4421 4424 4422
3 4417 4425 4423
3 4417 4423 4421
3 4423 4426 4428
3 4423 4428 4424
3 4423 4425 4427
3 4423 4427 4426
3 4429 4426 4427
3 4429 4427 4430
3 4428 4426 4429
3 4428 4429 4431
3 4433 4432 4429
3 4433 4429 4430
3 4434 4431 4429
3 4434 4429 4432
3 4435 4432 4433
3 4435 4433 4438
3 4435 4437 4434
3 4435 4434 4432
3 4438 4439 4436
3 4438 4436 4435
3 4521 4437 4435
3 4521 4435 4436
3 4442 4439 4438
3 4442 4438 4440
3 4441 4440 4438
3 4441 4438 4433
3 4443 4440 4441
3 4443 4441 4445
3 4442 4440 4443
3 4442 4443 4444
3 4446 4447 4444
3 4446 4444 4443
3 4443 4445 4448
3 4443 4448 4446
3 4450 4447 4446
3 4450 4446 4449
3 4452 4449 4446
3 4452 4446 4448
3 4450 4449 4451
3 4450 4451 4465
3 4451 4449 4452
3 4451 4452 4453
3 4391 4453 4452
3 4391 4452 4454
3 4448 4455 4454
3 4448 4454 4452
3 4454 4456 4393
3 4454 4393 4391
3 4454 4455 4457
3 4454 4457 4456
3 4403 4456 4457
3 4403 4457 4458
3 4393 4456 4403
3 4393 4403 4396
3 4459 4461 4458
3 4459 4458 4457
3 4457 4455 4460
3 4457 4460 4459
3 4464 4462 4459
3 4464 4459 4460
3 4459 4462 4463
3 4459 4463 4461
3 4427 4425 4463
3 4427 4463 4462
3 4464 4430 4427
3 4464 4427 4462
3 4460 4445 4441
3 4460 4441 4464
3 4433 4430 4464
3 4433 4464 4441
3 4463 4414 4411
3 4463 4411 4461
3 4417 4414 4463
3 4417 4463 4425
3 4458 4461 4411
3 4458 4411 4404
3 4448 4445 4460
3 4448 4460 4455
3 4451 4453 4387
3 4451 4387 4466
3 4466 4467 4465
3 4466 4465 4451
3 4469 4467 4466
3 4469 4466 4383
3 4468 4510 4465
3 4468 4465 4467
3 4468 4467 4469
3 4468 4469 4470
3 4379 4471 4470
3 4379 4470 4469
3 4470 4472 4474
3 4470 4474 4468
3 4473 4472 4470
3 4473 4470 4471
3 4477 4475 4472
3 4477 4472 4473
3 4475 4478 4474
3 4475 4474 4472
3 4480 4478 4475
3 4480 4475 4476
3 4476 4475 4477
3 4476 4477 5642
3 4480 4482 4479
3 4480 4479 4478
3 4474 4478 4479
3 4474 4479 4509
3 4476 4327 4481
3 4476 4481 4480
3 4481 4484 4482
3 4481 4482 4480
3 4482 4484 4485
3 4482 4485 4483
3 4479 4482 4483
3 4479 4483 4506
3 4486 4487 4485
3 4486 4485 4484
3 4488 4486 4484
3 4488 4484 4481
3 4490 4487 4486
3 4490 4486 4298
3 4298 4486 4488
3 4298 4488 4301
3 4481 4327 4325
3 4481 4325 4488
3 4325 4323 4301
3 4325 4301 4488
3 4490 4491 4489
3 4490 4489 4487
3 4485 4487 4489
3 4485 4489 4501
3 4297 4492 4491
3 4297 4491 4490
3 4489 4491 4493
3 4489 4493 4496
3 4491 4492 4494
3 4491 4494 4493
3 4494 4908 4495
3 4494 4495 4493
3 4493 4495 4497
3 4493 4497 4496
3 4496 4498 4501
3 4496 4501 4489
3 4496 4497 4499
3 4496 4499 4498
3 4500 4498 4499
3 4500 4499 4865
3 4501 4498 4500
3 4501 4500 4502
3 4501 4502 4483
3 4501 4483 4485
3 4483 4502 4503
3 4483 4503 4506
3 4503 4502 4500
3 4503 4500 4504
3 4505 4503 4504
3 4505 4504 4513
3 4506 4503 4505
3 4506 4505 4507
3 4506 4507 4509
3 4506 4509 4479
3 4508 4507 4505
3 4508 4505 4511
3 4509 4507 4508
3 4509 4508 4510
3 4509 4510 4468
3 4509 4468 4474
3 4465 4510 4508
3 4465 4508 4450
3 4511 4447 4450
3 4511 4450 4508
3 4513 4512 4511
3 4513 4511 4505
3 4511 4512 4444
3 4511 4444 4447
3 4444 4512 4514
3 4444 4514 4442
3 4513 4515 4514
3 4513 4514 4512
3 4514 4515 4517
3 4514 4517 4516
3 4516 4439 4442
3 4516 4442 4514
3 4517 4519 4518
3 4517 4518 4516
3 4516 4518 4436
3 4516 4436 4439
3 4518 4519 4522
3 4518 4522 4520
3 4436 4518 4520
3 4436 4520 4521
3 4524 4521 4520
3 4524 4520 4523
3 4523 4520 4522
3 4523 4522 4525
3 4526 4528 4524
3 4526 4524 4523
3 4527 4526 4523
3 4527 4523 4525
3 4529 4526 4527
3 4529 4527 4532
3 4531 4528 4526
3 4531 4526 4529
3 4529 4530 4537
3 4529 4537 4531
3 4534 4530 4529
3 4534 4529 4532
3 4532 4527 4854
3 4532 4854 4533
3 4534 4532 4533
3 4534 4533 4535
3 4535 4539 4536
3 4535 4536 4534
3 4537 4530 4534
3 4537 4534 4536
3 4536 4538 4557
3 4536 4557 4537
3 4539 4541 4538
3 4539 4538 4536
3 4543 4541 4539
3 4543 4539 4540
3 4847 4540 4539
3 4847 4539 4535
3 4542 4555 4538
3 4542 4538 4541
3 4542 4541 4543
3 4542 4543 4545
3 4543 4540 4845
3 4543 4845 4544
3 4544 4546 4545
3 4544 4545 4543
3 4545 4546 4548
3 4545 4548 4547
3 4545 4547 4550
3 4545 4550 4542
3 4549 4547 4548
3 4549 4548 4692
3 4550 4547 4549
3 4550 4549 4551
3 4552 4555 4542
3 4552 4542 4550
3 4550 4551 4554
3 4550 4554 4552
3 4573 4553 4552
3 4573 4552 4554
3 4552 4553 4556
3 4552 4556 4555
3 4538 4555 4556
3 4538 4556 4557
3 4561 4557 4556
3 4561 4556 4558
3 4556 4553 4559
3 4556 4559 4558
3 4566 4560 4558
3 4566 4558 4559
3 4562 4561 4558
3 4562 4558 4560
3 4531 4561 4562
3 4531 4562 4528
3 4537 4557 4561
3 4537 4561 4531
3 4560 4564 4563
3 4560 4563 4562
3 4524 4528 4562
3 4524 4562 4563
3 4563 4437 4521
3 4563 4521 4524
3 4563 4564 4434
3 4563 4434 4437
3 4565 4564 4560
3 4565 4560 4566
3 4565 4431 4434
3 4565 4434 4564
3 4567 4565 4566
3 4567 4566 4569
3 4428 4431 4565
3 4428 4565 4567
3 4569 4570 4568
3 4569 4568 4567
3 4424 4428 4567
3 4424 4567 4568
3 4572 4570 4569
3 4572 4569 4571
3 4559 4571 4569
3 4559 4569 4566
3 4572 4571 4573
3 4572 4573 4574
3 4573 4571 4559
3 4573 4559 4553
3 4554 4575 4574
3 4554 4574 4573
3 4574 4575 4577
3 4574 4577 4576
3 4574 4576 4579
3 4574 4579 4572
3 4578 4576 4577
3 4578 4577 4697
3 4579 4576 4578
3 4579 4578 4580
3 4581 4570 4572
3 4581 4572 4579
3 4579 4580 4583
3 4579 4583 4581
3 4584 4582 4581
3 4584 4581 4583
3 4581 4582 4568
3 4581 4568 4570
3 4583 4585 4587
3 4583 4587 4584
3 4583 4580 4588
3 4583 4588 4585
3 4586 4585 4588
3 4586 4588 4590
3 4587 4585 4586
3 4587 4586 5299
3 4588 4580 4578
3 4588 4578 4589
3 4589 4591 4590
3 4589 4590 4588
3 4594 4592 4590
3 4594 4590 4591
3 4593 4586 4590
3 4593 4590 4592
3 4593 4592 4595
3 4593 4595 4597
3 4595 4592 4594
3 4595 4594 4596
3 4598 4595 4596
3 4598 4596 4601
3 4597 4595 4598
3 4597 4598 4600
3 4599 4598 4601
3 4599 4601 4602
3 4600 4598 4599
3 4600 4599 5291
3 4603 4604 4602
3 4603 4602 4601
3 4606 4603 4601
3 4606 4601 4596
3 5269 4604 4603
3 5269 4603 4605
3 4605 4603 4606
3 4605 4606 4607
3 4608 4606 4596
3 4608 4596 4594
3 4607 4606 4608
3 4607 4608 4609
3 4594 4591 4610
3 4594 4610 4608
3 4612 4609 4608
3 4612 4608 4610
3 4610 4591 4589
3 4610 4589 4611
3 4610 4611 4613
3 4610 4613 4612
3 4615 4609 4612
3 4615 4612 4614
3 4616 4614 4612
3 4616 4612 4613
3 4615 4614 4617
3 4615 4617 4620
3 4617 4614 4616
3 4617 4616 4618
3 4617 4618 4683
3 4617 4683 4619
3 4619 4622 4620
3 4619 4620 4617
3 4621 5278 4615
3 4621 4615 4620
3 4622 4624 4621
3 4622 4621 4620
3 4619 4682 4623
3 4619 4623 4622
3 4625 4624 4622
3 4625 4622 4623
3 4621 4624 4626
3 4621 4626 4627
3 4625 4628 4626
3 4625 4626 4624
3 4627 4626 4629
3 4627 4629 4630
3 4626 4628 4631
3 4626 4631 4629
3 4630 4629 4632
3 4630 4632 4633
3 4632 4629 4631
3 4632 4631 4635
3 4634 5002 4633
3 4634 4633 4632
3 4632 4635 4637
3 4632 4637 4634
3 4631 4649 4636
3 4631 4636 4635
3 4637 4635 4636
3 4637 4636 4639
3 4638 4998 4634
3 4638 4634 4637
3 4637 4639 4640
3 4637 4640 4638
3 4636 4644 4641
3 4636 4641 4639
3 4640 4639 4641
3 4640 4641 4643
3 4641 4642 5637
3 4641 5637 4643
3 4645 4642 4641
3 4645 4641 4644
3 4645 4644 4646
3 4645 4646 4648
3 4646 4644 4636
3 4646 4636 4649
3 4647 4657 4648
3 4647 4648 4646
3 4646 4649 4650
3 4646 4650 4647
3 4650 4649 4631
3 4650 4631 4628
3 4651 4653 4647
3 4651 4647 4650
3 4650 4628 4625
3 4650 4625 4651
3 4623 4652 4651
3 4623 4651 4625
3 4651 4652 4654
3 4651 4654 4653
3 4655 4653 4654
3 4655 4654 4656
3 4647 4653 4655
3 4647 4655 4657
3 4661 4658 4655
3 4661 4655 4656
3 4659 4657 4655
3 4659 4655 4658
3 4658 4660 4734
3 4658 4734 4659
3 4662 4660 4658
3 4662 4658 4661
3 4663 4665 4662
3 4663 4662 4661
3 4664 4663 4661
3 4664 4661 4656
3 4666 4663 4664
3 4666 4664 4669
3 4668 4665 4663
3 4668 4663 4666
3 4666 4667 4721
3 4666 4721 4668
3 4671 4667 4666
3 4671 4666 4669
3 4669 4664 4681
3 4669 4681 4670
3 4669 4670 4673
3 4669 4673 4671
3 4721 4667 4671
3 4721 4671 4672
3 4671 4673 4674
3 4671 4674 4672
3 4674 4673 4675
3 4674 4675 4677
3 4673 4670 4678
3 4673 4678 4675
3 4676 5641 4677
3 4676 4677 4675
3 4675 4678 4679
3 4675 4679 4676
3 4679 4678 4680
3 4679 4680 4682
3 4678 4670 4681
3 4678 4681 4680
3 4654 4652 4680
3 4654 4680 4681
3 4623 4682 4680
3 4623 4680 4652
3 4679 4682 4619
3 4679 4619 4683
3 4681 4664 4656
3 4681 4656 4654
3 4683 4684 4676
3 4683 4676 4679
3 4683 4618 4686
3 4683 4686 4684
3 4685 4684 4686
3 4685 4686 4688
3 4676 4684 4685
3 4676 4685 5641
3 4686 4618 4616
3 4686 4616 4687
3 4687 4689 4688
3 4687 4688 4686
3 4688 4689 4693
3 4688 4693 4690
3 4688 4690 4691
3 4688 4691 4685
3 4691 4690 4692
3 4691 4692 4698
3 4692 4690 4693
3 4692 4693 4549
3 4694 4551 4549
3 4694 4549 4693
3 4693 4689 4695
3 4693 4695 4694
3 4554 4551 4694
3 4554 4694 4575
3 4577 4575 4694
3 4577 4694 4695
3 4687 4696 4695
3 4687 4695 4689
3 4695 4696 4697
3 4695 4697 4577
3 4613 4611 4697
3 4613 4697 4696
3 4613 4696 4687
3 4613 4687 4616
3 4697 4611 4589
3 4697 4589 4578
3 4700 4698 4692
3 4700 4692 4548
3 4691 4698 4699
3 4691 4699 5640
3 4699 4698 4700
3 4699 4700 4702
3 4548 4546 4701
3 4548 4701 4700
3 4704 4702 4700
3 4704 4700 4701
3 4699 4702 4703
3 4699 4703 4715
3 4703 4702 4704
3 4703 4704 4706
3 4701 4846 4705
3 4701 4705 4704
3 4707 4706 4704
3 4707 4704 4705
3 4708 4706 4707
3 4708 4707 4709
3 4703 4706 4708
3 4703 4708 4711
3 4709 4957 4710
3 4709 4710 4708
3 4710 4712 4711
3 4710 4711 4708
3 4711 4713 4715
3 4711 4715 4703
3 4716 4713 4711
3 4716 4711 4712
3 4714 5639 4715
3 4714 4715 4713
3 4714 4713 4716
3 4714 4716 4718
3 4716 4712 4958
3 4716 4958 4717
3 4716 4717 4719
3 4716 4719 4718
3 4718 4719 4721
3 4718 4721 4672
3 4714 4718 4672
3 4714 4672 4674
3 4719 4717 4723
3 4719 4723 4720
3 4721 4719 4720
3 4721 4720 4668
3 4720 4722 4665
3 4720 4665 4668
3 4725 4722 4720
3 4725 4720 4723
3 4723 4717 4958
3 4723 4958 4724
3 4723 4724 4726
3 4723 4726 4725
3 4729 4727 4725
3 4729 4725 4726
3 4725 4727 4730
3 4725 4730 4722
3 4729 4817 4728
3 4729 4728 4727
3 4730 4727 4728
3 4730 4728 4731
3 4731 4660 4662
3 4731 4662 4730
3 4665 4722 4730
3 4665 4730 4662
3 4735 4732 4731
3 4735 4731 4728
3 4731 4732 4734
3 4731 4734 4660
3 4735 4737 4733
3 4735 4733 4732
3 4734 4732 4733
3 4734 4733 5627
3 4728 4817 4736
3 4728 4736 4735
3 4738 4737 4735
3 4738 4735 4736
3 4733 4737 4739
3 4733 4739 4740
3 4738 4741 4739
3 4738 4739 4737
3 4742 4743 4740
3 4742 4740 4739
3 4739 4741 4744
3 4739 4744 4742
3 4746 4743 4742
3 4746 4742 4745
3 4748 4745 4742
3 4748 4742 4744
3 4746 4745 4747
3 4746 4747 5620
3 4747 4745 4748
3 4747 4748 4750
3 4744 4809 4749
3 4744 4749 4748
3 4751 4750 4748
3 4751 4748 4749
3 4747 4750 4752
3 4747 4752 4754
3 4752 4750 4751
3 4752 4751 4755
3 4752 4755 4757
3 4752 4757 4753
3 4753 5630 4754
3 4753 4754 4752
3 4756 4755 4751
3 4756 4751 4804
3 4757 4755 4756
3 4757 4756 4759
3 4757 4759 4760
3 4757 4760 4758
3 4758 4962 4753
3 4758 4753 4757
3 4761 4759 4756
3 4761 4756 4762
3 4760 4759 4761
3 4760 4761 4764
3 4762 4802 4763
3 4762 4763 4761
3 4765 4764 4761
3 4765 4761 4763
3 4766 4764 4765
3 4766 4765 4767
3 4760 4764 4766
3 4760 4766 4768
3 4766 4767 4770
3 4766 4770 4769
3 4769 3944 4768
3 4769 4768 4766
3 4772 3943 4769
3 4772 4769 4770
3 4770 4767 4774
3 4770 4774 4771
3 4770 4771 4773
3 4770 4773 4772
3 3931 3933 4772
3 3931 4772 4773
3 4772 3933 3935
3 4772 3935 3943
3 4773 4771 3738
3 4773 3738 3741
3 4773 3741 3743
3 4773 3743 3931
3 3738 4771 4774
3 3738 4774 4776
3 4774 4767 4765
3 4774 4765 4775
3 4775 4777 4776
3 4775 4776 4774
3 4778 3739 4776
3 4778 4776 4777
3 4779 4782 4778
3 4779 4778 4777
3 4779 4777 4775
3 4779 4775 4781
3 4797 4780 4779
3 4797 4779 4781
3 4779 4780 4783
3 4779 4783 4782
3 4784 4782 4783
3 4784 4783 4787
3 4778 4782 4784
3 4778 4784 4786
3 4787 4788 4785
3 4787 4785 4784
3 3731 4786 4784
3 3731 4784 4785
3 4791 4788 4787
3 4791 4787 4789
3 4792 4789 4787
3 4792 4787 4783
3 4790 4789 4792
3 4790 4792 4793
3 4791 4789 4790
3 4791 4790 4913
3 4783 4780 4794
3 4783 4794 4792
3 4795 4793 4792
3 4795 4792 4794
3 4794 4796 4798
3 4794 4798 4795
3 4797 4796 4794
3 4797 4794 4780
3 4799 4796 4797
3 4799 4797 4802
3 4799 4800 4798
3 4799 4798 4796
3 4803 4800 4799
3 4803 4799 4801
3 4799 4802 4762
3 4799 4762 4801
3 4797 4781 4763
3 4797 4763 4802
3 4804 4801 4762
3 4804 4762 4756
3 4803 4801 4804
3 4803 4804 4805
3 4749 4805 4804
3 4749 4804 4751
3 4806 4808 4803
3 4806 4803 4805
3 4809 4806 4805
3 4809 4805 4749
3 4895 4808 4806
3 4895 4806 4807
3 4807 4806 4809
3 4807 4809 4810
3 4810 4809 4744
3 4810 4744 4741
3 4812 4807 4810
3 4812 4810 4811
3 4810 4741 4738
3 4810 4738 4811
3 4813 4814 4812
3 4813 4812 4811
3 4736 4813 4811
3 4736 4811 4738
3 4816 4814 4813
3 4816 4813 4815
3 4815 4813 4736
3 4815 4736 4817
3 4818 4820 4816
3 4818 4816 4815
3 4815 4817 4729
3 4815 4729 4818
3 4726 4819 4818
3 4726 4818 4729
3 4818 4819 4821
3 4818 4821 4820
3 4822 4820 4821
3 4822 4821 4824
3 4816 4820 4822
3 4816 4822 4825
3 4827 4825 4822
3 4827 4822 4823
3 4824 4838 4823
3 4824 4823 4822
3 4816 4825 4826
3 4816 4826 4814
3 4826 4825 4827
3 4826 4827 4829
3 4836 4828 4827
3 4836 4827 4823
3 4827 4828 4831
3 4827 4831 4829
3 4948 4826 4829
3 4948 4829 4830
3 4830 4829 4831
3 4830 4831 4832
3 4831 4833 4835
3 4831 4835 4832
3 4831 4828 4836
3 4831 4836 4833
3 4833 4834 4848
3 4833 4848 4835
3 4837 4834 4833
3 4837 4833 4836
3 4823 4838 4837
3 4823 4837 4836
3 4842 4834 4837
3 4842 4837 4839
3 4841 4839 4837
3 4841 4837 4838
3 4840 4839 4841
3 4840 4841 4951
3 4842 4839 4840
3 4842 4840 4844
3 4845 4843 4842
3 4845 4842 4844
3 4842 4843 4848
3 4842 4848 4834
3 4844 4846 4544
3 4844 4544 4845
3 4844 4840 4705
3 4844 4705 4846
3 4544 4846 4701
3 4544 4701 4546
3 4845 4540 4847
3 4845 4847 4843
3 4848 4843 4847
3 4848 4847 4849
3 4835 4848 4849
3 4835 4849 4850
3 4850 4849 4851
3 4850 4851 4852
3 4851 4849 4533
3 4851 4533 4854
3 4533 4849 4847
3 4533 4847 4535
3 4851 4853 4950
3 4851 4950 4852
3 4854 4855 4853
3 4854 4853 4851
3 4854 4527 4525
3 4854 4525 4855
3 4856 4855 4525
3 4856 4525 4522
3 4853 4855 4856
3 4853 4856 4858
3 4857 4856 4522
3 4857 4522 4519
3 4858 4856 4857
3 4858 4857 4860
3 4860 4861 4859
3 4860 4859 4858
3 4950 4853 4858
3 4950 4858 4859
3 4864 4861 4860
3 4864 4860 4862
3 4863 4862 4860
3 4863 4860 4857
3 4865 4862 4863
3 4865 4863 4866
3 4864 4862 4865
3 4864 4865 4499
3 4865 4866 4504
3 4865 4504 4500
3 4504 4866 4515
3 4504 4515 4513
3 4515 4866 4863
3 4515 4863 4517
3 4499 4497 4867
3 4499 4867 4864
3 4867 4868 4861
3 4867 4861 4864
3 4869 4871 4868
3 4869 4868 4867
3 4497 4495 4869
3 4497 4869 4867
3 4495 4908 4870
3 4495 4870 4869
3 4870 4872 4871
3 4870 4871 4869
3 4871 4872 4874
3 4871 4874 4873
3 4868 4871 4873
3 4868 4873 4875
3 4878 4876 4873
3 4878 4873 4874
3 4873 4876 4877
3 4873 4877 4875
3 4877 4876 4878
3 4877 4878 4879
3 4880 4881 4879
3 4880 4879 4878
3 4874 4883 4880
3 4874 4880 4878
3 4949 4881 4880
3 4949 4880 4882
3 4880 4883 4884
3 4880 4884 4882
3 4872 4885 4883
3 4872 4883 4874
3 4885 4887 4884
3 4885 4884 4883
3 4886 4885 4872
3 4886 4872 4870
3 4888 4887 4885
3 4888 4885 4886
3 4890 4889 4887
3 4890 4887 4888
3 4887 4889 4892
3 4887 4892 4884
3 4890 4900 4891
3 4890 4891 4889
3 4892 4889 4891
3 4892 4891 4894
3 4882 4884 4892
3 4882 4892 4893
3 4893 4892 4894
3 4893 4894 4895
3 4896 4894 4891
3 4896 4891 4897
3 4895 4894 4896
3 4895 4896 4808
3 4803 4808 4896
3 4803 4896 4800
3 4798 4800 4896
3 4798 4896 4897
3 4897 4898 4795
3 4897 4795 4798
3 4900 4898 4897
3 4900 4897 4891
3 4899 4793 4795
3 4899 4795 4898
3 4899 4898 4900
3 4899 4900 4901
3 4901 4900 4890
3 4901 4890 4903
3 4901 4902 4911
3 4901 4911 4899
3 4904 4902 4901
3 4904 4901 4903
3 4888 4905 4903
3 4888 4903 4890
3 4906 4904 4903
3 4906 4903 4905
3 4906 4905 4907
3 4906 4907 4909
3 4907 4905 4888
3 4907 4888 4886
3 4908 4907 4886
3 4908 4886 4870
3 4909 4907 4908
3 4909 4908 4494
3 4909 4910 4291
3 4909 4291 4906
3 4492 4910 4909
3 4492 4909 4494
3 4292 4910 4492
3 4292 4492 4297
3 4289 4904 4906
3 4289 4906 4291
3 4287 4902 4904
3 4287 4904 4289
3 4287 4912 4911
3 4287 4911 4902
3 4911 4912 4913
3 4911 4913 4790
3 4790 4793 4899
3 4790 4899 4911
3 4286 4914 4913
3 4286 4913 4912
3 4913 4914 4916
3 4913 4916 4791
3 4915 4917 4916
3 4915 4916 4914
3 4915 4914 4286
3 4915 4286 4284
3 4916 4917 4919
3 4916 4919 4918
3 4918 4788 4791
3 4918 4791 4916
3 4921 4920 4918
3 4921 4918 4919
3 4918 4920 4785
3 4918 4785 4788
3 4921 3727 3729
3 4921 3729 4920
3 4785 4920 3729
3 4785 3729 3731
3 4919 4925 4922
3 4919 4922 4921
3 4924 3727 4921
3 4924 4921 4922
3 4922 4923 4946
3 4922 4946 4924
3 4926 4923 4922
3 4926 4922 4925
3 4926 4925 4927
3 4926 4927 4928
3 4927 4925 4919
3 4927 4919 4917
3 4929 4930 4928
3 4929 4928 4927
3 4927 4917 4915
3 4927 4915 4929
3 4932 4930 4929
3 4932 4929 4282
3 4284 4282 4929
3 4284 4929 4915
3 4931 4935 4928
3 4931 4928 4930
3 4931 4930 4932
3 4931 4932 4933
3 4276 4270 4933
3 4276 4933 4932
3 4933 4266 4934
3 4933 4934 4931
3 4937 4935 4931
3 4937 4931 4934
3 4937 4939 4936
3 4937 4936 4935
3 4928 4935 4936
3 4928 4936 4926
3 4934 4261 4938
3 4934 4938 4937
3 4940 4939 4937
3 4940 4937 4938
3 4940 4942 4941
3 4940 4941 4939
3 4936 4939 4941
3 4936 4941 4944
3 4941 4942 3701
3 4941 3701 4943
3 4943 4945 4944
3 4943 4944 4941
3 4944 4945 4946
3 4944 4946 4923
3 4944 4923 4926
3 4944 4926 4936
3 4946 4945 3711
3 4946 3711 3715
3 4943 3705 3711
3 4943 3711 4945
3 3715 3726 4924
3 3715 4924 4946
3 3697 4942 4940
3 3697 4940 3694
3 4938 4262 3694
3 4938 3694 4940
3 4895 4807 4947
3 4895 4947 4893
3 4949 4882 4893
3 4949 4893 4947
3 4947 4807 4812
3 4947 4812 4948
3 4948 4830 4949
3 4948 4949 4947
3 4832 4881 4949
3 4832 4949 4830
3 4812 4814 4826
3 4812 4826 4948
3 4850 4881 4832
3 4850 4832 4835
3 4879 4881 4850
3 4879 4850 4852
3 4852 4950 4877
3 4852 4877 4879
3 4877 4950 4859
3 4877 4859 4875
3 4861 4868 4875
3 4861 4875 4859
3 4857 4519 4517
3 4857 4517 4863
3 4841 4952 4954
3 4841 4954 4951
3 4841 4838 4824
3 4841 4824 4952
3 4954 4952 4953
3 4954 4953 4955
3 4953 4952 4824
3 4953 4824 4821
3 4955 4957 4709
3 4955 4709 4954
3 4709 4707 4951
3 4709 4951 4954
3 4710 4957 4955
3 4710 4955 4956
3 4955 4953 4959
3 4955 4959 4956
3 4958 4712 4710
3 4958 4710 4956
3 4959 4724 4958
3 4959 4958 4956
3 4726 4724 4959
3 4726 4959 4819
3 4821 4819 4959
3 4821 4959 4953
3 4705 4840 4951
3 4705 4951 4707
3 4778 4786 3732
3 4778 3732 3739
3 4763 4781 4775
3 4763 4775 4765
3 4768 3944 3946
3 4768 3946 4960
3 4768 4960 4758
3 4768 4758 4760
3 4758 4960 4961
3 4758 4961 4962
3 4961 4960 3946
3 4961 3946 3949
3 4966 4963 4961
3 4966 4961 3949
3 4965 4962 4961
3 4965 4961 4963
3 4964 5631 4965
3 4964 4965 4963
3 4964 4963 4966
3 4964 4966 4967
3 3948 4968 4967
3 3948 4967 4966
3 4967 4969 4971
3 4967 4971 4964
3 4972 4969 4967
3 4972 4967 4968
3 4970 5635 4971
3 4970 4971 4969
3 4970 4969 4972
3 4970 4972 4974
3 4972 4968 5638
3 4972 5638 4973
3 4973 3976 4974
3 4973 4974 4972
3 4974 3976 3978
3 4974 3978 4975
3 4974 4975 4976
3 4974 4976 4970
3 4976 4975 4977
3 4976 4977 4979
3 4977 4975 3978
3 4977 3978 3981
3 4980 4979 4977
3 4980 4977 4978
3 4978 4977 3981
3 4978 3981 5129
3 4976 4979 4981
3 4976 4981 4983
3 4981 4979 4980
3 4981 4980 4984
3 4982 5636 4983
3 4982 4983 4981
3 4981 4984 4986
3 4981 4986 4982
3 4985 4984 4980
3 4985 4980 5124
3 4986 4984 4985
3 4986 4985 4987
3 4988 4990 4982
3 4988 4982 4986
3 4986 4987 4991
3 4986 4991 4988
3 4993 4989 4988
3 4993 4988 4991
3 4988 4989 5611
3 4988 5611 4990
3 4991 4987 5111
3 4991 5111 4992
3 4991 4992 4995
3 4991 4995 4993
3 4997 4994 4993
3 4997 4993 4995
3 4993 4994 5608
3 4993 5608 4989
3 4995 4992 5109
3 4995 5109 4996
3 4995 4996 4999
3 4995 4999 4997
3 5001 4998 4997
3 5001 4997 4999
3 4997 4998 4638
3 4997 4638 4994
3 4999 4996 5106
3 4999 5106 5000
3 4999 5000 5003
3 4999 5003 5001
3 5004 5002 5001
3 5004 5001 5003
3 5001 5002 4634
3 5001 4634 4998
3 5003 5005 5006
3 5003 5006 5004
3 5003 5000 5007
3 5003 5007 5005
3 5006 5005 5008
3 5006 5008 5010
3 5008 5005 5007
3 5008 5007 5009
3 5011 5008 5009
3 5011 5009 5013
3 5014 5010 5008
3 5014 5008 5011
3 5013 5099 5012
3 5013 5012 5011
3 5015 5014 5011
3 5015 5011 5012
3 5019 5016 5014
3 5019 5014 5015
3 5018 5010 5014
3 5018 5014 5016
3 5017 5016 5019
3 5017 5019 5020
3 5018 5016 5017
3 5018 5017 5271
3 5022 5020 5019
3 5022 5019 5021
3 5021 5019 5015
3 5021 5015 5023
3 5026 5022 5021
3 5026 5021 5024
3 5023 5027 5024
3 5023 5024 5021
3 5024 5025 5585
3 5024 5585 5026
3 5029 5025 5024
3 5029 5024 5027
3 5029 5027 5028
3 5029 5028 5031
3 5028 5027 5023
3 5028 5023 5097
3 5588 5025 5029
3 5588 5029 5030
3 5031 5033 5030
3 5031 5030 5029
3 5098 5032 5031
3 5098 5031 5028
3 5031 5032 5034
3 5031 5034 5033
3 5030 5033 5035
3 5030 5035 5037
3 5035 5033 5034
3 5035 5034 5036
3 5036 5040 5038
3 5036 5038 5035
3 5039 5037 5035
3 5039 5035 5038
3 5038 5041 5044
3 5038 5044 5039
3 5038 5040 5043
3 5038 5043 5041
3 5042 5041 5043
3 5042 5043 5061
3 5044 5041 5042
3 5044 5042 5045
3 5046 5047 5039
3 5046 5039 5044
3 5044 5045 5049
3 5044 5049 5046
3 5591 5047 5046
3 5591 5046 5048
3 5050 5048 5046
3 5050 5046 5049
3 5049 5051 5053
3 5049 5053 5050
3 5049 5045 5054
3 5049 5054 5051
3 5052 5051 5054
3 5052 5054 5055
3 5053 5051 5052
3 5053 5052 5222
3 5056 5057 5055
3 5056 5055 5054
3 5054 5045 5042
3 5054 5042 5056
3 5060 5057 5056
3 5060 5056 5058
3 5061 5058 5056
3 5061 5056 5042
3 5060 5058 5059
3 5060 5059 5598
3 5059 5058 5061
3 5059 5061 5062
3 5063 5062 5061
3 5063 5061 5043
3 5059 5062 5064
3 5059 5064 5065
3 5064 5062 5063
3 5064 5063 5066
3 5067 5068 5065
3 5067 5065 5064
3 5064 5066 5070
3 5064 5070 5067
3 5182 5068 5067
3 5182 5067 5069
3 5071 5069 5067
3 5071 5067 5070
3 5070 5072 5074
3 5070 5074 5071
3 5070 5066 5075
3 5070 5075 5072
3 5073 5072 5075
3 5073 5075 5077
3 5074 5072 5073
3 5074 5073 5140
3 5075 5066 5063
3 5075 5063 5076
3 5076 5079 5077
3 5076 5077 5075
3 5077 5078 5086
3 5077 5086 5073
3 5080 5078 5077
3 5080 5077 5079
3 5036 5079 5076
3 5036 5076 5040
3 5080 5079 5036
3 5080 5036 5034
3 5034 5032 5081
3 5034 5081 5080
3 5083 5078 5080
3 5083 5080 5081
3 5081 5082 5084
3 5081 5084 5083
3 5098 5082 5081
3 5098 5081 5032
3 5088 5085 5083
3 5088 5083 5084
3 5083 5085 5086
3 5083 5086 5078
3 5086 5085 5087
3 5086 5087 5132
3 5088 5090 5087
3 5088 5087 5085
3 5084 5092 5089
3 5084 5089 5088
3 4048 5090 5088
3 4048 5088 5089
3 5087 5090 4047
3 5087 4047 5133
3 5089 5091 4045
3 5089 4045 4048
3 5093 5091 5089
3 5093 5089 5092
3 5093 5092 5094
3 5093 5094 5095
3 5094 5092 5084
3 5094 5084 5082
3 5096 5099 5095
3 5096 5095 5094
3 5094 5082 5098
3 5094 5098 5096
3 5028 5097 5096
3 5028 5096 5098
3 5096 5097 5012
3 5096 5012 5099
3 5095 5099 5013
3 5095 5013 5100
3 5012 5097 5023
3 5012 5023 5015
3 5095 5100 5101
3 5095 5101 5093
3 5102 5100 5013
3 5102 5013 5009
3 5101 5100 5102
3 5101 5102 5103
3 5009 5007 5104
3 5009 5104 5102
3 5105 5103 5102
3 5105 5102 5104
3 5007 5000 5106
3 5007 5106 5104
3 5104 5106 5107
3 5104 5107 5105
3 5106 4996 5109
3 5106 5109 5107
3 5108 5118 5105
3 5108 5105 5107
3 5107 5109 5110
3 5107 5110 5108
3 5109 4992 5111
3 5109 5111 5110
3 5110 5111 5114
3 5110 5114 5112
3 5112 5115 5108
3 5112 5108 5110
3 5117 5115 5112
3 5117 5112 5113
3 5122 5113 5112
3 5122 5112 5114
3 5116 5118 5108
3 5116 5108 5115
3 5116 5115 5117
3 5116 5117 4036
3 5117 5113 5131
3 5117 5131 4032
3 5120 5118 5116
3 5120 5116 5119
3 4036 4038 5119
3 4036 5119 5116
3 5119 4043 5121
3 5119 5121 5120
3 5101 5103 5120
3 5101 5120 5121
3 5120 5103 5105
3 5120 5105 5118
3 5121 5091 5093
3 5121 5093 5101
3 5121 4043 4045
3 5121 4045 5091
3 5111 4987 4985
3 5111 4985 5114
3 5114 4985 5124
3 5114 5124 5122
3 5131 5113 5122
3 5131 5122 5123
3 5125 5123 5122
3 5125 5122 5124
3 5124 4980 4978
3 5124 4978 5125
3 5127 5123 5125
3 5127 5125 5126
3 5129 5126 5125
3 5129 5125 4978
3 5127 5126 5128
3 5127 5128 5130
3 5128 5126 5129
3 5128 5129 3980
3 3996 3998 5130
3 3996 5130 5128
3 5128 3980 3983
3 5128 3983 3996
3 5130 4029 4031
3 5130 4031 5127
3 5130 3998 4001
3 5130 4001 4029
3 5131 5123 5127
3 5131 5127 4031
3 5133 5135 5132
3 5133 5132 5087
3 5136 5135 5133
3 5136 5133 5134
3 4050 5134 5133
3 4050 5133 4047
3 5137 5135 5136
3 5137 5136 5139
3 5137 5140 5132
3 5137 5132 5135
3 5139 5141 5138
3 5139 5138 5137
3 5074 5140 5137
3 5074 5137 5138
3 5132 5140 5073
3 5132 5073 5086
3 5143 5141 5139
3 5143 5139 5142
3 5145 5142 5139
3 5145 5139 5136
3 5143 5142 5144
3 5143 5144 5604
3 5144 5142 5145
3 5144 5145 5146
3 5136 5134 5147
3 5136 5147 5145
3 5148 5146 5145
3 5148 5145 5147
3 5147 4052 5150
3 5147 5150 5148
3 5147 5134 4050
3 5147 4050 4052
3 5606 5146 5148
3 5606 5148 5149
3 5151 5149 5148
3 5151 5148 5150
3 5150 4053 4060
3 5150 4060 5151
3 5153 5149 5151
3 5153 5151 5152
3 4062 5152 5151
3 4062 5151 4060
3 5153 5152 5154
3 5153 5154 5155
3 5154 5152 4062
3 5154 4062 4064
3 5156 5157 5155
3 5156 5155 5154
3 5154 4064 4066
3 5154 4066 5156
3 4068 4077 5156
3 4068 5156 4066
3 5156 4077 4079
3 5156 4079 5157
3 5158 5157 4079
3 5158 4079 4083
3 5155 5157 5158
3 5155 5158 5159
3 4083 4086 5160
3 4083 5160 5158
3 5161 5159 5158
3 5161 5158 5160
3 5160 4091 5163
3 5160 5163 5161
3 5607 5159 5161
3 5607 5161 5162
3 5164 5162 5161
3 5164 5161 5163
3 5163 4203 5166
3 5163 5166 5164
3 5163 4091 4093
3 5163 4093 4203
3 5605 5162 5164
3 5605 5164 5165
3 5167 5165 5164
3 5167 5164 5166
3 5166 4204 5169
3 5166 5169 5167
3 5604 5165 5167
3 5604 5167 5168
3 5171 5168 5167
3 5171 5167 5169
3 5169 4204 4206
3 5169 4206 5170
3 5169 5170 5173
3 5169 5173 5171
3 5603 5168 5171
3 5603 5171 5172
3 5175 5172 5171
3 5175 5171 5173
3 5173 5170 4215
3 5173 4215 5174
3 5173 5174 5177
3 5173 5177 5175
3 5601 5172 5175
3 5601 5175 5176
3 5178 5176 5175
3 5178 5175 5177
3 5177 4224 4226
3 5177 4226 5178
3 5177 5174 4216
3 5177 4216 4224
3 5180 5176 5178
3 5180 5178 5179
3 4228 5179 5178
3 4228 5178 4226
3 5180 5179 5181
3 5180 5181 5182
3 5181 5179 4228
3 5181 4228 4231
3 5183 5068 5182
3 5183 5182 5181
3 5181 4231 5185
3 5181 5185 5183
3 5186 5184 5183
3 5186 5183 5185
3 5183 5184 5065
3 5183 5065 5068
3 5185 4232 5188
3 5185 5188 5186
3 5189 5187 5186
3 5189 5186 5188
3 5186 5187 5598
3 5186 5598 5184
3 5188 4236 5191
3 5188 5191 5189
3 5193 5190 5189
3 5193 5189 5191
3 5189 5190 5597
3 5189 5597 5187
3 5191 4236 4238
3 5191 4238 5192
3 5191 5192 5195
3 5191 5195 5193
3 5197 5194 5193
3 5197 5193 5195
3 5193 5194 5596
3 5193 5596 5190
3 5195 5192 4241
3 5195 4241 5196
3 5195 5196 5199
3 5195 5199 5197
3 5200 5198 5197
3 5200 5197 5199
3 5197 5198 5215
3 5197 5215 5194
3 5199 5196 4247
3 5199 4247 4250
3 5199 4250 5202
3 5199 5202 5200
3 5203 5201 5200
3 5203 5200 5202
3 5200 5201 5213
3 5200 5213 5198
3 5202 4251 5204
3 5202 5204 5203
3 5206 5205 5203
3 5206 5203 5204
3 5203 5205 5208
3 5203 5208 5201
3 5206 5374 5207
3 5206 5207 5205
3 5208 5205 5207
3 5208 5207 5209
3 5209 5211 5210
3 5209 5210 5208
3 5213 5201 5208
3 5213 5208 5210
3 5210 5211 5366
3 5210 5366 5212
3 5210 5212 5214
3 5210 5214 5213
3 5215 5198 5213
3 5215 5213 5214
3 5214 5216 5217
3 5214 5217 5215
3 5214 5212 5218
3 5214 5218 5216
3 5217 5216 5219
3 5217 5219 5220
3 5219 5216 5218
3 5219 5218 5221
3 5055 5220 5219
3 5055 5219 5052
3 5221 5222 5052
3 5221 5052 5219
3 5225 5223 5221
3 5225 5221 5218
3 5226 5222 5221
3 5226 5221 5223
3 5224 5223 5225
3 5224 5225 5367
3 5226 5223 5224
3 5226 5224 5228
3 5228 5230 5227
3 5228 5227 5226
3 5053 5222 5226
3 5053 5226 5227
3 5232 5230 5228
3 5232 5228 5229
3 5373 5229 5228
3 5373 5228 5224
3 5231 5594 5227
3 5231 5227 5230
3 5231 5230 5232
3 5231 5232 5233
3 5234 5237 5233
3 5234 5233 5232
3 5232 5229 5235
3 5232 5235 5234
3 5234 5235 5336
3 5234 5336 5236
3 5238 5237 5234
3 5238 5234 5236
3 5238 5240 5239
3 5238 5239 5237
3 5233 5237 5239
3 5233 5239 5242
3 5239 5240 5328
3 5239 5328 5241
3 5244 5242 5239
3 5244 5239 5241
3 5233 5242 5243
3 5233 5243 5231
3 5243 5242 5244
3 5243 5244 5245
3 5241 5247 5246
3 5241 5246 5244
3 5248 5245 5244
3 5248 5244 5246
3 5246 5247 5251
3 5246 5251 5249
3 5252 5248 5246
3 5252 5246 5249
3 5322 5250 5249
3 5322 5249 5251
3 5249 5250 5254
3 5249 5254 5252
3 5253 5590 5248
3 5253 5248 5252
3 5254 5255 5253
3 5254 5253 5252
3 5254 5250 5257
3 5254 5257 5256
3 5256 5259 5255
3 5256 5255 5254
3 5584 5258 5256
3 5584 5256 5257
3 5258 5260 5259
3 5258 5259 5256
3 5255 5259 5026
3 5255 5026 5585
3 5259 5260 5022
3 5259 5022 5026
3 5261 5260 5258
3 5261 5258 5263
3 5261 5020 5022
3 5261 5022 5260
3 5263 5265 5262
3 5263 5262 5261
3 5017 5020 5261
3 5017 5261 5262
3 5584 5264 5263
3 5584 5263 5258
3 5263 5264 5266
3 5263 5266 5265
3 5267 5265 5266
3 5267 5266 5269
3 5262 5265 5267
3 5262 5267 5270
3 5272 5270 5267
3 5272 5267 5268
3 5268 5267 5269
3 5268 5269 4605
3 5262 5270 5271
3 5262 5271 5017
3 5271 5270 5272
3 5271 5272 5274
3 5268 5278 5273
3 5268 5273 5272
3 5276 5274 5272
3 5276 5272 5273
3 5271 5274 5275
3 5271 5275 5018
3 5275 5274 5276
3 5275 5276 5277
3 4627 4630 5276
3 4627 5276 5273
3 4633 5277 5276
3 4633 5276 4630
3 5275 5277 5004
3 5275 5004 5006
3 5004 5277 4633
3 5004 4633 5002
3 5006 5010 5018
3 5006 5018 5275
3 5273 5278 4621
3 5273 4621 4627
3 4607 5278 5268
3 4607 5268 4605
3 4607 4609 4615
3 4607 4615 5278
3 5279 4604 5269
3 5279 5269 5266
3 5266 5264 5281
3 5266 5281 5279
3 5279 5280 4602
3 5279 4602 4604
3 5283 5280 5279
3 5283 5279 5281
3 5281 5282 5284
3 5281 5284 5283
3 5584 5282 5281
3 5584 5281 5264
3 5286 5285 5283
3 5286 5283 5284
3 5283 5285 5288
3 5283 5288 5280
3 5286 5310 5287
3 5286 5287 5285
3 5288 5285 5287
3 5288 5287 5289
3 5289 5291 4599
3 5289 4599 5288
3 4602 5280 5288
3 4602 5288 4599
3 5292 5291 5289
3 5292 5289 5290
3 5307 5290 5289
3 5307 5289 5287
3 4600 5291 5292
3 4600 5292 5294
3 5293 5292 5290
3 5293 5290 5304
3 5294 5292 5293
3 5294 5293 5296
3 5298 5295 5294
3 5298 5294 5296
3 5294 5295 4597
3 5294 4597 4600
3 5301 5297 5296
3 5301 5296 5293
3 5297 5299 5298
3 5297 5298 5296
3 5298 5299 4586
3 5298 4586 4593
3 4597 5295 5298
3 4597 5298 4593
3 4587 5299 5297
3 4587 5297 5300
3 5301 4419 5300
3 5301 5300 5297
3 5304 5302 5301
3 5304 5301 5293
3 5301 5302 4416
3 5301 4416 4419
3 5304 5305 5303
3 5304 5303 5302
3 4416 5302 5303
3 4416 5303 4413
3 5307 5305 5304
3 5307 5304 5290
3 5305 5306 5562
3 5305 5562 5303
3 5308 5306 5305
3 5308 5305 5307
3 5287 5310 5308
3 5287 5308 5307
3 5310 5311 5309
3 5310 5309 5308
3 5309 5560 5306
3 5309 5306 5308
3 5313 5311 5310
3 5313 5310 5286
3 5311 5312 5557
3 5311 5557 5309
3 5314 5312 5311
3 5314 5311 5313
3 5315 5317 5314
3 5315 5314 5313
3 5284 5315 5313
3 5284 5313 5286
3 5319 5317 5315
3 5319 5315 5316
3 5316 5315 5284
3 5316 5284 5282
3 5317 5318 5552
3 5317 5552 5314
3 5320 5318 5317
3 5320 5317 5319
3 5319 5250 5322
3 5319 5322 5320
3 5257 5250 5319
3 5257 5319 5316
3 5322 5323 5321
3 5322 5321 5320
3 5320 5321 5549
3 5320 5549 5318
3 5251 5325 5323
3 5251 5323 5322
3 5325 5326 5324
3 5325 5324 5323
3 5321 5323 5324
3 5321 5324 5543
3 5329 5326 5325
3 5329 5325 5327
3 5247 5327 5325
3 5247 5325 5251
3 5329 5327 5328
3 5329 5328 5330
3 5328 5327 5247
3 5328 5247 5241
3 5330 4367 4370
3 5330 4370 5329
3 5539 5326 5329
3 5539 5329 4370
3 4365 4367 5330
3 4365 5330 5331
3 5240 5331 5330
3 5240 5330 5328
3 5333 4365 5331
3 5333 5331 5332
3 5332 5331 5240
3 5332 5240 5238
3 5236 5334 5332
3 5236 5332 5238
3 5332 5334 4352
3 5332 4352 5333
3 5335 5334 5236
3 5335 5236 5336
3 5335 5337 4353
3 5335 4353 5334
3 5336 5339 5338
3 5336 5338 5335
3 5335 5338 5340
3 5335 5340 5337
3 5338 5339 5342
3 5338 5342 5341
3 5338 5341 5343
3 5338 5343 5340
3 5343 5341 5342
3 5343 5342 5344
3 5343 5345 5347
3 5343 5347 5340
3 5344 5348 5345
3 5344 5345 5343
3 5345 5348 5350
3 5345 5350 5346
3 5347 5345 5346
3 5347 5346 5537
3 5344 5370 5349
3 5344 5349 5348
3 5350 5348 5349
3 5350 5349 5351
3 5351 5355 5352
3 5351 5352 5350
3 5353 5346 5350
3 5353 5350 5352
3 5352 5354 5505
3 5352 5505 5353
3 5355 5356 5354
3 5355 5354 5352
3 5358 5356 5355
3 5358 5355 5357
3 5359 5357 5355
3 5359 5355 5351
3 5358 5357 5360
3 5358 5360 5361
3 5360 5357 5359
3 5360 5359 5362
3 5207 5374 5361
3 5207 5361 5360
3 5360 5362 5209
3 5360 5209 5207
3 5209 5362 5363
3 5209 5363 5211
3 5363 5362 5359
3 5363 5359 5364
3 5368 5365 5363
3 5368 5363 5364
3 5366 5211 5363
3 5366 5363 5365
3 5365 5367 5225
3 5365 5225 5366
3 5369 5367 5365
3 5369 5365 5368
3 5370 5371 5369
3 5370 5369 5368
3 5349 5370 5368
3 5349 5368 5364
3 5342 5371 5370
3 5342 5370 5344
3 5342 5339 5372
3 5342 5372 5371
3 5369 5371 5372
3 5369 5372 5373
3 5235 5229 5373
3 5235 5373 5372
3 5336 5235 5372
3 5336 5372 5339
3 5224 5367 5369
3 5224 5369 5373
3 5218 5212 5366
3 5218 5366 5225
3 5364 5359 5351
3 5364 5351 5349
3 5361 5375 5377
3 5361 5377 5358
3 5378 5375 5361
3 5378 5361 5374
3 5376 5513 5377
3 5376 5377 5375
3 5376 5375 5378
3 5376 5378 5379
3 5380 5382 5379
3 5380 5379 5378
3 5378 5374 5206
3 5378 5206 5380
3 5204 5381 5380
3 5204 5380 5206
3 5380 5381 5383
3 5380 5383 5382
3 5384 5382 5383
3 5384 5383 5385
3 5379 5382 5384
3 5379 5384 5386
3 5385 5388 5387
3 5385 5387 5384
3 5390 5386 5384
3 5390 5384 5387
3 5387 5388 4264
3 5387 4264 5389
3 5387 5389 5392
3 5387 5392 5390
3 5516 5386 5390
3 5516 5390 5391
3 5393 5391 5390
3 5393 5390 5392
3 5392 5394 5395
3 5392 5395 5393
3 5392 5389 4268
3 5392 4268 5394
3 5395 5394 4272
3 5395 4272 5397
3 5396 5517 5393
3 5396 5393 5395
3 5395 5397 5398
3 5395 5398 5396
3 5399 5397 4272
3 5399 4272 4274
3 5398 5397 5399
3 5398 5399 5400
3 4277 5401 5399
3 4277 5399 4274
3 5402 5400 5399
3 5402 5399 5401
3 4299 5402 5401
3 4299 5401 4295
3 4295 5401 4277
3 4295 4277 4279
3 5403 5400 5402
3 5403 5402 4304
3 5398 5400 5403
3 5398 5403 5404
3 4308 5405 5404
3 4308 5404 5403
3 5408 5406 5404
3 5408 5404 5405
3 5404 5406 5396
3 5404 5396 5398
3 5407 5517 5396
3 5407 5396 5406
3 5407 5406 5408
3 5407 5408 5409
3 5410 5413 5409
3 5410 5409 5408
3 5408 5405 5412
3 5408 5412 5410
3 5439 5411 5410
3 5439 5410 5412
3 5410 5411 5414
3 5410 5414 5413
3 5415 5413 5414
3 5415 5414 5416
3 5409 5413 5415
3 5409 5415 5417
3 5416 5421 5418
3 5416 5418 5415
3 5419 5417 5415
3 5419 5415 5418
3 5418 5420 5510
3 5418 5510 5419
3 5421 5422 5420
3 5421 5420 5418
3 5424 5422 5421
3 5424 5421 5423
3 5426 5423 5421
3 5426 5421 5416
3 5424 5423 5425
3 5424 5425 5520
3 5425 5423 5426
3 5425 5426 5427
3 5428 5426 5416
3 5428 5416 5414
3 5430 5427 5426
3 5430 5426 5428
3 5414 5411 5429
3 5414 5429 5428
3 5432 5430 5428
3 5432 5428 5429
3 5523 5427 5430
3 5523 5430 5431
3 5433 5431 5430
3 5433 5430 5432
3 5429 5437 5434
3 5429 5434 5432
3 5436 5433 5432
3 5436 5432 5434
3 5434 5435 5440
3 5434 5440 5436
3 5438 5435 5434
3 5438 5434 5437
3 5438 5437 5439
3 5438 5439 4312
3 5439 5437 5429
3 5439 5429 5411
3 5412 4310 4312
3 5412 4312 5439
3 5456 5435 5438
3 5456 5438 4313
3 5442 5441 5436
3 5442 5436 5440
3 5441 5443 5433
3 5441 5433 5436
3 5447 5444 5441
3 5447 5441 5442
3 5445 5443 5441
3 5445 5441 5444
3 5445 5444 5446
3 5445 5446 5529
3 5446 5444 5447
3 5446 5447 5448
3 5448 5447 5449
3 5448 5449 5450
3 5449 5447 5442
3 5449 5442 5452
3 5451 5470 5450
3 5451 5450 5449
3 5452 5453 5451
3 5452 5451 5449
3 5455 5453 5452
3 5455 5452 5454
3 5440 5454 5452
3 5440 5452 5442
3 5455 5454 5456
3 5455 5456 5457
3 5456 5454 5440
3 5456 5440 5435
3 4313 4315 5457
3 4313 5457 5456
3 5455 5457 5458
3 5455 5458 5460
3 5457 4315 4318
3 5457 4318 5458
3 5459 5462 5460
3 5459 5460 5458
3 5458 4318 4320
3 5458 4320 5459
3 5460 5462 5463
3 5460 5463 5461
3 5461 5453 5455
3 5461 5455 5460
3 5463 5462 5459
3 5463 5459 5464
3 5464 5467 5465
3 5464 5465 5463
3 5465 5468 5461
3 5465 5461 5463
3 5469 5468 5465
3 5469 5465 5466
3 5465 5467 4336
3 5465 4336 5466
3 5461 5468 5451
3 5461 5451 5453
3 5469 5470 5451
3 5469 5451 5468
3 5473 5470 5469
3 5473 5469 5471
3 5466 4340 5471
3 5466 5471 5469
3 5471 4340 4342
3 5471 4342 5472
3 5471 5472 5475
3 5471 5475 5473
3 5476 5474 5473
3 5476 5473 5475
3 5473 5474 5450
3 5473 5450 5470
3 5475 5477 5478
3 5475 5478 5476
3 5475 5472 5479
3 5475 5479 5477
3 5478 5477 5480
3 5478 5480 5481
3 5480 5477 5479
3 5480 5479 5483
3 5528 5481 5480
3 5528 5480 5482
3 5483 5484 5482
3 5483 5482 5480
3 4345 4348 5483
3 4345 5483 5479
3 5483 4348 5485
3 5483 5485 5484
3 5482 5484 5486
3 5482 5486 5487
3 5486 5484 5485
3 5486 5485 5488
3 5489 5490 5487
3 5489 5487 5486
3 5486 5488 5492
3 5486 5492 5489
3 5524 5490 5489
3 5524 5489 5491
3 5493 5491 5489
3 5493 5489 5492
3 5496 5493 5492
3 5496 5492 5494
3 5497 5494 5492
3 5497 5492 5488
3 5496 5494 5495
3 5496 5495 5500
3 5495 5494 5497
3 5495 5497 5498
3 4347 5497 5488
3 4347 5488 5485
3 5498 5497 4347
3 5498 4347 4350
3 5337 5498 4350
3 5337 4350 4353
3 5347 5498 5337
3 5347 5337 5340
3 5495 5498 5347
3 5495 5347 5537
3 5521 5493 5496
3 5521 5496 5499
3 5500 5502 5499
3 5500 5499 5496
3 5537 5501 5500
3 5537 5500 5495
3 5500 5501 5504
3 5500 5504 5502
3 5499 5502 5503
3 5499 5503 5519
3 5503 5502 5504
3 5503 5504 5506
3 5504 5501 5353
3 5504 5353 5505
3 5507 5506 5504
3 5507 5504 5505
3 5422 5506 5507
3 5422 5507 5420
3 5503 5506 5422
3 5503 5422 5424
3 5510 5420 5507
3 5510 5507 5508
3 5354 5508 5507
3 5354 5507 5505
3 5509 5508 5354
3 5509 5354 5356
3 5510 5508 5509
3 5510 5509 5511
3 5511 5512 5419
3 5511 5419 5510
3 5514 5512 5511
3 5514 5511 5513
3 5377 5513 5511
3 5377 5511 5509
3 5514 5513 5376
3 5514 5376 5516
3 5518 5512 5514
3 5518 5514 5515
3 5516 5391 5515
3 5516 5515 5514
3 5379 5386 5516
3 5379 5516 5376
3 5515 5391 5393
3 5515 5393 5517
3 5515 5517 5407
3 5515 5407 5518
3 5409 5417 5518
3 5409 5518 5407
3 5518 5417 5419
3 5518 5419 5512
3 5509 5356 5358
3 5509 5358 5377
3 5520 5519 5503
3 5520 5503 5424
3 5499 5519 5520
3 5499 5520 5521
3 5520 5425 5522
3 5520 5522 5521
3 5522 5491 5493
3 5522 5493 5521
3 5524 5491 5522
3 5524 5522 5523
3 5522 5425 5427
3 5522 5427 5523
3 5523 5431 5525
3 5523 5525 5524
3 5526 5490 5524
3 5526 5524 5525
3 5525 5443 5445
3 5525 5445 5526
3 5525 5431 5433
3 5525 5433 5443
3 5529 5527 5526
3 5529 5526 5445
3 5526 5527 5487
3 5526 5487 5490
3 5529 5530 5528
3 5529 5528 5527
3 5487 5527 5528
3 5487 5528 5482
3 5531 5530 5529
3 5531 5529 5446
3 5532 5530 5531
3 5532 5531 5534
3 5532 5481 5528
3 5532 5528 5530
3 5478 5481 5532
3 5478 5532 5533
3 5535 5533 5532
3 5535 5532 5534
3 5536 5535 5534
3 5536 5534 5531
3 5533 5535 5476
3 5533 5476 5478
3 5476 5535 5536
3 5476 5536 5474
3 5531 5446 5448
3 5531 5448 5536
3 5450 5474 5536
3 5450 5536 5448
3 5537 5346 5353
3 5537 5353 5501
3 5479 5472 4342
3 5479 4342 4345
3 5464 5538 4335
3 5464 4335 5467
3 5459 4320 5538
3 5459 5538 5464
3 4335 5538 4321
3 4335 4321 4328
3 5412 5405 4308
3 5412 4308 4310
3 5385 4257 4259
3 5385 4259 5388
3 4255 4257 5385
3 4255 5385 5383
3 5383 5381 4253
3 5383 4253 4255
3 5204 4251 4253
3 5204 4253 5381
3 4355 4359 5333
3 4355 5333 4352
3 5539 5540 5324
3 5539 5324 5326
3 4369 4377 5540
3 4369 5540 5539
3 5540 4377 5542
3 5540 5542 5541
3 5324 5540 5541
3 5324 5541 5543
3 5542 5546 5544
3 5542 5544 5541
3 5541 5544 5547
3 5541 5547 5543
3 5544 5546 5579
3 5544 5579 5545
3 5547 5544 5545
3 5547 5545 5548
3 5549 5321 5543
3 5549 5543 5547
3 5547 5548 5550
3 5547 5550 5549
3 5552 5318 5549
3 5552 5549 5550
3 5550 5548 5583
3 5550 5583 5551
3 5550 5551 5553
3 5550 5553 5552
3 5552 5553 5312
3 5552 5312 5314
3 5553 5551 5555
3 5553 5555 5554
3 5312 5553 5554
3 5312 5554 5557
3 5555 5567 5556
3 5555 5556 5554
3 5554 5556 5558
3 5554 5558 5557
3 5557 5558 5560
3 5557 5560 5309
3 5558 5556 5563
3 5558 5563 5559
3 5560 5558 5559
3 5560 5559 5561
3 5306 5560 5561
3 5306 5561 5562
3 5559 4406 4408
3 5559 4408 5561
3 5561 4408 4410
3 5561 4410 5562
3 5562 4410 4413
3 5562 4413 5303
3 5565 4406 5559
3 5565 5559 5563
3 5556 5567 5564
3 5556 5564 5563
3 5565 5563 5564
3 5565 5564 5566
3 5566 4399 4401
3 5566 4401 5565
3 5566 5564 5568
3 5566 5568 4398
3 5567 5570 5568
3 5567 5568 5564
3 4398 5568 5569
3 4398 5569 4395
3 5570 5572 5569
3 5570 5569 5568
3 5573 5572 5570
3 5573 5570 5571
3 5571 5570 5567
3 5571 5567 5555
3 5575 5574 5572
3 5575 5572 5573
3 5574 5577 5569
3 5574 5569 5572
3 5576 5574 5575
3 5576 5575 5578
3 4385 5577 5574
3 4385 5574 5576
3 5577 4389 4395
3 5577 4395 5569
3 5580 4381 5576
3 5580 5576 5578
3 5575 5581 5579
3 5575 5579 5578
3 5546 5580 5578
3 5546 5578 5579
3 4376 5580 5546
3 4376 5546 5542
3 5579 5581 5582
3 5579 5582 5545
3 5582 5581 5575
3 5582 5575 5573
3 5573 5571 5583
3 5573 5583 5582
3 5583 5548 5545
3 5583 5545 5582
3 5555 5551 5583
3 5555 5583 5571
3 5316 5282 5584
3 5316 5584 5257
3 5300 4420 4584
3 5300 4584 4587
3 5585 5586 5253
3 5585 5253 5255
3 5588 5586 5585
3 5588 5585 5025
3 5587 5590 5253
3 5587 5253 5586
3 5587 5586 5588
3 5587 5588 5589
3 5030 5037 5589
3 5030 5589 5588
3 5589 5037 5039
3 5589 5039 5047
3 5589 5047 5591
3 5589 5591 5587
3 5592 5590 5587
3 5592 5587 5591
3 5591 5048 5593
3 5591 5593 5592
3 5243 5245 5592
3 5243 5592 5593
3 5592 5245 5248
3 5592 5248 5590
3 5593 5594 5231
3 5593 5231 5243
3 5593 5048 5050
3 5593 5050 5594
3 5227 5594 5050
3 5227 5050 5053
3 5217 5220 5595
3 5217 5595 5596
3 5595 5220 5055
3 5595 5055 5057
3 5597 5190 5596
3 5597 5596 5595
3 5595 5057 5060
3 5595 5060 5597
3 5598 5187 5597
3 5598 5597 5060
3 5596 5194 5215
3 5596 5215 5217
3 4247 5196 4241
3 4247 4241 4243
3 5065 5184 5598
3 5065 5598 5059
3 5182 5069 5599
3 5182 5599 5180
3 5601 5176 5180
3 5601 5180 5599
3 5599 5069 5071
3 5599 5071 5600
3 5599 5600 5602
3 5599 5602 5601
3 5603 5172 5601
3 5603 5601 5602
3 5602 5600 5138
3 5602 5138 5141
3 5602 5141 5143
3 5602 5143 5603
3 5604 5168 5603
3 5604 5603 5143
3 5138 5600 5071
3 5138 5071 5074
3 4215 5170 4206
3 4215 4206 4208
3 5605 5165 5604
3 5605 5604 5144
3 5144 5146 5606
3 5144 5606 5605
3 5607 5162 5605
3 5607 5605 5606
3 5606 5149 5153
3 5606 5153 5607
3 5155 5159 5607
3 5155 5607 5153
3 5043 5040 5076
3 5043 5076 5063
3 5608 4994 4638
3 5608 4638 4640
3 4640 4643 5609
3 4640 5609 5608
3 5611 4989 5608
3 5611 5608 5609
3 5609 4643 5637
3 5609 5637 5610
3 5609 5610 5612
3 5609 5612 5611
3 5613 4990 5611
3 5613 5611 5612
3 5612 5614 5615
3 5612 5615 5613
3 5612 5610 5617
3 5612 5617 5614
3 5615 5614 5616
3 5615 5616 5632
3 5617 5619 5616
3 5617 5616 5614
3 5637 5618 5617
3 5637 5617 5610
3 5621 5619 5617
3 5621 5617 5618
3 5620 5628 5616
3 5620 5616 5619
3 5620 5619 5621
3 5620 5621 4746
3 5622 4743 4746
3 5622 4746 5621
3 5621 5618 5624
3 5621 5624 5622
3 5625 5623 5622
3 5625 5622 5624
3 5622 5623 4740
3 5622 4740 4743
3 5624 4642 4645
3 5624 4645 5625
3 5624 5618 5637
3 5624 5637 4642
3 4648 5626 5625
3 4648 5625 4645
3 5625 5626 5627
3 5625 5627 5623
3 5627 5626 4659
3 5627 4659 4734
3 4648 4657 4659
3 4648 4659 5626
3 4740 5623 5627
3 4740 5627 4733
3 4754 5628 5620
3 4754 5620 4747
3 4754 5630 5629
3 4754 5629 5628
3 5616 5628 5629
3 5616 5629 5632
3 5629 5630 4965
3 5629 4965 5631
3 5633 5632 5629
3 5633 5629 5631
3 5615 5632 5633
3 5615 5633 5634
3 4971 5635 5634
3 4971 5634 5633
3 5633 5631 4964
3 5633 4964 4971
3 5634 5636 5613
3 5634 5613 5615
3 4983 5636 5634
3 4983 5634 5635
3 4982 4990 5613
3 4982 5613 5636
3 4983 5635 4970
3 4983 4970 4976
3 4753 4962 4965
3 4753 4965 5630
3 3969 3971 4973
3 3969 4973 5638
3 5638 4968 3948
3 5638 3948 3951
3 5638 3951 3953
3 5638 3953 3969
3 4715 5639 5640
3 4715 5640 4699
3 4677 5641 5640
3 4677 5640 5639
3 4677 5639 4714
3 4677 4714 4674
3 5640 5641 4685
3 5640 4685 4691
3 4584 4420 4422
3 4584 4422 4582
3 4568 4582 4422
3 4568 4422 4424
3 4477 5643 4362
3 4477 4362 5642
3 4372 5643 4477
3 4372 4477 4473
3 4330 4327 4476
3 4330 4476 5642
3 4362 4360 4330
3 4362 4330 5642
3 4473 4471 4374
3 4473 4374 4372
3 3961 3959 5645
3 3961 5645 5644
3 3961 5644 5646
3 3961 5646 3355
3 3921 5644 5645
3 3921 5645 3924
3 5646 5644 3921
3 5646 3921 3919
3 5646 3919 3917
3 5646 3917 3354
3 5645 3959 3939
3 5645 3939 3936
3 3936 3928 3924
3 3936 3924 5645
3 5647 3927 3930
3 5647 3930 3744
3 5647 5648 3925
3 5647 3925 3927
3 5649 5648 5647
3 5649 5647 3748
3 3925 5648 3774
3 3925 3774 3922
3 5649 3771 3774
3 5649 3774 5648
3 3748 3750 5650
3 3748 5650 5649
3 3764 3771 5649
3 3764 5649 5650
3 3343 3347 3354
3 3343 3354 3917
3 3721 3753 3746
3 3721 3746 3734
3 3638 3253 3260
3 3638 3260 3640
3 3249 3251 3631
3 3249 3631 3624
3 3565 5652 3530
3 3565 3530 3563
3 3195 3551 5653
3 3195 5653 3193
3 5653 3547 3173
3 5653 3173 3177
3 3177 5892 3193
3 3177 3193 5653
3 3150 3539 3532
3 3150 3532 5654
3 5654 3519 3148
3 5654 3148 3150
3 3500 3497 3133
3 3500 3133 3136
3 3133 3497 3494
3 3133 3494 3127
3 3485 3482 5880
3 3485 5880 5655
3 3485 5655 5657
3 3485 5657 5656
3 3099 3102 5656
3 3099 5656 5657
3 3105 3484 5656
3 3105 5656 3102
3 5657 5658 3096
3 5657 3096 3099
3 5657 5655 5659
3 5657 5659 5658
3 3096 5658 5660
3 3096 5660 3093
3 5660 5658 5659
3 5660 5659 5661
3 3090 3093 5660
3 3090 5660 5662
3 5661 5664 5662
3 5661 5662 5660
3 5662 5663 3087
3 5662 3087 3090
3 5665 5663 5662
3 5665 5662 5664
3 5666 5664 5661
3 5666 5661 5668
3 5665 5664 5666
3 5665 5666 5669
3 5666 5668 5877
3 5666 5877 5667
3 5667 5671 5669
3 5667 5669 5666
3 5672 5670 5669
3 5672 5669 5671
3 5669 5670 5874
3 5669 5874 5665
3 5672 5671 5673
3 5672 5673 5674
3 5673 5671 5667
3 5673 5667 3453
3 3452 5675 5674
3 3452 5674 5673
3 5674 5676 5677
3 5674 5677 5672
3 5674 5675 5678
3 5674 5678 5676
3 5677 5676 5679
3 5677 5679 5680
3 5679 5676 5678
3 5679 5678 5681
3 5683 5680 5679
3 5683 5679 5682
3 5681 5685 5682
3 5681 5682 5679
3 5682 5684 5704
3 5682 5704 5683
3 5685 5686 5684
3 5685 5684 5682
3 3301 5686 5685
3 3301 5685 3303
3 3306 3303 5685
3 3306 5685 5681
3 5687 5688 5684
3 5687 5684 5686
3 5687 5686 3301
3 5687 3301 5689
3 5692 5688 5687
3 5692 5687 5690
3 5689 5691 5690
3 5689 5690 5687
3 5690 5691 5694
3 5690 5694 5693
3 5690 5693 5696
3 5690 5696 5692
3 5695 5693 5694
3 5695 5694 5796
3 5696 5693 5695
3 5696 5695 5697
3 5698 5701 5692
3 5698 5692 5696
3 5696 5697 5699
3 5696 5699 5698
3 5717 5700 5698
3 5717 5698 5699
3 5698 5700 5702
3 5698 5702 5701
3 5703 5701 5702
3 5703 5702 5705
3 5692 5701 5703
3 5692 5703 5688
3 5684 5688 5703
3 5684 5703 5704
3 5704 5703 5705
3 5704 5705 5706
3 5705 5702 5710
3 5705 5710 5707
3 5707 5708 5706
3 5707 5706 5705
3 5865 5708 5707
3 5865 5707 5709
3 5711 5709 5707
3 5711 5707 5710
3 5702 5700 5712
3 5702 5712 5710
3 5710 5712 5713
3 5710 5713 5711
3 5712 5714 5716
3 5712 5716 5713
3 5717 5714 5712
3 5717 5712 5700
3 5715 5864 5716
3 5715 5716 5714
3 5715 5714 5717
3 5715 5717 5718
3 5699 5719 5718
3 5699 5718 5717
3 5718 5719 5721
3 5718 5721 5720
3 5718 5720 5722
3 5718 5722 5715
3 5723 5720 5721
3 5723 5721 5724
3 5722 5720 5723
3 5722 5723 5725
3 5724 5728 5726
3 5724 5726 5723
3 5729 5725 5723
3 5729 5723 5726
3 5726 5728 5784
3 5726 5784 5727
3 5726 5727 5731
3 5726 5731 5729
3 5862 5725 5729
3 5862 5729 5730
3 5733 5730 5729
3 5733 5729 5731
3 5731 5727 5741
3 5731 5741 5732
3 5731 5732 5734
3 5731 5734 5733
3 3048 5730 5733
3 3048 5733 3045
3 3042 3045 5733
3 3042 5733 5734
3 5734 5732 5737
3 5734 5737 5735
3 5734 5735 3039
3 5734 3039 3042
3 3039 5735 5736
3 3039 5736 3036
3 5737 5738 5736
3 5737 5736 5735
3 5742 5738 5737
3 5742 5737 5739
3 5741 5739 5737
3 5741 5737 5732
3 5740 5739 5741
3 5740 5741 5782
3 5742 5739 5740
3 5742 5740 5743
3 5747 5738 5742
3 5747 5742 5744
3 5743 5746 5744
3 5743 5744 5742
3 5744 5746 5762
3 5744 5762 5745
3 5744 5745 5748
3 5744 5748 5747
3 5747 5749 5736
3 5747 5736 5738
3 5750 5749 5747
3 5750 5747 5748
3 5736 5749 3033
3 5736 3033 3036
3 5750 3030 3033
3 5750 3033 5749
3 5748 5752 5751
3 5748 5751 5750
3 3027 3030 5750
3 3027 5750 5751
3 5751 5753 3024
3 5751 3024 3027
3 5751 5752 5755
3 5751 5755 5753
3 3024 5753 5754
3 3024 5754 3021
3 5754 5753 5755
3 5754 5755 5756
3 5757 5758 5756
3 5757 5756 5755
3 5755 5752 5760
3 5755 5760 5757
3 5837 5758 5757
3 5837 5757 5759
3 5761 5759 5757
3 5761 5757 5760
3 5760 5745 5762
3 5760 5762 5761
3 5748 5745 5760
3 5748 5760 5752
3 5766 5763 5761
3 5766 5761 5762
3 5764 5759 5761
3 5764 5761 5763
3 5765 5832 5764
3 5765 5764 5763
3 5765 5763 5766
3 5765 5766 5768
3 5762 5746 5767
3 5762 5767 5766
3 5770 5768 5766
3 5770 5766 5767
3 5769 5830 5765
3 5769 5765 5768
3 5769 5768 5770
3 5769 5770 5771
3 5773 5771 5770
3 5773 5770 5772
3 5767 5774 5772
3 5767 5772 5770
3 5772 5775 5776
3 5772 5776 5773
3 5777 5775 5772
3 5777 5772 5774
3 5778 5780 5776
3 5778 5776 5775
3 5778 5775 5777
3 5778 5777 5781
3 5859 5780 5778
3 5859 5778 5779
3 5781 5783 5779
3 5781 5779 5778
3 5781 5782 5784
3 5781 5784 5783
3 5740 5782 5781
3 5740 5781 5777
3 5785 5783 5784
3 5785 5784 5728
3 5779 5783 5785
3 5779 5785 5786
3 5788 5786 5785
3 5788 5785 5787
3 5724 5787 5785
3 5724 5785 5728
3 5789 5790 5788
3 5789 5788 5787
3 5789 5787 5724
3 5789 5724 5721
3 5792 5790 5789
3 5792 5789 5791
3 5721 5719 5791
3 5721 5791 5789
3 5791 5697 5695
3 5791 5695 5792
3 5699 5697 5791
3 5699 5791 5719
3 5792 5793 5794
3 5792 5794 5790
3 5796 5793 5792
3 5796 5792 5695
3 5795 5800 5794
3 5795 5794 5793
3 5796 5797 5795
3 5796 5795 5793
3 5798 5797 5796
3 5798 5796 5694
3 3282 3280 5795
3 3282 5795 5797
3 5798 3284 3282
3 5798 3282 5797
3 5694 5691 5799
3 5694 5799 5798
3 3297 3284 5798
3 3297 5798 5799
3 5689 3296 5799
3 5689 5799 5691
3 5802 5800 5795
3 5802 5795 3280
3 5801 5861 5794
3 5801 5794 5800
3 5801 5800 5802
3 5801 5802 5803
3 3276 5804 5803
3 3276 5803 5802
3 5803 5804 5806
3 5803 5806 5805
3 5803 5805 5807
3 5803 5807 5801
3 5808 5805 5806
3 5808 5806 5809
3 5807 5805 5808
3 5807 5808 5810
3 5809 5813 5811
3 5809 5811 5808
3 5812 5810 5808
3 5812 5808 5811
3 5811 5814 5817
3 5811 5817 5812
3 5816 5814 5811
3 5816 5811 5813
3 5816 5851 5815
3 5816 5815 5814
3 5815 5818 5817
3 5815 5817 5814
3 5776 5780 5812
3 5776 5812 5817
3 5817 5818 5773
3 5817 5773 5776
3 5819 5771 5773
3 5819 5773 5818
3 5815 5820 5819
3 5815 5819 5818
3 5819 5821 5769
3 5819 5769 5771
3 5819 5820 5823
3 5819 5823 5821
3 5769 5821 5822
3 5769 5822 5830
3 5822 5821 5823
3 5822 5823 5824
3 3230 3228 5824
3 3230 5824 5823
3 5823 5820 5850
3 5823 5850 3230
3 5824 5825 5827
3 5824 5827 5822
3 3224 5825 5824
3 3224 5824 3228
3 5826 5828 5827
3 5826 5827 5825
3 5826 5825 3224
3 5826 3224 3221
3 5829 5830 5822
3 5829 5822 5827
3 5827 5828 5831
3 5827 5831 5829
3 5765 5830 5829
3 5765 5829 5832
3 5833 5832 5829
3 5833 5829 5831
3 5764 5832 5833
3 5764 5833 5835
3 5831 5845 5834
3 5831 5834 5833
3 5836 5835 5833
3 5836 5833 5834
3 5837 5835 5836
3 5837 5836 5838
3 5764 5835 5837
3 5764 5837 5759
3 5837 5838 5839
3 5837 5839 5758
3 3190 5838 5836
3 3190 5836 5842
3 5839 5838 3190
3 5839 3190 3188
3 5839 3188 3185
3 5839 3185 5840
3 5839 5840 5756
3 5839 5756 5758
3 3185 3183 5841
3 3185 5841 5840
3 5756 5840 5841
3 5756 5841 5754
3 5841 3183 3015
3 5841 3015 3018
3 3018 3021 5754
3 3018 5754 5841
3 5834 5843 5842
3 5834 5842 5836
3 3198 3191 5842
3 3198 5842 5843
3 5844 5843 5834
3 5844 5834 5845
3 3198 5843 5844
3 3198 5844 5846
3 5844 5845 5848
3 5844 5848 5847
3 5847 3207 5846
3 5847 5846 5844
3 5849 3211 5847
3 5849 5847 5848
3 5848 5845 5831
3 5848 5831 5828
3 5848 5828 5826
3 5848 5826 5849
3 3221 3215 5849
3 3221 5849 5826
3 5815 5851 5850
3 5815 5850 5820
3 5850 5851 5852
3 5850 5852 3231
3 5816 5853 5852
3 5816 5852 5851
3 3240 3233 3231
3 3240 3231 5852
3 5852 5853 5854
3 5852 5854 3240
3 5855 5856 5854
3 5855 5854 5853
3 5855 5853 5816
3 5855 5816 5813
3 3268 5856 5855
3 3268 5855 5857
3 5855 5813 5809
3 5855 5809 5857
3 3269 5857 5809
3 3269 5809 5806
3 3268 3265 5858
3 3268 5858 5856
3 5854 5856 5858
3 5854 5858 3241
3 3256 3243 3241
3 3256 3241 5858
3 5858 3265 3258
3 5858 3258 3256
3 5859 5810 5812
3 5859 5812 5780
3 5807 5810 5859
3 5807 5859 5860
3 5779 5786 5860
3 5779 5860 5859
3 5860 5786 5788
3 5860 5788 5861
3 5860 5861 5801
3 5860 5801 5807
3 5794 5861 5788
3 5794 5788 5790
3 5806 5804 3271
3 5806 3271 3269
3 5784 5782 5741
3 5784 5741 5727
3 5777 5774 5743
3 5777 5743 5740
3 5743 5774 5767
3 5743 5767 5746
3 5862 5730 3048
3 5862 3048 3051
3 3051 3054 5863
3 3051 5863 5862
3 5722 5725 5862
3 5722 5862 5863
3 5863 3054 3057
3 5863 3057 5864
3 5863 5864 5715
3 5863 5715 5722
3 5716 5864 3057
3 5716 3057 3060
3 5713 5716 3060
3 5713 3060 3063
3 3063 3066 5711
3 3063 5711 5713
3 3069 5709 5711
3 3069 5711 3066
3 5865 5709 3069
3 5865 3069 3072
3 5868 5708 5865
3 5868 5865 5866
3 3072 3075 5866
3 3072 5866 5865
3 5866 3075 3078
3 5866 3078 5867
3 5866 5867 5869
3 5866 5869 5868
3 5871 5870 5868
3 5871 5868 5869
3 5868 5870 5706
3 5868 5706 5708
3 5706 5870 5683
3 5706 5683 5704
3 5871 5680 5683
3 5871 5683 5870
3 5677 5680 5871
3 5677 5871 5872
3 5869 5873 5872
3 5869 5872 5871
3 5872 5670 5672
3 5872 5672 5677
3 5872 5873 5874
3 5872 5874 5670
3 5874 5873 5875
3 5874 5875 5876
3 5869 5867 5875
3 5869 5875 5873
3 3081 3084 5876
3 3081 5876 5875
3 5875 5867 3078
3 5875 3078 3081
3 5876 5663 5665
3 5876 5665 5874
3 5876 3084 3087
3 5876 3087 5663
3 3308 3306 5681
3 3308 5681 5678
3 5678 5675 3312
3 5678 3312 3308
3 3452 3450 3312
3 3452 3312 5675
3 5877 5668 5878
3 5877 5878 5879
3 5878 5668 5661
3 5878 5661 5659
3 5881 5879 5878
3 5881 5878 5880
3 5659 5655 5880
3 5659 5880 5878
3 5880 3482 3478
3 5880 3478 5881
3 3457 5879 5881
3 3457 5881 3460
3 3476 3460 5881
3 3476 5881 3478
3 5877 5879 3457
3 5877 3457 3455
3 3455 3453 5667
3 3455 5667 5877
3 5882 3468 3420
3 5882 3420 3422
3 3466 3468 5882
3 3466 5882 5883
3 5882 3422 3425
3 5882 3425 3432
3 3432 3435 5883
3 3432 5883 5882
3 5883 3440 5884
3 5883 5884 3466
3 5884 3443 3447
3 5884 3447 3465
3 3449 3458 3465
3 3449 3465 3447
3 5885 3333 3438
3 5885 3438 3434
3 5886 5885 3434
3 5886 3434 3431
3 3344 3337 5885
3 3344 5885 5886
3 3431 3429 5887
3 3431 5887 5886
3 3346 3344 5886
3 3346 5886 5887
3 5887 5888 3350
3 5887 3350 3346
3 3427 5888 5887
3 3427 5887 3429
3 3378 5890 3350
3 3378 3350 5888
3 3378 5888 3427
3 3378 3427 3380
3 3418 5889 3383
3 3418 3383 3424
3 3392 5889 3412
3 3392 3412 3410
3 3383 5889 3392
3 3383 3392 3385
3 3374 5891 3349
3 3374 3349 5890
3 3349 5891 3360
3 3349 3360 3352
3 3187 5892 3176
3 3187 3176 3181
3 3170 2997 3000
3 3170 3000 3174
3 2994 2997 3170
3 2994 3170 3168
3 3168 3165 2991
3 3168 2991 2994
3 3161 2988 2991
3 3161 2991 3165
3 2985 2988 3161
3 2985 3161 3159
3 3159 3157 2982
3 3159 2982 2985
3 5893 2979 2982
3 5893 2982 3157
3 2976 2979 5893
3 2976 5893 5894
3 3153 5895 5894
3 3153 5894 5893
3 5894 5895 5898
3 5894 5898 5896
3 5894 5896 2973
3 5894 2973 2976
3 2973 5896 5897
3 2973 5897 2970
3 5897 5896 5898
3 5897 5898 5899
3 5899 5898 3144
3 5899 3144 3141
3 5898 5895 3147
3 5898 3147 3144
3 3141 3134 3131
3 3141 3131 5899
3 3129 5897 5899
3 3129 5899 3131
3 2968 2970 5897
3 2968 5897 3129
3 642 645 3122
3 642 3122 3119
3 645 648 2965
3 645 2965 3122
3 3119 3116 639
3 3119 639 642
3 3113 636 639
3 3113 639 3116
3 633 636 3113
3 633 3113 3110
3 3110 3107 630
3 3110 630 633
3 3104 627 630
3 3104 630 3107
3 624 627 3104
3 624 3104 3101
3 3101 3098 621
3 3101 621 624
3 621 3098 3095
3 621 3095 618
3 615 618 3095
3 615 3095 3092
3 3092 3089 612
3 3092 612 615
3 612 3089 3086
3 612 3086 609
3 606 609 3086
3 606 3086 3083
3 3083 3080 603
3 3083 603 606
3 3077 600 603
3 3077 603 3080
3 597 600 3077
3 597 3077 3074
3 3074 3071 594
3 3074 594 597
3 3068 591 594
3 3068 594 3071
3 588 591 3068
3 588 3068 3065
3 3065 3062 585
3 3065 585 588
3 585 3062 3059
3 585 3059 582
3 579 582 3059
3 579 3059 3056
3 3056 3053 576
3 3056 576 579
3 3053 3050 573
3 3053 573 576
3 3047 570 573
3 3047 573 3050
3 567 570 3047
3 567 3047 3044
3 3044 3041 564
3 3044 564 567
3 564 3041 3038
3 564 3038 561
3 558 561 3038
3 558 3038 3035
3 3035 3032 555
3 3035 555 558
3 555 3032 3029
3 555 3029 552
3 3029 3026 549
3 3029 549 552
3 3023 546 549
3 3023 549 3026
3 543 546 3023
3 543 3023 3020
3 3020 3017 540
3 3020 540 543
3 540 3017 3014
3 540 3014 537
3 534 537 3014
3 534 3014 3011
3 3011 3008 531
3 3011 531 534
3 3005 528 531
3 3005 531 3008
3 3005 3002 525
3 3005 525 528
3 525 3002 2999
3 525 2999 522
3 519 522 2999
3 519 2999 2996
3 2996 2993 516
3 2996 516 519
3 2990 513 516
3 2990 516 2993
3 510 513 2990
3 510 2990 2987
3 2987 2984 507
3 2987 507 510
3 2981 504 507
3 2981 507 2984
3 501 504 2981
3 501 2981 2978
3 2978 2975 499
3 2978 499 501
3 2972 496 499
3 2972 499 2975
3 2961 496 2972
3 2961 2972 2964
3 5901 2962 5900
3 5901 5900 6195
3 5901 5904 5902
3 5901 5902 2962
3 496 2961 5902
3 496 5902 5903
3 5903 5902 5904
3 5903 5904 5905
3 5906 5908 5905
3 5906 5905 5904
3 5906 5904 5901
3 5906 5901 5909
3 8759 5908 5906
3 8759 5906 5907
3 5906 5909 5911
3 5906 5911 5907
3 5901 6195 5910
3 5901 5910 5909
3 5909 5910 5913
3 5909 5913 5911
3 5907 5911 5912
3 5907 5912 8834
3 5915 5912 5911
3 5915 5911 5913
3 5914 5913 5910
3 5914 5910 6194
3 5914 5917 5915
3 5914 5915 5913
3 5915 5916 8816
3 5915 8816 5912
3 5915 5917 5918
3 5915 5918 5916
3 5920 5918 5917
3 5920 5917 5919
3 5914 5921 5919
3 5914 5919 5917
3 5922 5923 5920
3 5922 5920 5919
3 5922 5919 5921
3 5922 5921 5925
3 5922 5924 8832
3 5922 8832 5923
3 5927 5924 5922
3 5927 5922 5925
3 6191 5926 5925
3 6191 5925 5921
3 5927 5925 5926
3 5927 5926 5928
3 5931 5929 5927
3 5931 5927 5928
3 5927 5929 5932
3 5927 5932 5924
3 5934 5932 5929
3 5934 5929 5930
3 5931 6182 5930
3 5931 5930 5929
3 5933 8832 5924
3 5933 5924 5932
3 5933 5932 5934
3 5933 5934 5935
3 5934 5936 5937
3 5934 5937 5935
3 5934 5930 5938
3 5934 5938 5936
3 5941 5937 5936
3 5941 5936 5939
3 5938 5940 5939
3 5938 5939 5936
3 5942 5939 5940
3 5942 5940 5943
3 5941 5939 5942
3 5941 5942 5944
3 5942 5943 5947
3 5942 5947 5945
3 5942 5945 5946
3 5942 5946 5944
3 5951 5946 5945
3 5951 5945 5948
3 5947 5949 5948
3 5947 5948 5945
3 5950 5948 5949
3 5950 5949 6196
3 5950 5953 5951
3 5950 5951 5948
3 5951 5952 5964
3 5951 5964 5946
3 5951 5953 5955
3 5951 5955 5952
3 5956 5955 5953
3 5956 5953 5954
3 5950 6199 5954
3 5950 5954 5953
3 5956 5959 5957
3 5956 5957 5955
3 5957 5960 5952
3 5957 5952 5955
3 5957 5958 5961
3 5957 5961 5960
3 5957 5959 6303
3 5957 6303 5958
3 5961 5963 5962
3 5961 5962 5960
3 5964 5952 5960
3 5964 5960 5962
3 5965 5962 5963
3 5965 5963 5966
3 5964 5962 5965
3 5964 5965 5967
3 5965 5966 5969
3 5965 5969 5968
3 5965 5968 5970
3 5965 5970 5967
3 5969 5972 5971
3 5969 5971 5968
3 5973 5970 5968
3 5973 5968 5971
3 5974 5971 5972
3 5974 5972 5977
3 5974 5975 5973
3 5974 5973 5971
3 5974 5976 8831
3 5974 8831 5975
3 5978 5976 5974
3 5978 5974 5977
3 5980 5979 5977
3 5980 5977 5972
3 5978 5977 5979
3 5978 5979 5982
3 5980 8732 5981
3 5980 5981 5979
3 5981 5984 5982
3 5981 5982 5979
3 5983 8827 5978
3 5983 5978 5982
3 5983 5982 5984
3 5983 5984 5985
3 5981 5987 5986
3 5981 5986 5984
3 5986 5989 5985
3 5986 5985 5984
3 5986 5987 6329
3 5986 6329 5988
3 5986 5988 5990
3 5986 5990 5989
3 5990 5994 5991
3 5990 5991 5989
3 5993 5985 5989
3 5993 5989 5991
3 5992 8805 5993
3 5992 5993 5991
3 5992 5991 5994
3 5992 5994 5995
3 5990 5998 5996
3 5990 5996 5994
3 5996 5999 5995
3 5996 5995 5994
3 5996 5998 6333
3 5996 6333 5997
3 5996 5997 6000
3 5996 6000 5999
3 6000 6002 6001
3 6000 6001 5999
3 6003 5995 5999
3 6003 5999 6001
3 6004 6001 6002
3 6004 6002 6006
3 6004 6005 6003
3 6004 6003 6001
3 6004 6007 6008
3 6004 6008 6005
3 6010 6007 6004
3 6010 6004 6006
3 8799 6008 6007
3 8799 6007 6009
3 6010 6012 6009
3 6010 6009 6007
3 6013 6012 6010
3 6013 6010 6011
3 6010 6006 6663
3 6010 6663 6011
3 6017 6009 6012
3 6017 6012 6014
3 6013 6016 6014
3 6013 6014 6012
3 6015 6019 6017
3 6015 6017 6014
3 6015 6014 6016
3 6015 6016 8698
3 6017 6019 6021
3 6017 6021 6018
3 6017 6018 8799
3 6017 8799 6009
3 6023 6021 6019
3 6023 6019 6020
3 6015 8701 6020
3 6015 6020 6019
3 6022 8795 6018
3 6022 6018 6021
3 6022 6021 6023
3 6022 6023 6024
3 6023 6020 6026
3 6023 6026 6025
3 6023 6025 6027
3 6023 6027 6024
3 6026 6029 6028
3 6026 6028 6025
3 6030 6027 6025
3 6030 6025 6028
3 6031 6028 6029
3 6031 6029 6032
3 6030 6028 6031
3 6030 6031 6034
3 6031 6032 8710
3 6031 8710 6033
3 6031 6033 6036
3 6031 6036 6034
3 6038 6035 6034
3 6038 6034 6036
3 6030 6034 6035
3 6030 6035 8793
3 6037 6036 6033
3 6037 6033 6605
3 6039 6038 6036
3 6039 6036 6037
3 6040 6042 6035
3 6040 6035 6038
3 6039 6041 6040
3 6039 6040 6038
3 6040 6041 6044
3 6040 6044 6043
3 6040 6043 6046
3 6040 6046 6042
3 8713 6045 6043
3 8713 6043 6044
3 6046 6043 6045
3 6046 6045 6048
3 6046 6048 6049
3 6046 6049 6047
3 6046 6047 8792
3 6046 8792 6042
3 6051 6050 6048
3 6051 6048 6045
3 6049 6048 6050
3 6049 6050 6052
3 6053 6050 6051
3 6053 6051 6054
3 6053 6055 6052
3 6053 6052 6050
3 6053 6054 6059
3 6053 6059 6056
3 6057 6055 6053
3 6057 6053 6056
3 6057 6056 6058
3 6057 6058 8764
3 6060 6058 6056
3 6060 6056 6059
3 6061 6059 6054
3 6061 6054 6062
3 6060 6059 6061
3 6060 6061 6064
3 6061 6062 8716
3 6061 8716 6063
3 6061 6063 6065
3 6061 6065 6064
3 6069 6066 6064
3 6069 6064 6065
3 6060 6064 6066
3 6060 6066 6067
3 6068 8743 6067
3 6068 6067 6066
3 6068 6066 6069
3 6068 6069 6071
3 6069 6065 8722
3 6069 8722 6070
3 6069 6070 6073
3 6069 6073 6071
3 6074 6072 6071
3 6074 6071 6073
3 6068 6071 6072
3 6068 6072 8740
3 6075 6076 6074
3 6075 6074 6073
3 6075 6073 6070
3 6075 6070 6077
3 6075 6078 6079
3 6075 6079 6076
3 6080 6078 6075
3 6080 6075 6077
3 6079 6078 6081
3 6079 6081 6082
3 6080 6083 6081
3 6080 6081 6078
3 6081 6084 6085
3 6081 6085 6082
3 6081 6083 6086
3 6081 6086 6084
3 6088 6085 6084
3 6088 6084 6087
3 6086 6089 6087
3 6086 6087 6084
3 6090 6091 6088
3 6090 6088 6087
3 6090 6087 6089
3 6090 6089 6092
3 6090 6093 6094
3 6090 6094 6091
3 6095 6093 6090
3 6095 6090 6092
3 6097 6094 6093
3 6097 6093 6096
3 6095 6098 6096
3 6095 6096 6093
3 6097 6096 6099
3 6097 6099 6100
3 6099 6096 6098
3 6099 6098 6101
3 6099 6102 6103
3 6099 6103 6100
3 6099 6101 6104
3 6099 6104 6102
3 6105 6106 6103
3 6105 6103 6102
3 6104 6107 6105
3 6104 6105 6102
3 6105 6108 6109
3 6105 6109 6106
3 6110 6108 6105
3 6110 6105 6107
3 6112 6109 6108
3 6112 6108 6111
3 6110 6113 6111
3 6110 6111 6108
3 6114 6115 6112
3 6114 6112 6111
3 6114 6111 6113
3 6114 6113 6116
3 6114 6117 6118
3 6114 6118 6115
3 6119 6117 6114
3 6119 6114 6116
3 6121 6118 6117
3 6121 6117 6120
3 6119 6122 6120
3 6119 6120 6117
3 6121 6120 6123
3 6121 6123 6124
3 6123 6120 6122
3 6123 6122 6125
3 6123 6126 6127
3 6123 6127 6124
3 6123 6125 6128
3 6123 6128 6126
3 6126 6129 6130
3 6126 6130 6127
3 6128 6131 6129
3 6128 6129 6126
3 6133 6130 6129
3 6133 6129 6132
3 6131 6134 6132
3 6131 6132 6129
3 6135 6136 6133
3 6135 6133 6132
3 6135 6132 6134
3 6135 6134 6137
3 6135 6138 6139
3 6135 6139 6136
3 6140 6138 6135
3 6140 6135 6137
3 6142 6139 6138
3 6142 6138 6141
3 6140 6143 6141
3 6140 6141 6138
3 6142 6141 6144
3 6142 6144 6145
3 6144 6141 6143
3 6144 6143 6146
3 6144 6147 6148
3 6144 6148 6145
3 6144 6146 6149
3 6144 6149 6147
3 6151 6148 6147
3 6151 6147 6150
3 6149 6152 6150
3 6149 6150 6147
3 6151 6150 6153
3 6151 6153 6154
3 6153 6150 6152
3 6153 6152 6155
3 6153 6156 6157
3 6153 6157 6154
3 6153 6155 6158
3 6153 6158 6156
3 6160 6157 6156
3 6160 6156 6159
3 6158 6161 6159
3 6158 6159 6156
3 6162 6163 6160
3 6162 6160 6159
3 6162 6159 6161
3 6162 6161 6164
3 6162 6165 6166
3 6162 6166 6163
3 6167 6165 6162
3 6167 6162 6164
3 6169 6166 6165
3 6169 6165 6168
3 6167 6170 6168
3 6167 6168 6165
3 6171 6172 6169
3 6171 6169 6168
3 6171 6168 6170
3 6171 6170 6173
3 6171 6174 6175
3 6171 6175 6172
3 6176 6174 6171
3 6176 6171 6173
3 6178 6175 6174
3 6178 6174 6177
3 6176 6179 6177
3 6176 6177 6174
3 6178 6177 6180
3 6178 6180 6181
3 6180 6177 6179
3 6180 6179 6182
3 6180 6183 6184
3 6180 6184 6181
3 6180 6182 5931
3 6180 5931 6183
3 6186 6184 6183
3 6186 6183 6185
3 5931 5928 6185
3 5931 6185 6183
3 6186 6185 6187
3 6186 6187 6188
3 6187 6185 5928
3 6187 5928 5926
3 6187 6189 6190
3 6187 6190 6188
3 6187 5926 6191
3 6187 6191 6189
3 6193 6190 6189
3 6193 6189 6192
3 6191 6194 6192
3 6191 6192 6189
3 5900 6193 6192
3 5900 6192 6195
3 6195 6192 6194
3 6195 6194 5910
3 6191 5921 5914
3 6191 5914 6194
3 645 642 6190
3 645 6190 6193
3 648 645 6193
3 648 6193 5900
3 6188 6190 642
3 6188 642 639
3 636 6186 6188
3 636 6188 639
3 636 633 6184
3 636 6184 6186
3 6181 6184 633
3 6181 633 630
3 5938 5930 6182
3 5938 6182 6179
3 627 6178 6181
3 627 6181 630
3 5938 6179 6176
3 5938 6176 5940
3 627 624 6175
3 627 6175 6178
3 6176 6173 5943
3 6176 5943 5940
3 6172 6175 624
3 6172 624 621
3 5947 5943 6173
3 5947 6173 6170
3 6172 621 618
3 6172 618 6169
3 5947 6170 6167
3 5947 6167 5949
3 618 615 6166
3 618 6166 6169
3 6167 6164 6196
3 6167 6196 5949
3 6163 6166 615
3 6163 615 612
3 6197 6196 6164
3 6197 6164 6161
3 6197 6199 5950
3 6197 5950 6196
3 6197 6198 6200
3 6197 6200 6199
3 6158 6198 6197
3 6158 6197 6161
3 6201 5954 6199
3 6201 6199 6200
3 6202 6200 6198
3 6202 6198 6203
3 6202 6204 6201
3 6202 6201 6200
3 6207 6205 6202
3 6207 6202 6203
3 6202 6205 6208
3 6202 6208 6204
3 6207 6534 6206
3 6207 6206 6205
3 6210 6208 6205
3 6210 6205 6206
3 6209 8739 6204
3 6209 6204 6208
3 6209 6208 6210
3 6209 6210 6211
3 6210 6206 6213
3 6210 6213 6212
3 6210 6212 6214
3 6210 6214 6211
3 6213 6217 6215
3 6213 6215 6212
3 6218 6214 6212
3 6218 6212 6215
3 6216 6215 6217
3 6216 6217 6532
3 6220 6218 6215
3 6220 6215 6216
3 6220 6221 6219
3 6220 6219 6218
3 6219 6293 6214
3 6219 6214 6218
3 6220 6222 6225
3 6220 6225 6221
3 6223 6222 6220
3 6223 6220 6216
3 6223 6522 6224
3 6223 6224 6222
3 6226 6225 6222
3 6226 6222 6224
3 6227 6230 6221
3 6227 6221 6225
3 6227 6225 6226
3 6227 6226 6228
3 6227 6228 6473
3 6227 6473 6229
3 6232 6230 6227
3 6232 6227 6229
3 6219 6221 6230
3 6219 6230 6231
3 6232 6233 6231
3 6232 6231 6230
3 6236 6233 6232
3 6236 6232 6234
3 6232 6229 6235
3 6232 6235 6234
3 6238 6237 6234
3 6238 6234 6235
3 6236 6234 6237
3 6236 6237 6240
3 6239 6237 6238
3 6239 6238 6479
3 6239 6242 6240
3 6239 6240 6237
3 6241 6289 6236
3 6241 6236 6240
3 6241 6240 6242
3 6241 6242 6244
3 6243 6242 6239
3 6243 6239 6494
3 6243 6245 6244
3 6243 6244 6242
3 6246 6247 6241
3 6246 6241 6244
3 6246 6244 6245
3 6246 6245 6249
3 6246 6248 6284
3 6246 6284 6247
3 6250 6248 6246
3 6250 6246 6249
3 6250 6249 6251
3 6250 6251 6254
3 6252 6251 6249
3 6252 6249 6245
3 6253 6251 6252
3 6253 6252 6502
3 6253 6255 6254
3 6253 6254 6251
3 6256 6254 6255
3 6256 6255 6259
3 6256 6257 6250
3 6256 6250 6254
3 6256 6258 6276
3 6256 6276 6257
3 6261 6258 6256
3 6261 6256 6259
3 6508 6260 6259
3 6508 6259 6255
3 6261 6259 6260
3 6261 6260 6262
3 6264 6263 6261
3 6264 6261 6262
3 6261 6263 6265
3 6261 6265 6258
3 6264 6268 6266
3 6264 6266 6263
3 6269 6265 6263
3 6269 6263 6266
3 6267 6266 6268
3 6267 6268 8726
3 6269 6266 6267
3 6269 6267 6270
3 6269 6270 6272
3 6269 6272 6271
3 6274 6265 6269
3 6274 6269 6271
3 6271 6272 6314
3 6271 6314 6273
3 6274 6271 6273
3 6274 6273 6275
3 6277 6276 6274
3 6277 6274 6275
3 6274 6276 6258
3 6274 6258 6265
3 6277 6278 6257
3 6277 6257 6276
3 6282 6278 6277
3 6282 6277 6279
3 6277 6275 6280
3 6277 6280 6279
3 6279 6280 6305
3 6279 6305 6281
3 6282 6279 6281
3 6282 6281 6283
3 6282 6284 6248
3 6282 6248 6278
3 6285 6284 6282
3 6285 6282 6283
3 6285 6287 6247
3 6285 6247 6284
3 6285 6283 6299
3 6285 6299 6286
3 6288 6287 6285
3 6288 6285 6286
3 6288 6290 6289
3 6288 6289 6287
3 6241 6247 6287
3 6241 6287 6289
3 6236 6289 6290
3 6236 6290 6233
3 6291 6290 6288
3 6291 6288 6292
3 6291 6231 6233
3 6291 6233 6290
3 6291 6292 6294
3 6291 6294 6293
3 6219 6231 6291
3 6219 6291 6293
3 6293 6294 6211
3 6293 6211 6214
3 6209 6211 6294
3 6209 6294 6295
3 6292 6297 6295
3 6292 6295 6294
3 6296 8739 6209
3 6296 6209 6295
3 6296 6295 6297
3 6296 6297 6298
3 6288 6286 6297
3 6288 6297 6292
3 6286 6299 6298
3 6286 6298 6297
3 6300 6301 6296
3 6300 6296 6298
3 6300 6298 6299
3 6300 6299 6302
3 6300 6303 5959
3 6300 5959 6301
3 6304 6303 6300
3 6304 6300 6302
3 6304 6306 5958
3 6304 5958 6303
3 6307 6306 6304
3 6307 6304 6305
3 6304 6302 6281
3 6304 6281 6305
3 6307 6310 6308
3 6307 6308 6306
3 5961 5958 6306
3 5961 6306 6308
3 5961 6308 6309
3 5961 6309 5963
3 6309 6308 6310
3 6309 6310 6311
3 6312 6310 6307
3 6312 6307 6315
3 6312 6313 6311
3 6312 6311 6310
3 6316 6313 6312
3 6316 6312 6314
3 6312 6315 6273
3 6312 6273 6314
3 6307 6305 6280
3 6307 6280 6315
3 6275 6273 6315
3 6275 6315 6280
3 6316 6314 6272
3 6316 6272 6317
3 6316 6318 6320
3 6316 6320 6313
3 6321 6318 6316
3 6321 6316 6317
3 8733 6320 6318
3 8733 6318 6319
3 6321 6323 6319
3 6321 6319 6318
3 6321 6317 8729
3 6321 8729 6322
3 6324 6323 6321
3 6324 6321 6322
3 6326 6319 6323
3 6326 6323 6325
3 6324 6327 6325
3 6324 6325 6323
3 6326 6325 6328
3 6326 6328 6329
3 6328 6325 6327
3 6328 6327 6330
3 6328 6331 5988
3 6328 5988 6329
3 6328 6330 6332
3 6328 6332 6331
3 5990 5988 6331
3 5990 6331 5998
3 6332 6333 5998
3 6332 5998 6331
3 6332 6334 6335
3 6332 6335 6333
3 6332 6330 6336
3 6332 6336 6334
3 6335 6334 6337
3 6335 6337 6338
3 6340 6337 6334
3 6340 6334 6336
3 6339 6672 6338
3 6339 6338 6337
3 6339 6337 6340
3 6339 6340 6341
3 6340 6342 6343
3 6340 6343 6341
3 6340 6336 6344
3 6340 6344 6342
3 6348 6343 6342
3 6348 6342 6345
3 6344 6346 6345
3 6344 6345 6342
3 6347 6345 6346
3 6347 6346 8730
3 6350 6348 6345
3 6350 6345 6347
3 6350 6352 6349
3 6350 6349 6348
3 6349 8692 6343
3 6349 6343 6348
3 8727 6351 6350
3 8727 6350 6347
3 6350 6351 6353
3 6350 6353 6352
3 6357 6354 6352
3 6357 6352 6353
3 6349 6352 6354
3 6349 6354 6356
3 6355 8690 6356
3 6355 6356 6354
3 6355 6354 6357
3 6355 6357 6358
3 6357 6359 6360
3 6357 6360 6358
3 6357 6353 6361
3 6357 6361 6359
3 6363 6360 6359
3 6363 6359 6362
3 6361 6365 6362
3 6361 6362 6359
3 6363 6362 6364
3 6363 6364 6733
3 6364 6362 6365
3 6364 6365 6367
3 6361 8725 6366
3 6361 6366 6365
3 6366 6368 6367
3 6366 6367 6365
3 6364 6367 6369
3 6364 6369 6370
3 6369 6367 6368
3 6369 6368 6371
3 6375 6370 6369
3 6375 6369 6372
3 6369 6371 6374
3 6369 6374 6372
3 6373 6372 6374
3 6373 6374 6510
3 6373 6377 6375
3 6373 6375 6372
3 6375 6376 6734
3 6375 6734 6370
3 6375 6377 6379
3 6375 6379 6376
3 6381 6379 6377
3 6381 6377 6378
3 6373 6511 6378
3 6373 6378 6377
3 6380 6735 6376
3 6380 6376 6379
3 6380 6379 6381
3 6380 6381 6382
3 6381 6383 6384
3 6381 6384 6382
3 6381 6378 6385
3 6381 6385 6383
3 6388 6384 6383
3 6388 6383 6386
3 6385 6387 6386
3 6385 6386 6383
3 6389 6386 6387
3 6389 6387 6390
3 6389 6391 6388
3 6389 6388 6386
3 6395 6392 6389
3 6395 6389 6390
3 6393 6391 6389
3 6393 6389 6392
3 6393 6392 6394
3 6393 6394 7217
3 6394 6392 6395
3 6394 6395 6397
3 6395 6390 6514
3 6395 6514 6396
3 6399 6397 6395
3 6399 6395 6396
3 6394 6397 6398
3 6394 6398 7214
3 6398 6397 6399
3 6398 6399 6401
3 6403 6401 6399
3 6403 6399 6400
3 6399 6396 6516
3 6399 6516 6400
3 6398 6401 6402
3 6398 6402 7211
3 6402 6401 6403
3 6402 6403 6404
3 6403 6400 6406
3 6403 6406 6405
3 6408 6404 6403
3 6408 6403 6405
3 6518 6407 6405
3 6518 6405 6406
3 6408 6405 6407
3 6408 6407 6410
3 7205 6404 6408
3 7205 6408 6409
3 6411 6409 6408
3 6411 6408 6410
3 6413 6412 6410
3 6413 6410 6407
3 6411 6410 6412
3 6411 6412 6415
3 6413 6482 6414
3 6413 6414 6412
3 6414 6416 6415
3 6414 6415 6412
3 6417 6415 6416
3 6417 6416 6420
3 6417 6418 6411
3 6417 6411 6415
3 8524 6418 6417
3 8524 6417 6419
3 6422 6419 6417
3 6422 6417 6420
3 6484 6421 6420
3 6484 6420 6416
3 6422 6420 6421
3 6422 6421 6424
3 8526 6419 6422
3 8526 6422 6423
3 6425 6423 6422
3 6425 6422 6424
3 6425 6424 6426
3 6425 6426 6429
3 6427 6426 6424
3 6427 6424 6421
3 6427 6488 6428
3 6427 6428 6426
3 6428 6430 6429
3 6428 6429 6426
3 6431 6429 6430
3 6431 6430 6433
3 6431 6432 6425
3 6431 6425 6429
3 6435 6432 6431
3 6435 6431 6434
3 6437 6434 6431
3 6437 6431 6433
3 6435 6434 6436
3 6435 6436 8533
3 6436 6434 6437
3 6436 6437 6438
3 6440 6438 6437
3 6440 6437 6439
3 6437 6433 6442
3 6437 6442 6439
3 6440 6439 6441
3 6440 6441 7142
3 6444 6441 6439
3 6444 6439 6442
3 6443 6442 6433
3 6443 6433 6430
3 6443 6445 6444
3 6443 6444 6442
3 6444 6445 6447
3 6444 6447 6446
3 6444 6446 6448
3 6444 6448 6441
3 6452 6449 6446
3 6452 6446 6447
3 6448 6446 6449
3 6448 6449 6450
3 6451 6547 6450
3 6451 6450 6449
3 6451 6449 6452
3 6451 6452 6453
3 6452 6454 6455
3 6452 6455 6453
3 6452 6447 6456
3 6452 6456 6454
3 6457 6458 6455
3 6457 6455 6454
3 6456 6460 6457
3 6456 6457 6454
3 6457 6459 8724
3 6457 8724 6458
3 6462 6459 6457
3 6462 6457 6460
3 6456 6491 6461
3 6456 6461 6460
3 6461 6463 6462
3 6461 6462 6460
3 6467 6464 6462
3 6467 6462 6463
3 6462 6464 6466
3 6462 6466 6459
3 6520 6466 6464
3 6520 6464 6465
3 6467 6468 6465
3 6467 6465 6464
3 6470 6469 6467
3 6470 6467 6463
3 6472 6468 6467
3 6472 6467 6469
3 6470 6487 6471
3 6470 6471 6469
3 6471 6474 6472
3 6471 6472 6469
3 6472 6473 6228
3 6472 6228 6468
3 6476 6473 6472
3 6476 6472 6474
3 6471 6485 6475
3 6471 6475 6474
3 6475 6477 6476
3 6475 6476 6474
3 6238 6235 6476
3 6238 6476 6477
3 6476 6235 6229
3 6476 6229 6473
3 6478 6479 6238
3 6478 6238 6477
3 6475 6481 6478
3 6475 6478 6477
3 6478 6480 6493
3 6478 6493 6479
3 6478 6481 6482
3 6478 6482 6480
3 6414 6482 6481
3 6414 6481 6483
3 6475 6485 6483
3 6475 6483 6481
3 6414 6483 6484
3 6414 6484 6416
3 6484 6483 6485
3 6484 6485 6486
3 6471 6487 6486
3 6471 6486 6485
3 6484 6486 6427
3 6484 6427 6421
3 6427 6486 6487
3 6427 6487 6488
3 6470 6489 6488
3 6470 6488 6487
3 6428 6488 6489
3 6428 6489 6490
3 6461 6491 6490
3 6461 6490 6489
3 6461 6489 6470
3 6461 6470 6463
3 6428 6490 6443
3 6428 6443 6430
3 6443 6490 6491
3 6443 6491 6445
3 6456 6447 6445
3 6456 6445 6491
3 6413 6492 6480
3 6413 6480 6482
3 6493 6480 6492
3 6493 6492 6495
3 6493 6494 6239
3 6493 6239 6479
3 6493 6495 6497
3 6493 6497 6494
3 6518 6496 6495
3 6518 6495 6492
3 6497 6495 6496
3 6497 6496 6499
3 6497 6498 6243
3 6497 6243 6494
3 6497 6499 6501
3 6497 6501 6498
3 6517 6500 6499
3 6517 6499 6496
3 6501 6499 6500
3 6501 6500 6503
3 6501 6502 6252
3 6501 6252 6498
3 6501 6503 6505
3 6501 6505 6502
3 6515 6504 6503
3 6515 6503 6500
3 6505 6503 6504
3 6505 6504 6506
3 6505 6507 6253
3 6505 6253 6502
3 6505 6506 6509
3 6505 6509 6507
3 6508 6255 6253
3 6508 6253 6507
3 6509 6510 6508
3 6509 6508 6507
3 6509 6511 6373
3 6509 6373 6510
3 6509 6506 6512
3 6509 6512 6511
3 6385 6378 6511
3 6385 6511 6512
3 6513 6512 6506
3 6513 6506 6504
3 6385 6512 6513
3 6385 6513 6387
3 6513 6504 6515
3 6513 6515 6514
3 6513 6514 6390
3 6513 6390 6387
3 6515 6516 6396
3 6515 6396 6514
3 6515 6500 6517
3 6515 6517 6516
3 6517 6406 6400
3 6517 6400 6516
3 6517 6496 6518
3 6517 6518 6406
3 6374 6260 6508
3 6374 6508 6510
3 6252 6245 6243
3 6252 6243 6498
3 6518 6492 6413
3 6518 6413 6407
3 6226 6465 6468
3 6226 6468 6228
3 6520 6521 6519
3 6520 6519 6466
3 6519 8724 6459
3 6519 6459 6466
3 6520 6224 6522
3 6520 6522 6521
3 6226 6224 6520
3 6226 6520 6465
3 6519 6521 6523
3 6519 6523 6524
3 6526 6523 6521
3 6526 6521 6522
3 6525 6535 6524
3 6525 6524 6523
3 6525 6523 6526
3 6525 6526 6528
3 6526 6527 6529
3 6526 6529 6528
3 6526 6522 6223
3 6526 6223 6527
3 6528 6529 6137
3 6528 6137 6134
3 6525 6528 6134
3 6525 6134 6131
3 6527 6532 6530
3 6527 6530 6529
3 6140 6137 6529
3 6140 6529 6530
3 6531 6143 6140
3 6531 6140 6530
3 6531 6530 6532
3 6531 6532 6217
3 6223 6216 6532
3 6223 6532 6527
3 6531 6533 6146
3 6531 6146 6143
3 6213 6533 6531
3 6213 6531 6217
3 6213 6206 6534
3 6213 6534 6533
3 6149 6146 6533
3 6149 6533 6534
3 6149 6534 6207
3 6149 6207 6152
3 6128 6535 6525
3 6128 6525 6131
3 6128 6125 6536
3 6128 6536 6535
3 6537 6524 6535
3 6537 6535 6536
3 6537 6536 6538
3 6537 6538 6539
3 6538 6536 6125
3 6538 6125 6122
3 6538 6540 6541
3 6538 6541 6539
3 6538 6122 6119
3 6538 6119 6540
3 6544 6541 6540
3 6544 6540 6542
3 6119 6116 6542
3 6119 6542 6540
3 6544 6542 6543
3 6544 6543 6545
3 6543 6542 6116
3 6543 6116 6113
3 6451 6453 6544
3 6451 6544 6545
3 6455 6541 6544
3 6455 6544 6453
3 6546 6545 6543
3 6546 6543 6549
3 6546 6547 6451
3 6546 6451 6545
3 6546 6548 7144
3 6546 7144 6547
3 6550 6548 6546
3 6550 6546 6549
3 6550 6549 6110
3 6550 6110 6107
3 6543 6113 6110
3 6543 6110 6549
3 6104 6551 6550
3 6104 6550 6107
3 6550 6551 6553
3 6550 6553 6548
3 6555 6553 6551
3 6555 6551 6552
3 6104 6101 6552
3 6104 6552 6551
3 6554 7144 6548
3 6554 6548 6553
3 6554 6553 6555
3 6554 6555 6556
3 6555 6557 6558
3 6555 6558 6556
3 6555 6552 6559
3 6555 6559 6557
3 6562 6558 6557
3 6562 6557 6560
3 6559 6561 6560
3 6559 6560 6557
3 6563 6560 6561
3 6563 6561 6564
3 6563 6565 6562
3 6563 6562 6560
3 6569 6566 6563
3 6569 6563 6564
3 6567 6565 6563
3 6567 6563 6566
3 6567 6566 6568
3 6567 6568 6576
3 6568 6566 6569
3 6568 6569 6570
3 6569 6564 6092
3 6569 6092 6089
3 6086 6570 6569
3 6086 6569 6089
3 6568 6570 6571
3 6568 6571 6573
3 6571 6570 6086
3 6571 6086 6083
3 6571 6083 6080
3 6571 6080 6572
3 6571 6572 6574
3 6571 6574 6573
3 6577 6575 6573
3 6577 6573 6574
3 6568 6573 6575
3 6568 6575 6576
3 6578 6579 6576
3 6578 6576 6575
3 6577 6580 6578
3 6577 6578 6575
3 6578 6581 6583
3 6578 6583 6579
3 6578 6580 6584
3 6578 6584 6581
3 6583 6581 6582
3 6583 6582 7160
3 6585 6582 6581
3 6585 6581 6584
3 6586 6589 6585
3 6586 6585 6584
3 6586 6584 6580
3 6586 6580 6587
3 8715 6588 6586
3 8715 6586 6587
3 6586 6588 6590
3 6586 6590 6589
3 6594 6591 6589
3 6594 6589 6590
3 6585 6589 6591
3 6585 6591 6593
3 6592 7163 6593
3 6592 6593 6591
3 6594 6596 6592
3 6594 6592 6591
3 8711 6595 6594
3 8711 6594 6590
3 6594 6595 6597
3 6594 6597 6596
3 6599 6598 6596
3 6599 6596 6597
3 6592 6596 6598
3 6592 6598 6600
3 6601 6598 6599
3 6601 6599 6604
3 6601 6602 6600
3 6601 6600 6598
3 7103 6602 6601
3 7103 6601 6603
3 6601 6604 6606
3 6601 6606 6603
3 6599 6037 6605
3 6599 6605 6604
3 6604 6605 6607
3 6604 6607 6606
3 6611 6608 6606
3 6611 6606 6607
3 6603 6606 6608
3 6603 6608 6609
3 6610 8568 6609
3 6610 6609 6608
3 6611 6613 6610
3 6611 6610 6608
3 8710 6612 6611
3 8710 6611 6607
3 6611 6612 6614
3 6611 6614 6613
3 6610 6613 6615
3 6610 6615 6616
3 6617 6615 6613
3 6617 6613 6614
3 6618 6619 6616
3 6618 6616 6615
3 6617 6620 6618
3 6617 6618 6615
3 6618 6621 6623
3 6618 6623 6619
3 6618 6620 6622
3 6618 6622 6621
3 6627 6624 6621
3 6627 6621 6622
3 6623 6621 6624
3 6623 6624 6625
3 6626 8569 6625
3 6626 6625 6624
3 6626 6624 6627
3 6626 6627 6628
3 6627 6629 6630
3 6627 6630 6628
3 6627 6622 6631
3 6627 6631 6629
3 6633 6630 6629
3 6633 6629 6632
3 6631 6634 6632
3 6631 6632 6629
3 6633 6632 6635
3 6633 6635 6636
3 6635 6632 6634
3 6635 6634 6638
3 6635 6637 8570
3 6635 8570 6636
3 6635 6638 6639
3 6635 6639 6637
3 6641 6640 6638
3 6641 6638 6634
3 6639 6638 6640
3 6639 6640 6643
3 6641 8708 6642
3 6641 6642 6640
3 6642 6644 6643
3 6642 6643 6640
3 6645 6643 6644
3 6645 6644 6647
3 6639 6643 6645
3 6639 6645 6648
3 6645 6646 6650
3 6645 6650 6648
3 6645 6647 8697
3 6645 8697 6646
3 6651 6649 6648
3 6651 6648 6650
3 6639 6648 6649
3 6639 6649 6637
3 6652 6653 6651
3 6652 6651 6650
3 6652 6650 6646
3 6652 6646 6654
3 6652 6655 6657
3 6652 6657 6653
3 6658 6655 6652
3 6658 6652 6654
3 8572 6657 6655
3 8572 6655 6656
3 6658 6659 6656
3 6658 6656 6655
3 6662 6659 6658
3 6662 6658 6660
3 6658 6654 6661
3 6658 6661 6660
3 6013 6011 6660
3 6013 6660 6661
3 6662 6660 6011
3 6662 6011 6663
3 6662 6664 6666
3 6662 6666 6659
3 6667 6664 6662
3 6667 6662 6663
3 6674 6666 6664
3 6674 6664 6665
3 6667 6668 6665
3 6667 6665 6664
3 6667 6663 6006
3 6667 6006 6002
3 6000 6668 6667
3 6000 6667 6002
3 6000 5997 6669
3 6000 6669 6668
3 6670 6665 6668
3 6670 6668 6669
3 6335 6669 5997
3 6335 5997 6333
3 6335 6338 6670
3 6335 6670 6669
3 6670 6338 6672
3 6670 6672 6671
3 6670 6671 6674
3 6670 6674 6665
3 8696 6673 6671
3 8696 6671 6672
3 6674 6671 6673
3 6674 6673 6675
3 6674 6675 6676
3 6674 6676 6666
3 6678 6677 6675
3 6678 6675 6673
3 6676 6675 6677
3 6676 6677 6679
3 6680 6677 6678
3 6680 6678 6683
3 6680 6681 6679
3 6680 6679 6677
3 8574 6681 6680
3 8574 6680 6682
3 6680 6683 6684
3 6680 6684 6682
3 6678 6687 6685
3 6678 6685 6683
3 6688 6684 6683
3 6688 6683 6685
3 6690 6688 6685
3 6690 6685 6686
3 6686 6685 6687
3 6686 6687 8695
3 6689 8575 6684
3 6689 6684 6688
3 6690 6692 6689
3 6690 6689 6688
3 8688 6691 6690
3 8688 6690 6686
3 6690 6691 6693
3 6690 6693 6692
3 6695 6694 6692
3 6695 6692 6693
3 6689 6692 6694
3 6689 6694 6696
3 6697 6694 6695
3 6697 6695 6698
3 6697 6699 6696
3 6697 6696 6694
3 6697 6698 6703
3 6697 6703 6700
3 6702 6699 6697
3 6702 6697 6700
3 6702 6700 6701
3 6702 6701 8582
3 6704 6701 6700
3 6704 6700 6703
3 6704 6703 6705
3 6704 6705 6706
3 6705 6703 6698
3 6705 6698 6707
3 6709 6706 6705
3 6709 6705 6708
3 6705 6707 6710
3 6705 6710 6708
3 6711 6712 6709
3 6711 6709 6708
3 6711 6708 6710
3 6711 6710 6713
3 6711 6714 6716
3 6711 6716 6712
3 6715 6714 6711
3 6715 6711 6713
3 6715 6720 6717
3 6715 6717 6714
3 6718 6716 6714
3 6718 6714 6717
3 6718 6717 6719
3 6718 6719 8617
3 6719 6717 6720
3 6719 6720 6721
3 6722 6720 6715
3 6722 6715 6724
3 6722 6725 6721
3 6722 6721 6720
3 6722 6724 8677
3 6722 8677 6723
3 6727 6725 6722
3 6727 6722 6723
3 6727 6729 6726
3 6727 6726 6725
3 8663 6721 6725
3 8663 6725 6726
3 6727 6723 8675
3 6727 8675 6728
3 6731 6729 6727
3 6731 6727 6728
3 6731 6732 6730
3 6731 6730 6729
3 8670 6726 6729
3 8670 6729 6730
3 6734 6732 6731
3 6734 6731 6733
3 6731 6728 6363
3 6731 6363 6733
3 6734 6733 6364
3 6734 6364 6370
3 6734 6376 6735
3 6734 6735 6732
3 6736 6730 6732
3 6736 6732 6735
3 6736 6735 6380
3 6736 6380 6738
3 8670 6730 6736
3 8670 6736 6737
3 6736 6738 6739
3 6736 6739 6737
3 6741 6739 6738
3 6741 6738 6740
3 6380 6382 6740
3 6380 6740 6738
3 6742 6743 6741
3 6742 6741 6740
3 6742 6740 6382
3 6742 6382 6384
3 6745 6743 6742
3 6745 6742 6744
3 6388 6744 6742
3 6388 6742 6384
3 6745 6744 6746
3 6745 6746 6748
3 6746 6744 6388
3 6746 6388 6391
3 6746 6747 6749
3 6746 6749 6748
3 6746 6391 6393
3 6746 6393 6747
3 6751 6750 6748
3 6751 6748 6749
3 6745 6748 6750
3 6745 6750 6753
3 6751 7288 6752
3 6751 6752 6750
3 6752 6755 6753
3 6752 6753 6750
3 6754 6753 6755
3 6754 6755 6757
3 6754 6743 6745
3 6754 6745 6753
3 6752 7285 6756
3 6752 6756 6755
3 6756 6759 6757
3 6756 6757 6755
3 6758 8669 6754
3 6758 6754 6757
3 6758 6757 6759
3 6758 6759 6761
3 6756 7283 6760
3 6756 6760 6759
3 6760 6762 6761
3 6760 6761 6759
3 6763 6761 6762
3 6763 6762 6766
3 6763 6765 6758
3 6763 6758 6761
3 6767 6764 6763
3 6767 6763 6766
3 6763 6764 8666
3 6763 8666 6765
3 6771 6768 6766
3 6771 6766 6762
3 6767 6766 6768
3 6767 6768 6770
3 6771 6773 6769
3 6771 6769 6768
3 6769 8627 6770
3 6769 6770 6768
3 6760 6772 6771
3 6760 6771 6762
3 6771 6772 6774
3 6771 6774 6773
3 6778 6775 6773
3 6778 6773 6774
3 6769 6773 6775
3 6769 6775 6777
3 6778 6780 6776
3 6778 6776 6775
3 6776 6789 6777
3 6776 6777 6775
3 7284 6779 6778
3 7284 6778 6774
3 6778 6779 6781
3 6778 6781 6780
3 6783 6782 6780
3 6783 6780 6781
3 6776 6780 6782
3 6776 6782 6785
3 6783 7304 6784
3 6783 6784 6782
3 6784 6786 6785
3 6784 6785 6782
3 6787 6785 6786
3 6787 6786 6788
3 6776 6785 6787
3 6776 6787 6789
3 6787 6788 6792
3 6787 6792 6790
3 6787 6790 6791
3 6787 6791 6789
3 6794 6791 6790
3 6794 6790 6793
3 6792 6796 6793
3 6792 6793 6790
3 6794 6793 6795
3 6794 6795 8629
3 6795 6793 6796
3 6795 6796 6798
3 6792 8521 6797
3 6792 6797 6796
3 6797 6800 6798
3 6797 6798 6796
3 6795 6798 6799
3 6795 6799 8632
3 6799 6798 6800
3 6799 6800 6802
3 6797 7472 6801
3 6797 6801 6800
3 6801 6804 6802
3 6801 6802 6800
3 6799 6802 6803
3 6799 6803 8660
3 6803 6802 6804
3 6803 6804 6806
3 6801 7474 6805
3 6801 6805 6804
3 6805 6807 6806
3 6805 6806 6804
3 6808 6806 6807
3 6808 6807 6811
3 6803 6806 6808
3 6803 6808 6809
3 6808 6810 8642
3 6808 8642 6809
3 6808 6811 6812
3 6808 6812 6810
3 6811 6807 6814
3 6811 6814 6813
3 6811 6813 6816
3 6811 6816 6812
3 7480 6815 6813
3 7480 6813 6814
3 6816 6813 6815
3 6816 6815 6818
3 6816 6817 8659
3 6816 8659 6812
3 6816 6818 6819
3 6816 6819 6817
3 6818 6820 6822
3 6818 6822 6819
3 6818 6815 6821
3 6818 6821 6820
3 6820 6821 6824
3 6820 6824 6823
3 6820 6823 6825
3 6820 6825 6822
3 6823 6824 6829
3 6823 6829 6826
3 6823 6826 6828
3 6823 6828 6825
3 6826 6827 6860
3 6826 6860 6828
3 6826 6829 6831
3 6826 6831 6827
3 7482 6830 6829
3 7482 6829 6824
3 6830 6832 6831
3 6830 6831 6829
3 6827 6831 6833
3 6827 6833 6835
3 6832 6834 6833
3 6832 6833 6831
3 6836 6833 6834
3 6836 6834 6837
3 6835 6833 6836
3 6835 6836 6838
3 6836 6837 6840
3 6836 6840 6839
3 6836 6839 6842
3 6836 6842 6838
3 6840 8468 6841
3 6840 6841 6839
3 6843 6842 6839
3 6843 6839 6841
3 6844 6847 6838
3 6844 6838 6842
3 6844 6842 6843
3 6844 6843 6846
3 6845 6844 6846
3 6845 6846 8476
3 6845 6849 6847
3 6845 6847 6844
3 6835 6838 6847
3 6835 6847 6848
3 6849 6850 6848
3 6849 6848 6847
3 6845 6853 6851
3 6845 6851 6849
3 6849 6851 6854
3 6849 6854 6850
3 6852 6855 6854
3 6852 6854 6851
3 6852 6851 6853
3 6852 6853 8481
3 6857 6856 6854
3 6857 6854 6855
3 6850 6854 6856
3 6850 6856 6859
3 6857 6862 6858
3 6857 6858 6856
3 6861 6859 6856
3 6861 6856 6858
3 6861 6828 6860
3 6861 6860 6859
3 6850 6859 6860
3 6850 6860 6848
3 6861 6858 6825
3 6861 6825 6828
3 6827 6835 6848
3 6827 6848 6860
3 6822 6825 6858
3 6822 6858 6862
3 6857 6864 6863
3 6857 6863 6862
3 6822 6862 6863
3 6822 6863 6819
3 6863 6864 6867
3 6863 6867 6865
3 6819 6863 6865
3 6819 6865 6817
3 6817 6865 6866
3 6817 6866 8659
3 6868 6866 6865
3 6868 6865 6867
3 6868 6867 6869
3 6868 6869 6872
3 6870 6869 6867
3 6870 6867 6864
3 6871 6869 6870
3 6871 6870 8346
3 6873 6872 6869
3 6873 6869 6871
3 6868 6872 6874
3 6868 6874 6876
3 6873 6877 6874
3 6873 6874 6872
3 6877 6879 6875
3 6877 6875 6874
3 6889 6876 6874
3 6889 6874 6875
3 6873 8340 6878
3 6873 6878 6877
3 6877 6878 6880
3 6877 6880 6879
3 6884 6875 6879
3 6884 6879 6881
3 6880 6882 6881
3 6880 6881 6879
3 6883 6881 6882
3 6883 6882 8322
3 6884 6881 6883
3 6884 6883 6885
3 6884 6885 6887
3 6884 6887 6886
3 6889 6875 6884
3 6889 6884 6886
3 8312 6888 6886
3 8312 6886 6887
3 6889 6886 6888
3 6889 6888 6890
3 6891 6876 6889
3 6891 6889 6890
3 6891 6890 6892
3 6891 6892 6893
3 6894 6892 6890
3 6894 6890 6888
3 6895 6896 6893
3 6895 6893 6892
3 6894 6897 6895
3 6894 6895 6892
3 6895 6898 6900
3 6895 6900 6896
3 6895 6897 6899
3 6895 6899 6898
3 6904 6901 6898
3 6904 6898 6899
3 6900 6898 6901
3 6900 6901 6902
3 6903 8591 6902
3 6903 6902 6901
3 6903 6901 6904
3 6903 6904 6905
3 6904 6906 6907
3 6904 6907 6905
3 6904 6899 6908
3 6904 6908 6906
3 6909 6911 6907
3 6909 6907 6906
3 6908 6910 6909
3 6908 6909 6906
3 6914 6912 6909
3 6914 6909 6910
3 6909 6912 6915
3 6909 6915 6911
3 6916 6915 6912
3 6916 6912 6913
3 6914 8293 6913
3 6914 6913 6912
3 6916 6920 6917
3 6916 6917 6915
3 6917 6919 6911
3 6917 6911 6915
3 6917 6920 6922
3 6917 6922 6918
3 6917 6918 8674
3 6917 8674 6919
3 6916 8288 6921
3 6916 6921 6920
3 6923 6922 6920
3 6923 6920 6921
3 6924 6927 6918
3 6924 6918 6922
3 6924 6922 6923
3 6924 6923 6926
3 6929 6927 6924
3 6929 6924 6925
3 6924 6926 8278
3 6924 8278 6925
3 8674 6918 6927
3 8674 6927 6928
3 6929 6931 6928
3 6929 6928 6927
3 6933 6931 6929
3 6933 6929 6930
3 6929 6925 8281
3 6929 8281 6930
3 8673 6928 6931
3 8673 6931 6932
3 6933 6934 6932
3 6933 6932 6931
3 6937 6934 6933
3 6937 6933 6935
3 6933 6930 6938
3 6933 6938 6935
3 6937 6935 6936
3 6937 6936 8576
3 6935 6938 6940
3 6935 6940 6936
3 6941 6940 6938
3 6941 6938 6939
3 6930 8281 6939
3 6930 6939 6938
3 6941 6945 6942
3 6941 6942 6940
3 6942 6944 6936
3 6942 6936 6940
3 6942 6945 6947
3 6942 6947 6943
3 6942 6943 8574
3 6942 8574 6944
3 6941 8283 6946
3 6941 6946 6945
3 6949 6947 6945
3 6949 6945 6946
3 6948 8571 6943
3 6948 6943 6947
3 6948 6947 6949
3 6948 6949 6950
3 6949 6951 6952
3 6949 6952 6950
3 6949 6946 6953
3 6949 6953 6951
3 6955 6952 6951
3 6955 6951 6954
3 6953 6957 6954
3 6953 6954 6951
3 6955 6954 6956
3 6955 6956 8570
3 6956 6954 6957
3 6956 6957 6958
3 6953 6960 6959
3 6953 6959 6957
3 6959 6962 6958
3 6959 6958 6957
3 6959 6960 8282
3 6959 8282 6961
3 6959 6961 6963
3 6959 6963 6962
3 6967 6958 6962
3 6967 6962 6964
3 6963 6966 6964
3 6963 6964 6962
3 6967 6964 6965
3 6967 6965 6969
3 6965 6964 6966
3 6965 6966 8270
3 6956 6958 6967
3 6956 6967 6968
3 6967 6969 6971
3 6967 6971 6968
3 6972 6971 6969
3 6972 6969 6970
3 6965 8274 6970
3 6965 6970 6969
3 6972 6630 6633
3 6972 6633 6971
3 6633 6636 6968
3 6633 6968 6971
3 6975 6973 6972
3 6975 6972 6970
3 6972 6973 6628
3 6972 6628 6630
3 6626 6628 6973
3 6626 6973 6974
3 6975 6977 6974
3 6975 6974 6973
3 6978 6977 6975
3 6978 6975 6976
3 6975 6970 8274
3 6975 8274 6976
3 6978 6980 6979
3 6978 6979 6977
3 6981 6974 6977
3 6981 6977 6979
3 6982 6979 6980
3 6982 6980 6984
3 6982 6983 6981
3 6982 6981 6979
3 6982 6985 6987
3 6982 6987 6983
3 6988 6985 6982
3 6988 6982 6984
3 7079 6987 6985
3 7079 6985 6986
3 6988 6989 6986
3 6988 6986 6985
3 6993 6989 6988
3 6993 6988 6990
3 6988 6984 6991
3 6988 6991 6990
3 8234 6992 6990
3 8234 6990 6991
3 6993 6990 6992
3 6993 6992 6994
3 6998 6995 6993
3 6998 6993 6994
3 6993 6995 6997
3 6993 6997 6989
3 7071 6997 6995
3 7071 6995 6996
3 6998 7000 6996
3 6998 6996 6995
3 6998 6994 7863
3 6998 7863 6999
3 7001 7000 6998
3 7001 6998 6999
3 7001 7003 7002
3 7001 7002 7000
3 7004 6996 7000
3 7004 7000 7002
3 7005 7002 7003
3 7005 7003 7008
3 7004 7002 7005
3 7004 7005 7006
3 7005 7007 7061
3 7005 7061 7006
3 7005 7008 7010
3 7005 7010 7007
3 7010 7008 7009
3 7010 7009 7011
3 7866 7009 7008
3 7866 7008 7003
3 7010 7012 7013
3 7010 7013 7007
3 7010 7011 7014
3 7010 7014 7012
3 7016 7013 7012
3 7016 7012 7015
3 7014 7017 7015
3 7014 7015 7012
3 7016 7015 7018
3 7016 7018 7019
3 7018 7015 7017
3 7018 7017 7020
3 7018 7021 7022
3 7018 7022 7019
3 7018 7020 7023
3 7018 7023 7021
3 7027 7022 7021
3 7027 7021 7024
3 7023 7026 7024
3 7023 7024 7021
3 7025 7024 7026
3 7025 7026 7254
3 7028 7027 7024
3 7028 7024 7025
3 7029 7030 7022
3 7029 7022 7027
3 7028 7031 7029
3 7028 7029 7027
3 7029 7032 7033
3 7029 7033 7030
3 7029 7031 7034
3 7029 7034 7032
3 7033 7032 7035
3 7033 7035 7037
3 7036 7035 7032
3 7036 7032 7034
3 7038 7035 7036
3 7038 7036 7040
3 7038 7041 7037
3 7038 7037 7035
3 7038 7040 7248
3 7038 7248 7039
3 7043 7041 7038
3 7043 7038 7039
3 7068 7037 7041
3 7068 7041 7042
3 7043 7045 7042
3 7043 7042 7041
3 7043 7039 8534
3 7043 8534 7044
3 7046 7045 7043
3 7046 7043 7044
3 7046 7048 7047
3 7046 7047 7045
3 7050 7042 7045
3 7050 7045 7047
3 7049 7047 7048
3 7049 7048 8540
3 7050 7047 7049
3 7050 7049 7052
3 7050 7052 7053
3 7050 7053 7051
3 7068 7042 7050
3 7068 7050 7051
3 7052 7054 7057
3 7052 7057 7053
3 7049 7056 7054
3 7049 7054 7052
3 7056 8543 7055
3 7056 7055 7054
3 7058 7057 7054
3 7058 7054 7055
3 7058 7060 7059
3 7058 7059 7057
3 7059 7062 7053
3 7059 7053 7057
3 7059 7060 7006
3 7059 7006 7061
3 7059 7061 7064
3 7059 7064 7062
3 7064 7065 7063
3 7064 7063 7062
3 7051 7053 7062
3 7051 7062 7063
3 7064 7061 7007
3 7064 7007 7013
3 7064 7013 7016
3 7064 7016 7065
3 7016 7019 7066
3 7016 7066 7065
3 7067 7063 7065
3 7067 7065 7066
3 7030 7066 7019
3 7030 7019 7022
3 7033 7067 7066
3 7033 7066 7030
3 7033 7037 7068
3 7033 7068 7067
3 7068 7051 7063
3 7068 7063 7067
3 7058 7070 7069
3 7058 7069 7060
3 7004 7006 7060
3 7004 7060 7069
3 7071 7069 7070
3 7071 7070 7072
3 7071 6996 7004
3 7071 7004 7069
3 7073 6997 7071
3 7073 7071 7072
3 7073 7072 7074
3 7073 7074 7077
3 7076 7074 7072
3 7076 7072 7070
3 7075 7078 7077
3 7075 7077 7074
3 7075 7074 7076
3 7075 7076 8548
3 7079 6986 7073
3 7079 7073 7077
3 7079 7077 7078
3 7079 7078 7080
3 7082 6987 7079
3 7082 7079 7080
3 8553 7081 7080
3 8553 7080 7078
3 7082 7080 7081
3 7082 7081 7084
3 7082 7083 6983
3 7082 6983 6987
3 7085 7083 7082
3 7085 7082 7084
3 7087 7086 7084
3 7087 7084 7081
3 7085 7084 7086
3 7085 7086 7088
3 7089 7086 7087
3 7089 7087 7090
3 7089 7091 7088
3 7089 7088 7086
3 7089 7090 7095
3 7089 7095 7092
3 7093 7091 7089
3 7093 7089 7092
3 7093 7092 7094
3 7093 7094 8568
3 7097 7094 7092
3 7097 7092 7095
3 7096 7095 7090
3 7096 7090 8554
3 7098 7097 7095
3 7098 7095 7096
3 7098 7100 7099
3 7098 7099 7097
3 7099 7102 7094
3 7099 7094 7097
3 7099 7100 7104
3 7099 7104 7101
3 7099 7101 7103
3 7099 7103 7102
3 7102 6609 8568
3 7102 8568 7094
3 7103 6603 6609
3 7103 6609 7102
3 7103 7101 7105
3 7103 7105 6602
3 7107 7105 7101
3 7107 7101 7104
3 7106 7105 7107
3 7106 7107 7108
3 7106 6600 6602
3 7106 6602 7105
3 7107 7109 7110
3 7107 7110 7108
3 7107 7104 7111
3 7107 7111 7109
3 7115 7110 7109
3 7115 7109 7112
3 7111 7113 7112
3 7111 7112 7109
3 7114 7112 7113
3 7114 7113 8562
3 7115 7112 7114
3 7115 7114 7117
3 7115 7117 7118
3 7115 7118 7116
3 7161 7110 7115
3 7161 7115 7116
3 7120 7118 7117
3 7120 7117 7119
3 7114 7121 7119
3 7114 7119 7117
3 7120 7119 7122
3 7120 7122 7124
3 7122 7119 7121
3 7122 7121 7123
3 7122 7123 7127
3 7122 7127 7125
3 7122 7125 7128
3 7122 7128 7124
3 7127 7164 7126
3 7127 7126 7125
3 7129 7128 7125
3 7129 7125 7126
3 7129 7132 7130
3 7129 7130 7128
3 7130 7131 7124
3 7130 7124 7128
3 7130 7133 7134
3 7130 7134 7131
3 7130 7132 7135
3 7130 7135 7133
3 7134 7133 7136
3 7134 7136 7137
3 7136 7133 7135
3 7136 7135 7139
3 7145 7137 7136
3 7145 7136 7138
3 7136 7139 7140
3 7136 7140 7138
3 7143 7140 7139
3 7143 7139 7141
3 7135 7142 7141
3 7135 7141 7139
3 6448 7141 7142
3 6448 7142 6441
3 6448 6450 7143
3 6448 7143 7141
3 7143 7144 6554
3 7143 6554 7140
3 7143 6450 6547
3 7143 6547 7144
3 7135 7132 6440
3 7135 6440 7142
3 6554 6556 7138
3 6554 7138 7140
3 7145 7138 6556
3 7145 6556 6558
3 7147 7137 7145
3 7147 7145 7146
3 6562 7146 7145
3 6562 7145 6558
3 7147 7146 7148
3 7147 7148 7150
3 7148 7146 6562
3 7148 6562 6565
3 7148 7149 7151
3 7148 7151 7150
3 7148 6565 6567
3 7148 6567 7149
3 7153 7152 7150
3 7153 7150 7151
3 7147 7150 7152
3 7147 7152 7155
3 7153 7157 7154
3 7153 7154 7152
3 7154 7156 7155
3 7154 7155 7152
3 7134 7155 7156
3 7134 7156 7131
3 7134 7137 7147
3 7134 7147 7155
3 7120 7124 7131
3 7120 7131 7156
3 7154 7118 7120
3 7154 7120 7156
3 7154 7157 7116
3 7154 7116 7118
3 7161 7116 7157
3 7161 7157 7158
3 7153 7160 7158
3 7153 7158 7157
3 7159 7162 7161
3 7159 7161 7158
3 7159 7158 7160
3 7159 7160 6582
3 7161 7162 7108
3 7161 7108 7110
3 7159 6593 7163
3 7159 7163 7162
3 7106 7108 7162
3 7106 7162 7163
3 6592 6600 7106
3 6592 7106 7163
3 6583 7160 7153
3 6583 7153 7151
3 6585 6593 7159
3 6585 7159 6582
3 6583 7151 7149
3 6583 7149 6579
3 6567 6576 6579
3 6567 6579 7149
3 7129 6438 6440
3 7129 6440 7132
3 6436 6438 7129
3 6436 7129 7126
3 7127 7165 7167
3 7127 7167 7164
3 7127 7123 7166
3 7127 7166 7165
3 7171 7168 7165
3 7171 7165 7166
3 7167 7165 7168
3 7167 7168 7170
3 7171 7173 7169
3 7171 7169 7168
3 7169 7181 7170
3 7169 7170 7168
3 8567 7172 7171
3 8567 7171 7166
3 7171 7172 7174
3 7171 7174 7173
3 7176 7175 7173
3 7176 7173 7174
3 7169 7173 7175
3 7169 7175 7178
3 7176 8566 7177
3 7176 7177 7175
3 7177 7179 7178
3 7177 7178 7175
3 7169 7178 7180
3 7169 7180 7181
3 7180 7178 7179
3 7180 7179 7182
3 7180 7183 7184
3 7180 7184 7181
3 7180 7182 7185
3 7180 7185 7183
3 7188 7184 7183
3 7188 7183 7186
3 7185 7187 7186
3 7185 7186 7183
3 7189 7186 7187
3 7189 7187 7192
3 7188 7186 7189
3 7188 7189 7190
3 7189 7191 8525
3 7189 8525 7190
3 7189 7192 7193
3 7189 7193 7191
3 7195 7194 7192
3 7195 7192 7187
3 7193 7192 7194
3 7193 7194 7197
3 7195 8534 7196
3 7195 7196 7194
3 7196 7198 7197
3 7196 7197 7194
3 7199 7197 7198
3 7199 7198 7201
3 7193 7197 7199
3 7193 7199 7202
3 7199 7200 7204
3 7199 7204 7202
3 7199 7201 7209
3 7199 7209 7200
3 7193 7202 7203
3 7193 7203 7191
3 7206 7203 7202
3 7206 7202 7204
3 7205 7204 7200
3 7205 7200 7207
3 7205 6409 7206
3 7205 7206 7204
3 7206 6409 6411
3 7206 6411 6418
3 7206 6418 8524
3 7206 8524 7203
3 6402 6404 7205
3 6402 7205 7207
3 7209 7208 7207
3 7209 7207 7200
3 6402 7207 7208
3 6402 7208 7211
3 7209 7247 7210
3 7209 7210 7208
3 7210 7212 7211
3 7210 7211 7208
3 6398 7211 7212
3 6398 7212 7214
3 7210 7249 7213
3 7210 7213 7212
3 7213 7215 7214
3 7213 7214 7212
3 6394 7214 7215
3 6394 7215 7217
3 7213 7225 7216
3 7213 7216 7215
3 7216 7218 7217
3 7216 7217 7215
3 6393 7217 7218
3 6393 7218 6747
3 7216 7221 7219
3 7216 7219 7218
3 7219 6749 6747
3 7219 6747 7218
3 7219 7220 6751
3 7219 6751 6749
3 7219 7221 7222
3 7219 7222 7220
3 7226 7222 7221
3 7226 7221 7223
3 7216 7225 7223
3 7216 7223 7221
3 7224 7223 7225
3 7224 7225 7250
3 7224 7228 7226
3 7224 7226 7223
3 7226 7227 7290
3 7226 7290 7222
3 7226 7228 7229
3 7226 7229 7227
3 7231 7229 7228
3 7231 7228 7230
3 7224 7232 7230
3 7224 7230 7228
3 7233 7234 7231
3 7233 7231 7230
3 7233 7230 7232
3 7233 7232 7235
3 7233 7236 7237
3 7233 7237 7234
3 7238 7236 7233
3 7238 7233 7235
3 7028 7237 7236
3 7028 7236 7031
3 7238 7034 7031
3 7238 7031 7236
3 7036 7034 7238
3 7036 7238 7239
3 7238 7235 7241
3 7238 7241 7239
3 7243 7240 7239
3 7243 7239 7241
3 7036 7239 7240
3 7036 7240 7040
3 7242 7241 7235
3 7242 7235 7232
3 7243 7241 7242
3 7243 7242 7244
3 7246 7240 7243
3 7246 7243 7245
3 7243 7244 7247
3 7243 7247 7245
3 7246 7245 7201
3 7246 7201 7198
3 7209 7201 7245
3 7209 7245 7247
3 7210 7247 7244
3 7210 7244 7249
3 7246 7248 7040
3 7246 7040 7240
3 7196 7248 7246
3 7196 7246 7198
3 7196 8534 7039
3 7196 7039 7248
3 7242 7250 7249
3 7242 7249 7244
3 7213 7249 7250
3 7213 7250 7225
3 7242 7232 7224
3 7242 7224 7250
3 7251 7237 7028
3 7251 7028 7025
3 7251 7252 7234
3 7251 7234 7237
3 7251 7025 7254
3 7251 7254 7253
3 7256 7252 7251
3 7256 7251 7253
3 7253 7254 8000
3 7253 8000 7255
3 7256 7253 7255
3 7256 7255 7257
3 7261 7258 7256
3 7261 7256 7257
3 7256 7258 7260
3 7256 7260 7252
3 7295 7260 7258
3 7295 7258 7259
3 7261 7263 7259
3 7261 7259 7258
3 7261 7257 7997
3 7261 7997 7262
3 7264 7263 7261
3 7264 7261 7262
3 7264 7268 7265
3 7264 7265 7263
3 7266 7259 7263
3 7266 7263 7265
3 7266 7265 7267
3 7266 7267 7293
3 7267 7265 7268
3 7267 7268 7270
3 7269 7268 7264
3 7269 7264 7994
3 7269 7271 7270
3 7269 7270 7268
3 7272 7270 7271
3 7272 7271 7273
3 7267 7270 7272
3 7267 7272 7274
3 7272 7273 7277
3 7272 7277 7275
3 7272 7275 7278
3 7272 7278 7274
3 7277 7296 7276
3 7277 7276 7275
3 7280 7278 7275
3 7280 7275 7276
3 7279 7278 7280
3 7279 7280 7281
3 7279 7294 7274
3 7279 7274 7278
3 7280 7282 7283
3 7280 7283 7281
3 7280 7276 7284
3 7280 7284 7282
3 6760 7283 7282
3 6760 7282 6772
3 7284 6774 6772
3 7284 6772 7282
3 7284 7276 7296
3 7284 7296 6779
3 6756 7285 7281
3 6756 7281 7283
3 7279 7281 7285
3 7279 7285 7286
3 6752 7288 7286
3 6752 7286 7285
3 7287 7294 7279
3 7287 7279 7286
3 7287 7286 7288
3 7287 7288 7289
3 6751 7220 7289
3 6751 7289 7288
3 7290 7289 7220
3 7290 7220 7222
3 7290 7291 7287
3 7290 7287 7289
3 7290 7227 7292
3 7290 7292 7291
3 7266 7293 7291
3 7266 7291 7292
3 7287 7291 7293
3 7287 7293 7294
3 7267 7274 7294
3 7267 7294 7293
3 7295 7292 7227
3 7295 7227 7229
3 7295 7259 7266
3 7295 7266 7292
3 7231 7260 7295
3 7231 7295 7229
3 7277 7297 7300
3 7277 7300 7296
3 7277 7273 7299
3 7277 7299 7297
3 7988 7298 7297
3 7988 7297 7299
3 7300 7297 7298
3 7300 7298 7301
3 7300 6781 6779
3 7300 6779 7296
3 7300 7301 6783
3 7300 6783 6781
3 6783 7301 7302
3 6783 7302 7304
3 7303 7302 7301
3 7303 7301 7298
3 7305 7302 7303
3 7305 7303 7306
3 7305 7308 7304
3 7305 7304 7302
3 7305 7306 7322
3 7305 7322 7307
3 7309 7308 7305
3 7309 7305 7307
3 7309 7312 7310
3 7309 7310 7308
3 6784 7304 7308
3 6784 7308 7310
3 6784 7310 7311
3 6784 7311 6786
3 7311 7310 7312
3 7311 7312 7313
3 7314 7312 7309
3 7314 7309 7317
3 7314 7316 7313
3 7314 7313 7312
3 7314 7317 7318
3 7314 7318 7315
3 7466 7316 7314
3 7466 7314 7315
3 7309 7307 7319
3 7309 7319 7317
3 7317 7319 7320
3 7317 7320 7318
3 7307 7322 7321
3 7307 7321 7319
3 7324 7320 7319
3 7324 7319 7321
3 7323 7321 7322
3 7323 7322 7987
3 7323 7325 7324
3 7323 7324 7321
3 7324 7325 7327
3 7324 7327 7326
3 7324 7326 7329
3 7324 7329 7320
3 8217 7328 7326
3 8217 7326 7327
3 7329 7326 7328
3 7329 7328 7331
3 7329 7330 7318
3 7329 7318 7320
3 7329 7331 7332
3 7329 7332 7330
3 7334 7333 7331
3 7334 7331 7328
3 7332 7331 7333
3 7332 7333 7336
3 7334 8219 7335
3 7334 7335 7333
3 7335 7337 7336
3 7335 7336 7333
3 7338 7336 7337
3 7338 7337 7340
3 7332 7336 7338
3 7332 7338 7339
3 7338 7341 7343
3 7338 7343 7339
3 7338 7340 7344
3 7338 7344 7341
3 7344 7346 7342
3 7344 7342 7341
3 7341 7342 7461
3 7341 7461 7343
3 7344 7340 8227
3 7344 8227 7345
3 7344 7345 7348
3 7344 7348 7346
3 7456 7342 7346
3 7456 7346 7347
3 7348 7349 7347
3 7348 7347 7346
3 7348 7345 7351
3 7348 7351 7350
3 7348 7350 7352
3 7348 7352 7349
3 7356 7353 7350
3 7356 7350 7351
3 7352 7350 7353
3 7352 7353 7355
3 7356 7358 7354
3 7356 7354 7353
3 7354 7433 7355
3 7354 7355 7353
3 8225 7357 7356
3 8225 7356 7351
3 7356 7357 7359
3 7356 7359 7358
3 7363 7360 7358
3 7363 7358 7359
3 7354 7358 7360
3 7354 7360 7362
3 7361 7439 7362
3 7361 7362 7360
3 7361 7360 7363
3 7361 7363 7364
3 7363 7365 7366
3 7363 7366 7364
3 7363 7359 7367
3 7363 7367 7365
3 7371 7366 7365
3 7371 7365 7368
3 7367 7369 7368
3 7367 7368 7365
3 7370 7368 7369
3 7370 7369 8228
3 7372 7371 7368
3 7372 7368 7370
3 7372 7375 7373
3 7372 7373 7371
3 7373 7376 7366
3 7373 7366 7371
3 7373 7374 7377
3 7373 7377 7376
3 7373 7375 8072
3 7373 8072 7374
3 7376 7378 7364
3 7376 7364 7366
3 7377 7380 7378
3 7377 7378 7376
3 7361 7364 7378
3 7361 7378 7379
3 7380 7381 7379
3 7380 7379 7378
3 7380 7382 7385
3 7380 7385 7381
3 7377 7384 7382
3 7377 7382 7380
3 7387 7385 7382
3 7387 7382 7383
3 7384 8077 7383
3 7384 7383 7382
3 7387 7389 7386
3 7387 7386 7385
3 7386 7441 7381
3 7386 7381 7385
3 8083 7388 7387
3 8083 7387 7383
3 7387 7388 7390
3 7387 7390 7389
3 7394 7391 7389
3 7394 7389 7390
3 7386 7389 7391
3 7386 7391 7392
3 7393 7446 7392
3 7393 7392 7391
3 7393 7391 7394
3 7393 7394 7395
3 7394 7396 7397
3 7394 7397 7395
3 7394 7390 7398
3 7394 7398 7396
3 7402 7397 7396
3 7402 7396 7399
3 7398 7401 7399
3 7398 7399 7396
3 7402 7399 7400
3 7402 7400 7403
3 7400 7399 7401
3 7400 7401 8084
3 7405 7404 7402
3 7405 7402 7403
3 7407 7397 7402
3 7407 7402 7404
3 7405 8194 7406
3 7405 7406 7404
3 7406 7409 7407
3 7406 7407 7404
3 7411 7408 7407
3 7411 7407 7409
3 7407 7408 7395
3 7407 7395 7397
3 7406 8126 7410
3 7406 7410 7409
3 7410 7412 7411
3 7410 7411 7409
3 7411 7413 7415
3 7411 7415 7408
3 7416 7413 7411
3 7416 7411 7412
3 7447 7415 7413
3 7447 7413 7414
3 7417 7414 7413
3 7417 7413 7416
3 7418 7421 7417
3 7418 7417 7416
3 7420 7418 7416
3 7420 7416 7412
3 7420 8130 7419
3 7420 7419 7418
3 7419 7422 7421
3 7419 7421 7418
3 7424 7423 7421
3 7424 7421 7422
3 7417 7421 7423
3 7417 7423 7426
3 7424 7450 7425
3 7424 7425 7423
3 7426 7423 7425
3 7426 7425 7428
3 7430 7427 7426
3 7430 7426 7428
3 7417 7426 7427
3 7417 7427 7414
3 7432 7430 7428
3 7432 7428 7429
3 7448 7429 7428
3 7448 7428 7425
3 7432 7434 7431
3 7432 7431 7430
3 7430 7431 7445
3 7430 7445 7427
3 7433 7432 7429
3 7433 7429 7355
3 7433 7436 7434
3 7433 7434 7432
3 7435 7444 7431
3 7435 7431 7434
3 7435 7434 7436
3 7435 7436 7437
3 7362 7439 7437
3 7362 7437 7436
3 7354 7362 7436
3 7354 7436 7433
3 7435 7437 7438
3 7435 7438 7444
3 7440 7438 7437
3 7440 7437 7439
3 7440 7439 7361
3 7440 7361 7379
3 7440 7379 7381
3 7440 7381 7441
3 7442 7438 7440
3 7442 7440 7441
3 7386 7392 7442
3 7386 7442 7441
3 7442 7443 7444
3 7442 7444 7438
3 7442 7392 7446
3 7442 7446 7443
3 7445 7431 7444
3 7445 7444 7443
3 7445 7443 7446
3 7445 7446 7447
3 7447 7446 7393
3 7447 7393 7415
3 7445 7447 7414
3 7445 7414 7427
3 7352 7355 7429
3 7352 7429 7448
3 7352 7448 7449
3 7352 7449 7349
3 7448 7425 7450
3 7448 7450 7449
3 7449 7450 7452
3 7449 7452 7451
3 7449 7451 7347
3 7449 7347 7349
3 7456 7347 7451
3 7456 7451 7453
3 7455 7453 7451
3 7455 7451 7452
3 7456 7453 7454
3 7456 7454 7457
3 7490 7454 7453
3 7490 7453 7455
3 7456 7457 7460
3 7456 7460 7458
3 7456 7458 7461
3 7456 7461 7342
3 7462 7461 7458
3 7462 7458 7459
3 8520 7459 7458
3 8520 7458 7460
3 7343 7461 7462
3 7343 7462 7463
3 7462 7464 7466
3 7462 7466 7463
3 7462 7459 7465
3 7462 7465 7464
3 7469 7467 7464
3 7469 7464 7465
3 7466 7464 7467
3 7466 7467 7316
3 7468 7467 7469
3 7468 7469 7470
3 7468 7313 7316
3 7468 7316 7467
3 7469 7471 7472
3 7469 7472 7470
3 7469 7465 7473
3 7469 7473 7471
3 6801 7472 7471
3 6801 7471 7474
3 7473 7475 7474
3 7473 7474 7471
3 6805 7474 7475
3 6805 7475 7477
3 7473 8520 7476
3 7473 7476 7475
3 7477 7475 7476
3 7477 7476 7478
3 6805 7477 6814
3 6805 6814 6807
3 7477 7478 7480
3 7477 7480 6814
3 8519 7479 7478
3 8519 7478 7476
3 7480 7478 7479
3 7480 7479 7481
3 7480 7481 6821
3 7480 6821 6815
3 7481 7482 6824
3 7481 6824 6821
3 7481 7479 7483
3 7481 7483 7482
3 7482 7483 7485
3 7482 7485 6830
3 8519 7484 7483
3 8519 7483 7479
3 7484 7486 7485
3 7484 7485 7483
3 7486 7489 7487
3 7486 7487 7485
3 6830 7485 7487
3 6830 7487 6832
3 6832 7487 7488
3 6832 7488 6834
3 7488 7487 7489
3 7488 7489 7491
3 7486 7454 7490
3 7486 7490 7489
3 7490 7493 7491
3 7490 7491 7489
3 7488 7491 7492
3 7488 7492 8487
3 7492 7491 7493
3 7492 7493 7495
3 7490 7455 7494
3 7490 7494 7493
3 7494 7496 7495
3 7494 7495 7493
3 7492 7495 7497
3 7492 7497 7499
3 7496 7498 7497
3 7496 7497 7495
3 7500 7497 7498
3 7500 7498 7503
3 7499 7497 7500
3 7499 7500 7501
3 7500 7502 8462
3 7500 8462 7501
3 7500 7503 7504
3 7500 7504 7502
3 7506 7505 7503
3 7506 7503 7498
3 7504 7503 7505
3 7504 7505 7508
3 7506 8173 7507
3 7506 7507 7505
3 7507 7510 7508
3 7507 7508 7505
3 7504 7508 7509
3 7504 7509 8464
3 7509 7508 7510
3 7509 7510 7512
3 7507 8175 7511
3 7507 7511 7510
3 7511 7514 7512
3 7511 7512 7510
3 7509 7512 7513
3 7509 7513 8438
3 7513 7512 7514
3 7513 7514 7516
3 7511 8176 7515
3 7511 7515 7514
3 7515 7517 7516
3 7515 7516 7514
3 7518 7516 7517
3 7518 7517 7521
3 7513 7516 7518
3 7513 7518 7519
3 7518 7520 8434
3 7518 8434 7519
3 7518 7521 7522
3 7518 7522 7520
3 7521 7523 7524
3 7521 7524 7522
3 7521 7517 7526
3 7521 7526 7523
3 7523 7525 8433
3 7523 8433 7524
3 7523 7526 7528
3 7523 7528 7525
3 7515 7527 7526
3 7515 7526 7517
3 7527 7529 7528
3 7527 7528 7526
3 7529 7532 7530
3 7529 7530 7528
3 7525 7528 7530
3 7525 7530 7531
3 7531 7530 7533
3 7531 7533 7536
3 7532 7534 7533
3 7532 7533 7530
3 8177 7535 7533
3 8177 7533 7534
3 7535 7537 7536
3 7535 7536 7533
3 7538 7536 7537
3 7538 7537 7539
3 7531 7536 7538
3 7531 7538 7540
3 7538 7539 7543
3 7538 7543 7541
3 7538 7541 7542
3 7538 7542 7540
3 7544 7545 7542
3 7544 7542 7541
3 7543 7546 7544
3 7543 7544 7541
3 7548 7545 7544
3 7548 7544 7547
3 7547 7544 7546
3 7547 7546 7550
3 7548 7547 7549
3 7548 7549 8428
3 7547 7550 7551
3 7547 7551 7549
3 7550 7546 7555
3 7550 7555 7552
3 7550 7552 7553
3 7550 7553 7551
3 7552 7554 8412
3 7552 8412 7553
3 7552 7555 7557
3 7552 7557 7554
3 7543 7556 7555
3 7543 7555 7546
3 7556 7558 7557
3 7556 7557 7555
3 7558 7560 7559
3 7558 7559 7557
3 7554 7557 7559
3 7554 7559 7562
3 7560 7572 7561
3 7560 7561 7559
3 7562 7559 7561
3 7562 7561 7564
3 7554 7562 7563
3 7554 7563 8412
3 7562 7564 7565
3 7562 7565 7563
3 7564 7561 7569
3 7564 7569 7566
3 7564 7566 7567
3 7564 7567 7565
3 7566 7568 7628
3 7566 7628 7567
3 7566 7569 7570
3 7566 7570 7568
3 7572 7571 7569
3 7572 7569 7561
3 7570 7569 7571
3 7570 7571 7574
3 7572 8189 7573
3 7572 7573 7571
3 7573 7576 7574
3 7573 7574 7571
3 7575 7625 7570
3 7575 7570 7574
3 7575 7574 7576
3 7575 7576 7578
3 7573 7760 7577
3 7573 7577 7576
3 7577 7579 7578
3 7577 7578 7576
3 7580 7581 7575
3 7580 7575 7578
3 7580 7578 7579
3 7580 7579 7583
3 7582 7621 7581
3 7582 7581 7580
3 7582 7580 7583
3 7582 7583 7585
3 7756 7584 7583
3 7756 7583 7579
3 7584 7586 7585
3 7584 7585 7583
3 7586 7590 7587
3 7586 7587 7585
3 7588 7582 7585
3 7588 7585 7587
3 7588 7587 7589
3 7588 7589 7616
3 7589 7587 7590
3 7589 7590 7592
3 7586 7736 7591
3 7586 7591 7590
3 7591 7594 7592
3 7591 7592 7590
3 7589 7592 7593
3 7589 7593 7613
3 7593 7592 7594
3 7593 7594 7596
3 7591 7738 7595
3 7591 7595 7594
3 7595 7598 7596
3 7595 7596 7594
3 7593 7596 7597
3 7593 7597 7610
3 7597 7596 7598
3 7597 7598 7600
3 7595 7741 7599
3 7595 7599 7598
3 7599 7601 7600
3 7599 7600 7598
3 7602 7600 7601
3 7602 7601 7603
3 7597 7600 7602
3 7597 7602 7605
3 7602 7603 8518
3 7602 8518 7604
3 7602 7604 7606
3 7602 7606 7605
3 7608 7607 7605
3 7608 7605 7606
3 7597 7605 7607
3 7597 7607 7610
3 7608 7642 7609
3 7608 7609 7607
3 7609 7611 7610
3 7609 7610 7607
3 7593 7610 7611
3 7593 7611 7613
3 7609 7639 7612
3 7609 7612 7611
3 7612 7614 7613
3 7612 7613 7611
3 7589 7613 7614
3 7589 7614 7616
3 7612 7636 7615
3 7612 7615 7614
3 7615 7617 7616
3 7615 7616 7614
3 7617 7619 7588
3 7617 7588 7616
3 7615 7633 7618
3 7615 7618 7617
3 7618 7620 7619
3 7618 7619 7617
3 7622 7621 7619
3 7622 7619 7620
3 7588 7619 7621
3 7588 7621 7582
3 7622 7623 7581
3 7622 7581 7621
3 7622 7620 7624
3 7622 7624 7623
3 7625 7623 7624
3 7625 7624 7626
3 7575 7581 7623
3 7575 7623 7625
3 7625 7626 7568
3 7625 7568 7570
3 7628 7568 7626
3 7628 7626 7627
3 7630 7627 7626
3 7630 7626 7624
3 7628 7627 7629
3 7628 7629 8403
3 7629 7627 7630
3 7629 7630 7631
3 7618 7633 7631
3 7618 7631 7630
3 7618 7630 7624
3 7618 7624 7620
3 7629 7631 7632
3 7629 7632 8401
3 7632 7631 7633
3 7632 7633 7634
3 7615 7636 7634
3 7615 7634 7633
3 7632 7634 7635
3 7632 7635 8397
3 7635 7634 7636
3 7635 7636 7637
3 7612 7639 7637
3 7612 7637 7636
3 7635 7637 7638
3 7635 7638 8398
3 7638 7637 7639
3 7638 7639 7640
3 7609 7642 7640
3 7609 7640 7639
3 7638 7640 7641
3 7638 7641 8489
3 7641 7640 7642
3 7641 7642 7643
3 7608 7645 7643
3 7608 7643 7642
3 7641 7643 7644
3 7641 7644 8368
3 7644 7643 7645
3 7644 7645 7646
3 7647 7648 7646
3 7647 7646 7645
3 7647 7645 7608
3 7647 7608 7606
3 7651 7648 7647
3 7651 7647 7649
3 7647 7606 7604
3 7647 7604 7649
3 7651 7649 7650
3 7651 7650 7652
3 8518 7650 7649
3 8518 7649 7604
3 7651 7653 7654
3 7651 7654 7648
3 7656 7653 7651
3 7656 7651 7652
3 8362 7654 7653
3 8362 7653 7655
3 7656 7657 7655
3 7656 7655 7653
3 7659 7657 7656
3 7659 7656 7658
3 7656 7652 7661
3 7656 7661 7658
3 7659 7658 7660
3 7659 7660 8492
3 7663 7660 7658
3 7663 7658 7661
3 7662 7661 7652
3 7662 7652 7650
3 7662 7665 7663
3 7662 7663 7661
3 7663 7665 7666
3 7663 7666 7664
3 7663 7664 8515
3 7663 8515 7660
3 7670 7666 7665
3 7670 7665 7667
3 7662 7669 7667
3 7662 7667 7665
3 7668 7667 7669
3 7668 7669 7755
3 7668 7672 7670
3 7668 7670 7667
3 7670 7672 7674
3 7670 7674 7671
3 7670 7671 8511
3 7670 8511 7666
3 7668 7753 7673
3 7668 7673 7672
3 7676 7674 7672
3 7676 7672 7673
3 7676 7678 7675
3 7676 7675 7674
3 8510 7671 7674
3 8510 7674 7675
3 7677 7676 7673
3 7677 7673 7752
3 7677 7680 7678
3 7677 7678 7676
3 7679 7678 7680
3 7679 7680 7681
3 7679 8513 7675
3 7679 7675 7678
3 7684 7681 7680
3 7684 7680 7682
3 7682 7680 7677
3 7682 7677 7683
3 7682 7683 7687
3 7682 7687 7685
3 7684 7682 7685
3 7684 7685 7686
3 7689 7686 7685
3 7689 7685 7688
3 7690 7688 7685
3 7690 7685 7687
3 7691 7692 7689
3 7691 7689 7688
3 7690 7694 7691
3 7690 7691 7688
3 7691 7693 8319
3 7691 8319 7692
3 7691 7694 7696
3 7691 7696 7693
3 7698 7696 7694
3 7698 7694 7695
3 7690 7750 7695
3 7690 7695 7694
3 7697 8307 7693
3 7697 7693 7696
3 7697 7696 7698
3 7697 7698 7699
3 7698 7695 7701
3 7698 7701 7700
3 7698 7700 7702
3 7698 7702 7699
3 7701 7704 7703
3 7701 7703 7700
3 7703 7705 7702
3 7703 7702 7700
3 7704 7708 7706
3 7704 7706 7703
3 7703 7706 7707
3 7703 7707 7705
3 7712 7707 7706
3 7712 7706 7709
3 7706 7708 7711
3 7706 7711 7709
3 7710 7709 7711
3 7710 7711 7735
3 7710 7714 7712
3 7710 7712 7709
3 7712 7713 7822
3 7712 7822 7707
3 7712 7714 7715
3 7712 7715 7713
3 7717 7715 7714
3 7717 7714 7716
3 7710 7718 7716
3 7710 7716 7714
3 7717 7716 7719
3 7717 7719 7721
3 7719 7716 7718
3 7719 7718 7722
3 7719 7720 7809
3 7719 7809 7721
3 7719 7722 7723
3 7719 7723 7720
3 7726 7724 7722
3 7726 7722 7718
3 7723 7722 7724
3 7723 7724 7725
3 7727 7728 7725
3 7727 7725 7724
3 7727 7724 7726
3 7727 7726 7730
3 7761 7728 7727
3 7761 7727 7729
3 7727 7730 7731
3 7727 7731 7729
3 7730 7732 7734
3 7730 7734 7731
3 7726 7735 7732
3 7726 7732 7730
3 7733 7736 7734
3 7733 7734 7732
3 7733 7732 7735
3 7733 7735 7711
3 7726 7718 7710
3 7726 7710 7735
3 7584 7734 7736
3 7584 7736 7586
3 7756 7731 7734
3 7756 7734 7584
3 7591 7736 7733
3 7591 7733 7738
3 7733 7711 7708
3 7733 7708 7737
3 7733 7737 7739
3 7733 7739 7738
3 7595 7738 7739
3 7595 7739 7741
3 7751 7740 7739
3 7751 7739 7737
3 7740 7742 7741
3 7740 7741 7739
3 7599 7741 7742
3 7599 7742 7743
3 7744 7746 7743
3 7744 7743 7742
3 7744 7742 7740
3 7744 7740 7747
3 7744 7747 7748
3 7744 7748 7745
3 7752 7746 7744
3 7752 7744 7745
3 7748 7747 7749
3 7748 7749 7750
3 7751 7749 7747
3 7751 7747 7740
3 7701 7695 7750
3 7701 7750 7749
3 7701 7749 7751
3 7701 7751 7704
3 7751 7737 7708
3 7751 7708 7704
3 7748 7750 7690
3 7748 7690 7687
3 7748 7687 7683
3 7748 7683 7745
3 7754 7743 7746
3 7754 7746 7753
3 7752 7673 7753
3 7752 7753 7746
3 7754 7753 7668
3 7754 7668 7755
3 7599 7743 7754
3 7599 7754 7601
3 7754 7755 7603
3 7754 7603 7601
3 8518 7603 7755
3 8518 7755 7669
3 7677 7752 7745
3 7677 7745 7683
3 7756 7757 7729
3 7756 7729 7731
3 7577 7757 7756
3 7577 7756 7579
3 7761 7729 7757
3 7761 7757 7758
3 7577 7760 7758
3 7577 7758 7757
3 7759 7758 7760
3 7759 7760 8188
3 7759 7762 7761
3 7759 7761 7758
3 7761 7762 7764
3 7761 7764 7728
3 7764 7762 7763
3 7764 7763 7766
3 7759 8187 7763
3 7759 7763 7762
3 7765 7725 7728
3 7765 7728 7764
3 7765 7764 7766
3 7765 7766 7767
3 7767 7766 7768
3 7767 7768 7770
3 7769 7768 7766
3 7769 7766 7763
3 7769 7772 7771
3 7769 7771 7768
3 7770 7768 7771
3 7770 7771 7774
3 7773 7771 7772
3 7773 7772 8152
3 7775 7774 7771
3 7775 7771 7773
3 7775 7778 7776
3 7775 7776 7774
3 7776 7779 7770
3 7776 7770 7774
3 7776 7778 7885
3 7776 7885 7777
3 7776 7777 7781
3 7776 7781 7779
3 7781 7782 7780
3 7781 7780 7779
3 7767 7770 7779
3 7767 7779 7780
3 7781 7783 7785
3 7781 7785 7782
3 7781 7777 7784
3 7781 7784 7783
3 7787 7786 7783
3 7787 7783 7784
3 7785 7783 7786
3 7785 7786 7788
3 7789 7786 7787
3 7789 7787 7791
3 7789 7792 7788
3 7789 7788 7786
3 7789 7791 7878
3 7789 7878 7790
3 7794 7792 7789
3 7794 7789 7790
3 7794 7795 7793
3 7794 7793 7792
3 7811 7788 7792
3 7811 7792 7793
3 7799 7795 7794
3 7799 7794 7796
3 7794 7790 7798
3 7794 7798 7796
3 7857 7797 7796
3 7857 7796 7798
3 7799 7796 7797
3 7799 7797 7800
3 7803 7801 7799
3 7803 7799 7800
3 7799 7801 7804
3 7799 7804 7795
3 7803 7844 7802
3 7803 7802 7801
3 7805 7804 7801
3 7805 7801 7802
3 7806 7804 7805
3 7806 7805 7807
3 7806 7793 7795
3 7806 7795 7804
3 7806 7807 7810
3 7806 7810 7808
3 7811 7793 7806
3 7811 7806 7808
3 7721 7809 7808
3 7721 7808 7810
3 7811 7808 7809
3 7811 7809 7812
3 7785 7788 7811
3 7785 7811 7812
3 7720 7813 7812
3 7720 7812 7809
3 7785 7812 7813
3 7785 7813 7782
3 7814 7780 7782
3 7814 7782 7813
3 7723 7814 7813
3 7723 7813 7720
3 7765 7767 7780
3 7765 7780 7814
3 7723 7725 7765
3 7723 7765 7814
3 7815 7810 7807
3 7815 7807 7816
3 7717 7721 7810
3 7717 7810 7815
3 7817 7815 7816
3 7817 7816 7818
3 7817 7715 7717
3 7817 7717 7815
3 7820 7819 7817
3 7820 7817 7818
3 7817 7819 7713
3 7817 7713 7715
3 7820 7824 7821
3 7820 7821 7819
3 7822 7713 7819
3 7822 7819 7821
3 7822 7821 7823
3 7822 7823 8306
3 7823 7821 7824
3 7823 7824 7826
3 7825 7824 7820
3 7825 7820 7836
3 7825 7828 7826
3 7825 7826 7824
3 7823 7826 7827
3 7823 7827 8302
3 7827 7826 7828
3 7827 7828 7829
3 7830 7831 7829
3 7830 7829 7828
3 7830 7828 7825
3 7830 7825 7833
3 8286 7831 7830
3 8286 7830 7832
3 7830 7833 7834
3 7830 7834 7832
3 7833 7835 7837
3 7833 7837 7834
3 7825 7836 7835
3 7825 7835 7833
3 7836 7841 7838
3 7836 7838 7835
3 7839 7837 7835
3 7839 7835 7838
3 7840 7843 7839
3 7840 7839 7838
3 7840 7838 7841
3 7840 7841 7842
3 7820 7818 7841
3 7820 7841 7836
3 7818 7816 7842
3 7818 7842 7841
3 7805 7842 7816
3 7805 7816 7807
3 7805 7802 7840
3 7805 7840 7842
3 7840 7802 7844
3 7840 7844 7843
3 7848 7845 7843
3 7848 7843 7844
3 7839 7843 7845
3 7839 7845 7847
3 7846 8246 7847
3 7846 7847 7845
3 7846 7845 7848
3 7846 7848 7849
3 7848 7844 7803
3 7848 7803 7850
3 7848 7850 7851
3 7848 7851 7849
3 7803 7800 7852
3 7803 7852 7850
3 7853 7851 7850
3 7853 7850 7852
3 7854 7852 7800
3 7854 7800 7797
3 7853 7852 7854
3 7853 7854 7855
3 7854 7797 7857
3 7854 7857 7856
3 7854 7856 7859
3 7854 7859 7855
3 7857 7872 7858
3 7857 7858 7856
3 7860 7859 7856
3 7860 7856 7858
3 7860 7864 7861
3 7860 7861 7859
3 7861 7862 7855
3 7861 7855 7859
3 7861 7863 8231
3 7861 8231 7862
3 7861 7864 6999
3 7861 6999 7863
3 7860 7867 7865
3 7860 7865 7864
3 7001 6999 7864
3 7001 7864 7865
3 7866 7003 7001
3 7866 7001 7865
3 7866 7865 7867
3 7866 7867 7868
3 7869 7867 7860
3 7869 7860 7858
3 7869 7870 7868
3 7869 7868 7867
3 7869 7858 7872
3 7869 7872 7871
3 7873 7870 7869
3 7873 7869 7871
3 7876 7874 7871
3 7876 7871 7872
3 7873 7871 7874
3 7873 7874 7875
3 7877 7879 7875
3 7877 7875 7874
3 7876 7878 7877
3 7876 7877 7874
3 7877 7878 7791
3 7877 7791 7880
3 7877 7880 7881
3 7877 7881 7879
3 7787 7882 7880
3 7787 7880 7791
3 7881 7880 7882
3 7881 7882 7883
3 7787 7784 7884
3 7787 7884 7882
3 7884 7886 7883
3 7884 7883 7882
3 7884 7784 7777
3 7884 7777 7885
3 7884 7885 7887
3 7884 7887 7886
3 7887 7889 7888
3 7887 7888 7886
3 7890 7883 7886
3 7890 7886 7888
3 7891 7888 7889
3 7891 7889 7893
3 7890 7888 7891
3 7890 7891 7892
3 7891 7894 7896
3 7891 7896 7892
3 7891 7893 7897
3 7891 7897 7894
3 7922 7896 7894
3 7922 7894 7895
3 7897 7898 7895
3 7897 7895 7894
3 7897 7893 7900
3 7897 7900 7899
3 7897 7899 7901
3 7897 7901 7898
3 7903 7902 7899
3 7903 7899 7900
3 7901 7899 7902
3 7901 7902 7905
3 7903 8146 7904
3 7903 7904 7902
3 7904 7906 7905
3 7904 7905 7902
3 7907 7905 7906
3 7907 7906 7909
3 7901 7905 7907
3 7901 7907 7908
3 7907 7910 7913
3 7907 7913 7908
3 7907 7909 7912
3 7907 7912 7910
3 7914 7913 7910
3 7914 7910 7911
3 7912 8109 7911
3 7912 7911 7910
3 7914 7917 7915
3 7914 7915 7913
3 7915 7918 7908
3 7915 7908 7913
3 7915 7917 8026
3 7915 8026 7916
3 7915 7916 7919
3 7915 7919 7918
3 7901 7908 7918
3 7901 7918 7898
3 7919 7895 7898
3 7919 7898 7918
3 7919 7916 7921
3 7919 7921 7920
3 7919 7920 7922
3 7919 7922 7895
3 7924 7923 7920
3 7924 7920 7921
3 7922 7920 7923
3 7922 7923 7926
3 7924 8229 7925
3 7924 7925 7923
3 7925 7927 7926
3 7925 7926 7923
3 7928 7926 7927
3 7928 7927 7930
3 7922 7926 7928
3 7922 7928 7896
3 7928 7929 7892
3 7928 7892 7896
3 7928 7930 7932
3 7928 7932 7929
3 7949 7931 7930
3 7949 7930 7927
3 7932 7930 7931
3 7932 7931 7934
3 7932 7933 8230
3 7932 8230 7929
3 7932 7934 7935
3 7932 7935 7933
3 7937 7936 7934
3 7937 7934 7931
3 7935 7934 7936
3 7935 7936 7939
3 7937 7945 7938
3 7937 7938 7936
3 7938 7940 7939
3 7938 7939 7936
3 7873 7939 7940
3 7873 7940 7870
3 7935 7939 7873
3 7935 7873 7875
3 7941 7868 7870
3 7941 7870 7940
3 7938 7942 7941
3 7938 7941 7940
3 7941 7009 7866
3 7941 7866 7868
3 7941 7942 7011
3 7941 7011 7009
3 7014 7011 7942
3 7014 7942 7943
3 7938 7945 7943
3 7938 7943 7942
3 7014 7943 7944
3 7014 7944 7017
3 7944 7943 7945
3 7944 7945 7946
3 7937 7948 7946
3 7937 7946 7945
3 7944 7946 7947
3 7944 7947 8003
3 7947 7946 7948
3 7947 7948 7950
3 7949 7951 7950
3 7949 7950 7948
3 7949 7948 7937
3 7949 7937 7931
3 7952 7950 7951
3 7952 7951 7953
3 7947 7950 7952
3 7947 7952 7954
3 7952 7953 7958
3 7952 7958 7955
3 7952 7955 7956
3 7952 7956 7954
3 7999 7956 7955
3 7999 7955 7957
3 7958 7960 7957
3 7958 7957 7955
3 7958 7953 8229
3 7958 8229 7959
3 7958 7959 7961
3 7958 7961 7960
3 7963 7957 7960
3 7963 7960 7962
3 7961 7965 7962
3 7961 7962 7960
3 7963 7962 7964
3 7963 7964 7996
3 7964 7962 7965
3 7964 7965 7967
3 7961 8024 7966
3 7961 7966 7965
3 7966 7968 7967
3 7966 7967 7965
3 7969 7967 7968
3 7969 7968 7972
3 7964 7967 7969
3 7964 7969 7970
3 7969 7971 7993
3 7969 7993 7970
3 7969 7972 7973
3 7969 7973 7971
3 7973 7972 7974
3 7973 7974 7977
3 7975 7974 7972
3 7975 7972 7968
3 7975 8018 7976
3 7975 7976 7974
3 7976 7978 7977
3 7976 7977 7974
3 7979 7977 7978
3 7979 7978 7981
3 7973 7977 7979
3 7973 7979 7980
3 7979 7982 7983
3 7979 7983 7980
3 7979 7981 7984
3 7979 7984 7982
3 7986 7983 7982
3 7986 7982 7985
3 7984 7987 7985
3 7984 7985 7982
3 7303 7986 7985
3 7303 7985 7306
3 7306 7985 7987
3 7306 7987 7322
3 7984 8004 7323
3 7984 7323 7987
3 7988 7989 7983
3 7988 7983 7986
3 7303 7298 7988
3 7303 7988 7986
3 7988 7299 7990
3 7988 7990 7989
3 7990 7992 7991
3 7990 7991 7989
3 7989 7991 7980
3 7989 7980 7983
3 7992 7993 7971
3 7992 7971 7991
3 7973 7980 7991
3 7973 7991 7971
3 7990 7271 7269
3 7990 7269 7992
3 7269 7994 7993
3 7269 7993 7992
3 7994 7995 7970
3 7994 7970 7993
3 7264 7262 7995
3 7264 7995 7994
3 7964 7970 7995
3 7964 7995 7996
3 7262 7997 7996
3 7262 7996 7995
3 7963 7996 7997
3 7963 7997 7998
3 7257 7255 7998
3 7257 7998 7997
3 7999 7998 7255
3 7999 7255 8000
3 7999 7957 7963
3 7999 7963 7998
3 8001 7956 7999
3 8001 7999 8000
3 8001 8000 7254
3 8001 7254 7026
3 8001 8002 7954
3 8001 7954 7956
3 7023 8002 8001
3 7023 8001 7026
3 7947 7954 8002
3 7947 8002 8003
3 7023 7020 8003
3 7023 8003 8002
3 7944 8003 7020
3 7944 7020 7017
3 7990 7299 7273
3 7990 7273 7271
3 7984 7981 8005
3 7984 8005 8004
3 8008 8006 8004
3 8008 8004 8005
3 7323 8004 8006
3 7323 8006 7325
3 8007 7327 7325
3 8007 7325 8006
3 8008 8009 8007
3 8008 8007 8006
3 8013 8010 8008
3 8013 8008 8005
3 8008 8010 8011
3 8008 8011 8009
3 8035 8011 8010
3 8035 8010 8012
3 8013 8014 8012
3 8013 8012 8010
3 8013 8005 7981
3 8013 7981 7978
3 7976 8014 8013
3 7976 8013 7978
3 8016 8012 8014
3 8016 8014 8015
3 7976 8018 8015
3 7976 8015 8014
3 8016 8015 8017
3 8016 8017 8029
3 8017 8015 8018
3 8017 8018 8019
3 7975 8021 8019
3 7975 8019 8018
3 8017 8019 8020
3 8017 8020 8027
3 8020 8019 8021
3 8020 8021 8022
3 7966 8024 8022
3 7966 8022 8021
3 7966 8021 7975
3 7966 7975 7968
3 8020 8022 8023
3 8020 8023 8026
3 8023 8022 8024
3 8023 8024 8025
3 7961 7959 8025
3 7961 8025 8024
3 8023 8025 7924
3 8023 7924 7921
3 7924 8025 7959
3 7924 7959 8229
3 8023 7921 7916
3 8023 7916 8026
3 8020 8026 7917
3 8020 7917 8027
3 8017 8027 8028
3 8017 8028 8029
3 7914 8028 8027
3 7914 8027 7917
3 8030 8032 8029
3 8030 8029 8028
3 8030 8028 7914
3 8030 7914 7911
3 8033 8032 8030
3 8033 8030 8031
3 8030 7911 8109
3 8030 8109 8031
3 8033 8036 8034
3 8033 8034 8032
3 8016 8029 8032
3 8016 8032 8034
3 8035 8034 8036
3 8035 8036 8037
3 8035 8012 8016
3 8035 8016 8034
3 8038 8041 8037
3 8038 8037 8036
3 8038 8036 8033
3 8038 8033 8040
3 8043 8041 8038
3 8043 8038 8039
3 8038 8040 8101
3 8038 8101 8039
3 8216 8037 8041
3 8216 8041 8042
3 8043 8044 8042
3 8043 8042 8041
3 8046 8044 8043
3 8046 8043 8045
3 8043 8039 8047
3 8043 8047 8045
3 8046 8045 8048
3 8046 8048 8051
3 8045 8047 8049
3 8045 8049 8048
3 8095 8050 8048
3 8095 8048 8049
3 8053 8051 8048
3 8053 8048 8050
3 8052 8209 8046
3 8052 8046 8051
3 8053 8054 8052
3 8053 8052 8051
3 8053 8055 8057
3 8053 8057 8054
3 8056 8055 8053
3 8056 8053 8050
3 8056 8059 8058
3 8056 8058 8055
3 8058 8060 8057
3 8058 8057 8055
3 8058 8059 8061
3 8058 8061 8060
3 8062 8060 8061
3 8062 8061 8065
3 8064 8057 8060
3 8064 8060 8062
3 8064 8062 8063
3 8064 8063 8198
3 8062 8065 8067
3 8062 8067 8063
3 8066 8065 8061
3 8066 8061 8094
3 8066 8068 8067
3 8066 8067 8065
3 7372 8067 8068
3 7372 8068 7375
3 8063 8067 7372
3 8063 7372 7370
3 8069 8068 8066
3 8069 8066 8070
3 8069 8072 7375
3 8069 7375 8068
3 8069 8070 8085
3 8069 8085 8071
3 8073 8072 8069
3 8073 8069 8071
3 8073 8075 7374
3 8073 7374 8072
3 8073 8071 8084
3 8073 8084 8074
3 8076 8075 8073
3 8076 8073 8074
3 8076 8077 7384
3 8076 7384 8075
3 7377 7374 8075
3 7377 8075 7384
3 8081 8078 8076
3 8081 8076 8074
3 8076 8078 8080
3 8076 8080 8077
3 8081 8082 8079
3 8081 8079 8078
3 8079 8083 8080
3 8079 8080 8078
3 8081 8074 8084
3 8081 8084 7401
3 7398 8082 8081
3 7398 8081 7401
3 8083 8079 8082
3 8083 8082 7388
3 7398 7390 7388
3 7398 7388 8082
3 8083 7383 8077
3 8083 8077 8080
3 7400 8084 8071
3 7400 8071 8085
3 8086 8085 8070
3 8086 8070 8087
3 7400 8085 8086
3 7400 8086 7403
3 8090 8088 8086
3 8090 8086 8087
3 8088 7405 7403
3 8088 7403 8086
3 8088 8089 8194
3 8088 8194 7405
3 8090 8091 8089
3 8090 8089 8088
3 8090 8092 8093
3 8090 8093 8091
3 8094 8092 8090
3 8094 8090 8087
3 8056 8093 8092
3 8056 8092 8059
3 8094 8061 8059
3 8094 8059 8092
3 8066 8094 8087
3 8066 8087 8070
3 8095 8096 8091
3 8095 8091 8093
3 8095 8093 8056
3 8095 8056 8050
3 8098 8096 8095
3 8098 8095 8049
3 8089 8091 8096
3 8089 8096 8097
3 8099 8097 8096
3 8099 8096 8098
3 8102 8099 8098
3 8102 8098 8100
3 8098 8049 8047
3 8098 8047 8100
3 8039 8101 8100
3 8039 8100 8047
3 8102 8100 8101
3 8102 8101 8104
3 8102 8103 8196
3 8102 8196 8099
3 8105 8103 8102
3 8105 8102 8104
3 8040 8106 8104
3 8040 8104 8101
3 8105 8104 8106
3 8105 8106 8107
3 8033 8031 8106
3 8033 8106 8040
3 8109 8107 8106
3 8109 8106 8031
3 7912 8108 8107
3 7912 8107 8109
3 8110 8105 8107
3 8110 8107 8108
3 8110 8108 8111
3 8110 8111 8113
3 7912 7909 8111
3 7912 8111 8108
3 8112 8114 8113
3 8112 8113 8111
3 8112 8111 7909
3 8112 7909 7906
3 8114 8118 8115
3 8114 8115 8113
3 8115 8116 8110
3 8115 8110 8113
3 8115 8117 8197
3 8115 8197 8116
3 8115 8118 8120
3 8115 8120 8117
3 8114 8144 8119
3 8114 8119 8118
3 8122 8120 8118
3 8122 8118 8119
3 8117 8120 8121
3 8117 8121 8195
3 8121 8120 8122
3 8121 8122 8123
3 8126 8123 8122
3 8126 8122 8125
3 8122 8119 8141
3 8122 8141 8124
3 8122 8124 8127
3 8122 8127 8125
3 7410 8126 8125
3 7410 8125 8128
3 8129 8128 8125
3 8129 8125 8127
3 7410 8128 7420
3 7410 7420 7412
3 7420 8128 8129
3 7420 8129 8130
3 8132 8130 8129
3 8132 8129 8131
3 8134 8131 8129
3 8134 8129 8127
3 8132 8131 8133
3 8132 8133 8166
3 8135 8133 8131
3 8135 8131 8134
3 8135 8134 8136
3 8135 8136 8137
3 8134 8127 8124
3 8134 8124 8136
3 8136 8124 8141
3 8136 8141 8138
3 8136 8138 8139
3 8136 8139 8137
3 8138 8140 8150
3 8138 8150 8139
3 8138 8141 8142
3 8138 8142 8140
3 8142 8141 8119
3 8142 8119 8144
3 8142 8144 8145
3 8142 8145 8143
3 8142 8143 8147
3 8142 8147 8140
3 8112 8145 8144
3 8112 8144 8114
3 7904 8146 8143
3 7904 8143 8145
3 7904 8145 8112
3 7904 8112 7906
3 8147 8143 8146
3 8147 8146 8148
3 8147 8148 8151
3 8147 8151 8149
3 8147 8149 8150
3 8147 8150 8140
3 8153 8150 8149
3 8153 8149 8152
3 8151 7773 8152
3 8151 8152 8149
3 8153 8152 7772
3 8153 7772 8154
3 8155 8153 8154
3 8155 8154 8156
3 8155 8139 8150
3 8155 8150 8153
3 8158 8157 8155
3 8158 8155 8156
3 8155 8157 8137
3 8155 8137 8139
3 8158 8160 8159
3 8158 8159 8157
3 8135 8137 8157
3 8135 8157 8159
3 8161 8159 8160
3 8161 8160 8162
3 8161 8133 8135
3 8161 8135 8159
3 8163 8161 8162
3 8163 8162 8165
3 8163 8166 8133
3 8163 8133 8161
3 8163 8165 8176
3 8163 8176 8164
3 8167 8166 8163
3 8167 8163 8164
3 8132 8166 8167
3 8132 8167 8169
3 8167 8164 8175
3 8167 8175 8168
3 8167 8168 8170
3 8167 8170 8169
3 7419 8169 8170
3 7419 8170 7422
3 7419 8130 8132
3 7419 8132 8169
3 8173 8171 8170
3 8173 8170 8168
3 7424 7422 8170
3 7424 8170 8171
3 7506 8172 8171
3 7506 8171 8173
3 7424 8171 8172
3 7424 8172 8174
3 8173 8168 8175
3 8173 8175 7507
3 7494 8174 8172
3 7494 8172 7496
3 7496 8172 7506
3 7496 7506 7498
3 7424 8174 7452
3 7424 7452 7450
3 7455 7452 8174
3 7455 8174 7494
3 7511 8175 8164
3 7511 8164 8176
3 7515 8176 8165
3 7515 8165 7527
3 7527 8165 8162
3 7527 8162 7529
3 7529 8162 8160
3 7529 8160 7532
3 7532 8160 8158
3 7532 8158 7534
3 8158 8156 8177
3 8158 8177 7534
3 8156 8154 8178
3 8156 8178 8177
3 8177 8178 8179
3 8177 8179 7535
3 7769 8178 8154
3 7769 8154 7772
3 7769 8180 8179
3 7769 8179 8178
3 8181 8179 8180
3 8181 8180 8183
3 7535 8179 8181
3 7535 8181 7537
3 8181 8182 7539
3 8181 7539 7537
3 8181 8183 8184
3 8181 8184 8182
3 8183 8185 8186
3 8183 8186 8184
3 8183 8180 8187
3 8183 8187 8185
3 8185 8188 8189
3 8185 8189 8186
3 8185 8187 7759
3 8185 7759 8188
3 7573 8189 8188
3 7573 8188 7760
3 7560 8186 8189
3 7560 8189 7572
3 7769 7763 8187
3 7769 8187 8180
3 7558 8184 8186
3 7558 8186 7560
3 7556 8182 8184
3 7556 8184 7558
3 7543 7539 8182
3 7543 8182 7556
3 8151 8148 8191
3 8151 8191 8190
3 8151 8190 7775
3 8151 7775 7773
3 7775 8190 8192
3 7775 8192 7778
3 8193 8192 8190
3 8193 8190 8191
3 7887 8192 8193
3 7887 8193 7889
3 7887 7885 7778
3 7887 7778 8192
3 8193 7900 7893
3 8193 7893 7889
3 8193 8191 7903
3 8193 7903 7900
3 7903 8191 8148
3 7903 8148 8146
3 7406 8194 8123
3 7406 8123 8126
3 8089 8121 8123
3 8089 8123 8194
3 8089 8097 8195
3 8089 8195 8121
3 8197 8117 8195
3 8197 8195 8196
3 8099 8196 8195
3 8099 8195 8097
3 8197 8196 8103
3 8197 8103 8116
3 8110 8116 8103
3 8110 8103 8105
3 8064 8198 8201
3 8064 8201 8199
3 8054 8057 8064
3 8054 8064 8199
3 8054 8199 8200
3 8054 8200 8052
3 8199 8201 8203
3 8199 8203 8200
3 8198 8228 8202
3 8198 8202 8201
3 8204 8203 8201
3 8204 8201 8202
3 8204 8207 8205
3 8204 8205 8203
3 8205 8208 8200
3 8205 8200 8203
3 8205 8207 8219
3 8205 8219 8206
3 8205 8206 8210
3 8205 8210 8208
3 8210 8212 8209
3 8210 8209 8208
3 8052 8200 8208
3 8052 8208 8209
3 8210 8206 8218
3 8210 8218 8211
3 8210 8211 8213
3 8210 8213 8212
3 8046 8209 8212
3 8046 8212 8044
3 8213 8042 8044
3 8213 8044 8212
3 8213 8214 8216
3 8213 8216 8042
3 8213 8211 8215
3 8213 8215 8214
3 8007 8009 8214
3 8007 8214 8215
3 8216 8214 8009
3 8216 8009 8011
3 8216 8011 8035
3 8216 8035 8037
3 8007 8215 8217
3 8007 8217 7327
3 8217 8215 8211
3 8217 8211 8218
3 8217 8218 7334
3 8217 7334 7328
3 7334 8218 8206
3 7334 8206 8219
3 7335 8219 8207
3 7335 8207 8220
3 8204 8222 8220
3 8204 8220 8207
3 7335 8220 8221
3 7335 8221 7337
3 8221 8220 8222
3 8221 8222 8224
3 8223 8226 8224
3 8223 8224 8222
3 8223 8222 8204
3 8223 8204 8202
3 8221 8224 8225
3 8221 8225 8227
3 8225 8224 8226
3 8225 8226 7357
3 7367 7359 7357
3 7367 7357 8226
3 7367 8226 8223
3 7367 8223 7369
3 8225 7351 7345
3 8225 7345 8227
3 8221 8227 7340
3 8221 7340 7337
3 8223 8202 8228
3 8223 8228 7369
3 8063 7370 8228
3 8063 8228 8198
3 7925 8229 7953
3 7925 7953 7951
3 7925 7951 7949
3 7925 7949 7927
3 7935 7875 7879
3 7935 7879 7933
3 7881 8230 7933
3 7881 7933 7879
3 7881 7883 7890
3 7881 7890 8230
3 7890 7892 7929
3 7890 7929 8230
3 7876 7798 7790
3 7876 7790 7878
3 7857 7798 7876
3 7857 7876 7872
3 8231 7863 6994
3 8231 6994 6992
3 8231 8232 8233
3 8231 8233 7862
3 8231 6992 8234
3 8231 8234 8232
3 8236 8233 8232
3 8236 8232 8235
3 8234 8237 8235
3 8234 8235 8232
3 8238 8239 8236
3 8238 8236 8235
3 8238 8235 8237
3 8238 8237 8240
3 8238 8241 8244
3 8238 8244 8239
3 8242 8241 8238
3 8242 8238 8240
3 8242 8271 8243
3 8242 8243 8241
3 8245 8244 8241
3 8245 8241 8243
3 7846 7849 8239
3 7846 8239 8244
3 8245 8246 7846
3 8245 7846 8244
3 8245 8247 8250
3 8245 8250 8246
3 8249 8247 8245
3 8249 8245 8243
3 8251 8250 8247
3 8251 8247 8248
3 8249 8267 8248
3 8249 8248 8247
3 8252 7847 8246
3 8252 8246 8250
3 8252 8250 8251
3 8252 8251 8253
3 8252 8253 7834
3 8252 7834 7837
3 7839 7847 8252
3 7839 8252 7837
3 8251 8256 8254
3 8251 8254 8253
3 7832 7834 8253
3 7832 8253 8254
3 8255 8254 8256
3 8255 8256 8258
3 8286 7832 8254
3 8286 8254 8255
3 8251 8248 8257
3 8251 8257 8256
3 8257 8260 8258
3 8257 8258 8256
3 8284 8255 8258
3 8284 8258 8259
3 8259 8258 8260
3 8259 8260 8261
3 8262 8264 8261
3 8262 8261 8260
3 8257 8265 8262
3 8257 8262 8260
3 8262 8263 8277
3 8262 8277 8264
3 8262 8265 8266
3 8262 8266 8263
3 8268 8266 8265
3 8268 8265 8267
3 8257 8248 8267
3 8257 8267 8265
3 8268 8267 8249
3 8268 8249 8269
3 8268 8269 8270
3 8268 8270 6966
3 6963 8266 8268
3 6963 8268 6966
3 8249 8243 8271
3 8249 8271 8269
3 8272 8270 8269
3 8272 8269 8271
3 8272 8271 8242
3 8272 8242 8273
3 8272 8273 6976
3 8272 6976 8274
3 6965 8270 8272
3 6965 8272 8274
3 8242 8240 8275
3 8242 8275 8273
3 6978 6976 8273
3 6978 8273 8275
3 8276 6980 6978
3 8276 6978 8275
3 8276 8275 8240
3 8276 8240 8237
3 8276 6991 6984
3 8276 6984 6980
3 8234 6991 8276
3 8234 8276 8237
3 6963 6961 8263
3 6963 8263 8266
3 8277 8279 8278
3 8277 8278 8264
3 6926 8261 8264
3 6926 8264 8278
3 6925 8278 8279
3 6925 8279 8281
3 8277 8282 8280
3 8277 8280 8279
3 8280 6939 8281
3 8280 8281 8279
3 8280 8282 6960
3 8280 6960 8283
3 8280 8283 6941
3 8280 6941 6939
3 6953 6946 8283
3 6953 8283 6960
3 8277 8263 6961
3 8277 6961 8282
3 6923 8259 8261
3 6923 8261 6926
3 6923 6921 8284
3 6923 8284 8259
3 8284 8285 8286
3 8284 8286 8255
3 8284 6921 8288
3 8284 8288 8285
3 8286 8285 8287
3 8286 8287 7831
3 8289 8287 8285
3 8289 8285 8288
3 8289 8288 6916
3 8289 6916 6913
3 8291 8287 8289
3 8291 8289 8290
3 8289 6913 8293
3 8289 8293 8290
3 8291 8290 8292
3 8291 8292 8304
3 8294 8292 8290
3 8294 8290 8293
3 8294 8293 6914
3 8294 6914 8295
3 8297 8296 8294
3 8297 8294 8295
3 8299 8292 8294
3 8299 8294 8296
3 8297 8308 8298
3 8297 8298 8296
3 8298 8300 8299
3 8298 8299 8296
3 8303 8301 8299
3 8303 8299 8300
3 8299 8301 8304
3 8299 8304 8292
3 7827 8304 8301
3 7827 8301 8302
3 8303 8305 8302
3 8303 8302 8301
3 7827 7829 8291
3 7827 8291 8304
3 7702 8305 8303
3 7702 8303 7699
3 7697 7699 8303
3 7697 8303 8300
3 7823 8302 8305
3 7823 8305 8306
3 7702 7705 8306
3 7702 8306 8305
3 7822 8306 7705
3 7822 7705 7707
3 8298 8307 7697
3 8298 7697 8300
3 8298 8308 8309
3 8298 8309 8307
3 8311 8309 8308
3 8311 8308 8310
3 8297 8313 8310
3 8297 8310 8308
3 8311 8310 8312
3 8311 8312 6887
3 8312 8310 8313
3 8312 8313 8315
3 8314 8313 8297
3 8314 8297 8295
3 8314 8316 8315
3 8314 8315 8313
3 6894 8315 8316
3 6894 8316 6897
3 8312 8315 6894
3 8312 6894 6888
3 6908 6899 6897
3 6908 6897 8316
3 6908 8316 8314
3 6908 8314 6910
3 8314 8295 6914
3 8314 6914 6910
3 8319 8309 8311
3 8319 8311 8317
3 8311 6887 6885
3 8311 6885 8317
3 6883 8318 8317
3 6883 8317 6885
3 8319 8317 8318
3 8319 8318 7692
3 8319 7693 8307
3 8319 8307 8309
3 8320 7689 7692
3 8320 7692 8318
3 6883 8322 8320
3 6883 8320 8318
3 8320 8321 7686
3 8320 7686 7689
3 8320 8322 8323
3 8320 8323 8321
3 8324 8323 8322
3 8324 8322 6882
3 8324 8328 8325
3 8324 8325 8323
3 8325 8327 8321
3 8325 8321 8323
3 8325 8328 8329
3 8325 8329 8326
3 8325 8326 8514
3 8325 8514 8327
3 8324 8331 8330
3 8324 8330 8328
3 8332 8329 8328
3 8332 8328 8330
3 8333 8330 8331
3 8333 8331 8334
3 8332 8330 8333
3 8332 8333 8335
3 8333 8334 8339
3 8333 8339 8336
3 8333 8336 8338
3 8333 8338 8335
3 8498 8338 8336
3 8498 8336 8337
3 8339 8341 8337
3 8339 8337 8336
3 8339 8334 6878
3 8339 6878 8340
3 8339 8340 8343
3 8339 8343 8341
3 8516 8337 8341
3 8516 8341 8342
3 8343 8344 8342
3 8343 8342 8341
3 8343 8340 6873
3 8343 6873 6871
3 8343 6871 8346
3 8343 8346 8344
3 8345 8351 8342
3 8345 8342 8344
3 8345 8344 8346
3 8345 8346 8347
3 8346 6870 8348
3 8346 8348 8347
3 8345 8347 8349
3 8345 8349 8351
3 8349 8347 8348
3 8349 8348 8352
3 8350 8349 8352
3 8350 8352 8353
3 8350 8517 8351
3 8350 8351 8349
3 8353 8352 6855
3 8353 6855 6852
3 6857 6855 8352
3 6857 8352 8348
3 8354 8355 8350
3 8354 8350 8353
3 8354 8353 6852
3 8354 6852 8357
3 8354 8356 8490
3 8354 8490 8355
3 8359 8356 8354
3 8359 8354 8357
3 6852 8481 8358
3 6852 8358 8357
3 8359 8357 8358
3 8359 8358 8360
3 8359 7655 7657
3 8359 7657 8356
3 8362 7655 8359
3 8362 8359 8360
3 8360 8358 8479
3 8360 8479 8361
3 8362 8360 8361
3 8362 8361 8363
3 8365 7654 8362
3 8365 8362 8363
3 8365 8363 8364
3 8365 8364 8366
3 8363 8361 8484
3 8363 8484 8364
3 7644 7646 8365
3 7644 8365 8366
3 8365 7646 7648
3 8365 7648 7654
3 7644 8366 8367
3 7644 8367 8368
3 8364 8369 8367
3 8364 8367 8366
3 8370 8371 8368
3 8370 8368 8367
3 8369 8372 8370
3 8369 8370 8367
3 8373 8374 8371
3 8373 8371 8370
3 8373 8370 8372
3 8373 8372 8375
3 8377 8374 8373
3 8377 8373 8376
3 8373 8375 8379
3 8373 8379 8376
3 8377 8376 8378
3 8377 8378 8391
3 8379 8381 8378
3 8379 8378 8376
3 8379 8380 8382
3 8379 8382 8381
3 8379 8375 8474
3 8379 8474 8380
3 8384 8383 8381
3 8384 8381 8382
3 8378 8381 8383
3 8378 8383 8386
3 8384 8470 8385
3 8384 8385 8383
3 8385 8387 8386
3 8385 8386 8383
3 8388 8386 8387
3 8388 8387 8389
3 8378 8386 8388
3 8378 8388 8391
3 8388 8389 8456
3 8388 8456 8390
3 8392 8391 8388
3 8392 8388 8390
3 8392 8394 8377
3 8392 8377 8391
3 8455 8393 8392
3 8455 8392 8390
3 8392 8393 8396
3 8392 8396 8394
3 8377 8394 8395
3 8377 8395 8374
3 8394 8396 8398
3 8394 8398 8395
3 7635 8398 8396
3 7635 8396 8397
3 8393 8399 8397
3 8393 8397 8396
3 7638 8489 8395
3 7638 8395 8398
3 7632 8397 8399
3 7632 8399 8401
3 8455 8400 8399
3 8455 8399 8393
3 8400 8402 8401
3 8400 8401 8399
3 7629 8401 8402
3 7629 8402 8403
3 8404 8407 8403
3 8404 8403 8402
3 8406 8404 8402
3 8406 8402 8400
3 8405 8408 8407
3 8405 8407 8404
3 8405 8404 8406
3 8405 8406 8453
3 7628 8403 8407
3 7628 8407 7567
3 8408 7565 7567
3 8408 7567 8407
3 8409 8408 8405
3 8409 8405 8410
3 8409 7563 7565
3 8409 7565 8408
3 8411 8412 7563
3 8411 7563 8409
3 8414 8411 8409
3 8414 8409 8410
3 8411 8413 7553
3 8411 7553 8412
3 8414 8416 8413
3 8414 8413 8411
3 8415 8414 8410
3 8415 8410 8451
3 8415 8418 8416
3 8415 8416 8414
3 8417 8416 8418
3 8417 8418 8419
3 8417 8488 8413
3 8417 8413 8416
3 8420 8423 8419
3 8420 8419 8418
3 8420 8418 8415
3 8420 8415 8421
3 8445 8422 8420
3 8445 8420 8421
3 8420 8422 8424
3 8420 8424 8423
3 8425 8426 8419
3 8425 8419 8423
3 8427 8425 8423
3 8427 8423 8424
3 7549 8426 8425
3 7549 8425 8428
3 8427 8429 8428
3 8427 8428 8425
3 8429 8430 7548
3 8429 7548 8428
3 8427 8434 7520
3 8427 7520 8429
3 8429 7520 7522
3 8429 7522 8430
3 8430 7522 7524
3 8430 7524 8431
3 8430 8431 7545
3 8430 7545 7548
3 8432 7542 7545
3 8432 7545 8431
3 8432 8431 7524
3 8432 7524 8433
3 8432 8433 7540
3 8432 7540 7542
3 7525 7531 7540
3 7525 7540 8433
3 8435 8434 8427
3 8435 8427 8424
3 8435 8437 7519
3 8435 7519 8434
3 8439 8437 8435
3 8439 8435 8436
3 8435 8424 8422
3 8435 8422 8436
3 7513 7519 8437
3 7513 8437 8438
3 8439 8440 8438
3 8439 8438 8437
3 8442 8440 8439
3 8442 8439 8441
3 8439 8436 8444
3 8439 8444 8441
3 8442 8441 8443
3 8442 8443 8460
3 8446 8443 8441
3 8446 8441 8444
3 8445 8444 8436
3 8445 8436 8422
3 8446 8444 8445
3 8446 8445 8448
3 8457 8443 8446
3 8457 8446 8447
3 8446 8448 8449
3 8446 8449 8447
3 8452 8449 8448
3 8452 8448 8450
3 8445 8421 8450
3 8445 8450 8448
3 8415 8451 8450
3 8415 8450 8421
3 8452 8450 8451
3 8452 8451 8453
3 8406 8454 8452
3 8406 8452 8453
3 8456 8449 8452
3 8456 8452 8454
3 8406 8400 8455
3 8406 8455 8454
3 8455 8390 8456
3 8455 8456 8454
3 8456 8389 8447
3 8456 8447 8449
3 8405 8453 8451
3 8405 8451 8410
3 8457 8447 8389
3 8457 8389 8387
3 8385 8458 8457
3 8385 8457 8387
3 8457 8458 8460
3 8457 8460 8443
3 8461 8460 8458
3 8461 8458 8459
3 8385 8470 8459
3 8385 8459 8458
3 8461 8463 8442
3 8461 8442 8460
3 8465 8462 8461
3 8465 8461 8459
3 8461 8462 7502
3 8461 7502 8463
3 7504 8464 8463
3 7504 8463 7502
3 8442 8463 8464
3 8442 8464 8440
3 7509 8438 8440
3 7509 8440 8464
3 8465 8466 7501
3 8465 7501 8462
3 8468 8466 8465
3 8468 8465 8467
3 8465 8459 8470
3 8465 8470 8467
3 8468 8467 8469
3 8468 8469 6841
3 8384 8469 8467
3 8384 8467 8470
3 6843 6841 8469
3 6843 8469 8471
3 8471 8469 8384
3 8471 8384 8382
3 8471 8382 8380
3 8471 8380 8472
3 6843 8471 8472
3 6843 8472 6846
3 8472 8473 8476
3 8472 8476 6846
3 8380 8474 8473
3 8380 8473 8472
3 8485 8475 8473
3 8485 8473 8474
3 8475 8477 8476
3 8475 8476 8473
3 8477 6853 6845
3 8477 6845 8476
3 8477 8478 8481
3 8477 8481 6853
3 8475 8480 8478
3 8475 8478 8477
3 8483 8479 8478
3 8483 8478 8480
3 8478 8479 8358
3 8478 8358 8481
3 8483 8480 8482
3 8483 8482 8484
3 8485 8482 8480
3 8485 8480 8475
3 8483 8484 8361
3 8483 8361 8479
3 8364 8484 8482
3 8364 8482 8369
3 8369 8482 8485
3 8369 8485 8372
3 8485 8474 8375
3 8485 8375 8372
3 6840 8486 8466
3 6840 8466 8468
3 7499 7501 8466
3 7499 8466 8486
3 7492 7499 8486
3 7492 8486 8487
3 6840 6837 8487
3 6840 8487 8486
3 7488 8487 6837
3 7488 6837 6834
3 8417 8419 8426
3 8417 8426 8488
3 7551 8488 8426
3 7551 8426 7549
3 7553 8413 8488
3 7553 8488 7551
3 8374 8395 8489
3 8374 8489 8371
3 7641 8368 8371
3 7641 8371 8489
3 7659 8490 8356
3 7659 8356 7657
3 8493 8355 8490
3 8493 8490 8491
3 8491 8490 7659
3 8491 7659 8492
3 8491 8492 8495
3 8491 8495 8494
3 8493 8491 8494
3 8493 8494 8496
3 8495 8500 8497
3 8495 8497 8494
3 8498 8496 8494
3 8498 8494 8497
3 8498 8497 8499
3 8498 8499 8338
3 8502 8499 8497
3 8502 8497 8500
3 8515 8501 8500
3 8515 8500 8495
3 8502 8500 8501
3 8502 8501 8503
3 8502 8503 8505
3 8502 8505 8499
3 8504 8506 8505
3 8504 8505 8503
3 8504 8503 8501
3 8504 8501 8512
3 8338 8499 8505
3 8338 8505 8335
3 8332 8335 8505
3 8332 8505 8506
3 8504 8509 8507
3 8504 8507 8506
3 8507 8329 8332
3 8507 8332 8506
3 8507 8509 8510
3 8507 8510 8508
3 8507 8508 8326
3 8507 8326 8329
3 8511 7671 8510
3 8511 8510 8509
3 8511 8509 8504
3 8511 8504 8512
3 8511 8512 7664
3 8511 7664 7666
3 8515 7664 8512
3 8515 8512 8501
3 8508 8510 7675
3 8508 7675 8513
3 8508 8513 8514
3 8508 8514 8326
3 7679 7681 8514
3 7679 8514 8513
3 8327 8514 7681
3 8327 7681 7684
3 8515 8495 8492
3 8515 8492 7660
3 8516 8496 8498
3 8516 8498 8337
3 8493 8496 8516
3 8493 8516 8517
3 8516 8342 8351
3 8516 8351 8517
3 8350 8355 8493
3 8350 8493 8517
3 6857 8348 6870
3 6857 6870 6864
3 6880 6878 8334
3 6880 8334 8331
3 6880 8331 8324
3 6880 8324 6882
3 8327 7684 7686
3 8327 7686 8321
3 8291 7829 7831
3 8291 7831 8287
3 8236 8239 7849
3 8236 7849 7851
3 8236 7851 7853
3 8236 7853 8233
3 7853 7855 7862
3 7853 7862 8233
3 8518 7669 7662
3 8518 7662 7650
3 7484 7457 7454
3 7484 7454 7486
3 8519 7460 7457
3 8519 7457 7484
3 8520 7460 8519
3 8520 8519 7476
3 7473 7465 7459
3 7473 7459 8520
3 6797 8521 7470
3 6797 7470 7472
3 7468 7470 8521
3 7468 8521 8522
3 6792 6788 8522
3 6792 8522 8521
3 7311 7313 7468
3 7311 7468 8522
3 7311 8522 6788
3 7311 6788 6786
3 7466 7315 8523
3 7466 8523 7463
3 7343 7463 8523
3 7343 8523 7339
3 7315 7318 7330
3 7315 7330 8523
3 7332 7339 8523
3 7332 8523 7330
3 7393 7395 7408
3 7393 7408 7415
3 7231 7234 7252
3 7231 7252 7260
3 8524 8525 7191
3 8524 7191 7203
3 8524 6419 8526
3 8524 8526 8525
3 8526 8527 7190
3 8526 7190 8525
3 8526 6423 8528
3 8526 8528 8527
3 7188 7190 8527
3 7188 8527 8529
3 8528 8531 8529
3 8528 8529 8527
3 8530 8529 8531
3 8530 8531 8532
3 8530 7184 7188
3 8530 7188 8529
3 6435 8533 8532
3 6435 8532 8531
3 8528 6432 6435
3 8528 6435 8531
3 7167 7170 8530
3 7167 8530 8532
3 7167 8532 8533
3 7167 8533 7164
3 6436 7126 7164
3 6436 7164 8533
3 8530 7170 7181
3 8530 7181 7184
3 8528 6423 6425
3 8528 6425 6432
3 7195 8535 7044
3 7195 7044 8534
3 7185 8535 7195
3 7185 7195 7187
3 7046 7044 8535
3 7046 8535 8536
3 7185 7182 8536
3 7185 8536 8535
3 8537 7048 7046
3 8537 7046 8536
3 8537 8536 7182
3 8537 7182 7179
3 8537 8538 8540
3 8537 8540 7048
3 7177 8538 8537
3 7177 8537 7179
3 7177 8566 8539
3 7177 8539 8538
3 8541 8540 8538
3 8541 8538 8539
3 7049 8540 8541
3 7049 8541 7056
3 8541 8542 8543
3 8541 8543 7056
3 8541 8539 8544
3 8541 8544 8542
3 8542 8545 8548
3 8542 8548 8543
3 8544 8547 8545
3 8544 8545 8542
3 7075 8548 8545
3 7075 8545 8546
3 8547 8550 8546
3 8547 8546 8545
3 7076 7055 8543
3 7076 8543 8548
3 8549 8551 8550
3 8549 8550 8547
3 8544 8565 8549
3 8544 8549 8547
3 8551 8554 8552
3 8551 8552 8550
3 8553 8546 8550
3 8553 8550 8552
3 7087 7081 8553
3 7087 8553 8552
3 7087 8552 8554
3 7087 8554 7090
3 8555 7096 8554
3 8555 8554 8551
3 8553 7078 7075
3 8553 7075 8546
3 8549 8556 8555
3 8549 8555 8551
3 8555 8557 7098
3 8555 7098 7096
3 8555 8556 8558
3 8555 8558 8557
3 7098 8557 8559
3 7098 8559 7100
3 8560 8559 8557
3 8560 8557 8558
3 7111 8559 8560
3 7111 8560 7113
3 7111 7104 7100
3 7111 7100 8559
3 8560 8558 8563
3 8560 8563 8561
3 8560 8561 8562
3 8560 8562 7113
3 8567 8562 8561
3 8567 8561 7172
3 8563 7174 7172
3 8563 7172 8561
3 8563 8558 8556
3 8563 8556 8564
3 8563 8564 7176
3 8563 7176 7174
3 8549 8565 8564
3 8549 8564 8556
3 7176 8564 8565
3 7176 8565 8566
3 8544 8539 8566
3 8544 8566 8565
3 7114 8562 8567
3 7114 8567 7121
3 8567 7166 7123
3 8567 7123 7121
3 6610 6616 7093
3 6610 7093 8568
3 7093 6616 6619
3 7093 6619 7091
3 6623 7088 7091
3 6623 7091 6619
3 6623 6625 7085
3 6623 7085 7088
3 7085 6625 8569
3 7085 8569 7083
3 6981 6983 7083
3 6981 7083 8569
3 6981 8569 6626
3 6981 6626 6974
3 7076 7070 7058
3 7076 7058 7055
3 7073 6986 6989
3 7073 6989 6997
3 6956 6968 6636
3 6956 6636 8570
3 6955 8570 6637
3 6955 6637 6649
3 6651 6952 6955
3 6651 6955 6649
3 6651 6653 6950
3 6651 6950 6952
3 6948 6950 6653
3 6948 6653 6657
3 8572 8571 6948
3 8572 6948 6657
3 8574 6943 8571
3 8574 8571 6681
3 8572 6679 6681
3 8572 6681 8571
3 6676 6679 8572
3 6676 8572 6656
3 8576 6936 6944
3 8576 6944 8573
3 8574 6682 8573
3 8574 8573 6944
3 8575 8573 6682
3 8575 6682 6684
3 8577 8576 8573
3 8577 8573 8575
3 8577 8578 6937
3 8577 6937 8576
3 6689 6696 8577
3 6689 8577 8575
3 8577 6696 6699
3 8577 6699 8578
3 6702 8579 8578
3 6702 8578 6699
3 6937 8578 8579
3 6937 8579 6934
3 8580 8579 6702
3 8580 6702 8582
3 8580 6932 6934
3 8580 6934 8579
3 8673 6932 8580
3 8673 8580 8581
3 8580 8582 8583
3 8580 8583 8581
3 8584 8583 8582
3 8584 8582 6701
3 8585 8583 8584
3 8585 8584 8586
3 8585 8587 8581
3 8585 8581 8583
3 8590 8588 8585
3 8590 8585 8586
3 8589 8587 8585
3 8589 8585 8588
3 8590 8591 6903
3 8590 6903 8588
3 6903 6905 8589
3 6903 8589 8588
3 8595 8592 8590
3 8595 8590 8586
3 8590 8592 8593
3 8590 8593 8591
3 8657 8593 8592
3 8657 8592 8594
3 8595 8596 8594
3 8595 8594 8592
3 8595 8586 8584
3 8595 8584 8597
3 8598 8596 8595
3 8598 8595 8597
3 8584 6701 6704
3 8584 6704 8597
3 8598 8597 6704
3 8598 6704 6706
3 6709 8599 8598
3 6709 8598 6706
3 8598 8599 8601
3 8598 8601 8596
3 6709 6712 8600
3 6709 8600 8599
3 8603 8601 8599
3 8603 8599 8600
3 8602 8594 8596
3 8602 8596 8601
3 8602 8601 8603
3 8602 8603 8605
3 8603 8604 8607
3 8603 8607 8605
3 8603 8600 8615
3 8603 8615 8604
3 8608 8606 8605
3 8608 8605 8607
3 8602 8605 8606
3 8602 8606 8658
3 8609 8610 8608
3 8609 8608 8607
3 8609 8607 8604
3 8609 8604 8612
3 8630 8610 8609
3 8630 8609 8611
3 8613 8611 8609
3 8613 8609 8612
3 8613 8612 8614
3 8613 8614 8616
3 8615 8614 8612
3 8615 8612 8604
3 8615 6716 6718
3 8615 6718 8614
3 6718 8617 8616
3 6718 8616 8614
3 8618 8616 8617
3 8618 8617 8620
3 8618 8621 8613
3 8618 8613 8616
3 8661 8619 8618
3 8661 8618 8620
3 8622 8621 8618
3 8622 8618 8619
3 8623 8621 8622
3 8623 8622 8625
3 8623 8611 8613
3 8623 8613 8621
3 8623 8625 8626
3 8623 8626 8624
3 8630 8611 8623
3 8630 8623 8624
3 8628 8626 8625
3 8628 8625 8627
3 8622 6770 8627
3 8622 8627 8625
3 6769 6777 8628
3 6769 8628 8627
3 8628 6791 6794
3 8628 6794 8626
3 8628 6777 6789
3 8628 6789 6791
3 6794 8629 8624
3 6794 8624 8626
3 8630 8624 8629
3 8630 8629 8631
3 8633 8610 8630
3 8633 8630 8631
3 6795 8632 8631
3 6795 8631 8629
3 8633 8631 8632
3 8633 8632 8634
3 8633 8635 8608
3 8633 8608 8610
3 8636 8635 8633
3 8636 8633 8634
3 8608 8635 8637
3 8608 8637 8606
3 8636 8639 8637
3 8636 8637 8635
3 8637 8638 8658
3 8637 8658 8606
3 8637 8639 8640
3 8637 8640 8638
3 8641 8644 8640
3 8641 8640 8639
3 8641 8639 8636
3 8641 8636 8643
3 8641 8643 6809
3 8641 6809 8642
3 8646 8644 8641
3 8646 8641 8642
3 8640 8644 8645
3 8640 8645 8654
3 8646 8648 8645
3 8646 8645 8644
3 8649 8648 8646
3 8649 8646 8647
3 8646 8642 6810
3 8646 6810 8647
3 8645 8648 8650
3 8645 8650 8652
3 8649 8651 8650
3 8649 8650 8648
3 8651 6891 6893
3 8651 6893 8650
3 8650 6893 6896
3 8650 6896 8652
3 6900 8653 8652
3 6900 8652 6896
3 8645 8652 8653
3 8645 8653 8654
3 8655 8656 8654
3 8655 8654 8653
3 6900 6902 8655
3 6900 8655 8653
3 8655 6902 8591
3 8655 8591 8593
3 8655 8593 8657
3 8655 8657 8656
3 8640 8654 8656
3 8640 8656 8638
3 8657 8658 8638
3 8657 8638 8656
3 8657 8594 8602
3 8657 8602 8658
3 8649 6866 6868
3 8649 6868 8651
3 8651 6868 6876
3 8651 6876 6891
3 8659 6866 8649
3 8659 8649 8647
3 8659 8647 6810
3 8659 6810 6812
3 8636 8634 8660
3 8636 8660 8643
3 6803 6809 8643
3 6803 8643 8660
3 6799 8660 8634
3 6799 8634 8632
3 8622 8619 6767
3 8622 6767 6770
3 8661 8620 8662
3 8661 8662 8664
3 6719 8662 8620
3 6719 8620 8617
3 6719 6721 8663
3 6719 8663 8662
3 8663 8665 8664
3 8663 8664 8662
3 8666 6764 8661
3 8666 8661 8664
3 8666 8664 8665
3 8666 8665 8667
3 8668 6765 8666
3 8668 8666 8667
3 8670 6737 8667
3 8670 8667 8665
3 8668 8667 6737
3 8668 6737 6739
3 6741 8669 8668
3 6741 8668 6739
3 6758 6765 8668
3 6758 8668 8669
3 6754 8669 6741
3 6754 6741 6743
3 8663 6726 8670
3 8663 8670 8665
3 6767 8619 8661
3 6767 8661 6764
3 8615 8600 6712
3 8615 6712 6716
3 6907 8671 8589
3 6907 8589 6905
3 8589 8671 8672
3 8589 8672 8587
3 6907 6911 6919
3 6907 6919 8671
3 8674 8672 8671
3 8674 8671 6919
3 8674 6928 8673
3 8674 8673 8672
3 8673 8581 8587
3 8673 8587 8672
3 8675 6360 6363
3 8675 6363 6728
3 8677 8676 8675
3 8677 8675 6723
3 8675 8676 6358
3 8675 6358 6360
3 8677 8680 8678
3 8677 8678 8676
3 6355 6358 8676
3 6355 8676 8678
3 8679 8678 8680
3 8679 8680 8682
3 8679 8690 6355
3 8679 6355 8678
3 8681 8680 8677
3 8681 8677 6724
3 8681 8683 8682
3 8681 8682 8680
3 8684 8682 8683
3 8684 8683 8686
3 8684 8685 8679
3 8684 8679 8682
3 8684 6693 6691
3 8684 6691 8685
3 6695 6693 8684
3 6695 8684 8686
3 6710 6707 8686
3 6710 8686 8683
3 6695 8686 6707
3 6695 6707 6698
3 8688 8687 8685
3 8688 8685 6691
3 8679 8685 8687
3 8679 8687 8690
3 8689 8687 8688
3 8689 8688 8691
3 8689 6356 8690
3 8689 8690 8687
3 8689 8691 8693
3 8689 8693 8692
3 6349 6356 8689
3 6349 8689 8692
3 8692 8693 6341
3 8692 6341 6343
3 6339 6341 8693
3 6339 8693 8694
3 8691 8695 8694
3 8691 8694 8693
3 8696 6672 6339
3 8696 6339 8694
3 8696 8694 8695
3 8696 8695 6687
3 6678 6673 8696
3 6678 8696 6687
3 8688 6686 8695
3 8688 8695 8691
3 6710 8683 8681
3 6710 8681 6713
3 6715 6713 8681
3 6715 8681 6724
3 6676 6656 6659
3 6676 6659 6666
3 8697 6016 6013
3 8697 6013 6661
3 8697 6661 6654
3 8697 6654 6646
3 8697 6647 8698
3 8697 8698 6016
3 8699 8698 6647
3 8699 6647 6644
3 8699 8701 6015
3 8699 6015 8698
3 6642 8700 8699
3 6642 8699 6644
3 8699 8700 8702
3 8699 8702 8701
3 6026 6020 8701
3 6026 8701 8702
3 6026 8702 8703
3 6026 8703 6029
3 8703 8702 8700
3 8703 8700 8704
3 8703 8705 6032
3 8703 6032 6029
3 8703 8704 8706
3 8703 8706 8705
3 8710 6032 8705
3 8710 8705 6612
3 8706 6614 6612
3 8706 6612 8705
3 8706 8707 6617
3 8706 6617 6614
3 8706 8704 8708
3 8706 8708 8707
3 6641 8709 8707
3 6641 8707 8708
3 6617 8707 8709
3 6617 8709 6620
3 6631 8709 6641
3 6631 6641 6634
3 6631 6622 6620
3 6631 6620 8709
3 6642 8708 8704
3 6642 8704 8700
3 8710 6607 6605
3 8710 6605 6033
3 6599 6597 6039
3 6599 6039 6037
3 6039 6597 6595
3 6039 6595 6041
3 8711 6044 6041
3 8711 6041 6595
3 8711 6590 6588
3 8711 6588 8712
3 8713 6044 8711
3 8713 8711 8712
3 8715 8714 8712
3 8715 8712 6588
3 8713 8712 8714
3 8713 8714 8717
3 8716 8714 8715
3 8716 8715 8718
3 8716 6062 8717
3 8716 8717 8714
3 6051 6045 8713
3 6051 8713 8717
3 6051 8717 6062
3 6051 6062 6054
3 8716 8718 8720
3 8716 8720 6063
3 8715 6587 8719
3 8715 8719 8718
3 8721 8720 8718
3 8721 8718 8719
3 8722 8720 8721
3 8722 8721 8723
3 8722 6065 6063
3 8722 6063 8720
3 8722 8723 6077
3 8722 6077 6070
3 8721 6574 6572
3 8721 6572 8723
3 6080 6077 8723
3 6080 8723 6572
3 8721 8719 6577
3 8721 6577 6574
3 6577 8719 6587
3 6577 6587 6580
3 6095 6092 6564
3 6095 6564 6561
3 6559 6098 6095
3 6559 6095 6561
3 6559 6552 6101
3 6559 6101 6098
3 6455 6458 6539
3 6455 6539 6541
3 6537 6539 6458
3 6537 6458 8724
3 6519 6524 6537
3 6519 6537 8724
3 6374 6371 6262
3 6374 6262 6260
3 6264 6262 6371
3 6264 6371 6368
3 6366 6268 6264
3 6366 6264 6368
3 6366 8725 8726
3 6366 8726 6268
3 8727 8726 8725
3 8727 8725 6351
3 6361 6353 6351
3 6361 6351 8725
3 6267 8726 8727
3 6267 8727 8728
3 8727 6347 8730
3 8727 8730 8728
3 6267 8728 8729
3 6267 8729 6270
3 8728 8730 6322
3 8728 6322 8729
3 6324 6322 8730
3 6324 8730 6346
3 6270 8729 6317
3 6270 6317 6272
3 6344 6327 6324
3 6344 6324 6346
3 6344 6336 6330
3 6344 6330 6327
3 6326 6329 5987
3 6326 5987 8731
3 8733 6319 6326
3 8733 6326 8731
3 5981 8732 8731
3 5981 8731 5987
3 8733 8731 8732
3 8733 8732 8734
3 8735 6320 8733
3 8735 8733 8734
3 5980 8736 8734
3 5980 8734 8732
3 8735 8734 8736
3 8735 8736 8737
3 5969 8736 5980
3 5969 5980 5972
3 5969 5966 8737
3 5969 8737 8736
3 6309 8737 5966
3 6309 5966 5963
3 6309 6311 8735
3 6309 8735 8737
3 8735 6311 6313
3 8735 6313 6320
3 6283 6281 6302
3 6283 6302 6299
3 6296 6301 8738
3 6296 8738 8739
3 5956 8738 6301
3 5956 6301 5959
3 6201 8738 5956
3 6201 5956 5954
3 6201 6204 8739
3 6201 8739 8738
3 6250 6257 6278
3 6250 6278 6248
3 6207 6203 6155
3 6207 6155 6152
3 6158 6155 6203
3 6158 6203 6198
3 6163 612 609
3 6163 609 6160
3 609 606 6157
3 609 6157 6160
3 6154 6157 606
3 6154 606 603
3 600 6151 6154
3 600 6154 603
3 600 597 6148
3 600 6148 6151
3 6145 6148 597
3 6145 597 594
3 591 6142 6145
3 591 6145 594
3 591 588 6139
3 591 6139 6142
3 6136 6139 588
3 6136 588 585
3 6136 585 582
3 6136 582 6133
3 582 579 6130
3 582 6130 6133
3 6127 6130 579
3 6127 579 576
3 6124 6127 576
3 6124 576 573
3 570 6121 6124
3 570 6124 573
3 570 567 6118
3 570 6118 6121
3 6115 6118 567
3 6115 567 564
3 6115 564 561
3 6115 561 6112
3 561 558 6109
3 561 6109 6112
3 6106 6109 558
3 6106 558 555
3 6106 555 552
3 6106 552 6103
3 6100 6103 552
3 6100 552 549
3 546 6097 6100
3 546 6100 549
3 546 543 6094
3 546 6094 6097
3 6091 6094 543
3 6091 543 540
3 6091 540 537
3 6091 537 6088
3 537 534 6085
3 537 6085 6088
3 6082 6085 534
3 6082 534 531
3 528 6079 6082
3 528 6082 531
3 6076 6079 528
3 6076 528 525
3 6076 525 522
3 6076 522 6074
3 522 519 6072
3 522 6072 6074
3 8740 6072 519
3 8740 519 516
3 8741 8743 6068
3 8741 6068 8740
3 513 8741 8740
3 513 8740 516
3 8741 8742 8744
3 8741 8744 8743
3 513 510 8742
3 513 8742 8741
3 8745 6067 8743
3 8745 8743 8744
3 8746 8744 8742
3 8746 8742 8747
3 8746 8748 8745
3 8746 8745 8744
3 8750 8749 8746
3 8750 8746 8747
3 8746 8749 8751
3 8746 8751 8748
3 8750 8753 8752
3 8750 8752 8749
3 8754 8751 8749
3 8754 8749 8752
3 8755 8752 8753
3 8755 8753 8756
3 8755 8757 8754
3 8755 8754 8752
3 5903 5905 8755
3 5903 8755 8756
3 8755 5905 5908
3 8755 5908 8757
3 8759 8758 8757
3 8759 8757 5908
3 8754 8757 8758
3 8754 8758 8761
3 8760 8758 8759
3 8760 8759 8835
3 8760 8762 8761
3 8760 8761 8758
3 8763 8761 8762
3 8763 8762 8765
3 8754 8761 8763
3 8754 8763 8751
3 8763 8765 6057
3 8763 6057 8764
3 8763 8764 8748
3 8763 8748 8751
3 6057 8765 8766
3 6057 8766 6055
3 8768 8766 8765
3 8768 8765 8762
3 8767 6052 6055
3 8767 6055 8766
3 8767 8766 8768
3 8767 8768 8769
3 8768 8770 8772
3 8768 8772 8769
3 8768 8762 8760
3 8768 8760 8770
3 8760 8835 8771
3 8760 8771 8770
3 8770 8771 8773
3 8770 8773 8772
3 8777 8774 8772
3 8777 8772 8773
3 8769 8772 8774
3 8769 8774 8776
3 8777 8779 8775
3 8777 8775 8774
3 8775 8787 8776
3 8775 8776 8774
3 8817 8778 8777
3 8817 8777 8773
3 8777 8778 8780
3 8777 8780 8779
3 8782 8781 8779
3 8782 8779 8780
3 8775 8779 8781
3 8775 8781 8784
3 8782 8796 8783
3 8782 8783 8781
3 8783 8785 8784
3 8783 8784 8781
3 8786 8784 8785
3 8786 8785 8788
3 8775 8784 8786
3 8775 8786 8787
3 8786 8789 8790
3 8786 8790 8787
3 8786 8788 8791
3 8786 8791 8789
3 6047 8790 8789
3 6047 8789 8792
3 8791 8793 8792
3 8791 8792 8789
3 6042 8792 8793
3 6042 8793 6035
3 8791 6027 6030
3 8791 6030 8793
3 8791 8788 6024
3 8791 6024 6027
3 6049 8794 8790
3 6049 8790 6047
3 8794 8776 8787
3 8794 8787 8790
3 6049 6052 8767
3 6049 8767 8794
3 8767 8769 8776
3 8767 8776 8794
3 6022 6024 8788
3 6022 8788 8785
3 8783 8795 6022
3 8783 6022 8785
3 8783 8796 8798
3 8783 8798 8795
3 8800 8798 8796
3 8800 8796 8797
3 8782 8810 8797
3 8782 8797 8796
3 8799 6018 8795
3 8799 8795 8798
3 8799 8798 8800
3 8799 8800 6008
3 8800 8801 6005
3 8800 6005 6008
3 8800 8797 8802
3 8800 8802 8801
3 6003 6005 8801
3 6003 8801 8803
3 8802 8804 8803
3 8802 8803 8801
3 5992 8803 8804
3 5992 8804 8805
3 6003 8803 5992
3 6003 5992 5995
3 8806 8807 8805
3 8806 8805 8804
3 8802 8809 8806
3 8802 8806 8804
3 8806 8808 8825
3 8806 8825 8807
3 8806 8809 8811
3 8806 8811 8808
3 8802 8797 8810
3 8802 8810 8809
3 8813 8811 8809
3 8813 8809 8810
3 8812 8820 8808
3 8812 8808 8811
3 8812 8811 8813
3 8812 8813 8814
3 8813 8780 8778
3 8813 8778 8814
3 8813 8810 8782
3 8813 8782 8780
3 8812 8814 8815
3 8812 8815 8818
3 8817 8815 8814
3 8817 8814 8778
3 8816 8815 8817
3 8816 8817 8833
3 8816 5916 8818
3 8816 8818 8815
3 8819 8818 5916
3 8819 5916 5918
3 8819 8820 8812
3 8819 8812 8818
3 5920 8821 8819
3 5920 8819 5918
3 8819 8821 8823
3 8819 8823 8820
3 5920 5923 8822
3 5920 8822 8821
3 8824 8823 8821
3 8824 8821 8822
3 8825 8823 8824
3 8825 8824 8826
3 8825 8808 8820
3 8825 8820 8823
3 8825 8826 8828
3 8825 8828 8807
3 8824 8829 8827
3 8824 8827 8826
3 5983 8828 8826
3 5983 8826 8827
3 5993 8828 5983
3 5993 5983 5985
3 5993 8805 8807
3 5993 8807 8828
3 5978 8827 8829
3 5978 8829 5976
3 8824 8822 8830
3 8824 8830 8829
3 8830 8831 5976
3 8830 5976 8829
3 8830 8822 5923
3 8830 5923 8832
3 8830 8832 5933
3 8830 5933 8831
3 5933 5935 5975
3 5933 5975 8831
3 8817 8773 8771
3 8817 8771 8833
3 8816 8833 8834
3 8816 8834 5912
3 8835 8834 8833
3 8835 8833 8771
3 8759 5907 8834
3 8759 8834 8835
3 8745 8748 8764
3 8745 8764 6058
3 496 5903 8756
3 496 8756 499
3 8756 8753 501
3 8756 501 499
3 504 501 8753
3 504 8753 8750
3 504 8750 8747
3 504 8747 507
3 8747 8742 510
3 8747 510 507
3 8745 6058 6060
3 8745 6060 6067
3 5973 5975 5935
3 5973 5935 5937
3 5973 5937 5941
3 5973 5941 5970
3 5941 5944 5967
3 5941 5967 5970
3 5964 5967 5944
3 5964 5944 5946
3 2961 8836 8838
3 2961 8838 496
3 8837 8836 2960
3 8837 2960 8942
3 8836 8837 8839
3 8836 8839 8838
3 8838 8840 499
3 8838 499 496
3 8839 8841 8840
3 8839 8840 8838
3 8842 501 499
3 8842 499 8840
3 8843 8842 8840
3 8843 8840 8841
3 501 8842 8844
3 501 8844 504
3 8842 8843 8845
3 8842 8845 8844
3 8844 8846 507
3 8844 507 504
3 8845 8847 8846
3 8845 8846 8844
3 8848 510 507
3 8848 507 8846
3 8849 8848 8846
3 8849 8846 8847
3 510 8848 8850
3 510 8850 513
3 8848 8849 8851
3 8848 8851 8850
3 8850 8852 516
3 8850 516 513
3 8851 8853 8852
3 8851 8852 8850
3 8854 519 516
3 8854 516 8852
3 8855 8854 8852
3 8855 8852 8853
3 519 8854 8856
3 519 8856 522
3 8854 8855 8857
3 8854 8857 8856
3 525 522 8856
3 525 8856 8858
3 8858 8856 8857
3 8858 8857 8859
3 8860 528 525
3 8860 525 8858
3 8861 8860 8858
3 8861 8858 8859
3 8860 8862 531
3 8860 531 528
3 8861 8863 8862
3 8861 8862 8860
3 8864 534 531
3 8864 531 8862
3 8865 8864 8862
3 8865 8862 8863
3 534 8864 8866
3 534 8866 537
3 8864 8865 8867
3 8864 8867 8866
3 540 537 8866
3 540 8866 8868
3 8868 8866 8867
3 8868 8867 8869
3 8870 543 540
3 8870 540 8868
3 8871 8870 8868
3 8871 8868 8869
3 543 8870 8872
3 543 8872 546
3 8870 8871 8873
3 8870 8873 8872
3 8872 8874 549
3 8872 549 546
3 8873 8875 8874
3 8873 8874 8872
3 8876 552 549
3 8876 549 8874
3 8877 8876 8874
3 8877 8874 8875
3 555 552 8876
3 555 8876 8878
3 8878 8876 8877
3 8878 8877 8879
3 8880 558 555
3 8880 555 8878
3 8881 8880 8878
3 8881 8878 8879
3 558 8880 8882
3 558 8882 561
3 8880 8881 8883
3 8880 8883 8882
3 564 561 8882
3 564 8882 8884
3 8884 8882 8883
3 8884 8883 8885
3 8886 567 564
3 8886 564 8884
3 8887 8886 8884
3 8887 8884 8885
3 567 8886 8888
3 567 8888 570
3 8886 8887 8889
3 8886 8889 8888
3 8888 8890 573
3 8888 573 570
3 8889 8891 8890
3 8889 8890 8888
3 8892 576 573
3 8892 573 8890
3 8893 8892 8890
3 8893 8890 8891
3 8894 579 576
3 8894 576 8892
3 8895 8894 8892
3 8895 8892 8893
3 579 8894 8896
3 579 8896 582
3 8894 8895 8897
3 8894 8897 8896
3 585 582 8896
3 585 8896 8898
3 8898 8896 8897
3 8898 8897 8899
3 8900 588 585
3 8900 585 8898
3 8901 8900 8898
3 8901 8898 8899
3 588 8900 8902
3 588 8902 591
3 8900 8901 8903
3 8900 8903 8902
3 8902 8904 594
3 8902 594 591
3 8903 8905 8904
3 8903 8904 8902
3 8906 597 594
3 8906 594 8904
3 8907 8906 8904
3 8907 8904 8905
3 597 8906 8908
3 597 8908 600
3 8906 8907 8909
3 8906 8909 8908
3 8908 8910 603
3 8908 603 600
3 8909 8911 8910
3 8909 8910 8908
3 8912 606 603
3 8912 603 8910
3 8913 8912 8910
3 8913 8910 8911
3 606 8912 8914
3 606 8914 609
3 8912 8913 8915
3 8912 8915 8914
3 612 609 8914
3 612 8914 8916
3 8916 8914 8915
3 8916 8915 8917
3 8918 615 612
3 8918 612 8916
3 8919 8918 8916
3 8919 8916 8917
3 615 8918 8920
3 615 8920 618
3 8918 8919 8921
3 8918 8921 8920
3 621 618 8920
3 621 8920 8922
3 8922 8920 8921
3 8922 8921 8923
3 8924 624 621
3 8924 621 8922
3 8925 8924 8922
3 8925 8922 8923
3 624 8924 8926
3 624 8926 627
3 8924 8925 8927
3 8924 8927 8926
3 8926 8928 630
3 8926 630 627
3 8927 8929 8928
3 8927 8928 8926
3 8930 633 630
3 8930 630 8928
3 8931 8930 8928
3 8931 8928 8929
3 633 8930 8932
3 633 8932 636
3 8930 8931 8933
3 8930 8933 8932
3 8932 8934 639
3 8932 639 636
3 8933 8935 8934
3 8933 8934 8932
3 8936 642 639
3 8936 639 8934
3 8937 8936 8934
3 8937 8934 8935
3 642 8936 8938
3 642 8938 645
3 8936 8937 8939
3 8936 8939 8938
3 645 8938 8940
3 645 8940 648
3 8938 8939 8941
3 8938 8941 8940
3 2960 8940 8941
3 2960 8941 8942
3 8941 8943 8946
3 8941 8946 8942
3 8939 8944 8943
3 8939 8943 8941
3 8945 8943 8944
3 8945 8944 9330
3 8943 8945 8948
3 8943 8948 8946
3 8946 8948 8949
3 8946 8949 8947
3 8837 8942 8946
3 8837 8946 8947
3 8950 8948 8945
3 8950 8945 8953
3 8948 8950 8952
3 8948 8952 8949
3 8955 8951 8950
3 8955 8950 8953
3 8963 8952 8950
3 8963 8950 8951
3 8954 8953 8945
3 8954 8945 9330
3 8954 8956 8955
3 8954 8955 8953
3 8957 8955 8956
3 8957 8956 8958
3 8955 8957 8960
3 8955 8960 8951
3 9351 8959 8957
3 9351 8957 8958
3 8961 8960 8957
3 8961 8957 8959
3 8960 8961 8964
3 8960 8964 8962
3 8960 8962 8963
3 8960 8963 8951
3 8965 8966 8963
3 8965 8963 8962
3 8964 8967 8965
3 8964 8965 8962
3 8966 8965 8968
3 8966 8968 8969
3 8970 8968 8965
3 8970 8965 8967
3 8969 8968 8971
3 8969 8971 8974
3 8968 8970 8972
3 8968 8972 8971
3 8971 8972 9377
3 8971 9377 8973
3 8976 8974 8971
3 8976 8971 8973
3 8976 8978 8975
3 8976 8975 8974
3 8975 11768 8969
3 8975 8969 8974
3 9376 8977 8976
3 9376 8976 8973
3 8978 8976 8977
3 8978 8977 8980
3 11766 8975 8978
3 11766 8978 8979
3 8978 8980 8981
3 8978 8981 8979
3 8982 8983 8981
3 8982 8981 8980
3 8977 8984 8982
3 8977 8982 8980
3 8983 8982 8985
3 8983 8985 8987
3 8986 8985 8982
3 8986 8982 8984
3 8985 8986 8989
3 8985 8989 8988
3 8985 8988 8990
3 8985 8990 8987
3 8989 8993 8991
3 8989 8991 8988
3 8991 8992 8990
3 8991 8990 8988
3 8992 8991 8994
3 8992 8994 8996
3 8995 8994 8991
3 8995 8991 8993
3 8994 8995 8999
3 8994 8999 8997
3 8994 8997 9000
3 8994 9000 8996
3 8998 9002 9000
3 8998 9000 8997
3 8999 11756 8998
3 8999 8998 8997
3 9000 9001 11757
3 9000 11757 8996
3 9001 9000 9002
3 9001 9002 9004
3 9002 8998 9016
3 9002 9016 9003
3 9005 9004 9002
3 9005 9002 9003
3 9005 8863 8861
3 9005 8861 9004
3 8861 8859 9001
3 8861 9001 9004
3 9007 9006 9005
3 9007 9005 9003
3 9005 9006 8865
3 9005 8865 8863
3 9007 9010 9008
3 9007 9008 9006
3 9008 8867 8865
3 9008 8865 9006
3 8867 9008 9009
3 8867 9009 8869
3 9011 9009 9008
3 9011 9008 9010
3 9012 9010 9007
3 9012 9007 9015
3 9012 9014 9011
3 9012 9011 9010
3 11701 9014 9012
3 11701 9012 9013
3 9012 9015 9017
3 9012 9017 9013
3 9007 9003 9016
3 9007 9016 9015
3 9016 9018 9017
3 9016 9017 9015
3 9019 9017 9018
3 9019 9018 9022
3 9017 9019 9020
3 9017 9020 9013
3 11697 9020 9019
3 11697 9019 9021
3 9024 9021 9019
3 9024 9019 9022
3 9023 9022 9018
3 9023 9018 11756
3 9023 9025 9024
3 9023 9024 9022
3 9026 9024 9025
3 9026 9025 9029
3 9024 9026 9028
3 9024 9028 9021
3 9031 9027 9026
3 9031 9026 9029
3 11731 9028 9026
3 11731 9026 9027
3 9030 9029 9025
3 9030 9025 9389
3 9030 9032 9031
3 9030 9031 9029
3 9033 9031 9032
3 9033 9032 9034
3 9031 9033 9036
3 9031 9036 9027
3 9433 9035 9033
3 9433 9033 9034
3 9038 9036 9033
3 9038 9033 9035
3 9036 9037 11731
3 9036 11731 9027
3 9036 9038 9040
3 9036 9040 9037
3 9434 9039 9038
3 9434 9038 9035
3 9042 9040 9038
3 9042 9038 9039
3 9040 9041 11732
3 9040 11732 9037
3 9040 9042 9044
3 9040 9044 9041
3 9437 9043 9042
3 9437 9042 9039
3 9046 9044 9042
3 9046 9042 9043
3 9044 9045 11687
3 9044 11687 9041
3 9044 9046 9048
3 9044 9048 9045
3 9440 9047 9046
3 9440 9046 9043
3 9049 9048 9046
3 9049 9046 9047
3 9048 9049 9052
3 9048 9052 9050
3 9048 9050 9051
3 9048 9051 9045
3 9053 9054 9051
3 9053 9051 9050
3 9052 9055 9053
3 9052 9053 9050
3 9054 9053 9056
3 9054 9056 9058
3 9057 9056 9053
3 9057 9053 9055
3 9056 9057 9062
3 9056 9062 9059
3 9056 9059 9060
3 9056 9060 9058
3 9061 11677 9060
3 9061 9060 9059
3 9062 9063 9061
3 9062 9061 9059
3 9064 9062 9057
3 9064 9057 9065
3 9062 9064 9067
3 9062 9067 9063
3 9452 9066 9064
3 9452 9064 9065
3 9068 9067 9064
3 9068 9064 9066
3 9067 9068 9072
3 9067 9072 9069
3 9067 9069 9070
3 9067 9070 9063
3 9071 11681 9070
3 9071 9070 9069
3 9072 9073 9071
3 9072 9071 9069
3 9074 9072 9068
3 9074 9068 9075
3 9072 9074 9076
3 9072 9076 9073
3 9078 9077 9074
3 9078 9074 9075
3 9080 9076 9074
3 9080 9074 9077
3 9078 9460 9079
3 9078 9079 9077
3 9079 9081 9080
3 9079 9080 9077
3 9076 9080 9082
3 9076 9082 9085
3 9084 9082 9080
3 9084 9080 9081
3 9082 9083 9087
3 9082 9087 9085
3 9082 9084 9476
3 9082 9476 9083
3 9076 9085 9086
3 9076 9086 9073
3 9087 9088 9086
3 9087 9086 9085
3 9088 9087 9089
3 9088 9089 9092
3 9090 9089 9087
3 9090 9087 9083
3 9089 9090 9662
3 9089 9662 9091
3 9093 9092 9089
3 9093 9089 9091
3 9094 9095 9088
3 9094 9088 9092
3 9093 9096 9094
3 9093 9094 9092
3 9094 9097 9098
3 9094 9098 9095
3 9094 9096 9100
3 9094 9100 9097
3 9098 9097 9099
3 9098 9099 11684
3 9100 9101 9099
3 9100 9099 9097
3 9101 9100 9102
3 9101 9102 9105
3 9104 9102 9100
3 9104 9100 9096
3 9102 9104 9666
3 9102 9666 9103
3 9107 9105 9102
3 9107 9102 9103
3 9107 9109 9106
3 9107 9106 9105
3 9106 11642 9101
3 9106 9101 9105
3 9671 9108 9107
3 9671 9107 9103
3 9109 9107 9108
3 9109 9108 9111
3 11640 9106 9109
3 11640 9109 9110
3 9109 9111 9112
3 9109 9112 9110
3 9108 9116 9113
3 9108 9113 9111
3 9113 9114 9112
3 9113 9112 9111
3 9127 9114 9113
3 9127 9113 9115
3 9118 9115 9113
3 9118 9113 9116
3 9117 9119 9118
3 9117 9118 9116
3 9108 9671 9117
3 9108 9117 9116
3 9123 9115 9118
3 9123 9118 9120
3 9122 9120 9118
3 9122 9118 9119
3 9121 9120 9122
3 9121 9122 9679
3 9121 9124 9123
3 9121 9123 9120
3 9125 9123 9124
3 9125 9124 9128
3 9123 9125 9127
3 9123 9127 9115
3 9130 9126 9125
3 9130 9125 9128
3 11736 9127 9125
3 11736 9125 9126
3 9129 9128 9124
3 9129 9124 9685
3 9129 9132 9130
3 9129 9130 9128
3 9130 9131 11549
3 9130 11549 9126
3 9131 9130 9132
3 9131 9132 9133
3 9132 9129 9135
3 9132 9135 9134
3 9132 9134 9136
3 9132 9136 9133
3 9135 9139 9137
3 9135 9137 9134
3 9137 9138 9136
3 9137 9136 9134
3 9140 9142 9138
3 9140 9138 9137
3 9143 9140 9137
3 9143 9137 9139
3 9142 9140 9141
3 9142 9141 9280
3 9144 9141 9140
3 9144 9140 9143
3 9147 9144 9143
3 9147 9143 9145
3 9146 9145 9143
3 9146 9143 9139
3 9146 9150 9148
3 9146 9148 9145
3 9148 9151 9147
3 9148 9147 9145
3 9149 9148 9150
3 9149 9150 9687
3 9148 9149 9153
3 9148 9153 9151
3 9152 9274 9147
3 9152 9147 9151
3 9153 9154 9152
3 9153 9152 9151
3 9155 9153 9149
3 9155 9149 9157
3 9153 9155 9158
3 9153 9158 9154
3 9160 9158 9155
3 9160 9155 9156
3 9155 9157 9626
3 9155 9626 9156
3 9158 9159 9267
3 9158 9267 9154
3 9158 9160 9162
3 9158 9162 9159
3 9164 9162 9160
3 9164 9160 9161
3 9160 9156 9620
3 9160 9620 9161
3 9162 9163 9268
3 9162 9268 9159
3 9162 9164 9166
3 9162 9166 9163
3 9168 9166 9164
3 9168 9164 9165
3 9164 9161 9618
3 9164 9618 9165
3 9166 9167 11749
3 9166 11749 9163
3 9166 9168 9170
3 9166 9170 9167
3 9171 9170 9168
3 9171 9168 9169
3 9168 9165 9615
3 9168 9615 9169
3 9170 9171 9173
3 9170 9173 9172
3 9170 9172 9174
3 9170 9174 9167
3 9173 9177 9175
3 9173 9175 9172
3 9175 9176 9174
3 9175 9174 9172
3 9178 9180 9176
3 9178 9176 9175
3 9181 9178 9175
3 9181 9175 9177
3 9180 9178 9179
3 9180 9179 11754
3 9182 9179 9178
3 9182 9178 9181
3 9186 9182 9181
3 9186 9181 9183
3 9184 9183 9181
3 9184 9181 9177
3 9184 11484 9185
3 9184 9185 9183
3 9185 9187 9186
3 9185 9186 9183
3 9188 9190 9182
3 9188 9182 9186
3 9189 9188 9186
3 9189 9186 9187
3 9193 9191 9188
3 9193 9188 9189
3 9190 9188 9191
3 9190 9191 9194
3 9191 9193 10019
3 9191 10019 9192
3 9196 9194 9191
3 9196 9191 9192
3 9196 9198 9195
3 9196 9195 9194
3 9195 11755 9190
3 9195 9190 9194
3 10018 9197 9196
3 10018 9196 9192
3 9198 9196 9197
3 9198 9197 9199
3 9203 9195 9198
3 9203 9198 9200
3 9198 9199 9202
3 9198 9202 9200
3 9203 9200 9201
3 9203 9201 9205
3 9202 9996 9201
3 9202 9201 9200
3 9195 9203 9204
3 9195 9204 11755
3 9207 9204 9203
3 9207 9203 9205
3 9207 9205 9206
3 9207 9206 9209
3 9201 9217 9206
3 9201 9206 9205
3 9204 9207 9208
3 9204 9208 11754
3 9210 9208 9207
3 9210 9207 9209
3 9210 9209 9211
3 9210 9211 9212
3 9206 9214 9211
3 9206 9211 9209
3 9211 9213 9254
3 9211 9254 9212
3 9213 9211 9214
3 9213 9214 9215
3 9214 9216 9219
3 9214 9219 9215
3 9214 9206 9217
3 9214 9217 9216
3 9217 9995 9218
3 9217 9218 9216
3 9218 9220 9219
3 9218 9219 9216
3 9221 9219 9220
3 9221 9220 9224
3 9219 9221 9222
3 9219 9222 9215
3 9240 9222 9221
3 9240 9221 9223
3 9225 9223 9221
3 9225 9221 9224
3 9226 9229 9225
3 9226 9225 9224
3 9226 9224 9220
3 9226 9220 9228
3 9229 9226 9227
3 9229 9227 9230
3 9991 9227 9226
3 9991 9226 9228
3 9232 9231 9229
3 9232 9229 9230
3 9234 9225 9229
3 9234 9229 9231
3 9232 9353 9233
3 9232 9233 9231
3 9233 9235 9234
3 9233 9234 9231
3 9225 9234 9236
3 9225 9236 9223
3 9237 9236 9234
3 9237 9234 9235
3 9236 9237 9239
3 9236 9239 9238
3 9236 9238 9240
3 9236 9240 9223
3 9239 9243 9241
3 9239 9241 9238
3 9241 9242 9240
3 9241 9240 9238
3 9242 9241 9244
3 9242 9244 9247
3 9245 9244 9241
3 9245 9241 9243
3 9244 9245 9301
3 9244 9301 9246
3 9249 9247 9244
3 9249 9244 9246
3 9248 11753 9242
3 9248 9242 9247
3 9249 9251 9248
3 9249 9248 9247
3 9251 9249 9250
3 9251 9250 9252
3 9299 9250 9249
3 9299 9249 9246
3 9255 9253 9251
3 9255 9251 9252
3 9254 9248 9251
3 9254 9251 9253
3 9256 9212 9254
3 9256 9254 9253
3 9255 9258 9256
3 9255 9256 9253
3 9257 9256 9258
3 9257 9258 9259
3 9256 9257 9210
3 9256 9210 9212
3 9258 9260 9261
3 9258 9261 9259
3 9258 9255 9262
3 9258 9262 9260
3 9263 9264 9261
3 9263 9261 9260
3 9262 9265 9263
3 9262 9263 9260
3 9264 9263 9266
3 9264 9266 9268
3 9269 9266 9263
3 9269 9263 9265
3 9268 9266 9267
3 9268 9267 9159
3 9266 9269 9271
3 9266 9271 9267
3 11747 9270 9269
3 11747 9269 9265
3 9272 9271 9269
3 9272 9269 9270
3 9267 9271 9152
3 9267 9152 9154
3 9271 9272 9274
3 9271 9274 9152
3 11748 9273 9272
3 11748 9272 9270
3 9275 9274 9272
3 9275 9272 9273
3 9274 9275 9144
3 9274 9144 9147
3 9277 9276 9275
3 9277 9275 9273
3 9141 9144 9275
3 9141 9275 9276
3 9277 9279 9278
3 9277 9278 9276
3 9278 9280 9141
3 9278 9141 9276
3 9281 9278 9279
3 9281 9279 9284
3 9278 9281 9282
3 9278 9282 9280
3 11518 9282 9281
3 11518 9281 9283
3 9281 9284 9285
3 9281 9285 9283
3 9286 9287 9285
3 9286 9285 9284
3 9279 9288 9286
3 9279 9286 9284
3 9287 9286 9289
3 9287 9289 9290
3 9292 9289 9286
3 9292 9286 9288
3 9289 9291 9306
3 9289 9306 9290
3 9289 9292 9293
3 9289 9293 9291
3 9295 9294 9292
3 9295 9292 9288
3 9297 9293 9292
3 9297 9292 9294
3 9295 11748 9296
3 9295 9296 9294
3 9296 9298 9297
3 9296 9297 9294
3 9293 9297 9299
3 9293 9299 9300
3 9250 9299 9297
3 9250 9297 9298
3 9299 9246 9301
3 9299 9301 9300
3 9293 9300 9302
3 9293 9302 9291
3 9301 9303 9302
3 9301 9302 9300
3 9304 9302 9303
3 9304 9303 9305
3 9302 9304 9306
3 9302 9306 9291
3 9309 9307 9304
3 9309 9304 9305
3 9308 9306 9304
3 9308 9304 9307
3 9310 9312 9308
3 9310 9308 9307
3 9309 9311 9310
3 9309 9310 9307
3 9313 9310 9311
3 9313 9311 9316
3 9310 9313 9315
3 9310 9315 9312
3 9318 9314 9313
3 9318 9313 9316
3 11494 9315 9313
3 11494 9313 9314
3 9317 9316 9311
3 9317 9311 9343
3 9317 9319 9318
3 9317 9318 9316
3 9320 9318 9319
3 9320 9319 9322
3 9318 9320 9321
3 9318 9321 9314
3 8927 9321 9320
3 8927 9320 8929
3 9320 9322 8931
3 9320 8931 8929
3 9323 8933 8931
3 9323 8931 9322
3 9319 9324 9323
3 9319 9323 9322
3 8933 9323 9325
3 8933 9325 8935
3 9326 9325 9323
3 9326 9323 9324
3 9325 9326 9328
3 9325 9328 9327
3 9325 9327 8937
3 9325 8937 8935
3 9328 9330 8944
3 9328 8944 9327
3 8944 8939 8937
3 8944 8937 9327
3 9329 9328 9326
3 9329 9326 9332
3 9328 9329 8954
3 9328 8954 9330
3 9334 9331 9329
3 9334 9329 9332
3 8956 8954 9329
3 8956 9329 9331
3 9333 9332 9326
3 9333 9326 9324
3 9333 9335 9334
3 9333 9334 9332
3 9336 9334 9335
3 9336 9335 9339
3 9334 9336 9338
3 9334 9338 9331
3 9348 9338 9336
3 9348 9336 9337
3 9336 9339 9340
3 9336 9340 9337
3 9341 9342 9340
3 9341 9340 9339
3 9335 9343 9341
3 9335 9341 9339
3 9342 9341 9309
3 9342 9309 9305
3 9311 9309 9341
3 9311 9341 9343
3 9335 9333 9317
3 9335 9317 9343
3 9345 9340 9342
3 9345 9342 9344
3 9342 9305 9303
3 9342 9303 9344
3 9345 9344 9245
3 9345 9245 9243
3 9303 9301 9245
3 9303 9245 9344
3 9340 9345 9346
3 9340 9346 9337
3 9239 9346 9345
3 9239 9345 9243
3 9346 9239 9237
3 9346 9237 9347
3 9348 9337 9346
3 9348 9346 9347
3 9349 9351 9348
3 9349 9348 9347
3 9349 9347 9237
3 9349 9237 9235
3 9233 9350 9349
3 9233 9349 9235
3 9351 9349 9350
3 9351 9350 8959
3 9338 9348 9351
3 9338 9351 8958
3 9350 9352 8961
3 9350 8961 8959
3 9350 9233 9353
3 9350 9353 9352
3 9353 9355 9354
3 9353 9354 9352
3 9354 8964 8961
3 9354 8961 9352
3 8964 9354 9356
3 8964 9356 8967
3 9358 9356 9354
3 9358 9354 9355
3 9356 9357 8970
3 9356 8970 8967
3 9356 9358 9360
3 9356 9360 9357
3 10023 9359 9358
3 10023 9358 9355
3 9362 9360 9358
3 9362 9358 9359
3 9360 9361 11492
3 9360 11492 9357
3 9360 9362 9364
3 9360 9364 9361
3 10024 9363 9362
3 10024 9362 9359
3 9365 9364 9362
3 9365 9362 9363
3 9364 9365 9367
3 9364 9367 9366
3 9364 9366 9369
3 9364 9369 9361
3 9367 11490 9368
3 9367 9368 9366
3 9368 9371 9369
3 9368 9369 9366
3 9369 9370 11492
3 9369 11492 9361
3 9370 9369 9371
3 9370 9371 9373
3 9373 9371 9372
3 9373 9372 9374
3 9371 9368 9401
3 9371 9401 9372
3 9378 9375 9373
3 9378 9373 9374
3 9377 9370 9373
3 9377 9373 9375
3 9378 9380 9376
3 9378 9376 9375
3 9376 8973 9377
3 9376 9377 9375
3 9399 9379 9378
3 9399 9378 9374
3 9380 9378 9379
3 9380 9379 9381
3 8977 9376 9380
3 8977 9380 8984
3 9380 9381 8986
3 9380 8986 8984
3 9382 8989 8986
3 9382 8986 9381
3 9379 9383 9382
3 9379 9382 9381
3 8989 9382 9384
3 8989 9384 8993
3 9386 9384 9382
3 9386 9382 9383
3 9384 9385 8995
3 9384 8995 8993
3 9384 9386 9388
3 9384 9388 9385
3 9398 9387 9386
3 9398 9386 9383
3 9390 9388 9386
3 9390 9386 9387
3 9388 9389 11491
3 9388 11491 9385
3 9388 9390 9030
3 9388 9030 9389
3 9393 9391 9390
3 9393 9390 9387
3 9032 9030 9390
3 9032 9390 9391
3 9392 9034 9032
3 9392 9032 9391
3 9393 9394 9392
3 9393 9392 9391
3 9394 9393 9395
3 9394 9395 9396
3 9398 9395 9393
3 9398 9393 9387
3 9395 9397 9400
3 9395 9400 9396
3 9395 9398 9399
3 9395 9399 9397
3 9379 9399 9398
3 9379 9398 9383
3 9399 9374 9372
3 9399 9372 9397
3 9372 9401 9400
3 9372 9400 9397
3 9400 9402 9404
3 9400 9404 9396
3 9401 9403 9402
3 9401 9402 9400
3 9405 9402 9403
3 9405 9403 9408
3 9402 9405 9407
3 9402 9407 9404
3 9410 9406 9405
3 9410 9405 9408
3 9418 9407 9405
3 9418 9405 9406
3 9409 9408 9403
3 9409 9403 11490
3 9409 9411 9410
3 9409 9410 9408
3 9412 9410 9411
3 9412 9411 9413
3 9410 9412 9415
3 9410 9415 9406
3 10034 9414 9412
3 10034 9412 9413
3 9416 9415 9412
3 9416 9412 9414
3 9415 9416 9419
3 9415 9419 9417
3 9415 9417 9418
3 9415 9418 9406
3 9420 9421 9418
3 9420 9418 9417
3 9419 9422 9420
3 9419 9420 9417
3 9421 9420 9423
3 9421 9423 9426
3 9424 9423 9420
3 9424 9420 9422
3 9423 9424 9951
3 9423 9951 9425
3 9426 9423 9425
3 9426 9425 9427
3 9429 9428 9426
3 9429 9426 9427
3 9431 9421 9426
3 9431 9426 9428
3 9429 9433 9430
3 9429 9430 9428
3 9430 9432 9431
3 9430 9431 9428
3 9404 9407 9431
3 9404 9431 9432
3 9407 9418 9421
3 9407 9421 9431
3 9430 9392 9394
3 9430 9394 9432
3 9394 9396 9404
3 9394 9404 9432
3 9392 9430 9433
3 9392 9433 9034
3 9433 9429 9434
3 9433 9434 9035
3 9435 9434 9429
3 9435 9429 9427
3 9434 9435 9437
3 9434 9437 9039
3 9438 9437 9435
3 9438 9435 9436
3 9435 9427 9425
3 9435 9425 9436
3 9437 9438 9440
3 9437 9440 9043
3 9441 9440 9438
3 9441 9438 9439
3 9438 9436 9950
3 9438 9950 9439
3 9440 9441 9443
3 9440 9443 9047
3 9444 9443 9441
3 9444 9441 9442
3 9441 9439 9945
3 9441 9945 9442
3 9443 9444 9446
3 9443 9446 9445
3 9443 9445 9049
3 9443 9049 9047
3 9447 9052 9049
3 9447 9049 9445
3 9446 9448 9447
3 9446 9447 9445
3 9052 9447 9449
3 9052 9449 9055
3 9450 9449 9447
3 9450 9447 9448
3 9449 9065 9057
3 9449 9057 9055
3 9449 9450 9452
3 9449 9452 9065
3 9940 9451 9450
3 9940 9450 9448
3 9453 9452 9450
3 9453 9450 9451
3 9452 9453 9455
3 9452 9455 9066
3 9938 9454 9453
3 9938 9453 9451
3 9456 9455 9453
3 9456 9453 9454
3 9455 9075 9068
3 9455 9068 9066
3 9455 9456 9078
3 9455 9078 9075
3 9459 9457 9456
3 9459 9456 9454
3 9460 9078 9456
3 9460 9456 9457
3 9458 9461 9460
3 9458 9460 9457
3 9459 10049 9458
3 9459 9458 9457
3 9462 9079 9460
3 9462 9460 9461
3 9458 9465 9463
3 9458 9463 9461
3 9463 9466 9462
3 9463 9462 9461
3 9464 9463 9465
3 9464 9465 10047
3 9463 9464 9467
3 9463 9467 9466
3 9467 9470 9468
3 9467 9468 9466
3 9468 9469 9462
3 9468 9462 9466
3 9469 9468 9471
3 9469 9471 9474
3 9473 9471 9468
3 9473 9468 9470
3 9471 9472 9475
3 9471 9475 9474
3 9471 9473 11489
3 9471 11489 9472
3 9469 9474 9084
3 9469 9084 9081
3 9475 9476 9084
3 9475 9084 9474
3 9476 9475 9477
3 9476 9477 9478
3 9480 9477 9475
3 9480 9475 9472
3 9477 9479 9663
3 9477 9663 9478
3 9477 9480 9482
3 9477 9482 9479
3 11489 9481 9480
3 11489 9480 9472
3 9484 9482 9480
3 9484 9480 9481
3 9482 9483 9688
3 9482 9688 9479
3 9482 9484 9485
3 9482 9485 9483
3 9489 9486 9484
3 9489 9484 9481
3 9488 9485 9484
3 9488 9484 9486
3 9487 9752 9488
3 9487 9488 9486
3 9489 9491 9487
3 9489 9487 9486
3 9491 9489 9490
3 9491 9490 9493
3 11489 9490 9489
3 11489 9489 9481
3 9749 9487 9491
3 9749 9491 9492
3 9495 9492 9491
3 9495 9491 9493
3 9494 9493 9490
3 9494 9490 10060
3 9494 9497 9495
3 9494 9495 9493
3 9496 9495 9497
3 9496 9497 9498
3 9495 9496 9748
3 9495 9748 9492
3 9497 9499 9502
3 9497 9502 9498
3 9497 9494 9500
3 9497 9500 9499
3 9500 10057 9501
3 9500 9501 9499
3 9501 9503 9502
3 9501 9502 9499
3 9502 9504 9507
3 9502 9507 9498
3 9503 9505 9504
3 9503 9504 9502
3 9506 9504 9505
3 9506 9505 10067
3 9504 9506 9509
3 9504 9509 9507
3 9507 9509 9511
3 9507 9511 9508
3 9496 9498 9507
3 9496 9507 9508
3 9510 9509 9506
3 9510 9506 10072
3 9509 9510 9513
3 9509 9513 9511
3 9511 9513 9515
3 9511 9515 9512
3 9746 9508 9511
3 9746 9511 9512
3 9514 9513 9510
3 9514 9510 10077
3 9513 9514 9516
3 9513 9516 9515
3 9515 9516 9520
3 9515 9520 9517
3 9518 9512 9515
3 9518 9515 9517
3 9519 9741 9518
3 9519 9518 9517
3 9519 9517 9520
3 9519 9520 9522
3 9516 10082 9521
3 9516 9521 9520
3 9520 9521 9524
3 9520 9524 9522
3 9523 9522 9524
3 9523 9524 9525
3 9523 9742 9519
3 9523 9519 9522
3 9524 9526 9529
3 9524 9529 9525
3 9521 9527 9526
3 9521 9526 9524
3 9528 9526 9527
3 9528 9527 10086
3 9526 9528 9530
3 9526 9530 9529
3 9529 9530 9533
3 9529 9533 9531
3 9534 9525 9529
3 9534 9529 9531
3 9532 9531 9533
3 9532 9533 10100
3 9532 9535 9534
3 9532 9534 9531
3 9536 9534 9535
3 9536 9535 9538
3 9534 9536 9523
3 9534 9523 9525
3 9742 9523 9536
3 9742 9536 9537
3 9536 9538 9540
3 9536 9540 9537
3 9539 9542 9540
3 9539 9540 9538
3 9535 10780 9539
3 9535 9539 9538
3 9540 9541 9739
3 9540 9739 9537
3 9541 9540 9542
3 9541 9542 9544
3 9542 9543 9546
3 9542 9546 9544
3 9542 9539 10781
3 9542 10781 9543
3 9541 9544 9545
3 9541 9545 9707
3 9546 9547 9545
3 9546 9545 9544
3 9547 9546 9548
3 9547 9548 9550
3 9549 9548 9546
3 9549 9546 9543
3 9548 9549 9553
3 9548 9553 9551
3 9548 9551 9554
3 9548 9554 9550
3 9552 9556 9554
3 9552 9554 9551
3 9553 9564 9552
3 9553 9552 9551
3 9554 9555 9711
3 9554 9711 9550
3 9555 9554 9556
3 9555 9556 9557
3 9560 9557 9556
3 9560 9556 9558
3 9556 9552 9561
3 9556 9561 9558
3 9559 9558 9561
3 9559 9561 9562
3 9559 9591 9560
3 9559 9560 9558
3 9563 9561 9552
3 9563 9552 9564
3 9561 9563 9566
3 9561 9566 9562
3 10762 9565 9563
3 10762 9563 9564
3 9567 9566 9563
3 9567 9563 9565
3 9571 9562 9566
3 9571 9566 9568
3 9566 9567 9569
3 9566 9569 9568
3 9570 9568 9569
3 9570 9569 10624
3 9570 9573 9571
3 9570 9571 9568
3 9571 9572 9559
3 9571 9559 9562
3 9571 9573 9574
3 9571 9574 9572
3 9575 9578 9574
3 9575 9574 9573
3 9570 9577 9575
3 9570 9575 9573
3 9578 9575 9576
3 9578 9576 9579
3 10614 9576 9575
3 10614 9575 9577
3 9581 9580 9578
3 9581 9578 9579
3 9583 9574 9578
3 9583 9578 9580
3 9581 9768 9582
3 9581 9582 9580
3 9582 9585 9583
3 9582 9583 9580
3 9574 9583 9584
3 9574 9584 9572
3 9587 9584 9583
3 9587 9583 9585
3 9582 11485 9586
3 9582 9586 9585
3 9586 9588 9587
3 9586 9587 9585
3 9592 9589 9587
3 9592 9587 9588
3 9584 9587 9589
3 9584 9589 9591
3 9589 9592 9594
3 9589 9594 9590
3 9560 9591 9589
3 9560 9589 9590
3 11488 9593 9592
3 11488 9592 9588
3 9596 9594 9592
3 9596 9592 9593
3 9736 9590 9594
3 9736 9594 9595
3 9594 9596 9597
3 9594 9597 9595
3 9600 9597 9596
3 9600 9596 9598
3 9601 9598 9596
3 9601 9596 9593
3 9601 9603 9599
3 9601 9599 9598
3 9599 9731 9600
3 9599 9600 9598
3 11488 9602 9601
3 11488 9601 9593
3 9603 9601 9602
3 9603 9602 9605
3 9734 9599 9603
3 9734 9603 9604
3 9603 9605 9606
3 9603 9606 9604
3 9602 9609 9607
3 9602 9607 9605
3 9607 9608 9606
3 9607 9606 9605
3 9613 9608 9607
3 9613 9607 9610
3 9612 9610 9607
3 9612 9607 9609
3 9611 9610 9612
3 9611 9612 9760
3 9611 9614 9613
3 9611 9613 9610
3 9615 9613 9614
3 9615 9614 9169
3 9613 9615 9616
3 9613 9616 9608
3 9618 9616 9615
3 9618 9615 9165
3 9616 9617 9606
3 9616 9606 9608
3 9616 9618 9619
3 9616 9619 9617
3 9620 9619 9618
3 9620 9618 9161
3 9619 9620 9624
3 9619 9624 9621
3 9619 9621 9623
3 9619 9623 9617
3 9623 9621 9622
3 9623 9622 9735
3 9624 9625 9622
3 9624 9622 9621
3 9626 9624 9620
3 9626 9620 9156
3 9624 9626 9627
3 9624 9627 9625
3 9628 9627 9626
3 9628 9626 9157
3 9627 9628 9630
3 9627 9630 9629
3 9627 9629 9632
3 9627 9632 9625
3 9630 9680 9631
3 9630 9631 9629
3 9632 9629 9631
3 9632 9631 9634
3 9622 9625 9632
3 9622 9632 9633
3 9636 9633 9632
3 9636 9632 9634
3 9635 9634 9631
3 9635 9631 9677
3 9635 9637 9636
3 9635 9636 9634
3 9638 9636 9637
3 9638 9637 9641
3 9636 9638 9640
3 9636 9640 9633
3 9733 9640 9638
3 9733 9638 9639
3 9638 9641 9642
3 9638 9642 9639
3 9643 9644 9642
3 9643 9642 9641
3 9637 9645 9643
3 9637 9643 9641
3 9644 9643 9646
3 9644 9646 9647
3 9649 9646 9643
3 9649 9643 9645
3 9729 9647 9646
3 9729 9646 9648
3 9646 9649 9651
3 9646 9651 9648
3 9676 9650 9649
3 9676 9649 9645
3 9652 9651 9649
3 9652 9649 9650
3 9651 9652 9655
3 9651 9655 9653
3 9654 9648 9651
3 9654 9651 9653
3 9654 9653 9656
3 9654 9656 9657
3 9656 9653 9655
3 9656 9655 9658
3 9656 9659 9660
3 9656 9660 9657
3 9656 9658 9661
3 9656 9661 9659
3 9662 9663 9660
3 9662 9660 9659
3 9661 9091 9662
3 9661 9662 9659
3 9663 9662 9090
3 9663 9090 9478
3 9688 9660 9663
3 9688 9663 9479
3 9661 9658 9665
3 9661 9665 9664
3 9661 9664 9093
3 9661 9093 9091
3 9665 9666 9104
3 9665 9104 9664
3 9093 9664 9104
3 9093 9104 9096
3 9655 9667 9665
3 9655 9665 9658
3 9666 9665 9667
3 9666 9667 9669
3 9667 9655 9652
3 9667 9652 9668
3 9670 9669 9667
3 9670 9667 9668
3 9670 9117 9671
3 9670 9671 9669
3 9671 9103 9666
3 9671 9666 9669
3 9674 9672 9670
3 9674 9670 9668
3 9117 9670 9672
3 9117 9672 9119
3 9672 9673 9122
3 9672 9122 9119
3 9672 9674 9675
3 9672 9675 9673
3 9676 9675 9674
3 9676 9674 9650
3 9674 9668 9652
3 9674 9652 9650
3 9675 9676 9635
3 9675 9635 9677
3 9675 9677 9678
3 9675 9678 9673
3 9631 9680 9678
3 9631 9678 9677
3 9678 9679 9122
3 9678 9122 9673
3 9681 9679 9678
3 9681 9678 9680
3 9630 9682 9681
3 9630 9681 9680
3 9683 9681 9682
3 9683 9682 9684
3 9681 9683 9121
3 9681 9121 9679
3 9686 9685 9683
3 9686 9683 9684
3 9124 9121 9683
3 9124 9683 9685
3 9686 9135 9129
3 9686 9129 9685
3 9150 9146 9686
3 9150 9686 9684
3 9135 9686 9146
3 9135 9146 9139
3 9150 9684 9682
3 9150 9682 9687
3 9682 9630 9628
3 9682 9628 9687
3 9149 9687 9628
3 9149 9628 9157
3 9637 9635 9676
3 9637 9676 9645
3 9660 9688 9689
3 9660 9689 9657
3 9691 9689 9688
3 9691 9688 9483
3 9654 9657 9689
3 9654 9689 9690
3 9689 9691 9692
3 9689 9692 9690
3 9485 9693 9691
3 9485 9691 9483
3 9694 9692 9691
3 9694 9691 9693
3 9485 9488 9695
3 9485 9695 9693
3 9695 9697 9694
3 9695 9694 9693
3 9696 9695 9488
3 9696 9488 9752
3 9695 9696 9699
3 9695 9699 9697
3 9698 9728 9694
3 9698 9694 9697
3 9699 9701 9698
3 9699 9698 9697
3 9700 9699 9696
3 9700 9696 9751
3 9699 9700 9703
3 9699 9703 9701
3 9702 9721 9698
3 9702 9698 9701
3 9703 9704 9702
3 9703 9702 9701
3 9705 9703 9700
3 9705 9700 9706
3 9703 9705 9708
3 9703 9708 9704
3 9737 9707 9705
3 9737 9705 9706
3 9545 9708 9705
3 9545 9705 9707
3 9708 9709 9710
3 9708 9710 9704
3 9708 9545 9547
3 9708 9547 9709
3 9711 9712 9710
3 9711 9710 9709
3 9547 9550 9711
3 9547 9711 9709
3 9712 9711 9555
3 9712 9555 9713
3 9715 9710 9712
3 9715 9712 9714
3 9716 9714 9712
3 9716 9712 9713
3 9717 9720 9715
3 9717 9715 9714
3 9716 9718 9717
3 9716 9717 9714
3 9717 9718 9732
3 9717 9732 9719
3 9717 9719 9722
3 9717 9722 9720
3 9721 9702 9715
3 9721 9715 9720
3 9722 9723 9721
3 9722 9721 9720
3 9722 9724 9726
3 9722 9726 9723
3 9722 9719 9725
3 9722 9725 9724
3 9725 9642 9644
3 9725 9644 9724
3 9726 9724 9644
3 9726 9644 9647
3 9726 9727 9728
3 9726 9728 9723
3 9726 9647 9729
3 9726 9729 9727
3 9692 9694 9728
3 9692 9728 9727
3 9729 9690 9692
3 9729 9692 9727
3 9729 9648 9654
3 9729 9654 9690
3 9728 9698 9721
3 9728 9721 9723
3 9732 9730 9725
3 9732 9725 9719
3 9642 9725 9730
3 9642 9730 9639
3 9730 9732 9600
3 9730 9600 9731
3 9733 9639 9730
3 9733 9730 9731
3 9597 9600 9732
3 9597 9732 9718
3 9599 9734 9733
3 9599 9733 9731
3 9640 9733 9734
3 9640 9734 9735
3 9734 9604 9623
3 9734 9623 9735
3 9640 9735 9622
3 9640 9622 9633
3 9716 9595 9597
3 9716 9597 9718
3 9736 9595 9716
3 9736 9716 9713
3 9710 9715 9702
3 9710 9702 9704
3 9736 9713 9555
3 9736 9555 9557
3 9560 9590 9736
3 9560 9736 9557
3 9737 9739 9541
3 9737 9541 9707
3 9739 9737 9738
3 9739 9738 9740
3 9753 9738 9737
3 9753 9737 9706
3 9742 9537 9739
3 9742 9739 9740
3 9741 9740 9738
3 9741 9738 9743
3 9741 9519 9742
3 9741 9742 9740
3 9745 9518 9741
3 9745 9741 9743
3 9745 9743 9744
3 9745 9744 9747
3 9738 9753 9744
3 9738 9744 9743
3 9518 9745 9746
3 9518 9746 9512
3 9748 9746 9745
3 9748 9745 9747
3 9748 9747 9749
3 9748 9749 9492
3 9744 9750 9749
3 9744 9749 9747
3 9487 9749 9750
3 9487 9750 9752
3 9750 9744 9753
3 9750 9753 9751
3 9750 9751 9696
3 9750 9696 9752
3 9753 9706 9700
3 9753 9700 9751
3 9746 9748 9496
3 9746 9496 9508
3 9606 9617 9623
3 9606 9623 9604
3 9614 9611 9756
3 9614 9756 9754
3 9171 9169 9614
3 9171 9614 9754
3 9755 9754 9756
3 9755 9756 9757
3 9755 9173 9171
3 9755 9171 9754
3 9756 9758 9759
3 9756 9759 9757
3 9758 9756 9611
3 9758 9611 9760
3 9762 9759 9758
3 9762 9758 9761
3 9758 9760 9763
3 9758 9763 9761
3 9762 9761 9764
3 9762 9764 9766
3 9764 9761 9763
3 9764 9763 9765
3 9768 9767 9764
3 9768 9764 9765
3 9770 9766 9764
3 9770 9764 9767
3 9768 9581 9769
3 9768 9769 9767
3 9769 9771 9770
3 9769 9770 9767
3 9773 9772 9770
3 9773 9770 9771
3 9774 9766 9770
3 9774 9770 9772
3 9775 9772 9773
3 9775 9773 9778
3 9775 9777 9774
3 9775 9774 9772
3 9777 9775 9776
3 9777 9776 9795
3 9779 9776 9775
3 9779 9775 9778
3 9779 9778 9780
3 9779 9780 9783
3 9780 9778 9773
3 9780 9773 9781
3 10607 9782 9780
3 10607 9780 9781
3 9784 9783 9780
3 9784 9780 9782
3 9785 9783 9784
3 9785 9784 9787
3 9785 9788 9779
3 9785 9779 9783
3 9788 9785 9786
3 9788 9786 9789
3 10804 9786 9785
3 10804 9785 9787
3 9791 9790 9788
3 9791 9788 9789
3 9776 9779 9788
3 9776 9788 9790
3 9791 9794 9792
3 9791 9792 9790
3 9792 9795 9776
3 9792 9776 9790
3 9792 9793 9796
3 9792 9796 9795
3 9793 9792 9794
3 9793 9794 9803
3 9796 9797 9777
3 9796 9777 9795
3 9798 9796 9793
3 9798 9793 9800
3 9796 9798 9799
3 9796 9799 9797
3 9185 9799 9798
3 9185 9798 9187
3 9798 9800 9189
3 9798 9189 9187
3 9801 9193 9189
3 9801 9189 9800
3 9793 9803 9801
3 9793 9801 9800
3 9804 9802 9801
3 9804 9801 9803
3 9802 10019 9193
3 9802 9193 9801
3 9794 9806 9804
3 9794 9804 9803
3 9805 10017 9802
3 9805 9802 9804
3 9808 9805 9804
3 9808 9804 9806
3 9794 9791 9807
3 9794 9807 9806
3 9807 9809 9808
3 9807 9808 9806
3 9813 9810 9808
3 9813 9808 9809
3 9810 9812 9805
3 9810 9805 9808
3 9812 9810 9811
3 9812 9811 9824
3 9815 9811 9810
3 9815 9810 9813
3 10811 9814 9813
3 10811 9813 9809
3 9816 9815 9813
3 9816 9813 9814
3 9811 9815 9817
3 9811 9817 9820
3 9819 9817 9815
3 9819 9815 9816
3 9817 9819 10967
3 9817 10967 9818
3 9821 9820 9817
3 9821 9817 9818
3 9821 9823 9822
3 9821 9822 9820
3 9822 9824 9811
3 9822 9811 9820
3 9825 9822 9823
3 9825 9823 9828
3 9822 9825 9826
3 9822 9826 9824
3 10013 9826 9825
3 10013 9825 9827
3 9825 9828 9829
3 9825 9829 9827
3 9823 9833 9830
3 9823 9830 9828
3 9830 9831 9829
3 9830 9829 9828
3 9831 9830 9832
3 9831 9832 9844
3 9835 9832 9830
3 9835 9830 9833
3 9823 9821 9834
3 9823 9834 9833
3 9834 9836 9835
3 9834 9835 9833
3 9839 9837 9835
3 9839 9835 9836
3 9832 9835 9837
3 9832 9837 9840
3 9837 9838 9841
3 9837 9841 9840
3 9837 9839 9865
3 9837 9865 9838
3 9841 9843 9842
3 9841 9842 9840
3 9832 9840 9842
3 9832 9842 9844
3 9845 9842 9843
3 9845 9843 9848
3 9842 9845 9847
3 9842 9847 9844
3 9849 9846 9845
3 9849 9845 9848
3 10011 9847 9845
3 10011 9845 9846
3 9850 9852 9849
3 9850 9849 9848
3 9850 9848 9843
3 9850 9843 9853
3 9852 9850 9851
3 9852 9851 9961
3 9855 9851 9850
3 9855 9850 9853
3 9855 9853 9854
3 9855 9854 9857
3 9843 9841 9854
3 9843 9854 9853
3 9851 9855 9856
3 9851 9856 9907
3 9858 9856 9855
3 9858 9855 9857
3 9854 9862 9859
3 9854 9859 9857
3 9858 9857 9859
3 9858 9859 9860
3 9859 9861 9896
3 9859 9896 9860
3 9861 9859 9862
3 9861 9862 9863
3 9862 9854 9841
3 9862 9841 9838
3 9865 9863 9862
3 9865 9862 9838
3 9864 9897 9861
3 9864 9861 9863
3 9865 9866 9864
3 9865 9864 9863
3 9866 9865 9839
3 9866 9839 9867
3 9869 9868 9866
3 9869 9866 9867
3 9871 9864 9866
3 9871 9866 9868
3 9869 10969 9870
3 9869 9870 9868
3 9870 9873 9871
3 9870 9871 9868
3 9864 9871 9872
3 9864 9872 9897
3 9875 9872 9871
3 9875 9871 9873
3 9874 9876 9875
3 9874 9875 9873
3 9870 10955 9874
3 9870 9874 9873
3 9872 9875 9877
3 9872 9877 9879
3 9880 9877 9875
3 9880 9875 9876
3 9877 9878 9892
3 9877 9892 9879
3 9877 9880 9882
3 9877 9882 9878
3 10957 9881 9880
3 10957 9880 9876
3 9883 9882 9880
3 9883 9880 9881
3 9882 9883 9886
3 9882 9886 9884
3 9882 9884 9887
3 9882 9887 9878
3 9885 9888 9887
3 9885 9887 9884
3 9886 10928 9885
3 9886 9885 9884
3 9889 9887 9888
3 9889 9888 9890
3 9887 9889 9892
3 9887 9892 9878
3 10988 9891 9889
3 10988 9889 9890
3 9893 9892 9889
3 9893 9889 9891
3 9892 9893 9895
3 9892 9895 9879
3 9898 9894 9893
3 9898 9893 9891
3 9896 9895 9893
3 9896 9893 9894
3 9895 9896 9861
3 9895 9861 9897
3 9872 9879 9895
3 9872 9895 9897
3 9899 9860 9896
3 9899 9896 9894
3 9898 9900 9899
3 9898 9899 9894
3 9901 9899 9900
3 9901 9900 9902
3 9899 9901 9858
3 9899 9858 9860
3 9904 9903 9901
3 9904 9901 9902
3 9856 9858 9901
3 9856 9901 9903
3 9904 9906 9905
3 9904 9905 9903
3 9905 9907 9856
3 9905 9856 9903
3 9908 9905 9906
3 9908 9906 9911
3 9905 9908 9909
3 9905 9909 9907
3 9959 9909 9908
3 9959 9908 9910
3 9908 9911 9912
3 9908 9912 9910
3 9906 9915 9913
3 9906 9913 9911
3 9913 9914 9912
3 9913 9912 9911
3 9914 9913 9916
3 9914 9916 9918
3 9917 9916 9913
3 9917 9913 9915
3 9916 9917 9921
3 9916 9921 9919
3 9916 9919 9920
3 9916 9920 9918
3 9922 9923 9920
3 9922 9920 9919
3 9921 9924 9922
3 9921 9922 9919
3 9923 9922 9925
3 9923 9925 9927
3 9928 9925 9922
3 9928 9922 9924
3 9927 9925 9926
3 9927 9926 9939
3 9925 9928 9930
3 9925 9930 9926
3 10998 9929 9928
3 10998 9928 9924
3 9931 9930 9928
3 9931 9928 9929
3 9930 9931 9934
3 9930 9934 9932
3 9926 9930 9932
3 9926 9932 9935
3 9932 9934 10039
3 9932 10039 9933
3 9937 9935 9932
3 9937 9932 9933
3 9937 9938 9936
3 9937 9936 9935
3 9936 9939 9926
3 9936 9926 9935
3 10049 9459 9937
3 10049 9937 9933
3 9938 9937 9459
3 9938 9459 9454
3 9940 9936 9938
3 9940 9938 9451
3 9936 9940 9941
3 9936 9941 9939
3 9446 9941 9940
3 9446 9940 9448
3 9941 9942 9927
3 9941 9927 9939
3 9941 9446 9444
3 9941 9444 9942
3 9444 9442 9943
3 9444 9943 9942
3 9943 9923 9927
3 9943 9927 9942
3 9945 9944 9943
3 9945 9943 9442
3 9944 9920 9923
3 9944 9923 9943
3 9948 9946 9944
3 9948 9944 9945
3 9920 9944 9946
3 9920 9946 9918
3 9946 9948 9949
3 9946 9949 9947
3 9914 9918 9946
3 9914 9946 9947
3 9951 9949 9948
3 9951 9948 9950
3 9950 9948 9945
3 9950 9945 9439
3 9425 9951 9950
3 9425 9950 9436
3 9949 9951 9424
3 9949 9424 9952
3 9953 9947 9949
3 9953 9949 9952
3 9954 9952 9424
3 9954 9424 9422
3 9954 9956 9953
3 9954 9953 9952
3 9956 9954 9955
3 9956 9955 9957
3 9419 9955 9954
3 9419 9954 9422
3 9959 9910 9956
3 9959 9956 9957
3 9912 9953 9956
3 9912 9956 9910
3 9958 9957 9955
3 9958 9955 10037
3 9958 9960 9959
3 9958 9959 9957
3 9909 9959 9960
3 9909 9960 9961
3 9960 9962 9852
3 9960 9852 9961
3 9960 9958 9963
3 9960 9963 9962
3 9964 9849 9852
3 9964 9852 9962
3 9963 9965 9964
3 9963 9964 9962
3 9849 9964 9966
3 9849 9966 9846
3 9968 9966 9964
3 9968 9964 9965
3 9966 9967 10011
3 9966 10011 9846
3 9966 9968 9970
3 9966 9970 9967
3 10035 9969 9968
3 10035 9968 9965
3 9971 9970 9968
3 9971 9968 9969
3 9970 9971 9973
3 9970 9973 9972
3 9970 9972 9974
3 9970 9974 9967
3 9973 9978 9975
3 9973 9975 9972
3 9975 9976 9974
3 9975 9974 9972
3 9976 9975 9977
3 9976 9977 10001
3 9979 9977 9975
3 9979 9975 9978
3 9973 9981 9980
3 9973 9980 9978
3 9980 9982 9979
3 9980 9979 9978
3 9983 9980 9981
3 9983 9981 9984
3 9980 9983 9986
3 9980 9986 9982
3 10027 9985 9983
3 10027 9983 9984
3 9987 9986 9983
3 9987 9983 9985
3 9986 9988 9990
3 9986 9990 9982
3 9986 9987 9991
3 9986 9991 9988
3 9989 9993 9990
3 9989 9990 9988
3 9991 9228 9989
3 9991 9989 9988
3 9227 9991 9987
3 9227 9987 10020
3 9990 9992 9979
3 9990 9979 9982
3 9992 9990 9993
3 9992 9993 9994
3 9993 9989 9218
3 9993 9218 9995
3 9996 9994 9993
3 9996 9993 9995
3 9217 9201 9996
3 9217 9996 9995
3 9996 9202 9997
3 9996 9997 9994
3 9997 9999 9992
3 9997 9992 9994
3 9998 9997 9202
3 9998 9202 9199
3 9997 9998 10000
3 9997 10000 9999
3 9977 9979 9992
3 9977 9992 9999
3 10000 10001 9977
3 10000 9977 9999
3 10002 10000 9998
3 10002 9998 10003
3 10000 10002 10005
3 10000 10005 10001
3 10012 10004 10002
3 10012 10002 10003
3 10007 10005 10002
3 10007 10002 10004
3 10005 10006 9976
3 10005 9976 10001
3 10005 10007 10008
3 10005 10008 10006
3 10013 9827 10007
3 10013 10007 10004
3 9829 10008 10007
3 9829 10007 9827
3 10008 9829 9831
3 10008 9831 10009
3 10008 10009 10010
3 10008 10010 10006
3 9847 10011 10010
3 9847 10010 10009
3 9831 9844 9847
3 9831 9847 10009
3 9974 10010 10011
3 9974 10011 9967
3 10010 9974 9976
3 10010 9976 10006
3 10012 10014 10013
3 10012 10013 10004
3 9826 10013 10014
3 9826 10014 10015
3 10014 10016 10017
3 10014 10017 10015
3 10014 10012 10018
3 10014 10018 10016
3 10019 9802 10017
3 10019 10017 10016
3 10018 9192 10019
3 10018 10019 10016
3 9197 10018 10012
3 9197 10012 10003
3 10017 9805 9812
3 10017 9812 10015
3 9826 10015 9812
3 9826 9812 9824
3 9197 10003 9998
3 9197 9998 9199
3 9220 9218 9989
3 9220 9989 9228
3 10021 10020 9987
3 10021 9987 9985
3 10021 10024 10022
3 10021 10022 10020
3 10022 9230 9227
3 10022 9227 10020
3 10022 10023 9232
3 10022 9232 9230
3 10023 10022 10024
3 10023 10024 9359
3 10024 10021 10025
3 10024 10025 9363
3 9353 9232 10023
3 9353 10023 9355
3 10027 10025 10021
3 10027 10021 9985
3 10025 10026 9365
3 10025 9365 9363
3 10025 10027 10028
3 10025 10028 10026
3 10030 10028 10027
3 10030 10027 9984
3 10028 10029 10038
3 10028 10038 10026
3 10028 10030 10032
3 10028 10032 10029
3 10033 10032 10030
3 10033 10030 10031
3 10030 9984 9981
3 10030 9981 10031
3 10032 10033 10034
3 10032 10034 9413
3 10032 9413 9411
3 10032 9411 10029
3 10035 10034 10033
3 10035 10033 9969
3 10033 10031 9971
3 10033 9971 9969
3 10034 10035 10036
3 10034 10036 9414
3 9963 10036 10035
3 9963 10035 9965
3 10036 10037 9416
3 10036 9416 9414
3 10036 9963 9958
3 10036 9958 10037
3 9955 9419 9416
3 9955 9416 10037
3 9981 9973 9971
3 9981 9971 10031
3 9411 9409 10038
3 9411 10038 10029
3 10038 9367 9365
3 10038 9365 10026
3 9367 10038 9409
3 9367 9409 11490
3 9909 9961 9851
3 9909 9851 9907
3 9953 9912 9914
3 9953 9914 9947
3 10040 9934 9931
3 10040 9931 10041
3 9934 10040 10043
3 9934 10043 10039
3 11004 10042 10040
3 11004 10040 10041
3 10044 10043 10040
3 10044 10040 10042
3 10039 10043 10045
3 10039 10045 10048
3 10043 10044 10046
3 10043 10046 10045
3 10045 10046 10050
3 10045 10050 10047
3 9465 10048 10045
3 9465 10045 10047
3 9465 9458 10049
3 9465 10049 10048
3 10049 9933 10039
3 10049 10039 10048
3 9464 10047 10050
3 9464 10050 10051
3 10050 10052 10055
3 10050 10055 10051
3 10046 10053 10052
3 10046 10052 10050
3 10054 10052 10053
3 10054 10053 11012
3 10052 10054 10056
3 10052 10056 10055
3 10055 10056 9501
3 10055 9501 10057
3 10058 10051 10055
3 10058 10055 10057
3 9500 10059 10058
3 9500 10058 10057
3 9467 10058 10059
3 9467 10059 9470
3 10058 9467 9464
3 10058 9464 10051
3 10059 9500 9494
3 10059 9494 10060
3 10059 10060 9473
3 10059 9473 9470
3 9490 11489 9473
3 9490 9473 10060
3 10061 10056 10054
3 10061 10054 10062
3 10056 10061 9503
3 10056 9503 9501
3 10064 10063 10061
3 10064 10061 10062
3 9505 9503 10061
3 9505 10061 10063
3 10064 10066 10065
3 10064 10065 10063
3 10065 10067 9505
3 10065 9505 10063
3 10068 10065 10066
3 10068 10066 10069
3 10065 10068 10071
3 10065 10071 10067
3 11023 10070 10068
3 11023 10068 10069
3 10073 10071 10068
3 10073 10068 10070
3 10071 10072 9506
3 10071 9506 10067
3 10071 10073 10075
3 10071 10075 10072
3 11026 10074 10073
3 11026 10073 10070
3 10076 10075 10073
3 10076 10073 10074
3 10075 10076 10078
3 10075 10078 10077
3 10075 10077 9510
3 10075 9510 10072
3 10078 10080 9514
3 10078 9514 10077
3 10079 10078 10076
3 10079 10076 11030
3 10078 10079 10081
3 10078 10081 10080
3 10082 9516 9514
3 10082 9514 10080
3 10081 10083 10082
3 10081 10082 10080
3 9527 9521 10082
3 9527 10082 10083
3 10084 10086 9527
3 10084 9527 10083
3 10081 10085 10084
3 10081 10084 10083
3 10087 10084 10085
3 10087 10085 10088
3 10084 10087 10090
3 10084 10090 10086
3 11040 10089 10087
3 11040 10087 10088
3 10091 10090 10087
3 10091 10087 10089
3 10090 10091 10093
3 10090 10093 10092
3 10090 10092 9528
3 10090 9528 10086
3 10093 10095 10094
3 10093 10094 10092
3 10094 9530 9528
3 10094 9528 10092
3 9530 10094 10096
3 9530 10096 9533
3 10097 10096 10094
3 10097 10094 10095
3 10096 10097 10101
3 10096 10101 10098
3 9533 10096 10098
3 9533 10098 10100
3 10098 10101 10103
3 10098 10103 10099
3 10776 10100 10098
3 10776 10098 10099
3 10102 10101 10097
3 10102 10097 11226
3 10101 10102 10105
3 10101 10105 10103
3 10103 10105 10107
3 10103 10107 10104
3 10772 10099 10103
3 10772 10103 10104
3 10106 10105 10102
3 10106 10102 11227
3 10105 10106 10109
3 10105 10109 10107
3 10107 10109 10111
3 10107 10111 10108
3 10771 10104 10107
3 10771 10107 10108
3 10110 10109 10106
3 10110 10106 11232
3 10109 10110 10112
3 10109 10112 10111
3 10111 10112 10115
3 10111 10115 10113
3 10114 10108 10111
3 10114 10111 10113
3 10116 10119 10114
3 10116 10114 10113
3 10116 10113 10115
3 10116 10115 10117
3 10131 10118 10116
3 10131 10116 10117
3 10119 10116 10118
3 10119 10118 10121
3 10770 10114 10119
3 10770 10119 10120
3 10119 10121 10122
3 10119 10122 10120
3 10123 10124 10122
3 10123 10122 10121
3 10118 10126 10123
3 10118 10123 10121
3 10124 10123 10125
3 10124 10125 10750
3 10127 10125 10123
3 10127 10123 10126
3 10128 10129 10127
3 10128 10127 10126
3 10118 10131 10128
3 10118 10128 10126
3 10130 10748 10129
3 10130 10129 10128
3 10131 10132 10130
3 10131 10130 10128
3 10133 10132 10131
3 10133 10131 10117
3 10132 10133 10137
3 10132 10137 10134
3 10135 10130 10132
3 10135 10132 10134
3 10136 10328 10135
3 10136 10135 10134
3 10138 10139 10136
3 10138 10136 10134
3 10137 10141 10138
3 10137 10138 10134
3 10139 10138 10140
3 10139 10140 10161
3 10140 10138 10141
3 10140 10141 10143
3 10141 10137 11240
3 10141 11240 10142
3 10145 10143 10141
3 10145 10141 10142
3 10144 10155 10140
3 10144 10140 10143
3 10145 10147 10144
3 10145 10144 10143
3 10147 10145 10146
3 10147 10146 10148
3 11241 10146 10145
3 11241 10145 10142
3 10150 10149 10147
3 10150 10147 10148
3 10152 10144 10147
3 10152 10147 10149
3 10150 11276 10151
3 10150 10151 10149
3 10151 10153 10152
3 10151 10152 10149
3 10144 10152 10154
3 10144 10154 10155
3 10156 10154 10152
3 10156 10152 10153
3 10154 10157 10160
3 10154 10160 10155
3 10158 10157 10154
3 10158 10154 10156
3 11376 10159 10157
3 11376 10157 10158
3 10157 10159 10162
3 10157 10162 10160
3 10160 10161 10140
3 10160 10140 10155
3 10162 10163 10161
3 10162 10161 10160
3 10163 10162 10164
3 10163 10164 10165
3 10164 10162 10159
3 10164 10159 10166
3 10164 10167 10168
3 10164 10168 10165
3 10167 10164 10166
3 10167 10166 10170
3 10168 10167 10169
3 10168 10169 10198
3 10167 10170 10171
3 10167 10171 10169
3 10166 10173 10172
3 10166 10172 10170
3 10172 10175 10171
3 10172 10171 10170
3 10174 10172 10173
3 10174 10173 11305
3 10177 10175 10172
3 10177 10172 10174
3 10175 10176 10194
3 10175 10194 10171
3 10175 10177 10179
3 10175 10179 10176
3 11304 10178 10177
3 11304 10177 10174
3 10180 10179 10177
3 10180 10177 10178
3 10179 10180 10183
3 10179 10183 10181
3 10179 10181 10182
3 10179 10182 10176
3 10182 10181 10184
3 10182 10184 10187
3 10183 10186 10184
3 10183 10184 10181
3 10184 10186 11323
3 10184 11323 10185
3 10188 10187 10184
3 10188 10184 10185
3 10188 10191 10189
3 10188 10189 10187
3 10189 10192 10182
3 10189 10182 10187
3 10189 10190 10193
3 10189 10193 10192
3 10191 11172 10190
3 10191 10190 10189
3 10194 10176 10182
3 10194 10182 10192
3 10193 10195 10194
3 10193 10194 10192
3 10169 10171 10194
3 10169 10194 10195
3 10193 10197 10196
3 10193 10196 10195
3 10196 10198 10169
3 10196 10169 10195
3 10196 10197 10202
3 10196 10202 10199
3 10196 10199 10200
3 10196 10200 10198
3 10201 11481 10200
3 10201 10200 10199
3 10202 10204 10201
3 10202 10201 10199
3 10202 10197 11171
3 10202 11171 10203
3 10204 10202 10203
3 10204 10203 10205
3 10201 10204 10206
3 10201 10206 10209
3 10204 10205 10208
3 10204 10208 10206
3 10206 10207 10211
3 10206 10211 10209
3 10208 11377 10207
3 10208 10207 10206
3 10201 10209 10210
3 10201 10210 11481
3 10211 10212 10210
3 10211 10210 10209
3 10212 10211 10213
3 10212 10213 10216
3 10211 10207 10215
3 10211 10215 10213
3 10213 10214 10218
3 10213 10218 10216
3 10215 11380 10214
3 10215 10214 10213
3 10212 10216 10217
3 10212 10217 10309
3 10218 10220 10217
3 10218 10217 10216
3 10220 10218 10219
3 10220 10219 10222
3 10218 10214 11418
3 10218 11418 10219
3 10307 10217 10220
3 10307 10220 10221
3 10220 10222 10224
3 10220 10224 10221
3 10223 10226 10224
3 10223 10224 10222
3 10219 11414 10223
3 10219 10223 10222
3 10224 10225 10304
3 10224 10304 10221
3 10225 10224 10226
3 10225 10226 10228
3 10226 10223 11415
3 10226 11415 10227
3 10226 10227 10230
3 10226 10230 10228
3 10225 10228 10229
3 10225 10229 10291
3 10230 10231 10229
3 10230 10229 10228
3 10231 10230 10232
3 10231 10232 10234
3 10233 10232 10230
3 10233 10230 10227
3 10236 10235 10232
3 10236 10232 10233
3 10232 10235 10238
3 10232 10238 10234
3 10235 10236 11404
3 10235 11404 10237
3 10239 10238 10235
3 10239 10235 10237
3 10238 10239 10243
3 10238 10243 10240
3 10238 10240 10241
3 10238 10241 10234
3 10242 10296 10241
3 10242 10241 10240
3 10243 10245 10242
3 10243 10242 10240
3 10244 10246 10245
3 10244 10245 10243
3 10239 11403 10244
3 10239 10244 10243
3 10249 10242 10245
3 10249 10245 10247
3 10248 10247 10245
3 10248 10245 10246
3 10248 10251 10250
3 10248 10250 10247
3 10250 10252 10249
3 10250 10249 10247
3 10251 10254 10253
3 10251 10253 10250
3 10250 10253 10255
3 10250 10255 10252
3 10256 10253 10254
3 10256 10254 10257
3 10253 10256 10259
3 10253 10259 10255
3 11138 10258 10256
3 11138 10256 10257
3 10260 10259 10256
3 10260 10256 10258
3 10259 10260 10262
3 10259 10262 10261
3 10255 10259 10261
3 10255 10261 10263
3 10261 10262 10266
3 10261 10266 10264
3 10261 10264 10265
3 10261 10265 10263
3 10267 10268 10265
3 10267 10265 10264
3 10266 10269 10267
3 10266 10267 10264
3 10271 10268 10267
3 10271 10267 10270
3 10272 10270 10267
3 10272 10267 10269
3 10273 10276 10271
3 10273 10271 10270
3 10273 10270 10272
3 10273 10272 10275
3 10276 10273 10274
3 10276 10274 10277
3 10359 10274 10273
3 10359 10273 10275
3 10280 10278 10276
3 10280 10276 10277
3 10279 10271 10276
3 10279 10276 10278
3 10281 10283 10279
3 10281 10279 10278
3 10280 10282 10281
3 10280 10281 10278
3 10284 10281 10282
3 10284 10282 10285
3 10281 10284 10286
3 10281 10286 10283
3 10288 10287 10284
3 10288 10284 10285
3 10290 10286 10284
3 10290 10284 10287
3 10288 10303 10289
3 10288 10289 10287
3 10289 10291 10290
3 10289 10290 10287
3 10229 10292 10290
3 10229 10290 10291
3 10286 10290 10292
3 10286 10292 10293
3 10292 10229 10231
3 10292 10231 10294
3 10292 10294 10295
3 10292 10295 10293
3 10241 10296 10295
3 10241 10295 10294
3 10231 10234 10241
3 10231 10241 10294
3 10297 10295 10296
3 10297 10296 10299
3 10295 10297 10298
3 10295 10298 10293
3 10302 10298 10297
3 10302 10297 10300
3 10297 10299 10301
3 10297 10301 10300
3 10265 10300 10301
3 10265 10301 10263
3 10302 10300 10265
3 10302 10265 10268
3 10298 10302 10279
3 10298 10279 10283
3 10271 10279 10302
3 10271 10302 10268
3 10301 10299 10249
3 10301 10249 10252
3 10255 10263 10301
3 10255 10301 10252
3 10296 10242 10249
3 10296 10249 10299
3 10286 10293 10298
3 10286 10298 10283
3 10289 10304 10225
3 10289 10225 10291
3 10304 10289 10303
3 10304 10303 10305
3 10307 10221 10304
3 10307 10304 10305
3 10306 10305 10303
3 10306 10303 10348
3 10306 10308 10307
3 10306 10307 10305
3 10217 10307 10308
3 10217 10308 10309
3 10308 10306 10312
3 10308 10312 10310
3 10311 10309 10308
3 10311 10308 10310
3 10315 10311 10310
3 10315 10310 10313
3 10313 10310 10312
3 10313 10312 10316
3 10318 10314 10313
3 10318 10313 10316
3 10314 11480 10315
3 10314 10315 10313
3 10318 10316 10317
3 10318 10317 10320
3 10312 10347 10317
3 10312 10317 10316
3 10314 10318 10319
3 10314 10319 10165
3 10319 10318 10320
3 10319 10320 10322
3 10320 10321 10323
3 10320 10323 10322
3 10317 10344 10321
3 10317 10321 10320
3 10324 10322 10323
3 10324 10323 10325
3 10326 10319 10322
3 10326 10322 10324
3 10328 10136 10324
3 10328 10324 10325
3 10136 10139 10326
3 10136 10326 10324
3 10319 10326 10163
3 10319 10163 10165
3 10163 10326 10139
3 10163 10139 10161
3 10328 10325 10327
3 10328 10327 10329
3 10323 10339 10327
3 10323 10327 10325
3 10135 10328 10329
3 10135 10329 10330
3 10327 10334 10331
3 10327 10331 10329
3 10329 10331 10332
3 10329 10332 10330
3 10332 10331 10333
3 10332 10333 10746
3 10331 10334 10335
3 10331 10335 10333
3 10334 10327 10339
3 10334 10339 10336
3 10334 10336 10337
3 10334 10337 10335
3 10338 10703 10337
3 10338 10337 10336
3 10339 10340 10338
3 10339 10338 10336
3 10339 10323 10321
3 10339 10321 10340
3 10321 10344 10341
3 10321 10341 10340
3 10341 10342 10338
3 10341 10338 10340
3 10343 10351 10342
3 10343 10342 10341
3 10344 10345 10343
3 10344 10343 10341
3 10344 10317 10347
3 10344 10347 10345
3 10346 10349 10343
3 10346 10343 10345
3 10347 10348 10346
3 10347 10346 10345
3 10347 10312 10306
3 10347 10306 10348
3 10303 10288 10346
3 10303 10346 10348
3 10349 10346 10288
3 10349 10288 10285
3 10351 10343 10349
3 10351 10349 10350
3 10349 10285 10282
3 10349 10282 10350
3 10282 10280 10352
3 10282 10352 10350
3 10351 10350 10352
3 10351 10352 10353
3 10352 10354 10355
3 10352 10355 10353
3 10354 10352 10280
3 10354 10280 10277
3 10355 10354 10356
3 10355 10356 10357
3 10354 10277 10274
3 10354 10274 10356
3 10356 10358 10360
3 10356 10360 10357
3 10274 10359 10358
3 10274 10358 10356
3 10362 10361 10358
3 10362 10358 10359
3 10361 10363 10360
3 10361 10360 10358
3 10364 10361 10362
3 10364 10362 10366
3 10365 10363 10361
3 10365 10361 10364
3 10367 10370 10365
3 10367 10365 10364
3 10369 10367 10364
3 10369 10364 10366
3 10367 10369 10375
3 10367 10375 10368
3 10372 10370 10367
3 10372 10367 10368
3 10370 10371 10692
3 10370 10692 10365
3 10372 10373 10371
3 10372 10371 10370
3 10373 10372 10374
3 10373 10374 10377
3 10375 10374 10372
3 10375 10372 10368
3 10374 10375 10395
3 10374 10395 10376
3 10377 10374 10376
3 10377 10376 10379
3 10381 10378 10377
3 10381 10377 10379
3 10685 10373 10377
3 10685 10377 10378
3 10380 10379 10376
3 10380 10376 10393
3 10380 10383 10381
3 10380 10381 10379
3 10381 10382 10683
3 10381 10683 10378
3 10382 10381 10383
3 10382 10383 10384
3 10383 10385 10386
3 10383 10386 10384
3 10383 10380 10388
3 10383 10388 10385
3 10387 10530 10386
3 10387 10386 10385
3 10388 10389 10387
3 10388 10387 10385
3 10390 10388 10380
3 10390 10380 10393
3 10388 10390 10392
3 10388 10392 10389
3 10411 10392 10390
3 10411 10390 10391
3 10390 10393 10394
3 10390 10394 10391
3 10376 10395 10394
3 10376 10394 10393
3 10399 10396 10394
3 10399 10394 10395
3 10394 10396 10397
3 10394 10397 10391
3 10404 10397 10396
3 10404 10396 10398
3 10400 10398 10396
3 10400 10396 10399
3 10369 10366 10400
3 10369 10400 10399
3 10375 10369 10399
3 10375 10399 10395
3 10398 10400 10401
3 10398 10401 10402
3 10362 10401 10400
3 10362 10400 10366
3 10401 10362 10359
3 10401 10359 10275
3 10401 10275 10272
3 10401 10272 10402
3 10403 10404 10398
3 10403 10398 10402
3 10403 10402 10272
3 10403 10272 10269
3 10405 10407 10404
3 10405 10404 10403
3 10266 10405 10403
3 10266 10403 10269
3 10407 10405 10406
3 10407 10406 10408
3 10262 10406 10405
3 10262 10405 10266
3 10410 10409 10407
3 10410 10407 10408
3 10397 10404 10407
3 10397 10407 10409
3 10410 10412 10411
3 10410 10411 10409
3 10411 10391 10397
3 10411 10397 10409
3 10392 10411 10412
3 10392 10412 10413
3 10412 10414 10415
3 10412 10415 10413
3 10412 10410 10417
3 10412 10417 10414
3 10416 10535 10415
3 10416 10415 10414
3 10417 10418 10416
3 10417 10416 10414
3 10419 10417 10410
3 10419 10410 10408
3 10417 10419 10421
3 10417 10421 10418
3 10422 10421 10419
3 10422 10419 10420
3 10419 10408 10406
3 10419 10406 10420
3 10421 10422 10425
3 10421 10425 10423
3 10421 10423 10426
3 10421 10426 10418
3 10424 10428 10426
3 10424 10426 10423
3 10425 11137 10424
3 10425 10424 10423
3 10426 10427 10416
3 10426 10416 10418
3 10427 10426 10428
3 10427 10428 10429
3 10432 10429 10428
3 10432 10428 10430
3 10431 10430 10428
3 10431 10428 10424
3 10431 10435 10433
3 10431 10433 10430
3 10433 10434 10432
3 10433 10432 10430
3 10436 10439 10434
3 10436 10434 10433
3 10435 10438 10436
3 10435 10436 10433
3 10437 10440 10439
3 10437 10439 10436
3 10438 11129 10437
3 10438 10437 10436
3 10441 10439 10440
3 10441 10440 10442
3 10444 10434 10439
3 10444 10439 10441
3 11107 10443 10441
3 11107 10441 10442
3 10443 10445 10444
3 10443 10444 10441
3 10446 10432 10434
3 10446 10434 10444
3 10445 10447 10446
3 10445 10446 10444
3 10432 10446 10448
3 10432 10448 10429
3 10450 10448 10446
3 10450 10446 10447
3 10448 10449 10427
3 10448 10427 10429
3 10448 10450 10451
3 10448 10451 10449
3 10453 10452 10450
3 10453 10450 10447
3 10454 10451 10450
3 10454 10450 10452
3 10453 10458 10455
3 10453 10455 10452
3 10455 10456 10454
3 10455 10454 10452
3 10455 10457 10521
3 10455 10521 10456
3 10457 10455 10458
3 10457 10458 10460
3 10459 10458 10453
3 10459 10453 11116
3 10460 10458 10459
3 10460 10459 10462
3 10457 10460 10461
3 10457 10461 10520
3 10463 10461 10460
3 10463 10460 10462
3 10459 10465 10464
3 10459 10464 10462
3 10463 10462 10464
3 10463 10464 10466
3 10465 10468 10467
3 10465 10467 10464
3 10464 10467 10469
3 10464 10469 10466
3 10468 10471 10470
3 10468 10470 10467
3 10470 10473 10469
3 10470 10469 10467
3 10472 10470 10471
3 10472 10471 10840
3 10470 10472 10475
3 10470 10475 10473
3 10469 10473 10474
3 10469 10474 10487
3 10475 10477 10474
3 10475 10474 10473
3 10476 10475 10472
3 10476 10472 10836
3 10475 10476 10478
3 10475 10478 10477
3 10474 10477 10479
3 10474 10479 10482
3 10478 10481 10479
3 10478 10479 10477
3 10479 10481 11475
3 10479 11475 10480
3 10483 10482 10479
3 10483 10479 10480
3 10483 10486 10484
3 10483 10484 10482
3 10484 10487 10474
3 10484 10474 10482
3 10485 10484 10486
3 10485 10486 10495
3 10484 10485 10488
3 10484 10488 10487
3 10488 10466 10469
3 10488 10469 10487
3 10489 10488 10485
3 10489 10485 10491
3 10488 10489 10463
3 10488 10463 10466
3 10461 10463 10489
3 10461 10489 10490
3 10489 10491 10492
3 10489 10492 10490
3 10493 10494 10492
3 10493 10492 10491
3 10485 10495 10493
3 10485 10493 10491
3 10499 10494 10493
3 10499 10493 10496
3 10497 10496 10493
3 10497 10493 10495
3 10496 10497 10572
3 10496 10572 10498
3 10500 10499 10496
3 10500 10496 10498
3 10501 10499 10500
3 10501 10500 10503
3 10502 10494 10499
3 10502 10499 10501
3 10504 10507 10502
3 10504 10502 10501
3 10506 10504 10501
3 10506 10501 10503
3 10504 10506 10559
3 10504 10559 10505
3 10509 10507 10504
3 10509 10504 10505
3 10507 10508 10519
3 10507 10519 10502
3 10507 10509 10511
3 10507 10511 10508
3 10559 10510 10509
3 10559 10509 10505
3 10509 10510 10512
3 10509 10512 10511
3 10512 10515 10513
3 10512 10513 10511
3 10511 10513 10516
3 10511 10516 10508
3 10514 10513 10515
3 10514 10515 11479
3 10513 10514 10517
3 10513 10517 10516
3 10517 10520 10518
3 10517 10518 10516
3 10516 10518 10519
3 10516 10519 10508
3 10492 10519 10518
3 10492 10518 10490
3 10461 10490 10518
3 10461 10518 10520
3 10517 10521 10457
3 10517 10457 10520
3 10519 10492 10494
3 10519 10494 10502
3 10521 10517 10514
3 10521 10514 10522
3 10521 10522 10524
3 10521 10524 10456
3 10523 10526 10524
3 10523 10524 10522
3 10514 11479 10523
3 10514 10523 10522
3 10524 10525 10454
3 10524 10454 10456
3 10525 10524 10526
3 10525 10526 10527
3 10526 10528 10531
3 10526 10531 10527
3 10526 10523 10529
3 10526 10529 10528
3 10529 10536 10530
3 10529 10530 10528
3 10530 10387 10531
3 10530 10531 10528
3 10532 10531 10387
3 10532 10387 10389
3 10531 10532 10533
3 10531 10533 10527
3 10392 10413 10532
3 10392 10532 10389
3 10415 10533 10532
3 10415 10532 10413
3 10525 10527 10533
3 10525 10533 10534
3 10533 10415 10535
3 10533 10535 10534
3 10451 10534 10535
3 10451 10535 10449
3 10451 10454 10525
3 10451 10525 10534
3 10535 10416 10427
3 10535 10427 10449
3 10538 10386 10530
3 10538 10530 10536
3 10529 11478 10537
3 10529 10537 10536
3 10537 10540 10538
3 10537 10538 10536
3 10386 10538 10539
3 10386 10539 10384
3 10542 10539 10538
3 10542 10538 10540
3 10537 10553 10541
3 10537 10541 10540
3 10541 10544 10542
3 10541 10542 10540
3 10539 10542 10543
3 10539 10543 10684
3 10545 10543 10542
3 10545 10542 10544
3 10546 10547 10545
3 10546 10545 10544
3 10541 10549 10546
3 10541 10546 10544
3 10547 10546 10548
3 10547 10548 10795
3 10548 10546 10549
3 10548 10549 10550
3 10549 10541 10553
3 10549 10553 10551
3 10554 10550 10549
3 10554 10549 10551
3 10552 10551 10553
3 10552 10553 11477
3 10552 10556 10554
3 10552 10554 10551
3 10554 10555 10796
3 10554 10796 10550
3 10554 10556 10557
3 10554 10557 10555
3 10556 10510 10559
3 10556 10559 10557
3 10552 10512 10510
3 10552 10510 10556
3 10557 10558 10561
3 10557 10561 10555
3 10559 10506 10558
3 10559 10558 10557
3 10558 10506 10503
3 10558 10503 10560
3 10563 10561 10558
3 10563 10558 10560
3 10561 10562 10796
3 10561 10796 10555
3 10561 10563 10564
3 10561 10564 10562
3 10567 10564 10563
3 10567 10563 10565
3 10563 10560 10568
3 10563 10568 10565
3 10567 10565 10566
3 10567 10566 10655
3 10568 10569 10566
3 10568 10566 10565
3 10569 10568 10500
3 10569 10500 10498
3 10503 10500 10568
3 10503 10568 10560
3 10573 10566 10569
3 10573 10569 10570
3 10569 10498 10572
3 10569 10572 10570
3 10573 10570 10571
3 10573 10571 10575
3 10572 11465 10571
3 10572 10571 10570
3 10566 10573 10574
3 10566 10574 10655
3 10576 10574 10573
3 10576 10573 10575
3 10571 10578 10577
3 10571 10577 10575
3 10576 10575 10577
3 10576 10577 10579
3 10580 10577 10578
3 10580 10578 10581
3 10577 10580 10582
3 10577 10582 10579
3 10584 10583 10580
3 10584 10580 10581
3 10586 10582 10580
3 10586 10580 10583
3 10584 11458 10585
3 10584 10585 10583
3 10585 10588 10586
3 10585 10586 10583
3 10582 10586 10587
3 10582 10587 10647
3 10589 10587 10586
3 10589 10586 10588
3 10585 10592 10590
3 10585 10590 10588
3 10590 10593 10589
3 10590 10589 10588
3 10590 10591 10595
3 10590 10595 10593
3 10591 10590 10592
3 10591 10592 11468
3 10594 10642 10589
3 10594 10589 10593
3 10595 10597 10594
3 10595 10594 10593
3 10595 10596 10598
3 10595 10598 10597
3 10596 10595 10591
3 10596 10591 10800
3 10599 10600 10594
3 10599 10594 10597
3 10598 10602 10599
3 10598 10599 10597
3 10600 10599 10601
3 10600 10601 10640
3 10603 10601 10599
3 10603 10599 10602
3 10604 10605 10603
3 10604 10603 10602
3 10598 10606 10604
3 10598 10604 10602
3 10604 10607 10608
3 10604 10608 10605
3 10607 10604 10606
3 10607 10606 9782
3 10610 10608 10607
3 10610 10607 9781
3 10608 10609 10612
3 10608 10612 10605
3 10608 10610 10611
3 10608 10611 10609
3 9769 10611 10610
3 9769 10610 9771
3 10610 9781 9773
3 10610 9773 9771
3 10611 9579 9576
3 10611 9576 10609
3 10611 9769 9581
3 10611 9581 9579
3 9576 10614 10612
3 9576 10612 10609
3 10612 10613 10603
3 10612 10603 10605
3 10613 10612 10614
3 10613 10614 10615
3 10616 10615 10614
3 10616 10614 9577
3 10617 10615 10616
3 10617 10616 10620
3 10617 10619 10613
3 10617 10613 10615
3 10635 10619 10617
3 10635 10617 10618
3 10617 10620 10621
3 10617 10621 10618
3 10622 10625 10621
3 10622 10621 10620
3 10616 10624 10622
3 10616 10622 10620
3 10625 10622 10623
3 10625 10623 10626
3 9569 10623 10622
3 9569 10622 10624
3 10629 10627 10625
3 10629 10625 10626
3 10630 10621 10625
3 10630 10625 10627
3 10628 10631 10630
3 10628 10630 10627
3 10629 10751 10628
3 10629 10628 10627
3 10621 10630 10632
3 10621 10632 10618
3 10633 10632 10630
3 10633 10630 10631
3 10632 10633 10636
3 10632 10636 10634
3 10635 10618 10632
3 10635 10632 10634
3 10637 10640 10635
3 10637 10635 10634
3 10637 10634 10636
3 10637 10636 10638
3 10641 10639 10637
3 10641 10637 10638
3 10637 10639 10600
3 10637 10600 10640
3 10635 10640 10601
3 10635 10601 10619
3 10642 10594 10600
3 10642 10600 10639
3 10641 10643 10642
3 10641 10642 10639
3 10587 10589 10642
3 10587 10642 10643
3 10644 10643 10641
3 10644 10641 10646
3 10647 10587 10643
3 10647 10643 10644
3 10733 10645 10644
3 10733 10644 10646
3 10645 10648 10647
3 10645 10647 10644
3 10648 10579 10582
3 10648 10582 10647
3 10650 10649 10648
3 10650 10648 10645
3 10648 10649 10576
3 10648 10576 10579
3 10651 10649 10650
3 10651 10650 10652
3 10574 10576 10649
3 10574 10649 10651
3 10654 10653 10651
3 10654 10651 10652
3 10653 10655 10574
3 10653 10574 10651
3 10656 10653 10654
3 10656 10654 10658
3 10653 10656 10567
3 10653 10567 10655
3 10564 10567 10656
3 10564 10656 10657
3 10656 10658 10659
3 10656 10659 10657
3 10660 10662 10659
3 10660 10659 10658
3 10654 10663 10660
3 10654 10660 10658
3 10665 10661 10660
3 10665 10660 10663
3 10662 10660 10661
3 10662 10661 10676
3 10654 10652 10664
3 10654 10664 10663
3 10664 10667 10665
3 10664 10665 10663
3 10674 10661 10665
3 10674 10665 10666
3 10665 10667 10669
3 10665 10669 10666
3 10786 10668 10667
3 10786 10667 10664
3 10668 10670 10669
3 10668 10669 10667
3 10669 10670 10673
3 10669 10673 10671
3 10669 10671 10674
3 10669 10674 10666
3 10671 10673 10686
3 10671 10686 10672
3 10675 10674 10671
3 10675 10671 10672
3 10661 10674 10675
3 10661 10675 10676
3 10680 10677 10675
3 10680 10675 10672
3 10679 10676 10675
3 10679 10675 10677
3 10678 10789 10679
3 10678 10679 10677
3 10680 10682 10678
3 10680 10678 10677
3 10683 10682 10680
3 10683 10680 10681
3 10680 10672 10686
3 10680 10686 10681
3 10682 10683 10382
3 10682 10382 10684
3 10682 10684 10543
3 10682 10543 10678
3 10382 10384 10539
3 10382 10539 10684
3 10683 10681 10685
3 10683 10685 10378
3 10686 10687 10685
3 10686 10685 10681
3 10673 10688 10687
3 10673 10687 10686
3 10688 10690 10689
3 10688 10689 10687
3 10689 10692 10371
3 10689 10371 10687
3 10371 10373 10685
3 10371 10685 10687
3 10689 10690 10788
3 10689 10788 10691
3 10692 10689 10691
3 10692 10691 10693
3 10692 10693 10363
3 10692 10363 10365
3 10694 10360 10363
3 10694 10363 10693
3 10691 10696 10694
3 10691 10694 10693
3 10695 10357 10360
3 10695 10360 10694
3 10696 10698 10695
3 10696 10695 10694
3 10698 10696 10697
3 10698 10697 10699
3 10788 10697 10696
3 10788 10696 10691
3 10702 10700 10698
3 10702 10698 10699
3 10701 10695 10698
3 10701 10698 10700
3 10703 10704 10701
3 10703 10701 10700
3 10702 10337 10703
3 10702 10703 10700
3 10703 10338 10342
3 10703 10342 10704
3 10342 10351 10353
3 10342 10353 10704
3 10353 10355 10701
3 10353 10701 10704
3 10337 10702 10705
3 10337 10705 10335
3 10705 10702 10699
3 10705 10699 10706
3 10707 10705 10706
3 10707 10706 10709
3 10335 10705 10707
3 10335 10707 10333
3 10333 10707 10708
3 10333 10708 10746
3 10708 10707 10709
3 10708 10709 10710
3 10709 10711 10712
3 10709 10712 10710
3 10706 10713 10711
3 10706 10711 10709
3 10716 10712 10711
3 10716 10711 10714
3 10711 10713 10715
3 10711 10715 10714
3 10715 10717 10716
3 10715 10716 10714
3 10718 10716 10717
3 10718 10717 10719
3 10712 10716 10718
3 10712 10718 10721
3 10787 10720 10718
3 10787 10718 10719
3 10718 10720 10722
3 10718 10722 10721
3 10710 10712 10721
3 10710 10721 10723
3 10723 10721 10722
3 10723 10722 10725
3 10724 10708 10710
3 10724 10710 10723
3 10726 10724 10723
3 10726 10723 10725
3 10728 10726 10725
3 10728 10725 10727
3 10725 10722 10730
3 10725 10730 10727
3 10728 10727 10729
3 10728 10729 10738
3 10730 10732 10729
3 10730 10729 10727
3 10720 10731 10730
3 10720 10730 10722
3 10731 10733 10732
3 10731 10732 10730
3 10734 10735 10729
3 10734 10729 10732
3 10733 10646 10734
3 10733 10734 10732
3 10641 10638 10734
3 10641 10734 10646
3 10636 10735 10734
3 10636 10734 10638
3 10735 10636 10633
3 10735 10633 10736
3 10738 10729 10735
3 10738 10735 10736
3 10737 10736 10633
3 10737 10633 10631
3 10737 10739 10738
3 10737 10738 10736
3 10739 10741 10728
3 10739 10728 10738
3 10739 10737 10749
3 10739 10749 10740
3 10742 10741 10739
3 10742 10739 10740
3 10726 10728 10741
3 10726 10741 10743
3 10744 10743 10741
3 10744 10741 10742
3 10744 10747 10745
3 10744 10745 10743
3 10745 10724 10726
3 10745 10726 10743
3 10746 10708 10724
3 10746 10724 10745
3 10747 10332 10746
3 10747 10746 10745
3 10747 10744 10129
3 10747 10129 10748
3 10330 10332 10747
3 10330 10747 10748
3 10130 10135 10330
3 10130 10330 10748
3 10127 10129 10744
3 10127 10744 10742
3 10125 10127 10742
3 10125 10742 10740
3 10125 10740 10749
3 10125 10749 10750
3 10749 10628 10751
3 10749 10751 10750
3 10628 10749 10737
3 10628 10737 10631
3 10124 10750 10751
3 10124 10751 10752
3 10751 10629 10754
3 10751 10754 10752
3 10753 10752 10754
3 10753 10754 10755
3 10753 10122 10124
3 10753 10124 10752
3 10754 10756 10757
3 10754 10757 10755
3 10756 10754 10629
3 10756 10629 10626
3 10759 10757 10756
3 10759 10756 10758
3 10756 10626 10623
3 10756 10623 10758
3 10759 10758 9567
3 10759 9567 9565
3 10623 9569 9567
3 10623 9567 10758
3 10757 10759 10760
3 10757 10760 10763
3 10762 10760 10759
3 10762 10759 9565
3 10760 10762 10784
3 10760 10784 10761
3 10764 10763 10760
3 10764 10760 10761
3 10764 10766 10765
3 10764 10765 10763
3 10765 10755 10757
3 10765 10757 10763
3 10767 10765 10766
3 10767 10766 10768
3 10765 10767 10753
3 10765 10753 10755
3 10770 10120 10767
3 10770 10767 10768
3 10122 10753 10767
3 10122 10767 10120
3 10769 10768 10766
3 10769 10766 10773
3 10769 10771 10770
3 10769 10770 10768
3 10114 10770 10771
3 10114 10771 10108
3 10771 10769 10772
3 10771 10772 10104
3 10775 10772 10769
3 10775 10769 10773
3 10775 10773 10774
3 10775 10774 10777
3 10766 10764 10774
3 10766 10774 10773
3 10772 10775 10776
3 10772 10776 10099
3 10778 10776 10775
3 10778 10775 10777
3 10778 10777 10779
3 10778 10779 10780
3 10774 10782 10779
3 10774 10779 10777
3 10779 10781 9539
3 10779 9539 10780
3 10781 10779 10782
3 10781 10782 10783
3 10782 10761 10784
3 10782 10784 10783
3 10782 10774 10764
3 10782 10764 10761
3 10784 9553 9549
3 10784 9549 10783
3 10781 10783 9549
3 10781 9549 9543
3 9553 10784 10762
3 9553 10762 9564
3 9535 9532 10778
3 9535 10778 10780
3 10776 10778 9532
3 10776 9532 10100
3 10733 10731 10785
3 10733 10785 10645
3 10787 10785 10731
3 10787 10731 10720
3 10785 10786 10650
3 10785 10650 10645
3 10786 10785 10787
3 10786 10787 10668
3 10670 10668 10787
3 10670 10787 10719
3 10650 10786 10664
3 10650 10664 10652
3 10688 10673 10670
3 10688 10670 10719
3 10717 10690 10688
3 10717 10688 10719
3 10690 10717 10715
3 10690 10715 10788
3 10715 10713 10697
3 10715 10697 10788
3 10699 10697 10713
3 10699 10713 10706
3 10695 10701 10355
3 10695 10355 10357
3 10679 10789 10792
3 10679 10792 10790
3 10679 10790 10662
3 10679 10662 10676
3 10792 10793 10791
3 10792 10791 10790
3 10791 10659 10662
3 10791 10662 10790
3 10793 10792 10547
3 10793 10547 10795
3 10547 10792 10789
3 10547 10789 10545
3 10548 10794 10793
3 10548 10793 10795
3 10793 10794 10797
3 10793 10797 10791
3 10796 10794 10548
3 10796 10548 10550
3 10797 10794 10796
3 10797 10796 10562
3 10564 10657 10797
3 10564 10797 10562
3 10659 10791 10797
3 10659 10797 10657
3 10543 10545 10789
3 10543 10789 10678
3 10616 9577 9570
3 10616 9570 10624
3 10601 10603 10613
3 10601 10613 10619
3 10606 10798 9784
3 10606 9784 9782
3 10606 10598 10596
3 10606 10596 10798
3 10596 10800 10799
3 10596 10799 10798
3 10799 9787 9784
3 10799 9784 10798
3 10804 9787 10799
3 10804 10799 10801
3 10803 10801 10799
3 10803 10799 10800
3 10802 10801 10803
3 10802 10803 11469
3 10802 10805 10804
3 10802 10804 10801
3 9786 10804 10805
3 9786 10805 10806
3 10805 10802 10809
3 10805 10809 10807
3 10810 10806 10805
3 10810 10805 10807
3 10808 10807 10809
3 10808 10809 11473
3 10808 10812 10810
3 10808 10810 10807
3 10810 10811 11476
3 10810 11476 10806
3 10811 10810 10812
3 10811 10812 9814
3 10812 10813 9816
3 10812 9816 9814
3 10812 10808 10814
3 10812 10814 10813
3 10814 10817 10815
3 10814 10815 10813
3 10815 9819 9816
3 10815 9816 10813
3 10818 10816 10815
3 10818 10815 10817
3 10816 10967 9819
3 10816 9819 10815
3 10814 10821 10819
3 10814 10819 10817
3 10819 10822 10818
3 10819 10818 10817
3 10820 10819 10821
3 10820 10821 11474
3 10819 10820 10824
3 10819 10824 10822
3 10823 10962 10818
3 10823 10818 10822
3 10824 10825 10823
3 10824 10823 10822
3 10826 10824 10820
3 10826 10820 10828
3 10824 10826 10829
3 10824 10829 10825
3 10831 10829 10826
3 10831 10826 10827
3 10826 10828 11449
3 10826 11449 10827
3 10829 10830 10949
3 10829 10949 10825
3 10829 10831 10833
3 10829 10833 10830
3 10835 10833 10831
3 10835 10831 10832
3 10831 10827 11446
3 10831 11446 10832
3 10833 10834 10947
3 10833 10947 10830
3 10833 10835 10837
3 10833 10837 10834
3 10839 10837 10835
3 10839 10835 10836
3 10835 10832 10476
3 10835 10476 10836
3 10837 10838 10944
3 10837 10944 10834
3 10837 10839 10841
3 10837 10841 10838
3 10842 10841 10839
3 10842 10839 10840
3 10839 10836 10472
3 10839 10472 10840
3 10841 10842 10844
3 10841 10844 10843
3 10841 10843 10845
3 10841 10845 10838
3 10844 10848 10846
3 10844 10846 10843
3 10846 10847 10845
3 10846 10845 10843
3 10849 10851 10847
3 10849 10847 10846
3 10852 10849 10846
3 10852 10846 10848
3 10851 10849 10850
3 10851 10850 10937
3 10853 10850 10849
3 10853 10849 10852
3 10857 10853 10852
3 10857 10852 10854
3 10856 10854 10852
3 10856 10852 10848
3 10855 10858 10857
3 10855 10857 10854
3 10856 11109 10855
3 10856 10855 10854
3 10860 10859 10857
3 10860 10857 10858
3 10859 10861 10853
3 10859 10853 10857
3 10864 10862 10859
3 10864 10859 10860
3 10861 10859 10862
3 10861 10862 10865
3 10862 10864 11423
3 10862 11423 10863
3 10867 10865 10862
3 10867 10862 10863
3 10867 10869 10866
3 10867 10866 10865
3 10866 10935 10861
3 10866 10861 10865
3 11426 10868 10867
3 11426 10867 10863
3 10869 10867 10868
3 10869 10868 10871
3 10936 10866 10869
3 10936 10869 10870
3 10869 10871 10872
3 10869 10872 10870
3 10868 10875 10873
3 10868 10873 10871
3 10873 10874 10872
3 10873 10872 10871
3 10874 10873 10876
3 10874 10876 10878
3 10877 10876 10873
3 10877 10873 10875
3 10876 10877 10882
3 10876 10882 10879
3 10876 10879 10881
3 10876 10881 10878
3 10880 10899 10881
3 10880 10881 10879
3 10882 10883 10880
3 10882 10880 10879
3 10884 10882 10877
3 10884 10877 10885
3 10882 10884 10887
3 10882 10887 10883
3 11429 10886 10884
3 11429 10884 10885
3 10888 10887 10884
3 10888 10884 10886
3 10887 10888 10891
3 10887 10891 10889
3 10887 10889 10892
3 10887 10892 10883
3 10890 10893 10892
3 10890 10892 10889
3 10891 11060 10890
3 10891 10890 10889
3 10894 10892 10893
3 10894 10893 10895
3 10892 10894 10880
3 10892 10880 10883
3 10898 10896 10894
3 10898 10894 10895
3 10899 10880 10894
3 10899 10894 10896
3 10898 11436 10897
3 10898 10897 10896
3 10897 10900 10899
3 10897 10899 10896
3 10901 10881 10899
3 10901 10899 10900
3 10897 10903 10902
3 10897 10902 10900
3 10902 10904 10901
3 10902 10901 10900
3 10905 10902 10903
3 10905 10903 10906
3 10902 10905 10908
3 10902 10908 10904
3 11020 10907 10905
3 11020 10905 10906
3 10909 10908 10905
3 10909 10905 10907
3 10908 10909 10912
3 10908 10912 10910
3 10908 10910 10913
3 10908 10913 10904
3 10911 10915 10913
3 10911 10913 10910
3 10912 10978 10911
3 10912 10911 10910
3 10913 10914 10901
3 10913 10901 10904
3 10914 10913 10915
3 10914 10915 10917
3 10915 10911 10924
3 10915 10924 10916
3 10918 10917 10915
3 10918 10915 10916
3 10874 10878 10914
3 10874 10914 10917
3 10918 10872 10874
3 10918 10874 10917
3 10872 10918 10919
3 10872 10919 10870
3 10921 10919 10918
3 10921 10918 10916
3 10919 10921 10922
3 10919 10922 10920
3 10936 10870 10919
3 10936 10919 10920
3 10926 10922 10921
3 10926 10921 10923
3 10921 10916 10924
3 10921 10924 10923
3 10924 10970 10925
3 10924 10925 10923
3 10926 10923 10925
3 10926 10925 10928
3 10922 10926 10927
3 10922 10927 10930
3 9886 10927 10926
3 9886 10926 10928
3 10925 10971 9885
3 10925 9885 10928
3 10927 9886 9883
3 10927 9883 10929
3 10931 10930 10927
3 10931 10927 10929
3 10931 10933 10932
3 10931 10932 10930
3 10932 10920 10922
3 10932 10922 10930
3 10934 10932 10933
3 10934 10933 10937
3 10932 10934 10936
3 10932 10936 10920
3 10866 10936 10934
3 10866 10934 10935
3 10934 10937 10850
3 10934 10850 10935
3 10933 10938 10851
3 10933 10851 10937
3 10850 10853 10861
3 10850 10861 10935
3 10933 10931 10939
3 10933 10939 10938
3 10940 10847 10851
3 10940 10851 10938
3 10939 10941 10940
3 10939 10940 10938
3 10847 10940 10942
3 10847 10942 10845
3 10943 10942 10940
3 10943 10940 10941
3 10845 10942 10944
3 10845 10944 10838
3 10942 10943 10945
3 10942 10945 10944
3 10944 10945 10947
3 10944 10947 10834
3 10946 10945 10943
3 10946 10943 10956
3 10945 10946 10948
3 10945 10948 10947
3 10947 10948 10949
3 10947 10949 10830
3 10948 10950 10952
3 10948 10952 10949
3 10950 10948 10946
3 10950 10946 10953
3 10955 10951 10950
3 10955 10950 10953
3 10960 10952 10950
3 10960 10950 10951
3 10954 10953 10946
3 10954 10946 10956
3 10954 9874 10955
3 10954 10955 10953
3 10955 9870 10969
3 10955 10969 10951
3 10958 10957 10954
3 10958 10954 10956
3 9874 10954 10957
3 9874 10957 9876
3 10957 10958 10959
3 10957 10959 9881
3 10939 10959 10958
3 10939 10958 10941
3 10958 10956 10943
3 10958 10943 10941
3 10959 10939 10931
3 10959 10931 10929
3 10959 10929 9883
3 10959 9883 9881
3 10949 10952 10823
3 10949 10823 10825
3 10952 10960 10962
3 10952 10962 10823
3 10969 10961 10960
3 10969 10960 10951
3 10963 10962 10960
3 10963 10960 10961
3 10962 10963 10816
3 10962 10816 10818
3 10965 10964 10963
3 10965 10963 10961
3 10967 10816 10963
3 10967 10963 10964
3 10965 10968 10966
3 10965 10966 10964
3 10966 9818 10967
3 10966 10967 10964
3 9834 10966 10968
3 9834 10968 9836
3 10966 9834 9821
3 10966 9821 9818
3 10968 10965 9869
3 10968 9869 9867
3 10968 9867 9839
3 10968 9839 9836
3 10969 9869 10965
3 10969 10965 10961
3 10971 10925 10970
3 10971 10970 10973
3 10974 10972 10971
3 10974 10971 10973
3 9888 9885 10971
3 9888 10971 10972
3 10975 10977 10974
3 10975 10974 10973
3 10975 10973 10970
3 10975 10970 10978
3 10977 10975 10976
3 10977 10976 10979
3 10912 10976 10975
3 10912 10975 10978
3 10970 10924 10911
3 10970 10911 10978
3 10981 10980 10977
3 10981 10977 10979
3 10983 10974 10977
3 10983 10977 10980
3 10981 11442 10982
3 10981 10982 10980
3 10982 10984 10983
3 10982 10983 10980
3 10974 10983 10985
3 10974 10985 10972
3 10986 10985 10983
3 10986 10983 10984
3 10985 10986 10988
3 10985 10988 9890
3 10985 9890 9888
3 10985 9888 10972
3 11444 10987 10986
3 11444 10986 10984
3 10989 10988 10986
3 10989 10986 10987
3 10988 10989 9898
3 10988 9898 9891
3 10991 10990 10989
3 10991 10989 10987
3 9900 9898 10989
3 9900 10989 10990
3 10991 10993 10992
3 10991 10992 10990
3 10992 9902 9900
3 10992 9900 10990
3 10994 10992 10993
3 10994 10993 10995
3 10992 10994 9904
3 10992 9904 9902
3 9906 9904 10994
3 9906 10994 9915
3 10994 10995 9917
3 10994 9917 9915
3 10996 9921 9917
3 10996 9917 10995
3 10993 10997 10996
3 10993 10996 10995
3 9921 10996 10998
3 9921 10998 9924
3 10999 10998 10996
3 10999 10996 10997
3 10998 10999 11001
3 10998 11001 9929
3 11445 11000 10999
3 11445 10999 10997
3 11002 11001 10999
3 11002 10999 11000
3 11001 11002 11004
3 11001 11004 10041
3 11001 10041 9931
3 11001 9931 9929
3 11443 11003 11002
3 11443 11002 11000
3 11005 11004 11002
3 11005 11002 11003
3 11004 11005 11007
3 11004 11007 10042
3 11442 11006 11005
3 11442 11005 11003
3 11009 11007 11005
3 11009 11005 11006
3 11007 11008 10044
3 11007 10044 10042
3 11007 11009 11011
3 11007 11011 11008
3 11441 11010 11009
3 11441 11009 11006
3 11013 11011 11009
3 11013 11009 11010
3 11011 11012 10053
3 11011 10053 11008
3 11011 11013 11015
3 11011 11015 11012
3 11439 11014 11013
3 11439 11013 11010
3 11016 11015 11013
3 11016 11013 11014
3 11015 11016 10064
3 11015 10064 10062
3 11015 10062 10054
3 11015 10054 11012
3 11018 11017 11016
3 11018 11016 11014
3 10066 10064 11016
3 10066 11016 11017
3 11018 11020 11019
3 11018 11019 11017
3 11019 10069 10066
3 11019 10066 11017
3 11021 11019 11020
3 11021 11020 10906
3 11019 11021 11023
3 11019 11023 10069
3 11024 11023 11021
3 11024 11021 11022
3 11021 10906 10903
3 11021 10903 11022
3 11023 11024 11026
3 11023 11026 10070
3 11027 11026 11024
3 11027 11024 11025
3 11024 11022 11436
3 11024 11436 11025
3 11026 11027 11029
3 11026 11029 10074
3 11031 11029 11027
3 11031 11027 11028
3 11027 11025 11435
3 11027 11435 11028
3 11029 11030 10076
3 11029 10076 10074
3 11029 11031 11033
3 11029 11033 11030
3 11035 11033 11031
3 11035 11031 11032
3 11031 11028 11434
3 11031 11434 11032
3 11033 11034 10079
3 11033 10079 11030
3 11033 11035 11037
3 11033 11037 11034
3 11038 11037 11035
3 11038 11035 11036
3 11035 11032 11053
3 11035 11053 11036
3 11037 10088 10085
3 11037 10085 11034
3 11037 11038 11040
3 11037 11040 10088
3 11041 11040 11038
3 11041 11038 11039
3 11038 11036 11051
3 11038 11051 11039
3 11040 11041 11042
3 11040 11042 10089
3 11044 11042 11041
3 11044 11041 11043
3 11041 11039 11046
3 11041 11046 11043
3 11044 11043 11045
3 11044 11045 11212
3 11046 11047 11045
3 11046 11045 11043
3 11047 11046 11048
3 11047 11048 11049
3 11051 11048 11046
3 11051 11046 11039
3 11048 11050 11204
3 11048 11204 11049
3 11048 11051 11052
3 11048 11052 11050
3 11053 11052 11051
3 11053 11051 11036
3 11052 11053 11055
3 11052 11055 11054
3 11052 11054 11056
3 11052 11056 11050
3 11055 11058 11057
3 11055 11057 11054
3 11057 11059 11056
3 11057 11056 11054
3 10893 10890 11057
3 10893 11057 11058
3 11059 11057 10890
3 11059 10890 11060
3 11063 11056 11059
3 11063 11059 11061
3 11064 11061 11059
3 11064 11059 11060
3 11062 11205 11063
3 11062 11063 11061
3 11064 11066 11062
3 11064 11062 11061
3 11066 11064 11065
3 11066 11065 11068
3 10891 11065 11064
3 10891 11064 11060
3 11070 11067 11066
3 11070 11066 11068
3 11211 11062 11066
3 11211 11066 11067
3 11069 11068 11065
3 11069 11065 11432
3 11069 11071 11070
3 11069 11070 11068
3 11072 11070 11071
3 11072 11071 11075
3 11070 11072 11073
3 11070 11073 11067
3 11072 11074 11174
3 11072 11174 11073
3 11076 11074 11072
3 11076 11072 11075
3 11076 11075 11077
3 11076 11077 11078
3 11071 11080 11077
3 11071 11077 11075
3 11077 11079 11166
3 11077 11166 11078
3 11082 11079 11077
3 11082 11077 11080
3 11071 11069 11081
3 11071 11081 11080
3 11081 11083 11082
3 11081 11082 11080
3 11079 11082 11084
3 11079 11084 11085
3 11086 11084 11082
3 11086 11082 11083
3 11084 11087 11089
3 11084 11089 11085
3 11090 11087 11084
3 11090 11084 11086
3 11160 11089 11087
3 11160 11087 11088
3 11087 11090 11092
3 11087 11092 11088
3 11091 11090 11086
3 11091 11086 11428
3 11092 11090 11091
3 11092 11091 11093
3 11092 11094 11095
3 11092 11095 11088
3 11094 11092 11093
3 11094 11093 11097
3 11422 11095 11094
3 11422 11094 11096
3 11096 11094 11097
3 11096 11097 11098
3 11093 11423 10864
3 11093 10864 11097
3 11097 10864 10860
3 11097 10860 11098
3 11099 11101 11096
3 11099 11096 11098
3 11099 11098 10860
3 11099 10860 10858
3 11101 11099 11100
3 11101 11100 11103
3 10855 11100 11099
3 10855 11099 10858
3 11422 11096 11101
3 11422 11101 11102
3 11101 11103 11104
3 11101 11104 11102
3 11105 11107 11104
3 11105 11104 11103
3 11100 11108 11105
3 11100 11105 11103
3 11110 11106 11105
3 11110 11105 11108
3 11106 10443 11107
3 11106 11107 11105
3 11100 10855 11109
3 11100 11109 11108
3 11109 11112 11110
3 11109 11110 11108
3 11106 11110 11111
3 11106 11111 11116
3 11114 11111 11110
3 11114 11110 11112
3 11109 10856 11113
3 11109 11113 11112
3 11113 11115 11114
3 11113 11114 11112
3 10465 11111 11114
3 10465 11114 10468
3 10471 10468 11114
3 10471 11114 11115
3 11113 10844 10842
3 11113 10842 11115
3 10842 10840 10471
3 10842 10471 11115
3 10844 11113 10856
3 10844 10856 10848
3 11111 10465 10459
3 11111 10459 11116
3 10445 10443 11106
3 10445 11106 11116
3 10445 11116 10453
3 10445 10453 10447
3 11117 11104 11107
3 11117 11107 10442
3 11104 11117 11119
3 11104 11119 11102
3 11117 10442 10440
3 11117 10440 11118
3 11121 11119 11117
3 11121 11117 11118
3 11119 11121 11122
3 11119 11122 11120
3 11422 11102 11119
3 11422 11119 11120
3 11124 11122 11121
3 11124 11121 11123
3 11121 11118 11126
3 11121 11126 11123
3 11124 11123 11125
3 11124 11125 11148
3 11126 11127 11125
3 11126 11125 11123
3 11127 11126 10437
3 11127 10437 11129
3 10440 10437 11126
3 10440 11126 11118
3 11130 11128 11127
3 11130 11127 11129
3 11145 11125 11127
3 11145 11127 11128
3 10438 11132 11130
3 10438 11130 11129
3 11131 11142 11128
3 11131 11128 11130
3 11132 11134 11131
3 11132 11131 11130
3 11136 11134 11132
3 11136 11132 11133
3 11132 10438 10435
3 11132 10435 11133
3 11139 11131 11134
3 11139 11134 11135
3 11135 11134 11136
3 11135 11136 11137
3 11136 10431 10424
3 11136 10424 11137
3 10435 10431 11136
3 10435 11136 11133
3 10425 11138 11135
3 10425 11135 11137
3 11139 11135 11138
3 11139 11138 10257
3 11142 11131 11139
3 11142 11139 11140
3 11139 10257 10254
3 11139 10254 11140
3 11142 11140 11141
3 11142 11141 11143
3 10254 10251 11141
3 10254 11141 11140
3 11145 11128 11142
3 11145 11142 11143
3 11143 11141 11400
3 11143 11400 11144
3 11146 11145 11143
3 11146 11143 11144
3 11125 11145 11146
3 11125 11146 11148
3 11148 11146 11147
3 11148 11147 11149
3 11147 11146 11144
3 11147 11144 11398
3 11151 11124 11148
3 11151 11148 11149
3 11149 11147 11395
3 11149 11395 11150
3 11152 11151 11149
3 11152 11149 11150
3 11153 11151 11152
3 11153 11152 11155
3 11122 11124 11151
3 11122 11151 11153
3 11157 11154 11153
3 11157 11153 11155
3 11154 11120 11122
3 11154 11122 11153
3 11155 11152 11390
3 11155 11390 11156
3 11158 11157 11155
3 11158 11155 11156
3 11157 11158 11160
3 11157 11160 11088
3 11095 11154 11157
3 11095 11157 11088
3 11160 11158 11159
3 11160 11159 11161
3 11158 11156 11387
3 11158 11387 11159
3 11089 11160 11161
3 11089 11161 11163
3 11163 11161 11162
3 11163 11162 11164
3 11159 11381 11162
3 11159 11162 11161
3 11167 11165 11163
3 11167 11163 11164
3 11085 11089 11163
3 11085 11163 11165
3 11167 11168 11166
3 11167 11166 11165
3 11166 11079 11085
3 11166 11085 11165
3 11168 11167 10208
3 11168 10208 10205
3 11377 10208 11167
3 11377 11167 11164
3 10203 11169 11168
3 10203 11168 10205
3 11078 11166 11168
3 11078 11168 11169
3 11171 11170 11169
3 11171 11169 10203
3 11170 11076 11078
3 11170 11078 11169
3 11074 11076 11170
3 11074 11170 11172
3 11170 11171 10190
3 11170 10190 11172
3 11173 11174 11074
3 11173 11074 11172
3 11173 11172 10191
3 11173 10191 11175
3 11174 11173 11176
3 11174 11176 11177
3 11173 11175 11178
3 11173 11178 11176
3 11176 11179 11180
3 11176 11180 11177
3 11176 11178 11181
3 11176 11181 11179
3 11181 11182 11180
3 11181 11180 11179
3 11181 11178 11185
3 11181 11185 11183
3 11182 11181 11183
3 11182 11183 11186
3 11183 11184 11188
3 11183 11188 11186
3 11185 11375 11184
3 11185 11184 11183
3 11182 11186 11187
3 11182 11187 11208
3 11188 11189 11187
3 11188 11187 11186
3 11189 11188 11190
3 11189 11190 11193
3 11191 11190 11188
3 11191 11188 11184
3 11190 11191 11343
3 11190 11343 11192
3 11193 11190 11192
3 11193 11192 11194
3 11196 11195 11193
3 11196 11193 11194
3 11197 11189 11193
3 11197 11193 11195
3 11196 11199 11198
3 11196 11198 11195
3 11198 11200 11197
3 11198 11197 11195
3 11045 11198 11199
3 11045 11199 11212
3 11198 11045 11047
3 11198 11047 11200
3 11047 11049 11201
3 11047 11201 11200
3 11201 11202 11197
3 11201 11197 11200
3 11206 11202 11201
3 11206 11201 11203
3 11204 11203 11201
3 11204 11201 11049
3 11203 11204 11063
3 11203 11063 11205
3 11207 11206 11203
3 11207 11203 11205
3 11208 11206 11207
3 11208 11207 11209
3 11187 11202 11206
3 11187 11206 11208
3 11180 11182 11208
3 11180 11208 11209
3 11180 11209 11210
3 11180 11210 11177
3 11207 11211 11210
3 11207 11210 11209
3 11073 11210 11211
3 11073 11211 11067
3 11174 11177 11210
3 11174 11210 11073
3 11062 11211 11207
3 11062 11207 11205
3 11056 11063 11204
3 11056 11204 11050
3 11202 11187 11189
3 11202 11189 11197
3 11199 11196 11215
3 11199 11215 11213
3 11216 11212 11199
3 11216 11199 11213
3 11214 11213 11215
3 11214 11215 11351
3 11214 11217 11216
3 11214 11216 11213
3 11218 11216 11217
3 11218 11217 11220
3 11216 11218 11044
3 11216 11044 11212
3 11042 11044 11218
3 11042 11218 11219
3 11218 11220 11221
3 11218 11221 11219
3 11222 11223 11221
3 11222 11221 11220
3 11217 11224 11222
3 11217 11222 11220
3 11223 11222 11225
3 11223 11225 11226
3 11228 11225 11222
3 11228 11222 11224
3 11225 11227 10102
3 11225 10102 11226
3 11225 11228 11230
3 11225 11230 11227
3 11354 11229 11228
3 11354 11228 11224
3 11231 11230 11228
3 11231 11228 11229
3 11230 11231 11233
3 11230 11233 11232
3 11230 11232 10106
3 11230 10106 11227
3 11233 11235 10110
3 11233 10110 11232
3 11234 11233 11231
3 11234 11231 11355
3 11233 11234 11236
3 11233 11236 11235
3 11237 10112 10110
3 11237 10110 11235
3 11236 11238 11237
3 11236 11237 11235
3 10115 10112 11237
3 10115 11237 11239
3 11240 11239 11237
3 11240 11237 11238
3 10137 10133 11239
3 10137 11239 11240
3 10133 10117 10115
3 10133 10115 11239
3 11241 10142 11240
3 11241 11240 11238
3 11236 11242 11241
3 11236 11241 11238
3 10146 11241 11242
3 10146 11242 11243
3 11246 11243 11242
3 11246 11242 11244
3 11242 11236 11234
3 11242 11234 11244
3 11245 11244 11234
3 11245 11234 11355
3 11245 11247 11246
3 11245 11246 11244
3 11248 11246 11247
3 11248 11247 11251
3 11246 11248 11250
3 11246 11250 11243
3 11277 11250 11248
3 11277 11248 11249
3 11248 11251 11252
3 11248 11252 11249
3 11253 11254 11252
3 11253 11252 11251
3 11247 11255 11253
3 11247 11253 11251
3 11254 11253 11256
3 11254 11256 11259
3 11257 11256 11253
3 11257 11253 11255
3 11256 11257 11348
3 11256 11348 11258
3 11259 11256 11258
3 11259 11258 11260
3 11262 11261 11259
3 11262 11259 11260
3 11264 11254 11259
3 11264 11259 11261
3 11262 11358 11263
3 11262 11263 11261
3 11263 11265 11264
3 11263 11264 11261
3 11266 11252 11254
3 11266 11254 11264
3 11268 11266 11264
3 11268 11264 11265
3 11252 11266 11267
3 11252 11267 11249
3 11270 11267 11266
3 11270 11266 11268
3 11361 11269 11268
3 11361 11268 11265
3 11271 11270 11268
3 11271 11268 11269
3 11267 11270 11272
3 11267 11272 11275
3 11274 11272 11270
3 11274 11270 11271
3 11272 11274 11278
3 11272 11278 11273
3 11276 11275 11272
3 11276 11272 11273
3 11276 10150 11277
3 11276 11277 11275
3 11277 11249 11267
3 11277 11267 11275
3 11250 11277 10150
3 11250 10150 10148
3 11294 10151 11276
3 11294 11276 11273
3 11280 11278 11274
3 11280 11274 11279
3 11279 11274 11271
3 11279 11271 11281
3 11285 11280 11279
3 11285 11279 11282
3 11283 11282 11279
3 11283 11279 11281
3 11283 11367 11284
3 11283 11284 11282
3 11284 11286 11285
3 11284 11285 11282
3 11286 11288 11287
3 11286 11287 11285
3 11287 11290 11280
3 11287 11280 11285
3 11289 11287 11288
3 11289 11288 11308
3 11290 11287 11289
3 11290 11289 11291
3 11293 11292 11290
3 11293 11290 11291
3 11278 11280 11290
3 11278 11290 11292
3 11293 11295 11294
3 11293 11294 11292
3 11294 11273 11278
3 11294 11278 11292
3 10151 11294 11295
3 10151 11295 10153
3 11293 11298 11296
3 11293 11296 11295
3 11295 11296 10156
3 11295 10156 10153
3 11297 11296 11298
3 11297 11298 11300
3 11296 11297 10158
3 11296 10158 10156
3 11298 11299 11301
3 11298 11301 11300
3 11299 11298 11293
3 11299 11293 11291
3 11301 11302 11297
3 11301 11297 11300
3 11302 11301 11303
3 11302 11303 11305
3 11303 11301 11299
3 11303 11299 11306
3 11307 11304 11303
3 11307 11303 11306
3 11303 11304 10174
3 11303 10174 11305
3 11299 11291 11289
3 11299 11289 11306
3 11307 11306 11289
3 11307 11289 11308
3 11311 11309 11307
3 11311 11307 11308
3 11304 11307 11309
3 11304 11309 10178
3 11309 11310 10180
3 11309 10180 10178
3 11309 11311 11313
3 11309 11313 11310
3 11314 11313 11311
3 11314 11311 11312
3 11311 11308 11288
3 11311 11288 11312
3 11313 11314 11316
3 11313 11316 11315
3 11313 11315 11317
3 11313 11317 11310
3 11316 11319 11318
3 11316 11318 11315
3 11318 11321 11317
3 11318 11317 11315
3 11366 11320 11318
3 11366 11318 11319
3 11321 11318 11320
3 11321 11320 11322
3 10183 11317 11321
3 10183 11321 10186
3 11321 11322 11323
3 11321 11323 10186
3 11320 11325 11324
3 11320 11324 11322
3 11324 11326 11323
3 11324 11323 11322
3 11327 11324 11325
3 11327 11325 11328
3 11324 11327 11330
3 11324 11330 11326
3 11362 11329 11327
3 11362 11327 11328
3 11331 11330 11327
3 11331 11327 11329
3 11334 11332 11330
3 11334 11330 11331
3 11335 11326 11330
3 11335 11330 11332
3 11334 11338 11333
3 11334 11333 11332
3 11333 11336 11335
3 11333 11335 11332
3 10185 11323 11326
3 10185 11326 11335
3 11336 10188 10185
3 11336 10185 11335
3 11175 10191 10188
3 11175 10188 11336
3 11185 11178 11175
3 11185 11175 11336
3 11333 11375 11185
3 11333 11185 11336
3 11359 11337 11334
3 11359 11334 11331
3 11338 11334 11337
3 11338 11337 11340
3 11375 11333 11338
3 11375 11338 11339
3 11338 11340 11342
3 11338 11342 11339
3 11337 11357 11341
3 11337 11341 11340
3 11341 11344 11342
3 11341 11342 11340
3 11342 11343 11191
3 11342 11191 11339
3 11345 11343 11342
3 11345 11342 11344
3 11260 11258 11345
3 11260 11345 11344
3 11341 11262 11260
3 11341 11260 11344
3 11348 11346 11345
3 11348 11345 11258
3 11192 11343 11345
3 11192 11345 11346
3 11347 11194 11192
3 11347 11192 11346
3 11348 11349 11347
3 11348 11347 11346
3 11349 11348 11257
3 11349 11257 11350
3 11352 11351 11349
3 11352 11349 11350
3 11215 11347 11349
3 11215 11349 11351
3 11352 11354 11214
3 11352 11214 11351
3 11356 11353 11352
3 11356 11352 11350
3 11354 11352 11353
3 11354 11353 11229
3 11217 11214 11354
3 11217 11354 11224
3 11353 11355 11231
3 11353 11231 11229
3 11353 11356 11245
3 11353 11245 11355
3 11247 11245 11356
3 11247 11356 11255
3 11356 11350 11257
3 11356 11257 11255
3 11347 11215 11196
3 11347 11196 11194
3 11358 11262 11341
3 11358 11341 11357
3 11337 11359 11358
3 11337 11358 11357
3 11358 11359 11360
3 11358 11360 11263
3 11360 11359 11331
3 11360 11331 11329
3 11362 11361 11360
3 11362 11360 11329
3 11360 11361 11265
3 11360 11265 11263
3 11361 11362 11363
3 11361 11363 11269
3 11364 11363 11362
3 11364 11362 11328
3 11363 11364 11283
3 11363 11283 11281
3 11363 11281 11271
3 11363 11271 11269
3 11367 11283 11364
3 11367 11364 11365
3 11364 11328 11325
3 11364 11325 11365
3 11367 11365 11366
3 11367 11366 11368
3 11325 11320 11366
3 11325 11366 11365
3 11369 11284 11367
3 11369 11367 11368
3 11370 11372 11369
3 11370 11369 11368
3 11370 11368 11366
3 11370 11366 11319
3 11316 11371 11370
3 11316 11370 11319
3 11373 11372 11370
3 11373 11370 11371
3 11374 11369 11372
3 11374 11372 11373
3 11371 11316 11314
3 11371 11314 11373
3 11314 11312 11374
3 11314 11374 11373
3 11369 11374 11286
3 11369 11286 11284
3 11288 11286 11374
3 11288 11374 11312
3 11375 11339 11191
3 11375 11191 11184
3 11317 10183 10180
3 11317 10180 11310
3 11302 11305 10173
3 11302 10173 11376
3 11297 11302 11376
3 11297 11376 10158
3 10173 10166 10159
3 10173 10159 11376
3 11250 10148 10146
3 11250 10146 11243
3 11223 11226 10097
3 11223 10097 10095
3 10093 11221 11223
3 10093 11223 10095
3 11221 10093 10091
3 11221 10091 11219
3 11042 11219 10091
3 11042 10091 10089
3 10193 10190 11171
3 10193 11171 10197
3 11377 11164 11162
3 11377 11162 11378
3 10207 11377 11378
3 10207 11378 10215
3 11378 11379 11380
3 11378 11380 10215
3 11162 11381 11379
3 11162 11379 11378
3 11380 11379 11382
3 11380 11382 11384
3 11379 11381 11385
3 11379 11385 11382
3 11382 11383 11417
3 11382 11417 11384
3 11385 11386 11383
3 11385 11383 11382
3 11387 11385 11381
3 11387 11381 11159
3 11385 11387 11388
3 11385 11388 11386
3 11390 11388 11387
3 11390 11387 11156
3 11388 11389 11421
3 11388 11421 11386
3 11388 11390 11391
3 11388 11391 11389
3 11390 11152 11150
3 11390 11150 11391
3 11391 11392 11393
3 11391 11393 11389
3 11150 11395 11392
3 11150 11392 11391
3 11393 11392 11394
3 11393 11394 11405
3 11392 11395 11396
3 11392 11396 11394
3 11395 11147 11398
3 11395 11398 11396
3 11396 11397 11401
3 11396 11401 11394
3 11398 11399 11397
3 11398 11397 11396
3 11144 11400 11399
3 11144 11399 11398
3 11397 11399 10246
3 11397 10246 10244
3 11399 11400 10248
3 11399 10248 10246
3 11400 11141 10251
3 11400 10251 10248
3 11403 11401 11397
3 11403 11397 10244
3 11394 11401 11402
3 11394 11402 11405
3 11403 11404 11402
3 11403 11402 11401
3 11404 11403 10239
3 11404 10239 10237
3 11404 10236 11406
3 11404 11406 11402
3 11405 11402 11406
3 11405 11406 11408
3 10236 10233 11407
3 10236 11407 11406
3 11408 11406 11407
3 11408 11407 11410
3 11411 11409 11408
3 11411 11408 11410
3 11409 11393 11405
3 11409 11405 11408
3 11413 11411 11410
3 11413 11410 11412
3 11412 11410 11407
3 11412 11407 11415
3 11414 11416 11413
3 11414 11413 11412
3 10223 11414 11412
3 10223 11412 11415
3 11415 11407 10233
3 11415 10233 10227
3 11418 11416 11414
3 11418 11414 10219
3 11413 11416 11417
3 11413 11417 11419
3 11384 11417 11416
3 11384 11416 11418
3 10214 11380 11384
3 10214 11384 11418
3 11417 11383 11420
3 11417 11420 11419
3 11420 11411 11413
3 11420 11413 11419
3 11411 11420 11421
3 11411 11421 11409
3 11421 11420 11383
3 11421 11383 11386
3 11393 11409 11421
3 11393 11421 11389
3 11154 11095 11422
3 11154 11422 11120
3 11138 10425 10422
3 11138 10422 10258
3 11423 11093 11091
3 11423 11091 11424
3 11426 10863 11423
3 11426 11423 11424
3 11425 11424 11091
3 11425 11091 11428
3 11425 11427 11426
3 11425 11426 11424
3 10868 11426 11427
3 10868 11427 10875
3 11427 10885 10877
3 11427 10877 10875
3 11427 11425 11429
3 11427 11429 10885
3 11430 11429 11425
3 11430 11425 11428
3 11429 11430 11431
3 11429 11431 10886
3 11081 11431 11430
3 11081 11430 11083
3 11430 11428 11086
3 11430 11086 11083
3 11431 11081 11069
3 11431 11069 11432
3 11431 11432 10888
3 11431 10888 10886
3 11065 10891 10888
3 11065 10888 11432
3 11055 11434 11433
3 11055 11433 11058
3 11433 10895 10893
3 11433 10893 11058
3 11435 11433 11434
3 11435 11434 11028
3 11433 11435 10898
3 11433 10898 10895
3 11436 10898 11435
3 11436 11435 11025
3 11434 11055 11053
3 11434 11053 11032
3 10085 10081 10079
3 10085 10079 11034
3 10903 10897 11436
3 10903 11436 11022
3 11020 11018 11437
3 11020 11437 10907
3 11439 11437 11018
3 11439 11018 11014
3 11437 11438 10909
3 11437 10909 10907
3 11437 11439 11440
3 11437 11440 11438
3 11441 11440 11439
3 11441 11439 11010
3 11440 10979 10976
3 11440 10976 11438
3 11440 11441 10981
3 11440 10981 10979
3 11442 10981 11441
3 11442 11441 11006
3 10976 10912 10909
3 10976 10909 11438
3 10053 10046 10044
3 10053 10044 11008
3 11443 10982 11442
3 11443 11442 11003
3 10982 11443 11444
3 10982 11444 10984
3 11445 11444 11443
3 11445 11443 11000
3 11444 11445 10991
3 11444 10991 10987
3 10993 10991 11445
3 10993 11445 10997
3 10881 10901 10914
3 10881 10914 10878
3 11446 10478 10476
3 11446 10476 10832
3 10478 11446 11447
3 10478 11447 10481
3 11449 11447 11446
3 11449 11446 10827
3 11447 11448 11475
3 11447 11475 10481
3 11447 11449 11450
3 11447 11450 11448
3 11451 11450 11449
3 11451 11449 10828
3 11450 11451 11453
3 11450 11453 11452
3 11450 11452 11455
3 11450 11455 11448
3 11453 11470 11454
3 11453 11454 11452
3 11455 11452 11454
3 11455 11454 11457
3 11475 11448 11455
3 11475 11455 11456
3 11459 11456 11455
3 11459 11455 11457
3 11458 11457 11454
3 11458 11454 11466
3 11458 10584 11459
3 11458 11459 11457
3 11460 11459 10584
3 11460 10584 10581
3 11459 11460 11462
3 11459 11462 11456
3 11463 11462 11460
3 11463 11460 11461
3 11460 10581 10578
3 11460 10578 11461
3 11462 11463 10483
3 11462 10483 10480
3 11462 10480 11475
3 11462 11475 11456
3 10486 10483 11463
3 10486 11463 11464
3 11463 11461 11465
3 11463 11465 11464
3 11465 10572 10497
3 11465 10497 11464
3 10486 11464 10497
3 10486 10497 10495
3 10578 10571 11465
3 10578 11465 11461
3 10592 10585 11458
3 10592 11458 11466
3 10592 11466 11467
3 10592 11467 11468
3 11454 11470 11467
3 11454 11467 11466
3 11467 11469 10803
3 11467 10803 11468
3 11471 11469 11467
3 11471 11467 11470
3 11453 11472 11471
3 11453 11471 11470
3 10809 11471 11472
3 10809 11472 11473
3 11471 10809 10802
3 11471 10802 11469
3 11472 11453 11451
3 11472 11451 11474
3 10821 11473 11472
3 10821 11472 11474
3 10820 11474 11451
3 10820 11451 10828
3 10821 10814 10808
3 10821 10808 11473
3 10591 11468 10803
3 10591 10803 10800
3 9807 11476 10811
3 9807 10811 9809
3 11476 9789 9786
3 11476 9786 10806
3 11476 9807 9791
3 11476 9791 9789
3 10553 10537 11478
3 10553 11478 11477
3 10515 11477 11478
3 10515 11478 11479
3 10515 10512 10552
3 10515 10552 11477
3 11478 10529 10523
3 11478 10523 11479
3 10422 10420 10260
3 10422 10260 10258
3 10406 10262 10260
3 10406 10260 10420
3 10315 11480 10200
3 10315 10200 11481
3 10210 10311 10315
3 10210 10315 11481
3 10168 11480 10314
3 10168 10314 10165
3 10200 11480 10168
3 10200 10168 10198
3 10311 10210 10212
3 10311 10212 10309
3 9799 11482 11483
3 9799 11483 9797
3 9799 9185 11484
3 9799 11484 11482
3 9759 9762 11483
3 9759 11483 11482
3 11484 9757 9759
3 11484 9759 11482
3 11484 9184 9755
3 11484 9755 9757
3 11483 9774 9777
3 11483 9777 9797
3 9774 11483 9762
3 9774 9762 9766
3 11485 9582 9768
3 11485 9768 9765
3 11485 9765 9763
3 11485 9763 11486
3 11487 9586 11485
3 11487 11485 11486
3 9763 9760 9612
3 9763 9612 11486
3 11487 11486 9612
3 11487 9612 9609
3 9586 11487 11488
3 9586 11488 9588
3 9602 11488 11487
3 9602 11487 9609
3 9173 9755 9184
3 9173 9184 9177
3 9559 9572 9584
3 9559 9584 9591
3 9476 9478 9090
3 9476 9090 9083
3 9079 9462 9469
3 9079 9469 9081
3 9403 9401 9368
3 9403 9368 11490
3 9025 9023 11491
3 9025 11491 9389
3 11491 8999 8995
3 11491 8995 9385
3 8999 11491 9023
3 8999 9023 11756
3 8972 11492 9370
3 8972 9370 9377
3 11492 8972 8970
3 11492 8970 9357
3 9338 8958 8956
3 9338 8956 9331
3 9319 9317 9333
3 9319 9333 9324
3 9321 11493 11494
3 9321 11494 9314
3 9321 8927 8925
3 9321 8925 11493
3 11495 11496 11494
3 11495 11494 11493
3 8925 8923 11495
3 8925 11495 11493
3 11496 11495 11497
3 11496 11497 11498
3 8921 11497 11495
3 8921 11495 8923
3 11497 11499 11500
3 11497 11500 11498
3 11497 8921 8919
3 11497 8919 11499
3 11501 11502 11500
3 11501 11500 11499
3 8919 8917 11501
3 8919 11501 11499
3 11502 11501 11503
3 11502 11503 11505
3 8915 11503 11501
3 8915 11501 8917
3 11503 8915 8913
3 11503 8913 11504
3 11507 11505 11503
3 11507 11503 11504
3 11506 11530 11502
3 11506 11502 11505
3 11507 11509 11506
3 11507 11506 11505
3 11509 11507 11508
3 11509 11508 11510
3 11576 11508 11507
3 11576 11507 11504
3 11513 11511 11509
3 11513 11509 11510
3 11512 11506 11509
3 11512 11509 11511
3 11514 11517 11512
3 11514 11512 11511
3 11513 11516 11514
3 11513 11514 11511
3 11515 11514 11516
3 11515 11516 11531
3 11514 11515 11518
3 11514 11518 11517
3 11518 9283 11519
3 11518 11519 11517
3 11519 11520 11512
3 11519 11512 11517
3 11520 11519 11521
3 11520 11521 11522
3 9285 11521 11519
3 9285 11519 9283
3 11521 9285 9287
3 11521 9287 11523
3 11521 11523 11525
3 11521 11525 11522
3 9287 9290 11524
3 9287 11524 11523
3 11524 11526 11525
3 11524 11525 11523
3 11527 11525 11526
3 11527 11526 11529
3 11525 11527 11528
3 11525 11528 11522
3 11500 11528 11527
3 11500 11527 11498
3 11496 11498 11527
3 11496 11527 11529
3 9315 11494 11496
3 9315 11496 11529
3 9315 11529 11526
3 9315 11526 9312
3 11528 11500 11502
3 11528 11502 11530
3 11520 11522 11528
3 11520 11528 11530
3 11506 11512 11520
3 11506 11520 11530
3 11526 11524 9308
3 11526 9308 9312
3 9306 9308 11524
3 9306 11524 9290
3 9282 11518 11515
3 9282 11515 11548
3 11516 11532 11533
3 11516 11533 11531
3 11516 11513 11534
3 11516 11534 11532
3 11535 11536 11533
3 11535 11533 11532
3 11534 11537 11535
3 11534 11535 11532
3 11536 11535 11538
3 11536 11538 11541
3 11539 11538 11535
3 11539 11535 11537
3 11538 11539 11564
3 11538 11564 11540
3 11541 11538 11540
3 11541 11540 11542
3 11545 11536 11541
3 11545 11541 11543
3 11544 11543 11541
3 11544 11541 11542
3 11544 11549 9131
3 11544 9131 11543
3 9131 9133 11545
3 9131 11545 11543
3 9136 11546 11545
3 9136 11545 9133
3 11546 11533 11536
3 11546 11536 11545
3 11533 11546 11547
3 11533 11547 11531
3 9138 11547 11546
3 9138 11546 9136
3 11547 9138 9142
3 11547 9142 11548
3 11515 11531 11547
3 11515 11547 11548
3 9282 11548 9142
3 9282 9142 9280
3 11552 11550 11544
3 11552 11544 11542
3 11549 11544 11550
3 11549 11550 11551
3 11550 11553 11554
3 11550 11554 11551
3 11550 11552 11556
3 11550 11556 11553
3 11555 11735 11554
3 11555 11554 11553
3 11556 11557 11555
3 11556 11555 11553
3 11558 11556 11552
3 11558 11552 11561
3 11556 11558 11559
3 11556 11559 11557
3 11586 11559 11558
3 11586 11558 11560
3 11558 11561 11562
3 11558 11562 11560
3 11540 11564 11562
3 11540 11562 11561
3 11552 11542 11540
3 11552 11540 11561
3 11562 11563 11583
3 11562 11583 11560
3 11564 11565 11563
3 11564 11563 11562
3 11565 11564 11539
3 11565 11539 11566
3 11570 11567 11565
3 11570 11565 11566
3 11569 11563 11565
3 11569 11565 11567
3 11570 11572 11568
3 11570 11568 11567
3 11568 11579 11569
3 11568 11569 11567
3 11578 11571 11570
3 11578 11570 11566
3 11572 11570 11571
3 11572 11571 11573
3 8903 11568 11572
3 8903 11572 8905
3 11572 11573 8907
3 11572 8907 8905
3 11571 11575 11574
3 11571 11574 11573
3 11574 8909 8907
3 11574 8907 11573
3 8909 11574 11576
3 8909 11576 8911
3 11508 11576 11574
3 11508 11574 11575
3 11576 11504 8913
3 11576 8913 8911
3 11577 11510 11508
3 11577 11508 11575
3 11571 11578 11577
3 11571 11577 11575
3 11577 11534 11513
3 11577 11513 11510
3 11534 11577 11578
3 11534 11578 11537
3 11578 11566 11539
3 11578 11539 11537
3 11563 11569 11580
3 11563 11580 11583
3 11581 11580 11569
3 11581 11569 11579
3 11580 11581 11744
3 11580 11744 11582
3 11583 11580 11582
3 11583 11582 11584
3 11586 11560 11583
3 11586 11583 11584
3 11585 11584 11582
3 11585 11582 11745
3 11585 11587 11586
3 11585 11586 11584
3 11559 11586 11587
3 11559 11587 11588
3 11587 11589 11590
3 11587 11590 11588
3 11587 11585 11591
3 11587 11591 11589
3 11592 11593 11590
3 11592 11590 11589
3 11591 11594 11592
3 11591 11592 11589
3 11593 11592 11595
3 11593 11595 11597
3 11598 11595 11592
3 11598 11592 11594
3 11595 11596 11621
3 11595 11621 11597
3 11595 11598 11600
3 11595 11600 11596
3 11740 11599 11598
3 11740 11598 11594
3 11602 11600 11598
3 11602 11598 11599
3 11600 11601 11618
3 11600 11618 11596
3 11600 11602 11604
3 11600 11604 11601
3 11738 11603 11602
3 11738 11602 11599
3 11606 11604 11602
3 11606 11602 11603
3 11604 11605 11615
3 11604 11615 11601
3 11604 11606 11607
3 11604 11607 11605
3 8887 8885 11606
3 8887 11606 11603
3 8883 11607 11606
3 8883 11606 8885
3 11607 8883 8881
3 11607 8881 11608
3 11607 11608 11610
3 11607 11610 11605
3 8881 8879 11609
3 8881 11609 11608
3 11610 11608 11609
3 11610 11609 11611
3 11613 11612 11610
3 11613 11610 11611
3 11615 11605 11610
3 11615 11610 11612
3 11613 11718 11614
3 11613 11614 11612
3 11614 11616 11615
3 11614 11615 11612
3 11618 11601 11615
3 11618 11615 11616
3 11617 11619 11618
3 11617 11618 11616
3 11614 11730 11617
3 11614 11617 11616
3 11621 11596 11618
3 11621 11618 11619
3 11617 11729 11620
3 11617 11620 11619
3 11620 11622 11621
3 11620 11621 11619
3 11623 11597 11621
3 11623 11621 11622
3 11624 11627 11623
3 11624 11623 11622
3 11620 11626 11624
3 11620 11624 11622
3 11625 11624 11626
3 11625 11626 11660
3 11624 11625 11628
3 11624 11628 11627
3 11628 11631 11629
3 11628 11629 11627
3 11629 11630 11623
3 11629 11623 11627
3 11633 11630 11629
3 11633 11629 11632
3 11635 11632 11629
3 11635 11629 11631
3 11634 11737 11633
3 11634 11633 11632
3 11634 11632 11635
3 11634 11635 11636
3 11638 11636 11635
3 11638 11635 11637
3 11639 11637 11635
3 11639 11635 11631
3 11640 9110 11638
3 11640 11638 11637
3 11639 11641 11640
3 11639 11640 11637
3 9106 11640 11641
3 9106 11641 11642
3 11641 11643 11644
3 11641 11644 11642
3 11641 11639 11645
3 11641 11645 11643
3 11646 11647 11644
3 11646 11644 11643
3 11645 11648 11646
3 11645 11646 11643
3 11647 11646 11649
3 11647 11649 11651
3 11650 11649 11646
3 11650 11646 11648
3 11649 11650 11655
3 11649 11655 11652
3 11654 11651 11649
3 11654 11649 11652
3 11654 11652 11653
3 11654 11653 11678
3 11653 11652 11655
3 11653 11655 11656
3 11657 11655 11650
3 11657 11650 11660
3 11655 11657 11659
3 11655 11659 11656
3 11626 11658 11657
3 11626 11657 11660
3 11661 11659 11657
3 11661 11657 11658
3 11625 11660 11650
3 11625 11650 11648
3 11659 11661 11663
3 11659 11663 11662
3 11664 11656 11659
3 11664 11659 11662
3 11665 11662 11663
3 11665 11663 11667
3 11664 11662 11665
3 11664 11665 11666
3 11665 11668 11671
3 11665 11671 11666
3 11665 11667 11669
3 11665 11669 11668
3 11669 11726 11670
3 11669 11670 11668
3 11670 11672 11671
3 11670 11671 11668
3 11673 11671 11672
3 11673 11672 11674
3 11671 11673 11675
3 11671 11675 11666
3 9054 9058 11673
3 9054 11673 11674
3 9060 11675 11673
3 9060 11673 9058
3 11675 9060 11677
3 11675 11677 11676
3 11664 11666 11675
3 11664 11675 11676
3 11653 11676 11677
3 11653 11677 11678
3 11653 11656 11664
3 11653 11664 11676
3 11677 9061 11679
3 11677 11679 11678
3 11654 11678 11679
3 11654 11679 11680
3 9070 11679 9061
3 9070 9061 9063
3 11679 9070 11681
3 11679 11681 11680
3 11682 11680 11681
3 11682 11681 11683
3 11682 11651 11654
3 11682 11654 11680
3 9098 11684 11682
3 9098 11682 11683
3 11682 11684 11647
3 11682 11647 11651
3 9099 11644 11647
3 9099 11647 11684
3 9098 11683 11685
3 9098 11685 9095
3 11681 9071 11685
3 11681 11685 11683
3 9086 11685 9071
3 9086 9071 9073
3 11685 9086 9088
3 11685 9088 9095
3 11686 11674 11672
3 11686 11672 11688
3 11686 9051 9054
3 11686 9054 11674
3 9051 11686 11687
3 9051 11687 9045
3 11689 11687 11686
3 11689 11686 11688
3 11689 11688 11690
3 11689 11690 11692
3 11672 11670 11690
3 11672 11690 11688
3 11690 11691 11694
3 11690 11694 11692
3 11691 11690 11670
3 11691 11670 11726
3 11693 11732 11689
3 11693 11689 11692
3 11693 11692 11694
3 11693 11694 11695
3 11694 11696 11697
3 11694 11697 11695
3 11696 11694 11691
3 11696 11691 11698
3 9020 11697 11696
3 9020 11696 11699
3 11700 11699 11696
3 11700 11696 11698
3 11700 11702 11701
3 11700 11701 11699
3 11701 9013 9020
3 11701 9020 11699
3 11701 11702 11704
3 11701 11704 9014
3 11703 11705 11704
3 11703 11704 11702
3 11700 11724 11703
3 11700 11703 11702
3 11706 11704 11705
3 11706 11705 11707
3 11704 11706 9011
3 11704 9011 9014
3 11709 11708 11706
3 11709 11706 11707
3 9009 9011 11706
3 9009 11706 11708
3 11709 8873 8871
3 11709 8871 11708
3 8871 8869 9009
3 8871 9009 11708
3 11712 11710 11709
3 11712 11709 11707
3 8873 11709 11710
3 8873 11710 8875
3 11710 11711 8877
3 11710 8877 8875
3 11710 11712 11714
3 11710 11714 11711
3 11715 11714 11712
3 11715 11712 11713
3 11712 11707 11705
3 11712 11705 11713
3 11714 11715 11613
3 11714 11613 11611
3 11714 11611 11609
3 11714 11609 11711
3 11718 11613 11715
3 11718 11715 11716
3 11715 11713 11717
3 11715 11717 11716
3 11717 11722 11719
3 11717 11719 11716
3 11718 11716 11719
3 11718 11719 11720
3 11719 11721 11727
3 11719 11727 11720
3 11721 11719 11722
3 11721 11722 11723
3 11725 11723 11722
3 11725 11722 11724
3 11722 11717 11703
3 11722 11703 11724
3 11725 11724 11700
3 11725 11700 11698
3 11669 11723 11725
3 11669 11725 11726
3 11725 11698 11691
3 11725 11691 11726
3 11669 11667 11721
3 11669 11721 11723
3 11663 11727 11721
3 11663 11721 11667
3 11727 11663 11661
3 11727 11661 11728
3 11730 11720 11727
3 11730 11727 11728
3 11729 11728 11661
3 11729 11661 11658
3 11729 11617 11730
3 11729 11730 11728
3 11730 11614 11718
3 11730 11718 11720
3 11626 11620 11729
3 11626 11729 11658
3 11705 11703 11717
3 11705 11717 11713
3 11609 8879 8877
3 11609 8877 11711
3 9028 11695 11697
3 9028 11697 9021
3 9028 11731 11693
3 9028 11693 11695
3 11732 11693 11731
3 11732 11731 9037
3 11687 11689 11732
3 11687 11732 9041
3 11645 11628 11625
3 11645 11625 11648
3 11628 11645 11639
3 11628 11639 11631
3 11644 9099 9101
3 11644 9101 11642
3 11735 11636 11638
3 11735 11638 11733
3 9112 11733 11638
3 9112 11638 9110
3 11734 11733 9112
3 11734 9112 9114
3 11734 11554 11735
3 11734 11735 11733
3 11735 11555 11634
3 11735 11634 11636
3 11554 11734 11736
3 11554 11736 11551
3 9127 11736 11734
3 9127 11734 9114
3 11549 11551 11736
3 11549 11736 9126
3 11737 11634 11555
3 11737 11555 11557
3 11559 11588 11737
3 11559 11737 11557
3 11590 11633 11737
3 11590 11737 11588
3 11633 11590 11593
3 11633 11593 11630
3 11593 11597 11623
3 11593 11623 11630
3 11738 8889 8887
3 11738 8887 11603
3 11740 11739 11738
3 11740 11738 11599
3 8889 11738 11739
3 8889 11739 8891
3 11739 11740 11742
3 11739 11742 11741
3 11739 11741 8893
3 11739 8893 8891
3 11742 11745 11743
3 11742 11743 11741
3 11743 8895 8893
3 11743 8893 11741
3 11582 11744 11743
3 11582 11743 11745
3 11744 8897 8895
3 11744 8895 11743
3 11742 11591 11585
3 11742 11585 11745
3 8897 11744 11581
3 8897 11581 8899
3 11591 11742 11740
3 11591 11740 11594
3 8901 8899 11581
3 8901 11581 11579
3 11568 8903 8901
3 11568 8901 11579
3 11746 9252 9250
3 11746 9250 9298
3 9296 11747 11746
3 9296 11746 9298
3 11746 9262 9255
3 11746 9255 9252
3 9262 11746 11747
3 9262 11747 9265
3 11747 9296 11748
3 11747 11748 9270
3 11748 9295 9277
3 11748 9277 9273
3 9279 9277 9295
3 9279 9295 9288
3 11749 9264 9268
3 11749 9268 9163
3 11750 9261 9264
3 11750 9264 11749
3 9174 11750 11749
3 9174 11749 9167
3 9261 11750 11751
3 9261 11751 9259
3 9176 11751 11750
3 9176 11750 9174
3 11751 9176 9180
3 11751 9180 11752
3 9257 9259 11751
3 9257 11751 11752
3 9208 11752 9180
3 9208 9180 11754
3 9208 9210 9257
3 9208 9257 11752
3 9248 9254 9213
3 9248 9213 11753
3 9222 9240 9242
3 9222 9242 11753
3 9213 9215 9222
3 9213 9222 11753
3 9204 11754 9179
3 9204 9179 11755
3 9179 9182 9190
3 9179 9190 11755
3 9018 9016 8998
3 9018 8998 11756
3 8857 11757 9001
3 8857 9001 8859
3 11757 8857 8855
3 11757 8855 11758
3 8992 8996 11757
3 8992 11757 11758
3 11759 11758 8855
3 11759 8855 8853
3 11759 8990 8992
3 11759 8992 11758
3 8990 11759 11760
3 8990 11760 8987
3 8851 11760 11759
3 8851 11759 8853
3 11760 8851 8849
3 11760 8849 11761
3 8983 8987 11760
3 8983 11760 11761
3 11762 11761 8849
3 11762 8849 8847
3 11762 8981 8983
3 11762 8983 11761
3 8981 11762 11763
3 8981 11763 8979
3 8845 11763 11762
3 8845 11762 8847
3 11763 8845 8843
3 11763 8843 11764
3 11766 8979 11763
3 11766 11763 11764
3 11765 11764 8843
3 11765 8843 8841
3 11765 11767 11766
3 11765 11766 11764
3 8975 11766 11767
3 8975 11767 11768
3 11767 11769 11771
3 11767 11771 11768
3 11767 11765 11770
3 11767 11770 11769
3 11770 8947 8949
3 11770 8949 11769
3 8949 8952 11771
3 8949 11771 11769
3 8952 8963 8966
3 8952 8966 11771
3 11771 8966 8969
3 11771 8969 11768
3 8839 11770 11765
3 8839 11765 8841
3 11770 8839 8837
3 11770 8837 8947
3 460 456 398
3 460 398 395
3 11773 353 356
3 11773 356 11772
3 11773 11772 227
3 11773 227 11774
3 351 353 11773
3 351 11773 11775
3 11773 11774 11776
3 11773 11776 11775
3 11778 11777 11775
3 11778 11775 11776
3 351 11775 11777
3 351 11777 11780
3 11778 11801 11779
3 11778 11779 11777
3 11779 11781 11780
3 11779 11780 11777
3 347 11780 11781
3 347 11781 11783
3 11779 11800 11782
3 11779 11782 11781
3 11782 11784 11783
3 11782 11783 11781
3 343 11783 11784
3 343 11784 11786
3 11782 260 11785
3 11782 11785 11784
3 11785 11787 11786
3 11785 11786 11784
3 339 11786 11787
3 339 11787 11788
3 11785 261 267
3 11785 267 11787
3 267 11789 11788
3 267 11788 11787
3 338 11788 11789
3 338 11789 11790
3 268 11791 11790
3 268 11790 11789
3 329 331 338
3 329 338 11790
3 329 11790 11791
3 329 11791 11793
3 268 270 11792
3 268 11792 11791
3 11792 11794 11793
3 11792 11793 11791
3 325 11793 11794
3 325 11794 11795
3 11792 275 281
3 11792 281 11794
3 281 11796 11795
3 281 11795 11794
3 324 11795 11796
3 324 11796 11797
3 282 11798 11797
3 282 11797 11796
3 315 11797 11798
3 315 11798 11799
3 315 317 324
3 315 324 11797
3 282 284 297
3 282 297 11798
3 297 299 11799
3 297 11799 11798
3 310 11799 299
3 310 299 301
3 11782 11800 254
3 11782 254 260
3 11779 11801 250
3 11779 250 11800
3 11778 241 244
3 11778 244 11801
3 239 241 11778
3 239 11778 11776
3 239 11776 11774
3 239 11774 232
3 186 177 170
3 186 170 167
