ply
format ascii 1.0
element vertex 4531
property float x
property float y
property float z
element face 8936
property list uchar int vertex_index
end_header
1.018722 3.383392 -0.136136
1.014323 3.384642 -0.139776
1.018581 3.393312 -0.135774
1.023349 3.382123 -0.132418
1.017805 3.375331 -0.136403
1.022387 3.373801 -0.132668
1.013400 3.376826 -0.140066
1.009191 3.378224 -0.143708
1.010052 3.385958 -0.143472
1.005425 3.379564 -0.147605
1.006594 3.387091 -0.147340
1.002739 3.380672 -0.151707
1.003906 3.388046 -0.151416
1.001134 3.381472 -0.155972
1.002391 3.388779 -0.155689
1.001032 3.381873 -0.160266
1.002201 3.389229 -0.159938
1.001861 3.382005 -0.164349
1.003039 3.389456 -0.163970
1.003530 3.381913 -0.168185
1.004604 3.389557 -0.167847
1.005568 3.381886 -0.171904
1.006532 3.389751 -0.171436
1.008137 3.382035 -0.175331
1.008946 3.389980 -0.174896
1.010598 3.382298 -0.178773
1.011488 3.390300 -0.178366
1.013013 3.382638 -0.182247
1.013993 3.390747 -0.181868
1.015429 3.383158 -0.185805
1.016470 3.391264 -0.185376
1.017903 3.383972 -0.189878
1.019140 3.391912 -0.188995
1.017937 3.383660 -0.190178
1.020627 3.384738 -0.194382
1.020460 3.384187 -0.194503
1.023516 3.384753 -0.199099
1.023959 3.386000 -0.198760
1.027214 3.385246 -0.203774
1.028025 3.387424 -0.203148
1.031764 3.385580 -0.208139
1.033028 3.388866 -0.207153
1.037029 3.385682 -0.212003
1.038842 3.390321 -0.210587
1.042788 3.385530 -0.214938
1.045093 3.391380 -0.213297
1.048705 3.385157 -0.217038
1.051324 3.391933 -0.215369
1.054505 3.384494 -0.218467
1.057491 3.392064 -0.216716
1.060265 3.383933 -0.219010
1.063373 3.391770 -0.217344
1.065856 3.383176 -0.219230
1.069232 3.391118 -0.217630
1.071355 3.382022 -0.218948
1.074841 3.390172 -0.217400
1.076711 3.380483 -0.217801
1.080425 3.388953 -0.216447
1.081947 3.378500 -0.215445
1.085904 3.387228 -0.214225
1.086863 3.376172 -0.212010
1.091033 3.385015 -0.210761
1.091107 3.373579 -0.207534
1.095717 3.382406 -0.206333
1.094618 3.370758 -0.202087
1.099396 3.379411 -0.200819
1.097445 3.367742 -0.196063
1.102326 3.376231 -0.194618
1.099898 3.364663 -0.189895
1.104982 3.373103 -0.188328
1.102337 3.361692 -0.183605
1.107588 3.369985 -0.181949
1.105638 3.358743 -0.176373
1.110835 3.367289 -0.174995
1.110124 3.356493 -0.168633
1.115319 3.365206 -0.167263
1.115173 3.355139 -0.160953
1.119956 3.363884 -0.159781
1.120420 3.354795 -0.153246
1.124654 3.363499 -0.152280
1.125113 3.354984 -0.145692
1.129156 3.363792 -0.144768
1.128811 3.355391 -0.138225
1.132795 3.364213 -0.137370
1.131480 3.355733 -0.131218
1.135323 3.364578 -0.130430
1.132717 3.356022 -0.124551
1.136636 3.364944 -0.123684
1.132689 3.356375 -0.118194
1.136537 3.365400 -0.117371
1.131523 3.356885 -0.112392
1.135286 3.366035 -0.111592
1.129205 3.357537 -0.107259
1.132944 3.366822 -0.106521
1.125727 3.358361 -0.102995
1.129497 3.367807 -0.102315
1.121453 3.359295 -0.099429
1.125224 3.368918 -0.098779
1.116320 3.360335 -0.096529
1.120106 3.370058 -0.095944
1.110393 3.361501 -0.094239
1.114179 3.371253 -0.093718
1.103844 3.362755 -0.092576
1.107575 3.372506 -0.092128
1.096691 3.364027 -0.091662
1.100287 3.373767 -0.091396
1.088982 3.365235 -0.091727
1.092487 3.374975 -0.091455
1.080867 3.366318 -0.092804
1.084141 3.376043 -0.092653
1.072504 3.367203 -0.095017
1.075514 3.376895 -0.094962
1.064184 3.367876 -0.098381
1.066925 3.377498 -0.098388
1.056236 3.368329 -0.102846
1.058734 3.377829 -0.102909
1.048984 3.368661 -0.108060
1.051194 3.378044 -0.108053
1.042717 3.369187 -0.113602
1.044557 3.378347 -0.113526
1.037050 3.370053 -0.119242
1.038588 3.378947 -0.119082
1.031720 3.371158 -0.124536
1.033025 3.379768 -0.124198
1.026921 3.372404 -0.128836
1.028039 3.380862 -0.128543
1.028530 3.391159 -0.128133
1.023447 3.392202 -0.132036
1.029788 3.400654 -0.128927
1.033955 3.390256 -0.123742
1.039920 3.389552 -0.118716
1.035539 3.399769 -0.124694
1.041775 3.399139 -0.119872
1.037076 3.408983 -0.126050
1.031138 3.409765 -0.130160
1.038347 3.418249 -0.127525
1.043389 3.408423 -0.121375
1.049999 3.408112 -0.116344
1.044666 3.417720 -0.122983
1.051233 3.417483 -0.118046
1.045689 3.427125 -0.124633
1.039394 3.427602 -0.129077
1.046552 3.436644 -0.126282
1.052224 3.426921 -0.119809
1.059273 3.426996 -0.114922
1.053022 3.436416 -0.121576
1.060065 3.436515 -0.116871
1.053832 3.446044 -0.123386
1.047358 3.446266 -0.127949
1.054696 3.455814 -0.125314
1.060855 3.446125 -0.118926
1.069060 3.446507 -0.114930
1.061705 3.455887 -0.121092
1.069905 3.456303 -0.117447
1.062666 3.465770 -0.123477
1.055539 3.465695 -0.127364
1.063730 3.475774 -0.125972
1.070818 3.466182 -0.120160
1.079908 3.466709 -0.117615
1.071794 3.476175 -0.122931
1.080716 3.476747 -0.120584
1.072797 3.486306 -0.125695
1.064777 3.485934 -0.128413
1.081498 3.486918 -0.123516
1.073620 3.496656 -0.128216
1.065704 3.496290 -0.130717
1.082216 3.497272 -0.126189
1.074298 3.507154 -0.130723
1.066516 3.506817 -0.133030
1.082819 3.507778 -0.128851
1.074701 3.517763 -0.132908
1.083176 3.518377 -0.131274
1.075065 3.528507 -0.134865
1.067170 3.517491 -0.134991
1.060159 3.517494 -0.137410
1.067650 3.528270 -0.136728
1.068064 3.539181 -0.138322
1.060562 3.528202 -0.138848
1.053686 3.528276 -0.141269
1.060914 3.539083 -0.140351
1.061258 3.549982 -0.141622
1.054084 3.539111 -0.142654
1.047745 3.539219 -0.145088
1.054451 3.549959 -0.143849
1.055054 3.561097 -0.145068
1.048313 3.550074 -0.146287
1.042431 3.550239 -0.148690
1.048958 3.561152 -0.147215
1.043106 3.561290 -0.149593
1.049725 3.572574 -0.148204
1.055721 3.572519 -0.146081
1.050535 3.584348 -0.149221
1.043926 3.572688 -0.150535
1.044834 3.584419 -0.151523
1.038751 3.572877 -0.153458
1.037895 3.561555 -0.152542
1.039688 3.584618 -0.154427
1.034054 3.573155 -0.156653
1.033176 3.561878 -0.155775
1.034992 3.584893 -0.157563
1.029789 3.573539 -0.160069
1.028745 3.562229 -0.159087
1.030856 3.585239 -0.160970
1.026250 3.573978 -0.163644
1.025172 3.562639 -0.162629
1.027258 3.585663 -0.164578
1.023073 3.574466 -0.167261
1.022153 3.563151 -0.166206
1.024072 3.586120 -0.168264
1.020772 3.574977 -0.171043
1.019967 3.563665 -0.169925
1.021770 3.586626 -0.172156
1.019310 3.575461 -0.174817
1.018377 3.564163 -0.173576
1.020368 3.587142 -0.176073
1.018374 3.575951 -0.178635
1.017582 3.564660 -0.177322
1.019435 3.587640 -0.179994
1.018295 3.576471 -0.182469
1.017302 3.565163 -0.181070
1.019485 3.588054 -0.183831
1.019116 3.576958 -0.186280
1.018010 3.565621 -0.184786
1.020394 3.588551 -0.187700
1.020731 3.577452 -0.189982
1.019555 3.566045 -0.188408
1.022012 3.589023 -0.191443
1.023250 3.577895 -0.193455
1.022105 3.566498 -0.191860
1.024618 3.589447 -0.194939
1.026590 3.578375 -0.196795
1.025389 3.566952 -0.195171
1.027985 3.589944 -0.198334
1.030726 3.578953 -0.199982
1.029461 3.567406 -0.198268
1.032084 3.590541 -0.201585
1.035575 3.579543 -0.203023
1.034189 3.567862 -0.201205
1.036992 3.591219 -0.204642
1.041067 3.580055 -0.205822
1.039603 3.568266 -0.203953
1.042453 3.591892 -0.207543
1.047034 3.580465 -0.208399
1.045606 3.568612 -0.206473
1.048383 3.592493 -0.210305
1.053347 3.580740 -0.210847
1.051861 3.568820 -0.208773
1.054746 3.592945 -0.212881
1.059843 3.581000 -0.213115
1.058301 3.568893 -0.211001
1.061128 3.593380 -0.215130
1.066504 3.581133 -0.214954
1.065050 3.568990 -0.212736
1.067778 3.593841 -0.217191
1.073046 3.581347 -0.216673
1.071685 3.569052 -0.214399
1.074355 3.594101 -0.218890
1.079559 3.581443 -0.218085
1.078196 3.568903 -0.215684
1.080906 3.594096 -0.220279
1.085892 3.581151 -0.219095
1.084503 3.568517 -0.216581
1.087036 3.593959 -0.221405
1.091812 3.580448 -0.219661
1.090618 3.567873 -0.217164
1.092852 3.593294 -0.222124
1.097831 3.579568 -0.219896
1.096879 3.567144 -0.217365
1.098672 3.592346 -0.222395
1.103701 3.578745 -0.219864
1.103057 3.566550 -0.217207
1.104399 3.591506 -0.222393
1.109404 3.578092 -0.219482
1.108875 3.566015 -0.216826
1.109994 3.590749 -0.222123
1.114994 3.577562 -0.218840
1.114488 3.565574 -0.216074
1.115434 3.590073 -0.221659
1.120489 3.577087 -0.217819
1.119923 3.565199 -0.215047
1.120944 3.589529 -0.220685
1.125768 3.576695 -0.216493
1.125220 3.564878 -0.213719
1.130740 3.576363 -0.214809
1.126279 3.588978 -0.219275
1.126604 3.601801 -0.222126
1.131199 3.588545 -0.217613
1.131560 3.601299 -0.220478
1.135957 3.588326 -0.215433
1.135483 3.576254 -0.212556
1.136336 3.600950 -0.218344
1.140498 3.588339 -0.212814
1.140040 3.576317 -0.209868
1.140886 3.600812 -0.215737
1.144785 3.588521 -0.209668
1.144320 3.576559 -0.206811
1.145169 3.600919 -0.212558
1.148707 3.588877 -0.206152
1.148247 3.576917 -0.203369
1.149084 3.601240 -0.208982
1.152205 3.589343 -0.202417
1.151858 3.577392 -0.199612
1.152478 3.601677 -0.205195
1.155272 3.589927 -0.198418
1.155074 3.577998 -0.195589
1.155450 3.602207 -0.201177
1.157878 3.590583 -0.194264
1.157714 3.578775 -0.191387
1.157988 3.602842 -0.197026
1.160006 3.591452 -0.189956
1.159931 3.579689 -0.187030
1.159989 3.603602 -0.192721
1.161585 3.592563 -0.185452
1.161417 3.580791 -0.182589
1.161390 3.604595 -0.188257
1.162250 3.593760 -0.181104
1.162170 3.581988 -0.178274
1.161918 3.605715 -0.183873
1.162035 3.594954 -0.176893
1.162104 3.583204 -0.174130
1.161554 3.606854 -0.179620
1.161026 3.596101 -0.172886
1.161387 3.584429 -0.170100
1.160397 3.607960 -0.175570
1.159151 3.597220 -0.169109
1.159555 3.585605 -0.166486
1.158417 3.609036 -0.171734
1.156415 3.598276 -0.165647
1.156857 3.586672 -0.163108
1.155613 3.610059 -0.168161
1.152878 3.599248 -0.162400
1.153430 3.587632 -0.159935
1.152027 3.610996 -0.164811
1.148555 3.600059 -0.159353
1.149166 3.588397 -0.156947
1.147709 3.611795 -0.161661
1.143548 3.600662 -0.156498
1.144221 3.588981 -0.154160
1.142719 3.612419 -0.158707
1.137845 3.601034 -0.153864
1.138492 3.589385 -0.151703
1.137062 3.612841 -0.155972
1.131438 3.601112 -0.151436
1.132028 3.589426 -0.149397
1.130721 3.613009 -0.153460
1.124355 3.600877 -0.149210
1.124882 3.589141 -0.147216
1.123773 3.612923 -0.151178
1.116776 3.600420 -0.147310
1.117192 3.588583 -0.145359
1.116351 3.612587 -0.149195
1.108880 3.599792 -0.145797
1.109125 3.587873 -0.143966
1.108621 3.612109 -0.147737
1.100822 3.599100 -0.144845
1.100880 3.587067 -0.143002
1.092798 3.598420 -0.144417
1.100783 3.611596 -0.146691
1.092958 3.611093 -0.146072
1.100812 3.624628 -0.148166
1.100838 3.638170 -0.149485
1.108469 3.624941 -0.149279
1.093183 3.624339 -0.147481
1.085720 3.624085 -0.147233
1.093381 3.638169 -0.148759
1.093531 3.652668 -0.150073
1.086100 3.638203 -0.148492
1.079070 3.638271 -0.148693
1.086443 3.653058 -0.149786
1.086616 3.668566 -0.151144
1.079598 3.653425 -0.149976
1.073070 3.653813 -0.150686
1.079966 3.669333 -0.151372
1.079994 3.685691 -0.152902
1.073616 3.670036 -0.152122
1.067619 3.670704 -0.153405
1.073821 3.686794 -0.153760
1.073445 3.703625 -0.155567
1.067996 3.687798 -0.155144
1.067769 3.705019 -0.157080
1.062534 3.688660 -0.156988
1.061968 3.671282 -0.155098
1.062473 3.706201 -0.159080
1.057467 3.689308 -0.159259
1.056720 3.671721 -0.157215
1.057579 3.707104 -0.161516
1.052799 3.689624 -0.161939
1.051874 3.671900 -0.159754
1.053089 3.707629 -0.164345
1.048525 3.689568 -0.164998
1.047424 3.671779 -0.162696
1.048997 3.707730 -0.167514
1.044649 3.689161 -0.168377
1.043395 3.671386 -0.165999
1.045278 3.707412 -0.170953
1.041140 3.688455 -0.171990
1.039804 3.670797 -0.169579
1.041870 3.706697 -0.174577
1.037926 3.687479 -0.175756
1.036580 3.670051 -0.173345
1.038689 3.705608 -0.178312
1.035005 3.686260 -0.179612
1.033731 3.669157 -0.177233
1.035708 3.704178 -0.182108
1.032453 3.684876 -0.183535
1.031387 3.668174 -0.181218
1.032977 3.702489 -0.185943
1.030351 3.683464 -0.187486
1.029581 3.667201 -0.185242
1.030589 3.700694 -0.189801
1.028780 3.682149 -0.191423
1.028340 3.666304 -0.189245
1.028649 3.698948 -0.193652
1.027920 3.681065 -0.195290
1.027885 3.665602 -0.193160
1.027346 3.697426 -0.197475
1.027911 3.680320 -0.199053
1.028342 3.665205 -0.196947
1.026823 3.696264 -0.201225
1.028589 3.679867 -0.202693
1.029441 3.665034 -0.200603
1.027048 3.695487 -0.204861
1.029996 3.679753 -0.206181
1.031238 3.665100 -0.204102
1.028079 3.695184 -0.208335
1.032083 3.680034 -0.209494
1.033595 3.665492 -0.207461
1.029883 3.695384 -0.211610
1.034874 3.680746 -0.212644
1.036632 3.666272 -0.210695
1.032424 3.696066 -0.214685
1.038326 3.681896 -0.215594
1.040319 3.667396 -0.213747
1.035676 3.697221 -0.217528
1.042200 3.683395 -0.218457
1.044456 3.668843 -0.216693
1.039458 3.698725 -0.220221
1.046722 3.685472 -0.221199
1.049123 3.670788 -0.219568
1.043926 3.700781 -0.222747
1.051781 3.688013 -0.223832
1.054270 3.673090 -0.222371
1.048928 3.703313 -0.225104
1.057354 3.690290 -0.226138
1.059823 3.675082 -0.224797
1.054329 3.705792 -0.227220
1.063252 3.691948 -0.228039
1.065878 3.676578 -0.226881
1.059941 3.707734 -0.228953
1.069244 3.693164 -0.229724
1.071984 3.677663 -0.228660
1.065896 3.709096 -0.230474
1.075350 3.693879 -0.231172
1.078172 3.678469 -0.230222
1.072058 3.709717 -0.231849
1.081736 3.694329 -0.232433
1.084491 3.679050 -0.231485
1.078617 3.709827 -0.233079
1.088285 3.694423 -0.233462
1.090789 3.679231 -0.232484
1.085306 3.709763 -0.234124
1.094712 3.694351 -0.234307
1.097101 3.679132 -0.233226
1.091888 3.709510 -0.234999
1.100813 3.693888 -0.234791
1.102798 3.678668 -0.233659
1.098268 3.709055 -0.235642
1.106439 3.693167 -0.235118
1.108396 3.677858 -0.233801
1.104174 3.708392 -0.236072
1.112105 3.692316 -0.235159
1.113866 3.676912 -0.233768
1.109910 3.707420 -0.236213
1.117664 3.691306 -0.234996
1.119340 3.675958 -0.233457
1.115673 3.706409 -0.236002
1.123229 3.690319 -0.234382
1.124831 3.675075 -0.232763
1.121331 3.705447 -0.235548
1.128739 3.689473 -0.233379
1.130308 3.674253 -0.231563
1.126971 3.704530 -0.234625
1.134191 3.688665 -0.231687
1.135639 3.673463 -0.229718
1.132537 3.703614 -0.233032
1.139418 3.687905 -0.229468
1.140783 3.672705 -0.227277
1.137862 3.702683 -0.230992
1.144388 3.687057 -0.226454
1.145578 3.671966 -0.224234
1.148868 3.686139 -0.222814
1.142952 3.701702 -0.228167
1.141372 3.716102 -0.229170
1.147613 3.700623 -0.224594
1.146168 3.714893 -0.225765
1.151708 3.699526 -0.220496
1.152835 3.685205 -0.218682
1.150402 3.713608 -0.221766
1.154950 3.698453 -0.216040
1.155932 3.684324 -0.214312
1.153794 3.712306 -0.217312
1.157282 3.697446 -0.211417
1.158125 3.683568 -0.209806
1.156248 3.711075 -0.212635
1.158599 3.696578 -0.206727
1.159328 3.683005 -0.205228
1.157662 3.709979 -0.207879
1.158968 3.695927 -0.202053
1.159650 3.682631 -0.200658
1.158082 3.709098 -0.203133
1.158454 3.695518 -0.197470
1.159152 3.682456 -0.196161
1.157575 3.708480 -0.198487
1.157137 3.695365 -0.193026
1.157888 3.682495 -0.191779
1.156230 3.708156 -0.193992
1.155098 3.695476 -0.188748
1.155920 3.682756 -0.187546
1.154143 3.708131 -0.189676
1.152408 3.695851 -0.184650
1.153303 3.683224 -0.183483
1.151392 3.708414 -0.185551
1.149122 3.696477 -0.180738
1.150089 3.683896 -0.179599
1.148036 3.708999 -0.181621
1.145281 3.697349 -0.177015
1.146316 3.684758 -0.175897
1.144115 3.709881 -0.177884
1.140909 3.698465 -0.173477
1.142010 3.685799 -0.172376
1.139646 3.711057 -0.174340
1.136014 3.699817 -0.170127
1.137189 3.687015 -0.169035
1.134632 3.712530 -0.170996
1.130596 3.701397 -0.166976
1.131851 3.688392 -0.165878
1.129079 3.714275 -0.167872
1.124672 3.703187 -0.164062
1.126007 3.689918 -0.162932
1.123022 3.716268 -0.165019
1.118299 3.705152 -0.161459
1.119688 3.691568 -0.160262
1.116544 3.718475 -0.162509
1.111602 3.707241 -0.159268
1.113001 3.693304 -0.157978
1.109770 3.720841 -0.160423
1.104743 3.709411 -0.157574
1.106124 3.695078 -0.156201
1.102843 3.723317 -0.158834
1.097878 3.711631 -0.156420
1.099236 3.696878 -0.154980
1.095909 3.725865 -0.157777
1.091119 3.713878 -0.155811
1.092448 3.698686 -0.154290
1.084542 3.716040 -0.155795
1.089072 3.728410 -0.157300
1.086258 3.742204 -0.158600
1.082438 3.730937 -0.157389
1.076081 3.733369 -0.158055
1.079459 3.745012 -0.158776
1.075568 3.758143 -0.159902
1.072933 3.747689 -0.159562
1.068749 3.760947 -0.160768
1.066763 3.750226 -0.160932
1.070061 3.735618 -0.159315
1.062281 3.763580 -0.162218
1.061004 3.752550 -0.162855
1.064439 3.737672 -0.161120
1.056221 3.765968 -0.164216
1.055694 3.754586 -0.165270
1.059250 3.739477 -0.163415
1.050611 3.768057 -0.166689
1.050850 3.756258 -0.168088
1.054509 3.740937 -0.166131
1.045488 3.769820 -0.169542
1.046471 3.757509 -0.171210
1.050208 3.741972 -0.169184
1.040863 3.771220 -0.172675
1.042533 3.758307 -0.174537
1.046318 3.742533 -0.172486
1.036710 3.772192 -0.175987
1.038974 3.758608 -0.177983
1.042783 3.742607 -0.175951
1.032977 3.772683 -0.179391
1.035706 3.758373 -0.181478
1.039515 3.742167 -0.179504
1.029592 3.772650 -0.182821
1.032639 3.757579 -0.184978
1.036422 3.741204 -0.183092
1.026480 3.772063 -0.186242
1.029705 3.756234 -0.188474
1.033443 3.739735 -0.186694
1.023578 3.770926 -0.189646
1.026891 3.754416 -0.191980
1.030582 3.737848 -0.190315
1.020865 3.769317 -0.193054
1.024241 3.752263 -0.195525
1.027903 3.735675 -0.193971
1.018363 3.767375 -0.196495
1.021855 3.749985 -0.199127
1.025522 3.733410 -0.197671
1.016158 3.765320 -0.199988
1.019887 3.747822 -0.202776
1.023603 3.731278 -0.201415
1.014390 3.763399 -0.203520
1.018536 3.746014 -0.206411
1.022305 3.729465 -0.205128
1.013254 3.761855 -0.207034
1.017999 3.744783 -0.209947
1.021808 3.728196 -0.208742
1.012933 3.760880 -0.210441
1.018414 3.744252 -0.213283
1.022238 3.727606 -0.212168
1.013554 3.760562 -0.213640
1.019837 3.744440 -0.216330
1.023636 3.727714 -0.215330
1.015149 3.760908 -0.216543
1.022235 3.745296 -0.219031
1.026004 3.728476 -0.218180
1.017648 3.761853 -0.219097
1.025435 3.746689 -0.221383
1.029202 3.729776 -0.220712
1.020877 3.763254 -0.221302
1.029216 3.748467 -0.223416
1.032998 3.731480 -0.222964
1.024656 3.764953 -0.223190
1.033460 3.750538 -0.225168
1.037300 3.733605 -0.224953
1.028893 3.766793 -0.224802
1.038100 3.752666 -0.226689
1.042011 3.736020 -0.226686
1.033561 3.768511 -0.226195
1.043161 3.754422 -0.228042
1.047073 3.738249 -0.228223
1.038718 3.769755 -0.227440
1.048737 3.755419 -0.229284
1.052577 3.739760 -0.229594
1.044424 3.770256 -0.228602
1.054800 3.755564 -0.230477
1.058584 3.740379 -0.230874
1.050614 3.769987 -0.229741
1.061231 3.755083 -0.231654
1.064984 3.740347 -0.232091
1.057171 3.769118 -0.230895
1.067898 3.754235 -0.232835
1.071635 3.739892 -0.233266
1.063957 3.767903 -0.232090
1.074755 3.753286 -0.233977
1.078455 3.739303 -0.234359
1.070946 3.766573 -0.233295
1.081833 3.752301 -0.235013
1.085402 3.738733 -0.235314
1.078160 3.765249 -0.234447
1.088968 3.751275 -0.235921
1.092171 3.737964 -0.236089
1.085479 3.764034 -0.235487
1.095867 3.750324 -0.236661
1.098941 3.737014 -0.236700
1.092618 3.762999 -0.236338
1.102074 3.749522 -0.237042
1.105054 3.736151 -0.236885
1.098987 3.762067 -0.236841
1.108167 3.748561 -0.237073
1.110957 3.735181 -0.236760
1.105259 3.761074 -0.237155
1.114288 3.747461 -0.236784
1.116977 3.734120 -0.236385
1.111473 3.760050 -0.236985
1.120414 3.746393 -0.235920
1.122876 3.733106 -0.235579
1.117805 3.758996 -0.236193
1.126499 3.745296 -0.234578
1.128681 3.732079 -0.234300
1.124019 3.757932 -0.234947
1.132292 3.744220 -0.232791
1.134356 3.730988 -0.232375
1.129962 3.756857 -0.233138
1.137791 3.743030 -0.230249
1.139689 3.729815 -0.229732
1.135651 3.755656 -0.230657
1.142803 3.741699 -0.226942
1.144573 3.728534 -0.226423
1.140846 3.754303 -0.227333
1.147244 3.740227 -0.222996
1.148908 3.727138 -0.222491
1.150899 3.738722 -0.218619
1.145398 3.752823 -0.223361
1.143417 3.764954 -0.223543
1.149200 3.751285 -0.218960
1.147341 3.763403 -0.219087
1.151998 3.749749 -0.214242
1.153589 3.737252 -0.213956
1.150244 3.761847 -0.214302
1.153668 3.748311 -0.209372
1.155201 3.735895 -0.209147
1.151990 3.760376 -0.209362
1.154242 3.747058 -0.204496
1.155732 3.734717 -0.204319
1.152613 3.759080 -0.204429
1.153799 3.746068 -0.199739
1.155265 3.733810 -0.199597
1.152194 3.758042 -0.199632
1.152440 3.745406 -0.195165
1.153908 3.733224 -0.195044
1.150829 3.757317 -0.195036
1.150260 3.745095 -0.190801
1.151760 3.732993 -0.190688
1.148612 3.756948 -0.190666
1.147341 3.745160 -0.186652
1.148904 3.733121 -0.186539
1.145604 3.756950 -0.186528
1.143714 3.745606 -0.182724
1.145386 3.733615 -0.182598
1.141845 3.757339 -0.182623
1.139404 3.746438 -0.179018
1.141224 3.734483 -0.178869
1.137365 3.758121 -0.178953
1.134433 3.747648 -0.175544
1.136420 3.735712 -0.175363
1.132185 3.759280 -0.175529
1.128827 3.749215 -0.172326
1.131029 3.737285 -0.172091
1.126341 3.760802 -0.172375
1.122635 3.751113 -0.169400
1.125077 3.739181 -0.169093
1.119888 3.762659 -0.169523
1.115928 3.753313 -0.166807
1.118627 3.741369 -0.166418
1.112896 3.764825 -0.167005
1.108802 3.755788 -0.164587
1.111773 3.743812 -0.164115
1.105450 3.767273 -0.164858
1.101357 3.758500 -0.162787
1.104625 3.746475 -0.162235
1.097644 3.769964 -0.163126
1.093707 3.761392 -0.161455
1.097308 3.749312 -0.160831
1.085973 3.764364 -0.160657
1.089584 3.772826 -0.161861
1.084996 3.783630 -0.162090
1.081398 3.775794 -0.161096
1.073213 3.778716 -0.160897
1.076281 3.786487 -0.161362
1.070732 3.796495 -0.161508
1.067510 3.789299 -0.161175
1.061305 3.799084 -0.161346
1.058832 3.791948 -0.161550
1.065173 3.781580 -0.161243
1.051920 3.801438 -0.161738
1.050373 3.794341 -0.162494
1.057374 3.784241 -0.162179
1.042724 3.803510 -0.162650
1.042233 3.796476 -0.163968
1.049901 3.786637 -0.163683
1.033826 3.805298 -0.164048
1.034488 3.798367 -0.165926
1.042830 3.788789 -0.165696
1.025310 3.806803 -0.165899
1.027198 3.800005 -0.168309
1.036224 3.790703 -0.168150
1.017232 3.808042 -0.168154
1.020402 3.801386 -0.171033
1.030118 3.792348 -0.170959
1.009629 3.809069 -0.170739
1.014126 3.802514 -0.174001
1.024533 3.793686 -0.174019
1.002534 3.809871 -0.173573
1.008384 3.803352 -0.177121
1.019472 3.794686 -0.177232
0.995967 3.810435 -0.176567
1.003184 3.803862 -0.180317
1.014924 3.795297 -0.180515
0.989953 3.810727 -0.179651
0.998529 3.804002 -0.183539
1.010865 3.795478 -0.183814
0.984528 3.810715 -0.182778
0.994436 3.803754 -0.186762
1.007275 3.795202 -0.187099
0.979737 3.810383 -0.185929
0.990924 3.803130 -0.189979
1.004136 3.794478 -0.190363
0.975643 3.809754 -0.189105
0.988017 3.802210 -0.193202
1.001443 3.793380 -0.193623
0.972326 3.808904 -0.192311
0.985744 3.801133 -0.196444
0.999206 3.792055 -0.196901
0.969849 3.807971 -0.195558
0.984141 3.800097 -0.199719
0.997471 3.790709 -0.200210
0.968268 3.807151 -0.198855
0.983288 3.799324 -0.203009
0.996338 3.789574 -0.203535
0.967634 3.806645 -0.202181
0.983309 3.798988 -0.206256
0.995959 3.788851 -0.206820
0.968047 3.806616 -0.205471
0.984311 3.799159 -0.209367
0.996467 3.788645 -0.209977
0.969566 3.807107 -0.208619
0.986289 3.799805 -0.212254
0.997906 3.788965 -0.212917
0.972133 3.808049 -0.211535
0.989130 3.800817 -0.214861
1.000221 3.789737 -0.215573
0.975577 3.809317 -0.214171
0.992682 3.802079 -0.217171
1.003284 3.790852 -0.217916
0.979736 3.810791 -0.216515
0.996812 3.803464 -0.219205
1.006945 3.792178 -0.219959
0.984509 3.812350 -0.218593
1.001463 3.804851 -0.220980
1.011111 3.793583 -0.221731
0.989870 3.813886 -0.220410
1.006647 3.806129 -0.222500
1.015764 3.794925 -0.223251
0.995835 3.815295 -0.221946
1.012428 3.807124 -0.223774
1.020951 3.796003 -0.224549
1.002466 3.816413 -0.223194
1.018888 3.807632 -0.224849
1.026755 3.796578 -0.225681
1.009816 3.817055 -0.224201
1.026014 3.807498 -0.225804
1.033196 3.796479 -0.226718
1.017837 3.817076 -0.225055
1.033643 3.806716 -0.226740
1.040149 3.795703 -0.227744
1.026322 3.816462 -0.225872
1.041547 3.805392 -0.227753
1.047430 3.794376 -0.228833
1.035008 3.815308 -0.226769
1.049558 3.803730 -0.228897
1.054884 3.792712 -0.230028
1.043705 3.813799 -0.227812
1.057581 3.801945 -0.230166
1.062437 3.790941 -0.231317
1.052322 3.812145 -0.229004
1.065609 3.800260 -0.231501
1.070077 3.789265 -0.232634
1.060848 3.810558 -0.230295
1.073637 3.798795 -0.232813
1.077787 3.787809 -0.233896
1.069277 3.809195 -0.231582
1.081600 3.797600 -0.233980
1.085455 3.786607 -0.235017
1.077597 3.808104 -0.232733
1.089055 3.796646 -0.234881
1.092520 3.785606 -0.235857
1.085539 3.807225 -0.233657
1.096054 3.795762 -0.235465
1.099171 3.784685 -0.236398
1.092813 3.806425 -0.234253
1.102754 3.794818 -0.235615
1.105715 3.783659 -0.236473
1.099730 3.805634 -0.234429
1.109382 3.793895 -0.235239
1.112234 3.782642 -0.235957
1.106521 3.804790 -0.234080
1.115939 3.792945 -0.234247
1.118679 3.781650 -0.234880
1.113202 3.803921 -0.233157
1.122314 3.791922 -0.232584
1.124909 3.780640 -0.233222
1.119703 3.802965 -0.231569
1.128485 3.790800 -0.230228
1.130927 3.779499 -0.230794
1.125978 3.801881 -0.229273
1.134174 3.789529 -0.226997
1.136457 3.778168 -0.227460
1.131820 3.800647 -0.226137
1.139170 3.788107 -0.223010
1.141333 3.776702 -0.223456
1.136916 3.799250 -0.222171
1.143280 3.786575 -0.218459
1.145362 3.775145 -0.218939
1.141079 3.797748 -0.217612
1.146304 3.785031 -0.213564
1.148347 3.773591 -0.214093
1.148159 3.783563 -0.208531
1.144131 3.796226 -0.212706
1.141835 3.807216 -0.211553
1.146018 3.794775 -0.207675
1.143714 3.805784 -0.206550
1.146711 3.793465 -0.202683
1.148846 3.782248 -0.203528
1.144411 3.804481 -0.201596
1.146291 3.792367 -0.197862
1.148441 3.781163 -0.198690
1.143962 3.803371 -0.196821
1.144819 3.791534 -0.193290
1.147026 3.780363 -0.194086
1.142416 3.802506 -0.192307
1.142367 3.791008 -0.188997
1.144668 3.779888 -0.189746
1.139863 3.801926 -0.188081
1.139007 3.790820 -0.184982
1.141435 3.779770 -0.185672
1.136373 3.801660 -0.184143
1.134789 3.790984 -0.181237
1.137376 3.780020 -0.181857
1.131994 3.801724 -0.180485
1.129745 3.791500 -0.177760
1.132523 3.780637 -0.178301
1.126760 3.802119 -0.177102
1.123905 3.792358 -0.174558
1.126904 3.781622 -0.175013
1.120708 3.802838 -0.173997
1.117313 3.793549 -0.171643
1.120561 3.782948 -0.172010
1.113875 3.803862 -0.171180
1.110015 3.795046 -0.169031
1.113547 3.784602 -0.169312
1.106299 3.805181 -0.168666
1.102060 3.796837 -0.166744
1.105920 3.786561 -0.166944
1.098017 3.806765 -0.166476
1.093506 3.798893 -0.164799
1.097744 3.788791 -0.164934
1.084376 3.801123 -0.163296
1.089075 3.808584 -0.164637
1.084532 3.817937 -0.164448
1.079520 3.810584 -0.163180
1.069406 3.812654 -0.162198
1.074561 3.819638 -0.163093
1.069596 3.828385 -0.163009
1.063957 3.821390 -0.162188
1.058548 3.829784 -0.162204
1.052845 3.823079 -0.161746
1.058874 3.814722 -0.161653
1.046932 3.831074 -0.161838
1.041416 3.824547 -0.161715
1.048074 3.816602 -0.161596
1.034966 3.832109 -0.161793
1.029888 3.825676 -0.161980
1.037212 3.818187 -0.161946
1.022886 3.832748 -0.161923
1.018435 3.826379 -0.162498
1.026458 3.819409 -0.162653
1.010866 3.832896 -0.162196
1.007174 3.826639 -0.163303
1.015943 3.820238 -0.163720
0.998977 3.832556 -0.162691
0.996122 3.826544 -0.164449
1.005727 3.820727 -0.165161
0.987199 3.831833 -0.163508
0.985309 3.826190 -0.165976
0.995842 3.820966 -0.166979
0.975547 3.830844 -0.164709
0.974783 3.825676 -0.167873
0.986337 3.821019 -0.169150
0.964059 3.829763 -0.166273
0.964625 3.825108 -0.170064
0.977263 3.820939 -0.171605
0.952879 3.828740 -0.168112
0.954935 3.824544 -0.172425
0.968682 3.820740 -0.174245
0.942195 3.827879 -0.170075
0.945896 3.823989 -0.174849
0.960687 3.820434 -0.176983
0.932208 3.827187 -0.172023
0.937634 3.823417 -0.177300
0.953371 3.819984 -0.179775
0.923103 3.826561 -0.173945
0.930241 3.822747 -0.179804
0.946818 3.819372 -0.182620
0.914994 3.825894 -0.175974
0.923811 3.821889 -0.182408
0.941151 3.818575 -0.185555
0.907919 3.825010 -0.178161
0.918573 3.820920 -0.185296
0.936557 3.817669 -0.188644
0.902027 3.824004 -0.180823
0.914673 3.819949 -0.188533
0.933213 3.816765 -0.191917
0.897652 3.823132 -0.184165
0.912553 3.819426 -0.192280
0.931359 3.816146 -0.195425
0.895072 3.822679 -0.188225
0.912391 3.819561 -0.196355
0.931060 3.816010 -0.199095
0.895122 3.823204 -0.192832
0.913693 3.820087 -0.200509
0.932198 3.816382 -0.202798
0.896528 3.823974 -0.197496
0.916446 3.821098 -0.204529
0.934699 3.817272 -0.206379
0.899468 3.825156 -0.201989
0.920635 3.822617 -0.208196
0.938419 3.818622 -0.209684
0.904100 3.826856 -0.206177
0.926089 3.824502 -0.211563
0.943167 3.820334 -0.212684
0.910052 3.828888 -0.209971
0.932568 3.826694 -0.214507
0.948802 3.822317 -0.215344
0.917236 3.831223 -0.213275
0.940026 3.829127 -0.217092
0.955305 3.824476 -0.217694
0.925438 3.833756 -0.216137
0.948442 3.831705 -0.219283
0.962664 3.826705 -0.219711
0.934711 3.836522 -0.218583
0.957621 3.834256 -0.221025
0.970755 3.828851 -0.221338
0.944843 3.839356 -0.220542
0.967647 3.836533 -0.222293
0.979605 3.830707 -0.222557
0.956011 3.841964 -0.221955
0.978466 3.838281 -0.223156
0.989211 3.832045 -0.223432
0.967958 3.844057 -0.222860
0.989850 3.839405 -0.223723
0.999427 3.832759 -0.224070
0.980444 3.845571 -0.223404
1.001454 3.839884 -0.224128
1.009960 3.832833 -0.224604
0.993056 3.846452 -0.223719
1.012960 3.839808 -0.224528
1.020498 3.832355 -0.225179
1.005477 3.846783 -0.223955
1.024167 3.839326 -0.225053
1.030844 3.831480 -0.225897
1.017502 3.846710 -0.224277
1.034979 3.838611 -0.225757
1.040912 3.830389 -0.226789
1.029033 3.846394 -0.224774
1.045359 3.837846 -0.226624
1.050655 3.829278 -0.227828
1.040041 3.846008 -0.225450
1.055332 3.837188 -0.227573
1.060093 3.828320 -0.228912
1.050536 3.845692 -0.226251
1.064941 3.836721 -0.228486
1.069283 3.827596 -0.229916
1.060539 3.845537 -0.227067
1.074132 3.836452 -0.229247
1.078137 3.827069 -0.230745
1.070032 3.845554 -0.227766
1.082493 3.836268 -0.229711
1.086068 3.826649 -0.231270
1.078752 3.845661 -0.228194
1.090065 3.836071 -0.229823
1.093438 3.826203 -0.231418
1.086582 3.845675 -0.228263
1.097405 3.835710 -0.229477
1.100575 3.825666 -0.231076
1.094046 3.845555 -0.227946
1.104509 3.835219 -0.228668
1.107516 3.825055 -0.230292
1.101294 3.845249 -0.227091
1.111441 3.834589 -0.227195
1.114322 3.824302 -0.228821
1.108338 3.844750 -0.225572
1.118039 3.833769 -0.224936
1.120820 3.823341 -0.226533
1.115033 3.844080 -0.223318
1.124104 3.832736 -0.221808
1.126814 3.822204 -0.223412
1.121181 3.843173 -0.220188
1.129394 3.831509 -0.217896
1.132049 3.820900 -0.219494
1.126533 3.842030 -0.216267
1.133677 3.830152 -0.213418
1.136295 3.819489 -0.214998
1.130854 3.840731 -0.211789
1.136787 3.828744 -0.208619
1.139387 3.818040 -0.210165
1.133982 3.839357 -0.207008
1.138655 3.827356 -0.203716
1.141254 3.816634 -0.205210
1.135835 3.837988 -0.202149
1.139292 3.826059 -0.198886
1.141942 3.815336 -0.200312
1.138723 3.824914 -0.194260
1.136417 3.836690 -0.197388
1.133335 3.847261 -0.195853
1.135782 3.835521 -0.192845
1.132651 3.846066 -0.191384
1.134018 3.834531 -0.188585
1.137020 3.823969 -0.189912
1.130819 3.845018 -0.187211
1.131195 3.833746 -0.184632
1.134270 3.823264 -0.185866
1.127929 3.844149 -0.183352
1.127360 3.833193 -0.180995
1.130532 3.822818 -0.182125
1.124011 3.843482 -0.179822
1.122566 3.832889 -0.177664
1.125859 3.822650 -0.178678
1.119122 3.843036 -0.176609
1.116858 3.832839 -0.174627
1.120289 3.822757 -0.175517
1.113305 3.842810 -0.173699
1.110273 3.833027 -0.171876
1.113859 3.823138 -0.172638
1.106588 3.842802 -0.171085
1.102830 3.833451 -0.169413
1.106596 3.823777 -0.170045
1.098983 3.842999 -0.168769
1.094544 3.834089 -0.167251
1.098517 3.824660 -0.167757
1.085412 3.834910 -0.165428
1.090533 3.843383 -0.166739
1.086572 3.852602 -0.166163
1.081196 3.843923 -0.165048
1.071021 3.844575 -0.163695
1.077085 3.852860 -0.164591
1.073122 3.861791 -0.164016
1.066728 3.853207 -0.163350
1.062664 3.861852 -0.162847
1.055570 3.853573 -0.162427
1.060029 3.845271 -0.162715
1.051424 3.861900 -0.161952
1.043661 3.853868 -0.161825
1.048300 3.845923 -0.162095
1.039461 3.861856 -0.161315
1.031148 3.853980 -0.161456
1.035972 3.846412 -0.161769
1.026895 3.861620 -0.160863
1.018277 3.853752 -0.161145
1.023282 3.846581 -0.161570
1.013963 3.861040 -0.160449
1.005396 3.852972 -0.160692
1.010526 3.846240 -0.161319
1.001081 3.859897 -0.159862
0.992708 3.851506 -0.160158
0.997886 3.845263 -0.161030
0.988491 3.858047 -0.159186
0.980070 3.849455 -0.159822
0.985295 3.843725 -0.160906
0.975959 3.855600 -0.158726
0.967289 3.846977 -0.159760
0.972639 3.841767 -0.161088
0.963246 3.852709 -0.158506
0.954375 3.844331 -0.159994
0.959911 3.839601 -0.161613
0.950408 3.849675 -0.158566
0.941431 3.841886 -0.160423
0.947106 3.837525 -0.162356
0.928553 3.839994 -0.160813
0.937472 3.846914 -0.158718
0.935210 3.852800 -0.157411
0.924725 3.844868 -0.158884
0.912519 3.843750 -0.159102
0.922670 3.850502 -0.157410
0.922454 3.857073 -0.156572
0.910680 3.849264 -0.157570
0.899594 3.849004 -0.158019
0.910854 3.855500 -0.156770
0.912904 3.862671 -0.156738
0.900203 3.855030 -0.157348
0.889712 3.855452 -0.157884
0.902637 3.861680 -0.157403
0.906233 3.869390 -0.157727
0.892520 3.861736 -0.158105
0.882391 3.862718 -0.158915
0.896509 3.868801 -0.158647
0.901162 3.877390 -0.158960
0.886636 3.869359 -0.159468
0.877074 3.870930 -0.160690
0.891679 3.877275 -0.159997
0.896960 3.887240 -0.160029
0.882233 3.878399 -0.161188
0.873400 3.880566 -0.162987
0.887823 3.887713 -0.161416
0.892942 3.899637 -0.160584
0.879211 3.889467 -0.163173
0.871530 3.892224 -0.165693
0.884616 3.900883 -0.162503
0.889535 3.914861 -0.161051
0.877015 3.903284 -0.164948
0.870953 3.906373 -0.168203
0.882204 3.916738 -0.163593
0.885812 3.931478 -0.161762
0.875996 3.919299 -0.166868
0.871777 3.921906 -0.170762
0.879800 3.933439 -0.165132
0.881993 3.948325 -0.163079
0.875838 3.935480 -0.168998
0.874009 3.937156 -0.173287
0.878343 3.949687 -0.166975
0.878110 3.963996 -0.164780
0.876523 3.950758 -0.171208
0.876610 3.951530 -0.175460
0.876767 3.964391 -0.169005
0.874333 3.978062 -0.166804
0.876976 3.964607 -0.173280
0.878469 3.964695 -0.177428
0.874867 3.977851 -0.171109
0.871186 3.990973 -0.169065
0.876381 3.977540 -0.175292
0.879375 3.977176 -0.179308
0.873374 3.990345 -0.173203
0.869136 4.003053 -0.171321
0.876281 3.989710 -0.177178
0.880409 3.988994 -0.181027
0.872544 4.002141 -0.175222
0.867884 4.014344 -0.173593
0.876610 4.001265 -0.178975
0.881478 4.000368 -0.182537
0.872041 4.013367 -0.177221
0.867503 4.025256 -0.175670
0.877051 4.012370 -0.180706
0.882439 4.011501 -0.183905
0.872413 4.024254 -0.179052
0.867449 4.035928 -0.177742
0.877779 4.023311 -0.182226
0.883458 4.022460 -0.185254
0.872824 4.035024 -0.180815
0.867414 4.046476 -0.179892
0.878452 4.034201 -0.183764
0.884640 4.033407 -0.186516
0.872985 4.045700 -0.182796
0.867543 4.057132 -0.181958
0.879057 4.045037 -0.185458
0.885379 4.044549 -0.187946
0.873427 4.056557 -0.184567
0.867508 4.067871 -0.184162
0.879805 4.056102 -0.186953
0.886547 4.055817 -0.189297
0.873858 4.067529 -0.186478
0.867755 4.078866 -0.186278
0.880530 4.067334 -0.188664
0.887572 4.067368 -0.190718
0.874269 4.078814 -0.188482
0.868143 4.090100 -0.188526
0.881171 4.078961 -0.190452
0.888474 4.079312 -0.192180
0.874901 4.090420 -0.190418
0.868388 4.102048 -0.190650
0.881954 4.091049 -0.192016
0.889312 4.091978 -0.193258
0.875287 4.102901 -0.192162
0.868568 4.114807 -0.192389
0.882447 4.104068 -0.193360
0.889858 4.105540 -0.194189
0.875548 4.116208 -0.193540
0.868705 4.128351 -0.193435
0.882870 4.117812 -0.194330
0.890558 4.119616 -0.194746
0.875839 4.130186 -0.194194
0.883373 4.132218 -0.194587
0.869258 4.142306 -0.192982
0.862315 4.140254 -0.192393
0.876693 4.144537 -0.193087
0.884604 4.146783 -0.192723
0.891313 4.134407 -0.194303
0.893096 4.148954 -0.191837
0.899697 4.136662 -0.193324
0.901780 4.151009 -0.190921
0.908283 4.138884 -0.191878
0.911055 4.152787 -0.189371
0.917331 4.141068 -0.189728
0.921044 4.154268 -0.185847
0.926742 4.143063 -0.186391
0.930335 4.155505 -0.181133
0.935541 4.144518 -0.181595
0.939299 4.156362 -0.176242
0.943910 4.145655 -0.176980
0.947292 4.156698 -0.171534
0.951629 4.146422 -0.172479
0.954246 4.156121 -0.166573
0.958504 4.146471 -0.167884
0.960529 4.155058 -0.161308
0.964781 4.146244 -0.162886
0.966860 4.154441 -0.156328
0.971349 4.146407 -0.158348
0.973626 4.153214 -0.152162
0.977978 4.146453 -0.154305
0.980094 4.152994 -0.148059
0.984139 4.146476 -0.150105
0.985016 4.152722 -0.143985
0.989345 4.146509 -0.145847
0.989283 4.152524 -0.139971
0.993902 4.146630 -0.141447
0.992745 4.152440 -0.135979
0.997421 4.146615 -0.136996
0.994923 4.152173 -0.131980
0.999760 4.146535 -0.132554
0.996092 4.151888 -0.128158
1.000824 4.146340 -0.128160
0.996228 4.151663 -0.124401
1.001011 4.146196 -0.123887
0.995288 4.151284 -0.121218
0.999814 4.145715 -0.120214
0.993362 4.150908 -0.118135
0.997757 4.145350 -0.116734
0.990481 4.150502 -0.115651
0.994963 4.144725 -0.114049
0.987533 4.150234 -0.113201
0.991603 4.144062 -0.111494
0.983450 4.149781 -0.111373
0.987195 4.143421 -0.109450
0.978557 4.149517 -0.109902
0.981999 4.142703 -0.108193
0.972707 4.149206 -0.109165
0.975713 4.141909 -0.107787
0.965789 4.149117 -0.109353
0.968596 4.141308 -0.108043
0.957966 4.149198 -0.110390
0.960755 4.140907 -0.109092
0.949192 4.149432 -0.112258
0.952063 4.140687 -0.111019
0.939327 4.149973 -0.114942
0.942263 4.140699 -0.113772
0.928424 4.150824 -0.118251
0.931489 4.141077 -0.117099
0.916649 4.151859 -0.122217
0.920074 4.141606 -0.121012
0.904366 4.152905 -0.126752
0.908360 4.142119 -0.125240
0.892241 4.153645 -0.131415
0.896767 4.142375 -0.129675
0.880324 4.153993 -0.135934
0.885500 4.142412 -0.134056
0.869130 4.153706 -0.139912
0.874719 4.142161 -0.137810
0.858935 4.152765 -0.142939
0.864825 4.141663 -0.140826
0.851914 4.151720 -0.144632
0.858166 4.140975 -0.142450
0.845841 4.150563 -0.145953
0.852230 4.140059 -0.143822
0.839686 4.149271 -0.147219
0.846259 4.139111 -0.145194
0.834476 4.147910 -0.148526
0.840534 4.138249 -0.146480
0.830078 4.146476 -0.150094
0.835402 4.137253 -0.147916
0.825968 4.145026 -0.151984
0.830368 4.136201 -0.149502
0.821979 4.143674 -0.153981
0.825879 4.135028 -0.151586
0.818609 4.142438 -0.156144
0.821915 4.133908 -0.153889
0.816048 4.141324 -0.158658
0.818407 4.132798 -0.156959
0.814006 4.140416 -0.161334
0.816126 4.131901 -0.160255
0.813238 4.139177 -0.164277
0.815169 4.131144 -0.163920
0.813280 4.138022 -0.167360
0.815192 4.130610 -0.167533
0.814230 4.137023 -0.170430
0.816473 4.130389 -0.170880
0.816283 4.136266 -0.173412
0.818529 4.130495 -0.173912
0.819106 4.135660 -0.176325
0.821224 4.130763 -0.176899
0.822792 4.135301 -0.179015
0.824697 4.131293 -0.179521
0.826989 4.135077 -0.181588
0.828504 4.132039 -0.182005
0.831853 4.135025 -0.183998
0.832870 4.132990 -0.184312
0.837493 4.135249 -0.186037
0.838066 4.134140 -0.186194
0.843424 4.135540 -0.187953
0.843781 4.135218 -0.188051
0.849162 4.124147 -0.189261
0.849862 4.136821 -0.189507
0.855610 4.125313 -0.190786
0.856182 4.138414 -0.190946
0.862020 4.126743 -0.192217
0.861892 4.113635 -0.190973
0.855377 4.112709 -0.189273
0.861772 4.101438 -0.188894
0.849245 4.112031 -0.187338
0.843172 4.123159 -0.187510
0.843705 4.111536 -0.185151
0.855416 4.101072 -0.186805
0.861612 4.090004 -0.186433
0.849697 4.100894 -0.184575
0.844533 4.100830 -0.182161
0.855644 4.090061 -0.184154
0.861578 4.079067 -0.183986
0.850316 4.090216 -0.181731
0.845463 4.090398 -0.179196
0.856027 4.079413 -0.181493
0.861792 4.068346 -0.181607
0.850980 4.079784 -0.178868
0.846526 4.080238 -0.176047
0.856409 4.068970 -0.178879
0.862084 4.057807 -0.179154
0.851715 4.069592 -0.176015
0.847455 4.070296 -0.173028
0.856920 4.058591 -0.176268
0.862191 4.047381 -0.176828
0.852309 4.059436 -0.173301
0.848529 4.060343 -0.170071
0.857599 4.048316 -0.173659
0.862519 4.036933 -0.174520
0.853605 4.049273 -0.170419
0.850555 4.050249 -0.166940
0.858377 4.037913 -0.171155
0.863189 4.026281 -0.172193
0.855177 4.038903 -0.167570
0.853006 4.039940 -0.163717
0.859861 4.027308 -0.168455
0.864526 4.015331 -0.169746
0.857616 4.028338 -0.164549
0.856947 4.029280 -0.160378
0.862354 4.016296 -0.165701
0.866926 4.003880 -0.167203
0.861554 4.017146 -0.161488
0.862721 4.017814 -0.157209
0.866215 4.004599 -0.162935
0.870413 3.991570 -0.164764
0.867135 4.005132 -0.158604
0.870310 4.005343 -0.154643
0.871495 3.991888 -0.160475
0.875406 3.978082 -0.162584
0.874842 3.991862 -0.156441
0.879998 3.991687 -0.152818
0.878969 3.977841 -0.158581
0.881665 3.963248 -0.160870
0.884333 3.977376 -0.154961
0.891354 3.976762 -0.152212
0.887154 3.962386 -0.157365
0.887664 3.946961 -0.159644
0.894421 3.961546 -0.154494
0.902540 3.960847 -0.152577
0.894897 3.945826 -0.156833
0.893039 3.930179 -0.158995
0.903077 3.945119 -0.154764
0.911396 3.944985 -0.153299
0.901116 3.929448 -0.156859
0.897572 3.913952 -0.158968
0.909514 3.929477 -0.155250
0.917740 3.930309 -0.153994
0.906074 3.914146 -0.157270
0.901790 3.899681 -0.158996
0.914607 3.915279 -0.155790
0.922853 3.917188 -0.154528
0.910597 3.900936 -0.157509
0.906039 3.888068 -0.158666
0.919176 3.903056 -0.156037
0.927562 3.905819 -0.154670
0.914908 3.890055 -0.157227
0.910433 3.878725 -0.157752
0.923741 3.892800 -0.155835
0.932628 3.896071 -0.154555
0.919752 3.881137 -0.156584
0.916023 3.871084 -0.156825
0.929295 3.884244 -0.155486
0.939094 3.887825 -0.154457
0.926311 3.873818 -0.156098
0.923867 3.864772 -0.156316
0.936864 3.877195 -0.155365
0.947543 3.880886 -0.154626
0.935264 3.867847 -0.156021
0.934526 3.859709 -0.156530
0.946683 3.871385 -0.155593
0.958078 3.875000 -0.155173
0.946734 3.863074 -0.156467
0.947883 3.855854 -0.157382
0.958738 3.866574 -0.156269
0.970647 3.869879 -0.156238
0.960460 3.859198 -0.157391
0.972792 3.862340 -0.157488
0.985065 3.865067 -0.157925
0.982512 3.872707 -0.156490
0.997471 3.867180 -0.158644
0.994710 3.874943 -0.157219
1.010288 3.868595 -0.159386
1.007370 3.876517 -0.157991
1.023202 3.869468 -0.159932
1.020113 3.877617 -0.158671
1.035723 3.870010 -0.160502
1.032475 3.878408 -0.159382
1.047655 3.870347 -0.161211
1.044278 3.878986 -0.160198
1.058895 3.870576 -0.162123
1.069383 3.870767 -0.163264
1.055428 3.879442 -0.161170
1.065870 3.879843 -0.162322
1.052281 3.888507 -0.159967
1.049440 3.897842 -0.158507
1.041294 3.887878 -0.158915
1.062609 3.889080 -0.161155
1.059599 3.898529 -0.159740
1.072214 3.889675 -0.162495
1.069090 3.899243 -0.161086
1.081035 3.890349 -0.163996
1.075551 3.880267 -0.163668
1.084396 3.880779 -0.165223
1.079071 3.870988 -0.164644
1.087906 3.871302 -0.166274
1.082755 3.861782 -0.165464
1.091514 3.861878 -0.167201
1.095214 3.852461 -0.168027
1.099356 3.862123 -0.169234
1.095825 3.871746 -0.168175
1.102950 3.852486 -0.170200
1.106262 3.862530 -0.171573
1.102786 3.872351 -0.170377
1.112225 3.863113 -0.174228
1.109774 3.852697 -0.172678
1.115678 3.853097 -0.175459
1.120640 3.853698 -0.178556
1.117226 3.863869 -0.177215
1.124620 3.854483 -0.181985
1.121227 3.864789 -0.180554
1.127528 3.855452 -0.185770
1.129354 3.856568 -0.189887
1.124178 3.865856 -0.184256
1.126033 3.867046 -0.188314
1.120760 3.876270 -0.182673
1.117795 3.875092 -0.179041
1.117268 3.886720 -0.181008
1.122621 3.877541 -0.186686
1.119107 3.888080 -0.184989
1.123307 3.878875 -0.191058
1.119755 3.889468 -0.189359
1.122729 3.880231 -0.195735
1.126733 3.868326 -0.192701
1.130054 3.857799 -0.194303
1.126189 3.869661 -0.197363
1.129516 3.859112 -0.198971
1.124327 3.870996 -0.202200
1.120807 3.881565 -0.200616
1.121122 3.872264 -0.207044
1.127680 3.860455 -0.203786
1.124531 3.861753 -0.208580
1.130963 3.849919 -0.205386
1.132794 3.848565 -0.200558
1.127829 3.851259 -0.210168
1.123464 3.852500 -0.214671
1.120126 3.862932 -0.213119
1.118032 3.853549 -0.218621
1.114620 3.863888 -0.217115
1.111789 3.854332 -0.221773
1.108288 3.864550 -0.220323
1.105009 3.854853 -0.224041
1.101440 3.864917 -0.222627
1.097869 3.855180 -0.225586
1.094227 3.865041 -0.224186
1.090494 3.855283 -0.226469
1.086713 3.864907 -0.225130
1.082971 3.855177 -0.226803
1.079078 3.864540 -0.225574
1.074830 3.854841 -0.226743
1.070791 3.863890 -0.225528
1.065860 3.854436 -0.226339
1.061611 3.863158 -0.225068
1.056092 3.854102 -0.225697
1.051598 3.862486 -0.224420
1.045722 3.853919 -0.224973
1.040896 3.861934 -0.223785
1.034761 3.853856 -0.224316
1.029540 3.861472 -0.223273
1.023188 3.853841 -0.223836
1.017497 3.861047 -0.222979
1.010994 3.853748 -0.223560
1.004767 3.860544 -0.222899
0.998218 3.853429 -0.223439
0.991395 3.859841 -0.222939
0.984980 3.852714 -0.223336
0.977490 3.858780 -0.222904
0.971490 3.851460 -0.223057
0.963242 3.857236 -0.222602
0.958054 3.849627 -0.222469
0.949063 3.855182 -0.221912
0.945178 3.847288 -0.221468
0.935431 3.852638 -0.220742
0.933114 3.844448 -0.219842
0.922837 3.849733 -0.218946
0.922088 3.841535 -0.217622
0.911314 3.846929 -0.216501
0.911979 3.838778 -0.214853
0.900691 3.844341 -0.213486
0.903294 3.836258 -0.211662
0.891201 3.841881 -0.209888
0.895900 3.833935 -0.207985
0.883705 3.839755 -0.205808
0.889626 3.831869 -0.203744
0.877229 3.837754 -0.201134
0.884526 3.830005 -0.199083
0.872081 3.835984 -0.196046
0.881245 3.828612 -0.194080
0.868606 3.834541 -0.190662
0.879884 3.827740 -0.188967
0.866796 3.833381 -0.185117
0.880183 3.827176 -0.183959
0.867641 3.832821 -0.179836
0.882980 3.827312 -0.179608
0.870844 3.832717 -0.175251
0.887705 3.827852 -0.176074
0.876101 3.832916 -0.171595
0.894045 3.828573 -0.173408
0.883058 3.833263 -0.168951
0.901763 3.829324 -0.171516
0.891404 3.833599 -0.167134
0.910736 3.829957 -0.170051
0.920523 3.830495 -0.168664
0.900863 3.833806 -0.165852
0.911313 3.834139 -0.165012
0.894000 3.838453 -0.162269
0.883951 3.838630 -0.163229
0.904863 3.838470 -0.161747
0.890252 3.843794 -0.159950
0.901170 3.843490 -0.159537
0.888904 3.849493 -0.158491
0.880020 3.844434 -0.160832
0.870746 3.845157 -0.162527
0.878609 3.850459 -0.159335
0.879493 3.856560 -0.158703
0.869136 3.851661 -0.160908
0.861162 3.852933 -0.163612
0.869975 3.858079 -0.160133
0.872935 3.864385 -0.160319
0.861705 3.859808 -0.162664
0.855172 3.861558 -0.166341
0.864250 3.866454 -0.162458
0.868137 3.873210 -0.162579
0.857299 3.868661 -0.165817
0.852495 3.870839 -0.170207
0.860869 3.875798 -0.165594
0.865580 3.883447 -0.165539
0.855424 3.878490 -0.169584
0.851610 3.881185 -0.174252
0.859669 3.886554 -0.169204
0.865397 3.895511 -0.168996
0.855459 3.889720 -0.173591
0.853896 3.892520 -0.178581
0.860783 3.898991 -0.172967
0.866592 3.909648 -0.172083
0.858961 3.901943 -0.177663
0.859932 3.904325 -0.182696
0.864716 3.912473 -0.176621
0.870000 3.924351 -0.175089
0.865483 3.914599 -0.181278
0.867957 3.916419 -0.185880
0.870337 3.926259 -0.179530
0.874080 3.938471 -0.177624
0.872439 3.927738 -0.184025
0.876198 3.928773 -0.188360
0.875817 3.939626 -0.181972
0.878050 3.952118 -0.179733
0.879356 3.940412 -0.186210
0.883821 3.940887 -0.190198
0.881392 3.952380 -0.183834
0.881352 3.964683 -0.181503
0.885289 3.952639 -0.187854
0.890442 3.952691 -0.191595
0.885183 3.964615 -0.185486
0.883564 3.976744 -0.183144
0.890003 3.964424 -0.189235
0.895975 3.964084 -0.192652
0.888043 3.976289 -0.186942
0.885157 3.988305 -0.184681
0.893851 3.975750 -0.190397
0.899729 3.975327 -0.193668
0.890737 3.987652 -0.188101
0.886898 3.999585 -0.185912
0.896627 3.987058 -0.191369
0.903270 3.986433 -0.194496
0.892641 3.998902 -0.189153
0.888168 4.010705 -0.187102
0.899147 3.998187 -0.192287
0.906407 3.997509 -0.195032
0.894639 4.009909 -0.190140
0.889694 4.021710 -0.188182
0.901545 4.009286 -0.192935
0.909076 4.008770 -0.195373
0.896462 4.021077 -0.190940
0.891224 4.032791 -0.189150
0.903891 4.020537 -0.193345
0.911541 4.020139 -0.195514
0.898292 4.032357 -0.191649
0.892548 4.044155 -0.190220
0.905853 4.032085 -0.193836
0.913601 4.032079 -0.195620
0.899833 4.044059 -0.192423
0.893674 4.055855 -0.191395
0.907541 4.044165 -0.194286
0.915540 4.044548 -0.195764
0.901332 4.056126 -0.193248
0.894938 4.067706 -0.192553
0.909302 4.056610 -0.194717
0.917660 4.057493 -0.195840
0.902786 4.068368 -0.193983
0.896054 4.080077 -0.193520
0.910928 4.069435 -0.195013
0.919347 4.070918 -0.195645
0.903925 4.081235 -0.194517
0.896960 4.093276 -0.194241
0.912171 4.082841 -0.195075
0.920627 4.084952 -0.195024
0.904939 4.094909 -0.194727
0.897678 4.107243 -0.194684
0.913257 4.096975 -0.194628
0.921602 4.099460 -0.194055
0.905803 4.109317 -0.194522
0.898518 4.121715 -0.194523
0.914060 4.111658 -0.193833
0.922475 4.114346 -0.192348
0.906817 4.124004 -0.193788
0.915241 4.126530 -0.192271
0.924009 4.129076 -0.189983
0.930856 4.117176 -0.190195
0.932909 4.131391 -0.186850
0.939418 4.119762 -0.187443
0.941628 4.133398 -0.183106
0.949786 4.135086 -0.179022
0.947868 4.122072 -0.184107
0.954441 4.111081 -0.184581
0.955988 4.124436 -0.180473
0.962354 4.113894 -0.180951
0.963759 4.126688 -0.176474
0.971009 4.128524 -0.172174
0.957643 4.136625 -0.174845
0.969780 4.116537 -0.176958
0.975875 4.106380 -0.177568
0.976741 4.118602 -0.172693
0.982595 4.108579 -0.173283
0.983176 4.120201 -0.168414
0.988995 4.121347 -0.163849
0.977619 4.129756 -0.167788
0.988648 4.110431 -0.168826
0.994181 4.111898 -0.164190
0.994539 4.100675 -0.169396
0.999820 4.102196 -0.164809
0.988573 4.098650 -0.173936
1.000544 4.090570 -0.170366
1.005660 4.092142 -0.165830
1.006426 4.080194 -0.171753
0.994928 4.088550 -0.174872
0.988886 4.085854 -0.179230
1.001113 4.078032 -0.176352
1.007086 4.067497 -0.178369
0.995152 4.075279 -0.180699
0.988743 4.071805 -0.184781
1.001232 4.064622 -0.182794
1.007187 4.053988 -0.185195
0.994952 4.061064 -0.186791
0.988252 4.057019 -0.190362
1.001036 4.050426 -0.189203
1.007224 4.039779 -0.191824
0.994498 4.046239 -0.192721
0.987544 4.041784 -0.195670
1.000845 4.035584 -0.195209
1.007163 4.025001 -0.197767
0.994000 4.030957 -0.198004
0.986548 4.026482 -0.200178
1.000248 4.020367 -0.200359
1.006302 4.009883 -0.202670
0.992664 4.015800 -0.202352
0.984453 4.011590 -0.203707
0.998616 4.005295 -0.204475
1.004437 3.994926 -0.206487
0.990277 4.001039 -0.205716
0.981487 3.997180 -0.206326
0.995952 3.990630 -0.207626
1.001418 3.980524 -0.209481
0.986954 3.986765 -0.208227
0.977641 3.983303 -0.208284
0.992218 3.976587 -0.209997
0.997309 3.966703 -0.211714
0.982697 3.973068 -0.210033
0.972941 3.969959 -0.209776
0.987412 3.963126 -0.211748
0.991937 3.953593 -0.213314
0.977417 3.960000 -0.211470
0.967210 3.957246 -0.211019
0.981640 3.950363 -0.213003
0.985742 3.941053 -0.214365
0.971094 3.947526 -0.212581
0.960351 3.945073 -0.212047
0.974786 3.938151 -0.214018
0.978415 3.929195 -0.215295
0.963730 3.935617 -0.213557
0.952463 3.933456 -0.213009
0.966878 3.926566 -0.214971
0.955038 3.924281 -0.214560
0.969951 3.917976 -0.216255
0.973101 3.909817 -0.217402
0.982009 3.920576 -0.216409
0.957520 3.915637 -0.215978
0.960105 3.907446 -0.217290
0.944820 3.913751 -0.215367
0.943169 3.922550 -0.213728
0.932445 3.912505 -0.214191
0.946778 3.905491 -0.216824
0.949217 3.897714 -0.218117
0.933621 3.903959 -0.215774
0.920971 3.902979 -0.214139
0.935350 3.896004 -0.217204
0.921889 3.894770 -0.215616
0.937648 3.888507 -0.218481
0.940681 3.881560 -0.219562
0.952085 3.890460 -0.219248
0.923528 3.887007 -0.216993
0.926055 3.879705 -0.218262
0.910322 3.885900 -0.214955
0.909127 3.893870 -0.213432
0.898141 3.884597 -0.212237
0.912155 3.878362 -0.216349
0.899923 3.876636 -0.213776
0.915739 3.870965 -0.217599
0.920558 3.864383 -0.218742
0.902920 3.869033 -0.215169
0.929851 3.872902 -0.219394
0.934930 3.866656 -0.220352
0.944712 3.875034 -0.220525
0.949880 3.868876 -0.221337
0.959739 3.877096 -0.221093
0.964839 3.870851 -0.221806
0.955554 3.883564 -0.220241
0.974431 3.878943 -0.221203
0.979426 3.872489 -0.221859
0.970109 3.885584 -0.220421
0.988528 3.880599 -0.221000
0.993466 3.873866 -0.221658
0.984090 3.887489 -0.220263
1.001968 3.882179 -0.220731
1.006834 3.875121 -0.221449
0.997442 3.889365 -0.220007
1.014680 3.883770 -0.220649
1.019461 3.876350 -0.221452
1.010111 3.891283 -0.219897
1.026646 3.885429 -0.220868
1.031343 3.877614 -0.221724
1.022045 3.893301 -0.220130
1.037883 3.887165 -0.221330
1.042488 3.878956 -0.222223
1.033288 3.895409 -0.220579
1.048387 3.888943 -0.221875
1.052850 3.880342 -0.222815
1.043881 3.897566 -0.221059
1.057979 3.890682 -0.222375
1.062345 3.881748 -0.223311
1.053589 3.899641 -0.221431
1.066569 3.892179 -0.222328
1.070771 3.882962 -0.223412
1.062234 3.901426 -0.221290
1.074413 3.893466 -0.221788
1.078635 3.883937 -0.222930
1.070088 3.902958 -0.220625
1.081983 3.894434 -0.220680
1.086212 3.884607 -0.221855
1.077680 3.904211 -0.219356
1.089377 3.895015 -0.218953
1.093583 3.884990 -0.220181
1.085124 3.905039 -0.217489
1.096499 3.895170 -0.216352
1.100609 3.884962 -0.217698
1.092270 3.905405 -0.214796
1.103131 3.894940 -0.212919
1.108967 3.894323 -0.208722
1.107164 3.884570 -0.214338
1.098914 3.905358 -0.211325
1.094591 3.915870 -0.209510
1.104804 3.904872 -0.207093
1.109641 3.904006 -0.202316
1.100537 3.915522 -0.205294
1.096072 3.926264 -0.203239
1.105490 3.914748 -0.200518
1.101084 3.925614 -0.198510
1.109151 3.913665 -0.195477
1.113164 3.902866 -0.197301
1.104864 3.924610 -0.193493
1.111395 3.912369 -0.190464
1.112237 3.910938 -0.185694
1.115276 3.901553 -0.192328
1.107252 3.923348 -0.188470
1.108237 3.921902 -0.183674
1.103097 3.934515 -0.186295
1.104238 3.933062 -0.181457
1.100537 3.935744 -0.191341
1.098777 3.945942 -0.183973
1.100115 3.944479 -0.179070
1.096006 3.947114 -0.189058
1.094239 3.957664 -0.181557
1.089389 3.969732 -0.179110
1.095836 3.956202 -0.176544
1.091199 3.958772 -0.186716
1.086012 3.970749 -0.184381
1.086849 3.959421 -0.191708
1.081374 3.971218 -0.189406
1.091890 3.947907 -0.194045
1.081530 3.959563 -0.196294
1.075516 3.959141 -0.200329
1.075935 3.971164 -0.193984
1.086687 3.948246 -0.198674
1.080678 3.948045 -0.202763
1.091504 3.937156 -0.201026
1.096607 3.936653 -0.196343
1.085504 3.937162 -0.205173
1.090109 3.926453 -0.207425
1.078853 3.936627 -0.208708
1.083466 3.926109 -0.210926
1.071855 3.935584 -0.211679
1.074111 3.947283 -0.206287
1.069037 3.958227 -0.203882
1.067193 3.946039 -0.209301
1.062197 3.956908 -0.206935
1.059953 3.944230 -0.211901
1.055064 3.954737 -0.209839
1.064556 3.933903 -0.214130
1.052472 3.941933 -0.214103
1.047627 3.952064 -0.212179
1.057062 3.931876 -0.216085
1.044364 3.939191 -0.215799
1.039625 3.949009 -0.213975
1.048974 3.929459 -0.217409
1.035540 3.936153 -0.216872
1.025898 3.932886 -0.217431
1.030842 3.945664 -0.215410
1.040125 3.926766 -0.218210
1.030432 3.923835 -0.218461
1.044656 3.917632 -0.219296
1.053494 3.920026 -0.218752
1.034919 3.914952 -0.219328
1.049167 3.908611 -0.220412
1.057916 3.910693 -0.220047
1.039383 3.906211 -0.220233
1.028766 3.903723 -0.219851
1.024347 3.912168 -0.219079
1.017583 3.901277 -0.219423
1.005762 3.898950 -0.219158
1.013289 3.909426 -0.218645
1.001608 3.906826 -0.218398
1.009073 3.917773 -0.217824
1.004902 3.926337 -0.216932
0.997595 3.914936 -0.217575
1.019997 3.920776 -0.218206
1.015635 3.929569 -0.217310
1.011190 3.938604 -0.216160
1.006658 3.947774 -0.214911
1.000655 3.935193 -0.215922
1.021288 3.942128 -0.216162
1.016572 3.951455 -0.214702
1.011813 3.960919 -0.213053
1.026046 3.955249 -0.213748
1.034737 3.958873 -0.212246
1.020993 3.964957 -0.212101
1.015571 3.974839 -0.210204
1.029396 3.968957 -0.210381
1.037132 3.972674 -0.208236
1.023915 3.979057 -0.208526
1.018201 3.989251 -0.206770
1.031426 3.982946 -0.206399
1.025471 3.993489 -0.204594
1.038248 3.986785 -0.203751
1.044323 3.976234 -0.205598
1.044840 3.990016 -0.200707
1.032107 3.997373 -0.201867
1.025808 4.008032 -0.199765
1.038663 4.000803 -0.198612
1.045004 4.003197 -0.195091
1.032125 4.011584 -0.196439
1.025691 4.022156 -0.193686
1.038288 4.014208 -0.192688
1.044207 4.016108 -0.188765
1.031765 4.024909 -0.189830
1.025401 4.035544 -0.186844
1.037550 4.026947 -0.185845
1.043128 4.028559 -0.181583
1.031062 4.037690 -0.182729
1.024668 4.048392 -0.179457
1.036411 4.039431 -0.178343
1.041551 4.040822 -0.173807
1.029863 4.050122 -0.175076
1.023643 4.060847 -0.172078
1.034922 4.051631 -0.170514
1.039488 4.052773 -0.165750
1.028606 4.062358 -0.167455
1.022433 4.072963 -0.164743
1.033138 4.063544 -0.162755
1.037220 4.064429 -0.157873
1.027045 4.074185 -0.160093
1.021139 4.084653 -0.157871
1.031213 4.075052 -0.155297
1.034934 4.075588 -0.150276
1.025522 4.085564 -0.153143
1.020192 4.095745 -0.151628
1.029341 4.086082 -0.148196
1.032533 4.086204 -0.143043
1.024219 4.096323 -0.146655
1.019381 4.106080 -0.145654
1.027634 4.096500 -0.141523
1.029841 4.096260 -0.136166
1.022728 4.106424 -0.140373
1.018052 4.115959 -0.139601
1.025046 4.106387 -0.134948
1.026019 4.105947 -0.129715
1.020307 4.116030 -0.134110
1.015579 4.124961 -0.133698
1.021344 4.115709 -0.128753
1.021020 4.115028 -0.123822
1.016770 4.124835 -0.128151
1.012096 4.133393 -0.127864
1.016457 4.124241 -0.123180
1.015047 4.123360 -0.118736
1.011739 4.132940 -0.122839
1.006654 4.140295 -0.123111
1.010417 4.132282 -0.118352
1.008215 4.131313 -0.114427
1.005321 4.139707 -0.118893
1.003079 4.138958 -0.115235
1.000291 4.138247 -0.112000
1.005157 4.130224 -0.111148
0.996393 4.137214 -0.109424
1.001019 4.128799 -0.108726
0.991662 4.136145 -0.107419
0.986100 4.134986 -0.106362
0.996157 4.127357 -0.107060
0.990503 4.125949 -0.106014
1.000697 4.117788 -0.107601
0.995100 4.116146 -0.106709
1.005571 4.119401 -0.109308
1.005522 4.107586 -0.108800
1.000051 4.105754 -0.107988
1.010444 4.097096 -0.110252
1.010295 4.109452 -0.110343
1.014281 4.111220 -0.112508
1.015055 4.099006 -0.111748
1.019736 4.087706 -0.113763
1.019039 4.100792 -0.113817
1.022150 4.102458 -0.116793
1.023695 4.089692 -0.115667
1.028341 4.078156 -0.117957
1.026827 4.091515 -0.118471
1.029192 4.093213 -0.121951
1.031578 4.080243 -0.120490
1.036326 4.068171 -0.123237
1.033933 4.082038 -0.123911
1.035372 4.083626 -0.128003
1.038657 4.070286 -0.126549
1.043605 4.058255 -0.129606
1.040266 4.072192 -0.130393
1.040719 4.073745 -0.134914
1.045259 4.060402 -0.133389
1.050610 4.048418 -0.136472
1.045901 4.062217 -0.137782
1.045381 4.063623 -0.142490
1.051392 4.050428 -0.140724
1.057408 4.038320 -0.143496
1.051224 4.052079 -0.145302
1.049636 4.053301 -0.150452
1.057534 4.040330 -0.148075
1.064204 4.028318 -0.150613
1.056363 4.041868 -0.153168
1.053885 4.042573 -0.158565
1.063292 4.030088 -0.155752
1.070299 4.017845 -0.158186
1.061074 4.031104 -0.161250
1.057611 4.031176 -0.166778
1.068256 4.019078 -0.163794
1.074954 4.006444 -0.166253
1.064891 4.019587 -0.169449
1.060394 4.019310 -0.174953
1.071831 4.007343 -0.172011
1.078212 3.994780 -0.174369
1.067420 4.007461 -0.177468
1.074046 3.995317 -0.179890
1.062359 4.007040 -0.182531
1.068999 3.995188 -0.184950
1.055295 4.018545 -0.180004
1.056740 4.006117 -0.187211
1.063441 3.994600 -0.189532
1.049901 4.017515 -0.184595
1.051009 4.004912 -0.191342
1.057507 3.993575 -0.193600
1.063903 3.982021 -0.195774
1.051428 3.992141 -0.197237
1.057683 3.980775 -0.199335
1.063612 3.969358 -0.201549
1.051005 3.978931 -0.202606
1.056933 3.967690 -0.204717
1.049946 3.965363 -0.207631
1.042576 3.962291 -0.210232
1.069890 3.970549 -0.198027
1.069934 3.982876 -0.191722
1.075446 3.983160 -0.187158
1.080365 3.982976 -0.182101
1.084117 3.982138 -0.176694
1.086442 3.980757 -0.171300
1.091320 3.968286 -0.173931
1.087354 3.979004 -0.166263
1.081084 3.993576 -0.168722
1.082435 3.991882 -0.163409
1.076843 4.005021 -0.160667
1.082234 3.989801 -0.158770
1.080731 3.987408 -0.154905
1.076969 4.002942 -0.155821
1.086831 3.976962 -0.161846
1.085006 3.974706 -0.158149
1.090968 3.964576 -0.164914
1.088899 3.962453 -0.161326
1.094915 3.952615 -0.167829
1.091821 3.966540 -0.169137
1.096024 3.954496 -0.171922
1.100075 3.942816 -0.174553
1.098772 3.941018 -0.170538
1.104027 3.931451 -0.177001
1.102573 3.929740 -0.173025
1.107889 3.920346 -0.179255
1.106316 3.918722 -0.175294
1.111759 3.909434 -0.181299
1.110064 3.907899 -0.177344
1.115433 3.898701 -0.183218
1.113662 3.897257 -0.179256
1.116004 3.900146 -0.187595
1.110775 3.895848 -0.175727
1.107249 3.906371 -0.173852
1.114320 3.885431 -0.177436
1.106850 3.894502 -0.172627
1.103382 3.904882 -0.170820
1.101907 3.893251 -0.169943
1.110300 3.884238 -0.174279
1.105299 3.883159 -0.171503
1.113798 3.874035 -0.175785
1.108784 3.873114 -0.172905
1.099304 3.882215 -0.169096
1.095943 3.892126 -0.167651
1.092341 3.881418 -0.167013
1.088962 3.891161 -0.165695
1.085705 3.901017 -0.164181
1.092617 3.902159 -0.166038
1.077832 3.900053 -0.162556
1.082546 3.911046 -0.162425
1.074794 3.909932 -0.160863
1.079468 3.921299 -0.160381
1.089333 3.912360 -0.164199
1.095110 3.913843 -0.166305
1.086108 3.922776 -0.162089
1.091735 3.924435 -0.164131
1.082919 3.933460 -0.159677
1.076500 3.931799 -0.158022
1.079773 3.944446 -0.156954
1.088370 3.935290 -0.161677
1.085046 3.946444 -0.158928
1.092838 3.937211 -0.164121
1.089318 3.948540 -0.161363
1.096324 3.939138 -0.167064
1.096362 3.926186 -0.166605
1.099988 3.927973 -0.169561
1.099868 3.915432 -0.168832
1.103616 3.917073 -0.171820
1.092638 3.950615 -0.164315
1.085771 3.960224 -0.158341
1.082134 3.972294 -0.155093
1.081675 3.957959 -0.155901
1.076719 3.955723 -0.153921
1.078194 3.969862 -0.152645
1.073466 3.967450 -0.150647
1.074521 3.982146 -0.149231
1.070310 3.994846 -0.145832
1.078076 3.984826 -0.151771
1.070004 3.979557 -0.147216
1.064730 3.977116 -0.145588
1.066290 3.991985 -0.143699
1.061859 4.004817 -0.140298
1.061291 3.989397 -0.142033
1.055409 3.987162 -0.140714
1.057484 4.001978 -0.138468
1.052965 4.014908 -0.134938
1.052026 3.999574 -0.137073
1.045583 3.997668 -0.135996
1.048223 4.012263 -0.133376
1.043777 4.025254 -0.129577
1.042286 4.010147 -0.132231
1.035294 4.008620 -0.131439
1.038554 4.022845 -0.128349
1.034192 4.035792 -0.124468
1.032083 4.021063 -0.127596
1.024521 4.019893 -0.127237
1.028386 4.033682 -0.123734
1.024064 4.046501 -0.120058
1.021305 4.032228 -0.123477
1.013140 4.031378 -0.123681
1.017532 4.044744 -0.119860
1.013263 4.057289 -0.116639
1.009743 4.043609 -0.120204
1.000950 4.043034 -0.121031
1.005726 4.055977 -0.117028
1.001554 4.067948 -0.114374
0.997320 4.055089 -0.117987
0.987584 4.054671 -0.119704
0.993305 4.066790 -0.115464
0.988801 4.078329 -0.113242
0.983690 4.066237 -0.117269
0.973184 4.065905 -0.119886
0.979517 4.077440 -0.115243
0.968844 4.077003 -0.118051
0.975013 4.088425 -0.113612
0.983961 4.089636 -0.111463
0.964502 4.087892 -0.116503
0.970059 4.099316 -0.112262
0.965092 4.110105 -0.111150
0.978934 4.100676 -0.110002
0.960108 4.098637 -0.115201
0.955420 4.109402 -0.114130
0.949331 4.098356 -0.118757
0.953924 4.087555 -0.119972
0.938452 4.098046 -0.122735
0.944742 4.109076 -0.117745
0.940014 4.119947 -0.116845
0.933810 4.108913 -0.121811
0.928999 4.119914 -0.120962
0.922985 4.108753 -0.126118
0.927704 4.097782 -0.126930
0.912077 4.108594 -0.130307
0.917983 4.119868 -0.125259
0.913090 4.130924 -0.124695
0.907019 4.119817 -0.129699
0.901912 4.130981 -0.129247
0.896048 4.119645 -0.133880
0.890757 4.130945 -0.133584
0.901203 4.108365 -0.134280
0.885594 4.119328 -0.137353
0.880141 4.130661 -0.137298
0.890861 4.108119 -0.137454
0.876807 4.119013 -0.139645
0.871016 4.130230 -0.139858
0.882411 4.107899 -0.139501
0.869306 4.118639 -0.141406
0.863958 4.129766 -0.141603
0.874546 4.107700 -0.141151
0.863276 4.118329 -0.142586
0.857837 4.129294 -0.142923
0.868505 4.107527 -0.142284
0.857218 4.118083 -0.143731
0.862378 4.107320 -0.143424
0.851305 4.117667 -0.144868
0.852012 4.128655 -0.144129
0.846171 4.128004 -0.145330
0.840576 4.127352 -0.146555
0.845633 4.117010 -0.146135
0.835207 4.126529 -0.147955
0.839827 4.116516 -0.147460
0.830015 4.125645 -0.149822
0.834219 4.115989 -0.149323
0.824998 4.124860 -0.152301
0.829171 4.115269 -0.151886
0.820921 4.123976 -0.155571
0.825313 4.114444 -0.155139
0.818293 4.123018 -0.159447
0.817652 4.122146 -0.163444
0.822939 4.113594 -0.158976
0.821981 4.112749 -0.163007
0.827949 4.103914 -0.158781
0.830192 4.104681 -0.155062
0.832606 4.094036 -0.158665
0.827085 4.103148 -0.162717
0.827436 4.102394 -0.166667
0.831909 4.093259 -0.162548
0.832367 4.092497 -0.166407
0.836229 4.083159 -0.162449
0.836748 4.083992 -0.158552
0.840320 4.072861 -0.162478
0.837091 4.082345 -0.166245
0.841296 4.071976 -0.166304
0.839076 4.081568 -0.169819
0.843859 4.071086 -0.169833
0.834276 4.091781 -0.170009
0.842395 4.080827 -0.173062
0.837256 4.091156 -0.173372
0.832044 4.101228 -0.173812
0.841090 4.090639 -0.176476
0.835714 4.100924 -0.176928
0.830107 4.110947 -0.177511
0.840020 4.100812 -0.179615
0.834307 4.111079 -0.180206
0.828847 4.121240 -0.180572
0.838597 4.111272 -0.182839
0.833023 4.121630 -0.183224
0.837791 4.122271 -0.185484
0.825009 4.120933 -0.177806
0.821717 4.120808 -0.174751
0.819544 4.120976 -0.171219
0.826671 4.110998 -0.174433
0.824000 4.111450 -0.170898
0.822434 4.112020 -0.167054
0.829217 4.101738 -0.170393
0.817840 4.121446 -0.167478
0.845654 4.061261 -0.166584
0.844180 4.062209 -0.162743
0.848602 4.051238 -0.163138
0.844537 4.063131 -0.158736
0.848263 4.052199 -0.159074
0.840638 4.073726 -0.158538
0.846359 4.063936 -0.154821
0.842920 4.074467 -0.154834
0.849961 4.064541 -0.151342
0.849999 4.053029 -0.155019
0.853924 4.041765 -0.155458
0.853354 4.053658 -0.151348
0.858306 4.053930 -0.148404
0.857053 4.042357 -0.151665
0.861413 4.030597 -0.152291
0.861983 4.042617 -0.148523
0.868190 4.042542 -0.146281
0.866097 4.030829 -0.148967
0.870621 4.018355 -0.149869
0.872425 4.030634 -0.146641
0.879695 4.030211 -0.145093
0.877013 4.018122 -0.147391
0.881861 4.004998 -0.148579
0.884543 4.017600 -0.145844
0.892393 4.017051 -0.144807
0.889618 4.004415 -0.146961
0.894733 3.990590 -0.148512
0.897633 4.003817 -0.145978
0.905450 4.003399 -0.145206
0.902873 3.989997 -0.147514
0.907566 3.975531 -0.149410
0.910632 3.989652 -0.146792
0.918049 3.989617 -0.146075
0.915303 3.975338 -0.148669
0.918503 3.960537 -0.150605
0.922486 3.975542 -0.147963
0.929440 3.976098 -0.147142
0.925683 3.961074 -0.149911
0.926761 3.946389 -0.151618
0.932423 3.962018 -0.149065
0.939165 3.963234 -0.148017
0.933717 3.947776 -0.150774
0.933030 3.933605 -0.152122
0.940483 3.949445 -0.149703
0.947509 3.951276 -0.148400
0.940229 3.935719 -0.151066
0.938519 3.922186 -0.152208
0.947531 3.937986 -0.149798
0.955037 3.940215 -0.148375
0.946327 3.924875 -0.150960
0.944218 3.912000 -0.152117
0.954259 3.927485 -0.149632
0.962437 3.929857 -0.148275
0.952727 3.915004 -0.150831
0.950847 3.902920 -0.152126
0.961425 3.917726 -0.149596
0.970468 3.920031 -0.148534
0.960145 3.905992 -0.150977
0.958996 3.894841 -0.152472
0.969721 3.908617 -0.150070
0.979771 3.910710 -0.149601
0.969117 3.897762 -0.151696
0.968972 3.887622 -0.153377
0.979645 3.900141 -0.151403
0.990789 3.901994 -0.151705
0.979935 3.890245 -0.153228
0.980863 3.881097 -0.154983
0.991479 3.892300 -0.153657
1.003529 3.893907 -0.154439
0.992735 3.883291 -0.155535
1.005145 3.884928 -0.156308
1.017590 3.886165 -0.157123
1.015605 3.895193 -0.155361
1.029702 3.887125 -0.157979
1.027382 3.896249 -0.156338
1.038681 3.897103 -0.157380
1.025406 3.905754 -0.154521
1.014034 3.904735 -0.153472
1.036394 3.906642 -0.155631
1.023699 3.915711 -0.152545
1.012731 3.914761 -0.151493
1.022163 3.926078 -0.150429
1.034354 3.916542 -0.153676
1.044591 3.917333 -0.154872
1.032489 3.926827 -0.151518
1.042476 3.927529 -0.152700
1.030729 3.937442 -0.149159
1.020693 3.936835 -0.148163
1.040462 3.938078 -0.150267
1.028989 3.948410 -0.146584
1.019204 3.947914 -0.145728
1.027197 3.959698 -0.143800
1.038497 3.948969 -0.147579
1.047569 3.949706 -0.148662
1.036498 3.960210 -0.144641
1.045390 3.960906 -0.145602
1.034433 3.971737 -0.141481
1.025278 3.971285 -0.140814
1.043108 3.972463 -0.142298
1.032220 3.983545 -0.138130
1.023225 3.983090 -0.137646
1.029857 3.995546 -0.134623
1.040698 3.984301 -0.138813
1.038116 3.996368 -0.135187
1.048482 3.985481 -0.139671
1.051146 3.973563 -0.143236
1.053667 3.961943 -0.146639
1.058396 3.975106 -0.144308
1.061203 3.963363 -0.147769
1.063837 3.952024 -0.151011
1.067863 3.965200 -0.149056
1.070730 3.953730 -0.152340
1.073590 3.942605 -0.155337
1.066465 3.941037 -0.153957
1.069135 3.930386 -0.156581
1.058481 3.939784 -0.152685
1.056088 3.950676 -0.149811
1.060919 3.929242 -0.155237
1.049768 3.938818 -0.151458
1.051989 3.928313 -0.153943
1.054326 3.918124 -0.156139
1.063465 3.919004 -0.157473
1.056862 3.908187 -0.158076
1.066195 3.908994 -0.159425
1.046900 3.907432 -0.156811
1.071889 3.920039 -0.158875
1.021003 3.995060 -0.134320
1.027313 4.007673 -0.130982
1.018614 4.007128 -0.130858
1.016027 4.019238 -0.127287
1.009412 4.006838 -0.131073
1.006875 4.018913 -0.127740
1.011748 3.994786 -0.134300
0.999902 4.006671 -0.131624
1.002255 3.994605 -0.134579
0.990245 4.006522 -0.132503
0.997291 4.018750 -0.128590
0.987497 4.018617 -0.129803
0.994403 4.030813 -0.125517
0.984416 4.030670 -0.127117
0.991176 4.042814 -0.122494
1.004087 4.030982 -0.124354
0.980990 4.042632 -0.124503
0.977234 4.054426 -0.122059
0.970724 4.042328 -0.126922
0.966778 4.054026 -0.124904
0.974366 4.030444 -0.129063
0.960548 4.041896 -0.129533
0.964391 4.030101 -0.131225
0.950515 4.041422 -0.132092
0.956410 4.053508 -0.127924
0.946216 4.052984 -0.130881
0.952062 4.064904 -0.126481
0.941730 4.064368 -0.129813
0.947585 4.076089 -0.125120
0.962641 4.065436 -0.123126
0.958334 4.076584 -0.121425
0.943085 4.087108 -0.123908
0.937105 4.075608 -0.128771
0.932391 4.086744 -0.127820
0.926818 4.075194 -0.132128
0.921897 4.086397 -0.131458
0.916497 4.074938 -0.135027
0.931572 4.063943 -0.132790
0.921436 4.063713 -0.135303
0.936175 4.052573 -0.133499
0.926250 4.052339 -0.135733
0.940645 4.041023 -0.134397
0.944959 4.029263 -0.135473
0.930984 4.040759 -0.136374
0.935604 4.028922 -0.137281
0.921790 4.040638 -0.138040
0.916775 4.052284 -0.137554
0.913276 4.040651 -0.139427
0.926711 4.028695 -0.138837
0.918305 4.028624 -0.140145
0.931418 4.016466 -0.139941
0.940049 4.016822 -0.138463
0.935921 4.003916 -0.141353
0.923264 4.016237 -0.141198
0.915471 4.016173 -0.142259
0.928053 4.003488 -0.142578
0.920486 4.003232 -0.143604
0.932513 3.990369 -0.144248
0.940051 3.991063 -0.143024
0.936380 3.976925 -0.146124
0.925268 3.989871 -0.145254
0.943555 3.977948 -0.144858
0.951119 3.979061 -0.143390
0.946145 3.964643 -0.146715
0.953439 3.966113 -0.145201
0.961150 3.967486 -0.143630
0.954787 3.953127 -0.146902
0.962425 3.954832 -0.145342
0.970613 3.956231 -0.143976
0.962840 3.942261 -0.146891
0.971150 3.943959 -0.145594
0.980090 3.945223 -0.144760
0.971037 3.931863 -0.147075
0.980273 3.933392 -0.146378
0.990078 3.934521 -0.146283
0.980076 3.921843 -0.147943
0.990327 3.923216 -0.148047
1.000918 3.924322 -0.148613
0.990480 3.912331 -0.149823
1.001593 3.913655 -0.150554
1.002397 3.903489 -0.152493
1.011595 3.925261 -0.149445
1.000217 3.935415 -0.146650
0.999338 3.946837 -0.144605
1.010480 3.936163 -0.147309
1.009271 3.947415 -0.145055
1.007890 3.958937 -0.142651
1.017608 3.959309 -0.143119
0.998179 3.958515 -0.142444
1.006271 3.970686 -0.140099
0.996694 3.970372 -0.140134
1.004395 3.982591 -0.137403
1.015850 3.970959 -0.140338
1.013884 3.982813 -0.137398
0.994866 3.982363 -0.137691
0.985444 3.982057 -0.138277
0.992714 3.994426 -0.135136
0.983219 3.994195 -0.135988
0.973908 3.993849 -0.137108
0.980620 4.006334 -0.133652
0.971116 4.006038 -0.135055
0.977661 4.018424 -0.131331
0.967931 4.018138 -0.133071
0.958378 4.017741 -0.134934
0.961842 4.005621 -0.136634
0.949067 4.017278 -0.136771
0.954582 4.029679 -0.133423
0.952863 4.005073 -0.138300
0.944210 4.004474 -0.139912
0.956238 3.992677 -0.140008
0.964885 3.993343 -0.138477
0.959049 3.980119 -0.141821
0.947966 3.991872 -0.141584
0.967431 3.980986 -0.140361
0.976252 3.981607 -0.139176
0.969363 3.968592 -0.142221
0.978102 3.969397 -0.141156
0.987253 3.969963 -0.140481
0.979384 3.957250 -0.143029
0.988629 3.957973 -0.142540
0.989552 3.946138 -0.144468
0.913030 4.003200 -0.144453
0.907840 4.016281 -0.143174
0.902670 4.028912 -0.142216
0.900184 4.016594 -0.143976
0.895032 4.029254 -0.143113
0.890059 4.041450 -0.142556
0.887350 4.029723 -0.144003
0.882590 4.041842 -0.143561
0.878087 4.053494 -0.143396
0.875172 4.042252 -0.144697
0.870972 4.053767 -0.144584
0.867063 4.064868 -0.144791
0.864237 4.053948 -0.146214
0.860493 4.064947 -0.146341
0.856630 4.075662 -0.146469
0.854748 4.064861 -0.148448
0.851142 4.075442 -0.148596
0.847303 4.085828 -0.148878
0.846401 4.075063 -0.151413
0.842498 4.085339 -0.151504
0.838199 4.095469 -0.151603
0.838895 4.084734 -0.154825
0.834826 4.094786 -0.154960
0.842929 4.096015 -0.149025
0.833830 4.105458 -0.151821
0.838508 4.106122 -0.149199
0.844128 4.106594 -0.147295
0.848404 4.096474 -0.146953
0.850219 4.106985 -0.145843
0.856244 4.107201 -0.144537
0.854534 4.096674 -0.145459
0.858898 4.086251 -0.145356
0.860546 4.096833 -0.144163
0.865057 4.086365 -0.143948
0.867065 4.096807 -0.143107
0.871678 4.086285 -0.142909
0.873469 4.096791 -0.142058
0.878301 4.086139 -0.141802
0.879786 4.096888 -0.140919
0.885118 4.086008 -0.140610
0.887834 4.096961 -0.139297
0.892978 4.085934 -0.139111
0.896194 4.097045 -0.137429
0.906246 4.097263 -0.134546
0.901442 4.085932 -0.137375
0.911490 4.086083 -0.134782
0.906507 4.074860 -0.137341
0.911667 4.063669 -0.137353
0.897934 4.074909 -0.139018
0.903002 4.063765 -0.138909
0.890344 4.075047 -0.140337
0.895207 4.063957 -0.140178
0.883207 4.075232 -0.141491
0.876299 4.075442 -0.142550
0.887873 4.064215 -0.141297
0.880736 4.064503 -0.142335
0.892648 4.052844 -0.141310
0.900201 4.052548 -0.140244
0.897590 4.041087 -0.141604
0.885307 4.053179 -0.142322
0.905247 4.040814 -0.140585
0.910364 4.028694 -0.141253
0.908121 4.052365 -0.139018
0.873786 4.064721 -0.143493
0.869425 4.075662 -0.143655
0.862946 4.075702 -0.145008
0.916977 4.097532 -0.130892
0.852733 4.086154 -0.146817
0.969430 3.878306 -0.154906
0.958234 3.884457 -0.153913
0.949012 3.891462 -0.153437
0.941671 3.899537 -0.153328
0.935847 3.908877 -0.153387
0.930782 3.919571 -0.153371
0.925594 3.931744 -0.153039
0.919352 3.945428 -0.152359
0.910752 3.960464 -0.151367
0.899403 3.976069 -0.150486
0.886797 3.991240 -0.150193
0.875288 4.005324 -0.151175
0.865829 4.018210 -0.153285
0.858315 4.030059 -0.156172
0.852489 4.040947 -0.159559
0.924222 4.130795 -0.120315
0.935350 4.130684 -0.116244
0.945953 4.130734 -0.112729
0.950656 4.120094 -0.113230
0.955740 4.131180 -0.109800
0.964393 4.131904 -0.107715
0.960287 4.120722 -0.110233
0.968938 4.121717 -0.108010
0.973879 4.111288 -0.108888
0.976823 4.123105 -0.106494
0.972355 4.132833 -0.106435
0.983997 4.124527 -0.105835
0.981724 4.112799 -0.107294
0.988837 4.114431 -0.106569
0.986721 4.102255 -0.108458
0.993892 4.103955 -0.107747
0.991768 4.091253 -0.110103
0.996792 4.079839 -0.112030
0.998844 4.093170 -0.109341
1.005000 4.095068 -0.109529
1.003688 4.081729 -0.111398
1.008672 4.069654 -0.113808
1.009834 4.083722 -0.111510
1.015206 4.085732 -0.112304
1.014610 4.071754 -0.113959
1.019437 4.059227 -0.116758
1.019850 4.073859 -0.114724
1.024388 4.075986 -0.116111
1.024682 4.061451 -0.117545
1.029513 4.048713 -0.120830
1.029264 4.063679 -0.118780
1.033131 4.065928 -0.120713
1.034110 4.051107 -0.122060
1.038972 4.038277 -0.125740
1.038038 4.053552 -0.123770
1.041117 4.055933 -0.126429
1.042960 4.040888 -0.127459
1.048010 4.027970 -0.131252
1.046170 4.043530 -0.129923
1.048738 4.046015 -0.132919
1.051446 4.030754 -0.133452
1.056785 4.017790 -0.136953
1.054286 4.033553 -0.136093
1.056424 4.036205 -0.139486
1.059891 4.020799 -0.139366
1.065390 4.007837 -0.142579
1.062319 4.023642 -0.142451
1.063867 4.026119 -0.146040
1.068172 4.010787 -0.145352
1.073482 3.997729 -0.148479
1.070013 4.013482 -0.148875
1.070876 4.015935 -0.153100
1.075745 4.000463 -0.151785
0.979576 4.133874 -0.106060
1.098492 3.903467 -0.168232
1.048361 4.029805 -0.177048
1.053264 4.030659 -0.172075
1.046252 4.041816 -0.168937
1.050381 4.042486 -0.163889
1.043567 4.053593 -0.160802
1.047071 4.053866 -0.155697
1.040849 4.064856 -0.152776
1.043595 4.064512 -0.147614
1.037950 4.075599 -0.145043
1.039995 4.074975 -0.139889
1.034817 4.085803 -0.137731
1.035741 4.084926 -0.132625
1.030793 4.095647 -0.130986
1.030551 4.094617 -0.126186
1.025731 4.105054 -0.124840
1.024363 4.103856 -0.120536
1.019602 4.114082 -0.119435
1.017424 4.112750 -0.115598
1.012855 4.122289 -0.114754
1.009648 4.120988 -0.111599
1.006738 4.140500 -0.127821
1.005345 4.140521 -0.132888
1.002803 4.140523 -0.137922
1.010756 4.133419 -0.133286
1.008487 4.133507 -0.138755
1.005032 4.133206 -0.143915
1.013320 4.124887 -0.139157
1.009865 4.124636 -0.144457
1.005202 4.124176 -0.149535
1.014494 4.115689 -0.144920
1.010043 4.115108 -0.149979
1.004964 4.114216 -0.154827
1.015080 4.105588 -0.150659
1.010212 4.104760 -0.155475
1.004999 4.103543 -0.160180
1.015677 4.094832 -0.156483
1.010760 4.093553 -0.161138
1.016434 4.083407 -0.162540
1.011479 4.081870 -0.167176
1.017476 4.071435 -0.169287
1.012418 4.069677 -0.173900
1.018486 4.059041 -0.176461
1.013031 4.056834 -0.180905
1.019155 4.046198 -0.183829
1.013297 4.043302 -0.188008
1.019465 4.032701 -0.190841
1.013373 4.029181 -0.194602
1.019503 4.018627 -0.197277
1.013280 4.014499 -0.200313
1.019510 4.003918 -0.202554
1.012327 3.999463 -0.204803
0.999669 4.113176 -0.159571
0.994723 4.122471 -0.159221
1.000070 4.123446 -0.154458
0.989660 4.131622 -0.158727
0.983728 4.130780 -0.163301
0.983876 4.139784 -0.157003
0.995173 4.132282 -0.153938
1.000342 4.132752 -0.149027
0.989673 4.140099 -0.152477
0.994861 4.140203 -0.147787
0.999458 4.140484 -0.142928
0.977653 4.139288 -0.161389
0.971241 4.138511 -0.165716
0.964664 4.137629 -0.170163
1.010064 3.984789 -0.208406
1.006704 3.970616 -0.211275
1.002073 3.957093 -0.213389
0.996340 3.944269 -0.214694
0.989687 3.932067 -0.215602
0.993656 3.923331 -0.216631
0.985594 3.912292 -0.217457
0.989328 3.904381 -0.218362
0.993244 3.896747 -0.219225
0.976473 3.902070 -0.218458
0.963054 3.899800 -0.218479
0.980102 3.894614 -0.219422
0.966349 3.892532 -0.219511
1.065828 3.912443 -0.219201
1.061525 3.922100 -0.217738
1.073428 3.913923 -0.217782
1.069057 3.923901 -0.215947
1.080844 3.915070 -0.215736
1.076433 3.925271 -0.213768
1.087948 3.915714 -0.212980
1.119119 3.890854 -0.194065
1.117114 3.892179 -0.198999
1.113706 3.893369 -0.203977
1.117512 3.882793 -0.205525
1.112901 3.883831 -0.210203
1.116626 3.873376 -0.211649
1.111005 3.874229 -0.215712
1.104554 3.874760 -0.218991
1.097623 3.874958 -0.221366
1.090311 3.874846 -0.222993
1.082736 3.874454 -0.223987
1.074948 3.873750 -0.224409
1.066630 3.872850 -0.224364
1.057272 3.871770 -0.223899
1.047058 3.870746 -0.223272
1.036100 3.869804 -0.222706
1.024426 3.868946 -0.222329
1.012026 3.868111 -0.222194
0.998899 3.867222 -0.222276
0.985105 3.866159 -0.222426
0.970763 3.864782 -0.222398
0.955998 3.863002 -0.222024
0.941297 3.860810 -0.221183
0.927162 3.858290 -0.219798
0.914446 3.855661 -0.217785
0.907606 3.862106 -0.216501
0.902373 3.853131 -0.215235
0.895869 3.859810 -0.213776
0.891593 3.850692 -0.211999
0.884922 3.857712 -0.210364
0.881973 3.848441 -0.208135
0.875695 3.855834 -0.206354
0.874005 3.846467 -0.203673
0.867508 3.854066 -0.201716
0.867128 3.844579 -0.198673
0.860656 3.852449 -0.196546
0.862080 3.842993 -0.193312
0.855688 3.850993 -0.190989
0.858555 3.841594 -0.187607
0.856999 3.840438 -0.181788
0.852349 3.849643 -0.185133
0.851546 3.848491 -0.179341
0.849118 3.858022 -0.183269
0.847888 3.866450 -0.181767
0.848738 3.856721 -0.177487
0.851936 3.859360 -0.189147
0.856978 3.860763 -0.194773
0.850100 3.867932 -0.187576
0.850325 3.876587 -0.186176
0.854822 3.869305 -0.193153
0.861442 3.870645 -0.198313
0.854454 3.878093 -0.191707
0.855609 3.887124 -0.190319
0.860782 3.879364 -0.196769
0.868351 3.880633 -0.201444
0.861487 3.888453 -0.195352
0.863961 3.897813 -0.193823
0.869021 3.889566 -0.199867
0.877625 3.890732 -0.203874
0.870938 3.898951 -0.198216
0.874206 3.908520 -0.196382
0.879167 3.899848 -0.202116
0.888251 3.900829 -0.205711
0.881689 3.909432 -0.200269
0.884486 3.919570 -0.198257
0.890070 3.910236 -0.203801
0.899367 3.910943 -0.207048
0.892291 3.920163 -0.201775
0.894311 3.930580 -0.199617
0.900897 3.920624 -0.204993
0.910407 3.920889 -0.207994
0.902264 3.930833 -0.202869
0.903056 3.941466 -0.200658
0.911050 3.930884 -0.205900
0.920714 3.930832 -0.208542
0.911311 3.941343 -0.203681
0.910590 3.952240 -0.201424
0.920173 3.941164 -0.206391
0.929502 3.941176 -0.208542
0.918875 3.951826 -0.204208
0.916987 3.962887 -0.201882
0.927748 3.951606 -0.206428
0.936910 3.952025 -0.208125
0.925283 3.962484 -0.204273
0.922149 3.973674 -0.202018
0.933889 3.962749 -0.206092
0.943269 3.963727 -0.207487
0.930339 3.973810 -0.203942
0.926255 3.985105 -0.201767
0.939439 3.974548 -0.205446
0.948880 3.975892 -0.206615
0.935071 3.985566 -0.203384
0.930227 3.996915 -0.201302
0.944361 3.986730 -0.204608
0.953729 3.988510 -0.205519
0.939245 3.997919 -0.202663
0.933788 4.009307 -0.200717
0.948426 3.999593 -0.203568
0.957602 4.001790 -0.204188
0.942842 4.010870 -0.201650
0.936826 4.022302 -0.199845
0.951788 4.012930 -0.202367
0.960798 4.015502 -0.202677
0.945719 4.024277 -0.200583
0.939334 4.035740 -0.198949
0.954611 4.026707 -0.200900
0.963470 4.029740 -0.200635
0.948260 4.038081 -0.199208
0.941668 4.049599 -0.197812
0.957047 4.040988 -0.198896
0.965510 4.044491 -0.197862
0.950384 4.052480 -0.197389
0.943596 4.064006 -0.196113
0.958862 4.055874 -0.196224
0.967052 4.059670 -0.194254
0.952137 4.067274 -0.194825
0.945049 4.078781 -0.193815
0.960385 4.070931 -0.192798
0.968177 4.074769 -0.190023
0.953381 4.082239 -0.191694
0.945819 4.093699 -0.190978
0.961174 4.085956 -0.188938
0.968557 4.089588 -0.185760
0.953677 4.097147 -0.188274
0.946271 4.108335 -0.187845
0.961380 4.100377 -0.185078
0.968869 4.103508 -0.181540
0.975705 4.093018 -0.182197
0.982346 4.082518 -0.183240
0.982274 4.096126 -0.178293
0.975486 4.078696 -0.186828
0.981995 4.067889 -0.188417
0.974764 4.063748 -0.191587
0.981165 4.052771 -0.193507
0.973572 4.048470 -0.195997
0.980146 4.037424 -0.198025
0.972037 4.033311 -0.199720
0.978371 4.022344 -0.201719
0.969713 4.018628 -0.202517
0.975719 4.007770 -0.204417
0.966761 4.004482 -0.204501
0.972330 3.993785 -0.206413
0.962985 3.990923 -0.206145
0.968099 3.980256 -0.208025
0.958562 3.977805 -0.207454
0.963024 3.967346 -0.209305
0.953079 3.965302 -0.208517
0.956858 3.954978 -0.210351
0.946736 3.953221 -0.209418
0.949739 3.943113 -0.211305
0.939397 3.941748 -0.210113
0.941438 3.931861 -0.211971
0.930748 3.931060 -0.210531
0.931726 3.921550 -0.212413
0.920884 3.921063 -0.210552
0.920769 3.911767 -0.212429
0.909621 3.911440 -0.209971
0.909020 3.902429 -0.211790
0.898072 3.901784 -0.208941
0.897454 3.892935 -0.210672
0.887196 3.891878 -0.207481
0.887233 3.883272 -0.209119
0.877311 3.881886 -0.205510
0.888439 3.874988 -0.210768
0.878254 3.873451 -0.207203
0.891379 3.867145 -0.212295
0.880824 3.865412 -0.208755
0.871598 3.863751 -0.204610
0.863632 3.862207 -0.199965
0.869208 3.872006 -0.202966
0.938158 4.105344 -0.190528
0.929928 4.102270 -0.192650
0.937614 4.090361 -0.193111
0.929153 4.087413 -0.194467
0.936478 4.075630 -0.195154
0.927978 4.072971 -0.195669
0.934891 4.061204 -0.196621
0.926212 4.058982 -0.196505
0.932762 4.047282 -0.197655
0.923981 4.045586 -0.196915
0.930391 4.033868 -0.198283
0.921833 4.032618 -0.197166
0.928069 4.020854 -0.198785
0.919463 4.020155 -0.197349
0.925066 4.008477 -0.199240
0.916744 4.008407 -0.197523
0.921741 3.996681 -0.199594
0.914062 3.996964 -0.197454
0.918277 3.985252 -0.199759
0.910550 3.985799 -0.197296
0.914149 3.974159 -0.199608
0.906488 3.974834 -0.196819
0.909135 3.963422 -0.199062
0.902152 3.963797 -0.195923
0.903073 3.952523 -0.198338
0.896405 3.952658 -0.195070
0.895643 3.941384 -0.197434
0.889344 3.941184 -0.193964
0.887211 3.930148 -0.196162
0.881211 3.929527 -0.192399
0.877792 3.918766 -0.194459
0.872366 3.917693 -0.190329
0.867993 3.907434 -0.192118
0.863073 3.906111 -0.187541
0.858453 3.896480 -0.188992
0.855092 3.894778 -0.183868
0.851663 3.885557 -0.184945
0.850214 3.883608 -0.179493
0.848319 3.874941 -0.180532
0.849041 3.873020 -0.175063
0.847902 3.864918 -0.176077
0.850602 3.863256 -0.170907
0.850972 3.855453 -0.172188
0.855138 3.854198 -0.167487
0.853080 3.847503 -0.173878
0.856954 3.846651 -0.169069
0.857824 3.839619 -0.176176
0.861529 3.839191 -0.171382
0.867380 3.838965 -0.167632
0.875018 3.838819 -0.164985
0.862925 3.845887 -0.165228
0.916324 3.838897 -0.161257
0.922545 3.834750 -0.164141
0.934532 3.835855 -0.163234
0.931262 3.831182 -0.167252
0.942693 3.832204 -0.165778
0.954714 3.833595 -0.164393
0.967003 3.835209 -0.163231
0.979303 3.836808 -0.162369
0.991622 3.838170 -0.161883
1.003961 3.839125 -0.161711
1.016383 3.839547 -0.161718
1.028877 3.839408 -0.161768
1.041266 3.838813 -0.161875
1.053289 3.837929 -0.162200
1.064727 3.836903 -0.162889
1.075456 3.835871 -0.163969
1.079977 3.827015 -0.164214
1.089635 3.825754 -0.165803
1.093852 3.816391 -0.166156
1.102451 3.815038 -0.168229
1.110292 3.813927 -0.170635
1.117352 3.813086 -0.173347
1.123603 3.812529 -0.176345
1.129014 3.812273 -0.179622
1.133549 3.812317 -0.183179
1.137170 3.812667 -0.187023
1.139826 3.813304 -0.191163
1.141457 3.814208 -0.195599
1.138758 3.808703 -0.216429
1.134550 3.810162 -0.220960
1.129377 3.811517 -0.224901
1.123453 3.812709 -0.228011
1.117070 3.813743 -0.230288
1.110406 3.814620 -0.231821
1.103600 3.815366 -0.232636
1.096634 3.816107 -0.232984
1.089490 3.816735 -0.232823
1.081957 3.817341 -0.232242
1.073500 3.818075 -0.231357
1.064750 3.819014 -0.230266
1.055842 3.820206 -0.229059
1.046730 3.821599 -0.227873
1.037416 3.823013 -0.226812
1.027928 3.824240 -0.225915
1.018352 3.825093 -0.225168
1.008880 3.825402 -0.224490
0.999804 3.825078 -0.223748
0.991380 3.824139 -0.222815
0.983693 3.822710 -0.221591
0.976723 3.820987 -0.220023
0.970437 3.819146 -0.218126
0.964865 3.817311 -0.215943
0.960015 3.815581 -0.213482
0.955938 3.814072 -0.210721
0.952771 3.812886 -0.207673
0.950727 3.812147 -0.204384
0.949930 3.811949 -0.200958
0.950379 3.812268 -0.197518
0.952038 3.812961 -0.194142
0.954879 3.813847 -0.190869
0.958785 3.814705 -0.187686
0.963630 3.815416 -0.184583
0.969274 3.815898 -0.181540
0.975610 3.816135 -0.178544
0.982570 3.816144 -0.175606
0.990093 3.815942 -0.172768
0.998131 3.815551 -0.170106
1.006644 3.814977 -0.167706
1.015597 3.814199 -0.165643
1.024949 3.813176 -0.163962
1.034657 3.811830 -0.162698
1.044637 3.810148 -0.161862
1.054767 3.808153 -0.161471
1.064887 3.805897 -0.161574
1.074812 3.803506 -0.162188
1.080047 3.793869 -0.162156
1.089087 3.791249 -0.163330
1.093537 3.780885 -0.163281
1.101748 3.778269 -0.164961
1.109547 3.775898 -0.167040
1.116850 3.773816 -0.169484
1.123580 3.772043 -0.172262
1.129672 3.770603 -0.175344
1.135069 3.769520 -0.178706
1.139733 3.768810 -0.182327
1.143638 3.768483 -0.186194
1.146753 3.768540 -0.190308
1.149030 3.768965 -0.194672
1.150411 3.769732 -0.199282
1.150816 3.770800 -0.204110
1.150152 3.772112 -0.209091
1.138706 3.766433 -0.227534
1.133333 3.767780 -0.230874
1.127482 3.768980 -0.233369
1.121350 3.770058 -0.235103
1.115012 3.771075 -0.236328
1.108627 3.772060 -0.236911
1.102229 3.773111 -0.236940
1.095835 3.774108 -0.236497
1.089149 3.775134 -0.235803
1.081739 3.776240 -0.234798
1.074253 3.777596 -0.233637
1.066872 3.779152 -0.232387
1.059660 3.780779 -0.231123
1.052615 3.782297 -0.229915
1.045787 3.783478 -0.228783
1.039313 3.784089 -0.227695
1.033338 3.783980 -0.226596
1.027962 3.783157 -0.225419
1.023142 3.781816 -0.224093
1.018801 3.780252 -0.222554
1.014920 3.778709 -0.220752
1.011557 3.777353 -0.218655
1.008846 3.776327 -0.216230
1.006951 3.775780 -0.213470
1.005978 3.775792 -0.210417
1.005935 3.776398 -0.207150
1.006731 3.777556 -0.203765
1.008201 3.779117 -0.200350
1.010171 3.780850 -0.196964
1.012513 3.782506 -0.193620
1.015161 3.783870 -0.190300
1.018106 3.784786 -0.186977
1.021369 3.785190 -0.183631
1.024997 3.785072 -0.180264
1.029045 3.784465 -0.176911
1.033562 3.783414 -0.173630
1.038579 3.781962 -0.170509
1.044110 3.780174 -0.167651
1.050149 3.778106 -0.165159
1.056649 3.775776 -0.163125
1.063550 3.773179 -0.161626
1.070790 3.770351 -0.160712
1.078299 3.767400 -0.160387
1.082663 3.755214 -0.159636
1.089949 3.752257 -0.159946
1.093264 3.739409 -0.158984
1.100365 3.736635 -0.159938
1.107445 3.733941 -0.161424
1.114368 3.731379 -0.163406
1.121005 3.729018 -0.165810
1.127237 3.726893 -0.168578
1.132972 3.725042 -0.171647
1.138169 3.723500 -0.174963
1.142778 3.722279 -0.178499
1.146801 3.721397 -0.182239
1.150229 3.720857 -0.186180
1.153034 3.720656 -0.190321
1.155155 3.720795 -0.194661
1.156511 3.721264 -0.199190
1.157002 3.722050 -0.203879
1.156526 3.723106 -0.208668
1.155009 3.724356 -0.213446
1.152434 3.725716 -0.218101
1.136156 3.717237 -0.231962
1.130684 3.718181 -0.233938
1.125075 3.719128 -0.235169
1.119288 3.720127 -0.236033
1.113505 3.721168 -0.236468
1.107654 3.722131 -0.236683
1.101752 3.723070 -0.236533
1.095278 3.723758 -0.235995
1.088853 3.724344 -0.235300
1.081989 3.724791 -0.234404
1.075220 3.725122 -0.233341
1.068581 3.725243 -0.232150
1.062228 3.724859 -0.230872
1.056277 3.723763 -0.229474
1.050805 3.721849 -0.227926
1.045627 3.719339 -0.226134
1.040781 3.716831 -0.224080
1.036398 3.714771 -0.221811
1.032609 3.713207 -0.219330
1.029412 3.712002 -0.216626
1.027005 3.711294 -0.213650
1.025461 3.711167 -0.210418
1.024792 3.711654 -0.206956
1.024995 3.712741 -0.203320
1.025985 3.714310 -0.199579
1.027677 3.716226 -0.195792
1.029898 3.718312 -0.192002
1.032476 3.720354 -0.188239
1.035298 3.722187 -0.184503
1.038287 3.723672 -0.180795
1.041421 3.724735 -0.177124
1.044747 3.725335 -0.173527
1.048347 3.725474 -0.170066
1.052301 3.725140 -0.166821
1.056657 3.724360 -0.163873
1.061435 3.723180 -0.161295
1.066634 3.721683 -0.159149
1.072237 3.719943 -0.157494
1.078229 3.718086 -0.156355
1.079488 3.702142 -0.154555
1.085838 3.700449 -0.154144
1.086466 3.684477 -0.152571
1.093190 3.683196 -0.152770
1.093499 3.667740 -0.151392
1.100083 3.681863 -0.153530
1.100546 3.666896 -0.152141
1.107064 3.680533 -0.154800
1.107668 3.666077 -0.153434
1.114018 3.679218 -0.156623
1.114733 3.665235 -0.155260
1.120746 3.677903 -0.158961
1.121544 3.664344 -0.157583
1.127065 3.676612 -0.161652
1.127922 3.663407 -0.160243
1.132894 3.675374 -0.164595
1.133794 3.662449 -0.163149
1.138206 3.674211 -0.167735
1.139129 3.661490 -0.166249
1.142999 3.673137 -0.171053
1.143924 3.660547 -0.169526
1.147261 3.672169 -0.174546
1.148163 3.659642 -0.172979
1.150976 3.671314 -0.178217
1.151831 3.658798 -0.176611
1.154116 3.670597 -0.182068
1.154897 3.658021 -0.180425
1.156643 3.670024 -0.186095
1.157325 3.657340 -0.184416
1.158514 3.669608 -0.190283
1.159073 3.656765 -0.188568
1.159684 3.669365 -0.194605
1.160105 3.656315 -0.192850
1.160114 3.669296 -0.199020
1.160402 3.656003 -0.197215
1.159788 3.669391 -0.203485
1.159979 3.655836 -0.201614
1.158668 3.669632 -0.207965
1.158853 3.655790 -0.206029
1.156634 3.670057 -0.212403
1.156915 3.655862 -0.210429
1.153636 3.670664 -0.216666
1.149931 3.671293 -0.220675
1.154102 3.656101 -0.214715
1.154120 3.641863 -0.212664
1.150553 3.656459 -0.218670
1.150606 3.641920 -0.216763
1.146356 3.656937 -0.222389
1.146558 3.642126 -0.220508
1.141655 3.657531 -0.225604
1.141894 3.642538 -0.223750
1.136606 3.658248 -0.228070
1.136921 3.643140 -0.226199
1.131303 3.658994 -0.229880
1.131737 3.643856 -0.228099
1.125988 3.659799 -0.231040
1.126545 3.644642 -0.229451
1.120567 3.660639 -0.231878
1.121190 3.645489 -0.230445
1.115209 3.661555 -0.232193
1.115910 3.646426 -0.230808
1.109819 3.662582 -0.232450
1.110511 3.647402 -0.231005
1.104358 3.663360 -0.232272
1.105126 3.648306 -0.230877
1.098754 3.663994 -0.231986
1.099688 3.648926 -0.230571
1.092728 3.664117 -0.231249
1.094007 3.649157 -0.229888
1.086558 3.663818 -0.230296
1.087959 3.649173 -0.228914
1.080280 3.663267 -0.229010
1.081673 3.648798 -0.227658
1.073985 3.662601 -0.227449
1.075334 3.648095 -0.225971
1.067825 3.661720 -0.225495
1.069022 3.647240 -0.224038
1.061754 3.660338 -0.223317
1.062856 3.646025 -0.221816
1.056146 3.658612 -0.220822
1.057105 3.644644 -0.219276
1.050767 3.656675 -0.217974
1.051509 3.643027 -0.216506
1.045891 3.654987 -0.215027
1.046236 3.641536 -0.213543
1.041404 3.653618 -0.212063
1.041543 3.640395 -0.210507
1.037424 3.652613 -0.208953
1.037198 3.639437 -0.207378
1.034138 3.651822 -0.205682
1.033588 3.638706 -0.204148
1.031535 3.651341 -0.202253
1.030704 3.638225 -0.200687
1.029374 3.651120 -0.198738
1.028279 3.637914 -0.197134
1.027972 3.651083 -0.195038
1.026751 3.637755 -0.193367
1.027216 3.651221 -0.191196
1.025895 3.637707 -0.189461
1.027396 3.651589 -0.187223
1.025923 3.637767 -0.185445
1.028374 3.652083 -0.183179
1.026712 3.637885 -0.181381
1.029938 3.652620 -0.179117
1.028112 3.638044 -0.177302
1.032128 3.653162 -0.175102
1.030286 3.638240 -0.173296
1.034948 3.653672 -0.171208
1.033155 3.638401 -0.169418
1.038178 3.654109 -0.167466
1.036441 3.638528 -0.165717
1.041849 3.654508 -0.163930
1.040238 3.638709 -0.162219
1.046007 3.654794 -0.160712
1.044486 3.638838 -0.159081
1.050620 3.654889 -0.157881
1.049248 3.638864 -0.156342
1.055635 3.654791 -0.155454
1.054426 3.638814 -0.153983
1.061046 3.654519 -0.153444
1.066865 3.654167 -0.151843
1.059982 3.638674 -0.152007
1.058940 3.623805 -0.150731
1.065936 3.638491 -0.150442
1.072322 3.638367 -0.149336
1.065049 3.623780 -0.149199
1.064270 3.609932 -0.148002
1.071570 3.623794 -0.148093
1.078505 3.623897 -0.147448
1.070949 3.610065 -0.146841
1.070417 3.597073 -0.145536
1.078010 3.610283 -0.146130
1.085376 3.610641 -0.145881
1.077596 3.597378 -0.144763
1.077194 3.584997 -0.143103
1.085070 3.597830 -0.144383
1.084764 3.585526 -0.142622
1.092711 3.586264 -0.142552
1.084537 3.573719 -0.140984
1.084362 3.562243 -0.139182
1.076776 3.573123 -0.141646
1.092644 3.574554 -0.140747
1.092575 3.563128 -0.138822
1.101002 3.575423 -0.140995
1.101120 3.564004 -0.138985
1.109423 3.576271 -0.141880
1.109689 3.564825 -0.139841
1.117620 3.577041 -0.143201
1.117978 3.565637 -0.141127
1.125420 3.577596 -0.145022
1.125779 3.566215 -0.142877
1.132573 3.577870 -0.147077
1.133001 3.566451 -0.144798
1.138981 3.577825 -0.149384
1.139393 3.566398 -0.147032
1.144668 3.577461 -0.151771
1.144950 3.566082 -0.149436
1.149588 3.576891 -0.154566
1.149776 3.565562 -0.152129
1.153727 3.576177 -0.157438
1.153785 3.564888 -0.154918
1.157031 3.575270 -0.160575
1.157007 3.564024 -0.157937
1.159581 3.574227 -0.163887
1.159332 3.562989 -0.161239
1.161155 3.573039 -0.167499
1.160718 3.561838 -0.164834
1.161896 3.571799 -0.171404
1.161324 3.560635 -0.168737
1.161811 3.570594 -0.175500
1.161108 3.559509 -0.172840
1.160929 3.569503 -0.179805
1.160115 3.558509 -0.177132
1.159372 3.568475 -0.184200
1.158476 3.557547 -0.181411
1.157264 3.567513 -0.188460
1.156205 3.556653 -0.185603
1.154413 3.566735 -0.192681
1.153410 3.555851 -0.189737
1.151123 3.566091 -0.196676
1.150169 3.555161 -0.193658
1.147570 3.565529 -0.200432
1.146752 3.554514 -0.197423
1.143667 3.565118 -0.203893
1.142907 3.554003 -0.200910
1.139462 3.564860 -0.207000
1.138756 3.553581 -0.204117
1.134949 3.564678 -0.209709
1.130222 3.564698 -0.211935
1.134352 3.553393 -0.206773
1.133678 3.542503 -0.204148
1.129629 3.553331 -0.209034
1.128987 3.542366 -0.206517
1.124672 3.553365 -0.210936
1.124023 3.542367 -0.208385
1.119367 3.553569 -0.212318
1.118784 3.542493 -0.209794
1.113892 3.553896 -0.213417
1.113287 3.542696 -0.210868
1.108307 3.554324 -0.214184
1.107654 3.542991 -0.211576
1.102332 3.554806 -0.214637
1.101536 3.543363 -0.212059
1.096031 3.555325 -0.214761
1.095189 3.543792 -0.212163
1.089590 3.555964 -0.214594
1.088597 3.544273 -0.212018
1.083277 3.556527 -0.214078
1.082103 3.544801 -0.211563
1.076869 3.556888 -0.213197
1.075574 3.545205 -0.210765
1.070176 3.557054 -0.212031
1.068737 3.545454 -0.209667
1.063516 3.557122 -0.210489
1.062053 3.545569 -0.208228
1.056771 3.557171 -0.208876
1.055311 3.545646 -0.206686
1.050341 3.557080 -0.206732
1.048923 3.545620 -0.204677
1.044073 3.556936 -0.204542
1.042651 3.545490 -0.202547
1.038291 3.556658 -0.202016
1.037116 3.545289 -0.200105
1.032889 3.556332 -0.199372
1.031766 3.545038 -0.197537
1.028261 3.555988 -0.196541
1.027241 3.544737 -0.194713
1.024208 3.555614 -0.193511
1.023300 3.544424 -0.191708
1.021040 3.555200 -0.190198
1.020179 3.544081 -0.188442
1.018687 3.554783 -0.186719
1.017994 3.543733 -0.185017
1.017171 3.554390 -0.183181
1.016500 3.543374 -0.181558
1.016536 3.553988 -0.179578
1.015946 3.543011 -0.178055
1.016893 3.553567 -0.175974
1.016313 3.542609 -0.174513
1.017823 3.553086 -0.172326
1.017265 3.542206 -0.171024
1.019358 3.552606 -0.168758
1.018715 3.541763 -0.167522
1.021351 3.552119 -0.165120
1.020799 3.541329 -0.163990
1.024341 3.551647 -0.161540
1.023734 3.540907 -0.160470
1.027856 3.551241 -0.158072
1.027224 3.540485 -0.157090
1.032350 3.550857 -0.154799
1.037173 3.550515 -0.151668
1.031734 3.540089 -0.153837
1.031313 3.529495 -0.152833
1.036568 3.539729 -0.150699
1.041864 3.539425 -0.147756
1.036085 3.529104 -0.149728
1.035760 3.518590 -0.148716
1.041417 3.528769 -0.146680
1.047294 3.528488 -0.143888
1.041118 3.518183 -0.145576
1.040720 3.507727 -0.144292
1.046949 3.517840 -0.142694
1.053333 3.517619 -0.139892
1.046494 3.507321 -0.141262
1.045834 3.496938 -0.139741
1.052762 3.507005 -0.138316
1.059377 3.506816 -0.135516
1.051984 3.496569 -0.136717
1.051048 3.486228 -0.134912
1.058500 3.496316 -0.133636
1.057539 3.485957 -0.131654
1.056510 3.475718 -0.129516
1.050043 3.475984 -0.133141
1.044032 3.476432 -0.136766
1.049054 3.465938 -0.131436
1.048178 3.456038 -0.129663
1.043033 3.466379 -0.135244
1.037429 3.466943 -0.138691
1.042065 3.456479 -0.133731
1.036330 3.457084 -0.137249
1.041174 3.446725 -0.132183
1.040295 3.437102 -0.130631
1.035318 3.447361 -0.135820
1.029688 3.448107 -0.138966
1.034354 3.437766 -0.134371
1.028653 3.438570 -0.137541
1.033370 3.428314 -0.132906
1.032315 3.418980 -0.131503
1.027643 3.429156 -0.136169
1.022009 3.430071 -0.139259
1.026625 3.419849 -0.134900
1.021112 3.420807 -0.138083
1.025577 3.410701 -0.133746
1.024407 3.401677 -0.132693
1.020209 3.411711 -0.137074
1.015230 3.412722 -0.140446
1.019269 3.402777 -0.136222
1.014503 3.403848 -0.139702
1.010255 3.404792 -0.143283
1.014100 3.394401 -0.139376
1.009911 3.395513 -0.143091
1.006387 3.396518 -0.147057
1.003706 3.397324 -0.151167
1.006720 3.405631 -0.147179
1.004103 3.406366 -0.151275
1.007365 3.414339 -0.147719
1.007841 3.423306 -0.148468
1.004741 3.415005 -0.151715
1.010958 3.413589 -0.143955
1.011499 3.422627 -0.144802
1.015952 3.421776 -0.141341
1.012078 3.431851 -0.145803
1.013122 3.441249 -0.147054
1.008314 3.432530 -0.149399
1.016723 3.431010 -0.142424
1.017694 3.440399 -0.143698
1.023043 3.439455 -0.140591
1.018992 3.449843 -0.145069
1.024236 3.448939 -0.141972
1.020658 3.459283 -0.146460
1.014353 3.450752 -0.148379
1.016179 3.460190 -0.149785
1.010822 3.451467 -0.151829
1.009405 3.441947 -0.150558
1.008161 3.452020 -0.155434
1.012687 3.460962 -0.153162
1.010093 3.461553 -0.156695
1.014922 3.470478 -0.154524
1.012452 3.471071 -0.157991
1.017145 3.480085 -0.155939
1.018211 3.469710 -0.151177
1.020231 3.479370 -0.152608
1.022348 3.468936 -0.147946
1.023914 3.478703 -0.149538
1.026941 3.468246 -0.144926
1.032070 3.467567 -0.141873
1.028279 3.478122 -0.146469
1.025538 3.458469 -0.143391
1.030869 3.457744 -0.140416
1.033189 3.477525 -0.143334
1.029374 3.488189 -0.147998
1.034164 3.487651 -0.144808
1.029911 3.498382 -0.149274
1.025263 3.488722 -0.151108
1.021751 3.489226 -0.154105
1.025793 3.498878 -0.152418
1.026285 3.509125 -0.153715
1.022433 3.499348 -0.155574
1.022955 3.509566 -0.156927
1.019530 3.499843 -0.158740
1.019958 3.510000 -0.160152
1.018859 3.489820 -0.157394
1.017177 3.500328 -0.162090
1.017803 3.510413 -0.163478
1.016549 3.490372 -0.160692
1.015512 3.500742 -0.165425
1.016261 3.510805 -0.166838
1.014875 3.490812 -0.164059
1.014914 3.501030 -0.168757
1.015357 3.511126 -0.170170
1.014015 3.491129 -0.167397
1.014722 3.501274 -0.172055
1.015174 3.511392 -0.173478
1.013906 3.491333 -0.170690
1.015291 3.501449 -0.175241
1.015836 3.511616 -0.176698
1.014741 3.491463 -0.173817
1.016530 3.501601 -0.178389
1.017045 3.511809 -0.179898
1.016014 3.491563 -0.176868
1.018445 3.501735 -0.181469
1.018923 3.511973 -0.183080
1.017917 3.491645 -0.179878
1.020995 3.501847 -0.184530
1.021587 3.512115 -0.186187
1.020433 3.491721 -0.182869
1.024632 3.501916 -0.187288
1.025195 3.512240 -0.189030
1.023659 3.491752 -0.185679
1.028587 3.501948 -0.189937
1.029423 3.512341 -0.191692
1.027611 3.491775 -0.188329
1.033384 3.502010 -0.192392
1.034269 3.512444 -0.194145
1.032406 3.491814 -0.190766
1.038504 3.502122 -0.194717
1.039510 3.512543 -0.196444
1.037506 3.491907 -0.193075
1.044156 3.502234 -0.196793
1.045274 3.512651 -0.198516
1.043108 3.492007 -0.195101
1.050196 3.502303 -0.198510
1.051357 3.512718 -0.200302
1.049140 3.492163 -0.196897
1.056708 3.502359 -0.200041
1.058002 3.512678 -0.201836
1.055415 3.492323 -0.198536
1.063616 3.502308 -0.201329
1.064943 3.512615 -0.203120
1.062100 3.492351 -0.199871
1.070660 3.502211 -0.202377
1.072012 3.512461 -0.204118
1.069203 3.492269 -0.200885
1.077686 3.502022 -0.203063
1.078995 3.512181 -0.204741
1.076255 3.492152 -0.201650
1.084613 3.501769 -0.203470
1.085868 3.511854 -0.205091
1.083190 3.491957 -0.202094
1.091285 3.501458 -0.203428
1.097666 3.501165 -0.203173
1.089821 3.491716 -0.202112
1.092535 3.511549 -0.205127
1.093460 3.521923 -0.207279
1.098855 3.511295 -0.205093
1.099931 3.521591 -0.207047
1.105065 3.511025 -0.204594
1.106074 3.521312 -0.206596
1.110900 3.510807 -0.203861
1.103881 3.500895 -0.202647
1.102445 3.491159 -0.201271
1.109821 3.500688 -0.201912
1.108499 3.490888 -0.200411
1.115520 3.500557 -0.200955
1.114341 3.490627 -0.199201
1.116534 3.510635 -0.202874
1.121040 3.500469 -0.199474
1.119895 3.490434 -0.197789
1.121904 3.510652 -0.201458
1.126236 3.500449 -0.197557
1.125248 3.490282 -0.195659
1.127005 3.510740 -0.199583
1.131256 3.500487 -0.195268
1.130332 3.490232 -0.193206
1.131943 3.510881 -0.197318
1.135944 3.500709 -0.192283
1.135118 3.490351 -0.190183
1.136580 3.511154 -0.194426
1.140331 3.501078 -0.188693
1.139559 3.490625 -0.186483
1.140871 3.511584 -0.190941
1.144213 3.501579 -0.184759
1.143494 3.491031 -0.182442
1.144700 3.512123 -0.187109
1.147595 3.502211 -0.180656
1.146887 3.491540 -0.178220
1.148088 3.512756 -0.183113
1.150637 3.502981 -0.176372
1.150067 3.492244 -0.173806
1.151181 3.513493 -0.178987
1.153324 3.503838 -0.172119
1.152737 3.493130 -0.169483
1.153893 3.514337 -0.174736
1.155764 3.504815 -0.167765
1.155170 3.494196 -0.165049
1.156146 3.515231 -0.170487
1.157729 3.505850 -0.163338
1.157171 3.495324 -0.160545
1.158272 3.516270 -0.166108
1.159183 3.506884 -0.158839
1.158620 3.496448 -0.155969
1.159544 3.517322 -0.161718
1.159884 3.507908 -0.154427
1.159329 3.497480 -0.151464
1.160136 3.518369 -0.157411
1.159623 3.508846 -0.150248
1.159126 3.498354 -0.147158
1.159961 3.519296 -0.153328
1.158484 3.509611 -0.146377
1.158030 3.499099 -0.143163
1.158822 3.520107 -0.149523
1.156441 3.510203 -0.142873
1.155968 3.499694 -0.139601
1.153417 3.510593 -0.139858
1.156712 3.520734 -0.146131
1.153682 3.521204 -0.143206
1.156812 3.531329 -0.149270
1.153879 3.531876 -0.146358
1.158863 3.530615 -0.152656
1.156594 3.542041 -0.152495
1.156757 3.552936 -0.155283
1.158888 3.541240 -0.155641
1.153644 3.542724 -0.149577
1.153702 3.553728 -0.152315
1.149970 3.543261 -0.146821
1.149854 3.554339 -0.149552
1.150221 3.532361 -0.143626
1.145346 3.543669 -0.144259
1.145206 3.554834 -0.146943
1.145595 3.532695 -0.141145
1.139831 3.543895 -0.141995
1.139664 3.555116 -0.144575
1.140081 3.532901 -0.138924
1.133579 3.543948 -0.139768
1.133312 3.555143 -0.142445
1.133747 3.532884 -0.136836
1.126408 3.543677 -0.138002
1.126091 3.554863 -0.140512
1.126538 3.532615 -0.135225
1.118472 3.543168 -0.136457
1.118303 3.554354 -0.138903
1.118585 3.532140 -0.133793
1.110055 3.542529 -0.135294
1.109933 3.553614 -0.137589
1.110093 3.531485 -0.132791
1.101238 3.541701 -0.134675
1.101205 3.552778 -0.136972
1.101207 3.530756 -0.132329
1.092349 3.540826 -0.134842
1.092459 3.551883 -0.136917
1.092245 3.529923 -0.132567
1.083792 3.539947 -0.135462
1.084070 3.551014 -0.137405
1.083433 3.529084 -0.133451
1.075552 3.539433 -0.136576
1.076014 3.550474 -0.138287
1.076400 3.561638 -0.140025
1.068413 3.550143 -0.139785
1.068824 3.561308 -0.141233
1.069321 3.572788 -0.142659
1.061728 3.561137 -0.142941
1.062310 3.572583 -0.144245
1.062905 3.584444 -0.145393
1.056444 3.584365 -0.147152
1.069874 3.584644 -0.144101
1.063548 3.596867 -0.146635
1.057204 3.596763 -0.148311
1.058044 3.609870 -0.149587
1.051384 3.596756 -0.150351
1.045740 3.596804 -0.152630
1.052221 3.609873 -0.151467
1.046754 3.609940 -0.153770
1.053267 3.623869 -0.152704
1.047959 3.623934 -0.155016
1.043097 3.623986 -0.157717
1.041789 3.610060 -0.156483
1.038777 3.624042 -0.160830
1.037303 3.610238 -0.159603
1.034832 3.624100 -0.164290
1.033344 3.610472 -0.163041
1.031430 3.624198 -0.167962
1.029855 3.610715 -0.166700
1.028536 3.624327 -0.171787
1.026773 3.610970 -0.170473
1.026265 3.624399 -0.175783
1.024511 3.611267 -0.174441
1.024925 3.624489 -0.179860
1.023207 3.611569 -0.178492
1.024165 3.624616 -0.183917
1.022437 3.611882 -0.182515
1.024212 3.624784 -0.187935
1.022489 3.612199 -0.186519
1.025099 3.625005 -0.191872
1.023392 3.612517 -0.190457
1.026731 3.625283 -0.195651
1.024985 3.612865 -0.194250
1.029230 3.625607 -0.199253
1.027560 3.613240 -0.197843
1.032365 3.626075 -0.202701
1.030898 3.613774 -0.201311
1.036069 3.626708 -0.205998
1.034829 3.614453 -0.204614
1.040708 3.627523 -0.209151
1.039612 3.615199 -0.207738
1.045750 3.628572 -0.212186
1.044946 3.616112 -0.210785
1.051355 3.629827 -0.215151
1.050725 3.617058 -0.213707
1.057185 3.630920 -0.217788
1.056885 3.617983 -0.216301
1.063182 3.632141 -0.220295
1.063060 3.619124 -0.218831
1.069733 3.633292 -0.222523
1.069667 3.620085 -0.220946
1.076087 3.634276 -0.224483
1.076130 3.620574 -0.222787
1.082418 3.634714 -0.226108
1.082569 3.621032 -0.224421
1.088666 3.634735 -0.227355
1.088744 3.621033 -0.225645
1.094588 3.634549 -0.228420
1.094512 3.620461 -0.226564
1.100255 3.634069 -0.228818
1.100128 3.619694 -0.226895
1.105571 3.633462 -0.229142
1.105590 3.618793 -0.227091
1.110949 3.632578 -0.229159
1.110846 3.617905 -0.227024
1.116204 3.631539 -0.228993
1.116243 3.617022 -0.226653
1.121517 3.630657 -0.228382
1.121540 3.616205 -0.226037
1.126701 3.629889 -0.227395
1.126739 3.615535 -0.224899
1.131880 3.629149 -0.225836
1.131830 3.614967 -0.223231
1.136862 3.628519 -0.224033
1.141716 3.628046 -0.221510
1.136692 3.614501 -0.221258
1.141329 3.614223 -0.218706
1.145720 3.614192 -0.215493
1.146241 3.627764 -0.218383
1.149658 3.614430 -0.211890
1.150277 3.627822 -0.214550
1.153077 3.614753 -0.207918
1.153746 3.628003 -0.210426
1.155928 3.615120 -0.203832
1.156471 3.628315 -0.206227
1.158208 3.615595 -0.199601
1.158529 3.628695 -0.201903
1.159956 3.616232 -0.195250
1.159958 3.629178 -0.197549
1.161110 3.617040 -0.190826
1.160821 3.629791 -0.193149
1.161438 3.617988 -0.186425
1.160935 3.630548 -0.188776
1.160915 3.619008 -0.182171
1.160247 3.631407 -0.184518
1.159604 3.620029 -0.178090
1.158787 3.632300 -0.180413
1.157507 3.621034 -0.174207
1.156577 3.633209 -0.176489
1.154637 3.621998 -0.170550
1.153645 3.634108 -0.172767
1.151035 3.622896 -0.167106
1.150032 3.634978 -0.169247
1.146746 3.623695 -0.163861
1.145774 3.635796 -0.165918
1.141811 3.624366 -0.160810
1.140901 3.636534 -0.162776
1.136241 3.624874 -0.157959
1.135426 3.637161 -0.159822
1.130038 3.625180 -0.155320
1.129357 3.637645 -0.157069
1.123251 3.625273 -0.152925
1.122736 3.637978 -0.154560
1.115997 3.625178 -0.150883
1.115665 3.638159 -0.152384
1.115250 3.651518 -0.153866
1.108303 3.638188 -0.150688
1.108052 3.651909 -0.152069
1.100771 3.652281 -0.150827
1.122178 3.651013 -0.156124
1.128664 3.650399 -0.158715
1.134619 3.649692 -0.161555
1.140012 3.648918 -0.164592
1.144835 3.648088 -0.167811
1.149075 3.647235 -0.171208
1.152709 3.646382 -0.174791
1.155705 3.645547 -0.178563
1.158026 3.644751 -0.182522
1.159633 3.644011 -0.186648
1.160499 3.643353 -0.190911
1.160607 3.642811 -0.195264
1.160001 3.642402 -0.199646
1.158784 3.642111 -0.204013
1.156901 3.641919 -0.208378
1.121301 3.602415 -0.223420
1.115924 3.603149 -0.224211
1.110497 3.603904 -0.224684
1.105008 3.604761 -0.224834
1.099419 3.605712 -0.224738
1.093893 3.606670 -0.224394
1.088008 3.607405 -0.223597
1.082089 3.607613 -0.222550
1.075482 3.607250 -0.220951
1.068868 3.606629 -0.219077
1.062342 3.606135 -0.217068
1.056058 3.605507 -0.214672
1.049692 3.604751 -0.212148
1.043848 3.603987 -0.209230
1.038392 3.603189 -0.206220
1.033509 3.602466 -0.203150
1.029473 3.601816 -0.199847
1.026103 3.601319 -0.196415
1.023448 3.600876 -0.192869
1.021800 3.600419 -0.189084
1.020939 3.599972 -0.185186
1.020811 3.599505 -0.181233
1.021620 3.599081 -0.177256
1.022986 3.598681 -0.173267
1.025280 3.598292 -0.169330
1.028429 3.597905 -0.165580
1.032019 3.597553 -0.161962
1.036040 3.597224 -0.158547
1.040651 3.596967 -0.155391
1.092046 3.519132 -0.130258
1.101072 3.519888 -0.129803
1.091702 3.508470 -0.127589
1.091158 3.497933 -0.124793
1.100780 3.509189 -0.127047
1.100342 3.498627 -0.124107
1.109778 3.509869 -0.127228
1.109415 3.499238 -0.124191
1.110037 3.520603 -0.130013
1.118378 3.510441 -0.127969
1.117991 3.499748 -0.124886
1.126253 3.510849 -0.129239
1.118588 3.521230 -0.130941
1.126455 3.521666 -0.132295
1.133622 3.521935 -0.133977
1.133380 3.511091 -0.130779
1.139931 3.522010 -0.135945
1.145434 3.521891 -0.138098
1.139688 3.511166 -0.132706
1.145167 3.511117 -0.134794
1.139225 3.500461 -0.129384
1.144694 3.500433 -0.131444
1.138606 3.489787 -0.125995
1.132932 3.500353 -0.127571
1.125855 3.500120 -0.126041
1.132326 3.489696 -0.124274
1.131656 3.479104 -0.120852
1.125307 3.489506 -0.122819
1.124643 3.478974 -0.119530
1.117494 3.489191 -0.121757
1.116913 3.478745 -0.118562
1.108936 3.488749 -0.121163
1.108403 3.478379 -0.118078
1.099824 3.488193 -0.121206
1.099302 3.477899 -0.118178
1.090565 3.487547 -0.122005
1.089968 3.477327 -0.118999
1.089348 3.467221 -0.115910
1.088698 3.457211 -0.112829
1.098761 3.467690 -0.115029
1.098180 3.457574 -0.111803
1.107852 3.468076 -0.114835
1.107229 3.457839 -0.111569
1.116272 3.468335 -0.115271
1.115620 3.457992 -0.111898
1.123970 3.468483 -0.116144
1.123297 3.458045 -0.112665
1.130982 3.468551 -0.117385
1.130254 3.457994 -0.113835
1.137124 3.468517 -0.119089
1.137890 3.479153 -0.122571
1.136390 3.457851 -0.115466
1.142532 3.468415 -0.121092
1.143316 3.479115 -0.124623
1.141783 3.457651 -0.117434
1.147104 3.468199 -0.123491
1.147857 3.478968 -0.127015
1.146324 3.457309 -0.119894
1.150839 3.467839 -0.126312
1.151636 3.478713 -0.129755
1.150039 3.456856 -0.122789
1.153723 3.467318 -0.129601
1.154588 3.478291 -0.132943
1.155725 3.466640 -0.133417
1.152924 3.456278 -0.126177
1.152180 3.444996 -0.122696
1.154928 3.455575 -0.130129
1.154098 3.444122 -0.126857
1.155913 3.454634 -0.134589
1.156735 3.465793 -0.137727
1.155917 3.453557 -0.139445
1.155052 3.443131 -0.131525
1.154967 3.442012 -0.136585
1.154017 3.431495 -0.128707
1.153833 3.430325 -0.133985
1.152610 3.419732 -0.126294
1.153215 3.432551 -0.123762
1.151225 3.433471 -0.119459
1.151832 3.420831 -0.121132
1.150213 3.409177 -0.118842
1.150036 3.421845 -0.116501
1.147232 3.422789 -0.112545
1.148484 3.410226 -0.113962
1.146533 3.398769 -0.111938
1.145756 3.411271 -0.109737
1.142140 3.412314 -0.106165
1.143853 3.399865 -0.107455
1.141441 3.388764 -0.105881
1.140217 3.401000 -0.103717
1.135689 3.402179 -0.100668
1.137834 3.389939 -0.101902
1.135006 3.379227 -0.100856
1.133311 3.391208 -0.098656
1.127892 3.392420 -0.096223
1.130519 3.380470 -0.097404
1.125188 3.381674 -0.094696
1.119039 3.382864 -0.092657
1.121660 3.393555 -0.094522
1.112178 3.384073 -0.091315
1.114849 3.394651 -0.093330
1.104737 3.385259 -0.090632
1.096609 3.386381 -0.090879
1.107362 3.395692 -0.092835
1.099205 3.396648 -0.093121
1.109599 3.406108 -0.095461
1.111496 3.416548 -0.098361
1.117115 3.405249 -0.095892
1.101469 3.406878 -0.095664
1.103227 3.417087 -0.098578
1.092627 3.407484 -0.096774
1.094312 3.417475 -0.099550
1.083354 3.407955 -0.098810
1.090510 3.397494 -0.094209
1.087919 3.387367 -0.092117
1.081305 3.398122 -0.096551
1.072151 3.398501 -0.100009
1.078869 3.388134 -0.094501
1.069856 3.388635 -0.098021
1.061249 3.388871 -0.102538
1.053383 3.388945 -0.107771
1.063439 3.398657 -0.104359
1.055481 3.398651 -0.109401
1.065141 3.408189 -0.106368
1.057111 3.408092 -0.111227
1.066426 3.417720 -0.108315
1.073995 3.408179 -0.102121
1.075491 3.417823 -0.104338
1.084950 3.417727 -0.101421
1.076631 3.427493 -0.106733
1.067470 3.427276 -0.110407
1.086197 3.427567 -0.104016
1.077535 3.437197 -0.109214
1.068313 3.436857 -0.112627
1.078375 3.446943 -0.111884
1.087205 3.437421 -0.106795
1.088013 3.447273 -0.109823
1.096707 3.437506 -0.105466
1.105737 3.437490 -0.104894
1.095694 3.427509 -0.102356
1.097503 3.447513 -0.108651
1.106555 3.447649 -0.108236
1.114948 3.447678 -0.108423
1.122582 3.447592 -0.109106
1.114077 3.437341 -0.104964
1.121727 3.437066 -0.105501
1.112955 3.426966 -0.101564
1.120585 3.426499 -0.101991
1.104618 3.427297 -0.101672
1.119013 3.415870 -0.098816
1.127468 3.425936 -0.102958
1.125933 3.415125 -0.099758
1.128611 3.436696 -0.106488
1.133653 3.425297 -0.104470
1.139081 3.424545 -0.106500
1.132175 3.414289 -0.101215
1.134715 3.436222 -0.108068
1.135614 3.447094 -0.111770
1.140135 3.435674 -0.110077
1.144672 3.435027 -0.112633
1.141002 3.446729 -0.113744
1.145574 3.446276 -0.116223
1.149298 3.445698 -0.119174
1.148363 3.434287 -0.115751
1.143562 3.423691 -0.109205
1.129486 3.447405 -0.110187
1.137592 3.413332 -0.103339
1.130194 3.403298 -0.098476
1.124000 3.404307 -0.096898
1.079142 3.456781 -0.114701
1.058351 3.417524 -0.113069
1.048383 3.398766 -0.114673
1.046355 3.389126 -0.113236
1.138558 3.378121 -0.105054
1.141084 3.377171 -0.110057
1.144039 3.387712 -0.110664
1.142474 3.376356 -0.115873
1.145563 3.386785 -0.116194
1.142597 3.375663 -0.122269
1.145882 3.385998 -0.122352
1.141324 3.375133 -0.129117
1.138572 3.374645 -0.136210
1.144844 3.385340 -0.128970
1.147926 3.395829 -0.129302
1.142275 3.384752 -0.135975
1.138644 3.384155 -0.143123
1.145609 3.395018 -0.136003
1.148622 3.405930 -0.136436
1.142139 3.394370 -0.142798
1.145539 3.405117 -0.142851
1.138078 3.393951 -0.149502
1.133898 3.394113 -0.155721
1.134414 3.383736 -0.150066
1.141768 3.404590 -0.149208
1.137748 3.404746 -0.155165
1.145134 3.415534 -0.149459
1.147842 3.426759 -0.150348
1.141304 3.415329 -0.155133
1.148406 3.416282 -0.143456
1.150850 3.417345 -0.137535
1.150583 3.427791 -0.144823
1.152611 3.429048 -0.139399
1.152150 3.439520 -0.146945
1.153901 3.440785 -0.141773
1.149802 3.438294 -0.151974
1.153401 3.451173 -0.149432
1.154994 3.452414 -0.144455
1.151218 3.449876 -0.154394
1.154514 3.462435 -0.152136
1.155949 3.463638 -0.147280
1.152401 3.461172 -0.156957
1.155494 3.473536 -0.154916
1.156423 3.484549 -0.157719
1.156990 3.474764 -0.150142
1.153457 3.472306 -0.159639
1.154367 3.483378 -0.162348
1.151062 3.471280 -0.164219
1.151991 3.482314 -0.166816
1.149740 3.459938 -0.161918
1.148157 3.470564 -0.168779
1.149195 3.481458 -0.171296
1.146831 3.459375 -0.166412
1.144862 3.470055 -0.173362
1.146090 3.480835 -0.175784
1.143353 3.459020 -0.171070
1.141192 3.469755 -0.177760
1.142480 3.480395 -0.180096
1.139563 3.458924 -0.175581
1.137110 3.469632 -0.182005
1.138492 3.480127 -0.184247
1.135301 3.459107 -0.179903
1.132622 3.469750 -0.185860
1.134020 3.480077 -0.188057
1.130752 3.459571 -0.184042
1.127640 3.470108 -0.189352
1.129107 3.480183 -0.191276
1.125848 3.460307 -0.187774
1.122548 3.470493 -0.192197
1.124004 3.480345 -0.193866
1.120744 3.460963 -0.191073
1.117041 3.470960 -0.194797
1.118622 3.480587 -0.196123
1.115168 3.461597 -0.193933
1.111259 3.471430 -0.196709
1.105257 3.471970 -0.198329
1.112842 3.480953 -0.197901
1.109324 3.462290 -0.196208
1.103283 3.463044 -0.198036
1.107250 3.453574 -0.196290
1.101208 3.454439 -0.198314
1.105038 3.445299 -0.197354
1.113061 3.452626 -0.193781
1.110816 3.444048 -0.194540
1.118566 3.451524 -0.190479
1.116237 3.442506 -0.190701
1.123684 3.450446 -0.186675
1.121351 3.441027 -0.186449
1.128501 3.449541 -0.182650
1.133162 3.448793 -0.178214
1.126059 3.439698 -0.181896
1.130586 3.438496 -0.177036
1.123208 3.430120 -0.181998
1.120344 3.420861 -0.183050
1.118671 3.431919 -0.187052
1.127605 3.428546 -0.176784
1.124519 3.418961 -0.177469
1.131941 3.427245 -0.171558
1.128700 3.417272 -0.171799
1.134894 3.437723 -0.172250
1.136102 3.426452 -0.166530
1.132884 3.416070 -0.166319
1.139088 3.437233 -0.167415
1.140321 3.426109 -0.161352
1.137082 3.415509 -0.161003
1.142990 3.437045 -0.162479
1.144312 3.426251 -0.155798
1.146719 3.437364 -0.157136
1.148510 3.448698 -0.159270
1.145167 3.448090 -0.164206
1.141526 3.447992 -0.169039
1.137338 3.448307 -0.173766
1.133620 3.405144 -0.161042
1.129762 3.394898 -0.161962
1.129278 3.405917 -0.167037
1.125489 3.396156 -0.168652
1.125335 3.407563 -0.172977
1.121636 3.398046 -0.175091
1.121455 3.409673 -0.179048
1.118183 3.400640 -0.181408
1.117475 3.412159 -0.185106
1.114595 3.403511 -0.187727
1.113471 3.414934 -0.190729
1.116068 3.423221 -0.188536
1.108715 3.417818 -0.196076
1.110682 3.406625 -0.193703
1.106150 3.409627 -0.199088
1.107764 3.398233 -0.196751
1.103480 3.401330 -0.202233
1.111326 3.394817 -0.190481
1.104511 3.389507 -0.199600
1.100421 3.392661 -0.205131
1.107859 3.386112 -0.193243
1.110758 3.382855 -0.186750
1.113717 3.379895 -0.180145
1.114706 3.391792 -0.184154
1.117809 3.389037 -0.177623
1.121469 3.386688 -0.170804
1.125662 3.385154 -0.163937
1.117111 3.377389 -0.173400
1.121460 3.375375 -0.165769
1.125969 3.374257 -0.158459
1.129996 3.384067 -0.157022
1.130459 3.373769 -0.151088
1.134806 3.374059 -0.143602
1.095478 3.395360 -0.209733
1.090014 3.397397 -0.213128
1.098426 3.403907 -0.206764
1.092897 3.405868 -0.210078
1.101024 3.411995 -0.203452
1.103548 3.420035 -0.200357
1.095506 3.413877 -0.206695
1.089901 3.415301 -0.208934
1.098080 3.421813 -0.203590
1.092337 3.423052 -0.205846
1.100384 3.429490 -0.200968
1.105939 3.427868 -0.197782
1.102722 3.437315 -0.198956
1.094543 3.430636 -0.203230
1.088591 3.431424 -0.204726
1.096830 3.438375 -0.201129
1.090835 3.439109 -0.202562
1.099066 3.446253 -0.199416
1.093028 3.446967 -0.200890
1.095103 3.455155 -0.199887
1.086850 3.447407 -0.201625
1.080596 3.447646 -0.201849
1.088933 3.455558 -0.200552
1.084690 3.439558 -0.203331
1.078475 3.439754 -0.203487
1.082562 3.431829 -0.205333
1.076312 3.432046 -0.205585
1.080296 3.424222 -0.207989
1.074161 3.424401 -0.207910
1.078028 3.416555 -0.210836
1.086349 3.423777 -0.207210
1.084000 3.416116 -0.210231
1.081504 3.408319 -0.213462
1.075491 3.408947 -0.213927
1.078500 3.399940 -0.216334
1.087188 3.407362 -0.212356
1.084284 3.398986 -0.215412
1.072612 3.400590 -0.216642
1.066514 3.401051 -0.216378
1.060184 3.401291 -0.215846
1.069372 3.409340 -0.213817
1.071741 3.416868 -0.210846
1.062883 3.409552 -0.213434
1.065338 3.416970 -0.210351
1.056409 3.409237 -0.212202
1.049941 3.408588 -0.210301
1.058833 3.416623 -0.209145
1.053932 3.400905 -0.214386
1.047332 3.400201 -0.212311
1.040902 3.398903 -0.209475
1.034995 3.397380 -0.205999
1.043336 3.407603 -0.207735
1.037143 3.406371 -0.204562
1.045816 3.415054 -0.205064
1.052371 3.415982 -0.207467
1.039507 3.414089 -0.202240
1.048066 3.422635 -0.202620
1.054639 3.423416 -0.204753
1.041740 3.421875 -0.200086
1.050201 3.430534 -0.200600
1.056768 3.431198 -0.202579
1.043948 3.429881 -0.198240
1.052257 3.438628 -0.199022
1.058768 3.439188 -0.200952
1.045918 3.438099 -0.196871
1.054213 3.446945 -0.197971
1.060809 3.447284 -0.199600
1.047819 3.446524 -0.195966
1.056046 3.455460 -0.197387
1.062700 3.455709 -0.198893
1.049634 3.455131 -0.195528
1.057715 3.464230 -0.197338
1.064460 3.464410 -0.198729
1.059292 3.473271 -0.197750
1.051294 3.463982 -0.195605
1.052766 3.473107 -0.196204
1.045089 3.463722 -0.193761
1.039476 3.463427 -0.191680
1.043578 3.454756 -0.193403
1.046646 3.472895 -0.194419
1.047932 3.482414 -0.195575
1.040711 3.472693 -0.192557
1.041867 3.482252 -0.193787
1.035115 3.472501 -0.190529
1.034026 3.463156 -0.189560
1.036290 3.482093 -0.191720
1.030104 3.472345 -0.188241
1.028989 3.462895 -0.187289
1.031342 3.481951 -0.189343
1.025679 3.472225 -0.185774
1.024650 3.462693 -0.184818
1.026683 3.481857 -0.186896
1.021701 3.472130 -0.183188
1.020607 3.462572 -0.182273
1.022782 3.481762 -0.184207
1.018187 3.472040 -0.180466
1.017110 3.462443 -0.179568
1.019374 3.481724 -0.181451
1.015417 3.471929 -0.177588
1.013863 3.462391 -0.176814
1.016899 3.481636 -0.178504
1.012806 3.471866 -0.174595
1.011011 3.462379 -0.173833
1.014562 3.481582 -0.175571
1.011106 3.471862 -0.171501
1.008944 3.462359 -0.170604
1.013225 3.481574 -0.172591
1.010062 3.471893 -0.168297
1.012409 3.481542 -0.169411
1.009931 3.471783 -0.164912
1.007783 3.462329 -0.167270
1.005849 3.452843 -0.166396
1.007572 3.462231 -0.163810
1.005560 3.452681 -0.162765
1.008331 3.461988 -0.160258
1.010792 3.471507 -0.161468
1.006359 3.452421 -0.159105
1.005024 3.442871 -0.158040
1.004297 3.433434 -0.157096
1.006644 3.442496 -0.154243
1.004454 3.443156 -0.161805
1.004753 3.443368 -0.165521
1.003715 3.433772 -0.160990
1.004080 3.434090 -0.164828
1.003306 3.424777 -0.160389
1.002983 3.415960 -0.159901
1.003752 3.424374 -0.156369
1.003814 3.425128 -0.164303
1.005355 3.425415 -0.168006
1.003594 3.416296 -0.163847
1.005182 3.416584 -0.167587
1.003072 3.407811 -0.163674
1.002781 3.398808 -0.163769
1.002423 3.407439 -0.159606
1.004627 3.408110 -0.167511
1.006594 3.408420 -0.171208
1.004267 3.399122 -0.167633
1.006233 3.399404 -0.171354
1.008790 3.399662 -0.174828
1.011397 3.400011 -0.178337
1.009264 3.408729 -0.174650
1.011847 3.409114 -0.178146
1.009830 3.417201 -0.174612
1.012631 3.417572 -0.177958
1.007190 3.416882 -0.171178
1.010221 3.425924 -0.174822
1.010774 3.434811 -0.175114
1.013289 3.426220 -0.178004
1.007532 3.425667 -0.171498
1.007960 3.434567 -0.171885
1.005563 3.434353 -0.168467
1.008591 3.443696 -0.172429
1.009578 3.452987 -0.173080
1.006128 3.443526 -0.169076
1.011488 3.443846 -0.175506
1.012515 3.453037 -0.176086
1.014784 3.444044 -0.178493
1.015744 3.453101 -0.178920
1.013887 3.435096 -0.178266
1.018404 3.444291 -0.181381
1.019540 3.453327 -0.181693
1.017420 3.435374 -0.181133
1.022361 3.444509 -0.183940
1.023477 3.453537 -0.184275
1.021153 3.435725 -0.183938
1.026641 3.444845 -0.186582
1.027884 3.453779 -0.186757
1.025260 3.436121 -0.186700
1.031249 3.445233 -0.189016
1.036400 3.445666 -0.191464
1.032648 3.454080 -0.189098
1.029794 3.436535 -0.189212
1.027996 3.428064 -0.189829
1.034783 3.437019 -0.191790
1.040032 3.437572 -0.194459
1.032977 3.428602 -0.192615
1.038074 3.429263 -0.195614
1.030962 3.420373 -0.193874
1.036095 3.421099 -0.197057
1.026429 3.419679 -0.190541
1.028989 3.412245 -0.195246
1.033984 3.413105 -0.198811
1.024476 3.411523 -0.191804
1.026823 3.403886 -0.196895
1.031682 3.405040 -0.200777
1.022875 3.402815 -0.192868
1.025587 3.394420 -0.197672
1.029900 3.395850 -0.201960
1.022101 3.393137 -0.193330
1.019554 3.401821 -0.188913
1.016733 3.401152 -0.185368
1.021067 3.410769 -0.188187
1.022446 3.419127 -0.187596
1.017783 3.410161 -0.184915
1.019002 3.418543 -0.184452
1.014786 3.409576 -0.181504
1.015676 3.417999 -0.181192
1.014056 3.400530 -0.181839
1.016492 3.426538 -0.181064
1.020188 3.426980 -0.184020
1.023838 3.427545 -0.187031
1.041848 3.446082 -0.193736
1.038018 3.454404 -0.191302
1.007122 3.452949 -0.169876
1.002548 3.406990 -0.155438
1.002070 3.398447 -0.159676
1.002292 3.397955 -0.155457
1.003240 3.415553 -0.155794
1.005310 3.423874 -0.152332
1.005879 3.433038 -0.153178
1.013141 3.481123 -0.162725
1.014717 3.480686 -0.159305
1.012440 3.481391 -0.166103
1.054096 3.482584 -0.197270
1.060681 3.482674 -0.198663
1.067655 3.482684 -0.199785
1.066111 3.473373 -0.199027
1.074661 3.482626 -0.200617
1.081551 3.482488 -0.201111
1.073034 3.473388 -0.199908
1.079813 3.473345 -0.200545
1.071310 3.464499 -0.199697
1.069497 3.455886 -0.199990
1.078014 3.464501 -0.200377
1.084574 3.464348 -0.200479
1.076120 3.455971 -0.200758
1.082616 3.455841 -0.200884
1.074202 3.447688 -0.201590
1.067560 3.447572 -0.200884
1.072088 3.439785 -0.203216
1.065528 3.439573 -0.202337
1.069903 3.432062 -0.205270
1.063416 3.431768 -0.204200
1.067714 3.424445 -0.207572
1.061064 3.424198 -0.206585
1.086452 3.473171 -0.200601
1.090936 3.464068 -0.200137
1.092866 3.472879 -0.200187
1.097140 3.463671 -0.199407
1.099107 3.472489 -0.199499
1.100862 3.481696 -0.200217
1.094652 3.481995 -0.200723
1.106995 3.481307 -0.199193
1.096245 3.491427 -0.201747
1.088270 3.482265 -0.201066
1.108448 3.435858 -0.195921
1.113805 3.434018 -0.191934
1.111153 3.425706 -0.193631
1.157861 3.485659 -0.153052
1.157723 3.475853 -0.145419
1.158595 3.486697 -0.148423
1.157597 3.476812 -0.140899
1.156816 3.464792 -0.142406
1.158424 3.487639 -0.144026
1.156566 3.477643 -0.136684
1.157361 3.488433 -0.139931
1.155324 3.489028 -0.136296
1.152334 3.489410 -0.133183
1.152960 3.500054 -0.136532
1.148573 3.489647 -0.130468
1.149224 3.500285 -0.133804
1.144042 3.489780 -0.128090
1.149684 3.510896 -0.137174
1.149990 3.521600 -0.140530
1.152299 3.418559 -0.131845
1.150416 3.406988 -0.130243
1.150919 3.408093 -0.124295
1.148622 3.396763 -0.123005
1.148119 3.397748 -0.117173
1.158952 3.551964 -0.158540
1.160038 3.540240 -0.159345
1.160245 3.550867 -0.162159
1.160062 3.529743 -0.156371
1.160376 3.539188 -0.163283
1.160691 3.549736 -0.166040
1.160463 3.528736 -0.160331
1.159851 3.538107 -0.167463
1.160337 3.548646 -0.170199
1.159906 3.527689 -0.164537
1.158668 3.537130 -0.171695
1.159193 3.547708 -0.174426
1.158494 3.526682 -0.168906
1.156824 3.536235 -0.175904
1.157468 3.546795 -0.178622
1.156525 3.525729 -0.173197
1.154530 3.535372 -0.180043
1.155163 3.545933 -0.182763
1.154168 3.524849 -0.177364
1.151806 3.534573 -0.184137
1.152368 3.545140 -0.186834
1.151526 3.524013 -0.181556
1.148697 3.533857 -0.188057
1.149307 3.544412 -0.190754
1.148426 3.523270 -0.185575
1.145301 3.533184 -0.191850
1.145905 3.543742 -0.194531
1.145119 3.522615 -0.189497
1.141584 3.532610 -0.195500
1.142149 3.543178 -0.198080
1.137536 3.532128 -0.198976
1.141275 3.522059 -0.193206
1.137033 3.521610 -0.196614
1.132487 3.521293 -0.199530
1.133009 3.531808 -0.201728
1.127653 3.521137 -0.201878
1.128263 3.531630 -0.204084
1.122619 3.521059 -0.203665
1.123284 3.531557 -0.205895
1.117352 3.521017 -0.205056
1.118059 3.531575 -0.207254
1.111861 3.521119 -0.205924
1.112629 3.531754 -0.208301
1.106874 3.531994 -0.209049
1.100748 3.532307 -0.209532
1.094373 3.532733 -0.209646
1.087715 3.533177 -0.209586
1.086820 3.522263 -0.207164
1.081083 3.533610 -0.209121
1.080088 3.522630 -0.206744
1.074342 3.533996 -0.208437
1.073185 3.522967 -0.206143
1.067463 3.534241 -0.207367
1.066201 3.523201 -0.205106
1.060647 3.534340 -0.206043
1.059227 3.523383 -0.203955
1.053923 3.534403 -0.204479
1.052528 3.523449 -0.202387
1.047615 3.534350 -0.202526
1.046382 3.523381 -0.200489
1.041571 3.534220 -0.200453
1.040533 3.523272 -0.198404
1.036005 3.534075 -0.198088
1.035040 3.523145 -0.196111
1.030941 3.533908 -0.195579
1.030146 3.522995 -0.193621
1.026433 3.533678 -0.192816
1.025740 3.522856 -0.190922
1.022593 3.533434 -0.189846
1.022007 3.522676 -0.188013
1.019649 3.533163 -0.186627
1.019293 3.522456 -0.184838
1.017519 3.532874 -0.183305
1.017286 3.522223 -0.181571
1.016139 3.532569 -0.179915
1.015914 3.521987 -0.178285
1.015534 3.532261 -0.176514
1.015348 3.521725 -0.174969
1.015868 3.531916 -0.173072
1.015671 3.521406 -0.171602
1.016794 3.531533 -0.169653
1.016515 3.521072 -0.168252
1.018286 3.531133 -0.166234
1.018080 3.520691 -0.164846
1.020507 3.530724 -0.162778
1.020326 3.520297 -0.161531
1.023393 3.530304 -0.159345
1.023253 3.519880 -0.158206
1.026875 3.529888 -0.156061
1.026583 3.519453 -0.154940
1.031007 3.519005 -0.151827
1.030540 3.508656 -0.150597
1.035305 3.508183 -0.147445
1.034736 3.497880 -0.146110
1.040211 3.497391 -0.142921
1.039549 3.487118 -0.141573
1.038542 3.476950 -0.140139
1.045017 3.486624 -0.138270
1.138092 3.542751 -0.201449
3 6 4 0
3 6 0 1
3 2 3463 1
3 2 1 0
3 3 127 2
3 3 2 0
3 3 0 4
3 3 4 5
3 6 1 8
3 6 8 7
3 8 10 9
3 8 9 7
3 11 9 10
3 11 10 12
3 11 12 14
3 11 14 13
3 14 16 15
3 14 15 13
3 17 15 16
3 17 16 18
3 17 18 20
3 17 20 19
3 20 22 21
3 20 21 19
3 22 24 23
3 22 23 21
3 24 26 25
3 24 25 23
3 26 28 27
3 26 27 25
3 28 30 29
3 28 29 27
3 30 32 31
3 30 31 29
3 31 32 4351
3 4351 34 33
3 4351 33 31
3 35 33 34
3 36 35 34
3 36 34 37
3 38 36 37
3 38 37 39
3 40 38 39
3 40 39 41
3 43 42 40
3 43 40 41
3 43 45 44
3 43 44 42
3 46 44 45
3 46 45 47
3 49 48 46
3 49 46 47
3 49 51 50
3 49 50 48
3 50 51 53
3 50 53 52
3 55 54 52
3 55 52 53
3 56 54 55
3 56 55 57
3 56 57 59
3 56 59 58
3 59 61 60
3 59 60 58
3 62 60 61
3 62 61 63
3 62 63 65
3 62 65 64
3 65 67 66
3 65 66 64
3 67 69 68
3 67 68 66
3 69 71 70
3 69 70 68
3 71 73 72
3 71 72 70
3 73 75 74
3 73 74 72
3 75 77 76
3 75 76 74
3 77 79 78
3 77 78 76
3 79 81 80
3 79 80 78
3 81 83 82
3 81 82 80
3 82 83 85
3 82 85 84
3 87 86 84
3 87 84 85
3 87 89 88
3 87 88 86
3 88 89 91
3 88 91 90
3 93 92 90
3 93 90 91
3 93 95 94
3 93 94 92
3 94 95 97
3 94 97 96
3 99 98 96
3 99 96 97
3 99 101 100
3 99 100 98
3 100 101 103
3 100 103 102
3 105 104 102
3 105 102 103
3 105 107 106
3 105 106 104
3 106 107 109
3 106 109 108
3 110 108 109
3 110 109 111
3 110 111 113
3 110 113 112
3 112 113 115
3 112 115 114
3 114 115 117
3 114 117 116
3 118 116 117
3 118 117 119
3 118 119 121
3 118 121 120
3 121 123 122
3 121 122 120
3 124 122 123
3 124 123 125
3 124 125 3
3 124 3 5
3 3 125 126
3 3 126 127
3 129 126 125
3 129 125 123
3 128 3457 127
3 128 127 126
3 129 131 128
3 129 128 126
3 121 130 129
3 121 129 123
3 129 130 132
3 129 132 131
3 128 131 133
3 128 133 134
3 136 133 131
3 136 131 132
3 135 3451 134
3 135 134 133
3 136 138 135
3 136 135 133
3 4020 137 136
3 4020 136 132
3 136 137 139
3 136 139 138
3 135 138 140
3 135 140 141
3 143 140 138
3 143 138 139
3 142 3445 141
3 142 141 140
3 143 145 142
3 143 142 140
3 4019 144 143
3 4019 143 139
3 143 144 146
3 143 146 145
3 142 145 147
3 142 147 148
3 150 147 145
3 150 145 146
3 149 3439 148
3 149 148 147
3 150 152 149
3 150 149 147
3 3982 151 150
3 3982 150 146
3 150 151 153
3 150 153 152
3 149 152 154
3 149 154 155
3 157 154 152
3 157 152 153
3 156 3435 155
3 156 155 154
3 157 159 156
3 157 156 154
3 4018 158 157
3 4018 157 153
3 157 158 160
3 157 160 159
3 156 159 161
3 156 161 162
3 163 161 159
3 163 159 160
3 164 165 162
3 164 162 161
3 163 166 164
3 163 164 161
3 164 167 168
3 164 168 165
3 164 166 169
3 164 169 167
3 168 167 170
3 168 170 173
3 171 170 167
3 171 167 169
3 171 3677 172
3 171 172 170
3 172 175 173
3 172 173 170
3 168 173 174
3 168 174 3430
3 174 173 175
3 174 175 177
3 172 3678 176
3 172 176 175
3 176 179 177
3 176 177 175
3 174 177 178
3 174 178 3426
3 178 177 179
3 178 179 181
3 176 3681 180
3 176 180 179
3 180 183 181
3 180 181 179
3 178 181 182
3 178 182 3422
3 182 181 183
3 182 183 185
3 180 3684 184
3 180 184 183
3 184 187 185
3 184 185 183
3 182 185 186
3 182 186 3418
3 186 185 187
3 186 187 188
3 184 190 189
3 184 189 187
3 189 192 188
3 189 188 187
3 189 190 3687
3 189 3687 191
3 189 191 193
3 189 193 192
3 193 196 194
3 193 194 192
3 195 188 192
3 195 192 194
3 195 194 197
3 195 197 198
3 196 199 197
3 196 197 194
3 198 197 200
3 198 200 201
3 199 202 200
3 199 200 197
3 201 200 203
3 201 203 204
3 202 205 203
3 202 203 200
3 204 203 206
3 204 206 207
3 205 208 206
3 205 206 203
3 207 206 209
3 207 209 210
3 208 211 209
3 208 209 206
3 210 209 212
3 210 212 213
3 211 214 212
3 211 212 209
3 213 212 215
3 213 215 216
3 214 217 215
3 214 215 212
3 216 215 218
3 216 218 219
3 217 220 218
3 217 218 215
3 219 218 221
3 219 221 222
3 220 223 221
3 220 221 218
3 222 221 224
3 222 224 225
3 223 226 224
3 223 224 221
3 225 224 227
3 225 227 228
3 226 229 227
3 226 227 224
3 228 227 230
3 228 230 231
3 229 232 230
3 229 230 227
3 231 230 233
3 231 233 234
3 232 235 233
3 232 233 230
3 234 233 236
3 234 236 237
3 235 238 236
3 235 236 233
3 237 236 239
3 237 239 240
3 238 241 239
3 238 239 236
3 240 239 242
3 240 242 243
3 241 244 242
3 241 242 239
3 243 242 245
3 243 245 246
3 244 247 245
3 244 245 242
3 246 245 248
3 246 248 249
3 247 250 248
3 247 248 245
3 249 248 251
3 249 251 252
3 250 253 251
3 250 251 248
3 252 251 254
3 252 254 255
3 253 256 254
3 253 254 251
3 255 254 257
3 255 257 258
3 256 259 257
3 256 257 254
3 258 257 260
3 258 260 261
3 259 262 260
3 259 260 257
3 261 260 263
3 261 263 264
3 262 265 263
3 262 263 260
3 264 263 266
3 264 266 267
3 265 268 266
3 265 266 263
3 267 266 269
3 267 269 270
3 268 271 269
3 268 269 266
3 270 269 272
3 270 272 273
3 271 274 272
3 271 272 269
3 273 272 275
3 273 275 276
3 274 277 275
3 274 275 272
3 276 275 278
3 276 278 279
3 277 280 278
3 277 278 275
3 279 278 281
3 279 281 282
3 280 284 281
3 280 281 278
3 283 3352 282
3 283 282 281
3 284 286 283
3 284 283 281
3 280 3821 285
3 280 285 284
3 284 285 287
3 284 287 286
3 283 286 288
3 283 288 289
3 290 288 286
3 290 286 287
3 289 288 291
3 289 291 292
3 290 293 291
3 290 291 288
3 292 291 294
3 292 294 295
3 293 296 294
3 293 294 291
3 295 294 297
3 295 297 298
3 296 299 297
3 296 297 294
3 298 297 300
3 298 300 301
3 299 302 300
3 299 300 297
3 301 300 303
3 301 303 304
3 302 305 303
3 302 303 300
3 304 303 306
3 304 306 307
3 305 308 306
3 305 306 303
3 307 306 309
3 307 309 310
3 308 311 309
3 308 309 306
3 310 309 312
3 310 312 313
3 311 314 312
3 311 312 309
3 313 312 315
3 313 315 316
3 314 317 315
3 314 315 312
3 316 315 318
3 316 318 319
3 317 320 318
3 317 318 315
3 319 318 321
3 319 321 322
3 320 323 321
3 320 321 318
3 322 321 324
3 322 324 325
3 323 326 324
3 323 324 321
3 325 324 327
3 325 327 328
3 326 329 327
3 326 327 324
3 328 327 330
3 328 330 331
3 329 332 330
3 329 330 327
3 331 330 333
3 331 333 334
3 332 335 333
3 332 333 330
3 334 333 336
3 334 336 337
3 335 338 336
3 335 336 333
3 337 336 339
3 337 339 340
3 338 341 339
3 338 339 336
3 340 339 342
3 340 342 343
3 341 344 342
3 341 342 339
3 343 342 345
3 343 345 346
3 344 347 345
3 344 345 342
3 348 349 346
3 348 346 345
3 347 350 348
3 347 348 345
3 348 351 352
3 348 352 349
3 348 350 353
3 348 353 351
3 352 351 354
3 352 354 355
3 357 354 351
3 357 351 353
3 356 3301 355
3 356 355 354
3 357 358 356
3 357 356 354
3 357 359 362
3 357 362 358
3 361 359 357
3 361 357 353
3 361 3803 360
3 361 360 359
3 364 362 359
3 364 359 360
3 358 362 363
3 358 363 3296
3 363 362 364
3 363 364 366
3 3805 365 364
3 3805 364 360
3 365 368 366
3 365 366 364
3 363 366 367
3 363 367 3292
3 367 366 368
3 367 368 370
3 365 3168 369
3 365 369 368
3 369 372 370
3 369 370 368
3 367 370 371
3 367 371 3288
3 371 370 372
3 371 372 374
3 369 3166 373
3 369 373 372
3 373 376 374
3 373 374 372
3 371 374 375
3 371 375 3284
3 375 374 376
3 375 376 378
3 373 3164 377
3 373 377 376
3 377 379 378
3 377 378 376
3 375 378 380
3 375 380 381
3 379 382 380
3 379 380 378
3 381 380 383
3 381 383 384
3 382 385 383
3 382 383 380
3 384 383 386
3 384 386 387
3 385 388 386
3 385 386 383
3 387 386 389
3 387 389 390
3 388 391 389
3 388 389 386
3 390 389 392
3 390 392 393
3 391 394 392
3 391 392 389
3 393 392 395
3 393 395 396
3 394 397 395
3 394 395 392
3 396 395 398
3 396 398 399
3 397 400 398
3 397 398 395
3 399 398 401
3 399 401 402
3 400 403 401
3 400 401 398
3 402 401 404
3 402 404 405
3 403 406 404
3 403 404 401
3 405 404 407
3 405 407 408
3 406 409 407
3 406 407 404
3 408 407 410
3 408 410 411
3 409 412 410
3 409 410 407
3 411 410 413
3 411 413 414
3 412 415 413
3 412 413 410
3 414 413 416
3 414 416 417
3 415 418 416
3 415 416 413
3 417 416 419
3 417 419 420
3 418 421 419
3 418 419 416
3 420 419 422
3 420 422 423
3 421 424 422
3 421 422 419
3 423 422 425
3 423 425 426
3 424 427 425
3 424 425 422
3 426 425 428
3 426 428 429
3 427 430 428
3 427 428 425
3 429 428 431
3 429 431 432
3 430 433 431
3 430 431 428
3 432 431 434
3 432 434 435
3 433 436 434
3 433 434 431
3 435 434 437
3 435 437 438
3 436 439 437
3 436 437 434
3 438 437 440
3 438 440 441
3 439 442 440
3 439 440 437
3 441 440 443
3 441 443 444
3 442 445 443
3 442 443 440
3 444 443 446
3 444 446 447
3 445 448 446
3 445 446 443
3 447 446 449
3 447 449 450
3 448 451 449
3 448 449 446
3 450 449 452
3 450 452 453
3 451 454 452
3 451 452 449
3 453 452 455
3 453 455 456
3 454 457 455
3 454 455 452
3 456 455 458
3 456 458 459
3 457 460 458
3 457 458 455
3 459 458 461
3 459 461 462
3 460 463 461
3 460 461 458
3 462 461 464
3 462 464 465
3 463 466 464
3 463 464 461
3 465 464 467
3 465 467 468
3 466 469 467
3 466 467 464
3 468 467 470
3 468 470 471
3 469 472 470
3 469 470 467
3 471 470 473
3 471 473 474
3 472 475 473
3 472 473 470
3 474 473 476
3 474 476 477
3 475 478 476
3 475 476 473
3 477 476 479
3 477 479 480
3 478 481 479
3 478 479 476
3 480 479 482
3 480 482 483
3 481 484 482
3 481 482 479
3 483 482 485
3 483 485 486
3 484 487 485
3 484 485 482
3 486 485 488
3 486 488 489
3 487 491 488
3 487 488 485
3 490 3206 489
3 490 489 488
3 491 493 490
3 491 490 488
3 487 3125 492
3 487 492 491
3 491 492 494
3 491 494 493
3 490 493 495
3 490 495 496
3 497 495 493
3 497 493 494
3 496 495 498
3 496 498 499
3 497 500 498
3 497 498 495
3 499 498 501
3 499 501 502
3 500 503 501
3 500 501 498
3 502 501 504
3 502 504 505
3 503 506 504
3 503 504 501
3 505 504 507
3 505 507 508
3 506 509 507
3 506 507 504
3 508 507 510
3 508 510 511
3 509 512 510
3 509 510 507
3 511 510 513
3 511 513 514
3 512 515 513
3 512 513 510
3 514 513 516
3 514 516 517
3 515 518 516
3 515 516 513
3 517 516 519
3 517 519 520
3 518 521 519
3 518 519 516
3 520 519 522
3 520 522 523
3 521 524 522
3 521 522 519
3 523 522 525
3 523 525 526
3 524 527 525
3 524 525 522
3 526 525 528
3 526 528 529
3 527 530 528
3 527 528 525
3 529 528 531
3 529 531 532
3 530 533 531
3 530 531 528
3 532 531 534
3 532 534 535
3 533 536 534
3 533 534 531
3 535 534 537
3 535 537 538
3 536 539 537
3 536 537 534
3 538 537 540
3 538 540 541
3 539 542 540
3 539 540 537
3 541 540 543
3 541 543 544
3 542 545 543
3 542 543 540
3 544 543 546
3 544 546 547
3 545 548 546
3 545 546 543
3 547 546 549
3 547 549 550
3 548 551 549
3 548 549 546
3 550 549 552
3 550 552 553
3 551 555 552
3 551 552 549
3 553 552 554
3 553 554 3165
3 554 552 555
3 554 555 557
3 551 3107 556
3 551 556 555
3 556 559 557
3 556 557 555
3 554 557 558
3 554 558 3163
3 558 557 559
3 558 559 561
3 556 3105 560
3 556 560 559
3 560 562 561
3 560 561 559
3 558 561 563
3 558 563 564
3 562 565 563
3 562 563 561
3 564 563 566
3 564 566 567
3 565 568 566
3 565 566 563
3 567 566 569
3 567 569 570
3 568 571 569
3 568 569 566
3 570 569 572
3 570 572 573
3 571 574 572
3 571 572 569
3 573 572 575
3 573 575 576
3 574 577 575
3 574 575 572
3 576 575 578
3 576 578 579
3 577 580 578
3 577 578 575
3 579 578 581
3 579 581 582
3 580 583 581
3 580 581 578
3 582 581 584
3 582 584 585
3 583 586 584
3 583 584 581
3 585 584 587
3 585 587 588
3 586 589 587
3 586 587 584
3 588 587 590
3 588 590 591
3 589 592 590
3 589 590 587
3 591 590 593
3 591 593 594
3 592 595 593
3 592 593 590
3 594 593 596
3 594 596 597
3 595 598 596
3 595 596 593
3 597 596 599
3 597 599 600
3 598 601 599
3 598 599 596
3 600 599 602
3 600 602 603
3 601 604 602
3 601 602 599
3 603 602 605
3 603 605 606
3 604 607 605
3 604 605 602
3 606 605 608
3 606 608 609
3 607 610 608
3 607 608 605
3 609 608 611
3 609 611 612
3 610 613 611
3 610 611 608
3 612 611 614
3 612 614 615
3 613 616 614
3 613 614 611
3 615 614 617
3 615 617 618
3 616 619 617
3 616 617 614
3 618 617 620
3 618 620 621
3 619 622 620
3 619 620 617
3 621 620 623
3 621 623 624
3 622 625 623
3 622 623 620
3 624 623 626
3 624 626 627
3 625 628 626
3 625 626 623
3 627 626 629
3 627 629 630
3 628 631 629
3 628 629 626
3 630 629 632
3 630 632 633
3 631 634 632
3 631 632 629
3 633 632 635
3 633 635 636
3 634 637 635
3 634 635 632
3 636 635 638
3 636 638 639
3 637 640 638
3 637 638 635
3 639 638 641
3 639 641 642
3 640 643 641
3 640 641 638
3 642 641 644
3 642 644 645
3 643 646 644
3 643 644 641
3 645 644 647
3 645 647 648
3 646 649 647
3 646 647 644
3 648 647 650
3 648 650 651
3 649 652 650
3 649 650 647
3 651 650 653
3 651 653 654
3 652 655 653
3 652 653 650
3 654 653 656
3 654 656 657
3 655 658 656
3 655 656 653
3 657 656 659
3 657 659 660
3 658 661 659
3 658 659 656
3 660 659 662
3 660 662 663
3 661 664 662
3 661 662 659
3 663 662 665
3 663 665 666
3 664 667 665
3 664 665 662
3 666 665 668
3 666 668 669
3 667 670 668
3 667 668 665
3 669 668 671
3 669 671 672
3 670 673 671
3 670 671 668
3 672 671 674
3 672 674 675
3 673 676 674
3 673 674 671
3 675 674 677
3 675 677 678
3 676 679 677
3 676 677 674
3 678 677 680
3 678 680 681
3 679 682 680
3 679 680 677
3 681 680 683
3 681 683 684
3 682 686 683
3 682 683 680
3 685 3124 684
3 685 684 683
3 686 688 685
3 686 685 683
3 682 3062 687
3 682 687 686
3 686 687 689
3 686 689 688
3 685 688 690
3 685 690 691
3 692 690 688
3 692 688 689
3 691 690 693
3 691 693 694
3 692 695 693
3 692 693 690
3 694 693 696
3 694 696 697
3 695 698 696
3 695 696 693
3 697 696 699
3 697 699 700
3 698 701 699
3 698 699 696
3 700 699 702
3 700 702 703
3 701 704 702
3 701 702 699
3 703 702 705
3 703 705 706
3 704 707 705
3 704 705 702
3 706 705 708
3 706 708 709
3 707 710 708
3 707 708 705
3 709 708 711
3 709 711 712
3 710 713 711
3 710 711 708
3 712 711 714
3 712 714 715
3 713 716 714
3 713 714 711
3 715 714 717
3 715 717 718
3 716 719 717
3 716 717 714
3 718 717 720
3 718 720 721
3 719 722 720
3 719 720 717
3 721 720 723
3 721 723 724
3 722 725 723
3 722 723 720
3 724 723 726
3 724 726 727
3 725 728 726
3 725 726 723
3 727 726 729
3 727 729 730
3 728 731 729
3 728 729 726
3 730 729 732
3 730 732 733
3 731 734 732
3 731 732 729
3 733 732 735
3 733 735 736
3 734 738 735
3 734 735 732
3 736 735 737
3 736 737 3106
3 737 735 738
3 737 738 740
3 734 3048 739
3 734 739 738
3 739 742 740
3 739 740 738
3 737 740 741
3 737 741 3104
3 741 740 742
3 741 742 744
3 739 3046 743
3 739 743 742
3 743 745 744
3 743 744 742
3 741 744 746
3 741 746 747
3 745 748 746
3 745 746 744
3 747 746 749
3 747 749 750
3 748 751 749
3 748 749 746
3 750 749 752
3 750 752 753
3 751 754 752
3 751 752 749
3 753 752 755
3 753 755 756
3 754 757 755
3 754 755 752
3 756 755 758
3 756 758 759
3 757 760 758
3 757 758 755
3 759 758 761
3 759 761 762
3 760 763 761
3 760 761 758
3 762 761 764
3 762 764 765
3 763 766 764
3 763 764 761
3 765 764 767
3 765 767 768
3 766 769 767
3 766 767 764
3 768 767 770
3 768 770 771
3 769 772 770
3 769 770 767
3 771 770 773
3 771 773 774
3 772 775 773
3 772 773 770
3 774 773 776
3 774 776 777
3 775 778 776
3 775 776 773
3 777 776 779
3 777 779 780
3 778 781 779
3 778 779 776
3 780 779 782
3 780 782 783
3 781 784 782
3 781 782 779
3 783 782 785
3 783 785 786
3 784 787 785
3 784 785 782
3 786 785 788
3 786 788 789
3 787 790 788
3 787 788 785
3 789 788 791
3 789 791 792
3 790 793 791
3 790 791 788
3 792 791 794
3 792 794 795
3 793 796 794
3 793 794 791
3 795 794 797
3 795 797 798
3 796 799 797
3 796 797 794
3 798 797 800
3 798 800 801
3 799 802 800
3 799 800 797
3 801 800 803
3 801 803 804
3 802 805 803
3 802 803 800
3 804 803 806
3 804 806 807
3 805 808 806
3 805 806 803
3 807 806 809
3 807 809 810
3 808 811 809
3 808 809 806
3 810 809 812
3 810 812 813
3 811 814 812
3 811 812 809
3 813 812 815
3 813 815 816
3 814 817 815
3 814 815 812
3 816 815 818
3 816 818 819
3 817 820 818
3 817 818 815
3 819 818 821
3 819 821 822
3 820 823 821
3 820 821 818
3 822 821 824
3 822 824 825
3 823 826 824
3 823 824 821
3 825 824 827
3 825 827 828
3 826 829 827
3 826 827 824
3 828 827 830
3 828 830 831
3 829 832 830
3 829 830 827
3 831 830 833
3 831 833 834
3 832 835 833
3 832 833 830
3 834 833 836
3 834 836 837
3 835 838 836
3 835 836 833
3 837 836 839
3 837 839 840
3 838 841 839
3 838 839 836
3 840 839 842
3 840 842 843
3 841 844 842
3 841 842 839
3 843 842 845
3 843 845 846
3 844 847 845
3 844 845 842
3 846 845 848
3 846 848 849
3 847 850 848
3 847 848 845
3 849 848 851
3 849 851 852
3 850 853 851
3 850 851 848
3 852 851 854
3 852 854 855
3 853 856 854
3 853 854 851
3 855 854 857
3 855 857 858
3 856 859 857
3 856 857 854
3 858 857 860
3 858 860 861
3 859 862 860
3 859 860 857
3 861 860 863
3 861 863 864
3 862 865 863
3 862 863 860
3 864 863 866
3 864 866 867
3 865 868 866
3 865 866 863
3 867 866 869
3 867 869 870
3 868 871 869
3 868 869 866
3 870 869 872
3 870 872 873
3 871 874 872
3 871 872 869
3 873 872 875
3 873 875 876
3 874 877 875
3 874 875 872
3 876 875 878
3 876 878 879
3 877 881 878
3 877 878 875
3 880 3061 879
3 880 879 878
3 881 883 880
3 881 880 878
3 877 2999 882
3 877 882 881
3 881 882 884
3 881 884 883
3 880 883 885
3 880 885 886
3 887 885 883
3 887 883 884
3 886 885 888
3 886 888 889
3 887 890 888
3 887 888 885
3 889 888 891
3 889 891 892
3 890 893 891
3 890 891 888
3 892 891 894
3 892 894 895
3 893 896 894
3 893 894 891
3 895 894 897
3 895 897 898
3 896 899 897
3 896 897 894
3 898 897 900
3 898 900 901
3 899 902 900
3 899 900 897
3 901 900 903
3 901 903 904
3 902 905 903
3 902 903 900
3 904 903 906
3 904 906 907
3 905 908 906
3 905 906 903
3 907 906 909
3 907 909 910
3 908 911 909
3 908 909 906
3 910 909 912
3 910 912 913
3 911 914 912
3 911 912 909
3 913 912 915
3 913 915 916
3 914 917 915
3 914 915 912
3 916 915 918
3 916 918 919
3 917 921 918
3 917 918 915
3 919 918 920
3 919 920 3047
3 920 918 921
3 920 921 923
3 917 2989 922
3 917 922 921
3 922 925 923
3 922 923 921
3 920 923 924
3 920 924 3045
3 924 923 925
3 924 925 927
3 922 2987 926
3 922 926 925
3 926 928 927
3 926 927 925
3 924 927 929
3 924 929 930
3 928 931 929
3 928 929 927
3 930 929 932
3 930 932 933
3 931 934 932
3 931 932 929
3 933 932 935
3 933 935 936
3 934 937 935
3 934 935 932
3 936 935 938
3 936 938 939
3 937 940 938
3 937 938 935
3 939 938 941
3 939 941 942
3 940 943 941
3 940 941 938
3 942 941 944
3 942 944 945
3 943 946 944
3 943 944 941
3 945 944 947
3 945 947 948
3 946 949 947
3 946 947 944
3 948 947 950
3 948 950 951
3 949 952 950
3 949 950 947
3 951 950 953
3 951 953 954
3 952 955 953
3 952 953 950
3 954 953 956
3 954 956 957
3 955 958 956
3 955 956 953
3 957 956 959
3 957 959 960
3 961 959 956
3 961 956 958
3 960 959 962
3 960 962 963
3 964 962 959
3 964 959 961
3 963 962 965
3 963 965 966
3 967 965 962
3 967 962 964
3 966 965 968
3 966 968 969
3 970 968 965
3 970 965 967
3 969 968 971
3 969 971 972
3 970 973 971
3 970 971 968
3 972 971 974
3 972 974 975
3 976 974 971
3 976 971 973
3 975 974 977
3 975 977 978
3 976 979 977
3 976 977 974
3 978 977 980
3 978 980 981
3 979 982 980
3 979 980 977
3 981 980 983
3 981 983 984
3 982 985 983
3 982 983 980
3 984 983 986
3 984 986 987
3 985 988 986
3 985 986 983
3 987 986 989
3 987 989 990
3 988 991 989
3 988 989 986
3 990 989 992
3 990 992 993
3 991 994 992
3 991 992 989
3 993 992 995
3 993 995 996
3 994 997 995
3 994 995 992
3 996 995 998
3 996 998 999
3 997 1000 998
3 997 998 995
3 999 998 1001
3 999 1001 1002
3 1000 1003 1001
3 1000 1001 998
3 1002 1001 1004
3 1002 1004 1005
3 1003 1006 1004
3 1003 1004 1001
3 1005 1004 1007
3 1005 1007 1008
3 1006 1009 1007
3 1006 1007 1004
3 1008 1007 1010
3 1008 1010 1011
3 1009 1012 1010
3 1009 1010 1007
3 1011 1010 1013
3 1011 1013 1014
3 1012 1015 1013
3 1012 1013 1010
3 1014 1013 1016
3 1014 1016 1017
3 1015 1018 1016
3 1015 1016 1013
3 1017 1016 1019
3 1017 1019 1020
3 1018 1021 1019
3 1018 1019 1016
3 1020 1019 1022
3 1020 1022 1023
3 1021 1024 1022
3 1021 1022 1019
3 1023 1022 1025
3 1023 1025 1026
3 1024 1027 1025
3 1024 1025 1022
3 1026 1025 1028
3 1026 1028 1029
3 1027 1030 1028
3 1027 1028 1025
3 1029 1028 1031
3 1029 1031 1032
3 1030 1033 1031
3 1030 1031 1028
3 1032 1031 1034
3 1032 1034 1035
3 1033 1036 1034
3 1033 1034 1031
3 1035 1034 1037
3 1035 1037 1038
3 1036 1039 1037
3 1036 1037 1034
3 1038 1037 1040
3 1038 1040 1041
3 1039 1042 1040
3 1039 1040 1037
3 1041 1040 1043
3 1041 1043 1044
3 1042 1045 1043
3 1042 1043 1040
3 1044 1043 1046
3 1044 1046 1047
3 1045 1048 1046
3 1045 1046 1043
3 1047 1046 1049
3 1047 1049 1050
3 1048 1051 1049
3 1048 1049 1046
3 1050 1049 1052
3 1050 1052 1053
3 1051 1054 1052
3 1051 1052 1049
3 1053 1052 1055
3 1053 1055 1056
3 1054 1057 1055
3 1054 1055 1052
3 1056 1055 1058
3 1056 1058 1059
3 1057 1060 1058
3 1057 1058 1055
3 1059 1058 1061
3 1059 1061 1062
3 1060 1063 1061
3 1060 1061 1058
3 1062 1061 1064
3 1062 1064 1065
3 1063 1066 1064
3 1063 1064 1061
3 1065 1064 1067
3 1065 1067 1068
3 1066 1069 1067
3 1066 1067 1064
3 1068 1067 1070
3 1068 1070 1071
3 1069 1072 1070
3 1069 1070 1067
3 1071 1070 1073
3 1071 1073 1074
3 1072 1076 1073
3 1072 1073 1070
3 1075 2998 1074
3 1075 1074 1073
3 1076 1078 1075
3 1076 1075 1073
3 1072 1527 1077
3 1072 1077 1076
3 1076 1077 1079
3 1076 1079 1078
3 1075 1078 1080
3 1075 1080 1081
3 1082 1080 1078
3 1082 1078 1079
3 1081 1080 1083
3 1081 1083 1084
3 1082 1085 1083
3 1082 1083 1080
3 1084 1083 1086
3 1084 1086 1087
3 1085 1088 1086
3 1085 1086 1083
3 1087 1086 1089
3 1087 1089 1090
3 1088 1091 1089
3 1088 1089 1086
3 1090 1089 1092
3 1090 1092 1093
3 1091 1094 1092
3 1091 1092 1089
3 1093 1092 1095
3 1093 1095 1096
3 1094 1097 1095
3 1094 1095 1092
3 1096 1095 1098
3 1096 1098 1099
3 1097 1100 1098
3 1097 1098 1095
3 1099 1098 1101
3 1099 1101 1102
3 1100 1104 1101
3 1100 1101 1098
3 1102 1101 1103
3 1102 1103 2988
3 1103 1101 1104
3 1103 1104 1106
3 1105 1108 1106
3 1105 1106 1104
3 1100 1492 1105
3 1100 1105 1104
3 1103 1106 1107
3 1103 1107 2986
3 1107 1106 1108
3 1107 1108 1110
3 1105 1490 1109
3 1105 1109 1108
3 1109 1111 1110
3 1109 1110 1108
3 1107 1110 1112
3 1107 1112 1113
3 1111 1114 1112
3 1111 1112 1110
3 1113 1112 1115
3 1113 1115 1116
3 1114 1117 1115
3 1114 1115 1112
3 1116 1115 1118
3 1116 1118 1119
3 1117 1120 1118
3 1117 1118 1115
3 1119 1118 1121
3 1119 1121 1122
3 1120 1123 1121
3 1120 1121 1118
3 1122 1121 1124
3 1122 1124 1125
3 1123 1126 1124
3 1123 1124 1121
3 1125 1124 1127
3 1125 1127 1128
3 1126 1129 1127
3 1126 1127 1124
3 1128 1127 1130
3 1128 1130 1131
3 1129 1132 1130
3 1129 1130 1127
3 1131 1130 1133
3 1131 1133 1134
3 1132 1135 1133
3 1132 1133 1130
3 1134 1133 1136
3 1134 1136 1137
3 1135 1138 1136
3 1135 1136 1133
3 1137 1136 1139
3 1137 1139 1140
3 1139 1136 1138
3 1139 1138 1142
3 1139 1141 2973
3 1139 2973 1140
3 1139 1142 1144
3 1139 1144 1141
3 1457 1143 1142
3 1457 1142 1138
3 1144 1142 1143
3 1144 1143 1146
3 1144 1145 2971
3 1144 2971 1141
3 1144 1146 1148
3 1144 1148 1145
3 1453 1147 1146
3 1453 1146 1143
3 1148 1146 1147
3 1148 1147 1150
3 1148 1149 1603
3 1148 1603 1145
3 1148 1150 1152
3 1148 1152 1149
3 1449 1151 1150
3 1449 1150 1147
3 1152 1150 1151
3 1152 1151 1154
3 1152 1153 1604
3 1152 1604 1149
3 1152 1154 1156
3 1152 1156 1153
3 1445 1155 1154
3 1445 1154 1151
3 1156 1154 1155
3 1156 1155 1158
3 1156 1157 1608
3 1156 1608 1153
3 1156 1158 1160
3 1156 1160 1157
3 1441 1159 1158
3 1441 1158 1155
3 1160 1158 1159
3 1160 1159 1162
3 1160 1161 1612
3 1160 1612 1157
3 1160 1162 1164
3 1160 1164 1161
3 1437 1163 1162
3 1437 1162 1159
3 1164 1162 1163
3 1164 1163 1166
3 1164 1165 1616
3 1164 1616 1161
3 1164 1166 1168
3 1164 1168 1165
3 1433 1167 1166
3 1433 1166 1163
3 1168 1166 1167
3 1168 1167 1170
3 1168 1169 1620
3 1168 1620 1165
3 1168 1170 1172
3 1168 1172 1169
3 1429 1171 1170
3 1429 1170 1167
3 1172 1170 1171
3 1172 1171 1174
3 1172 1173 1624
3 1172 1624 1169
3 1172 1174 1176
3 1172 1176 1173
3 1425 1175 1174
3 1425 1174 1171
3 1176 1174 1175
3 1176 1175 1178
3 1176 1177 1628
3 1176 1628 1173
3 1176 1178 1180
3 1176 1180 1177
3 1421 1179 1178
3 1421 1178 1175
3 1180 1178 1179
3 1180 1179 1182
3 1180 1181 1632
3 1180 1632 1177
3 1180 1182 1184
3 1180 1184 1181
3 1417 1183 1182
3 1417 1182 1179
3 1184 1182 1183
3 1184 1183 1186
3 1184 1185 1636
3 1184 1636 1181
3 1184 1186 1188
3 1184 1188 1185
3 1413 1187 1186
3 1413 1186 1183
3 1188 1186 1187
3 1188 1187 1190
3 1188 1189 1640
3 1188 1640 1185
3 1188 1190 1192
3 1188 1192 1189
3 1409 1191 1190
3 1409 1190 1187
3 1192 1190 1191
3 1192 1191 1194
3 1192 1193 1644
3 1192 1644 1189
3 1192 1194 1196
3 1192 1196 1193
3 1405 1195 1194
3 1405 1194 1191
3 1196 1194 1195
3 1196 1195 1198
3 1196 1197 1648
3 1196 1648 1193
3 1196 1198 1200
3 1196 1200 1197
3 1401 1199 1198
3 1401 1198 1195
3 1200 1198 1199
3 1200 1199 1202
3 1200 1201 1652
3 1200 1652 1197
3 1200 1202 1204
3 1200 1204 1201
3 1397 1203 1202
3 1397 1202 1199
3 1204 1202 1203
3 1204 1203 1206
3 1204 1205 1656
3 1204 1656 1201
3 1204 1206 1208
3 1204 1208 1205
3 1393 1207 1206
3 1393 1206 1203
3 1208 1206 1207
3 1208 1207 1210
3 1208 1209 1660
3 1208 1660 1205
3 1208 1210 1212
3 1208 1212 1209
3 1389 1211 1210
3 1389 1210 1207
3 1212 1210 1211
3 1212 1211 1214
3 1212 1213 1664
3 1212 1664 1209
3 1212 1214 1216
3 1212 1216 1213
3 1385 1215 1214
3 1385 1214 1211
3 1216 1214 1215
3 1216 1215 1218
3 1216 1217 1668
3 1216 1668 1213
3 1216 1218 1220
3 1216 1220 1217
3 1381 1219 1218
3 1381 1218 1215
3 1220 1218 1219
3 1220 1219 1222
3 1220 1221 1672
3 1220 1672 1217
3 1220 1222 1224
3 1220 1224 1221
3 1377 1223 1222
3 1377 1222 1219
3 1224 1222 1223
3 1224 1223 1226
3 1224 1225 1676
3 1224 1676 1221
3 1224 1226 1228
3 1224 1228 1225
3 1373 1227 1226
3 1373 1226 1223
3 1228 1226 1227
3 1228 1227 1230
3 1228 1229 1680
3 1228 1680 1225
3 1228 1230 1232
3 1228 1232 1229
3 1368 1231 1230
3 1368 1230 1227
3 1232 1230 1231
3 1232 1231 1234
3 1232 1233 1684
3 1232 1684 1229
3 1232 1234 1236
3 1232 1236 1233
3 1366 1235 1234
3 1366 1234 1231
3 1236 1234 1235
3 1236 1235 1238
3 1236 1237 1688
3 1236 1688 1233
3 1236 1238 1240
3 1236 1240 1237
3 1365 1239 1238
3 1365 1238 1235
3 1240 1238 1239
3 1240 1239 1242
3 1240 1241 1692
3 1240 1692 1237
3 1240 1242 1243
3 1240 1243 1241
3 1245 1244 1242
3 1245 1242 1239
3 1243 1242 1244
3 1243 1244 1246
3 1243 1246 1247
3 1243 1247 1248
3 1247 1249 1250
3 1247 1250 1248
3 1249 1251 1252
3 1249 1252 1250
3 1254 1252 1251
3 1254 1251 1253
3 1254 1253 1255
3 1254 1255 1256
3 1255 1257 1258
3 1255 1258 1256
3 1260 1258 1257
3 1260 1257 1259
3 1261 1262 1260
3 1261 1260 1259
3 1261 1263 1264
3 1261 1264 1262
3 1266 1264 1263
3 1266 1263 1265
3 1267 1268 1266
3 1267 1266 1265
3 1267 1269 1270
3 1267 1270 1268
3 1272 1270 1269
3 1272 1269 1271
3 1273 1274 1272
3 1273 1272 1271
3 1273 1275 1276
3 1273 1276 1274
3 1278 1276 1275
3 1278 1275 1277
3 1279 1280 1278
3 1279 1278 1277
3 1279 1281 1282
3 1279 1282 1280
3 1284 1282 1281
3 1284 1281 1283
3 1285 1286 1284
3 1285 1284 1283
3 1285 1287 1288
3 1285 1288 1286
3 1290 1288 1287
3 1290 1287 1289
3 1291 1292 1290
3 1291 1290 1289
3 1291 1293 1294
3 1291 1294 1292
3 1296 1294 1293
3 1296 1293 1295
3 1297 1298 1296
3 1297 1296 1295
3 1297 1299 1300
3 1297 1300 1298
3 1300 1299 1301
3 1300 1301 1302
3 1303 1304 1302
3 1303 1302 1301
3 1306 1304 1303
3 1306 1303 1305
3 1306 1305 1307
3 1306 1307 1308
3 1309 1310 1308
3 1309 1308 1307
3 1312 1310 1309
3 1312 1309 1311
3 1312 1311 1313
3 1312 1313 1314
3 1315 1316 1314
3 1315 1314 1313
3 1317 1318 1316
3 1317 1316 1315
3 1319 1320 1318
3 1319 1318 1317
3 1321 1322 1320
3 1321 1320 1319
3 1321 1323 1324
3 1321 1324 1322
3 1326 1324 1323
3 1326 1323 1325
3 1327 1328 1326
3 1327 1326 1325
3 1327 1329 1330
3 1327 1330 1328
3 1332 1330 1329
3 1332 1329 1331
3 1332 1331 1333
3 1332 1333 1334
3 1333 1335 1336
3 1333 1336 1334
3 1338 1336 1335
3 1338 1335 1337
3 1338 1337 1339
3 1338 1339 1340
3 1341 1342 1340
3 1341 1340 1339
3 1341 1343 1344
3 1341 1344 1342
3 1346 1344 1343
3 1346 1343 1345
3 1346 1345 1347
3 1346 1347 1348
3 1347 1349 1350
3 1347 1350 1348
3 1352 1350 1349
3 1352 1349 1351
3 1352 1351 1353
3 1352 1353 1354
3 1353 1355 1356
3 1353 1356 1354
3 1358 1356 1355
3 1358 1355 1357
3 1357 1359 1358
3 1370 1358 1359
3 1359 1360 1361
3 1359 1361 1370
3 1363 1361 1360
3 1363 1360 1362
3 1363 1362 1364
3 1363 1364 1365
3 1364 1245 1239
3 1364 1239 1365
3 1363 1365 1235
3 1363 1235 1366
3 1367 1361 1363
3 1367 1363 1366
3 1367 1366 1231
3 1367 1231 1368
3 1372 1369 1367
3 1372 1367 1368
3 1367 1369 1370
3 1367 1370 1361
3 2271 1370 1369
3 2271 1369 1371
3 1372 1374 1371
3 1372 1371 1369
3 1372 1368 1227
3 1372 1227 1373
3 1376 1374 1372
3 1376 1372 1373
3 2269 1371 1374
3 2269 1374 1375
3 1376 1378 1375
3 1376 1375 1374
3 1376 1373 1223
3 1376 1223 1377
3 1380 1378 1376
3 1380 1376 1377
3 2266 1375 1378
3 2266 1378 1379
3 1380 1382 1379
3 1380 1379 1378
3 1380 1377 1219
3 1380 1219 1381
3 1384 1382 1380
3 1384 1380 1381
3 2263 1379 1382
3 2263 1382 1383
3 1384 1386 1383
3 1384 1383 1382
3 1384 1381 1215
3 1384 1215 1385
3 1388 1386 1384
3 1388 1384 1385
3 2260 1383 1386
3 2260 1386 1387
3 1388 1390 1387
3 1388 1387 1386
3 1388 1385 1211
3 1388 1211 1389
3 1392 1390 1388
3 1392 1388 1389
3 2258 1387 1390
3 2258 1390 1391
3 1392 1394 1391
3 1392 1391 1390
3 1392 1389 1207
3 1392 1207 1393
3 1396 1394 1392
3 1396 1392 1393
3 2280 1391 1394
3 2280 1394 1395
3 1396 1398 1395
3 1396 1395 1394
3 1396 1393 1203
3 1396 1203 1397
3 1400 1398 1396
3 1400 1396 1397
3 2282 1395 1398
3 2282 1398 1399
3 1400 1402 1399
3 1400 1399 1398
3 1400 1397 1199
3 1400 1199 1401
3 1404 1402 1400
3 1404 1400 1401
3 2609 1399 1402
3 2609 1402 1403
3 1404 1406 1403
3 1404 1403 1402
3 1404 1401 1195
3 1404 1195 1405
3 1408 1406 1404
3 1408 1404 1405
3 2608 1403 1406
3 2608 1406 1407
3 1408 1410 1407
3 1408 1407 1406
3 1408 1405 1191
3 1408 1191 1409
3 1412 1410 1408
3 1412 1408 1409
3 2607 1407 1410
3 2607 1410 1411
3 1412 1414 1411
3 1412 1411 1410
3 1412 1409 1187
3 1412 1187 1413
3 1416 1414 1412
3 1416 1412 1413
3 2606 1411 1414
3 2606 1414 1415
3 1416 1418 1415
3 1416 1415 1414
3 1416 1413 1183
3 1416 1183 1417
3 1420 1418 1416
3 1420 1416 1417
3 2605 1415 1418
3 2605 1418 1419
3 1420 1422 1419
3 1420 1419 1418
3 1420 1417 1179
3 1420 1179 1421
3 1424 1422 1420
3 1424 1420 1421
3 2604 1419 1422
3 2604 1422 1423
3 1424 1426 1423
3 1424 1423 1422
3 1424 1421 1175
3 1424 1175 1425
3 1428 1426 1424
3 1428 1424 1425
3 2603 1423 1426
3 2603 1426 1427
3 1428 1430 1427
3 1428 1427 1426
3 1428 1425 1171
3 1428 1171 1429
3 1432 1430 1428
3 1432 1428 1429
3 2602 1427 1430
3 2602 1430 1431
3 1432 1434 1431
3 1432 1431 1430
3 1432 1429 1167
3 1432 1167 1433
3 1436 1434 1432
3 1436 1432 1433
3 2601 1431 1434
3 2601 1434 1435
3 1436 1438 1435
3 1436 1435 1434
3 1436 1433 1163
3 1436 1163 1437
3 1440 1438 1436
3 1440 1436 1437
3 2600 1435 1438
3 2600 1438 1439
3 1440 1442 1439
3 1440 1439 1438
3 1440 1437 1159
3 1440 1159 1441
3 1444 1442 1440
3 1444 1440 1441
3 2599 1439 1442
3 2599 1442 1443
3 1444 1446 1443
3 1444 1443 1442
3 1444 1441 1155
3 1444 1155 1445
3 1448 1446 1444
3 1448 1444 1445
3 2598 1443 1446
3 2598 1446 1447
3 1448 1450 1447
3 1448 1447 1446
3 1448 1445 1151
3 1448 1151 1449
3 1452 1450 1448
3 1452 1448 1449
3 2597 1447 1450
3 2597 1450 1451
3 1452 1454 1451
3 1452 1451 1450
3 1452 1449 1147
3 1452 1147 1453
3 1456 1454 1452
3 1456 1452 1453
3 2596 1451 1454
3 2596 1454 1455
3 1456 1458 1455
3 1456 1455 1454
3 1456 1453 1143
3 1456 1143 1457
3 1460 1458 1456
3 1460 1456 1457
3 2595 1455 1458
3 2595 1458 1459
3 1460 1461 1459
3 1460 1459 1458
3 1460 1457 1138
3 1460 1138 1135
3 1132 1461 1460
3 1132 1460 1135
3 1129 1462 1461
3 1129 1461 1132
3 1463 1459 1461
3 1463 1461 1462
3 1126 1464 1462
3 1126 1462 1129
3 1463 1462 1464
3 1463 1464 1465
3 1123 1466 1464
3 1123 1464 1126
3 1465 1464 1466
3 1465 1466 1467
3 1120 1468 1466
3 1120 1466 1123
3 1469 1467 1466
3 1469 1466 1468
3 1117 1470 1468
3 1117 1468 1120
3 1471 1469 1468
3 1471 1468 1470
3 1114 1472 1470
3 1114 1470 1117
3 1473 1471 1470
3 1473 1470 1472
3 1111 1474 1472
3 1111 1472 1114
3 1476 1473 1472
3 1476 1472 1474
3 1109 1475 1474
3 1109 1474 1111
3 1477 1476 1474
3 1477 1474 1475
3 1477 1481 1478
3 1477 1478 1476
3 1476 1478 1480
3 1476 1480 1473
3 1482 1479 1478
3 1482 1478 1481
3 1479 2355 1480
3 1479 1480 1478
3 1486 1483 1481
3 1486 1481 1477
3 1484 1482 1481
3 1484 1481 1483
3 2123 1484 1483
3 2123 1483 1485
3 1486 1487 1485
3 1486 1485 1483
3 1486 1477 1475
3 1486 1475 1488
3 1489 1487 1486
3 1489 1486 1488
3 1109 1490 1488
3 1109 1488 1475
3 1489 1488 1490
3 1489 1490 1491
3 1105 1492 1491
3 1105 1491 1490
3 1493 1494 1489
3 1493 1489 1491
3 1493 1491 1492
3 1493 1492 1495
3 1496 1497 1494
3 1496 1494 1493
3 1496 1493 1495
3 1496 1495 1499
3 1498 2116 1497
3 1498 1497 1496
3 1498 1496 1499
3 1498 1499 1500
3 1091 1500 1499
3 1091 1499 1094
3 1094 1499 1495
3 1094 1495 1097
3 1088 1501 1500
3 1088 1500 1091
3 1502 1498 1500
3 1502 1500 1501
3 1085 1503 1501
3 1085 1501 1088
3 1504 1502 1501
3 1504 1501 1503
3 1082 1505 1503
3 1082 1503 1085
3 1504 1503 1505
3 1504 1505 1507
3 1506 1505 1082
3 1506 1082 1079
3 1506 1508 1507
3 1506 1507 1505
3 1509 1510 1504
3 1509 1504 1507
3 1512 1509 1507
3 1512 1507 1508
3 1509 1511 2109
3 1509 2109 1510
3 1512 1513 1511
3 1512 1511 1509
3 1514 1515 1513
3 1514 1513 1512
3 1514 1512 1508
3 1514 1508 1517
3 1516 2750 1515
3 1516 1515 1514
3 1516 1514 1517
3 1516 1517 1519
3 1520 1519 1517
3 1520 1517 1518
3 1518 1517 1508
3 1518 1508 1506
3 1524 1521 1519
3 1524 1519 1520
3 1522 1516 1519
3 1522 1519 1521
3 2753 1522 1521
3 2753 1521 1523
3 1525 1523 1521
3 1525 1521 1524
3 1524 1520 1527
3 1524 1527 1526
3 1525 1524 1526
3 1525 1526 1528
3 1069 1526 1527
3 1069 1527 1072
3 1066 1528 1526
3 1066 1526 1069
3 1063 1529 1528
3 1063 1528 1066
3 1530 1525 1528
3 1530 1528 1529
3 1060 1531 1529
3 1060 1529 1063
3 1532 1530 1529
3 1532 1529 1531
3 1057 1533 1531
3 1057 1531 1060
3 1534 1532 1531
3 1534 1531 1533
3 1054 1535 1533
3 1054 1533 1057
3 1536 1534 1533
3 1536 1533 1535
3 1051 1537 1535
3 1051 1535 1054
3 1538 1536 1535
3 1538 1535 1537
3 1048 1539 1537
3 1048 1537 1051
3 1540 1538 1537
3 1540 1537 1539
3 1045 1541 1539
3 1045 1539 1048
3 1542 1540 1539
3 1542 1539 1541
3 1042 1543 1541
3 1042 1541 1045
3 1544 1542 1541
3 1544 1541 1543
3 1039 1545 1543
3 1039 1543 1042
3 1546 1544 1543
3 1546 1543 1545
3 1036 1547 1545
3 1036 1545 1039
3 1548 1546 1545
3 1548 1545 1547
3 1033 1549 1547
3 1033 1547 1036
3 1550 1548 1547
3 1550 1547 1549
3 1030 1551 1549
3 1030 1549 1033
3 1552 1550 1549
3 1552 1549 1551
3 1027 1553 1551
3 1027 1551 1030
3 1554 1552 1551
3 1554 1551 1553
3 1024 1555 1553
3 1024 1553 1027
3 1556 1554 1553
3 1556 1553 1555
3 1021 1557 1555
3 1021 1555 1024
3 1558 1556 1555
3 1558 1555 1557
3 1018 1559 1557
3 1018 1557 1021
3 1560 1558 1557
3 1560 1557 1559
3 1015 1561 1559
3 1015 1559 1018
3 1562 1560 1559
3 1562 1559 1561
3 1012 1563 1561
3 1012 1561 1015
3 1564 1562 1561
3 1564 1561 1563
3 1009 1565 1563
3 1009 1563 1012
3 1566 1564 1563
3 1566 1563 1565
3 1006 1567 1565
3 1006 1565 1009
3 1568 1566 1565
3 1568 1565 1567
3 1003 1569 1567
3 1003 1567 1006
3 1570 1568 1567
3 1570 1567 1569
3 1000 1571 1569
3 1000 1569 1003
3 1572 1570 1569
3 1572 1569 1571
3 997 1573 1571
3 997 1571 1000
3 1574 1572 1571
3 1574 1571 1573
3 994 1575 1573
3 994 1573 997
3 1576 1574 1573
3 1576 1573 1575
3 991 1577 1575
3 991 1575 994
3 1578 1576 1575
3 1578 1575 1577
3 988 1579 1577
3 988 1577 991
3 1580 1578 1577
3 1580 1577 1579
3 985 1581 1579
3 985 1579 988
3 1582 1580 1579
3 1582 1579 1581
3 982 1583 1581
3 982 1581 985
3 1582 1581 1583
3 1582 1583 1584
3 979 1585 1583
3 979 1583 982
3 1586 1584 1583
3 1586 1583 1585
3 976 1587 1585
3 976 1585 979
3 1586 1585 1587
3 1586 1587 1588
3 1589 1587 976
3 1589 976 973
3 1589 1590 1588
3 1589 1588 1587
3 1589 973 970
3 1589 970 1591
3 1592 1590 1589
3 1592 1589 1591
3 970 967 1593
3 970 1593 1591
3 1592 1591 1593
3 1592 1593 1594
3 967 964 1595
3 967 1595 1593
3 1593 1595 1597
3 1593 1597 1594
3 964 961 1596
3 964 1596 1595
3 1598 1597 1595
3 1598 1595 1596
3 1598 1601 1599
3 1598 1599 1597
3 1599 1600 1594
3 1599 1594 1597
3 1599 1602 1605
3 1599 1605 1600
3 1599 1601 1603
3 1599 1603 1602
3 1149 1604 1602
3 1149 1602 1603
3 1605 1602 1604
3 1605 1604 1607
3 1605 1607 1609
3 1605 1609 1606
3 1605 1606 2969
3 1605 2969 1600
3 1153 1608 1607
3 1153 1607 1604
3 1609 1607 1608
3 1609 1608 1611
3 1609 1611 1613
3 1609 1613 1610
3 1609 1610 2970
3 1609 2970 1606
3 1157 1612 1611
3 1157 1611 1608
3 1613 1611 1612
3 1613 1612 1615
3 1613 1615 1617
3 1613 1617 1614
3 1613 1614 2963
3 1613 2963 1610
3 1161 1616 1615
3 1161 1615 1612
3 1617 1615 1616
3 1617 1616 1619
3 1617 1619 1621
3 1617 1621 1618
3 1617 1618 2961
3 1617 2961 1614
3 1165 1620 1619
3 1165 1619 1616
3 1621 1619 1620
3 1621 1620 1623
3 1621 1623 1625
3 1621 1625 1622
3 1621 1622 2959
3 1621 2959 1618
3 1169 1624 1623
3 1169 1623 1620
3 1625 1623 1624
3 1625 1624 1627
3 1625 1627 1629
3 1625 1629 1626
3 1625 1626 2957
3 1625 2957 1622
3 1173 1628 1627
3 1173 1627 1624
3 1629 1627 1628
3 1629 1628 1631
3 1629 1631 1633
3 1629 1633 1630
3 1629 1630 2955
3 1629 2955 1626
3 1177 1632 1631
3 1177 1631 1628
3 1633 1631 1632
3 1633 1632 1635
3 1633 1635 1637
3 1633 1637 1634
3 1633 1634 2953
3 1633 2953 1630
3 1181 1636 1635
3 1181 1635 1632
3 1637 1635 1636
3 1637 1636 1639
3 1637 1639 1641
3 1637 1641 1638
3 1637 1638 2951
3 1637 2951 1634
3 1185 1640 1639
3 1185 1639 1636
3 1641 1639 1640
3 1641 1640 1643
3 1641 1643 1645
3 1641 1645 1642
3 1641 1642 2949
3 1641 2949 1638
3 1189 1644 1643
3 1189 1643 1640
3 1645 1643 1644
3 1645 1644 1647
3 1645 1647 1649
3 1645 1649 1646
3 1645 1646 2947
3 1645 2947 1642
3 1193 1648 1647
3 1193 1647 1644
3 1649 1647 1648
3 1649 1648 1651
3 1649 1651 1653
3 1649 1653 1650
3 1649 1650 2945
3 1649 2945 1646
3 1197 1652 1651
3 1197 1651 1648
3 1653 1651 1652
3 1653 1652 1655
3 1653 1655 1657
3 1653 1657 1654
3 1653 1654 2943
3 1653 2943 1650
3 1201 1656 1655
3 1201 1655 1652
3 1657 1655 1656
3 1657 1656 1659
3 1657 1659 1661
3 1657 1661 1658
3 1657 1658 2941
3 1657 2941 1654
3 1205 1660 1659
3 1205 1659 1656
3 1661 1659 1660
3 1661 1660 1663
3 1661 1663 1665
3 1661 1665 1662
3 1661 1662 2939
3 1661 2939 1658
3 1209 1664 1663
3 1209 1663 1660
3 1665 1663 1664
3 1665 1664 1667
3 1665 1667 1669
3 1665 1669 1666
3 1665 1666 2937
3 1665 2937 1662
3 1213 1668 1667
3 1213 1667 1664
3 1669 1667 1668
3 1669 1668 1671
3 1669 1671 1673
3 1669 1673 1670
3 1669 1670 2935
3 1669 2935 1666
3 1217 1672 1671
3 1217 1671 1668
3 1673 1671 1672
3 1673 1672 1675
3 1673 1675 1677
3 1673 1677 1674
3 1673 1674 2933
3 1673 2933 1670
3 1221 1676 1675
3 1221 1675 1672
3 1677 1675 1676
3 1677 1676 1679
3 1677 1679 1681
3 1677 1681 1678
3 1677 1678 2931
3 1677 2931 1674
3 1225 1680 1679
3 1225 1679 1676
3 1681 1679 1680
3 1681 1680 1683
3 1681 1683 1685
3 1681 1685 1682
3 1681 1682 2929
3 1681 2929 1678
3 1229 1684 1683
3 1229 1683 1680
3 1685 1683 1684
3 1685 1684 1687
3 1685 1687 1689
3 1685 1689 1686
3 1685 1686 2927
3 1685 2927 1682
3 1233 1688 1687
3 1233 1687 1684
3 1689 1687 1688
3 1689 1688 1691
3 1689 1691 1693
3 1689 1693 1690
3 1689 1690 2925
3 1689 2925 1686
3 1237 1692 1691
3 1237 1691 1688
3 1693 1691 1692
3 1693 1692 1695
3 1693 1695 1697
3 1693 1697 1694
3 1693 1694 2923
3 1693 2923 1690
3 1241 1696 1695
3 1241 1695 1692
3 1697 1695 1696
3 1697 1696 1699
3 1697 1699 1700
3 1697 1700 1698
3 1697 1698 2921
3 1697 2921 1694
3 1248 1250 1699
3 1248 1699 1696
3 1700 1699 1250
3 1700 1250 1252
3 1700 1252 1254
3 1700 1254 1701
3 1700 1701 1702
3 1700 1702 1698
3 1704 1702 1701
3 1704 1701 1703
3 1254 1256 1703
3 1254 1703 1701
3 1705 1707 1704
3 1705 1704 1703
3 1705 1703 1256
3 1705 1256 1258
3 1705 1706 1709
3 1705 1709 1707
3 1260 1706 1705
3 1260 1705 1258
3 1704 1707 1708
3 1704 1708 2874
3 1710 1708 1707
3 1710 1707 1709
3 1711 1714 1710
3 1711 1710 1709
3 1711 1709 1706
3 1711 1706 1713
3 1711 1712 1716
3 1711 1716 1714
3 2729 1712 1711
3 2729 1711 1713
3 1710 1714 1715
3 1710 1715 2876
3 1717 1715 1714
3 1717 1714 1716
3 1718 1721 1717
3 1718 1717 1716
3 1718 1716 1712
3 1718 1712 1720
3 1718 1719 1722
3 1718 1722 1721
3 2720 1719 1718
3 2720 1718 1720
3 1717 1721 1723
3 1717 1723 1725
3 1724 1723 1721
3 1724 1721 1722
3 1724 1727 1726
3 1724 1726 1723
3 1726 1729 1725
3 1726 1725 1723
3 1726 1727 2703
3 1726 2703 1728
3 1726 1728 1731
3 1726 1731 1729
3 2879 1725 1729
3 2879 1729 1730
3 1731 1733 1730
3 1731 1730 1729
3 1731 1728 2705
3 1731 2705 1732
3 1731 1732 1735
3 1731 1735 1733
3 2878 1730 1733
3 2878 1733 1734
3 1735 1737 1734
3 1735 1734 1733
3 1735 1732 2707
3 1735 2707 1736
3 1735 1736 1739
3 1735 1739 1737
3 2881 1734 1737
3 2881 1737 1738
3 1739 1741 1738
3 1739 1738 1737
3 1739 1736 2709
3 1739 2709 1740
3 1739 1740 1743
3 1739 1743 1741
3 2883 1738 1741
3 2883 1741 1742
3 1743 1745 1742
3 1743 1742 1741
3 1743 1740 2711
3 1743 2711 1744
3 1743 1744 1747
3 1743 1747 1745
3 2885 1742 1745
3 2885 1745 1746
3 1747 1749 1746
3 1747 1746 1745
3 1747 1744 2713
3 1747 2713 1748
3 1747 1748 1751
3 1747 1751 1749
3 2887 1746 1749
3 2887 1749 1750
3 1751 1753 1750
3 1751 1750 1749
3 1751 1748 2715
3 1751 2715 1752
3 1751 1752 1755
3 1751 1755 1753
3 2889 1750 1753
3 2889 1753 1754
3 1755 1757 1754
3 1755 1754 1753
3 1755 1752 2730
3 1755 2730 1756
3 1755 1756 1759
3 1755 1759 1757
3 2891 1754 1757
3 2891 1757 1758
3 1759 1761 1758
3 1759 1758 1757
3 1759 1756 2731
3 1759 2731 1760
3 1759 1760 1763
3 1759 1763 1761
3 2893 1758 1761
3 2893 1761 1762
3 1763 1765 1762
3 1763 1762 1761
3 1763 1760 2732
3 1763 2732 1764
3 1763 1764 1767
3 1763 1767 1765
3 2895 1762 1765
3 2895 1765 1766
3 1767 1769 1766
3 1767 1766 1765
3 1767 1764 2733
3 1767 2733 1768
3 1767 1768 1771
3 1767 1771 1769
3 2897 1766 1769
3 2897 1769 1770
3 1771 1773 1770
3 1771 1770 1769
3 1771 1768 2734
3 1771 2734 1772
3 1771 1772 1775
3 1771 1775 1773
3 2899 1770 1773
3 2899 1773 1774
3 1775 1776 1774
3 1775 1774 1773
3 1777 1775 1772
3 1777 1772 1779
3 1777 1780 1776
3 1777 1776 1775
3 1777 1778 1781
3 1777 1781 1780
3 2736 1778 1777
3 2736 1777 1779
3 1780 1781 1785
3 1780 1785 1782
3 1780 1782 1783
3 1780 1783 1776
3 2903 1783 1782
3 2903 1782 1784
3 1785 1787 1784
3 1785 1784 1782
3 1785 1781 2740
3 1785 2740 1786
3 1785 1786 1789
3 1785 1789 1787
3 2905 1784 1787
3 2905 1787 1788
3 1789 1790 1788
3 1789 1788 1787
3 1791 1789 1786
3 1791 1786 1793
3 1791 1794 1790
3 1791 1790 1789
3 1791 1792 1795
3 1791 1795 1794
3 1810 1792 1791
3 1810 1791 1793
3 1794 1795 1799
3 1794 1799 1796
3 1794 1796 1797
3 1794 1797 1790
3 2909 1797 1796
3 2909 1796 1798
3 1800 1798 1796
3 1800 1796 1799
3 1800 1799 1801
3 1800 1801 1803
3 1801 1799 1795
3 1801 1795 1804
3 1801 1802 2775
3 1801 2775 1803
3 1801 1804 1805
3 1801 1805 1802
3 1805 1804 1806
3 1805 1806 1807
3 1792 1806 1804
3 1792 1804 1795
3 1807 1806 1808
3 1807 1808 1809
3 1810 1808 1806
3 1810 1806 1792
3 1809 1808 1811
3 1809 1811 1812
3 1813 1811 1808
3 1813 1808 1810
3 1812 1811 1814
3 1812 1814 1815
3 1813 1816 1814
3 1813 1814 1811
3 1815 1814 1817
3 1815 1817 1818
3 1819 1817 1814
3 1819 1814 1816
3 1818 1817 1820
3 1818 1820 1821
3 1819 1822 1820
3 1819 1820 1817
3 1821 1820 1823
3 1821 1823 1824
3 1822 1825 1823
3 1822 1823 1820
3 1824 1823 1826
3 1824 1826 1827
3 1828 1826 1823
3 1828 1823 1825
3 1827 1826 1829
3 1827 1829 1830
3 1831 1829 1826
3 1831 1826 1828
3 1830 1829 1832
3 1830 1832 1833
3 1831 1834 1832
3 1831 1832 1829
3 1833 1832 1835
3 1833 1835 1836
3 1837 1835 1832
3 1837 1832 1834
3 1836 1835 1838
3 1836 1838 1839
3 1837 1840 1838
3 1837 1838 1835
3 1839 1838 1841
3 1839 1841 1842
3 1840 1843 1841
3 1840 1841 1838
3 1842 1841 1844
3 1842 1844 1845
3 1843 1846 1844
3 1843 1844 1841
3 1845 1844 1847
3 1845 1847 1848
3 1846 1849 1847
3 1846 1847 1844
3 1848 1847 1850
3 1848 1850 1852
3 1849 1853 1850
3 1849 1850 1847
3 1853 1855 1851
3 1853 1851 1850
3 1852 1850 1851
3 1852 1851 2754
3 1849 2749 1854
3 1849 1854 1853
3 1853 1854 1857
3 1853 1857 1855
3 1855 1856 2752
3 1855 2752 1851
3 1855 1857 1859
3 1855 1859 1856
3 1891 1858 1857
3 1891 1857 1854
3 1858 1860 1859
3 1858 1859 1857
3 1856 1859 1861
3 1856 1861 1862
3 1860 1863 1861
3 1860 1861 1859
3 1862 1861 1864
3 1862 1864 1866
3 1863 1867 1864
3 1863 1864 1861
3 1866 1864 1865
3 1866 1865 2106
3 1867 1868 1865
3 1867 1865 1864
3 1867 1869 1870
3 1867 1870 1868
3 1863 1871 1869
3 1863 1869 1867
3 1872 1873 1870
3 1872 1870 1869
3 1874 1872 1869
3 1874 1869 1871
3 1872 1875 1877
3 1872 1877 1873
3 1874 1878 1875
3 1874 1875 1872
3 1876 2081 1877
3 1876 1877 1875
3 1879 1876 1875
3 1879 1875 1878
3 1881 1879 1878
3 1881 1878 1880
3 1882 1880 1878
3 1882 1878 1874
3 1885 1881 1880
3 1885 1880 1883
3 1886 1883 1880
3 1886 1880 1882
3 2075 1885 1883
3 2075 1883 1884
3 1887 1884 1883
3 1887 1883 1886
3 1886 1882 1889
3 1886 1889 1888
3 1887 1886 1888
3 1887 1888 1890
3 1858 1888 1889
3 1858 1889 1860
3 1891 1890 1888
3 1891 1888 1858
3 1893 1892 1890
3 1893 1890 1891
3 1895 1887 1890
3 1895 1890 1892
3 2748 1894 1892
3 2748 1892 1893
3 1895 1892 1894
3 1895 1894 1897
3 1895 1896 1884
3 1895 1884 1887
3 1898 1896 1895
3 1898 1895 1897
3 1898 1897 1899
3 1898 1899 1900
3 1901 1899 1897
3 1901 1897 1894
3 1902 1903 1900
3 1902 1900 1899
3 1902 1899 1901
3 1902 1901 1904
3 1906 1903 1902
3 1906 1902 1905
3 1902 1904 1907
3 1902 1907 1905
3 1906 1905 1908
3 1906 1908 1910
3 1907 1911 1908
3 1907 1908 1905
3 1908 1909 1933
3 1908 1933 1910
3 1908 1911 1912
3 1908 1912 1909
3 1907 1914 1913
3 1907 1913 1911
3 1915 1912 1911
3 1915 1911 1913
3 1916 1913 1914
3 1916 1914 1917
3 1915 1913 1916
3 1915 1916 1918
3 1916 1917 1837
3 1916 1837 1834
3 1916 1834 1831
3 1916 1831 1918
3 1831 1828 1919
3 1831 1919 1918
3 1915 1918 1919
3 1915 1919 1920
3 1921 1923 1920
3 1921 1920 1919
3 1828 1825 1921
3 1828 1921 1919
3 1921 1922 1924
3 1921 1924 1923
3 1921 1825 1822
3 1921 1822 1922
3 1924 1927 1925
3 1924 1925 1923
3 1928 1920 1923
3 1928 1923 1925
3 1926 1929 1928
3 1926 1928 1925
3 1926 1925 1927
3 1926 1927 2735
3 1928 1929 1909
3 1928 1909 1912
3 1928 1912 1915
3 1928 1915 1920
3 1926 1932 1930
3 1926 1930 1929
3 1933 1909 1929
3 1933 1929 1930
3 1931 1930 1932
3 1931 1932 2733
3 1933 1930 1931
3 1933 1931 1934
3 1936 1910 1933
3 1936 1933 1934
3 1935 1934 1931
3 1935 1931 2732
3 1935 1938 1936
3 1935 1936 1934
3 1936 1937 1906
3 1936 1906 1910
3 1936 1938 1940
3 1936 1940 1937
3 1939 1938 1935
3 1939 1935 2731
3 1939 1942 1940
3 1939 1940 1938
3 1941 2074 1937
3 1941 1937 1940
3 1941 1940 1942
3 1941 1942 1944
3 1943 1942 1939
3 1943 1939 2730
3 1943 1945 1944
3 1943 1944 1942
3 1946 1947 1941
3 1946 1941 1944
3 1946 1944 1945
3 1946 1945 1949
3 1946 1948 2071
3 1946 2071 1947
3 1951 1948 1946
3 1951 1946 1949
3 1951 1949 1950
3 1951 1950 1953
3 2714 1950 1949
3 2714 1949 1945
3 1955 1952 1951
3 1955 1951 1953
3 1951 1952 2068
3 1951 2068 1948
3 1955 1953 1954
3 1955 1954 1957
3 2712 1954 1953
3 2712 1953 1950
3 1955 1956 2065
3 1955 2065 1952
3 1959 1956 1955
3 1959 1955 1957
3 1959 1957 1958
3 1959 1958 1961
3 2710 1958 1957
3 2710 1957 1954
3 1959 1960 2064
3 1959 2064 1956
3 1963 1960 1959
3 1963 1959 1961
3 1963 1961 1962
3 1963 1962 1965
3 2708 1962 1961
3 2708 1961 1958
3 1963 1964 2665
3 1963 2665 1960
3 1967 1964 1963
3 1967 1963 1965
3 1967 1965 1966
3 1967 1966 1969
3 2706 1966 1965
3 2706 1965 1962
3 1967 1968 2667
3 1967 2667 1964
3 1971 1968 1967
3 1971 1967 1969
3 1971 1969 1970
3 1971 1970 1973
3 2704 1970 1969
3 2704 1969 1966
3 1971 1972 2669
3 1971 2669 1968
3 1975 1972 1971
3 1975 1971 1973
3 1975 1973 1974
3 1975 1974 1977
3 2702 1974 1973
3 2702 1973 1970
3 1975 1976 2671
3 1975 2671 1972
3 1979 1976 1975
3 1979 1975 1977
3 1979 1977 1978
3 1979 1978 1981
3 2700 1978 1977
3 2700 1977 1974
3 1979 1980 2673
3 1979 2673 1976
3 1983 1980 1979
3 1983 1979 1981
3 1983 1981 1982
3 1983 1982 1985
3 2697 1982 1981
3 2697 1981 1978
3 1983 1984 2675
3 1983 2675 1980
3 1987 1984 1983
3 1987 1983 1985
3 1987 1985 1986
3 1987 1986 1989
3 2694 1986 1985
3 2694 1985 1982
3 1987 1988 2677
3 1987 2677 1984
3 1991 1988 1987
3 1991 1987 1989
3 1991 1989 1990
3 1991 1990 1993
3 2691 1990 1989
3 2691 1989 1986
3 1991 1992 2679
3 1991 2679 1988
3 1995 1992 1991
3 1995 1991 1993
3 1995 1993 1994
3 1995 1994 1997
3 2688 1994 1993
3 2688 1993 1990
3 1995 1996 2681
3 1995 2681 1992
3 1999 1996 1995
3 1999 1995 1997
3 1999 1997 1998
3 1999 1998 2001
3 2685 1998 1997
3 2685 1997 1994
3 1999 2000 2683
3 1999 2683 1996
3 2002 2000 1999
3 2002 1999 2001
3 2002 2001 1286
3 2002 1286 1288
3 1284 1286 2001
3 1284 2001 1998
3 2002 2003 2004
3 2002 2004 2000
3 1290 2003 2002
3 1290 2002 1288
3 1290 1292 2005
3 1290 2005 2003
3 2006 2004 2003
3 2006 2003 2005
3 2007 2009 2006
3 2007 2006 2005
3 2007 2005 1292
3 2007 1292 1294
3 1296 2008 2007
3 1296 2007 1294
3 2007 2008 2010
3 2007 2010 2009
3 2012 2011 2009
3 2012 2009 2010
3 2006 2009 2011
3 2006 2011 2013
3 2012 2015 2014
3 2012 2014 2011
3 2014 2017 2013
3 2014 2013 2011
3 2014 2015 2629
3 2014 2629 2016
3 2014 2016 2019
3 2014 2019 2017
3 2684 2013 2017
3 2684 2017 2018
3 2019 2021 2018
3 2019 2018 2017
3 2019 2016 2633
3 2019 2633 2020
3 2019 2020 2023
3 2019 2023 2021
3 2682 2018 2021
3 2682 2021 2022
3 2023 2025 2022
3 2023 2022 2021
3 2023 2020 2637
3 2023 2637 2024
3 2023 2024 2027
3 2023 2027 2025
3 2680 2022 2025
3 2680 2025 2026
3 2027 2029 2026
3 2027 2026 2025
3 2027 2024 2641
3 2027 2641 2028
3 2027 2028 2031
3 2027 2031 2029
3 2678 2026 2029
3 2678 2029 2030
3 2031 2033 2030
3 2031 2030 2029
3 2031 2028 2645
3 2031 2645 2032
3 2031 2032 2035
3 2031 2035 2033
3 2676 2030 2033
3 2676 2033 2034
3 2035 2037 2034
3 2035 2034 2033
3 2035 2032 2649
3 2035 2649 2036
3 2035 2036 2039
3 2035 2039 2037
3 2674 2034 2037
3 2674 2037 2038
3 2039 2041 2038
3 2039 2038 2037
3 2039 2036 2653
3 2039 2653 2040
3 2039 2040 2043
3 2039 2043 2041
3 2672 2038 2041
3 2672 2041 2042
3 2043 2045 2042
3 2043 2042 2041
3 2043 2040 2657
3 2043 2657 2044
3 2043 2044 2047
3 2043 2047 2045
3 2670 2042 2045
3 2670 2045 2046
3 2047 2049 2046
3 2047 2046 2045
3 2047 2044 2661
3 2047 2661 2048
3 2047 2048 2051
3 2047 2051 2049
3 2668 2046 2049
3 2668 2049 2050
3 2051 2053 2050
3 2051 2050 2049
3 2051 2048 2085
3 2051 2085 2052
3 2051 2052 2055
3 2051 2055 2053
3 2666 2050 2053
3 2666 2053 2054
3 2055 2057 2054
3 2055 2054 2053
3 2055 2056 2058
3 2055 2058 2057
3 2055 2052 2083
3 2055 2083 2056
3 2058 2060 2059
3 2058 2059 2057
3 2061 2054 2057
3 2061 2057 2059
3 2062 2059 2060
3 2062 2060 2063
3 2061 2059 2062
3 2061 2062 2064
3 2062 2063 2066
3 2062 2066 2065
3 2062 2065 1956
3 2062 1956 2064
3 2066 2068 1952
3 2066 1952 2065
3 2066 2063 2076
3 2066 2076 2067
3 2066 2067 2069
3 2066 2069 2068
3 2069 2071 1948
3 2069 1948 2068
3 2069 2067 2075
3 2069 2075 2070
3 2069 2070 2072
3 2069 2072 2071
3 2073 1947 2071
3 2073 2071 2072
3 1898 2072 2070
3 1898 2070 1896
3 2073 2072 1898
3 2073 1898 1900
3 2073 1900 1903
3 2073 1903 2074
3 1941 1947 2073
3 1941 2073 2074
3 1906 1937 2074
3 1906 2074 1903
3 2075 1884 1896
3 2075 1896 2070
3 2075 2067 2076
3 2075 2076 1885
3 1885 2076 2077
3 1885 2077 1881
3 2077 2076 2063
3 2077 2063 2060
3 1881 2077 2078
3 1881 2078 1879
3 2058 2078 2077
3 2058 2077 2060
3 1879 2078 2079
3 1879 2079 1876
3 2058 2056 2079
3 2058 2079 2078
3 1876 2079 2080
3 1876 2080 2081
3 2083 2080 2079
3 2083 2079 2056
3 2081 2080 2082
3 2081 2082 2094
3 2083 2084 2082
3 2083 2082 2080
3 2083 2052 2085
3 2083 2085 2084
3 2084 2086 2089
3 2084 2089 2082
3 2084 2085 2088
3 2084 2088 2086
3 2087 2090 2089
3 2087 2089 2086
3 2088 2662 2087
3 2088 2087 2086
3 2091 2089 2090
3 2091 2090 2092
3 2094 2082 2089
3 2094 2089 2091
3 2091 2092 2143
3 2091 2143 2093
3 2094 2091 2093
3 2094 2093 2095
3 2081 2094 2095
3 2081 2095 1877
3 2096 2095 2093
3 2096 2093 2097
3 1873 1877 2095
3 1873 2095 2096
3 2096 2097 2099
3 2096 2099 2098
3 1873 2096 2098
3 1873 2098 1870
3 2100 2098 2099
3 2100 2099 2101
3 1868 1870 2098
3 1868 2098 2100
3 2100 2101 2103
3 2100 2103 2102
3 1868 2100 2102
3 1868 2102 1865
3 2104 2102 2103
3 2104 2103 2105
3 2106 1865 2102
3 2106 2102 2104
3 2104 2105 1511
3 2104 1511 1513
3 2106 2104 1513
3 2106 1513 1515
3 1866 2106 1515
3 1866 1515 2750
3 2105 2103 2108
3 2105 2108 2107
3 2105 2107 2109
3 2105 2109 1511
3 2107 2108 2111
3 2107 2111 2110
3 2107 2110 2113
3 2107 2113 2109
3 2664 2112 2110
3 2664 2110 2111
3 2113 2110 2112
3 2113 2112 2114
3 2113 2114 2116
3 2113 2116 2115
3 2113 2115 1510
3 2113 1510 2109
3 1504 1510 2115
3 1504 2115 1502
3 1502 2115 2116
3 1502 2116 1498
3 2114 2117 1497
3 2114 1497 2116
3 2114 2112 2118
3 2114 2118 2117
3 2117 2118 2120
3 2117 2120 2119
3 2117 2119 1494
3 2117 1494 1497
3 2120 1485 1487
3 2120 1487 2119
3 1489 1494 2119
3 1489 2119 1487
3 2120 2121 2123
3 2120 2123 1485
3 2120 2118 2122
3 2120 2122 2121
3 2127 2124 2121
3 2127 2121 2122
3 2123 2121 2124
3 2123 2124 2125
3 2126 2405 2125
3 2126 2125 2124
3 2127 2129 2126
3 2127 2126 2124
3 2127 2128 2130
3 2127 2130 2129
3 2664 2128 2127
3 2664 2127 2122
3 2134 2131 2129
3 2134 2129 2130
3 2126 2129 2131
3 2126 2131 2132
3 2133 2392 2132
3 2133 2132 2131
3 2134 2135 2133
3 2134 2133 2131
3 2136 2137 2135
3 2136 2135 2134
3 2136 2134 2130
3 2136 2130 2139
3 2138 2143 2137
3 2138 2137 2136
3 2138 2136 2139
3 2138 2139 2140
3 2142 2140 2139
3 2142 2139 2141
3 2141 2139 2130
3 2141 2130 2128
3 2142 2141 2111
3 2142 2111 2108
3 2141 2128 2664
3 2141 2664 2111
3 2101 2142 2108
3 2101 2108 2103
3 2101 2099 2140
3 2101 2140 2142
3 2097 2138 2140
3 2097 2140 2099
3 2097 2093 2143
3 2097 2143 2138
3 2092 2144 2137
3 2092 2137 2143
3 2144 2146 2135
3 2144 2135 2137
3 2092 2090 2145
3 2092 2145 2144
3 2144 2145 2148
3 2144 2148 2146
3 2133 2135 2146
3 2133 2146 2147
3 2148 2149 2147
3 2148 2147 2146
3 2148 2145 2152
3 2148 2152 2150
3 2148 2150 2153
3 2148 2153 2149
3 2659 2151 2150
3 2659 2150 2152
3 2153 2150 2151
3 2153 2151 2155
3 2153 2154 2390
3 2153 2390 2149
3 2153 2155 2157
3 2153 2157 2154
3 2655 2156 2155
3 2655 2155 2151
3 2157 2155 2156
3 2157 2156 2159
3 2157 2158 2387
3 2157 2387 2154
3 2157 2159 2161
3 2157 2161 2158
3 2651 2160 2159
3 2651 2159 2156
3 2161 2159 2160
3 2161 2160 2163
3 2161 2162 2384
3 2161 2384 2158
3 2161 2163 2165
3 2161 2165 2162
3 2647 2164 2163
3 2647 2163 2160
3 2165 2163 2164
3 2165 2164 2167
3 2165 2166 2383
3 2165 2383 2162
3 2165 2167 2169
3 2165 2169 2166
3 2643 2168 2167
3 2643 2167 2164
3 2169 2167 2168
3 2169 2168 2171
3 2169 2170 2407
3 2169 2407 2166
3 2169 2171 2173
3 2169 2173 2170
3 2639 2172 2171
3 2639 2171 2168
3 2173 2171 2172
3 2173 2172 2175
3 2173 2174 2409
3 2173 2409 2170
3 2173 2175 2177
3 2173 2177 2174
3 2635 2176 2175
3 2635 2175 2172
3 2177 2175 2176
3 2177 2176 2179
3 2177 2179 2181
3 2177 2181 2178
3 2177 2178 2421
3 2177 2421 2174
3 2631 2180 2179
3 2631 2179 2176
3 2181 2179 2180
3 2181 2180 2183
3 2181 2182 2420
3 2181 2420 2178
3 2181 2183 2185
3 2181 2185 2182
3 2627 2184 2183
3 2627 2183 2180
3 2185 2183 2184
3 2185 2184 2187
3 2185 2186 2423
3 2185 2423 2182
3 2185 2187 2188
3 2185 2188 2186
3 2190 2189 2187
3 2190 2187 2184
3 2188 2187 2189
3 2188 2189 2191
3 2190 2194 2192
3 2190 2192 2189
3 2192 2195 2191
3 2192 2191 2189
3 2194 2618 2193
3 2194 2193 2192
3 2196 2195 2192
3 2196 2192 2193
3 2197 2195 2196
3 2197 2196 2200
3 2198 2191 2195
3 2198 2195 2197
3 2198 2197 2199
3 2198 2199 2437
3 2197 2200 2202
3 2197 2202 2199
3 2196 2613 2201
3 2196 2201 2200
3 2203 2202 2200
3 2203 2200 2201
3 2204 2202 2203
3 2204 2203 2207
3 2204 2205 2199
3 2204 2199 2202
3 2206 2593 2205
3 2206 2205 2204
3 2206 2204 2207
3 2206 2207 2209
3 2203 2610 2208
3 2203 2208 2207
3 2210 2209 2207
3 2210 2207 2208
3 2212 2211 2209
3 2212 2209 2210
3 2213 2206 2209
3 2213 2209 2211
3 2215 2214 2211
3 2215 2211 2212
3 2216 2213 2211
3 2216 2211 2214
3 2218 2217 2214
3 2218 2214 2215
3 2219 2216 2214
3 2219 2214 2217
3 2221 2220 2217
3 2221 2217 2218
3 2222 2219 2217
3 2222 2217 2220
3 2224 2223 2220
3 2224 2220 2221
3 2225 2222 2220
3 2225 2220 2223
3 2224 2229 2226
3 2224 2226 2223
3 2225 2223 2226
3 2225 2226 2227
3 2227 2226 2228
3 2227 2228 2556
3 2228 2226 2229
3 2228 2229 2230
3 1326 2229 2224
3 1326 2224 1324
3 1326 1328 2230
3 1326 2230 2229
3 2228 2230 2231
3 2228 2231 2232
3 2231 2230 1328
3 2231 1328 1330
3 2231 2233 2234
3 2231 2234 2232
3 2231 1330 1332
3 2231 1332 2233
3 1332 1334 2235
3 1332 2235 2233
3 2236 2234 2233
3 2236 2233 2235
3 2236 2235 2237
3 2236 2237 2238
3 2237 2235 1334
3 2237 1334 1336
3 2237 2239 2240
3 2237 2240 2238
3 2237 1336 1338
3 2237 1338 2239
3 2239 2241 2243
3 2239 2243 2240
3 1338 1340 2241
3 1338 2241 2239
3 1340 1342 2242
3 1340 2242 2241
3 2244 2243 2241
3 2244 2241 2242
3 2245 2243 2244
3 2245 2244 2248
3 2245 2246 2240
3 2245 2240 2243
3 2549 2246 2245
3 2549 2245 2247
3 2245 2248 2250
3 2245 2250 2247
3 2244 2277 2249
3 2244 2249 2248
3 2251 2250 2248
3 2251 2248 2249
3 2252 2250 2251
3 2252 2251 2255
3 2252 2253 2247
3 2252 2247 2250
3 2285 2253 2252
3 2285 2252 2254
3 2252 2255 2256
3 2252 2256 2254
3 2258 2256 2255
3 2258 2255 2257
3 2251 2259 2257
3 2251 2257 2255
3 2260 1387 2258
3 2260 2258 2257
3 2260 2257 2259
3 2260 2259 2261
3 2263 1383 2260
3 2263 2260 2261
3 2263 2261 2262
3 2263 2262 2264
3 2278 2262 2261
3 2278 2261 2259
3 2266 1379 2263
3 2266 2263 2264
3 2266 2264 2265
3 2266 2265 2267
3 2275 2265 2264
3 2275 2264 2262
3 2269 1375 2266
3 2269 2266 2267
3 2269 2267 2268
3 2269 2268 2270
3 2272 2268 2267
3 2272 2267 2265
3 2271 1371 2269
3 2271 2269 2270
3 2271 2270 1354
3 2271 1354 1356
3 1352 1354 2270
3 1352 2270 2268
3 1358 1370 2271
3 1358 2271 1356
3 2272 1350 1352
3 2272 1352 2268
3 2272 2273 1348
3 2272 1348 1350
3 2275 2273 2272
3 2275 2272 2265
3 1346 1348 2273
3 1346 2273 2274
3 2275 2276 2274
3 2275 2274 2273
3 2278 2276 2275
3 2278 2275 2262
3 2279 2274 2276
3 2279 2276 2277
3 2278 2249 2277
3 2278 2277 2276
3 2251 2249 2278
3 2251 2278 2259
3 2244 2242 2279
3 2244 2279 2277
3 2279 2242 1342
3 2279 1342 1344
3 2279 1344 1346
3 2279 1346 2274
3 2258 1391 2280
3 2258 2280 2256
3 2280 2281 2254
3 2280 2254 2256
3 2280 1395 2282
3 2280 2282 2281
3 2282 2284 2283
3 2282 2283 2281
3 2285 2254 2281
3 2285 2281 2283
3 2286 2283 2284
3 2286 2284 2289
3 2286 2287 2285
3 2286 2285 2283
3 2286 2288 2545
3 2286 2545 2287
3 2291 2288 2286
3 2291 2286 2289
3 2609 2290 2289
3 2609 2289 2284
3 2291 2289 2290
3 2291 2290 2293
3 2291 2292 2542
3 2291 2542 2288
3 2295 2292 2291
3 2295 2291 2293
3 2608 2294 2293
3 2608 2293 2290
3 2295 2293 2294
3 2295 2294 2297
3 2295 2296 2539
3 2295 2539 2292
3 2299 2296 2295
3 2299 2295 2297
3 2607 2298 2297
3 2607 2297 2294
3 2299 2297 2298
3 2299 2298 2301
3 2299 2300 2536
3 2299 2536 2296
3 2303 2300 2299
3 2303 2299 2301
3 2606 2302 2301
3 2606 2301 2298
3 2303 2301 2302
3 2303 2302 2305
3 2303 2304 2533
3 2303 2533 2300
3 2307 2304 2303
3 2307 2303 2305
3 2605 2306 2305
3 2605 2305 2302
3 2307 2305 2306
3 2307 2306 2309
3 2307 2308 2530
3 2307 2530 2304
3 2311 2308 2307
3 2311 2307 2309
3 2604 2310 2309
3 2604 2309 2306
3 2311 2309 2310
3 2311 2310 2313
3 2311 2312 2527
3 2311 2527 2308
3 2315 2312 2311
3 2315 2311 2313
3 2603 2314 2313
3 2603 2313 2310
3 2315 2313 2314
3 2315 2314 2317
3 2315 2316 2466
3 2315 2466 2312
3 2319 2316 2315
3 2319 2315 2317
3 2602 2318 2317
3 2602 2317 2314
3 2319 2317 2318
3 2319 2318 2321
3 2319 2320 2465
3 2319 2465 2316
3 2323 2320 2319
3 2323 2319 2321
3 2601 2322 2321
3 2601 2321 2318
3 2323 2321 2322
3 2323 2322 2325
3 2323 2324 2469
3 2323 2469 2320
3 2327 2324 2323
3 2327 2323 2325
3 2600 2326 2325
3 2600 2325 2322
3 2327 2325 2326
3 2327 2326 2329
3 2327 2328 2472
3 2327 2472 2324
3 2331 2328 2327
3 2331 2327 2329
3 2599 2330 2329
3 2599 2329 2326
3 2331 2329 2330
3 2331 2330 2333
3 2331 2332 2475
3 2331 2475 2328
3 2335 2332 2331
3 2335 2331 2333
3 2598 2334 2333
3 2598 2333 2330
3 2335 2333 2334
3 2335 2334 2337
3 2335 2336 2478
3 2335 2478 2332
3 2339 2336 2335
3 2339 2335 2337
3 2597 2338 2337
3 2597 2337 2334
3 2339 2337 2338
3 2339 2338 2341
3 2339 2340 2481
3 2339 2481 2336
3 2343 2340 2339
3 2343 2339 2341
3 2596 2342 2341
3 2596 2341 2338
3 2343 2341 2342
3 2343 2342 2345
3 2343 2344 2484
3 2343 2484 2340
3 2347 2344 2343
3 2347 2343 2345
3 2595 2346 2345
3 2595 2345 2342
3 2347 2345 2346
3 2347 2346 2349
3 2347 2348 2486
3 2347 2486 2344
3 2350 2348 2347
3 2350 2347 2349
3 1463 1465 2349
3 1463 2349 2346
3 2350 2349 1465
3 2350 1465 1467
3 1469 2351 2350
3 1469 2350 1467
3 2350 2351 2352
3 2350 2352 2348
3 1471 2353 2351
3 1471 2351 1469
3 2354 2352 2351
3 2354 2351 2353
3 1473 1480 2353
3 1473 2353 1471
3 2355 2354 2353
3 2355 2353 1480
3 2354 2356 2357
3 2354 2357 2352
3 2355 2358 2356
3 2355 2356 2354
3 2357 2356 2359
3 2357 2359 2360
3 2362 2359 2356
3 2362 2356 2358
3 2361 2487 2360
3 2361 2360 2359
3 2364 2361 2359
3 2364 2359 2362
3 2363 2362 2358
3 2363 2358 2404
3 2363 2365 2364
3 2363 2364 2362
3 2364 2366 2367
3 2364 2367 2361
3 2364 2365 2368
3 2364 2368 2366
3 2367 2366 2369
3 2367 2369 2370
3 2372 2369 2366
3 2372 2366 2368
3 2371 2493 2370
3 2371 2370 2369
3 2374 2371 2369
3 2374 2369 2372
3 2373 2372 2368
3 2373 2368 2398
3 2373 2375 2374
3 2373 2374 2372
3 2374 2376 2377
3 2374 2377 2371
3 2374 2375 2378
3 2374 2378 2376
3 2377 2376 2379
3 2377 2379 2380
3 2382 2379 2376
3 2382 2376 2378
3 2381 2406 2380
3 2381 2380 2379
3 2381 2379 2382
3 2381 2382 2383
3 2382 2384 2162
3 2382 2162 2383
3 2382 2378 2385
3 2382 2385 2384
3 2385 2387 2158
3 2385 2158 2384
3 2385 2378 2375
3 2385 2375 2386
3 2385 2386 2388
3 2385 2388 2387
3 2388 2390 2154
3 2388 2154 2387
3 2388 2386 2396
3 2388 2396 2389
3 2388 2389 2391
3 2388 2391 2390
3 2390 2391 2147
3 2390 2147 2149
3 2133 2147 2391
3 2133 2391 2392
3 2392 2391 2389
3 2392 2389 2393
3 2392 2393 2394
3 2392 2394 2132
3 2393 2389 2396
3 2393 2396 2395
3 2393 2395 2397
3 2393 2397 2394
3 2395 2396 2373
3 2395 2373 2398
3 2395 2398 2399
3 2395 2399 2397
3 2398 2368 2365
3 2398 2365 2399
3 2400 2399 2365
3 2400 2365 2363
3 2401 2397 2399
3 2401 2399 2400
3 2400 2363 2404
3 2400 2404 2402
3 2401 2400 2402
3 2401 2402 2403
3 1484 2403 2402
3 1484 2402 1482
3 1482 2402 2404
3 1482 2404 1479
3 1479 2404 2358
3 1479 2358 2355
3 2123 2125 2403
3 2123 2403 1484
3 2405 2401 2403
3 2405 2403 2125
3 2405 2394 2397
3 2405 2397 2401
3 2126 2132 2394
3 2126 2394 2405
3 2373 2396 2386
3 2373 2386 2375
3 2381 2383 2166
3 2381 2166 2407
3 2408 2406 2381
3 2408 2381 2407
3 2408 2407 2170
3 2408 2170 2409
3 2408 2410 2412
3 2408 2412 2406
3 2411 2410 2408
3 2411 2408 2409
3 2411 2416 2413
3 2411 2413 2410
3 2414 2412 2410
3 2414 2410 2413
3 2414 2413 2415
3 2414 2415 2502
3 2415 2413 2416
3 2415 2416 2417
3 2418 2416 2411
3 2418 2411 2421
3 2418 2419 2417
3 2418 2417 2416
3 2422 2419 2418
3 2422 2418 2420
3 2418 2421 2178
3 2418 2178 2420
3 2411 2409 2174
3 2411 2174 2421
3 2422 2420 2182
3 2422 2182 2423
3 2422 2424 2426
3 2422 2426 2419
3 2425 2424 2422
3 2425 2422 2423
3 2425 2430 2427
3 2425 2427 2424
3 2428 2426 2424
3 2428 2424 2427
3 2428 2427 2429
3 2428 2429 2512
3 2429 2427 2430
3 2429 2430 2431
3 2432 2430 2425
3 2432 2425 2435
3 2432 2433 2431
3 2432 2431 2430
3 2434 2438 2433
3 2434 2433 2432
3 2434 2432 2435
3 2434 2435 2436
3 2425 2423 2186
3 2425 2186 2435
3 2188 2436 2435
3 2188 2435 2186
3 2198 2437 2434
3 2198 2434 2436
3 2188 2191 2198
3 2188 2198 2436
3 2434 2437 2439
3 2434 2439 2438
3 2438 2440 2443
3 2438 2443 2433
3 2439 2441 2440
3 2439 2440 2438
3 2441 2572 2442
3 2441 2442 2440
3 2444 2443 2440
3 2444 2440 2442
3 2445 2431 2433
3 2445 2433 2443
3 2445 2443 2444
3 2445 2444 2446
3 2429 2431 2445
3 2429 2445 2447
3 2445 2446 2449
3 2445 2449 2447
3 2429 2447 2448
3 2429 2448 2512
3 2447 2449 2450
3 2447 2450 2448
3 2454 2450 2449
3 2454 2449 2451
3 2446 2452 2451
3 2446 2451 2449
3 2453 2451 2452
3 2453 2452 2589
3 2454 2451 2453
3 2454 2453 2455
3 2457 2450 2454
3 2457 2454 2456
3 2454 2455 2459
3 2454 2459 2456
3 2457 2456 2458
3 2457 2458 2514
3 2456 2459 2461
3 2456 2461 2458
3 2455 2588 2460
3 2455 2460 2459
3 2462 2461 2459
3 2462 2459 2460
3 2463 2461 2462
3 2463 2462 2466
3 2463 2464 2458
3 2463 2458 2461
3 2467 2464 2463
3 2467 2463 2465
3 2463 2466 2316
3 2463 2316 2465
3 2462 2527 2312
3 2462 2312 2466
3 2467 2465 2320
3 2467 2320 2469
3 2467 2468 2518
3 2467 2518 2464
3 2470 2468 2467
3 2470 2467 2469
3 2470 2469 2324
3 2470 2324 2472
3 2470 2471 2517
3 2470 2517 2468
3 2473 2471 2470
3 2473 2470 2472
3 2473 2472 2328
3 2473 2328 2475
3 2473 2474 2521
3 2473 2521 2471
3 2476 2474 2473
3 2476 2473 2475
3 2476 2475 2332
3 2476 2332 2478
3 2476 2477 2524
3 2476 2524 2474
3 2479 2477 2476
3 2479 2476 2478
3 2479 2478 2336
3 2479 2336 2481
3 2479 2480 2526
3 2479 2526 2477
3 2482 2480 2479
3 2482 2479 2481
3 2482 2481 2340
3 2482 2340 2484
3 2482 2483 2488
3 2482 2488 2480
3 2485 2483 2482
3 2485 2482 2484
3 2485 2484 2344
3 2485 2344 2486
3 2485 2360 2487
3 2485 2487 2483
3 2357 2360 2485
3 2357 2485 2486
3 2357 2486 2348
3 2357 2348 2352
3 2490 2488 2483
3 2490 2483 2487
3 2489 2526 2480
3 2489 2480 2488
3 2491 2489 2488
3 2491 2488 2490
3 2367 2490 2487
3 2367 2487 2361
3 2367 2370 2491
3 2367 2491 2490
3 2491 2370 2493
3 2491 2493 2492
3 2491 2492 2494
3 2491 2494 2489
3 2498 2495 2492
3 2498 2492 2493
3 2494 2492 2495
3 2494 2495 2496
3 2497 2500 2496
3 2497 2496 2495
3 2499 2497 2495
3 2499 2495 2498
3 2377 2498 2493
3 2377 2493 2371
3 2377 2380 2499
3 2377 2499 2498
3 2499 2380 2406
3 2499 2406 2412
3 2499 2412 2414
3 2499 2414 2497
3 2414 2502 2500
3 2414 2500 2497
3 2523 2496 2500
3 2523 2500 2501
3 2502 2503 2501
3 2502 2501 2500
3 2415 2505 2503
3 2415 2503 2502
3 2520 2501 2503
3 2520 2503 2504
3 2505 2506 2504
3 2505 2504 2503
3 2415 2417 2507
3 2415 2507 2505
3 2507 2508 2506
3 2507 2506 2505
3 2507 2417 2419
3 2507 2419 2426
3 2507 2426 2428
3 2507 2428 2508
3 2508 2509 2510
3 2508 2510 2506
3 2428 2512 2509
3 2428 2509 2508
3 2513 2510 2509
3 2513 2509 2511
3 2512 2448 2511
3 2512 2511 2509
3 2513 2511 2457
3 2513 2457 2514
3 2457 2511 2448
3 2457 2448 2450
3 2513 2514 2518
3 2513 2518 2515
3 2516 2510 2513
3 2516 2513 2515
3 2516 2515 2517
3 2516 2517 2519
3 2515 2518 2468
3 2515 2468 2517
3 2514 2458 2464
3 2514 2464 2518
3 2519 2517 2471
3 2519 2471 2521
3 2520 2504 2516
3 2520 2516 2519
3 2520 2519 2521
3 2520 2521 2522
3 2522 2521 2474
3 2522 2474 2524
3 2523 2501 2520
3 2523 2520 2522
3 2523 2522 2524
3 2523 2524 2525
3 2525 2524 2477
3 2525 2477 2526
3 2494 2496 2523
3 2494 2523 2525
3 2494 2525 2526
3 2494 2526 2489
3 2516 2504 2506
3 2516 2506 2510
3 2462 2460 2528
3 2462 2528 2527
3 2528 2530 2308
3 2528 2308 2527
3 2528 2460 2588
3 2528 2588 2529
3 2528 2529 2531
3 2528 2531 2530
3 2531 2533 2304
3 2531 2304 2530
3 2531 2529 2585
3 2531 2585 2532
3 2531 2532 2534
3 2531 2534 2533
3 2534 2536 2300
3 2534 2300 2533
3 2534 2532 2586
3 2534 2586 2535
3 2534 2535 2537
3 2534 2537 2536
3 2537 2539 2296
3 2537 2296 2536
3 2537 2535 2590
3 2537 2590 2538
3 2537 2538 2540
3 2537 2540 2539
3 2540 2542 2292
3 2540 2292 2539
3 2540 2538 2592
3 2540 2592 2541
3 2540 2541 2543
3 2540 2543 2542
3 2543 2545 2288
3 2543 2288 2542
3 2543 2541 2594
3 2543 2594 2544
3 2543 2544 2546
3 2543 2546 2545
3 2546 2548 2287
3 2546 2287 2545
3 2546 2544 2550
3 2546 2550 2547
3 2546 2547 2549
3 2546 2549 2548
3 2549 2247 2253
3 2549 2253 2548
3 2285 2287 2548
3 2285 2548 2253
3 2549 2547 2551
3 2549 2551 2246
3 2552 2551 2547
3 2552 2547 2550
3 2238 2240 2246
3 2238 2246 2551
3 2236 2238 2551
3 2236 2551 2552
3 2553 2234 2236
3 2553 2236 2552
3 2553 2552 2550
3 2553 2550 2554
3 2557 2555 2553
3 2557 2553 2554
3 2553 2555 2232
3 2553 2232 2234
3 2228 2232 2555
3 2228 2555 2556
3 2557 2559 2556
3 2557 2556 2555
3 2557 2554 2594
3 2557 2594 2558
3 2560 2559 2557
3 2560 2557 2558
3 2227 2556 2559
3 2227 2559 2561
3 2560 2562 2561
3 2560 2561 2559
3 2225 2227 2561
3 2225 2561 2563
3 2563 2561 2562
3 2563 2562 2564
3 2565 2222 2225
3 2565 2225 2563
3 2565 2563 2564
3 2565 2564 2566
3 2565 2567 2219
3 2565 2219 2222
3 2568 2567 2565
3 2568 2565 2566
3 2219 2567 2569
3 2219 2569 2216
3 2568 2571 2569
3 2568 2569 2567
3 2216 2569 2570
3 2216 2570 2213
3 2570 2569 2571
3 2570 2571 2572
3 2573 2442 2572
3 2573 2572 2571
3 2573 2571 2568
3 2573 2568 2575
3 2573 2575 2576
3 2573 2576 2574
3 2444 2442 2573
3 2444 2573 2574
3 2575 2577 2578
3 2575 2578 2576
3 2568 2566 2577
3 2568 2577 2575
3 2581 2578 2577
3 2581 2577 2579
3 2566 2564 2579
3 2566 2579 2577
3 2580 2579 2564
3 2580 2564 2562
3 2581 2579 2580
3 2581 2580 2582
3 2581 2582 2586
3 2581 2586 2583
3 2584 2578 2581
3 2584 2581 2583
3 2584 2583 2585
3 2584 2585 2587
3 2583 2586 2532
3 2583 2532 2585
3 2582 2590 2535
3 2582 2535 2586
3 2587 2585 2529
3 2587 2529 2588
3 2453 2589 2584
3 2453 2584 2587
3 2453 2587 2588
3 2453 2588 2455
3 2584 2589 2576
3 2584 2576 2578
3 2574 2576 2589
3 2574 2589 2452
3 2580 2591 2590
3 2580 2590 2582
3 2591 2592 2538
3 2591 2538 2590
3 2560 2558 2592
3 2560 2592 2591
3 2580 2562 2560
3 2580 2560 2591
3 2558 2594 2541
3 2558 2541 2592
3 2444 2574 2452
3 2444 2452 2446
3 2441 2593 2570
3 2441 2570 2572
3 2213 2570 2593
3 2213 2593 2206
3 2439 2205 2593
3 2439 2593 2441
3 2554 2550 2544
3 2554 2544 2594
3 2439 2437 2199
3 2439 2199 2205
3 2595 1459 1463
3 2595 1463 2346
3 2596 1455 2595
3 2596 2595 2342
3 2597 1451 2596
3 2597 2596 2338
3 2598 1447 2597
3 2598 2597 2334
3 2599 1443 2598
3 2599 2598 2330
3 2600 1439 2599
3 2600 2599 2326
3 2601 1435 2600
3 2601 2600 2322
3 2602 1431 2601
3 2602 2601 2318
3 2603 1427 2602
3 2603 2602 2314
3 2604 1423 2603
3 2604 2603 2310
3 2605 1419 2604
3 2605 2604 2306
3 2606 1415 2605
3 2606 2605 2302
3 2607 1411 2606
3 2607 2606 2298
3 2608 1407 2607
3 2608 2607 2294
3 2609 1403 2608
3 2609 2608 2290
3 2282 1399 2609
3 2282 2609 2284
3 2224 2221 1322
3 2224 1322 1324
3 2221 2218 1320
3 2221 1320 1322
3 2218 2215 1318
3 2218 1318 1320
3 2215 2212 1316
3 2215 1316 1318
3 2212 2210 1314
3 2212 1314 1316
3 2210 2208 1312
3 2210 1312 1314
3 1312 2208 2610
3 1312 2610 1310
3 2611 1308 1310
3 2611 1310 2610
3 2203 2201 2611
3 2203 2611 2610
3 2611 2201 2613
3 2611 2613 2612
3 2611 2612 1306
3 2611 1306 1308
3 2616 2614 2612
3 2616 2612 2613
3 1306 2612 2614
3 1306 2614 1304
3 2615 1302 1304
3 2615 1304 2614
3 2616 2617 2615
3 2616 2615 2614
3 2196 2193 2616
3 2196 2616 2613
3 2616 2193 2618
3 2616 2618 2617
3 2622 2619 2617
3 2622 2617 2618
3 2615 2617 2619
3 2615 2619 2620
3 2620 2619 2621
3 2620 2621 2663
3 2621 2619 2622
3 2621 2622 2623
3 2624 2622 2618
3 2624 2618 2194
3 2624 2625 2623
3 2624 2623 2622
3 2624 2194 2190
3 2624 2190 2626
3 2628 2625 2624
3 2628 2624 2626
3 2190 2184 2627
3 2190 2627 2626
3 2628 2626 2627
3 2628 2627 2630
3 2628 2629 2015
3 2628 2015 2625
3 2632 2629 2628
3 2632 2628 2630
3 2627 2180 2631
3 2627 2631 2630
3 2632 2630 2631
3 2632 2631 2634
3 2632 2633 2016
3 2632 2016 2629
3 2636 2633 2632
3 2636 2632 2634
3 2631 2176 2635
3 2631 2635 2634
3 2636 2634 2635
3 2636 2635 2638
3 2636 2637 2020
3 2636 2020 2633
3 2640 2637 2636
3 2640 2636 2638
3 2635 2172 2639
3 2635 2639 2638
3 2640 2638 2639
3 2640 2639 2642
3 2640 2641 2024
3 2640 2024 2637
3 2644 2641 2640
3 2644 2640 2642
3 2639 2168 2643
3 2639 2643 2642
3 2644 2642 2643
3 2644 2643 2646
3 2644 2645 2028
3 2644 2028 2641
3 2648 2645 2644
3 2648 2644 2646
3 2643 2164 2647
3 2643 2647 2646
3 2648 2646 2647
3 2648 2647 2650
3 2648 2649 2032
3 2648 2032 2645
3 2652 2649 2648
3 2652 2648 2650
3 2647 2160 2651
3 2647 2651 2650
3 2652 2650 2651
3 2652 2651 2654
3 2652 2653 2036
3 2652 2036 2649
3 2656 2653 2652
3 2656 2652 2654
3 2651 2156 2655
3 2651 2655 2654
3 2656 2654 2655
3 2656 2655 2658
3 2656 2657 2040
3 2656 2040 2653
3 2660 2657 2656
3 2660 2656 2658
3 2655 2151 2659
3 2655 2659 2658
3 2660 2658 2659
3 2660 2659 2662
3 2088 2661 2660
3 2088 2660 2662
3 2660 2661 2044
3 2660 2044 2657
3 2659 2152 2087
3 2659 2087 2662
3 2088 2085 2048
3 2088 2048 2661
3 2012 2623 2625
3 2012 2625 2015
3 2621 2623 2012
3 2621 2012 2010
3 2621 2010 2008
3 2621 2008 2663
3 2620 2663 1298
3 2620 1298 1300
3 1296 1298 2663
3 1296 2663 2008
3 2615 2620 1300
3 2615 1300 1302
3 2087 2152 2145
3 2087 2145 2090
3 2664 2122 2118
3 2664 2118 2112
3 2061 2064 1960
3 2061 1960 2665
3 2666 2054 2061
3 2666 2061 2665
3 2666 2665 1964
3 2666 1964 2667
3 2668 2050 2666
3 2668 2666 2667
3 2668 2667 1968
3 2668 1968 2669
3 2670 2046 2668
3 2670 2668 2669
3 2670 2669 1972
3 2670 1972 2671
3 2672 2042 2670
3 2672 2670 2671
3 2672 2671 1976
3 2672 1976 2673
3 2674 2038 2672
3 2674 2672 2673
3 2674 2673 1980
3 2674 1980 2675
3 2676 2034 2674
3 2676 2674 2675
3 2676 2675 1984
3 2676 1984 2677
3 2678 2030 2676
3 2678 2676 2677
3 2678 2677 1988
3 2678 1988 2679
3 2680 2026 2678
3 2680 2678 2679
3 2680 2679 1992
3 2680 1992 2681
3 2682 2022 2680
3 2682 2680 2681
3 2682 2681 1996
3 2682 1996 2683
3 2684 2018 2682
3 2684 2682 2683
3 2684 2683 2000
3 2684 2000 2004
3 2006 2013 2684
3 2006 2684 2004
3 1284 1998 2685
3 1284 2685 1282
3 2685 2686 1280
3 2685 1280 1282
3 2685 1994 2688
3 2685 2688 2686
3 1278 1280 2686
3 1278 2686 2687
3 2688 2689 2687
3 2688 2687 2686
3 2688 1990 2691
3 2688 2691 2689
3 2726 2687 2689
3 2726 2689 2690
3 2691 2692 2690
3 2691 2690 2689
3 2691 1986 2694
3 2691 2694 2692
3 2723 2690 2692
3 2723 2692 2693
3 2694 2695 2693
3 2694 2693 2692
3 2694 1982 2697
3 2694 2697 2695
3 2718 2693 2695
3 2718 2695 2696
3 2697 2698 2696
3 2697 2696 2695
3 2697 1978 2700
3 2697 2700 2698
3 2716 2696 2698
3 2716 2698 2699
3 2700 2701 2699
3 2700 2699 2698
3 2700 1974 2702
3 2700 2702 2701
3 1724 2699 2701
3 1724 2701 1727
3 2702 2703 1727
3 2702 1727 2701
3 2702 1970 2704
3 2702 2704 2703
3 2704 2705 1728
3 2704 1728 2703
3 2704 1966 2706
3 2704 2706 2705
3 2706 2707 1732
3 2706 1732 2705
3 2706 1962 2708
3 2706 2708 2707
3 2708 2709 1736
3 2708 1736 2707
3 2708 1958 2710
3 2708 2710 2709
3 2710 2711 1740
3 2710 1740 2709
3 2710 1954 2712
3 2710 2712 2711
3 2712 2713 1744
3 2712 1744 2711
3 2712 1950 2714
3 2712 2714 2713
3 2714 2715 1748
3 2714 1748 2713
3 2714 1945 1943
3 2714 1943 2715
3 1943 2730 1752
3 1943 1752 2715
3 2716 2699 1724
3 2716 1724 1722
3 2716 1722 1719
3 2716 1719 2717
3 2718 2696 2716
3 2718 2716 2717
3 2718 2717 2719
3 2718 2719 2722
3 2720 2719 2717
3 2720 2717 1719
3 2721 2719 2720
3 2721 2720 2727
3 2721 2724 2722
3 2721 2722 2719
3 2723 2693 2718
3 2723 2718 2722
3 2723 2722 2724
3 2723 2724 2725
3 1272 2724 2721
3 1272 2721 1270
3 1272 1274 2725
3 1272 2725 2724
3 2726 2690 2723
3 2726 2723 2725
3 2726 2725 1274
3 2726 1274 1276
3 1278 2687 2726
3 1278 2726 1276
3 2721 2727 1268
3 2721 1268 1270
3 2720 1720 2728
3 2720 2728 2727
3 1266 1268 2727
3 1266 2727 2728
3 2729 2728 1720
3 2729 1720 1712
3 1266 2728 2729
3 1266 2729 1264
3 2729 1713 1262
3 2729 1262 1264
3 1939 2731 1756
3 1939 1756 2730
3 1935 2732 1760
3 1935 1760 2731
3 1931 2733 1764
3 1931 1764 2732
3 2734 1768 2733
3 2734 2733 1932
3 2734 1932 1926
3 2734 1926 2735
3 2734 2735 1779
3 2734 1779 1772
3 2736 1779 2735
3 2736 2735 1927
3 1924 2737 2736
3 1924 2736 1927
3 2736 2737 2739
3 2736 2739 1778
3 1924 1922 2738
3 1924 2738 2737
3 2741 2739 2737
3 2741 2737 2738
3 2740 1781 1778
3 2740 1778 2739
3 2740 2739 2741
3 2740 2741 2742
3 2741 2738 1819
3 2741 1819 1816
3 2741 1816 1813
3 2741 1813 2742
3 1813 1810 1793
3 1813 1793 2742
3 2740 2742 1793
3 2740 1793 1786
3 1819 2738 1922
3 1819 1922 1822
3 1837 1917 2743
3 1837 2743 1840
3 2744 2743 1917
3 2744 1917 1914
3 1840 2743 2745
3 1840 2745 1843
3 2744 2746 2745
3 2744 2745 2743
3 1843 2745 2747
3 1843 2747 1846
3 2748 2747 2745
3 2748 2745 2746
3 1846 2747 2749
3 1846 2749 1849
3 2748 1893 2749
3 2748 2749 2747
3 1893 1891 1854
3 1893 1854 2749
3 1901 1894 2748
3 1901 2748 2746
3 1901 2746 2744
3 1901 2744 1904
3 2744 1914 1907
3 2744 1907 1904
3 1860 1889 1871
3 1860 1871 1863
3 1882 1874 1871
3 1882 1871 1889
3 1862 1866 2750
3 1862 2750 2751
3 1522 2751 2750
3 1522 2750 1516
3 2753 2752 2751
3 2753 2751 1522
3 1856 1862 2751
3 1856 2751 2752
3 2754 1851 2752
3 2754 2752 2753
3 2754 2753 1523
3 2754 1523 2755
3 1852 2754 2755
3 1852 2755 2756
3 1530 2755 1523
3 1530 1523 1525
3 1532 2756 2755
3 1532 2755 1530
3 1534 2757 2756
3 1534 2756 1532
3 1848 1852 2756
3 1848 2756 2757
3 1536 2758 2757
3 1536 2757 1534
3 1845 1848 2757
3 1845 2757 2758
3 1538 2759 2758
3 1538 2758 1536
3 1842 1845 2758
3 1842 2758 2759
3 1540 2760 2759
3 1540 2759 1538
3 1839 1842 2759
3 1839 2759 2760
3 1542 2761 2760
3 1542 2760 1540
3 1836 1839 2760
3 1836 2760 2761
3 1544 2762 2761
3 1544 2761 1542
3 1833 1836 2761
3 1833 2761 2762
3 1546 2763 2762
3 1546 2762 1544
3 1830 1833 2762
3 1830 2762 2763
3 1548 2764 2763
3 1548 2763 1546
3 1827 1830 2763
3 1827 2763 2764
3 1550 2765 2764
3 1550 2764 1548
3 1824 1827 2764
3 1824 2764 2765
3 1552 2766 2765
3 1552 2765 1550
3 1821 1824 2765
3 1821 2765 2766
3 1554 2767 2766
3 1554 2766 1552
3 1818 1821 2766
3 1818 2766 2767
3 1556 2768 2767
3 1556 2767 1554
3 1815 1818 2767
3 1815 2767 2768
3 1558 2769 2768
3 1558 2768 1556
3 1812 1815 2768
3 1812 2768 2769
3 1560 2770 2769
3 1560 2769 1558
3 1809 1812 2769
3 1809 2769 2770
3 1562 2771 2770
3 1562 2770 1560
3 1807 1809 2770
3 1807 2770 2771
3 1564 2772 2771
3 1564 2771 1562
3 1805 1807 2771
3 1805 2771 2772
3 1566 2773 2772
3 1566 2772 1564
3 1805 2772 2773
3 1805 2773 1802
3 1568 2774 2773
3 1568 2773 1566
3 2775 1802 2773
3 2775 2773 2774
3 1570 2776 2774
3 1570 2774 1568
3 2775 2774 2776
3 2775 2776 2777
3 1572 2778 2776
3 1572 2776 1570
3 2777 2776 2778
3 2777 2778 2779
3 1574 2780 2778
3 1574 2778 1572
3 2781 2779 2778
3 2781 2778 2780
3 1576 2782 2780
3 1576 2780 1574
3 2783 2781 2780
3 2783 2780 2782
3 1578 2784 2782
3 1578 2782 1576
3 2783 2782 2784
3 2783 2784 2785
3 1580 2786 2784
3 1580 2784 1578
3 2784 2786 2787
3 2784 2787 2785
3 1582 2788 2786
3 1582 2786 1580
3 2790 2787 2786
3 2790 2786 2788
3 2789 2788 1582
3 2789 1582 1584
3 2790 2788 2789
3 2790 2789 2791
3 2790 2791 2794
3 2790 2794 2792
3 2795 2787 2790
3 2795 2790 2792
3 2795 2792 2793
3 2795 2793 2797
3 2960 2793 2792
3 2960 2792 2794
3 2795 2796 2785
3 2795 2785 2787
3 2799 2796 2795
3 2799 2795 2797
3 2799 2797 2798
3 2799 2798 2801
3 2958 2798 2797
3 2958 2797 2793
3 2799 2800 2918
3 2799 2918 2796
3 2803 2800 2799
3 2803 2799 2801
3 2803 2801 2802
3 2803 2802 2805
3 2956 2802 2801
3 2956 2801 2798
3 2803 2804 2919
3 2803 2919 2800
3 2807 2804 2803
3 2807 2803 2805
3 2807 2805 2806
3 2807 2806 2809
3 2954 2806 2805
3 2954 2805 2802
3 2807 2808 2912
3 2807 2912 2804
3 2811 2808 2807
3 2811 2807 2809
3 2811 2809 2810
3 2811 2810 2813
3 2952 2810 2809
3 2952 2809 2806
3 2811 2812 2910
3 2811 2910 2808
3 2815 2812 2811
3 2815 2811 2813
3 2815 2813 2814
3 2815 2814 2817
3 2950 2814 2813
3 2950 2813 2810
3 2815 2816 2908
3 2815 2908 2812
3 2819 2816 2815
3 2819 2815 2817
3 2819 2817 2818
3 2819 2818 2821
3 2948 2818 2817
3 2948 2817 2814
3 2819 2820 2906
3 2819 2906 2816
3 2823 2820 2819
3 2823 2819 2821
3 2823 2821 2822
3 2823 2822 2825
3 2946 2822 2821
3 2946 2821 2818
3 2823 2824 2904
3 2823 2904 2820
3 2827 2824 2823
3 2827 2823 2825
3 2827 2825 2826
3 2827 2826 2829
3 2944 2826 2825
3 2944 2825 2822
3 2827 2828 2902
3 2827 2902 2824
3 2831 2828 2827
3 2831 2827 2829
3 2831 2829 2830
3 2831 2830 2833
3 2942 2830 2829
3 2942 2829 2826
3 2831 2832 2900
3 2831 2900 2828
3 2835 2832 2831
3 2835 2831 2833
3 2835 2833 2834
3 2835 2834 2837
3 2940 2834 2833
3 2940 2833 2830
3 2835 2836 2898
3 2835 2898 2832
3 2839 2836 2835
3 2839 2835 2837
3 2839 2837 2838
3 2839 2838 2841
3 2938 2838 2837
3 2938 2837 2834
3 2839 2840 2896
3 2839 2896 2836
3 2843 2840 2839
3 2843 2839 2841
3 2843 2841 2842
3 2843 2842 2845
3 2936 2842 2841
3 2936 2841 2838
3 2843 2844 2894
3 2843 2894 2840
3 2847 2844 2843
3 2847 2843 2845
3 2847 2845 2846
3 2847 2846 2849
3 2934 2846 2845
3 2934 2845 2842
3 2847 2848 2892
3 2847 2892 2844
3 2851 2848 2847
3 2851 2847 2849
3 2851 2849 2850
3 2851 2850 2853
3 2932 2850 2849
3 2932 2849 2846
3 2851 2852 2890
3 2851 2890 2848
3 2855 2852 2851
3 2855 2851 2853
3 2855 2853 2854
3 2855 2854 2857
3 2930 2854 2853
3 2930 2853 2850
3 2855 2856 2888
3 2855 2888 2852
3 2859 2856 2855
3 2859 2855 2857
3 2859 2857 2858
3 2859 2858 2861
3 2928 2858 2857
3 2928 2857 2854
3 2859 2860 2886
3 2859 2886 2856
3 2863 2860 2859
3 2863 2859 2861
3 2863 2861 2862
3 2863 2862 2865
3 2926 2862 2861
3 2926 2861 2858
3 2863 2864 2884
3 2863 2884 2860
3 2867 2864 2863
3 2867 2863 2865
3 2867 2865 2866
3 2867 2866 2869
3 2924 2866 2865
3 2924 2865 2862
3 2867 2868 2882
3 2867 2882 2864
3 2871 2868 2867
3 2871 2867 2869
3 2871 2869 2870
3 2871 2870 2873
3 2922 2870 2869
3 2922 2869 2866
3 2871 2872 2880
3 2871 2880 2868
3 2875 2872 2871
3 2875 2871 2873
3 2875 2873 2874
3 2875 2874 1708
3 2920 2874 2873
3 2920 2873 2870
3 2875 2876 2877
3 2875 2877 2872
3 1710 2876 2875
3 1710 2875 1708
3 2879 2877 2876
3 2879 2876 1715
3 2879 1730 2878
3 2879 2878 2877
3 2878 2880 2872
3 2878 2872 2877
3 1717 1725 2879
3 1717 2879 1715
3 2878 1734 2881
3 2878 2881 2880
3 2881 2882 2868
3 2881 2868 2880
3 2881 1738 2883
3 2881 2883 2882
3 2883 2884 2864
3 2883 2864 2882
3 2883 1742 2885
3 2883 2885 2884
3 2885 2886 2860
3 2885 2860 2884
3 2885 1746 2887
3 2885 2887 2886
3 2887 2888 2856
3 2887 2856 2886
3 2887 1750 2889
3 2887 2889 2888
3 2889 2890 2852
3 2889 2852 2888
3 2889 1754 2891
3 2889 2891 2890
3 2891 2892 2848
3 2891 2848 2890
3 2891 1758 2893
3 2891 2893 2892
3 2893 2894 2844
3 2893 2844 2892
3 2893 1762 2895
3 2893 2895 2894
3 2895 2896 2840
3 2895 2840 2894
3 2895 1766 2897
3 2895 2897 2896
3 2897 2898 2836
3 2897 2836 2896
3 2897 1770 2899
3 2897 2899 2898
3 2899 2900 2832
3 2899 2832 2898
3 2899 1774 2901
3 2899 2901 2900
3 2901 2902 2828
3 2901 2828 2900
3 2901 1783 2903
3 2901 2903 2902
3 2901 1774 1776
3 2901 1776 1783
3 2903 2904 2824
3 2903 2824 2902
3 2903 1784 2905
3 2903 2905 2904
3 2905 2906 2820
3 2905 2820 2904
3 2905 1788 2907
3 2905 2907 2906
3 2907 2908 2816
3 2907 2816 2906
3 2907 1797 2909
3 2907 2909 2908
3 2907 1788 1790
3 2907 1790 1797
3 2909 2910 2812
3 2909 2812 2908
3 2909 1798 2911
3 2909 2911 2910
3 2911 2912 2808
3 2911 2808 2910
3 2911 2913 2914
3 2911 2914 2912
3 2911 1798 1800
3 2911 1800 2913
3 2916 2914 2913
3 2916 2913 2915
3 1800 1803 2915
3 1800 2915 2913
3 2777 2779 2916
3 2777 2916 2915
3 2775 2777 2915
3 2775 2915 1803
3 2916 2779 2781
3 2916 2781 2917
3 2916 2917 2919
3 2916 2919 2914
3 2917 2781 2783
3 2917 2783 2918
3 2917 2918 2800
3 2917 2800 2919
3 2914 2919 2804
3 2914 2804 2912
3 2783 2785 2796
3 2783 2796 2918
3 1704 2874 2920
3 1704 2920 1702
3 2920 2921 1698
3 2920 1698 1702
3 2920 2870 2922
3 2920 2922 2921
3 2922 2923 1694
3 2922 1694 2921
3 2922 2866 2924
3 2922 2924 2923
3 2924 2925 1690
3 2924 1690 2923
3 2924 2862 2926
3 2924 2926 2925
3 2926 2927 1686
3 2926 1686 2925
3 2926 2858 2928
3 2926 2928 2927
3 2928 2929 1682
3 2928 1682 2927
3 2928 2854 2930
3 2928 2930 2929
3 2930 2931 1678
3 2930 1678 2929
3 2930 2850 2932
3 2930 2932 2931
3 2932 2933 1674
3 2932 1674 2931
3 2932 2846 2934
3 2932 2934 2933
3 2934 2935 1670
3 2934 1670 2933
3 2934 2842 2936
3 2934 2936 2935
3 2936 2937 1666
3 2936 1666 2935
3 2936 2838 2938
3 2936 2938 2937
3 2938 2939 1662
3 2938 1662 2937
3 2938 2834 2940
3 2938 2940 2939
3 2940 2941 1658
3 2940 1658 2939
3 2940 2830 2942
3 2940 2942 2941
3 2942 2943 1654
3 2942 1654 2941
3 2942 2826 2944
3 2942 2944 2943
3 2944 2945 1650
3 2944 1650 2943
3 2944 2822 2946
3 2944 2946 2945
3 2946 2947 1646
3 2946 1646 2945
3 2946 2818 2948
3 2946 2948 2947
3 2948 2949 1642
3 2948 1642 2947
3 2948 2814 2950
3 2948 2950 2949
3 2950 2951 1638
3 2950 1638 2949
3 2950 2810 2952
3 2950 2952 2951
3 2952 2953 1634
3 2952 1634 2951
3 2952 2806 2954
3 2952 2954 2953
3 2954 2955 1630
3 2954 1630 2953
3 2954 2802 2956
3 2954 2956 2955
3 2956 2957 1626
3 2956 1626 2955
3 2956 2798 2958
3 2956 2958 2957
3 2958 2959 1622
3 2958 1622 2957
3 2958 2793 2960
3 2958 2960 2959
3 2960 2961 1618
3 2960 1618 2959
3 2960 2794 2962
3 2960 2962 2961
3 2962 2963 1614
3 2962 1614 2961
3 2962 2964 2965
3 2962 2965 2963
3 2962 2794 2791
3 2962 2791 2964
3 2965 2964 2966
3 2965 2966 2967
3 2789 2966 2964
3 2789 2964 2791
3 1586 1588 2967
3 1586 2967 2966
3 2789 1584 1586
3 2789 1586 2966
3 2968 2967 1588
3 2968 1588 1590
3 2965 2967 2968
3 2965 2968 2970
3 2968 2969 1606
3 2968 1606 2970
3 2968 1590 1592
3 2968 1592 2969
3 2965 2970 1610
3 2965 1610 2963
3 1592 1594 1600
3 1592 1600 2969
3 1260 1262 1713
3 1260 1713 1706
3 1243 1248 1696
3 1243 1696 1241
3 1145 1603 1601
3 1145 1601 2971
3 1598 2972 2971
3 1598 2971 1601
3 1141 2971 2972
3 1141 2972 2973
3 2974 2975 2973
3 2974 2973 2972
3 2974 2972 1598
3 2974 1598 1596
3 955 2975 2974
3 955 2974 958
3 2974 1596 961
3 2974 961 958
3 1140 2973 2975
3 1140 2975 2976
3 952 2976 2975
3 952 2975 955
3 1137 1140 2976
3 1137 2976 2977
3 949 2977 2976
3 949 2976 952
3 1134 1137 2977
3 1134 2977 2978
3 946 2978 2977
3 946 2977 949
3 1131 1134 2978
3 1131 2978 2979
3 943 2979 2978
3 943 2978 946
3 1128 1131 2979
3 1128 2979 2980
3 940 2980 2979
3 940 2979 943
3 1125 1128 2980
3 1125 2980 2981
3 937 2981 2980
3 937 2980 940
3 1122 1125 2981
3 1122 2981 2982
3 934 2982 2981
3 934 2981 937
3 1119 1122 2982
3 1119 2982 2983
3 931 2983 2982
3 931 2982 934
3 1116 1119 2983
3 1116 2983 2984
3 928 2984 2983
3 928 2983 931
3 1113 1116 2984
3 1113 2984 2985
3 926 2985 2984
3 926 2984 928
3 1107 1113 2985
3 1107 2985 2986
3 926 2987 2986
3 926 2986 2985
3 1103 2986 2987
3 1103 2987 2988
3 922 2989 2988
3 922 2988 2987
3 1102 2988 2989
3 1102 2989 2990
3 914 2990 2989
3 914 2989 917
3 1099 1102 2990
3 1099 2990 2991
3 911 2991 2990
3 911 2990 914
3 1096 1099 2991
3 1096 2991 2992
3 908 2992 2991
3 908 2991 911
3 1093 1096 2992
3 1093 2992 2993
3 905 2993 2992
3 905 2992 908
3 1090 1093 2993
3 1090 2993 2994
3 902 2994 2993
3 902 2993 905
3 1087 1090 2994
3 1087 2994 2995
3 899 2995 2994
3 899 2994 902
3 1084 1087 2995
3 1084 2995 2996
3 896 2996 2995
3 896 2995 899
3 1081 1084 2996
3 1081 2996 2997
3 893 2997 2996
3 893 2996 896
3 1075 1081 2997
3 1075 2997 2998
3 890 2998 2997
3 890 2997 893
3 887 1074 2998
3 887 2998 890
3 1520 1518 1077
3 1520 1077 1527
3 1518 1506 1079
3 1518 1079 1077
3 1097 1495 1492
3 1097 1492 1100
3 1071 1074 887
3 1071 887 884
3 1068 1071 884
3 1068 884 882
3 1065 1068 882
3 1065 882 2999
3 1062 1065 2999
3 1062 2999 3000
3 874 3000 2999
3 874 2999 877
3 1059 1062 3000
3 1059 3000 3001
3 871 3001 3000
3 871 3000 874
3 1056 1059 3001
3 1056 3001 3002
3 868 3002 3001
3 868 3001 871
3 1053 1056 3002
3 1053 3002 3003
3 865 3003 3002
3 865 3002 868
3 1050 1053 3003
3 1050 3003 3004
3 862 3004 3003
3 862 3003 865
3 1047 1050 3004
3 1047 3004 3005
3 859 3005 3004
3 859 3004 862
3 1044 1047 3005
3 1044 3005 3006
3 856 3006 3005
3 856 3005 859
3 1041 1044 3006
3 1041 3006 3007
3 853 3007 3006
3 853 3006 856
3 1038 1041 3007
3 1038 3007 3008
3 850 3008 3007
3 850 3007 853
3 1035 1038 3008
3 1035 3008 3009
3 847 3009 3008
3 847 3008 850
3 1032 1035 3009
3 1032 3009 3010
3 844 3010 3009
3 844 3009 847
3 1029 1032 3010
3 1029 3010 3011
3 841 3011 3010
3 841 3010 844
3 1026 1029 3011
3 1026 3011 3012
3 838 3012 3011
3 838 3011 841
3 1023 1026 3012
3 1023 3012 3013
3 835 3013 3012
3 835 3012 838
3 1020 1023 3013
3 1020 3013 3014
3 832 3014 3013
3 832 3013 835
3 1017 1020 3014
3 1017 3014 3015
3 829 3015 3014
3 829 3014 832
3 1014 1017 3015
3 1014 3015 3016
3 826 3016 3015
3 826 3015 829
3 1011 1014 3016
3 1011 3016 3017
3 823 3017 3016
3 823 3016 826
3 1008 1011 3017
3 1008 3017 3018
3 820 3018 3017
3 820 3017 823
3 1005 1008 3018
3 1005 3018 3019
3 817 3019 3018
3 817 3018 820
3 1002 1005 3019
3 1002 3019 3020
3 814 3020 3019
3 814 3019 817
3 999 1002 3020
3 999 3020 3021
3 811 3021 3020
3 811 3020 814
3 996 999 3021
3 996 3021 3022
3 808 3022 3021
3 808 3021 811
3 993 996 3022
3 993 3022 3023
3 805 3023 3022
3 805 3022 808
3 990 993 3023
3 990 3023 3024
3 802 3024 3023
3 802 3023 805
3 987 990 3024
3 987 3024 3025
3 799 3025 3024
3 799 3024 802
3 984 987 3025
3 984 3025 3026
3 796 3026 3025
3 796 3025 799
3 981 984 3026
3 981 3026 3027
3 793 3027 3026
3 793 3026 796
3 978 981 3027
3 978 3027 3028
3 790 3028 3027
3 790 3027 793
3 975 978 3028
3 975 3028 3029
3 787 3029 3028
3 787 3028 790
3 972 975 3029
3 972 3029 3030
3 784 3030 3029
3 784 3029 787
3 969 972 3030
3 969 3030 3031
3 781 3031 3030
3 781 3030 784
3 966 969 3031
3 966 3031 3032
3 778 3032 3031
3 778 3031 781
3 963 966 3032
3 963 3032 3033
3 775 3033 3032
3 775 3032 778
3 960 963 3033
3 960 3033 3034
3 772 3034 3033
3 772 3033 775
3 957 960 3034
3 957 3034 3035
3 769 3035 3034
3 769 3034 772
3 954 957 3035
3 954 3035 3036
3 766 3036 3035
3 766 3035 769
3 951 954 3036
3 951 3036 3037
3 763 3037 3036
3 763 3036 766
3 948 951 3037
3 948 3037 3038
3 760 3038 3037
3 760 3037 763
3 945 948 3038
3 945 3038 3039
3 757 3039 3038
3 757 3038 760
3 942 945 3039
3 942 3039 3040
3 754 3040 3039
3 754 3039 757
3 939 942 3040
3 939 3040 3041
3 751 3041 3040
3 751 3040 754
3 936 939 3041
3 936 3041 3042
3 748 3042 3041
3 748 3041 751
3 933 936 3042
3 933 3042 3043
3 745 3043 3042
3 745 3042 748
3 930 933 3043
3 930 3043 3044
3 743 3044 3043
3 743 3043 745
3 924 930 3044
3 924 3044 3045
3 743 3046 3045
3 743 3045 3044
3 920 3045 3046
3 920 3046 3047
3 739 3048 3047
3 739 3047 3046
3 919 3047 3048
3 919 3048 3049
3 731 3049 3048
3 731 3048 734
3 916 919 3049
3 916 3049 3050
3 728 3050 3049
3 728 3049 731
3 913 916 3050
3 913 3050 3051
3 725 3051 3050
3 725 3050 728
3 910 913 3051
3 910 3051 3052
3 722 3052 3051
3 722 3051 725
3 907 910 3052
3 907 3052 3053
3 719 3053 3052
3 719 3052 722
3 904 907 3053
3 904 3053 3054
3 716 3054 3053
3 716 3053 719
3 901 904 3054
3 901 3054 3055
3 713 3055 3054
3 713 3054 716
3 898 901 3055
3 898 3055 3056
3 710 3056 3055
3 710 3055 713
3 895 898 3056
3 895 3056 3057
3 707 3057 3056
3 707 3056 710
3 892 895 3057
3 892 3057 3058
3 704 3058 3057
3 704 3057 707
3 889 892 3058
3 889 3058 3059
3 701 3059 3058
3 701 3058 704
3 886 889 3059
3 886 3059 3060
3 698 3060 3059
3 698 3059 701
3 880 886 3060
3 880 3060 3061
3 695 3061 3060
3 695 3060 698
3 692 879 3061
3 692 3061 695
3 876 879 692
3 876 692 689
3 873 876 689
3 873 689 687
3 870 873 687
3 870 687 3062
3 867 870 3062
3 867 3062 3063
3 679 3063 3062
3 679 3062 682
3 864 867 3063
3 864 3063 3064
3 676 3064 3063
3 676 3063 679
3 861 864 3064
3 861 3064 3065
3 673 3065 3064
3 673 3064 676
3 858 861 3065
3 858 3065 3066
3 670 3066 3065
3 670 3065 673
3 855 858 3066
3 855 3066 3067
3 667 3067 3066
3 667 3066 670
3 852 855 3067
3 852 3067 3068
3 664 3068 3067
3 664 3067 667
3 849 852 3068
3 849 3068 3069
3 661 3069 3068
3 661 3068 664
3 846 849 3069
3 846 3069 3070
3 658 3070 3069
3 658 3069 661
3 843 846 3070
3 843 3070 3071
3 655 3071 3070
3 655 3070 658
3 840 843 3071
3 840 3071 3072
3 652 3072 3071
3 652 3071 655
3 837 840 3072
3 837 3072 3073
3 649 3073 3072
3 649 3072 652
3 834 837 3073
3 834 3073 3074
3 646 3074 3073
3 646 3073 649
3 831 834 3074
3 831 3074 3075
3 643 3075 3074
3 643 3074 646
3 828 831 3075
3 828 3075 3076
3 640 3076 3075
3 640 3075 643
3 825 828 3076
3 825 3076 3077
3 637 3077 3076
3 637 3076 640
3 822 825 3077
3 822 3077 3078
3 634 3078 3077
3 634 3077 637
3 819 822 3078
3 819 3078 3079
3 631 3079 3078
3 631 3078 634
3 816 819 3079
3 816 3079 3080
3 628 3080 3079
3 628 3079 631
3 813 816 3080
3 813 3080 3081
3 625 3081 3080
3 625 3080 628
3 810 813 3081
3 810 3081 3082
3 622 3082 3081
3 622 3081 625
3 807 810 3082
3 807 3082 3083
3 619 3083 3082
3 619 3082 622
3 804 807 3083
3 804 3083 3084
3 616 3084 3083
3 616 3083 619
3 801 804 3084
3 801 3084 3085
3 613 3085 3084
3 613 3084 616
3 798 801 3085
3 798 3085 3086
3 610 3086 3085
3 610 3085 613
3 795 798 3086
3 795 3086 3087
3 607 3087 3086
3 607 3086 610
3 792 795 3087
3 792 3087 3088
3 604 3088 3087
3 604 3087 607
3 789 792 3088
3 789 3088 3089
3 601 3089 3088
3 601 3088 604
3 786 789 3089
3 786 3089 3090
3 598 3090 3089
3 598 3089 601
3 783 786 3090
3 783 3090 3091
3 595 3091 3090
3 595 3090 598
3 780 783 3091
3 780 3091 3092
3 592 3092 3091
3 592 3091 595
3 777 780 3092
3 777 3092 3093
3 589 3093 3092
3 589 3092 592
3 774 777 3093
3 774 3093 3094
3 586 3094 3093
3 586 3093 589
3 771 774 3094
3 771 3094 3095
3 583 3095 3094
3 583 3094 586
3 768 771 3095
3 768 3095 3096
3 580 3096 3095
3 580 3095 583
3 765 768 3096
3 765 3096 3097
3 577 3097 3096
3 577 3096 580
3 762 765 3097
3 762 3097 3098
3 574 3098 3097
3 574 3097 577
3 759 762 3098
3 759 3098 3099
3 571 3099 3098
3 571 3098 574
3 756 759 3099
3 756 3099 3100
3 568 3100 3099
3 568 3099 571
3 753 756 3100
3 753 3100 3101
3 565 3101 3100
3 565 3100 568
3 750 753 3101
3 750 3101 3102
3 562 3102 3101
3 562 3101 565
3 747 750 3102
3 747 3102 3103
3 560 3103 3102
3 560 3102 562
3 741 747 3103
3 741 3103 3104
3 560 3105 3104
3 560 3104 3103
3 737 3104 3105
3 737 3105 3106
3 556 3107 3106
3 556 3106 3105
3 736 3106 3107
3 736 3107 3108
3 548 3108 3107
3 548 3107 551
3 733 736 3108
3 733 3108 3109
3 545 3109 3108
3 545 3108 548
3 730 733 3109
3 730 3109 3110
3 542 3110 3109
3 542 3109 545
3 727 730 3110
3 727 3110 3111
3 539 3111 3110
3 539 3110 542
3 724 727 3111
3 724 3111 3112
3 536 3112 3111
3 536 3111 539
3 721 724 3112
3 721 3112 3113
3 533 3113 3112
3 533 3112 536
3 718 721 3113
3 718 3113 3114
3 530 3114 3113
3 530 3113 533
3 715 718 3114
3 715 3114 3115
3 527 3115 3114
3 527 3114 530
3 712 715 3115
3 712 3115 3116
3 524 3116 3115
3 524 3115 527
3 709 712 3116
3 709 3116 3117
3 521 3117 3116
3 521 3116 524
3 706 709 3117
3 706 3117 3118
3 518 3118 3117
3 518 3117 521
3 703 706 3118
3 703 3118 3119
3 515 3119 3118
3 515 3118 518
3 700 703 3119
3 700 3119 3120
3 512 3120 3119
3 512 3119 515
3 697 700 3120
3 697 3120 3121
3 509 3121 3120
3 509 3120 512
3 694 697 3121
3 694 3121 3122
3 506 3122 3121
3 506 3121 509
3 691 694 3122
3 691 3122 3123
3 503 3123 3122
3 503 3122 506
3 685 691 3123
3 685 3123 3124
3 500 3124 3123
3 500 3123 503
3 497 684 3124
3 497 3124 500
3 681 684 497
3 681 497 494
3 678 681 494
3 678 494 492
3 675 678 492
3 675 492 3125
3 672 675 3125
3 672 3125 3126
3 484 3126 3125
3 484 3125 487
3 669 672 3126
3 669 3126 3127
3 481 3127 3126
3 481 3126 484
3 666 669 3127
3 666 3127 3128
3 478 3128 3127
3 478 3127 481
3 663 666 3128
3 663 3128 3129
3 475 3129 3128
3 475 3128 478
3 660 663 3129
3 660 3129 3130
3 472 3130 3129
3 472 3129 475
3 657 660 3130
3 657 3130 3131
3 469 3131 3130
3 469 3130 472
3 654 657 3131
3 654 3131 3132
3 466 3132 3131
3 466 3131 469
3 651 654 3132
3 651 3132 3133
3 463 3133 3132
3 463 3132 466
3 648 651 3133
3 648 3133 3134
3 460 3134 3133
3 460 3133 463
3 645 648 3134
3 645 3134 3135
3 457 3135 3134
3 457 3134 460
3 642 645 3135
3 642 3135 3136
3 454 3136 3135
3 454 3135 457
3 639 642 3136
3 639 3136 3137
3 451 3137 3136
3 451 3136 454
3 636 639 3137
3 636 3137 3138
3 448 3138 3137
3 448 3137 451
3 633 636 3138
3 633 3138 3139
3 445 3139 3138
3 445 3138 448
3 630 633 3139
3 630 3139 3140
3 442 3140 3139
3 442 3139 445
3 627 630 3140
3 627 3140 3141
3 439 3141 3140
3 439 3140 442
3 624 627 3141
3 624 3141 3142
3 436 3142 3141
3 436 3141 439
3 621 624 3142
3 621 3142 3143
3 433 3143 3142
3 433 3142 436
3 618 621 3143
3 618 3143 3144
3 430 3144 3143
3 430 3143 433
3 615 618 3144
3 615 3144 3145
3 427 3145 3144
3 427 3144 430
3 612 615 3145
3 612 3145 3146
3 424 3146 3145
3 424 3145 427
3 609 612 3146
3 609 3146 3147
3 421 3147 3146
3 421 3146 424
3 606 609 3147
3 606 3147 3148
3 418 3148 3147
3 418 3147 421
3 603 606 3148
3 603 3148 3149
3 415 3149 3148
3 415 3148 418
3 600 603 3149
3 600 3149 3150
3 412 3150 3149
3 412 3149 415
3 597 600 3150
3 597 3150 3151
3 409 3151 3150
3 409 3150 412
3 594 597 3151
3 594 3151 3152
3 406 3152 3151
3 406 3151 409
3 591 594 3152
3 591 3152 3153
3 403 3153 3152
3 403 3152 406
3 588 591 3153
3 588 3153 3154
3 400 3154 3153
3 400 3153 403
3 585 588 3154
3 585 3154 3155
3 397 3155 3154
3 397 3154 400
3 582 585 3155
3 582 3155 3156
3 394 3156 3155
3 394 3155 397
3 579 582 3156
3 579 3156 3157
3 391 3157 3156
3 391 3156 394
3 576 579 3157
3 576 3157 3158
3 388 3158 3157
3 388 3157 391
3 573 576 3158
3 573 3158 3159
3 385 3159 3158
3 385 3158 388
3 570 573 3159
3 570 3159 3160
3 382 3160 3159
3 382 3159 385
3 567 570 3160
3 567 3160 3161
3 379 3161 3160
3 379 3160 382
3 564 567 3161
3 564 3161 3162
3 377 3162 3161
3 377 3161 379
3 558 564 3162
3 558 3162 3163
3 377 3164 3163
3 377 3163 3162
3 554 3163 3164
3 554 3164 3165
3 373 3166 3165
3 373 3165 3164
3 553 3165 3166
3 553 3166 3167
3 369 3168 3167
3 369 3167 3166
3 550 553 3167
3 550 3167 3169
3 3167 3168 3170
3 3167 3170 3169
3 547 550 3169
3 547 3169 3171
3 3172 3171 3169
3 3172 3169 3170
3 544 547 3171
3 544 3171 3173
3 3174 3173 3171
3 3174 3171 3172
3 541 544 3173
3 541 3173 3175
3 3176 3175 3173
3 3176 3173 3174
3 538 541 3175
3 538 3175 3177
3 3178 3177 3175
3 3178 3175 3176
3 535 538 3177
3 535 3177 3179
3 3180 3179 3177
3 3180 3177 3178
3 532 535 3179
3 532 3179 3181
3 3182 3181 3179
3 3182 3179 3180
3 529 532 3181
3 529 3181 3183
3 3184 3183 3181
3 3184 3181 3182
3 526 529 3183
3 526 3183 3185
3 3186 3185 3183
3 3186 3183 3184
3 523 526 3185
3 523 3185 3187
3 3188 3187 3185
3 3188 3185 3186
3 520 523 3187
3 520 3187 3189
3 3190 3189 3187
3 3190 3187 3188
3 517 520 3189
3 517 3189 3191
3 3192 3191 3189
3 3192 3189 3190
3 514 517 3191
3 514 3191 3193
3 3194 3193 3191
3 3194 3191 3192
3 511 514 3193
3 511 3193 3195
3 3196 3195 3193
3 3196 3193 3194
3 508 511 3195
3 508 3195 3197
3 3198 3197 3195
3 3198 3195 3196
3 505 508 3197
3 505 3197 3199
3 3200 3199 3197
3 3200 3197 3198
3 502 505 3199
3 502 3199 3201
3 3202 3201 3199
3 3202 3199 3200
3 499 502 3201
3 499 3201 3203
3 3204 3203 3201
3 3204 3201 3202
3 496 499 3203
3 496 3203 3205
3 3207 3205 3203
3 3207 3203 3204
3 490 496 3205
3 490 3205 3206
3 3209 3206 3205
3 3209 3205 3207
3 3207 3204 3820
3 3207 3820 3208
3 3209 3207 3208
3 3209 3208 3210
3 3211 489 3206
3 3211 3206 3209
3 3211 3209 3210
3 3211 3210 3212
3 486 489 3211
3 486 3211 3213
3 3211 3212 3214
3 3211 3214 3213
3 483 486 3213
3 483 3213 3215
3 3216 3215 3213
3 3216 3213 3214
3 480 483 3215
3 480 3215 3217
3 3218 3217 3215
3 3218 3215 3216
3 477 480 3217
3 477 3217 3219
3 3220 3219 3217
3 3220 3217 3218
3 474 477 3219
3 474 3219 3221
3 3222 3221 3219
3 3222 3219 3220
3 471 474 3221
3 471 3221 3223
3 3224 3223 3221
3 3224 3221 3222
3 468 471 3223
3 468 3223 3225
3 3226 3225 3223
3 3226 3223 3224
3 465 468 3225
3 465 3225 3227
3 3228 3227 3225
3 3228 3225 3226
3 462 465 3227
3 462 3227 3229
3 3230 3229 3227
3 3230 3227 3228
3 459 462 3229
3 459 3229 3231
3 3232 3231 3229
3 3232 3229 3230
3 456 459 3231
3 456 3231 3233
3 3234 3233 3231
3 3234 3231 3232
3 453 456 3233
3 453 3233 3235
3 3236 3235 3233
3 3236 3233 3234
3 450 453 3235
3 450 3235 3237
3 3238 3237 3235
3 3238 3235 3236
3 447 450 3237
3 447 3237 3239
3 3240 3239 3237
3 3240 3237 3238
3 444 447 3239
3 444 3239 3241
3 3242 3241 3239
3 3242 3239 3240
3 441 444 3241
3 441 3241 3243
3 3244 3243 3241
3 3244 3241 3242
3 438 441 3243
3 438 3243 3245
3 3246 3245 3243
3 3246 3243 3244
3 435 438 3245
3 435 3245 3247
3 3248 3247 3245
3 3248 3245 3246
3 432 435 3247
3 432 3247 3249
3 3250 3249 3247
3 3250 3247 3248
3 429 432 3249
3 429 3249 3251
3 3252 3251 3249
3 3252 3249 3250
3 426 429 3251
3 426 3251 3253
3 3254 3253 3251
3 3254 3251 3252
3 423 426 3253
3 423 3253 3255
3 3256 3255 3253
3 3256 3253 3254
3 420 423 3255
3 420 3255 3257
3 3258 3257 3255
3 3258 3255 3256
3 417 420 3257
3 417 3257 3259
3 3260 3259 3257
3 3260 3257 3258
3 414 417 3259
3 414 3259 3261
3 3262 3261 3259
3 3262 3259 3260
3 411 414 3261
3 411 3261 3263
3 3264 3263 3261
3 3264 3261 3262
3 408 411 3263
3 408 3263 3265
3 3266 3265 3263
3 3266 3263 3264
3 405 408 3265
3 405 3265 3267
3 3268 3267 3265
3 3268 3265 3266
3 402 405 3267
3 402 3267 3269
3 3270 3269 3267
3 3270 3267 3268
3 399 402 3269
3 399 3269 3271
3 3272 3271 3269
3 3272 3269 3270
3 396 399 3271
3 396 3271 3273
3 3274 3273 3271
3 3274 3271 3272
3 393 396 3273
3 393 3273 3275
3 3276 3275 3273
3 3276 3273 3274
3 390 393 3275
3 390 3275 3277
3 3278 3277 3275
3 3278 3275 3276
3 387 390 3277
3 387 3277 3279
3 3280 3279 3277
3 3280 3277 3278
3 384 387 3279
3 384 3279 3281
3 3282 3281 3279
3 3282 3279 3280
3 381 384 3281
3 381 3281 3283
3 3285 3283 3281
3 3285 3281 3282
3 375 381 3283
3 375 3283 3284
3 3285 3287 3284
3 3285 3284 3283
3 3285 3282 3696
3 3285 3696 3286
3 3289 3287 3285
3 3289 3285 3286
3 371 3284 3287
3 371 3287 3288
3 3289 3291 3288
3 3289 3288 3287
3 3289 3286 3691
3 3289 3691 3290
3 3293 3291 3289
3 3293 3289 3290
3 367 3288 3291
3 367 3291 3292
3 3293 3295 3292
3 3293 3292 3291
3 3293 3290 3689
3 3293 3689 3294
3 3297 3295 3293
3 3297 3293 3294
3 363 3292 3295
3 363 3295 3296
3 3297 3299 3296
3 3297 3296 3295
3 3300 3299 3297
3 3300 3297 3298
3 3297 3294 3688
3 3297 3688 3298
3 358 3296 3299
3 358 3299 356
3 3300 3301 356
3 3300 356 3299
3 3305 3301 3300
3 3305 3300 3302
3 3300 3298 3304
3 3300 3304 3302
3 3305 3302 3303
3 3305 3303 3306
3 3680 3303 3302
3 3680 3302 3304
3 3307 355 3301
3 3307 3301 3305
3 3307 3305 3306
3 3307 3306 3308
3 352 355 3307
3 352 3307 3309
3 3307 3308 3310
3 3307 3310 3309
3 352 3309 3311
3 352 3311 349
3 3312 3311 3309
3 3312 3309 3310
3 3313 346 349
3 3313 349 3311
3 3313 3311 3312
3 3313 3312 3314
3 343 346 3313
3 343 3313 3315
3 3313 3314 3316
3 3313 3316 3315
3 340 343 3315
3 340 3315 3317
3 3318 3317 3315
3 3318 3315 3316
3 337 340 3317
3 337 3317 3319
3 3320 3319 3317
3 3320 3317 3318
3 334 337 3319
3 334 3319 3321
3 3322 3321 3319
3 3322 3319 3320
3 331 334 3321
3 331 3321 3323
3 3324 3323 3321
3 3324 3321 3322
3 328 331 3323
3 328 3323 3325
3 3326 3325 3323
3 3326 3323 3324
3 325 328 3325
3 325 3325 3327
3 3328 3327 3325
3 3328 3325 3326
3 322 325 3327
3 322 3327 3329
3 3330 3329 3327
3 3330 3327 3328
3 319 322 3329
3 319 3329 3331
3 3332 3331 3329
3 3332 3329 3330
3 316 319 3331
3 316 3331 3333
3 3334 3333 3331
3 3334 3331 3332
3 313 316 3333
3 313 3333 3335
3 3336 3335 3333
3 3336 3333 3334
3 310 313 3335
3 310 3335 3337
3 3338 3337 3335
3 3338 3335 3336
3 307 310 3337
3 307 3337 3339
3 3340 3339 3337
3 3340 3337 3338
3 304 307 3339
3 304 3339 3341
3 3342 3341 3339
3 3342 3339 3340
3 301 304 3341
3 301 3341 3343
3 3344 3343 3341
3 3344 3341 3342
3 298 301 3343
3 298 3343 3345
3 3346 3345 3343
3 3346 3343 3344
3 295 298 3345
3 295 3345 3347
3 3348 3347 3345
3 3348 3345 3346
3 292 295 3347
3 292 3347 3349
3 3350 3349 3347
3 3350 3347 3348
3 289 292 3349
3 289 3349 3351
3 3353 3351 3349
3 3353 3349 3350
3 283 289 3351
3 283 3351 3352
3 3355 3352 3351
3 3355 3351 3353
3 3353 3350 4530
3 3353 4530 3354
3 3355 3353 3354
3 3355 3354 3356
3 3357 282 3352
3 3357 3352 3355
3 3357 3355 3356
3 3357 3356 3358
3 279 282 3357
3 279 3357 3359
3 3357 3358 3360
3 3357 3360 3359
3 276 279 3359
3 276 3359 3361
3 3362 3361 3359
3 3362 3359 3360
3 273 276 3361
3 273 3361 3363
3 3364 3363 3361
3 3364 3361 3362
3 270 273 3363
3 270 3363 3365
3 3366 3365 3363
3 3366 3363 3364
3 267 270 3365
3 267 3365 3367
3 3368 3367 3365
3 3368 3365 3366
3 264 267 3367
3 264 3367 3369
3 3370 3369 3367
3 3370 3367 3368
3 261 264 3369
3 261 3369 3371
3 3372 3371 3369
3 3372 3369 3370
3 258 261 3371
3 258 3371 3373
3 3374 3373 3371
3 3374 3371 3372
3 255 258 3373
3 255 3373 3375
3 3376 3375 3373
3 3376 3373 3374
3 252 255 3375
3 252 3375 3377
3 3378 3377 3375
3 3378 3375 3376
3 249 252 3377
3 249 3377 3379
3 3380 3379 3377
3 3380 3377 3378
3 246 249 3379
3 246 3379 3381
3 3382 3381 3379
3 3382 3379 3380
3 243 246 3381
3 243 3381 3383
3 3384 3383 3381
3 3384 3381 3382
3 240 243 3383
3 240 3383 3385
3 3386 3385 3383
3 3386 3383 3384
3 237 240 3385
3 237 3385 3387
3 3388 3387 3385
3 3388 3385 3386
3 234 237 3387
3 234 3387 3389
3 3390 3389 3387
3 3390 3387 3388
3 231 234 3389
3 231 3389 3391
3 3392 3391 3389
3 3392 3389 3390
3 228 231 3391
3 228 3391 3393
3 3394 3393 3391
3 3394 3391 3392
3 225 228 3393
3 225 3393 3395
3 3396 3395 3393
3 3396 3393 3394
3 222 225 3395
3 222 3395 3397
3 3398 3397 3395
3 3398 3395 3396
3 219 222 3397
3 219 3397 3399
3 3400 3399 3397
3 3400 3397 3398
3 216 219 3399
3 216 3399 3401
3 3402 3401 3399
3 3402 3399 3400
3 213 216 3401
3 213 3401 3403
3 3404 3403 3401
3 3404 3401 3402
3 210 213 3403
3 210 3403 3405
3 3406 3405 3403
3 3406 3403 3404
3 207 210 3405
3 207 3405 3407
3 3408 3407 3405
3 3408 3405 3406
3 204 207 3407
3 204 3407 3409
3 3410 3409 3407
3 3410 3407 3408
3 201 204 3409
3 201 3409 3411
3 3412 3411 3409
3 3412 3409 3410
3 198 201 3411
3 198 3411 3413
3 3415 3413 3411
3 3415 3411 3412
3 195 198 3413
3 195 3413 3414
3 3415 3417 3414
3 3415 3414 3413
3 3415 3412 4520
3 3415 4520 3416
3 3419 3417 3415
3 3419 3415 3416
3 186 3414 3417
3 186 3417 3418
3 3419 3421 3418
3 3419 3418 3417
3 3423 3421 3419
3 3423 3419 3420
3 3419 3416 4522
3 3419 4522 3420
3 182 3418 3421
3 182 3421 3422
3 3423 3425 3422
3 3423 3422 3421
3 3427 3425 3423
3 3427 3423 3424
3 3423 3420 4524
3 3423 4524 3424
3 178 3422 3425
3 178 3425 3426
3 3427 3429 3426
3 3427 3426 3425
3 3431 3429 3427
3 3431 3427 3428
3 3427 3424 4526
3 3427 4526 3428
3 174 3426 3429
3 174 3429 3430
3 3431 3433 3430
3 3431 3430 3429
3 3434 3433 3431
3 3434 3431 3432
3 3431 3428 4529
3 3431 4529 3432
3 168 3430 3433
3 168 3433 165
3 3434 162 165
3 3434 165 3433
3 156 162 3434
3 156 3434 3435
3 3434 3432 3436
3 3434 3436 3435
3 3438 155 3435
3 3438 3435 3436
3 3438 3436 3437
3 3438 3437 3440
3 3437 3436 3432
3 3437 3432 4529
3 149 155 3438
3 149 3438 3439
3 3438 3440 3442
3 3438 3442 3439
3 3437 4528 3441
3 3437 3441 3440
3 3443 3442 3440
3 3443 3440 3441
3 3444 148 3439
3 3444 3439 3442
3 3444 3442 3443
3 3444 3443 3446
3 142 148 3444
3 142 3444 3445
3 3444 3446 3448
3 3444 3448 3445
3 3443 3502 3447
3 3443 3447 3446
3 3449 3448 3446
3 3449 3446 3447
3 3450 141 3445
3 3450 3445 3448
3 3450 3448 3449
3 3450 3449 3452
3 135 141 3450
3 135 3450 3451
3 3450 3452 3454
3 3450 3454 3451
3 3449 3480 3453
3 3449 3453 3452
3 3455 3454 3452
3 3455 3452 3453
3 3456 134 3451
3 3456 3451 3454
3 3456 3454 3455
3 3456 3455 3458
3 128 134 3456
3 128 3456 3457
3 3456 3458 3460
3 3456 3460 3457
3 3455 3474 3459
3 3455 3459 3458
3 3461 3460 3458
3 3461 3458 3459
3 2 127 3457
3 2 3457 3460
3 2 3460 3461
3 2 3461 3463
3 3461 3459 3472
3 3461 3472 3462
3 3461 3462 3464
3 3461 3464 3463
3 8 1 3463
3 8 3463 3464
3 8 3464 3465
3 8 3465 10
3 3465 3464 3462
3 3465 3462 3467
3 3465 3466 12
3 3465 12 10
3 3465 3467 3468
3 3465 3468 3466
3 3472 3469 3467
3 3472 3467 3462
3 3468 3467 3469
3 3468 3469 3471
3 3470 4371 3471
3 3470 3471 3469
3 3472 3473 3470
3 3472 3470 3469
3 3472 3459 3474
3 3472 3474 3473
3 3478 3475 3473
3 3478 3473 3474
3 3470 3473 3475
3 3470 3475 3477
3 3476 3487 3477
3 3476 3477 3475
3 3478 3479 3476
3 3478 3476 3475
3 3455 3453 3478
3 3455 3478 3474
3 3478 3453 3480
3 3478 3480 3479
3 3482 3481 3479
3 3482 3479 3480
3 3476 3479 3481
3 3476 3481 3484
3 3482 3501 3483
3 3482 3483 3481
3 3483 3485 3484
3 3483 3484 3481
3 3486 3484 3485
3 3486 3485 3489
3 3476 3484 3486
3 3476 3486 3487
3 3486 3488 4282
3 3486 4282 3487
3 3486 3489 3490
3 3486 3490 3488
3 3494 3491 3489
3 3494 3489 3485
3 3490 3489 3491
3 3490 3491 3492
3 3493 4374 3492
3 3493 3492 3491
3 3494 3495 3493
3 3494 3493 3491
3 3483 3496 3494
3 3483 3494 3485
3 3494 3496 3497
3 3494 3497 3495
3 3483 3501 3498
3 3483 3498 3496
3 3500 3497 3496
3 3500 3496 3498
3 3499 3503 3500
3 3499 3500 3498
3 3499 3498 3501
3 3499 3501 3502
3 3482 3447 3502
3 3482 3502 3501
3 3443 3441 3499
3 3443 3499 3502
3 3500 3503 3505
3 3500 3505 3504
3 3500 3504 3507
3 3500 3507 3497
3 4525 3506 3504
3 4525 3504 3505
3 3507 3504 3506
3 3507 3506 3509
3 3507 3508 3495
3 3507 3495 3497
3 3507 3509 3511
3 3507 3511 3508
3 4523 3510 3509
3 4523 3509 3506
3 3511 3509 3510
3 3511 3510 3512
3 3511 3513 3515
3 3511 3515 3508
3 3511 3512 3514
3 3511 3514 3513
3 3513 3514 3517
3 3513 3517 3516
3 3513 3516 3518
3 3513 3518 3515
3 3516 3517 3520
3 3516 3520 3519
3 3516 3519 3521
3 3516 3521 3518
3 3519 3520 3523
3 3519 3523 3522
3 3519 3522 3524
3 3519 3524 3521
3 3522 3523 3526
3 3522 3526 3525
3 3522 3525 3527
3 3522 3527 3524
3 3525 3526 3529
3 3525 3529 3528
3 3525 3528 3530
3 3525 3530 3527
3 3528 3529 3532
3 3528 3532 3531
3 3528 3531 3533
3 3528 3533 3530
3 3531 3532 3535
3 3531 3535 3534
3 3531 3534 3536
3 3531 3536 3533
3 3534 3535 3538
3 3534 3538 3537
3 3534 3537 3539
3 3534 3539 3536
3 3537 3538 3541
3 3537 3541 3540
3 3537 3540 3542
3 3537 3542 3539
3 3540 3541 3544
3 3540 3544 3543
3 3540 3543 3545
3 3540 3545 3542
3 3543 3544 3547
3 3543 3547 3546
3 3543 3546 3548
3 3543 3548 3545
3 3546 3547 3550
3 3546 3550 3549
3 3546 3549 3551
3 3546 3551 3548
3 3549 3550 3553
3 3549 3553 3552
3 3549 3552 3554
3 3549 3554 3551
3 3552 3553 3556
3 3552 3556 3555
3 3552 3555 3557
3 3552 3557 3554
3 3555 3556 3559
3 3555 3559 3558
3 3555 3558 3560
3 3555 3560 3557
3 3558 3559 3562
3 3558 3562 3561
3 3558 3561 3563
3 3558 3563 3560
3 3561 3562 3565
3 3561 3565 3564
3 3561 3564 3566
3 3561 3566 3563
3 3564 3565 3568
3 3564 3568 3567
3 3564 3567 3569
3 3564 3569 3566
3 3567 3568 3571
3 3567 3571 3570
3 3567 3570 3572
3 3567 3572 3569
3 3570 3571 3576
3 3570 3576 3573
3 3570 3573 3575
3 3570 3575 3572
3 3573 3576 3578
3 3573 3578 3574
3 3573 3574 4406
3 3573 4406 3575
3 4479 3577 3576
3 4479 3576 3571
3 3577 3579 3578
3 3577 3578 3576
3 3579 3581 3580
3 3579 3580 3578
3 3574 3578 3580
3 3574 3580 3583
3 3581 4473 3582
3 3581 3582 3580
3 3582 3585 3583
3 3582 3583 3580
3 3574 3583 3584
3 3574 3584 4406
3 3584 3583 3585
3 3584 3585 3586
3 3586 3585 3587
3 3586 3587 3588
3 3582 3589 3587
3 3582 3587 3585
3 3588 3587 3590
3 3588 3590 3591
3 3589 3592 3590
3 3589 3590 3587
3 3591 3590 3593
3 3591 3593 3594
3 3592 3595 3593
3 3592 3593 3590
3 3594 3593 3596
3 3594 3596 3597
3 3595 3598 3596
3 3595 3596 3593
3 3597 3596 3599
3 3597 3599 3600
3 3598 3601 3599
3 3598 3599 3596
3 3600 3599 3602
3 3600 3602 3603
3 3601 3604 3602
3 3601 3602 3599
3 3603 3602 3605
3 3603 3605 3606
3 3604 3607 3605
3 3604 3605 3602
3 3606 3605 3608
3 3606 3608 3609
3 3607 3610 3608
3 3607 3608 3605
3 3609 3608 3611
3 3609 3611 3612
3 3610 3613 3611
3 3610 3611 3608
3 3612 3611 3614
3 3612 3614 3615
3 3613 3616 3614
3 3613 3614 3611
3 3615 3614 3617
3 3615 3617 3618
3 3616 3619 3617
3 3616 3617 3614
3 3618 3617 3620
3 3618 3620 3621
3 3619 3622 3620
3 3619 3620 3617
3 3621 3620 3623
3 3621 3623 3624
3 3622 3625 3623
3 3622 3623 3620
3 3624 3623 3626
3 3624 3626 3627
3 3625 3628 3626
3 3625 3626 3623
3 3627 3626 3629
3 3627 3629 3630
3 3628 3631 3629
3 3628 3629 3626
3 3630 3629 3632
3 3630 3632 3633
3 3631 3634 3632
3 3631 3632 3629
3 3633 3632 3635
3 3633 3635 3636
3 3634 3638 3635
3 3634 3635 3632
3 3636 3635 3637
3 3636 3637 4421
3 3638 3639 3637
3 3638 3637 3635
3 3638 3640 3641
3 3638 3641 3639
3 3634 3642 3640
3 3634 3640 3638
3 3643 3646 3641
3 3643 3641 3640
3 3645 3643 3640
3 3645 3640 3642
3 3645 4432 3644
3 3645 3644 3643
3 3643 3644 3647
3 3643 3647 3646
3 3646 3647 3649
3 3646 3649 3648
3 3646 3648 3650
3 3646 3650 3641
3 3648 3649 3652
3 3648 3652 3651
3 3648 3651 3653
3 3648 3653 3650
3 3651 3652 3655
3 3651 3655 3654
3 3651 3654 3656
3 3651 3656 3653
3 3658 3657 3654
3 3658 3654 3655
3 3656 3654 3657
3 3656 3657 3659
3 3658 3661 3660
3 3658 3660 3657
3 3660 3662 3659
3 3660 3659 3657
3 3660 3661 3664
3 3660 3664 3663
3 3660 3663 3665
3 3660 3665 3662
3 3667 3666 3663
3 3667 3663 3664
3 3665 3663 3666
3 3665 3666 3668
3 3667 3670 3669
3 3667 3669 3666
3 3669 3671 3668
3 3669 3668 3666
3 3669 3670 3673
3 3669 3673 3672
3 3669 3672 3674
3 3669 3674 3671
3 3672 3673 3676
3 3672 3676 3675
3 3672 3675 3677
3 3672 3677 3674
3 3676 3679 3678
3 3676 3678 3675
3 172 3677 3675
3 172 3675 3678
3 176 3678 3679
3 176 3679 3681
3 3676 3303 3680
3 3676 3680 3679
3 3680 3682 3681
3 3680 3681 3679
3 180 3681 3682
3 180 3682 3684
3 3680 3304 3683
3 3680 3683 3682
3 3683 3685 3684
3 3683 3684 3682
3 184 3684 3685
3 184 3685 190
3 3683 3688 3686
3 3683 3686 3685
3 3686 3687 190
3 3686 190 3685
3 3686 3689 3690
3 3686 3690 3687
3 3686 3688 3294
3 3686 3294 3689
3 3690 3689 3290
3 3690 3290 3691
3 3690 3691 3694
3 3690 3694 3692
3 3690 3692 191
3 3690 191 3687
3 3694 3695 3693
3 3694 3693 3692
3 193 191 3692
3 193 3692 3693
3 3694 3696 3697
3 3694 3697 3695
3 3694 3691 3286
3 3694 3286 3696
3 3282 3280 3697
3 3282 3697 3696
3 3695 3697 3698
3 3695 3698 3699
3 3280 3278 3698
3 3280 3698 3697
3 3699 3698 3700
3 3699 3700 3701
3 3278 3276 3700
3 3278 3700 3698
3 3701 3700 3702
3 3701 3702 3703
3 3276 3274 3702
3 3276 3702 3700
3 3703 3702 3704
3 3703 3704 3705
3 3274 3272 3704
3 3274 3704 3702
3 3705 3704 3706
3 3705 3706 3707
3 3272 3270 3706
3 3272 3706 3704
3 3707 3706 3708
3 3707 3708 3709
3 3270 3268 3708
3 3270 3708 3706
3 3709 3708 3710
3 3709 3710 3711
3 3268 3266 3710
3 3268 3710 3708
3 3711 3710 3712
3 3711 3712 3713
3 3266 3264 3712
3 3266 3712 3710
3 3713 3712 3714
3 3713 3714 3715
3 3264 3262 3714
3 3264 3714 3712
3 3715 3714 3716
3 3715 3716 3717
3 3262 3260 3716
3 3262 3716 3714
3 3717 3716 3718
3 3717 3718 3719
3 3260 3258 3718
3 3260 3718 3716
3 3719 3718 3720
3 3719 3720 3721
3 3258 3256 3720
3 3258 3720 3718
3 3721 3720 3722
3 3721 3722 3723
3 3256 3254 3722
3 3256 3722 3720
3 3723 3722 3724
3 3723 3724 3725
3 3254 3252 3724
3 3254 3724 3722
3 3725 3724 3726
3 3725 3726 3727
3 3252 3250 3726
3 3252 3726 3724
3 3727 3726 3728
3 3727 3728 3729
3 3250 3248 3728
3 3250 3728 3726
3 3729 3728 3730
3 3729 3730 3731
3 3248 3246 3730
3 3248 3730 3728
3 3731 3730 3732
3 3731 3732 3733
3 3246 3244 3732
3 3246 3732 3730
3 3733 3732 3734
3 3733 3734 3735
3 3244 3242 3734
3 3244 3734 3732
3 3735 3734 3736
3 3735 3736 3737
3 3242 3240 3736
3 3242 3736 3734
3 3737 3736 3738
3 3737 3738 3739
3 3240 3238 3738
3 3240 3738 3736
3 3739 3738 3740
3 3739 3740 3741
3 3238 3236 3740
3 3238 3740 3738
3 3741 3740 3742
3 3741 3742 3743
3 3236 3234 3742
3 3236 3742 3740
3 3743 3742 3744
3 3743 3744 3745
3 3234 3232 3744
3 3234 3744 3742
3 3745 3744 3746
3 3745 3746 3747
3 3232 3230 3746
3 3232 3746 3744
3 3747 3746 3748
3 3747 3748 3749
3 3230 3228 3748
3 3230 3748 3746
3 3749 3748 3750
3 3749 3750 3751
3 3228 3226 3750
3 3228 3750 3748
3 3751 3750 3752
3 3751 3752 3753
3 3226 3224 3752
3 3226 3752 3750
3 3224 3222 3754
3 3224 3754 3752
3 3753 3752 3754
3 3753 3754 3755
3 3755 3754 3756
3 3755 3756 3757
3 3222 3220 3756
3 3222 3756 3754
3 3757 3756 3758
3 3757 3758 3759
3 3220 3218 3758
3 3220 3758 3756
3 3759 3758 3760
3 3759 3760 3762
3 3218 3216 3760
3 3218 3760 3758
3 3216 3214 3761
3 3216 3761 3760
3 3761 3763 3762
3 3761 3762 3760
3 3759 3762 290
3 3759 290 287
3 290 3762 3763
3 290 3763 293
3 293 3763 3764
3 293 3764 296
3 3761 3765 3764
3 3761 3764 3763
3 296 3764 3766
3 296 3766 299
3 3765 3767 3766
3 3765 3766 3764
3 299 3766 3768
3 299 3768 302
3 3767 3769 3768
3 3767 3768 3766
3 302 3768 3770
3 302 3770 305
3 3769 3771 3770
3 3769 3770 3768
3 305 3770 3772
3 305 3772 308
3 3771 3773 3772
3 3771 3772 3770
3 308 3772 3774
3 308 3774 311
3 3773 3775 3774
3 3773 3774 3772
3 311 3774 3776
3 311 3776 314
3 3775 3777 3776
3 3775 3776 3774
3 314 3776 3778
3 314 3778 317
3 3777 3779 3778
3 3777 3778 3776
3 317 3778 3780
3 317 3780 320
3 3779 3781 3780
3 3779 3780 3778
3 320 3780 3782
3 320 3782 323
3 3781 3783 3782
3 3781 3782 3780
3 323 3782 3784
3 323 3784 326
3 3783 3785 3784
3 3783 3784 3782
3 326 3784 3786
3 326 3786 329
3 3785 3787 3786
3 3785 3786 3784
3 329 3786 3788
3 329 3788 332
3 3787 3789 3788
3 3787 3788 3786
3 332 3788 3790
3 332 3790 335
3 3789 3791 3790
3 3789 3790 3788
3 335 3790 3792
3 335 3792 338
3 3791 3793 3792
3 3791 3792 3790
3 338 3792 3794
3 338 3794 341
3 3793 3795 3794
3 3793 3794 3792
3 341 3794 3796
3 341 3796 344
3 3795 3797 3796
3 3795 3796 3794
3 344 3796 3798
3 344 3798 347
3 3797 3799 3798
3 3797 3798 3796
3 347 3798 3800
3 347 3800 350
3 3799 3801 3800
3 3799 3800 3798
3 361 353 350
3 361 350 3800
3 3801 3803 361
3 3801 361 3800
3 3799 3806 3802
3 3799 3802 3801
3 3801 3802 3804
3 3801 3804 3803
3 3805 360 3803
3 3805 3803 3804
3 3172 3170 3805
3 3172 3805 3804
3 3174 3172 3804
3 3174 3804 3802
3 3805 3170 3168
3 3805 3168 365
3 3176 3174 3802
3 3176 3802 3806
3 3178 3176 3806
3 3178 3806 3807
3 3797 3807 3806
3 3797 3806 3799
3 3180 3178 3807
3 3180 3807 3808
3 3795 3808 3807
3 3795 3807 3797
3 3182 3180 3808
3 3182 3808 3809
3 3793 3809 3808
3 3793 3808 3795
3 3184 3182 3809
3 3184 3809 3810
3 3791 3810 3809
3 3791 3809 3793
3 3186 3184 3810
3 3186 3810 3811
3 3789 3811 3810
3 3789 3810 3791
3 3188 3186 3811
3 3188 3811 3812
3 3787 3812 3811
3 3787 3811 3789
3 3190 3188 3812
3 3190 3812 3813
3 3785 3813 3812
3 3785 3812 3787
3 3192 3190 3813
3 3192 3813 3814
3 3783 3814 3813
3 3783 3813 3785
3 3194 3192 3814
3 3194 3814 3815
3 3781 3815 3814
3 3781 3814 3783
3 3196 3194 3815
3 3196 3815 3816
3 3779 3816 3815
3 3779 3815 3781
3 3198 3196 3816
3 3198 3816 3817
3 3777 3817 3816
3 3777 3816 3779
3 3200 3198 3817
3 3200 3817 3818
3 3775 3818 3817
3 3775 3817 3777
3 3202 3200 3818
3 3202 3818 3819
3 3773 3819 3818
3 3773 3818 3775
3 3204 3202 3819
3 3204 3819 3820
3 3771 3820 3819
3 3771 3819 3773
3 3769 3208 3820
3 3769 3820 3771
3 3767 3210 3208
3 3767 3208 3769
3 3765 3212 3210
3 3765 3210 3767
3 3761 3214 3212
3 3761 3212 3765
3 3757 3759 287
3 3757 287 285
3 3755 3757 285
3 3755 285 3821
3 3753 3755 3821
3 3753 3821 3822
3 277 3822 3821
3 277 3821 280
3 274 3823 3822
3 274 3822 277
3 3751 3753 3822
3 3751 3822 3823
3 271 3824 3823
3 271 3823 274
3 3749 3751 3823
3 3749 3823 3824
3 268 3825 3824
3 268 3824 271
3 3747 3749 3824
3 3747 3824 3825
3 265 3826 3825
3 265 3825 268
3 3745 3747 3825
3 3745 3825 3826
3 262 3827 3826
3 262 3826 265
3 3743 3745 3826
3 3743 3826 3827
3 259 3828 3827
3 259 3827 262
3 3741 3743 3827
3 3741 3827 3828
3 256 3829 3828
3 256 3828 259
3 3739 3741 3828
3 3739 3828 3829
3 253 3830 3829
3 253 3829 256
3 3737 3739 3829
3 3737 3829 3830
3 250 3831 3830
3 250 3830 253
3 3735 3737 3830
3 3735 3830 3831
3 247 3832 3831
3 247 3831 250
3 3733 3735 3831
3 3733 3831 3832
3 244 3833 3832
3 244 3832 247
3 3731 3733 3832
3 3731 3832 3833
3 241 3834 3833
3 241 3833 244
3 3729 3731 3833
3 3729 3833 3834
3 238 3835 3834
3 238 3834 241
3 3727 3729 3834
3 3727 3834 3835
3 235 3836 3835
3 235 3835 238
3 3725 3727 3835
3 3725 3835 3836
3 232 3837 3836
3 232 3836 235
3 3723 3725 3836
3 3723 3836 3837
3 229 3838 3837
3 229 3837 232
3 3721 3723 3837
3 3721 3837 3838
3 226 3839 3838
3 226 3838 229
3 3719 3721 3838
3 3719 3838 3839
3 223 3840 3839
3 223 3839 226
3 3717 3719 3839
3 3717 3839 3840
3 220 3841 3840
3 220 3840 223
3 3715 3717 3840
3 3715 3840 3841
3 217 3842 3841
3 217 3841 220
3 3713 3715 3841
3 3713 3841 3842
3 214 3843 3842
3 214 3842 217
3 3711 3713 3842
3 3711 3842 3843
3 211 3844 3843
3 211 3843 214
3 3709 3711 3843
3 3709 3843 3844
3 208 3845 3844
3 208 3844 211
3 3707 3709 3844
3 3707 3844 3845
3 205 3846 3845
3 205 3845 208
3 3705 3707 3845
3 3705 3845 3846
3 202 3847 3846
3 202 3846 205
3 3703 3705 3846
3 3703 3846 3847
3 199 3848 3847
3 199 3847 202
3 3701 3703 3847
3 3701 3847 3848
3 196 3849 3848
3 196 3848 199
3 3699 3701 3848
3 3699 3848 3849
3 193 3693 3849
3 193 3849 196
3 3695 3699 3849
3 3695 3849 3693
3 3683 3304 3298
3 3683 3298 3688
3 171 3850 3674
3 171 3674 3677
3 3676 3673 3306
3 3676 3306 3303
3 3674 3850 3851
3 3674 3851 3671
3 3852 3850 171
3 3852 171 169
3 3854 3851 3850
3 3854 3850 3852
3 3852 169 166
3 3852 166 3853
3 3854 3852 3853
3 3854 3853 3855
3 3858 3851 3854
3 3858 3854 3856
3 3854 3855 3857
3 3854 3857 3856
3 3860 3859 3856
3 3860 3856 3857
3 3858 3856 3859
3 3858 3859 3862
3 3861 3859 3860
3 3861 3860 3874
3 3861 3863 3862
3 3861 3862 3859
3 3665 3668 3858
3 3665 3858 3862
3 3665 3862 3863
3 3665 3863 3662
3 3864 3659 3662
3 3864 3662 3863
3 3864 3863 3861
3 3864 3861 3865
3 3656 3659 3864
3 3656 3864 3866
3 3864 3865 3868
3 3864 3868 3866
3 3656 3866 3867
3 3656 3867 3653
3 3869 3867 3866
3 3869 3866 3868
3 3869 3868 3870
3 3869 3870 3871
3 3870 3868 3865
3 3870 3865 3873
3 3870 3872 4424
3 3870 4424 3871
3 3870 3873 3875
3 3870 3875 3872
3 3861 3874 3873
3 3861 3873 3865
3 3875 3873 3874
3 3875 3874 3877
3 3875 3876 3900
3 3875 3900 3872
3 3875 3877 3878
3 3875 3878 3876
3 3878 3877 3879
3 3878 3879 3880
3 3860 3879 3877
3 3860 3877 3874
3 3881 3882 3880
3 3881 3880 3879
3 3860 3857 3881
3 3860 3881 3879
3 3881 3883 3884
3 3881 3884 3882
3 3881 3857 3855
3 3881 3855 3883
3 3884 3883 3885
3 3884 3885 3886
3 3853 3885 3883
3 3853 3883 3855
3 3886 3885 163
3 3886 163 160
3 163 3885 3853
3 163 3853 166
3 3886 160 158
3 3886 158 3887
3 3884 3886 3887
3 3884 3887 3889
3 4018 3888 3887
3 4018 3887 158
3 3887 3888 3890
3 3887 3890 3889
3 3884 3889 3891
3 3884 3891 3882
3 3892 3891 3889
3 3892 3889 3890
3 3893 3880 3882
3 3893 3882 3891
3 3893 3891 3892
3 3893 3892 3894
3 3878 3880 3893
3 3878 3893 3895
3 3893 3894 3896
3 3893 3896 3895
3 3878 3895 3897
3 3878 3897 3876
3 3898 3897 3895
3 3898 3895 3896
3 3899 3900 3876
3 3899 3876 3897
3 3899 3897 3898
3 3899 3898 3901
3 3903 3900 3899
3 3903 3899 3902
3 3899 3901 3904
3 3899 3904 3902
3 3903 3902 3905
3 3903 3905 3906
3 3907 3905 3902
3 3907 3902 3904
3 3908 3909 3906
3 3908 3906 3905
3 3908 3905 3907
3 3908 3907 3910
3 3912 3909 3908
3 3912 3908 3911
3 3908 3910 3914
3 3908 3914 3911
3 4417 3912 3911
3 4417 3911 3913
3 3916 3913 3911
3 3916 3911 3914
3 3915 3914 3910
3 3915 3910 4011
3 3916 3914 3915
3 3916 3915 3917
3 3918 3916 3917
3 3918 3917 3921
3 3918 3919 3913
3 3918 3913 3916
3 3920 4415 3919
3 3920 3919 3918
3 3920 3918 3921
3 3920 3921 3922
3 3923 3921 3917
3 3923 3917 3926
3 3924 3922 3921
3 3924 3921 3923
3 3924 3923 3925
3 3924 3925 4427
3 3923 3926 3928
3 3923 3928 3925
3 3915 3927 3926
3 3915 3926 3917
3 3928 3926 3927
3 3928 3927 3930
3 3928 3929 4429
3 3928 4429 3925
3 3928 3930 3932
3 3928 3932 3929
3 4012 3931 3930
3 4012 3930 3927
3 3932 3930 3931
3 3932 3931 3934
3 3932 3933 4431
3 3932 4431 3929
3 3932 3934 3936
3 3932 3936 3933
3 4013 3935 3934
3 4013 3934 3931
3 3936 3934 3935
3 3936 3935 3938
3 3936 3937 4024
3 3936 4024 3933
3 3936 3938 3940
3 3936 3940 3937
3 4015 3939 3938
3 4015 3938 3935
3 3940 3938 3939
3 3940 3939 3942
3 3940 3941 4022
3 3940 4022 3937
3 3940 3942 3944
3 3940 3944 3941
3 4016 3943 3942
3 4016 3942 3939
3 3944 3942 3943
3 3944 3943 3945
3 3944 97 95
3 3944 95 3941
3 3944 3945 99
3 3944 99 97
3 3947 3946 3945
3 3947 3945 3943
3 99 3945 3946
3 99 3946 101
3 3948 103 101
3 3948 101 3946
3 3947 3949 3948
3 3947 3948 3946
3 3948 3949 3952
3 3948 3952 3950
3 3948 3950 105
3 3948 105 103
3 3953 3951 3950
3 3953 3950 3952
3 105 3950 3951
3 105 3951 107
3 3954 3957 3953
3 3954 3953 3952
3 3954 3952 3949
3 3954 3949 3956
3 3954 3955 3958
3 3954 3958 3957
3 3998 3955 3954
3 3998 3954 3956
3 3953 3957 3959
3 3953 3959 3962
3 3960 3959 3957
3 3960 3957 3958
3 3960 3977 3961
3 3960 3961 3959
3 3961 3964 3962
3 3961 3962 3959
3 3953 3962 3963
3 3953 3963 3951
3 3963 3962 3964
3 3963 3964 3966
3 3965 3964 3961
3 3965 3961 3975
3 3966 3964 3965
3 3966 3965 3967
3 3966 3967 113
3 3966 113 111
3 3963 3966 111
3 3963 111 109
3 3965 3970 3968
3 3965 3968 3967
3 115 113 3967
3 115 3967 3968
3 115 3968 3969
3 115 3969 117
3 3969 3968 3970
3 3969 3970 3971
3 3972 3973 3971
3 3972 3971 3970
3 3965 3975 3972
3 3965 3972 3970
3 3972 3974 4019
3 3972 4019 3973
3 3972 3975 3976
3 3972 3976 3974
3 3977 3976 3975
3 3977 3975 3961
3 3978 3979 3974
3 3978 3974 3976
3 3977 3980 3978
3 3977 3978 3976
3 3978 3981 3982
3 3978 3982 3979
3 3978 3980 3984
3 3978 3984 3981
3 3982 3981 3983
3 3982 3983 151
3 3985 3983 3981
3 3985 3981 3984
3 3989 3985 3984
3 3989 3984 3986
3 3984 3980 3988
3 3984 3988 3986
3 3989 3986 3987
3 3989 3987 3990
3 3997 3987 3986
3 3997 3986 3988
3 3989 3890 3888
3 3989 3888 3985
3 3892 3890 3989
3 3892 3989 3990
3 3892 3990 3991
3 3892 3991 3894
3 3993 3991 3990
3 3993 3990 3987
3 3992 3991 3993
3 3992 3993 3994
3 3992 3896 3894
3 3992 3894 3991
3 3993 3995 3996
3 3993 3996 3994
3 3993 3987 3997
3 3993 3997 3995
3 3998 3996 3995
3 3998 3995 3955
3 3997 3958 3955
3 3997 3955 3995
3 3997 3988 3960
3 3997 3960 3958
3 3999 3996 3998
3 3999 3998 4000
3 3999 4001 3994
3 3999 3994 3996
3 3999 4000 4004
3 3999 4004 4002
3 4005 4001 3999
3 4005 3999 4002
3 4015 4003 4002
3 4015 4002 4004
3 4005 4002 4003
3 4005 4003 4007
3 4005 4006 4014
3 4005 4014 4001
3 4009 4006 4005
3 4009 4005 4007
3 4013 4008 4007
3 4013 4007 4003
3 4009 4007 4008
3 4009 4008 4010
3 4009 3904 3901
3 4009 3901 4006
3 3907 3904 4009
3 3907 4009 4010
3 4012 4011 4010
3 4012 4010 4008
3 3907 4010 4011
3 3907 4011 3910
3 3915 4011 4012
3 3915 4012 3927
3 4012 4008 4013
3 4012 4013 3931
3 4013 4003 4015
3 4013 4015 3935
3 3898 4014 4006
3 3898 4006 3901
3 3898 3896 3992
3 3898 3992 4014
3 3992 3994 4001
3 3992 4001 4014
3 4016 4004 4000
3 4016 4000 4017
3 4015 4004 4016
3 4015 4016 3939
3 4016 4017 3947
3 4016 3947 3943
3 3947 4017 3956
3 3947 3956 3949
3 3998 3956 4017
3 3998 4017 4000
3 3960 3988 3980
3 3960 3980 3977
3 3985 3888 4018
3 3985 4018 3983
3 4018 153 151
3 4018 151 3983
3 3982 146 144
3 3982 144 3979
3 4019 3974 3979
3 4019 3979 144
3 4019 139 137
3 4019 137 3973
3 4020 3971 3973
3 4020 3973 137
3 3969 3971 4020
3 3969 4020 4021
3 4020 132 130
3 4020 130 4021
3 3969 4021 119
3 3969 119 117
3 121 119 4021
3 121 4021 130
3 3963 109 107
3 3963 107 3951
3 93 4022 3941
3 93 3941 95
3 4023 4022 93
3 4023 93 91
3 4023 4024 3937
3 4023 3937 4022
3 4026 4024 4023
3 4026 4023 4025
3 4023 91 89
3 4023 89 4025
3 4026 4025 4027
3 4026 4027 4028
3 87 4027 4025
3 87 4025 89
3 4029 4027 87
3 4029 87 85
3 4029 4031 4028
3 4029 4028 4027
3 4033 4031 4029
3 4033 4029 4030
3 4029 85 83
3 4029 83 4030
3 4430 4028 4031
3 4430 4031 4032
3 4033 4035 4032
3 4033 4032 4031
3 4034 4037 4035
3 4034 4035 4033
3 4034 4033 4030
3 4034 4030 4162
3 4036 4428 4032
3 4036 4032 4035
3 4038 4036 4035
3 4038 4035 4037
3 4042 4038 4037
3 4042 4037 4039
3 4041 4039 4037
3 4041 4037 4034
3 4160 4040 4039
3 4160 4039 4041
3 4043 4042 4039
3 4043 4039 4040
3 4042 4044 4047
3 4042 4047 4038
3 4043 4046 4044
3 4043 4044 4042
3 4124 4045 4044
3 4124 4044 4046
3 4045 4049 4047
3 4045 4047 4044
3 4038 4047 4048
3 4038 4048 4036
3 4049 4050 4048
3 4049 4048 4047
3 4049 4051 4052
3 4049 4052 4050
3 4045 4053 4051
3 4045 4051 4049
3 4054 4055 4052
3 4054 4052 4051
3 4056 4054 4051
3 4056 4051 4053
3 4054 4057 4058
3 4054 4058 4055
3 4056 4059 4057
3 4056 4057 4054
3 4060 4062 4058
3 4060 4058 4057
3 4063 4060 4057
3 4063 4057 4059
3 4060 4061 4411
3 4060 4411 4062
3 4063 4064 4061
3 4063 4061 4060
3 4065 4066 4064
3 4065 4064 4063
3 4065 4063 4059
3 4065 4059 4067
3 4068 4069 4066
3 4068 4066 4065
3 4068 4065 4067
3 4068 4067 4070
3 4071 4072 4069
3 4071 4069 4068
3 4071 4068 4070
3 4071 4070 4073
3 4074 4075 4072
3 4074 4072 4071
3 4074 4071 4073
3 4074 4073 4076
3 4077 4078 4075
3 4077 4075 4074
3 4077 4074 4076
3 4077 4076 4079
3 4080 4081 4078
3 4080 4078 4077
3 4080 4077 4079
3 4080 4079 4082
3 4083 4084 4081
3 4083 4081 4080
3 4083 4080 4082
3 4083 4082 4085
3 4086 4087 4084
3 4086 4084 4083
3 4086 4083 4085
3 4086 4085 4088
3 4089 4090 4087
3 4089 4087 4086
3 4089 4086 4088
3 4089 4088 4091
3 4092 4094 4090
3 4092 4090 4089
3 4092 4089 4091
3 4092 4091 4095
3 4093 4405 4094
3 4093 4094 4092
3 4093 4092 4095
3 4093 4095 4096
3 4098 4096 4095
3 4098 4095 4097
3 4097 4095 4091
3 4097 4091 4100
3 4098 4097 4099
3 4098 4099 4180
3 4097 4100 4101
3 4097 4101 4099
3 4100 4102 4103
3 4100 4103 4101
3 4100 4091 4088
3 4100 4088 4102
3 4102 4104 4105
3 4102 4105 4103
3 4102 4088 4085
3 4102 4085 4104
3 4104 4106 4108
3 4104 4108 4105
3 4104 4085 4082
3 4104 4082 4106
3 4106 4082 4079
3 4106 4079 4107
3 4106 4107 4109
3 4106 4109 4108
3 4112 4105 4108
3 4112 4108 4110
3 4110 4108 4109
3 4110 4109 4113
3 4112 4110 4111
3 4112 4111 4141
3 4110 4113 4114
3 4110 4114 4111
3 4113 4115 4116
3 4113 4116 4114
3 4113 4109 4117
3 4113 4117 4115
3 4115 4118 4119
3 4115 4119 4116
3 4115 4117 4120
3 4115 4120 4118
3 4118 4121 4122
3 4118 4122 4119
3 4118 4120 4123
3 4118 4123 4121
3 4121 4124 4046
3 4121 4046 4122
3 4121 4123 4125
3 4121 4125 4124
3 4124 4125 4053
3 4124 4053 4045
3 4126 4056 4053
3 4126 4053 4125
3 4127 4126 4125
3 4127 4125 4123
3 4126 4067 4059
3 4126 4059 4056
3 4127 4070 4067
3 4127 4067 4126
3 4128 4073 4070
3 4128 4070 4127
3 4128 4127 4123
3 4128 4123 4120
3 4129 4076 4073
3 4129 4073 4128
3 4129 4128 4120
3 4129 4120 4117
3 4107 4079 4076
3 4107 4076 4129
3 4107 4129 4117
3 4107 4117 4109
3 4130 4122 4046
3 4130 4046 4043
3 4132 4119 4122
3 4132 4122 4130
3 4130 4043 4040
3 4130 4040 4131
3 4132 4130 4131
3 4132 4131 4133
3 4134 4116 4119
3 4134 4119 4132
3 4134 4132 4133
3 4134 4133 4135
3 4136 4114 4116
3 4136 4116 4134
3 4136 4134 4135
3 4136 4135 4137
3 4138 4111 4114
3 4138 4114 4136
3 4138 4136 4137
3 4138 4137 4139
3 4140 4141 4111
3 4140 4111 4138
3 4140 4138 4139
3 4140 4139 4143
3 4142 4410 4141
3 4142 4141 4140
3 4142 4140 4143
3 4142 4143 4144
3 4146 4144 4143
3 4146 4143 4145
3 4145 4143 4139
3 4145 4139 4147
3 4146 4145 4148
3 4146 4148 4149
3 4145 4147 4150
3 4145 4150 4148
3 65 63 4149
3 65 4149 4148
3 65 4148 4150
3 65 4150 67
3 67 4150 4151
3 67 4151 69
3 4147 4153 4151
3 4147 4151 4150
3 4153 4154 4152
3 4153 4152 4151
3 69 4151 4152
3 69 4152 71
3 4147 4139 4137
3 4147 4137 4153
3 4153 4137 4135
3 4153 4135 4154
3 4154 4155 4157
3 4154 4157 4152
3 4154 4135 4133
3 4154 4133 4155
3 4155 4133 4131
3 4155 4131 4156
3 4155 4156 4158
3 4155 4158 4157
3 73 4157 4158
3 73 4158 75
3 71 4152 4157
3 71 4157 73
3 4156 4160 4159
3 4156 4159 4158
3 75 4158 4159
3 75 4159 77
3 77 4159 4161
3 77 4161 79
3 4160 4041 4161
3 4160 4161 4159
3 79 4161 4162
3 79 4162 81
3 4041 4034 4162
3 4041 4162 4161
3 81 4162 4030
3 81 4030 83
3 4156 4131 4040
3 4156 4040 4160
3 4163 4165 4146
3 4163 4146 4149
3 4163 4149 63
3 4163 63 61
3 59 4164 4163
3 59 4163 61
3 4163 4164 4166
3 4163 4166 4165
3 4169 4167 4165
3 4169 4165 4166
3 4146 4165 4167
3 4146 4167 4144
3 4168 4142 4144
3 4168 4144 4167
3 4169 4171 4168
3 4169 4168 4167
3 4198 4170 4169
3 4198 4169 4166
3 4169 4170 4172
3 4169 4172 4171
3 4176 4173 4171
3 4176 4171 4172
3 4168 4171 4173
3 4168 4173 4174
3 4175 4408 4174
3 4175 4174 4173
3 4176 4178 4175
3 4176 4175 4173
3 4193 4177 4176
3 4193 4176 4172
3 4176 4177 4179
3 4176 4179 4178
3 4181 4180 4178
3 4181 4178 4179
3 4175 4178 4180
3 4175 4180 4099
3 4181 4182 4098
3 4181 4098 4180
3 4183 4181 4179
3 4183 4179 4186
3 4183 4185 4182
3 4183 4182 4181
3 4389 4185 4183
3 4389 4183 4184
3 4183 4186 4187
3 4183 4187 4184
3 4189 4187 4186
3 4189 4186 4188
3 4179 4177 4188
3 4179 4188 4186
3 4189 4188 4190
3 4189 4190 4191
3 4190 4188 4177
3 4190 4177 4193
3 4190 4192 4204
3 4190 4204 4191
3 4190 4193 4194
3 4190 4194 4192
3 4193 4172 4170
3 4193 4170 4194
3 4194 4195 4196
3 4194 4196 4192
3 4198 4195 4194
3 4198 4194 4170
3 4200 4196 4195
3 4200 4195 4197
3 4197 4195 4198
3 4197 4198 4199
3 4198 4166 4164
3 4198 4164 4199
3 4197 4199 57
3 4197 57 55
3 59 57 4199
3 59 4199 4164
3 4200 4197 55
3 4200 55 53
3 4203 4196 4200
3 4203 4200 4201
3 4200 53 51
3 4200 51 4201
3 49 4202 4201
3 49 4201 51
3 4203 4201 4202
3 4203 4202 4205
3 4203 4204 4192
3 4203 4192 4196
3 4206 4204 4203
3 4206 4203 4205
3 4210 4207 4205
3 4210 4205 4202
3 4206 4205 4207
3 4206 4207 4209
3 4208 4217 4209
3 4208 4209 4207
3 4208 4207 4210
3 4208 4210 4211
3 4210 47 45
3 4210 45 4211
3 4210 4202 49
3 4210 49 47
3 43 4212 4211
3 43 4211 45
3 4208 4211 4212
3 4208 4212 4214
3 4213 4215 4214
3 4213 4214 4212
3 4213 4212 43
3 4213 43 41
3 4216 4217 4208
3 4216 4208 4214
3 4218 4216 4214
3 4218 4214 4215
3 4216 4219 4220
3 4216 4220 4217
3 4218 4221 4219
3 4218 4219 4216
3 4222 4223 4220
3 4222 4220 4219
3 4224 4222 4219
3 4224 4219 4221
3 4222 4225 4226
3 4222 4226 4223
3 4224 4227 4225
3 4224 4225 4222
3 4228 4229 4226
3 4228 4226 4225
3 4230 4228 4225
3 4230 4225 4227
3 4228 4231 4232
3 4228 4232 4229
3 4230 4233 4231
3 4230 4231 4228
3 4234 4235 4232
3 4234 4232 4231
3 4237 4234 4231
3 4237 4231 4233
3 4234 4236 4379
3 4234 4379 4235
3 4237 4238 4236
3 4237 4236 4234
3 4239 4242 4238
3 4239 4238 4237
3 4239 4237 4233
3 4239 4233 4241
3 4240 4239 4241
3 4240 4241 4365
3 4240 4244 4242
3 4240 4242 4239
3 4243 4376 4238
3 4243 4238 4242
3 4245 4243 4242
3 4245 4242 4244
3 4247 4246 4244
3 4247 4244 4240
3 4248 4245 4244
3 4248 4244 4246
3 4250 4249 4246
3 4250 4246 4247
3 4251 4248 4246
3 4251 4246 4249
3 4253 4252 4249
3 4253 4249 4250
3 4254 4251 4249
3 4254 4249 4252
3 4256 4255 4252
3 4256 4252 4253
3 4257 4254 4252
3 4257 4252 4255
3 4259 4258 4255
3 4259 4255 4256
3 4260 4257 4255
3 4260 4255 4258
3 4262 4261 4258
3 4262 4258 4259
3 4263 4260 4258
3 4263 4258 4261
3 4265 4264 4261
3 4265 4261 4262
3 4266 4263 4261
3 4266 4261 4264
3 4268 4267 4264
3 4268 4264 4265
3 4269 4266 4264
3 4269 4264 4267
3 4273 4270 4267
3 4273 4267 4268
3 4271 4269 4267
3 4271 4267 4270
3 4375 4271 4270
3 4375 4270 4272
3 4275 4272 4270
3 4275 4270 4273
3 4273 4268 4366
3 4273 4366 4274
3 4275 4273 4274
3 4275 4274 4276
3 4277 4275 4276
3 4277 4276 4279
3 4277 4278 4272
3 4277 4272 4275
3 3490 3492 4278
3 3490 4278 4277
3 3490 4277 4279
3 3490 4279 3488
3 4280 4282 3488
3 4280 3488 4279
3 4280 4279 4276
3 4280 4276 4283
3 4280 4283 4285
3 4280 4285 4281
3 4372 4282 4280
3 4372 4280 4281
3 4283 4276 4274
3 4283 4274 4284
3 4283 4284 4286
3 4283 4286 4285
3 4287 4289 4281
3 4287 4281 4285
3 4287 4285 4286
3 4287 4286 4290
3 4287 4290 4292
3 4287 4292 4288
3 4370 4289 4287
3 4370 4287 4288
3 4290 4291 4293
3 4290 4293 4292
3 4290 4286 4313
3 4290 4313 4291
3 4294 4296 4288
3 4294 4288 4292
3 4294 4292 4293
3 4294 4293 4297
3 4294 4297 4299
3 4294 4299 4295
3 4368 4296 4294
3 4368 4294 4295
3 4297 4293 4307
3 4297 4307 4298
3 4297 4298 4300
3 4297 4300 4299
3 20 18 4295
3 20 4295 4299
3 20 4299 4300
3 20 4300 22
3 22 4300 4301
3 22 4301 24
3 4298 4303 4301
3 4298 4301 4300
3 24 4301 4302
3 24 4302 26
3 4303 4304 4302
3 4303 4302 4301
3 4303 4305 4306
3 4303 4306 4304
3 4298 4307 4305
3 4298 4305 4303
3 4308 4310 4306
3 4308 4306 4305
3 4311 4308 4305
3 4311 4305 4307
3 4308 4309 4321
3 4308 4321 4310
3 4311 4312 4309
3 4311 4309 4308
3 4291 4313 4312
3 4291 4312 4311
3 4291 4311 4307
3 4291 4307 4293
3 4316 4314 4312
3 4316 4312 4313
3 4314 4317 4309
3 4314 4309 4312
3 4316 4366 4315
3 4316 4315 4314
3 4314 4315 4318
3 4314 4318 4317
3 4317 4318 4320
3 4317 4320 4319
3 4317 4319 4321
3 4317 4321 4309
3 4319 4320 4323
3 4319 4323 4322
3 4319 4322 4324
3 4319 4324 4321
3 4322 4323 4326
3 4322 4326 4325
3 4322 4325 4327
3 4322 4327 4324
3 4325 4326 4329
3 4325 4329 4328
3 4325 4328 4330
3 4325 4330 4327
3 4328 4329 4333
3 4328 4333 4331
3 4328 4331 4334
3 4328 4334 4330
3 4331 4333 4365
3 4331 4365 4332
3 4331 4332 4336
3 4331 4336 4334
3 4363 4330 4334
3 4363 4334 4335
3 4335 4334 4336
3 4335 4336 4338
3 4332 4364 4337
3 4332 4337 4336
3 4338 4336 4337
3 4338 4337 4339
3 4338 4339 4341
3 4338 4341 4340
3 4335 4338 4340
3 4335 4340 4342
3 4343 4340 4341
3 4343 4341 4344
3 4345 4342 4340
3 4345 4340 4343
3 4343 4344 4347
3 4343 4347 4346
3 4345 4343 4346
3 4345 4346 4348
3 4349 4346 4347
3 4349 4347 4350
3 4351 4348 4346
3 4351 4346 4349
3 4349 4350 39
3 4349 39 37
3 4351 4349 37
3 4351 37 34
3 32 4352 4348
3 32 4348 4351
3 4350 4213 41
3 4350 41 39
3 4350 4347 4215
3 4350 4215 4213
3 4354 4345 4348
3 4354 4348 4352
3 30 4353 4352
3 30 4352 32
3 4356 4354 4352
3 4356 4352 4353
3 4356 4357 4355
3 4356 4355 4354
3 4354 4355 4342
3 4354 4342 4345
3 4358 4359 4357
3 4358 4357 4356
3 4358 4356 4353
3 4358 4353 4360
3 4304 4306 4359
3 4304 4359 4358
3 4304 4358 4360
3 4304 4360 4302
3 26 4302 4360
3 26 4360 28
3 28 4360 4353
3 28 4353 30
3 4361 4362 4357
3 4361 4357 4359
3 4310 4361 4359
3 4310 4359 4306
3 4361 4324 4327
3 4361 4327 4362
3 4310 4321 4324
3 4310 4324 4361
3 4362 4327 4330
3 4362 4330 4363
3 4362 4363 4355
3 4362 4355 4357
3 4363 4335 4342
3 4363 4342 4355
3 4344 4218 4215
3 4344 4215 4347
3 4344 4341 4221
3 4344 4221 4218
3 4339 4224 4221
3 4339 4221 4341
3 4339 4337 4227
3 4339 4227 4224
3 4364 4230 4227
3 4364 4227 4337
3 4364 4241 4233
3 4364 4233 4230
3 4332 4365 4241
3 4332 4241 4364
3 4247 4240 4365
3 4247 4365 4333
3 4250 4247 4333
3 4250 4333 4329
3 4253 4250 4329
3 4253 4329 4326
3 4256 4253 4326
3 4256 4326 4323
3 4259 4256 4323
3 4259 4323 4320
3 4262 4259 4320
3 4262 4320 4318
3 4265 4262 4318
3 4265 4318 4315
3 4284 4274 4366
3 4284 4366 4316
3 4284 4316 4313
3 4284 4313 4286
3 4268 4265 4315
3 4268 4315 4366
3 4368 4369 4367
3 4368 4367 4296
3 4370 4288 4296
3 4370 4296 4367
3 14 4369 4368
3 14 4368 16
3 4368 4295 18
3 4368 18 16
3 3468 4367 4369
3 3468 4369 3466
3 14 12 3466
3 14 3466 4369
3 3468 3471 4370
3 3468 4370 4367
3 4370 3471 4371
3 4370 4371 4289
3 4372 4281 4289
3 4372 4289 4371
3 3470 3477 4372
3 3470 4372 4371
3 4372 3477 3487
3 4372 3487 4282
3 4374 4373 4278
3 4374 4278 3492
3 4373 4375 4272
3 4373 4272 4278
3 4374 3518 3521
3 4374 3521 4373
3 4373 3521 3524
3 4373 3524 4375
3 4375 3524 3527
3 4375 3527 4271
3 3493 3515 3518
3 3493 3518 4374
3 4271 3527 3530
3 4271 3530 4269
3 4269 3530 3533
3 4269 3533 4266
3 4266 3533 3536
3 4266 3536 4263
3 4263 3536 3539
3 4263 3539 4260
3 4260 3539 3542
3 4260 3542 4257
3 4257 3542 3545
3 4257 3545 4254
3 4254 3545 3548
3 4254 3548 4251
3 4251 3548 3551
3 4251 3551 4248
3 4248 3551 3554
3 4248 3554 4245
3 4245 3554 3557
3 4245 3557 4243
3 4243 3557 3560
3 4243 3560 4376
3 4376 3560 3563
3 4376 3563 4377
3 4376 4377 4236
3 4376 4236 4238
3 4377 3563 3566
3 4377 3566 4378
3 4377 4378 4379
3 4377 4379 4236
3 4378 3566 3569
3 4378 3569 4380
3 4378 4380 4382
3 4378 4382 4379
3 4380 3569 3572
3 4380 3572 4381
3 4380 4381 4383
3 4380 4383 4382
3 4384 4382 4383
3 4384 4383 4386
3 4235 4379 4382
3 4235 4382 4384
3 4235 4384 4385
3 4235 4385 4232
3 4384 4386 4388
3 4384 4388 4385
3 4386 4383 4398
3 4386 4398 4387
3 4386 4387 4389
3 4386 4389 4388
3 4389 4184 4390
3 4389 4390 4388
3 4391 4385 4388
3 4391 4388 4390
3 4391 4390 4392
3 4391 4392 4393
3 4392 4390 4184
3 4392 4184 4187
3 4392 4187 4189
3 4392 4189 4394
3 4392 4394 4395
3 4392 4395 4393
3 4189 4191 4396
3 4189 4396 4394
3 4397 4395 4394
3 4397 4394 4396
3 4206 4396 4191
3 4206 4191 4204
3 4397 4396 4206
3 4397 4206 4209
3 4397 4209 4217
3 4397 4217 4220
3 4223 4395 4397
3 4223 4397 4220
3 4223 4226 4393
3 4223 4393 4395
3 4229 4391 4393
3 4229 4393 4226
3 4229 4232 4385
3 4229 4385 4391
3 4389 4387 4399
3 4389 4399 4185
3 4400 4399 4387
3 4400 4387 4398
3 4400 4402 4401
3 4400 4401 4399
3 4401 4182 4185
3 4401 4185 4399
3 4098 4182 4401
3 4098 4401 4096
3 4402 4093 4096
3 4402 4096 4401
3 4402 4403 4405
3 4402 4405 4093
3 4400 4404 4403
3 4400 4403 4402
3 3584 4403 4404
3 3584 4404 4406
3 3584 3586 4405
3 3584 4405 4403
3 3586 3588 4094
3 3586 4094 4405
3 4407 4404 4400
3 4407 4400 4398
3 4407 3575 4406
3 4407 4406 4404
3 4381 3572 3575
3 4381 3575 4407
3 4381 4407 4398
3 4381 4398 4383
3 4175 4099 4101
3 4175 4101 4408
3 4408 4101 4103
3 4408 4103 4409
3 4408 4409 4410
3 4408 4410 4174
3 4409 4103 4105
3 4409 4105 4112
3 4409 4112 4141
3 4409 4141 4410
3 4168 4174 4410
3 4168 4410 4142
3 3588 3591 4090
3 3588 4090 4094
3 3591 3594 4087
3 3591 4087 4090
3 3594 3597 4084
3 3594 4084 4087
3 3597 3600 4081
3 3597 4081 4084
3 3600 3603 4078
3 3600 4078 4081
3 3603 3606 4075
3 3603 4075 4078
3 3606 3609 4072
3 3606 4072 4075
3 3609 3612 4069
3 3609 4069 4072
3 3612 3615 4066
3 3612 4066 4069
3 3615 3618 4064
3 3615 4064 4066
3 3618 3621 4061
3 3618 4061 4064
3 4062 4411 4413
3 4062 4413 4412
3 4062 4412 4415
3 4062 4415 4058
3 4412 4413 4416
3 4412 4416 4414
3 4412 4414 3919
3 4412 3919 4415
3 4055 4058 4415
3 4055 4415 3920
3 4414 4416 4418
3 4414 4418 4417
3 4414 4417 3913
3 4414 3913 3919
3 4417 4418 4419
3 4417 4419 3912
3 3630 3633 4418
3 3630 4418 4416
3 3633 3636 4419
3 3633 4419 4418
3 3912 4419 4420
3 3912 4420 3909
3 3636 4421 4420
3 3636 4420 4419
3 4422 3906 3909
3 4422 3909 4420
3 4421 4423 4422
3 4421 4422 4420
3 4422 4424 3903
3 4422 3903 3906
3 4422 4423 3871
3 4422 3871 4424
3 3903 4424 3872
3 3903 3872 3900
3 4421 3637 4425
3 4421 4425 4423
3 3869 3871 4423
3 3869 4423 4425
3 4426 3867 3869
3 4426 3869 4425
3 3639 4426 4425
3 3639 4425 3637
3 4426 3650 3653
3 4426 3653 3867
3 3639 3641 3650
3 3639 3650 4426
3 3627 3630 4416
3 3627 4416 4413
3 3624 3627 4413
3 3624 4413 4411
3 3621 3624 4411
3 3621 4411 4061
3 4055 3920 3922
3 4055 3922 4052
3 4050 4052 3922
3 4050 3922 3924
3 4050 3924 4427
3 4050 4427 4048
3 4036 4048 4427
3 4036 4427 4428
3 4428 4427 3925
3 4428 3925 4429
3 4428 4429 4430
3 4428 4430 4032
3 4430 4429 3929
3 4430 3929 4431
3 4430 4431 4026
3 4430 4026 4028
3 4026 4431 3933
3 4026 3933 4024
3 3858 3668 3671
3 3858 3671 3851
3 3306 3673 3670
3 3306 3670 3308
3 3667 3310 3308
3 3667 3308 3670
3 3312 3310 3667
3 3312 3667 3664
3 3312 3664 3661
3 3312 3661 3314
3 3658 3316 3314
3 3658 3314 3661
3 3318 3316 3658
3 3318 3658 3655
3 3320 3318 3655
3 3320 3655 3652
3 3322 3320 3652
3 3322 3652 3649
3 3324 3322 3649
3 3324 3649 3647
3 3326 3324 3647
3 3326 3647 3644
3 4433 4434 4432
3 4433 4432 3645
3 4433 3645 3642
3 4433 3642 4435
3 4436 4437 4434
3 4436 4434 4433
3 4436 4433 4435
3 4436 4435 4438
3 4439 4440 4437
3 4439 4437 4436
3 4439 4436 4438
3 4439 4438 4441
3 4442 4443 4440
3 4442 4440 4439
3 4442 4439 4441
3 4442 4441 4444
3 4445 4446 4443
3 4445 4443 4442
3 4445 4442 4444
3 4445 4444 4447
3 4448 4449 4446
3 4448 4446 4445
3 4448 4445 4447
3 4448 4447 4450
3 4451 4452 4449
3 4451 4449 4448
3 4451 4448 4450
3 4451 4450 4453
3 4454 4455 4452
3 4454 4452 4451
3 4454 4451 4453
3 4454 4453 4456
3 4457 4458 4455
3 4457 4455 4454
3 4457 4454 4456
3 4457 4456 4459
3 4460 4461 4458
3 4460 4458 4457
3 4460 4457 4459
3 4460 4459 4463
3 4462 4530 4461
3 4462 4461 4460
3 4462 4460 4463
3 4462 4463 4464
3 3604 4463 4459
3 3604 4459 3607
3 3601 4464 4463
3 3601 4463 3604
3 4466 4462 4464
3 4466 4464 4465
3 3598 4465 4464
3 3598 4464 3601
3 4468 4466 4465
3 4468 4465 4467
3 3595 4467 4465
3 3595 4465 3598
3 4470 4468 4467
3 4470 4467 4469
3 3592 4469 4467
3 3592 4467 3595
3 4472 4470 4469
3 4472 4469 4471
3 3589 4471 4469
3 3589 4469 3592
3 4472 4471 4473
3 4472 4473 4474
3 3582 4473 4471
3 3582 4471 3589
3 3581 4475 4474
3 3581 4474 4473
3 3362 3360 4472
3 3362 4472 4474
3 3364 3362 4474
3 3364 4474 4475
3 3366 3364 4475
3 3366 4475 4476
3 3579 4476 4475
3 3579 4475 3581
3 3368 3366 4476
3 3368 4476 4477
3 3577 4477 4476
3 3577 4476 3579
3 3370 3368 4477
3 3370 4477 4478
3 4479 4478 4477
3 4479 4477 3577
3 3372 3370 4478
3 3372 4478 4480
3 4481 4480 4478
3 4481 4478 4479
3 3374 3372 4480
3 3374 4480 4482
3 4483 4482 4480
3 4483 4480 4481
3 3376 3374 4482
3 3376 4482 4484
3 4485 4484 4482
3 4485 4482 4483
3 3378 3376 4484
3 3378 4484 4486
3 4487 4486 4484
3 4487 4484 4485
3 3380 3378 4486
3 3380 4486 4488
3 4489 4488 4486
3 4489 4486 4487
3 3382 3380 4488
3 3382 4488 4490
3 4491 4490 4488
3 4491 4488 4489
3 3384 3382 4490
3 3384 4490 4492
3 4493 4492 4490
3 4493 4490 4491
3 3386 3384 4492
3 3386 4492 4494
3 4495 4494 4492
3 4495 4492 4493
3 3388 3386 4494
3 3388 4494 4496
3 4497 4496 4494
3 4497 4494 4495
3 3390 3388 4496
3 3390 4496 4498
3 4499 4498 4496
3 4499 4496 4497
3 3392 3390 4498
3 3392 4498 4500
3 4501 4500 4498
3 4501 4498 4499
3 3394 3392 4500
3 3394 4500 4502
3 4503 4502 4500
3 4503 4500 4501
3 3396 3394 4502
3 3396 4502 4504
3 4505 4504 4502
3 4505 4502 4503
3 3398 3396 4504
3 3398 4504 4506
3 4507 4506 4504
3 4507 4504 4505
3 3400 3398 4506
3 3400 4506 4508
3 4509 4508 4506
3 4509 4506 4507
3 3402 3400 4508
3 3402 4508 4510
3 4511 4510 4508
3 4511 4508 4509
3 3404 3402 4510
3 3404 4510 4512
3 4513 4512 4510
3 4513 4510 4511
3 3406 3404 4512
3 3406 4512 4514
3 4515 4514 4512
3 4515 4512 4513
3 3408 3406 4514
3 3408 4514 4516
3 4517 4516 4514
3 4517 4514 4515
3 3410 3408 4516
3 3410 4516 4518
3 4519 4518 4516
3 4519 4516 4517
3 3412 3410 4518
3 3412 4518 4520
3 4521 4520 4518
3 4521 4518 4519
3 4521 4522 3416
3 4521 3416 4520
3 4523 4522 4521
3 4523 4521 3510
3 4521 4519 3512
3 4521 3512 3510
3 4523 4524 3420
3 4523 3420 4522
3 4525 4524 4523
3 4525 4523 3506
3 4525 4526 3424
3 4525 3424 4524
3 4527 4526 4525
3 4527 4525 3505
3 4527 4529 3428
3 4527 3428 4526
3 4527 3505 3503
3 4527 3503 4528
3 3437 4529 4527
3 3437 4527 4528
3 3499 3441 4528
3 3499 4528 3503
3 4519 4517 3514
3 4519 3514 3512
3 4517 4515 3517
3 4517 3517 3514
3 4515 4513 3520
3 4515 3520 3517
3 4513 4511 3523
3 4513 3523 3520
3 4511 4509 3526
3 4511 3526 3523
3 4509 4507 3529
3 4509 3529 3526
3 4507 4505 3532
3 4507 3532 3529
3 4505 4503 3535
3 4505 3535 3532
3 4503 4501 3538
3 4503 3538 3535
3 4501 4499 3541
3 4501 3541 3538
3 4499 4497 3544
3 4499 3544 3541
3 4497 4495 3547
3 4497 3547 3544
3 4495 4493 3550
3 4495 3550 3547
3 4493 4491 3553
3 4493 3553 3550
3 4491 4489 3556
3 4491 3556 3553
3 4489 4487 3559
3 4489 3559 3556
3 4487 4485 3562
3 4487 3562 3559
3 4485 4483 3565
3 4485 3565 3562
3 4483 4481 3568
3 4483 3568 3565
3 4481 4479 3571
3 4481 3571 3568
3 4472 3360 3358
3 4472 3358 4470
3 4470 3358 3356
3 4470 3356 4468
3 4468 3356 3354
3 4468 3354 4466
3 4466 3354 4530
3 4466 4530 4462
3 3350 3348 4461
3 3350 4461 4530
3 3348 3346 4458
3 3348 4458 4461
3 3607 4459 4456
3 3607 4456 3610
3 3346 3344 4455
3 3346 4455 4458
3 3610 4456 4453
3 3610 4453 3613
3 3344 3342 4452
3 3344 4452 4455
3 3613 4453 4450
3 3613 4450 3616
3 3342 3340 4449
3 3342 4449 4452
3 3616 4450 4447
3 3616 4447 3619
3 3340 3338 4446
3 3340 4446 4449
3 3619 4447 4444
3 3619 4444 3622
3 3338 3336 4443
3 3338 4443 4446
3 3622 4444 4441
3 3622 4441 3625
3 3336 3334 4440
3 3336 4440 4443
3 3625 4441 4438
3 3625 4438 3628
3 3334 3332 4437
3 3334 4437 4440
3 3628 4438 4435
3 3628 4435 3631
3 3332 3330 4434
3 3332 4434 4437
3 3631 4435 3642
3 3631 3642 3634
3 3330 3328 4432
3 3330 4432 4434
3 3328 3326 3644
3 3328 3644 4432
3 3493 3495 3508
3 3493 3508 3515
3 3449 3447 3482
3 3449 3482 3480
3 186 188 195
3 186 195 3414
