ply
format ascii 1.0
element vertex 5316
property float x
property float y
property float z
element face 10628
property list uchar int vertex_index
end_header
0.474385 1.527556 -0.824063
0.472708 1.527356 -0.825169
0.477183 1.528842 -0.824721
0.474262 1.527805 -0.821304
0.471430 1.527433 -0.822049
0.477340 1.529515 -0.821527
0.474102 1.529428 -0.818030
0.477802 1.530250 -0.817923
0.473841 1.531254 -0.812900
0.470718 1.529101 -0.818490
0.467557 1.529016 -0.819034
0.470060 1.530457 -0.813035
0.469553 1.533960 -0.807913
0.466499 1.530821 -0.813939
0.465683 1.533696 -0.808416
0.463574 1.531532 -0.815019
0.465524 1.529703 -0.819911
0.462040 1.534183 -0.809516
0.461103 1.532284 -0.816175
0.459564 1.535481 -0.811106
0.463198 1.530208 -0.820814
0.458794 1.533613 -0.817638
0.457280 1.536988 -0.812890
0.461282 1.531468 -0.822036
0.456839 1.535078 -0.819171
0.455330 1.538674 -0.814708
0.455937 1.537386 -0.821071
0.459750 1.532843 -0.823225
0.462882 1.531701 -0.826580
0.458733 1.535007 -0.824773
0.457920 1.537325 -0.826399
0.461690 1.533208 -0.827852
0.460741 1.535285 -0.829483
0.465143 1.532403 -0.829937
0.468401 1.532493 -0.832145
0.466368 1.531336 -0.828913
0.464276 1.534228 -0.831095
0.463748 1.536680 -0.833343
0.466966 1.533694 -0.832587
0.467366 1.535441 -0.834586
0.467245 1.537947 -0.836943
0.470062 1.534250 -0.834637
0.472140 1.533478 -0.833999
0.470750 1.536555 -0.837380
0.473719 1.535548 -0.837008
0.471621 1.539949 -0.840345
0.475389 1.538666 -0.839919
0.467693 1.541622 -0.839811
0.473330 1.544918 -0.842937
0.475442 1.551158 -0.845736
0.468657 1.546457 -0.842817
0.477633 1.543375 -0.842909
0.480247 1.549551 -0.845706
0.481653 1.542023 -0.842089
0.484758 1.548130 -0.844706
0.478803 1.537616 -0.839063
0.485365 1.540910 -0.840785
0.488949 1.546821 -0.843297
0.481624 1.536841 -0.837743
0.488519 1.540098 -0.838862
0.492717 1.545675 -0.841185
0.491056 1.539655 -0.836114
0.484362 1.536166 -0.836027
0.486633 1.535822 -0.833738
0.480567 1.533613 -0.833456
0.476869 1.531476 -0.831319
0.482417 1.533157 -0.831538
0.478299 1.534248 -0.835052
0.476129 1.534903 -0.836107
0.475367 1.532109 -0.832421
0.473855 1.532865 -0.833199
0.472052 1.529823 -0.830575
0.473364 1.529313 -0.829579
0.468312 1.528955 -0.827779
0.470799 1.530757 -0.831153
0.467215 1.530104 -0.828374
0.469654 1.531607 -0.831641
0.464228 1.530506 -0.825567
0.465829 1.529571 -0.824590
0.467426 1.528705 -0.823688
0.469603 1.528097 -0.827038
0.468991 1.527841 -0.822828
0.471227 1.527600 -0.826114
0.474855 1.528917 -0.828302
0.476017 1.528863 -0.826710
0.478287 1.531238 -0.829633
0.479815 1.530788 -0.827830
0.483998 1.532805 -0.829235
0.481109 1.530705 -0.825513
0.485241 1.532747 -0.826416
0.482067 1.530802 -0.822076
0.486023 1.533176 -0.822933
0.482109 1.531881 -0.818350
0.481857 1.533671 -0.813635
0.486377 1.533996 -0.819036
0.490319 1.537016 -0.820334
0.485772 1.535880 -0.814777
0.485116 1.538850 -0.809791
0.489735 1.538342 -0.816090
0.488538 1.541013 -0.811337
0.493499 1.541634 -0.817755
0.491956 1.543595 -0.813150
0.494390 1.540608 -0.821989
0.497036 1.545658 -0.819573
0.498096 1.545080 -0.823761
0.495427 1.546897 -0.815021
0.500063 1.550347 -0.821256
0.498484 1.550736 -0.816828
0.503370 1.556591 -0.822427
0.501093 1.550553 -0.825247
0.501800 1.550857 -0.829041
0.504452 1.557359 -0.826245
0.505277 1.558051 -0.830035
0.507662 1.565935 -0.826893
0.511412 1.577118 -0.827780
0.506764 1.564879 -0.822918
0.508289 1.566873 -0.830920
0.508624 1.567729 -0.834828
0.512227 1.578621 -0.832283
0.512751 1.580099 -0.836839
0.516569 1.591645 -0.831168
0.517502 1.593668 -0.836019
0.521519 1.605330 -0.825176
0.515513 1.589403 -0.826407
0.514336 1.587151 -0.821413
0.520411 1.602896 -0.820335
0.525641 1.616926 -0.810192
0.519023 1.600427 -0.815136
0.523598 1.614694 -0.805018
0.516962 1.597885 -0.809776
0.514050 1.595261 -0.804399
0.512868 1.584815 -0.816016
0.520320 1.612411 -0.799610
0.521804 1.628204 -0.789489
0.515920 1.609741 -0.794056
0.510540 1.606368 -0.788372
0.516526 1.625703 -0.783594
0.517800 1.643907 -0.775467
0.509520 1.622308 -0.776166
0.497865 1.616863 -0.764347
0.510237 1.640944 -0.767352
0.511284 1.662568 -0.760669
0.498463 1.636897 -0.754965
0.482026 1.632462 -0.737087
0.498696 1.658992 -0.747822
0.500504 1.684510 -0.743438
0.481391 1.653118 -0.730467
0.462111 1.641339 -0.712832
0.477805 1.681809 -0.721510
0.487890 1.714118 -0.727552
0.457094 1.698106 -0.700926
0.456125 1.661043 -0.703184
0.443173 1.675840 -0.689533
0.437891 1.644017 -0.688128
0.428635 1.655022 -0.677902
0.420879 1.627146 -0.674549
0.443137 1.629151 -0.696504
0.424662 1.617024 -0.680933
0.444023 1.616578 -0.701410
0.425846 1.607282 -0.685409
0.463175 1.625137 -0.718631
0.443827 1.607791 -0.704692
0.426073 1.599204 -0.688932
0.462124 1.613718 -0.722039
0.442980 1.599998 -0.707513
0.425608 1.592059 -0.692084
0.460112 1.605279 -0.724068
0.441664 1.592935 -0.710041
0.457635 1.597978 -0.725822
0.424689 1.585361 -0.695053
0.439887 1.586744 -0.712335
0.454802 1.591707 -0.727523
0.423440 1.579461 -0.697779
0.437585 1.581360 -0.714447
0.421807 1.574362 -0.700441
0.435177 1.576777 -0.716692
0.451937 1.586259 -0.729057
0.464361 1.587985 -0.744740
0.448894 1.581533 -0.730539
0.445640 1.577421 -0.732242
0.460670 1.583272 -0.745645
0.457007 1.579270 -0.746588
0.470204 1.581372 -0.760584
0.466284 1.577604 -0.760784
0.476851 1.576368 -0.773287
0.474504 1.585824 -0.760511
0.479314 1.591314 -0.760679
0.481270 1.580347 -0.774089
0.486291 1.585010 -0.775156
0.485344 1.572690 -0.784842
0.490070 1.576408 -0.786441
0.480806 1.569552 -0.783208
0.486666 1.565317 -0.791666
0.490923 1.568163 -0.793511
0.486563 1.558022 -0.796927
0.482400 1.562696 -0.790220
0.482897 1.556007 -0.795516
0.478387 1.560354 -0.788920
0.476543 1.566857 -0.782056
0.474294 1.558331 -0.787995
0.479078 1.554002 -0.794320
0.479774 1.547495 -0.799149
0.475260 1.552180 -0.793290
0.476153 1.545819 -0.798021
0.471189 1.550525 -0.792657
0.472197 1.544503 -0.797501
0.470157 1.556460 -0.787290
0.467123 1.549024 -0.792180
0.465926 1.554811 -0.786932
0.468135 1.543381 -0.797350
0.462825 1.548331 -0.792651
0.461618 1.553883 -0.787355
0.464124 1.543141 -0.798068
0.458779 1.548458 -0.793941
0.457341 1.553690 -0.788403
0.460215 1.543257 -0.799148
0.455383 1.549343 -0.795771
0.453817 1.554533 -0.790160
0.457128 1.544391 -0.801027
0.452453 1.550651 -0.797773
0.454166 1.545560 -0.802906
0.450757 1.552591 -0.799974
0.450887 1.555888 -0.792167
0.449288 1.557999 -0.794477
0.449585 1.561152 -0.786136
0.448041 1.563357 -0.788404
0.446392 1.565718 -0.779008
0.451871 1.559430 -0.783921
0.455572 1.558828 -0.782221
0.448888 1.563996 -0.776845
0.452598 1.563537 -0.775061
0.443686 1.567649 -0.768140
0.441362 1.569445 -0.770328
0.447017 1.567192 -0.765969
0.434250 1.568669 -0.757435
0.422272 1.567706 -0.746261
0.432008 1.571190 -0.759620
0.437902 1.567910 -0.754974
0.441962 1.568265 -0.752713
0.426131 1.566400 -0.743685
0.430494 1.566580 -0.740934
0.411937 1.563418 -0.732082
0.416274 1.563357 -0.729227
0.396053 1.558782 -0.720143
0.407943 1.565223 -0.734543
0.392037 1.560901 -0.722269
0.405181 1.568582 -0.736065
0.403263 1.572428 -0.737079
0.419529 1.570701 -0.748332
0.388780 1.564076 -0.723641
0.386487 1.567887 -0.724289
0.371767 1.557361 -0.710615
0.357098 1.550966 -0.695617
0.375167 1.553894 -0.709540
0.369806 1.561550 -0.710573
0.369163 1.566016 -0.709533
0.355453 1.555114 -0.695127
0.354547 1.559345 -0.694034
0.343802 1.549173 -0.680166
0.343171 1.553179 -0.679176
0.334494 1.543209 -0.666547
0.345590 1.545403 -0.680512
0.336524 1.539641 -0.666698
0.348788 1.542262 -0.679980
0.339103 1.536294 -0.666538
0.360440 1.547642 -0.694912
0.352897 1.539935 -0.678716
0.364757 1.545330 -0.693294
0.357330 1.539053 -0.676667
0.342980 1.534016 -0.665419
0.333866 1.528237 -0.653051
0.347228 1.533280 -0.663485
0.338108 1.527073 -0.651319
0.351359 1.533601 -0.661156
0.355180 1.534396 -0.658621
0.361680 1.539596 -0.674087
0.342153 1.527043 -0.649106
0.332491 1.522334 -0.637825
0.345752 1.527897 -0.646629
0.335705 1.523285 -0.635509
0.348483 1.529682 -0.644053
0.338537 1.524558 -0.633134
0.350839 1.531737 -0.641381
0.358264 1.536007 -0.655910
0.360739 1.537991 -0.653100
0.369271 1.542199 -0.668452
0.372344 1.544410 -0.665520
0.382078 1.548993 -0.681793
0.365731 1.540539 -0.671296
0.378231 1.547185 -0.684885
0.374088 1.545752 -0.687853
0.393185 1.554208 -0.698754
0.388778 1.552853 -0.701708
0.408961 1.560820 -0.711570
0.397223 1.556154 -0.695707
0.412799 1.563251 -0.708781
0.400824 1.558879 -0.692548
0.416191 1.566377 -0.705966
0.385645 1.551516 -0.678777
0.403816 1.562142 -0.689361
0.419478 1.569850 -0.703044
0.406218 1.566273 -0.686460
0.388784 1.554379 -0.675577
0.375410 1.547106 -0.662671
0.391187 1.558082 -0.672659
0.392931 1.562227 -0.669783
0.377430 1.550236 -0.659795
0.364858 1.543388 -0.647698
0.379083 1.553992 -0.657009
0.366204 1.546756 -0.644887
0.380440 1.558219 -0.654163
0.381093 1.562835 -0.651347
0.393971 1.567044 -0.666890
0.367063 1.550581 -0.642161
0.355367 1.543903 -0.631151
0.367294 1.554848 -0.639480
0.367069 1.559193 -0.636865
0.355321 1.547894 -0.628806
0.345095 1.541544 -0.619519
0.354993 1.551947 -0.626505
0.344517 1.545235 -0.617425
0.354020 1.555973 -0.624238
0.352801 1.559755 -0.622021
0.343700 1.548842 -0.615397
0.366279 1.563788 -0.634204
0.364736 1.568144 -0.631552
0.379670 1.573094 -0.645078
0.377741 1.578440 -0.641730
0.393613 1.584009 -0.657084
0.380892 1.567789 -0.648303
0.394429 1.577987 -0.660553
0.409636 1.588842 -0.674385
0.394652 1.572138 -0.663900
0.409525 1.582415 -0.677665
0.408933 1.576474 -0.680718
0.407758 1.571019 -0.683637
0.409145 1.595784 -0.670904
0.407492 1.603420 -0.666572
0.404357 1.611104 -0.661616
0.391833 1.590421 -0.653515
0.388695 1.596614 -0.649590
0.384768 1.601471 -0.645760
0.374979 1.583304 -0.638701
0.371567 1.587806 -0.635642
0.362599 1.572435 -0.628788
0.351134 1.563576 -0.619761
0.359794 1.576476 -0.626320
0.356586 1.580462 -0.623865
0.348922 1.567383 -0.617565
0.346372 1.571090 -0.615433
0.339126 1.559644 -0.609538
0.336792 1.562970 -0.607712
0.329292 1.552298 -0.602049
0.340954 1.556030 -0.611507
0.331113 1.549046 -0.603743
0.342501 1.552490 -0.613370
0.332633 1.545692 -0.605413
0.322970 1.539391 -0.597690
0.333757 1.542326 -0.607238
0.334700 1.539004 -0.609039
0.324237 1.536211 -0.599291
0.325031 1.533205 -0.600904
0.314835 1.530681 -0.591412
0.315792 1.527737 -0.592938
0.313640 1.533521 -0.590009
0.305314 1.525203 -0.583788
0.303938 1.527858 -0.582560
0.306462 1.522464 -0.585123
0.296002 1.519689 -0.576314
0.294839 1.522295 -0.575136
0.286779 1.514105 -0.568850
0.296940 1.517100 -0.577552
0.287845 1.511596 -0.569945
0.297842 1.514448 -0.578861
0.298359 1.511885 -0.580233
0.307006 1.519873 -0.586625
0.288610 1.509066 -0.571162
0.288817 1.506690 -0.572496
0.279369 1.503488 -0.563518
0.279897 1.501040 -0.564736
0.278925 1.505863 -0.562281
0.271080 1.497819 -0.555919
0.271317 1.495492 -0.557143
0.262959 1.492376 -0.548636
0.270475 1.500151 -0.554820
0.269861 1.502554 -0.553701
0.262645 1.494659 -0.547439
0.261752 1.496976 -0.546536
0.254811 1.489202 -0.540384
0.255271 1.486949 -0.541491
0.254262 1.491464 -0.539321
0.246829 1.483884 -0.533449
0.247236 1.481681 -0.534538
0.246283 1.486144 -0.532399
0.239072 1.478728 -0.526368
0.238521 1.480955 -0.525383
0.239288 1.476561 -0.527491
0.231287 1.473566 -0.519220
0.231695 1.471305 -0.520280
0.223579 1.468730 -0.511807
0.230883 1.475790 -0.518189
0.230165 1.478093 -0.517290
0.222937 1.471060 -0.510994
0.215504 1.466612 -0.503535
0.222264 1.473359 -0.510200
0.214702 1.468826 -0.502774
0.221440 1.475626 -0.509387
0.220013 1.477690 -0.508940
0.213957 1.471051 -0.501959
0.229005 1.480376 -0.516585
0.236730 1.485479 -0.523661
0.227899 1.482541 -0.515888
0.235706 1.487669 -0.522874
0.226410 1.484622 -0.515415
0.218617 1.479751 -0.508460
0.234088 1.489760 -0.522424
0.224806 1.486659 -0.515008
0.223074 1.488577 -0.514741
0.217232 1.481784 -0.507983
0.232475 1.491794 -0.521986
0.240456 1.497151 -0.528834
0.230853 1.493874 -0.521507
0.238629 1.499167 -0.528504
0.228797 1.495668 -0.521433
0.236616 1.501004 -0.528387
0.220987 1.490374 -0.514704
0.226679 1.497431 -0.521410
0.224499 1.499064 -0.521502
0.218926 1.492143 -0.514667
0.234618 1.502834 -0.528274
0.242266 1.508322 -0.535183
0.232362 1.504475 -0.528400
0.239912 1.509969 -0.535294
0.229880 1.505874 -0.528771
0.237579 1.511624 -0.535372
0.222030 1.500418 -0.521963
0.227392 1.507281 -0.529113
0.219540 1.501737 -0.522462
0.224726 1.508114 -0.530044
0.235034 1.512885 -0.535851
0.232391 1.514118 -0.536466
0.242578 1.518823 -0.542746
0.239842 1.519909 -0.543476
0.245238 1.517630 -0.542136
0.250381 1.525301 -0.549164
0.247479 1.526658 -0.549601
0.253017 1.523774 -0.548877
0.258000 1.531371 -0.556277
0.255057 1.532577 -0.557009
0.265734 1.537681 -0.563190
0.260694 1.529842 -0.555962
0.263210 1.528095 -0.555932
0.268511 1.536020 -0.563039
0.271195 1.534250 -0.562990
0.276465 1.542464 -0.569730
0.273468 1.544061 -0.570035
0.279207 1.540592 -0.569815
0.284272 1.548949 -0.576446
0.292529 1.556069 -0.582250
0.287291 1.547125 -0.576355
0.281227 1.550792 -0.576490
0.289238 1.558023 -0.582305
0.278142 1.552112 -0.577167
0.274725 1.553150 -0.578243
0.270430 1.545488 -0.570532
0.285665 1.559519 -0.582973
0.293400 1.567058 -0.589070
0.282100 1.560906 -0.583804
0.278827 1.561073 -0.585588
0.289538 1.568353 -0.590134
0.285800 1.569103 -0.591815
0.297096 1.576290 -0.596733
0.293798 1.576848 -0.598417
0.304406 1.584915 -0.603377
0.301017 1.574845 -0.595913
0.304927 1.573183 -0.595298
0.308676 1.583781 -0.601980
0.312715 1.581886 -0.601654
0.316140 1.593137 -0.608123
0.311413 1.594893 -0.608751
0.320556 1.591151 -0.607962
0.323787 1.603377 -0.614141
0.318939 1.605056 -0.614717
0.328416 1.601286 -0.614297
0.331427 1.614681 -0.620232
0.326474 1.616250 -0.620820
0.339977 1.628385 -0.626652
0.335928 1.612497 -0.620821
0.340394 1.610125 -0.621692
0.344829 1.626291 -0.627348
0.355841 1.643698 -0.634161
0.349677 1.624031 -0.628476
0.354406 1.621415 -0.629852
0.361092 1.641450 -0.635294
0.372548 1.660686 -0.642626
0.366394 1.639081 -0.636768
0.378273 1.658294 -0.644307
0.371767 1.636242 -0.638653
0.359252 1.618672 -0.631466
0.377149 1.633078 -0.641012
0.384046 1.655511 -0.646370
0.395037 1.675766 -0.655326
0.389966 1.652618 -0.649085
0.395927 1.649315 -0.652249
0.401497 1.672897 -0.658092
0.408038 1.669657 -0.661529
0.412527 1.695301 -0.667532
0.405735 1.698053 -0.664812
0.422915 1.718607 -0.676201
0.419463 1.691950 -0.670931
0.426287 1.688238 -0.675180
0.429848 1.715382 -0.679597
0.439241 1.738978 -0.687474
0.436842 1.711775 -0.683897
0.444865 1.706838 -0.690099
0.446284 1.735654 -0.691741
0.455633 1.759832 -0.699742
0.454183 1.731398 -0.697725
0.463146 1.755944 -0.705376
0.466963 1.723788 -0.708628
0.475691 1.748867 -0.715846
0.483973 1.772821 -0.723147
0.496181 1.741095 -0.733485
0.502864 1.766807 -0.738715
0.512176 1.739113 -0.747438
0.506126 1.712202 -0.744458
0.522089 1.739263 -0.756282
0.515874 1.765873 -0.749632
0.516791 1.792243 -0.750331
0.523768 1.766079 -0.756452
0.523791 1.792388 -0.756222
0.529752 1.766485 -0.761803
0.535139 1.766948 -0.766983
0.529659 1.792639 -0.761468
0.528726 1.739854 -0.762400
0.525961 1.713324 -0.763347
0.534149 1.740564 -0.767760
0.531612 1.714271 -0.769222
0.539008 1.741313 -0.772794
0.536527 1.715038 -0.774415
0.543014 1.741945 -0.777535
0.539831 1.767442 -0.771931
0.539765 1.792985 -0.771464
0.543642 1.767890 -0.776551
0.543413 1.793226 -0.775958
0.546792 1.768249 -0.780934
0.546301 1.742466 -0.782026
0.546270 1.793452 -0.780351
0.549222 1.768706 -0.785308
0.548949 1.743246 -0.786457
0.548657 1.793757 -0.784573
0.551152 1.769177 -0.789546
0.551882 1.769762 -0.793813
0.550524 1.743980 -0.790982
0.550324 1.794052 -0.788724
0.550359 1.818251 -0.788802
0.550897 1.794407 -0.792806
0.550012 1.794804 -0.796766
0.550824 1.818475 -0.792836
0.551069 1.842095 -0.793016
0.550007 1.818748 -0.796741
0.550360 1.842366 -0.796901
0.547925 1.819052 -0.800370
0.547837 1.795223 -0.800476
0.548461 1.842633 -0.800463
0.544779 1.819348 -0.803524
0.544352 1.795617 -0.803514
0.545360 1.842859 -0.803475
0.540461 1.819642 -0.805816
0.535477 1.819899 -0.807235
0.539934 1.796025 -0.805787
0.541365 1.843077 -0.805880
0.542017 1.866493 -0.805648
0.536532 1.843235 -0.807339
0.531269 1.843326 -0.807820
0.537298 1.866673 -0.807311
0.537121 1.889369 -0.805871
0.532138 1.866723 -0.808074
0.526676 1.866644 -0.807778
0.532053 1.889468 -0.806924
0.531266 1.910690 -0.804411
0.526633 1.889429 -0.806968
0.525936 1.910755 -0.804812
0.521192 1.889287 -0.806330
0.521211 1.866507 -0.806865
0.520476 1.910791 -0.804548
0.515907 1.889101 -0.804856
0.510491 1.888947 -0.802792
0.515869 1.866369 -0.805141
0.514955 1.910741 -0.803482
0.509451 1.910641 -0.801664
0.514234 1.931869 -0.801684
0.519891 1.931841 -0.802488
0.513898 1.952685 -0.799736
0.508641 1.931792 -0.800033
0.503171 1.931671 -0.797692
0.508229 1.952666 -0.798370
0.502789 1.952532 -0.796231
0.508370 1.972997 -0.796594
0.514066 1.973002 -0.797744
0.509516 1.992394 -0.794995
0.502860 1.972878 -0.794753
0.497847 1.972625 -0.792168
0.504016 1.992311 -0.793381
0.506392 2.010547 -0.792527
0.498978 1.992141 -0.791044
0.501330 2.010419 -0.790303
0.494759 1.991857 -0.787976
0.496875 2.010194 -0.787353
0.493490 1.972385 -0.788943
0.491064 1.991598 -0.784537
0.492996 2.009871 -0.783948
0.487599 1.991413 -0.780929
0.489651 1.972202 -0.785362
0.486073 1.972056 -0.781714
0.488754 1.952005 -0.786390
0.484822 1.951854 -0.782596
0.488185 1.931224 -0.787386
0.492899 1.952201 -0.790127
0.492859 1.931363 -0.791252
0.497593 1.952374 -0.793467
0.497860 1.931527 -0.794747
0.498392 1.910287 -0.795932
0.503893 1.910475 -0.799124
0.499047 1.888650 -0.796513
0.493056 1.910127 -0.792201
0.487795 1.910023 -0.788113
0.493235 1.888454 -0.792574
0.487415 1.888278 -0.788266
0.492677 1.865944 -0.792184
0.491487 1.843326 -0.791491
0.498771 1.866071 -0.796196
0.486463 1.865851 -0.787763
0.485009 1.843350 -0.786858
0.480118 1.865837 -0.782936
0.473708 1.865978 -0.777714
0.481562 1.888113 -0.783751
0.478380 1.843362 -0.781576
0.471507 1.843464 -0.775638
0.477299 1.820387 -0.780376
0.477514 1.796079 -0.779953
0.470169 1.820166 -0.773759
0.483812 1.820458 -0.785864
0.490276 1.820479 -0.790812
0.483681 1.796423 -0.785488
0.484538 1.771758 -0.785566
0.489852 1.796690 -0.790653
0.490412 1.772164 -0.790767
0.496054 1.796876 -0.795109
0.501866 1.796918 -0.798887
0.496552 1.820524 -0.795172
0.496297 1.772481 -0.795371
0.496221 1.746964 -0.795731
0.501969 1.772627 -0.799350
0.501622 1.747312 -0.799978
0.507514 1.772742 -0.802681
0.507482 1.796834 -0.801991
0.512844 1.772626 -0.805360
0.506970 1.747645 -0.803648
0.505592 1.722688 -0.804356
0.512362 1.748015 -0.806786
0.517819 1.748260 -0.809195
0.510690 1.723038 -0.807625
0.515870 1.723326 -0.810148
0.508395 1.700001 -0.808774
0.506107 1.679468 -0.811093
0.513318 1.700260 -0.811230
0.503590 1.699621 -0.805650
0.498776 1.699000 -0.801919
0.501571 1.678807 -0.808028
0.496994 1.678019 -0.804426
0.500105 1.660209 -0.811989
0.495710 1.659303 -0.808541
0.499233 1.643425 -0.818007
0.504363 1.660945 -0.814816
0.503187 1.644187 -0.820628
0.508787 1.661511 -0.817056
0.510777 1.679841 -0.813491
0.507164 1.644830 -0.822635
0.513341 1.661882 -0.818766
0.515648 1.679968 -0.815311
0.511231 1.645420 -0.824206
0.518048 1.662008 -0.819934
0.515572 1.645758 -0.825277
0.520611 1.679948 -0.816492
0.522775 1.661782 -0.820191
0.525714 1.679485 -0.816365
0.527246 1.660918 -0.818940
0.519769 1.645904 -0.825932
0.523789 1.645270 -0.825150
0.517327 1.631382 -0.835391
0.513279 1.631037 -0.834542
0.513364 1.619330 -0.849231
0.520716 1.631371 -0.835638
0.523748 1.629882 -0.833983
0.518102 1.618667 -0.849980
0.510534 1.601916 -0.857604
0.521260 1.616987 -0.847980
0.523347 1.614926 -0.845386
0.514405 1.600372 -0.855902
0.504052 1.585070 -0.854054
0.516627 1.599058 -0.852853
0.507312 1.583821 -0.851555
0.518141 1.597848 -0.849344
0.524142 1.612927 -0.842460
0.518602 1.596625 -0.845089
0.509879 1.582785 -0.848390
0.511773 1.581930 -0.845138
0.504070 1.570142 -0.846090
0.500039 1.560831 -0.844521
0.506649 1.569289 -0.842696
0.500651 1.571261 -0.849013
0.496753 1.572646 -0.851313
0.496069 1.561976 -0.847140
0.491646 1.563572 -0.848716
0.492399 1.554016 -0.845319
0.487903 1.555432 -0.846685
0.496418 1.552842 -0.843001
0.499554 1.551921 -0.840160
0.503169 1.559979 -0.841339
0.495811 1.544833 -0.838444
0.500936 1.551499 -0.836534
0.504714 1.559303 -0.837698
0.497334 1.544707 -0.835035
0.502035 1.551123 -0.832853
0.498451 1.544639 -0.831410
0.505340 1.558668 -0.833843
0.493908 1.539711 -0.829660
0.498411 1.544825 -0.827632
0.494614 1.540002 -0.826041
0.490368 1.536162 -0.824393
0.489829 1.535613 -0.827873
0.488482 1.535544 -0.830995
0.493049 1.539403 -0.833051
0.508389 1.568439 -0.838880
0.512742 1.580999 -0.841123
0.518217 1.595305 -0.840682
0.522922 1.609137 -0.834407
0.522154 1.607206 -0.829769
0.527244 1.622504 -0.822827
0.523481 1.610780 -0.838590
0.527163 1.624298 -0.826241
0.532276 1.638727 -0.814965
0.526611 1.626094 -0.829068
0.525777 1.628033 -0.831724
0.531138 1.640560 -0.818051
0.529678 1.642309 -0.820901
0.536304 1.656878 -0.811170
0.534318 1.658389 -0.814367
0.539981 1.675284 -0.806501
0.537551 1.655259 -0.807595
0.537342 1.653828 -0.803911
0.540974 1.673967 -0.802657
0.540722 1.672849 -0.798692
0.544132 1.695220 -0.799321
0.543284 1.696315 -0.803404
0.543921 1.694334 -0.795146
0.547893 1.719114 -0.797041
0.547186 1.719998 -0.801321
0.547518 1.718301 -0.792670
0.551255 1.744771 -0.795438
0.550712 1.745419 -0.799789
0.551002 1.770252 -0.797939
0.548132 1.746202 -0.803629
0.544627 1.746872 -0.807017
0.548885 1.770787 -0.801803
0.545359 1.720883 -0.805339
0.541341 1.697279 -0.807124
0.542093 1.721719 -0.808819
0.537514 1.722466 -0.811374
0.538115 1.698262 -0.810284
0.533877 1.699140 -0.812645
0.534579 1.677687 -0.812842
0.530492 1.678668 -0.815063
0.531231 1.659748 -0.816993
0.537848 1.676524 -0.809941
0.527256 1.643939 -0.823350
0.528872 1.699766 -0.813810
0.532212 1.723027 -0.812778
0.523616 1.700215 -0.813985
0.518410 1.700372 -0.812997
0.526725 1.723340 -0.812870
0.521174 1.723465 -0.811864
0.529077 1.748152 -0.811168
0.523451 1.748319 -0.810585
0.529636 1.772384 -0.808716
0.534726 1.747904 -0.810752
0.539987 1.747442 -0.809443
0.535197 1.772161 -0.808517
0.540371 1.771769 -0.807111
0.534936 1.796329 -0.807471
0.529414 1.796628 -0.807855
0.523812 1.796778 -0.807498
0.530036 1.820126 -0.807687
0.524525 1.820316 -0.807405
0.525858 1.843363 -0.807492
0.519008 1.820442 -0.806289
0.513600 1.820516 -0.804543
0.520413 1.843345 -0.806454
0.518269 1.796945 -0.806225
0.512931 1.796962 -0.804378
0.518442 1.772658 -0.807031
0.524021 1.772574 -0.808473
0.515003 1.843331 -0.804661
0.509468 1.843359 -0.802282
0.510370 1.866258 -0.802727
0.508097 1.820440 -0.802049
0.503742 1.843390 -0.799296
0.497740 1.843355 -0.795652
0.502451 1.820543 -0.798870
0.504693 1.866198 -0.799731
0.504783 1.888847 -0.799955
0.545098 1.771305 -0.804956
0.546172 1.717412 -0.788215
0.542709 1.693260 -0.790815
0.543778 1.716631 -0.783806
0.540442 1.692446 -0.786511
0.540529 1.715901 -0.779266
0.537307 1.691307 -0.781923
0.533338 1.690376 -0.777143
0.534178 1.669094 -0.785853
0.531454 1.649433 -0.791553
0.537236 1.670508 -0.790377
0.530339 1.667927 -0.781191
0.525719 1.666352 -0.775806
0.527865 1.647915 -0.786922
0.523426 1.645962 -0.781571
0.525888 1.630405 -0.794841
0.528902 1.632254 -0.799623
0.530834 1.633939 -0.804103
0.526651 1.619058 -0.814786
0.532029 1.635524 -0.808143
0.534195 1.651018 -0.796007
0.536231 1.652364 -0.800008
0.539505 1.671567 -0.794516
0.527187 1.620787 -0.819081
0.532424 1.637072 -0.811677
0.519844 1.664772 -0.769495
0.528517 1.689386 -0.771808
0.522625 1.688055 -0.765480
0.513743 1.686709 -0.756645
0.517874 1.712641 -0.755640
0.483173 1.557015 -0.847399
0.486953 1.565310 -0.849360
0.478386 1.558624 -0.847804
0.473560 1.560323 -0.847612
0.482378 1.567020 -0.849812
0.487564 1.576403 -0.853010
0.477859 1.568777 -0.849676
0.473534 1.570574 -0.848439
0.482927 1.578250 -0.853289
0.479132 1.580182 -0.851367
0.492274 1.590111 -0.853721
0.489103 1.591403 -0.852180
0.501493 1.605063 -0.855130
0.495761 1.588564 -0.855193
0.505702 1.603879 -0.857469
0.500011 1.586775 -0.854861
0.492109 1.574551 -0.852579
0.498289 1.605291 -0.852088
0.509195 1.619079 -0.847457
0.505253 1.618366 -0.845121
0.501841 1.617499 -0.841956
0.509271 1.630601 -0.833437
0.505772 1.629903 -0.831588
0.501975 1.629278 -0.829335
0.498150 1.628520 -0.826174
0.498640 1.616796 -0.838239
0.495346 1.616091 -0.834239
0.492657 1.604813 -0.844343
0.484410 1.592820 -0.845666
0.495251 1.605202 -0.848397
0.489996 1.604338 -0.839978
0.487496 1.603985 -0.835609
0.482202 1.592987 -0.841527
0.480534 1.592949 -0.837776
0.473887 1.583398 -0.841004
0.475073 1.582710 -0.844885
0.466725 1.575045 -0.839433
0.472639 1.583734 -0.837038
0.465894 1.575952 -0.835368
0.471261 1.583734 -0.833046
0.465261 1.576919 -0.831065
0.478467 1.592640 -0.833687
0.469927 1.583639 -0.828854
0.465046 1.578075 -0.826611
0.468424 1.584274 -0.824714
0.475911 1.591864 -0.829569
0.473190 1.590594 -0.825625
0.481018 1.601930 -0.826382
0.484466 1.603121 -0.831096
0.483709 1.612345 -0.820586
0.477418 1.600424 -0.821681
0.473534 1.598394 -0.817039
0.479390 1.610478 -0.815598
0.474881 1.608023 -0.810624
0.480001 1.622732 -0.808006
0.474360 1.619783 -0.802157
0.479740 1.637604 -0.799891
0.485140 1.624793 -0.813291
0.485461 1.639729 -0.805686
0.489783 1.626384 -0.818092
0.490441 1.641360 -0.810503
0.487804 1.613873 -0.825408
0.494100 1.627567 -0.822352
0.494991 1.642540 -0.814605
0.491605 1.615056 -0.829842
0.491046 1.658066 -0.804408
0.492234 1.677066 -0.800251
0.485964 1.656608 -0.799578
0.480066 1.654731 -0.793621
0.487118 1.675844 -0.795335
0.481242 1.674495 -0.789364
0.488683 1.697612 -0.792777
0.490080 1.721347 -0.791421
0.483042 1.696647 -0.787007
0.493845 1.698339 -0.797652
0.495369 1.721830 -0.796285
0.500521 1.722284 -0.800593
0.476010 1.695572 -0.779381
0.484493 1.720823 -0.785891
0.478041 1.720165 -0.779021
0.485159 1.746138 -0.785612
0.479277 1.745642 -0.779645
0.490749 1.746570 -0.790913
0.478692 1.771254 -0.779975
0.471252 1.744882 -0.770839
0.457408 1.744128 -0.754770
0.471537 1.770417 -0.772426
0.468817 1.719428 -0.768594
0.465641 1.694444 -0.767598
0.454406 1.719471 -0.751824
0.437072 1.723816 -0.732700
0.449894 1.694308 -0.749408
0.444562 1.669558 -0.748117
0.430970 1.697890 -0.728498
0.417445 1.703604 -0.715564
0.423077 1.671308 -0.724526
0.408223 1.676986 -0.709471
0.415823 1.647152 -0.723000
0.398148 1.651037 -0.704405
0.412694 1.631113 -0.725038
0.439804 1.647707 -0.748724
0.459632 1.649132 -0.771305
0.436673 1.631708 -0.750734
0.458988 1.629534 -0.777843
0.433200 1.621457 -0.750828
0.452047 1.618118 -0.774107
0.411094 1.620559 -0.727548
0.430484 1.613918 -0.750884
0.447823 1.610851 -0.771996
0.428083 1.607633 -0.750899
0.409853 1.612639 -0.729732
0.389056 1.608984 -0.709757
0.408587 1.606138 -0.731448
0.388896 1.602350 -0.712867
0.407522 1.600455 -0.733069
0.406160 1.595060 -0.734260
0.388403 1.596513 -0.715401
0.425832 1.601758 -0.750956
0.441635 1.599309 -0.769194
0.423872 1.596425 -0.751031
0.438769 1.594223 -0.767738
0.422015 1.591585 -0.750861
0.404923 1.590064 -0.735328
0.420488 1.587203 -0.750625
0.436296 1.589817 -0.766370
0.445630 1.585529 -0.779724
0.434207 1.585691 -0.765257
0.443577 1.581870 -0.777887
0.432640 1.581996 -0.763996
0.419254 1.582951 -0.750500
0.431659 1.578192 -0.762820
0.441841 1.578463 -0.776159
0.441000 1.575190 -0.774223
0.446605 1.573919 -0.785398
0.445632 1.570938 -0.783399
0.447814 1.577040 -0.787454
0.448633 1.568659 -0.792898
0.449414 1.563064 -0.799022
0.449821 1.571496 -0.795097
0.448086 1.566000 -0.790668
0.449106 1.560463 -0.796782
0.450070 1.554896 -0.802243
0.450082 1.557470 -0.804474
0.451343 1.549594 -0.807290
0.452649 1.547531 -0.805092
0.451534 1.552095 -0.809402
0.453025 1.544926 -0.812086
0.453984 1.542774 -0.809891
0.454230 1.540933 -0.816676
0.452706 1.547477 -0.814190
0.452795 1.550248 -0.816216
0.453622 1.543381 -0.818741
0.453865 1.546140 -0.820829
0.455226 1.539753 -0.822969
0.455197 1.542739 -0.825059
0.456715 1.539940 -0.828835
0.455335 1.546080 -0.827278
0.457112 1.543346 -0.830917
0.455886 1.549874 -0.829686
0.454255 1.549306 -0.822996
0.455121 1.552969 -0.825227
0.453476 1.553197 -0.818251
0.454467 1.556526 -0.820421
0.452856 1.557741 -0.813557
0.452456 1.563012 -0.808521
0.454222 1.560993 -0.815617
0.451820 1.554767 -0.811566
0.451304 1.560206 -0.806471
0.450609 1.565832 -0.801154
0.452130 1.568744 -0.803288
0.451697 1.574505 -0.797207
0.454211 1.571740 -0.805421
0.456463 1.574849 -0.807659
0.453814 1.577507 -0.799217
0.454029 1.566125 -0.810674
0.456171 1.569273 -0.812916
0.455847 1.564485 -0.817950
0.458480 1.572609 -0.815426
0.457936 1.568496 -0.820563
0.461240 1.576484 -0.818393
0.459002 1.578031 -0.810000
0.459109 1.584376 -0.803892
0.461858 1.581515 -0.812780
0.462487 1.588310 -0.806571
0.465253 1.584825 -0.816040
0.466036 1.592198 -0.809581
0.464844 1.580533 -0.821738
0.468395 1.587577 -0.819455
0.469636 1.595372 -0.813158
0.471536 1.591249 -0.821461
0.470260 1.604725 -0.806079
0.465835 1.600715 -0.802194
0.467760 1.615528 -0.795692
0.462505 1.609703 -0.791602
0.458041 1.604066 -0.788465
0.461662 1.596124 -0.798945
0.454252 1.598755 -0.785864
0.444575 1.604838 -0.770526
0.450946 1.593866 -0.783594
0.458007 1.591641 -0.796106
0.454684 1.587335 -0.793539
0.456285 1.580762 -0.801382
0.452000 1.583578 -0.791320
0.448024 1.589407 -0.781573
0.449783 1.580270 -0.789385
0.461078 1.572983 -0.823552
0.460922 1.570539 -0.828480
0.461104 1.568881 -0.833029
0.458260 1.565113 -0.825583
0.458330 1.562446 -0.830348
0.456130 1.560588 -0.822884
0.456420 1.557285 -0.827732
0.456839 1.554557 -0.832228
0.458302 1.560373 -0.834885
0.457070 1.552258 -0.836457
0.459614 1.549978 -0.839809
0.457337 1.547289 -0.833455
0.458574 1.558545 -0.839135
0.462310 1.566060 -0.841404
0.460957 1.556560 -0.842808
0.465435 1.554556 -0.844902
0.464891 1.564182 -0.844605
0.468889 1.562147 -0.846635
0.470246 1.572374 -0.846340
0.476892 1.581681 -0.848385
0.467978 1.573904 -0.843118
0.486353 1.592412 -0.849252
0.470462 1.552805 -0.845668
0.463884 1.548118 -0.841879
0.463388 1.543247 -0.838740
0.463276 1.539376 -0.835834
0.459575 1.545011 -0.836725
0.459947 1.541131 -0.833798
0.460196 1.538063 -0.831555
0.461492 1.567427 -0.837446
0.455619 1.540938 -0.807854
0.458282 1.539571 -0.806014
0.461490 1.538648 -0.804462
0.465075 1.538116 -0.803237
0.469002 1.537949 -0.802274
0.473144 1.538798 -0.802195
0.473447 1.534671 -0.807811
0.477096 1.540103 -0.802667
0.480642 1.541814 -0.803706
0.477467 1.535620 -0.807901
0.477828 1.532152 -0.813016
0.481332 1.537114 -0.808676
0.484065 1.543395 -0.804967
0.487400 1.545076 -0.806424
0.483322 1.549144 -0.800379
0.486487 1.550744 -0.801861
0.489883 1.552535 -0.803521
0.490663 1.547195 -0.808328
0.490147 1.560108 -0.798658
0.492947 1.554272 -0.805493
0.493956 1.549377 -0.810286
0.493545 1.562129 -0.800495
0.496014 1.555964 -0.807615
0.496987 1.552112 -0.812401
0.496981 1.564353 -0.802785
0.498435 1.557641 -0.809922
0.501270 1.561428 -0.811380
0.500412 1.566771 -0.805571
0.499462 1.555303 -0.813925
0.501586 1.555820 -0.818290
0.502757 1.561233 -0.814875
0.505213 1.563357 -0.818910
0.506844 1.571591 -0.813770
0.510554 1.582337 -0.810915
0.508975 1.573588 -0.818295
0.504101 1.569347 -0.809355
0.507447 1.579832 -0.806260
0.503360 1.576809 -0.802244
0.510059 1.592195 -0.799301
0.505379 1.588370 -0.795169
0.503986 1.601928 -0.782771
0.500319 1.584482 -0.791639
0.498093 1.596389 -0.779424
0.498886 1.573568 -0.798364
0.495057 1.580560 -0.788463
0.495156 1.570940 -0.795794
0.491944 1.590470 -0.776803
0.484485 1.597679 -0.761210
0.472518 1.599996 -0.743308
0.490444 1.605461 -0.762442
0.476598 1.607630 -0.742742
0.480482 1.617400 -0.741740
0.468353 1.593519 -0.743964
0.510439 1.575473 -0.823147
0.445601 1.568140 -0.781212
0.440369 1.572071 -0.772417
0.431237 1.574538 -0.761416
0.418431 1.574662 -0.749572
0.418475 1.578813 -0.750110
0.402846 1.576669 -0.737047
0.403036 1.580982 -0.736701
0.385755 1.572240 -0.723790
0.385784 1.576531 -0.722641
0.386382 1.581114 -0.721417
0.369271 1.570539 -0.708019
0.369984 1.575390 -0.706337
0.354645 1.563875 -0.692382
0.355078 1.568597 -0.690475
0.342934 1.557448 -0.677758
0.343126 1.561812 -0.675795
0.333383 1.551087 -0.664593
0.324622 1.544515 -0.652406
0.333582 1.547110 -0.665818
0.333395 1.555272 -0.662907
0.333462 1.559643 -0.660900
0.324265 1.548340 -0.650889
0.324063 1.552513 -0.649045
0.315358 1.541775 -0.639896
0.315741 1.538203 -0.641011
0.315164 1.545419 -0.638680
0.306729 1.536141 -0.629822
0.307220 1.532725 -0.630766
0.298176 1.530858 -0.620702
0.306336 1.539754 -0.628727
0.297524 1.534099 -0.619469
0.305823 1.543013 -0.627385
0.314592 1.549429 -0.636657
0.305025 1.546271 -0.625545
0.296747 1.536839 -0.618099
0.295820 1.539797 -0.616615
0.287673 1.530842 -0.609349
0.286559 1.533602 -0.607933
0.288706 1.528148 -0.610665
0.278584 1.524909 -0.600891
0.277431 1.527554 -0.599664
0.279796 1.522312 -0.601997
0.269887 1.519099 -0.592686
0.268694 1.521645 -0.591617
0.271059 1.516533 -0.593747
0.261299 1.513148 -0.584569
0.260099 1.515640 -0.583613
0.252878 1.507260 -0.576697
0.262527 1.510691 -0.585445
0.254083 1.504921 -0.577537
0.263850 1.508255 -0.586229
0.272303 1.513990 -0.594681
0.255367 1.502577 -0.578251
0.265011 1.505880 -0.586997
0.266392 1.503405 -0.587529
0.256707 1.500309 -0.578805
0.273502 1.511537 -0.595469
0.274919 1.508976 -0.596027
0.282095 1.517048 -0.604004
0.283402 1.514333 -0.604526
0.280893 1.519824 -0.603115
0.290509 1.522410 -0.612643
0.298804 1.527650 -0.621499
0.289603 1.525524 -0.611711
0.291482 1.519489 -0.613377
0.292752 1.516575 -0.613857
0.299550 1.524466 -0.622201
0.300906 1.521409 -0.622579
0.308048 1.529465 -0.631479
0.316611 1.534766 -0.641886
0.308875 1.526231 -0.632226
0.317590 1.531403 -0.642590
0.310709 1.523269 -0.632370
0.319543 1.528298 -0.642699
0.302544 1.518578 -0.622792
0.313201 1.520658 -0.632042
0.321953 1.525576 -0.642466
0.316592 1.518961 -0.630875
0.305353 1.516152 -0.622189
0.297156 1.511538 -0.613471
0.308408 1.514146 -0.621450
0.311727 1.513272 -0.619904
0.300412 1.510267 -0.612189
0.291935 1.505384 -0.603889
0.303444 1.508918 -0.611114
0.295089 1.504221 -0.602640
0.306546 1.509015 -0.609315
0.298363 1.503947 -0.600905
0.315052 1.513172 -0.618055
0.309654 1.509221 -0.607341
0.318141 1.513786 -0.615993
0.300934 1.504746 -0.598994
0.312087 1.510566 -0.605269
0.303082 1.506120 -0.597032
0.320848 1.515021 -0.613850
0.314125 1.512210 -0.603199
0.304861 1.507779 -0.595114
0.323074 1.516712 -0.611697
0.315463 1.514369 -0.601256
0.305768 1.509991 -0.593307
0.316376 1.516745 -0.599380
0.324437 1.519013 -0.609684
0.325353 1.521544 -0.607789
0.333162 1.523792 -0.618633
0.334467 1.526418 -0.616495
0.331716 1.521355 -0.620785
0.342465 1.528843 -0.628304
0.343902 1.531570 -0.625969
0.340749 1.526499 -0.630687
0.352756 1.534068 -0.638653
0.354009 1.536994 -0.636093
0.363199 1.540434 -0.650376
0.354931 1.540292 -0.633586
0.344818 1.534649 -0.623744
0.334985 1.529392 -0.614582
0.345072 1.538083 -0.621631
0.335222 1.532475 -0.612682
0.334990 1.535700 -0.610907
0.325820 1.527138 -0.604214
0.325563 1.530151 -0.602551
0.316663 1.522090 -0.596057
0.325720 1.524309 -0.605987
0.316671 1.519352 -0.597697
0.307388 1.514535 -0.589764
0.306652 1.512237 -0.591521
0.307258 1.517164 -0.588236
0.298245 1.509382 -0.581788
0.297742 1.507046 -0.583430
0.288728 1.504200 -0.574003
0.288431 1.501866 -0.575503
0.279803 1.498732 -0.566166
0.279280 1.496535 -0.567654
0.271256 1.493294 -0.558404
0.271199 1.491055 -0.559693
0.263388 1.488005 -0.551065
0.255638 1.482656 -0.543895
0.263112 1.485923 -0.552503
0.263244 1.490190 -0.549818
0.255702 1.484724 -0.542610
0.247330 1.479560 -0.535737
0.247007 1.477601 -0.537072
0.239384 1.474406 -0.528657
0.239163 1.472363 -0.529936
0.231934 1.469120 -0.521379
0.231377 1.467193 -0.522684
0.223990 1.464202 -0.513811
0.223822 1.462024 -0.515000
0.224143 1.466371 -0.512670
0.216379 1.459826 -0.506545
0.216414 1.462039 -0.505421
0.208290 1.456310 -0.499221
0.215951 1.457551 -0.507941
0.207856 1.454296 -0.500316
0.214803 1.455758 -0.509358
0.223069 1.460048 -0.516479
0.213365 1.453895 -0.510939
0.206504 1.452653 -0.501531
0.205105 1.450983 -0.502727
0.200371 1.449933 -0.494393
0.194069 1.448908 -0.489838
0.201169 1.451724 -0.493234
0.198950 1.448165 -0.495596
0.192766 1.447942 -0.491139
0.197087 1.447142 -0.496927
0.191099 1.447108 -0.492704
0.194886 1.446563 -0.498448
0.203666 1.449513 -0.503855
0.201507 1.448496 -0.505196
0.211820 1.452503 -0.512050
0.220648 1.456438 -0.519615
0.209648 1.451428 -0.513487
0.218620 1.455324 -0.521224
0.207399 1.450566 -0.514950
0.204906 1.450438 -0.516389
0.216496 1.454465 -0.522856
0.199254 1.447603 -0.506456
0.196754 1.447274 -0.507721
0.192614 1.446241 -0.499864
0.190296 1.446073 -0.501268
0.187599 1.446528 -0.495808
0.189417 1.446694 -0.494343
0.185541 1.446410 -0.497263
0.183887 1.447930 -0.493044
0.182320 1.447951 -0.494622
0.185342 1.448006 -0.491608
0.182490 1.449332 -0.491497
0.181717 1.450569 -0.490074
0.180999 1.449528 -0.493098
0.184292 1.449225 -0.490087
0.187079 1.448741 -0.489240
0.184343 1.450441 -0.489088
0.184429 1.451618 -0.488106
0.187664 1.449642 -0.488194
0.188533 1.450918 -0.487460
0.194841 1.450416 -0.488757
0.189122 1.452479 -0.487032
0.195106 1.452256 -0.488182
0.189177 1.454023 -0.486333
0.184458 1.452943 -0.487245
0.184751 1.454535 -0.486815
0.181704 1.453458 -0.488407
0.181692 1.451981 -0.489164
0.181780 1.455027 -0.487832
0.179116 1.453962 -0.489633
0.179065 1.455471 -0.488817
0.179333 1.452489 -0.490534
0.177293 1.454702 -0.491249
0.177267 1.456253 -0.490425
0.177519 1.453189 -0.492174
0.175699 1.455575 -0.493057
0.175703 1.457126 -0.492216
0.173879 1.456665 -0.495081
0.175716 1.453975 -0.493894
0.176464 1.452378 -0.495092
0.174189 1.455144 -0.496062
0.172731 1.456451 -0.498357
0.174922 1.453555 -0.497185
0.173424 1.454852 -0.499397
0.175911 1.451810 -0.498480
0.177578 1.450766 -0.496525
0.177105 1.450043 -0.499904
0.174381 1.453136 -0.500618
0.173064 1.454731 -0.503088
0.175806 1.451403 -0.502006
0.177750 1.449768 -0.503696
0.174395 1.452948 -0.504216
0.176066 1.451366 -0.505433
0.173492 1.455062 -0.507475
0.174999 1.453326 -0.507866
0.172509 1.457038 -0.506855
0.174682 1.458278 -0.513214
0.176002 1.456176 -0.512776
0.182242 1.463683 -0.522287
0.173634 1.460491 -0.512958
0.172935 1.462730 -0.512465
0.181139 1.465981 -0.521677
0.180139 1.468310 -0.521078
0.191357 1.471387 -0.528800
0.192413 1.469172 -0.529521
0.190438 1.473591 -0.528028
0.201626 1.476786 -0.535158
0.202727 1.474707 -0.535824
0.200575 1.478888 -0.534442
0.211233 1.482273 -0.541497
0.212393 1.480195 -0.542091
0.219886 1.487615 -0.547882
0.210084 1.484374 -0.540869
0.218694 1.489741 -0.547231
0.209054 1.486456 -0.540135
0.199536 1.480994 -0.533729
0.208168 1.488500 -0.539288
0.217611 1.491876 -0.546523
0.225657 1.497220 -0.552973
0.216605 1.494019 -0.545773
0.215502 1.496196 -0.544953
0.224610 1.499383 -0.552151
0.232384 1.504874 -0.558877
0.223526 1.501606 -0.551303
0.222572 1.503726 -0.550421
0.231310 1.507060 -0.558045
0.230355 1.509208 -0.557140
0.239255 1.512876 -0.564962
0.240226 1.510657 -0.565886
0.247148 1.519020 -0.572270
0.238426 1.515046 -0.563973
0.237596 1.517163 -0.563015
0.246063 1.521277 -0.571349
0.254207 1.527664 -0.578719
0.245198 1.523429 -0.570182
0.253139 1.529870 -0.577644
0.244306 1.525578 -0.569038
0.237169 1.519165 -0.561783
0.243572 1.527631 -0.567810
0.252241 1.532004 -0.576399
0.251601 1.534040 -0.574903
0.260483 1.538317 -0.583526
0.261447 1.536255 -0.584938
0.268582 1.545036 -0.590835
0.259496 1.540468 -0.582088
0.267608 1.547137 -0.589116
0.259420 1.542344 -0.580289
0.266946 1.549140 -0.587296
0.251185 1.536024 -0.573340
0.259502 1.544172 -0.578414
0.251791 1.537637 -0.571493
0.266238 1.551222 -0.585536
0.259832 1.545899 -0.576583
0.261846 1.546637 -0.574566
0.266881 1.552826 -0.583442
0.252405 1.539265 -0.569641
0.254126 1.540302 -0.567692
0.245250 1.532590 -0.562695
0.238332 1.525893 -0.555745
0.244015 1.531240 -0.564495
0.247009 1.533692 -0.560737
0.249483 1.533646 -0.559323
0.239521 1.527242 -0.553790
0.232009 1.521110 -0.547213
0.241847 1.527431 -0.552307
0.234488 1.521075 -0.545669
0.244626 1.527324 -0.550813
0.252069 1.533597 -0.557842
0.237123 1.520871 -0.544289
0.229600 1.514891 -0.537519
0.226926 1.515253 -0.538816
0.222100 1.508769 -0.531102
0.220004 1.508544 -0.532456
0.214273 1.502956 -0.524630
0.216906 1.502426 -0.523475
0.211868 1.503312 -0.525833
0.206610 1.497384 -0.518163
0.209092 1.496965 -0.516955
0.203910 1.497830 -0.519463
0.198920 1.492134 -0.511324
0.201513 1.491586 -0.510265
0.196451 1.492142 -0.512685
0.191529 1.486594 -0.504282
0.193964 1.486398 -0.503125
0.185301 1.480249 -0.497099
0.189269 1.486560 -0.505527
0.183153 1.480172 -0.498222
0.186995 1.486230 -0.506921
0.181097 1.479647 -0.499583
0.185162 1.485485 -0.508389
0.194467 1.491679 -0.514166
0.201738 1.497705 -0.520850
0.192808 1.490955 -0.515729
0.191358 1.489955 -0.517336
0.200396 1.496646 -0.522579
0.199124 1.495576 -0.524287
0.208161 1.501967 -0.529135
0.206850 1.500958 -0.530738
0.215966 1.507696 -0.535612
0.210005 1.502614 -0.527497
0.217893 1.508192 -0.534050
0.224728 1.514863 -0.540535
0.223027 1.514128 -0.542173
0.221810 1.512861 -0.543930
0.230294 1.520358 -0.548942
0.229181 1.518880 -0.550732
0.228717 1.517235 -0.552327
0.237242 1.524598 -0.557466
0.236551 1.523102 -0.559031
0.236859 1.521123 -0.560409
0.243456 1.529586 -0.566250
0.228654 1.515391 -0.553772
0.221279 1.509627 -0.546957
0.229005 1.513319 -0.555061
0.229499 1.511315 -0.556189
0.221563 1.507722 -0.548208
0.221972 1.505737 -0.549358
0.213590 1.501981 -0.541607
0.214084 1.500106 -0.542783
0.205392 1.496241 -0.535254
0.213607 1.503647 -0.540260
0.205422 1.497969 -0.533911
0.213680 1.505302 -0.538895
0.206071 1.499478 -0.532330
0.214805 1.506550 -0.537233
0.221534 1.511258 -0.545442
0.198254 1.494229 -0.525726
0.197696 1.492498 -0.527217
0.190044 1.488903 -0.518859
0.182376 1.483179 -0.511359
0.189285 1.487399 -0.520264
0.188514 1.485814 -0.521696
0.180995 1.482018 -0.512802
0.180128 1.480428 -0.514146
0.174300 1.476006 -0.505170
0.172318 1.470711 -0.499302
0.175592 1.477395 -0.503719
0.173430 1.474429 -0.506418
0.171788 1.469239 -0.500456
0.172792 1.472807 -0.507648
0.171285 1.467863 -0.501622
0.179592 1.478617 -0.515505
0.172538 1.470940 -0.508678
0.170787 1.466406 -0.502778
0.172312 1.469030 -0.509804
0.179129 1.476837 -0.516820
0.188288 1.482007 -0.524156
0.178909 1.474857 -0.518050
0.188274 1.480062 -0.525385
0.179174 1.472721 -0.519147
0.188877 1.477955 -0.526306
0.179653 1.470516 -0.520104
0.172292 1.467042 -0.510959
0.172602 1.464940 -0.511785
0.170851 1.462826 -0.504752
0.170785 1.464657 -0.503869
0.170947 1.460899 -0.505500
0.171434 1.459942 -0.500376
0.172196 1.458067 -0.497444
0.171852 1.458228 -0.501245
0.171019 1.461623 -0.499522
0.172259 1.459728 -0.496632
0.171271 1.463212 -0.498563
0.171602 1.464540 -0.497434
0.172572 1.461323 -0.495824
0.172899 1.462703 -0.494835
0.174054 1.459651 -0.493230
0.174153 1.461077 -0.492326
0.175709 1.458662 -0.491381
0.173956 1.458180 -0.494159
0.177245 1.457821 -0.489675
0.175742 1.460220 -0.490621
0.176241 1.461807 -0.490140
0.177265 1.459409 -0.488990
0.177597 1.461064 -0.488509
0.179445 1.458778 -0.487852
0.179845 1.460466 -0.487495
0.182046 1.458282 -0.486996
0.179250 1.457134 -0.488338
0.181916 1.456649 -0.487415
0.184989 1.456150 -0.486409
0.185157 1.457805 -0.486021
0.189051 1.455766 -0.485938
0.188914 1.457609 -0.485792
0.194907 1.455919 -0.486614
0.201854 1.457417 -0.490224
0.195163 1.454013 -0.487353
0.194208 1.457821 -0.486498
0.193315 1.459626 -0.486313
0.201159 1.459345 -0.489645
0.208545 1.462545 -0.496156
0.200058 1.461204 -0.489054
0.207628 1.464614 -0.495413
0.198890 1.462897 -0.488440
0.206661 1.466691 -0.494686
0.191932 1.461168 -0.486081
0.197568 1.464329 -0.487746
0.205524 1.468657 -0.494099
0.195323 1.465501 -0.487377
0.190719 1.462812 -0.486043
0.187667 1.462895 -0.485647
0.189837 1.464486 -0.486106
0.189354 1.466336 -0.486281
0.187315 1.464733 -0.485968
0.185382 1.465228 -0.486397
0.187465 1.466795 -0.486677
0.189492 1.470457 -0.487584
0.185792 1.467330 -0.487072
0.188147 1.472004 -0.488195
0.183988 1.467851 -0.487468
0.186475 1.472716 -0.488966
0.183510 1.465700 -0.487087
0.182327 1.468350 -0.488085
0.184741 1.473222 -0.489841
0.181602 1.466082 -0.487753
0.181035 1.468648 -0.488922
0.180073 1.466386 -0.488565
0.183025 1.473765 -0.490627
0.179694 1.468875 -0.489774
0.181213 1.474066 -0.491662
0.178755 1.466630 -0.489407
0.178321 1.469079 -0.490640
0.179324 1.474226 -0.492667
0.177424 1.466890 -0.490264
0.176980 1.469326 -0.491495
0.176135 1.467362 -0.491470
0.175758 1.470178 -0.492911
0.177521 1.473998 -0.493787
0.175708 1.473579 -0.495131
0.174345 1.472675 -0.496684
0.179024 1.479249 -0.500870
0.177241 1.478364 -0.502340
0.183646 1.484424 -0.509887
0.173317 1.471766 -0.498076
0.174861 1.468671 -0.493310
0.173752 1.467747 -0.494205
0.172668 1.466995 -0.495210
0.175319 1.466053 -0.492079
0.176540 1.465332 -0.490578
0.174371 1.464933 -0.492857
0.175741 1.463945 -0.491151
0.173344 1.463911 -0.493736
0.174912 1.462592 -0.491765
0.171946 1.465821 -0.496285
0.176941 1.463324 -0.489693
0.178348 1.462719 -0.488274
0.177657 1.464819 -0.489241
0.179068 1.464529 -0.488310
0.181025 1.464164 -0.487631
0.183114 1.463761 -0.486912
0.180500 1.462259 -0.487495
0.182687 1.461825 -0.486742
0.185024 1.461398 -0.485972
0.182214 1.459971 -0.486614
0.185230 1.459622 -0.486153
0.188819 1.459479 -0.485941
0.188188 1.461186 -0.485801
0.185168 1.463302 -0.486164
0.187645 1.479964 -0.496112
0.189946 1.479614 -0.495309
0.192238 1.478968 -0.494767
0.196579 1.485780 -0.502205
0.199168 1.484708 -0.501678
0.204033 1.490823 -0.509388
0.206590 1.489850 -0.508623
0.211600 1.496060 -0.516127
0.214110 1.494816 -0.515569
0.216600 1.493574 -0.515010
0.209004 1.488454 -0.508216
0.201448 1.483369 -0.501314
0.211367 1.487104 -0.507816
0.213451 1.485394 -0.507788
0.203726 1.482042 -0.500960
0.196554 1.476912 -0.493952
0.205949 1.480609 -0.500680
0.207799 1.478792 -0.500787
0.198626 1.475800 -0.493600
0.200875 1.474193 -0.493551
0.190685 1.469084 -0.487216
0.193802 1.469447 -0.488007
0.193226 1.466742 -0.487122
0.202542 1.472393 -0.493599
0.209580 1.477016 -0.500887
0.204186 1.470649 -0.493666
0.211334 1.475201 -0.501008
0.212721 1.473177 -0.501414
0.215380 1.483600 -0.507870
0.194454 1.478039 -0.494321
0.208815 1.460485 -0.497058
0.216262 1.464279 -0.504345
0.208548 1.458381 -0.498142
0.202065 1.455382 -0.491171
0.201812 1.453398 -0.492216
0.172242 1.456530 -0.502167
0.171488 1.458908 -0.506157
0.189620 1.475771 -0.527193
0.198763 1.483064 -0.532833
0.198029 1.485026 -0.531974
0.197551 1.486996 -0.530945
0.207241 1.490495 -0.538466
0.206459 1.492437 -0.537527
0.214861 1.498178 -0.543842
0.205836 1.494349 -0.536429
0.197221 1.488969 -0.529830
0.188273 1.483948 -0.522989
0.197099 1.490873 -0.528637
0.259718 1.540042 -0.564629
0.262734 1.538945 -0.563835
0.256371 1.540891 -0.565718
0.267216 1.546628 -0.571365
0.264079 1.547228 -0.572716
0.271487 1.554086 -0.579248
0.268706 1.553854 -0.581173
0.275726 1.561196 -0.587656
0.274309 1.559952 -0.590141
0.282560 1.569107 -0.594120
0.291051 1.576501 -0.600923
0.281091 1.567770 -0.596854
0.281328 1.565715 -0.599235
0.289289 1.575317 -0.603677
0.296714 1.584085 -0.610358
0.289428 1.573574 -0.606190
0.290460 1.571453 -0.608552
0.297511 1.582091 -0.613010
0.298543 1.580046 -0.615691
0.304307 1.591661 -0.619988
0.306246 1.589417 -0.622666
0.311381 1.601932 -0.626393
0.303558 1.593614 -0.616902
0.310263 1.603962 -0.623142
0.304175 1.595085 -0.613733
0.297825 1.585372 -0.607512
0.310803 1.605560 -0.619703
0.306980 1.595533 -0.610818
0.300490 1.585812 -0.604923
0.314190 1.605889 -0.616587
0.321802 1.617235 -0.622412
0.318246 1.617026 -0.625225
0.329619 1.631267 -0.627891
0.326067 1.631009 -0.631014
0.339651 1.648425 -0.635171
0.334777 1.630044 -0.626890
0.344976 1.647494 -0.633570
0.355278 1.666740 -0.641011
0.350434 1.645701 -0.633511
0.361130 1.665044 -0.640759
0.370963 1.684657 -0.649375
0.366918 1.663011 -0.641352
0.376833 1.682751 -0.650156
0.386940 1.704493 -0.659700
0.382830 1.680690 -0.651394
0.393008 1.702645 -0.661034
0.388854 1.678347 -0.653094
0.399206 1.700415 -0.662664
0.409620 1.723627 -0.671314
0.403394 1.725671 -0.669655
0.419582 1.746712 -0.679105
0.416079 1.721281 -0.673484
0.425915 1.744488 -0.681309
0.435652 1.768032 -0.689268
0.432477 1.741972 -0.684062
0.441973 1.765597 -0.692119
0.452036 1.789209 -0.700913
0.448682 1.762979 -0.695566
0.458558 1.786521 -0.704377
0.467898 1.809077 -0.713433
0.465063 1.783305 -0.708389
0.474442 1.805874 -0.717633
0.472225 1.779399 -0.713760
0.481920 1.802058 -0.722926
0.492639 1.796519 -0.731016
0.490159 1.824391 -0.730962
0.482722 1.827749 -0.725914
0.495851 1.846576 -0.737042
0.499421 1.820662 -0.737689
0.508866 1.818521 -0.744898
0.503522 1.844191 -0.742377
0.505976 1.866476 -0.745727
0.510879 1.842870 -0.747770
0.512515 1.865529 -0.750250
0.517900 1.842185 -0.753132
0.518947 1.865025 -0.754890
0.517059 1.817870 -0.751398
0.524286 1.841774 -0.758214
0.525054 1.864776 -0.759476
0.530159 1.841554 -0.763115
0.523692 1.817677 -0.756906
0.529678 1.817596 -0.762081
0.535104 1.817612 -0.767090
0.535088 1.792914 -0.766610
0.535450 1.841434 -0.767847
0.539733 1.817601 -0.771809
0.540084 1.841406 -0.772403
0.543465 1.817641 -0.776224
0.543945 1.841429 -0.776745
0.546532 1.817828 -0.780529
0.547034 1.841505 -0.780910
0.548868 1.818040 -0.784714
0.549397 1.841687 -0.785048
0.549773 1.864869 -0.784824
0.550783 1.841896 -0.789082
0.551139 1.865151 -0.788818
0.550965 1.887527 -0.787712
0.551469 1.865448 -0.792767
0.550664 1.865709 -0.796533
0.551222 1.887910 -0.791544
0.550511 1.909150 -0.789727
0.550415 1.888295 -0.795226
0.549669 1.909524 -0.793233
0.548498 1.888638 -0.798645
0.548894 1.866053 -0.800124
0.547682 1.909871 -0.796464
0.545576 1.888965 -0.801670
0.544636 1.910152 -0.799262
0.541740 1.889199 -0.804136
0.546003 1.866321 -0.803245
0.540781 1.910385 -0.801560
0.540193 1.931166 -0.799267
0.536267 1.910571 -0.803297
0.535694 1.931399 -0.800915
0.535390 1.951993 -0.798763
0.530729 1.931592 -0.802027
0.530420 1.952251 -0.799806
0.525419 1.931726 -0.802540
0.525120 1.952466 -0.800364
0.519599 1.952592 -0.800372
0.525214 1.972768 -0.798231
0.530495 1.972503 -0.797754
0.526084 1.992195 -0.796441
0.519710 1.972962 -0.798285
0.520691 1.992364 -0.796431
0.522691 2.010453 -0.795294
0.515109 1.992451 -0.795980
0.517290 2.010563 -0.794901
0.520025 2.027462 -0.793887
0.511797 2.010611 -0.794007
0.514668 2.027600 -0.793164
0.517514 2.044086 -0.791877
0.509314 2.027657 -0.791836
0.504167 2.027578 -0.789718
0.512142 2.044246 -0.790742
0.514775 2.060937 -0.789094
0.506917 2.044264 -0.788797
0.502077 2.044127 -0.786036
0.509523 2.061068 -0.787240
0.512247 2.078329 -0.785467
0.504624 2.061030 -0.784654
0.507378 2.078366 -0.782964
0.500277 2.060826 -0.781425
0.503003 2.078256 -0.779934
0.496354 2.060552 -0.777860
0.497769 2.043856 -0.782683
0.495328 2.027097 -0.783454
0.493900 2.043511 -0.778979
0.491618 2.026728 -0.779756
0.490280 2.043165 -0.775156
0.492721 2.060318 -0.774194
0.488081 2.026353 -0.775942
0.486797 2.042877 -0.771358
0.483371 2.042622 -0.767610
0.489251 2.060159 -0.770518
0.484605 2.026030 -0.772110
0.481168 2.025757 -0.768303
0.482628 2.009030 -0.772835
0.480810 1.991159 -0.773635
0.486027 2.009274 -0.776583
0.479214 2.008844 -0.769077
0.475813 2.008710 -0.765340
0.477422 1.991140 -0.769992
0.475581 1.972071 -0.770913
0.474040 1.991147 -0.766367
0.472069 1.972199 -0.767304
0.470695 1.991188 -0.762781
0.472485 2.008605 -0.761693
0.467488 1.991340 -0.759301
0.468646 1.972408 -0.763767
0.465299 1.972618 -0.760265
0.465794 1.952182 -0.763999
0.462129 1.952390 -0.760343
0.469548 1.952020 -0.767695
0.462264 1.932320 -0.763246
0.466503 1.931906 -0.767290
0.458689 1.913088 -0.761989
0.458274 1.932796 -0.759348
0.454695 1.933283 -0.755687
0.454524 1.914105 -0.757861
0.450865 1.915071 -0.754017
0.450697 1.894789 -0.755664
0.446610 1.874020 -0.752088
0.455103 1.893132 -0.760031
0.446829 1.896214 -0.751697
0.442441 1.875764 -0.747945
0.443455 1.897477 -0.747988
0.440484 1.898745 -0.744506
0.447724 1.915923 -0.750393
0.438720 1.877379 -0.744106
0.433608 1.856308 -0.738773
0.435526 1.878825 -0.740488
0.432948 1.879899 -0.736897
0.430210 1.857974 -0.735227
0.427494 1.859700 -0.731757
0.424868 1.837847 -0.729289
0.421692 1.839781 -0.726048
0.418641 1.816806 -0.722216
0.428558 1.835934 -0.732741
0.422717 1.814556 -0.725570
0.432802 1.833829 -0.736613
0.437659 1.854596 -0.742737
0.437390 1.831319 -0.740842
0.427329 1.812286 -0.729381
0.432235 1.809525 -0.733496
0.420370 1.788412 -0.721057
0.415388 1.791220 -0.717477
0.412285 1.763665 -0.713329
0.425768 1.785704 -0.725067
0.431376 1.782714 -0.729523
0.417816 1.760864 -0.717190
0.424251 1.757799 -0.721882
0.410014 1.736554 -0.710176
0.404304 1.739275 -0.706204
0.401444 1.711657 -0.702976
0.416693 1.733368 -0.715014
0.425264 1.729131 -0.721890
0.408180 1.708192 -0.707988
0.398832 1.682260 -0.700957
0.392176 1.686356 -0.695484
0.388946 1.656937 -0.694652
0.382664 1.661370 -0.688599
0.379948 1.634608 -0.690615
0.391633 1.630786 -0.703678
0.373975 1.616897 -0.689986
0.373533 1.638767 -0.683330
0.368625 1.643115 -0.678152
0.365150 1.619357 -0.679726
0.358171 1.603616 -0.676877
0.360226 1.624596 -0.673445
0.352057 1.608697 -0.668357
0.355928 1.628403 -0.668409
0.347282 1.611946 -0.662467
0.351569 1.631733 -0.663912
0.364263 1.646919 -0.673816
0.359819 1.650454 -0.669791
0.372797 1.668567 -0.680185
0.381732 1.692556 -0.687684
0.368291 1.672005 -0.676592
0.377534 1.665046 -0.684114
0.386793 1.689610 -0.691398
0.395823 1.714583 -0.698955
0.390611 1.717257 -0.695316
0.398944 1.741949 -0.702554
0.385718 1.719777 -0.691913
0.381190 1.722120 -0.688722
0.394015 1.744402 -0.699205
0.376921 1.695286 -0.684189
0.372524 1.697845 -0.680892
0.364063 1.675050 -0.673172
0.368551 1.700135 -0.677673
0.360200 1.677727 -0.669960
0.365056 1.702391 -0.674502
0.377132 1.724306 -0.685543
0.373752 1.726521 -0.682278
0.385533 1.748850 -0.692920
0.393630 1.773174 -0.700174
0.382149 1.750882 -0.689612
0.389514 1.746652 -0.696046
0.397647 1.771102 -0.703251
0.406690 1.795728 -0.711080
0.402164 1.768871 -0.706395
0.410865 1.793568 -0.714196
0.407099 1.766536 -0.709781
0.415029 1.818838 -0.719023
0.402972 1.797641 -0.707932
0.399882 1.799562 -0.704820
0.412048 1.820751 -0.715912
0.419332 1.841704 -0.722731
0.409777 1.822575 -0.712542
0.408701 1.824229 -0.708891
0.417813 1.843374 -0.719251
0.417473 1.844844 -0.715609
0.423794 1.862828 -0.724838
0.423646 1.864087 -0.721153
0.430118 1.882202 -0.729759
0.425024 1.861282 -0.728375
0.430980 1.881155 -0.733378
0.436737 1.900451 -0.737476
0.441753 1.917821 -0.740211
0.435689 1.901176 -0.733970
0.438319 1.899537 -0.740986
0.443277 1.917385 -0.743578
0.446949 1.934319 -0.745354
0.445242 1.916587 -0.746945
0.448974 1.934065 -0.748754
0.451524 1.933739 -0.752137
0.452862 1.952981 -0.750091
0.450570 1.953155 -0.746821
0.456632 1.973382 -0.750410
0.455566 1.952802 -0.753389
0.459167 1.973138 -0.753592
0.458681 1.952608 -0.756823
0.462095 1.972868 -0.756847
0.464477 1.991508 -0.755975
0.466329 2.008564 -0.754852
0.461704 1.991702 -0.752809
0.459226 1.991942 -0.749738
0.463633 2.008610 -0.751720
0.461176 2.008679 -0.748656
0.465298 2.024953 -0.750633
0.462776 2.024893 -0.747550
0.468141 2.025079 -0.753886
0.467277 2.041681 -0.749883
0.469617 2.059226 -0.749315
0.464549 2.041427 -0.746670
0.470172 2.041792 -0.753167
0.472617 2.059342 -0.752666
0.473312 2.041950 -0.756626
0.475823 2.059524 -0.756125
0.471163 2.025185 -0.757259
0.476611 2.042183 -0.760218
0.479115 2.059690 -0.759656
0.474388 2.025332 -0.760822
0.479976 2.042402 -0.763889
0.482459 2.059853 -0.763243
0.477753 2.025529 -0.764530
0.485844 2.060024 -0.766865
0.485158 2.077870 -0.762502
0.481845 2.077830 -0.759020
0.488507 2.077892 -0.766020
0.488017 2.095895 -0.761726
0.491338 2.095778 -0.765135
0.484752 2.096060 -0.758340
0.491030 2.113472 -0.761000
0.494298 2.113270 -0.764293
0.494216 2.130344 -0.760411
0.487866 2.113713 -0.757725
0.491143 2.130645 -0.757230
0.484808 2.114017 -0.754477
0.481597 2.096198 -0.755002
0.488238 2.130956 -0.754093
0.481949 2.114243 -0.751301
0.479344 2.114429 -0.748190
0.478597 2.096292 -0.751722
0.485511 2.131332 -0.751003
0.489291 2.147449 -0.750892
0.483083 2.131610 -0.748008
0.487010 2.147849 -0.747990
0.480971 2.131867 -0.745061
0.479302 2.132005 -0.742148
0.485081 2.148142 -0.745168
0.477095 2.114516 -0.745138
0.475155 2.114725 -0.742079
0.473366 2.096393 -0.745336
0.471292 2.096402 -0.742193
0.475862 2.096322 -0.748513
0.469998 2.077691 -0.745666
0.472572 2.077755 -0.748893
0.466969 2.059132 -0.746089
0.467719 2.077561 -0.742458
0.465933 2.077391 -0.739263
0.464546 2.058857 -0.742879
0.462732 2.058637 -0.739706
0.462269 2.041266 -0.743571
0.460599 2.024794 -0.744555
0.460515 2.041071 -0.740470
0.459356 2.040810 -0.737347
0.458899 2.024621 -0.741554
0.457922 2.024494 -0.738541
0.457525 2.008751 -0.742757
0.455473 1.992299 -0.743669
0.459087 2.008742 -0.745694
0.456485 2.008648 -0.739745
0.454422 1.992372 -0.740592
0.456175 2.008539 -0.736718
0.457204 2.008338 -0.733845
0.457790 2.024271 -0.735523
0.454046 1.992348 -0.737467
0.454977 1.992221 -0.734459
0.451369 1.973884 -0.737522
0.452168 1.973890 -0.734417
0.447688 1.953394 -0.736821
0.451731 1.973905 -0.740787
0.448067 1.953369 -0.740119
0.452745 1.973819 -0.744025
0.454488 1.973616 -0.747251
0.448923 1.953289 -0.743487
0.445487 1.934631 -0.742053
0.444756 1.934863 -0.738730
0.444661 1.935192 -0.735454
0.441256 1.918313 -0.736753
0.441282 1.918739 -0.733386
0.435603 1.901901 -0.730264
0.443362 1.918701 -0.730316
0.445537 1.918891 -0.727449
0.445689 1.935148 -0.732195
0.437033 1.902297 -0.726795
0.431625 1.883736 -0.722765
0.440739 1.902218 -0.724154
0.445456 1.901831 -0.722405
0.435419 1.883667 -0.720210
0.428250 1.865390 -0.714456
0.439865 1.883429 -0.718346
0.444911 1.882655 -0.717877
0.433014 1.865017 -0.712385
0.438402 1.864081 -0.711903
0.425747 1.846130 -0.706863
0.420928 1.846503 -0.708847
0.416521 1.825848 -0.699633
0.431032 1.845217 -0.706078
0.421932 1.824855 -0.698865
0.436409 1.844041 -0.706238
0.427519 1.823664 -0.698679
0.443679 1.862878 -0.712385
0.441561 1.842562 -0.707237
0.446720 1.841142 -0.708626
0.432943 1.822226 -0.699534
0.448808 1.861558 -0.713456
0.455144 1.880697 -0.719131
0.453933 1.860138 -0.714852
0.459229 1.858803 -0.716704
0.460229 1.879551 -0.720536
0.464901 1.898281 -0.725334
0.465235 1.878268 -0.722413
0.469575 1.897109 -0.727157
0.470424 1.877090 -0.724845
0.474294 1.895794 -0.729314
0.475728 1.875528 -0.727410
0.464756 1.857427 -0.719042
0.470411 1.855681 -0.721688
0.457532 1.837557 -0.712390
0.463564 1.835738 -0.715074
0.449281 1.816359 -0.704473
0.451985 1.839564 -0.710308
0.443774 1.818621 -0.702386
0.434028 1.795898 -0.693563
0.438336 1.820609 -0.700788
0.428343 1.797845 -0.691954
0.417556 1.773841 -0.683602
0.422613 1.799644 -0.690697
0.416842 1.801219 -0.689732
0.411700 1.775507 -0.682366
0.401541 1.752076 -0.674864
0.405823 1.777057 -0.681589
0.395621 1.753561 -0.674250
0.399810 1.778377 -0.681594
0.410928 1.802581 -0.689706
0.393775 1.779449 -0.682385
0.389698 1.754837 -0.674321
0.384180 1.755704 -0.675363
0.379709 1.731587 -0.667104
0.369269 1.708435 -0.658961
0.374468 1.732147 -0.668488
0.385465 1.730454 -0.666891
0.391370 1.729108 -0.667433
0.374968 1.707369 -0.658461
0.380911 1.706055 -0.658790
0.365034 1.686241 -0.649335
0.359209 1.687312 -0.650303
0.354564 1.687397 -0.652853
0.349666 1.667735 -0.642377
0.345874 1.667449 -0.645501
0.343594 1.666458 -0.649101
0.335785 1.648303 -0.638139
0.333942 1.647275 -0.641716
0.334997 1.645399 -0.645524
0.325280 1.629634 -0.634798
0.326337 1.627547 -0.638374
0.317477 1.615545 -0.628892
0.318744 1.613400 -0.632263
0.320828 1.611138 -0.635507
0.328459 1.625307 -0.641833
0.323530 1.608703 -0.638742
0.313512 1.599524 -0.629340
0.316098 1.596979 -0.632295
0.318946 1.594386 -0.635143
0.308330 1.587028 -0.625357
0.310879 1.584460 -0.627789
0.300337 1.577801 -0.617967
0.291996 1.569229 -0.610693
0.302452 1.575377 -0.620149
0.304770 1.572798 -0.622215
0.293951 1.566859 -0.612634
0.296067 1.564368 -0.614522
0.285324 1.559072 -0.605245
0.287231 1.556627 -0.607009
0.276663 1.551889 -0.597988
0.283736 1.561355 -0.603314
0.282221 1.563565 -0.601459
0.275204 1.554165 -0.596274
0.274130 1.556316 -0.594486
0.273634 1.558329 -0.592405
0.278287 1.549501 -0.599570
0.280013 1.547035 -0.601066
0.269859 1.542823 -0.592229
0.271153 1.540365 -0.593572
0.272414 1.538015 -0.594702
0.262627 1.534063 -0.586134
0.263833 1.531699 -0.587218
0.265028 1.529306 -0.588288
0.255334 1.525364 -0.579782
0.256517 1.523021 -0.580735
0.248206 1.516724 -0.573179
0.257706 1.520605 -0.581692
0.258898 1.518135 -0.582649
0.249341 1.514378 -0.574057
0.266267 1.526777 -0.589384
0.275008 1.532868 -0.597128
0.267501 1.524244 -0.590475
0.276264 1.530250 -0.598353
0.285405 1.536382 -0.606528
0.284178 1.539131 -0.605126
0.294784 1.542776 -0.615005
0.304136 1.549479 -0.623702
0.293668 1.545700 -0.613399
0.292280 1.548611 -0.611815
0.303084 1.552676 -0.621851
0.301786 1.555854 -0.620034
0.312204 1.560165 -0.630620
0.321636 1.568310 -0.639996
0.311007 1.563624 -0.628563
0.313143 1.556566 -0.632728
0.313931 1.553014 -0.634734
0.322681 1.564462 -0.642448
0.323328 1.560628 -0.644820
0.332607 1.573363 -0.653526
0.333324 1.568998 -0.656178
0.343734 1.583335 -0.665822
0.331550 1.577516 -0.650766
0.342685 1.588597 -0.662514
0.329991 1.581307 -0.647928
0.340344 1.592916 -0.658330
0.320151 1.571908 -0.637703
0.327750 1.585164 -0.644696
0.318357 1.575534 -0.635240
0.337210 1.596725 -0.653955
0.325002 1.588630 -0.641398
0.321998 1.591576 -0.638179
0.333676 1.600309 -0.649610
0.316139 1.578696 -0.632763
0.307124 1.569920 -0.624288
0.313513 1.581652 -0.630242
0.298249 1.561727 -0.616417
0.309161 1.566895 -0.626431
0.300276 1.558802 -0.618302
0.290825 1.551361 -0.610325
0.289088 1.554116 -0.608699
0.281485 1.544579 -0.602378
0.282910 1.541876 -0.603691
0.273731 1.535506 -0.595897
0.330119 1.603387 -0.645677
0.342837 1.614902 -0.657419
0.338650 1.617714 -0.652966
0.347384 1.634856 -0.659796
0.334810 1.620353 -0.648985
0.331373 1.622878 -0.645289
0.343555 1.637716 -0.656002
0.326720 1.606141 -0.642109
0.340147 1.640572 -0.652517
0.352161 1.657252 -0.662891
0.355758 1.653921 -0.666139
0.348866 1.660011 -0.659598
0.356856 1.680227 -0.666813
0.346121 1.662487 -0.656269
0.337206 1.643191 -0.649102
0.354150 1.682546 -0.663521
0.344187 1.664688 -0.652833
0.352293 1.684656 -0.660079
0.352131 1.686463 -0.656372
0.360689 1.706579 -0.667572
0.369845 1.730442 -0.675051
0.360800 1.708156 -0.663894
0.362216 1.704505 -0.671167
0.371253 1.728621 -0.678777
0.379671 1.752833 -0.686005
0.387830 1.776981 -0.693325
0.378292 1.754599 -0.682155
0.387299 1.778580 -0.689218
0.380062 1.755624 -0.678163
0.371023 1.731732 -0.671400
0.388849 1.779575 -0.685206
0.399674 1.804015 -0.693123
0.411821 1.826072 -0.701896
0.397567 1.803043 -0.697163
0.404814 1.803813 -0.690191
0.397890 1.801396 -0.701183
0.408967 1.825586 -0.705130
0.418187 1.845999 -0.711979
0.425018 1.865018 -0.717553
0.390205 1.775126 -0.696963
0.364134 1.708748 -0.660802
0.357898 1.593290 -0.680686
0.344137 1.577502 -0.668836
0.343992 1.571762 -0.671398
0.357186 1.585714 -0.683465
0.371475 1.591562 -0.698705
0.356474 1.579378 -0.685969
0.370931 1.585700 -0.701441
0.355751 1.573693 -0.688301
0.370424 1.580333 -0.704024
0.343587 1.566546 -0.673733
0.387270 1.585979 -0.719914
0.387998 1.591073 -0.717920
0.371792 1.598050 -0.695631
0.372127 1.606258 -0.692227
0.333527 1.564215 -0.658705
0.323778 1.556661 -0.647054
0.250499 1.512000 -0.574943
0.241313 1.508404 -0.566751
0.242429 1.506127 -0.567604
0.233450 1.502690 -0.559723
0.234557 1.500480 -0.560544
0.235701 1.498276 -0.561329
0.226773 1.495073 -0.553718
0.227928 1.492915 -0.554430
0.229081 1.490755 -0.555145
0.230268 1.488579 -0.555836
0.221077 1.485496 -0.548532
0.236834 1.496084 -0.562109
0.238037 1.493909 -0.562814
0.244723 1.501560 -0.569239
0.245944 1.499319 -0.569970
0.243572 1.503844 -0.568429
0.251678 1.509632 -0.575821
0.247146 1.497099 -0.570694
0.239308 1.491737 -0.563465
0.248501 1.494877 -0.571256
0.240562 1.489606 -0.564111
0.249968 1.492676 -0.571725
0.242094 1.487502 -0.564463
0.258036 1.498000 -0.579343
0.251561 1.490508 -0.572052
0.259782 1.495734 -0.579538
0.253659 1.488523 -0.571837
0.243629 1.485429 -0.564736
0.245600 1.483397 -0.564675
0.236343 1.480509 -0.557194
0.234550 1.482444 -0.557086
0.228297 1.475251 -0.550248
0.238120 1.478635 -0.557265
0.230097 1.473395 -0.550189
0.240382 1.477115 -0.556649
0.232353 1.472021 -0.549530
0.242817 1.475578 -0.555952
0.247832 1.481618 -0.564223
0.250690 1.479980 -0.563455
0.255733 1.486570 -0.571619
0.258432 1.485457 -0.570627
0.263721 1.491508 -0.579440
0.266241 1.489844 -0.578825
0.271955 1.496581 -0.587803
0.261607 1.493565 -0.579600
0.269750 1.498738 -0.587992
0.278287 1.504082 -0.596516
0.267816 1.500999 -0.587915
0.276505 1.506489 -0.596358
0.284711 1.511653 -0.605039
0.286792 1.509242 -0.604986
0.294723 1.513900 -0.613871
0.288885 1.507026 -0.604848
0.280712 1.501978 -0.596173
0.283313 1.500410 -0.595430
0.286370 1.499591 -0.594068
0.274581 1.494871 -0.587151
0.277525 1.494006 -0.585943
0.280210 1.494348 -0.584251
0.269077 1.488794 -0.577702
0.272127 1.488453 -0.576125
0.261205 1.484317 -0.569553
0.263762 1.483911 -0.568161
0.253275 1.479225 -0.562165
0.255593 1.479569 -0.560609
0.245264 1.474776 -0.554915
0.247639 1.474933 -0.553321
0.237165 1.469955 -0.547623
0.234758 1.470655 -0.548811
0.239680 1.469607 -0.546243
0.228851 1.464801 -0.540531
0.220409 1.458809 -0.533587
0.231235 1.464499 -0.539102
0.226325 1.465196 -0.541929
0.223929 1.466417 -0.542782
0.217685 1.459713 -0.534918
0.215004 1.460946 -0.536120
0.208832 1.454929 -0.527619
0.206293 1.456050 -0.528736
0.199793 1.450704 -0.519050
0.211438 1.454241 -0.526143
0.202465 1.450096 -0.517818
0.214025 1.454098 -0.524534
0.222867 1.458863 -0.531994
0.225167 1.459377 -0.530304
0.227102 1.460345 -0.528619
0.233265 1.465119 -0.537450
0.235355 1.465771 -0.535804
0.241789 1.470203 -0.544549
0.249848 1.475502 -0.551663
0.243848 1.470900 -0.542838
0.244896 1.472401 -0.541365
0.251972 1.476069 -0.550040
0.253287 1.477447 -0.548457
0.259963 1.480877 -0.557293
0.268352 1.485259 -0.564623
0.257938 1.480103 -0.558936
0.261328 1.482435 -0.555597
0.270026 1.486851 -0.562812
0.262656 1.483953 -0.553963
0.270712 1.488891 -0.561184
0.254498 1.478911 -0.546841
0.245958 1.473933 -0.539846
0.255410 1.480603 -0.545282
0.246663 1.475669 -0.538413
0.238515 1.470502 -0.531330
0.237774 1.468687 -0.532730
0.230842 1.465184 -0.524001
0.230103 1.463259 -0.525395
0.228859 1.461569 -0.526971
0.222188 1.458137 -0.517964
0.236667 1.467151 -0.534247
0.278745 1.494334 -0.569131
0.287596 1.499727 -0.577153
0.277584 1.492439 -0.570787
0.286547 1.497707 -0.578833
0.276279 1.490634 -0.572519
0.274377 1.489370 -0.574299
0.284815 1.496145 -0.580662
0.282840 1.494900 -0.582453
0.294199 1.501125 -0.588742
0.295689 1.502913 -0.586938
0.291694 1.500284 -0.590647
0.289174 1.499461 -0.592547
0.297059 1.504795 -0.585108
0.266186 1.484430 -0.566391
0.194158 1.447250 -0.508941
0.191379 1.447390 -0.510011
0.188027 1.446574 -0.502572
0.185568 1.446768 -0.503816
0.183584 1.447059 -0.498785
0.180680 1.448451 -0.496363
0.181739 1.447756 -0.500403
0.178984 1.449137 -0.498101
0.179834 1.448667 -0.502063
0.183051 1.447605 -0.504940
0.188682 1.448125 -0.510794
0.180286 1.448586 -0.505973
0.185942 1.448728 -0.511542
0.178409 1.450144 -0.507131
0.177046 1.451985 -0.508623
0.183536 1.450067 -0.511932
0.180950 1.451534 -0.512092
0.192026 1.453191 -0.522186
0.189205 1.454795 -0.522617
0.194733 1.452285 -0.521291
0.201178 1.459053 -0.530393
0.199068 1.460837 -0.530593
0.203680 1.457497 -0.529662
0.210540 1.464579 -0.537251
0.219651 1.469871 -0.543668
0.212783 1.462737 -0.536669
0.208780 1.466555 -0.537171
0.207053 1.468582 -0.536991
0.217878 1.471935 -0.543628
0.216348 1.474008 -0.543425
0.226439 1.477146 -0.550304
0.224893 1.479158 -0.550077
0.223568 1.481284 -0.549614
0.232930 1.484354 -0.556897
0.231546 1.486456 -0.556420
0.222303 1.483384 -0.549111
0.214934 1.476067 -0.543109
0.205435 1.470570 -0.536783
0.213655 1.478145 -0.542599
0.203995 1.472668 -0.536336
0.193924 1.467045 -0.529912
0.195449 1.464903 -0.530292
0.183656 1.461503 -0.522599
0.185257 1.459322 -0.522560
0.187415 1.457313 -0.522667
0.177245 1.454324 -0.512466
0.180186 1.453654 -0.514704
0.196943 1.462780 -0.530716
0.221713 1.468099 -0.543300
0.197310 1.451242 -0.520190
0.179447 1.450150 -0.494845
0.178241 1.451680 -0.493373
0.179799 1.450992 -0.491618
0.397320 1.727468 -0.668350
0.407452 1.750409 -0.675914
0.413414 1.748621 -0.677379
0.423430 1.772108 -0.685165
0.429427 1.770181 -0.687002
0.439873 1.793946 -0.695602
0.445834 1.791670 -0.698052
0.455161 1.814149 -0.706818
0.461417 1.811942 -0.709919
0.469707 1.833377 -0.718142
0.476351 1.853678 -0.724822
0.476110 1.830673 -0.721777
0.482528 1.851475 -0.728475
0.487041 1.871834 -0.733678
0.488983 1.849099 -0.732509
0.493114 1.869857 -0.737360
0.495753 1.890052 -0.741051
0.499438 1.867966 -0.741380
0.501663 1.888665 -0.744588
0.507679 1.887607 -0.748330
0.503439 1.908785 -0.747037
0.509046 1.908283 -0.750344
0.505185 1.928701 -0.748637
0.497877 1.909627 -0.743859
0.500062 1.929068 -0.745785
0.492296 1.910631 -0.740728
0.494834 1.929564 -0.742903
0.486915 1.911694 -0.737778
0.490033 1.891570 -0.737727
0.484429 1.893075 -0.734578
0.479229 1.894474 -0.731793
0.481212 1.873776 -0.730307
0.481840 1.912717 -0.735096
0.477148 1.913661 -0.732716
0.484701 1.930604 -0.737537
0.480023 1.931179 -0.735194
0.488002 1.949983 -0.739235
0.489678 1.930067 -0.740148
0.492730 1.949656 -0.741701
0.495035 1.969858 -0.741950
0.497477 1.949327 -0.744238
0.499493 1.969562 -0.744378
0.502195 1.949043 -0.746796
0.503952 1.969303 -0.746876
0.506845 1.948855 -0.749407
0.511433 1.948725 -0.751992
0.508330 1.969068 -0.749341
0.512718 1.968983 -0.751909
0.509777 1.988268 -0.748840
0.505395 1.988378 -0.746279
0.514126 1.988105 -0.751431
0.511369 2.005958 -0.748202
0.513318 2.022851 -0.747625
0.515731 2.005996 -0.750874
0.506963 2.005987 -0.745582
0.508888 2.022831 -0.744953
0.502530 2.006085 -0.743025
0.504405 2.022801 -0.742343
0.498077 2.006188 -0.740536
0.501005 1.988553 -0.743775
0.496611 1.988806 -0.741341
0.492224 1.989118 -0.738971
0.493687 2.006286 -0.738179
0.487882 1.989422 -0.736750
0.490549 1.970235 -0.739579
0.486116 1.970683 -0.737314
0.481708 1.971123 -0.735187
0.483340 1.950318 -0.736920
0.478709 1.950646 -0.734768
0.474125 1.951007 -0.732758
0.475465 1.931702 -0.732986
0.470900 1.932129 -0.731101
0.472645 1.914510 -0.730538
0.468184 1.915389 -0.728717
0.463733 1.916281 -0.727182
0.466400 1.932683 -0.729454
0.459028 1.917051 -0.726218
0.460213 1.899250 -0.723708
0.455398 1.900260 -0.722489
0.450505 1.901077 -0.721770
0.450085 1.881783 -0.718070
0.454349 1.917816 -0.725603
0.457030 1.933929 -0.727749
0.449875 1.918467 -0.726477
0.452333 1.934505 -0.727974
0.455281 1.952808 -0.729311
0.448340 1.935073 -0.729359
0.451352 1.953157 -0.730653
0.454537 1.973691 -0.731244
0.448735 1.953370 -0.733473
0.458462 1.973473 -0.729999
0.457385 1.991986 -0.731875
0.459706 2.008088 -0.731573
0.461470 1.991594 -0.730653
0.463567 2.007810 -0.730343
0.465804 1.991303 -0.730131
0.470356 1.990951 -0.730544
0.463175 1.973028 -0.729562
0.467774 2.007495 -0.729993
0.472145 2.007287 -0.730329
0.469449 2.023286 -0.729192
0.471333 2.039642 -0.728152
0.473803 2.023150 -0.729561
0.465242 2.023513 -0.729480
0.461479 2.023761 -0.730636
0.467040 2.039842 -0.728403
0.469497 2.057343 -0.727544
0.463194 2.040046 -0.729473
0.465767 2.057670 -0.728759
0.460613 2.040398 -0.731610
0.459345 2.040631 -0.734326
0.458795 2.023979 -0.732714
0.462936 2.057920 -0.730761
0.466436 2.076762 -0.730444
0.461572 2.058183 -0.733464
0.461702 2.058456 -0.736564
0.465139 2.077071 -0.733122
0.464985 2.077229 -0.736122
0.469201 2.096218 -0.733088
0.470617 2.095964 -0.730578
0.473419 2.114825 -0.733293
0.469021 2.096318 -0.736013
0.473157 2.114870 -0.736092
0.469790 2.096376 -0.739079
0.473803 2.114829 -0.739056
0.478016 2.132308 -0.739214
0.482456 2.148575 -0.739558
0.477471 2.132423 -0.736363
0.481892 2.148878 -0.736783
0.477788 2.132430 -0.733686
0.482246 2.148909 -0.734205
0.479147 2.132279 -0.731379
0.481592 2.131944 -0.729687
0.474789 2.114652 -0.730871
0.483589 2.148778 -0.731984
0.485963 2.148448 -0.730345
0.488033 2.164228 -0.732617
0.486689 2.164354 -0.734781
0.490370 2.163908 -0.731017
0.492389 2.178817 -0.733215
0.496574 2.192853 -0.733629
0.494722 2.178507 -0.731650
0.491111 2.178879 -0.735344
0.495135 2.193043 -0.735667
0.490667 2.178916 -0.737781
0.494704 2.193071 -0.738044
0.486420 2.164181 -0.737312
0.491079 2.178750 -0.740387
0.486783 2.164107 -0.739970
0.492027 2.178540 -0.743022
0.495032 2.192997 -0.740568
0.498336 2.207153 -0.740313
0.495872 2.192849 -0.743106
0.497109 2.192659 -0.745675
0.499120 2.207077 -0.742847
0.500309 2.206939 -0.745401
0.501749 2.221374 -0.742236
0.504151 2.235809 -0.741354
0.500949 2.221387 -0.739660
0.502993 2.221301 -0.744831
0.504581 2.221174 -0.747491
0.505496 2.235806 -0.744022
0.507189 2.235751 -0.746740
0.508167 2.250465 -0.742966
0.509974 2.250496 -0.745742
0.511223 2.265298 -0.741678
0.506761 2.250397 -0.740235
0.509787 2.265161 -0.738898
0.505847 2.250267 -0.737526
0.503244 2.235748 -0.738713
0.508914 2.264972 -0.736150
0.505583 2.250049 -0.734863
0.503013 2.235592 -0.736098
0.506297 2.249730 -0.732372
0.508766 2.264701 -0.733468
0.512284 2.279529 -0.731937
0.509474 2.264335 -0.730976
0.513079 2.279126 -0.729462
0.511262 2.263893 -0.728891
0.508094 2.249329 -0.730278
0.514804 2.278649 -0.727367
0.514003 2.263414 -0.727399
0.510824 2.248885 -0.728770
0.517369 2.262933 -0.726544
0.517471 2.278133 -0.725856
0.521168 2.292988 -0.724217
0.520813 2.277626 -0.724993
0.524462 2.292456 -0.723336
0.524535 2.277146 -0.724723
0.521124 2.262491 -0.726322
0.528186 2.291962 -0.723068
0.528479 2.276714 -0.724996
0.532548 2.276320 -0.725698
0.532129 2.291509 -0.723312
0.525056 2.262085 -0.726621
0.521899 2.247686 -0.728128
0.529102 2.261721 -0.727343
0.533208 2.261358 -0.728378
0.525854 2.247318 -0.728843
0.529883 2.246972 -0.729878
0.522770 2.233123 -0.730170
0.518914 2.233482 -0.729451
0.519660 2.219026 -0.731246
0.526680 2.232762 -0.731182
0.523456 2.218632 -0.732209
0.530672 2.232393 -0.732437
0.534771 2.232005 -0.733907
0.533997 2.246626 -0.731171
0.527338 2.218219 -0.733415
0.531339 2.217783 -0.734836
0.523901 2.203964 -0.734008
0.520076 2.204433 -0.732844
0.520318 2.189554 -0.734160
0.527845 2.203488 -0.735412
0.531911 2.203002 -0.737020
0.524244 2.189021 -0.735574
0.528276 2.188482 -0.737188
0.520523 2.174330 -0.735358
0.516758 2.159334 -0.734946
0.516583 2.174952 -0.733900
0.524544 2.173751 -0.737006
0.520796 2.158745 -0.736635
0.528639 2.173200 -0.738818
0.532797 2.172655 -0.740777
0.532397 2.187963 -0.738976
0.524907 2.158138 -0.738503
0.521303 2.142695 -0.738193
0.529041 2.157625 -0.740487
0.533198 2.157132 -0.742589
0.525441 2.142210 -0.740223
0.529596 2.141717 -0.742381
0.522067 2.126179 -0.740129
0.526216 2.125736 -0.742347
0.518864 2.109454 -0.740210
0.517900 2.126642 -0.738010
0.514675 2.109829 -0.738004
0.513739 2.127087 -0.736032
0.517193 2.143194 -0.736302
0.509579 2.127548 -0.734201
0.510449 2.110228 -0.735902
0.506197 2.110612 -0.733953
0.507245 2.092635 -0.735930
0.511531 2.092357 -0.738146
0.504067 2.074636 -0.736064
0.502910 2.092943 -0.733830
0.498535 2.093241 -0.731920
0.499655 2.074788 -0.733859
0.495207 2.074970 -0.731875
0.496430 2.056719 -0.734080
0.500906 2.056720 -0.736372
0.493482 2.039379 -0.734564
0.491954 2.056753 -0.731985
0.489023 2.039345 -0.732507
0.487501 2.056867 -0.730217
0.482924 2.056787 -0.728660
0.484611 2.039317 -0.730756
0.490725 2.075161 -0.730060
0.494119 2.093556 -0.730267
0.486158 2.075291 -0.728471
0.489661 2.093956 -0.728835
0.481588 2.075509 -0.727469
0.485209 2.094360 -0.727868
0.478367 2.056910 -0.727698
0.477094 2.075792 -0.727060
0.472871 2.076174 -0.727392
0.473848 2.057101 -0.727292
0.480853 2.094774 -0.727461
0.484742 2.113242 -0.727950
0.476750 2.095255 -0.727694
0.480801 2.113783 -0.728198
0.473208 2.095654 -0.728717
0.477397 2.114239 -0.729178
0.469137 2.076461 -0.728465
0.484979 2.131322 -0.728831
0.488804 2.130725 -0.728605
0.489192 2.147933 -0.729437
0.492978 2.147165 -0.729310
0.493532 2.163404 -0.730133
0.497189 2.162770 -0.729941
0.497846 2.178033 -0.730795
0.501413 2.177449 -0.730613
0.501967 2.192149 -0.731301
0.498895 2.192571 -0.732122
0.505434 2.191656 -0.731105
0.505609 2.206151 -0.731216
0.508691 2.220155 -0.730427
0.509056 2.205739 -0.731017
0.502525 2.206521 -0.732016
0.500113 2.206825 -0.733479
0.505481 2.220513 -0.731209
0.508078 2.234599 -0.730047
0.502918 2.220845 -0.732676
0.501313 2.221122 -0.734723
0.505364 2.234984 -0.731532
0.503678 2.235332 -0.733634
0.498613 2.207042 -0.735484
0.500729 2.221308 -0.737122
0.498092 2.207148 -0.737834
0.511440 2.234213 -0.729261
0.514248 2.248454 -0.727966
0.515118 2.233847 -0.729119
0.517998 2.248050 -0.727787
0.512238 2.219782 -0.730252
0.515920 2.219409 -0.730565
0.512662 2.205312 -0.731289
0.516339 2.204879 -0.731922
0.509062 2.191132 -0.731392
0.512752 2.190603 -0.732045
0.505148 2.176813 -0.730953
0.501045 2.161981 -0.730350
0.508912 2.176135 -0.731681
0.512721 2.175536 -0.732673
0.504934 2.161298 -0.731094
0.508835 2.160663 -0.732127
0.500938 2.145814 -0.730435
0.497049 2.129375 -0.729849
0.496928 2.146484 -0.729663
0.504976 2.145080 -0.731570
0.501225 2.128769 -0.731031
0.509019 2.144443 -0.732935
0.513084 2.143831 -0.734516
0.512774 2.159966 -0.733436
0.505399 2.128172 -0.732495
0.501922 2.111018 -0.732178
0.497613 2.111569 -0.730576
0.493289 2.112097 -0.729293
0.488978 2.112627 -0.728397
0.492877 2.130090 -0.728975
0.516490 2.190075 -0.732975
0.475732 2.039429 -0.728498
0.480252 2.039465 -0.729476
0.478112 2.022962 -0.730365
0.482438 2.022892 -0.731659
0.476502 2.007068 -0.731191
0.474841 1.990513 -0.731555
0.480787 2.006816 -0.732478
0.485033 2.006592 -0.734059
0.479259 1.990158 -0.732992
0.483570 1.989763 -0.734747
0.477302 1.971601 -0.733202
0.472771 1.972113 -0.731543
0.468023 1.972584 -0.730295
0.469423 1.951438 -0.731195
0.464722 1.951881 -0.729760
0.461762 1.933270 -0.728231
0.459877 1.952355 -0.729232
0.486740 2.022795 -0.733278
0.489345 2.006421 -0.735997
0.491051 2.022741 -0.735208
0.495469 2.022763 -0.737429
0.499927 2.022780 -0.739823
0.497911 2.039375 -0.736808
0.502380 2.039432 -0.739239
0.505318 2.056670 -0.738770
0.506845 2.039478 -0.741778
0.511278 2.039512 -0.744395
0.509697 2.056643 -0.741278
0.514037 2.056615 -0.743854
0.512713 2.074335 -0.740821
0.516956 2.074195 -0.743308
0.515761 2.092072 -0.740464
0.508419 2.074504 -0.738402
0.519945 2.091824 -0.742848
0.523021 2.109061 -0.742519
0.524085 2.091582 -0.745301
0.528182 2.091336 -0.747829
0.527139 2.108728 -0.744886
0.521148 2.074057 -0.745855
0.525292 2.073930 -0.748465
0.518323 2.056577 -0.746486
0.522552 2.056553 -0.749170
0.515667 2.039563 -0.747073
0.519992 2.039595 -0.749803
0.517677 2.022899 -0.750345
0.524244 2.039620 -0.752585
0.521970 2.022988 -0.753113
0.526727 2.056517 -0.751907
0.528424 2.039663 -0.755420
0.530837 2.056472 -0.754701
0.532512 2.039721 -0.758299
0.526190 2.023072 -0.755928
0.530297 2.023207 -0.758794
0.524227 2.006140 -0.756327
0.528345 2.006263 -0.759118
0.520031 2.006001 -0.753585
0.522631 1.988134 -0.756734
0.526802 1.988205 -0.759460
0.521436 1.968853 -0.757143
0.518401 1.988136 -0.754062
0.517088 1.968873 -0.754494
0.516085 1.948689 -0.754677
0.520728 1.948732 -0.757436
0.515294 1.928406 -0.754433
0.520388 1.928429 -0.757460
0.510214 1.928488 -0.751491
0.514551 1.908061 -0.753654
0.513728 1.887059 -0.752224
0.520151 1.907996 -0.757121
0.519797 1.886899 -0.756269
0.525648 1.908016 -0.760680
0.525645 1.886899 -0.760354
0.525439 1.928497 -0.760599
0.530911 1.908054 -0.764302
0.530342 1.928599 -0.763839
0.535746 1.908084 -0.767923
0.531174 1.886903 -0.764439
0.530776 1.864668 -0.763999
0.536254 1.886920 -0.768476
0.535991 1.864626 -0.768419
0.540730 1.886942 -0.772416
0.544505 1.886965 -0.776247
0.540535 1.864583 -0.772681
0.540088 1.908136 -0.771523
0.539200 1.928806 -0.770502
0.543811 1.908204 -0.775108
0.546789 1.908307 -0.778722
0.542912 1.928937 -0.773893
0.542189 1.949385 -0.772777
0.545985 1.929108 -0.777356
0.548256 1.929319 -0.780901
0.545310 1.949613 -0.776096
0.544886 1.969718 -0.775056
0.547744 1.949871 -0.779509
0.547313 1.970035 -0.778347
0.549263 1.950133 -0.783016
0.548972 1.970364 -0.781715
0.549723 1.929615 -0.784472
0.549828 1.950486 -0.786470
0.550118 1.929954 -0.788021
0.549553 1.970636 -0.785095
0.549095 1.950835 -0.789773
0.549221 1.930285 -0.791411
0.546971 1.951132 -0.792730
0.548924 1.971024 -0.788292
0.549108 1.990402 -0.787090
0.547012 1.971384 -0.791172
0.543900 1.971653 -0.793577
0.547394 1.990809 -0.789907
0.548761 2.008762 -0.789093
0.544488 1.991187 -0.792277
0.545982 2.009162 -0.791443
0.540596 1.991449 -0.794037
0.542187 2.009549 -0.793187
0.539942 1.971999 -0.795440
0.536125 1.991771 -0.795315
0.535429 1.972299 -0.796834
0.537773 2.009803 -0.794353
0.531233 1.992037 -0.796090
0.532977 2.010072 -0.795046
0.535317 2.026711 -0.793809
0.527917 2.010321 -0.795337
0.530409 2.027000 -0.794139
0.533084 2.043130 -0.792647
0.525300 2.027275 -0.794181
0.528066 2.043492 -0.792718
0.530684 2.059901 -0.791134
0.522856 2.043818 -0.792486
0.525477 2.060300 -0.790893
0.528130 2.077350 -0.789208
0.520141 2.060664 -0.790268
0.522804 2.077782 -0.788514
0.525699 2.095174 -0.786764
0.517459 2.078121 -0.787321
0.520368 2.095541 -0.785531
0.523467 2.112455 -0.783955
0.515207 2.095760 -0.783666
0.518305 2.112755 -0.782107
0.510351 2.095860 -0.781255
0.513449 2.112931 -0.779754
0.505938 2.095835 -0.778402
0.509024 2.112981 -0.777009
0.501948 2.095733 -0.775267
0.499045 2.078087 -0.776600
0.498255 2.095681 -0.771955
0.504961 2.112983 -0.774011
0.508178 2.129445 -0.773035
0.501220 2.112995 -0.770851
0.497694 2.113083 -0.767595
0.504371 2.129592 -0.769972
0.507829 2.145451 -0.769403
0.500827 2.129776 -0.766823
0.504208 2.145738 -0.766318
0.497458 2.130018 -0.763628
0.500823 2.146043 -0.763187
0.504379 2.161407 -0.762975
0.497626 2.146370 -0.760044
0.501181 2.161757 -0.759867
0.494600 2.146765 -0.756912
0.498239 2.162108 -0.756805
0.491822 2.147111 -0.753862
0.495542 2.162515 -0.753803
0.499288 2.177320 -0.753852
0.493144 2.162871 -0.750909
0.491057 2.163190 -0.748123
0.496992 2.177686 -0.751007
0.500575 2.192152 -0.750983
0.495011 2.177997 -0.748278
0.493357 2.178263 -0.745631
0.498681 2.192423 -0.748286
0.501839 2.206756 -0.748010
0.503715 2.206539 -0.750727
0.506507 2.221013 -0.750251
0.505926 2.206300 -0.753574
0.508499 2.206041 -0.756561
0.502796 2.191864 -0.753807
0.508784 2.220838 -0.753145
0.511406 2.220639 -0.756183
0.511594 2.235567 -0.752501
0.514296 2.235445 -0.755594
0.509232 2.235672 -0.749552
0.514561 2.250466 -0.751628
0.517378 2.250420 -0.754778
0.517820 2.265488 -0.750524
0.512101 2.250492 -0.748619
0.515250 2.265451 -0.747459
0.518726 2.280524 -0.746090
0.513050 2.265387 -0.744521
0.516452 2.280415 -0.743107
0.520171 2.295533 -0.741527
0.514601 2.280273 -0.740219
0.513216 2.280092 -0.737392
0.518291 2.295356 -0.738615
0.522249 2.310452 -0.736878
0.516916 2.295130 -0.735769
0.520871 2.310189 -0.734034
0.516140 2.294840 -0.732982
0.512372 2.279847 -0.734620
0.520101 2.309866 -0.731250
0.516054 2.294479 -0.730296
0.520049 2.309469 -0.728575
0.516845 2.294039 -0.727830
0.518580 2.293531 -0.725754
0.520776 2.309001 -0.726117
0.524824 2.323983 -0.724301
0.522450 2.308473 -0.724055
0.526394 2.323447 -0.722255
0.525027 2.307917 -0.722555
0.528924 2.322890 -0.720784
0.528280 2.307371 -0.721662
0.532197 2.322347 -0.719943
0.531995 2.306865 -0.721380
0.535953 2.306414 -0.721613
0.535913 2.321841 -0.719647
0.539902 2.336917 -0.717707
0.539885 2.321396 -0.719840
0.544004 2.321006 -0.720434
0.543893 2.336467 -0.717871
0.548038 2.336081 -0.718415
0.547988 2.351667 -0.715568
0.552203 2.367013 -0.712966
0.552158 2.351255 -0.716099
0.543948 2.352124 -0.715396
0.540145 2.352626 -0.715642
0.548118 2.367509 -0.712759
0.544269 2.368056 -0.712981
0.552549 2.383081 -0.710074
0.556646 2.382521 -0.710295
0.548637 2.383682 -0.710266
0.557321 2.398670 -0.707607
0.553441 2.399347 -0.707837
0.561379 2.398042 -0.707822
0.562382 2.413978 -0.705378
0.567577 2.428806 -0.703206
0.566335 2.413294 -0.705531
0.558614 2.414698 -0.705696
0.555192 2.415459 -0.706493
0.563912 2.429572 -0.703575
0.560607 2.430358 -0.704447
0.569215 2.443997 -0.701351
0.566011 2.444786 -0.702303
0.574498 2.458075 -0.699049
0.572798 2.443217 -0.700940
0.576564 2.442494 -0.701011
0.578008 2.457298 -0.698592
0.583086 2.471095 -0.696177
0.581695 2.456581 -0.698639
0.585469 2.455930 -0.699108
0.586689 2.470396 -0.696177
0.591350 2.483877 -0.693424
0.590374 2.469760 -0.696578
0.594117 2.469188 -0.697312
0.594986 2.483257 -0.693734
0.599275 2.496294 -0.690262
0.598693 2.482703 -0.694372
0.603041 2.495755 -0.690855
0.602482 2.482209 -0.695278
0.606891 2.495275 -0.691737
0.597934 2.468678 -0.698308
0.606374 2.481786 -0.696403
0.601829 2.468204 -0.699505
0.610836 2.494865 -0.692840
0.610364 2.481407 -0.697709
0.614879 2.494537 -0.694144
0.614442 2.481091 -0.699199
0.605813 2.467784 -0.700888
0.601165 2.453810 -0.703783
0.609878 2.467425 -0.702452
0.605261 2.453377 -0.705436
0.613995 2.467109 -0.704169
0.609404 2.452997 -0.707242
0.618131 2.466859 -0.706028
0.618585 2.480858 -0.700863
0.623214 2.494076 -0.697278
0.622752 2.480678 -0.702670
0.627439 2.493982 -0.699081
0.626905 2.480572 -0.704605
0.622255 2.466687 -0.708008
0.631648 2.493947 -0.701008
0.631017 2.480562 -0.706649
0.626338 2.466561 -0.710077
0.635809 2.493994 -0.703043
0.635063 2.480602 -0.708771
0.639905 2.494151 -0.705173
0.630362 2.466513 -0.712223
0.639023 2.480730 -0.710965
0.643892 2.494332 -0.707361
0.634299 2.466550 -0.714435
0.642874 2.480933 -0.713215
0.646587 2.481217 -0.715515
0.647762 2.494639 -0.709615
0.638134 2.466621 -0.716694
0.641837 2.466745 -0.718999
0.633647 2.451964 -0.720083
0.637372 2.451978 -0.722405
0.629460 2.437252 -0.723352
0.629796 2.452000 -0.717793
0.625549 2.437349 -0.721031
0.625840 2.452083 -0.715547
0.621531 2.437502 -0.718733
0.621802 2.452212 -0.713348
0.617699 2.452418 -0.711221
0.617428 2.437715 -0.716479
0.613268 2.437984 -0.714274
0.613222 2.423167 -0.719459
0.617417 2.422923 -0.721775
0.608966 2.423468 -0.717191
0.609135 2.408579 -0.722293
0.613428 2.408337 -0.724653
0.605100 2.393898 -0.724985
0.604779 2.408875 -0.719972
0.600656 2.394157 -0.722631
0.600389 2.409220 -0.717711
0.595987 2.409599 -0.715536
0.604677 2.423823 -0.714988
0.596176 2.394458 -0.720334
0.592000 2.379536 -0.722872
0.591687 2.394793 -0.718116
0.587208 2.395148 -0.716009
0.587442 2.379805 -0.720639
0.582894 2.380091 -0.718512
0.583229 2.364711 -0.723092
0.587834 2.364486 -0.725317
0.579056 2.349583 -0.725449
0.578633 2.364948 -0.720973
0.574431 2.349802 -0.723350
0.574064 2.365199 -0.718993
0.578375 2.380400 -0.716526
0.569838 2.350033 -0.721397
0.569547 2.365482 -0.717212
0.565090 2.365803 -0.715675
0.573899 2.380742 -0.714714
0.565297 2.350289 -0.719647
0.561145 2.335159 -0.721951
0.560833 2.350580 -0.718163
0.556673 2.335437 -0.720476
0.556448 2.350898 -0.716972
0.560707 2.366158 -0.714434
0.552305 2.335743 -0.719293
0.548240 2.320662 -0.721359
0.552601 2.320350 -0.722583
0.544271 2.305655 -0.723240
0.548615 2.305329 -0.724517
0.540420 2.290737 -0.725021
0.540049 2.306011 -0.722253
0.536216 2.291104 -0.723994
0.544745 2.290405 -0.726339
0.536732 2.275967 -0.726749
0.540997 2.275616 -0.728064
0.537419 2.261020 -0.729692
0.545376 2.275289 -0.729626
0.541731 2.260689 -0.731237
0.549845 2.274972 -0.731387
0.549160 2.290081 -0.727892
0.553070 2.305024 -0.726052
0.553670 2.289771 -0.729656
0.557600 2.304726 -0.727801
0.558241 2.289470 -0.731587
0.562194 2.304441 -0.729731
0.562843 2.289177 -0.733645
0.554377 2.274655 -0.733307
0.558942 2.274341 -0.735350
0.550609 2.260015 -0.734871
0.555124 2.259686 -0.736883
0.546930 2.245548 -0.736240
0.546135 2.260354 -0.732975
0.542527 2.245913 -0.734385
0.538990 2.231602 -0.735562
0.538212 2.246275 -0.732683
0.543301 2.231190 -0.737387
0.535466 2.217333 -0.736461
0.539697 2.216882 -0.738258
0.536078 2.202505 -0.738795
0.543993 2.216425 -0.740187
0.540309 2.202018 -0.740723
0.548313 2.215970 -0.742238
0.547669 2.230777 -0.739347
0.552055 2.230362 -0.741404
0.551371 2.245172 -0.738229
0.555823 2.244795 -0.740317
0.560250 2.244421 -0.742469
0.559637 2.259341 -0.738995
0.564122 2.258996 -0.741177
0.563510 2.274036 -0.737477
0.567447 2.288884 -0.735795
0.568046 2.273721 -0.739678
0.572527 2.273406 -0.741927
0.572024 2.288606 -0.738008
0.576551 2.288319 -0.740273
0.576054 2.303639 -0.736190
0.580616 2.303391 -0.738469
0.580121 2.318799 -0.734232
0.571446 2.303902 -0.733958
0.575494 2.319034 -0.731983
0.566818 2.304168 -0.731795
0.570852 2.319274 -0.729809
0.566217 2.319527 -0.727740
0.574931 2.334434 -0.727692
0.579576 2.334213 -0.729880
0.570300 2.334662 -0.725613
0.565693 2.334902 -0.723682
0.561618 2.319788 -0.725818
0.557066 2.320060 -0.724080
0.584211 2.334004 -0.732148
0.583689 2.349373 -0.727657
0.588315 2.349181 -0.729946
0.592915 2.349007 -0.732294
0.592435 2.364288 -0.727624
0.596548 2.379291 -0.725181
0.597008 2.364114 -0.729990
0.601074 2.379088 -0.727556
0.601532 2.363970 -0.732402
0.605547 2.378918 -0.729974
0.605979 2.363854 -0.734844
0.597466 2.348861 -0.734688
0.601937 2.348740 -0.737109
0.593368 2.333634 -0.736843
0.597823 2.333476 -0.739229
0.589238 2.318364 -0.738872
0.588815 2.333808 -0.734475
0.584713 2.318575 -0.736536
0.585112 2.303138 -0.740788
0.593678 2.318162 -0.741237
0.597984 2.317973 -0.743606
0.589508 2.302896 -0.743126
0.593760 2.302674 -0.745465
0.585342 2.287772 -0.744884
0.581001 2.288036 -0.742572
0.581215 2.272795 -0.746504
0.589552 2.287504 -0.747212
0.585361 2.272498 -0.748816
0.593580 2.287253 -0.749537
0.597374 2.287034 -0.751843
0.597850 2.302457 -0.747805
0.589310 2.272233 -0.751116
0.585115 2.257344 -0.752569
0.593081 2.271948 -0.753442
0.596593 2.271693 -0.755758
0.588824 2.257030 -0.754891
0.592245 2.256763 -0.757183
0.584596 2.242289 -0.756145
0.587963 2.241988 -0.758433
0.580438 2.227660 -0.757205
0.580971 2.242608 -0.753850
0.576864 2.228006 -0.754910
0.577110 2.242959 -0.751528
0.581194 2.257673 -0.750243
0.573072 2.243322 -0.749212
0.573074 2.228365 -0.752610
0.569068 2.213853 -0.753439
0.569090 2.228747 -0.750294
0.564964 2.229142 -0.747997
0.565143 2.214247 -0.751136
0.561065 2.214656 -0.748835
0.561206 2.199743 -0.751686
0.565098 2.199337 -0.754006
0.557176 2.200168 -0.749387
0.557282 2.185143 -0.751948
0.561153 2.184743 -0.754292
0.553376 2.170362 -0.751958
0.553278 2.185568 -0.749624
0.549384 2.170781 -0.749600
0.549175 2.186014 -0.747342
0.545002 2.186475 -0.745111
0.545300 2.171220 -0.747284
0.553034 2.200609 -0.747113
0.556877 2.215083 -0.746567
0.548820 2.201061 -0.744894
0.552621 2.215520 -0.744376
0.544570 2.201536 -0.742766
0.540792 2.186945 -0.742956
0.536979 2.172156 -0.742856
0.536580 2.187450 -0.740910
0.541156 2.171683 -0.745031
0.537356 2.156641 -0.744799
0.541483 2.156176 -0.747090
0.533735 2.141242 -0.744632
0.530345 2.125280 -0.744665
0.537847 2.140769 -0.746978
0.541897 2.140368 -0.749368
0.534428 2.124895 -0.747038
0.538459 2.124555 -0.749475
0.531215 2.108423 -0.747320
0.535248 2.108121 -0.749834
0.532224 2.091146 -0.750394
0.539214 2.107902 -0.752377
0.542436 2.124228 -0.751982
0.543124 2.107691 -0.754994
0.536214 2.090949 -0.753028
0.533419 2.073669 -0.753841
0.540144 2.090779 -0.755719
0.537394 2.073557 -0.756617
0.543992 2.090648 -0.758458
0.541276 2.073465 -0.759441
0.546954 2.107512 -0.757665
0.547722 2.090515 -0.761259
0.550665 2.107375 -0.760373
0.551257 2.090392 -0.764086
0.545009 2.073374 -0.762308
0.548531 2.073283 -0.765209
0.542528 2.056408 -0.763352
0.546022 2.056405 -0.766288
0.538786 2.056437 -0.760429
0.540217 2.039850 -0.764173
0.538043 2.023497 -0.764634
0.536465 2.039777 -0.761230
0.543700 2.039925 -0.767125
0.546844 2.039989 -0.770074
0.541552 2.023645 -0.767590
0.544728 2.023768 -0.770551
0.539751 2.006795 -0.767822
0.536159 2.006642 -0.764867
0.538599 1.988644 -0.768144
0.543028 2.006937 -0.770831
0.541994 1.988897 -0.771193
0.545861 2.007165 -0.773874
0.547486 2.023896 -0.773531
0.548134 2.007458 -0.776958
0.544938 1.989169 -0.774294
0.547274 1.989385 -0.777508
0.548874 1.989740 -0.780750
0.549750 2.007693 -0.780104
0.549608 1.990109 -0.783978
0.550573 2.008039 -0.783252
0.552249 2.024560 -0.782623
0.550332 2.008430 -0.786309
0.552148 2.024874 -0.785602
0.554417 2.040737 -0.784710
0.550732 2.025276 -0.788287
0.547983 2.025653 -0.790448
0.553017 2.041086 -0.787235
0.555740 2.057212 -0.786095
0.550328 2.041485 -0.789242
0.552999 2.057606 -0.787978
0.546673 2.041917 -0.790684
0.549316 2.058061 -0.789307
0.544284 2.026052 -0.792064
0.542459 2.042324 -0.791682
0.545071 2.058545 -0.790193
0.537901 2.042727 -0.792319
0.539974 2.026428 -0.793161
0.540513 2.058991 -0.790783
0.543186 2.075888 -0.789250
0.535705 2.059449 -0.791093
0.538363 2.076392 -0.789514
0.541196 2.093663 -0.787939
0.533334 2.076875 -0.789510
0.536194 2.094187 -0.787882
0.539278 2.111051 -0.786401
0.531016 2.094697 -0.787524
0.534129 2.111566 -0.786018
0.537389 2.127561 -0.784806
0.528813 2.112047 -0.785216
0.532078 2.128062 -0.784005
0.535699 2.143667 -0.782839
0.526749 2.128516 -0.782722
0.530432 2.144134 -0.781600
0.521606 2.128880 -0.780896
0.525301 2.144518 -0.779880
0.516743 2.129177 -0.778594
0.520430 2.144828 -0.777704
0.512276 2.129345 -0.775933
0.515874 2.145076 -0.775164
0.519783 2.160294 -0.774621
0.511688 2.145253 -0.772368
0.515470 2.160515 -0.771955
0.519314 2.175346 -0.771719
0.511503 2.160756 -0.769083
0.507826 2.161047 -0.766073
0.515252 2.175628 -0.768944
0.518869 2.190262 -0.768895
0.511490 2.175945 -0.765986
0.515022 2.190581 -0.765966
0.508008 2.176276 -0.762928
0.511482 2.190908 -0.762905
0.504794 2.176635 -0.759837
0.508258 2.191232 -0.759808
0.501883 2.176981 -0.756796
0.505356 2.191553 -0.756756
0.511425 2.205766 -0.759658
0.514383 2.220424 -0.759331
0.514690 2.205477 -0.762794
0.518297 2.205184 -0.765876
0.517718 2.220193 -0.762513
0.521389 2.219937 -0.765646
0.520750 2.235128 -0.762047
0.524479 2.234913 -0.765238
0.517363 2.235305 -0.758796
0.523935 2.250229 -0.761367
0.527729 2.250065 -0.764608
0.527366 2.265423 -0.760441
0.520498 2.250342 -0.758049
0.523872 2.265480 -0.757068
0.527513 2.280673 -0.755831
0.520692 2.265502 -0.753736
0.524272 2.280651 -0.752458
0.528091 2.295849 -0.750943
0.521336 2.280600 -0.749203
0.525104 2.295772 -0.747667
0.529050 2.310964 -0.745924
0.522451 2.295668 -0.744533
0.526377 2.310832 -0.742795
0.530415 2.325984 -0.740868
0.524096 2.310666 -0.739791
0.528138 2.325783 -0.737887
0.532224 2.340945 -0.735773
0.526313 2.325539 -0.734990
0.530385 2.340670 -0.732894
0.524977 2.325239 -0.732155
0.529044 2.340349 -0.730069
0.524181 2.324889 -0.729388
0.528259 2.339976 -0.727299
0.524101 2.324469 -0.726729
0.528112 2.339540 -0.724646
0.532092 2.354798 -0.722251
0.528784 2.339050 -0.722230
0.532693 2.354289 -0.719813
0.530364 2.338515 -0.720229
0.534262 2.353746 -0.717819
0.532847 2.337953 -0.718786
0.536141 2.337413 -0.717978
0.536829 2.353184 -0.716425
0.540857 2.368635 -0.713723
0.545152 2.384326 -0.710993
0.538236 2.369227 -0.715104
0.536685 2.369798 -0.717142
0.542480 2.384966 -0.712396
0.540841 2.385564 -0.714437
0.547189 2.400747 -0.709961
0.545522 2.401374 -0.711988
0.549957 2.400049 -0.708600
0.552474 2.416187 -0.707868
0.558007 2.431084 -0.705886
0.550850 2.416802 -0.709870
0.550259 2.417311 -0.712304
0.556378 2.431712 -0.707854
0.555791 2.432200 -0.710253
0.561899 2.446168 -0.705785
0.561359 2.446640 -0.708201
0.567420 2.460312 -0.703611
0.563467 2.445539 -0.703783
0.568893 2.459671 -0.701559
0.574280 2.473520 -0.699225
0.571356 2.458894 -0.700028
0.576638 2.472713 -0.697661
0.581592 2.486210 -0.695078
0.579671 2.471881 -0.696649
0.584514 2.485378 -0.694038
0.588717 2.498507 -0.690875
0.587835 2.484588 -0.693503
0.592050 2.497680 -0.690218
0.595923 2.510402 -0.686419
0.595600 2.496938 -0.690034
0.599594 2.509607 -0.686124
0.603739 2.522045 -0.682186
0.603415 2.508932 -0.686310
0.607316 2.508362 -0.686882
0.607682 2.521318 -0.682291
0.612369 2.533543 -0.678353
0.611727 2.520706 -0.682816
0.616494 2.532876 -0.678811
0.615829 2.520196 -0.683674
0.620681 2.532317 -0.679636
0.611283 2.507895 -0.687763
0.619983 2.519786 -0.684799
0.624910 2.531867 -0.680746
0.624206 2.519469 -0.686165
0.615335 2.507499 -0.688898
0.619468 2.507183 -0.690236
0.623673 2.506958 -0.691758
0.619014 2.494267 -0.695627
0.628480 2.519242 -0.687719
0.627938 2.506805 -0.693440
0.632222 2.506742 -0.695264
0.632790 2.519117 -0.689429
0.637798 2.531147 -0.685356
0.637113 2.519082 -0.691279
0.642125 2.531124 -0.687200
0.641411 2.519143 -0.693238
0.636489 2.506779 -0.697212
0.646415 2.531209 -0.689152
0.645654 2.519309 -0.695292
0.650627 2.531398 -0.691184
0.649778 2.519535 -0.697414
0.640698 2.506887 -0.699257
0.644824 2.507074 -0.701387
0.648836 2.507353 -0.703586
0.653781 2.519885 -0.699613
0.652703 2.507737 -0.705845
0.657619 2.520345 -0.701868
0.656388 2.508221 -0.708151
0.661258 2.520913 -0.704175
0.659904 2.508823 -0.710527
0.651477 2.495037 -0.711920
0.655009 2.495507 -0.714272
0.650127 2.481524 -0.717856
0.658333 2.496063 -0.716683
0.653479 2.481930 -0.720252
0.663153 2.509481 -0.712950
0.661361 2.496641 -0.719144
0.664073 2.497342 -0.721662
0.666091 2.510195 -0.715432
0.656614 2.482437 -0.722704
0.659445 2.482978 -0.725204
0.651909 2.467527 -0.726176
0.648749 2.467209 -0.723739
0.654834 2.467915 -0.728667
0.647468 2.452336 -0.729590
0.644294 2.452159 -0.727165
0.650422 2.452572 -0.732064
0.643377 2.437251 -0.732892
0.646328 2.437372 -0.735335
0.639595 2.422394 -0.736022
0.640199 2.437178 -0.730485
0.636810 2.437155 -0.728099
0.636410 2.422391 -0.733647
0.632817 2.407745 -0.736623
0.632993 2.422419 -0.731276
0.629355 2.422485 -0.728895
0.629356 2.407804 -0.734273
0.625654 2.407888 -0.731891
0.625777 2.393209 -0.737080
0.629280 2.393146 -0.739394
0.622120 2.378519 -0.739674
0.622002 2.393292 -0.734700
0.618289 2.378593 -0.737309
0.617998 2.393394 -0.732275
0.614205 2.378674 -0.734877
0.613814 2.393528 -0.729831
0.621738 2.408001 -0.729482
0.625519 2.422586 -0.726508
0.617649 2.408148 -0.727065
0.621523 2.422738 -0.724114
0.609502 2.393696 -0.727395
0.609939 2.378780 -0.732423
0.610301 2.363767 -0.737293
0.606269 2.348638 -0.739529
0.614428 2.363691 -0.739709
0.610436 2.348556 -0.741936
0.618338 2.363645 -0.742079
0.621981 2.363609 -0.744381
0.614370 2.348494 -0.744291
0.618017 2.348442 -0.746577
0.610229 2.333109 -0.746339
0.606014 2.317658 -0.748286
0.613906 2.333043 -0.748638
0.606320 2.333213 -0.744008
0.602097 2.317805 -0.745953
0.602161 2.333338 -0.741627
0.617283 2.332999 -0.750896
0.609661 2.317542 -0.750587
0.612966 2.317463 -0.752851
0.605300 2.302110 -0.752424
0.608620 2.301977 -0.754719
0.600948 2.286815 -0.754159
0.601717 2.302265 -0.750128
0.604205 2.286639 -0.756461
0.607028 2.286533 -0.758736
0.599754 2.271497 -0.758046
0.602501 2.271356 -0.760318
0.595347 2.256530 -0.759468
0.590975 2.241743 -0.760698
0.597978 2.256381 -0.761719
0.600096 2.256287 -0.763959
0.593594 2.241541 -0.762975
0.595651 2.241423 -0.765223
0.589295 2.226856 -0.764053
0.591293 2.226730 -0.766308
0.585090 2.212305 -0.764928
0.586725 2.227070 -0.761768
0.583734 2.227350 -0.759478
0.582554 2.212521 -0.762633
0.578490 2.198037 -0.763272
0.579604 2.212797 -0.760334
0.575558 2.198298 -0.760959
0.576332 2.213120 -0.758034
0.572311 2.198609 -0.758643
0.572814 2.213475 -0.755747
0.568807 2.198955 -0.756322
0.564862 2.184378 -0.756648
0.560980 2.169654 -0.756745
0.568368 2.184054 -0.759000
0.571626 2.183771 -0.761346
0.564523 2.169360 -0.759146
0.567849 2.169123 -0.761556
0.560790 2.154443 -0.759217
0.564190 2.154238 -0.761700
0.557189 2.154689 -0.756748
0.557201 2.139212 -0.759383
0.553555 2.139435 -0.756829
0.553821 2.123571 -0.759757
0.560659 2.139033 -0.761952
0.557315 2.123433 -0.762405
0.563882 2.138916 -0.764528
0.567345 2.154085 -0.764199
0.566791 2.138839 -0.767142
0.560552 2.123322 -0.765077
0.563453 2.123256 -0.767774
0.557448 2.107137 -0.765882
0.560360 2.107074 -0.768661
0.554190 2.107243 -0.763118
0.554528 2.090276 -0.766940
0.557457 2.090191 -0.769799
0.551757 2.073203 -0.768122
0.554626 2.073136 -0.771030
0.549194 2.056395 -0.769223
0.551978 2.056385 -0.772145
0.554313 2.056423 -0.775051
0.549571 2.040064 -0.773002
0.551815 2.040165 -0.775937
0.549728 2.024094 -0.776538
0.553505 2.040284 -0.778903
0.551358 2.024329 -0.779570
0.556135 2.056498 -0.777981
0.554486 2.040460 -0.781867
0.557280 2.056603 -0.780917
0.560252 2.073311 -0.779783
0.557282 2.056837 -0.783714
0.560297 2.073545 -0.782575
0.563211 2.090624 -0.781276
0.558756 2.073900 -0.784938
0.555824 2.074368 -0.786678
0.561605 2.091017 -0.783594
0.564300 2.107946 -0.782191
0.558587 2.091504 -0.785255
0.561320 2.108428 -0.783830
0.554841 2.092036 -0.786468
0.552062 2.074870 -0.787915
0.557560 2.108943 -0.784985
0.550544 2.092577 -0.787230
0.547782 2.075372 -0.788735
0.553364 2.109469 -0.785762
0.545978 2.093115 -0.787706
0.548900 2.110002 -0.786249
0.552037 2.126047 -0.785072
0.544209 2.110527 -0.786470
0.547404 2.126556 -0.785281
0.550834 2.142159 -0.784185
0.542520 2.127060 -0.785203
0.546003 2.142679 -0.784071
0.549659 2.157900 -0.783026
0.540932 2.143174 -0.783643
0.544707 2.158427 -0.782595
0.548527 2.173059 -0.781752
0.539595 2.158924 -0.781814
0.543515 2.173581 -0.781034
0.534428 2.159379 -0.780635
0.538411 2.174061 -0.779934
0.529319 2.159768 -0.779033
0.533330 2.174470 -0.778423
0.524405 2.160065 -0.777009
0.528391 2.174814 -0.776522
0.532260 2.189272 -0.776234
0.523699 2.175092 -0.774264
0.527494 2.189632 -0.774091
0.531115 2.204194 -0.773924
0.523020 2.189952 -0.771624
0.526505 2.204551 -0.771532
0.529825 2.219332 -0.771306
0.522233 2.204876 -0.768820
0.525415 2.219652 -0.768619
0.528600 2.234656 -0.768229
0.533082 2.234333 -0.770938
0.531856 2.249833 -0.767670
0.536368 2.249524 -0.770399
0.535244 2.265115 -0.766894
0.538817 2.280446 -0.765825
0.531135 2.265306 -0.763767
0.539773 2.264828 -0.769615
0.544671 2.264440 -0.771874
0.543260 2.280200 -0.768632
0.548133 2.279835 -0.770896
0.546888 2.295612 -0.767352
0.551751 2.295278 -0.769585
0.550676 2.311061 -0.765744
0.542515 2.295805 -0.764495
0.546345 2.311202 -0.762865
0.538525 2.295898 -0.761248
0.542418 2.311239 -0.759569
0.534736 2.280593 -0.762662
0.534809 2.295924 -0.757822
0.530991 2.280658 -0.759271
0.538752 2.311214 -0.756097
0.531334 2.295899 -0.754348
0.535283 2.311154 -0.752611
0.539290 2.326422 -0.750643
0.532034 2.311071 -0.749201
0.536036 2.326296 -0.747241
0.540087 2.341543 -0.745087
0.533059 2.326154 -0.743979
0.537103 2.341362 -0.741838
0.541232 2.356672 -0.739525
0.534471 2.341167 -0.738742
0.538577 2.356465 -0.736428
0.542834 2.371959 -0.733981
0.536315 2.356233 -0.733452
0.534472 2.355953 -0.730553
0.540519 2.371732 -0.730981
0.544997 2.387436 -0.728467
0.538626 2.371459 -0.728050
0.537188 2.371133 -0.725166
0.543036 2.387186 -0.725505
0.547870 2.402901 -0.723041
0.541527 2.386877 -0.722587
0.546327 2.402630 -0.720120
0.540560 2.386518 -0.719720
0.540251 2.386090 -0.716950
0.545314 2.402297 -0.717254
0.536276 2.370750 -0.722337
0.532248 2.355237 -0.724931
0.536067 2.370307 -0.719617
0.533072 2.355619 -0.727717
0.550570 2.417701 -0.715005
0.544989 2.401882 -0.714502
0.551563 2.417998 -0.717839
0.556077 2.432562 -0.712917
0.556959 2.432874 -0.715698
0.561569 2.447040 -0.710840
0.562366 2.447373 -0.713591
0.567020 2.461295 -0.708659
0.567757 2.461677 -0.711384
0.572426 2.475353 -0.706294
0.566861 2.460842 -0.706031
0.572309 2.474828 -0.703691
0.577544 2.488497 -0.701129
0.572838 2.474231 -0.701278
0.578019 2.487832 -0.698719
0.582397 2.501138 -0.695819
0.579352 2.487060 -0.696645
0.583609 2.500301 -0.693654
0.587329 2.513306 -0.690351
0.585805 2.499399 -0.692011
0.589530 2.512303 -0.688528
0.593507 2.524960 -0.684941
0.592508 2.511317 -0.687222
0.596460 2.523892 -0.683464
0.600946 2.536323 -0.679741
0.599949 2.522911 -0.682559
0.604448 2.535275 -0.678731
0.609616 2.547449 -0.675041
0.608320 2.534340 -0.678291
0.613481 2.546454 -0.674523
0.618999 2.558285 -0.670860
0.617548 2.545597 -0.674530
0.621701 2.544875 -0.674954
0.623016 2.557402 -0.670785
0.628273 2.568904 -0.667084
0.627142 2.556648 -0.671167
0.632364 2.568162 -0.667402
0.631318 2.556022 -0.671907
0.625894 2.544279 -0.675722
0.636506 2.567532 -0.668115
0.635525 2.555528 -0.672927
0.630123 2.543792 -0.676796
0.640692 2.567021 -0.669118
0.639749 2.555133 -0.674203
0.634381 2.543413 -0.678110
0.643964 2.554862 -0.675660
0.644920 2.566643 -0.670334
0.649734 2.577733 -0.666538
0.649082 2.566356 -0.671731
0.653101 2.566215 -0.673194
0.653686 2.577451 -0.667736
0.657928 2.588017 -0.663913
0.657404 2.577260 -0.669004
0.660939 2.577236 -0.670285
0.661529 2.587834 -0.664997
0.664902 2.597611 -0.661155
0.664766 2.587627 -0.666197
0.667780 2.597294 -0.662109
0.667859 2.587706 -0.667324
0.670431 2.597249 -0.663013
0.670725 2.587974 -0.668449
0.664274 2.577355 -0.671598
0.660592 2.566385 -0.676215
0.667399 2.577623 -0.672936
0.664009 2.566672 -0.677756
0.670262 2.578018 -0.674299
0.673388 2.588439 -0.669571
0.667191 2.567084 -0.679333
0.673048 2.578651 -0.675667
0.670157 2.567630 -0.680947
0.675857 2.589089 -0.670699
0.675529 2.579361 -0.677095
0.677822 2.580197 -0.678594
0.672943 2.568308 -0.682612
0.678292 2.589963 -0.671855
0.679563 2.600348 -0.666109
0.680157 2.590741 -0.673113
0.681318 2.601320 -0.667068
0.682009 2.591710 -0.674448
0.683142 2.602514 -0.668097
0.679821 2.581095 -0.680187
0.683632 2.592774 -0.675893
0.685178 2.593984 -0.677473
0.681752 2.582154 -0.681880
0.684603 2.603666 -0.669288
0.685864 2.604880 -0.670645
0.682800 2.614004 -0.662434
0.681060 2.623334 -0.656981
0.683663 2.615171 -0.663597
0.681586 2.612715 -0.661526
0.680393 2.611546 -0.660764
0.680130 2.622035 -0.656104
0.679009 2.620660 -0.655452
0.679740 2.629572 -0.652586
0.678320 2.627832 -0.651957
0.678120 2.634725 -0.650466
0.680689 2.630994 -0.653517
0.679097 2.636318 -0.651421
0.681342 2.632262 -0.654726
0.679636 2.637614 -0.652707
0.682076 2.624730 -0.658072
0.681974 2.633558 -0.656159
0.682740 2.625936 -0.659483
0.679825 2.638705 -0.654253
0.682165 2.634584 -0.657861
0.679837 2.639724 -0.655946
0.683136 2.627035 -0.661130
0.681965 2.635384 -0.659705
0.679399 2.640376 -0.657785
0.683452 2.628168 -0.662905
0.681534 2.636097 -0.661538
0.683009 2.628922 -0.664736
0.678644 2.640736 -0.659666
0.680458 2.636345 -0.663345
0.677727 2.640950 -0.661506
0.679003 2.636263 -0.665107
0.681951 2.629394 -0.666479
0.683944 2.620582 -0.671743
0.680699 2.629796 -0.668083
0.682392 2.621130 -0.673245
0.679004 2.629805 -0.669663
0.677491 2.636070 -0.666821
0.680529 2.621534 -0.674609
0.677105 2.629514 -0.671324
0.675634 2.635359 -0.668707
0.675287 2.628965 -0.673195
0.678723 2.621969 -0.675889
0.679469 2.612661 -0.682687
0.676679 2.621937 -0.677449
0.674675 2.621519 -0.679318
0.677001 2.612987 -0.683976
0.674784 2.613376 -0.685301
0.675737 2.603006 -0.691243
0.672921 2.603493 -0.692365
0.678388 2.602376 -0.690139
0.673258 2.592291 -0.698329
0.676310 2.591686 -0.697299
0.671334 2.580934 -0.705542
0.670124 2.592874 -0.699290
0.666913 2.593462 -0.700202
0.667813 2.581561 -0.706342
0.664171 2.582175 -0.707062
0.665357 2.569590 -0.712948
0.661243 2.570156 -0.713405
0.662114 2.557199 -0.718548
0.669326 2.568973 -0.712345
0.673082 2.568301 -0.711571
0.666358 2.556591 -0.718097
0.663296 2.543903 -0.723221
0.670380 2.555910 -0.717427
0.674062 2.555152 -0.716484
0.667498 2.543267 -0.722675
0.664128 2.530249 -0.727139
0.671344 2.542546 -0.721806
0.674638 2.541716 -0.720549
0.668109 2.529588 -0.726390
0.664638 2.516185 -0.730423
0.671514 2.528808 -0.725190
0.668158 2.515476 -0.729323
0.674019 2.527903 -0.723505
0.677112 2.540777 -0.718859
0.670663 2.514615 -0.727645
0.675365 2.526915 -0.721392
0.678542 2.539751 -0.716780
0.675509 2.525898 -0.719002
0.671842 2.513669 -0.725485
0.668244 2.499804 -0.729294
0.671708 2.512715 -0.723041
0.670525 2.511801 -0.720496
0.667789 2.498914 -0.726797
0.663718 2.484317 -0.730372
0.666277 2.498089 -0.724219
0.661888 2.483600 -0.727766
0.657441 2.468385 -0.731223
0.659510 2.468967 -0.733835
0.653092 2.452888 -0.734596
0.655189 2.453340 -0.737168
0.648971 2.437608 -0.737815
0.645178 2.422622 -0.740846
0.651076 2.437913 -0.740345
0.652125 2.438341 -0.742785
0.647263 2.422875 -0.743312
0.648230 2.423281 -0.745651
0.643763 2.408155 -0.746028
0.640549 2.393497 -0.748569
0.641679 2.407909 -0.743647
0.644872 2.408494 -0.748349
0.641722 2.393816 -0.750829
0.644441 2.408960 -0.750320
0.642277 2.409545 -0.751682
0.647762 2.423765 -0.747666
0.641237 2.394259 -0.752762
0.638241 2.379443 -0.755195
0.639242 2.394807 -0.754234
0.635935 2.395405 -0.755156
0.636165 2.379982 -0.756672
0.632699 2.380572 -0.757557
0.632631 2.364929 -0.758938
0.629132 2.365539 -0.759827
0.628449 2.349651 -0.761034
0.634850 2.364397 -0.757506
0.630577 2.349127 -0.759609
0.635027 2.364008 -0.755514
0.638455 2.379021 -0.753200
0.633584 2.363766 -0.753306
0.630910 2.348762 -0.757683
0.629542 2.348559 -0.755502
0.626121 2.333315 -0.759713
0.625755 2.333667 -0.761592
0.621249 2.317753 -0.761667
0.625065 2.333114 -0.757586
0.622969 2.333014 -0.755364
0.620369 2.317541 -0.759573
0.618529 2.317436 -0.757368
0.615628 2.301996 -0.761440
0.616294 2.302214 -0.763481
0.610810 2.286604 -0.763138
0.613943 2.301899 -0.759247
0.609310 2.286511 -0.760980
0.611554 2.301896 -0.756998
0.615981 2.317419 -0.755116
0.620286 2.332976 -0.753126
0.624534 2.348423 -0.751055
0.628499 2.363595 -0.748850
0.621424 2.348427 -0.748829
0.627250 2.348445 -0.753271
0.631322 2.363650 -0.751076
0.634971 2.378572 -0.748728
0.637255 2.378742 -0.750990
0.638336 2.393288 -0.746249
0.632150 2.378484 -0.746482
0.635611 2.393169 -0.743962
0.629059 2.378459 -0.744250
0.625352 2.363583 -0.746622
0.625714 2.378475 -0.741989
0.632565 2.393126 -0.741684
0.636022 2.407733 -0.738938
0.639005 2.407774 -0.741278
0.642535 2.422479 -0.738404
0.604635 2.271321 -0.762537
0.606097 2.271364 -0.764703
0.606655 2.271507 -0.766728
0.601487 2.256292 -0.766125
0.601922 2.256438 -0.768126
0.596942 2.241423 -0.767383
0.597549 2.241471 -0.769479
0.592718 2.226651 -0.768554
0.593281 2.226694 -0.770682
0.588615 2.212046 -0.769541
0.587179 2.212134 -0.767250
0.584739 2.197557 -0.770352
0.589248 2.212061 -0.771758
0.585493 2.197551 -0.772690
0.588940 2.212189 -0.773823
0.585138 2.197698 -0.774840
0.592898 2.226858 -0.772630
0.587494 2.212477 -0.775565
0.591561 2.227128 -0.774340
0.585063 2.212895 -0.776936
0.583610 2.198004 -0.776657
0.581071 2.198437 -0.778062
0.579983 2.183678 -0.777591
0.577309 2.184137 -0.779034
0.581599 2.183343 -0.775681
0.576724 2.169369 -0.778412
0.573789 2.154763 -0.779300
0.578401 2.168998 -0.776405
0.573919 2.169845 -0.779894
0.570431 2.170382 -0.780940
0.570892 2.155270 -0.780859
0.567228 2.155798 -0.781902
0.567779 2.140146 -0.781850
0.570826 2.139671 -0.780263
0.564355 2.124553 -0.782711
0.563972 2.140650 -0.782898
0.560607 2.125058 -0.783843
0.559820 2.141171 -0.783604
0.563186 2.156327 -0.782597
0.555431 2.141659 -0.784024
0.556448 2.125555 -0.784600
0.558899 2.156849 -0.783014
0.562381 2.171455 -0.782071
0.554394 2.157370 -0.783162
0.557990 2.171989 -0.782249
0.561724 2.186277 -0.781378
0.553368 2.172526 -0.782145
0.557165 2.186811 -0.781331
0.561088 2.201154 -0.780428
0.552379 2.187351 -0.781006
0.556308 2.201702 -0.780196
0.547408 2.187881 -0.780379
0.551324 2.202261 -0.779671
0.542327 2.188388 -0.779404
0.546214 2.202803 -0.778820
0.537239 2.188859 -0.778018
0.541071 2.203312 -0.777606
0.544769 2.218010 -0.777066
0.535999 2.203780 -0.775965
0.539580 2.218506 -0.775594
0.543057 2.233478 -0.775050
0.534566 2.218950 -0.773656
0.537919 2.233940 -0.773246
0.541285 2.249126 -0.772629
0.546486 2.248638 -0.774388
0.551877 2.248071 -0.775652
0.549913 2.263942 -0.773573
0.553430 2.279338 -0.772481
0.555404 2.263351 -0.774670
0.560964 2.262688 -0.775371
0.558973 2.278733 -0.773535
0.562643 2.294196 -0.772139
0.564626 2.278052 -0.774120
0.568398 2.293506 -0.772579
0.570246 2.277331 -0.774326
0.574124 2.292767 -0.772758
0.566475 2.261986 -0.775731
0.575745 2.276582 -0.774376
0.579732 2.292011 -0.772700
0.571829 2.261283 -0.775801
0.581037 2.275843 -0.774231
0.577018 2.260554 -0.775758
0.585134 2.291255 -0.772506
0.586075 2.275115 -0.773960
0.590276 2.290519 -0.772217
0.590812 2.274411 -0.773573
0.581943 2.259851 -0.775529
0.586572 2.259172 -0.775156
0.577850 2.244750 -0.776942
0.573013 2.245435 -0.777087
0.573752 2.229841 -0.778201
0.582382 2.244097 -0.776603
0.578221 2.229208 -0.777926
0.586568 2.243475 -0.776080
0.582349 2.228608 -0.777431
0.590844 2.258523 -0.774623
0.590310 2.242893 -0.775341
0.593455 2.242378 -0.774335
0.586057 2.228046 -0.776699
0.594660 2.257920 -0.773892
0.599036 2.273140 -0.772304
0.597776 2.257410 -0.772862
0.602291 2.272592 -0.771343
0.600153 2.256967 -0.771578
0.604732 2.272127 -0.770094
0.601589 2.256626 -0.770001
0.595729 2.241980 -0.772980
0.597133 2.241665 -0.771358
0.606117 2.271791 -0.768508
0.610969 2.287073 -0.766981
0.615847 2.302533 -0.765300
0.611434 2.286781 -0.765174
0.609351 2.287482 -0.768471
0.606878 2.287950 -0.769710
0.614178 2.302960 -0.766786
0.611447 2.303480 -0.767914
0.618972 2.318560 -0.764947
0.616096 2.319105 -0.766023
0.620749 2.318099 -0.763482
0.623720 2.334166 -0.762998
0.620630 2.334751 -0.763999
0.625032 2.350255 -0.761936
0.616864 2.335363 -0.764696
0.612625 2.335980 -0.765191
0.621099 2.350889 -0.762546
0.612443 2.319700 -0.766786
0.608344 2.320322 -0.767382
0.608022 2.304047 -0.768798
0.603953 2.304674 -0.769431
0.603526 2.288512 -0.770629
0.599545 2.289140 -0.771311
0.595187 2.273740 -0.773049
0.595110 2.289806 -0.771835
0.599432 2.305344 -0.769905
0.603787 2.320975 -0.767814
0.594555 2.306045 -0.770285
0.598879 2.321657 -0.768154
0.589342 2.306780 -0.770573
0.583857 2.307527 -0.770789
0.593668 2.322366 -0.768444
0.598038 2.337945 -0.766145
0.588148 2.323097 -0.768661
0.582394 2.323838 -0.768797
0.592575 2.338647 -0.766361
0.596978 2.354092 -0.763953
0.586825 2.339357 -0.766506
0.591329 2.354784 -0.764093
0.580891 2.340075 -0.766532
0.576494 2.324573 -0.768785
0.585418 2.355488 -0.764129
0.574885 2.340773 -0.766316
0.568986 2.341382 -0.765630
0.579371 2.356185 -0.763944
0.570568 2.325268 -0.768493
0.564816 2.325858 -0.767671
0.566507 2.309716 -0.770415
0.560813 2.310318 -0.769577
0.572329 2.309024 -0.770826
0.578156 2.308284 -0.770899
0.555494 2.310772 -0.768028
0.557039 2.294800 -0.771176
0.559390 2.326305 -0.766223
0.563502 2.341808 -0.764134
0.554558 2.326551 -0.763919
0.558553 2.342042 -0.761884
0.550274 2.326635 -0.760965
0.554261 2.342079 -0.758880
0.546376 2.326612 -0.757638
0.550390 2.341999 -0.755493
0.542740 2.326531 -0.754140
0.546758 2.341863 -0.751982
0.550852 2.357240 -0.749657
0.543321 2.341710 -0.748483
0.547414 2.357053 -0.746160
0.551649 2.372534 -0.743713
0.544194 2.356866 -0.742771
0.548437 2.372344 -0.740330
0.552897 2.387983 -0.737821
0.545485 2.372158 -0.737087
0.549967 2.387825 -0.734587
0.554683 2.403439 -0.732097
0.547320 2.387643 -0.731481
0.552085 2.403302 -0.729003
0.557044 2.418602 -0.726626
0.549799 2.403119 -0.725996
0.554851 2.418459 -0.723646
0.560031 2.433321 -0.721427
0.553013 2.418255 -0.720722
0.558299 2.433128 -0.718541
0.563624 2.447644 -0.716398
0.568928 2.462009 -0.714167
0.565241 2.447881 -0.719246
0.570472 2.462312 -0.716994
0.567181 2.448087 -0.722147
0.572340 2.462580 -0.719874
0.569408 2.448250 -0.725119
0.562083 2.433488 -0.724360
0.564421 2.433613 -0.727371
0.567005 2.433691 -0.730487
0.559517 2.418725 -0.729681
0.562229 2.418810 -0.732842
0.565162 2.418861 -0.736125
0.557519 2.403556 -0.735300
0.560571 2.403661 -0.738623
0.563841 2.403741 -0.742050
0.556046 2.388136 -0.741180
0.559403 2.388288 -0.744642
0.562997 2.388405 -0.748129
0.555057 2.372718 -0.747202
0.558673 2.372879 -0.750719
0.562607 2.372974 -0.754098
0.554470 2.357404 -0.753187
0.558358 2.357508 -0.756593
0.562746 2.357481 -0.759569
0.567725 2.357269 -0.761914
0.566999 2.372940 -0.757124
0.571309 2.388376 -0.754491
0.572090 2.372683 -0.759414
0.576396 2.388063 -0.756778
0.577804 2.372187 -0.760795
0.573374 2.356808 -0.763308
0.582068 2.387519 -0.758195
0.583823 2.371535 -0.761439
0.589846 2.370823 -0.761638
0.588024 2.386821 -0.758876
0.591888 2.401969 -0.756224
0.593935 2.386054 -0.759101
0.597685 2.401165 -0.756521
0.599661 2.385291 -0.759129
0.603299 2.400352 -0.756601
0.605119 2.384546 -0.759057
0.595651 2.370099 -0.761617
0.601213 2.369401 -0.761510
0.606489 2.368726 -0.761358
0.610256 2.383816 -0.758933
0.611451 2.368059 -0.761174
0.602370 2.353428 -0.763770
0.607474 2.352786 -0.763549
0.612256 2.352138 -0.763286
0.603227 2.337275 -0.765892
0.608109 2.336626 -0.765586
0.616210 2.367426 -0.760962
0.616827 2.351520 -0.762971
0.620732 2.366793 -0.760701
0.624309 2.381803 -0.758366
0.625042 2.366159 -0.760348
0.628636 2.381186 -0.758063
0.631929 2.396025 -0.755658
0.627652 2.396666 -0.755959
0.635131 2.410797 -0.753147
0.638373 2.425722 -0.750442
0.630865 2.411481 -0.753430
0.639063 2.410156 -0.752614
0.642299 2.425073 -0.749904
0.645846 2.440270 -0.747109
0.645653 2.424375 -0.749091
0.649255 2.439573 -0.746252
0.653196 2.455235 -0.743228
0.651451 2.438933 -0.744790
0.655688 2.454517 -0.741814
0.659813 2.470412 -0.738564
0.656277 2.453887 -0.739678
0.660459 2.469654 -0.736371
0.664495 2.485133 -0.732912
0.663606 2.485952 -0.735094
0.661126 2.486758 -0.736684
0.667245 2.500709 -0.731487
0.664681 2.501504 -0.733098
0.661128 2.502228 -0.734150
0.656993 2.502857 -0.734725
0.657469 2.487463 -0.737619
0.653203 2.488064 -0.738060
0.653579 2.471859 -0.740904
0.649626 2.455952 -0.744077
0.657329 2.471160 -0.740086
0.649307 2.472524 -0.741305
0.644775 2.473134 -0.741449
0.645444 2.456640 -0.744488
0.641777 2.441008 -0.747518
0.640979 2.457314 -0.744640
0.636354 2.457964 -0.744704
0.637422 2.441668 -0.747778
0.632880 2.442360 -0.747901
0.634088 2.426404 -0.750732
0.629615 2.427144 -0.750881
0.626432 2.412184 -0.753622
0.624976 2.427894 -0.750983
0.620122 2.428686 -0.751019
0.628191 2.443100 -0.747945
0.621806 2.412925 -0.753757
0.618593 2.398036 -0.756338
0.616987 2.413690 -0.753869
0.611931 2.414492 -0.753926
0.613755 2.398777 -0.756473
0.608629 2.399550 -0.756554
0.615084 2.429491 -0.751032
0.606619 2.415327 -0.753891
0.601155 2.416172 -0.753788
0.609868 2.430328 -0.750973
0.604497 2.431178 -0.750761
0.613153 2.445477 -0.747771
0.607909 2.446286 -0.747565
0.616653 2.460812 -0.744411
0.618306 2.444667 -0.747876
0.621728 2.460042 -0.744562
0.623332 2.443854 -0.747946
0.626726 2.459315 -0.744654
0.630415 2.474936 -0.741312
0.631602 2.458626 -0.744701
0.635309 2.474323 -0.741404
0.639221 2.489692 -0.738199
0.640097 2.473712 -0.741459
0.644021 2.489187 -0.738267
0.647922 2.503929 -0.735062
0.648693 2.488648 -0.738244
0.652539 2.503395 -0.734973
0.656259 2.517425 -0.731499
0.651684 2.517940 -0.731654
0.659847 2.530871 -0.727626
0.660607 2.516834 -0.731120
0.655343 2.531443 -0.727900
0.650673 2.531958 -0.728013
0.658889 2.544509 -0.723601
0.654332 2.545078 -0.723835
0.649664 2.545615 -0.723950
0.657741 2.557800 -0.718903
0.653273 2.558382 -0.719168
0.648738 2.558934 -0.719348
0.657023 2.570740 -0.713814
0.652706 2.571317 -0.714154
0.660413 2.582751 -0.707694
0.656541 2.583361 -0.708289
0.663596 2.594073 -0.701076
0.667157 2.604562 -0.694504
0.660118 2.594655 -0.701878
0.656515 2.595370 -0.702598
0.663989 2.605142 -0.695468
0.667556 2.614283 -0.689125
0.660710 2.605960 -0.696288
0.657257 2.606805 -0.697089
0.664877 2.615596 -0.689811
0.661755 2.616440 -0.690768
0.667502 2.623096 -0.683288
0.664770 2.624593 -0.683863
0.669814 2.621245 -0.683203
0.669407 2.628415 -0.677860
0.666754 2.630641 -0.677741
0.671464 2.625083 -0.678975
0.671411 2.631942 -0.673813
0.673490 2.634002 -0.670962
0.673512 2.627796 -0.675547
0.668876 2.634796 -0.673178
0.671172 2.637557 -0.669873
0.666146 2.637052 -0.672925
0.663163 2.638388 -0.672987
0.668429 2.639973 -0.669381
0.663871 2.632270 -0.678019
0.660865 2.633439 -0.678380
0.661750 2.625696 -0.684614
0.658599 2.626824 -0.685184
0.658462 2.617427 -0.691570
0.654957 2.618356 -0.692179
0.653642 2.607597 -0.697811
0.648831 2.596635 -0.703789
0.649878 2.608261 -0.698335
0.644781 2.597236 -0.704157
0.646016 2.608923 -0.698602
0.642238 2.609349 -0.698498
0.651247 2.619064 -0.692484
0.640679 2.597735 -0.704278
0.636814 2.597989 -0.703971
0.635459 2.585898 -0.709554
0.631438 2.586178 -0.709157
0.630427 2.573765 -0.714588
0.639758 2.585496 -0.709668
0.634853 2.573360 -0.714758
0.644108 2.584999 -0.709516
0.648383 2.584475 -0.709210
0.639343 2.572914 -0.714760
0.634891 2.560468 -0.719604
0.643836 2.572408 -0.714619
0.648303 2.571860 -0.714404
0.639533 2.559998 -0.719595
0.635414 2.547184 -0.724007
0.644152 2.559485 -0.719500
0.640167 2.546697 -0.724042
0.636254 2.533503 -0.727968
0.644925 2.546169 -0.724023
0.641095 2.533010 -0.728052
0.637266 2.519445 -0.731569
0.645914 2.532489 -0.728069
0.642158 2.518962 -0.731678
0.638288 2.504913 -0.734936
0.646976 2.518456 -0.731711
0.643163 2.504436 -0.735037
0.633370 2.505451 -0.734806
0.634340 2.490261 -0.738087
0.629383 2.490825 -0.737942
0.625438 2.475560 -0.741192
0.624383 2.491380 -0.737768
0.619381 2.491946 -0.737557
0.620410 2.476220 -0.741031
0.628413 2.505982 -0.734642
0.623446 2.506485 -0.734443
0.632368 2.519969 -0.731458
0.627467 2.520478 -0.731310
0.631426 2.534020 -0.727901
0.622583 2.520945 -0.731109
0.617760 2.521369 -0.730840
0.626616 2.534512 -0.727787
0.618503 2.506965 -0.734206
0.614396 2.492464 -0.737274
0.613622 2.507383 -0.733866
0.608942 2.507737 -0.733271
0.609482 2.492946 -0.736825
0.604781 2.493316 -0.736032
0.605354 2.478041 -0.739892
0.600620 2.478438 -0.738886
0.601315 2.462876 -0.743102
0.610321 2.477502 -0.740471
0.615365 2.476876 -0.740811
0.606370 2.462269 -0.743808
0.602636 2.447055 -0.747123
0.611517 2.461566 -0.744188
0.597401 2.447733 -0.746409
0.599053 2.431983 -0.750400
0.593646 2.432709 -0.749602
0.595528 2.416996 -0.753425
0.589906 2.417743 -0.752642
0.586074 2.402723 -0.755531
0.584516 2.418350 -0.751241
0.580518 2.403307 -0.754079
0.588478 2.433272 -0.748204
0.579657 2.418723 -0.749003
0.583744 2.433642 -0.746140
0.575412 2.418899 -0.746122
0.575522 2.403666 -0.751790
0.571172 2.403814 -0.748832
0.566894 2.388465 -0.751503
0.567334 2.403814 -0.745500
0.571674 2.418942 -0.742869
0.568289 2.418920 -0.739484
0.576010 2.433832 -0.740263
0.579623 2.433798 -0.743394
0.580386 2.448675 -0.737661
0.572764 2.433812 -0.736977
0.569774 2.433764 -0.733689
0.577302 2.448604 -0.734497
0.581952 2.463447 -0.731995
0.574470 2.448506 -0.731307
0.579280 2.463260 -0.728904
0.571836 2.448394 -0.728171
0.576779 2.463059 -0.725834
0.574451 2.462835 -0.722822
0.581819 2.477678 -0.723420
0.579576 2.477339 -0.720422
0.584203 2.477999 -0.726449
0.586891 2.492035 -0.720943
0.589173 2.492493 -0.723969
0.591891 2.506013 -0.718386
0.584710 2.491573 -0.717930
0.589736 2.505449 -0.715346
0.582685 2.491115 -0.714956
0.577519 2.476985 -0.717476
0.587687 2.504899 -0.712337
0.580886 2.490655 -0.712040
0.579388 2.490171 -0.709193
0.585819 2.504360 -0.709380
0.575717 2.476610 -0.714587
0.574212 2.476234 -0.711767
0.573088 2.475822 -0.709001
0.578278 2.489680 -0.706422
0.583011 2.503222 -0.703672
0.577641 2.489121 -0.703721
0.582260 2.502601 -0.700935
0.586331 2.515855 -0.697960
0.582037 2.501899 -0.698299
0.585868 2.515110 -0.695234
0.589907 2.528024 -0.692026
0.586124 2.514261 -0.692644
0.590072 2.527108 -0.689333
0.591292 2.526060 -0.686917
0.594641 2.539683 -0.685938
0.595820 2.538603 -0.683419
0.599660 2.552064 -0.682463
0.594364 2.540679 -0.688705
0.599325 2.553074 -0.685269
0.594919 2.541563 -0.691585
0.599789 2.553981 -0.688186
0.596137 2.542366 -0.694515
0.590469 2.528853 -0.694840
0.591642 2.529601 -0.697718
0.593236 2.530295 -0.700638
0.587311 2.516552 -0.700774
0.588742 2.517188 -0.703645
0.584228 2.503813 -0.706490
0.590509 2.517791 -0.706577
0.595120 2.530961 -0.703599
0.592492 2.518396 -0.709568
0.594594 2.519011 -0.712603
0.597169 2.531618 -0.706603
0.599278 2.532271 -0.709634
0.601783 2.544513 -0.703411
0.606543 2.557039 -0.699989
0.603864 2.545202 -0.706427
0.599723 2.543829 -0.700432
0.604528 2.556315 -0.697037
0.597793 2.543114 -0.697468
0.602593 2.555587 -0.694101
0.607983 2.567575 -0.690459
0.600948 2.554808 -0.691141
0.606452 2.566783 -0.687532
0.612043 2.578253 -0.683662
0.605456 2.565944 -0.684597
0.611158 2.577407 -0.680780
0.605100 2.565033 -0.681705
0.610856 2.576481 -0.677937
0.605511 2.564012 -0.678931
0.606795 2.562884 -0.676394
0.611278 2.575453 -0.675215
0.612495 2.574329 -0.672717
0.616603 2.586390 -0.671347
0.616177 2.587420 -0.674021
0.621389 2.596911 -0.667353
0.617820 2.585286 -0.668917
0.622669 2.595856 -0.665025
0.619832 2.584142 -0.666846
0.614513 2.573143 -0.670572
0.624723 2.594775 -0.663070
0.622555 2.583003 -0.665240
0.625829 2.581896 -0.664186
0.627450 2.593707 -0.661574
0.617287 2.571934 -0.668926
0.611767 2.560467 -0.672548
0.620598 2.570817 -0.667769
0.624314 2.569793 -0.667176
0.615195 2.559317 -0.671429
0.629481 2.580929 -0.663575
0.634290 2.591720 -0.660102
0.633377 2.580057 -0.663481
0.637413 2.579313 -0.663807
0.638151 2.590900 -0.659984
0.642726 2.601255 -0.656756
0.642141 2.590148 -0.660306
0.646201 2.589483 -0.660948
0.646673 2.600535 -0.657029
0.650298 2.610243 -0.653879
0.650662 2.599826 -0.657650
0.653835 2.609577 -0.654159
0.654612 2.599158 -0.658470
0.650280 2.588932 -0.661784
0.657280 2.608893 -0.654654
0.658352 2.598627 -0.659287
0.654185 2.588419 -0.662808
0.660583 2.608219 -0.655282
0.661766 2.598077 -0.660204
0.663745 2.607648 -0.655950
0.665045 2.615725 -0.652241
0.666652 2.606961 -0.656811
0.667845 2.614775 -0.653096
0.669311 2.606350 -0.657740
0.670117 2.613055 -0.654461
0.671334 2.605604 -0.658778
0.671499 2.610965 -0.655957
0.673400 2.606466 -0.659097
0.672883 2.597623 -0.663810
0.675409 2.607791 -0.659308
0.672898 2.613255 -0.655278
0.671510 2.617656 -0.652644
0.674534 2.615566 -0.654842
0.673149 2.620958 -0.651796
0.676115 2.617481 -0.654787
0.677508 2.609317 -0.659582
0.674999 2.623742 -0.651444
0.677533 2.619050 -0.655050
0.676789 2.625989 -0.651539
0.678909 2.610330 -0.660140
0.675564 2.630975 -0.649307
0.673623 2.634354 -0.647990
0.677014 2.633029 -0.649738
0.673536 2.628190 -0.649289
0.671737 2.631407 -0.647915
0.671377 2.624762 -0.649725
0.669256 2.627382 -0.648412
0.669340 2.620334 -0.650926
0.666883 2.622259 -0.649727
0.664211 2.623664 -0.648962
0.666813 2.629155 -0.647686
0.661389 2.624693 -0.648586
0.662129 2.616662 -0.651520
0.659112 2.617499 -0.651030
0.656007 2.618191 -0.650821
0.658546 2.625694 -0.648374
0.652936 2.619081 -0.650639
0.655682 2.626615 -0.648368
0.649841 2.619890 -0.650707
0.652840 2.627483 -0.648558
0.646782 2.620705 -0.650987
0.646814 2.611086 -0.653667
0.643331 2.611898 -0.653757
0.639984 2.612738 -0.654167
0.638972 2.602135 -0.656724
0.635416 2.603028 -0.657158
0.630694 2.592691 -0.660570
0.632202 2.603974 -0.658047
0.636899 2.613621 -0.654958
0.629476 2.604963 -0.659410
0.627378 2.605959 -0.661231
0.634222 2.614531 -0.656187
0.632112 2.615399 -0.657907
0.638515 2.623231 -0.653550
0.642653 2.631227 -0.651538
0.636496 2.624091 -0.655092
0.641000 2.622409 -0.652316
0.644874 2.630227 -0.650401
0.643806 2.621545 -0.651506
0.647378 2.629291 -0.649515
0.651538 2.638728 -0.648271
0.650054 2.628357 -0.648931
0.653839 2.636785 -0.647674
0.657820 2.646937 -0.647102
0.656258 2.634872 -0.647315
0.659884 2.643851 -0.646725
0.658819 2.633302 -0.647096
0.661512 2.631936 -0.647048
0.662111 2.640766 -0.646523
0.664882 2.646626 -0.646593
0.664528 2.638044 -0.646497
0.666977 2.635680 -0.646747
0.666963 2.643198 -0.646588
0.669092 2.646897 -0.647112
0.669267 2.640045 -0.646760
0.671149 2.643389 -0.647298
0.671525 2.637222 -0.647190
0.669482 2.633675 -0.647120
0.673194 2.640028 -0.647717
0.675218 2.636800 -0.648421
0.674621 2.642336 -0.648564
0.676426 2.638749 -0.649225
0.672629 2.645872 -0.648234
0.675612 2.644143 -0.649749
0.673651 2.647809 -0.649440
0.677310 2.640375 -0.650328
0.676129 2.645540 -0.651179
0.674057 2.649157 -0.650869
0.677932 2.641827 -0.651654
0.676158 2.646584 -0.652753
0.677994 2.642868 -0.653244
0.673832 2.649968 -0.652427
0.675542 2.647058 -0.654445
0.673086 2.650320 -0.654032
0.677595 2.643569 -0.654983
0.674525 2.647106 -0.656172
0.671934 2.650109 -0.655677
0.676934 2.644066 -0.656761
0.673343 2.646906 -0.657913
0.675972 2.644188 -0.658593
0.670597 2.649491 -0.657365
0.672057 2.646424 -0.659736
0.674861 2.644049 -0.660461
0.670728 2.645743 -0.661677
0.669196 2.648578 -0.659134
0.666314 2.650819 -0.658558
0.667751 2.647424 -0.661067
0.666221 2.646213 -0.663228
0.664770 2.649162 -0.660490
0.661661 2.650886 -0.659886
0.663100 2.647284 -0.662679
0.659892 2.648402 -0.662127
0.661244 2.645557 -0.665270
0.664431 2.644766 -0.665743
0.659273 2.643378 -0.668535
0.658064 2.646174 -0.664742
0.654790 2.646446 -0.664212
0.656135 2.643892 -0.668100
0.652910 2.643989 -0.667578
0.654022 2.640517 -0.672542
0.650858 2.640542 -0.672013
0.651654 2.635442 -0.678381
0.657118 2.640081 -0.672858
0.654802 2.635203 -0.678620
0.660151 2.639352 -0.672996
0.657859 2.634467 -0.678592
0.662381 2.642633 -0.668856
0.665489 2.641659 -0.669071
0.667549 2.643610 -0.666189
0.670504 2.641804 -0.666700
0.669309 2.644921 -0.663787
0.672275 2.643026 -0.664423
0.673679 2.643743 -0.662369
0.674983 2.640162 -0.665312
0.676488 2.640740 -0.663378
0.673281 2.639264 -0.667371
0.655305 2.627766 -0.685550
0.651942 2.628311 -0.685617
0.647543 2.619655 -0.692406
0.648647 2.628597 -0.685228
0.644121 2.619779 -0.691857
0.645472 2.628355 -0.684344
0.642472 2.627420 -0.682961
0.648523 2.635406 -0.677745
0.641138 2.619181 -0.690638
0.636192 2.608756 -0.696405
0.638547 2.618298 -0.688950
0.636223 2.617053 -0.686855
0.633980 2.607760 -0.694380
0.632005 2.606476 -0.691932
0.628949 2.596435 -0.699195
0.627220 2.595306 -0.696548
0.623890 2.584626 -0.703691
0.630902 2.597433 -0.701544
0.625703 2.585515 -0.706206
0.633452 2.597984 -0.703175
0.638914 2.609243 -0.697753
0.628087 2.586107 -0.708133
0.623040 2.573847 -0.712741
0.620695 2.573278 -0.710605
0.626341 2.573988 -0.714031
0.618381 2.561353 -0.717096
0.616074 2.560781 -0.714721
0.614096 2.548527 -0.720976
0.621659 2.561512 -0.718597
0.625758 2.561323 -0.719313
0.617313 2.548704 -0.722689
0.613184 2.535475 -0.726194
0.621429 2.548511 -0.723514
0.617271 2.535308 -0.727150
0.625972 2.548144 -0.723869
0.630673 2.547683 -0.723985
0.621857 2.534945 -0.727565
0.630259 2.560935 -0.719562
0.613138 2.521702 -0.730340
0.609026 2.521890 -0.729314
0.605772 2.521788 -0.727392
0.604776 2.507924 -0.732087
0.601432 2.507829 -0.730019
0.600572 2.493492 -0.734622
0.597025 2.493482 -0.732509
0.596290 2.478681 -0.737321
0.592594 2.478686 -0.735086
0.592026 2.463617 -0.740226
0.596447 2.463352 -0.741985
0.587868 2.448570 -0.743177
0.588180 2.463679 -0.737843
0.583844 2.448693 -0.740647
0.584857 2.463599 -0.735031
0.589467 2.478532 -0.732389
0.586724 2.478297 -0.729466
0.594101 2.493258 -0.729858
0.591548 2.492906 -0.726961
0.598707 2.507556 -0.727385
0.603233 2.521402 -0.724732
0.596335 2.507105 -0.724449
0.601015 2.520888 -0.721786
0.594088 2.506569 -0.721424
0.598876 2.520274 -0.718725
0.596733 2.519630 -0.715655
0.603450 2.533633 -0.715780
0.607871 2.546608 -0.712524
0.601388 2.532946 -0.712698
0.605460 2.534289 -0.718837
0.609779 2.547342 -0.715576
0.607541 2.534913 -0.721820
0.611745 2.548021 -0.718487
0.609953 2.535354 -0.724407
0.614185 2.560040 -0.711925
0.612382 2.559255 -0.708964
0.618890 2.572459 -0.707928
0.617195 2.571599 -0.705072
0.622242 2.583630 -0.700909
0.615448 2.570755 -0.702155
0.613611 2.569932 -0.699216
0.620550 2.582672 -0.698068
0.610518 2.558484 -0.705955
0.608556 2.557762 -0.702968
0.605908 2.545902 -0.709474
0.625489 2.594165 -0.693785
0.618762 2.581750 -0.695200
0.616907 2.580838 -0.692313
0.623726 2.593104 -0.691001
0.621923 2.592084 -0.688192
0.628222 2.603938 -0.686637
0.626377 2.602788 -0.683905
0.632035 2.614229 -0.681998
0.630126 2.605192 -0.689330
0.634057 2.615616 -0.684494
0.637338 2.624976 -0.679242
0.635180 2.623485 -0.677051
0.639816 2.632390 -0.673731
0.639767 2.626327 -0.681238
0.642465 2.633662 -0.675405
0.644568 2.639199 -0.670065
0.645432 2.634848 -0.676757
0.647678 2.640141 -0.671198
0.649657 2.643754 -0.666820
0.646403 2.642947 -0.665805
0.651449 2.646499 -0.663457
0.653074 2.649762 -0.660702
0.647996 2.645841 -0.662517
0.649356 2.648937 -0.659865
0.644462 2.643698 -0.661733
0.643237 2.641254 -0.664761
0.645467 2.646151 -0.659199
0.640914 2.640099 -0.661445
0.640277 2.638712 -0.664044
0.641450 2.640984 -0.659214
0.637326 2.634656 -0.662586
0.637339 2.634366 -0.660580
0.637427 2.634406 -0.664933
0.633983 2.627694 -0.665711
0.633586 2.627034 -0.663404
0.634716 2.628375 -0.668049
0.630608 2.619687 -0.669690
0.629861 2.618787 -0.667130
0.631762 2.620710 -0.672248
0.627005 2.610612 -0.673984
0.623065 2.600655 -0.678315
0.628410 2.611672 -0.676707
0.625956 2.609608 -0.671253
0.625393 2.608740 -0.668539
0.621876 2.599744 -0.675503
0.621113 2.598821 -0.672703
0.617284 2.589240 -0.679667
0.618569 2.590156 -0.682515
0.616456 2.588334 -0.676822
0.620140 2.591070 -0.685354
0.613408 2.579112 -0.686555
0.615091 2.579979 -0.689439
0.609788 2.568368 -0.693377
0.611701 2.569156 -0.696297
0.624629 2.601706 -0.681126
0.620909 2.597876 -0.669964
0.625374 2.607841 -0.665917
0.626014 2.606901 -0.663459
0.629812 2.617134 -0.662187
0.634056 2.625600 -0.659037
0.630639 2.616287 -0.659920
0.629579 2.617914 -0.664646
0.633592 2.626357 -0.661170
0.637634 2.633991 -0.658560
0.638284 2.633496 -0.656578
0.642119 2.641655 -0.657199
0.643009 2.642320 -0.655201
0.646491 2.648560 -0.656940
0.650637 2.651963 -0.657531
0.647614 2.650510 -0.654876
0.648867 2.651921 -0.652932
0.651880 2.654326 -0.655408
0.653184 2.655819 -0.653500
0.656000 2.655155 -0.656332
0.657366 2.656716 -0.654471
0.659822 2.654436 -0.657218
0.654580 2.652796 -0.658389
0.658255 2.652243 -0.659186
0.656573 2.649357 -0.661481
0.661274 2.655950 -0.655438
0.663266 2.652897 -0.657940
0.664734 2.654284 -0.656200
0.667768 2.652046 -0.656807
0.666072 2.655125 -0.654583
0.669127 2.652833 -0.655175
0.667249 2.655431 -0.653057
0.662610 2.656808 -0.653790
0.663840 2.657044 -0.652266
0.658736 2.657488 -0.652781
0.660109 2.657670 -0.651241
0.654584 2.656612 -0.651753
0.656118 2.656665 -0.650229
0.650328 2.652576 -0.651191
0.652017 2.652343 -0.649761
0.645666 2.642546 -0.651672
0.640784 2.632129 -0.652986
0.644186 2.642725 -0.653317
0.647406 2.641887 -0.650195
0.649386 2.640539 -0.649079
0.653859 2.651401 -0.648553
0.657802 2.655927 -0.649016
0.655827 2.649544 -0.647693
0.659494 2.654619 -0.648001
0.662798 2.656122 -0.648825
0.661196 2.652588 -0.647269
0.662969 2.649823 -0.646816
0.664075 2.654562 -0.647969
0.666603 2.654706 -0.648682
0.665413 2.652520 -0.647376
0.667139 2.649958 -0.647182
0.667011 2.653364 -0.648005
0.668673 2.651954 -0.648014
0.669081 2.653422 -0.649067
0.670645 2.649306 -0.648058
0.671439 2.651011 -0.649272
0.671605 2.652281 -0.650631
0.668851 2.654527 -0.650291
0.671184 2.652961 -0.652091
0.670305 2.653126 -0.653613
0.668206 2.655234 -0.651620
0.664936 2.656742 -0.650886
0.665875 2.655921 -0.649687
0.661466 2.657218 -0.649901
0.639330 2.632824 -0.654742
0.635007 2.624898 -0.656936
0.630096 2.612842 -0.679386
0.633281 2.621919 -0.674740
0.635794 2.629282 -0.670217
0.637551 2.630813 -0.671963
0.637498 2.633684 -0.667183
0.639251 2.635808 -0.667565
0.641703 2.637742 -0.668709
0.592415 2.448254 -0.745119
0.664207 2.630616 -0.647242
0.677554 2.599386 -0.665257
0.675369 2.598498 -0.664492
0.645665 2.578170 -0.665401
0.641539 2.578708 -0.664445
0.608929 2.561666 -0.674232
0.606092 2.548568 -0.676103
0.603140 2.549758 -0.677745
0.600991 2.550933 -0.679917
0.597994 2.537455 -0.681321
0.652534 2.583953 -0.708810
0.652746 2.596046 -0.703260
0.672663 2.620306 -0.681738
0.672211 2.613143 -0.686995
0.670979 2.618672 -0.684101
0.669888 2.613219 -0.688412
0.670099 2.604013 -0.693454
0.615176 2.383121 -0.758781
0.623201 2.397331 -0.756165
0.619839 2.382447 -0.758596
0.589196 2.227542 -0.775684
0.581882 2.213396 -0.777952
0.578169 2.213948 -0.778666
0.577807 2.198948 -0.779077
0.574058 2.199499 -0.779761
0.573938 2.184662 -0.780045
0.570145 2.185205 -0.780753
0.566056 2.185745 -0.781184
0.566543 2.170922 -0.781644
0.569991 2.200045 -0.780217
0.574065 2.214533 -0.779113
0.565656 2.200602 -0.780434
0.569700 2.215103 -0.779385
0.565074 2.215693 -0.779434
0.560226 2.216287 -0.779269
0.569061 2.230455 -0.778335
0.564119 2.231091 -0.778250
0.558978 2.231731 -0.777939
0.567985 2.246096 -0.777114
0.562732 2.246778 -0.776905
0.557333 2.247447 -0.776431
0.553702 2.232346 -0.777374
0.550008 2.217456 -0.778149
0.548356 2.232939 -0.776421
0.555194 2.216871 -0.778873
0.567330 2.124095 -0.781078
0.568949 2.123724 -0.778812
0.572378 2.139256 -0.777977
0.569009 2.123433 -0.776114
0.565849 2.107560 -0.779906
0.565913 2.107282 -0.777175
0.564766 2.107108 -0.774330
0.563090 2.090382 -0.778480
0.561943 2.090225 -0.775580
0.559989 2.090154 -0.772674
0.559061 2.073169 -0.776858
0.557101 2.073102 -0.773937
0.562844 2.107057 -0.771473
0.565933 2.123242 -0.770514
0.569301 2.138814 -0.769808
0.567877 2.123296 -0.773301
0.571309 2.138862 -0.772539
0.572520 2.139002 -0.775312
0.574591 2.153976 -0.771956
0.577761 2.168686 -0.771472
0.575701 2.154106 -0.774625
0.572657 2.153947 -0.769313
0.570201 2.153995 -0.766729
0.575971 2.168705 -0.768934
0.573633 2.168790 -0.766436
0.579457 2.183213 -0.768525
0.583203 2.197655 -0.767982
0.577240 2.183354 -0.766102
0.581128 2.183135 -0.770982
0.581948 2.183163 -0.773412
0.578703 2.168770 -0.774010
0.581079 2.197818 -0.765622
0.574607 2.183542 -0.763713
0.570903 2.168932 -0.763980
0.575511 2.154371 -0.777175
0.668553 2.510933 -0.717940
0.674569 2.524886 -0.716471
0.672880 2.523954 -0.713940
0.678147 2.537623 -0.711931
0.676655 2.536619 -0.709422
0.681039 2.550077 -0.706799
0.678816 2.538673 -0.714409
0.681518 2.551168 -0.709211
0.683684 2.563557 -0.703443
0.681040 2.552256 -0.711479
0.683138 2.564657 -0.705631
0.679620 2.553324 -0.713526
0.681687 2.565707 -0.707572
0.677217 2.554291 -0.715196
0.679461 2.566689 -0.709247
0.680474 2.578655 -0.702170
0.676514 2.567546 -0.710557
0.677810 2.579528 -0.703525
0.679104 2.590954 -0.696152
0.674696 2.580268 -0.704619
0.681626 2.590141 -0.694886
0.681022 2.601731 -0.689018
0.683386 2.600939 -0.687836
0.681904 2.612161 -0.681541
0.683960 2.611392 -0.680391
0.685880 2.610656 -0.679022
0.687269 2.609786 -0.677426
0.685142 2.599926 -0.686433
0.686497 2.598885 -0.684800
0.683652 2.589186 -0.693408
0.684894 2.588065 -0.691644
0.682605 2.577691 -0.700594
0.684016 2.576623 -0.698746
0.684507 2.575467 -0.696646
0.685518 2.586902 -0.689711
0.684278 2.574302 -0.694459
0.683370 2.573144 -0.692259
0.683265 2.562422 -0.701099
0.685419 2.585698 -0.687678
0.684524 2.584440 -0.685640
0.686887 2.596439 -0.681065
0.687167 2.597744 -0.682976
0.686231 2.595186 -0.679211
0.687655 2.607444 -0.673887
0.687074 2.606225 -0.672174
0.687681 2.608615 -0.675674
0.685099 2.617646 -0.666577
0.685226 2.618726 -0.668342
0.684356 2.616347 -0.664988
0.684763 2.619670 -0.670103
0.683296 2.583255 -0.683700
0.681842 2.572008 -0.690117
0.680493 2.560263 -0.696453
0.680016 2.570954 -0.688085
0.677897 2.569983 -0.686164
0.678349 2.559260 -0.694234
0.675945 2.558346 -0.692116
0.675441 2.547074 -0.699577
0.672760 2.546228 -0.697313
0.671967 2.534804 -0.704514
0.677794 2.548005 -0.701924
0.674509 2.535667 -0.706931
0.679697 2.549008 -0.704338
0.682160 2.561319 -0.698751
0.670589 2.523108 -0.711432
0.667849 2.522332 -0.708972
0.664677 2.521574 -0.706539
0.669035 2.534000 -0.702158
0.665800 2.533275 -0.699861
0.669699 2.545442 -0.695104
0.662290 2.532630 -0.697611
0.658591 2.532101 -0.695415
0.666410 2.544754 -0.692958
0.662908 2.544170 -0.690865
0.670260 2.556758 -0.688104
0.667023 2.556100 -0.686178
0.673228 2.557507 -0.690078
0.675603 2.569117 -0.684343
0.663624 2.555572 -0.684297
0.660006 2.555166 -0.682458
0.659212 2.543698 -0.688828
0.655343 2.543345 -0.686850
0.654694 2.531692 -0.693272
0.651334 2.543114 -0.684929
0.647186 2.542993 -0.683077
0.656189 2.554884 -0.680658
0.652200 2.554739 -0.678905
0.648122 2.554736 -0.677228
0.656985 2.566250 -0.674679
0.642953 2.543008 -0.681296
0.638662 2.543154 -0.679618
0.633473 2.531280 -0.683641
0.629171 2.531522 -0.682088
0.550140 2.123759 -0.757120
0.546331 2.123986 -0.754520
0.549772 2.139688 -0.754309
0.553430 2.154996 -0.754286
0.545875 2.140015 -0.751810
0.549544 2.155344 -0.751852
0.545556 2.155733 -0.749451
0.557253 2.169987 -0.754346
0.633220 2.437175 -0.725725
0.640920 2.452041 -0.724774
0.645384 2.466933 -0.721345
0.541807 1.969547 -0.771811
0.538218 1.969327 -0.768685
0.534286 1.969107 -0.765652
0.538510 1.949249 -0.769501
0.534386 1.949089 -0.766339
0.529992 1.948921 -0.763274
0.534985 1.928713 -0.767148
0.525394 1.948818 -0.760296
0.530086 1.968991 -0.762705
0.525763 1.968923 -0.759872
0.530874 1.988367 -0.762253
0.532339 2.006427 -0.761964
0.534843 1.988490 -0.765150
0.534270 2.023346 -0.761699
0.534869 2.056442 -0.757546
0.529385 2.073806 -0.751127
0.556422 2.229944 -0.743553
0.560739 2.229537 -0.745760
0.564624 2.244044 -0.744690
0.568549 2.258658 -0.743399
0.568912 2.243673 -0.746947
0.572896 2.258314 -0.745668
0.577126 2.257982 -0.747959
0.576923 2.273105 -0.744200
0.556412 2.366562 -0.713532
0.565136 2.381540 -0.711857
0.560853 2.382004 -0.710901
0.569737 2.396924 -0.709377
0.569481 2.381122 -0.713135
0.574013 2.396428 -0.710672
0.578670 2.411511 -0.708280
0.578351 2.395972 -0.712238
0.582917 2.410984 -0.709814
0.582756 2.395544 -0.714038
0.587226 2.410493 -0.711554
0.591803 2.425166 -0.709056
0.591592 2.410026 -0.713475
0.596068 2.424681 -0.710896
0.600638 2.439115 -0.708234
0.600370 2.424231 -0.712883
0.604847 2.438694 -0.710134
0.609066 2.438314 -0.712154
0.613560 2.452688 -0.709181
0.596463 2.439597 -0.706481
0.592353 2.440115 -0.704899
0.588312 2.440650 -0.703517
0.587590 2.425696 -0.707383
0.597132 2.454273 -0.702298
0.593178 2.454791 -0.700999
0.589300 2.455345 -0.699917
0.584339 2.441232 -0.702362
0.579380 2.426828 -0.704719
0.580426 2.441847 -0.701498
0.575369 2.427447 -0.703819
0.571422 2.428110 -0.703290
0.570383 2.412656 -0.706097
0.565522 2.397462 -0.708410
0.574493 2.412073 -0.707019
0.583448 2.426256 -0.705918
0.489264 2.163554 -0.745402
0.487824 2.163829 -0.742694
0.483497 2.148442 -0.742349
0.494740 2.095714 -0.768555
0.491923 2.077921 -0.769563
0.495408 2.077971 -0.773107
0.539921 1.951759 -0.797253
0.543873 1.951465 -0.795253
0.544133 1.930925 -0.797143
0.547223 1.930623 -0.794500
0.550284 1.908807 -0.786069
0.548996 1.908514 -0.782377
0.549765 1.887251 -0.783869
0.547578 1.887065 -0.780057
0.547576 1.864749 -0.780879
0.544445 1.864652 -0.776839
0.430156 1.883119 -0.726140
0.457137 1.992131 -0.746714
0.475463 2.077768 -0.752197
0.478602 2.077806 -0.755581
0.469305 2.008533 -0.758192
0.389381 1.617363 -0.706386
0.432211 1.753618 -0.728247
0.438087 1.778644 -0.735547
0.441554 1.748777 -0.737029
0.445854 1.773636 -0.743466
0.458558 1.770103 -0.757683
0.450271 1.798326 -0.750847
0.443007 1.802963 -0.743446
0.454128 1.822721 -0.757279
0.459659 1.795186 -0.761074
0.461457 1.820533 -0.764961
0.470509 1.795507 -0.772979
0.464275 1.844247 -0.768946
0.457865 1.845847 -0.762593
0.467279 1.866608 -0.772150
0.470200 1.888724 -0.774173
0.461504 1.868110 -0.766731
0.456236 1.870090 -0.761581
0.465014 1.889839 -0.769500
0.459894 1.891435 -0.764668
0.468152 1.911160 -0.770859
0.463317 1.912082 -0.766376
0.470845 1.931538 -0.771386
0.472875 1.910447 -0.775167
0.477690 1.910043 -0.779470
0.475104 1.931281 -0.775373
0.477181 1.951762 -0.775155
0.479419 1.931119 -0.779387
0.483703 1.931135 -0.783353
0.480984 1.951763 -0.778859
0.482543 1.971993 -0.778080
0.479070 1.972010 -0.774497
0.484199 1.991248 -0.777280
0.482652 1.909960 -0.783779
0.473372 1.951858 -0.771428
0.475805 1.888154 -0.779027
0.451290 1.872085 -0.756714
0.452079 1.848037 -0.756838
0.447632 1.825916 -0.750684
0.446900 1.850311 -0.751718
0.442100 1.852516 -0.747037
0.442198 1.828752 -0.745383
0.437171 1.806617 -0.737898
0.489464 2.009546 -0.780319
0.499456 2.027387 -0.786872
0.506455 1.792582 -0.741897
0.187400 1.447921 -0.490767
0.316496 1.524931 -0.594415
0.329402 1.519590 -0.623001
0.326822 1.518111 -0.625327
0.323665 1.517277 -0.627573
0.320126 1.517695 -0.629462
0.328989 1.522432 -0.639783
0.324979 1.523320 -0.641618
0.330024 1.530327 -0.654322
0.327259 1.533470 -0.654701
0.325886 1.537044 -0.654190
0.325085 1.540742 -0.653415
0.403702 1.585436 -0.735953
0.472155 1.634526 -0.791905
0.472174 1.652201 -0.785206
0.473474 1.672822 -0.780985
0.461842 1.670877 -0.767890
0.433610 1.683508 -0.680819
0.421168 1.661486 -0.670855
0.414622 1.665889 -0.665718
0.408216 1.641207 -0.661132
0.414518 1.635457 -0.667137
0.402096 1.645452 -0.656312
0.394159 1.622436 -0.651580
0.388559 1.626328 -0.647365
0.380159 1.605560 -0.642085
0.399791 1.617615 -0.656443
0.374802 1.609311 -0.638691
0.367654 1.591791 -0.632802
0.363051 1.595564 -0.630090
0.358383 1.598994 -0.627674
0.352912 1.584177 -0.621652
0.348783 1.587708 -0.619733
0.343172 1.574557 -0.613612
0.339918 1.577959 -0.611784
0.334202 1.566264 -0.605942
0.331095 1.569320 -0.604556
0.324879 1.558493 -0.598791
0.327315 1.555454 -0.600331
0.321997 1.561255 -0.597608
0.315517 1.551224 -0.591851
0.313025 1.553885 -0.590685
0.306357 1.544500 -0.585282
0.317802 1.548371 -0.593274
0.319994 1.545476 -0.594687
0.308611 1.541892 -0.586291
0.310368 1.539137 -0.587477
0.299062 1.535784 -0.579308
0.300918 1.533149 -0.580284
0.290265 1.529840 -0.572345
0.297166 1.538177 -0.578511
0.295150 1.540625 -0.577710
0.288293 1.532116 -0.571687
0.279830 1.526014 -0.564529
0.286267 1.534451 -0.571012
0.284190 1.536561 -0.570491
0.278005 1.528258 -0.563881
0.269755 1.522163 -0.556739
0.275804 1.530326 -0.563491
0.273654 1.532392 -0.563085
0.267762 1.524235 -0.556348
0.259760 1.518237 -0.549244
0.265666 1.526330 -0.555928
0.257814 1.520257 -0.548887
0.249870 1.514215 -0.542057
0.255429 1.522020 -0.548860
0.247548 1.515933 -0.542099
0.252001 1.512460 -0.542140
0.244453 1.506553 -0.535226
0.253853 1.510446 -0.542494
0.261610 1.516175 -0.549614
0.255668 1.508413 -0.542823
0.246204 1.504620 -0.535588
0.247996 1.502643 -0.535961
0.249623 1.500519 -0.536435
0.257180 1.506140 -0.543441
0.250955 1.498281 -0.537058
0.241897 1.495070 -0.529376
0.243253 1.492870 -0.529987
0.244655 1.490681 -0.530566
0.245536 1.488419 -0.531448
0.252263 1.496067 -0.537669
0.253372 1.493774 -0.538435
0.259930 1.501659 -0.544732
0.258627 1.503909 -0.544054
0.260874 1.499312 -0.545620
0.267633 1.507318 -0.551947
0.266249 1.509628 -0.551264
0.275761 1.513155 -0.559382
0.268773 1.504947 -0.552810
0.276957 1.510748 -0.560268
0.285691 1.516600 -0.567776
0.278152 1.508293 -0.561176
0.284515 1.519069 -0.566758
0.293372 1.524869 -0.574138
0.283059 1.521483 -0.565910
0.291861 1.527366 -0.573247
0.281516 1.523751 -0.565188
0.274494 1.515522 -0.558544
0.272983 1.517771 -0.557895
0.271408 1.520015 -0.557271
0.264830 1.511866 -0.550639
0.263384 1.514124 -0.550001
0.302548 1.530551 -0.581329
0.312010 1.536409 -0.588697
0.321627 1.542518 -0.596115
0.237618 1.483215 -0.524530
0.281800 1.538641 -0.570071
0.290118 1.545075 -0.576595
0.298472 1.551842 -0.582864
0.292680 1.542880 -0.577181
0.301306 1.549528 -0.583429
0.310060 1.556489 -0.589752
0.303928 1.546992 -0.584321
0.319067 1.564002 -0.596456
0.307041 1.558906 -0.589156
0.303919 1.561213 -0.588755
0.315783 1.566545 -0.595804
0.312338 1.569021 -0.595257
0.324204 1.574867 -0.602491
0.332502 1.583926 -0.609447
0.320499 1.577431 -0.601894
0.327821 1.572176 -0.603324
0.336187 1.581061 -0.610520
0.344672 1.590934 -0.618104
0.340707 1.593817 -0.616761
0.353687 1.602074 -0.625735
0.349137 1.604938 -0.624087
0.364337 1.615796 -0.633447
0.369538 1.612734 -0.635747
0.382691 1.629938 -0.643734
0.344843 1.607584 -0.622731
0.336716 1.596451 -0.615707
0.328643 1.586552 -0.608663
0.332706 1.598959 -0.614805
0.324779 1.588974 -0.608107
0.316720 1.579804 -0.601551
0.308695 1.571245 -0.595082
0.300546 1.563314 -0.588650
0.297088 1.565344 -0.588633
0.295647 1.554067 -0.582368
0.431794 1.572708 -0.718776
0.428201 1.569266 -0.721132
0.424543 1.566423 -0.723730
0.442103 1.573894 -0.734088
0.438623 1.570762 -0.736120
0.453492 1.575871 -0.747758
0.462502 1.574207 -0.761146
0.449888 1.572727 -0.749150
0.446120 1.570005 -0.750738
0.458705 1.571320 -0.761762
0.454747 1.569040 -0.762755
0.464730 1.567586 -0.772429
0.468240 1.562328 -0.780968
0.460825 1.565533 -0.772796
0.468564 1.570075 -0.772546
0.472657 1.573032 -0.772806
0.472429 1.564415 -0.781311
0.464191 1.560558 -0.780877
0.456700 1.563976 -0.773668
0.459875 1.559294 -0.781220
0.450764 1.567432 -0.764141
0.434713 1.568183 -0.738403
0.420528 1.564456 -0.726394
0.404842 1.559071 -0.714477
0.400482 1.558401 -0.717382
0.384312 1.552024 -0.704663
0.369579 1.544938 -0.690712
0.379683 1.552414 -0.707345
3 0 1 84
3 0 84 2
3 0 3 4
3 0 4 1
3 0 2 5
3 0 5 3
3 9 4 3
3 9 3 6
3 7 6 3
3 7 3 5
3 7 1087 8
3 7 8 6
3 11 9 6
3 11 6 8
3 11 13 10
3 11 10 9
3 9 10 81
3 9 81 4
3 1083 12 11
3 1083 11 8
3 11 12 14
3 11 14 13
3 17 15 13
3 17 13 14
3 15 16 10
3 15 10 13
3 15 18 20
3 15 20 16
3 17 19 18
3 17 18 15
3 18 19 22
3 18 22 21
3 18 21 23
3 18 23 20
3 25 24 21
3 25 21 22
3 23 21 24
3 23 24 27
3 25 990 26
3 25 26 24
3 26 29 27
3 26 27 24
3 23 27 28
3 23 28 77
3 28 27 29
3 28 29 31
3 31 29 30
3 31 30 32
3 26 995 30
3 26 30 29
3 28 31 33
3 28 33 35
3 31 32 36
3 31 36 33
3 38 34 33
3 38 33 36
3 76 35 33
3 76 33 34
3 32 1075 37
3 32 37 36
3 38 36 37
3 38 37 39
3 38 39 41
3 38 41 34
3 43 41 39
3 43 39 40
3 1072 40 39
3 1072 39 37
3 42 76 34
3 42 34 41
3 42 41 43
3 42 43 44
3 43 45 46
3 43 46 44
3 43 40 47
3 43 47 45
3 51 46 45
3 51 45 48
3 47 50 48
3 47 48 45
3 49 48 50
3 49 50 1069
3 49 52 51
3 49 51 48
3 51 52 54
3 51 54 53
3 51 53 55
3 51 55 46
3 57 56 53
3 57 53 54
3 55 53 56
3 55 56 58
3 57 60 59
3 57 59 56
3 59 62 58
3 59 58 56
3 59 60 720
3 59 720 61
3 59 61 63
3 59 63 62
3 67 58 62
3 67 62 64
3 63 66 64
3 63 64 62
3 67 64 65
3 67 65 69
3 65 64 66
3 65 66 85
3 55 58 67
3 55 67 68
3 67 69 70
3 67 70 68
3 74 70 69
3 74 69 71
3 65 72 71
3 65 71 69
3 73 71 72
3 73 72 80
3 73 75 74
3 73 74 71
3 74 75 35
3 74 35 76
3 74 76 42
3 74 42 70
3 73 78 77
3 73 77 75
3 28 35 75
3 28 75 77
3 23 77 78
3 23 78 20
3 79 16 20
3 79 20 78
3 79 78 73
3 79 73 80
3 81 79 80
3 81 80 82
3 81 10 16
3 81 16 79
3 81 82 1
3 81 1 4
3 83 84 1
3 83 1 82
3 83 82 80
3 83 80 72
3 83 85 86
3 83 86 84
3 65 85 83
3 65 83 72
3 86 85 66
3 86 66 87
3 86 87 89
3 86 89 88
3 86 88 2
3 86 2 84
3 88 90 5
3 88 5 2
3 88 89 91
3 88 91 90
3 90 92 7
3 90 7 5
3 90 91 94
3 90 94 92
3 7 92 93
3 7 93 1087
3 93 92 94
3 93 94 96
3 730 95 94
3 730 94 91
3 95 98 96
3 95 96 94
3 93 96 97
3 93 97 1088
3 97 96 98
3 97 98 99
3 100 101 99
3 100 99 98
3 95 102 100
3 95 100 98
3 100 103 105
3 100 105 101
3 100 102 104
3 100 104 103
3 109 106 103
3 109 103 104
3 105 103 106
3 105 106 107
3 1106 107 106
3 1106 106 108
3 109 111 108
3 109 108 106
3 728 110 109
3 728 109 104
3 109 110 112
3 109 112 111
3 111 112 116
3 111 116 113
3 111 113 115
3 111 115 108
3 113 116 118
3 113 118 114
3 113 114 1130
3 113 1130 115
3 726 117 116
3 726 116 112
3 117 119 118
3 117 118 116
3 114 118 120
3 114 120 123
3 120 118 119
3 120 119 121
3 120 121 738
3 120 738 122
3 120 122 125
3 120 125 123
3 127 124 123
3 127 123 125
3 114 123 124
3 114 124 1130
3 127 125 126
3 127 126 128
3 122 830 126
3 122 126 125
3 131 124 127
3 131 127 129
3 127 128 132
3 127 132 129
3 134 130 129
3 134 129 132
3 131 129 130
3 131 130 1110
3 134 132 133
3 134 133 136
3 128 827 133
3 128 133 132
3 1115 130 134
3 1115 134 135
3 134 136 138
3 134 138 135
3 136 133 826
3 136 826 137
3 136 137 140
3 136 140 138
3 139 1117 135
3 139 135 138
3 139 138 140
3 139 140 142
3 137 837 141
3 137 141 140
3 141 144 142
3 141 142 140
3 139 142 143
3 139 143 1128
3 144 146 143
3 144 143 142
3 148 146 144
3 148 144 145
3 141 840 145
3 141 145 144
3 160 143 146
3 160 146 147
3 148 151 147
3 148 147 146
3 148 149 519
3 148 519 150
3 148 145 525
3 148 525 149
3 148 150 152
3 148 152 151
3 156 147 151
3 156 151 153
3 154 153 151
3 154 151 152
3 154 5168 155
3 154 155 153
3 157 156 153
3 157 153 155
3 157 159 158
3 157 158 156
3 156 158 160
3 156 160 147
3 162 161 158
3 162 158 159
3 160 158 161
3 160 161 163
3 162 165 164
3 162 164 161
3 163 161 164
3 163 164 166
3 165 169 167
3 165 167 164
3 166 164 167
3 166 167 168
3 170 171 168
3 170 168 167
3 169 172 170
3 169 170 167
3 170 173 176
3 170 176 171
3 170 172 174
3 170 174 173
3 300 175 173
3 300 173 174
3 176 173 175
3 176 175 178
3 176 177 1129
3 176 1129 171
3 176 178 180
3 176 180 177
3 178 175 5288
3 178 5288 179
3 178 179 181
3 178 181 180
3 185 177 180
3 185 180 182
3 181 183 182
3 181 182 180
3 184 182 183
3 184 183 5303
3 185 182 184
3 185 184 187
3 186 1129 177
3 186 177 185
3 186 185 187
3 186 187 188
3 190 188 187
3 190 187 189
3 184 191 189
3 184 189 187
3 190 189 192
3 190 192 193
3 192 189 191
3 192 191 195
3 192 194 1095
3 192 1095 193
3 192 195 196
3 192 196 194
3 196 195 197
3 196 197 200
3 198 197 195
3 198 195 191
3 198 5304 199
3 198 199 197
3 199 202 200
3 199 200 197
3 196 200 201
3 196 201 1091
3 201 200 202
3 201 202 203
3 199 206 204
3 199 204 202
3 204 205 203
3 204 203 202
3 204 207 209
3 204 209 205
3 204 206 208
3 204 208 207
3 211 210 207
3 211 207 208
3 209 207 210
3 209 210 212
3 211 214 213
3 211 213 210
3 213 215 212
3 213 212 210
3 213 214 217
3 213 217 216
3 213 216 218
3 213 218 215
3 222 219 216
3 222 216 217
3 218 216 219
3 218 219 220
3 221 986 220
3 221 220 219
3 223 221 219
3 223 219 222
3 223 222 224
3 223 224 225
3 224 222 217
3 224 217 227
3 224 226 1131
3 224 1131 225
3 224 227 229
3 224 229 226
3 229 227 228
3 229 228 230
3 227 217 214
3 227 214 228
3 229 230 233
3 229 233 231
3 229 231 232
3 229 232 226
3 236 232 231
3 236 231 234
3 233 237 234
3 233 234 231
3 235 248 236
3 235 236 234
3 235 234 237
3 235 237 239
3 233 5308 238
3 233 238 237
3 238 240 239
3 238 239 237
3 241 239 240
3 241 240 242
3 241 244 235
3 241 235 239
3 5312 243 241
3 5312 241 242
3 241 243 245
3 241 245 244
3 246 244 245
3 246 245 249
3 235 244 246
3 235 246 248
3 1134 248 246
3 1134 246 247
3 246 249 250
3 246 250 247
3 254 250 249
3 254 249 251
3 245 253 251
3 245 251 249
3 254 251 252
3 254 252 256
3 252 251 253
3 252 253 265
3 1138 250 254
3 1138 254 255
3 254 256 257
3 254 257 255
3 259 257 256
3 259 256 258
3 252 261 258
3 252 258 256
3 259 258 260
3 259 260 1149
3 260 258 261
3 260 261 262
3 263 264 262
3 263 262 261
3 252 265 263
3 252 263 261
3 263 266 269
3 263 269 264
3 263 265 267
3 263 267 266
3 5314 268 266
3 5314 266 267
3 269 266 268
3 269 268 271
3 269 270 5155
3 269 5155 264
3 269 271 272
3 269 272 270
3 275 273 271
3 275 271 268
3 272 271 273
3 272 273 276
3 275 288 274
3 275 274 273
3 274 278 276
3 274 276 273
3 272 276 277
3 272 277 5153
3 277 276 278
3 277 278 279
3 280 281 279
3 280 279 278
3 274 283 280
3 274 280 278
3 280 282 1239
3 280 1239 281
3 284 282 280
3 284 280 283
3 284 283 285
3 284 285 286
3 285 283 274
3 285 274 288
3 285 287 298
3 285 298 286
3 285 288 289
3 285 289 287
3 289 288 275
3 289 275 290
3 289 290 292
3 289 292 291
3 289 291 294
3 289 294 287
3 292 5311 293
3 292 293 291
3 295 294 291
3 295 291 293
3 295 297 296
3 295 296 294
3 296 298 287
3 296 287 294
3 296 297 300
3 296 300 299
3 296 299 302
3 296 302 298
3 301 299 300
3 301 300 174
3 302 299 301
3 302 301 304
3 302 303 286
3 302 286 298
3 302 304 306
3 302 306 303
3 305 304 301
3 305 301 335
3 306 304 305
3 306 305 308
3 306 307 1242
3 306 1242 303
3 306 308 309
3 306 309 307
3 309 308 310
3 309 310 313
3 312 310 308
3 312 308 305
3 311 315 313
3 311 313 310
3 311 310 312
3 311 312 332
3 309 313 314
3 309 314 1243
3 314 313 315
3 314 315 317
3 316 319 317
3 316 317 315
3 316 315 311
3 316 311 329
3 314 317 318
3 314 318 1246
3 318 317 319
3 318 319 320
3 321 319 316
3 321 316 324
3 321 323 320
3 321 320 319
3 355 323 321
3 355 321 322
3 321 324 325
3 321 325 322
3 327 325 324
3 327 324 326
3 316 329 326
3 316 326 324
3 327 326 328
3 327 328 339
3 328 326 329
3 328 329 330
3 311 332 330
3 311 330 329
3 328 330 331
3 328 331 336
3 331 330 332
3 331 332 333
3 312 334 333
3 312 333 332
3 331 333 165
3 331 165 162
3 165 333 334
3 165 334 169
3 312 305 335
3 312 335 334
3 169 334 335
3 169 335 172
3 301 174 172
3 301 172 335
3 331 162 159
3 331 159 336
3 157 337 336
3 157 336 159
3 328 336 337
3 328 337 339
3 338 340 339
3 338 339 337
3 338 337 157
3 338 157 155
3 327 339 340
3 327 340 342
3 341 340 338
3 341 338 5173
3 341 343 342
3 341 342 340
3 344 342 343
3 344 343 346
3 344 325 327
3 344 327 342
3 348 345 344
3 348 344 346
3 344 345 322
3 344 322 325
3 5175 347 346
3 5175 346 343
3 348 346 347
3 348 347 349
3 351 350 348
3 351 348 349
3 348 350 353
3 348 353 345
3 351 5185 352
3 351 352 350
3 354 353 350
3 354 350 352
3 354 356 355
3 354 355 353
3 355 322 345
3 355 345 353
3 355 356 358
3 355 358 323
3 354 5252 357
3 354 357 356
3 360 358 356
3 360 356 357
3 359 320 323
3 359 323 358
3 359 358 360
3 359 360 361
3 360 362 363
3 360 363 361
3 360 357 364
3 360 364 362
3 367 363 362
3 367 362 365
3 364 366 365
3 364 365 362
3 368 365 366
3 368 366 369
3 368 371 367
3 368 367 365
3 5238 370 368
3 5238 368 369
3 368 370 372
3 368 372 371
3 373 371 372
3 373 372 376
3 367 371 373
3 367 373 375
3 1256 375 373
3 1256 373 374
3 373 376 377
3 373 377 374
3 379 377 376
3 379 376 378
3 372 380 378
3 372 378 376
3 379 378 381
3 379 381 382
3 381 378 380
3 381 380 384
3 381 383 1268
3 381 1268 382
3 381 384 386
3 381 386 383
3 5239 385 384
3 5239 384 380
3 386 384 385
3 386 385 387
3 386 387 390
3 386 390 388
3 386 388 389
3 386 389 383
3 392 389 388
3 392 388 391
3 390 393 391
3 390 391 388
3 392 391 394
3 392 394 396
3 394 391 393
3 394 393 395
3 394 395 400
3 394 400 397
3 394 397 398
3 394 398 396
3 1278 398 397
3 1278 397 399
3 400 402 399
3 400 399 397
3 400 395 5253
3 400 5253 401
3 400 401 404
3 400 404 402
3 1654 399 402
3 1654 402 403
3 404 405 403
3 404 403 402
3 404 406 408
3 404 408 405
3 404 401 409
3 404 409 406
3 408 406 407
3 408 407 1650
3 411 407 406
3 411 406 409
3 410 409 401
3 410 401 5253
3 410 412 411
3 410 411 409
3 411 413 414
3 411 414 407
3 411 412 415
3 411 415 413
3 413 416 418
3 413 418 414
3 413 415 419
3 413 419 416
3 416 419 421
3 416 421 417
3 416 417 1651
3 416 1651 418
3 5224 420 419
3 5224 419 415
3 422 421 419
3 422 419 420
3 417 421 423
3 417 423 425
3 424 423 421
3 424 421 422
3 424 429 426
3 424 426 423
3 425 423 426
3 425 426 428
3 428 426 427
3 428 427 1632
3 431 427 426
3 431 426 429
3 430 429 424
3 430 424 5215
3 430 432 431
3 430 431 429
3 431 432 434
3 431 434 433
3 431 433 435
3 431 435 427
3 439 436 433
3 439 433 434
3 435 433 436
3 435 436 437
3 438 1439 437
3 438 437 436
3 438 436 439
3 438 439 440
3 439 441 442
3 439 442 440
3 439 434 443
3 439 443 441
3 445 442 441
3 445 441 444
3 443 446 444
3 443 444 441
3 445 444 447
3 445 447 448
3 447 444 446
3 447 446 450
3 447 449 1672
3 447 1672 448
3 447 450 452
3 447 452 449
3 452 450 451
3 452 451 453
3 5212 451 450
3 5212 450 446
3 452 453 456
3 452 456 454
3 452 454 455
3 452 455 449
3 460 455 454
3 460 454 457
3 456 459 457
3 456 457 454
3 460 457 458
3 460 458 461
3 458 457 459
3 458 459 5287
3 460 461 465
3 460 465 462
3 464 455 460
3 464 460 462
3 467 463 462
3 467 462 465
3 464 462 463
3 464 463 1674
3 466 465 461
3 466 461 5286
3 466 469 467
3 466 467 465
3 467 469 470
3 467 470 468
3 467 468 1676
3 467 1676 463
3 472 470 469
3 472 469 471
3 466 474 471
3 466 471 469
3 472 471 473
3 472 473 1699
3 473 471 474
3 473 474 476
3 475 477 476
3 475 476 474
3 475 474 466
3 475 466 5286
3 478 476 477
3 478 477 480
3 473 476 478
3 473 478 479
3 478 481 482
3 478 482 479
3 478 480 483
3 478 483 481
3 485 482 481
3 485 481 484
3 483 487 484
3 483 484 481
3 485 484 486
3 485 486 1706
3 486 484 487
3 486 487 489
3 483 5281 488
3 483 488 487
3 488 491 489
3 488 489 487
3 486 489 490
3 486 490 1709
3 490 489 491
3 490 491 493
3 488 5278 492
3 488 492 491
3 492 495 493
3 492 493 491
3 490 493 494
3 490 494 1712
3 494 493 495
3 494 495 496
3 497 500 496
3 497 496 495
3 492 498 497
3 492 497 495
3 497 498 5275
3 497 5275 499
3 497 499 502
3 497 502 500
3 1717 496 500
3 1717 500 501
3 502 504 501
3 502 501 500
3 502 499 5277
3 502 5277 503
3 502 503 505
3 502 505 504
3 507 501 504
3 507 504 506
3 505 509 506
3 505 506 504
3 507 506 508
3 507 508 1722
3 508 506 509
3 508 509 511
3 505 5166 510
3 505 510 509
3 510 513 511
3 510 511 509
3 508 511 512
3 508 512 1725
3 512 511 513
3 512 513 515
3 510 5164 514
3 510 514 513
3 514 517 515
3 514 515 513
3 512 515 516
3 512 516 1728
3 516 515 517
3 516 517 518
3 514 150 519
3 514 519 517
3 520 518 517
3 520 517 519
3 522 520 519
3 522 519 149
3 1733 518 520
3 1733 520 521
3 522 523 521
3 522 521 520
3 524 527 523
3 524 523 522
3 524 522 149
3 524 149 525
3 841 526 524
3 841 524 525
3 524 526 529
3 524 529 527
3 527 528 5146
3 527 5146 523
3 527 529 530
3 527 530 528
3 531 529 526
3 531 526 534
3 530 529 531
3 530 531 533
3 536 532 531
3 536 531 534
3 532 1754 533
3 532 533 531
3 841 535 534
3 841 534 526
3 537 536 534
3 537 534 535
3 537 539 538
3 537 538 536
3 536 538 541
3 536 541 532
3 817 540 538
3 817 538 539
3 540 543 541
3 540 541 538
3 532 541 542
3 532 542 1754
3 542 541 543
3 542 543 544
3 545 547 544
3 545 544 543
3 540 546 545
3 540 545 543
3 545 546 549
3 545 549 548
3 545 548 550
3 545 550 547
3 553 551 548
3 553 548 549
3 550 548 551
3 550 551 554
3 553 760 552
3 553 552 551
3 552 556 554
3 552 554 551
3 550 554 555
3 550 555 1762
3 555 554 556
3 555 556 558
3 552 762 557
3 552 557 556
3 557 560 558
3 557 558 556
3 555 558 559
3 555 559 1765
3 559 558 560
3 559 560 561
3 562 564 561
3 562 561 560
3 557 563 562
3 557 562 560
3 562 563 566
3 562 566 565
3 562 565 567
3 562 567 564
3 570 568 565
3 570 565 566
3 567 565 568
3 567 568 571
3 570 790 569
3 570 569 568
3 569 573 571
3 569 571 568
3 567 571 572
3 567 572 1780
3 572 571 573
3 572 573 575
3 569 793 574
3 569 574 573
3 574 577 575
3 574 575 573
3 572 575 576
3 572 576 1779
3 576 575 577
3 576 577 579
3 574 795 578
3 574 578 577
3 578 581 579
3 578 579 577
3 576 579 580
3 576 580 1783
3 580 579 581
3 580 581 582
3 578 584 583
3 578 583 581
3 583 585 582
3 583 582 581
3 583 584 588
3 583 588 586
3 583 586 589
3 583 589 585
3 589 586 587
3 589 587 590
3 586 588 805
3 586 805 587
3 589 591 592
3 589 592 585
3 589 590 594
3 589 594 591
3 1790 592 591
3 1790 591 593
3 594 596 593
3 594 593 591
3 594 590 623
3 594 623 595
3 594 595 597
3 594 597 596
3 599 593 596
3 599 596 598
3 597 601 598
3 597 598 596
3 599 598 600
3 599 600 1797
3 600 598 601
3 600 601 603
3 597 620 602
3 597 602 601
3 602 605 603
3 602 603 601
3 600 603 604
3 600 604 1800
3 604 603 605
3 604 605 606
3 607 608 606
3 607 606 605
3 602 609 607
3 602 607 605
3 607 610 611
3 607 611 608
3 607 609 613
3 607 613 610
3 611 610 612
3 611 612 5144
3 610 613 614
3 610 614 612
3 616 614 613
3 616 613 615
3 609 618 615
3 609 615 613
3 616 615 617
3 616 617 5129
3 617 615 618
3 617 618 619
3 620 621 619
3 620 619 618
3 602 620 618
3 602 618 609
3 597 595 621
3 597 621 620
3 595 623 622
3 595 622 621
3 625 619 621
3 625 621 622
3 624 622 623
3 624 623 811
3 625 622 624
3 625 624 627
3 617 619 625
3 617 625 626
3 625 627 628
3 625 628 626
3 629 632 628
3 629 628 627
3 624 631 629
3 624 629 627
3 629 630 633
3 629 633 632
3 629 631 808
3 629 808 630
3 632 633 637
3 632 637 634
3 632 634 636
3 632 636 628
3 638 635 634
3 638 634 637
3 636 634 635
3 636 635 5136
3 638 637 639
3 638 639 641
3 639 637 633
3 639 633 642
3 639 640 5112
3 639 5112 641
3 639 642 644
3 639 644 640
3 642 633 630
3 642 630 643
3 642 643 646
3 642 646 644
3 925 640 644
3 925 644 645
3 645 644 646
3 645 646 647
3 647 646 648
3 647 648 651
3 643 650 648
3 643 648 646
3 650 809 649
3 650 649 648
3 649 653 651
3 649 651 648
3 647 651 652
3 647 652 924
3 652 651 653
3 652 653 654
3 655 658 654
3 655 654 653
3 649 656 655
3 649 655 653
3 655 656 800
3 655 800 657
3 655 657 660
3 655 660 658
3 918 654 658
3 918 658 659
3 660 662 659
3 660 659 658
3 660 657 801
3 660 801 661
3 660 661 663
3 660 663 662
3 667 659 662
3 667 662 664
3 663 666 664
3 663 664 662
3 667 664 665
3 667 665 669
3 665 664 666
3 665 666 677
3 918 659 667
3 918 667 668
3 667 669 670
3 667 670 668
3 672 670 669
3 672 669 671
3 665 674 671
3 665 671 669
3 672 671 673
3 672 673 905
3 673 671 674
3 673 674 675
3 676 678 675
3 676 675 674
3 665 677 676
3 665 676 674
3 676 677 680
3 676 680 679
3 676 679 681
3 676 681 678
3 684 682 679
3 684 679 680
3 681 679 682
3 681 682 683
3 685 688 683
3 685 683 682
3 684 686 685
3 684 685 682
3 685 686 773
3 685 773 687
3 685 687 689
3 685 689 688
3 691 683 688
3 691 688 690
3 689 693 690
3 689 690 688
3 691 690 692
3 691 692 860
3 692 690 693
3 692 693 695
3 689 776 694
3 689 694 693
3 694 697 695
3 694 695 693
3 692 695 696
3 692 696 856
3 696 695 697
3 696 697 699
3 694 744 698
3 694 698 697
3 698 701 699
3 698 699 697
3 696 699 700
3 696 700 857
3 700 699 701
3 700 701 702
3 703 706 702
3 703 702 701
3 698 704 703
3 698 703 701
3 703 704 740
3 703 740 705
3 703 705 707
3 703 707 706
3 711 702 706
3 711 706 708
3 707 710 708
3 707 708 706
3 711 708 709
3 711 709 713
3 709 708 710
3 709 710 719
3 700 702 711
3 700 711 712
3 711 713 714
3 711 714 712
3 716 714 713
3 716 713 715
3 709 717 715
3 709 715 713
3 716 715 57
3 716 57 54
3 57 715 717
3 57 717 60
3 718 720 60
3 718 60 717
3 709 719 718
3 709 718 717
3 718 719 722
3 718 722 721
3 718 721 723
3 718 723 720
3 726 724 721
3 726 721 722
3 723 721 724
3 723 724 725
3 725 724 110
3 725 110 728
3 726 112 110
3 726 110 724
3 734 117 726
3 734 726 722
3 723 725 727
3 723 727 733
3 725 728 729
3 725 729 727
3 728 104 102
3 728 102 729
3 731 727 729
3 731 729 730
3 730 729 102
3 730 102 95
3 731 730 91
3 731 91 89
3 732 733 727
3 732 727 731
3 732 731 89
3 732 89 87
3 63 732 87
3 63 87 66
3 63 61 733
3 63 733 732
3 723 733 61
3 723 61 720
3 734 722 719
3 734 719 710
3 707 735 734
3 707 734 710
3 734 735 119
3 734 119 117
3 707 705 736
3 707 736 735
3 735 736 121
3 735 121 119
3 736 705 740
3 736 740 737
3 736 737 738
3 736 738 121
3 737 739 835
3 737 835 738
3 737 740 741
3 737 741 739
3 741 740 704
3 741 704 743
3 739 741 742
3 739 742 836
3 745 742 741
3 745 741 743
3 698 744 743
3 698 743 704
3 745 743 744
3 745 744 746
3 748 747 745
3 748 745 746
3 745 747 750
3 745 750 742
3 748 775 749
3 748 749 747
3 747 749 752
3 747 752 750
3 836 742 750
3 836 750 751
3 751 750 752
3 751 752 753
3 753 752 754
3 753 754 756
3 749 755 754
3 749 754 752
3 755 758 757
3 755 757 754
3 756 754 757
3 756 757 759
3 758 761 760
3 758 760 757
3 759 757 760
3 759 760 553
3 552 760 761
3 552 761 762
3 763 765 762
3 763 762 761
3 758 766 763
3 758 763 761
3 763 766 768
3 763 768 764
3 763 764 812
3 763 812 765
3 755 767 766
3 755 766 758
3 766 767 770
3 766 770 768
3 771 769 768
3 771 768 770
3 764 768 769
3 764 769 787
3 771 770 772
3 771 772 773
3 772 770 767
3 772 767 775
3 772 774 687
3 772 687 773
3 772 775 748
3 772 748 774
3 749 775 767
3 749 767 755
3 689 687 774
3 689 774 776
3 748 746 776
3 748 776 774
3 694 776 746
3 694 746 744
3 771 773 686
3 771 686 777
3 778 769 771
3 778 771 777
3 778 777 779
3 778 779 781
3 684 779 777
3 684 777 686
3 780 782 781
3 780 781 779
3 780 779 684
3 780 684 680
3 783 781 782
3 783 782 784
3 783 786 778
3 783 778 781
3 802 785 783
3 802 783 784
3 783 785 788
3 783 788 786
3 778 786 787
3 778 787 769
3 789 787 786
3 789 786 788
3 790 788 785
3 790 785 791
3 570 789 788
3 570 788 790
3 569 790 791
3 569 791 793
3 802 792 791
3 802 791 785
3 793 791 792
3 793 792 794
3 574 793 794
3 574 794 795
3 799 796 794
3 799 794 792
3 795 794 796
3 795 796 798
3 797 803 798
3 797 798 796
3 797 796 799
3 797 799 800
3 799 792 802
3 799 802 801
3 799 801 657
3 799 657 800
3 802 784 661
3 802 661 801
3 797 800 656
3 797 656 806
3 584 798 803
3 584 803 588
3 578 795 798
3 578 798 584
3 804 805 588
3 804 588 803
3 804 803 797
3 804 797 806
3 810 805 804
3 810 804 807
3 804 806 809
3 804 809 807
3 650 808 807
3 650 807 809
3 810 807 808
3 810 808 631
3 624 811 810
3 624 810 631
3 810 811 587
3 810 587 805
3 590 587 811
3 590 811 623
3 649 809 806
3 649 806 656
3 643 630 808
3 643 808 650
3 812 764 787
3 812 787 789
3 812 789 570
3 812 570 566
3 812 566 563
3 812 563 765
3 663 661 784
3 663 784 782
3 663 782 780
3 663 780 666
3 780 680 677
3 780 677 666
3 557 762 765
3 557 765 563
3 756 759 813
3 756 813 814
3 759 553 549
3 759 549 813
3 816 814 813
3 816 813 815
3 549 546 815
3 549 815 813
3 816 815 817
3 816 817 818
3 817 815 546
3 817 546 540
3 817 539 819
3 817 819 818
3 823 820 818
3 823 818 819
3 822 816 818
3 822 818 820
3 825 821 820
3 825 820 823
3 832 822 820
3 832 820 821
3 823 819 838
3 823 838 824
3 825 823 824
3 825 824 826
3 827 825 826
3 827 826 133
3 827 828 821
3 827 821 825
3 128 126 828
3 128 828 827
3 830 829 828
3 830 828 126
3 829 832 821
3 829 821 828
3 830 835 831
3 830 831 829
3 829 831 833
3 829 833 832
3 832 833 834
3 832 834 822
3 836 751 833
3 836 833 831
3 751 753 834
3 751 834 833
3 753 756 814
3 753 814 834
3 822 834 814
3 822 814 816
3 739 836 831
3 739 831 835
3 122 738 835
3 122 835 830
3 137 826 824
3 137 824 837
3 838 839 837
3 838 837 824
3 838 537 535
3 838 535 839
3 838 819 539
3 838 539 537
3 141 837 839
3 141 839 840
3 840 839 535
3 840 535 841
3 840 841 525
3 840 525 145
3 843 714 716
3 843 716 842
3 716 54 52
3 716 52 842
3 49 844 842
3 49 842 52
3 843 842 844
3 843 844 846
3 845 848 846
3 845 846 844
3 845 844 49
3 845 49 1069
3 847 846 848
3 847 848 850
3 847 858 843
3 847 843 846
3 849 851 850
3 849 850 848
3 849 848 845
3 849 845 1064
3 852 850 851
3 852 851 853
3 852 855 847
3 852 847 850
3 859 854 852
3 859 852 853
3 852 854 856
3 852 856 855
3 696 857 855
3 696 855 856
3 847 855 857
3 847 857 858
3 700 712 858
3 700 858 857
3 843 858 712
3 843 712 714
3 692 856 854
3 692 854 860
3 859 861 860
3 859 860 854
3 691 860 861
3 691 861 863
3 862 861 859
3 862 859 871
3 862 864 863
3 862 863 861
3 681 863 864
3 681 864 678
3 681 683 691
3 681 691 863
3 865 675 678
3 865 678 864
3 865 864 862
3 865 862 867
3 673 675 865
3 673 865 866
3 865 867 868
3 865 868 866
3 872 868 867
3 872 867 869
3 862 871 869
3 862 869 867
3 872 869 870
3 872 870 874
3 870 869 871
3 870 871 1068
3 906 868 872
3 906 872 873
3 872 874 875
3 872 875 873
3 879 875 874
3 879 874 876
3 870 877 876
3 870 876 874
3 878 876 877
3 878 877 1067
3 878 880 879
3 878 879 876
3 879 881 883
3 879 883 875
3 879 880 882
3 879 882 881
3 885 884 881
3 885 881 882
3 883 881 884
3 883 884 887
3 885 1028 886
3 885 886 884
3 887 884 886
3 887 886 888
3 889 887 888
3 889 888 892
3 883 887 889
3 883 889 890
3 889 891 903
3 889 903 890
3 889 892 894
3 889 894 891
3 1031 893 892
3 1031 892 888
3 894 892 893
3 894 893 895
3 894 896 899
3 894 899 891
3 894 895 897
3 894 897 896
3 896 897 5160
3 896 5160 898
3 900 899 896
3 900 896 898
3 900 902 901
3 900 901 899
3 901 903 891
3 901 891 899
3 901 902 905
3 901 905 904
3 901 904 906
3 901 906 903
3 673 866 904
3 673 904 905
3 906 904 866
3 906 866 868
3 906 873 890
3 906 890 903
3 672 905 902
3 672 902 907
3 900 909 907
3 900 907 902
3 908 907 909
3 908 909 911
3 908 670 672
3 908 672 907
3 910 912 911
3 910 911 909
3 910 909 900
3 910 900 898
3 913 911 912
3 913 912 915
3 913 916 908
3 913 908 911
3 920 914 913
3 920 913 915
3 913 914 917
3 913 917 916
3 918 668 916
3 918 916 917
3 908 916 668
3 908 668 670
3 652 917 914
3 652 914 924
3 652 654 918
3 652 918 917
3 5162 919 915
3 5162 915 912
3 921 920 915
3 921 915 919
3 921 923 922
3 921 922 920
3 920 922 924
3 920 924 914
3 925 645 922
3 925 922 923
3 645 647 924
3 645 924 922
3 929 926 923
3 929 923 921
3 928 925 923
3 928 923 926
3 931 927 926
3 931 926 929
3 928 926 927
3 928 927 5106
3 929 921 919
3 929 919 930
3 931 929 930
3 931 930 933
3 5104 927 931
3 5104 931 932
3 931 933 935
3 931 935 932
3 934 937 935
3 934 935 933
3 934 933 930
3 934 930 5163
3 938 936 935
3 938 935 937
3 1887 932 935
3 1887 935 936
3 938 937 939
3 938 939 940
3 939 937 934
3 939 934 942
3 939 941 1894
3 939 1894 940
3 939 942 944
3 939 944 941
3 945 944 942
3 945 942 943
3 934 5163 943
3 934 943 942
3 945 947 946
3 945 946 944
3 948 941 944
3 948 944 946
3 950 949 946
3 950 946 947
3 952 948 946
3 952 946 949
3 1039 951 949
3 1039 949 950
3 952 949 951
3 952 951 954
3 5101 948 952
3 5101 952 953
3 952 954 955
3 952 955 953
3 959 956 954
3 959 954 951
3 955 954 956
3 955 956 958
3 959 961 957
3 959 957 956
3 957 2264 958
3 957 958 956
3 1039 960 959
3 1039 959 951
3 959 960 962
3 959 962 961
3 966 963 961
3 966 961 962
3 957 961 963
3 957 963 964
3 965 5159 964
3 965 964 963
3 966 968 965
3 966 965 963
3 1045 967 966
3 1045 966 962
3 966 967 969
3 966 969 968
3 973 970 968
3 973 968 969
3 965 968 970
3 965 970 971
3 972 1135 971
3 972 971 970
3 973 974 972
3 973 972 970
3 977 975 973
3 977 973 969
3 976 974 973
3 976 973 975
3 976 975 978
3 976 978 981
3 978 975 977
3 978 977 980
3 978 980 1010
3 978 1010 979
3 978 979 982
3 978 982 981
3 223 225 981
3 223 981 982
3 976 981 225
3 976 225 1131
3 983 982 979
3 983 979 984
3 983 221 223
3 983 223 982
3 987 985 983
3 987 983 984
3 983 985 986
3 983 986 221
3 985 988 989
3 985 989 986
3 987 991 988
3 987 988 985
3 25 989 988
3 25 988 990
3 991 993 990
3 991 990 988
3 992 991 987
3 992 987 1008
3 992 994 993
3 992 993 991
3 26 990 993
3 26 993 995
3 995 993 994
3 995 994 996
3 995 996 997
3 995 997 30
3 996 994 1001
3 996 1001 998
3 996 998 999
3 996 999 997
3 1058 999 998
3 1058 998 1000
3 1001 1002 1000
3 1001 1000 998
3 1001 994 992
3 1001 992 1003
3 1001 1003 1004
3 1001 1004 1002
3 1007 1004 1003
3 1007 1003 1005
3 992 1008 1005
3 992 1005 1003
3 1006 1016 1007
3 1006 1007 1005
3 1006 1005 1008
3 1006 1008 1009
3 987 984 1009
3 987 1009 1008
3 1010 1009 984
3 1010 984 979
3 1010 1011 1006
3 1010 1006 1009
3 1010 980 1012
3 1010 1012 1011
3 1013 1011 1012
3 1013 1012 1015
3 1006 1011 1013
3 1006 1013 1016
3 1017 1016 1013
3 1017 1013 1014
3 1013 1015 1043
3 1013 1043 1014
3 1007 1016 1017
3 1007 1017 1018
3 1017 1014 1022
3 1017 1022 1019
3 1018 1017 1019
3 1018 1019 1020
3 1019 1021 1047
3 1019 1047 1020
3 1024 1021 1019
3 1024 1019 1022
3 1023 1022 1014
3 1023 1014 1043
3 1024 1022 1023
3 1024 1023 1025
3 1024 1025 1027
3 1024 1027 1026
3 1028 1021 1024
3 1028 1024 1026
3 1026 1027 1030
3 1026 1030 1029
3 1028 1026 1029
3 1028 1029 886
3 1031 888 886
3 1031 886 1029
3 1031 1029 1030
3 1031 1030 893
3 895 893 1030
3 895 1030 1032
3 1032 1030 1027
3 1032 1027 1033
3 1032 1033 1035
3 1032 1035 1034
3 895 1032 1034
3 895 1034 897
3 945 5160 897
3 945 897 1034
3 945 1034 1035
3 945 1035 947
3 1033 1037 1036
3 1033 1036 1035
3 1036 950 947
3 1036 947 1035
3 1036 1037 1041
3 1036 1041 1038
3 1036 1038 1039
3 1036 1039 950
3 1039 1038 1040
3 1039 1040 960
3 1042 1040 1038
3 1042 1038 1041
3 1023 1041 1037
3 1023 1037 1025
3 1023 1043 1042
3 1023 1042 1041
3 1042 1044 1045
3 1042 1045 1040
3 1042 1043 1015
3 1042 1015 1044
3 1012 1046 1044
3 1012 1044 1015
3 1045 1044 1046
3 1045 1046 967
3 1012 980 977
3 1012 977 1046
3 977 969 967
3 977 967 1046
3 1045 962 960
3 1045 960 1040
3 1033 1027 1025
3 1033 1025 1037
3 885 1047 1021
3 885 1021 1028
3 1048 1050 1020
3 1048 1020 1047
3 1048 1047 885
3 1048 885 882
3 1048 882 880
3 1048 880 1049
3 1051 1050 1048
3 1051 1048 1049
3 1051 1053 1052
3 1051 1052 1050
3 1018 1020 1050
3 1018 1050 1052
3 1004 1052 1053
3 1004 1053 1002
3 1007 1018 1052
3 1007 1052 1004
3 1054 1000 1002
3 1054 1002 1053
3 1054 1053 1051
3 1054 1051 1055
3 1058 1000 1054
3 1058 1054 1056
3 1054 1055 1059
3 1054 1059 1056
3 1061 1057 1056
3 1061 1056 1059
3 1058 1056 1057
3 1058 1057 1073
3 1061 1059 1060
3 1061 1060 1063
3 1060 1059 1055
3 1060 1055 1076
3 1070 1057 1061
3 1070 1061 1062
3 1061 1063 1064
3 1061 1064 1062
3 849 1064 1063
3 849 1063 1065
3 1060 1067 1065
3 1060 1065 1063
3 1066 1065 1067
3 1066 1067 877
3 1066 851 849
3 1066 849 1065
3 1060 1076 878
3 1060 878 1067
3 870 1068 1066
3 870 1066 877
3 1066 1068 853
3 1066 853 851
3 859 853 1068
3 859 1068 871
3 845 1069 1062
3 845 1062 1064
3 1070 1062 1069
3 1070 1069 50
3 47 1071 1070
3 47 1070 50
3 1070 1071 1073
3 1070 1073 1057
3 47 40 1072
3 47 1072 1071
3 1074 1073 1071
3 1074 1071 1072
3 1074 999 1058
3 1074 1058 1073
3 1075 1074 1072
3 1075 1072 37
3 1075 997 999
3 1075 999 1074
3 32 30 997
3 32 997 1075
3 1051 1049 1076
3 1051 1076 1055
3 878 1076 1049
3 878 1049 880
3 1077 220 986
3 1077 986 989
3 1077 989 25
3 1077 25 22
3 1077 22 19
3 1077 19 1078
3 218 220 1077
3 218 1077 1078
3 17 1079 1078
3 17 1078 19
3 218 1078 1079
3 218 1079 215
3 1080 212 215
3 1080 215 1079
3 1080 1079 17
3 1080 17 14
3 209 212 1080
3 209 1080 1081
3 1080 14 12
3 1080 12 1081
3 1083 1082 1081
3 1083 1081 12
3 209 1081 1082
3 209 1082 205
3 1084 203 205
3 1084 205 1082
3 1084 1082 1083
3 1084 1083 1086
3 201 203 1084
3 201 1084 1085
3 1084 1086 1088
3 1084 1088 1085
3 93 1088 1086
3 93 1086 1087
3 1083 8 1087
3 1083 1087 1086
3 97 1089 1085
3 97 1085 1088
3 201 1085 1089
3 201 1089 1091
3 97 99 1090
3 97 1090 1089
3 1090 1092 1091
3 1090 1091 1089
3 196 1091 1092
3 196 1092 194
3 1090 1094 1093
3 1090 1093 1092
3 1093 1095 194
3 1093 194 1092
3 1093 1094 1097
3 1093 1097 1096
3 1093 1096 1098
3 1093 1098 1095
3 1100 1099 1096
3 1100 1096 1097
3 1098 1096 1099
3 1098 1099 1101
3 1100 1105 1102
3 1100 1102 1099
3 1101 1099 1102
3 1101 1102 1104
3 1103 1112 1104
3 1103 1104 1102
3 1103 1102 1105
3 1103 1105 1107
3 1100 107 1106
3 1100 1106 1105
3 1106 1108 1107
3 1106 1107 1105
3 1103 1107 1109
3 1103 1109 1112
3 1108 1111 1109
3 1108 1109 1107
3 1111 131 1110
3 1111 1110 1109
3 1110 1113 1112
3 1110 1112 1109
3 1113 1114 1104
3 1113 1104 1112
3 1116 1114 1113
3 1116 1113 1115
3 1115 1113 1110
3 1115 1110 130
3 1116 1115 135
3 1116 135 1117
3 1120 1114 1116
3 1120 1116 1118
3 1116 1117 1119
3 1116 1119 1118
3 1121 1118 1119
3 1121 1119 1123
3 1120 1118 1121
3 1120 1121 1122
3 1121 190 193
3 1121 193 1122
3 1121 1123 188
3 1121 188 190
3 1124 1123 1119
3 1124 1119 1126
3 1124 186 188
3 1124 188 1123
3 1125 1129 186
3 1125 186 1124
3 1125 1124 1126
3 1125 1126 1127
3 139 1126 1119
3 139 1119 1117
3 139 1128 1127
3 139 1127 1126
3 163 166 1127
3 163 1127 1128
3 166 168 1125
3 166 1125 1127
3 160 163 1128
3 160 1128 143
3 1125 168 171
3 1125 171 1129
3 1098 1122 193
3 1098 193 1095
3 1098 1101 1120
3 1098 1120 1122
3 1120 1101 1104
3 1120 1104 1114
3 1108 115 1130
3 1108 1130 1111
3 1111 1130 124
3 1111 124 131
3 1106 108 115
3 1106 115 1108
3 105 107 1100
3 105 1100 1097
3 105 1097 1094
3 105 1094 101
3 1090 99 101
3 1090 101 1094
3 1132 974 976
3 1132 976 1131
3 1132 1131 226
3 1132 226 232
3 236 1133 1132
3 236 1132 232
3 1132 1133 972
3 1132 972 974
3 236 248 1134
3 236 1134 1133
3 972 1133 1134
3 972 1134 1135
3 1134 247 1136
3 1134 1136 1135
3 1137 971 1135
3 1137 1135 1136
3 1137 1136 1138
3 1137 1138 1139
3 1138 1136 247
3 1138 247 250
3 1138 255 1141
3 1138 1141 1139
3 1142 1140 1139
3 1142 1139 1141
3 1137 1139 1140
3 1137 1140 5159
3 1142 1141 1143
3 1142 1143 1144
3 1143 1141 255
3 1143 255 257
3 1143 257 259
3 1143 259 1145
3 1143 1145 1146
3 1143 1146 1144
3 1150 1146 1145
3 1150 1145 1147
3 259 1149 1147
3 259 1147 1145
3 1150 1147 1148
3 1150 1148 1152
3 1148 1147 1149
3 1148 1149 5158
3 2262 1146 1150
3 2262 1150 1151
3 1150 1152 1153
3 1150 1153 1151
3 1156 1153 1152
3 1156 1152 1154
3 1148 1155 1154
3 1148 1154 1152
3 1157 1154 1155
3 1157 1155 1158
3 1157 1160 1156
3 1157 1156 1154
3 1193 1159 1157
3 1193 1157 1158
3 1157 1159 1161
3 1157 1161 1160
3 1165 1162 1160
3 1165 1160 1161
3 1156 1160 1162
3 1156 1162 1163
3 1164 2184 1163
3 1164 1163 1162
3 1166 1164 1162
3 1166 1162 1165
3 1166 1165 1167
3 1166 1167 1168
3 1167 1165 1161
3 1167 1161 1169
3 1167 1170 1171
3 1167 1171 1168
3 1167 1169 1172
3 1167 1172 1170
3 1174 1171 1170
3 1174 1170 1173
3 1172 1175 1173
3 1172 1173 1170
3 1174 1173 1176
3 1174 1176 1177
3 1176 1173 1175
3 1176 1175 1179
3 1176 1178 2285
3 1176 2285 1177
3 1176 1179 1180
3 1176 1180 1178
3 1182 1181 1179
3 1182 1179 1175
3 1180 1179 1181
3 1180 1181 1183
3 1182 1187 1184
3 1182 1184 1181
3 1184 1186 1183
3 1184 1183 1181
3 1184 1187 1188
3 1184 1188 1185
3 1184 1185 2292
3 1184 2292 1186
3 1187 1189 1190
3 1187 1190 1188
3 1182 1191 1189
3 1182 1189 1187
3 1195 1190 1189
3 1195 1189 1192
3 1191 1194 1192
3 1191 1192 1189
3 1195 1192 1193
3 1195 1193 1197
3 1193 1192 1194
3 1193 1194 1159
3 2318 1190 1195
3 2318 1195 1196
3 1195 1197 1198
3 1195 1198 1196
3 1201 1198 1197
3 1201 1197 1199
3 1193 1158 1199
3 1193 1199 1197
3 1200 1199 1158
3 1200 1158 1155
3 1200 1202 1201
3 1200 1201 1199
3 1201 1202 1204
3 1201 1204 1203
3 1201 1203 1205
3 1201 1205 1198
3 1207 1206 1203
3 1207 1203 1204
3 1205 1203 1206
3 1205 1206 1209
3 1207 5154 1208
3 1207 1208 1206
3 1208 1211 1209
3 1208 1209 1206
3 1205 1209 1210
3 1205 1210 2320
3 1210 1209 1211
3 1210 1211 1213
3 1208 5152 1212
3 1208 1212 1211
3 1212 1215 1213
3 1212 1213 1211
3 1210 1213 1214
3 1210 1214 2321
3 1214 1213 1215
3 1214 1215 1216
3 1217 1218 1216
3 1217 1216 1215
3 1212 1219 1217
3 1212 1217 1215
3 1217 1220 1222
3 1217 1222 1218
3 1217 1219 1221
3 1217 1221 1220
3 1225 1223 1220
3 1225 1220 1221
3 1222 1220 1223
3 1222 1223 1224
3 1226 1227 1224
3 1226 1224 1223
3 1225 1228 1226
3 1225 1226 1223
3 1226 1229 1230
3 1226 1230 1227
3 1226 1228 1232
3 1226 1232 1229
3 1230 1229 1231
3 1230 1231 1255
3 1233 1231 1229
3 1233 1229 1232
3 1234 1232 1228
3 1234 1228 1236
3 1234 1235 1233
3 1234 1233 1232
3 1238 1235 1234
3 1238 1234 1237
3 1239 1237 1234
3 1239 1234 1236
3 1238 1237 1240
3 1238 1240 1241
3 1240 1237 1239
3 1240 1239 282
3 1240 1242 307
3 1240 307 1241
3 1240 282 284
3 1240 284 1242
3 284 286 303
3 284 303 1242
3 309 1243 1241
3 309 1241 307
3 1238 1241 1243
3 1238 1243 1244
3 314 1246 1244
3 314 1244 1243
3 1245 1235 1238
3 1245 1238 1244
3 1245 1244 1246
3 1245 1246 1247
3 318 1248 1247
3 318 1247 1246
3 1249 1247 1248
3 1249 1248 1250
3 1249 1252 1245
3 1249 1245 1247
3 5148 1251 1249
3 5148 1249 1250
3 1249 1251 1253
3 1249 1253 1252
3 1245 1252 1233
3 1245 1233 1235
3 1233 1252 1253
3 1233 1253 1231
3 1253 1254 1255
3 1253 1255 1231
3 1253 1251 1256
3 1253 1256 1254
3 1258 1255 1254
3 1258 1254 1257
3 1256 374 1257
3 1256 1257 1254
3 1258 1257 1259
3 1258 1259 1260
3 1259 1257 374
3 1259 374 377
3 1259 1261 1262
3 1259 1262 1260
3 1259 377 379
3 1259 379 1261
3 1264 1262 1261
3 1264 1261 1263
3 379 382 1263
3 379 1263 1261
3 1264 1263 1265
3 1264 1265 1267
3 1265 1263 382
3 1265 382 1268
3 1265 1266 2372
3 1265 2372 1267
3 1265 1268 1269
3 1265 1269 1266
3 1269 1268 383
3 1269 383 389
3 1269 1270 1271
3 1269 1271 1266
3 1269 389 392
3 1269 392 1270
3 1273 1271 1270
3 1273 1270 1272
3 392 396 1272
3 392 1272 1270
3 1273 1272 1274
3 1273 1274 1275
3 1274 1272 396
3 1274 396 398
3 1274 1276 1277
3 1274 1277 1275
3 1274 398 1278
3 1274 1278 1276
3 1282 1277 1276
3 1282 1276 1279
3 1278 1280 1279
3 1278 1279 1276
3 1281 1279 1280
3 1281 1280 1655
3 1281 1283 1282
3 1281 1282 1279
3 1282 1284 1285
3 1282 1285 1277
3 1282 1283 1287
3 1282 1287 1284
3 1285 1284 1286
3 1285 1286 2379
3 1286 1284 1287
3 1286 1287 1288
3 1292 1288 1287
3 1292 1287 1289
3 1283 1291 1289
3 1283 1289 1287
3 1292 1289 1290
3 1292 1290 1293
3 1290 1289 1291
3 1290 1291 1325
3 1294 1292 1293
3 1294 1293 1295
3 1294 1297 1288
3 1294 1288 1292
3 1296 1294 1295
3 1296 1295 1311
3 1296 1298 1297
3 1296 1297 1294
3 1301 1299 1297
3 1301 1297 1298
3 1299 1286 1288
3 1299 1288 1297
3 1301 1302 1300
3 1301 1300 1299
3 1299 1300 2379
3 1299 2379 1286
3 1301 1298 1306
3 1301 1306 1303
3 1305 1302 1301
3 1305 1301 1303
3 1307 1304 1303
3 1307 1303 1306
3 1305 1303 1304
3 1305 1304 2351
3 1307 1306 1308
3 1307 1308 1309
3 1308 1306 1298
3 1308 1298 1296
3 1308 1310 1312
3 1308 1312 1309
3 1308 1296 1311
3 1308 1311 1310
3 1313 1310 1311
3 1313 1311 1315
3 1313 1314 1312
3 1313 1312 1310
3 1316 1318 1314
3 1316 1314 1313
3 1316 1313 1315
3 1316 1315 1319
3 1321 1317 1316
3 1321 1316 1319
3 1316 1317 2447
3 1316 2447 1318
3 5147 1320 1319
3 5147 1319 1315
3 1321 1319 1320
3 1321 1320 1323
3 1324 1322 1321
3 1324 1321 1323
3 1321 1322 1332
3 1321 1332 1317
3 1290 1323 1320
3 1290 1320 1293
3 1290 1325 1324
3 1290 1324 1323
3 1324 1325 1327
3 1324 1327 1326
3 1324 1326 1329
3 1324 1329 1322
3 1551 1328 1326
3 1551 1326 1327
3 1328 1330 1329
3 1328 1329 1326
3 1331 1332 1322
3 1331 1322 1329
3 1330 1333 1331
3 1330 1331 1329
3 1331 1334 1336
3 1331 1336 1332
3 1331 1333 1335
3 1331 1335 1334
3 1338 1337 1334
3 1338 1334 1335
3 1336 1334 1337
3 1336 1337 1339
3 1338 1341 1340
3 1338 1340 1337
3 1340 1343 1339
3 1340 1339 1337
3 1340 1341 1534
3 1340 1534 1342
3 1340 1342 1345
3 1340 1345 1343
3 2446 1339 1343
3 2446 1343 1344
3 1345 1347 1344
3 1345 1344 1343
3 1345 1342 1523
3 1345 1523 1346
3 1345 1346 1348
3 1345 1348 1347
3 1348 1352 1349
3 1348 1349 1347
3 1350 1344 1347
3 1350 1347 1349
3 1350 1349 1351
3 1350 1351 2402
3 1351 1349 1352
3 1351 1352 1354
3 1348 1658 1353
3 1348 1353 1352
3 1353 1356 1354
3 1353 1354 1352
3 1351 1354 1355
3 1351 1355 2403
3 1355 1354 1356
3 1355 1356 1357
3 1359 1357 1356
3 1359 1356 1358
3 1353 1360 1358
3 1353 1358 1356
3 1359 1358 1361
3 1359 1361 1362
3 1360 1364 1361
3 1360 1361 1358
3 1362 1361 1363
3 1362 1363 2437
3 1364 1366 1363
3 1364 1363 1361
3 1360 1659 1365
3 1360 1365 1364
3 1364 1365 1367
3 1364 1367 1366
3 1366 1367 1370
3 1366 1370 1368
3 1366 1368 1369
3 1366 1369 1363
3 1368 1371 1372
3 1368 1372 1369
3 1368 1370 1373
3 1368 1373 1371
3 1375 1372 1371
3 1375 1371 1374
3 1373 1377 1374
3 1373 1374 1371
3 1375 1374 1376
3 1375 1376 2279
3 1376 1374 1377
3 1376 1377 1378
3 1373 1380 1379
3 1373 1379 1377
3 1379 1382 1378
3 1379 1378 1377
3 1379 1380 1661
3 1379 1661 1381
3 1379 1381 1384
3 1379 1384 1382
3 2275 1378 1382
3 2275 1382 1383
3 1384 1386 1383
3 1384 1383 1382
3 1384 1381 1664
3 1384 1664 1385
3 1384 1385 1388
3 1384 1388 1386
3 2272 1383 1386
3 2272 1386 1387
3 1388 1390 1387
3 1388 1387 1386
3 1388 1385 1666
3 1388 1666 1389
3 1388 1389 1391
3 1388 1391 1390
3 1393 1387 1390
3 1393 1390 1392
3 1391 1395 1392
3 1391 1392 1390
3 1393 1392 1394
3 1393 1394 2164
3 1394 1392 1395
3 1394 1395 1397
3 1391 1479 1396
3 1391 1396 1395
3 1396 1399 1397
3 1396 1397 1395
3 1394 1397 1398
3 1394 1398 2162
3 1398 1397 1399
3 1398 1399 1400
3 1396 1402 1401
3 1396 1401 1399
3 1401 1404 1400
3 1401 1400 1399
3 1401 1402 1474
3 1401 1474 1403
3 1401 1403 1405
3 1401 1405 1404
3 1407 1400 1404
3 1407 1404 1406
3 1405 1409 1406
3 1405 1406 1404
3 1407 1406 1408
3 1407 1408 2156
3 1408 1406 1409
3 1408 1409 1410
3 1411 1412 1410
3 1411 1410 1409
3 1405 1413 1411
3 1405 1411 1409
3 1411 1414 1416
3 1411 1416 1412
3 1411 1413 1415
3 1411 1415 1414
3 1420 1417 1414
3 1420 1414 1415
3 1416 1414 1417
3 1416 1417 1419
3 1418 1677 1419
3 1418 1419 1417
3 1418 1417 1420
3 1418 1420 1421
3 1420 1415 1424
3 1420 1424 1422
3 1420 1422 1425
3 1420 1425 1421
3 1424 1472 1423
3 1424 1423 1422
3 1427 1425 1422
3 1427 1422 1423
3 1426 1673 1421
3 1426 1421 1425
3 1427 1429 1426
3 1427 1426 1425
3 1469 1428 1427
3 1469 1427 1423
3 1427 1428 1430
3 1427 1430 1429
3 1433 1431 1429
3 1433 1429 1430
3 1426 1429 1431
3 1426 1431 1432
3 445 448 1432
3 445 1432 1431
3 1433 442 445
3 1433 445 1431
3 1433 1434 440
3 1433 440 442
3 1435 1434 1433
3 1435 1433 1430
3 1435 1437 1436
3 1435 1436 1434
3 438 440 1434
3 438 1434 1436
3 1438 1436 1437
3 1438 1437 1440
3 1438 1439 438
3 1438 438 1436
3 1438 1441 1442
3 1438 1442 1439
3 1443 1441 1438
3 1443 1438 1440
3 1445 1442 1441
3 1445 1441 1444
3 1443 1446 1444
3 1443 1444 1441
3 1445 1444 1447
3 1445 1447 1448
3 1447 1444 1446
3 1447 1446 1450
3 1447 1449 1623
3 1447 1623 1448
3 1447 1450 1451
3 1447 1451 1449
3 1451 1450 1452
3 1451 1452 1453
3 1455 1452 1450
3 1455 1450 1446
3 1453 1452 1454
3 1453 1454 1595
3 1454 1452 1455
3 1454 1455 1457
3 1455 1446 1443
3 1455 1443 1456
3 1455 1456 1459
3 1455 1459 1457
3 1460 1458 1457
3 1460 1457 1459
3 1454 1457 1458
3 1454 1458 1597
3 1460 1459 1461
3 1460 1461 1462
3 1461 1459 1456
3 1461 1456 1464
3 1461 1463 1489
3 1461 1489 1462
3 1461 1464 1465
3 1461 1465 1463
3 1443 1440 1464
3 1443 1464 1456
3 1465 1464 1440
3 1465 1440 1437
3 1465 1437 1435
3 1465 1435 1466
3 1465 1466 1467
3 1465 1467 1463
3 1469 1467 1466
3 1469 1466 1428
3 1435 1430 1428
3 1435 1428 1466
3 1468 1489 1463
3 1468 1463 1467
3 1468 1467 1469
3 1468 1469 1470
3 1469 1423 1472
3 1469 1472 1470
3 1473 1471 1470
3 1473 1470 1472
3 1468 1470 1471
3 1468 1471 1490
3 1424 1475 1473
3 1424 1473 1472
3 1473 1474 1476
3 1473 1476 1471
3 1473 1475 1403
3 1473 1403 1474
3 1405 1403 1475
3 1405 1475 1413
3 1424 1415 1413
3 1424 1413 1475
3 1476 1474 1402
3 1476 1402 1478
3 1476 1477 1490
3 1476 1490 1471
3 1476 1478 1480
3 1476 1480 1477
3 1396 1479 1478
3 1396 1478 1402
3 1480 1478 1479
3 1480 1479 1481
3 1480 1482 1485
3 1480 1485 1477
3 1480 1481 1483
3 1480 1483 1482
3 1483 1667 1484
3 1483 1484 1482
3 1486 1485 1482
3 1486 1482 1484
3 1486 1488 1487
3 1486 1487 1485
3 1487 1490 1477
3 1487 1477 1485
3 1487 1488 1462
3 1487 1462 1489
3 1487 1489 1468
3 1487 1468 1490
3 1460 1462 1488
3 1460 1488 1491
3 1486 1492 1491
3 1486 1491 1488
3 1493 1491 1492
3 1493 1492 1495
3 1493 1458 1460
3 1493 1460 1491
3 1497 1494 1493
3 1497 1493 1495
3 1493 1494 1597
3 1493 1597 1458
3 1670 1496 1495
3 1670 1495 1492
3 1497 1495 1496
3 1497 1496 1498
3 1502 1499 1497
3 1502 1497 1498
3 1497 1499 1501
3 1497 1501 1494
3 1503 1500 1499
3 1503 1499 1502
3 1598 1501 1499
3 1598 1499 1500
3 1502 1498 1506
3 1502 1506 1504
3 1503 1502 1504
3 1503 1504 1505
3 1508 1505 1504
3 1508 1504 1507
3 1507 1504 1506
3 1507 1506 1510
3 1508 1507 1509
3 1508 1509 1520
3 1507 1510 1512
3 1507 1512 1509
3 1510 1506 1669
3 1510 1669 1511
3 1510 1511 1513
3 1510 1513 1512
3 1515 1514 1512
3 1515 1512 1513
3 1517 1509 1512
3 1517 1512 1514
3 1515 1660 1516
3 1515 1516 1514
3 1516 1518 1517
3 1516 1517 1514
3 1517 1518 1521
3 1517 1521 1519
3 1517 1519 1520
3 1517 1520 1509
3 1522 1525 1520
3 1522 1520 1519
3 1521 1524 1522
3 1521 1522 1519
3 1522 1523 1526
3 1522 1526 1525
3 1522 1524 1346
3 1522 1346 1523
3 1525 1527 1508
3 1525 1508 1520
3 1525 1526 1529
3 1525 1529 1527
3 1508 1527 1528
3 1508 1528 1505
3 1530 1528 1527
3 1530 1527 1529
3 1531 1529 1526
3 1531 1526 1534
3 1531 1532 1530
3 1531 1530 1529
3 1536 1532 1531
3 1536 1531 1533
3 1531 1534 1341
3 1531 1341 1533
3 1526 1523 1342
3 1526 1342 1534
3 1338 1535 1533
3 1338 1533 1341
3 1536 1533 1535
3 1536 1535 1538
3 1537 1607 1532
3 1537 1532 1536
3 1537 1536 1538
3 1537 1538 1539
3 1541 1539 1538
3 1541 1538 1540
3 1540 1538 1535
3 1540 1535 1543
3 1541 1540 1542
3 1541 1542 1618
3 1540 1543 1544
3 1540 1544 1542
3 1543 1535 1338
3 1543 1338 1335
3 1543 1335 1333
3 1543 1333 1544
3 1330 1545 1544
3 1330 1544 1333
3 1544 1545 1546
3 1544 1546 1542
3 1548 1546 1545
3 1548 1545 1547
3 1328 1547 1545
3 1328 1545 1330
3 1548 1547 1549
3 1548 1549 1552
3 1549 1547 1328
3 1549 1328 1551
3 1549 1551 1656
3 1549 1656 1550
3 1549 1550 1554
3 1549 1554 1552
3 1556 1553 1552
3 1556 1552 1554
3 1548 1552 1553
3 1548 1553 1620
3 1555 1554 1550
3 1555 1550 1653
3 1555 1557 1556
3 1555 1556 1554
3 1556 1557 1559
3 1556 1559 1558
3 1556 1558 1560
3 1556 1560 1553
3 1562 1561 1558
3 1562 1558 1559
3 1560 1558 1561
3 1560 1561 1564
3 1562 1648 1563
3 1562 1563 1561
3 1563 1566 1564
3 1563 1564 1561
3 1560 1564 1565
3 1560 1565 1621
3 1565 1564 1566
3 1565 1566 1568
3 1563 1645 1567
3 1563 1567 1566
3 1570 1568 1566
3 1570 1566 1567
3 1565 1568 1569
3 1565 1569 1622
3 1570 1572 1569
3 1570 1569 1568
3 1573 1572 1570
3 1573 1570 1571
3 1570 1567 1643
3 1570 1643 1571
3 1574 1576 1569
3 1574 1569 1572
3 1573 1575 1574
3 1573 1574 1572
3 1574 1575 1578
3 1574 1578 1577
3 1574 1577 1579
3 1574 1579 1576
3 1582 1580 1577
3 1582 1577 1578
3 1580 1581 1579
3 1580 1579 1577
3 1583 1585 1581
3 1583 1581 1580
3 1582 1584 1583
3 1582 1583 1580
3 1583 1584 1587
3 1583 1587 1586
3 1583 1586 1588
3 1583 1588 1585
3 1586 1587 1592
3 1586 1592 1589
3 1588 1586 1589
3 1588 1589 1590
3 1591 1599 1590
3 1591 1590 1589
3 1591 1589 1592
3 1591 1592 1593
3 1451 1453 1592
3 1451 1592 1587
3 1453 1595 1593
3 1453 1593 1592
3 1591 1593 1594
3 1591 1594 1599
3 1595 1596 1594
3 1595 1594 1593
3 1595 1454 1597
3 1595 1597 1596
3 1596 1501 1598
3 1596 1598 1594
3 1596 1597 1494
3 1596 1494 1501
3 1598 1600 1599
3 1598 1599 1594
3 1600 1602 1590
3 1600 1590 1599
3 1598 1500 1601
3 1598 1601 1600
3 1600 1601 1604
3 1600 1604 1602
3 1588 1590 1602
3 1588 1602 1603
3 1604 1605 1603
3 1604 1603 1602
3 1608 1606 1604
3 1608 1604 1601
3 1604 1606 1607
3 1604 1607 1605
3 1530 1532 1607
3 1530 1607 1606
3 1530 1606 1608
3 1530 1608 1528
3 1608 1503 1505
3 1608 1505 1528
3 1608 1601 1500
3 1608 1500 1503
3 1609 1605 1607
3 1609 1607 1537
3 1611 1603 1605
3 1611 1605 1609
3 1611 1609 1610
3 1611 1610 1612
3 1609 1537 1539
3 1609 1539 1610
3 1611 1612 1581
3 1611 1581 1585
3 1588 1603 1611
3 1588 1611 1585
3 1613 1579 1581
3 1613 1581 1612
3 1613 1612 1610
3 1613 1610 1615
3 1576 1579 1613
3 1576 1613 1614
3 1613 1615 1616
3 1613 1616 1614
3 1615 1610 1539
3 1615 1539 1541
3 1615 1541 1618
3 1615 1618 1616
3 1617 1622 1614
3 1617 1614 1616
3 1617 1616 1618
3 1617 1618 1619
3 1619 1618 1542
3 1619 1542 1546
3 1617 1619 1620
3 1617 1620 1621
3 1619 1546 1548
3 1619 1548 1620
3 1560 1621 1620
3 1560 1620 1553
3 1565 1622 1617
3 1565 1617 1621
3 1576 1614 1622
3 1576 1622 1569
3 1451 1587 1584
3 1451 1584 1449
3 1582 1623 1449
3 1582 1449 1584
3 1624 1623 1582
3 1624 1582 1578
3 1624 1626 1448
3 1624 1448 1623
3 1627 1626 1624
3 1627 1624 1625
3 1624 1578 1575
3 1624 1575 1625
3 1627 1629 1628
3 1627 1628 1626
3 1445 1448 1626
3 1445 1626 1628
3 1630 1628 1629
3 1630 1629 1631
3 1630 1442 1445
3 1630 1445 1628
3 1630 437 1439
3 1630 1439 1442
3 435 437 1630
3 435 1630 1631
3 1633 1632 1631
3 1633 1631 1629
3 435 1631 1632
3 435 1632 427
3 428 1632 1633
3 428 1633 1635
3 1633 1629 1627
3 1633 1627 1634
3 1633 1634 1637
3 1633 1637 1635
3 1639 1636 1635
3 1639 1635 1637
3 425 428 1635
3 425 1635 1636
3 1639 1637 1638
3 1639 1638 1641
3 1638 1637 1634
3 1638 1634 1652
3 1640 1651 1636
3 1640 1636 1639
3 1640 1639 1641
3 1640 1641 1642
3 1644 1642 1641
3 1644 1641 1643
3 1638 1571 1643
3 1638 1643 1641
3 1644 1643 1567
3 1644 1567 1645
3 1644 1645 1646
3 1644 1646 1642
3 1563 1648 1646
3 1563 1646 1645
3 1648 1649 1647
3 1648 1647 1646
3 1647 1640 1642
3 1647 1642 1646
3 1562 1650 1649
3 1562 1649 1648
3 414 1649 1650
3 414 1650 407
3 1647 1649 414
3 1647 414 418
3 408 1650 1562
3 408 1562 1559
3 1647 418 1651
3 1647 1651 1640
3 417 425 1636
3 417 1636 1651
3 1638 1652 1573
3 1638 1573 1571
3 1627 1625 1652
3 1627 1652 1634
3 1573 1652 1625
3 1573 1625 1575
3 408 1559 1557
3 408 1557 405
3 1555 403 405
3 1555 405 1557
3 1654 403 1555
3 1654 1555 1653
3 1654 1653 1655
3 1654 1655 1280
3 1656 1655 1653
3 1656 1653 1550
3 1656 1657 1281
3 1656 1281 1655
3 1656 1551 1327
3 1656 1327 1657
3 1281 1657 1291
3 1281 1291 1283
3 1657 1327 1325
3 1657 1325 1291
3 1278 399 1654
3 1278 1654 1280
3 1348 1346 1524
3 1348 1524 1658
3 1521 1659 1658
3 1521 1658 1524
3 1353 1658 1659
3 1353 1659 1360
3 1521 1518 1365
3 1521 1365 1659
3 1516 1367 1365
3 1516 1365 1518
3 1516 1660 1370
3 1516 1370 1367
3 1373 1370 1660
3 1373 1660 1380
3 1515 1661 1380
3 1515 1380 1660
3 1662 1661 1515
3 1662 1515 1513
3 1662 1664 1381
3 1662 1381 1661
3 1665 1664 1662
3 1665 1662 1663
3 1662 1513 1511
3 1662 1511 1663
3 1665 1666 1385
3 1665 1385 1664
3 1483 1666 1665
3 1483 1665 1667
3 1665 1663 1668
3 1665 1668 1667
3 1670 1484 1667
3 1670 1667 1668
3 1669 1668 1663
3 1669 1663 1511
3 1669 1496 1670
3 1669 1670 1668
3 1670 1492 1486
3 1670 1486 1484
3 1669 1506 1498
3 1669 1498 1496
3 1483 1481 1389
3 1483 1389 1666
3 1391 1389 1481
3 1391 1481 1479
3 1426 1432 1671
3 1426 1671 1673
3 1671 1432 448
3 1671 448 1672
3 1671 1672 464
3 1671 464 1674
3 1671 1674 1675
3 1671 1675 1673
3 1676 1675 1674
3 1676 1674 463
3 1676 1677 1418
3 1676 1418 1675
3 1418 1421 1673
3 1418 1673 1675
3 1676 468 1678
3 1676 1678 1677
3 1679 1419 1677
3 1679 1677 1678
3 1679 1678 1680
3 1679 1680 1682
3 1680 1678 468
3 1680 468 470
3 1680 470 472
3 1680 472 1681
3 1680 1681 1684
3 1680 1684 1682
3 1686 1683 1682
3 1686 1682 1684
3 1679 1682 1683
3 1679 1683 2153
3 1686 1684 1685
3 1686 1685 1688
3 1685 1684 1681
3 1685 1681 1696
3 2150 1683 1686
3 2150 1686 1687
3 1686 1688 1689
3 1686 1689 1687
3 1691 1689 1688
3 1691 1688 1690
3 1685 1693 1690
3 1685 1690 1688
3 1691 1690 1692
3 1691 1692 2135
3 1692 1690 1693
3 1692 1693 1694
3 1695 1697 1694
3 1695 1694 1693
3 1685 1696 1695
3 1685 1695 1693
3 1695 1696 1699
3 1695 1699 1698
3 1695 1698 1700
3 1695 1700 1697
3 473 479 1698
3 473 1698 1699
3 1700 1698 479
3 1700 479 482
3 1700 1701 1702
3 1700 1702 1697
3 1700 482 485
3 1700 485 1701
3 1704 1702 1701
3 1704 1701 1703
3 485 1706 1703
3 485 1703 1701
3 1704 1703 1705
3 1704 1705 2125
3 1705 1703 1706
3 1705 1706 1707
3 486 1709 1707
3 486 1707 1706
3 1705 1707 1708
3 1705 1708 2122
3 1708 1707 1709
3 1708 1709 1710
3 490 1712 1710
3 490 1710 1709
3 1708 1710 1711
3 1708 1711 2119
3 1711 1710 1712
3 1711 1712 1713
3 494 1715 1713
3 494 1713 1712
3 1711 1713 1714
3 1711 1714 2118
3 1714 1713 1715
3 1714 1715 1716
3 1717 1718 1716
3 1717 1716 1715
3 494 496 1717
3 494 1717 1715
3 1717 501 507
3 1717 507 1718
3 1720 1716 1718
3 1720 1718 1719
3 507 1722 1719
3 507 1719 1718
3 1720 1719 1721
3 1720 1721 2450
3 1721 1719 1722
3 1721 1722 1723
3 508 1725 1723
3 508 1723 1722
3 1721 1723 1724
3 1721 1724 2452
3 1724 1723 1725
3 1724 1725 1726
3 512 1728 1726
3 512 1726 1725
3 1724 1726 1727
3 1724 1727 2454
3 1727 1726 1728
3 1727 1728 1729
3 516 1731 1729
3 516 1729 1728
3 1727 1729 1730
3 1727 1730 2456
3 1730 1729 1731
3 1730 1731 1732
3 1733 1734 1732
3 1733 1732 1731
3 516 518 1733
3 516 1733 1731
3 1733 521 1735
3 1733 1735 1734
3 1737 1732 1734
3 1737 1734 1736
3 1735 1739 1736
3 1735 1736 1734
3 1737 1736 1738
3 1737 1738 2462
3 1738 1736 1739
3 1738 1739 1741
3 1735 5146 1740
3 1735 1740 1739
3 1740 1743 1741
3 1740 1741 1739
3 1738 1741 1742
3 1738 1742 2465
3 1742 1741 1743
3 1742 1743 1744
3 1740 1747 1745
3 1740 1745 1743
3 1745 1746 1744
3 1745 1744 1743
3 1745 1748 1749
3 1745 1749 1746
3 1745 1747 1751
3 1745 1751 1748
3 1749 1748 1750
3 1749 1750 2854
3 1752 1750 1748
3 1752 1748 1751
3 530 1751 1747
3 530 1747 528
3 530 533 1752
3 530 1752 1751
3 1752 1753 1755
3 1752 1755 1750
3 1752 533 1754
3 1752 1754 1753
3 542 1756 1753
3 542 1753 1754
3 1755 1753 1756
3 1755 1756 1757
3 1758 1759 1757
3 1758 1757 1756
3 542 544 1758
3 542 1758 1756
3 1758 1760 1761
3 1758 1761 1759
3 1758 544 547
3 1758 547 1760
3 550 1762 1760
3 550 1760 547
3 1761 1760 1762
3 1761 1762 1763
3 555 1765 1763
3 555 1763 1762
3 1761 1763 1764
3 1761 1764 5094
3 1764 1763 1765
3 1764 1765 1766
3 559 1768 1766
3 559 1766 1765
3 1764 1766 1767
3 1764 1767 5092
3 1767 1766 1768
3 1767 1768 1770
3 559 561 1769
3 559 1769 1768
3 1769 1772 1770
3 1769 1770 1768
3 1767 1770 1771
3 1767 1771 5090
3 1771 1770 1772
3 1771 1772 1773
3 1774 1776 1773
3 1774 1773 1772
3 1769 1775 1774
3 1769 1774 1772
3 1774 1775 1780
3 1774 1780 1777
3 1774 1777 1778
3 1774 1778 1776
3 1778 1777 1779
3 1778 1779 1781
3 572 1779 1777
3 572 1777 1780
3 567 1780 1775
3 567 1775 564
3 576 1783 1781
3 576 1781 1779
3 1778 1781 1782
3 1778 1782 5088
3 1782 1781 1783
3 1782 1783 1784
3 580 1786 1784
3 580 1784 1783
3 1782 1784 1785
3 1782 1785 5086
3 1785 1784 1786
3 1785 1786 1787
3 1788 1789 1787
3 1788 1787 1786
3 580 582 1788
3 580 1788 1786
3 1788 582 585
3 1788 585 592
3 1788 592 1790
3 1788 1790 1789
3 1792 1787 1789
3 1792 1789 1791
3 1790 1794 1791
3 1790 1791 1789
3 1792 1791 1793
3 1792 1793 2895
3 1793 1791 1794
3 1793 1794 1795
3 1790 593 599
3 1790 599 1794
3 599 1797 1795
3 599 1795 1794
3 1793 1795 1796
3 1793 1796 2898
3 1796 1795 1797
3 1796 1797 1798
3 600 1800 1798
3 600 1798 1797
3 1796 1798 1799
3 1796 1799 2901
3 1799 1798 1800
3 1799 1800 1801
3 604 1803 1801
3 604 1801 1800
3 1799 1801 1802
3 1799 1802 2904
3 1802 1801 1803
3 1802 1803 1805
3 604 606 1804
3 604 1804 1803
3 1804 1807 1805
3 1804 1805 1803
3 1802 1805 1806
3 1802 1806 2907
3 1806 1805 1807
3 1806 1807 1809
3 1804 5145 1808
3 1804 1808 1807
3 1808 1811 1809
3 1808 1809 1807
3 1806 1809 1810
3 1806 1810 2910
3 1810 1809 1811
3 1810 1811 1812
3 1813 1814 1812
3 1813 1812 1811
3 1808 1816 1813
3 1808 1813 1811
3 1813 1815 2920
3 1813 2920 1814
3 1813 1816 1818
3 1813 1818 1815
3 1808 5145 1817
3 1808 1817 1816
3 1819 1818 1816
3 1819 1816 1817
3 1819 1822 1820
3 1819 1820 1818
3 1820 1821 1815
3 1820 1815 1818
3 1820 1823 1825
3 1820 1825 1821
3 1820 1822 1826
3 1820 1826 1823
3 1825 1823 1824
3 1825 1824 1988
3 1823 1826 1827
3 1823 1827 1824
3 1831 1827 1826
3 1831 1826 1828
3 1822 1830 1828
3 1822 1828 1826
3 1831 1828 1829
3 1831 1829 1833
3 1829 1828 1830
3 1829 1830 5133
3 1987 1827 1831
3 1987 1831 1832
3 1831 1833 1835
3 1831 1835 1832
3 1829 5132 1834
3 1829 1834 1833
3 1836 1835 1833
3 1836 1833 1834
3 1837 1838 1832
3 1837 1832 1835
3 1836 1840 1837
3 1836 1837 1835
3 1837 1839 5100
3 1837 5100 1838
3 1837 1840 1841
3 1837 1841 1839
3 1843 1841 1840
3 1843 1840 1842
3 1836 1844 1842
3 1836 1842 1840
3 1843 1842 1845
3 1843 1845 1848
3 1845 1842 1844
3 1845 1844 1846
3 1845 1846 5122
3 1845 5122 1847
3 1845 1847 1850
3 1845 1850 1848
3 1851 1849 1848
3 1851 1848 1850
3 1843 1848 1849
3 1843 1849 1963
3 1851 1850 1852
3 1851 1852 1855
3 1852 1850 1847
3 1852 1847 1854
3 1852 1853 1856
3 1852 1856 1855
3 1852 1854 5137
3 1852 5137 1853
3 1851 1855 1857
3 1851 1857 1859
3 1860 1857 1855
3 1860 1855 1856
3 1858 1955 1859
3 1858 1859 1857
3 1858 1857 1860
3 1858 1860 1862
3 1860 1861 1864
3 1860 1864 1862
3 1860 1856 1872
3 1860 1872 1861
3 1858 1862 1863
3 1858 1863 1952
3 1864 1865 1863
3 1864 1863 1862
3 1869 1866 1864
3 1869 1864 1861
3 1864 1866 1867
3 1864 1867 1865
3 1935 1867 1866
3 1935 1866 1868
3 1869 1870 1868
3 1869 1868 1866
3 1874 1870 1869
3 1874 1869 1871
3 1872 1871 1869
3 1872 1869 1861
3 1872 5141 1873
3 1872 1873 1871
3 1873 1875 1874
3 1873 1874 1871
3 1874 1876 1877
3 1874 1877 1870
3 1879 1876 1874
3 1879 1874 1875
3 1934 1877 1876
3 1934 1876 1878
3 1879 1881 1878
3 1879 1878 1876
3 5143 1880 1879
3 5143 1879 1875
3 1882 1881 1879
3 1882 1879 1880
3 1884 1878 1881
3 1884 1881 1883
3 1882 1886 1883
3 1882 1883 1881
3 1884 1883 1885
3 1884 1885 1912
3 1885 1883 1886
3 1885 1886 1888
3 1887 936 1888
3 1887 1888 1886
3 1887 1886 1882
3 1887 1882 5102
3 1885 1888 1889
3 1885 1889 1890
3 1889 1888 936
3 1889 936 938
3 1889 938 940
3 1889 940 1891
3 1889 1891 1892
3 1889 1892 1890
3 1896 1892 1891
3 1896 1891 1893
3 1893 1891 940
3 1893 940 1894
3 1893 1894 5101
3 1893 5101 1895
3 1896 1893 1895
3 1896 1895 1898
3 1910 1892 1896
3 1910 1896 1897
3 1896 1898 1900
3 1896 1900 1897
3 1899 1898 1895
3 1899 1895 2266
3 1899 1901 1900
3 1899 1900 1898
3 1903 1902 1900
3 1903 1900 1901
3 1902 1905 1897
3 1902 1897 1900
3 1903 2213 1904
3 1903 1904 1902
3 1902 1904 1906
3 1902 1906 1905
3 1910 1897 1905
3 1910 1905 1907
3 1906 1909 1907
3 1906 1907 1905
3 1908 1907 1909
3 1908 1909 1918
3 1908 1911 1910
3 1908 1910 1907
3 1910 1911 1890
3 1910 1890 1892
3 1885 1890 1911
3 1885 1911 1912
3 1908 1913 1912
3 1908 1912 1911
3 1884 1912 1913
3 1884 1913 1914
3 1915 1917 1914
3 1915 1914 1913
3 1915 1913 1908
3 1915 1908 1918
3 1929 1917 1915
3 1929 1915 1916
3 1915 1918 1919
3 1915 1919 1916
3 1920 1919 1918
3 1920 1918 1909
3 1920 1922 1921
3 1920 1921 1919
3 1921 1924 1916
3 1921 1916 1919
3 1921 1922 2224
3 1921 2224 1923
3 1921 1923 1925
3 1921 1925 1924
3 1929 1916 1924
3 1929 1924 1926
3 1925 1928 1926
3 1925 1926 1924
3 1927 1926 1928
3 1927 1928 2251
3 1927 1930 1929
3 1927 1929 1926
3 1929 1930 1932
3 1929 1932 1917
3 1927 1936 1931
3 1927 1931 1930
3 1933 1932 1930
3 1933 1930 1931
3 1933 1877 1934
3 1933 1934 1932
3 1934 1914 1917
3 1934 1917 1932
3 1934 1878 1884
3 1934 1884 1914
3 1935 1868 1933
3 1935 1933 1931
3 1933 1868 1870
3 1933 1870 1877
3 1935 1931 1936
3 1935 1936 1938
3 1937 1940 1938
3 1937 1938 1936
3 1937 1936 1927
3 1937 1927 2251
3 1939 1938 1940
3 1939 1940 1942
3 1939 1867 1935
3 1939 1935 1938
3 1941 1943 1942
3 1941 1942 1940
3 1941 1940 1937
3 1941 1937 2247
3 1944 1942 1943
3 1944 1943 1945
3 1944 1947 1939
3 1944 1939 1942
3 5096 1946 1944
3 5096 1944 1945
3 1944 1946 1948
3 1944 1948 1947
3 1939 1947 1865
3 1939 1865 1867
3 1863 1865 1947
3 1863 1947 1948
3 1949 1948 1946
3 1949 1946 1951
3 1863 1948 1949
3 1863 1949 1952
3 1953 1952 1949
3 1953 1949 1950
3 1949 1951 2052
3 1949 2052 1950
3 1953 1955 1858
3 1953 1858 1952
3 2049 1954 1953
3 2049 1953 1950
3 1953 1954 1956
3 1953 1956 1955
3 1957 1859 1955
3 1957 1955 1956
3 1958 1961 1957
3 1958 1957 1956
3 1958 1956 1954
3 1958 1954 1959
3 2047 1960 1958
3 2047 1958 1959
3 1958 1960 1962
3 1958 1962 1961
3 1964 1963 1961
3 1964 1961 1962
3 1957 1961 1963
3 1957 1963 1849
3 1964 1841 1843
3 1964 1843 1963
3 1967 1965 1964
3 1967 1964 1962
3 1964 1965 1839
3 1964 1839 1841
3 1967 1969 1966
3 1967 1966 1965
3 5100 1839 1965
3 5100 1965 1966
3 1967 1962 1960
3 1967 1960 1968
3 1970 1969 1967
3 1970 1967 1968
3 1970 1972 1971
3 1970 1971 1969
3 1973 1966 1969
3 1973 1969 1971
3 1974 1971 1972
3 1974 1972 1976
3 1973 1971 1974
3 1973 1974 1977
3 1974 1976 2020
3 1974 2020 1975
3 1974 1975 1978
3 1974 1978 1977
3 1980 1979 1977
3 1980 1977 1978
3 1973 1977 1979
3 1973 1979 1981
3 1980 1983 1982
3 1980 1982 1979
3 1982 1984 1981
3 1982 1981 1979
3 1982 1983 1986
3 1982 1986 1985
3 1982 1985 1987
3 1982 1987 1984
3 1988 1824 1985
3 1988 1985 1986
3 1987 1985 1824
3 1987 1824 1827
3 1987 1832 1838
3 1987 1838 1984
3 1989 1986 1983
3 1989 1983 1990
3 1991 1988 1986
3 1991 1986 1989
3 1992 1989 1990
3 1992 1990 1994
3 1991 1989 1992
3 1991 1992 1993
3 1992 1995 1996
3 1992 1996 1993
3 1992 1994 1998
3 1992 1998 1995
3 2930 1996 1995
3 2930 1995 1997
3 1998 1999 1997
3 1998 1997 1995
3 1998 2000 2002
3 1998 2002 1999
3 1998 1994 2001
3 1998 2001 2000
3 2000 2001 2005
3 2000 2005 2003
3 2002 2000 2003
3 2002 2003 2006
3 2017 2004 2003
3 2017 2003 2005
3 2006 2003 2004
3 2006 2004 2008
3 2002 2006 2007
3 2002 2007 2937
3 2007 2006 2008
3 2007 2008 2009
3 2009 2008 2010
3 2009 2010 2012
3 2013 2010 2008
3 2013 2008 2004
3 2011 5082 2012
3 2011 2012 2010
3 2011 2010 2013
3 2011 2013 2014
3 2013 2015 2016
3 2013 2016 2014
3 2013 2004 2017
3 2013 2017 2015
3 2021 2016 2015
3 2021 2015 2018
3 2017 2019 2018
3 2017 2018 2015
3 2020 2018 2019
3 2020 2019 1975
3 2020 2023 2021
3 2020 2021 2018
3 2021 2022 2571
3 2021 2571 2016
3 2021 2023 2024
3 2021 2024 2022
3 2027 2024 2023
3 2027 2023 2025
3 2020 1976 2025
3 2020 2025 2023
3 2027 2025 2026
3 2027 2026 2029
3 2026 2025 1976
3 2026 1976 1972
3 2563 2024 2027
3 2563 2027 2028
3 2027 2029 2030
3 2027 2030 2028
3 2034 2030 2029
3 2034 2029 2031
3 2026 2033 2031
3 2026 2031 2029
3 2034 2031 2032
3 2034 2032 2035
3 2032 2031 2033
3 2032 2033 5097
3 2034 2035 2039
3 2034 2039 2036
3 2038 2030 2034
3 2038 2034 2036
3 2040 2037 2036
3 2040 2036 2039
3 2038 2036 2037
3 2038 2037 2559
3 2040 2039 2041
3 2040 2041 2042
3 2041 2039 2035
3 2041 2035 2044
3 2041 2043 2537
3 2041 2537 2042
3 2041 2044 2045
3 2041 2045 2043
3 2032 2046 2044
3 2032 2044 2035
3 2045 2044 2046
3 2045 2046 2048
3 2032 5097 2047
3 2032 2047 2046
3 2047 1959 2048
3 2047 2048 2046
3 2045 2048 2049
3 2045 2049 2050
3 2049 2048 1959
3 2049 1959 1954
3 2049 1950 2052
3 2049 2052 2050
3 2045 2050 2051
3 2045 2051 2043
3 2052 2053 2051
3 2052 2051 2050
3 2052 1951 2054
3 2052 2054 2053
3 2058 2055 2053
3 2058 2053 2054
3 2051 2053 2055
3 2051 2055 2057
3 2056 2534 2057
3 2056 2057 2055
3 2056 2055 2058
3 2056 2058 2060
3 2058 2054 5096
3 2058 5096 2059
3 2058 2059 2062
3 2058 2062 2060
3 2064 2061 2060
3 2064 2060 2062
3 2056 2060 2061
3 2056 2061 2531
3 2064 2062 2063
3 2064 2063 2066
3 2063 2062 2059
3 2063 2059 2250
3 2527 2061 2064
3 2527 2064 2065
3 2064 2066 2067
3 2064 2067 2065
3 2071 2067 2066
3 2071 2066 2068
3 2063 2069 2068
3 2063 2068 2066
3 2070 2068 2069
3 2070 2069 2244
3 2070 2072 2071
3 2070 2071 2068
3 2071 2072 2074
3 2071 2074 2073
3 2071 2073 2075
3 2071 2075 2067
3 2078 2076 2073
3 2078 2073 2074
3 2075 2073 2076
3 2075 2076 2079
3 2077 2081 2079
3 2077 2079 2076
3 2077 2076 2078
3 2077 2078 2098
3 2075 2079 2080
3 2075 2080 2528
3 2080 2079 2081
3 2080 2081 2083
3 2082 2085 2083
3 2082 2083 2081
3 2082 2081 2077
3 2082 2077 2095
3 2080 2083 2084
3 2080 2084 2525
3 2084 2083 2085
3 2084 2085 2086
3 2087 2088 2086
3 2087 2086 2085
3 2087 2085 2082
3 2087 2082 2090
3 2478 2088 2087
3 2478 2087 2089
3 2087 2090 2091
3 2087 2091 2089
3 2093 2091 2090
3 2093 2090 2092
3 2082 2095 2092
3 2082 2092 2090
3 2093 2092 2094
3 2093 2094 2455
3 2094 2092 2095
3 2094 2095 2096
3 2077 2098 2096
3 2077 2096 2095
3 2094 2096 2097
3 2094 2097 2453
3 2097 2096 2098
3 2097 2098 2099
3 2078 2101 2099
3 2078 2099 2098
3 2097 2099 2100
3 2097 2100 2451
3 2100 2099 2101
3 2100 2101 2103
3 2078 2074 2102
3 2078 2102 2101
3 2102 2105 2103
3 2102 2103 2101
3 2100 2103 2104
3 2100 2104 2449
3 2104 2103 2105
3 2104 2105 2106
3 2107 2110 2106
3 2107 2106 2105
3 2102 2108 2107
3 2102 2107 2105
3 2107 2108 2246
3 2107 2246 2109
3 2107 2109 2111
3 2107 2111 2110
3 2115 2106 2110
3 2115 2110 2112
3 2111 2114 2112
3 2111 2112 2110
3 2115 2112 2113
3 2115 2113 2117
3 2113 2112 2114
3 2113 2114 2252
3 2104 2106 2115
3 2104 2115 2116
3 2115 2117 2118
3 2115 2118 2116
3 1711 2118 2117
3 1711 2117 2119
3 2113 2120 2119
3 2113 2119 2117
3 1708 2119 2120
3 1708 2120 2122
3 2113 2252 2121
3 2113 2121 2120
3 2121 2123 2122
3 2121 2122 2120
3 1705 2122 2123
3 1705 2123 2125
3 2121 2230 2124
3 2121 2124 2123
3 2124 2126 2125
3 2124 2125 2123
3 1704 2125 2126
3 1704 2126 2128
3 2124 2228 2127
3 2124 2127 2126
3 2127 2129 2128
3 2127 2128 2126
3 2130 2128 2129
3 2130 2129 2131
3 2130 1702 1704
3 2130 1704 2128
3 1692 1694 2130
3 1692 2130 2131
3 2130 1694 1697
3 2130 1697 1702
3 2133 2132 2131
3 2133 2131 2129
3 1692 2131 2132
3 1692 2132 2135
3 2133 2217 2134
3 2133 2134 2132
3 2134 2136 2135
3 2134 2135 2132
3 1691 2135 2136
3 1691 2136 2138
3 2134 2219 2137
3 2134 2137 2136
3 2137 2139 2138
3 2137 2138 2136
3 2140 2138 2139
3 2140 2139 2142
3 2140 1689 1691
3 2140 1691 2138
3 2144 2141 2140
3 2144 2140 2142
3 2140 2141 1687
3 2140 1687 1689
3 2203 2143 2142
3 2203 2142 2139
3 2144 2142 2143
3 2144 2143 2145
3 2147 2146 2144
3 2147 2144 2145
3 2144 2146 2149
3 2144 2149 2141
3 2147 2154 2148
3 2147 2148 2146
3 2151 2149 2146
3 2151 2146 2148
3 2151 2152 2150
3 2151 2150 2149
3 2150 1687 2141
3 2150 2141 2149
3 2151 1410 1412
3 2151 1412 2152
3 1408 1410 2151
3 1408 2151 2148
3 1416 2153 2152
3 1416 2152 1412
3 2150 2152 2153
3 2150 2153 1683
3 1416 1419 1679
3 1416 1679 2153
3 1408 2148 2154
3 1408 2154 2156
3 2155 2157 2156
3 2155 2156 2154
3 2155 2154 2147
3 2155 2147 2208
3 1407 2156 2157
3 1407 2157 2159
3 2158 2160 2159
3 2158 2159 2157
3 2158 2157 2155
3 2158 2155 2209
3 1398 2159 2160
3 1398 2160 2162
3 1398 1400 1407
3 1398 1407 2159
3 2161 2163 2162
3 2161 2162 2160
3 2161 2160 2158
3 2161 2158 2211
3 1394 2162 2163
3 1394 2163 2164
3 2165 2167 2164
3 2165 2164 2163
3 2165 2163 2161
3 2165 2161 2168
3 2269 2167 2165
3 2269 2165 2166
3 2165 2168 2170
3 2165 2170 2166
3 2171 2170 2168
3 2171 2168 2169
3 2161 2211 2169
3 2161 2169 2168
3 2171 1171 1174
3 2171 1174 2170
3 1174 1177 2166
3 1174 2166 2170
3 2173 2172 2171
3 2173 2171 2169
3 2171 2172 1168
3 2171 1168 1171
3 2173 2176 2174
3 2173 2174 2172
3 1166 1168 2172
3 1166 2172 2174
3 2175 2174 2176
3 2175 2176 2178
3 2175 1164 1166
3 2175 1166 2174
3 2177 2179 2178
3 2177 2178 2176
3 2177 2176 2173
3 2177 2173 2210
3 2180 2178 2179
3 2180 2179 2182
3 2180 2183 2175
3 2180 2175 2178
3 2194 2181 2180
3 2194 2180 2182
3 2180 2181 2185
3 2180 2185 2183
3 2175 2183 2184
3 2175 2184 1164
3 2183 2185 2186
3 2183 2186 2184
3 2188 2186 2185
3 2188 2185 2187
3 2187 2185 2181
3 2187 2181 2190
3 2188 2187 2189
3 2188 2189 2254
3 2187 2190 2191
3 2187 2191 2189
3 2190 2181 2194
3 2190 2194 2192
3 2190 2192 2193
3 2190 2193 2191
3 2192 2195 2197
3 2192 2197 2193
3 2192 2194 2196
3 2192 2196 2195
3 2195 2196 2201
3 2195 2201 2198
3 2197 2195 2198
3 2197 2198 2200
3 2203 2199 2198
3 2203 2198 2201
3 2200 2198 2199
3 2200 2199 2212
3 2203 2201 2202
3 2203 2202 2143
3 2202 2201 2196
3 2202 2196 2205
3 2137 2199 2203
3 2137 2203 2139
3 2202 2204 2145
3 2202 2145 2143
3 2202 2205 2206
3 2202 2206 2204
3 2194 2182 2205
3 2194 2205 2196
3 2206 2205 2182
3 2206 2182 2179
3 2206 2207 2208
3 2206 2208 2204
3 2206 2179 2177
3 2206 2177 2207
3 2155 2208 2207
3 2155 2207 2209
3 2177 2210 2209
3 2177 2209 2207
3 2158 2209 2210
3 2158 2210 2211
3 2173 2169 2211
3 2173 2211 2210
3 2147 2145 2204
3 2147 2204 2208
3 2214 2213 2200
3 2214 2200 2212
3 2197 2200 2213
3 2197 2213 1903
3 2214 2215 1904
3 2214 1904 2213
3 2214 2212 2219
3 2214 2219 2216
3 2218 2215 2214
3 2218 2214 2216
3 2134 2217 2216
3 2134 2216 2219
3 2218 2216 2217
3 2218 2217 2220
3 2137 2219 2212
3 2137 2212 2199
3 2223 2221 2218
3 2223 2218 2220
3 2218 2221 2222
3 2218 2222 2215
3 1920 2222 2221
3 1920 2221 1922
3 2223 2224 1922
3 2223 1922 2221
3 2223 2220 2226
3 2223 2226 2225
3 2227 2224 2223
3 2227 2223 2225
3 2127 2228 2225
3 2127 2225 2226
3 2227 2225 2228
3 2227 2228 2229
3 2124 2230 2229
3 2124 2229 2228
3 2231 2229 2230
3 2231 2230 2233
3 2231 2234 2227
3 2231 2227 2229
3 2241 2232 2231
3 2241 2231 2233
3 2231 2232 2235
3 2231 2235 2234
3 1925 1923 2234
3 1925 2234 2235
3 2227 2234 1923
3 2227 1923 2224
3 1925 2235 2236
3 1925 2236 1928
3 2236 2235 2232
3 2236 2232 2238
3 2236 2238 2239
3 2236 2239 2237
3 2236 2237 2251
3 2236 2251 1928
3 2241 2240 2238
3 2241 2238 2232
3 2239 2238 2240
3 2239 2240 2242
3 2111 2109 2242
3 2111 2242 2240
3 2111 2240 2241
3 2111 2241 2114
3 2239 2242 2243
3 2239 2243 2245
3 2243 2242 2109
3 2243 2109 2246
3 2243 2246 2070
3 2243 2070 2244
3 2243 2244 2248
3 2243 2248 2245
3 2070 2246 2108
3 2070 2108 2072
3 1941 2247 2245
3 1941 2245 2248
3 2239 2245 2247
3 2239 2247 2237
3 2249 2248 2244
3 2249 2244 2069
3 2249 1943 1941
3 2249 1941 2248
3 2063 2250 2249
3 2063 2249 2069
3 2249 2250 1945
3 2249 1945 1943
3 5096 1945 2250
3 5096 2250 2059
3 1937 2251 2237
3 1937 2237 2247
3 2241 2233 2252
3 2241 2252 2114
3 2121 2252 2233
3 2121 2233 2230
3 2127 2226 2133
3 2127 2133 2129
3 2133 2226 2220
3 2133 2220 2217
3 1906 1904 2215
3 1906 2215 2222
3 1906 2222 1920
3 1906 1920 1909
3 2197 1903 1901
3 2197 1901 2193
3 1899 2191 2193
3 1899 2193 1901
3 1899 2253 2189
3 1899 2189 2191
3 2254 2189 2253
3 2254 2253 2256
3 2258 2255 2254
3 2258 2254 2256
3 2188 2254 2255
3 2188 2255 2267
3 2257 2256 2253
3 2257 2253 2265
3 2257 2259 2258
3 2257 2258 2256
3 2258 2259 2261
3 2258 2261 2260
3 2258 2260 2262
3 2258 2262 2255
3 1142 1144 2260
3 1142 2260 2261
3 2262 2260 1144
3 2262 1144 1146
3 2262 1151 2267
3 2262 2267 2255
3 2263 2261 2259
3 2263 2259 2264
3 2263 1140 1142
3 2263 1142 2261
3 957 964 2263
3 957 2263 2264
3 2263 964 5159
3 2263 5159 1140
3 2257 958 2264
3 2257 2264 2259
3 955 958 2257
3 955 2257 2265
3 1899 2266 2265
3 1899 2265 2253
3 955 2265 2266
3 955 2266 953
3 5101 953 2266
3 5101 2266 1895
3 2268 2267 1151
3 2268 1151 1153
3 2268 2186 2188
3 2268 2188 2267
3 1156 1163 2268
3 1156 2268 1153
3 2268 1163 2184
3 2268 2184 2186
3 2269 2271 2270
3 2269 2270 2167
3 1393 2164 2167
3 1393 2167 2270
3 2272 2270 2271
3 2272 2271 2273
3 2272 1387 1393
3 2272 1393 2270
3 2275 1383 2272
3 2275 2272 2273
3 2284 2274 2273
3 2284 2273 2271
3 2275 2273 2274
3 2275 2274 2276
3 1376 1378 2275
3 1376 2275 2276
3 2280 2277 2276
3 2280 2276 2274
3 1376 2276 2277
3 1376 2277 2279
3 2278 2430 2279
3 2278 2279 2277
3 2278 2277 2280
3 2278 2280 2281
3 2280 2282 2283
3 2280 2283 2281
3 2280 2274 2284
3 2280 2284 2282
3 1180 2283 2282
3 1180 2282 1178
3 2284 2285 1178
3 2284 1178 2282
3 2284 2271 2269
3 2284 2269 2285
3 2269 2166 1177
3 2269 1177 2285
3 1180 1183 2286
3 1180 2286 2283
3 2286 2287 2281
3 2286 2281 2283
3 2286 1183 1186
3 2286 1186 2288
3 2286 2288 2289
3 2286 2289 2287
3 2292 2290 2288
3 2292 2288 1186
3 2289 2288 2290
3 2289 2290 2291
3 2293 2296 2291
3 2293 2291 2290
3 2292 2294 2293
3 2292 2293 2290
3 2293 2294 2313
3 2293 2313 2295
3 2293 2295 2297
3 2293 2297 2296
3 2299 2291 2296
3 2299 2296 2298
3 2297 2301 2298
3 2297 2298 2296
3 2299 2298 2300
3 2299 2300 2425
3 2300 2298 2301
3 2300 2301 2302
3 2303 2304 2302
3 2303 2302 2301
3 2297 2306 2303
3 2297 2303 2301
3 2303 2305 2337
3 2303 2337 2304
3 2303 2306 2307
3 2303 2307 2305
3 2306 2308 2309
3 2306 2309 2307
3 2297 2295 2308
3 2297 2308 2306
3 2311 2309 2308
3 2311 2308 2310
3 2295 2313 2310
3 2295 2310 2308
3 2311 2310 2312
3 2311 2312 2325
3 2312 2310 2313
3 2312 2313 2314
3 2294 2316 2314
3 2294 2314 2313
3 2312 2314 2315
3 2312 2315 2322
3 2315 2314 2316
3 2315 2316 2317
3 1185 1188 2317
3 1185 2317 2316
3 2292 1185 2316
3 2292 2316 2294
3 2315 2317 2318
3 2315 2318 2319
3 2318 2317 1188
3 2318 1188 1190
3 2318 1196 2320
3 2318 2320 2319
3 1210 2321 2319
3 1210 2319 2320
3 2315 2319 2321
3 2315 2321 2322
3 1214 2323 2322
3 1214 2322 2321
3 2312 2322 2323
3 2312 2323 2325
3 1214 1216 2324
3 1214 2324 2323
3 2324 2326 2325
3 2324 2325 2323
3 2311 2325 2326
3 2311 2326 2328
3 2324 2392 2327
3 2324 2327 2326
3 2327 2329 2328
3 2327 2328 2326
3 2330 2328 2329
3 2330 2329 2331
3 2330 2309 2311
3 2330 2311 2328
3 2333 2332 2330
3 2333 2330 2331
3 2330 2332 2307
3 2330 2307 2309
3 2333 2335 2334
3 2333 2334 2332
3 2305 2307 2332
3 2305 2332 2334
3 2336 2334 2335
3 2336 2335 2338
3 2337 2305 2334
3 2337 2334 2336
3 2337 2336 2339
3 2337 2339 2342
3 2339 2336 2338
3 2339 2338 2341
3 2339 2340 2344
3 2339 2344 2342
3 2339 2341 2352
3 2339 2352 2340
3 2345 2343 2342
3 2345 2342 2344
3 2337 2342 2343
3 2337 2343 2304
3 2345 2344 2346
3 2345 2346 2347
3 2346 2344 2340
3 2346 2340 2349
3 2346 2348 2444
3 2346 2444 2347
3 2346 2349 2350
3 2346 2350 2348
3 2352 2351 2349
3 2352 2349 2340
3 2350 2349 2351
3 2350 2351 1304
3 2352 2353 1305
3 2352 1305 2351
3 2352 2341 2355
3 2352 2355 2353
3 1305 2353 2354
3 1305 2354 1302
3 2353 2355 2356
3 2353 2356 2354
3 2359 2356 2355
3 2359 2355 2357
3 2341 2338 2357
3 2341 2357 2355
3 2359 2357 2358
3 2359 2358 2361
3 2358 2357 2338
3 2358 2338 2335
3 2380 2356 2359
3 2380 2359 2360
3 2359 2361 2362
3 2359 2362 2360
3 2366 2362 2361
3 2366 2361 2363
3 2358 2365 2363
3 2358 2363 2361
3 2364 2363 2365
3 2364 2365 2394
3 2364 2367 2366
3 2364 2366 2363
3 2366 2367 2369
3 2366 2369 2368
3 2366 2368 2370
3 2366 2370 2362
3 1264 1267 2368
3 1264 2368 2369
3 2370 2368 1267
3 2370 1267 2372
3 2370 2371 2360
3 2370 2360 2362
3 2370 2372 2373
3 2370 2373 2371
3 2373 2372 1266
3 2373 1266 1271
3 2373 2374 2375
3 2373 2375 2371
3 2373 1271 1273
3 2373 1273 2374
3 2377 2375 2374
3 2377 2374 2376
3 1273 1275 2376
3 1273 2376 2374
3 1285 2376 1275
3 1285 1275 1277
3 1285 2379 2377
3 1285 2377 2376
3 2377 2379 1300
3 2377 1300 2378
3 2377 2378 2380
3 2377 2380 2375
3 1302 2354 2378
3 1302 2378 1300
3 2380 2378 2354
3 2380 2354 2356
3 2380 2360 2371
3 2380 2371 2375
3 2381 2369 2367
3 2381 2367 2383
3 2381 1262 1264
3 2381 1264 2369
3 2384 2382 2381
3 2384 2381 2383
3 2381 2382 1260
3 2381 1260 1262
3 2384 2383 2385
3 2384 2385 2387
3 2364 2385 2383
3 2364 2383 2367
3 2386 2388 2387
3 2386 2387 2385
3 2386 2385 2364
3 2386 2364 2394
3 2389 2387 2388
3 2389 2388 2391
3 2389 2390 2384
3 2389 2384 2387
3 1222 1224 2389
3 1222 2389 2391
3 2389 1224 1227
3 2389 1227 2390
3 2327 2392 2391
3 2327 2391 2388
3 1222 2391 2392
3 1222 2392 1218
3 2324 1216 1218
3 2324 1218 2392
3 1230 2393 2390
3 1230 2390 1227
3 2384 2390 2393
3 2384 2393 2382
3 1230 1255 1258
3 1230 1258 2393
3 1258 1260 2382
3 1258 2382 2393
3 2327 2388 2386
3 2327 2386 2329
3 2386 2394 2331
3 2386 2331 2329
3 2333 2331 2394
3 2333 2394 2365
3 2358 2335 2333
3 2358 2333 2365
3 2350 2395 2396
3 2350 2396 2348
3 2350 1304 1307
3 2350 1307 2395
3 2398 2396 2395
3 2398 2395 2397
3 1307 1309 2397
3 1307 2397 2395
3 2399 2397 1309
3 2399 1309 1312
3 2399 2401 2398
3 2399 2398 2397
3 1314 2400 2399
3 1314 2399 1312
3 2399 2400 2402
3 2399 2402 2401
3 1351 2403 2401
3 1351 2401 2402
3 2398 2401 2403
3 2398 2403 2404
3 1355 2406 2404
3 1355 2404 2403
3 2398 2404 2405
3 2398 2405 2396
3 2405 2404 2406
3 2405 2406 2407
3 2408 2410 2407
3 2408 2407 2406
3 1355 1357 2408
3 1355 2408 2406
3 2408 1357 1359
3 2408 1359 2409
3 2408 2409 2411
3 2408 2411 2410
3 2412 2410 2411
3 2412 2411 2413
3 2414 2407 2410
3 2414 2410 2412
3 2415 2412 2413
3 2415 2413 2416
3 2414 2412 2415
3 2414 2415 2417
3 2415 2416 2421
3 2415 2421 2418
3 2415 2418 2420
3 2415 2420 2417
3 2443 2420 2418
3 2443 2418 2419
3 2421 2423 2419
3 2421 2419 2418
3 2421 2416 2442
3 2421 2442 2422
3 2421 2422 2424
3 2421 2424 2423
3 2300 2419 2423
3 2300 2423 2425
3 2424 2426 2425
3 2424 2425 2423
3 2299 2425 2426
3 2299 2426 2428
3 2424 2431 2427
3 2424 2427 2426
3 2427 2429 2428
3 2427 2428 2426
3 2289 2428 2429
3 2289 2429 2287
3 2289 2291 2299
3 2289 2299 2428
3 2427 2430 2278
3 2427 2278 2429
3 2278 2281 2287
3 2278 2287 2429
3 2427 2431 2433
3 2427 2433 2430
3 2424 2422 2432
3 2424 2432 2431
3 2434 2433 2431
3 2434 2431 2432
3 2434 1372 1375
3 2434 1375 2433
3 1375 2279 2430
3 1375 2430 2433
3 2436 2435 2434
3 2436 2434 2432
3 2434 2435 1369
3 2434 1369 1372
3 2437 1363 1369
3 2437 1369 2435
3 2437 2435 2436
3 2437 2436 2438
3 1362 2437 2438
3 1362 2438 2440
3 2441 2440 2438
3 2441 2438 2439
3 2436 2442 2439
3 2436 2439 2438
3 2441 2411 2409
3 2441 2409 2440
3 1359 1362 2440
3 1359 2440 2409
3 2441 2439 2413
3 2441 2413 2411
3 2442 2416 2413
3 2442 2413 2439
3 2436 2432 2422
3 2436 2422 2442
3 2443 2343 2345
3 2443 2345 2420
3 2345 2347 2417
3 2345 2417 2420
3 2300 2302 2443
3 2300 2443 2419
3 2443 2302 2304
3 2443 2304 2343
3 2414 2417 2347
3 2414 2347 2444
3 2405 2407 2414
3 2405 2414 2444
3 2405 2444 2348
3 2405 2348 2396
3 1350 2402 2400
3 1350 2400 2445
3 1314 1318 2445
3 1314 2445 2400
3 2446 1344 1350
3 2446 1350 2445
3 2446 2445 1318
3 2446 1318 2447
3 1336 1339 2446
3 1336 2446 2447
3 1336 2447 1317
3 1336 1317 1332
3 1205 2320 1196
3 1205 1196 1198
3 1714 2448 2116
3 1714 2116 2118
3 2104 2116 2448
3 2104 2448 2449
3 1714 1716 1720
3 1714 1720 2448
3 1720 2450 2449
3 1720 2449 2448
3 2100 2449 2450
3 2100 2450 2451
3 1721 2452 2451
3 1721 2451 2450
3 2097 2451 2452
3 2097 2452 2453
3 1724 2454 2453
3 1724 2453 2452
3 2094 2453 2454
3 2094 2454 2455
3 1727 2456 2455
3 1727 2455 2454
3 2093 2455 2456
3 2093 2456 2457
3 1730 2459 2457
3 1730 2457 2456
3 2458 2457 2459
3 2458 2459 2460
3 2458 2091 2093
3 2458 2093 2457
3 1730 1732 1737
3 1730 1737 2459
3 1737 2462 2460
3 1737 2460 2459
3 2461 2460 2462
3 2461 2462 2463
3 2461 2479 2458
3 2461 2458 2460
3 1738 2465 2463
3 1738 2463 2462
3 2464 2463 2465
3 2464 2465 2466
3 2464 2476 2461
3 2464 2461 2463
3 1742 2467 2466
3 1742 2466 2465
3 2468 2466 2467
3 2468 2467 2469
3 2468 2471 2464
3 2468 2464 2466
3 2842 2470 2468
3 2842 2468 2469
3 2468 2470 2472
3 2468 2472 2471
3 2474 2473 2471
3 2474 2471 2472
3 2464 2471 2473
3 2464 2473 2476
3 2474 2485 2475
3 2474 2475 2473
3 2475 2477 2476
3 2475 2476 2473
3 2461 2476 2477
3 2461 2477 2479
3 2475 2480 2478
3 2475 2478 2477
3 2478 2089 2479
3 2478 2479 2477
3 2458 2479 2089
3 2458 2089 2091
3 2478 2480 2481
3 2478 2481 2088
3 2483 2481 2480
3 2483 2480 2482
3 2475 2485 2482
3 2475 2482 2480
3 2483 2482 2484
3 2483 2484 2515
3 2484 2482 2485
3 2484 2485 2486
3 2474 2488 2486
3 2474 2486 2485
3 2484 2486 2487
3 2484 2487 2512
3 2487 2486 2488
3 2487 2488 2489
3 2490 2491 2489
3 2490 2489 2488
3 2490 2488 2474
3 2490 2474 2472
3 2490 2472 2470
3 2490 2470 2492
3 2494 2491 2490
3 2494 2490 2492
3 2842 2493 2492
3 2842 2492 2470
3 2494 2492 2493
3 2494 2493 2495
3 2498 2496 2494
3 2498 2494 2495
3 2494 2496 2497
3 2494 2497 2491
3 2502 2497 2496
3 2502 2496 2499
3 2498 2501 2499
3 2498 2499 2496
3 2502 2499 2500
3 2502 2500 2503
3 2500 2499 2501
3 2500 2501 2821
3 2502 2503 2505
3 2502 2505 2504
3 2507 2497 2502
3 2507 2502 2504
3 2798 2506 2504
3 2798 2504 2505
3 2507 2504 2506
3 2507 2506 2508
3 2487 2489 2507
3 2487 2507 2508
3 2507 2489 2491
3 2507 2491 2497
3 2510 2509 2508
3 2510 2508 2506
3 2487 2508 2509
3 2487 2509 2512
3 2510 2795 2511
3 2510 2511 2509
3 2511 2513 2512
3 2511 2512 2509
3 2484 2512 2513
3 2484 2513 2515
3 2511 2786 2514
3 2511 2514 2513
3 2514 2516 2515
3 2514 2515 2513
3 2483 2515 2516
3 2483 2516 2518
3 2514 2787 2517
3 2514 2517 2516
3 2517 2519 2518
3 2517 2518 2516
3 2520 2518 2519
3 2520 2519 2521
3 2520 2481 2483
3 2520 2483 2518
3 2084 2086 2520
3 2084 2520 2521
3 2520 2086 2088
3 2520 2088 2481
3 2523 2522 2521
3 2523 2521 2519
3 2084 2521 2522
3 2084 2522 2525
3 2523 2792 2524
3 2523 2524 2522
3 2524 2526 2525
3 2524 2525 2522
3 2080 2525 2526
3 2080 2526 2528
3 2524 2529 2527
3 2524 2527 2526
3 2527 2065 2528
3 2527 2528 2526
3 2075 2528 2065
3 2075 2065 2067
3 2527 2529 2531
3 2527 2531 2061
3 2524 2792 2530
3 2524 2530 2529
3 2532 2531 2529
3 2532 2529 2530
3 2532 2534 2056
3 2532 2056 2531
3 2793 2533 2532
3 2793 2532 2530
3 2532 2533 2535
3 2532 2535 2534
3 2537 2057 2534
3 2537 2534 2535
3 2536 2535 2533
3 2536 2533 2538
3 2537 2535 2536
3 2537 2536 2042
3 2051 2057 2537
3 2051 2537 2043
3 2536 2538 2541
3 2536 2541 2539
3 2040 2042 2536
3 2040 2536 2539
3 2540 2539 2541
3 2540 2541 2542
3 2540 2037 2040
3 2540 2040 2539
3 2541 2538 2545
3 2541 2545 2543
3 2541 2543 2546
3 2541 2546 2542
3 2789 2544 2543
3 2789 2543 2545
3 2546 2543 2544
3 2546 2544 2547
3 2551 2542 2546
3 2551 2546 2548
3 2546 2547 2550
3 2546 2550 2548
3 2549 2548 2550
3 2549 2550 2777
3 2549 2553 2551
3 2549 2551 2548
3 2551 2552 2540
3 2551 2540 2542
3 2551 2553 2555
3 2551 2555 2552
3 2549 2713 2554
3 2549 2554 2553
3 2556 2555 2553
3 2556 2553 2554
3 2557 2559 2552
3 2557 2552 2555
3 2556 2560 2557
3 2556 2557 2555
3 2557 2560 2562
3 2557 2562 2558
3 2557 2558 2038
3 2557 2038 2559
3 2556 2720 2561
3 2556 2561 2560
3 2564 2562 2560
3 2564 2560 2561
3 2564 2565 2563
3 2564 2563 2562
3 2563 2028 2558
3 2563 2558 2562
3 2564 2566 2569
3 2564 2569 2565
3 2567 2566 2564
3 2567 2564 2561
3 2567 2581 2568
3 2567 2568 2566
3 2570 2569 2566
3 2570 2566 2568
3 2571 2569 2570
3 2571 2570 2572
3 2571 2022 2565
3 2571 2565 2569
3 2571 2572 2014
3 2571 2014 2016
3 2011 2014 2572
3 2011 2572 2573
3 2570 2575 2573
3 2570 2573 2572
3 2574 2573 2575
3 2574 2575 2576
3 2574 5082 2011
3 2574 2011 2573
3 2577 2578 2576
3 2577 2576 2575
3 2570 2568 2577
3 2570 2577 2575
3 2577 2579 2582
3 2577 2582 2578
3 2577 2568 2581
3 2577 2581 2579
3 2719 2580 2579
3 2719 2579 2581
3 2582 2579 2580
3 2582 2580 2583
3 2582 2583 2586
3 2582 2586 2584
3 2582 2584 2585
3 2582 2585 2578
3 2590 2585 2584
3 2590 2584 2587
3 2586 2589 2587
3 2586 2587 2584
3 2588 2587 2589
3 2588 2589 2730
3 2588 2591 2590
3 2588 2590 2587
3 2590 2591 2593
3 2590 2593 2592
3 2590 2592 2594
3 2590 2594 2585
3 2598 2595 2592
3 2598 2592 2593
3 2594 2592 2595
3 2594 2595 2596
3 2597 5081 2596
3 2597 2596 2595
3 2600 2597 2595
3 2600 2595 2598
3 2600 2598 2599
3 2600 2599 2602
3 2599 2598 2593
3 2599 2593 2745
3 2945 2597 2600
3 2945 2600 2601
3 2600 2602 2603
3 2600 2603 2601
3 2607 2603 2602
3 2607 2602 2604
3 2599 2606 2604
3 2599 2604 2602
3 2607 2604 2605
3 2607 2605 2609
3 2605 2604 2606
3 2605 2606 2617
3 2947 2603 2607
3 2947 2607 2608
3 2607 2609 2610
3 2607 2610 2608
3 2612 2610 2609
3 2612 2609 2611
3 2605 2614 2611
3 2605 2611 2609
3 2612 2611 2613
3 2612 2613 2964
3 2613 2611 2614
3 2613 2614 2615
3 2616 2618 2615
3 2616 2615 2614
3 2605 2617 2616
3 2605 2616 2614
3 2616 2617 2620
3 2616 2620 2619
3 2616 2619 2622
3 2616 2622 2618
3 2742 2621 2619
3 2742 2619 2620
3 2622 2619 2621
3 2622 2621 2624
3 2622 2623 2974
3 2622 2974 2618
3 2622 2624 2625
3 2622 2625 2623
3 2627 2626 2624
3 2627 2624 2621
3 2625 2624 2626
3 2625 2626 2628
3 2627 2630 2629
3 2627 2629 2626
3 2629 2632 2628
3 2629 2628 2626
3 2629 2630 2747
3 2629 2747 2631
3 2629 2631 2634
3 2629 2634 2632
3 2979 2628 2632
3 2979 2632 2633
3 2634 2635 2633
3 2634 2633 2632
3 2634 2636 2638
3 2634 2638 2635
3 2634 2631 2637
3 2634 2637 2636
3 2636 2637 2642
3 2636 2642 2639
3 2638 2636 2639
3 2638 2639 2641
3 2644 2640 2639
3 2644 2639 2642
3 2641 2639 2640
3 2641 2640 3122
3 2644 2642 2643
3 2644 2643 2646
3 2643 2642 2637
3 2643 2637 2749
3 3124 2640 2644
3 3124 2644 2645
3 2644 2646 2647
3 2644 2647 2645
3 2643 2649 2648
3 2643 2648 2646
3 2651 2647 2646
3 2651 2646 2648
3 2650 2648 2649
3 2650 2649 2751
3 2650 2652 2651
3 2650 2651 2648
3 2651 2652 2656
3 2651 2656 2653
3 2651 2653 2655
3 2651 2655 2647
3 2657 2654 2653
3 2657 2653 2656
3 2655 2653 2654
3 2655 2654 3145
3 2657 2656 2658
3 2657 2658 2661
3 2658 2656 2652
3 2658 2652 2659
3 2658 2659 2776
3 2658 2776 2660
3 2658 2660 2663
3 2658 2663 2661
3 2664 2662 2661
3 2664 2661 2663
3 2657 2661 2662
3 2657 2662 3147
3 2664 2663 2665
3 2664 2665 2668
3 2665 2663 2660
3 2665 2660 2667
3 2665 2666 2669
3 2665 2669 2668
3 2665 2667 2769
3 2665 2769 2666
3 2673 2670 2668
3 2673 2668 2669
3 2664 2668 2670
3 2664 2670 2672
3 2671 3249 2672
3 2671 2672 2670
3 2671 2670 2673
3 2671 2673 2675
3 2673 2674 2677
3 2673 2677 2675
3 2673 2669 2685
3 2673 2685 2674
3 2671 2675 2676
3 2671 2676 3248
3 2677 2678 2676
3 2677 2676 2675
3 2682 2679 2677
3 2682 2677 2674
3 2677 2679 2680
3 2677 2680 2678
3 2811 2680 2679
3 2811 2679 2681
3 2682 2683 2681
3 2682 2681 2679
3 2687 2683 2682
3 2687 2682 2684
3 2685 2684 2682
3 2685 2682 2674
3 2685 2768 2686
3 2685 2686 2684
3 2686 2688 2687
3 2686 2687 2684
3 2687 2689 2690
3 2687 2690 2683
3 2692 2689 2687
3 2692 2687 2688
3 2809 2690 2689
3 2809 2689 2691
3 2692 2694 2691
3 2692 2691 2689
3 2771 2693 2692
3 2771 2692 2688
3 2695 2694 2692
3 2695 2692 2693
3 2697 2691 2694
3 2697 2694 2696
3 2695 2699 2696
3 2695 2696 2694
3 2697 2696 2698
3 2697 2698 2799
3 2698 2696 2699
3 2698 2699 2700
3 2701 2703 2700
3 2701 2700 2699
3 2701 2699 2695
3 2701 2695 2704
3 2706 2702 2701
3 2706 2701 2704
3 2778 2703 2701
3 2778 2701 2702
3 2705 2704 2695
3 2705 2695 2693
3 2705 2707 2706
3 2705 2706 2704
3 2706 2707 2709
3 2706 2709 2708
3 2706 2708 2710
3 2706 2710 2702
3 2714 2711 2708
3 2714 2708 2709
3 2710 2708 2711
3 2710 2711 2713
3 2714 2716 2712
3 2714 2712 2711
3 2712 2554 2713
3 2712 2713 2711
3 2774 2715 2714
3 2774 2714 2709
3 2714 2715 2717
3 2714 2717 2716
3 2719 2718 2716
3 2719 2716 2717
3 2712 2716 2718
3 2712 2718 2720
3 2719 2581 2567
3 2719 2567 2718
3 2567 2561 2720
3 2567 2720 2718
3 2712 2720 2556
3 2712 2556 2554
3 2721 2580 2719
3 2721 2719 2717
3 2721 2717 2715
3 2721 2715 2722
3 2724 2723 2721
3 2724 2721 2722
3 2721 2723 2583
3 2721 2583 2580
3 2724 2726 2725
3 2724 2725 2723
3 2586 2583 2723
3 2586 2723 2725
3 2727 2725 2726
3 2727 2726 2728
3 2586 2725 2727
3 2586 2727 2589
3 2727 2728 2731
3 2727 2731 2729
3 2727 2729 2730
3 2727 2730 2589
3 2735 2730 2729
3 2735 2729 2732
3 2731 2734 2732
3 2731 2732 2729
3 2733 2732 2734
3 2733 2734 2750
3 2733 2737 2735
3 2733 2735 2732
3 2735 2736 2588
3 2735 2588 2730
3 2735 2737 2739
3 2735 2739 2736
3 2733 2746 2738
3 2733 2738 2737
3 2741 2739 2737
3 2741 2737 2738
3 2740 2743 2736
3 2740 2736 2739
3 2742 2740 2739
3 2742 2739 2741
3 2742 2741 2627
3 2742 2627 2621
3 2627 2741 2738
3 2627 2738 2630
3 2744 2740 2742
3 2744 2742 2620
3 2744 2745 2743
3 2744 2743 2740
3 2599 2745 2744
3 2599 2744 2606
3 2744 2620 2617
3 2744 2617 2606
3 2745 2593 2591
3 2745 2591 2743
3 2588 2736 2743
3 2588 2743 2591
3 2630 2738 2746
3 2630 2746 2747
3 2748 2749 2747
3 2748 2747 2746
3 2748 2746 2733
3 2748 2733 2750
3 2643 2749 2748
3 2643 2748 2649
3 2748 2750 2751
3 2748 2751 2649
3 2752 2751 2750
3 2752 2750 2734
3 2752 2753 2650
3 2752 2650 2751
3 2752 2754 2755
3 2752 2755 2753
3 2731 2754 2752
3 2731 2752 2734
3 2758 2755 2754
3 2758 2754 2756
3 2731 2728 2756
3 2731 2756 2754
3 2758 2756 2757
3 2758 2757 2760
3 2757 2756 2728
3 2757 2728 2726
3 2776 2755 2758
3 2776 2758 2759
3 2758 2760 2761
3 2758 2761 2759
3 2765 2761 2760
3 2765 2760 2762
3 2757 2764 2762
3 2757 2762 2760
3 2765 2762 2763
3 2765 2763 2766
3 2763 2762 2764
3 2763 2764 2775
3 2765 2766 2770
3 2765 2770 2767
3 2769 2761 2765
3 2769 2765 2767
3 2686 2768 2767
3 2686 2767 2770
3 2769 2767 2768
3 2769 2768 2666
3 2686 2770 2771
3 2686 2771 2688
3 2771 2770 2766
3 2771 2766 2772
3 2771 2772 2705
3 2771 2705 2693
3 2763 2773 2772
3 2763 2772 2766
3 2705 2772 2773
3 2705 2773 2707
3 2763 2775 2774
3 2763 2774 2773
3 2774 2709 2707
3 2774 2707 2773
3 2774 2775 2722
3 2774 2722 2715
3 2724 2722 2775
3 2724 2775 2764
3 2769 2667 2759
3 2769 2759 2761
3 2685 2669 2666
3 2685 2666 2768
3 2757 2726 2724
3 2757 2724 2764
3 2776 2759 2667
3 2776 2667 2660
3 2776 2659 2753
3 2776 2753 2755
3 2650 2753 2659
3 2650 2659 2652
3 2631 2747 2749
3 2631 2749 2637
3 2710 2713 2549
3 2710 2549 2777
3 2710 2777 2778
3 2710 2778 2702
3 2550 2779 2778
3 2550 2778 2777
3 2778 2779 2780
3 2778 2780 2703
3 2783 2780 2779
3 2783 2779 2781
3 2550 2547 2781
3 2550 2781 2779
3 2783 2781 2782
3 2783 2782 2785
3 2782 2781 2547
3 2782 2547 2544
3 2794 2780 2783
3 2794 2783 2784
3 2783 2785 2786
3 2783 2786 2784
3 2514 2786 2785
3 2514 2785 2787
3 2782 2788 2787
3 2782 2787 2785
3 2517 2787 2788
3 2517 2788 2790
3 2782 2544 2789
3 2782 2789 2788
3 2789 2791 2790
3 2789 2790 2788
3 2517 2790 2523
3 2517 2523 2519
3 2523 2790 2791
3 2523 2791 2792
3 2793 2530 2792
3 2793 2792 2791
3 2789 2545 2793
3 2789 2793 2791
3 2793 2545 2538
3 2793 2538 2533
3 2511 2795 2784
3 2511 2784 2786
3 2794 2784 2795
3 2794 2795 2796
3 2510 2797 2796
3 2510 2796 2795
3 2698 2796 2797
3 2698 2797 2799
3 2698 2700 2794
3 2698 2794 2796
3 2798 2797 2510
3 2798 2510 2506
3 2798 2800 2799
3 2798 2799 2797
3 2697 2799 2800
3 2697 2800 2801
3 2802 2804 2801
3 2802 2801 2800
3 2802 2800 2798
3 2802 2798 2505
3 2805 2804 2802
3 2805 2802 2803
3 2802 2505 2503
3 2802 2503 2803
3 2805 2807 2806
3 2805 2806 2804
3 2809 2801 2804
3 2809 2804 2806
3 2808 2806 2807
3 2808 2807 2810
3 2808 2690 2809
3 2808 2809 2806
3 2809 2691 2697
3 2809 2697 2801
3 2811 2681 2808
3 2811 2808 2810
3 2808 2681 2683
3 2808 2683 2690
3 2811 2810 2812
3 2811 2812 2814
3 2815 2812 2810
3 2815 2810 2807
3 2813 3259 2814
3 2813 2814 2812
3 2813 2812 2815
3 2813 2815 2816
3 2815 2817 2818
3 2815 2818 2816
3 2815 2807 2805
3 2815 2805 2817
3 2820 2818 2817
3 2820 2817 2819
3 2805 2803 2819
3 2805 2819 2817
3 2500 2819 2803
3 2500 2803 2503
3 2500 2821 2820
3 2500 2820 2819
3 2820 2821 2823
3 2820 2823 2822
3 2820 2822 2824
3 2820 2824 2818
3 2828 2825 2822
3 2828 2822 2823
3 2824 2822 2825
3 2824 2825 2826
3 2827 5035 2826
3 2827 2826 2825
3 2827 2825 2828
3 2827 2828 2829
3 2828 2830 2831
3 2828 2831 2829
3 2828 2823 2832
3 2828 2832 2830
3 2834 2831 2830
3 2834 2830 2833
3 2832 2836 2833
3 2832 2833 2830
3 2834 2833 2835
3 2834 2835 5030
3 2835 2833 2836
3 2835 2836 2837
3 2498 2495 2837
3 2498 2837 2836
3 2832 2501 2498
3 2832 2498 2836
3 2835 2837 2838
3 2835 2838 2839
3 2838 2837 2495
3 2838 2495 2493
3 2838 2840 2841
3 2838 2841 2839
3 2838 2493 2842
3 2838 2842 2840
3 2845 2841 2840
3 2845 2840 2843
3 2842 2469 2843
3 2842 2843 2840
3 2844 2843 2469
3 2844 2469 2467
3 2844 2846 2845
3 2844 2845 2843
3 2845 2846 2848
3 2845 2848 2847
3 2845 2847 2849
3 2845 2849 2841
3 2853 2850 2847
3 2853 2847 2848
3 2849 2847 2850
3 2849 2850 2851
3 2852 5027 2851
3 2852 2851 2850
3 2853 2855 2852
3 2853 2852 2850
3 1749 2854 2853
3 1749 2853 2848
3 2853 2854 2856
3 2853 2856 2855
3 2859 2857 2855
3 2859 2855 2856
3 2852 2855 2857
3 2852 2857 2860
3 2859 5095 2858
3 2859 2858 2857
3 2858 2862 2860
3 2858 2860 2857
3 2852 2860 2861
3 2852 2861 5027
3 2861 2860 2862
3 2861 2862 2864
3 2858 5093 2863
3 2858 2863 2862
3 2863 2866 2864
3 2863 2864 2862
3 2861 2864 2865
3 2861 2865 5024
3 2865 2864 2866
3 2865 2866 2868
3 2863 5091 2867
3 2863 2867 2866
3 2867 2870 2868
3 2867 2868 2866
3 2865 2868 2869
3 2865 2869 5021
3 2869 2868 2870
3 2869 2870 2871
3 2872 2873 2871
3 2872 2871 2870
3 2867 2874 2872
3 2867 2872 2870
3 2872 2875 2877
3 2872 2877 2873
3 2872 2874 2876
3 2872 2876 2875
3 2879 2878 2875
3 2879 2875 2876
3 2877 2875 2878
3 2877 2878 2881
3 2879 5089 2880
3 2879 2880 2878
3 2880 2883 2881
3 2880 2881 2878
3 2877 2881 2882
3 2877 2882 3299
3 2882 2881 2883
3 2882 2883 2885
3 2880 5087 2884
3 2880 2884 2883
3 2884 2887 2885
3 2884 2885 2883
3 2882 2885 2886
3 2882 2886 3302
3 2886 2885 2887
3 2886 2887 2888
3 2889 2890 2888
3 2889 2888 2887
3 2884 2891 2889
3 2884 2889 2887
3 2889 2892 2894
3 2889 2894 2890
3 2889 2891 2893
3 2889 2893 2892
3 1792 2895 2892
3 1792 2892 2893
3 2894 2892 2895
3 2894 2895 2896
3 1793 2898 2896
3 1793 2896 2895
3 2894 2896 2897
3 2894 2897 3317
3 2897 2896 2898
3 2897 2898 2899
3 1796 2901 2899
3 1796 2899 2898
3 2897 2899 2900
3 2897 2900 3316
3 2900 2899 2901
3 2900 2901 2902
3 1799 2904 2902
3 1799 2902 2901
3 2900 2902 2903
3 2900 2903 3320
3 2903 2902 2904
3 2903 2904 2905
3 1802 2907 2905
3 1802 2905 2904
3 2903 2905 2906
3 2903 2906 3323
3 2906 2905 2907
3 2906 2907 2908
3 1806 2910 2908
3 1806 2908 2907
3 2906 2908 2909
3 2906 2909 3326
3 2909 2908 2910
3 2909 2910 2911
3 1810 2913 2911
3 1810 2911 2910
3 2909 2911 2912
3 2909 2912 3329
3 2912 2911 2913
3 2912 2913 2914
3 2915 2916 2914
3 2915 2914 2913
3 1810 1812 2915
3 1810 2915 2913
3 2915 1812 1814
3 2915 1814 2917
3 2915 2917 2918
3 2915 2918 2916
3 2920 2919 2917
3 2920 2917 1814
3 2918 2917 2919
3 2918 2919 2922
3 2920 5085 2921
3 2920 2921 2919
3 2921 2924 2922
3 2921 2922 2919
3 2918 2922 2923
3 2918 2923 3338
3 2923 2922 2924
3 2923 2924 2926
3 2921 5083 2925
3 2921 2925 2924
3 2925 2928 2926
3 2925 2926 2924
3 2923 2926 2927
3 2923 2927 3341
3 2927 2926 2928
3 2927 2928 2929
3 2930 2931 2929
3 2930 2929 2928
3 2925 1996 2930
3 2925 2930 2928
3 2930 1997 2933
3 2930 2933 2931
3 3345 2929 2931
3 3345 2931 2932
3 2933 2934 2932
3 2933 2932 2931
3 2933 1997 1999
3 2933 1999 2935
3 2933 2935 2936
3 2933 2936 2934
3 2002 2937 2935
3 2002 2935 1999
3 2936 2935 2937
3 2936 2937 2938
3 2007 2940 2938
3 2007 2938 2937
3 2936 2938 2939
3 2936 2939 3354
3 2939 2938 2940
3 2939 2940 2942
3 2007 2009 2941
3 2007 2941 2940
3 2941 2944 2942
3 2941 2942 2940
3 2939 2942 2943
3 2939 2943 2952
3 2943 2942 2944
3 2943 2944 2946
3 2941 5080 2945
3 2941 2945 2944
3 2945 2601 2946
3 2945 2946 2944
3 2943 2946 2947
3 2943 2947 2948
3 2947 2946 2601
3 2947 2601 2603
3 2947 2608 2949
3 2947 2949 2948
3 2953 2950 2948
3 2953 2948 2949
3 2943 2948 2950
3 2943 2950 2952
3 2951 3355 2952
3 2951 2952 2950
3 2951 2950 2953
3 2951 2953 2954
3 2953 2955 2956
3 2953 2956 2954
3 2953 2949 2957
3 2953 2957 2955
3 2959 2956 2955
3 2959 2955 2958
3 2957 2961 2958
3 2957 2958 2955
3 2959 2958 2960
3 2959 2960 3371
3 2960 2958 2961
3 2960 2961 2962
3 2612 2964 2962
3 2612 2962 2961
3 2957 2610 2612
3 2957 2612 2961
3 2960 2962 2963
3 2960 2963 3374
3 2963 2962 2964
3 2963 2964 2965
3 2613 2967 2965
3 2613 2965 2964
3 2963 2965 2966
3 2963 2966 3377
3 2966 2965 2967
3 2966 2967 2969
3 2613 2615 2968
3 2613 2968 2967
3 2968 2971 2969
3 2968 2969 2967
3 2966 2969 2970
3 2966 2970 3380
3 2970 2969 2971
3 2970 2971 2972
3 2968 2974 2973
3 2968 2973 2971
3 2973 2975 2972
3 2973 2972 2971
3 2973 2974 2623
3 2973 2623 2976
3 2973 2976 2977
3 2973 2977 2975
3 2977 2976 2978
3 2977 2978 2980
3 2625 2978 2976
3 2625 2976 2623
3 2625 2628 2979
3 2625 2979 2978
3 2979 2982 2980
3 2979 2980 2978
3 2977 2980 2981
3 2977 2981 3389
3 2981 2980 2982
3 2981 2982 2983
3 2984 2985 2983
3 2984 2983 2982
3 2979 2633 2984
3 2979 2984 2982
3 2984 2986 2987
3 2984 2987 2985
3 2984 2633 2635
3 2984 2635 2986
3 2638 2988 2986
3 2638 2986 2635
3 2987 2986 2988
3 2987 2988 2990
3 2638 2641 2989
3 2638 2989 2988
3 2989 2992 2990
3 2989 2990 2988
3 2987 2990 2991
3 2987 2991 3397
3 2991 2990 2992
3 2991 2992 2994
3 2989 3121 2993
3 2989 2993 2992
3 2993 2995 2994
3 2993 2994 2992
3 2996 2994 2995
3 2996 2995 2998
3 2991 2994 2996
3 2991 2996 2999
3 2996 2998 5045
3 2996 5045 2997
3 2996 2997 3001
3 2996 3001 2999
3 3002 3000 2999
3 3002 2999 3001
3 2991 2999 3000
3 2991 3000 3397
3 3002 3001 3003
3 3002 3003 3005
3 3003 3001 2997
3 3003 2997 3004
3 3003 3004 3008
3 3003 3008 3006
3 3003 3006 3007
3 3003 3007 3005
3 3012 3007 3006
3 3012 3006 3009
3 3008 3011 3009
3 3008 3009 3006
3 3012 3009 3010
3 3012 3010 3014
3 3010 3009 3011
3 3010 3011 5075
3 3407 3007 3012
3 3407 3012 3013
3 3012 3014 3015
3 3012 3015 3013
3 3017 3015 3014
3 3017 3014 3016
3 3010 3019 3016
3 3010 3016 3014
3 3017 3016 3018
3 3017 3018 3420
3 3018 3016 3019
3 3018 3019 3021
3 3010 5075 3020
3 3010 3020 3019
3 3020 3023 3021
3 3020 3021 3019
3 3018 3021 3022
3 3018 3022 3423
3 3022 3021 3023
3 3022 3023 3025
3 3020 5073 3024
3 3020 3024 3023
3 3024 3027 3025
3 3024 3025 3023
3 3022 3025 3026
3 3022 3026 3426
3 3026 3025 3027
3 3026 3027 3029
3 3024 5070 3028
3 3024 3028 3027
3 3028 3031 3029
3 3028 3029 3027
3 3026 3029 3030
3 3026 3030 3429
3 3030 3029 3031
3 3030 3031 3032
3 3033 3034 3032
3 3033 3032 3031
3 3028 3035 3033
3 3028 3033 3031
3 3033 3036 3038
3 3033 3038 3034
3 3033 3035 3037
3 3033 3037 3036
3 3042 3039 3036
3 3042 3036 3037
3 3038 3036 3039
3 3038 3039 3040
3 3041 3447 3040
3 3041 3040 3039
3 3042 3044 3041
3 3042 3041 3039
3 5068 3043 3042
3 5068 3042 3037
3 3042 3043 3045
3 3042 3045 3044
3 3047 3046 3044
3 3047 3044 3045
3 3041 3044 3046
3 3041 3046 3049
3 3047 5063 3048
3 3047 3048 3046
3 3048 3051 3049
3 3048 3049 3046
3 3041 3049 3050
3 3041 3050 3447
3 3050 3049 3051
3 3050 3051 3052
3 3053 3055 3052
3 3053 3052 3051
3 3048 3054 3053
3 3048 3053 3051
3 3053 3054 3057
3 3053 3057 3056
3 3053 3056 3058
3 3053 3058 3055
3 3061 3059 3056
3 3061 3056 3057
3 3058 3056 3059
3 3058 3059 3060
3 3062 3063 3060
3 3062 3060 3059
3 3061 3064 3062
3 3061 3062 3059
3 3062 3065 3067
3 3062 3067 3063
3 3062 3064 3068
3 3062 3068 3065
3 3065 3068 3069
3 3065 3069 3066
3 3065 3066 3470
3 3065 3470 3067
3 3071 3069 3068
3 3071 3068 3070
3 3064 3073 3070
3 3064 3070 3068
3 3071 3070 3072
3 3071 3072 5018
3 3072 3070 3073
3 3072 3073 3074
3 3075 3076 3074
3 3075 3074 3073
3 3061 3075 3073
3 3061 3073 3064
3 3077 3079 3076
3 3077 3076 3075
3 3077 3075 3061
3 3077 3061 3057
3 3080 3079 3077
3 3080 3077 3078
3 3077 3057 3054
3 3077 3054 3078
3 3079 3081 3082
3 3079 3082 3076
3 3080 3083 3081
3 3080 3081 3079
3 3085 3082 3081
3 3085 3081 3084
3 3083 3087 3084
3 3083 3084 3081
3 3085 3084 3086
3 3085 3086 3510
3 3086 3084 3087
3 3086 3087 3088
3 3089 3092 3088
3 3089 3088 3087
3 3091 3089 3087
3 3091 3087 3083
3 3090 3094 3092
3 3090 3092 3089
3 3090 3089 3091
3 3090 3091 5060
3 3185 3088 3092
3 3185 3092 3093
3 3094 3096 3093
3 3094 3093 3092
3 3095 3097 3096
3 3095 3096 3094
3 3095 3094 3090
3 3095 3090 5057
3 3099 3093 3096
3 3099 3096 3098
3 3097 3101 3098
3 3097 3098 3096
3 3099 3098 3100
3 3099 3100 3181
3 3100 3098 3101
3 3100 3101 3102
3 3103 3105 3102
3 3103 3102 3101
3 3104 3103 3101
3 3104 3101 3097
3 3106 3103 3104
3 3106 3104 3108
3 3106 3109 3105
3 3106 3105 3103
3 3111 3109 3106
3 3111 3106 3107
3 3106 3108 5049
3 3106 5049 3107
3 3111 3112 3110
3 3111 3110 3109
3 3109 3110 3177
3 3109 3177 3105
3 3111 3107 3114
3 3111 3114 3113
3 3115 3112 3111
3 3115 3111 3113
3 5045 2998 3113
3 5045 3113 3114
3 3115 3113 2998
3 3115 2998 2995
3 2993 3116 3115
3 2993 3115 2995
3 3115 3116 3117
3 3115 3117 3112
3 3116 3118 3119
3 3116 3119 3117
3 2993 3121 3118
3 2993 3118 3116
3 3123 3119 3118
3 3123 3118 3120
3 3121 3122 3120
3 3121 3120 3118
3 2989 2641 3122
3 2989 3122 3121
3 3124 3120 3122
3 3124 3122 2640
3 3123 3120 3124
3 3123 3124 3125
3 3124 2645 3126
3 3124 3126 3125
3 3123 3125 3127
3 3123 3127 3130
3 3128 3127 3125
3 3128 3125 3126
3 3128 3142 3129
3 3128 3129 3127
3 3129 3132 3130
3 3129 3130 3127
3 3131 3130 3132
3 3131 3132 3133
3 3131 3119 3123
3 3131 3123 3130
3 3134 3135 3133
3 3134 3133 3132
3 3129 3137 3134
3 3129 3134 3132
3 3134 3136 3171
3 3134 3171 3135
3 3134 3137 3138
3 3134 3138 3136
3 3140 3138 3137
3 3140 3137 3139
3 3129 3142 3139
3 3129 3139 3137
3 3140 3139 3141
3 3140 3141 3155
3 3141 3139 3142
3 3141 3142 3143
3 3128 3145 3143
3 3128 3143 3142
3 3141 3143 3144
3 3141 3144 3146
3 3144 3143 3145
3 3144 3145 2654
3 2655 3145 3128
3 2655 3128 3126
3 3144 3147 3148
3 3144 3148 3146
3 3144 2654 2657
3 3144 2657 3147
3 3149 3148 3147
3 3149 3147 2662
3 3150 3153 3146
3 3150 3146 3148
3 3150 3148 3149
3 3150 3149 3151
3 3150 3151 3246
3 3150 3246 3152
3 3154 3153 3150
3 3154 3150 3152
3 3154 3156 3155
3 3154 3155 3153
3 3141 3146 3153
3 3141 3153 3155
3 3140 3155 3156
3 3140 3156 3158
3 3157 3159 3158
3 3157 3158 3156
3 3157 3156 3154
3 3157 3154 5037
3 3160 3158 3159
3 3160 3159 3162
3 3160 3138 3140
3 3160 3140 3158
3 3164 3161 3160
3 3164 3160 3162
3 3160 3161 3136
3 3160 3136 3138
3 5040 3163 3162
3 5040 3162 3159
3 3164 3162 3163
3 3164 3163 3165
3 3167 3166 3164
3 3167 3164 3165
3 3164 3166 3169
3 3164 3169 3161
3 3167 3197 3168
3 3167 3168 3166
3 3170 3169 3166
3 3170 3166 3168
3 3171 3169 3170
3 3171 3170 3172
3 3171 3136 3161
3 3171 3161 3169
3 3171 3172 3173
3 3171 3173 3135
3 3176 3173 3172
3 3176 3172 3174
3 3170 3175 3174
3 3170 3174 3172
3 3100 3174 3175
3 3100 3175 3181
3 3100 3102 3176
3 3100 3176 3174
3 3176 3102 3105
3 3176 3105 3177
3 3176 3177 3178
3 3176 3178 3173
3 3178 3177 3110
3 3178 3110 3179
3 3178 3133 3135
3 3178 3135 3173
3 3178 3179 3131
3 3178 3131 3133
3 3112 3117 3179
3 3112 3179 3110
3 3131 3179 3117
3 3131 3117 3119
3 3170 3168 3180
3 3170 3180 3175
3 3180 3182 3181
3 3180 3181 3175
3 3099 3181 3182
3 3099 3182 3184
3 3180 3196 3183
3 3180 3183 3182
3 3183 3186 3184
3 3183 3184 3182
3 3185 3184 3186
3 3185 3186 3187
3 3185 3093 3099
3 3185 3099 3184
3 3188 3189 3187
3 3188 3187 3186
3 3183 3191 3188
3 3183 3188 3186
3 3188 3190 3511
3 3188 3511 3189
3 3188 3191 3192
3 3188 3192 3190
3 3194 3192 3191
3 3194 3191 3193
3 3183 3196 3193
3 3183 3193 3191
3 3194 3193 3195
3 3194 3195 3199
3 3195 3193 3196
3 3195 3196 3197
3 3180 3168 3197
3 3180 3197 3196
3 3195 3197 3167
3 3195 3167 3198
3 3195 3198 3201
3 3195 3201 3199
3 3202 3200 3199
3 3202 3199 3201
3 3194 3199 3200
3 3194 3200 3525
3 3202 3201 3203
3 3202 3203 3206
3 3203 3201 3198
3 3203 3198 3204
3 3203 3204 5044
3 3203 5044 3205
3 3203 3205 3207
3 3203 3207 3206
3 3211 3208 3206
3 3211 3206 3207
3 3202 3206 3208
3 3202 3208 3210
3 3209 3532 3210
3 3209 3210 3208
3 3209 3208 3211
3 3209 3211 3213
3 3211 3212 3215
3 3211 3215 3213
3 3211 3207 3223
3 3211 3223 3212
3 3209 3213 3214
3 3209 3214 3531
3 3215 3216 3214
3 3215 3214 3213
3 3220 3217 3215
3 3220 3215 3212
3 3215 3217 3218
3 3215 3218 3216
3 3547 3218 3217
3 3547 3217 3219
3 3220 3221 3219
3 3220 3219 3217
3 3225 3221 3220
3 3225 3220 3222
3 3223 3222 3220
3 3223 3220 3212
3 3223 5043 3224
3 3223 3224 3222
3 3224 3227 3225
3 3224 3225 3222
3 3225 3226 3554
3 3225 3554 3221
3 3229 3226 3225
3 3229 3225 3227
3 3224 5041 3228
3 3224 3228 3227
3 3228 3230 3229
3 3228 3229 3227
3 3233 3231 3229
3 3233 3229 3230
3 3229 3231 3232
3 3229 3232 3226
3 3235 3232 3231
3 3235 3231 3234
3 3233 3237 3234
3 3233 3234 3231
3 3235 3234 3236
3 3235 3236 5017
3 3236 3234 3237
3 3236 3237 3238
3 3239 3241 3238
3 3239 3238 3237
3 3239 3237 3233
3 3239 3233 3242
3 3244 3240 3239
3 3244 3239 3242
3 3250 3241 3239
3 3250 3239 3240
3 3243 3242 3233
3 3243 3233 3230
3 3243 3245 3244
3 3243 3244 3242
3 3244 3245 3152
3 3244 3152 3246
3 3244 3246 3247
3 3244 3247 3240
3 3247 3246 3151
3 3247 3151 3249
3 3247 3248 3250
3 3247 3250 3240
3 3247 3249 2671
3 3247 2671 3248
3 3149 2672 3249
3 3149 3249 3151
3 2676 3251 3250
3 2676 3250 3248
3 3250 3251 3252
3 3250 3252 3241
3 3255 3252 3251
3 3255 3251 3253
3 2676 2678 3253
3 2676 3253 3251
3 3255 3253 3254
3 3255 3254 3257
3 3254 3253 2678
3 3254 2678 2680
3 5016 3252 3255
3 5016 3255 3256
3 3255 3257 3258
3 3255 3258 3256
3 3260 3258 3257
3 3260 3257 3259
3 3254 2814 3259
3 3254 3259 3257
3 3260 3259 2813
3 3260 2813 3261
3 3263 3258 3260
3 3263 3260 3262
3 3260 3261 3265
3 3260 3265 3262
3 3263 3262 3264
3 3263 3264 5011
3 3267 3264 3262
3 3267 3262 3265
3 3266 3265 3261
3 3266 3261 5036
3 3266 3268 3267
3 3266 3267 3265
3 3267 3269 3271
3 3267 3271 3264
3 3267 3268 3270
3 3267 3270 3269
3 3275 3272 3269
3 3275 3269 3270
3 3271 3269 3272
3 3271 3272 3273
3 3274 3577 3273
3 3274 3273 3272
3 3274 3272 3275
3 3274 3275 3276
3 3275 3277 3278
3 3275 3278 3276
3 3275 3270 3279
3 3275 3279 3277
3 3283 3278 3277
3 3283 3277 3280
3 3279 3282 3280
3 3279 3280 3277
3 3283 3280 3281
3 3283 3281 3285
3 3281 3280 3282
3 3281 3282 5034
3 3582 3278 3283
3 3582 3283 3284
3 3283 3285 3286
3 3283 3286 3284
3 3290 3286 3285
3 3290 3285 3287
3 3281 3288 3287
3 3281 3287 3285
3 3289 3287 3288
3 3289 3288 5033
3 3289 3291 3290
3 3289 3290 3287
3 3290 3291 3295
3 3290 3295 3292
3 3290 3292 3293
3 3290 3293 3286
3 3293 3292 3294
3 3293 3294 3587
3 3296 3294 3292
3 3296 3292 3295
3 2869 3295 3291
3 2869 3291 5021
3 2869 2871 3296
3 2869 3296 3295
3 3296 3297 3298
3 3296 3298 3294
3 3296 2871 2873
3 3296 2873 3297
3 2877 3299 3297
3 2877 3297 2873
3 3298 3297 3299
3 3298 3299 3300
3 2882 3302 3300
3 2882 3300 3299
3 3298 3300 3301
3 3298 3301 3589
3 3301 3300 3302
3 3301 3302 3303
3 2886 3305 3303
3 2886 3303 3302
3 3301 3303 3304
3 3301 3304 3591
3 3304 3303 3305
3 3304 3305 3307
3 2886 2888 3306
3 2886 3306 3305
3 3306 3309 3307
3 3306 3307 3305
3 3304 3307 3308
3 3304 3308 3594
3 3308 3307 3309
3 3308 3309 3310
3 3311 3312 3310
3 3311 3310 3309
3 3306 3313 3311
3 3306 3311 3309
3 3311 3314 3315
3 3311 3315 3312
3 3311 3313 3317
3 3311 3317 3314
3 3315 3314 3316
3 3315 3316 3318
3 2897 3316 3314
3 2897 3314 3317
3 2894 3317 3313
3 2894 3313 2890
3 2900 3320 3318
3 2900 3318 3316
3 3315 3318 3319
3 3315 3319 3607
3 3319 3318 3320
3 3319 3320 3321
3 2903 3323 3321
3 2903 3321 3320
3 3319 3321 3322
3 3319 3322 3609
3 3322 3321 3323
3 3322 3323 3324
3 2906 3326 3324
3 2906 3324 3323
3 3322 3324 3325
3 3322 3325 3612
3 3325 3324 3326
3 3325 3326 3327
3 2909 3329 3327
3 2909 3327 3326
3 3325 3327 3328
3 3325 3328 3615
3 3328 3327 3329
3 3328 3329 3330
3 2912 3332 3330
3 2912 3330 3329
3 3328 3330 3331
3 3328 3331 3618
3 3331 3330 3332
3 3331 3332 3333
3 2912 2914 3334
3 2912 3334 3332
3 3334 3335 3333
3 3334 3333 3332
3 3334 2914 2916
3 3334 2916 3336
3 3334 3336 3337
3 3334 3337 3335
3 2918 3338 3336
3 2918 3336 2916
3 3337 3336 3338
3 3337 3338 3339
3 2923 3341 3339
3 2923 3339 3338
3 3337 3339 3340
3 3337 3340 3627
3 3340 3339 3341
3 3340 3341 3342
3 2927 3344 3342
3 2927 3342 3341
3 3340 3342 3343
3 3340 3343 3630
3 3343 3342 3344
3 3343 3344 3346
3 2927 2929 3345
3 2927 3345 3344
3 3345 3348 3346
3 3345 3346 3344
3 3343 3346 3347
3 3343 3347 3633
3 3347 3346 3348
3 3347 3348 3349
3 3350 3351 3349
3 3350 3349 3348
3 3345 2932 3350
3 3345 3350 3348
3 3350 2932 2934
3 3350 2934 3352
3 3350 3352 3353
3 3350 3353 3351
3 3353 3352 3354
3 3353 3354 3355
3 2936 3354 3352
3 2936 3352 2934
3 2939 2952 3355
3 2939 3355 3354
3 3353 3355 2951
3 3353 2951 3356
3 3353 3356 3358
3 3353 3358 3351
3 3360 3358 3356
3 3360 3356 3357
3 2951 2954 3357
3 2951 3357 3356
3 3359 3349 3351
3 3359 3351 3358
3 3359 3358 3360
3 3359 3360 3361
3 3360 3362 3363
3 3360 3363 3361
3 3360 3357 3364
3 3360 3364 3362
3 3366 3363 3362
3 3366 3362 3365
3 3364 3368 3365
3 3364 3365 3362
3 3366 3365 3367
3 3366 3367 3644
3 3367 3365 3368
3 3367 3368 3369
3 2959 3371 3369
3 2959 3369 3368
3 3364 2956 2959
3 3364 2959 3368
3 3367 3369 3370
3 3367 3370 3658
3 3370 3369 3371
3 3370 3371 3372
3 2960 3374 3372
3 2960 3372 3371
3 3370 3372 3373
3 3370 3373 3660
3 3373 3372 3374
3 3373 3374 3375
3 2963 3377 3375
3 2963 3375 3374
3 3373 3375 3376
3 3373 3376 3663
3 3376 3375 3377
3 3376 3377 3378
3 2966 3380 3378
3 2966 3378 3377
3 3376 3378 3379
3 3376 3379 3666
3 3379 3378 3380
3 3379 3380 3381
3 2970 3383 3381
3 2970 3381 3380
3 3379 3381 3382
3 3379 3382 3669
3 3382 3381 3383
3 3382 3383 3384
3 3385 3386 3384
3 3385 3384 3383
3 2970 2972 3385
3 2970 3385 3383
3 3385 2972 2975
3 3385 2975 3387
3 3385 3387 3388
3 3385 3388 3386
3 2977 3389 3387
3 2977 3387 2975
3 3388 3387 3389
3 3388 3389 3390
3 2981 3392 3390
3 2981 3390 3389
3 3388 3390 3391
3 3388 3391 3686
3 3391 3390 3392
3 3391 3392 3393
3 3394 3395 3393
3 3394 3393 3392
3 2981 2983 3394
3 2981 3394 3392
3 3394 2983 2985
3 3394 2985 3396
3 3394 3396 3398
3 3394 3398 3395
3 2987 3397 3396
3 2987 3396 2985
3 3398 3396 3397
3 3398 3397 3000
3 3398 3000 3002
3 3398 3002 3399
3 3398 3399 3401
3 3398 3401 3395
3 3403 3401 3399
3 3403 3399 3400
3 3002 3005 3400
3 3002 3400 3399
3 3402 3393 3395
3 3402 3395 3401
3 3402 3401 3403
3 3402 3403 3404
3 3403 3400 3407
3 3403 3407 3405
3 3403 3405 3406
3 3403 3406 3404
3 3410 3406 3405
3 3410 3405 3408
3 3407 3013 3408
3 3407 3408 3405
3 3410 3408 3409
3 3410 3409 3412
3 3409 3408 3013
3 3409 3013 3015
3 3690 3406 3410
3 3690 3410 3411
3 3410 3412 3413
3 3410 3413 3411
3 3415 3413 3412
3 3415 3412 3414
3 3409 3417 3414
3 3409 3414 3412
3 3415 3414 3416
3 3415 3416 3699
3 3416 3414 3417
3 3416 3417 3418
3 3409 3015 3017
3 3409 3017 3417
3 3017 3420 3418
3 3017 3418 3417
3 3416 3418 3419
3 3416 3419 3702
3 3419 3418 3420
3 3419 3420 3421
3 3018 3423 3421
3 3018 3421 3420
3 3419 3421 3422
3 3419 3422 3705
3 3422 3421 3423
3 3422 3423 3424
3 3022 3426 3424
3 3022 3424 3423
3 3422 3424 3425
3 3422 3425 3708
3 3425 3424 3426
3 3425 3426 3427
3 3026 3429 3427
3 3026 3427 3426
3 3425 3427 3428
3 3425 3428 3711
3 3428 3427 3429
3 3428 3429 3430
3 3030 3432 3430
3 3030 3430 3429
3 3428 3430 3431
3 3428 3431 3714
3 3431 3430 3432
3 3431 3432 3434
3 3030 3032 3433
3 3030 3433 3432
3 3433 3436 3434
3 3433 3434 3432
3 3431 3434 3435
3 3431 3435 3717
3 3435 3434 3436
3 3435 3436 3437
3 3438 3439 3437
3 3438 3437 3436
3 3433 3440 3438
3 3433 3438 3436
3 3438 3441 3442
3 3438 3442 3439
3 3438 3440 3444
3 3438 3444 3441
3 3442 3441 3443
3 3442 3443 5009
3 3445 3443 3441
3 3445 3441 3444
3 3038 3444 3440
3 3038 3440 3034
3 3038 3040 3445
3 3038 3445 3444
3 3445 3040 3447
3 3445 3447 3446
3 3445 3446 3448
3 3445 3448 3443
3 3050 3449 3446
3 3050 3446 3447
3 3448 3446 3449
3 3448 3449 3451
3 3050 3052 3450
3 3050 3450 3449
3 3450 3453 3451
3 3450 3451 3449
3 3448 3451 3452
3 3448 3452 5008
3 3452 3451 3453
3 3452 3453 3454
3 3455 3457 3454
3 3455 3454 3453
3 3450 3456 3455
3 3450 3455 3453
3 3455 3456 3461
3 3455 3461 3458
3 3455 3458 3459
3 3455 3459 3457
3 3459 3458 3460
3 3459 3460 4999
3 3462 3460 3458
3 3462 3458 3461
3 3058 3461 3456
3 3058 3456 3055
3 3058 3060 3462
3 3058 3462 3461
3 3462 3060 3063
3 3462 3063 3463
3 3462 3463 3464
3 3462 3464 3460
3 3463 3063 3067
3 3463 3067 3465
3 3463 3465 3466
3 3463 3466 3464
3 3465 3067 3470
3 3465 3470 3467
3 3465 3467 3468
3 3465 3468 3466
3 3467 3469 4983
3 3467 4983 3468
3 3467 3470 3471
3 3467 3471 3469
3 3066 3472 3471
3 3066 3471 3470
3 3474 3473 3471
3 3474 3471 3472
3 3473 3475 3469
3 3473 3469 3471
3 3476 3473 3474
3 3476 3474 3479
3 3476 3478 3475
3 3476 3475 3473
3 4917 3478 3476
3 4917 3476 3477
3 3476 3479 3480
3 3476 3480 3477
3 3483 3480 3479
3 3483 3479 3481
3 3474 3482 3481
3 3474 3481 3479
3 3484 3481 3482
3 3484 3482 3485
3 3484 3486 3483
3 3484 3483 3481
3 3490 3487 3484
3 3490 3484 3485
3 3484 3487 3488
3 3484 3488 3486
3 3927 3488 3487
3 3927 3487 3489
3 3490 3492 3489
3 3490 3489 3487
3 3490 3485 5019
3 3490 5019 3491
3 3494 3492 3490
3 3494 3490 3491
3 3925 3489 3492
3 3925 3492 3493
3 3494 3496 3493
3 3494 3493 3492
3 3497 3496 3494
3 3497 3494 3495
3 3494 3491 5018
3 3494 5018 3495
3 3499 3493 3496
3 3499 3496 3498
3 3497 3501 3498
3 3497 3498 3496
3 3499 3498 3500
3 3499 3500 3923
3 3500 3498 3501
3 3500 3501 3502
3 3503 3501 3497
3 3503 3497 3506
3 3503 3504 3502
3 3503 3502 3501
3 3511 3504 3503
3 3511 3503 3505
3 3503 3506 3508
3 3503 3508 3505
3 3509 3508 3506
3 3509 3506 3507
3 3497 3495 3507
3 3497 3507 3506
3 3509 3082 3085
3 3509 3085 3508
3 3085 3510 3505
3 3085 3505 3508
3 3072 3074 3509
3 3072 3509 3507
3 3509 3074 3076
3 3509 3076 3082
3 3072 3507 3495
3 3072 3495 5018
3 3511 3505 3510
3 3511 3510 3189
3 3511 3190 3512
3 3511 3512 3504
3 3086 3187 3189
3 3086 3189 3510
3 3514 3502 3504
3 3514 3504 3512
3 3514 3512 3513
3 3514 3513 3515
3 3513 3512 3190
3 3513 3190 3192
3 3514 3515 3518
3 3514 3518 3516
3 3500 3502 3514
3 3500 3514 3516
3 3519 3517 3516
3 3519 3516 3518
3 3500 3516 3517
3 3500 3517 3923
3 3519 3518 3520
3 3519 3520 3522
3 3520 3518 3515
3 3520 3515 3523
3 3520 3521 3527
3 3520 3527 3522
3 3520 3523 3524
3 3520 3524 3521
3 3513 3525 3523
3 3513 3523 3515
3 3524 3523 3525
3 3524 3525 3200
3 3513 3192 3194
3 3513 3194 3525
3 3524 3210 3532
3 3524 3532 3521
3 3524 3200 3202
3 3524 3202 3210
3 3528 3526 3522
3 3528 3522 3527
3 3519 3522 3526
3 3519 3526 3913
3 3528 3527 3529
3 3528 3529 3530
3 3529 3527 3521
3 3529 3521 3532
3 3529 3531 3533
3 3529 3533 3530
3 3529 3532 3209
3 3529 3209 3531
3 3214 3535 3533
3 3214 3533 3531
3 3533 3534 3908
3 3533 3908 3530
3 3533 3535 3536
3 3533 3536 3534
3 3539 3536 3535
3 3539 3535 3537
3 3214 3216 3537
3 3214 3537 3535
3 3539 3537 3538
3 3539 3538 3541
3 3538 3537 3216
3 3538 3216 3218
3 3928 3536 3539
3 3928 3539 3540
3 3539 3541 3542
3 3539 3542 3540
3 3544 3542 3541
3 3544 3541 3543
3 3538 3546 3543
3 3538 3543 3541
3 3544 3543 3545
3 3544 3545 3938
3 3545 3543 3546
3 3545 3546 3548
3 3538 3218 3547
3 3538 3547 3546
3 3547 3550 3548
3 3547 3548 3546
3 3545 3548 3549
3 3545 3549 4913
3 3549 3548 3550
3 3549 3550 3551
3 3552 3553 3551
3 3552 3551 3550
3 3547 3219 3552
3 3547 3552 3550
3 3552 3554 3555
3 3552 3555 3553
3 3552 3219 3221
3 3552 3221 3554
3 3555 3554 3226
3 3555 3226 3232
3 3555 3556 3558
3 3555 3558 3553
3 3555 3232 3235
3 3555 3235 3556
3 3235 5017 3557
3 3235 3557 3556
3 3560 3558 3556
3 3560 3556 3557
3 3559 3551 3553
3 3559 3553 3558
3 3559 3558 3560
3 3559 3560 3561
3 3560 3562 3563
3 3560 3563 3561
3 3560 3557 3564
3 3560 3564 3562
3 3568 3563 3562
3 3568 3562 3565
3 3564 3566 3565
3 3564 3565 3562
3 3567 3565 3566
3 3567 3566 5010
3 3567 3569 3568
3 3567 3568 3565
3 3568 3570 3571
3 3568 3571 3563
3 3568 3569 3573
3 3568 3573 3570
3 3571 3570 3572
3 3571 3572 4904
3 3574 3572 3570
3 3574 3570 3573
3 3575 3573 3569
3 3575 3569 3577
3 3574 3573 3575
3 3574 3575 3576
3 3575 3578 3579
3 3575 3579 3576
3 3575 3577 3274
3 3575 3274 3578
3 3581 3579 3578
3 3581 3578 3580
3 3274 3276 3580
3 3274 3580 3578
3 3581 3580 3582
3 3581 3582 3583
3 3582 3580 3276
3 3582 3276 3278
3 3582 3284 3585
3 3582 3585 3583
3 3581 3583 3584
3 3581 3584 4893
3 3586 3584 3583
3 3586 3583 3585
3 3293 3585 3284
3 3293 3284 3286
3 3293 3587 3586
3 3293 3586 3585
3 3586 3587 3589
3 3586 3589 3588
3 3586 3588 3590
3 3586 3590 3584
3 3301 3591 3588
3 3301 3588 3589
3 3590 3588 3591
3 3590 3591 3592
3 3304 3594 3592
3 3304 3592 3591
3 3590 3592 3593
3 3590 3593 4892
3 3593 3592 3594
3 3593 3594 3595
3 3308 3597 3595
3 3308 3595 3594
3 3593 3595 3596
3 3593 3596 4889
3 3596 3595 3597
3 3596 3597 3599
3 3308 3310 3598
3 3308 3598 3597
3 3598 3601 3599
3 3598 3599 3597
3 3596 3599 3600
3 3596 3600 4886
3 3600 3599 3601
3 3600 3601 3602
3 3603 3605 3602
3 3603 3602 3601
3 3598 3604 3603
3 3598 3603 3601
3 3603 3604 3607
3 3603 3607 3606
3 3603 3606 3608
3 3603 3608 3605
3 3319 3609 3606
3 3319 3606 3607
3 3608 3606 3609
3 3608 3609 3610
3 3322 3612 3610
3 3322 3610 3609
3 3608 3610 3611
3 3608 3611 3968
3 3611 3610 3612
3 3611 3612 3613
3 3325 3615 3613
3 3325 3613 3612
3 3611 3613 3614
3 3611 3614 3967
3 3614 3613 3615
3 3614 3615 3616
3 3328 3618 3616
3 3328 3616 3615
3 3614 3616 3617
3 3614 3617 3971
3 3617 3616 3618
3 3617 3618 3619
3 3331 3621 3619
3 3331 3619 3618
3 3617 3619 3620
3 3617 3620 3974
3 3620 3619 3621
3 3620 3621 3622
3 3623 3624 3622
3 3623 3622 3621
3 3331 3333 3623
3 3331 3623 3621
3 3623 3625 3626
3 3623 3626 3624
3 3623 3333 3335
3 3623 3335 3625
3 3337 3627 3625
3 3337 3625 3335
3 3626 3625 3627
3 3626 3627 3628
3 3340 3630 3628
3 3340 3628 3627
3 3626 3628 3629
3 3626 3629 3983
3 3629 3628 3630
3 3629 3630 3631
3 3343 3633 3631
3 3343 3631 3630
3 3629 3631 3632
3 3629 3632 3986
3 3632 3631 3633
3 3632 3633 3634
3 3347 3636 3634
3 3347 3634 3633
3 3632 3634 3635
3 3632 3635 3989
3 3635 3634 3636
3 3635 3636 3637
3 3347 3349 3359
3 3347 3359 3636
3 3359 3361 3637
3 3359 3637 3636
3 3635 3637 3638
3 3635 3638 3639
3 3638 3637 3361
3 3638 3361 3363
3 3638 3363 3366
3 3638 3366 3640
3 3638 3640 3641
3 3638 3641 3639
3 3645 3641 3640
3 3645 3640 3642
3 3366 3644 3642
3 3366 3642 3640
3 3645 3642 3643
3 3645 3643 3647
3 3643 3642 3644
3 3643 3644 3656
3 3991 3641 3645
3 3991 3645 3646
3 3645 3647 3648
3 3645 3648 3646
3 3650 3648 3647
3 3650 3647 3649
3 3643 3652 3649
3 3643 3649 3647
3 3650 3649 3651
3 3650 3651 4087
3 3651 3649 3652
3 3651 3652 3653
3 3643 3656 3654
3 3643 3654 3652
3 3654 3655 3653
3 3654 3653 3652
3 3654 3657 3659
3 3654 3659 3655
3 3654 3656 3658
3 3654 3658 3657
3 3370 3660 3657
3 3370 3657 3658
3 3659 3657 3660
3 3659 3660 3661
3 3373 3663 3661
3 3373 3661 3660
3 3659 3661 3662
3 3659 3662 4097
3 3662 3661 3663
3 3662 3663 3664
3 3376 3666 3664
3 3376 3664 3663
3 3662 3664 3665
3 3662 3665 4100
3 3665 3664 3666
3 3665 3666 3667
3 3379 3669 3667
3 3379 3667 3666
3 3665 3667 3668
3 3665 3668 4103
3 3668 3667 3669
3 3668 3669 3670
3 3382 3672 3670
3 3382 3670 3669
3 3668 3670 3671
3 3668 3671 4106
3 3671 3670 3672
3 3671 3672 3674
3 3382 3384 3673
3 3382 3673 3672
3 3673 3676 3674
3 3673 3674 3672
3 3671 3674 3675
3 3671 3675 4109
3 3675 3674 3676
3 3675 3676 3678
3 3673 3688 3677
3 3673 3677 3676
3 3677 3680 3678
3 3677 3678 3676
3 3675 3678 3679
3 3675 3679 4112
3 3679 3678 3680
3 3679 3680 3681
3 3682 3684 3681
3 3682 3681 3680
3 3677 3685 3682
3 3677 3682 3680
3 3682 3685 3687
3 3682 3687 3683
3 3682 3683 3690
3 3682 3690 3684
3 3677 3688 3686
3 3677 3686 3685
3 3391 3687 3685
3 3391 3685 3686
3 3391 3393 3402
3 3391 3402 3687
3 3402 3404 3683
3 3402 3683 3687
3 3388 3686 3688
3 3388 3688 3386
3 3673 3384 3386
3 3673 3386 3688
3 3691 3681 3684
3 3691 3684 3689
3 3690 3411 3689
3 3690 3689 3684
3 3690 3683 3404
3 3690 3404 3406
3 3691 3689 3692
3 3691 3692 3693
3 3692 3689 3411
3 3692 3411 3413
3 3692 3694 3695
3 3692 3695 3693
3 3692 3413 3415
3 3692 3415 3694
3 3697 3695 3694
3 3697 3694 3696
3 3415 3699 3696
3 3415 3696 3694
3 3697 3696 3698
3 3697 3698 4398
3 3698 3696 3699
3 3698 3699 3700
3 3416 3702 3700
3 3416 3700 3699
3 3698 3700 3701
3 3698 3701 4401
3 3701 3700 3702
3 3701 3702 3703
3 3419 3705 3703
3 3419 3703 3702
3 3701 3703 3704
3 3701 3704 4404
3 3704 3703 3705
3 3704 3705 3706
3 3422 3708 3706
3 3422 3706 3705
3 3704 3706 3707
3 3704 3707 4407
3 3707 3706 3708
3 3707 3708 3709
3 3425 3711 3709
3 3425 3709 3708
3 3707 3709 3710
3 3707 3710 4409
3 3710 3709 3711
3 3710 3711 3712
3 3428 3714 3712
3 3428 3712 3711
3 3710 3712 3713
3 3710 3713 4846
3 3713 3712 3714
3 3713 3714 3715
3 3431 3717 3715
3 3431 3715 3714
3 3713 3715 3716
3 3713 3716 4843
3 3716 3715 3717
3 3716 3717 3718
3 3435 3720 3718
3 3435 3718 3717
3 3716 3718 3719
3 3716 3719 4464
3 3719 3718 3720
3 3719 3720 3722
3 3435 3437 3721
3 3435 3721 3720
3 3721 3724 3722
3 3721 3722 3720
3 3719 3722 3723
3 3719 3723 4463
3 3723 3722 3724
3 3723 3724 3725
3 3726 3728 3725
3 3726 3725 3724
3 3721 3727 3726
3 3721 3726 3724
3 3726 3727 3730
3 3726 3730 3729
3 3726 3729 3731
3 3726 3731 3728
3 3733 3732 3729
3 3733 3729 3730
3 3731 3729 3732
3 3731 3732 3735
3 3733 5007 3734
3 3733 3734 3732
3 3734 3737 3735
3 3734 3735 3732
3 3731 3735 3736
3 3731 3736 4840
3 3736 3735 3737
3 3736 3737 3739
3 3734 5004 3738
3 3734 3738 3737
3 3738 3741 3739
3 3738 3739 3737
3 3736 3739 3740
3 3736 3740 4481
3 3740 3739 3741
3 3740 3741 3743
3 3738 5005 3742
3 3738 3742 3741
3 3742 3745 3743
3 3742 3743 3741
3 3740 3743 3744
3 3740 3744 4483
3 3744 3743 3745
3 3744 3745 3746
3 3746 3745 3747
3 3746 3747 3748
3 3742 3750 3747
3 3742 3747 3745
3 3748 3747 3749
3 3748 3749 4493
3 3750 3752 3749
3 3750 3749 3747
3 3742 5005 3751
3 3742 3751 3750
3 3750 3751 3753
3 3750 3753 3752
3 3752 3753 3756
3 3752 3756 3754
3 3752 3754 3755
3 3752 3755 3749
3 3754 3757 3759
3 3754 3759 3755
3 3754 3756 3758
3 3754 3758 3757
3 3762 3760 3757
3 3762 3757 3758
3 3759 3757 3760
3 3759 3760 3763
3 3762 4994 3761
3 3762 3761 3760
3 3761 3765 3763
3 3761 3763 3760
3 3759 3763 3764
3 3759 3764 4838
3 3764 3763 3765
3 3764 3765 3766
3 3766 3765 3767
3 3766 3767 3768
3 3761 3769 3767
3 3761 3767 3765
3 3770 3773 3768
3 3770 3768 3767
3 3769 3772 3770
3 3769 3770 3767
3 3770 3772 4967
3 3770 4967 3771
3 3770 3771 3774
3 3770 3774 3773
3 3778 3768 3773
3 3778 3773 3775
3 3774 3777 3775
3 3774 3775 3773
3 3778 3775 3776
3 3778 3776 3780
3 3776 3775 3777
3 3776 3777 3789
3 3766 3768 3778
3 3766 3778 3779
3 3778 3780 3781
3 3778 3781 3779
3 3783 3781 3780
3 3783 3780 3782
3 3776 3785 3782
3 3776 3782 3780
3 3783 3782 3784
3 3783 3784 4507
3 3784 3782 3785
3 3784 3785 3786
3 3787 3788 3786
3 3787 3786 3785
3 3776 3789 3787
3 3776 3787 3785
3 3787 3790 3792
3 3787 3792 3788
3 3787 3789 3791
3 3787 3791 3790
3 3795 3793 3790
3 3795 3790 3791
3 3792 3790 3793
3 3792 3793 3794
3 3796 3797 3794
3 3796 3794 3793
3 3795 3798 3796
3 3795 3796 3793
3 3796 3799 3801
3 3796 3801 3797
3 3796 3798 3800
3 3796 3800 3799
3 3805 3802 3799
3 3805 3799 3800
3 3801 3799 3802
3 3801 3802 3803
3 3804 4619 3803
3 3804 3803 3802
3 3805 3807 3804
3 3805 3804 3802
3 4966 3806 3805
3 4966 3805 3800
3 3805 3806 3808
3 3805 3808 3807
3 3811 3809 3807
3 3811 3807 3808
3 3804 3807 3809
3 3804 3809 3810
3 3812 3813 3810
3 3812 3810 3809
3 3811 3815 3812
3 3811 3812 3809
3 3812 3814 4277
3 3812 4277 3813
3 3812 3815 3817
3 3812 3817 3814
3 3811 4940 3816
3 3811 3816 3815
3 3819 3817 3815
3 3819 3815 3816
3 4278 3814 3817
3 4278 3817 3818
3 3818 3817 3819
3 3818 3819 3820
3 3819 3821 3822
3 3819 3822 3820
3 3819 3816 3823
3 3819 3823 3821
3 3827 3822 3821
3 3827 3821 3824
3 3823 3825 3824
3 3823 3824 3821
3 3826 3824 3825
3 3826 3825 4936
3 3826 3829 3827
3 3826 3827 3824
3 3827 3829 3830
3 3827 3830 3828
3 3827 3828 4853
3 3827 4853 3822
3 3832 3830 3829
3 3832 3829 3831
3 3826 3834 3831
3 3826 3831 3829
3 3832 3831 3833
3 3832 3833 4253
3 3833 3831 3834
3 3833 3834 3836
3 3835 3838 3836
3 3835 3836 3834
3 3835 3834 3826
3 3835 3826 4936
3 3833 3836 3837
3 3833 3837 4250
3 3837 3836 3838
3 3837 3838 3840
3 3839 3842 3840
3 3839 3840 3838
3 3839 3838 3835
3 3839 3835 4933
3 3837 3840 3841
3 3837 3841 4246
3 3841 3840 3842
3 3841 3842 3844
3 3843 3846 3844
3 3843 3844 3842
3 3843 3842 3839
3 3843 3839 4930
3 3841 3844 3845
3 3841 3845 4247
3 3845 3844 3846
3 3845 3846 3847
3 3848 3846 3843
3 3848 3843 3849
3 3848 3850 3847
3 3848 3847 3846
3 3848 3849 3852
3 3848 3852 3851
3 3854 3850 3848
3 3854 3848 3851
3 4923 3853 3851
3 4923 3851 3852
3 3854 3851 3853
3 3854 3853 3856
3 3858 3855 3854
3 3858 3854 3856
3 3854 3855 4194
3 3854 4194 3850
3 4918 3857 3856
3 4918 3856 3853
3 3858 3856 3857
3 3858 3857 3860
3 3858 3859 4191
3 3858 4191 3855
3 3861 3859 3858
3 3861 3858 3860
3 4917 3477 3860
3 4917 3860 3857
3 3861 3860 3477
3 3861 3477 3480
3 3483 3862 3861
3 3483 3861 3480
3 3861 3862 3863
3 3861 3863 3859
3 3865 3863 3862
3 3865 3862 3864
3 3483 3486 3864
3 3483 3864 3862
3 3865 3864 3866
3 3865 3866 3868
3 3866 3864 3486
3 3866 3486 3488
3 3866 3488 3927
3 3866 3927 3867
3 3866 3867 3870
3 3866 3870 3868
3 3871 3869 3868
3 3871 3868 3870
3 3865 3868 3869
3 3865 3869 4189
3 3871 3870 3872
3 3871 3872 3875
3 3872 3870 3867
3 3872 3867 3874
3 3872 3873 3876
3 3872 3876 3875
3 3872 3874 3918
3 3872 3918 3873
3 3880 3877 3875
3 3880 3875 3876
3 3871 3875 3877
3 3871 3877 3879
3 3878 4183 3879
3 3878 3879 3877
3 3878 3877 3880
3 3878 3880 3882
3 3880 3876 3892
3 3880 3892 3881
3 3880 3881 3884
3 3880 3884 3882
3 3878 3882 3883
3 3878 3883 4180
3 3884 3885 3883
3 3884 3883 3882
3 3889 3886 3884
3 3889 3884 3881
3 3884 3886 3887
3 3884 3887 3885
3 4049 3887 3886
3 4049 3886 3888
3 3889 3890 3888
3 3889 3888 3886
3 3894 3890 3889
3 3894 3889 3891
3 3892 3891 3889
3 3892 3889 3881
3 3892 3917 3893
3 3892 3893 3891
3 3893 3895 3894
3 3893 3894 3891
3 3894 3896 3897
3 3894 3897 3890
3 3899 3896 3894
3 3899 3894 3895
3 4046 3897 3896
3 4046 3896 3898
3 3899 3901 3898
3 3899 3898 3896
3 3914 3900 3899
3 3914 3899 3895
3 3902 3901 3899
3 3902 3899 3900
3 3904 3898 3901
3 3904 3901 3903
3 3902 3906 3903
3 3902 3903 3901
3 3904 3903 3905
3 3904 3905 4039
3 3905 3903 3906
3 3905 3906 3907
3 3908 3534 3907
3 3908 3907 3906
3 3908 3906 3902
3 3908 3902 3909
3 3528 3530 3908
3 3528 3908 3909
3 3910 3909 3902
3 3910 3902 3900
3 3910 3526 3528
3 3910 3528 3909
3 3914 3911 3910
3 3914 3910 3900
3 3910 3911 3913
3 3910 3913 3526
3 3914 3915 3912
3 3914 3912 3911
3 3922 3913 3911
3 3922 3911 3912
3 3893 3915 3914
3 3893 3914 3895
3 3893 3917 3916
3 3893 3916 3915
3 3919 3912 3915
3 3919 3915 3916
3 3918 3916 3917
3 3918 3917 3873
3 3918 3920 3919
3 3918 3919 3916
3 3919 3921 3922
3 3919 3922 3912
3 3919 3920 3924
3 3919 3924 3921
3 3922 3921 3923
3 3922 3923 3517
3 3499 3923 3921
3 3499 3921 3924
3 3925 3924 3920
3 3925 3920 3926
3 3925 3493 3499
3 3925 3499 3924
3 3927 3489 3925
3 3927 3925 3926
3 3918 3874 3926
3 3918 3926 3920
3 3927 3926 3874
3 3927 3874 3867
3 3922 3517 3519
3 3922 3519 3913
3 3892 3876 3873
3 3892 3873 3917
3 3905 3907 3928
3 3905 3928 3929
3 3928 3907 3534
3 3928 3534 3536
3 3928 3540 3931
3 3928 3931 3929
3 3932 3930 3929
3 3932 3929 3931
3 3905 3929 3930
3 3905 3930 4039
3 3932 3931 3933
3 3932 3933 3934
3 3933 3931 3540
3 3933 3540 3542
3 3933 3935 3936
3 3933 3936 3934
3 3933 3542 3544
3 3933 3544 3935
3 3940 3936 3935
3 3940 3935 3937
3 3544 3938 3937
3 3544 3937 3935
3 3939 3937 3938
3 3939 3938 4908
3 3939 3941 3940
3 3939 3940 3937
3 3940 3942 3944
3 3940 3944 3936
3 3940 3941 3943
3 3940 3943 3942
3 3948 3945 3942
3 3948 3942 3943
3 3944 3942 3945
3 3944 3945 3946
3 3947 4857 3946
3 3947 3946 3945
3 3947 3945 3948
3 3947 3948 3949
3 3948 3950 3951
3 3948 3951 3949
3 3948 3943 3952
3 3948 3952 3950
3 3956 3951 3950
3 3956 3950 3953
3 3952 3955 3953
3 3952 3953 3950
3 3956 3953 3954
3 3956 3954 3958
3 3954 3953 3955
3 3954 3955 4916
3 4862 3951 3956
3 4862 3956 3957
3 3956 3958 3959
3 3956 3959 3957
3 3963 3959 3958
3 3963 3958 3960
3 3954 3961 3960
3 3954 3960 3958
3 3962 3960 3961
3 3962 3961 4882
3 3962 3964 3963
3 3962 3963 3960
3 3963 3964 3968
3 3963 3968 3965
3 3963 3965 3966
3 3963 3966 3959
3 3966 3965 3967
3 3966 3967 3969
3 3611 3967 3965
3 3611 3965 3968
3 3608 3968 3964
3 3608 3964 3605
3 3614 3971 3969
3 3614 3969 3967
3 3966 3969 3970
3 3966 3970 4865
3 3970 3969 3971
3 3970 3971 3972
3 3617 3974 3972
3 3617 3972 3971
3 3970 3972 3973
3 3970 3973 4864
3 3973 3972 3974
3 3973 3974 3975
3 3620 3977 3975
3 3620 3975 3974
3 3973 3975 3976
3 3973 3976 4868
3 3976 3975 3977
3 3976 3977 3978
3 3979 3980 3978
3 3979 3978 3977
3 3620 3622 3979
3 3620 3979 3977
3 3979 3622 3624
3 3979 3624 3981
3 3979 3981 3982
3 3979 3982 3980
3 3626 3983 3981
3 3626 3981 3624
3 3982 3981 3983
3 3982 3983 3984
3 3629 3986 3984
3 3629 3984 3983
3 3982 3984 3985
3 3982 3985 4879
3 3985 3984 3986
3 3985 3986 3987
3 3632 3989 3987
3 3632 3987 3986
3 3985 3987 3988
3 3985 3988 4880
3 3988 3987 3989
3 3988 3989 3990
3 3635 3639 3990
3 3635 3990 3989
3 3988 3990 3991
3 3988 3991 3992
3 3991 3990 3639
3 3991 3639 3641
3 3991 3646 3994
3 3991 3994 3992
3 3996 3993 3992
3 3996 3992 3994
3 3988 3992 3993
3 3988 3993 4880
3 3996 3994 3995
3 3996 3995 3998
3 3995 3994 3646
3 3995 3646 3648
3 4877 3993 3996
3 4877 3996 3997
3 3996 3998 4000
3 3996 4000 3997
3 4001 4000 3998
3 4001 3998 3999
3 3995 4088 3999
3 3995 3999 3998
3 4001 4003 4002
3 4001 4002 4000
3 4002 4004 3997
3 4002 3997 4000
3 4002 4003 4006
3 4002 4006 4005
3 4002 4005 4007
3 4002 4007 4004
3 4010 4008 4005
3 4010 4005 4006
3 4007 4005 4008
3 4007 4008 4009
3 4011 4014 4009
3 4011 4009 4008
3 4010 4012 4011
3 4010 4011 4008
3 4011 4012 4060
3 4011 4060 4013
3 4011 4013 4015
3 4011 4015 4014
3 4017 4009 4014
3 4017 4014 4016
3 4015 4019 4016
3 4015 4016 4014
3 4017 4016 4018
3 4017 4018 4872
3 4018 4016 4019
3 4018 4019 4020
3 4021 4022 4020
3 4021 4020 4019
3 4015 4023 4021
3 4015 4021 4019
3 4021 4024 4026
3 4021 4026 4022
3 4021 4023 4027
3 4021 4027 4024
3 4029 4025 4024
3 4029 4024 4027
3 4026 4024 4025
3 4026 4025 4857
3 4029 4027 4028
3 4029 4028 4030
3 4028 4027 4023
3 4028 4023 4059
3 4029 4030 4032
3 4029 4032 4031
3 4034 4025 4029
3 4034 4029 4031
3 4036 4033 4031
3 4036 4031 4032
3 4034 4031 4033
3 4034 4033 4035
3 3944 3946 4034
3 3944 4034 4035
3 4034 3946 4857
3 4034 4857 4025
3 3932 3934 4035
3 3932 4035 4033
3 3944 4035 3934
3 3944 3934 3936
3 4036 3930 3932
3 4036 3932 4033
3 4040 4037 4036
3 4040 4036 4032
3 4036 4037 4039
3 4036 4039 3930
3 4040 4042 4038
3 4040 4038 4037
3 3904 4039 4037
3 3904 4037 4038
3 4043 4042 4040
3 4043 4040 4041
3 4040 4032 4030
3 4040 4030 4041
3 4043 4045 4044
3 4043 4044 4042
3 4046 4038 4042
3 4046 4042 4044
3 4047 4044 4045
3 4047 4045 4048
3 4047 3897 4046
3 4047 4046 4044
3 4049 3888 4047
3 4049 4047 4048
3 4047 3888 3890
3 4047 3890 3897
3 4049 4048 4050
3 4049 4050 4052
3 4053 4050 4048
3 4053 4048 4045
3 4051 4170 4052
3 4051 4052 4050
3 4051 4050 4053
3 4051 4053 4054
3 4053 4055 4056
3 4053 4056 4054
3 4053 4045 4043
3 4053 4043 4055
3 4058 4056 4055
3 4058 4055 4057
3 4043 4041 4057
3 4043 4057 4055
3 4028 4057 4041
3 4028 4041 4030
3 4028 4059 4058
3 4028 4058 4057
3 4058 4059 4013
3 4058 4013 4060
3 4058 4060 4061
3 4058 4061 4056
3 4061 4060 4012
3 4061 4012 4063
3 4061 4063 4064
3 4061 4064 4062
3 4061 4062 4054
3 4061 4054 4056
3 4010 4065 4063
3 4010 4063 4012
3 4064 4063 4065
3 4064 4065 4067
3 4066 4069 4067
3 4066 4067 4065
3 4066 4065 4010
3 4066 4010 4006
3 4064 4067 4068
3 4064 4068 4167
3 4068 4067 4069
3 4068 4069 4071
3 4070 4073 4071
3 4070 4071 4069
3 4070 4069 4066
3 4070 4066 4086
3 4068 4071 4072
3 4068 4072 4164
3 4072 4071 4073
3 4072 4073 4074
3 4075 4077 4074
3 4075 4074 4073
3 4075 4073 4070
3 4075 4070 4076
3 4075 4076 4081
3 4075 4081 4078
3 4080 4077 4075
3 4080 4075 4078
3 4082 4079 4078
3 4082 4078 4081
3 4080 4078 4079
3 4080 4079 4148
3 4082 4081 4083
3 4082 4083 4084
3 4083 4081 4076
3 4083 4076 4085
3 4083 3999 4088
3 4083 4088 4084
3 4083 4085 4001
3 4083 4001 3999
3 4070 4086 4085
3 4070 4085 4076
3 4001 4085 4086
3 4001 4086 4003
3 4066 4006 4003
3 4066 4003 4086
3 4082 4084 4087
3 4082 4087 4089
3 3650 4087 4084
3 3650 4084 4088
3 3995 3648 3650
3 3995 3650 4088
3 3651 4091 4089
3 3651 4089 4087
3 4090 4089 4091
3 4090 4091 4092
3 4090 4079 4082
3 4090 4082 4089
3 4093 4094 4092
3 4093 4092 4091
3 3651 3653 4093
3 3651 4093 4091
3 4093 3653 3655
3 4093 3655 4095
3 4093 4095 4096
3 4093 4096 4094
3 3659 4097 4095
3 3659 4095 3655
3 4096 4095 4097
3 4096 4097 4098
3 3662 4100 4098
3 3662 4098 4097
3 4096 4098 4099
3 4096 4099 4139
3 4099 4098 4100
3 4099 4100 4101
3 3665 4103 4101
3 3665 4101 4100
3 4099 4101 4102
3 4099 4102 4136
3 4102 4101 4103
3 4102 4103 4104
3 3668 4106 4104
3 3668 4104 4103
3 4102 4104 4105
3 4102 4105 4133
3 4105 4104 4106
3 4105 4106 4107
3 3671 4109 4107
3 3671 4107 4106
3 4105 4107 4108
3 4105 4108 4130
3 4108 4107 4109
3 4108 4109 4110
3 3675 4112 4110
3 3675 4110 4109
3 4108 4110 4111
3 4108 4111 4127
3 4111 4110 4112
3 4111 4112 4113
3 3679 4115 4113
3 3679 4113 4112
3 4111 4113 4114
3 4111 4114 4124
3 4114 4113 4115
3 4114 4115 4116
3 3691 3693 4116
3 3691 4116 4115
3 3679 3681 3691
3 3679 3691 4115
3 4114 4116 4117
3 4114 4117 4119
3 4117 4116 3693
3 4117 3693 3695
3 4117 3695 3697
3 4117 3697 4118
3 4117 4118 4120
3 4117 4120 4119
3 4122 4121 4119
3 4122 4119 4120
3 4114 4119 4121
3 4114 4121 4124
3 4122 4381 4123
3 4122 4123 4121
3 4123 4125 4124
3 4123 4124 4121
3 4111 4124 4125
3 4111 4125 4127
3 4123 4379 4126
3 4123 4126 4125
3 4126 4128 4127
3 4126 4127 4125
3 4108 4127 4128
3 4108 4128 4130
3 4126 4374 4129
3 4126 4129 4128
3 4129 4131 4130
3 4129 4130 4128
3 4105 4130 4131
3 4105 4131 4133
3 4129 4369 4132
3 4129 4132 4131
3 4132 4134 4133
3 4132 4133 4131
3 4102 4133 4134
3 4102 4134 4136
3 4132 4367 4135
3 4132 4135 4134
3 4135 4137 4136
3 4135 4136 4134
3 4099 4136 4137
3 4099 4137 4139
3 4135 4366 4138
3 4135 4138 4137
3 4138 4140 4139
3 4138 4139 4137
3 4096 4139 4140
3 4096 4140 4094
3 4138 4143 4141
3 4138 4141 4140
3 4141 4092 4094
3 4141 4094 4140
3 4141 4142 4090
3 4141 4090 4092
3 4141 4143 4145
3 4141 4145 4142
3 4138 4366 4144
3 4138 4144 4143
3 4146 4145 4143
3 4146 4143 4144
3 4147 4148 4142
3 4147 4142 4145
3 4146 4149 4147
3 4146 4147 4145
3 4147 4150 4080
3 4147 4080 4148
3 4147 4149 4152
3 4147 4152 4150
3 4154 4151 4150
3 4154 4150 4152
3 4080 4150 4151
3 4080 4151 4077
3 4154 4152 4153
3 4154 4153 4155
3 4153 4152 4149
3 4153 4149 4357
3 4154 4155 4157
3 4154 4157 4156
3 4159 4151 4154
3 4159 4154 4156
3 4222 4158 4156
3 4222 4156 4157
3 4159 4156 4158
3 4159 4158 4160
3 4072 4074 4159
3 4072 4159 4160
3 4159 4074 4077
3 4159 4077 4151
3 4162 4161 4160
3 4162 4160 4158
3 4072 4160 4161
3 4072 4161 4164
3 4162 4854 4163
3 4162 4163 4161
3 4163 4165 4164
3 4163 4164 4161
3 4068 4164 4165
3 4068 4165 4167
3 4163 4169 4166
3 4163 4166 4165
3 4166 4168 4167
3 4166 4167 4165
3 4064 4167 4168
3 4064 4168 4062
3 4166 4170 4051
3 4166 4051 4168
3 4051 4054 4062
3 4051 4062 4168
3 4166 4169 4171
3 4166 4171 4170
3 4173 4052 4170
3 4173 4170 4171
3 4172 4171 4169
3 4172 4169 4856
3 4172 4174 4173
3 4172 4173 4171
3 4173 4174 3885
3 4173 3885 3887
3 4173 3887 4049
3 4173 4049 4052
3 3883 3885 4174
3 3883 4174 4175
3 4172 4176 4175
3 4172 4175 4174
3 4177 4175 4176
3 4177 4176 4179
3 3883 4175 4177
3 3883 4177 4180
3 4181 4180 4177
3 4181 4177 4178
3 4177 4179 4211
3 4177 4211 4178
3 4181 4183 3878
3 4181 3878 4180
3 4206 4182 4181
3 4206 4181 4178
3 4181 4182 4184
3 4181 4184 4183
3 4186 3879 4183
3 4186 4183 4184
3 4185 4184 4182
3 4185 4182 4201
3 4185 4187 4186
3 4185 4186 4184
3 4186 4187 4189
3 4186 4189 3869
3 4186 3869 3871
3 4186 3871 3879
3 4185 4202 4188
3 4185 4188 4187
3 4190 4189 4187
3 4190 4187 4188
3 4190 3863 3865
3 4190 3865 4189
3 4192 4191 4190
3 4192 4190 4188
3 4190 4191 3859
3 4190 3859 3863
3 4192 4194 3855
3 4192 3855 4191
3 4192 4188 4202
3 4192 4202 4193
3 4195 4194 4192
3 4195 4192 4193
3 4195 3847 3850
3 4195 3850 4194
3 3845 3847 4195
3 3845 4195 4196
3 4195 4193 4198
3 4195 4198 4196
3 4199 4197 4196
3 4199 4196 4198
3 3845 4196 4197
3 3845 4197 4247
3 4199 4198 4200
3 4199 4200 4203
3 4200 4198 4193
3 4200 4193 4202
3 4200 4201 4205
3 4200 4205 4203
3 4200 4202 4185
3 4200 4185 4201
3 4207 4204 4203
3 4207 4203 4205
3 4199 4203 4204
3 4199 4204 4242
3 4207 4205 4206
3 4207 4206 4209
3 4206 4205 4201
3 4206 4201 4182
3 4239 4204 4207
3 4239 4207 4208
3 4207 4209 4210
3 4207 4210 4208
3 4211 4212 4210
3 4211 4210 4209
3 4206 4178 4211
3 4206 4211 4209
3 4211 4179 4213
3 4211 4213 4212
3 4217 4214 4212
3 4217 4212 4213
3 4210 4212 4214
3 4210 4214 4216
3 4215 4233 4216
3 4215 4216 4214
3 4215 4214 4217
3 4215 4217 4219
3 4217 4213 4855
3 4217 4855 4218
3 4217 4218 4221
3 4217 4221 4219
3 4222 4220 4219
3 4222 4219 4221
3 4215 4219 4220
3 4215 4220 4223
3 4222 4221 4162
3 4222 4162 4158
3 4162 4221 4218
3 4162 4218 4854
3 4224 4220 4222
3 4224 4222 4157
3 4224 4226 4223
3 4224 4223 4220
3 4227 4226 4224
3 4227 4224 4225
3 4224 4157 4155
3 4224 4155 4225
3 4227 4229 4228
3 4227 4228 4226
3 4231 4223 4226
3 4231 4226 4228
3 4230 4228 4229
3 4230 4229 4351
3 4230 4232 4231
3 4230 4231 4228
3 4231 4232 4234
3 4231 4234 4233
3 4231 4233 4215
3 4231 4215 4223
3 4236 4216 4233
3 4236 4233 4234
3 4235 4234 4232
3 4235 4232 4326
3 4236 4234 4235
3 4236 4235 4237
3 4239 4208 4236
3 4239 4236 4237
3 4210 4216 4236
3 4210 4236 4208
3 4238 4237 4235
3 4238 4235 4324
3 4238 4240 4239
3 4238 4239 4237
3 4239 4240 4242
3 4239 4242 4204
3 4238 4322 4241
3 4238 4241 4240
3 4243 4242 4240
3 4243 4240 4241
3 4243 4197 4199
3 4243 4199 4242
3 4245 4244 4243
3 4245 4243 4241
3 4243 4244 4247
3 4243 4247 4197
3 4245 4248 4246
3 4245 4246 4244
3 3841 4247 4244
3 3841 4244 4246
3 3837 4246 4248
3 3837 4248 4250
3 4249 4251 4250
3 4249 4250 4248
3 4249 4248 4245
3 4249 4245 4321
3 3833 4250 4251
3 3833 4251 4253
3 4252 4254 4253
3 4252 4253 4251
3 4252 4251 4249
3 4252 4249 4318
3 3832 4253 4254
3 3832 4254 4256
3 4255 4257 4256
3 4255 4256 4254
3 4255 4254 4252
3 4255 4252 4315
3 4258 4256 4257
3 4258 4257 4259
3 4258 3830 3832
3 4258 3832 4256
3 4262 4260 4258
3 4262 4258 4259
3 4258 4260 3828
3 4258 3828 3830
3 4262 4264 4261
3 4262 4261 4260
3 4853 3828 4260
3 4853 4260 4261
3 4262 4259 4847
3 4262 4847 4263
3 4266 4264 4262
3 4266 4262 4263
3 4266 4268 4265
3 4266 4265 4264
3 4261 4264 4265
3 4261 4265 4852
3 4269 4268 4266
3 4269 4266 4267
3 4266 4263 4848
3 4266 4848 4267
3 4269 4271 4270
3 4269 4270 4268
3 4268 4270 4272
3 4268 4272 4265
3 4273 4270 4271
3 4273 4271 4274
3 4273 4275 4272
3 4273 4272 4270
3 4279 4276 4273
3 4279 4273 4274
3 4273 4276 4278
3 4273 4278 4275
3 4277 3814 4278
3 4277 4278 4276
3 4277 4276 4279
3 4277 4279 4280
3 4279 4274 4284
3 4279 4284 4281
3 4279 4281 4283
3 4279 4283 4280
3 4285 4282 4281
3 4285 4281 4284
3 4281 4282 4612
3 4281 4612 4283
3 4285 4284 4286
3 4285 4286 4287
3 4286 4284 4274
3 4286 4274 4271
3 4286 4288 4289
3 4286 4289 4287
3 4286 4271 4269
3 4286 4269 4288
3 4292 4289 4288
3 4292 4288 4290
3 4269 4267 4290
3 4269 4290 4288
3 4292 4290 4291
3 4292 4291 4293
3 4291 4290 4267
3 4291 4267 4848
3 4292 4293 4297
3 4292 4297 4294
3 4296 4289 4292
3 4296 4292 4294
3 4298 4295 4294
3 4298 4294 4297
3 4296 4294 4295
3 4296 4295 4623
3 4298 4297 4299
3 4298 4299 4300
3 4299 4297 4293
3 4299 4293 4302
3 4299 4301 4645
3 4299 4645 4300
3 4299 4302 4303
3 4299 4303 4301
3 4291 4304 4302
3 4291 4302 4293
3 4303 4302 4304
3 4303 4304 4306
3 4291 4848 4305
3 4291 4305 4304
3 4305 4308 4306
3 4305 4306 4304
3 4303 4306 4307
3 4303 4307 4658
3 4307 4306 4308
3 4307 4308 4310
3 4305 4847 4309
3 4305 4309 4308
3 4309 4312 4310
3 4309 4310 4308
3 4307 4310 4311
3 4307 4311 4656
3 4311 4310 4312
3 4311 4312 4313
3 4309 4257 4255
3 4309 4255 4312
3 4255 4315 4313
3 4255 4313 4312
3 4311 4313 4314
3 4311 4314 4334
3 4314 4313 4315
3 4314 4315 4316
3 4252 4318 4316
3 4252 4316 4315
3 4314 4316 4317
3 4314 4317 4332
3 4317 4316 4318
3 4317 4318 4319
3 4249 4321 4319
3 4249 4319 4318
3 4317 4319 4320
3 4317 4320 4323
3 4320 4319 4321
3 4320 4321 4322
3 4245 4241 4322
3 4245 4322 4321
3 4320 4322 4238
3 4320 4238 4324
3 4320 4324 4325
3 4320 4325 4323
3 4235 4326 4325
3 4235 4325 4324
3 4325 4326 4329
3 4325 4329 4327
3 4325 4327 4330
3 4325 4330 4323
3 4348 4328 4327
3 4348 4327 4329
3 4330 4327 4328
3 4330 4328 4331
3 4317 4323 4330
3 4317 4330 4332
3 4330 4331 4333
3 4330 4333 4332
3 4314 4332 4333
3 4314 4333 4334
3 4333 4331 4338
3 4333 4338 4335
3 4333 4335 4337
3 4333 4337 4334
3 4340 4336 4335
3 4340 4335 4338
3 4337 4335 4336
3 4337 4336 4657
3 4340 4338 4339
3 4340 4339 4342
3 4339 4338 4331
3 4339 4331 4328
3 4659 4336 4340
3 4659 4340 4341
3 4340 4342 4343
3 4340 4343 4341
3 4345 4343 4342
3 4345 4342 4344
3 4339 4347 4344
3 4339 4344 4342
3 4345 4344 4346
3 4345 4346 4669
3 4346 4344 4347
3 4346 4347 4349
3 4339 4328 4348
3 4339 4348 4347
3 4348 4351 4349
3 4348 4349 4347
3 4346 4349 4350
3 4346 4350 4352
3 4350 4349 4351
3 4350 4351 4229
3 4348 4329 4230
3 4348 4230 4351
3 4350 4353 4354
3 4350 4354 4352
3 4350 4229 4227
3 4350 4227 4353
3 4356 4354 4353
3 4356 4353 4355
3 4227 4225 4355
3 4227 4355 4353
3 4153 4355 4225
3 4153 4225 4155
3 4153 4357 4356
3 4153 4356 4355
3 4356 4357 4359
3 4356 4359 4358
3 4356 4358 4360
3 4356 4360 4354
3 4364 4361 4358
3 4364 4358 4359
3 4360 4358 4361
3 4360 4361 4362
3 4363 4371 4362
3 4363 4362 4361
3 4363 4361 4364
3 4363 4364 4365
3 4364 4144 4366
3 4364 4366 4365
3 4364 4359 4146
3 4364 4146 4144
3 4135 4367 4365
3 4135 4365 4366
3 4363 4365 4367
3 4363 4367 4368
3 4132 4369 4368
3 4132 4368 4367
3 4370 4368 4369
3 4370 4369 4373
3 4370 4371 4363
3 4370 4363 4368
3 4370 4372 4672
3 4370 4672 4371
3 4375 4372 4370
3 4375 4370 4373
3 4129 4374 4373
3 4129 4373 4369
3 4375 4373 4374
3 4375 4374 4377
3 4378 4376 4375
3 4378 4375 4377
3 4375 4376 4673
3 4375 4673 4372
3 4126 4379 4377
3 4126 4377 4374
3 4378 4377 4379
3 4378 4379 4380
3 4123 4381 4380
3 4123 4380 4379
3 4382 4380 4381
3 4382 4381 4383
3 4382 4384 4378
3 4382 4378 4380
3 4388 4385 4382
3 4388 4382 4383
3 4382 4385 4386
3 4382 4386 4384
3 4682 4386 4385
3 4682 4385 4387
3 4388 4389 4387
3 4388 4387 4385
3 4388 4383 4391
3 4388 4391 4390
3 4392 4389 4388
3 4392 4388 4390
3 4396 4393 4390
3 4396 4390 4391
3 4392 4390 4393
3 4392 4393 4395
3 4394 4423 4395
3 4394 4395 4393
3 4394 4393 4396
3 4394 4396 4397
3 4396 4120 4118
3 4396 4118 4397
3 4396 4391 4122
3 4396 4122 4120
3 4394 4397 4398
3 4394 4398 4399
3 3697 4398 4397
3 3697 4397 4118
3 3698 4401 4399
3 3698 4399 4398
3 4400 4399 4401
3 4400 4401 4402
3 4400 4423 4394
3 4400 4394 4399
3 3701 4404 4402
3 3701 4402 4401
3 4403 4402 4404
3 4403 4404 4405
3 4403 4421 4400
3 4403 4400 4402
3 3704 4407 4405
3 3704 4405 4404
3 4406 4405 4407
3 4406 4407 4408
3 4406 4418 4403
3 4406 4403 4405
3 3707 4409 4408
3 3707 4408 4407
3 4410 4408 4409
3 4410 4409 4411
3 4410 4413 4406
3 4410 4406 4408
3 4845 4412 4410
3 4845 4410 4411
3 4410 4412 4414
3 4410 4414 4413
3 4416 4415 4413
3 4416 4413 4414
3 4406 4413 4415
3 4406 4415 4418
3 4416 4438 4417
3 4416 4417 4415
3 4417 4419 4418
3 4417 4418 4415
3 4403 4418 4419
3 4403 4419 4421
3 4417 4435 4420
3 4417 4420 4419
3 4420 4422 4421
3 4420 4421 4419
3 4400 4421 4422
3 4400 4422 4423
3 4424 4395 4423
3 4424 4423 4422
3 4420 4425 4424
3 4420 4424 4422
3 4424 4425 4428
3 4424 4428 4426
3 4424 4426 4392
3 4424 4392 4395
3 4429 4427 4426
3 4429 4426 4428
3 4392 4426 4427
3 4392 4427 4389
3 4429 4428 4430
3 4429 4430 4432
3 4430 4428 4425
3 4430 4425 4433
3 4430 4433 4434
3 4430 4434 4431
3 4430 4431 4702
3 4430 4702 4432
3 4420 4435 4433
3 4420 4433 4425
3 4434 4433 4435
3 4434 4435 4436
3 4417 4438 4436
3 4417 4436 4435
3 4434 4436 4437
3 4434 4437 4756
3 4437 4436 4438
3 4437 4438 4439
3 4416 4441 4439
3 4416 4439 4438
3 4437 4439 4440
3 4437 4440 4754
3 4440 4439 4441
3 4440 4441 4442
3 4443 4444 4442
3 4443 4442 4441
3 4443 4441 4416
3 4443 4416 4414
3 4443 4414 4412
3 4443 4412 4445
3 4447 4444 4443
3 4447 4443 4445
3 4845 4446 4445
3 4845 4445 4412
3 4447 4445 4446
3 4447 4446 4448
3 4452 4449 4447
3 4452 4447 4448
3 4447 4449 4450
3 4447 4450 4444
3 4759 4450 4449
3 4759 4449 4451
3 4452 4453 4451
3 4452 4451 4449
3 4452 4448 4455
3 4452 4455 4454
3 4456 4453 4452
3 4456 4452 4454
3 4460 4457 4454
3 4460 4454 4455
3 4456 4454 4457
3 4456 4457 4459
3 4458 4531 4459
3 4458 4459 4457
3 4458 4457 4460
3 4458 4460 4462
3 4460 4461 4464
3 4460 4464 4462
3 4460 4455 4842
3 4460 4842 4461
3 4458 4462 4463
3 4458 4463 4465
3 3719 4463 4462
3 3719 4462 4464
3 3716 4464 4461
3 3716 4461 4843
3 3723 4467 4465
3 3723 4465 4463
3 4466 4465 4467
3 4466 4467 4469
3 4466 4531 4458
3 4466 4458 4465
3 3723 3725 4468
3 3723 4468 4467
3 4468 4471 4469
3 4468 4469 4467
3 4470 4469 4471
3 4470 4471 4473
3 4470 4529 4466
3 4470 4466 4469
3 4468 4841 4472
3 4468 4472 4471
3 4472 4475 4473
3 4472 4473 4471
3 4474 4473 4475
3 4474 4475 4476
3 4474 4526 4470
3 4474 4470 4473
3 4477 4479 4476
3 4477 4476 4475
3 4472 4478 4477
3 4472 4477 4475
3 4477 4478 4481
3 4477 4481 4480
3 4477 4480 4482
3 4477 4482 4479
3 3740 4483 4480
3 3740 4480 4481
3 4482 4480 4483
3 4482 4483 4484
3 3744 4486 4484
3 3744 4484 4483
3 4482 4484 4485
3 4482 4485 4517
3 4485 4484 4486
3 4485 4486 4487
3 3744 3746 4488
3 3744 4488 4486
3 4487 4486 4488
3 4487 4488 4489
3 4491 4489 4488
3 4491 4488 4490
3 3746 3748 4490
3 3746 4490 4488
3 4491 4490 4492
3 4491 4492 4495
3 3748 4493 4492
3 3748 4492 4490
3 4493 4839 4494
3 4493 4494 4492
3 4494 4497 4495
3 4494 4495 4492
3 4491 4495 4496
3 4491 4496 4489
3 4497 4498 4496
3 4497 4496 4495
3 4494 4500 4499
3 4494 4499 4497
3 4497 4499 4501
3 4497 4501 4498
3 4499 4500 4504
3 4499 4504 4502
3 4499 4502 4503
3 4499 4503 4501
3 4502 4504 3779
3 4502 3779 3781
3 4502 3781 3783
3 4502 3783 4503
3 3764 4504 4500
3 3764 4500 4838
3 3764 3766 3779
3 3764 3779 4504
3 4508 4501 4503
3 4508 4503 4505
3 3783 4507 4505
3 3783 4505 4503
3 4508 4505 4506
3 4508 4506 4509
3 4506 4505 4507
3 4506 4507 4564
3 4510 4508 4509
3 4510 4509 4511
3 4510 4498 4501
3 4510 4501 4508
3 4512 4510 4511
3 4512 4511 4513
3 4512 4496 4498
3 4512 4498 4510
3 4485 4487 4512
3 4485 4512 4513
3 4512 4487 4489
3 4512 4489 4496
3 4515 4514 4513
3 4515 4513 4511
3 4485 4513 4514
3 4485 4514 4517
3 4515 4837 4516
3 4515 4516 4514
3 4516 4518 4517
3 4516 4517 4514
3 4482 4517 4518
3 4482 4518 4479
3 4516 4520 4519
3 4516 4519 4518
3 4519 4476 4479
3 4519 4479 4518
3 4519 4520 4522
3 4519 4522 4521
3 4519 4521 4474
3 4519 4474 4476
3 4524 4523 4521
3 4524 4521 4522
3 4474 4521 4523
3 4474 4523 4526
3 4524 4546 4525
3 4524 4525 4523
3 4525 4527 4526
3 4525 4526 4523
3 4470 4526 4527
3 4470 4527 4529
3 4525 4543 4528
3 4525 4528 4527
3 4528 4530 4529
3 4528 4529 4527
3 4466 4529 4530
3 4466 4530 4531
3 4532 4459 4531
3 4532 4531 4530
3 4528 4533 4532
3 4528 4532 4530
3 4532 4533 4536
3 4532 4536 4534
3 4532 4534 4456
3 4532 4456 4459
3 4537 4535 4534
3 4537 4534 4536
3 4456 4534 4535
3 4456 4535 4453
3 4537 4536 4538
3 4537 4538 4540
3 4538 4536 4533
3 4538 4533 4541
3 4538 4541 4542
3 4538 4542 4539
3 4538 4539 4799
3 4538 4799 4540
3 4528 4543 4541
3 4528 4541 4533
3 4542 4541 4543
3 4542 4543 4544
3 4525 4546 4544
3 4525 4544 4543
3 4542 4544 4545
3 4542 4545 4802
3 4545 4544 4546
3 4545 4546 4547
3 4524 4549 4547
3 4524 4547 4546
3 4545 4547 4548
3 4545 4548 4805
3 4548 4547 4549
3 4548 4549 4550
3 4550 4549 4551
3 4550 4551 4553
3 4551 4549 4524
3 4551 4524 4522
3 4551 4522 4520
3 4551 4520 4552
3 4551 4552 4555
3 4551 4555 4553
3 4557 4554 4553
3 4557 4553 4555
3 4550 4553 4554
3 4550 4554 4809
3 4557 4555 4556
3 4557 4556 4559
3 4556 4555 4552
3 4556 4552 4837
3 4813 4554 4557
3 4813 4557 4558
3 4557 4559 4560
3 4557 4560 4558
3 4563 4560 4559
3 4563 4559 4561
3 4556 4562 4561
3 4556 4561 4559
3 4506 4561 4562
3 4506 4562 4509
3 4506 4564 4563
3 4506 4563 4561
3 4563 4564 4566
3 4563 4566 4565
3 4563 4565 4567
3 4563 4567 4560
3 4570 4568 4565
3 4570 4565 4566
3 4567 4565 4568
3 4567 4568 4569
3 4571 4572 4569
3 4571 4569 4568
3 4570 4573 4571
3 4570 4571 4568
3 4571 4574 4576
3 4571 4576 4572
3 4571 4573 4575
3 4571 4575 4574
3 4579 4577 4574
3 4579 4574 4575
3 4576 4574 4577
3 4576 4577 4578
3 4580 4581 4578
3 4580 4578 4577
3 4579 4582 4580
3 4579 4580 4577
3 4580 4583 4585
3 4580 4585 4581
3 4580 4582 4584
3 4580 4584 4583
3 4587 4586 4583
3 4587 4583 4584
3 4585 4583 4586
3 4585 4586 4589
3 4587 4617 4588
3 4587 4588 4586
3 4588 4591 4589
3 4588 4589 4586
3 4585 4589 4590
3 4585 4590 4786
3 4591 4593 4590
3 4591 4590 4589
3 4588 4615 4592
3 4588 4592 4591
3 4591 4592 4595
3 4591 4595 4593
3 4593 4595 4596
3 4593 4596 4594
3 4593 4594 4784
3 4593 4784 4590
3 4598 4597 4595
3 4598 4595 4592
3 4596 4595 4597
3 4596 4597 4600
3 4598 4611 4599
3 4598 4599 4597
3 4599 4602 4600
3 4599 4600 4597
3 4596 4600 4601
3 4596 4601 4782
3 4601 4600 4602
3 4601 4602 4603
3 4605 4603 4602
3 4605 4602 4604
3 4599 4607 4604
3 4599 4604 4602
3 4605 4604 4606
3 4605 4606 4628
3 4606 4604 4607
3 4606 4607 4608
3 4609 4610 4608
3 4609 4608 4607
3 4599 4611 4609
3 4599 4609 4607
3 4609 4282 4285
3 4609 4285 4610
3 4609 4611 4612
3 4609 4612 4282
3 4613 4612 4611
3 4613 4611 4598
3 4614 4283 4612
3 4614 4612 4613
3 4614 4613 4615
3 4614 4615 4616
3 4613 4598 4592
3 4613 4592 4615
3 4588 4617 4616
3 4588 4616 4615
3 4618 4616 4617
3 4618 4617 4619
3 4618 4620 4614
3 4618 4614 4616
3 3804 3810 4618
3 3804 4618 4619
3 4618 3810 3813
3 4618 3813 4620
3 4277 4280 4620
3 4277 4620 3813
3 4614 4620 4280
3 4614 4280 4283
3 4587 3803 4619
3 4587 4619 4617
3 4285 4287 4621
3 4285 4621 4610
3 4622 4608 4610
3 4622 4610 4621
3 4622 4621 4296
3 4622 4296 4623
3 4296 4621 4287
3 4296 4287 4289
3 4622 4623 4625
3 4622 4625 4624
3 4606 4608 4622
3 4606 4622 4624
3 4629 4626 4624
3 4629 4624 4625
3 4606 4624 4626
3 4606 4626 4628
3 4627 4720 4628
3 4627 4628 4626
3 4627 4626 4629
3 4627 4629 4631
3 4629 4630 4633
3 4629 4633 4631
3 4629 4625 4641
3 4629 4641 4630
3 4627 4631 4632
3 4627 4632 4717
3 4633 4634 4632
3 4633 4632 4631
3 4638 4635 4633
3 4638 4633 4630
3 4633 4635 4636
3 4633 4636 4634
3 4697 4636 4635
3 4697 4635 4637
3 4638 4639 4637
3 4638 4637 4635
3 4642 4639 4638
3 4642 4638 4640
3 4641 4640 4638
3 4641 4638 4630
3 4641 4295 4298
3 4641 4298 4640
3 4298 4300 4642
3 4298 4642 4640
3 4642 4643 4644
3 4642 4644 4639
3 4645 4643 4642
3 4645 4642 4300
3 4647 4644 4643
3 4647 4643 4646
3 4645 4649 4646
3 4645 4646 4643
3 4647 4646 4648
3 4647 4648 4691
3 4648 4646 4649
3 4648 4649 4651
3 4650 4649 4645
3 4650 4645 4301
3 4650 4653 4651
3 4650 4651 4649
3 4648 4651 4652
3 4648 4652 4692
3 4652 4651 4653
3 4652 4653 4654
3 4655 4657 4654
3 4655 4654 4653
3 4655 4653 4650
3 4655 4650 4658
3 4307 4656 4655
3 4307 4655 4658
3 4337 4657 4655
3 4337 4655 4656
3 4303 4658 4650
3 4303 4650 4301
3 4659 4654 4657
3 4659 4657 4336
3 4311 4334 4337
3 4311 4337 4656
3 4652 4654 4659
3 4652 4659 4660
3 4659 4341 4662
3 4659 4662 4660
3 4663 4661 4660
3 4663 4660 4662
3 4652 4660 4661
3 4652 4661 4692
3 4663 4662 4664
3 4663 4664 4665
3 4664 4662 4341
3 4664 4341 4343
3 4664 4666 4667
3 4664 4667 4665
3 4664 4343 4345
3 4664 4345 4666
3 4671 4667 4666
3 4671 4666 4668
3 4345 4669 4668
3 4345 4668 4666
3 4670 4668 4669
3 4670 4669 4836
3 4670 4672 4671
3 4670 4671 4668
3 4671 4673 4674
3 4671 4674 4667
3 4671 4672 4372
3 4671 4372 4673
3 4674 4673 4376
3 4674 4376 4675
3 4674 4676 4665
3 4674 4665 4667
3 4674 4675 4677
3 4674 4677 4676
3 4663 4665 4676
3 4663 4676 4678
3 4677 4680 4678
3 4677 4678 4676
3 4679 4678 4680
3 4679 4680 4681
3 4679 4661 4663
3 4679 4663 4678
3 4682 4683 4681
3 4682 4681 4680
3 4677 4386 4682
3 4677 4682 4680
3 4682 4387 4684
3 4682 4684 4683
3 4688 4681 4683
3 4688 4683 4685
3 4684 4687 4685
3 4684 4685 4683
3 4686 4685 4687
3 4686 4687 4703
3 4686 4689 4688
3 4686 4688 4685
3 4688 4689 4691
3 4688 4691 4690
3 4688 4690 4679
3 4688 4679 4681
3 4648 4692 4690
3 4648 4690 4691
3 4679 4690 4692
3 4679 4692 4661
3 4647 4691 4689
3 4647 4689 4693
3 4686 4694 4693
3 4686 4693 4689
3 4695 4693 4694
3 4695 4694 4696
3 4695 4644 4647
3 4695 4647 4693
3 4697 4637 4695
3 4697 4695 4696
3 4695 4637 4639
3 4695 4639 4644
3 4701 4698 4696
3 4701 4696 4694
3 4697 4696 4698
3 4697 4698 4700
3 4699 4705 4700
3 4699 4700 4698
3 4699 4698 4701
3 4699 4701 4702
3 4701 4703 4432
3 4701 4432 4702
3 4701 4694 4686
3 4701 4686 4703
3 4429 4432 4703
3 4429 4703 4687
3 4699 4702 4431
3 4699 4431 4757
3 4704 4700 4705
3 4704 4705 4707
3 4704 4636 4697
3 4704 4697 4700
3 4706 4708 4707
3 4706 4707 4705
3 4706 4705 4699
3 4706 4699 4757
3 4709 4707 4708
3 4709 4708 4710
3 4709 4712 4704
3 4709 4704 4707
3 4829 4711 4709
3 4829 4709 4710
3 4709 4711 4713
3 4709 4713 4712
3 4704 4712 4634
3 4704 4634 4636
3 4632 4634 4712
3 4632 4712 4713
3 4714 4713 4711
3 4714 4711 4715
3 4632 4713 4714
3 4632 4714 4717
3 4714 4715 4832
3 4714 4832 4716
3 4718 4717 4714
3 4718 4714 4716
3 4718 4720 4627
3 4718 4627 4717
3 4835 4719 4718
3 4835 4718 4716
3 4718 4719 4721
3 4718 4721 4720
3 4605 4628 4720
3 4605 4720 4721
3 4722 4603 4605
3 4722 4605 4721
3 4722 4721 4719
3 4722 4719 4723
3 4601 4603 4722
3 4601 4722 4724
3 4722 4723 4726
3 4722 4726 4724
3 4727 4725 4724
3 4727 4724 4726
3 4601 4724 4725
3 4601 4725 4782
3 4727 4726 4728
3 4727 4728 4730
3 4728 4726 4723
3 4728 4723 4729
3 4728 4729 4732
3 4728 4732 4731
3 4728 4731 4733
3 4728 4733 4730
3 4734 4731 4732
3 4734 4732 4736
3 4735 4733 4731
3 4735 4731 4734
3 4735 4734 4737
3 4735 4737 4738
3 4737 4734 4736
3 4737 4736 4739
3 4737 4740 4741
3 4737 4741 4738
3 4737 4739 4742
3 4737 4742 4740
3 4746 4741 4740
3 4746 4740 4743
3 4742 4745 4743
3 4742 4743 4740
3 4746 4743 4744
3 4746 4744 4748
3 4744 4743 4745
3 4744 4745 4758
3 4765 4741 4746
3 4765 4746 4747
3 4746 4748 4749
3 4746 4749 4747
3 4752 4749 4748
3 4752 4748 4750
3 4744 4751 4750
3 4744 4750 4748
3 4440 4750 4751
3 4440 4751 4754
3 4440 4442 4752
3 4440 4752 4750
3 4752 4442 4444
3 4752 4444 4450
3 4752 4450 4759
3 4752 4759 4749
3 4744 4758 4753
3 4744 4753 4751
3 4753 4755 4754
3 4753 4754 4751
3 4437 4754 4755
3 4437 4755 4756
3 4753 4708 4706
3 4753 4706 4755
3 4706 4757 4756
3 4706 4756 4755
3 4434 4756 4757
3 4434 4757 4431
3 4753 4758 4710
3 4753 4710 4708
3 4829 4710 4758
3 4829 4758 4745
3 4759 4760 4747
3 4759 4747 4749
3 4759 4451 4761
3 4759 4761 4760
3 4765 4747 4760
3 4765 4760 4762
3 4761 4764 4762
3 4761 4762 4760
3 4763 4762 4764
3 4763 4764 4828
3 4763 4766 4765
3 4763 4765 4762
3 4765 4766 4738
3 4765 4738 4741
3 4763 4768 4767
3 4763 4767 4766
3 4735 4738 4766
3 4735 4766 4767
3 4769 4767 4768
3 4769 4768 4770
3 4769 4733 4735
3 4769 4735 4767
3 4773 4771 4769
3 4773 4769 4770
3 4769 4771 4730
3 4769 4730 4733
3 4773 4775 4772
3 4773 4772 4771
3 4727 4730 4771
3 4727 4771 4772
3 4773 4770 4800
3 4773 4800 4774
3 4776 4775 4773
3 4776 4773 4774
3 4776 4778 4777
3 4776 4777 4775
3 4780 4772 4775
3 4780 4775 4777
3 4779 4777 4778
3 4779 4778 4783
3 4779 4781 4780
3 4779 4780 4777
3 4780 4725 4727
3 4780 4727 4772
3 4780 4781 4782
3 4780 4782 4725
3 4779 4784 4594
3 4779 4594 4781
3 4596 4782 4781
3 4596 4781 4594
3 4785 4784 4779
3 4785 4779 4783
3 4786 4590 4784
3 4786 4784 4785
3 4785 4783 4790
3 4785 4790 4787
3 4786 4785 4787
3 4786 4787 4788
3 4822 4788 4787
3 4822 4787 4789
3 4789 4787 4790
3 4789 4790 4791
3 4791 4790 4792
3 4791 4792 4793
3 4792 4790 4783
3 4792 4783 4778
3 4792 4794 4795
3 4792 4795 4793
3 4792 4778 4776
3 4792 4776 4794
3 4797 4795 4794
3 4797 4794 4796
3 4776 4774 4796
3 4776 4796 4794
3 4797 4796 4798
3 4797 4798 4801
3 4798 4796 4774
3 4798 4774 4800
3 4798 4799 4539
3 4798 4539 4801
3 4798 4800 4827
3 4798 4827 4799
3 4797 4801 4802
3 4797 4802 4803
3 4542 4802 4801
3 4542 4801 4539
3 4545 4805 4803
3 4545 4803 4802
3 4804 4803 4805
3 4804 4805 4806
3 4804 4795 4797
3 4804 4797 4803
3 4548 4808 4806
3 4548 4806 4805
3 4807 4806 4808
3 4807 4808 4810
3 4807 4826 4804
3 4807 4804 4806
3 4548 4550 4809
3 4548 4809 4808
3 4808 4809 4812
3 4808 4812 4810
3 4814 4811 4810
3 4814 4810 4812
3 4825 4807 4810
3 4825 4810 4811
3 4814 4812 4813
3 4814 4813 4815
3 4813 4812 4809
3 4813 4809 4554
3 4814 4815 4816
3 4814 4816 4811
3 4818 4816 4815
3 4818 4815 4817
3 4813 4558 4817
3 4813 4817 4815
3 4567 4817 4558
3 4567 4558 4560
3 4567 4569 4818
3 4567 4818 4817
3 4818 4569 4572
3 4818 4572 4819
3 4818 4819 4820
3 4818 4820 4816
3 4576 4821 4819
3 4576 4819 4572
3 4820 4819 4821
3 4820 4821 4823
3 4576 4578 4822
3 4576 4822 4821
3 4822 4789 4823
3 4822 4823 4821
3 4820 4823 4824
3 4820 4824 4825
3 4789 4791 4824
3 4789 4824 4823
3 4825 4824 4826
3 4825 4826 4807
3 4791 4793 4826
3 4791 4826 4824
3 4804 4826 4793
3 4804 4793 4795
3 4820 4825 4811
3 4820 4811 4816
3 4822 4578 4581
3 4822 4581 4788
3 4827 4800 4770
3 4827 4770 4768
3 4827 4828 4540
3 4827 4540 4799
3 4827 4768 4763
3 4827 4763 4828
3 4537 4540 4828
3 4537 4828 4764
3 4585 4786 4788
3 4585 4788 4581
3 4761 4535 4537
3 4761 4537 4764
3 4761 4451 4453
3 4761 4453 4535
3 4742 4830 4829
3 4742 4829 4745
3 4829 4830 4715
3 4829 4715 4711
3 4742 4739 4831
3 4742 4831 4830
3 4715 4830 4831
3 4715 4831 4832
3 4833 4831 4739
3 4833 4739 4736
3 4833 4834 4832
3 4833 4832 4831
3 4833 4736 4732
3 4833 4732 4834
3 4835 4716 4832
3 4835 4832 4834
3 4729 4835 4834
3 4729 4834 4732
3 4729 4723 4719
3 4729 4719 4835
3 4684 4427 4429
3 4684 4429 4687
3 4684 4387 4389
3 4684 4389 4427
3 4677 4675 4384
3 4677 4384 4386
3 4378 4384 4675
3 4378 4675 4376
3 4670 4362 4371
3 4670 4371 4672
3 4360 4362 4670
3 4360 4670 4836
3 4346 4352 4836
3 4346 4836 4669
3 4360 4836 4352
3 4360 4352 4354
3 4641 4625 4623
3 4641 4623 4295
3 3801 3803 4587
3 3801 4587 4584
3 3801 4584 4582
3 3801 4582 3797
3 4579 3794 3797
3 4579 3797 4582
3 3792 3794 4579
3 3792 4579 4575
3 3792 4575 4573
3 3792 4573 3788
3 4570 3786 3788
3 4570 3788 4573
3 3784 3786 4570
3 3784 4570 4566
3 3784 4566 4564
3 3784 4564 4507
3 4556 4837 4515
3 4556 4515 4562
3 4515 4511 4509
3 4515 4509 4562
3 4516 4837 4552
3 4516 4552 4520
3 4494 4839 4838
3 4494 4838 4500
3 3759 4838 4839
3 3759 4839 3755
3 4493 3749 3755
3 4493 3755 4839
3 3736 4481 4478
3 3736 4478 4840
3 4472 4841 4840
3 4472 4840 4478
3 3731 4840 4841
3 3731 4841 3728
3 4468 3725 3728
3 4468 3728 4841
3 4842 4844 4843
3 4842 4843 4461
3 3713 4843 4844
3 3713 4844 4846
3 4842 4446 4845
3 4842 4845 4844
3 4845 4411 4846
3 4845 4846 4844
3 3710 4846 4411
3 3710 4411 4409
3 4842 4455 4448
3 4842 4448 4446
3 4122 4391 4383
3 4122 4383 4381
3 4146 4359 4357
3 4146 4357 4149
3 4230 4329 4326
3 4230 4326 4232
3 4309 4847 4259
3 4309 4259 4257
3 4305 4848 4263
3 4305 4263 4847
3 4278 3818 4849
3 4278 4849 4275
3 4851 4272 4275
3 4851 4275 4849
3 3818 3820 4850
3 3818 4850 4849
3 4851 4849 4850
3 4851 4850 4852
3 4851 4852 4265
3 4851 4265 4272
3 4853 4261 4852
3 4853 4852 4850
3 4853 4850 3820
3 4853 3820 3822
3 4855 4856 4854
3 4855 4854 4218
3 4855 4176 4172
3 4855 4172 4856
3 4855 4213 4179
3 4855 4179 4176
3 4163 4854 4856
3 4163 4856 4169
3 4090 4142 4148
3 4090 4148 4079
3 4015 4013 4059
3 4015 4059 4023
3 4046 3898 3904
3 4046 3904 4038
3 4026 4858 4859
3 4026 4859 4022
3 4026 4857 3947
3 4026 3947 4858
3 4861 4859 4858
3 4861 4858 4860
3 3947 3949 4860
3 3947 4860 4858
3 4861 4860 4862
3 4861 4862 4863
3 4862 4860 3949
3 4862 3949 3951
3 4862 3957 4865
3 4862 4865 4863
3 4861 4863 4864
3 4861 4864 4866
3 3970 4864 4863
3 3970 4863 4865
3 3966 4865 3957
3 3966 3957 3959
3 3973 4868 4866
3 3973 4866 4864
3 4867 4866 4868
3 4867 4868 4869
3 4867 4859 4861
3 4867 4861 4866
3 3976 4870 4869
3 3976 4869 4868
3 4018 4869 4870
3 4018 4870 4872
3 4018 4020 4867
3 4018 4867 4869
3 3976 3978 4871
3 3976 4871 4870
3 4871 4873 4872
3 4871 4872 4870
3 4017 4872 4873
3 4017 4873 4875
3 4871 4881 4874
3 4871 4874 4873
3 4874 4876 4875
3 4874 4875 4873
3 4007 4875 4876
3 4007 4876 4004
3 4007 4009 4017
3 4007 4017 4875
3 4874 4878 4877
3 4874 4877 4876
3 4877 3997 4004
3 4877 4004 4876
3 4877 4878 4880
3 4877 4880 3993
3 4874 4881 4879
3 4874 4879 4878
3 3985 4880 4878
3 3985 4878 4879
3 3982 4879 4881
3 3982 4881 3980
3 4871 3978 3980
3 4871 3980 4881
3 4867 4020 4022
3 4867 4022 4859
3 3962 3602 3605
3 3962 3605 3964
3 3600 3602 3962
3 3600 3962 4882
3 3600 4882 4883
3 3600 4883 4886
3 4884 4883 4882
3 4884 4882 3961
3 4884 4899 4885
3 4884 4885 4883
3 4885 4887 4886
3 4885 4886 4883
3 3596 4886 4887
3 3596 4887 4889
3 4885 4897 4888
3 4885 4888 4887
3 4888 4890 4889
3 4888 4889 4887
3 3593 4889 4890
3 3593 4890 4892
3 4888 4894 4891
3 4888 4891 4890
3 4891 4893 4892
3 4891 4892 4890
3 3590 4892 4893
3 3590 4893 3584
3 4891 3579 3581
3 4891 3581 4893
3 4891 4894 3576
3 4891 3576 3579
3 4888 4897 4895
3 4888 4895 4894
3 3574 3576 4894
3 3574 4894 4895
3 4896 4895 4897
3 4896 4897 4898
3 4896 3572 3574
3 4896 3574 4895
3 4885 4899 4898
3 4885 4898 4897
3 4900 4898 4899
3 4900 4899 4902
3 4900 4903 4896
3 4900 4896 4898
3 4912 4901 4900
3 4912 4900 4902
3 4900 4901 4905
3 4900 4905 4903
3 4906 4904 4903
3 4906 4903 4905
3 4896 4903 4904
3 4896 4904 3572
3 4906 4905 4907
3 4906 4907 4909
3 4907 4905 4901
3 4907 4901 4910
3 4907 4910 3939
3 4907 3939 4908
3 4907 4908 4913
3 4907 4913 4909
3 4912 4911 4910
3 4912 4910 4901
3 3939 4910 4911
3 3939 4911 3941
3 3952 3943 3941
3 3952 3941 4911
3 3952 4911 4912
3 3952 4912 3955
3 4912 4902 4916
3 4912 4916 3955
3 3549 4914 4909
3 3549 4909 4913
3 4906 4909 4914
3 4906 4914 4915
3 3549 3551 3559
3 3549 3559 4914
3 3559 3561 4915
3 3559 4915 4914
3 3571 4915 3561
3 3571 3561 3563
3 3571 4904 4906
3 3571 4906 4915
3 3545 4913 4908
3 3545 4908 3938
3 4884 4916 4902
3 4884 4902 4899
3 3954 4916 4884
3 3954 4884 3961
3 4918 4919 4917
3 4918 4917 3857
3 4918 4920 4921
3 4918 4921 4919
3 4923 4920 4918
3 4923 4918 3853
3 4979 4921 4920
3 4979 4920 4922
3 4923 4924 4922
3 4923 4922 4920
3 4926 4924 4923
3 4926 4923 3852
3 4954 4922 4924
3 4954 4924 4925
3 4926 4927 4925
3 4926 4925 4924
3 4926 3852 3849
3 4926 3849 4928
3 4929 4927 4926
3 4929 4926 4928
3 4929 4928 4930
3 4929 4930 4931
3 3843 4930 4928
3 3843 4928 3849
3 3839 4933 4931
3 3839 4931 4930
3 4932 4931 4933
3 4932 4933 4934
3 4932 4948 4929
3 4932 4929 4931
3 3835 4936 4934
3 3835 4934 4933
3 4935 4934 4936
3 4935 4936 3825
3 4935 4937 4932
3 4935 4932 4934
3 4935 4938 4939
3 4935 4939 4937
3 3823 4938 4935
3 3823 4935 3825
3 4941 4939 4938
3 4941 4938 4940
3 3823 3816 4940
3 3823 4940 4938
3 4941 4940 3811
3 4941 3811 3808
3 4944 4939 4941
3 4944 4941 4942
3 4941 3808 3806
3 4941 3806 4942
3 4966 4943 4942
3 4966 4942 3806
3 4944 4942 4943
3 4944 4943 4945
3 4947 4946 4944
3 4947 4944 4945
3 4944 4946 4937
3 4944 4937 4939
3 4947 4949 4948
3 4947 4948 4946
3 4932 4937 4946
3 4932 4946 4948
3 4929 4948 4949
3 4929 4949 4927
3 4950 4925 4927
3 4950 4927 4949
3 4950 4949 4947
3 4950 4947 4951
3 4954 4925 4950
3 4954 4950 4952
3 4950 4951 4955
3 4950 4955 4952
3 4956 4953 4952
3 4956 4952 4955
3 4954 4952 4953
3 4954 4953 4980
3 4956 4955 4957
3 4956 4957 4959
3 4957 4955 4951
3 4957 4951 4958
3 4957 4958 4962
3 4957 4962 4960
3 4957 4960 4961
3 4957 4961 4959
3 4965 4961 4960
3 4965 4960 4963
3 4962 4964 4963
3 4962 4963 4960
3 4965 4963 3795
3 4965 3795 3791
3 3795 4963 4964
3 3795 4964 3798
3 3774 4961 4965
3 3774 4965 3777
3 4965 3791 3789
3 4965 3789 3777
3 4966 3800 3798
3 4966 3798 4964
3 4962 4943 4966
3 4962 4966 4964
3 4962 4958 4945
3 4962 4945 4943
3 3774 3771 4959
3 3774 4959 4961
3 4956 4959 3771
3 4956 3771 4967
3 4947 4945 4958
3 4947 4958 4951
3 4968 4953 4956
3 4968 4956 4967
3 4968 4967 3772
3 4968 3772 4970
3 4972 4969 4968
3 4972 4968 4970
3 4968 4969 4980
3 4968 4980 4953
3 3769 4971 4970
3 3769 4970 3772
3 4973 4972 4970
3 4973 4970 4971
3 4973 4975 4974
3 4973 4974 4972
3 4972 4974 4977
3 4972 4977 4969
3 4976 4974 4975
3 4976 4975 4984
3 4976 4978 4977
3 4976 4977 4974
3 4979 4980 4969
3 4979 4969 4977
3 4978 4921 4979
3 4978 4979 4977
3 4979 4922 4954
3 4979 4954 4980
3 4978 4981 4919
3 4978 4919 4921
3 4976 4982 4981
3 4976 4981 4978
3 3478 4981 4982
3 3478 4982 3475
3 4917 4919 4981
3 4917 4981 3478
3 4983 3469 3475
3 4983 3475 4982
3 4983 4982 4976
3 4983 4976 4984
3 4983 4984 4985
3 4983 4985 3468
3 4986 4985 4984
3 4986 4984 4975
3 4987 3466 3468
3 4987 3468 4985
3 4987 4985 4986
3 4987 4986 4989
3 4988 3464 3466
3 4988 3466 4987
3 4988 4987 4989
3 4988 4989 4990
3 4992 4990 4989
3 4992 4989 4991
3 4986 4993 4991
3 4986 4991 4989
3 4992 4991 3762
3 4992 3762 3758
3 3762 4991 4993
3 3762 4993 4994
3 4986 4975 4973
3 4986 4973 4993
3 4973 4971 4994
3 4973 4994 4993
3 3761 4994 4971
3 3761 4971 3769
3 4995 4997 4990
3 4995 4990 4992
3 4995 4992 3758
3 4995 3758 3756
3 4996 4998 4997
3 4996 4997 4995
3 4996 4995 3756
3 4996 3756 3753
3 3459 4999 4997
3 3459 4997 4998
3 4999 4988 4990
3 4999 4990 4997
3 4999 3460 3464
3 4999 3464 4988
3 5002 5000 4998
3 5002 4998 4996
3 3459 4998 5000
3 3459 5000 3457
3 5001 3454 3457
3 5001 3457 5000
3 5001 5000 5002
3 5001 5002 5003
3 5002 3751 5005
3 5002 5005 5003
3 5002 4996 3753
3 5002 3753 3751
3 3738 5004 5003
3 3738 5003 5005
3 5001 5003 5004
3 5001 5004 5006
3 3734 5007 5006
3 3734 5006 5004
3 3452 3454 5001
3 3452 5001 5006
3 3452 5006 5007
3 3452 5007 5008
3 3733 5009 5008
3 3733 5008 5007
3 3448 5008 5009
3 3448 5009 3443
3 3442 5009 3733
3 3442 3733 3730
3 3442 3730 3727
3 3442 3727 3439
3 3721 3437 3439
3 3721 3439 3727
3 3367 3658 3656
3 3367 3656 3644
3 3315 3607 3604
3 3315 3604 3312
3 3598 3310 3312
3 3598 3312 3604
3 3298 3589 3587
3 3298 3587 3294
3 3567 3273 3577
3 3567 3577 3569
3 3271 3273 3567
3 3271 3567 5010
3 5012 5011 5010
3 5012 5010 3566
3 3271 5010 5011
3 3271 5011 3264
3 5012 5014 3263
3 5012 3263 5011
3 3564 5013 5012
3 3564 5012 3566
3 5012 5013 5015
3 5012 5015 5014
3 5016 3256 5014
3 5016 5014 5015
3 3263 5014 3256
3 3263 3256 3258
3 3236 5015 5013
3 3236 5013 5017
3 3236 3238 5016
3 3236 5016 5015
3 5016 3238 3241
3 5016 3241 3252
3 3564 3557 5017
3 3564 5017 5013
3 3071 5018 3491
3 3071 3491 5019
3 5020 5019 3485
3 5020 3485 3482
3 5020 3069 3071
3 5020 3071 5019
3 3474 3472 5020
3 3474 5020 3482
3 5020 3472 3066
3 5020 3066 3069
3 3450 3052 3055
3 3450 3055 3456
3 3433 3032 3034
3 3433 3034 3440
3 3407 3400 3005
3 3407 3005 3007
3 3364 3357 2954
3 3364 2954 2956
3 3306 2888 2890
3 3306 2890 3313
3 3289 5022 5021
3 3289 5021 3291
3 2865 5021 5022
3 2865 5022 5024
3 5023 5025 5024
3 5023 5024 5022
3 5023 5022 3289
3 5023 3289 5033
3 2861 5024 5025
3 2861 5025 5027
3 5026 2851 5027
3 5026 5027 5025
3 5026 5025 5023
3 5026 5023 5029
3 2849 2851 5026
3 2849 5026 5028
3 5026 5029 5030
3 5026 5030 5028
3 2834 5030 5029
3 2834 5029 5031
3 5023 5033 5031
3 5023 5031 5029
3 5032 5031 5033
3 5032 5033 3288
3 5032 2831 2834
3 5032 2834 5031
3 3281 5034 5032
3 3281 5032 3288
3 5032 5034 2829
3 5032 2829 2831
3 2827 2829 5034
3 2827 5034 3282
3 2835 2839 5028
3 2835 5028 5030
3 2849 5028 2839
3 2849 2839 2841
3 3279 5035 2827
3 3279 2827 3282
3 3279 3270 3268
3 3279 3268 5035
3 3266 2826 5035
3 3266 5035 3268
3 2824 2826 3266
3 2824 3266 5036
3 2813 2816 5036
3 2813 5036 3261
3 2824 5036 2816
3 2824 2816 2818
3 3254 2680 2811
3 3254 2811 2814
3 3154 3152 3245
3 3154 3245 5037
3 3243 5038 5037
3 3243 5037 3245
3 3157 5037 5038
3 3157 5038 5039
3 3228 5041 5039
3 3228 5039 5038
3 3228 5038 3243
3 3228 3243 3230
3 5040 5039 5041
3 5040 5041 5042
3 5040 3159 3157
3 5040 3157 5039
3 3224 5043 5042
3 3224 5042 5041
3 5044 5042 5043
3 5044 5043 3205
3 5044 3163 5040
3 5044 5040 5042
3 5044 3204 3165
3 5044 3165 3163
3 3223 3207 3205
3 3223 3205 5043
3 3167 3165 3204
3 3167 3204 3198
3 3086 3088 3185
3 3086 3185 3187
3 3149 2662 2664
3 3149 2664 2672
3 2655 3126 2645
3 2655 2645 2647
3 5045 3114 5046
3 5045 5046 5047
3 5046 3114 3107
3 5046 3107 5049
3 5046 5048 5077
3 5046 5077 5047
3 5046 5049 5050
3 5046 5050 5048
3 5050 5049 3108
3 5050 3108 5052
3 5050 5052 5053
3 5050 5053 5051
3 5050 5051 5078
3 5050 5078 5048
3 3104 5054 5052
3 3104 5052 3108
3 5053 5052 5054
3 5053 5054 5055
3 3104 3097 3095
3 3104 3095 5054
3 3095 5057 5055
3 3095 5055 5054
3 5053 5055 5056
3 5053 5056 5067
3 5056 5055 5057
3 5056 5057 5058
3 3090 5060 5058
3 3090 5058 5057
3 5056 5058 5059
3 5056 5059 5064
3 5059 5058 5060
3 5059 5060 5061
3 3091 5062 5061
3 3091 5061 5060
3 5059 5061 3047
3 5059 3047 3045
3 3047 5061 5062
3 3047 5062 5063
3 3080 3078 5063
3 3080 5063 5062
3 3091 3083 3080
3 3091 3080 5062
3 3048 5063 3078
3 3048 3078 3054
3 5059 3045 3043
3 5059 3043 5064
3 5068 5065 5064
3 5068 5064 3043
3 5056 5064 5065
3 5056 5065 5067
3 5066 5079 5067
3 5066 5067 5065
3 5066 5065 5068
3 5066 5068 5069
3 5068 3037 3035
3 5068 3035 5069
3 3028 5070 5069
3 3028 5069 3035
3 5066 5069 5070
3 5066 5070 5071
3 3024 5073 5071
3 3024 5071 5070
3 5072 5079 5066
3 5072 5066 5071
3 5072 5071 5073
3 5072 5073 5074
3 3020 5075 5074
3 3020 5074 5073
3 5076 5074 5075
3 5076 5075 3011
3 5076 5078 5072
3 5076 5072 5074
3 3008 5077 5076
3 3008 5076 3011
3 5076 5077 5048
3 5076 5048 5078
3 5072 5078 5051
3 5072 5051 5079
3 3008 3004 5047
3 3008 5047 5077
3 5053 5067 5079
3 5053 5079 5051
3 5045 5047 3004
3 5045 3004 2997
3 2968 2615 2618
3 2968 2618 2974
3 2957 2949 2608
3 2957 2608 2610
3 2945 5080 5081
3 2945 5081 2597
3 2941 2009 2012
3 2941 2012 5080
3 5080 2012 5082
3 5080 5082 5081
3 2574 2596 5081
3 2574 5081 5082
3 2925 5083 1993
3 2925 1993 1996
3 1991 1993 5083
3 1991 5083 5084
3 2921 5085 5084
3 2921 5084 5083
3 1825 5084 5085
3 1825 5085 1821
3 1825 1988 1991
3 1825 1991 5084
3 2920 1815 1821
3 2920 1821 5085
3 1785 2893 2891
3 1785 2891 5086
3 1785 1787 1792
3 1785 1792 2893
3 2884 5087 5086
3 2884 5086 2891
3 1782 5086 5087
3 1782 5087 5088
3 2880 5089 5088
3 2880 5088 5087
3 1778 5088 5089
3 1778 5089 1776
3 2879 1773 1776
3 2879 1776 5089
3 1771 1773 2879
3 1771 2879 2876
3 1771 2876 2874
3 1771 2874 5090
3 2867 5091 5090
3 2867 5090 2874
3 1767 5090 5091
3 1767 5091 5092
3 2863 5093 5092
3 2863 5092 5091
3 1764 5092 5093
3 1764 5093 5094
3 2858 5095 5094
3 2858 5094 5093
3 1761 5094 5095
3 1761 5095 1759
3 2859 1757 1759
3 2859 1759 5095
3 1755 1757 2859
3 1755 2859 2856
3 1755 2856 2854
3 1755 2854 1750
3 1749 2848 2846
3 1749 2846 1746
3 2844 1744 1746
3 2844 1746 2846
3 1742 1744 2844
3 1742 2844 2467
3 2832 2823 2821
3 2832 2821 2501
3 2794 2700 2703
3 2794 2703 2780
3 2594 2596 2574
3 2594 2574 2576
3 2594 2576 2578
3 2594 2578 2585
3 2563 2565 2022
3 2563 2022 2024
3 2540 2552 2559
3 2540 2559 2037
3 2038 2558 2028
3 2038 2028 2030
3 2102 2074 2072
3 2102 2072 2108
3 5096 2054 1951
3 5096 1951 1946
3 2047 5097 1968
3 2047 1968 1960
3 1970 1968 5097
3 1970 5097 2033
3 2026 1972 1970
3 2026 1970 2033
3 2017 2005 5098
3 2017 5098 2019
3 5098 1978 1975
3 5098 1975 2019
3 5098 5099 1980
3 5098 1980 1978
3 5098 2005 2001
3 5098 2001 5099
3 1994 1990 5099
3 1994 5099 2001
3 1980 5099 1990
3 1980 1990 1983
3 5100 1981 1984
3 5100 1984 1838
3 5100 1966 1973
3 5100 1973 1981
3 1957 1849 1851
3 1957 1851 1859
3 5101 1894 941
3 5101 941 948
3 5104 932 1887
3 5104 1887 5102
3 5103 5102 1882
3 5103 1882 1880
3 5103 5105 5104
3 5103 5104 5102
3 5104 5105 5106
3 5104 5106 927
3 5110 5106 5105
3 5110 5105 5107
3 5103 5108 5107
3 5103 5107 5105
3 5109 5107 5108
3 5109 5108 5139
3 5109 5111 5110
3 5109 5110 5107
3 5110 5111 641
3 5110 641 5112
3 5110 5112 928
3 5110 928 5106
3 928 5112 640
3 928 640 925
3 5109 5114 5113
3 5109 5113 5111
3 638 641 5111
3 638 5111 5113
3 5115 5113 5114
3 5115 5114 5117
3 5115 635 638
3 5115 638 5113
3 5119 5116 5115
3 5119 5115 5117
3 5115 5116 5136
3 5115 5136 635
3 5138 5118 5117
3 5138 5117 5114
3 5119 5117 5118
3 5119 5118 5120
3 5122 5121 5119
3 5122 5119 5120
3 5119 5121 5124
3 5119 5124 5116
3 5122 1846 5123
3 5122 5123 5121
3 5126 5124 5121
3 5126 5121 5123
3 5125 5136 5116
3 5125 5116 5124
3 5125 5124 5126
3 5125 5126 5128
3 5126 5123 5135
3 5126 5135 5127
3 5126 5127 5130
3 5126 5130 5128
3 616 5129 5128
3 616 5128 5130
3 5125 5128 5129
3 5125 5129 5134
3 5131 5130 5127
3 5131 5127 5132
3 5131 614 616
3 5131 616 5130
3 1829 5133 5131
3 1829 5131 5132
3 5131 5133 612
3 5131 612 614
3 5144 612 5133
3 5144 5133 1830
3 5135 1834 5132
3 5135 5132 5127
3 617 626 5134
3 617 5134 5129
3 636 5134 626
3 636 626 628
3 636 5136 5125
3 636 5125 5134
3 5135 5123 1846
3 5135 1846 1844
3 5135 1844 1836
3 5135 1836 1834
3 5122 5120 1854
3 5122 1854 1847
3 5137 1854 5120
3 5137 5120 5118
3 5137 5118 5138
3 5137 5138 5140
3 5138 5139 5142
3 5138 5142 5140
3 5138 5114 5109
3 5138 5109 5139
3 1873 5141 5140
3 1873 5140 5142
3 5137 5140 5141
3 5137 5141 1853
3 1873 5142 5143
3 1873 5143 1875
3 5143 5142 5139
3 5143 5139 5108
3 5143 5108 5103
3 5143 5103 1880
3 1872 1856 1853
3 1872 1853 5141
3 1819 5144 1830
3 1819 1830 1822
3 611 5144 1819
3 611 1819 1817
3 611 1817 5145
3 611 5145 608
3 1804 606 608
3 1804 608 5145
3 1769 561 564
3 1769 564 1775
3 1740 5146 528
3 1740 528 1747
3 1735 521 523
3 1735 523 5146
3 472 1699 1696
3 472 1696 1681
3 464 1672 449
3 464 449 455
3 5147 1295 1293
3 5147 1293 1320
3 5147 1315 1311
3 5147 1311 1295
3 5148 375 1256
3 5148 1256 1251
3 5148 1250 361
3 5148 361 363
3 367 375 5148
3 367 5148 363
3 359 361 1250
3 359 1250 1248
3 318 320 359
3 318 359 1248
3 1239 1236 5149
3 1239 5149 281
3 1225 5149 1236
3 1225 1236 1228
3 5150 279 281
3 5150 281 5149
3 5150 5149 1225
3 5150 1225 1221
3 277 279 5150
3 277 5150 5151
3 5150 1221 1219
3 5150 1219 5151
3 1212 5152 5151
3 1212 5151 1219
3 277 5151 5152
3 277 5152 5153
3 1208 5154 5153
3 1208 5153 5152
3 272 5153 5154
3 272 5154 270
3 1207 5155 270
3 1207 270 5154
3 5156 5155 1207
3 5156 1207 1204
3 5156 262 264
3 5156 264 5155
3 260 262 5156
3 260 5156 5157
3 5156 1204 1202
3 5156 1202 5157
3 260 5157 5158
3 260 5158 1149
3 1200 5158 5157
3 1200 5157 1202
3 1148 5158 1200
3 1148 1200 1155
3 1172 1169 1194
3 1172 1194 1191
3 1169 1161 1159
3 1169 1159 1194
3 1172 1191 1182
3 1172 1182 1175
3 965 971 1137
3 965 1137 5159
3 945 943 5161
3 945 5161 5160
3 910 898 5160
3 910 5160 5161
3 5163 5162 5161
3 5163 5161 943
3 5162 912 910
3 5162 910 5161
3 5163 930 919
3 5163 919 5162
3 883 890 873
3 883 873 875
3 514 5164 152
3 514 152 150
3 510 5166 5165
3 510 5165 5164
3 5164 5165 154
3 5164 154 152
3 5167 5165 5166
3 5167 5166 5169
3 154 5165 5167
3 154 5167 5168
3 5167 5170 5173
3 5167 5173 5168
3 5167 5169 5171
3 5167 5171 5170
3 5171 5174 5172
3 5171 5172 5170
3 341 5173 5170
3 341 5170 5172
3 338 155 5168
3 338 5168 5173
3 5175 5172 5174
3 5175 5174 5176
3 5175 343 341
3 5175 341 5172
3 5178 347 5175
3 5178 5175 5176
3 5276 5177 5176
3 5276 5176 5174
3 5178 5176 5177
3 5178 5177 5179
3 5178 5180 349
3 5178 349 347
3 5181 5180 5178
3 5181 5178 5179
3 5181 5183 5182
3 5181 5182 5180
3 351 349 5180
3 351 5180 5182
3 5184 5182 5183
3 5184 5183 5186
3 5184 5185 351
3 5184 351 5182
3 5184 5187 5190
3 5184 5190 5185
3 5188 5187 5184
3 5188 5184 5186
3 5188 5260 5189
3 5188 5189 5187
3 5192 5190 5187
3 5192 5187 5189
3 5192 5193 5191
3 5192 5191 5190
3 5191 352 5185
3 5191 5185 5190
3 5192 5194 5195
3 5192 5195 5193
3 5197 5194 5192
3 5197 5192 5189
3 5243 5195 5194
3 5243 5194 5196
3 5197 5199 5196
3 5197 5196 5194
3 5201 5199 5197
3 5201 5197 5198
3 5197 5189 5260
3 5197 5260 5198
3 5244 5196 5199
3 5244 5199 5200
3 5201 5203 5200
3 5201 5200 5199
3 5205 5203 5201
3 5205 5201 5202
3 5201 5198 5257
3 5201 5257 5202
3 5247 5200 5203
3 5247 5203 5204
3 5205 5207 5204
3 5205 5204 5203
3 5205 5202 5254
3 5205 5254 5206
3 5209 5207 5205
3 5209 5205 5206
3 5217 5204 5207
3 5217 5207 5208
3 5209 5210 5208
3 5209 5208 5207
3 5212 5210 5209
3 5212 5209 451
3 5209 5206 453
3 5209 453 451
3 5214 5208 5210
3 5214 5210 5211
3 5212 5213 5211
3 5212 5211 5210
3 443 5213 5212
3 443 5212 446
3 430 5211 5213
3 430 5213 432
3 443 434 432
3 443 432 5213
3 5214 5211 430
3 5214 430 5215
3 5214 5215 5219
3 5214 5219 5216
3 5217 5208 5214
3 5217 5214 5216
3 5217 5216 5218
3 5217 5218 5249
3 5220 5218 5216
3 5220 5216 5219
3 424 422 5219
3 424 5219 5215
3 422 420 5220
3 422 5220 5219
3 5220 5221 5222
3 5220 5222 5218
3 5220 420 5224
3 5220 5224 5221
3 5222 5221 5223
3 5222 5223 5231
3 5223 5221 5224
3 5223 5224 5225
3 5224 415 412
3 5224 412 5225
3 410 5226 5225
3 410 5225 412
3 5223 5225 5226
3 5223 5226 5228
3 5227 5226 410
3 5227 410 5253
3 5227 5229 5228
3 5227 5228 5226
3 5230 5228 5229
3 5230 5229 5232
3 5230 5231 5223
3 5230 5223 5228
3 5234 5231 5230
3 5234 5230 5233
3 5236 5233 5230
3 5236 5230 5232
3 5234 5233 5235
3 5234 5235 5245
3 5235 5233 5236
3 5235 5236 5237
3 5239 5237 5236
3 5239 5236 385
3 5236 5232 387
3 5236 387 385
3 5235 5237 5238
3 5235 5238 5240
3 5238 5237 5239
3 5238 5239 370
3 372 370 5239
3 372 5239 380
3 5238 369 5241
3 5238 5241 5240
3 5243 5242 5240
3 5243 5240 5241
3 5235 5240 5242
3 5235 5242 5245
3 5243 5196 5244
3 5243 5244 5242
3 5244 5246 5245
3 5244 5245 5242
3 5234 5245 5246
3 5234 5246 5248
3 5244 5200 5247
3 5244 5247 5246
3 5247 5249 5248
3 5247 5248 5246
3 5222 5231 5234
3 5222 5234 5248
3 5222 5248 5249
3 5222 5249 5218
3 5247 5204 5217
3 5247 5217 5249
3 5250 5195 5243
3 5250 5243 5241
3 5250 5241 369
3 5250 369 366
3 364 5251 5250
3 364 5250 366
3 5250 5251 5193
3 5250 5193 5195
3 364 357 5252
3 364 5252 5251
3 5191 5193 5251
3 5191 5251 5252
3 5191 5252 354
3 5191 354 352
3 390 387 5232
3 390 5232 5229
3 390 5229 5227
3 390 5227 393
3 5227 5253 395
3 5227 395 393
3 456 453 5206
3 456 5206 5254
3 456 5254 5255
3 456 5255 459
3 5255 5254 5202
3 5255 5202 5257
3 5255 5256 5287
3 5255 5287 459
3 5255 5257 5258
3 5255 5258 5256
3 5258 5257 5198
3 5258 5198 5260
3 5258 5260 5188
3 5258 5188 5259
3 5258 5259 5262
3 5258 5262 5256
3 5264 5262 5259
3 5264 5259 5261
3 5188 5186 5261
3 5188 5261 5259
3 5263 5287 5256
3 5263 5256 5262
3 5263 5262 5264
3 5263 5264 5265
3 5264 5266 5268
3 5264 5268 5265
3 5264 5261 5269
3 5264 5269 5266
3 5280 5268 5266
3 5280 5266 5267
3 5269 5270 5267
3 5269 5267 5266
3 5269 5261 5186
3 5269 5186 5183
3 5269 5183 5181
3 5269 5181 5270
3 5272 5267 5270
3 5272 5270 5271
3 5181 5179 5271
3 5181 5271 5270
3 5273 5271 5179
3 5273 5179 5177
3 5273 5274 5272
3 5273 5272 5271
3 5273 5275 498
3 5273 498 5274
3 5276 5275 5273
3 5276 5273 5177
3 5276 5277 499
3 5276 499 5275
3 5171 5277 5276
3 5171 5276 5174
3 5171 5169 503
3 5171 503 5277
3 492 5278 5274
3 492 5274 498
3 5272 5274 5278
3 5272 5278 5279
3 488 5281 5279
3 488 5279 5278
3 5272 5279 5280
3 5272 5280 5267
3 5280 5279 5281
3 5280 5281 5282
3 483 480 5282
3 483 5282 5281
3 5283 5282 480
3 5283 480 477
3 5280 5282 5283
3 5280 5283 5268
3 5283 5284 5265
3 5283 5265 5268
3 5283 477 475
3 5283 475 5284
3 475 5286 5285
3 475 5285 5284
3 5263 5265 5284
3 5263 5284 5285
3 458 5285 5286
3 458 5286 461
3 458 5287 5263
3 458 5263 5285
3 505 503 5169
3 505 5169 5166
3 300 297 5288
3 300 5288 175
3 295 5289 5288
3 295 5288 297
3 5289 5291 179
3 5289 179 5288
3 5290 5292 5291
3 5290 5291 5289
3 5290 5289 295
3 5290 295 293
3 181 179 5291
3 181 5291 5293
3 5292 5295 5293
3 5292 5293 5291
3 181 5293 5294
3 181 5294 183
3 5294 5293 5295
3 5294 5295 5297
3 5309 5296 5295
3 5309 5295 5292
3 5296 5298 5297
3 5296 5297 5295
3 5299 5297 5298
3 5299 5298 5301
3 5294 5297 5299
3 5294 5299 5302
3 5299 5301 5305
3 5299 5305 5300
3 5299 5300 5304
3 5299 5304 5302
3 198 5303 5302
3 198 5302 5304
3 5294 5302 5303
3 5294 5303 183
3 199 5304 5300
3 199 5300 206
3 184 5303 198
3 184 198 191
3 5308 5306 5301
3 5308 5301 5298
3 5305 5301 5306
3 5305 5306 5307
3 233 230 5306
3 233 5306 5308
3 230 228 5307
3 230 5307 5306
3 238 5308 5298
3 238 5298 5296
3 5305 5307 211
3 5305 211 208
3 211 5307 228
3 211 228 214
3 5305 208 206
3 5305 206 5300
3 238 5296 5309
3 238 5309 240
3 5309 5310 242
3 5309 242 240
3 5309 5292 5290
3 5309 5290 5310
3 5312 242 5310
3 5312 5310 5311
3 5290 293 5311
3 5290 5311 5310
3 292 5313 5312
3 292 5312 5311
3 5312 5313 5315
3 5312 5315 243
3 292 290 5314
3 292 5314 5313
3 5315 5313 5314
3 5315 5314 267
3 245 243 5315
3 245 5315 253
3 5315 267 265
3 5315 265 253
3 5314 290 275
3 5314 275 268
3 42 44 68
3 42 68 70
3 55 68 44
3 55 44 46
